token,model,strict_unsafe_winner,safe_unsafe_tie_at_max
23e39302332152b2,official_il,False,False
23e39302332152b2,original_grpo_11970,True,False
411a748874035630,official_il,False,False
411a748874035630,original_grpo_11970,False,False
79ebfc1d85bf5a51,official_il,False,False
79ebfc1d85bf5a51,original_grpo_11970,False,False
40808270ce205b83,official_il,False,False
40808270ce205b83,original_grpo_11970,False,False
86208267d61253c0,official_il,False,False
86208267d61253c0,original_grpo_11970,False,False
f8268857204e554e,official_il,False,False
f8268857204e554e,original_grpo_11970,False,False
1bf169a6aaf65858,official_il,False,False
1bf169a6aaf65858,original_grpo_11970,False,False
3764407c90d65df3,official_il,False,False
3764407c90d65df3,original_grpo_11970,False,False
38cfd81687975661,official_il,True,False
38cfd81687975661,original_grpo_11970,True,False
42e6895442ab5601,official_il,False,False
42e6895442ab5601,original_grpo_11970,False,False
b34272d337d350d2,official_il,False,False
b34272d337d350d2,original_grpo_11970,False,False
b23ede9a183b5b71,official_il,False,False
b23ede9a183b5b71,original_grpo_11970,False,False
fff951eab9f45288,official_il,False,False
fff951eab9f45288,original_grpo_11970,False,False
4fa9113617d254d4,official_il,False,False
4fa9113617d254d4,original_grpo_11970,False,False
988785170de957da,official_il,False,False
988785170de957da,original_grpo_11970,False,False
046b1cc13f0d5f9d,official_il,False,False
046b1cc13f0d5f9d,original_grpo_11970,False,False
d7fbd35a0f315447,official_il,False,False
d7fbd35a0f315447,original_grpo_11970,False,False
951957b841e05cfa,official_il,False,False
951957b841e05cfa,original_grpo_11970,False,False
61db822891625c3b,official_il,False,False
61db822891625c3b,original_grpo_11970,False,False
759e9e451eba5b47,official_il,False,False
759e9e451eba5b47,original_grpo_11970,False,False
9c05edf9d6e85716,official_il,False,False
9c05edf9d6e85716,original_grpo_11970,False,False
467bbee636b65c84,official_il,False,False
467bbee636b65c84,original_grpo_11970,False,False
4f6409df56a85592,official_il,False,False
4f6409df56a85592,original_grpo_11970,False,False
16ddb1838af755e3,official_il,False,False
16ddb1838af755e3,original_grpo_11970,False,False
2ce59f70a15b5ddf,official_il,False,False
2ce59f70a15b5ddf,original_grpo_11970,False,False
461fb854eaa3583e,official_il,False,False
461fb854eaa3583e,original_grpo_11970,False,False
8b800af555d35794,official_il,False,False
8b800af555d35794,original_grpo_11970,False,False
2ab1b3941f7153cb,official_il,False,False
2ab1b3941f7153cb,original_grpo_11970,False,False
4bc510a669d8549f,official_il,False,False
4bc510a669d8549f,original_grpo_11970,False,False
3387bab95d41528a,official_il,False,False
3387bab95d41528a,original_grpo_11970,False,True
e5acc98f52f458cc,official_il,False,False
e5acc98f52f458cc,original_grpo_11970,False,False
3e9026530c475726,official_il,False,False
3e9026530c475726,original_grpo_11970,False,False
2ae0a44cc4de5c4a,official_il,False,False
2ae0a44cc4de5c4a,original_grpo_11970,False,False
cc94486698ff58d1,official_il,False,False
cc94486698ff58d1,original_grpo_11970,False,False
969763763ce754a4,official_il,False,False
969763763ce754a4,original_grpo_11970,False,False
ff6ab495a139534e,official_il,False,False
ff6ab495a139534e,original_grpo_11970,False,False
70248e0bb43a503b,official_il,False,False
70248e0bb43a503b,original_grpo_11970,False,False
2a2403c9b08b53ac,official_il,False,False
2a2403c9b08b53ac,original_grpo_11970,False,False
854169aa74e95251,official_il,False,False
854169aa74e95251,original_grpo_11970,False,False
93a9927586995095,official_il,False,False
93a9927586995095,original_grpo_11970,False,False
af62d866653053f6,official_il,False,False
af62d866653053f6,original_grpo_11970,False,False
17d296a87fb45380,official_il,False,False
17d296a87fb45380,original_grpo_11970,False,False
5370751917315916,official_il,False,False
5370751917315916,original_grpo_11970,False,False
adaf33e4ba555709,official_il,False,False
adaf33e4ba555709,original_grpo_11970,False,False
1aa0acb229945e9b,official_il,False,False
1aa0acb229945e9b,original_grpo_11970,False,False
fad9e78a17825042,official_il,False,False
fad9e78a17825042,original_grpo_11970,False,False
4eaf32face4b5ece,official_il,False,False
4eaf32face4b5ece,original_grpo_11970,False,False
2db045daf25c5bb7,official_il,False,False
2db045daf25c5bb7,original_grpo_11970,False,False
b23f3d728c08529f,official_il,False,False
b23f3d728c08529f,original_grpo_11970,False,False
dc76a771066b5553,official_il,False,False
dc76a771066b5553,original_grpo_11970,False,False
d76b0458667c59a2,official_il,False,False
d76b0458667c59a2,original_grpo_11970,False,False
8cf3b1868b2f5262,official_il,False,False
8cf3b1868b2f5262,original_grpo_11970,False,False
990bd9b32e5d5f60,official_il,False,False
990bd9b32e5d5f60,original_grpo_11970,False,False
6320ecb991675a39,official_il,False,False
6320ecb991675a39,original_grpo_11970,False,False
66243e185353563a,official_il,False,False
66243e185353563a,original_grpo_11970,False,False
cde84b97e6505437,official_il,False,False
cde84b97e6505437,original_grpo_11970,False,False
d968f9c81b945be1,official_il,False,False
d968f9c81b945be1,original_grpo_11970,False,False
0a87bb919dbb58b6,official_il,False,False
0a87bb919dbb58b6,original_grpo_11970,False,False
fe5811497ace53af,official_il,False,False
fe5811497ace53af,original_grpo_11970,False,False
1734440b807a58ef,official_il,False,False
1734440b807a58ef,original_grpo_11970,False,False
480434fc72d455af,official_il,False,False
480434fc72d455af,original_grpo_11970,False,False
cb8e247140d55ab2,official_il,False,False
cb8e247140d55ab2,original_grpo_11970,False,False
095770e79ccf5d82,official_il,False,False
095770e79ccf5d82,original_grpo_11970,False,False
d7f25a0ac141583a,official_il,False,False
d7f25a0ac141583a,original_grpo_11970,False,False
4b0df2804f165dda,official_il,False,False
4b0df2804f165dda,original_grpo_11970,False,False
ab6ba1da1dd8592b,official_il,False,False
ab6ba1da1dd8592b,original_grpo_11970,False,False
3feb7781f83754a7,official_il,False,False
3feb7781f83754a7,original_grpo_11970,False,False
6f471ee76c595c92,official_il,False,False
6f471ee76c595c92,original_grpo_11970,False,False
32516745ea1b59ef,official_il,False,False
32516745ea1b59ef,original_grpo_11970,False,False
a65dd6d24f575771,official_il,False,False
a65dd6d24f575771,original_grpo_11970,False,False
9ce305abb88f5ad0,official_il,False,False
9ce305abb88f5ad0,original_grpo_11970,False,False
7af6867add5b5f2c,official_il,False,False
7af6867add5b5f2c,original_grpo_11970,False,False
b65e09c4d8125da0,official_il,False,False
b65e09c4d8125da0,original_grpo_11970,False,False
cbe1e93e188f5490,official_il,False,False
cbe1e93e188f5490,original_grpo_11970,False,False
6ca6a1a4f3dc5d85,official_il,False,False
6ca6a1a4f3dc5d85,original_grpo_11970,False,False
0ee58e583be85ffb,official_il,False,False
0ee58e583be85ffb,original_grpo_11970,False,False
a28a2771a9fa5c1d,official_il,False,False
a28a2771a9fa5c1d,original_grpo_11970,False,False
488e4248a8985e5a,official_il,False,False
488e4248a8985e5a,original_grpo_11970,False,False
0beb530925b9514b,official_il,False,False
0beb530925b9514b,original_grpo_11970,False,False
29b53c57c19b57fe,official_il,False,False
29b53c57c19b57fe,original_grpo_11970,False,False
2639525675535145,official_il,False,False
2639525675535145,original_grpo_11970,False,False
9a83782a2cf85611,official_il,False,False
9a83782a2cf85611,original_grpo_11970,False,False
cd01f21ff39d541a,official_il,False,False
cd01f21ff39d541a,original_grpo_11970,False,False
facaaf8c0e8c5c65,official_il,False,False
facaaf8c0e8c5c65,original_grpo_11970,False,False
88757fb00fda507b,official_il,False,False
88757fb00fda507b,original_grpo_11970,False,False
e9f4daa7d910568c,official_il,False,False
e9f4daa7d910568c,original_grpo_11970,False,False
d6bb0cea4dbd5b44,official_il,False,False
d6bb0cea4dbd5b44,original_grpo_11970,False,False
efad2708409b5834,official_il,False,False
efad2708409b5834,original_grpo_11970,False,False
3a4cfdd4bfa55a5e,official_il,False,False
3a4cfdd4bfa55a5e,original_grpo_11970,False,False
e926ec6a69cc575c,official_il,False,False
e926ec6a69cc575c,original_grpo_11970,False,False
b6093d9c703e54b1,official_il,False,False
b6093d9c703e54b1,original_grpo_11970,False,False
d58eb13402485ae7,official_il,False,False
d58eb13402485ae7,original_grpo_11970,False,False
f1aa5d5ed7c65114,official_il,False,False
f1aa5d5ed7c65114,original_grpo_11970,False,False
4ea3d4068eda5cc5,official_il,False,False
4ea3d4068eda5cc5,original_grpo_11970,False,False
6c0dbda0d8e45ae9,official_il,False,False
6c0dbda0d8e45ae9,original_grpo_11970,False,False
b4322d76ebf8569f,official_il,False,False
b4322d76ebf8569f,original_grpo_11970,False,False
acfc271e3c3d58fa,official_il,False,False
acfc271e3c3d58fa,original_grpo_11970,False,False
b222df74b8155735,official_il,False,False
b222df74b8155735,original_grpo_11970,False,False
415d6cd62f3b5c1c,official_il,False,False
415d6cd62f3b5c1c,original_grpo_11970,False,False
b28e9b2fa67452a7,official_il,False,False
b28e9b2fa67452a7,original_grpo_11970,False,False
bd8dea7f7efc5343,official_il,False,False
bd8dea7f7efc5343,original_grpo_11970,False,False
8224627048195e4f,official_il,False,False
8224627048195e4f,original_grpo_11970,False,False
3225bfcbea245dd7,official_il,False,False
3225bfcbea245dd7,original_grpo_11970,False,False
114a9052bd6851a2,official_il,False,False
114a9052bd6851a2,original_grpo_11970,False,False
f80fe289f8135602,official_il,False,False
f80fe289f8135602,original_grpo_11970,True,False
983b7ed08a4b5a88,official_il,False,False
983b7ed08a4b5a88,original_grpo_11970,False,False
34dd4c6fb6245b9a,official_il,False,False
34dd4c6fb6245b9a,original_grpo_11970,False,False
5895d1e3cb355fb9,official_il,False,False
5895d1e3cb355fb9,original_grpo_11970,False,False
14b505fe90ef5fb8,official_il,False,False
14b505fe90ef5fb8,original_grpo_11970,False,False
1ce58516c7675036,official_il,False,False
1ce58516c7675036,original_grpo_11970,False,False
b1e88b8722105d53,official_il,False,False
b1e88b8722105d53,original_grpo_11970,False,False
410fac99463459e6,official_il,False,False
410fac99463459e6,original_grpo_11970,False,False
5207306ed1a05de8,official_il,False,False
5207306ed1a05de8,original_grpo_11970,False,False
8ba3bff293265674,official_il,False,False
8ba3bff293265674,original_grpo_11970,False,False
69560676d53a56c9,official_il,False,False
69560676d53a56c9,original_grpo_11970,False,False
cef0adbb58ad5ca1,official_il,False,False
cef0adbb58ad5ca1,original_grpo_11970,False,False
c5dcabed55395a6e,official_il,False,False
c5dcabed55395a6e,original_grpo_11970,False,False
8b839595c4105c65,official_il,False,False
8b839595c4105c65,original_grpo_11970,False,False
f32a0e56a5b75884,official_il,False,True
f32a0e56a5b75884,original_grpo_11970,False,True
972eb434cfd159e8,official_il,False,False
972eb434cfd159e8,original_grpo_11970,False,False
505c44ea52485f9d,official_il,False,False
505c44ea52485f9d,original_grpo_11970,False,True
c0b07b38110a556f,official_il,False,False
c0b07b38110a556f,original_grpo_11970,False,False
7fe310f364355e2d,official_il,False,False
7fe310f364355e2d,original_grpo_11970,False,False
efdd48896e7a5f15,official_il,False,False
efdd48896e7a5f15,original_grpo_11970,False,False
e47d448a999b5595,official_il,False,False
e47d448a999b5595,original_grpo_11970,False,False
6c0b6e4fdf005a81,official_il,False,False
6c0b6e4fdf005a81,original_grpo_11970,False,False
071d2ff38b4855ed,official_il,False,False
071d2ff38b4855ed,original_grpo_11970,False,False
b450f88783c15dea,official_il,False,False
b450f88783c15dea,original_grpo_11970,False,False
7b3902956ebc561d,official_il,False,False
7b3902956ebc561d,original_grpo_11970,False,False
dc73cea57e105ebd,official_il,False,False
dc73cea57e105ebd,original_grpo_11970,False,False
b87bd020396b5670,official_il,False,False
b87bd020396b5670,original_grpo_11970,False,False
ba1a894e5a6350d2,official_il,False,False
ba1a894e5a6350d2,original_grpo_11970,False,False
ddbfb3b2a05c5918,official_il,False,True
ddbfb3b2a05c5918,original_grpo_11970,False,True
a93ffd0f36b65714,official_il,False,False
a93ffd0f36b65714,original_grpo_11970,False,False
2b2663b56a6555a2,official_il,False,False
2b2663b56a6555a2,original_grpo_11970,False,False
f9b32e71bedb5996,official_il,False,False
f9b32e71bedb5996,original_grpo_11970,False,False
886df3cce3a95a83,official_il,False,False
886df3cce3a95a83,original_grpo_11970,False,False
160a7c3cbeee5f8b,official_il,False,False
160a7c3cbeee5f8b,original_grpo_11970,False,False
24fab0f19fd35cd6,official_il,False,False
24fab0f19fd35cd6,original_grpo_11970,False,False
b63b325909a058c9,official_il,False,False
b63b325909a058c9,original_grpo_11970,False,False
9b500f26b0f8560e,official_il,False,False
9b500f26b0f8560e,original_grpo_11970,False,False
c9ba785129c35b36,official_il,False,False
c9ba785129c35b36,original_grpo_11970,False,False
aac1853286fb586a,official_il,False,False
aac1853286fb586a,original_grpo_11970,False,False
022fef6d66485384,official_il,False,False
022fef6d66485384,original_grpo_11970,False,False
51480b09db315e89,official_il,False,False
51480b09db315e89,original_grpo_11970,False,False
5d3ce016a8a256cf,official_il,False,False
5d3ce016a8a256cf,original_grpo_11970,False,False
60691b9dd3355992,official_il,False,False
60691b9dd3355992,original_grpo_11970,False,False
0056ae51961f5a18,official_il,False,False
0056ae51961f5a18,original_grpo_11970,False,False
80d5ce364722516b,official_il,False,False
80d5ce364722516b,original_grpo_11970,False,False
f0ff3b146af85463,official_il,False,False
f0ff3b146af85463,original_grpo_11970,False,False
6f2a7bf7cf275dd3,official_il,False,False
6f2a7bf7cf275dd3,original_grpo_11970,False,False
1090fdb8b57850f6,official_il,False,False
1090fdb8b57850f6,original_grpo_11970,False,False
a3fa79234a9d5d7d,official_il,False,False
a3fa79234a9d5d7d,original_grpo_11970,False,False
36c6cbf6c8a25415,official_il,False,False
36c6cbf6c8a25415,original_grpo_11970,False,False
8fe647ed2b7a5aee,official_il,False,False
8fe647ed2b7a5aee,original_grpo_11970,False,False
5abdbfe1845e59c5,official_il,False,False
5abdbfe1845e59c5,original_grpo_11970,False,False
4af11dadd34359fe,official_il,False,False
4af11dadd34359fe,original_grpo_11970,False,False
ad25b37aaad95a6b,official_il,False,False
ad25b37aaad95a6b,original_grpo_11970,False,False
d5201097ad6e5d67,official_il,False,False
d5201097ad6e5d67,original_grpo_11970,True,False
f96a48c3bcd45c50,official_il,False,False
f96a48c3bcd45c50,original_grpo_11970,False,False
3f36d5316f0d5a94,official_il,False,False
3f36d5316f0d5a94,original_grpo_11970,False,False
b6bba53a1bef520e,official_il,False,False
b6bba53a1bef520e,original_grpo_11970,False,False
7b840b044a6a5e8d,official_il,False,False
7b840b044a6a5e8d,original_grpo_11970,False,False
22a09b0100175b62,official_il,False,False
22a09b0100175b62,original_grpo_11970,False,False
39fd3f2e5f005306,official_il,False,False
39fd3f2e5f005306,original_grpo_11970,False,False
497e7be0400158a9,official_il,False,False
497e7be0400158a9,original_grpo_11970,True,False
6a53dd2411825857,official_il,False,False
6a53dd2411825857,original_grpo_11970,False,False
fb9dcf5b46d65616,official_il,False,False
fb9dcf5b46d65616,original_grpo_11970,False,False
39fe00229f7b5ac4,official_il,True,False
39fe00229f7b5ac4,original_grpo_11970,True,False
63dcb963cece5b7d,official_il,False,False
63dcb963cece5b7d,original_grpo_11970,True,False
88f9b4f87b6b5bd5,official_il,False,False
88f9b4f87b6b5bd5,original_grpo_11970,True,False
90f5bf5743cf5df0,official_il,False,False
90f5bf5743cf5df0,original_grpo_11970,False,False
52caccf1b3b95e4e,official_il,False,False
52caccf1b3b95e4e,original_grpo_11970,False,False
1b064a029c0e513a,official_il,False,False
1b064a029c0e513a,original_grpo_11970,False,False
50790f7ba9405c67,official_il,False,False
50790f7ba9405c67,original_grpo_11970,False,False
0bc3c50e1292529c,official_il,False,False
0bc3c50e1292529c,original_grpo_11970,False,False
ad906e8bb5375747,official_il,False,False
ad906e8bb5375747,original_grpo_11970,False,False
0a76d212e8fe5898,official_il,False,False
0a76d212e8fe5898,original_grpo_11970,False,False
77d96cb44005501c,official_il,False,False
77d96cb44005501c,original_grpo_11970,False,False
12ed1a1d4ae657d1,official_il,False,False
12ed1a1d4ae657d1,original_grpo_11970,False,False
a3e94bd829b75673,official_il,False,False
a3e94bd829b75673,original_grpo_11970,False,False
d7d94b48775a52d4,official_il,False,False
d7d94b48775a52d4,original_grpo_11970,False,False
7640be138ae05408,official_il,False,False
7640be138ae05408,original_grpo_11970,False,False
f82c33508e915106,official_il,False,False
f82c33508e915106,original_grpo_11970,False,False
3138ce4847ee5007,official_il,False,False
3138ce4847ee5007,original_grpo_11970,False,False
25822d3d04305af8,official_il,False,False
25822d3d04305af8,original_grpo_11970,False,False
ba642ba3c9a65fe7,official_il,False,False
ba642ba3c9a65fe7,original_grpo_11970,False,False
e34f51206f0e53db,official_il,False,False
e34f51206f0e53db,original_grpo_11970,False,False
5da31ca5ce165787,official_il,False,False
5da31ca5ce165787,original_grpo_11970,False,False
9a90853892925989,official_il,False,False
9a90853892925989,original_grpo_11970,False,False
09c3d9dbca6455e5,official_il,False,False
09c3d9dbca6455e5,original_grpo_11970,False,False
42231e5449d3576a,official_il,False,False
42231e5449d3576a,original_grpo_11970,False,False
bf78c475adfb5eb1,official_il,False,False
bf78c475adfb5eb1,original_grpo_11970,False,False
2fbab9ffc3fe5a5d,official_il,False,False
2fbab9ffc3fe5a5d,original_grpo_11970,False,False
7fe6e7ce9cb7559d,official_il,False,False
7fe6e7ce9cb7559d,original_grpo_11970,False,False
ebb4d3e033ae55e2,official_il,False,False
ebb4d3e033ae55e2,original_grpo_11970,False,False
f1d60841a46d53a5,official_il,False,False
f1d60841a46d53a5,original_grpo_11970,False,False
8419b5d5eab75027,official_il,False,False
8419b5d5eab75027,original_grpo_11970,False,False
9c16cb6c4f94521c,official_il,False,False
9c16cb6c4f94521c,original_grpo_11970,False,False
35e2f788f41851c0,official_il,True,False
35e2f788f41851c0,original_grpo_11970,True,False
54d3068f889b58ee,official_il,False,False
54d3068f889b58ee,original_grpo_11970,False,False
e1ee982450c85213,official_il,False,False
e1ee982450c85213,original_grpo_11970,False,False
4a8b4dff75c15a8a,official_il,False,False
4a8b4dff75c15a8a,original_grpo_11970,False,False
1819e1b106b354ad,official_il,False,False
1819e1b106b354ad,original_grpo_11970,False,False
4ecdbea836725622,official_il,False,False
4ecdbea836725622,original_grpo_11970,False,False
b9bcc9d0efaf5c7e,official_il,False,False
b9bcc9d0efaf5c7e,original_grpo_11970,False,False
253b856b49ef52d2,official_il,False,False
253b856b49ef52d2,original_grpo_11970,False,False
68e39232887c5e4a,official_il,False,False
68e39232887c5e4a,original_grpo_11970,False,False
2e2bb8bb71265998,official_il,False,False
2e2bb8bb71265998,original_grpo_11970,False,False
e34a1f5fb71c54da,official_il,False,False
e34a1f5fb71c54da,original_grpo_11970,False,False
1d10ae25c61f50c4,official_il,False,False
1d10ae25c61f50c4,original_grpo_11970,False,False
2af1778054cf51a4,official_il,False,False
2af1778054cf51a4,original_grpo_11970,False,False
0f276bab4fa85df0,official_il,False,False
0f276bab4fa85df0,original_grpo_11970,False,False
6cc16446dbe45353,official_il,False,False
6cc16446dbe45353,original_grpo_11970,False,False
26043d2de718532d,official_il,False,False
26043d2de718532d,original_grpo_11970,False,False
e72eb72ebdc25a8a,official_il,False,False
e72eb72ebdc25a8a,original_grpo_11970,False,False
c852239b5ac95394,official_il,False,False
c852239b5ac95394,original_grpo_11970,False,False
3c297001ef2d5acb,official_il,False,False
3c297001ef2d5acb,original_grpo_11970,False,False
123b77fa26425ac1,official_il,False,False
123b77fa26425ac1,original_grpo_11970,False,False
f97414b6f4a15866,official_il,False,False
f97414b6f4a15866,original_grpo_11970,False,False
957d3c9491ba5b5b,official_il,False,False
957d3c9491ba5b5b,original_grpo_11970,False,False
0c9d055f4ccc5d64,official_il,False,False
0c9d055f4ccc5d64,original_grpo_11970,False,False
cbaf3221997c55be,official_il,False,False
cbaf3221997c55be,original_grpo_11970,False,False
a02463c8a92d56ce,official_il,False,False
a02463c8a92d56ce,original_grpo_11970,False,False
d91a4c7d1d9e5647,official_il,False,False
d91a4c7d1d9e5647,original_grpo_11970,False,False
742b1d2c6cf156c6,official_il,False,False
742b1d2c6cf156c6,original_grpo_11970,False,False
8b3e9121fd57540f,official_il,False,False
8b3e9121fd57540f,original_grpo_11970,False,False
bdf3b83064235e17,official_il,False,False
bdf3b83064235e17,original_grpo_11970,False,False
ab000bda9ccf5150,official_il,False,False
ab000bda9ccf5150,original_grpo_11970,False,False
e165b9b4eb5f5cf4,official_il,False,False
e165b9b4eb5f5cf4,original_grpo_11970,False,False
dcb23119258e58ec,official_il,False,False
dcb23119258e58ec,original_grpo_11970,False,False
f0328bdcd0e15d3a,official_il,False,False
f0328bdcd0e15d3a,original_grpo_11970,False,False
c6538928de9c552b,official_il,False,False
c6538928de9c552b,original_grpo_11970,False,False
56da0490b78b5033,official_il,False,False
56da0490b78b5033,original_grpo_11970,False,False
8fc454e70d1554b7,official_il,False,False
8fc454e70d1554b7,original_grpo_11970,False,False
3eceeb425c3a560b,official_il,False,False
3eceeb425c3a560b,original_grpo_11970,False,False
5e7d1f34a80c5e46,official_il,False,False
5e7d1f34a80c5e46,original_grpo_11970,False,False
ef4f3026ae1b56a3,official_il,False,False
ef4f3026ae1b56a3,original_grpo_11970,False,False
d92fd7e6c01d503b,official_il,False,True
d92fd7e6c01d503b,original_grpo_11970,False,True
1381f484e75c565a,official_il,False,False
1381f484e75c565a,original_grpo_11970,False,False
7b79090489c95c0b,official_il,False,False
7b79090489c95c0b,original_grpo_11970,False,False
f0d107fb359953ff,official_il,True,False
f0d107fb359953ff,original_grpo_11970,True,False
e0c845f2d87555b3,official_il,False,False
e0c845f2d87555b3,original_grpo_11970,False,False
9e454d3b139c5a3d,official_il,False,False
9e454d3b139c5a3d,original_grpo_11970,False,False
468894d189a75353,official_il,False,False
468894d189a75353,original_grpo_11970,False,False
9252ad8efde85a85,official_il,False,False
9252ad8efde85a85,original_grpo_11970,False,False
d99a3bc24ff75a68,official_il,False,False
d99a3bc24ff75a68,original_grpo_11970,False,False
1d45b9d20e9d5f92,official_il,False,False
1d45b9d20e9d5f92,original_grpo_11970,False,False
39fc09d325a05606,official_il,False,False
39fc09d325a05606,original_grpo_11970,False,False
75341958391d5aba,official_il,False,False
75341958391d5aba,original_grpo_11970,False,False
e65ea4e886535732,official_il,False,False
e65ea4e886535732,original_grpo_11970,False,False
a9134306f1575f88,official_il,False,False
a9134306f1575f88,original_grpo_11970,False,False
3609537de0105997,official_il,False,False
3609537de0105997,original_grpo_11970,False,False
90c4cd28f0e55d46,official_il,False,False
90c4cd28f0e55d46,original_grpo_11970,False,False
8a022198e6885aed,official_il,False,False
8a022198e6885aed,original_grpo_11970,False,False
f6f213b156de552d,official_il,False,False
f6f213b156de552d,original_grpo_11970,True,False
1cb9fa36aea25d6a,official_il,False,False
1cb9fa36aea25d6a,original_grpo_11970,False,False
e15983da12955abf,official_il,False,False
e15983da12955abf,original_grpo_11970,False,False
8635030755615376,official_il,False,False
8635030755615376,original_grpo_11970,False,False
86fbc624ea435e56,official_il,False,False
86fbc624ea435e56,original_grpo_11970,False,False
66e564907f5f5601,official_il,False,False
66e564907f5f5601,original_grpo_11970,False,False
808ff2e869ff5d92,official_il,False,False
808ff2e869ff5d92,original_grpo_11970,False,False
1b53682e2df854e1,official_il,False,False
1b53682e2df854e1,original_grpo_11970,False,False
dd175b6e08565a4e,official_il,False,True
dd175b6e08565a4e,original_grpo_11970,False,False
8e475454489d5f5b,official_il,False,False
8e475454489d5f5b,original_grpo_11970,False,False
dc2d27a848115b56,official_il,False,False
dc2d27a848115b56,original_grpo_11970,False,False
3783e56bc9ef5e85,official_il,False,False
3783e56bc9ef5e85,original_grpo_11970,False,False
d45a215505f05382,official_il,False,False
d45a215505f05382,original_grpo_11970,False,False
4775f8e1a53d5c6f,official_il,False,False
4775f8e1a53d5c6f,original_grpo_11970,False,False
802c127f63f955ed,official_il,False,False
802c127f63f955ed,original_grpo_11970,False,False
f102259e52d35ac5,official_il,False,False
f102259e52d35ac5,original_grpo_11970,False,False
db5aa5f382f25aaa,official_il,False,False
db5aa5f382f25aaa,original_grpo_11970,False,False
598efc24965e57ba,official_il,False,False
598efc24965e57ba,original_grpo_11970,False,False
3e83f47571b05337,official_il,False,True
3e83f47571b05337,original_grpo_11970,False,True
f36236f06fb556a0,official_il,False,False
f36236f06fb556a0,original_grpo_11970,False,False
ed717de405885939,official_il,False,False
ed717de405885939,original_grpo_11970,False,False
a8b0833c7a065b81,official_il,False,False
a8b0833c7a065b81,original_grpo_11970,False,False
f426002d6e275e78,official_il,False,False
f426002d6e275e78,original_grpo_11970,False,False
3382fe7a030150df,official_il,False,False
3382fe7a030150df,original_grpo_11970,False,False
a0283fb79a975f2c,official_il,False,False
a0283fb79a975f2c,original_grpo_11970,False,False
45e7e76381d85846,official_il,False,False
45e7e76381d85846,original_grpo_11970,False,False
9cac2a2e22c25964,official_il,False,False
9cac2a2e22c25964,original_grpo_11970,False,False
f86b2f13b23d5470,official_il,False,False
f86b2f13b23d5470,original_grpo_11970,False,False
6e5e2d80ec915e15,official_il,False,False
6e5e2d80ec915e15,original_grpo_11970,False,False
b5d7c17fe5375141,official_il,False,False
b5d7c17fe5375141,original_grpo_11970,False,False
bae3d8ac0ee85cad,official_il,False,False
bae3d8ac0ee85cad,original_grpo_11970,False,False
4833c4f6d87f5021,official_il,False,False
4833c4f6d87f5021,original_grpo_11970,False,False
a507cbf8c4055960,official_il,False,False
a507cbf8c4055960,original_grpo_11970,False,False
331e21d3c8d65bae,official_il,False,False
331e21d3c8d65bae,original_grpo_11970,False,False
c5f7460ee0da513a,official_il,False,False
c5f7460ee0da513a,original_grpo_11970,False,False
7eb9b36921b25d5b,official_il,False,False
7eb9b36921b25d5b,original_grpo_11970,False,False
8d76cc7ca097546b,official_il,False,False
8d76cc7ca097546b,original_grpo_11970,False,False
7b20cfb388a15b3d,official_il,False,False
7b20cfb388a15b3d,original_grpo_11970,False,False
87a04f063e505051,official_il,False,False
87a04f063e505051,original_grpo_11970,False,False
e4fda5ede9c657f1,official_il,False,False
e4fda5ede9c657f1,original_grpo_11970,False,False
163693e2ba175db3,official_il,False,False
163693e2ba175db3,original_grpo_11970,False,False
007505437ed45b53,official_il,False,False
007505437ed45b53,original_grpo_11970,False,False
b1199a48987b5f73,official_il,False,False
b1199a48987b5f73,original_grpo_11970,False,False
a1bcc195c8e85f37,official_il,False,False
a1bcc195c8e85f37,original_grpo_11970,False,False
99c663a7b4e15514,official_il,False,False
99c663a7b4e15514,original_grpo_11970,False,False
2b9bcbd586b55042,official_il,False,False
2b9bcbd586b55042,original_grpo_11970,False,False
113b14c30cc25989,official_il,False,False
113b14c30cc25989,original_grpo_11970,False,False
b37b1679fd745ac9,official_il,False,False
b37b1679fd745ac9,original_grpo_11970,False,False
a4b7b2795e615efb,official_il,False,False
a4b7b2795e615efb,original_grpo_11970,False,False
c75edb67a65b5a33,official_il,False,False
c75edb67a65b5a33,original_grpo_11970,False,False
fbec1eb4b33955e2,official_il,False,False
fbec1eb4b33955e2,original_grpo_11970,False,False
c1ae700926d4577c,official_il,False,False
c1ae700926d4577c,original_grpo_11970,False,False
eba5b88270db545e,official_il,False,False
eba5b88270db545e,original_grpo_11970,False,False
0481ff72500154f2,official_il,False,False
0481ff72500154f2,original_grpo_11970,False,False
70d9d2c73e4155d4,official_il,False,False
70d9d2c73e4155d4,original_grpo_11970,True,False
685c110d6a615ff8,official_il,False,False
685c110d6a615ff8,original_grpo_11970,False,False
b1483be2f1e35882,official_il,False,False
b1483be2f1e35882,original_grpo_11970,False,False
de0fb293bb4859e7,official_il,False,False
de0fb293bb4859e7,original_grpo_11970,False,False
335528f321b45d88,official_il,False,False
335528f321b45d88,original_grpo_11970,False,False
e5ba0fd6afc15419,official_il,False,False
e5ba0fd6afc15419,original_grpo_11970,False,False
07bd6c8c7de152a6,official_il,False,False
07bd6c8c7de152a6,original_grpo_11970,False,False
0b9f2aceebbf5003,official_il,False,False
0b9f2aceebbf5003,original_grpo_11970,False,False
e8991ab64afb5db6,official_il,False,False
e8991ab64afb5db6,original_grpo_11970,False,False
66c135a6ec7f53c4,official_il,False,False
66c135a6ec7f53c4,original_grpo_11970,False,False
1fe597d0fb1454dc,official_il,False,False
1fe597d0fb1454dc,original_grpo_11970,False,False
fefa00cc3fe65b70,official_il,False,False
fefa00cc3fe65b70,original_grpo_11970,False,False
fddb21da30bb54c2,official_il,False,False
fddb21da30bb54c2,original_grpo_11970,False,False
aceba8d21dfe5d03,official_il,False,False
aceba8d21dfe5d03,original_grpo_11970,False,False
ac940ab1e16558e9,official_il,False,False
ac940ab1e16558e9,original_grpo_11970,False,False
4ac0a91fc4dd5ca9,official_il,False,False
4ac0a91fc4dd5ca9,original_grpo_11970,False,False
cdec4cc7781e5d4d,official_il,False,False
cdec4cc7781e5d4d,original_grpo_11970,False,False
01034b2411ce5ea0,official_il,False,False
01034b2411ce5ea0,original_grpo_11970,False,False
fb7f5f4fd1a25f13,official_il,False,False
fb7f5f4fd1a25f13,original_grpo_11970,False,False
dcea502e05ca5eb5,official_il,False,False
dcea502e05ca5eb5,original_grpo_11970,False,False
28b79e32839a543b,official_il,False,False
28b79e32839a543b,original_grpo_11970,False,False
2b07bad4bce156cd,official_il,False,False
2b07bad4bce156cd,original_grpo_11970,False,False
66d778b97714583a,official_il,False,False
66d778b97714583a,original_grpo_11970,False,False
a8c9f51e547a5fed,official_il,False,False
a8c9f51e547a5fed,original_grpo_11970,False,False
7a0635b7942859c6,official_il,False,False
7a0635b7942859c6,original_grpo_11970,False,False
84b13f58e18551a8,official_il,False,False
84b13f58e18551a8,original_grpo_11970,False,False
87ec42ef94f75f0c,official_il,True,False
87ec42ef94f75f0c,original_grpo_11970,False,True
feae0b42dda25c87,official_il,False,False
feae0b42dda25c87,original_grpo_11970,False,False
b663343f65cd5e92,official_il,False,False
b663343f65cd5e92,original_grpo_11970,False,False
71495dbc0a3255dc,official_il,False,False
71495dbc0a3255dc,original_grpo_11970,False,False
244f412a59375c65,official_il,False,False
244f412a59375c65,original_grpo_11970,False,False
5c1f98237d1852b9,official_il,False,False
5c1f98237d1852b9,original_grpo_11970,False,False
9eddebd4be385650,official_il,False,False
9eddebd4be385650,original_grpo_11970,False,False
b53636b863815077,official_il,False,False
b53636b863815077,original_grpo_11970,False,False
1ef92a1e554b567c,official_il,False,False
1ef92a1e554b567c,original_grpo_11970,False,False
019cfd828c3f5b7c,official_il,False,False
019cfd828c3f5b7c,original_grpo_11970,False,False
55a649760430531d,official_il,False,False
55a649760430531d,original_grpo_11970,False,False
377d9bb5bb125691,official_il,False,False
377d9bb5bb125691,original_grpo_11970,False,False
a40383b62c8b5f0a,official_il,False,False
a40383b62c8b5f0a,original_grpo_11970,False,False
6822dc0570565ef4,official_il,False,False
6822dc0570565ef4,original_grpo_11970,False,False
6b5978b04dc85323,official_il,False,False
6b5978b04dc85323,original_grpo_11970,False,False
28c5133d23575e81,official_il,False,False
28c5133d23575e81,original_grpo_11970,False,False
0726ca723042500c,official_il,False,False
0726ca723042500c,original_grpo_11970,False,False
e1b339d45b635f03,official_il,False,False
e1b339d45b635f03,original_grpo_11970,False,True
60e4b765d65a534a,official_il,False,False
60e4b765d65a534a,original_grpo_11970,False,False
cb8ed00b6b6e5650,official_il,False,False
cb8ed00b6b6e5650,original_grpo_11970,False,False
f11aede9f6665b09,official_il,False,False
f11aede9f6665b09,original_grpo_11970,False,False
8ae2f982585058f2,official_il,False,False
8ae2f982585058f2,original_grpo_11970,False,False
ee81b62009285462,official_il,False,True
ee81b62009285462,original_grpo_11970,False,True
8783e69e8b9d5d5c,official_il,False,False
8783e69e8b9d5d5c,original_grpo_11970,False,False
9566c9689988532d,official_il,False,False
9566c9689988532d,original_grpo_11970,False,False
a49f197b94e15a20,official_il,False,False
a49f197b94e15a20,original_grpo_11970,False,False
d4b1d28cb67b5618,official_il,False,False
d4b1d28cb67b5618,original_grpo_11970,False,False
9fd73df50f1d5a2b,official_il,False,False
9fd73df50f1d5a2b,original_grpo_11970,False,False
40bdcf910bed5013,official_il,False,False
40bdcf910bed5013,original_grpo_11970,False,False
c72fac839d7b5bdf,official_il,False,False
c72fac839d7b5bdf,original_grpo_11970,False,False
23cb188abddf5851,official_il,False,False
23cb188abddf5851,original_grpo_11970,False,False
a488a24ace4e5a0e,official_il,False,False
a488a24ace4e5a0e,original_grpo_11970,False,False
a2e11073e3025626,official_il,False,False
a2e11073e3025626,original_grpo_11970,False,False
56df5b5a7f8d5964,official_il,False,False
56df5b5a7f8d5964,original_grpo_11970,False,False
9f7eb558c5125bca,official_il,False,False
9f7eb558c5125bca,original_grpo_11970,False,False
b7520d4aabdb522f,official_il,False,False
b7520d4aabdb522f,original_grpo_11970,False,False
c97d721af0475e45,official_il,False,False
c97d721af0475e45,original_grpo_11970,False,False
2c87600ce5a15f76,official_il,False,False
2c87600ce5a15f76,original_grpo_11970,False,False
5d0d7322ddea55ce,official_il,False,False
5d0d7322ddea55ce,original_grpo_11970,False,False
fad3b25206405469,official_il,False,False
fad3b25206405469,original_grpo_11970,False,False
117be7ce4bae59d9,official_il,False,False
117be7ce4bae59d9,original_grpo_11970,False,False
36f37eab352d5150,official_il,False,False
36f37eab352d5150,original_grpo_11970,False,False
ada4bd96b21350f3,official_il,False,False
ada4bd96b21350f3,original_grpo_11970,False,False
116f3217b5875595,official_il,False,False
116f3217b5875595,original_grpo_11970,False,False
2ce54722e81a5726,official_il,False,False
2ce54722e81a5726,original_grpo_11970,False,False
f0e8b02b16cc5161,official_il,False,False
f0e8b02b16cc5161,original_grpo_11970,False,False
4db513bb187a5415,official_il,False,False
4db513bb187a5415,original_grpo_11970,False,False
f679ed3e8e975575,official_il,False,True
f679ed3e8e975575,original_grpo_11970,False,True
bc9f53029a6b5c52,official_il,False,False
bc9f53029a6b5c52,original_grpo_11970,False,False
8fcd3f59e5d35e62,official_il,False,False
8fcd3f59e5d35e62,original_grpo_11970,False,False
895b56e6e7d1506f,official_il,False,False
895b56e6e7d1506f,original_grpo_11970,False,False
f22f6cb0966f5ddf,official_il,False,False
f22f6cb0966f5ddf,original_grpo_11970,False,False
8d16e85f8f505b74,official_il,False,False
8d16e85f8f505b74,original_grpo_11970,False,False
3e58b4e75b4d5910,official_il,False,True
3e58b4e75b4d5910,original_grpo_11970,False,True
a68174740e5d53d2,official_il,False,False
a68174740e5d53d2,original_grpo_11970,False,False
9c83725ca24453f5,official_il,False,False
9c83725ca24453f5,original_grpo_11970,False,False
af80a080342354b5,official_il,False,False
af80a080342354b5,original_grpo_11970,False,False
7592a60634a65972,official_il,False,False
7592a60634a65972,original_grpo_11970,True,False
312f7d68b7845c0f,official_il,False,False
312f7d68b7845c0f,original_grpo_11970,False,False
2ad520fb925f5ace,official_il,False,False
2ad520fb925f5ace,original_grpo_11970,False,False
d69754f18e1b5816,official_il,False,False
d69754f18e1b5816,original_grpo_11970,False,False
1514fa6cda205491,official_il,False,False
1514fa6cda205491,original_grpo_11970,False,False
65c6face44dc5242,official_il,False,False
65c6face44dc5242,original_grpo_11970,False,False
116b808c2f825f23,official_il,False,False
116b808c2f825f23,original_grpo_11970,False,False
0502652852d456e7,official_il,False,False
0502652852d456e7,original_grpo_11970,False,False
d139b76f0b1e5791,official_il,False,False
d139b76f0b1e5791,original_grpo_11970,False,False
e6a85ef20b3054c4,official_il,False,True
e6a85ef20b3054c4,original_grpo_11970,False,True
d2b1e07b5d38547e,official_il,False,False
d2b1e07b5d38547e,original_grpo_11970,False,False
56faab1d1228542e,official_il,False,False
56faab1d1228542e,original_grpo_11970,False,False
a5aa2c07692a5f9b,official_il,False,False
a5aa2c07692a5f9b,original_grpo_11970,False,False
ccb3b418f0a45229,official_il,False,False
ccb3b418f0a45229,original_grpo_11970,False,False
9e326c77e25f526d,official_il,False,False
9e326c77e25f526d,original_grpo_11970,True,False
a11285de52f553a7,official_il,False,False
a11285de52f553a7,original_grpo_11970,False,False
b3b328a0d89255ea,official_il,False,False
b3b328a0d89255ea,original_grpo_11970,False,False
ab7c0c62ea5d56df,official_il,False,False
ab7c0c62ea5d56df,original_grpo_11970,False,False
822b5a4a2e075ace,official_il,False,False
822b5a4a2e075ace,original_grpo_11970,False,False
6ee8095e2d8b599c,official_il,False,False
6ee8095e2d8b599c,original_grpo_11970,False,False
e536a7424867539d,official_il,False,False
e536a7424867539d,original_grpo_11970,False,False
228bc7a51ce85114,official_il,False,False
228bc7a51ce85114,original_grpo_11970,False,False
b386322960ff5784,official_il,False,False
b386322960ff5784,original_grpo_11970,False,False
1779dc029c945352,official_il,False,False
1779dc029c945352,original_grpo_11970,False,False
e66f72e612d05320,official_il,False,False
e66f72e612d05320,original_grpo_11970,False,False
8a7b81e3d8ec589e,official_il,False,False
8a7b81e3d8ec589e,original_grpo_11970,False,False
79d01df5793f5d1a,official_il,False,False
79d01df5793f5d1a,original_grpo_11970,True,False
78273a4b69465c1f,official_il,False,False
78273a4b69465c1f,original_grpo_11970,False,False
e9c9a2873a275365,official_il,False,False
e9c9a2873a275365,original_grpo_11970,False,False
063ebdc4cd7e5bd9,official_il,False,False
063ebdc4cd7e5bd9,original_grpo_11970,False,False
40b18724a90f5919,official_il,False,False
40b18724a90f5919,original_grpo_11970,False,False
7f6ac29877365766,official_il,False,False
7f6ac29877365766,original_grpo_11970,False,False
2617f0cd70705817,official_il,False,False
2617f0cd70705817,original_grpo_11970,False,False
9356731128d95d59,official_il,False,False
9356731128d95d59,original_grpo_11970,False,False
d68f1142da63586f,official_il,False,False
d68f1142da63586f,original_grpo_11970,False,False
8c4982f5d16e51a8,official_il,False,False
8c4982f5d16e51a8,original_grpo_11970,False,False
75b56424b7eb5ac6,official_il,False,False
75b56424b7eb5ac6,original_grpo_11970,False,False
12264b570ba358e9,official_il,False,False
12264b570ba358e9,original_grpo_11970,False,False
2320cdddd8465622,official_il,False,False
2320cdddd8465622,original_grpo_11970,False,False
5fec23f5a5d052cd,official_il,False,False
5fec23f5a5d052cd,original_grpo_11970,False,False
a3d8003852145a71,official_il,False,False
a3d8003852145a71,original_grpo_11970,False,False
fadbd438f57e5612,official_il,False,False
fadbd438f57e5612,original_grpo_11970,False,False
23ba8f4aee055e34,official_il,False,False
23ba8f4aee055e34,original_grpo_11970,False,False
edf80e77e2e65098,official_il,False,False
edf80e77e2e65098,original_grpo_11970,False,False
ec646e4956125fcf,official_il,False,False
ec646e4956125fcf,original_grpo_11970,False,False
9069684898175278,official_il,True,False
9069684898175278,original_grpo_11970,False,True
c83e41bd3afa534c,official_il,False,False
c83e41bd3afa534c,original_grpo_11970,False,False
c3fa71763867515b,official_il,False,False
c3fa71763867515b,original_grpo_11970,False,False
43916f0a6f7f5717,official_il,False,False
43916f0a6f7f5717,original_grpo_11970,False,False
e8bd03529c905c16,official_il,False,False
e8bd03529c905c16,original_grpo_11970,False,False
130e725a1594571f,official_il,False,False
130e725a1594571f,original_grpo_11970,False,False
03d9c9a7f1655e53,official_il,False,False
03d9c9a7f1655e53,original_grpo_11970,False,False
3c84060e9d245ad7,official_il,False,False
3c84060e9d245ad7,original_grpo_11970,False,False
440da7a31b255ef9,official_il,False,True
440da7a31b255ef9,original_grpo_11970,False,True
8deb3aea4c075024,official_il,False,False
8deb3aea4c075024,original_grpo_11970,False,False
fa72914538895375,official_il,False,False
fa72914538895375,original_grpo_11970,False,False
095453a7aea65260,official_il,False,False
095453a7aea65260,original_grpo_11970,False,False
b5a136c8bff95db6,official_il,False,False
b5a136c8bff95db6,original_grpo_11970,False,False
16cf679d9cd35d85,official_il,False,False
16cf679d9cd35d85,original_grpo_11970,True,False
0424e5fd9a5c5e60,official_il,False,False
0424e5fd9a5c5e60,original_grpo_11970,False,False
97de4a69dec65c80,official_il,False,False
97de4a69dec65c80,original_grpo_11970,True,False
e5a8e75d4450516b,official_il,False,False
e5a8e75d4450516b,original_grpo_11970,False,False
4669e83db7965ed0,official_il,False,False
4669e83db7965ed0,original_grpo_11970,False,False
00bbc908bd5758e6,official_il,False,False
00bbc908bd5758e6,original_grpo_11970,False,False
97f64f5b130055b0,official_il,False,False
97f64f5b130055b0,original_grpo_11970,False,False
101da9987c395ba4,official_il,False,False
101da9987c395ba4,original_grpo_11970,False,False
e20db842c987530f,official_il,False,False
e20db842c987530f,original_grpo_11970,False,False
d14c834404a75404,official_il,False,False
d14c834404a75404,original_grpo_11970,False,False
b20465ed49f953d3,official_il,False,False
b20465ed49f953d3,original_grpo_11970,False,False
f6741cbf60265367,official_il,False,False
f6741cbf60265367,original_grpo_11970,False,False
4df92e2616c75be7,official_il,False,False
4df92e2616c75be7,original_grpo_11970,False,False
b3a6f577c20d5eb3,official_il,False,False
b3a6f577c20d5eb3,original_grpo_11970,False,False
d7c39e8608e25e88,official_il,False,False
d7c39e8608e25e88,original_grpo_11970,False,True
db42252e1f655f26,official_il,False,False
db42252e1f655f26,original_grpo_11970,False,False
b4375fa743295bd8,official_il,False,False
b4375fa743295bd8,original_grpo_11970,False,False
5b620dbb3b4d5892,official_il,False,False
5b620dbb3b4d5892,original_grpo_11970,False,False
9a78f0e3d0335345,official_il,False,False
9a78f0e3d0335345,original_grpo_11970,False,False
576835726a7c57d4,official_il,False,False
576835726a7c57d4,original_grpo_11970,False,False
23c842d3f001597a,official_il,False,False
23c842d3f001597a,original_grpo_11970,False,False
db4611f3cf8a5db7,official_il,False,False
db4611f3cf8a5db7,original_grpo_11970,False,False
bed1f99d06215f1b,official_il,False,False
bed1f99d06215f1b,original_grpo_11970,False,False
770e1697a0255dc8,official_il,False,False
770e1697a0255dc8,original_grpo_11970,False,False
339d5c1111125971,official_il,False,False
339d5c1111125971,original_grpo_11970,False,False
4a5cb683d82059f0,official_il,False,False
4a5cb683d82059f0,original_grpo_11970,False,False
6be7246860e057c8,official_il,False,False
6be7246860e057c8,original_grpo_11970,False,False
4c31e06f0fc858a0,official_il,False,False
4c31e06f0fc858a0,original_grpo_11970,False,False
ac2dfd95a1e55c5e,official_il,False,False
ac2dfd95a1e55c5e,original_grpo_11970,False,False
664b084487e05ba0,official_il,False,False
664b084487e05ba0,original_grpo_11970,False,False
b4206de96b755fb8,official_il,False,False
b4206de96b755fb8,original_grpo_11970,False,False
2fd40c15042e53d4,official_il,False,False
2fd40c15042e53d4,original_grpo_11970,False,False
fc2be4c9cc135538,official_il,False,False
fc2be4c9cc135538,original_grpo_11970,False,False
9ac1e7123b245486,official_il,True,False
9ac1e7123b245486,original_grpo_11970,False,True
bca73d6fa8f85d39,official_il,False,False
bca73d6fa8f85d39,original_grpo_11970,False,False
f57d194633ae5571,official_il,False,False
f57d194633ae5571,original_grpo_11970,False,False
99d1ae48071a5aec,official_il,False,False
99d1ae48071a5aec,original_grpo_11970,False,False
008a9f9434c75b99,official_il,False,False
008a9f9434c75b99,original_grpo_11970,False,False
dc89cd046c135fae,official_il,False,False
dc89cd046c135fae,original_grpo_11970,False,False
b5d3d18e7d115933,official_il,False,False
b5d3d18e7d115933,original_grpo_11970,False,False
7da1df98fb8e5af0,official_il,False,False
7da1df98fb8e5af0,original_grpo_11970,False,False
af816d6041dd5257,official_il,False,False
af816d6041dd5257,original_grpo_11970,False,False
ec765c8fe97a51bd,official_il,False,False
ec765c8fe97a51bd,original_grpo_11970,False,False
4c188096aeb950bc,official_il,False,False
4c188096aeb950bc,original_grpo_11970,False,False
392e034cb2a55053,official_il,False,False
392e034cb2a55053,original_grpo_11970,False,False
be6fe40f664154d7,official_il,False,False
be6fe40f664154d7,original_grpo_11970,False,False
a400f271c6cd51f6,official_il,False,False
a400f271c6cd51f6,original_grpo_11970,False,False
e93e621b5e14563f,official_il,False,False
e93e621b5e14563f,original_grpo_11970,False,False
2e976da85a8b5e5b,official_il,False,False
2e976da85a8b5e5b,original_grpo_11970,False,False
2f4462b637dc5044,official_il,False,False
2f4462b637dc5044,original_grpo_11970,False,False
b548689d07d15535,official_il,False,False
b548689d07d15535,original_grpo_11970,False,False
f696561dbf6055df,official_il,False,False
f696561dbf6055df,original_grpo_11970,False,False
7bb8d2878b1f53cb,official_il,False,False
7bb8d2878b1f53cb,original_grpo_11970,False,False
bff852b39f62557d,official_il,False,False
bff852b39f62557d,original_grpo_11970,False,False
b940d77be0d45ec9,official_il,False,False
b940d77be0d45ec9,original_grpo_11970,False,False
5050ddd89f6850ea,official_il,False,False
5050ddd89f6850ea,original_grpo_11970,False,False
31c9a3082fa15d55,official_il,False,False
31c9a3082fa15d55,original_grpo_11970,False,True
48f80f817e0656d9,official_il,False,False
48f80f817e0656d9,original_grpo_11970,False,False
602d680df54553a2,official_il,False,False
602d680df54553a2,original_grpo_11970,False,False
cc8872f4a1fb5895,official_il,False,False
cc8872f4a1fb5895,original_grpo_11970,True,False
09d7ac879b745ba7,official_il,False,False
09d7ac879b745ba7,original_grpo_11970,False,False
1f22c13b337250e8,official_il,False,False
1f22c13b337250e8,original_grpo_11970,False,False
df16f52f5bea51cc,official_il,False,False
df16f52f5bea51cc,original_grpo_11970,False,False
de8c2538d4305d9d,official_il,False,False
de8c2538d4305d9d,original_grpo_11970,False,False
9c7f841d11e6542d,official_il,False,False
9c7f841d11e6542d,original_grpo_11970,True,False
89a7b788217c5f67,official_il,False,False
89a7b788217c5f67,original_grpo_11970,False,False
3d53eff55b2855c2,official_il,False,False
3d53eff55b2855c2,original_grpo_11970,False,False
8fb50dd1fb5552df,official_il,False,False
8fb50dd1fb5552df,original_grpo_11970,False,False
1dda1a63c5735182,official_il,False,False
1dda1a63c5735182,original_grpo_11970,False,False
006cbccbfae95262,official_il,False,False
006cbccbfae95262,original_grpo_11970,False,False
cea771061cb25651,official_il,False,False
cea771061cb25651,original_grpo_11970,False,False
053ae221b0d351f5,official_il,False,False
053ae221b0d351f5,original_grpo_11970,False,False
edfca2d846ee5acf,official_il,False,False
edfca2d846ee5acf,original_grpo_11970,False,False
278907212b495e23,official_il,False,False
278907212b495e23,original_grpo_11970,False,False
449f34ad438e59d2,official_il,False,False
449f34ad438e59d2,original_grpo_11970,False,False
8c1a989cd94c5c12,official_il,False,False
8c1a989cd94c5c12,original_grpo_11970,False,False
48d4fcc3437755a8,official_il,False,False
48d4fcc3437755a8,original_grpo_11970,False,False
13f740d88bf75471,official_il,False,False
13f740d88bf75471,original_grpo_11970,False,False
8eb1bf4722515ad3,official_il,False,False
8eb1bf4722515ad3,original_grpo_11970,False,False
21249a2d4eb25ed6,official_il,False,False
21249a2d4eb25ed6,original_grpo_11970,False,False
3d44a52acf525ec7,official_il,False,False
3d44a52acf525ec7,original_grpo_11970,False,False
9fad4614acc251d6,official_il,True,False
9fad4614acc251d6,original_grpo_11970,True,False
727278e9914354b1,official_il,False,False
727278e9914354b1,original_grpo_11970,False,False
9d722cf10d7f5bd1,official_il,False,True
9d722cf10d7f5bd1,original_grpo_11970,False,True
14d0749e1fc85004,official_il,False,False
14d0749e1fc85004,original_grpo_11970,False,False
ee05069c50295595,official_il,False,False
ee05069c50295595,original_grpo_11970,False,False
5e7dad82583e5536,official_il,False,False
5e7dad82583e5536,original_grpo_11970,False,False
2c772a570884587c,official_il,False,False
2c772a570884587c,original_grpo_11970,False,False
aee904e6c2c35a90,official_il,False,False
aee904e6c2c35a90,original_grpo_11970,False,False
0264cfbeb1705e5f,official_il,True,False
0264cfbeb1705e5f,original_grpo_11970,True,False
279ff8e3850c54e2,official_il,False,False
279ff8e3850c54e2,original_grpo_11970,False,False
7c767d74b5fb5b5e,official_il,False,False
7c767d74b5fb5b5e,original_grpo_11970,False,False
5daaf9b25cb558f9,official_il,False,False
5daaf9b25cb558f9,original_grpo_11970,False,False
864f5df8a94a508e,official_il,False,False
864f5df8a94a508e,original_grpo_11970,False,False
df51d2fef8c25f56,official_il,False,False
df51d2fef8c25f56,original_grpo_11970,False,False
ac5b4b33a03c57fe,official_il,False,True
ac5b4b33a03c57fe,original_grpo_11970,False,True
99adfd4cd925504d,official_il,False,False
99adfd4cd925504d,original_grpo_11970,False,True
1cba0de871fc5bfb,official_il,False,False
1cba0de871fc5bfb,original_grpo_11970,False,False
f84ac4472da55b91,official_il,False,False
f84ac4472da55b91,original_grpo_11970,False,False
bcc74e9eaae05ca4,official_il,False,False
bcc74e9eaae05ca4,original_grpo_11970,False,False
4fe8a056f88154d5,official_il,True,False
4fe8a056f88154d5,original_grpo_11970,False,False
16ff52ac5d085cac,official_il,False,False
16ff52ac5d085cac,original_grpo_11970,False,False
584a14a3e42050c4,official_il,False,False
584a14a3e42050c4,original_grpo_11970,False,False
4a5834900788560a,official_il,False,False
4a5834900788560a,original_grpo_11970,True,False
e6046882cf485f3a,official_il,False,False
e6046882cf485f3a,original_grpo_11970,False,False
873f4bc746a55d13,official_il,False,False
873f4bc746a55d13,original_grpo_11970,False,False
96886b2d240e5275,official_il,False,False
96886b2d240e5275,original_grpo_11970,False,False
190b153cfd3b5302,official_il,False,False
190b153cfd3b5302,original_grpo_11970,False,False
e1b0455379fd5adf,official_il,False,False
e1b0455379fd5adf,original_grpo_11970,False,False
a801ebe0c8a55faf,official_il,False,False
a801ebe0c8a55faf,original_grpo_11970,False,False
8caca31e4dc357be,official_il,False,False
8caca31e4dc357be,original_grpo_11970,False,False
a8263f179cca558d,official_il,False,False
a8263f179cca558d,original_grpo_11970,False,False
22dddd249c8e5fe4,official_il,False,False
22dddd249c8e5fe4,original_grpo_11970,False,True
bcd578c19d9857ea,official_il,False,False
bcd578c19d9857ea,original_grpo_11970,False,False
c4c0b5cb93d85645,official_il,False,False
c4c0b5cb93d85645,original_grpo_11970,False,False
0fae6a22120d5bc2,official_il,False,False
0fae6a22120d5bc2,original_grpo_11970,False,False
9d67b6d20a0256c3,official_il,False,False
9d67b6d20a0256c3,original_grpo_11970,False,False
548d6bf7b63459e7,official_il,False,False
548d6bf7b63459e7,original_grpo_11970,False,False
0f44c6e6440654d0,official_il,False,False
0f44c6e6440654d0,original_grpo_11970,False,False
85fb576381c15527,official_il,False,False
85fb576381c15527,original_grpo_11970,False,False
d79d2c9951f35626,official_il,False,False
d79d2c9951f35626,original_grpo_11970,False,False
980c4467fdf156c4,official_il,False,False
980c4467fdf156c4,original_grpo_11970,False,False
11ceee170b09535e,official_il,False,False
11ceee170b09535e,original_grpo_11970,False,False
c550cadc4a515e6b,official_il,True,False
c550cadc4a515e6b,original_grpo_11970,True,False
4fdf21ae819f5cf9,official_il,False,False
4fdf21ae819f5cf9,original_grpo_11970,False,False
9af521b071b75ede,official_il,False,False
9af521b071b75ede,original_grpo_11970,False,False
94fd2d5eaaff5125,official_il,False,False
94fd2d5eaaff5125,original_grpo_11970,False,False
3bfe55c892ef5093,official_il,False,False
3bfe55c892ef5093,original_grpo_11970,False,False
76c61e8e77975178,official_il,False,False
76c61e8e77975178,original_grpo_11970,False,False
6aa0f931a89f5d9a,official_il,False,False
6aa0f931a89f5d9a,original_grpo_11970,False,False
7f3aa59671c45291,official_il,False,False
7f3aa59671c45291,original_grpo_11970,False,False
c17be2d2a6f65008,official_il,False,False
c17be2d2a6f65008,original_grpo_11970,False,False
f6d7cbb8505f5782,official_il,False,False
f6d7cbb8505f5782,original_grpo_11970,False,False
59b4fffb7aef599d,official_il,False,False
59b4fffb7aef599d,original_grpo_11970,False,False
5c722cde25ba50d9,official_il,False,False
5c722cde25ba50d9,original_grpo_11970,False,False
248aeb1af182529b,official_il,False,False
248aeb1af182529b,original_grpo_11970,False,False
8dff3247e7415c0d,official_il,False,False
8dff3247e7415c0d,original_grpo_11970,False,False
df244d376fd85a93,official_il,False,False
df244d376fd85a93,original_grpo_11970,False,False
06f781885ea25f20,official_il,False,False
06f781885ea25f20,original_grpo_11970,False,False
dabc9a6d5e755758,official_il,False,False
dabc9a6d5e755758,original_grpo_11970,False,False
666ee535a52a5acc,official_il,False,False
666ee535a52a5acc,original_grpo_11970,False,False
afe0ef0cd35b57f7,official_il,False,False
afe0ef0cd35b57f7,original_grpo_11970,False,False
b7d4e7ebc5c75968,official_il,False,False
b7d4e7ebc5c75968,original_grpo_11970,True,False
bc5eb52653bc5031,official_il,False,False
bc5eb52653bc5031,original_grpo_11970,False,False
6793006a7d995092,official_il,False,False
6793006a7d995092,original_grpo_11970,False,False
9e7acfb214dd58eb,official_il,False,False
9e7acfb214dd58eb,original_grpo_11970,False,False
6cda2f0cbda156bd,official_il,False,False
6cda2f0cbda156bd,original_grpo_11970,False,False
beea15c8657d59a2,official_il,False,False
beea15c8657d59a2,original_grpo_11970,True,False
1971c4278e675b9d,official_il,False,False
1971c4278e675b9d,original_grpo_11970,False,False
c7009bf1a2025be7,official_il,False,False
c7009bf1a2025be7,original_grpo_11970,True,False
c37c94fa634f5265,official_il,False,False
c37c94fa634f5265,original_grpo_11970,False,False
caaf3bef91ac58a3,official_il,False,False
caaf3bef91ac58a3,original_grpo_11970,False,False
89c4479f74c05538,official_il,False,False
89c4479f74c05538,original_grpo_11970,False,False
7f35bb1a29c1549f,official_il,False,False
7f35bb1a29c1549f,original_grpo_11970,False,False
b46befc3e5a756ec,official_il,False,False
b46befc3e5a756ec,original_grpo_11970,False,False
f06dec0352685bd7,official_il,True,False
f06dec0352685bd7,original_grpo_11970,True,False
9956d04c0d275e7d,official_il,False,False
9956d04c0d275e7d,original_grpo_11970,False,False
edb7e230c20f542a,official_il,False,False
edb7e230c20f542a,original_grpo_11970,False,False
bbe9d736a2595720,official_il,False,False
bbe9d736a2595720,original_grpo_11970,False,False
8f7d5b80e1f85c3c,official_il,False,False
8f7d5b80e1f85c3c,original_grpo_11970,False,False
3c9433a90ab05621,official_il,False,False
3c9433a90ab05621,original_grpo_11970,False,False
b37c26e5cdf853d5,official_il,False,False
b37c26e5cdf853d5,original_grpo_11970,False,False
6dfe97d2aff95bf6,official_il,False,False
6dfe97d2aff95bf6,original_grpo_11970,False,False
9e66bc21c0d4507d,official_il,False,False
9e66bc21c0d4507d,original_grpo_11970,False,False
121fdf5f01785268,official_il,False,False
121fdf5f01785268,original_grpo_11970,False,False
9349bacb4a225ae3,official_il,False,False
9349bacb4a225ae3,original_grpo_11970,False,False
704c2533b66353b5,official_il,False,False
704c2533b66353b5,original_grpo_11970,False,False
4ffc3aacc76d5d43,official_il,False,False
4ffc3aacc76d5d43,original_grpo_11970,False,False
ea808fbdaf2a5375,official_il,False,False
ea808fbdaf2a5375,original_grpo_11970,False,False
e47dc9b07dd857a3,official_il,False,False
e47dc9b07dd857a3,original_grpo_11970,False,False
0d38caf0c7c650e8,official_il,False,False
0d38caf0c7c650e8,original_grpo_11970,False,False
3ac61ac2f2b652b7,official_il,False,False
3ac61ac2f2b652b7,original_grpo_11970,False,False
0d9f56cc8fa15657,official_il,False,False
0d9f56cc8fa15657,original_grpo_11970,False,False
296345c58a77547f,official_il,False,False
296345c58a77547f,original_grpo_11970,False,False
94e9664fcf2d5f9e,official_il,False,False
94e9664fcf2d5f9e,original_grpo_11970,False,False
a880ac22dd045d21,official_il,False,False
a880ac22dd045d21,original_grpo_11970,False,False
5b3770f00cb55569,official_il,False,False
5b3770f00cb55569,original_grpo_11970,False,False
36c5c837df3259f8,official_il,False,False
36c5c837df3259f8,original_grpo_11970,False,False
665c2a0c88735b1f,official_il,False,False
665c2a0c88735b1f,original_grpo_11970,False,False
24d4a97bf17f5883,official_il,False,False
24d4a97bf17f5883,original_grpo_11970,False,False
acb286057ba859da,official_il,False,False
acb286057ba859da,original_grpo_11970,False,False
4f0df6de49515352,official_il,True,False
4f0df6de49515352,original_grpo_11970,True,False
482b5439cb6c5350,official_il,False,False
482b5439cb6c5350,original_grpo_11970,False,False
a84fec66330e5157,official_il,False,False
a84fec66330e5157,original_grpo_11970,False,False
02ef12eeec9c5667,official_il,False,False
02ef12eeec9c5667,original_grpo_11970,False,False
076f5a91273050e6,official_il,False,False
076f5a91273050e6,original_grpo_11970,False,True
a566b5f3bd0c5522,official_il,False,False
a566b5f3bd0c5522,original_grpo_11970,False,False
fe1348a14b7f5fda,official_il,False,False
fe1348a14b7f5fda,original_grpo_11970,False,False
cf430322beb852ca,official_il,False,False
cf430322beb852ca,original_grpo_11970,False,False
05986621844f54a2,official_il,False,False
05986621844f54a2,original_grpo_11970,False,False
37ab6257bb545b45,official_il,False,False
37ab6257bb545b45,original_grpo_11970,False,False
1526e5b224665c7e,official_il,False,False
1526e5b224665c7e,original_grpo_11970,False,False
66df470c3c2c5b62,official_il,False,False
66df470c3c2c5b62,original_grpo_11970,False,False
ce800a53730f5ae7,official_il,False,False
ce800a53730f5ae7,original_grpo_11970,False,False
7ff20da52e205bf0,official_il,False,False
7ff20da52e205bf0,original_grpo_11970,False,False
9c9fd38ec0485088,official_il,False,False
9c9fd38ec0485088,original_grpo_11970,False,False
ec90c27de29a594c,official_il,False,False
ec90c27de29a594c,original_grpo_11970,False,False
86c52dfec8425716,official_il,False,False
86c52dfec8425716,original_grpo_11970,False,False
0f54c1a676a954ce,official_il,False,False
0f54c1a676a954ce,original_grpo_11970,False,False
a86e7f16bd64596a,official_il,False,False
a86e7f16bd64596a,original_grpo_11970,False,False
cb397fd17507594b,official_il,False,False
cb397fd17507594b,original_grpo_11970,False,False
c84f1984d6e459d4,official_il,False,False
c84f1984d6e459d4,original_grpo_11970,False,False
8b744d45e7945aa5,official_il,False,False
8b744d45e7945aa5,original_grpo_11970,False,False
68f3beae8cd25dba,official_il,False,False
68f3beae8cd25dba,original_grpo_11970,False,False
aff2feebf9cb5afb,official_il,False,False
aff2feebf9cb5afb,original_grpo_11970,False,False
6e7bf5900d7f594f,official_il,True,False
6e7bf5900d7f594f,original_grpo_11970,False,False
7da6b01adf435bd5,official_il,True,False
7da6b01adf435bd5,original_grpo_11970,True,False
4934fe6008f8564b,official_il,True,False
4934fe6008f8564b,original_grpo_11970,True,False
c0c2ed50261f54e5,official_il,False,False
c0c2ed50261f54e5,original_grpo_11970,False,False
0cb726068f4d5c59,official_il,False,False
0cb726068f4d5c59,original_grpo_11970,False,False
fead2572a884512c,official_il,False,False
fead2572a884512c,original_grpo_11970,False,False
c82e95254649534e,official_il,False,False
c82e95254649534e,original_grpo_11970,False,False
2581d16dc1aa557e,official_il,False,False
2581d16dc1aa557e,original_grpo_11970,False,False
74356ec7c3d15e10,official_il,False,False
74356ec7c3d15e10,original_grpo_11970,True,False
a77cad5e29a5585e,official_il,False,False
a77cad5e29a5585e,original_grpo_11970,False,False
711cc9425e2f5aff,official_il,False,True
711cc9425e2f5aff,original_grpo_11970,False,False
2314cd5f97c5596c,official_il,False,False
2314cd5f97c5596c,original_grpo_11970,False,False
dc932b3cf2ba5b1b,official_il,False,False
dc932b3cf2ba5b1b,original_grpo_11970,False,False
675f0d4dff9c5318,official_il,False,False
675f0d4dff9c5318,original_grpo_11970,False,False
9fe72fe991c859f0,official_il,False,False
9fe72fe991c859f0,original_grpo_11970,False,False
f6a1a2760a7b57a4,official_il,False,False
f6a1a2760a7b57a4,original_grpo_11970,False,False
6176348b971f52c5,official_il,False,False
6176348b971f52c5,original_grpo_11970,False,False
1decf76c77be59c8,official_il,False,False
1decf76c77be59c8,original_grpo_11970,False,False
91e6cce9eb7d5765,official_il,False,False
91e6cce9eb7d5765,original_grpo_11970,False,False
d360abe45ec55059,official_il,False,False
d360abe45ec55059,original_grpo_11970,False,False
45cace6f6d275159,official_il,False,False
45cace6f6d275159,original_grpo_11970,False,False
9551d9bffa515426,official_il,False,False
9551d9bffa515426,original_grpo_11970,False,False
6f95e882286e5388,official_il,False,False
6f95e882286e5388,original_grpo_11970,False,False
fcc0457324f15902,official_il,False,True
fcc0457324f15902,original_grpo_11970,False,True
aa58d1ab2faa5746,official_il,False,False
aa58d1ab2faa5746,original_grpo_11970,False,False
5d711f77d42054d6,official_il,False,False
5d711f77d42054d6,original_grpo_11970,False,False
fa00af6ecc8a5cb4,official_il,False,False
fa00af6ecc8a5cb4,original_grpo_11970,False,False
bf6158f005f956ae,official_il,False,False
bf6158f005f956ae,original_grpo_11970,False,False
67b08ea8fc9956b0,official_il,False,False
67b08ea8fc9956b0,original_grpo_11970,False,False
5cfcccdb3e3c539b,official_il,False,False
5cfcccdb3e3c539b,original_grpo_11970,False,False
288f0194b6d45858,official_il,False,False
288f0194b6d45858,original_grpo_11970,False,False
4094b79867cd5f7b,official_il,False,False
4094b79867cd5f7b,original_grpo_11970,False,False
abd994ef714a595c,official_il,False,False
abd994ef714a595c,original_grpo_11970,False,False
4668501db7065e02,official_il,False,False
4668501db7065e02,original_grpo_11970,False,False
289087a782995ef0,official_il,False,False
289087a782995ef0,original_grpo_11970,False,False
0eea4103d56352dd,official_il,False,False
0eea4103d56352dd,original_grpo_11970,False,False
b790a763e1ee538e,official_il,False,False
b790a763e1ee538e,original_grpo_11970,False,False
6ca255559e0350a5,official_il,False,False
6ca255559e0350a5,original_grpo_11970,False,False
6848c7497a065ae0,official_il,False,False
6848c7497a065ae0,original_grpo_11970,False,False
8a5bb66e9bb65101,official_il,False,False
8a5bb66e9bb65101,original_grpo_11970,False,False
4fa6a8e71f4a5984,official_il,False,False
4fa6a8e71f4a5984,original_grpo_11970,False,False
77ded26c7a9654ad,official_il,False,False
77ded26c7a9654ad,original_grpo_11970,False,False
5d83ddd5ec3c5326,official_il,False,False
5d83ddd5ec3c5326,original_grpo_11970,False,False
7a03013d34b355c1,official_il,False,False
7a03013d34b355c1,original_grpo_11970,False,False
0b2061c2aced52de,official_il,False,False
0b2061c2aced52de,original_grpo_11970,False,False
945dcb42cd645cc2,official_il,False,False
945dcb42cd645cc2,original_grpo_11970,False,False
66d5a6841d835e3a,official_il,False,False
66d5a6841d835e3a,original_grpo_11970,False,False
1035d1c56f0f5ba9,official_il,False,False
1035d1c56f0f5ba9,original_grpo_11970,False,False
98ad6d2817355b99,official_il,False,False
98ad6d2817355b99,original_grpo_11970,False,False
293fd2580df350a8,official_il,False,False
293fd2580df350a8,original_grpo_11970,False,False
6864977b221059e4,official_il,False,False
6864977b221059e4,original_grpo_11970,False,False
161154cbf4245a3d,official_il,False,False
161154cbf4245a3d,original_grpo_11970,False,False
023664205ae95402,official_il,False,False
023664205ae95402,original_grpo_11970,False,False
cd07f4279fa35240,official_il,False,False
cd07f4279fa35240,original_grpo_11970,False,False
7ae1fa9094f355c5,official_il,False,False
7ae1fa9094f355c5,original_grpo_11970,False,True
b7b9f31751e459f0,official_il,False,False
b7b9f31751e459f0,original_grpo_11970,False,False
94cf3d2feed759ac,official_il,False,False
94cf3d2feed759ac,original_grpo_11970,False,False
9f4e94fa77b555dd,official_il,False,False
9f4e94fa77b555dd,original_grpo_11970,False,False
5985ea459f145e5c,official_il,False,False
5985ea459f145e5c,original_grpo_11970,False,False
624789926abe5dac,official_il,False,False
624789926abe5dac,original_grpo_11970,False,False
adb657c849df5d9e,official_il,False,False
adb657c849df5d9e,original_grpo_11970,False,False
095f95bdbf1054d0,official_il,False,False
095f95bdbf1054d0,original_grpo_11970,False,False
d117940fcb945ac1,official_il,False,False
d117940fcb945ac1,original_grpo_11970,False,False
ef023f6f394f5be8,official_il,False,False
ef023f6f394f5be8,original_grpo_11970,False,False
451631b82dd757e4,official_il,False,False
451631b82dd757e4,original_grpo_11970,False,False
b25e5caac7645be6,official_il,False,False
b25e5caac7645be6,original_grpo_11970,False,False
277898ef740c5ab1,official_il,False,False
277898ef740c5ab1,original_grpo_11970,False,False
de94e95519d85f21,official_il,False,False
de94e95519d85f21,original_grpo_11970,False,False
cec9570f9fd3504b,official_il,False,False
cec9570f9fd3504b,original_grpo_11970,False,False
654a0ce9f6305cee,official_il,False,False
654a0ce9f6305cee,original_grpo_11970,False,False
672173aac8685233,official_il,False,False
672173aac8685233,original_grpo_11970,False,False
74bf7898a5565ef7,official_il,False,False
74bf7898a5565ef7,original_grpo_11970,False,False
4393df900c6557cb,official_il,False,False
4393df900c6557cb,original_grpo_11970,False,False
059fb1d0f20e58d6,official_il,False,False
059fb1d0f20e58d6,original_grpo_11970,False,False
b76fdedd0d1d5f46,official_il,False,False
b76fdedd0d1d5f46,original_grpo_11970,False,False
005a44fa33b55e7b,official_il,False,False
005a44fa33b55e7b,original_grpo_11970,False,False
cdf23d07ec42535e,official_il,False,False
cdf23d07ec42535e,original_grpo_11970,False,False
5bb0b67e360f5a85,official_il,False,False
5bb0b67e360f5a85,original_grpo_11970,False,False
d5b5493184c257bd,official_il,False,False
d5b5493184c257bd,original_grpo_11970,False,True
a85370bd50145fbc,official_il,False,False
a85370bd50145fbc,original_grpo_11970,False,False
6b0de122978c5d6c,official_il,False,False
6b0de122978c5d6c,original_grpo_11970,False,False
9257645ceccb550b,official_il,False,False
9257645ceccb550b,original_grpo_11970,False,False
5d03327b42d153b1,official_il,True,False
5d03327b42d153b1,original_grpo_11970,False,True
f53ce90fba735a76,official_il,False,False
f53ce90fba735a76,original_grpo_11970,False,False
89ba731076de572c,official_il,False,False
89ba731076de572c,original_grpo_11970,False,False
d49e1049666e5596,official_il,False,False
d49e1049666e5596,original_grpo_11970,False,False
30e1141fbb1e5009,official_il,False,False
30e1141fbb1e5009,original_grpo_11970,False,False
377ceb5650355d8b,official_il,False,False
377ceb5650355d8b,original_grpo_11970,False,False
93aa103155cd5295,official_il,False,False
93aa103155cd5295,original_grpo_11970,False,False
1dbae60fb78c532a,official_il,False,False
1dbae60fb78c532a,original_grpo_11970,False,False
50fefa46fcc855fb,official_il,False,False
50fefa46fcc855fb,original_grpo_11970,False,False
baef6630583c5f87,official_il,False,False
baef6630583c5f87,original_grpo_11970,False,False
8b0773eaa2375bbf,official_il,False,False
8b0773eaa2375bbf,original_grpo_11970,False,False
80e2038fd0555030,official_il,False,False
80e2038fd0555030,original_grpo_11970,False,False
d341827e6b485782,official_il,False,False
d341827e6b485782,original_grpo_11970,False,False
d6f1d7ade74c5d53,official_il,False,True
d6f1d7ade74c5d53,original_grpo_11970,False,True
0827c1c05e0e5596,official_il,False,False
0827c1c05e0e5596,original_grpo_11970,False,False
e9cd4fda706e5516,official_il,False,False
e9cd4fda706e5516,original_grpo_11970,False,False
bae5037e472250dc,official_il,False,False
bae5037e472250dc,original_grpo_11970,False,False
3e7e4bd1053d5d92,official_il,False,False
3e7e4bd1053d5d92,original_grpo_11970,False,False
bc6cd32ccb1b5427,official_il,False,False
bc6cd32ccb1b5427,original_grpo_11970,False,False
a4c4b9cae9f356bb,official_il,False,False
a4c4b9cae9f356bb,original_grpo_11970,False,False
1e8cca8760da5948,official_il,False,False
1e8cca8760da5948,original_grpo_11970,False,False
c7e306be08105b70,official_il,False,False
c7e306be08105b70,original_grpo_11970,False,False
26e0f72c031b5f07,official_il,False,False
26e0f72c031b5f07,original_grpo_11970,False,False
56e525076cab5f42,official_il,False,False
56e525076cab5f42,original_grpo_11970,False,False
4ce4021236435fc2,official_il,False,False
4ce4021236435fc2,original_grpo_11970,False,False
3ae8bec3c87f599a,official_il,False,False
3ae8bec3c87f599a,original_grpo_11970,False,False
de9dfb594099510e,official_il,False,False
de9dfb594099510e,original_grpo_11970,False,False
ba1ace8df74d5f7b,official_il,False,False
ba1ace8df74d5f7b,original_grpo_11970,False,False
502320eeaec55d1f,official_il,False,False
502320eeaec55d1f,original_grpo_11970,False,False
2dd169c11ca55cf5,official_il,False,False
2dd169c11ca55cf5,original_grpo_11970,False,False
14bd7947aab75ae6,official_il,False,False
14bd7947aab75ae6,original_grpo_11970,False,False
3acaadb297b15413,official_il,False,False
3acaadb297b15413,original_grpo_11970,False,False
4667b479001e52d3,official_il,False,False
4667b479001e52d3,original_grpo_11970,False,False
7f15d26426a65449,official_il,False,False
7f15d26426a65449,original_grpo_11970,False,False
70fb14aa330a5e1a,official_il,False,False
70fb14aa330a5e1a,original_grpo_11970,False,False
390944a5467b51c5,official_il,False,False
390944a5467b51c5,original_grpo_11970,False,False
de37d906807d5da4,official_il,False,False
de37d906807d5da4,original_grpo_11970,False,False
9ed0f61a7d9551dd,official_il,False,False
9ed0f61a7d9551dd,original_grpo_11970,False,False
772bea477f415d7e,official_il,False,False
772bea477f415d7e,original_grpo_11970,False,False
cf05fb873d635a08,official_il,False,False
cf05fb873d635a08,original_grpo_11970,False,False
6ef435e921f9538a,official_il,False,False
6ef435e921f9538a,original_grpo_11970,False,False
e60a241cf8df5ae6,official_il,False,False
e60a241cf8df5ae6,original_grpo_11970,False,False
430843d30f9258ed,official_il,False,False
430843d30f9258ed,original_grpo_11970,False,False
05f01335f6e15d86,official_il,False,False
05f01335f6e15d86,original_grpo_11970,False,False
4be639c52c2656db,official_il,False,False
4be639c52c2656db,original_grpo_11970,False,False
3f67a285648156d8,official_il,False,False
3f67a285648156d8,original_grpo_11970,False,False
d193c14478495b74,official_il,False,False
d193c14478495b74,original_grpo_11970,False,False
be62b590e24a520d,official_il,False,False
be62b590e24a520d,original_grpo_11970,False,False
ee2a0378652e53d0,official_il,False,False
ee2a0378652e53d0,original_grpo_11970,False,False
adf177418b8a5f6f,official_il,False,False
adf177418b8a5f6f,original_grpo_11970,False,False
8ba72029d7d75a0c,official_il,False,False
8ba72029d7d75a0c,original_grpo_11970,False,False
a893fc739c0b567c,official_il,False,False
a893fc739c0b567c,original_grpo_11970,False,False
ade775b8413358d6,official_il,False,False
ade775b8413358d6,original_grpo_11970,False,False
cf26456f21fc55cc,official_il,False,False
cf26456f21fc55cc,original_grpo_11970,False,False
f5134ec4baf153c9,official_il,False,False
f5134ec4baf153c9,original_grpo_11970,False,False
09961e24208b5972,official_il,False,False
09961e24208b5972,original_grpo_11970,False,True
7e6335968cbb5318,official_il,False,False
7e6335968cbb5318,original_grpo_11970,False,False
ac20d4e2400c58a9,official_il,False,False
ac20d4e2400c58a9,original_grpo_11970,False,False
f503e5d4f2815027,official_il,False,False
f503e5d4f2815027,original_grpo_11970,False,False
43df192ed9125ff3,official_il,False,False
43df192ed9125ff3,original_grpo_11970,False,False
b63a589b5dcf521d,official_il,False,False
b63a589b5dcf521d,original_grpo_11970,False,False
0996ce03d2325a75,official_il,False,False
0996ce03d2325a75,original_grpo_11970,False,False
5da5fed529065c9a,official_il,False,False
5da5fed529065c9a,original_grpo_11970,False,False
4d4d070cb9095f94,official_il,False,False
4d4d070cb9095f94,original_grpo_11970,False,False
14096d0f331a594a,official_il,False,True
14096d0f331a594a,original_grpo_11970,False,True
432cf993a4685755,official_il,False,False
432cf993a4685755,original_grpo_11970,False,False
c668fc93191352f5,official_il,False,False
c668fc93191352f5,original_grpo_11970,False,False
a73551f67ae95c4d,official_il,False,False
a73551f67ae95c4d,original_grpo_11970,False,True
928010107cd35cdd,official_il,False,False
928010107cd35cdd,original_grpo_11970,False,False
f4ab14a89bb7500e,official_il,False,False
f4ab14a89bb7500e,original_grpo_11970,False,False
dc28a01b78d45b17,official_il,False,False
dc28a01b78d45b17,original_grpo_11970,False,False
3f159d73e87a5e06,official_il,False,False
3f159d73e87a5e06,original_grpo_11970,False,False
bdfa1f8523c25328,official_il,False,False
bdfa1f8523c25328,original_grpo_11970,False,False
12115c5ca1215fb7,official_il,False,False
12115c5ca1215fb7,original_grpo_11970,False,False
c402a7eb498a5736,official_il,False,False
c402a7eb498a5736,original_grpo_11970,False,False
c94d20755cae51cf,official_il,False,False
c94d20755cae51cf,original_grpo_11970,False,False
c44b12de78555426,official_il,False,False
c44b12de78555426,original_grpo_11970,False,False
50e0c2fe698655a9,official_il,False,False
50e0c2fe698655a9,original_grpo_11970,False,False
e91a2d26f30e5b34,official_il,False,False
e91a2d26f30e5b34,original_grpo_11970,False,False
c8b4c92530f15b8e,official_il,False,False
c8b4c92530f15b8e,original_grpo_11970,False,False
3d2dded3370e5d2f,official_il,False,False
3d2dded3370e5d2f,original_grpo_11970,False,False
1361ba1955125852,official_il,False,False
1361ba1955125852,original_grpo_11970,False,False
b78f23cd3a155154,official_il,False,False
b78f23cd3a155154,original_grpo_11970,False,False
25652aabb1615c8d,official_il,False,False
25652aabb1615c8d,original_grpo_11970,False,True
3623f8728153513d,official_il,False,False
3623f8728153513d,original_grpo_11970,False,False
9288a151789f507b,official_il,False,False
9288a151789f507b,original_grpo_11970,False,False
e671280656f55009,official_il,False,False
e671280656f55009,original_grpo_11970,False,False
48cf36e2f3e15071,official_il,False,False
48cf36e2f3e15071,original_grpo_11970,False,False
4acdad2d68815972,official_il,False,False
4acdad2d68815972,original_grpo_11970,False,False
b35fe1e3a6d857e7,official_il,False,False
b35fe1e3a6d857e7,original_grpo_11970,False,False
095eafbb5c8f5b02,official_il,True,False
095eafbb5c8f5b02,original_grpo_11970,True,False
6f3254ac0fb25c0e,official_il,False,False
6f3254ac0fb25c0e,original_grpo_11970,False,False
846947c0d14c5705,official_il,False,False
846947c0d14c5705,original_grpo_11970,False,False
da088bb9d4fb5d0e,official_il,False,False
da088bb9d4fb5d0e,original_grpo_11970,False,False
2d6b6f9cbf895767,official_il,False,False
2d6b6f9cbf895767,original_grpo_11970,False,False
2b6a3141bbd95909,official_il,False,False
2b6a3141bbd95909,original_grpo_11970,False,False
c565fc593f9e5fad,official_il,False,False
c565fc593f9e5fad,original_grpo_11970,False,False
2b62f0fd336e5ce1,official_il,False,False
2b62f0fd336e5ce1,original_grpo_11970,False,False
4521af05098b5726,official_il,False,False
4521af05098b5726,original_grpo_11970,False,False
4cf79f853daa5e18,official_il,False,False
4cf79f853daa5e18,original_grpo_11970,False,False
91c9748ec36d552e,official_il,False,False
91c9748ec36d552e,original_grpo_11970,False,False
b74282046c9b5e26,official_il,False,False
b74282046c9b5e26,original_grpo_11970,False,False
9b2f62944222523c,official_il,False,False
9b2f62944222523c,original_grpo_11970,False,False
b4e37918a3075f27,official_il,False,False
b4e37918a3075f27,original_grpo_11970,False,False
172b3176b06c5658,official_il,False,False
172b3176b06c5658,original_grpo_11970,False,False
29c1d95389d45573,official_il,False,False
29c1d95389d45573,original_grpo_11970,False,False
03925cda82c35516,official_il,False,False
03925cda82c35516,original_grpo_11970,True,False
8f24138692dc51a0,official_il,False,False
8f24138692dc51a0,original_grpo_11970,True,False
e4bc6fc5aeb15a9b,official_il,False,False
e4bc6fc5aeb15a9b,original_grpo_11970,False,False
58e62444275353ac,official_il,False,False
58e62444275353ac,original_grpo_11970,False,False
b4929fe228725c94,official_il,False,False
b4929fe228725c94,original_grpo_11970,False,False
9703fd67a8ba55e3,official_il,False,False
9703fd67a8ba55e3,original_grpo_11970,False,False
21ef5641389c54b2,official_il,False,True
21ef5641389c54b2,original_grpo_11970,False,True
1672f5b30038519f,official_il,False,False
1672f5b30038519f,original_grpo_11970,False,True
50865b0784fc566d,official_il,False,False
50865b0784fc566d,original_grpo_11970,False,False
a4cf3a412034565a,official_il,False,False
a4cf3a412034565a,original_grpo_11970,False,False
1295232b65bf5f8d,official_il,False,False
1295232b65bf5f8d,original_grpo_11970,False,False
7ecb22e3bba55b12,official_il,False,False
7ecb22e3bba55b12,original_grpo_11970,False,False
6b7469c8e2195492,official_il,False,False
6b7469c8e2195492,original_grpo_11970,False,False
5ed66db305a55f73,official_il,False,False
5ed66db305a55f73,original_grpo_11970,False,False
0b8065082f3a5b3b,official_il,False,False
0b8065082f3a5b3b,original_grpo_11970,False,False
40d00a52b5345430,official_il,False,False
40d00a52b5345430,original_grpo_11970,False,False
2c274b54e82b55e7,official_il,False,False
2c274b54e82b55e7,original_grpo_11970,False,False
2f7f18f806515128,official_il,False,False
2f7f18f806515128,original_grpo_11970,False,False
daaed109e7eb5f66,official_il,False,False
daaed109e7eb5f66,original_grpo_11970,False,False
de9806cb0a2c53a3,official_il,False,False
de9806cb0a2c53a3,original_grpo_11970,False,False
cd3f3ec4f0dc515f,official_il,False,False
cd3f3ec4f0dc515f,original_grpo_11970,False,False
481b84c931245f5d,official_il,False,False
481b84c931245f5d,original_grpo_11970,False,False
6aeb37c47f385f06,official_il,False,False
6aeb37c47f385f06,original_grpo_11970,False,False
165b4475bd6b5188,official_il,False,False
165b4475bd6b5188,original_grpo_11970,False,False
c5a1a4e21a4952b7,official_il,False,False
c5a1a4e21a4952b7,original_grpo_11970,False,False
aac897560e0f5dab,official_il,False,False
aac897560e0f5dab,original_grpo_11970,False,False
1e66e2bddb1d5b49,official_il,False,False
1e66e2bddb1d5b49,original_grpo_11970,False,False
dfdc23aed4e95e49,official_il,False,False
dfdc23aed4e95e49,original_grpo_11970,False,False
49a1e581f3a35a49,official_il,False,False
49a1e581f3a35a49,original_grpo_11970,False,False
9263d47ef82d5a88,official_il,False,False
9263d47ef82d5a88,original_grpo_11970,True,False
c216554d4bd6519f,official_il,False,False
c216554d4bd6519f,original_grpo_11970,False,False
0354be0727e25157,official_il,False,False
0354be0727e25157,original_grpo_11970,False,False
26dfdbfcecfe50bd,official_il,False,False
26dfdbfcecfe50bd,original_grpo_11970,False,False
cc3160abbcbb543a,official_il,False,False
cc3160abbcbb543a,original_grpo_11970,True,False
fc696e1d378654d4,official_il,False,False
fc696e1d378654d4,original_grpo_11970,False,False
3fa2f81cff025162,official_il,False,False
3fa2f81cff025162,original_grpo_11970,False,False
1d0a4f1f6cbd5e38,official_il,False,False
1d0a4f1f6cbd5e38,original_grpo_11970,False,False
eff59f39f085525f,official_il,False,False
eff59f39f085525f,original_grpo_11970,False,False
984be293f9195416,official_il,False,False
984be293f9195416,original_grpo_11970,False,False
b235c02d47915476,official_il,False,False
b235c02d47915476,original_grpo_11970,False,False
3ac7810599d457a1,official_il,False,False
3ac7810599d457a1,original_grpo_11970,False,False
682378d23c335e89,official_il,False,False
682378d23c335e89,original_grpo_11970,False,False
73b4b5fcc5e55858,official_il,False,False
73b4b5fcc5e55858,original_grpo_11970,False,False
6f31d072740b5885,official_il,False,False
6f31d072740b5885,original_grpo_11970,False,False
305b1bf4e7f45522,official_il,True,False
305b1bf4e7f45522,original_grpo_11970,True,False
42d309d92a3a59c0,official_il,False,False
42d309d92a3a59c0,original_grpo_11970,False,False
af16ba268df55dca,official_il,False,False
af16ba268df55dca,original_grpo_11970,False,False
2ae8ac90c0ae5c8d,official_il,False,False
2ae8ac90c0ae5c8d,original_grpo_11970,False,False
b512bc2c568d5b7a,official_il,False,False
b512bc2c568d5b7a,original_grpo_11970,False,False
7405ff66092d51da,official_il,False,False
7405ff66092d51da,original_grpo_11970,False,False
23724912b8f153f0,official_il,False,False
23724912b8f153f0,original_grpo_11970,False,False
6522fd9a31d25eb2,official_il,False,False
6522fd9a31d25eb2,original_grpo_11970,False,False
c6fcfafbbe7a59f8,official_il,False,False
c6fcfafbbe7a59f8,original_grpo_11970,False,False
5dbd0aba5f315388,official_il,False,False
5dbd0aba5f315388,original_grpo_11970,False,False
958b596dd699594a,official_il,False,False
958b596dd699594a,original_grpo_11970,False,False
350714230cb55761,official_il,False,False
350714230cb55761,original_grpo_11970,False,False
775b0dd554395fa3,official_il,False,False
775b0dd554395fa3,original_grpo_11970,False,False
635be215dc9d58c3,official_il,False,False
635be215dc9d58c3,original_grpo_11970,False,False
1499e758c6855a74,official_il,False,False
1499e758c6855a74,original_grpo_11970,False,False
e9b0d4743b3f5256,official_il,False,False
e9b0d4743b3f5256,original_grpo_11970,False,False
3ff6652d6dec55da,official_il,False,False
3ff6652d6dec55da,original_grpo_11970,False,False
3c30c0c940045ac2,official_il,False,False
3c30c0c940045ac2,original_grpo_11970,False,False
b9e0dc94c7725924,official_il,False,False
b9e0dc94c7725924,original_grpo_11970,False,False
0506b1697fb05337,official_il,False,False
0506b1697fb05337,original_grpo_11970,False,False
7cfa2141cf77549d,official_il,False,False
7cfa2141cf77549d,original_grpo_11970,False,False
089107cd2d6354e0,official_il,False,False
089107cd2d6354e0,original_grpo_11970,False,False
b03c039a00bd5792,official_il,False,False
b03c039a00bd5792,original_grpo_11970,False,False
064bbfac76a95dae,official_il,False,False
064bbfac76a95dae,original_grpo_11970,False,False
ad8019f55bc554de,official_il,False,False
ad8019f55bc554de,original_grpo_11970,False,False
073c4d0738b45047,official_il,False,False
073c4d0738b45047,original_grpo_11970,False,False
b29e1677139a5f6b,official_il,False,False
b29e1677139a5f6b,original_grpo_11970,False,False
c615107923dc5602,official_il,False,False
c615107923dc5602,original_grpo_11970,False,False
ffb15604a2a25cb8,official_il,False,False
ffb15604a2a25cb8,original_grpo_11970,False,False
4124b6e12f8b5f0d,official_il,False,False
4124b6e12f8b5f0d,original_grpo_11970,False,False
a3298b678d225d61,official_il,False,False
a3298b678d225d61,original_grpo_11970,False,False
e20b77b0ed075fb6,official_il,False,False
e20b77b0ed075fb6,original_grpo_11970,False,False
71452581394b54da,official_il,False,False
71452581394b54da,original_grpo_11970,False,False
54399d56e69f5a2c,official_il,False,False
54399d56e69f5a2c,original_grpo_11970,False,False
2bdd7e6fdc0e5977,official_il,False,False
2bdd7e6fdc0e5977,original_grpo_11970,False,False
2f875dc108ed572f,official_il,False,False
2f875dc108ed572f,original_grpo_11970,False,False
91513086606a567e,official_il,False,False
91513086606a567e,original_grpo_11970,False,False
80dfd05ab759518f,official_il,False,False
80dfd05ab759518f,original_grpo_11970,False,False
d5e7dc43eb5c57cd,official_il,False,False
d5e7dc43eb5c57cd,original_grpo_11970,False,False
13014abb5b115ee2,official_il,False,False
13014abb5b115ee2,original_grpo_11970,False,False
9430278b77c05446,official_il,False,False
9430278b77c05446,original_grpo_11970,False,False
97e38fdccf915283,official_il,False,True
97e38fdccf915283,original_grpo_11970,False,True
8787fbb12fed5433,official_il,False,False
8787fbb12fed5433,original_grpo_11970,False,False
a460f60f07f05098,official_il,False,False
a460f60f07f05098,original_grpo_11970,False,False
570334268a395022,official_il,False,False
570334268a395022,original_grpo_11970,False,False
16a705e621675626,official_il,False,False
16a705e621675626,original_grpo_11970,False,False
377030639621540e,official_il,False,False
377030639621540e,original_grpo_11970,False,False
2e94974489245ae6,official_il,False,False
2e94974489245ae6,original_grpo_11970,False,False
dc2a30b4130f5ab4,official_il,False,False
dc2a30b4130f5ab4,original_grpo_11970,False,False
11f415ea61f95bbb,official_il,False,False
11f415ea61f95bbb,original_grpo_11970,False,False
7fd57c3a03465a0a,official_il,False,False
7fd57c3a03465a0a,original_grpo_11970,False,False
bfabfb64124e5563,official_il,False,False
bfabfb64124e5563,original_grpo_11970,False,False
0dff173b10b75b6a,official_il,False,False
0dff173b10b75b6a,original_grpo_11970,False,False
efd13cf71f83504e,official_il,False,False
efd13cf71f83504e,original_grpo_11970,False,False
86a8eb25b4045aba,official_il,False,False
86a8eb25b4045aba,original_grpo_11970,False,False
04f77fbd6bf3505a,official_il,False,False
04f77fbd6bf3505a,original_grpo_11970,False,False
69cd8ef1721f550d,official_il,False,False
69cd8ef1721f550d,original_grpo_11970,False,False
738c5da7a06d554c,official_il,False,False
738c5da7a06d554c,original_grpo_11970,False,False
a57d242401f951f5,official_il,False,False
a57d242401f951f5,original_grpo_11970,False,False
d57a735214e65851,official_il,False,False
d57a735214e65851,original_grpo_11970,False,False
9bbb66957b9d5e1c,official_il,False,False
9bbb66957b9d5e1c,original_grpo_11970,False,False
ccb7a68f3e0a57fc,official_il,False,False
ccb7a68f3e0a57fc,original_grpo_11970,False,False
05c91985246d58a6,official_il,False,False
05c91985246d58a6,original_grpo_11970,False,False
2d1c26e4b5895e96,official_il,False,False
2d1c26e4b5895e96,original_grpo_11970,False,False
1f71cdf4e4c65299,official_il,False,False
1f71cdf4e4c65299,original_grpo_11970,False,False
1b7a2afa56df5d20,official_il,False,False
1b7a2afa56df5d20,original_grpo_11970,False,False
1f37959067985e67,official_il,False,False
1f37959067985e67,original_grpo_11970,False,False
f07db0b393fd522e,official_il,False,False
f07db0b393fd522e,original_grpo_11970,False,False
fa4cc4b0188c5b79,official_il,False,False
fa4cc4b0188c5b79,original_grpo_11970,False,False
eb2ede89ad9b5a6e,official_il,False,False
eb2ede89ad9b5a6e,original_grpo_11970,True,False
bc4345e13302535e,official_il,False,False
bc4345e13302535e,original_grpo_11970,False,False
66568e650e4d57e7,official_il,False,False
66568e650e4d57e7,original_grpo_11970,False,False
74ae55238ee5525d,official_il,False,False
74ae55238ee5525d,original_grpo_11970,False,False
a124b877d2b35519,official_il,False,False
a124b877d2b35519,original_grpo_11970,False,False
1c6a5ee8a5785b0e,official_il,False,False
1c6a5ee8a5785b0e,original_grpo_11970,False,False
ed47cee1c67e5d43,official_il,False,False
ed47cee1c67e5d43,original_grpo_11970,False,False
838c6ba50bd25cd5,official_il,True,False
838c6ba50bd25cd5,original_grpo_11970,True,False
089b0ec6d7d35c09,official_il,False,True
089b0ec6d7d35c09,original_grpo_11970,False,True
9dedf462b1c0528f,official_il,False,False
9dedf462b1c0528f,original_grpo_11970,False,False
61987c90d8635129,official_il,False,False
61987c90d8635129,original_grpo_11970,False,False
bbbae26a26605b08,official_il,False,False
bbbae26a26605b08,original_grpo_11970,False,False
8142f060944c56fd,official_il,False,False
8142f060944c56fd,original_grpo_11970,False,False
2c76b8e2d1d85701,official_il,False,False
2c76b8e2d1d85701,original_grpo_11970,False,False
8a0b4dd476055911,official_il,False,False
8a0b4dd476055911,original_grpo_11970,False,False
b8adc82de5ae50e2,official_il,False,False
b8adc82de5ae50e2,original_grpo_11970,False,False
025b2d4de25c5036,official_il,False,False
025b2d4de25c5036,original_grpo_11970,False,False
9a7fc4d0041650fc,official_il,False,False
9a7fc4d0041650fc,original_grpo_11970,False,False
ad1af1160bd05ef7,official_il,False,False
ad1af1160bd05ef7,original_grpo_11970,False,False
d4185f4edc7e54e5,official_il,False,False
d4185f4edc7e54e5,original_grpo_11970,False,False
1b1311d50d47553f,official_il,False,False
1b1311d50d47553f,original_grpo_11970,False,False
573ac67fb17a5a71,official_il,False,False
573ac67fb17a5a71,original_grpo_11970,False,False
da8c9449da6854ed,official_il,False,False
da8c9449da6854ed,original_grpo_11970,False,False
7f2409d7f6705308,official_il,False,False
7f2409d7f6705308,original_grpo_11970,True,False
94ae5d67804c539d,official_il,False,False
94ae5d67804c539d,original_grpo_11970,False,False
4f9a94c1302e56d8,official_il,False,False
4f9a94c1302e56d8,original_grpo_11970,False,False
ed54b128881a5278,official_il,False,False
ed54b128881a5278,original_grpo_11970,False,False
21c8e0c8fe5f5495,official_il,False,False
21c8e0c8fe5f5495,original_grpo_11970,False,False
24ab9ae0499950e9,official_il,False,False
24ab9ae0499950e9,original_grpo_11970,False,False
0d24b5cc9f005fe0,official_il,False,False
0d24b5cc9f005fe0,original_grpo_11970,False,False
c3cb403773505798,official_il,False,False
c3cb403773505798,original_grpo_11970,False,False
b696a6cffd3a5700,official_il,False,False
b696a6cffd3a5700,original_grpo_11970,False,True
0a02ef840f2d5d8e,official_il,False,False
0a02ef840f2d5d8e,original_grpo_11970,False,False
ee0d56667d9755c2,official_il,False,False
ee0d56667d9755c2,original_grpo_11970,False,False
575564a1b87c5502,official_il,False,False
575564a1b87c5502,original_grpo_11970,False,False
7e5d78b37ed653b1,official_il,False,False
7e5d78b37ed653b1,original_grpo_11970,False,False
b003c9652cb05ffd,official_il,False,False
b003c9652cb05ffd,original_grpo_11970,False,False
a9e5ed5e52b555bb,official_il,False,False
a9e5ed5e52b555bb,original_grpo_11970,False,False
a2c048ba29a85ad0,official_il,False,False
a2c048ba29a85ad0,original_grpo_11970,False,False
90cee81074335c3c,official_il,False,False
90cee81074335c3c,original_grpo_11970,False,False
f40040c002375188,official_il,False,False
f40040c002375188,original_grpo_11970,False,False
7ff1d8c18a215751,official_il,False,False
7ff1d8c18a215751,original_grpo_11970,False,False
2eaf758421aa5190,official_il,False,False
2eaf758421aa5190,original_grpo_11970,False,False
4bfb866afaf35777,official_il,False,False
4bfb866afaf35777,original_grpo_11970,False,False
25d0d039117454c7,official_il,False,False
25d0d039117454c7,original_grpo_11970,True,False
a4c98888ffb257ba,official_il,False,False
a4c98888ffb257ba,original_grpo_11970,False,False
bf12fef0ee0852e0,official_il,False,False
bf12fef0ee0852e0,original_grpo_11970,False,False
6bb26668e14a5354,official_il,False,False
6bb26668e14a5354,original_grpo_11970,False,False
2a1a551f33f5510a,official_il,False,False
2a1a551f33f5510a,original_grpo_11970,False,False
38c3532876dd5897,official_il,False,False
38c3532876dd5897,original_grpo_11970,False,False
1832fc5c52835f71,official_il,False,False
1832fc5c52835f71,original_grpo_11970,False,False
5ceca75120a856ac,official_il,False,False
5ceca75120a856ac,original_grpo_11970,False,False
9ba3b1fa056350bf,official_il,False,False
9ba3b1fa056350bf,original_grpo_11970,False,False
4d83ac0fbe205f91,official_il,False,False
4d83ac0fbe205f91,original_grpo_11970,False,False
d7cc64b784a95378,official_il,False,False
d7cc64b784a95378,original_grpo_11970,False,False
48607e8b424d53ca,official_il,False,False
48607e8b424d53ca,original_grpo_11970,False,False
a955645ab4855d3f,official_il,False,False
a955645ab4855d3f,original_grpo_11970,False,False
dfd36c9b9a265a8f,official_il,False,False
dfd36c9b9a265a8f,original_grpo_11970,False,False
780650e3b33f59d4,official_il,False,False
780650e3b33f59d4,original_grpo_11970,False,False
c226bbf004ee5faf,official_il,False,False
c226bbf004ee5faf,original_grpo_11970,False,False
24ad83dd09e55fda,official_il,False,False
24ad83dd09e55fda,original_grpo_11970,False,False
a5e8ec7df7c253e4,official_il,False,False
a5e8ec7df7c253e4,original_grpo_11970,False,False
2855ccc988b25298,official_il,False,False
2855ccc988b25298,original_grpo_11970,False,False
e507137489f85215,official_il,False,False
e507137489f85215,original_grpo_11970,False,False
0f9def181e1452a9,official_il,False,False
0f9def181e1452a9,original_grpo_11970,False,False
370145a69ec657a3,official_il,False,False
370145a69ec657a3,original_grpo_11970,False,False
9977e972d0e55f0f,official_il,False,False
9977e972d0e55f0f,original_grpo_11970,False,False
98b3d225300a512a,official_il,False,False
98b3d225300a512a,original_grpo_11970,False,False
49c2862d8d5f534e,official_il,False,False
49c2862d8d5f534e,original_grpo_11970,False,False
93bc863e9d90519f,official_il,False,False
93bc863e9d90519f,original_grpo_11970,False,False
8f1c55fe05575560,official_il,False,False
8f1c55fe05575560,original_grpo_11970,False,False
6394ba4159a550da,official_il,False,False
6394ba4159a550da,original_grpo_11970,False,False
9281c4fdc9155b4c,official_il,False,False
9281c4fdc9155b4c,original_grpo_11970,False,False
bc12f232a59d512c,official_il,False,False
bc12f232a59d512c,original_grpo_11970,False,False
15c91dcebf5455b2,official_il,False,False
15c91dcebf5455b2,original_grpo_11970,False,False
55386376b44b574a,official_il,False,False
55386376b44b574a,original_grpo_11970,False,False
6fac01628ec1521a,official_il,False,False
6fac01628ec1521a,original_grpo_11970,False,False
fdebd25757a05661,official_il,False,False
fdebd25757a05661,original_grpo_11970,False,False
6f856b3c3af95734,official_il,False,False
6f856b3c3af95734,original_grpo_11970,False,False
b2a4d1d3357e5dbb,official_il,False,False
b2a4d1d3357e5dbb,original_grpo_11970,False,False
96565a4d7ebc5cc7,official_il,False,False
96565a4d7ebc5cc7,original_grpo_11970,False,False
9b18c33cbd1954f6,official_il,False,False
9b18c33cbd1954f6,original_grpo_11970,False,False
de9720d71e2657c8,official_il,False,False
de9720d71e2657c8,original_grpo_11970,False,False
8d9609658dc65cc2,official_il,False,False
8d9609658dc65cc2,original_grpo_11970,False,False
c66dfe52174659f0,official_il,False,False
c66dfe52174659f0,original_grpo_11970,False,False
ed3606ad5d3b5611,official_il,False,False
ed3606ad5d3b5611,original_grpo_11970,False,False
2bc3c951e3dd52f0,official_il,False,False
2bc3c951e3dd52f0,original_grpo_11970,False,False
ee559d8c1ba6511a,official_il,False,False
ee559d8c1ba6511a,original_grpo_11970,False,False
b003d1b26a30500e,official_il,False,False
b003d1b26a30500e,original_grpo_11970,False,False
ad4b62d0cffe5765,official_il,False,False
ad4b62d0cffe5765,original_grpo_11970,False,False
6378a3bac8c058d7,official_il,False,False
6378a3bac8c058d7,original_grpo_11970,False,False
739817f9f19559cf,official_il,False,False
739817f9f19559cf,original_grpo_11970,False,False
9f3d677aa6d2502b,official_il,False,False
9f3d677aa6d2502b,original_grpo_11970,False,False
aa73395966a45f28,official_il,False,False
aa73395966a45f28,original_grpo_11970,False,False
6173b042a095579b,official_il,False,False
6173b042a095579b,original_grpo_11970,False,False
d176f64a6d0d5a5a,official_il,False,False
d176f64a6d0d5a5a,original_grpo_11970,False,False
256734c4fb08576f,official_il,False,False
256734c4fb08576f,original_grpo_11970,False,False
ee2d146d69545b98,official_il,False,False
ee2d146d69545b98,original_grpo_11970,False,False
625905ce3799531d,official_il,False,False
625905ce3799531d,original_grpo_11970,False,False
14604761252b5515,official_il,False,False
14604761252b5515,original_grpo_11970,False,False
cc38dfaf8c6a5e65,official_il,False,False
cc38dfaf8c6a5e65,original_grpo_11970,False,False
b32822c801905d3d,official_il,False,False
b32822c801905d3d,original_grpo_11970,False,True
b99276420cf55c2d,official_il,False,False
b99276420cf55c2d,original_grpo_11970,False,False
b2bc82a002f05334,official_il,False,False
b2bc82a002f05334,original_grpo_11970,False,False
7fe8f787c1b75428,official_il,False,False
7fe8f787c1b75428,original_grpo_11970,False,False
0e35a96c6c6d581b,official_il,False,False
0e35a96c6c6d581b,original_grpo_11970,False,False
dff858f0621a50b4,official_il,False,False
dff858f0621a50b4,original_grpo_11970,False,False
2e822862d57451ce,official_il,False,False
2e822862d57451ce,original_grpo_11970,False,False
98946f3166485dcc,official_il,False,False
98946f3166485dcc,original_grpo_11970,False,False
2b311daa74255fe4,official_il,False,False
2b311daa74255fe4,original_grpo_11970,True,False
7dcfad07cc3d5ac7,official_il,False,False
7dcfad07cc3d5ac7,original_grpo_11970,False,False
b16c0fe5896b516d,official_il,False,False
b16c0fe5896b516d,original_grpo_11970,False,False
1087b81f962154da,official_il,False,False
1087b81f962154da,original_grpo_11970,False,False
12b54b44369b59b5,official_il,False,False
12b54b44369b59b5,original_grpo_11970,False,False
789fbb604f4f50dd,official_il,False,False
789fbb604f4f50dd,original_grpo_11970,False,False
eff30abf8b96502c,official_il,False,False
eff30abf8b96502c,original_grpo_11970,False,False
09bdb2eba08a5475,official_il,False,False
09bdb2eba08a5475,original_grpo_11970,False,False
7c6769b5e4835fc9,official_il,False,False
7c6769b5e4835fc9,original_grpo_11970,False,False
656eb06b41df5d3c,official_il,False,False
656eb06b41df5d3c,original_grpo_11970,False,False
a32f46dda5045c5b,official_il,False,False
a32f46dda5045c5b,original_grpo_11970,False,False
b11e73872d2d51c0,official_il,False,False
b11e73872d2d51c0,original_grpo_11970,False,False
3931796fba53593d,official_il,False,False
3931796fba53593d,original_grpo_11970,False,False
1ae26dd9c0975c46,official_il,False,False
1ae26dd9c0975c46,original_grpo_11970,False,False
ba5ea437f6e75677,official_il,False,False
ba5ea437f6e75677,original_grpo_11970,False,False
30d098cca6b353f2,official_il,False,False
30d098cca6b353f2,original_grpo_11970,False,False
6039b104800651c2,official_il,False,False
6039b104800651c2,original_grpo_11970,False,False
783b1cf08b8b585c,official_il,False,False
783b1cf08b8b585c,original_grpo_11970,False,False
12d68a1a0b475abd,official_il,False,False
12d68a1a0b475abd,original_grpo_11970,False,False
54de97852eb952de,official_il,False,False
54de97852eb952de,original_grpo_11970,False,False
af2929754e335d71,official_il,False,False
af2929754e335d71,original_grpo_11970,False,False
c75fc18399d459fb,official_il,False,False
c75fc18399d459fb,original_grpo_11970,False,False
a6a13886baee501f,official_il,False,False
a6a13886baee501f,original_grpo_11970,False,False
cbd5cb220f815a96,official_il,False,False
cbd5cb220f815a96,original_grpo_11970,False,False
51b95cb30acd5783,official_il,False,False
51b95cb30acd5783,original_grpo_11970,False,False
b1e4b87ea7265c14,official_il,False,False
b1e4b87ea7265c14,original_grpo_11970,False,False
44f1947eae755e04,official_il,False,False
44f1947eae755e04,original_grpo_11970,False,False
fd969a1af5b25d83,official_il,False,False
fd969a1af5b25d83,original_grpo_11970,False,False
6094a106b2f8575f,official_il,False,False
6094a106b2f8575f,original_grpo_11970,False,False
1020b7405b1c5f51,official_il,False,False
1020b7405b1c5f51,original_grpo_11970,False,False
8e7d0c5228005326,official_il,False,False
8e7d0c5228005326,original_grpo_11970,False,False
0dd1bbbff0815fbe,official_il,False,False
0dd1bbbff0815fbe,original_grpo_11970,False,False
97e98ee560585140,official_il,False,False
97e98ee560585140,original_grpo_11970,False,False
6eb683206f12502f,official_il,False,True
6eb683206f12502f,original_grpo_11970,False,True
56075ce9842a5bb8,official_il,False,False
56075ce9842a5bb8,original_grpo_11970,False,False
abe1f4361b225ca4,official_il,False,False
abe1f4361b225ca4,original_grpo_11970,False,False
6b46c50949d1509a,official_il,False,False
6b46c50949d1509a,original_grpo_11970,False,False
43b8ed8ae3975f77,official_il,False,False
43b8ed8ae3975f77,original_grpo_11970,False,False
95cd00987fa55a7e,official_il,False,False
95cd00987fa55a7e,original_grpo_11970,False,False
d2105a164bd75258,official_il,False,False
d2105a164bd75258,original_grpo_11970,False,False
4df5ef7c2d0c5362,official_il,False,False
4df5ef7c2d0c5362,original_grpo_11970,False,False
e86747b8ea6e573e,official_il,False,False
e86747b8ea6e573e,original_grpo_11970,False,False
a5e0cf58c07057f4,official_il,False,False
a5e0cf58c07057f4,original_grpo_11970,False,False
068dcca02b575b39,official_il,False,False
068dcca02b575b39,original_grpo_11970,False,False
ec79704a0280568b,official_il,False,False
ec79704a0280568b,original_grpo_11970,False,False
70eb4d4d0c7750cf,official_il,False,False
70eb4d4d0c7750cf,original_grpo_11970,False,False
e3da0e20e0b556fc,official_il,False,False
e3da0e20e0b556fc,original_grpo_11970,False,False
53c8233f2520511d,official_il,False,False
53c8233f2520511d,original_grpo_11970,True,False
b053242e4e9a509a,official_il,False,False
b053242e4e9a509a,original_grpo_11970,False,False
e0fa4f9aaa7d5f75,official_il,False,False
e0fa4f9aaa7d5f75,original_grpo_11970,False,False
b7a913210eb7508a,official_il,False,False
b7a913210eb7508a,original_grpo_11970,False,False
8f4bc87abb6455c2,official_il,False,False
8f4bc87abb6455c2,original_grpo_11970,False,False
e3373197967d5391,official_il,False,False
e3373197967d5391,original_grpo_11970,False,False
c32fc39e58ed5e8b,official_il,False,False
c32fc39e58ed5e8b,original_grpo_11970,False,False
1636fe14c4115de4,official_il,False,False
1636fe14c4115de4,original_grpo_11970,False,False
98e4bf53502057f2,official_il,False,False
98e4bf53502057f2,original_grpo_11970,False,False
c74d4b3d98ca55e3,official_il,True,False
c74d4b3d98ca55e3,original_grpo_11970,True,False
6fea5c6f32205b44,official_il,False,False
6fea5c6f32205b44,original_grpo_11970,False,False
19b57cd9650d5bb4,official_il,False,False
19b57cd9650d5bb4,original_grpo_11970,False,False
ccbb62bf585e590d,official_il,False,False
ccbb62bf585e590d,original_grpo_11970,False,False
9bc7e79c3f4651a5,official_il,False,False
9bc7e79c3f4651a5,original_grpo_11970,False,False
a8f23a5a1c955284,official_il,False,False
a8f23a5a1c955284,original_grpo_11970,False,False
143671d09b1e5d48,official_il,False,False
143671d09b1e5d48,original_grpo_11970,True,False
509a5e5fbdcd54fd,official_il,False,False
509a5e5fbdcd54fd,original_grpo_11970,False,False
9143b30132765ba0,official_il,False,False
9143b30132765ba0,original_grpo_11970,False,False
fe17dd07e5a35985,official_il,False,False
fe17dd07e5a35985,original_grpo_11970,False,False
5934f211346a5140,official_il,False,False
5934f211346a5140,original_grpo_11970,False,False
75c5e2fdc7a25618,official_il,False,False
75c5e2fdc7a25618,original_grpo_11970,False,False
39e57b0b0dcb5f84,official_il,False,False
39e57b0b0dcb5f84,original_grpo_11970,False,False
4b012a201ee458a0,official_il,False,False
4b012a201ee458a0,original_grpo_11970,False,False
12473f04949e5a48,official_il,True,False
12473f04949e5a48,original_grpo_11970,True,False
4414122a0fa15f9e,official_il,False,False
4414122a0fa15f9e,original_grpo_11970,False,False
0ac4538f106e5ee2,official_il,False,False
0ac4538f106e5ee2,original_grpo_11970,False,False
18aa58a278b75db2,official_il,False,False
18aa58a278b75db2,original_grpo_11970,False,False
c2797218ff9b5e39,official_il,False,False
c2797218ff9b5e39,original_grpo_11970,False,False
04c3de5a88555549,official_il,False,False
04c3de5a88555549,original_grpo_11970,False,False
7f4ee2a0d9725b7f,official_il,False,False
7f4ee2a0d9725b7f,original_grpo_11970,False,False
78715af1d8b75dc5,official_il,False,False
78715af1d8b75dc5,original_grpo_11970,False,False
96581485dbc25c09,official_il,False,False
96581485dbc25c09,original_grpo_11970,False,False
9ca8d9dbd1ea5e84,official_il,False,False
9ca8d9dbd1ea5e84,original_grpo_11970,False,False
cc9ec3c399885d44,official_il,False,False
cc9ec3c399885d44,original_grpo_11970,False,False
cd0b8f9ccd2a5431,official_il,False,False
cd0b8f9ccd2a5431,original_grpo_11970,False,False
849cb6b3417752a5,official_il,False,False
849cb6b3417752a5,original_grpo_11970,False,False
5db823a071645f0c,official_il,False,False
5db823a071645f0c,original_grpo_11970,False,False
76b4ef895b215e2d,official_il,False,False
76b4ef895b215e2d,original_grpo_11970,False,False
80edce2495b259f1,official_il,False,False
80edce2495b259f1,original_grpo_11970,False,False
e9e97258d46454cb,official_il,False,False
e9e97258d46454cb,original_grpo_11970,False,False
91e81bbdf81c5a19,official_il,False,False
91e81bbdf81c5a19,original_grpo_11970,False,False
6bef86a9e9f856cb,official_il,False,False
6bef86a9e9f856cb,original_grpo_11970,False,False
e6c68d29f4bd553b,official_il,False,False
e6c68d29f4bd553b,original_grpo_11970,False,False
19a21d668a375280,official_il,False,False
19a21d668a375280,original_grpo_11970,False,False
6d744a0a070c5194,official_il,False,False
6d744a0a070c5194,original_grpo_11970,False,False
c06489c3b6f75219,official_il,False,False
c06489c3b6f75219,original_grpo_11970,False,False
1f5cafd481345963,official_il,False,False
1f5cafd481345963,original_grpo_11970,False,False
b037298210535296,official_il,False,False
b037298210535296,original_grpo_11970,False,False
507e012eec0f5ebb,official_il,False,False
507e012eec0f5ebb,original_grpo_11970,False,False
30bec010ffd951cf,official_il,False,False
30bec010ffd951cf,original_grpo_11970,False,False
35daae8d6a4a5b90,official_il,False,False
35daae8d6a4a5b90,original_grpo_11970,False,False
f574b2e8f5a25c88,official_il,False,False
f574b2e8f5a25c88,original_grpo_11970,False,False
cdf203cc40f65ad7,official_il,False,False
cdf203cc40f65ad7,original_grpo_11970,False,False
6e9e5584af5f5126,official_il,False,False
6e9e5584af5f5126,original_grpo_11970,False,False
9b7e8f09871d5e07,official_il,False,False
9b7e8f09871d5e07,original_grpo_11970,False,False
20efa9ea4ff25327,official_il,False,False
20efa9ea4ff25327,original_grpo_11970,False,False
1f8fdcf4effa5dd2,official_il,False,False
1f8fdcf4effa5dd2,original_grpo_11970,False,False
6ae17f5e27395c28,official_il,False,False
6ae17f5e27395c28,original_grpo_11970,False,False
9c1deb1f73325a06,official_il,False,False
9c1deb1f73325a06,original_grpo_11970,False,False
16dd506f93925767,official_il,False,False
16dd506f93925767,original_grpo_11970,False,False
c43114bca2995614,official_il,False,True
c43114bca2995614,original_grpo_11970,False,True
bcaa66e3dba552b4,official_il,False,False
bcaa66e3dba552b4,original_grpo_11970,False,False
8470dccd69425ae1,official_il,False,False
8470dccd69425ae1,original_grpo_11970,False,False
605180c1bb055441,official_il,False,False
605180c1bb055441,original_grpo_11970,False,False
a1209109471b56a6,official_il,False,False
a1209109471b56a6,original_grpo_11970,False,False
ddb9bd9e78d150dd,official_il,False,False
ddb9bd9e78d150dd,original_grpo_11970,False,False
6accc9fa7b8d5f3c,official_il,False,False
6accc9fa7b8d5f3c,original_grpo_11970,False,False
520056be786750a2,official_il,False,False
520056be786750a2,original_grpo_11970,False,False
21fb13e673755a07,official_il,False,False
21fb13e673755a07,original_grpo_11970,True,False
980c3568719d515f,official_il,False,False
980c3568719d515f,original_grpo_11970,False,False
e7e44724615d5b4c,official_il,False,False
e7e44724615d5b4c,original_grpo_11970,False,False
14b4ebe990a854cb,official_il,False,False
14b4ebe990a854cb,original_grpo_11970,False,False
2873da9773895f86,official_il,False,False
2873da9773895f86,original_grpo_11970,False,False
44c07ddfe68a5afe,official_il,False,False
44c07ddfe68a5afe,original_grpo_11970,False,False
40cc9808403d5c60,official_il,False,False
40cc9808403d5c60,original_grpo_11970,False,False
8fd56a0136395d67,official_il,False,False
8fd56a0136395d67,original_grpo_11970,False,False
d2fa8d06193651df,official_il,False,False
d2fa8d06193651df,original_grpo_11970,False,False
aa12fc0c7c815faa,official_il,False,False
aa12fc0c7c815faa,original_grpo_11970,False,False
9663476f4a6752cf,official_il,False,False
9663476f4a6752cf,original_grpo_11970,True,False
c4ce27b40a63582f,official_il,False,False
c4ce27b40a63582f,original_grpo_11970,False,False
44e56c4601af5d18,official_il,False,False
44e56c4601af5d18,original_grpo_11970,False,False
5200a9cea01a567f,official_il,False,True
5200a9cea01a567f,original_grpo_11970,False,False
a2e2872429645811,official_il,False,False
a2e2872429645811,original_grpo_11970,False,False
7ef0f10046115444,official_il,False,False
7ef0f10046115444,original_grpo_11970,False,False
7c17c715f4695b1c,official_il,False,False
7c17c715f4695b1c,original_grpo_11970,False,False
6d741493c8865bc0,official_il,False,False
6d741493c8865bc0,original_grpo_11970,False,False
43518c87791656b0,official_il,False,False
43518c87791656b0,original_grpo_11970,False,False
f439f4cfb5df5747,official_il,True,False
f439f4cfb5df5747,original_grpo_11970,True,False
47fe6b45319d5849,official_il,False,False
47fe6b45319d5849,original_grpo_11970,False,False
cc36cbf37a0d5411,official_il,False,False
cc36cbf37a0d5411,original_grpo_11970,False,False
135d4c2ca1ba54f3,official_il,False,False
135d4c2ca1ba54f3,original_grpo_11970,False,False
fad5b8265897547d,official_il,False,False
fad5b8265897547d,original_grpo_11970,False,False
4e62d2141a0a5fb0,official_il,False,False
4e62d2141a0a5fb0,original_grpo_11970,False,False
9a7d04c64d1f5a77,official_il,False,False
9a7d04c64d1f5a77,original_grpo_11970,False,False
f99ef4aa355654d7,official_il,False,False
f99ef4aa355654d7,original_grpo_11970,False,False
ac78854a50b85d02,official_il,False,False
ac78854a50b85d02,original_grpo_11970,True,False
eff7dd683f505235,official_il,False,False
eff7dd683f505235,original_grpo_11970,False,False
6c4ee132e0905872,official_il,False,False
6c4ee132e0905872,original_grpo_11970,False,False
7ca25a769fee5a2c,official_il,False,False
7ca25a769fee5a2c,original_grpo_11970,False,False
2a6f6e5010165f35,official_il,False,False
2a6f6e5010165f35,original_grpo_11970,False,False
c8f57025acb65962,official_il,False,False
c8f57025acb65962,original_grpo_11970,False,False
c64d3898f26e5de6,official_il,False,False
c64d3898f26e5de6,original_grpo_11970,False,False
3cbdbea517a7564a,official_il,False,False
3cbdbea517a7564a,original_grpo_11970,False,False
2342b594c15955c7,official_il,False,False
2342b594c15955c7,original_grpo_11970,False,False
11445d142fef53e6,official_il,False,True
11445d142fef53e6,original_grpo_11970,False,False
a4982e49c45f536a,official_il,False,False
a4982e49c45f536a,original_grpo_11970,False,False
a26877b782ef5ebc,official_il,False,False
a26877b782ef5ebc,original_grpo_11970,False,False
243d8c6ad3dc5f31,official_il,False,False
243d8c6ad3dc5f31,original_grpo_11970,False,False
64932115e6875b2c,official_il,False,False
64932115e6875b2c,original_grpo_11970,False,False
424df6ae1653526b,official_il,False,False
424df6ae1653526b,original_grpo_11970,False,False
443eff7c662b5ebb,official_il,False,False
443eff7c662b5ebb,original_grpo_11970,False,False
7af1924fb8f952e7,official_il,False,False
7af1924fb8f952e7,original_grpo_11970,False,False
228fda589796597e,official_il,False,False
228fda589796597e,original_grpo_11970,False,True
aba05977d9f75e77,official_il,False,False
aba05977d9f75e77,original_grpo_11970,False,False
818a9d70e2275fae,official_il,False,False
818a9d70e2275fae,original_grpo_11970,False,False
2a31473ac0b15df7,official_il,False,False
2a31473ac0b15df7,original_grpo_11970,False,False
e56e707a3a34598d,official_il,False,False
e56e707a3a34598d,original_grpo_11970,False,False
17dd495f2fe75bf2,official_il,False,False
17dd495f2fe75bf2,original_grpo_11970,False,False
0e0a37d474805813,official_il,False,False
0e0a37d474805813,original_grpo_11970,False,False
d02930ba835a51fc,official_il,False,False
d02930ba835a51fc,original_grpo_11970,False,False
3b437c9ca7b65589,official_il,False,False
3b437c9ca7b65589,original_grpo_11970,False,False
a815156a11475f93,official_il,False,False
a815156a11475f93,original_grpo_11970,False,False
fd2e221dbb745b19,official_il,False,False
fd2e221dbb745b19,original_grpo_11970,False,False
0414e920d9c050b3,official_il,False,False
0414e920d9c050b3,original_grpo_11970,False,False
15c0dea466215a7f,official_il,False,False
15c0dea466215a7f,original_grpo_11970,False,False
6e8a030b97835684,official_il,False,False
6e8a030b97835684,original_grpo_11970,False,False
c0cfdcc6c10357ce,official_il,False,False
c0cfdcc6c10357ce,original_grpo_11970,False,False
b39a264f6f935e2b,official_il,False,False
b39a264f6f935e2b,original_grpo_11970,True,False
cd5d543332fb5a0e,official_il,False,False
cd5d543332fb5a0e,original_grpo_11970,False,False
df8c2f37d4775e38,official_il,False,False
df8c2f37d4775e38,original_grpo_11970,False,False
275cb13f242a53f2,official_il,False,False
275cb13f242a53f2,original_grpo_11970,False,False
2d630e1da58658bb,official_il,False,False
2d630e1da58658bb,original_grpo_11970,False,False
a1c694e7b5a453fa,official_il,False,False
a1c694e7b5a453fa,original_grpo_11970,False,False
81f45d8362935f3e,official_il,False,False
81f45d8362935f3e,original_grpo_11970,False,False
c9c223df17b258dc,official_il,False,False
c9c223df17b258dc,original_grpo_11970,False,False
8c62b5690c625d9c,official_il,False,False
8c62b5690c625d9c,original_grpo_11970,False,False
dca30a56c83656f1,official_il,False,False
dca30a56c83656f1,original_grpo_11970,False,False
6532b85a2eac5c57,official_il,False,False
6532b85a2eac5c57,original_grpo_11970,False,False
c1a91b1a95245bdd,official_il,False,False
c1a91b1a95245bdd,original_grpo_11970,False,False
a9d835888c505ca5,official_il,False,False
a9d835888c505ca5,original_grpo_11970,False,False
d2e8f9de3a5859e2,official_il,False,False
d2e8f9de3a5859e2,original_grpo_11970,False,False
11612dd002e1583e,official_il,False,False
11612dd002e1583e,original_grpo_11970,False,False
33469cf6157f5d9b,official_il,False,False
33469cf6157f5d9b,original_grpo_11970,False,False
13841ae402a95190,official_il,False,False
13841ae402a95190,original_grpo_11970,False,False
9214e582c4a65ea8,official_il,False,False
9214e582c4a65ea8,original_grpo_11970,False,False
e1b79d24ef0d57c8,official_il,False,False
e1b79d24ef0d57c8,original_grpo_11970,False,False
1363826497eb5106,official_il,False,False
1363826497eb5106,original_grpo_11970,True,False
75eb624e2c925f13,official_il,False,False
75eb624e2c925f13,original_grpo_11970,False,False
bbb3979dea9158c4,official_il,False,False
bbb3979dea9158c4,original_grpo_11970,False,False
42adfd667a7b54d5,official_il,False,False
42adfd667a7b54d5,original_grpo_11970,False,False
f3a1a69cb819567c,official_il,False,False
f3a1a69cb819567c,original_grpo_11970,False,False
fc63a87b19cd5b3b,official_il,False,False
fc63a87b19cd5b3b,original_grpo_11970,False,False
4705f7cefd835899,official_il,False,False
4705f7cefd835899,original_grpo_11970,False,False
687b9a33ff2f58c5,official_il,False,False
687b9a33ff2f58c5,original_grpo_11970,False,False
6b0357f5bead53ec,official_il,True,False
6b0357f5bead53ec,original_grpo_11970,True,False
2c125af841c251e7,official_il,False,False
2c125af841c251e7,original_grpo_11970,False,False
10a7d540ca91502e,official_il,False,False
10a7d540ca91502e,original_grpo_11970,False,False
5c5825378b645dd7,official_il,False,False
5c5825378b645dd7,original_grpo_11970,False,False
68085d7a7e805186,official_il,False,False
68085d7a7e805186,original_grpo_11970,False,False
d2dbda8f298b5f9a,official_il,False,False
d2dbda8f298b5f9a,original_grpo_11970,False,False
a4af07ba10505528,official_il,False,False
a4af07ba10505528,original_grpo_11970,False,False
b750809372a75a23,official_il,False,False
b750809372a75a23,original_grpo_11970,False,False
9fff317f30d85943,official_il,False,False
9fff317f30d85943,original_grpo_11970,False,False
77fba4f51d5e50c1,official_il,False,False
77fba4f51d5e50c1,original_grpo_11970,False,False
483ac627cafc5599,official_il,False,False
483ac627cafc5599,original_grpo_11970,False,False
884aa27f7aa85b62,official_il,False,False
884aa27f7aa85b62,original_grpo_11970,False,False
36c96a66fde651cd,official_il,False,False
36c96a66fde651cd,original_grpo_11970,False,False
0bae7b1e9dc65423,official_il,False,False
0bae7b1e9dc65423,original_grpo_11970,False,False
c14adf7330b35d2b,official_il,False,False
c14adf7330b35d2b,original_grpo_11970,False,False
3e01ee6b4e6850dd,official_il,False,False
3e01ee6b4e6850dd,original_grpo_11970,False,False
2107b2e463f95aea,official_il,False,False
2107b2e463f95aea,original_grpo_11970,False,False
28e2dbc353c953c7,official_il,False,False
28e2dbc353c953c7,original_grpo_11970,False,False
9d7b2fb5b13c579e,official_il,False,False
9d7b2fb5b13c579e,original_grpo_11970,False,False
437b45579ff45adf,official_il,False,False
437b45579ff45adf,original_grpo_11970,False,False
4046ef16f53552cd,official_il,False,False
4046ef16f53552cd,original_grpo_11970,False,False
ff2e5ea9fef15935,official_il,False,False
ff2e5ea9fef15935,original_grpo_11970,False,False
333df9ae8cff525d,official_il,False,False
333df9ae8cff525d,original_grpo_11970,False,False
55d7694fb5e35830,official_il,False,False
55d7694fb5e35830,original_grpo_11970,False,False
782f9d17fa705f30,official_il,False,False
782f9d17fa705f30,original_grpo_11970,False,False
bc25aac77ed95ce2,official_il,False,False
bc25aac77ed95ce2,original_grpo_11970,False,False
5412904e28745d57,official_il,False,False
5412904e28745d57,original_grpo_11970,False,False
c48f0027cd615421,official_il,False,False
c48f0027cd615421,original_grpo_11970,False,False
24ca12ebb8535f13,official_il,False,False
24ca12ebb8535f13,original_grpo_11970,False,False
f377aa36d3ee5348,official_il,False,False
f377aa36d3ee5348,original_grpo_11970,False,False
f0b05f3668cd5255,official_il,False,False
f0b05f3668cd5255,original_grpo_11970,False,False
28411029df1c5cad,official_il,False,False
28411029df1c5cad,original_grpo_11970,False,False
0207dd8c601354c2,official_il,False,False
0207dd8c601354c2,original_grpo_11970,False,False
1589de73bae354d7,official_il,False,False
1589de73bae354d7,original_grpo_11970,False,False
7de76315908d5e6e,official_il,False,False
7de76315908d5e6e,original_grpo_11970,False,False
c045fcdaeca5525f,official_il,False,False
c045fcdaeca5525f,original_grpo_11970,False,False
24203499007050ee,official_il,False,False
24203499007050ee,original_grpo_11970,False,False
6033bd6204395abf,official_il,False,False
6033bd6204395abf,original_grpo_11970,False,False
686b83ce17f85885,official_il,False,False
686b83ce17f85885,original_grpo_11970,False,False
8ed0ddb59f0750ad,official_il,False,False
8ed0ddb59f0750ad,original_grpo_11970,False,False
ad2b53a5bacd5e9b,official_il,False,False
ad2b53a5bacd5e9b,original_grpo_11970,False,False
63ea81c766585cdf,official_il,False,False
63ea81c766585cdf,original_grpo_11970,False,False
36055bdd67cb5ed9,official_il,False,False
36055bdd67cb5ed9,original_grpo_11970,False,False
0fa2bb1011a65ecf,official_il,False,False
0fa2bb1011a65ecf,original_grpo_11970,False,False
b6af5369cae65703,official_il,False,False
b6af5369cae65703,original_grpo_11970,False,False
641c719819cf5bb9,official_il,False,False
641c719819cf5bb9,original_grpo_11970,False,False
b31cbf1dafc251a1,official_il,False,False
b31cbf1dafc251a1,original_grpo_11970,False,False
9f8f74f3dd585da2,official_il,False,False
9f8f74f3dd585da2,original_grpo_11970,False,False
8b069ce5c05b5a0b,official_il,False,True
8b069ce5c05b5a0b,original_grpo_11970,False,True
8c8f4d15b38d565a,official_il,False,False
8c8f4d15b38d565a,original_grpo_11970,False,False
8606671ae6225272,official_il,False,False
8606671ae6225272,original_grpo_11970,False,False
1dc596d369515de3,official_il,False,False
1dc596d369515de3,original_grpo_11970,False,False
d904ec4b2bb2556e,official_il,False,False
d904ec4b2bb2556e,original_grpo_11970,False,False
9f9bbaf95e055a2a,official_il,False,False
9f9bbaf95e055a2a,original_grpo_11970,False,False
2a01446664c05156,official_il,False,False
2a01446664c05156,original_grpo_11970,False,False
4cd6e40431e65081,official_il,False,False
4cd6e40431e65081,original_grpo_11970,False,False
1ce087f582ec5350,official_il,False,False
1ce087f582ec5350,original_grpo_11970,False,False
ad09d3b2d3e45ff6,official_il,False,False
ad09d3b2d3e45ff6,original_grpo_11970,False,False
ed76dc6f7f9c5109,official_il,False,False
ed76dc6f7f9c5109,original_grpo_11970,False,False
983dd361632153e5,official_il,False,False
983dd361632153e5,original_grpo_11970,False,False
57ae7dae5a4e57f2,official_il,False,False
57ae7dae5a4e57f2,original_grpo_11970,False,False
a3967774e5ad594a,official_il,False,False
a3967774e5ad594a,original_grpo_11970,False,False
386a403f36c85d87,official_il,False,False
386a403f36c85d87,original_grpo_11970,False,False
a27776acd32e590a,official_il,False,False
a27776acd32e590a,original_grpo_11970,False,False
d0aa1783bb2b55c5,official_il,False,False
d0aa1783bb2b55c5,original_grpo_11970,False,False
e4e084120a4b569c,official_il,False,False
e4e084120a4b569c,original_grpo_11970,False,False
bab51481c078592e,official_il,False,False
bab51481c078592e,original_grpo_11970,False,False
cdca357751e954c9,official_il,False,False
cdca357751e954c9,original_grpo_11970,False,False
b161fed7f64e5160,official_il,False,False
b161fed7f64e5160,original_grpo_11970,False,False
252c34d92de5594f,official_il,False,False
252c34d92de5594f,original_grpo_11970,False,False
16d47ad1390e5327,official_il,False,False
16d47ad1390e5327,original_grpo_11970,False,False
00e1286c9a0f58a6,official_il,False,False
00e1286c9a0f58a6,original_grpo_11970,False,False
e3b03e5c29cc5d5f,official_il,False,False
e3b03e5c29cc5d5f,original_grpo_11970,False,False
669f927303ee54a8,official_il,False,False
669f927303ee54a8,original_grpo_11970,False,False
2bd67db1bbb55ed7,official_il,False,False
2bd67db1bbb55ed7,original_grpo_11970,False,False
37fb6c29cc0f52e1,official_il,False,False
37fb6c29cc0f52e1,original_grpo_11970,False,False
b6786e0a98605450,official_il,False,False
b6786e0a98605450,original_grpo_11970,False,False
1a509b9395d95ace,official_il,False,False
1a509b9395d95ace,original_grpo_11970,False,False
1df15d50e3cd54fa,official_il,False,False
1df15d50e3cd54fa,original_grpo_11970,False,False
7a335bdd64715079,official_il,False,False
7a335bdd64715079,original_grpo_11970,False,False
a856a2176a2d5b1a,official_il,False,False
a856a2176a2d5b1a,original_grpo_11970,False,False
f3ab869d0a425825,official_il,False,False
f3ab869d0a425825,original_grpo_11970,False,False
efca1a10bbb859ef,official_il,False,False
efca1a10bbb859ef,original_grpo_11970,False,False
256fa54d324656cb,official_il,False,False
256fa54d324656cb,original_grpo_11970,False,False
2b4fe26d9e075524,official_il,False,False
2b4fe26d9e075524,original_grpo_11970,False,False
1f9944fd7dfe5540,official_il,False,False
1f9944fd7dfe5540,original_grpo_11970,False,False
59daa21654835909,official_il,False,False
59daa21654835909,original_grpo_11970,False,False
81245e725f515473,official_il,False,False
81245e725f515473,original_grpo_11970,False,False
ec00a512588f5a6d,official_il,False,False
ec00a512588f5a6d,original_grpo_11970,False,False
87385631add45e71,official_il,False,False
87385631add45e71,original_grpo_11970,False,False
b6e6f78bbecc5795,official_il,False,False
b6e6f78bbecc5795,original_grpo_11970,False,False
ecd3d163debc57a4,official_il,False,False
ecd3d163debc57a4,original_grpo_11970,False,False
57f698aad3375d2e,official_il,False,False
57f698aad3375d2e,original_grpo_11970,True,False
0e32616bbf705c71,official_il,False,False
0e32616bbf705c71,original_grpo_11970,False,False
0ff4e37ff31d5d4c,official_il,False,False
0ff4e37ff31d5d4c,original_grpo_11970,False,False
c43e77cc58c85042,official_il,False,False
c43e77cc58c85042,original_grpo_11970,False,False
e6600dbfaa4d5f61,official_il,False,False
e6600dbfaa4d5f61,original_grpo_11970,False,False
2bbc9ed0a78d5c77,official_il,False,False
2bbc9ed0a78d5c77,original_grpo_11970,False,False
4215372af6c35623,official_il,False,False
4215372af6c35623,original_grpo_11970,False,False
1b55cc7490ca547c,official_il,False,False
1b55cc7490ca547c,original_grpo_11970,False,False
03604b53d27b5df1,official_il,True,False
03604b53d27b5df1,original_grpo_11970,False,False
d727d2ef390558cb,official_il,False,False
d727d2ef390558cb,original_grpo_11970,False,False
d8f2b8225373559d,official_il,False,False
d8f2b8225373559d,original_grpo_11970,False,False
aa285fc88e0f58c0,official_il,False,False
aa285fc88e0f58c0,original_grpo_11970,False,False
26a2081c9bea5326,official_il,False,False
26a2081c9bea5326,original_grpo_11970,False,False
f10c78de45a05296,official_il,False,False
f10c78de45a05296,original_grpo_11970,False,False
77e4c5730ba05a57,official_il,False,False
77e4c5730ba05a57,original_grpo_11970,False,False
6fb60d8d0a5b5589,official_il,False,False
6fb60d8d0a5b5589,original_grpo_11970,False,False
e7fa7d6b709e55ce,official_il,False,False
e7fa7d6b709e55ce,original_grpo_11970,False,False
f889a66610fc5c39,official_il,True,False
f889a66610fc5c39,original_grpo_11970,False,False
619751e2f7d45698,official_il,False,False
619751e2f7d45698,original_grpo_11970,False,False
ae170751e0d75595,official_il,False,False
ae170751e0d75595,original_grpo_11970,False,False
11b10abb19e65bcd,official_il,False,False
11b10abb19e65bcd,original_grpo_11970,False,False
d395e33e92d856cc,official_il,False,False
d395e33e92d856cc,original_grpo_11970,False,False
993fc94028345048,official_il,False,False
993fc94028345048,original_grpo_11970,False,False
525592a9ff1d5d2d,official_il,False,False
525592a9ff1d5d2d,original_grpo_11970,False,False
4a629c07b3275395,official_il,False,False
4a629c07b3275395,original_grpo_11970,False,False
1a69f6aa5bba5a4c,official_il,False,False
1a69f6aa5bba5a4c,original_grpo_11970,False,False
77be4e0c0a2d548b,official_il,False,False
77be4e0c0a2d548b,original_grpo_11970,False,False
409df44ad35951ad,official_il,False,False
409df44ad35951ad,original_grpo_11970,False,False
a3e710d5b1b952d0,official_il,False,False
a3e710d5b1b952d0,original_grpo_11970,False,False
e6623763161c5c31,official_il,False,False
e6623763161c5c31,original_grpo_11970,False,False
42eebfbe4c1e51c8,official_il,False,False
42eebfbe4c1e51c8,original_grpo_11970,False,False
c1b17eb4df735069,official_il,False,False
c1b17eb4df735069,original_grpo_11970,False,False
c4d5993df77d5a68,official_il,False,False
c4d5993df77d5a68,original_grpo_11970,False,False
0eb4ed28874459d0,official_il,False,False
0eb4ed28874459d0,original_grpo_11970,False,False
3470c7d879805043,official_il,False,False
3470c7d879805043,original_grpo_11970,False,False
3977d97c750a597d,official_il,False,False
3977d97c750a597d,original_grpo_11970,False,False
50042890b4a85356,official_il,False,True
50042890b4a85356,original_grpo_11970,False,True
5b6751ec62f65bf2,official_il,False,False
5b6751ec62f65bf2,original_grpo_11970,False,False
c525a3c307765952,official_il,False,False
c525a3c307765952,original_grpo_11970,False,False
0911b84cff095537,official_il,True,False
0911b84cff095537,original_grpo_11970,True,False
593395903eaa508e,official_il,False,False
593395903eaa508e,original_grpo_11970,False,False
44a6cf72d141523c,official_il,False,False
44a6cf72d141523c,original_grpo_11970,False,False
a92b2863590f59f0,official_il,False,False
a92b2863590f59f0,original_grpo_11970,False,False
26b82d408e8a5fd1,official_il,False,False
26b82d408e8a5fd1,original_grpo_11970,False,False
c7c59333cc2f520b,official_il,False,False
c7c59333cc2f520b,original_grpo_11970,False,False
078a762f66d35858,official_il,False,False
078a762f66d35858,original_grpo_11970,False,False
21412dd0c5f95d12,official_il,False,False
21412dd0c5f95d12,original_grpo_11970,True,False
73f91557040a5197,official_il,False,False
73f91557040a5197,original_grpo_11970,False,False
6059220193a05edc,official_il,False,False
6059220193a05edc,original_grpo_11970,True,False
12e0740b29115d7e,official_il,False,False
12e0740b29115d7e,original_grpo_11970,False,False
12ab5309086f5925,official_il,False,False
12ab5309086f5925,original_grpo_11970,False,False
6d041be110a95545,official_il,False,False
6d041be110a95545,original_grpo_11970,False,False
2d0d216beeb35828,official_il,False,False
2d0d216beeb35828,original_grpo_11970,False,False
06337d1e70205e01,official_il,False,False
06337d1e70205e01,original_grpo_11970,False,False
859211d8da1f5897,official_il,False,False
859211d8da1f5897,original_grpo_11970,False,False
d49ad7cd9afb597a,official_il,False,False
d49ad7cd9afb597a,original_grpo_11970,False,False
7ec85a0cb1175f12,official_il,False,False
7ec85a0cb1175f12,original_grpo_11970,False,False
f264e84eb7705956,official_il,False,False
f264e84eb7705956,original_grpo_11970,False,False
23a7d832588a56f0,official_il,False,False
23a7d832588a56f0,original_grpo_11970,False,False
144988ebb183527f,official_il,False,False
144988ebb183527f,original_grpo_11970,False,False
f9b5eb9f2ff45df8,official_il,False,False
f9b5eb9f2ff45df8,original_grpo_11970,False,False
ebd6604f3b5f5e05,official_il,False,False
ebd6604f3b5f5e05,original_grpo_11970,True,False
0aff0ac12787583c,official_il,False,False
0aff0ac12787583c,original_grpo_11970,False,False
5c664b56269b5bfb,official_il,False,False
5c664b56269b5bfb,original_grpo_11970,False,False
d216b09b0b0e5f22,official_il,False,False
d216b09b0b0e5f22,original_grpo_11970,False,False
e67ab2e1ce80502d,official_il,False,False
e67ab2e1ce80502d,original_grpo_11970,False,False
9f07bf348b3350be,official_il,False,False
9f07bf348b3350be,original_grpo_11970,False,False
0771dfc6dfc9534e,official_il,False,False
0771dfc6dfc9534e,original_grpo_11970,False,False
5b89f034b0715021,official_il,False,False
5b89f034b0715021,original_grpo_11970,False,False
814929b08dfb5a96,official_il,False,False
814929b08dfb5a96,original_grpo_11970,False,False
ad7ca5f1f94e5e53,official_il,False,False
ad7ca5f1f94e5e53,original_grpo_11970,False,False
d1e134ea34495d42,official_il,False,False
d1e134ea34495d42,original_grpo_11970,False,False
ea58615fbaea5fc6,official_il,False,False
ea58615fbaea5fc6,original_grpo_11970,False,False
da3178e6eb795eb3,official_il,False,False
da3178e6eb795eb3,original_grpo_11970,False,False
f992a7f4646f5eef,official_il,False,False
f992a7f4646f5eef,original_grpo_11970,False,False
c7afcee3376d59dc,official_il,False,False
c7afcee3376d59dc,original_grpo_11970,False,False
5a43aecc035f5fcf,official_il,False,False
5a43aecc035f5fcf,original_grpo_11970,False,False
429ea0d772b250bc,official_il,False,False
429ea0d772b250bc,original_grpo_11970,False,False
6a54a4db0121584a,official_il,False,False
6a54a4db0121584a,original_grpo_11970,False,False
241095eae92e501d,official_il,False,False
241095eae92e501d,original_grpo_11970,False,False
fd2b1c26a43c52bf,official_il,False,False
fd2b1c26a43c52bf,original_grpo_11970,False,False
a6a8a5c88eda52cd,official_il,False,False
a6a8a5c88eda52cd,original_grpo_11970,False,False
5e61b75de2f65409,official_il,False,False
5e61b75de2f65409,original_grpo_11970,False,False
f709942577865c15,official_il,False,False
f709942577865c15,original_grpo_11970,False,True
bda516ce7079595b,official_il,False,False
bda516ce7079595b,original_grpo_11970,False,False
30b3aff128a8582d,official_il,False,False
30b3aff128a8582d,original_grpo_11970,False,False
0625efec6170551d,official_il,False,False
0625efec6170551d,original_grpo_11970,False,False
e02c4e86cc345f50,official_il,False,False
e02c4e86cc345f50,original_grpo_11970,False,False
f9c8ea1e82a253c3,official_il,False,False
f9c8ea1e82a253c3,original_grpo_11970,False,False
d1d96c46b5775411,official_il,False,False
d1d96c46b5775411,original_grpo_11970,False,False
f09549133a075b40,official_il,False,False
f09549133a075b40,original_grpo_11970,False,False
73493994df89540a,official_il,False,False
73493994df89540a,original_grpo_11970,False,False
19146ebe1b5758a3,official_il,False,False
19146ebe1b5758a3,original_grpo_11970,False,False
a565bd17b74558c9,official_il,False,False
a565bd17b74558c9,original_grpo_11970,False,False
4bdd124a341a560b,official_il,False,False
4bdd124a341a560b,original_grpo_11970,False,False
9b144f333da45199,official_il,False,False
9b144f333da45199,original_grpo_11970,False,False
cdb8ed61577455d0,official_il,False,False
cdb8ed61577455d0,original_grpo_11970,False,False
d55afe63239c5c69,official_il,False,False
d55afe63239c5c69,original_grpo_11970,False,False
78f774a9dbd35676,official_il,False,False
78f774a9dbd35676,original_grpo_11970,False,False
637f08b948df5f85,official_il,False,False
637f08b948df5f85,original_grpo_11970,False,False
76de9ee06f8250b1,official_il,False,False
76de9ee06f8250b1,original_grpo_11970,False,False
e55ecf900bd05f47,official_il,False,False
e55ecf900bd05f47,original_grpo_11970,False,False
287b2c72f04a5ead,official_il,False,False
287b2c72f04a5ead,original_grpo_11970,False,False
2e6ffa303ad158cd,official_il,False,False
2e6ffa303ad158cd,original_grpo_11970,False,False
a376ddbc215b59b4,official_il,False,False
a376ddbc215b59b4,original_grpo_11970,False,False
e4729c5f4e995d3c,official_il,False,False
e4729c5f4e995d3c,original_grpo_11970,False,False
0d55fd9dd5a35ee7,official_il,False,False
0d55fd9dd5a35ee7,original_grpo_11970,False,False
a26967f173965141,official_il,False,False
a26967f173965141,original_grpo_11970,False,False
2f8f4500395f50e3,official_il,False,False
2f8f4500395f50e3,original_grpo_11970,False,False
4f0025d6463352ec,official_il,False,False
4f0025d6463352ec,original_grpo_11970,False,False
33540cf65c2a532b,official_il,False,False
33540cf65c2a532b,original_grpo_11970,False,False
76a5aa8a29d75ec1,official_il,False,False
76a5aa8a29d75ec1,original_grpo_11970,False,False
0b73ecf845c4520c,official_il,False,False
0b73ecf845c4520c,original_grpo_11970,False,False
da8d0f7b90405706,official_il,False,False
da8d0f7b90405706,original_grpo_11970,False,False
e25abac925c858af,official_il,False,False
e25abac925c858af,original_grpo_11970,False,False
b035442bfe075e3b,official_il,False,False
b035442bfe075e3b,original_grpo_11970,False,False
27fd30c79f805609,official_il,False,False
27fd30c79f805609,original_grpo_11970,False,False
ce22b3ab452658d1,official_il,True,False
ce22b3ab452658d1,original_grpo_11970,True,False
f5b5c4b855f15793,official_il,False,False
f5b5c4b855f15793,original_grpo_11970,False,False
83745018444e5791,official_il,False,False
83745018444e5791,original_grpo_11970,False,False
540dc111391c5c1c,official_il,False,False
540dc111391c5c1c,original_grpo_11970,False,False
d5420cf42ca357d3,official_il,False,False
d5420cf42ca357d3,original_grpo_11970,False,False
83637536f0905187,official_il,False,False
83637536f0905187,original_grpo_11970,False,False
5a30364e94005b4b,official_il,False,False
5a30364e94005b4b,original_grpo_11970,False,False
454974d31e1652f0,official_il,False,False
454974d31e1652f0,original_grpo_11970,False,False
abe3c5e636f458b4,official_il,False,False
abe3c5e636f458b4,original_grpo_11970,False,False
b59801ccac4b5d78,official_il,False,False
b59801ccac4b5d78,original_grpo_11970,False,False
68f3eda7e54b5dbe,official_il,False,False
68f3eda7e54b5dbe,original_grpo_11970,False,False
82c4957c5710549b,official_il,False,False
82c4957c5710549b,original_grpo_11970,False,False
163c827663bd5a71,official_il,False,False
163c827663bd5a71,original_grpo_11970,False,False
7162384d1b8d55fe,official_il,False,False
7162384d1b8d55fe,original_grpo_11970,False,False
58942f0a79965a36,official_il,False,False
58942f0a79965a36,original_grpo_11970,False,False
254ee9fd016f583b,official_il,False,False
254ee9fd016f583b,original_grpo_11970,False,False
4129caaf76d85292,official_il,False,False
4129caaf76d85292,original_grpo_11970,False,False
cdb39fc99d9453c9,official_il,False,False
cdb39fc99d9453c9,original_grpo_11970,False,False
af5a85ee60c25103,official_il,False,False
af5a85ee60c25103,original_grpo_11970,False,False
1bc33cc561a75cba,official_il,False,False
1bc33cc561a75cba,original_grpo_11970,False,False
ca66aeac0a0950fa,official_il,False,False
ca66aeac0a0950fa,original_grpo_11970,False,False
ab792a7e71c75ddf,official_il,False,False
ab792a7e71c75ddf,original_grpo_11970,False,False
680fec1566d6582d,official_il,False,False
680fec1566d6582d,original_grpo_11970,False,False
8d53c8ea555f5c58,official_il,False,False
8d53c8ea555f5c58,original_grpo_11970,False,False
d24886beb16e536e,official_il,False,False
d24886beb16e536e,original_grpo_11970,False,False
486e1a7d31e552f8,official_il,False,False
486e1a7d31e552f8,original_grpo_11970,False,False
cb34cb5ffd035172,official_il,False,False
cb34cb5ffd035172,original_grpo_11970,False,False
1b282d13cb135c56,official_il,False,False
1b282d13cb135c56,original_grpo_11970,False,False
da9efce143595800,official_il,False,False
da9efce143595800,original_grpo_11970,False,False
998ad9a3a916531c,official_il,False,False
998ad9a3a916531c,original_grpo_11970,False,False
c2b61de41d8b5b78,official_il,True,False
c2b61de41d8b5b78,original_grpo_11970,True,False
b358ea3789ca5f33,official_il,False,False
b358ea3789ca5f33,original_grpo_11970,False,False
8f38bdeaeb73543e,official_il,False,False
8f38bdeaeb73543e,original_grpo_11970,False,False
e4d47d1bdd415b3b,official_il,False,False
e4d47d1bdd415b3b,original_grpo_11970,False,False
efe697f75e7d51fc,official_il,False,False
efe697f75e7d51fc,original_grpo_11970,False,False
6e49a31e309e51eb,official_il,False,False
6e49a31e309e51eb,original_grpo_11970,False,False
19840ef1ff9e5432,official_il,False,False
19840ef1ff9e5432,original_grpo_11970,False,False
b058590cd22c5e67,official_il,False,False
b058590cd22c5e67,original_grpo_11970,False,False
4c9353e929d454b3,official_il,False,False
4c9353e929d454b3,original_grpo_11970,False,False
a7259921b7fc52c7,official_il,False,False
a7259921b7fc52c7,original_grpo_11970,False,False
3187eb006ad555bc,official_il,False,False
3187eb006ad555bc,original_grpo_11970,False,False
695d10fb19895dd6,official_il,False,False
695d10fb19895dd6,original_grpo_11970,True,False
c84ad7f4c1105a29,official_il,False,False
c84ad7f4c1105a29,original_grpo_11970,False,False
3dd5fd72af755341,official_il,False,False
3dd5fd72af755341,original_grpo_11970,False,False
bdf86218261d56ad,official_il,False,False
bdf86218261d56ad,original_grpo_11970,False,False
72ffc1b98aa55dd5,official_il,False,False
72ffc1b98aa55dd5,original_grpo_11970,False,False
df4b689b2205533c,official_il,False,False
df4b689b2205533c,original_grpo_11970,False,False
598288dd1e305f07,official_il,False,False
598288dd1e305f07,original_grpo_11970,False,False
33198121852c5226,official_il,False,False
33198121852c5226,original_grpo_11970,False,False
a49239503e2a50f9,official_il,False,False
a49239503e2a50f9,original_grpo_11970,False,False
a1b9a406199b5aef,official_il,False,False
a1b9a406199b5aef,original_grpo_11970,False,False
9b56d2caffdc5cde,official_il,False,False
9b56d2caffdc5cde,original_grpo_11970,False,False
c15e757cc247531b,official_il,False,False
c15e757cc247531b,original_grpo_11970,False,False
be5d72f74d8c5f2c,official_il,False,False
be5d72f74d8c5f2c,original_grpo_11970,False,False
43c1bc2d622d5794,official_il,False,False
43c1bc2d622d5794,original_grpo_11970,False,False
99fa3e92446656b9,official_il,False,False
99fa3e92446656b9,original_grpo_11970,False,False
e95ec67d1a785ef9,official_il,False,False
e95ec67d1a785ef9,original_grpo_11970,False,False
1ebed64855565c3d,official_il,False,False
1ebed64855565c3d,original_grpo_11970,False,False
85c0fc799da0554f,official_il,False,False
85c0fc799da0554f,original_grpo_11970,False,False
fb49c7504feb5c1d,official_il,False,False
fb49c7504feb5c1d,original_grpo_11970,False,False
43321f61bcfb5cd2,official_il,False,False
43321f61bcfb5cd2,original_grpo_11970,False,False
726bf55711435012,official_il,False,False
726bf55711435012,original_grpo_11970,False,False
d2c369bacaf05706,official_il,False,False
d2c369bacaf05706,original_grpo_11970,False,False
e924163676325684,official_il,False,False
e924163676325684,original_grpo_11970,False,False
ae423ca6966757cf,official_il,False,False
ae423ca6966757cf,original_grpo_11970,False,False
bfd8ffe3f3bb55f1,official_il,False,False
bfd8ffe3f3bb55f1,original_grpo_11970,False,False
77f75b8956165507,official_il,False,False
77f75b8956165507,original_grpo_11970,False,False
785f071a7a7155ea,official_il,False,False
785f071a7a7155ea,original_grpo_11970,False,False
8918e19570455363,official_il,False,False
8918e19570455363,original_grpo_11970,False,False
8c25f9e13bfd5d31,official_il,False,False
8c25f9e13bfd5d31,original_grpo_11970,False,False
b23a205330d95bac,official_il,False,False
b23a205330d95bac,original_grpo_11970,False,False
c7715deb4394589e,official_il,False,False
c7715deb4394589e,original_grpo_11970,True,False
50baf9e5a6185ebb,official_il,False,False
50baf9e5a6185ebb,original_grpo_11970,False,False
a22c46d9f9d75e72,official_il,False,False
a22c46d9f9d75e72,original_grpo_11970,False,False
fede01dc035954be,official_il,False,False
fede01dc035954be,original_grpo_11970,False,False
c2a2ae4308fb5824,official_il,False,False
c2a2ae4308fb5824,original_grpo_11970,False,False
830a8e7f9d4b5ccb,official_il,False,False
830a8e7f9d4b5ccb,original_grpo_11970,False,False
f5e9d6cbe91a5fa2,official_il,True,False
f5e9d6cbe91a5fa2,original_grpo_11970,True,False
8f164707f5875510,official_il,False,False
8f164707f5875510,original_grpo_11970,False,True
7dc57630b18e5a3d,official_il,False,False
7dc57630b18e5a3d,original_grpo_11970,False,False
55bf0e4266ce5eee,official_il,False,False
55bf0e4266ce5eee,original_grpo_11970,False,False
3445491a26c156c1,official_il,False,False
3445491a26c156c1,original_grpo_11970,False,False
ccbb24f65b785ad0,official_il,False,False
ccbb24f65b785ad0,original_grpo_11970,False,False
b6b6fe4768995d34,official_il,False,False
b6b6fe4768995d34,original_grpo_11970,False,False
b4ec56775e4b5584,official_il,False,False
b4ec56775e4b5584,original_grpo_11970,False,False
dd1cbd7bd2015219,official_il,False,False
dd1cbd7bd2015219,original_grpo_11970,False,False
395dbefe70bf5fa7,official_il,False,False
395dbefe70bf5fa7,original_grpo_11970,False,False
23f9ceaffeae5006,official_il,False,False
23f9ceaffeae5006,original_grpo_11970,False,False
f090f9deb31c5caf,official_il,False,False
f090f9deb31c5caf,original_grpo_11970,False,False
1a1380809a4a5237,official_il,False,False
1a1380809a4a5237,original_grpo_11970,False,False
1855c6311427547b,official_il,False,False
1855c6311427547b,original_grpo_11970,False,False
3d4cf0504c9c5c09,official_il,False,False
3d4cf0504c9c5c09,original_grpo_11970,False,False
1b126b8557435ba0,official_il,False,False
1b126b8557435ba0,original_grpo_11970,False,False
b7b44cc555435b24,official_il,False,False
b7b44cc555435b24,original_grpo_11970,False,False
662b6f0705515654,official_il,False,False
662b6f0705515654,original_grpo_11970,False,False
a4f8f9a549e558d8,official_il,False,False
a4f8f9a549e558d8,original_grpo_11970,False,False
1ce6ecf4532758af,official_il,False,False
1ce6ecf4532758af,original_grpo_11970,False,False
8a2e1c0bb8235cf6,official_il,False,False
8a2e1c0bb8235cf6,original_grpo_11970,False,False
5cfb74ac08045019,official_il,False,False
5cfb74ac08045019,original_grpo_11970,False,False
65a56d052b875ed9,official_il,False,False
65a56d052b875ed9,original_grpo_11970,False,False
a35ff3ee40895cec,official_il,False,False
a35ff3ee40895cec,original_grpo_11970,False,False
b2d0edbe8b175625,official_il,False,False
b2d0edbe8b175625,original_grpo_11970,False,False
8a8f3f5dd88d5295,official_il,False,False
8a8f3f5dd88d5295,original_grpo_11970,False,False
d2f92d7db8545cbd,official_il,False,False
d2f92d7db8545cbd,original_grpo_11970,False,False
62abb1f357e05079,official_il,False,False
62abb1f357e05079,original_grpo_11970,False,False
acf4fb9f322f5793,official_il,False,False
acf4fb9f322f5793,original_grpo_11970,False,False
a802624eac6e5caf,official_il,False,False
a802624eac6e5caf,original_grpo_11970,False,False
4a979603a54c5b7f,official_il,False,False
4a979603a54c5b7f,original_grpo_11970,False,False
8811715cb2b1535e,official_il,False,False
8811715cb2b1535e,original_grpo_11970,False,False
93d5d0a116d8584f,official_il,False,False
93d5d0a116d8584f,original_grpo_11970,False,False
cf4c00ccfe7353be,official_il,False,False
cf4c00ccfe7353be,original_grpo_11970,False,False
3f069e25896e5bd2,official_il,False,False
3f069e25896e5bd2,original_grpo_11970,False,False
a1b3ad99a09355e0,official_il,False,False
a1b3ad99a09355e0,original_grpo_11970,False,False
ddea2c0b2d505229,official_il,False,False
ddea2c0b2d505229,original_grpo_11970,False,False
448ac24c60b95d03,official_il,False,False
448ac24c60b95d03,original_grpo_11970,False,False
29574fbfe8685404,official_il,False,False
29574fbfe8685404,original_grpo_11970,False,False
f3cb714e8ba7535b,official_il,False,False
f3cb714e8ba7535b,original_grpo_11970,False,False
01f6f2b84aae51f0,official_il,False,False
01f6f2b84aae51f0,original_grpo_11970,False,False
116c165fcf045246,official_il,False,False
116c165fcf045246,original_grpo_11970,False,False
4944ef15b32c5505,official_il,False,False
4944ef15b32c5505,original_grpo_11970,False,False
e4d65361fe185afb,official_il,False,False
e4d65361fe185afb,original_grpo_11970,False,False
3ff82818d0aa5197,official_il,False,False
3ff82818d0aa5197,original_grpo_11970,False,False
026aa72c9687531f,official_il,False,False
026aa72c9687531f,original_grpo_11970,False,False
23096fea19835e5f,official_il,False,False
23096fea19835e5f,original_grpo_11970,False,False
5288412a7a0e5220,official_il,False,False
5288412a7a0e5220,original_grpo_11970,False,False
f215b088f4055e95,official_il,False,False
f215b088f4055e95,original_grpo_11970,False,False
cd90e431cd175356,official_il,False,False
cd90e431cd175356,original_grpo_11970,False,False
b661fc5738695129,official_il,False,False
b661fc5738695129,original_grpo_11970,False,False
11daa5a5993e5a1d,official_il,False,False
11daa5a5993e5a1d,original_grpo_11970,False,False
4204b1bf7df850fd,official_il,False,False
4204b1bf7df850fd,original_grpo_11970,False,False
44c673aef3025e2c,official_il,False,False
44c673aef3025e2c,original_grpo_11970,False,False
b3d41f3dd2cb5e59,official_il,False,False
b3d41f3dd2cb5e59,original_grpo_11970,False,False
2007034b15c05138,official_il,False,False
2007034b15c05138,original_grpo_11970,False,False
9ad24df59c9b5114,official_il,False,False
9ad24df59c9b5114,original_grpo_11970,False,False
996d95a0cfe05a89,official_il,False,False
996d95a0cfe05a89,original_grpo_11970,False,False
c0fac6918cff57f8,official_il,False,False
c0fac6918cff57f8,original_grpo_11970,False,False
f254d3f19a765070,official_il,False,False
f254d3f19a765070,original_grpo_11970,False,False
936e661e425d5e03,official_il,False,False
936e661e425d5e03,original_grpo_11970,False,False
4495d280efcc5a4c,official_il,False,False
4495d280efcc5a4c,original_grpo_11970,False,False
bd9be15b6891552b,official_il,False,False
bd9be15b6891552b,original_grpo_11970,False,False
e58b096c8cb359e4,official_il,False,False
e58b096c8cb359e4,original_grpo_11970,False,False
fd3cd71844d954ed,official_il,False,False
fd3cd71844d954ed,original_grpo_11970,False,False
991da884dbc851e6,official_il,False,False
991da884dbc851e6,original_grpo_11970,False,False
629fa7123ee95669,official_il,False,False
629fa7123ee95669,original_grpo_11970,False,False
f4b2952bd26857ff,official_il,False,False
f4b2952bd26857ff,original_grpo_11970,False,False
f7f7d3b608ba5ee9,official_il,False,False
f7f7d3b608ba5ee9,original_grpo_11970,False,False
7a50023c65d95f3b,official_il,False,False
7a50023c65d95f3b,original_grpo_11970,False,False
368043c11af35f0b,official_il,False,False
368043c11af35f0b,original_grpo_11970,False,False
29bc8035ec3e5be3,official_il,False,False
29bc8035ec3e5be3,original_grpo_11970,False,False
6789a514999a53ab,official_il,False,False
6789a514999a53ab,original_grpo_11970,False,False
91a574e45ce45658,official_il,False,False
91a574e45ce45658,original_grpo_11970,False,False
730804c13a4e55fc,official_il,False,False
730804c13a4e55fc,original_grpo_11970,False,False
0a206e6392d05c1e,official_il,False,False
0a206e6392d05c1e,original_grpo_11970,False,False
f16a79e7f1ef537c,official_il,False,False
f16a79e7f1ef537c,original_grpo_11970,False,False
8a2a91379bca508b,official_il,False,False
8a2a91379bca508b,original_grpo_11970,False,False
db21911be17b5e94,official_il,False,False
db21911be17b5e94,original_grpo_11970,True,False
e706edae6b2158a6,official_il,False,False
e706edae6b2158a6,original_grpo_11970,False,False
a3cfd8eeabf35f23,official_il,False,False
a3cfd8eeabf35f23,original_grpo_11970,False,False
2d6650a53bec5933,official_il,False,False
2d6650a53bec5933,original_grpo_11970,False,False
991da27cd92a5e7a,official_il,False,False
991da27cd92a5e7a,original_grpo_11970,False,False
ea1f746323395041,official_il,False,False
ea1f746323395041,original_grpo_11970,False,False
0d03479690145fe3,official_il,False,False
0d03479690145fe3,original_grpo_11970,False,False
5e5f522e3ecd5cca,official_il,False,False
5e5f522e3ecd5cca,original_grpo_11970,False,False
28437566025e5c71,official_il,False,False
28437566025e5c71,original_grpo_11970,False,False
f1f0731c0e405fb2,official_il,False,False
f1f0731c0e405fb2,original_grpo_11970,False,False
e1ce0d190d485b49,official_il,False,False
e1ce0d190d485b49,original_grpo_11970,False,True
8ec1b9ac65785db8,official_il,False,False
8ec1b9ac65785db8,original_grpo_11970,False,False
5c469fcbfef4547f,official_il,False,False
5c469fcbfef4547f,original_grpo_11970,False,False
ec8c890df17d543f,official_il,False,False
ec8c890df17d543f,original_grpo_11970,False,False
e1985802897554ec,official_il,False,False
e1985802897554ec,original_grpo_11970,False,False
cb531c200ab152cb,official_il,False,False
cb531c200ab152cb,original_grpo_11970,False,False
4e6329ccaf8e515f,official_il,False,False
4e6329ccaf8e515f,original_grpo_11970,False,False
baddfb93ab445fa7,official_il,False,False
baddfb93ab445fa7,original_grpo_11970,False,False
ab83ee64aaf95dc2,official_il,False,False
ab83ee64aaf95dc2,original_grpo_11970,False,False
47a5526186d45a14,official_il,False,False
47a5526186d45a14,original_grpo_11970,False,False
8ab10ef7ccca585e,official_il,False,False
8ab10ef7ccca585e,original_grpo_11970,False,False
a85ccac1ee575810,official_il,False,False
a85ccac1ee575810,original_grpo_11970,False,False
ea9e77fb16335dde,official_il,False,False
ea9e77fb16335dde,original_grpo_11970,False,False
1c0e8bfccd04564e,official_il,False,False
1c0e8bfccd04564e,original_grpo_11970,False,False
ea86bc42682c576d,official_il,False,False
ea86bc42682c576d,original_grpo_11970,False,False
894508143dd15a58,official_il,False,False
894508143dd15a58,original_grpo_11970,False,False
c1f54604a7a751fb,official_il,False,False
c1f54604a7a751fb,original_grpo_11970,False,False
b00d271dceff56b2,official_il,False,False
b00d271dceff56b2,original_grpo_11970,False,False
e76e3b90b3e85d6a,official_il,False,False
e76e3b90b3e85d6a,original_grpo_11970,False,False
da21add561b15208,official_il,False,False
da21add561b15208,original_grpo_11970,True,False
1d077e486fe75ff4,official_il,False,False
1d077e486fe75ff4,original_grpo_11970,False,False
3b3f7522446c55a0,official_il,False,False
3b3f7522446c55a0,original_grpo_11970,False,False
712608a5cdbd5f30,official_il,False,False
712608a5cdbd5f30,original_grpo_11970,False,False
f9765b0386225311,official_il,False,False
f9765b0386225311,original_grpo_11970,False,False
c9b34a3c90105019,official_il,False,False
c9b34a3c90105019,original_grpo_11970,False,False
944b00afa6585ce0,official_il,False,False
944b00afa6585ce0,original_grpo_11970,False,False
ad74e62593f95d92,official_il,False,False
ad74e62593f95d92,original_grpo_11970,False,False
c3ac0c3421005cdf,official_il,False,False
c3ac0c3421005cdf,original_grpo_11970,False,False
002fc6d041a45230,official_il,False,False
002fc6d041a45230,original_grpo_11970,False,False
09a555e393995ff0,official_il,False,False
09a555e393995ff0,original_grpo_11970,False,False
c273fa16f1e95f8d,official_il,False,False
c273fa16f1e95f8d,original_grpo_11970,False,False
10eae6a2b44f5973,official_il,False,False
10eae6a2b44f5973,original_grpo_11970,False,False
85028c7f99255ace,official_il,False,False
85028c7f99255ace,original_grpo_11970,False,False
15e1b3e3ec9b5b58,official_il,False,False
15e1b3e3ec9b5b58,original_grpo_11970,False,False
44e90c2044895cfb,official_il,False,False
44e90c2044895cfb,original_grpo_11970,False,False
470389d4a5be54a0,official_il,False,False
470389d4a5be54a0,original_grpo_11970,False,False
44a2600e47e159bd,official_il,False,True
44a2600e47e159bd,original_grpo_11970,False,False
1ab8bf700e085f68,official_il,False,False
1ab8bf700e085f68,original_grpo_11970,False,False
1efaaa346d9c5991,official_il,False,False
1efaaa346d9c5991,original_grpo_11970,False,False
50c1f12e0eb35f94,official_il,False,False
50c1f12e0eb35f94,original_grpo_11970,False,False
1a02a9d2ed455e04,official_il,False,False
1a02a9d2ed455e04,original_grpo_11970,True,False
eb4b5337a77d53c2,official_il,False,False
eb4b5337a77d53c2,original_grpo_11970,False,False
319b15b436445903,official_il,False,False
319b15b436445903,original_grpo_11970,False,False
b0980141054a5a92,official_il,False,False
b0980141054a5a92,original_grpo_11970,False,False
8a59fd19c3a5596b,official_il,False,False
8a59fd19c3a5596b,original_grpo_11970,False,False
d2087a76b6d05ae3,official_il,False,False
d2087a76b6d05ae3,original_grpo_11970,False,False
5a36534808fe58b2,official_il,False,False
5a36534808fe58b2,original_grpo_11970,False,False
29cbb3ee70b050a3,official_il,False,False
29cbb3ee70b050a3,original_grpo_11970,False,False
6891daf01f0f52bc,official_il,False,False
6891daf01f0f52bc,original_grpo_11970,False,False
6d8a1a27bc5b5ea3,official_il,False,False
6d8a1a27bc5b5ea3,original_grpo_11970,False,False
42fdc2557fc558a4,official_il,False,False
42fdc2557fc558a4,original_grpo_11970,False,False
9bed13ab809f5198,official_il,False,False
9bed13ab809f5198,original_grpo_11970,False,False
461a0fd85d115812,official_il,False,False
461a0fd85d115812,original_grpo_11970,False,False
5f25241a41c95b1c,official_il,False,False
5f25241a41c95b1c,original_grpo_11970,False,False
05b120a146885319,official_il,False,False
05b120a146885319,original_grpo_11970,False,False
3b552e222d715bfc,official_il,False,False
3b552e222d715bfc,original_grpo_11970,True,False
1a438faeef925396,official_il,False,False
1a438faeef925396,original_grpo_11970,False,False
8c2e4d4815e05afb,official_il,False,False
8c2e4d4815e05afb,original_grpo_11970,False,False
4b1740f9c95f5490,official_il,False,False
4b1740f9c95f5490,original_grpo_11970,False,False
6c0096026a68579b,official_il,False,False
6c0096026a68579b,original_grpo_11970,False,False
da772a57e2fb5599,official_il,False,False
da772a57e2fb5599,original_grpo_11970,False,False
d42a10fa64395ab7,official_il,False,False
d42a10fa64395ab7,original_grpo_11970,False,False
51f5036e208556a1,official_il,False,False
51f5036e208556a1,original_grpo_11970,False,False
fd86cb0d22c45275,official_il,False,False
fd86cb0d22c45275,original_grpo_11970,False,False
e35eeea8d5b6538f,official_il,False,False
e35eeea8d5b6538f,original_grpo_11970,False,False
0183e4db573c5c63,official_il,False,False
0183e4db573c5c63,original_grpo_11970,True,False
7518f61d28c55e31,official_il,False,False
7518f61d28c55e31,original_grpo_11970,False,False
904e7a3e0b9056ab,official_il,False,False
904e7a3e0b9056ab,original_grpo_11970,False,False
113482e1c5615e18,official_il,False,False
113482e1c5615e18,original_grpo_11970,False,False
715a60d212195c17,official_il,False,False
715a60d212195c17,original_grpo_11970,False,False
9fc3bd1d94de51e0,official_il,False,False
9fc3bd1d94de51e0,original_grpo_11970,False,False
132b67ac624e5f97,official_il,False,False
132b67ac624e5f97,original_grpo_11970,False,False
9448aa2e724a5345,official_il,False,False
9448aa2e724a5345,original_grpo_11970,False,False
25c075f23b3a5084,official_il,False,False
25c075f23b3a5084,original_grpo_11970,False,False
3fc31622e239564d,official_il,False,False
3fc31622e239564d,original_grpo_11970,False,False
685e1eba51ad50dd,official_il,False,False
685e1eba51ad50dd,original_grpo_11970,False,False
5d56faad4e2a53ee,official_il,False,False
5d56faad4e2a53ee,original_grpo_11970,False,False
106b21cbb36b5a42,official_il,False,False
106b21cbb36b5a42,original_grpo_11970,False,False
1f27970870ce59f1,official_il,False,False
1f27970870ce59f1,original_grpo_11970,False,False
b998629f005d5cd1,official_il,False,False
b998629f005d5cd1,original_grpo_11970,False,False
15fcad4397b85a31,official_il,False,False
15fcad4397b85a31,original_grpo_11970,False,False
bd6a0ceed4d55b99,official_il,False,False
bd6a0ceed4d55b99,original_grpo_11970,False,False
2491969def8754ff,official_il,True,False
2491969def8754ff,original_grpo_11970,False,False
d0a745988b075f7c,official_il,False,False
d0a745988b075f7c,original_grpo_11970,False,False
b0d4e89718ca5a60,official_il,False,False
b0d4e89718ca5a60,original_grpo_11970,False,False
d0191886171e5423,official_il,False,False
d0191886171e5423,original_grpo_11970,False,False
eb75163d921451d7,official_il,False,False
eb75163d921451d7,original_grpo_11970,False,False
2386dca007b75638,official_il,False,False
2386dca007b75638,original_grpo_11970,False,False
0c62c0a3a56b554b,official_il,False,False
0c62c0a3a56b554b,original_grpo_11970,False,False
ed8d603fddc55b1b,official_il,False,False
ed8d603fddc55b1b,original_grpo_11970,False,False
1cb94ec974095396,official_il,False,False
1cb94ec974095396,original_grpo_11970,False,False
773cd31080c35b71,official_il,False,False
773cd31080c35b71,original_grpo_11970,False,False
1482490ac71a58e3,official_il,False,False
1482490ac71a58e3,original_grpo_11970,False,False
1f999eb5d05f5ecb,official_il,True,False
1f999eb5d05f5ecb,original_grpo_11970,False,False
965470207bd55a44,official_il,False,False
965470207bd55a44,original_grpo_11970,False,False
74597cbc6a405316,official_il,True,False
74597cbc6a405316,original_grpo_11970,False,False
93edd12cce545f35,official_il,False,False
93edd12cce545f35,original_grpo_11970,False,False
6d49fa14c9f75f30,official_il,False,False
6d49fa14c9f75f30,original_grpo_11970,False,False
4a0734ac4aa453dd,official_il,False,False
4a0734ac4aa453dd,original_grpo_11970,False,False
4ee1c87af85e516f,official_il,False,False
4ee1c87af85e516f,original_grpo_11970,False,False
c989d7c66b015f32,official_il,False,False
c989d7c66b015f32,original_grpo_11970,False,False
79f58d05818d5fee,official_il,False,False
79f58d05818d5fee,original_grpo_11970,False,False
1d689368b4b25b17,official_il,False,False
1d689368b4b25b17,original_grpo_11970,False,False
6299b0fefcb15a82,official_il,False,False
6299b0fefcb15a82,original_grpo_11970,False,False
4ca684551bc65454,official_il,False,False
4ca684551bc65454,original_grpo_11970,False,False
8cf6104141b2504f,official_il,False,False
8cf6104141b2504f,original_grpo_11970,False,False
dfed71ddf683559e,official_il,False,False
dfed71ddf683559e,original_grpo_11970,False,False
668efe66e6bf5584,official_il,False,False
668efe66e6bf5584,original_grpo_11970,False,False
15f8cbb1e9285c54,official_il,False,False
15f8cbb1e9285c54,original_grpo_11970,False,False
2f263a1fc0c85c2b,official_il,False,False
2f263a1fc0c85c2b,original_grpo_11970,False,False
4f6d64a9b1985e94,official_il,False,False
4f6d64a9b1985e94,original_grpo_11970,False,False
3f864e2de591582e,official_il,False,False
3f864e2de591582e,original_grpo_11970,False,False
3b4087e929745fd1,official_il,False,False
3b4087e929745fd1,original_grpo_11970,False,False
35b203d22a1c5b82,official_il,False,False
35b203d22a1c5b82,original_grpo_11970,False,False
23a0a7d6a95152fc,official_il,False,False
23a0a7d6a95152fc,original_grpo_11970,False,False
241b6fcb32ab5a66,official_il,False,False
241b6fcb32ab5a66,original_grpo_11970,False,False
0948b48babc45755,official_il,False,False
0948b48babc45755,original_grpo_11970,False,False
a99ca9904d235771,official_il,False,False
a99ca9904d235771,original_grpo_11970,False,False
5aa5b572b7b2542d,official_il,False,False
5aa5b572b7b2542d,original_grpo_11970,False,False
d911601de96d5931,official_il,False,False
d911601de96d5931,original_grpo_11970,False,False
56689e0bece25792,official_il,False,False
56689e0bece25792,original_grpo_11970,False,False
369fb71c8eea519f,official_il,False,False
369fb71c8eea519f,original_grpo_11970,False,False
79999073c52358a2,official_il,False,False
79999073c52358a2,original_grpo_11970,False,False
2b66dc5176255eff,official_il,False,False
2b66dc5176255eff,original_grpo_11970,False,False
119b525b616c5e96,official_il,False,False
119b525b616c5e96,original_grpo_11970,False,False
70e9450e67165a9f,official_il,False,False
70e9450e67165a9f,original_grpo_11970,False,False
28933c08a2495a90,official_il,False,False
28933c08a2495a90,original_grpo_11970,False,False
3b36f3ac8b2b565c,official_il,False,False
3b36f3ac8b2b565c,original_grpo_11970,False,False
2636dfa8a8f456a6,official_il,False,False
2636dfa8a8f456a6,original_grpo_11970,False,False
47c5eb1a6df25a26,official_il,False,False
47c5eb1a6df25a26,original_grpo_11970,False,False
c59206d1fe965b72,official_il,False,False
c59206d1fe965b72,original_grpo_11970,False,False
7a06ebb5eb2e52a9,official_il,False,False
7a06ebb5eb2e52a9,original_grpo_11970,False,False
e2f005a68443572a,official_il,False,False
e2f005a68443572a,original_grpo_11970,False,False
e272049a5c95586f,official_il,False,False
e272049a5c95586f,original_grpo_11970,False,False
acf0911c5339532e,official_il,False,False
acf0911c5339532e,original_grpo_11970,False,False
a3ebf78121825e24,official_il,False,False
a3ebf78121825e24,original_grpo_11970,False,False
b0fa4e2f77515be4,official_il,False,False
b0fa4e2f77515be4,original_grpo_11970,False,False
5744f3748b2e5ea7,official_il,False,False
5744f3748b2e5ea7,original_grpo_11970,False,False
4437b929356f5c05,official_il,False,False
4437b929356f5c05,original_grpo_11970,False,False
8beb214f348d5431,official_il,False,False
8beb214f348d5431,original_grpo_11970,False,False
e769ed54776b54a1,official_il,False,False
e769ed54776b54a1,original_grpo_11970,False,False
d3ffb956888e5904,official_il,False,False
d3ffb956888e5904,original_grpo_11970,False,False
7c9de1fd1fde50c9,official_il,False,False
7c9de1fd1fde50c9,original_grpo_11970,False,False
7bd933f2946d58e2,official_il,False,False
7bd933f2946d58e2,original_grpo_11970,False,False
2579932c1a765d51,official_il,False,False
2579932c1a765d51,original_grpo_11970,False,False
5a3b561aac4d5a11,official_il,False,False
5a3b561aac4d5a11,original_grpo_11970,False,False
54f7709f46de54eb,official_il,False,False
54f7709f46de54eb,original_grpo_11970,False,False
4587ea0645d85f69,official_il,False,False
4587ea0645d85f69,original_grpo_11970,False,False
5ff7eaf7990d5044,official_il,False,False
5ff7eaf7990d5044,original_grpo_11970,False,False
17fcbc9d89f75897,official_il,False,False
17fcbc9d89f75897,original_grpo_11970,False,False
092a264767cf5371,official_il,False,False
092a264767cf5371,original_grpo_11970,False,False
495c51aacb7d5a49,official_il,False,False
495c51aacb7d5a49,original_grpo_11970,False,False
210814bf77945aba,official_il,False,False
210814bf77945aba,original_grpo_11970,False,False
5bb17fd2b64d503a,official_il,False,False
5bb17fd2b64d503a,original_grpo_11970,False,False
d08c074027635d7b,official_il,False,False
d08c074027635d7b,original_grpo_11970,False,False
433436f7b7c659f2,official_il,False,False
433436f7b7c659f2,original_grpo_11970,False,False
011d671654495d21,official_il,False,False
011d671654495d21,original_grpo_11970,False,False
3a23eb69eff0582a,official_il,False,False
3a23eb69eff0582a,original_grpo_11970,False,False
e51107ef55c55041,official_il,False,False
e51107ef55c55041,original_grpo_11970,False,False
fe2199f3a53653a3,official_il,False,False
fe2199f3a53653a3,original_grpo_11970,False,False
d8030b3fd34d536a,official_il,False,False
d8030b3fd34d536a,original_grpo_11970,False,False
d5c5c992106e5bdb,official_il,False,False
d5c5c992106e5bdb,original_grpo_11970,False,False
37bec2d7febd5086,official_il,False,False
37bec2d7febd5086,original_grpo_11970,False,False
2c06fa4d6e935b26,official_il,False,False
2c06fa4d6e935b26,original_grpo_11970,False,False
a4c9861a043352df,official_il,False,False
a4c9861a043352df,original_grpo_11970,False,True
695f3f2b6d4e56da,official_il,False,False
695f3f2b6d4e56da,original_grpo_11970,False,False
d14ee9d554fe5211,official_il,False,False
d14ee9d554fe5211,original_grpo_11970,False,False
3d3a11d72cdc5747,official_il,False,False
3d3a11d72cdc5747,original_grpo_11970,False,False
03f267002fa2501b,official_il,False,False
03f267002fa2501b,original_grpo_11970,False,False
f021e47ace0e5815,official_il,False,False
f021e47ace0e5815,original_grpo_11970,False,False
a17ac8f9b46c5667,official_il,False,False
a17ac8f9b46c5667,original_grpo_11970,False,False
7316f718b61b5abb,official_il,False,False
7316f718b61b5abb,original_grpo_11970,False,False
06509377e89b593d,official_il,False,True
06509377e89b593d,original_grpo_11970,False,True
46b01a9bc1845911,official_il,False,False
46b01a9bc1845911,original_grpo_11970,False,False
fdeff11f756758ea,official_il,False,False
fdeff11f756758ea,original_grpo_11970,False,False
8a72aba637165bf1,official_il,False,False
8a72aba637165bf1,original_grpo_11970,False,False
df6fcf7b173353f2,official_il,False,False
df6fcf7b173353f2,original_grpo_11970,False,False
7a0a95f826aa5d02,official_il,False,False
7a0a95f826aa5d02,original_grpo_11970,False,False
f236ebbc7fce525f,official_il,False,False
f236ebbc7fce525f,original_grpo_11970,False,True
beb2eae6a82653a3,official_il,False,True
beb2eae6a82653a3,original_grpo_11970,False,True
e3e82edad0aa592a,official_il,False,False
e3e82edad0aa592a,original_grpo_11970,False,False
33a929cfb9d55e24,official_il,False,False
33a929cfb9d55e24,original_grpo_11970,False,False
4d253525b268598a,official_il,False,False
4d253525b268598a,original_grpo_11970,False,False
b09d9dfe4061505d,official_il,False,False
b09d9dfe4061505d,original_grpo_11970,False,False
8ee47994860c58f9,official_il,False,False
8ee47994860c58f9,original_grpo_11970,False,False
47fe2e1a10f753a1,official_il,False,False
47fe2e1a10f753a1,original_grpo_11970,False,False
9e6f72f20acb5fbe,official_il,False,False
9e6f72f20acb5fbe,original_grpo_11970,False,False
b0ca141c576e5e7a,official_il,False,False
b0ca141c576e5e7a,original_grpo_11970,True,False
fef43351a98d5639,official_il,False,False
fef43351a98d5639,original_grpo_11970,False,False
edcacf4a1b9259ed,official_il,False,False
edcacf4a1b9259ed,original_grpo_11970,False,False
119c3f8110915d26,official_il,False,False
119c3f8110915d26,original_grpo_11970,False,False
95337c8deefe5203,official_il,False,False
95337c8deefe5203,original_grpo_11970,False,False
a0f407b3aadc5559,official_il,False,False
a0f407b3aadc5559,original_grpo_11970,False,False
208c2da460fa56a1,official_il,False,False
208c2da460fa56a1,original_grpo_11970,False,False
76ab47d2e79750fe,official_il,False,False
76ab47d2e79750fe,original_grpo_11970,False,False
3ebb716d7b7757fd,official_il,True,False
3ebb716d7b7757fd,original_grpo_11970,True,False
9352f44f6db657df,official_il,False,False
9352f44f6db657df,original_grpo_11970,False,False
357cf35b543354d5,official_il,False,False
357cf35b543354d5,original_grpo_11970,False,False
690043dbd36a5be7,official_il,False,False
690043dbd36a5be7,original_grpo_11970,False,False
e78de0b84eb2529f,official_il,False,False
e78de0b84eb2529f,original_grpo_11970,False,False
78a305c854e15154,official_il,False,False
78a305c854e15154,original_grpo_11970,False,False
175ec19d6e7159d3,official_il,False,False
175ec19d6e7159d3,original_grpo_11970,False,False
5ef285e3e7465f6a,official_il,False,False
5ef285e3e7465f6a,original_grpo_11970,False,False
6be4e6154ca85e0c,official_il,False,False
6be4e6154ca85e0c,original_grpo_11970,False,False
8a10d26e7c675b83,official_il,False,False
8a10d26e7c675b83,original_grpo_11970,False,False
109450d0f70c58d5,official_il,False,False
109450d0f70c58d5,original_grpo_11970,False,False
2d654ba4daab5f9a,official_il,False,False
2d654ba4daab5f9a,original_grpo_11970,False,False
aa5e4d4c0e0a5243,official_il,False,False
aa5e4d4c0e0a5243,original_grpo_11970,False,False
b6e731f3171b580c,official_il,False,False
b6e731f3171b580c,original_grpo_11970,False,False
54517160eb1259a4,official_il,False,False
54517160eb1259a4,original_grpo_11970,False,False
8beca3bc79c65cfc,official_il,False,False
8beca3bc79c65cfc,original_grpo_11970,False,False
cb8c134dff9057a2,official_il,False,False
cb8c134dff9057a2,original_grpo_11970,False,False
276e76e85b365d9a,official_il,False,False
276e76e85b365d9a,original_grpo_11970,False,False
667efad34f965483,official_il,False,False
667efad34f965483,original_grpo_11970,False,False
46659fa3993b5999,official_il,False,True
46659fa3993b5999,original_grpo_11970,False,True
fcdc47fbc2a958ef,official_il,False,False
fcdc47fbc2a958ef,original_grpo_11970,False,False
9646eb53bf645f94,official_il,False,False
9646eb53bf645f94,original_grpo_11970,False,False
aadeb94857bb595a,official_il,False,False
aadeb94857bb595a,original_grpo_11970,False,False
14d6464781d55f9a,official_il,False,False
14d6464781d55f9a,original_grpo_11970,False,False
db5ebf33ac635dac,official_il,False,False
db5ebf33ac635dac,original_grpo_11970,False,False
314aa6b7af5759e9,official_il,False,False
314aa6b7af5759e9,original_grpo_11970,False,False
4523b05db174551d,official_il,False,False
4523b05db174551d,original_grpo_11970,False,False
fe61c9b75ca85f61,official_il,False,False
fe61c9b75ca85f61,original_grpo_11970,False,True
49816c23e6215793,official_il,False,False
49816c23e6215793,original_grpo_11970,False,False
c58c636868065b20,official_il,False,False
c58c636868065b20,original_grpo_11970,False,False
0cb030d348f35828,official_il,False,False
0cb030d348f35828,original_grpo_11970,False,False
8b7a6924620c564b,official_il,False,False
8b7a6924620c564b,original_grpo_11970,False,False
0c841fb7d45e5db7,official_il,False,False
0c841fb7d45e5db7,original_grpo_11970,False,False
30a0cb49494b5892,official_il,False,False
30a0cb49494b5892,original_grpo_11970,False,False
450a0efdcd305b9f,official_il,False,False
450a0efdcd305b9f,original_grpo_11970,False,False
f2541f87a10455cc,official_il,False,False
f2541f87a10455cc,original_grpo_11970,False,False
4b2844636af75ee8,official_il,False,False
4b2844636af75ee8,original_grpo_11970,False,False
d23010504bef53b9,official_il,False,False
d23010504bef53b9,original_grpo_11970,False,False
dcdbf9bf278255ec,official_il,False,False
dcdbf9bf278255ec,original_grpo_11970,False,False
a43626b8f9175462,official_il,False,False
a43626b8f9175462,original_grpo_11970,False,False
6670f3f5d4f8594c,official_il,False,False
6670f3f5d4f8594c,original_grpo_11970,False,False
5db1b498a3b5527e,official_il,False,False
5db1b498a3b5527e,original_grpo_11970,False,False
f790961c41545e36,official_il,False,False
f790961c41545e36,original_grpo_11970,False,False
8d889364f1a75bb6,official_il,False,False
8d889364f1a75bb6,original_grpo_11970,False,False
d4db81ee272f5fa4,official_il,False,False
d4db81ee272f5fa4,original_grpo_11970,False,False
7399dbf4ba345621,official_il,False,False
7399dbf4ba345621,original_grpo_11970,False,False
45a75868a6c05c25,official_il,False,False
45a75868a6c05c25,original_grpo_11970,False,False
b2ffa337e5ac54f9,official_il,False,False
b2ffa337e5ac54f9,original_grpo_11970,False,False
2da360d007945208,official_il,False,False
2da360d007945208,original_grpo_11970,False,False
cc866fcd1c3f5acb,official_il,False,False
cc866fcd1c3f5acb,original_grpo_11970,False,False
2fdce9149f9b5129,official_il,False,True
2fdce9149f9b5129,original_grpo_11970,True,False
607c6d2923545f25,official_il,False,False
607c6d2923545f25,original_grpo_11970,False,False
cc4db5304f715eec,official_il,False,False
cc4db5304f715eec,original_grpo_11970,False,False
7e23061b15935fcd,official_il,False,False
7e23061b15935fcd,original_grpo_11970,False,False
58682bf6fae057b8,official_il,False,False
58682bf6fae057b8,original_grpo_11970,False,False
2b30d2c72cf25a8a,official_il,False,False
2b30d2c72cf25a8a,original_grpo_11970,False,False
2a4771aa3cdc51a2,official_il,False,False
2a4771aa3cdc51a2,original_grpo_11970,False,False
8b2a5dbf7d545fa1,official_il,False,False
8b2a5dbf7d545fa1,original_grpo_11970,False,False
01ad54efc5125904,official_il,False,False
01ad54efc5125904,original_grpo_11970,False,False
0deac7a2d4d95125,official_il,False,False
0deac7a2d4d95125,original_grpo_11970,False,False
7b400a0c7ead5a17,official_il,False,True
7b400a0c7ead5a17,original_grpo_11970,False,True
ffdf9a9acfa35634,official_il,False,False
ffdf9a9acfa35634,original_grpo_11970,False,False
198a6cb7385b5fdf,official_il,False,False
198a6cb7385b5fdf,original_grpo_11970,False,False
0b7ed729c61e5012,official_il,False,False
0b7ed729c61e5012,original_grpo_11970,False,False
048fd614c91a5f26,official_il,False,False
048fd614c91a5f26,original_grpo_11970,False,False
c10eea2e235c5845,official_il,False,False
c10eea2e235c5845,original_grpo_11970,False,False
fb9daa4921a059fe,official_il,False,False
fb9daa4921a059fe,original_grpo_11970,False,False
4f6cc591566c5681,official_il,False,False
4f6cc591566c5681,original_grpo_11970,False,False
619e668a590d5187,official_il,False,False
619e668a590d5187,original_grpo_11970,False,False
edc6632287e3593c,official_il,False,False
edc6632287e3593c,original_grpo_11970,False,False
a058e3f5154c530b,official_il,False,False
a058e3f5154c530b,original_grpo_11970,False,False
a2b496249a4a5de6,official_il,False,False
a2b496249a4a5de6,original_grpo_11970,False,False
03564610bca055a3,official_il,False,False
03564610bca055a3,original_grpo_11970,False,False
48743748fd9454ba,official_il,False,False
48743748fd9454ba,original_grpo_11970,True,False
72e9a808c98351cd,official_il,False,False
72e9a808c98351cd,original_grpo_11970,False,False
ef632ce8ff125365,official_il,False,False
ef632ce8ff125365,original_grpo_11970,False,False
7aaf6a9ec58250d2,official_il,False,False
7aaf6a9ec58250d2,original_grpo_11970,False,False
54f9582c839c5708,official_il,False,False
54f9582c839c5708,original_grpo_11970,False,False
4421101f52805cf4,official_il,False,False
4421101f52805cf4,original_grpo_11970,False,False
58b8944115445221,official_il,False,False
58b8944115445221,original_grpo_11970,False,False
ca10df776a4458a9,official_il,False,False
ca10df776a4458a9,original_grpo_11970,False,False
044d78f66bdd54e6,official_il,False,False
044d78f66bdd54e6,original_grpo_11970,False,False
8bdf589f58015d51,official_il,False,False
8bdf589f58015d51,original_grpo_11970,False,False
638e2a6a111f52f0,official_il,False,False
638e2a6a111f52f0,original_grpo_11970,False,False
d70c0e89b1bd5916,official_il,False,True
d70c0e89b1bd5916,original_grpo_11970,False,True
698c2460d3f9541d,official_il,False,False
698c2460d3f9541d,original_grpo_11970,False,False
c3572034912557fe,official_il,False,False
c3572034912557fe,original_grpo_11970,False,False
20cbabc733ed515c,official_il,False,False
20cbabc733ed515c,original_grpo_11970,False,False
2a30f62b2a3859b5,official_il,False,False
2a30f62b2a3859b5,original_grpo_11970,False,False
ff53ecdb5d155edd,official_il,False,False
ff53ecdb5d155edd,original_grpo_11970,False,False
eec636eb25755c98,official_il,False,False
eec636eb25755c98,original_grpo_11970,False,False
f113b1f7547f52d2,official_il,False,False
f113b1f7547f52d2,original_grpo_11970,False,False
aca2aa0c4eb658d0,official_il,False,False
aca2aa0c4eb658d0,original_grpo_11970,False,False
e9b0a7a52c835106,official_il,False,False
e9b0a7a52c835106,original_grpo_11970,False,False
af9741203c98540f,official_il,False,False
af9741203c98540f,original_grpo_11970,False,False
fc111ae3e64654e1,official_il,False,False
fc111ae3e64654e1,original_grpo_11970,False,False
542dbb83a13c5c46,official_il,False,False
542dbb83a13c5c46,original_grpo_11970,False,False
197f1a447dbb5632,official_il,False,False
197f1a447dbb5632,original_grpo_11970,False,False
1e2cdc3806655849,official_il,False,False
1e2cdc3806655849,original_grpo_11970,False,False
bd2254f47fc65e3a,official_il,False,False
bd2254f47fc65e3a,original_grpo_11970,True,False
0171434146c650c4,official_il,False,False
0171434146c650c4,original_grpo_11970,False,False
1d3b7c0d70205ee2,official_il,False,False
1d3b7c0d70205ee2,original_grpo_11970,False,False
23fc2a5814115e20,official_il,False,False
23fc2a5814115e20,original_grpo_11970,False,False
66bf2ee149735a24,official_il,False,False
66bf2ee149735a24,original_grpo_11970,False,False
e5252540acf451a5,official_il,False,False
e5252540acf451a5,original_grpo_11970,False,False
e4eb137df1c65809,official_il,False,False
e4eb137df1c65809,original_grpo_11970,False,False
c0a51e859ddb52a5,official_il,False,False
c0a51e859ddb52a5,original_grpo_11970,False,False
6175b4f848f959f6,official_il,False,False
6175b4f848f959f6,original_grpo_11970,False,False
3782093c51d15f92,official_il,False,False
3782093c51d15f92,original_grpo_11970,False,False
d605c8bd581452c3,official_il,False,False
d605c8bd581452c3,original_grpo_11970,False,False
7423d156df485c8b,official_il,False,False
7423d156df485c8b,original_grpo_11970,False,False
81c0c658fdde52a4,official_il,True,False
81c0c658fdde52a4,original_grpo_11970,True,False
243411a4687258d7,official_il,False,False
243411a4687258d7,original_grpo_11970,False,False
0f88379baed15a88,official_il,False,False
0f88379baed15a88,original_grpo_11970,False,False
b54ce48d4440535e,official_il,False,False
b54ce48d4440535e,original_grpo_11970,False,False
63228c4fd1845c22,official_il,False,False
63228c4fd1845c22,original_grpo_11970,False,False
f13d0a41aa7b5093,official_il,False,False
f13d0a41aa7b5093,original_grpo_11970,False,False
044f9c0165705c86,official_il,False,False
044f9c0165705c86,original_grpo_11970,False,False
37171773c6ff5158,official_il,False,False
37171773c6ff5158,original_grpo_11970,False,False
2c88b84dfa7b521d,official_il,False,False
2c88b84dfa7b521d,original_grpo_11970,False,False
f8826cbdb20e5054,official_il,False,False
f8826cbdb20e5054,original_grpo_11970,True,False
49985db8f3be543e,official_il,False,True
49985db8f3be543e,original_grpo_11970,False,True
50520b53b6095e9d,official_il,False,False
50520b53b6095e9d,original_grpo_11970,False,False
92e5b72c098753ed,official_il,False,False
92e5b72c098753ed,original_grpo_11970,False,False
3bc919a5f9605ccb,official_il,False,False
3bc919a5f9605ccb,original_grpo_11970,False,False
e14a2e4d5fed5bbe,official_il,False,False
e14a2e4d5fed5bbe,original_grpo_11970,False,False
2740f92dad97513f,official_il,False,False
2740f92dad97513f,original_grpo_11970,False,False
4f2c12c92c6b5ca7,official_il,False,False
4f2c12c92c6b5ca7,original_grpo_11970,False,False
6480c6f9dbd9522f,official_il,False,False
6480c6f9dbd9522f,original_grpo_11970,False,False
a2f902e639f2511d,official_il,False,False
a2f902e639f2511d,original_grpo_11970,False,False
938cf76938e05ebf,official_il,False,False
938cf76938e05ebf,original_grpo_11970,False,False
32de512ee0f15891,official_il,False,False
32de512ee0f15891,original_grpo_11970,False,False
a125237b96a85c41,official_il,False,False
a125237b96a85c41,original_grpo_11970,False,False
2265c418d22c5d37,official_il,False,False
2265c418d22c5d37,original_grpo_11970,False,False
ddb8334b26fc55dc,official_il,False,False
ddb8334b26fc55dc,original_grpo_11970,False,False
afd8a5d8207d5004,official_il,True,False
afd8a5d8207d5004,original_grpo_11970,False,True
a43022f0434c530b,official_il,False,False
a43022f0434c530b,original_grpo_11970,False,False
52a0324cd0b25f00,official_il,False,False
52a0324cd0b25f00,original_grpo_11970,False,False
e93ef9a5a92e56c1,official_il,False,False
e93ef9a5a92e56c1,original_grpo_11970,False,True
52fd8953ae73502c,official_il,False,False
52fd8953ae73502c,original_grpo_11970,False,False
ecccb9c02f4750df,official_il,False,False
ecccb9c02f4750df,original_grpo_11970,False,False
53be1912ebe251df,official_il,False,False
53be1912ebe251df,original_grpo_11970,False,False
7ff46d9963c25a85,official_il,False,False
7ff46d9963c25a85,original_grpo_11970,False,False
0c5b70bf40975d11,official_il,False,False
0c5b70bf40975d11,original_grpo_11970,False,False
158fd98f6c0c5169,official_il,False,False
158fd98f6c0c5169,original_grpo_11970,False,False
60c680c86d765a2a,official_il,False,False
60c680c86d765a2a,original_grpo_11970,False,False
8372566004645374,official_il,False,False
8372566004645374,original_grpo_11970,False,False
51d65ee3317356d4,official_il,False,False
51d65ee3317356d4,original_grpo_11970,False,False
a5915a6c5c0b59b4,official_il,False,False
a5915a6c5c0b59b4,original_grpo_11970,False,False
85b8ea482f205cbe,official_il,False,False
85b8ea482f205cbe,original_grpo_11970,False,False
8fe8622ae48f56e3,official_il,False,False
8fe8622ae48f56e3,original_grpo_11970,False,False
6aead3017aa6511b,official_il,False,False
6aead3017aa6511b,original_grpo_11970,False,False
8d9d3f27a5d05f85,official_il,False,False
8d9d3f27a5d05f85,original_grpo_11970,False,False
d4000b3b95335646,official_il,False,False
d4000b3b95335646,original_grpo_11970,False,False
d47c58d797fc54ee,official_il,False,False
d47c58d797fc54ee,original_grpo_11970,False,False
1dfb7fbc0c575ae2,official_il,False,False
1dfb7fbc0c575ae2,original_grpo_11970,False,False
955e86bcf0915261,official_il,False,False
955e86bcf0915261,original_grpo_11970,False,False
7fa281e2e09f54ca,official_il,False,False
7fa281e2e09f54ca,original_grpo_11970,False,False
270900cc875b5448,official_il,False,False
270900cc875b5448,original_grpo_11970,False,False
9eb47092602d599e,official_il,False,False
9eb47092602d599e,original_grpo_11970,False,False
88b77f97f4305873,official_il,False,False
88b77f97f4305873,original_grpo_11970,False,False
63f5163d6d9b59b4,official_il,False,False
63f5163d6d9b59b4,original_grpo_11970,False,False
ff6de4d2a6f25485,official_il,False,False
ff6de4d2a6f25485,original_grpo_11970,False,False
12eb655e40f358a2,official_il,False,False
12eb655e40f358a2,original_grpo_11970,False,False
b960d6fec51b52e3,official_il,False,False
b960d6fec51b52e3,original_grpo_11970,False,False
ea6d84ae036b505b,official_il,False,False
ea6d84ae036b505b,original_grpo_11970,False,False
ae6f62676c2454ff,official_il,False,False
ae6f62676c2454ff,original_grpo_11970,True,False
43a361a221975ccb,official_il,False,False
43a361a221975ccb,original_grpo_11970,True,False
3a88ad155b635897,official_il,False,False
3a88ad155b635897,original_grpo_11970,False,False
e024dbc1fc7e5405,official_il,False,False
e024dbc1fc7e5405,original_grpo_11970,False,False
3e84eab85ecd586f,official_il,False,False
3e84eab85ecd586f,original_grpo_11970,False,False
affbb00821b3568d,official_il,True,False
affbb00821b3568d,original_grpo_11970,False,False
6aaa1412ffcd5d85,official_il,False,False
6aaa1412ffcd5d85,original_grpo_11970,False,False
c316c7ff82745279,official_il,False,False
c316c7ff82745279,original_grpo_11970,False,False
06a2192cd89d5ad9,official_il,False,False
06a2192cd89d5ad9,original_grpo_11970,False,False
daae41a286ef56d8,official_il,False,False
daae41a286ef56d8,original_grpo_11970,False,False
1cdcf3c6b845525b,official_il,False,False
1cdcf3c6b845525b,original_grpo_11970,False,False
0f2b1ab7c34a5b6c,official_il,False,False
0f2b1ab7c34a5b6c,original_grpo_11970,False,False
be2e6cbe0b68583b,official_il,False,False
be2e6cbe0b68583b,original_grpo_11970,False,False
479d9b9f3d8f5594,official_il,False,False
479d9b9f3d8f5594,original_grpo_11970,False,False
27900197c92a583e,official_il,False,False
27900197c92a583e,original_grpo_11970,False,False
f7b02ced79c85ac4,official_il,False,False
f7b02ced79c85ac4,original_grpo_11970,False,False
db937514e6b45fa6,official_il,False,False
db937514e6b45fa6,original_grpo_11970,False,False
9fa21ff74f045c17,official_il,False,False
9fa21ff74f045c17,original_grpo_11970,False,False
ccc388fad2495eeb,official_il,False,False
ccc388fad2495eeb,original_grpo_11970,False,False
7343d1df38e9514f,official_il,False,False
7343d1df38e9514f,original_grpo_11970,False,False
a21d44f0d69e5e37,official_il,False,False
a21d44f0d69e5e37,original_grpo_11970,False,False
694f8851ff60531b,official_il,False,False
694f8851ff60531b,original_grpo_11970,False,False
4961bebcedd059ca,official_il,False,False
4961bebcedd059ca,original_grpo_11970,False,False
5c842af9f2ad5ff3,official_il,False,False
5c842af9f2ad5ff3,original_grpo_11970,False,False
aa0ca534f11558be,official_il,False,False
aa0ca534f11558be,original_grpo_11970,False,False
ead485b497e8501c,official_il,False,False
ead485b497e8501c,original_grpo_11970,False,False
ee17487bd55653dd,official_il,False,False
ee17487bd55653dd,original_grpo_11970,False,False
21da438e8c1653dc,official_il,False,False
21da438e8c1653dc,original_grpo_11970,False,False
79c1aa6b69005a83,official_il,False,False
79c1aa6b69005a83,original_grpo_11970,True,False
6dcd33ede7625b48,official_il,False,False
6dcd33ede7625b48,original_grpo_11970,False,False
0e31e701a4755513,official_il,False,False
0e31e701a4755513,original_grpo_11970,False,False
8865a7d9a0e05568,official_il,False,False
8865a7d9a0e05568,original_grpo_11970,False,False
721c00ca7a0d5d77,official_il,False,False
721c00ca7a0d5d77,original_grpo_11970,False,False
d78605e3a2805450,official_il,False,False
d78605e3a2805450,original_grpo_11970,False,False
b65febb4033c5593,official_il,False,False
b65febb4033c5593,original_grpo_11970,False,False
fbc43d752fe85c4d,official_il,False,False
fbc43d752fe85c4d,original_grpo_11970,False,False
277a22117cfd5f45,official_il,False,False
277a22117cfd5f45,original_grpo_11970,False,False
0870814e48d15a8c,official_il,False,False
0870814e48d15a8c,original_grpo_11970,False,False
a212c54994d75145,official_il,False,False
a212c54994d75145,original_grpo_11970,False,False
5a41fe9adcac51a8,official_il,False,False
5a41fe9adcac51a8,original_grpo_11970,False,False
4b0db1652aa857f0,official_il,False,False
4b0db1652aa857f0,original_grpo_11970,False,False
a2e0fff280085361,official_il,False,False
a2e0fff280085361,original_grpo_11970,False,False
0ce2f0f0561c5ddc,official_il,False,False
0ce2f0f0561c5ddc,original_grpo_11970,False,False
c23a63adc5a950d8,official_il,False,False
c23a63adc5a950d8,original_grpo_11970,False,False
b430aa8eca2957a5,official_il,False,False
b430aa8eca2957a5,original_grpo_11970,False,False
b1e9bb0ac764568c,official_il,False,False
b1e9bb0ac764568c,original_grpo_11970,False,False
0d8b0d4695d9521b,official_il,False,False
0d8b0d4695d9521b,original_grpo_11970,False,False
663c722629725dd2,official_il,False,False
663c722629725dd2,original_grpo_11970,False,False
34a0e3ab737d5ada,official_il,False,False
34a0e3ab737d5ada,original_grpo_11970,False,False
aba9adb26bad50e8,official_il,False,False
aba9adb26bad50e8,original_grpo_11970,False,False
c0b7bb6a35f7534f,official_il,True,False
c0b7bb6a35f7534f,original_grpo_11970,True,False
a1d67f2746285cd7,official_il,False,False
a1d67f2746285cd7,original_grpo_11970,False,False
cb66206ce9405bca,official_il,False,False
cb66206ce9405bca,original_grpo_11970,False,False
c3fd7355b040547a,official_il,False,False
c3fd7355b040547a,original_grpo_11970,False,False
4094605141bd58ff,official_il,False,False
4094605141bd58ff,original_grpo_11970,False,False
34719ad5a54e53b3,official_il,False,False
34719ad5a54e53b3,original_grpo_11970,False,False
b971c19e04ab5a9b,official_il,False,False
b971c19e04ab5a9b,original_grpo_11970,False,False
2260c6ff210d57bf,official_il,False,False
2260c6ff210d57bf,original_grpo_11970,False,False
1a24deeb52a453a5,official_il,False,False
1a24deeb52a453a5,original_grpo_11970,False,False
e23c2b304ee35561,official_il,False,False
e23c2b304ee35561,original_grpo_11970,False,False
098248587ff65110,official_il,False,False
098248587ff65110,original_grpo_11970,False,False
165e96e510d1580d,official_il,False,False
165e96e510d1580d,original_grpo_11970,False,False
87a4fff37e085d63,official_il,False,False
87a4fff37e085d63,original_grpo_11970,False,False
874eb5864ac35ae2,official_il,False,False
874eb5864ac35ae2,original_grpo_11970,False,False
47de29316c5c52c2,official_il,False,False
47de29316c5c52c2,original_grpo_11970,False,False
239685685359587a,official_il,False,True
239685685359587a,original_grpo_11970,False,True
0abaac61d3945fa2,official_il,False,False
0abaac61d3945fa2,original_grpo_11970,False,False
69683dbd92445b39,official_il,False,False
69683dbd92445b39,original_grpo_11970,False,False
3bf878ab72ff5929,official_il,False,False
3bf878ab72ff5929,original_grpo_11970,False,False
f1ec3ecf31725a06,official_il,False,False
f1ec3ecf31725a06,original_grpo_11970,False,False
95428adce55254ac,official_il,False,False
95428adce55254ac,original_grpo_11970,False,False
f67ba2f6e502539f,official_il,False,False
f67ba2f6e502539f,original_grpo_11970,False,False
28bb4e98f7165e8a,official_il,False,False
28bb4e98f7165e8a,original_grpo_11970,False,False
aff746599fd8582d,official_il,False,False
aff746599fd8582d,original_grpo_11970,False,False
0f2189d89039595a,official_il,False,False
0f2189d89039595a,original_grpo_11970,False,False
99a39d4aa78e5049,official_il,False,False
99a39d4aa78e5049,original_grpo_11970,False,False
5ebf35899fcc5c43,official_il,False,False
5ebf35899fcc5c43,original_grpo_11970,False,False
4f603b3c7e025013,official_il,False,False
4f603b3c7e025013,original_grpo_11970,False,False
167022eebb535b4b,official_il,False,False
167022eebb535b4b,original_grpo_11970,False,False
d3ed578e1f7252d9,official_il,False,False
d3ed578e1f7252d9,original_grpo_11970,False,False
4829cb88880a5638,official_il,False,False
4829cb88880a5638,original_grpo_11970,False,False
78d8211595305ca8,official_il,False,False
78d8211595305ca8,original_grpo_11970,False,False
325f7e36fa92573e,official_il,False,False
325f7e36fa92573e,original_grpo_11970,False,False
3dbc7573039c5a0f,official_il,False,False
3dbc7573039c5a0f,original_grpo_11970,False,False
951b0be7b6cf5a0d,official_il,False,False
951b0be7b6cf5a0d,original_grpo_11970,False,False
ee332590a8f75938,official_il,False,False
ee332590a8f75938,original_grpo_11970,False,False
0f59dc2d87cb544b,official_il,False,False
0f59dc2d87cb544b,original_grpo_11970,False,False
7d3fed9c7c5d5bd0,official_il,False,False
7d3fed9c7c5d5bd0,original_grpo_11970,False,False
4afef5c886315cff,official_il,True,False
4afef5c886315cff,original_grpo_11970,False,False
741872fb711b526c,official_il,False,False
741872fb711b526c,original_grpo_11970,False,False
5a0d659cee41562b,official_il,False,False
5a0d659cee41562b,original_grpo_11970,False,False
7600f30508825332,official_il,False,False
7600f30508825332,original_grpo_11970,False,False
a7004451987c5a8f,official_il,False,False
a7004451987c5a8f,original_grpo_11970,False,False
6b0c2c42d0da5346,official_il,False,False
6b0c2c42d0da5346,original_grpo_11970,False,False
32c0f3e792b659b6,official_il,False,False
32c0f3e792b659b6,original_grpo_11970,False,False
808b36a7cda45f58,official_il,False,False
808b36a7cda45f58,original_grpo_11970,False,False
039d0fe08eaa5978,official_il,False,False
039d0fe08eaa5978,original_grpo_11970,True,False
7d5b5d636c705dd0,official_il,False,False
7d5b5d636c705dd0,original_grpo_11970,False,False
cd5191ab80b959b8,official_il,False,False
cd5191ab80b959b8,original_grpo_11970,False,False
ebdaa4a7b33f5188,official_il,False,False
ebdaa4a7b33f5188,original_grpo_11970,False,False
e05936a2b0d552f2,official_il,False,False
e05936a2b0d552f2,original_grpo_11970,False,False
b74edee426cc5f0f,official_il,False,False
b74edee426cc5f0f,original_grpo_11970,False,False
8bae1ea5f4ac5cc8,official_il,False,False
8bae1ea5f4ac5cc8,original_grpo_11970,False,False
90247591dc435111,official_il,False,False
90247591dc435111,original_grpo_11970,False,False
65dfcaf9f5ae5544,official_il,False,False
65dfcaf9f5ae5544,original_grpo_11970,False,False
d432d5b08949560b,official_il,False,False
d432d5b08949560b,original_grpo_11970,False,False
8323c130fdd75bcb,official_il,False,False
8323c130fdd75bcb,original_grpo_11970,False,False
24173b37278c5252,official_il,False,False
24173b37278c5252,original_grpo_11970,False,False
df9a9a53d30e526e,official_il,False,False
df9a9a53d30e526e,original_grpo_11970,False,False
4e48897b9b6b5336,official_il,False,False
4e48897b9b6b5336,original_grpo_11970,False,False
33e13b754a3f5e21,official_il,False,False
33e13b754a3f5e21,original_grpo_11970,False,False
ec6fa85db3ff5f15,official_il,False,False
ec6fa85db3ff5f15,original_grpo_11970,False,False
e5d3d7099a965f83,official_il,False,False
e5d3d7099a965f83,original_grpo_11970,False,False
707e6cfb6cf45e49,official_il,False,False
707e6cfb6cf45e49,original_grpo_11970,False,False
badd0e88a1a257a8,official_il,False,False
badd0e88a1a257a8,original_grpo_11970,False,False
86f4396f64fa505d,official_il,False,False
86f4396f64fa505d,original_grpo_11970,False,False
42b76e792171536a,official_il,False,False
42b76e792171536a,original_grpo_11970,False,False
0d11e51c09a4593e,official_il,False,False
0d11e51c09a4593e,original_grpo_11970,False,False
b0fed3bcb4465c58,official_il,False,False
b0fed3bcb4465c58,original_grpo_11970,False,False
8e9ef602fefb5cfa,official_il,False,False
8e9ef602fefb5cfa,original_grpo_11970,False,False
db3eed9683685921,official_il,False,False
db3eed9683685921,original_grpo_11970,False,False
83453452cf685f15,official_il,False,False
83453452cf685f15,original_grpo_11970,False,False
3519dec2335e53a5,official_il,False,False
3519dec2335e53a5,original_grpo_11970,False,False
9fd03db8addd59f2,official_il,False,False
9fd03db8addd59f2,original_grpo_11970,False,False
0de3aa1021d250c8,official_il,False,False
0de3aa1021d250c8,original_grpo_11970,True,False
661efde878815716,official_il,False,False
661efde878815716,original_grpo_11970,False,False
9f43c17f5efa5fba,official_il,False,False
9f43c17f5efa5fba,original_grpo_11970,False,False
a2b5bb575bfb5558,official_il,False,False
a2b5bb575bfb5558,original_grpo_11970,False,False
d0013aca5664544e,official_il,False,False
d0013aca5664544e,original_grpo_11970,False,False
7b45b4b2c0c656f9,official_il,False,False
7b45b4b2c0c656f9,original_grpo_11970,False,False
dc1669d794495db5,official_il,False,False
dc1669d794495db5,original_grpo_11970,False,False
17611b7394265212,official_il,False,False
17611b7394265212,original_grpo_11970,False,False
1391f21c3e055eb4,official_il,False,False
1391f21c3e055eb4,original_grpo_11970,False,False
829f0da7b4e25d0a,official_il,False,False
829f0da7b4e25d0a,original_grpo_11970,False,False
604fa9e14e43553a,official_il,False,False
604fa9e14e43553a,original_grpo_11970,False,False
fd863eba385f5269,official_il,False,False
fd863eba385f5269,original_grpo_11970,False,False
1c8a2554bdd45e09,official_il,False,False
1c8a2554bdd45e09,original_grpo_11970,False,False
c070b4aa2f365f28,official_il,False,False
c070b4aa2f365f28,original_grpo_11970,False,False
8ded2b7c6c3c5834,official_il,False,False
8ded2b7c6c3c5834,original_grpo_11970,False,False
105b557aa24c5366,official_il,False,False
105b557aa24c5366,original_grpo_11970,False,False
3f867cee8d2e5aa7,official_il,False,False
3f867cee8d2e5aa7,original_grpo_11970,False,False
03d1980766465d12,official_il,False,False
03d1980766465d12,original_grpo_11970,False,False
84eb7ec397e25630,official_il,False,False
84eb7ec397e25630,original_grpo_11970,False,False
d0fcb0cd1d175545,official_il,False,False
d0fcb0cd1d175545,original_grpo_11970,False,False
a5dfc5790c9454b0,official_il,False,False
a5dfc5790c9454b0,original_grpo_11970,False,False
ead159d186c25063,official_il,False,False
ead159d186c25063,original_grpo_11970,False,False
a9657d4adab55391,official_il,False,False
a9657d4adab55391,original_grpo_11970,False,False
86e62d434d3e53e7,official_il,False,False
86e62d434d3e53e7,original_grpo_11970,False,False
3cb4957d20385a3b,official_il,False,False
3cb4957d20385a3b,original_grpo_11970,False,False
48d7a1345ae15a39,official_il,False,False
48d7a1345ae15a39,original_grpo_11970,False,False
2faff13c4f915d75,official_il,False,False
2faff13c4f915d75,original_grpo_11970,False,False
c24ad8aee4fc5078,official_il,False,False
c24ad8aee4fc5078,original_grpo_11970,False,False
ba88bc987a005d92,official_il,False,False
ba88bc987a005d92,original_grpo_11970,False,False
8b6c3e9c291d5195,official_il,False,False
8b6c3e9c291d5195,original_grpo_11970,False,False
b151eb12ab495db6,official_il,False,False
b151eb12ab495db6,original_grpo_11970,False,False
45b0d66f83ef5f9c,official_il,False,False
45b0d66f83ef5f9c,original_grpo_11970,False,False
6ac01a1453955a91,official_il,False,False
6ac01a1453955a91,original_grpo_11970,False,False
298b497e6aa958e7,official_il,False,False
298b497e6aa958e7,original_grpo_11970,False,False
ac739a8a9acc51e1,official_il,False,False
ac739a8a9acc51e1,original_grpo_11970,False,False
7872d68e0525515e,official_il,False,False
7872d68e0525515e,original_grpo_11970,False,False
29b7f685d04653f0,official_il,False,False
29b7f685d04653f0,original_grpo_11970,False,False
70e04a8c1ae35297,official_il,False,False
70e04a8c1ae35297,original_grpo_11970,False,False
fa42bb0c2c345747,official_il,False,False
fa42bb0c2c345747,original_grpo_11970,False,False
051836feccf05bf2,official_il,False,False
051836feccf05bf2,original_grpo_11970,False,False
6b97d8c0fdf5574e,official_il,False,False
6b97d8c0fdf5574e,original_grpo_11970,False,False
f993ab1ae45a59df,official_il,False,False
f993ab1ae45a59df,original_grpo_11970,False,False
85848dd697cf5f66,official_il,False,False
85848dd697cf5f66,original_grpo_11970,False,False
d41fbf9cfe1253dc,official_il,False,False
d41fbf9cfe1253dc,original_grpo_11970,False,False
3b5810587e1c580e,official_il,False,False
3b5810587e1c580e,original_grpo_11970,False,False
9f433375bba35206,official_il,False,False
9f433375bba35206,original_grpo_11970,False,False
4780efa543ed521f,official_il,False,False
4780efa543ed521f,original_grpo_11970,False,False
5790af90a4c85593,official_il,False,False
5790af90a4c85593,original_grpo_11970,False,False
4ac1df9c1121525a,official_il,False,False
4ac1df9c1121525a,original_grpo_11970,False,False
39154cb2e8bb50cc,official_il,False,False
39154cb2e8bb50cc,original_grpo_11970,False,False
34c9ed18cc8853cb,official_il,False,False
34c9ed18cc8853cb,original_grpo_11970,False,False
cdf9d4209205526b,official_il,False,False
cdf9d4209205526b,original_grpo_11970,False,False
696b54ffac635c79,official_il,False,False
696b54ffac635c79,original_grpo_11970,False,False
fc4b553b82f3573e,official_il,False,False
fc4b553b82f3573e,original_grpo_11970,False,False
4aec8f0dc975505c,official_il,False,False
4aec8f0dc975505c,original_grpo_11970,False,False
21d6612e1d28537c,official_il,False,False
21d6612e1d28537c,original_grpo_11970,False,False
35f43ccfa91451e1,official_il,False,False
35f43ccfa91451e1,original_grpo_11970,False,False
3c5ba5e897c658dd,official_il,False,False
3c5ba5e897c658dd,original_grpo_11970,False,False
0ea41b3755455cf0,official_il,False,True
0ea41b3755455cf0,original_grpo_11970,True,False
ef4e9c207bdc5af6,official_il,False,False
ef4e9c207bdc5af6,original_grpo_11970,False,False
726ddca8d31e5e81,official_il,False,False
726ddca8d31e5e81,original_grpo_11970,False,False
927d9bcad33853da,official_il,False,False
927d9bcad33853da,original_grpo_11970,False,False
a9557a10deb65ad8,official_il,False,False
a9557a10deb65ad8,original_grpo_11970,False,False
fdae7ff3ee06523d,official_il,False,False
fdae7ff3ee06523d,original_grpo_11970,False,False
e974c993198c55f0,official_il,False,False
e974c993198c55f0,original_grpo_11970,False,False
4c0ac64c07bb5f65,official_il,False,False
4c0ac64c07bb5f65,original_grpo_11970,False,False
e7b089bdee8c566c,official_il,False,False
e7b089bdee8c566c,original_grpo_11970,False,False
ea31a137b6b45663,official_il,False,False
ea31a137b6b45663,original_grpo_11970,False,False
2ec57567e2995415,official_il,False,False
2ec57567e2995415,original_grpo_11970,False,False
b645d6e31f5559d7,official_il,False,False
b645d6e31f5559d7,original_grpo_11970,False,False
12eb9696b5c35e05,official_il,False,False
12eb9696b5c35e05,original_grpo_11970,False,False
4a61ec13c90b505c,official_il,False,False
4a61ec13c90b505c,original_grpo_11970,False,False
f6733418dca350f7,official_il,False,False
f6733418dca350f7,original_grpo_11970,False,False
86e0750f7515523a,official_il,False,False
86e0750f7515523a,original_grpo_11970,False,False
1b3309a1673a52f2,official_il,False,False
1b3309a1673a52f2,original_grpo_11970,False,False
080d56728abf583b,official_il,False,False
080d56728abf583b,original_grpo_11970,False,False
3008b4d349095170,official_il,False,False
3008b4d349095170,original_grpo_11970,False,False
715aae1176c85784,official_il,False,False
715aae1176c85784,original_grpo_11970,False,False
f19901de0b955bf4,official_il,False,False
f19901de0b955bf4,original_grpo_11970,False,False
2178bfdeb0b657a4,official_il,False,False
2178bfdeb0b657a4,original_grpo_11970,False,False
58782f34716e5058,official_il,False,False
58782f34716e5058,original_grpo_11970,False,False
637bf0f850175905,official_il,False,False
637bf0f850175905,original_grpo_11970,False,False
6a789294564350ec,official_il,False,False
6a789294564350ec,original_grpo_11970,False,False
2710ff4436f65b64,official_il,False,False
2710ff4436f65b64,original_grpo_11970,False,False
c3b5a2fb8d025765,official_il,False,False
c3b5a2fb8d025765,original_grpo_11970,False,False
0220813032975615,official_il,False,False
0220813032975615,original_grpo_11970,False,False
4f694637d843574f,official_il,False,False
4f694637d843574f,original_grpo_11970,False,False
b2011c6cf66458b8,official_il,False,False
b2011c6cf66458b8,original_grpo_11970,False,False
e5e495dfefd05314,official_il,False,False
e5e495dfefd05314,original_grpo_11970,False,False
c668bb916e89506b,official_il,False,False
c668bb916e89506b,original_grpo_11970,False,False
9cd167abb6d6561d,official_il,False,False
9cd167abb6d6561d,original_grpo_11970,False,False
40b40889390e533b,official_il,False,False
40b40889390e533b,original_grpo_11970,False,False
26a54546e7ff50b4,official_il,False,False
26a54546e7ff50b4,original_grpo_11970,False,False
ee1cd2d300bd5b27,official_il,False,False
ee1cd2d300bd5b27,original_grpo_11970,False,False
e61b6cb8767c5365,official_il,False,False
e61b6cb8767c5365,original_grpo_11970,False,False
87f035dfb24e509f,official_il,False,False
87f035dfb24e509f,original_grpo_11970,False,False
28f2009d506f5fe5,official_il,False,False
28f2009d506f5fe5,original_grpo_11970,False,False
9d9f8694acfe57c3,official_il,False,False
9d9f8694acfe57c3,original_grpo_11970,False,False
32c903d4ab945bd1,official_il,False,False
32c903d4ab945bd1,original_grpo_11970,False,False
7b5c0a1908095d04,official_il,False,False
7b5c0a1908095d04,original_grpo_11970,False,False
f27bf8fe421551cc,official_il,False,False
f27bf8fe421551cc,original_grpo_11970,False,False
1c43c46026f2561b,official_il,False,False
1c43c46026f2561b,original_grpo_11970,False,False
edacdd666c5b5804,official_il,False,False
edacdd666c5b5804,original_grpo_11970,False,True
fd20b65b48285d1d,official_il,False,False
fd20b65b48285d1d,original_grpo_11970,False,False
bab1c303b8575a3c,official_il,False,False
bab1c303b8575a3c,original_grpo_11970,False,False
0b50650c5b8155cf,official_il,False,False
0b50650c5b8155cf,original_grpo_11970,False,False
f15f1e1c9a085f89,official_il,False,False
f15f1e1c9a085f89,original_grpo_11970,False,False
79dae39b861857a6,official_il,False,False
79dae39b861857a6,original_grpo_11970,False,False
635d2625b87d5bd9,official_il,False,False
635d2625b87d5bd9,original_grpo_11970,False,False
3fe4a919cd3b56cd,official_il,False,False
3fe4a919cd3b56cd,original_grpo_11970,False,False
10bc1b218381532d,official_il,False,False
10bc1b218381532d,original_grpo_11970,False,False
0018c28af74453cd,official_il,False,False
0018c28af74453cd,original_grpo_11970,False,False
05dbf898486e5e9a,official_il,False,False
05dbf898486e5e9a,original_grpo_11970,False,False
ebb21f4c00fb5520,official_il,False,False
ebb21f4c00fb5520,original_grpo_11970,True,False
b68993c80a2f532e,official_il,False,False
b68993c80a2f532e,original_grpo_11970,False,False
8c1374efdf3c5f3c,official_il,False,False
8c1374efdf3c5f3c,original_grpo_11970,False,False
3c75f2eccd275199,official_il,False,False
3c75f2eccd275199,original_grpo_11970,False,False
5309f6de54795080,official_il,False,False
5309f6de54795080,original_grpo_11970,False,False
fb82c87c7dcc5970,official_il,False,False
fb82c87c7dcc5970,original_grpo_11970,False,False
08e0696d2e495a09,official_il,False,False
08e0696d2e495a09,original_grpo_11970,False,False
f883791bc4215b6c,official_il,False,False
f883791bc4215b6c,original_grpo_11970,False,False
06b01f4b0c965eca,official_il,False,False
06b01f4b0c965eca,original_grpo_11970,False,False
a4a5b4a373c953f1,official_il,False,False
a4a5b4a373c953f1,original_grpo_11970,False,False
6265d7b92b5053a3,official_il,False,False
6265d7b92b5053a3,original_grpo_11970,False,False
957938d81b575ad6,official_il,False,False
957938d81b575ad6,original_grpo_11970,False,False
2bf8527f122c5e1e,official_il,False,False
2bf8527f122c5e1e,original_grpo_11970,False,False
45dc0836570b57b1,official_il,False,False
45dc0836570b57b1,original_grpo_11970,False,False
a452b5735af55448,official_il,False,False
a452b5735af55448,original_grpo_11970,False,False
3acc4e889b665aaa,official_il,False,False
3acc4e889b665aaa,original_grpo_11970,False,False
da7b1043d79452f1,official_il,False,False
da7b1043d79452f1,original_grpo_11970,False,False
43efc765508951ac,official_il,False,False
43efc765508951ac,original_grpo_11970,True,False
a4ba925952775599,official_il,False,False
a4ba925952775599,original_grpo_11970,False,False
e8266330b36b5760,official_il,False,False
e8266330b36b5760,original_grpo_11970,False,False
78a36afa6376512b,official_il,False,False
78a36afa6376512b,original_grpo_11970,False,False
41aa5e962ca353f0,official_il,False,False
41aa5e962ca353f0,original_grpo_11970,False,False
0f12fbd4c48b5142,official_il,False,False
0f12fbd4c48b5142,original_grpo_11970,False,False
158bbf69dff1509b,official_il,False,False
158bbf69dff1509b,original_grpo_11970,False,False
4bbc32d842e35cc4,official_il,False,False
4bbc32d842e35cc4,original_grpo_11970,False,False
e9d3c1ebb16153c6,official_il,True,False
e9d3c1ebb16153c6,original_grpo_11970,True,False
34015f7dcbbf565d,official_il,False,False
34015f7dcbbf565d,original_grpo_11970,False,False
b662f390139a5cca,official_il,False,False
b662f390139a5cca,original_grpo_11970,False,False
a5f5422acd2c5f1e,official_il,False,False
a5f5422acd2c5f1e,original_grpo_11970,False,False
8d4923b5cfdd5a76,official_il,False,False
8d4923b5cfdd5a76,original_grpo_11970,False,False
5cb59aadf1b45c83,official_il,False,False
5cb59aadf1b45c83,original_grpo_11970,False,False
592e702ee29a5c24,official_il,False,False
592e702ee29a5c24,original_grpo_11970,False,False
e7048aac026f5a3b,official_il,False,False
e7048aac026f5a3b,original_grpo_11970,False,False
4b66f5da93ac538d,official_il,False,False
4b66f5da93ac538d,original_grpo_11970,False,False
f02ff062338950e1,official_il,False,False
f02ff062338950e1,original_grpo_11970,False,False
7e6e6e64552a5bd0,official_il,False,False
7e6e6e64552a5bd0,original_grpo_11970,False,False
1ae33990bfc75dea,official_il,False,False
1ae33990bfc75dea,original_grpo_11970,False,False
56c3cb7936d25c70,official_il,False,False
56c3cb7936d25c70,original_grpo_11970,False,False
cfd2ce4e362e5abd,official_il,False,False
cfd2ce4e362e5abd,original_grpo_11970,False,False
442c1ff90d135027,official_il,False,False
442c1ff90d135027,original_grpo_11970,False,False
a8e99477ac7052c2,official_il,False,False
a8e99477ac7052c2,original_grpo_11970,False,False
d81fd1b959c35021,official_il,False,False
d81fd1b959c35021,original_grpo_11970,False,False
9c53b68e2d1a5989,official_il,False,False
9c53b68e2d1a5989,original_grpo_11970,False,False
460bf416b7e35169,official_il,False,False
460bf416b7e35169,original_grpo_11970,False,False
549e617f7a0b5fc8,official_il,False,False
549e617f7a0b5fc8,original_grpo_11970,False,False
b1e26bbb67fe5f8e,official_il,False,False
b1e26bbb67fe5f8e,original_grpo_11970,False,False
d8da26695f535fc4,official_il,False,False
d8da26695f535fc4,original_grpo_11970,False,False
4a754452d94456e7,official_il,False,False
4a754452d94456e7,original_grpo_11970,False,False
63bfa038cc6154b4,official_il,False,False
63bfa038cc6154b4,original_grpo_11970,False,False
7ac68f81fe245ce4,official_il,False,False
7ac68f81fe245ce4,original_grpo_11970,False,False
534fa9593a7659ae,official_il,False,False
534fa9593a7659ae,original_grpo_11970,False,False
3ec8411f9a185a44,official_il,False,False
3ec8411f9a185a44,original_grpo_11970,False,False
649bb58d25ec5f34,official_il,False,False
649bb58d25ec5f34,original_grpo_11970,False,False
0c3243fb185b576b,official_il,False,False
0c3243fb185b576b,original_grpo_11970,False,False
a5dc7a41dd1e5ec0,official_il,False,False
a5dc7a41dd1e5ec0,original_grpo_11970,False,False
8e6a5ecab0f350b2,official_il,False,False
8e6a5ecab0f350b2,original_grpo_11970,False,False
f647b4d0b3fc5be1,official_il,False,False
f647b4d0b3fc5be1,original_grpo_11970,False,True
29744a0c53bd596b,official_il,False,False
29744a0c53bd596b,original_grpo_11970,False,False
4bf53494af4c5e4f,official_il,False,False
4bf53494af4c5e4f,original_grpo_11970,False,False
5553dd7d6b9b5b61,official_il,False,False
5553dd7d6b9b5b61,original_grpo_11970,False,False
f48e48d31c275b2b,official_il,False,False
f48e48d31c275b2b,original_grpo_11970,False,False
93a848890d3751a2,official_il,False,False
93a848890d3751a2,original_grpo_11970,False,False
657103c739415ac0,official_il,False,False
657103c739415ac0,original_grpo_11970,False,False
0fc07a2ef88b5d0d,official_il,False,False
0fc07a2ef88b5d0d,original_grpo_11970,False,False
d84ef817c4b75413,official_il,False,False
d84ef817c4b75413,original_grpo_11970,False,False
b6a15bf9f6f05de8,official_il,False,False
b6a15bf9f6f05de8,original_grpo_11970,False,False
2b2df0d903b05d15,official_il,False,False
2b2df0d903b05d15,original_grpo_11970,False,False
446812252d2353a0,official_il,False,False
446812252d2353a0,original_grpo_11970,False,False
4ec0220b97a9526c,official_il,False,False
4ec0220b97a9526c,original_grpo_11970,False,False
6b1d22e57ade502c,official_il,False,False
6b1d22e57ade502c,original_grpo_11970,False,False
e62dd081b58a58b2,official_il,False,False
e62dd081b58a58b2,original_grpo_11970,False,False
386e7ed8a7575cf9,official_il,False,False
386e7ed8a7575cf9,original_grpo_11970,False,False
bd41611f25155d0b,official_il,False,False
bd41611f25155d0b,original_grpo_11970,False,False
7861691491545e01,official_il,False,False
7861691491545e01,original_grpo_11970,False,False
f3ca05ee350657ce,official_il,False,False
f3ca05ee350657ce,original_grpo_11970,False,False
9c23eae7e363516a,official_il,False,False
9c23eae7e363516a,original_grpo_11970,False,False
ee5c8e60b60658a2,official_il,False,False
ee5c8e60b60658a2,original_grpo_11970,False,False
ffd4c8266ed454e5,official_il,False,False
ffd4c8266ed454e5,original_grpo_11970,False,False
2d217ffb44a6529b,official_il,False,False
2d217ffb44a6529b,original_grpo_11970,False,False
c0d78f3904d35839,official_il,False,False
c0d78f3904d35839,original_grpo_11970,False,False
6268194d0ac75144,official_il,False,False
6268194d0ac75144,original_grpo_11970,False,False
2e4e674b30e45fb8,official_il,False,False
2e4e674b30e45fb8,original_grpo_11970,False,False
42ba979bc4555510,official_il,False,False
42ba979bc4555510,original_grpo_11970,False,False
aec9878557ec5bc8,official_il,False,False
aec9878557ec5bc8,original_grpo_11970,False,False
8e801ed8321d57f6,official_il,False,False
8e801ed8321d57f6,original_grpo_11970,False,False
d14093866a8b5f1e,official_il,False,False
d14093866a8b5f1e,original_grpo_11970,False,False
7e8055a19dfb5956,official_il,False,False
7e8055a19dfb5956,original_grpo_11970,False,False
53992d7f47f15953,official_il,False,False
53992d7f47f15953,original_grpo_11970,False,False
78915c7be9a75bc2,official_il,False,False
78915c7be9a75bc2,original_grpo_11970,False,True
9eec391c725651bf,official_il,False,False
9eec391c725651bf,original_grpo_11970,False,False
399dcba481f158b8,official_il,False,False
399dcba481f158b8,original_grpo_11970,False,False
34045ba09c925110,official_il,True,False
34045ba09c925110,original_grpo_11970,True,False
223e973f97b15edb,official_il,False,False
223e973f97b15edb,original_grpo_11970,False,False
802dce6682045b61,official_il,False,False
802dce6682045b61,original_grpo_11970,False,False
39f5a34b6503544b,official_il,False,False
39f5a34b6503544b,original_grpo_11970,False,False
29a015a612b25a63,official_il,False,False
29a015a612b25a63,original_grpo_11970,False,False
6017f25bf53154ff,official_il,False,False
6017f25bf53154ff,original_grpo_11970,False,False
6d1d3949f03d544f,official_il,False,False
6d1d3949f03d544f,original_grpo_11970,False,False
4217609ab69557df,official_il,False,False
4217609ab69557df,original_grpo_11970,False,False
8f675db0d22a5509,official_il,False,False
8f675db0d22a5509,original_grpo_11970,False,False
b5626c0925ea51a0,official_il,False,False
b5626c0925ea51a0,original_grpo_11970,False,False
5720f3f6c3ed5f0e,official_il,False,False
5720f3f6c3ed5f0e,original_grpo_11970,False,False
82bb8d39aa41508a,official_il,False,False
82bb8d39aa41508a,original_grpo_11970,False,False
4f9c2552aacc5302,official_il,False,False
4f9c2552aacc5302,original_grpo_11970,False,False
c573cc0e130e5cbf,official_il,False,False
c573cc0e130e5cbf,original_grpo_11970,False,False
122a69709c2559f3,official_il,False,False
122a69709c2559f3,original_grpo_11970,False,False
3b1e09bcbb83559d,official_il,False,False
3b1e09bcbb83559d,original_grpo_11970,False,False
87a5cbfe2860544e,official_il,False,False
87a5cbfe2860544e,original_grpo_11970,False,False
185b1f215b0257b0,official_il,False,False
185b1f215b0257b0,original_grpo_11970,False,False
e5090b371dca502d,official_il,False,False
e5090b371dca502d,original_grpo_11970,False,False
1fe564accc4b5857,official_il,False,False
1fe564accc4b5857,original_grpo_11970,False,False
9b0a9e279d6154c5,official_il,False,False
9b0a9e279d6154c5,original_grpo_11970,True,False
ddd8207dd37154d2,official_il,False,False
ddd8207dd37154d2,original_grpo_11970,False,False
d34c4a15886b517e,official_il,False,False
d34c4a15886b517e,original_grpo_11970,False,False
d87cfd372ad351a2,official_il,False,False
d87cfd372ad351a2,original_grpo_11970,False,False
9ed3b9c37fb7550b,official_il,False,False
9ed3b9c37fb7550b,original_grpo_11970,False,False
93b792c3197a59ad,official_il,False,False
93b792c3197a59ad,original_grpo_11970,False,False
e118f6ce602b5fa1,official_il,False,False
e118f6ce602b5fa1,original_grpo_11970,False,False
99a25656c6715b59,official_il,False,False
99a25656c6715b59,original_grpo_11970,False,False
68b468acc87f52f3,official_il,False,False
68b468acc87f52f3,original_grpo_11970,False,False
959d599b8d835dc0,official_il,False,False
959d599b8d835dc0,original_grpo_11970,False,False
c69e4ab7e2de543c,official_il,False,False
c69e4ab7e2de543c,original_grpo_11970,False,False
dbe69da2fccd535c,official_il,False,False
dbe69da2fccd535c,original_grpo_11970,False,False
fcd8d1ea09e75254,official_il,False,False
fcd8d1ea09e75254,original_grpo_11970,False,False
04ad58422ad45636,official_il,True,False
04ad58422ad45636,original_grpo_11970,False,True
42bae1491ec2501b,official_il,False,False
42bae1491ec2501b,original_grpo_11970,True,False
4e5f1bf776c25aee,official_il,False,True
4e5f1bf776c25aee,original_grpo_11970,False,True
702043aef32a581c,official_il,False,False
702043aef32a581c,original_grpo_11970,False,False
ce95e341e43f5727,official_il,False,False
ce95e341e43f5727,original_grpo_11970,False,False
433c14f226d9562e,official_il,False,False
433c14f226d9562e,original_grpo_11970,False,False
dac471deb0b45551,official_il,False,False
dac471deb0b45551,original_grpo_11970,False,False
46ad065f90bf568c,official_il,False,False
46ad065f90bf568c,original_grpo_11970,False,False
5ca363cdbdca5fed,official_il,False,False
5ca363cdbdca5fed,original_grpo_11970,False,False
03da7f93518b5cc2,official_il,False,False
03da7f93518b5cc2,original_grpo_11970,False,False
8301292372325619,official_il,False,False
8301292372325619,original_grpo_11970,False,False
13cc0f6d23fc5bbd,official_il,False,False
13cc0f6d23fc5bbd,original_grpo_11970,False,False
7426763b327f5238,official_il,False,False
7426763b327f5238,original_grpo_11970,False,False
f23fe624382d5a47,official_il,False,False
f23fe624382d5a47,original_grpo_11970,False,False
8ad90e714474588a,official_il,False,False
8ad90e714474588a,original_grpo_11970,False,False
e1ff089d5df15aa1,official_il,True,False
e1ff089d5df15aa1,original_grpo_11970,True,False
f7c441d4e16452fb,official_il,False,False
f7c441d4e16452fb,original_grpo_11970,False,False
38da5786cccc589d,official_il,False,False
38da5786cccc589d,original_grpo_11970,False,False
29510917f80a5fee,official_il,False,False
29510917f80a5fee,original_grpo_11970,False,False
b9ffbb852ca558f7,official_il,False,False
b9ffbb852ca558f7,original_grpo_11970,True,False
d20e68029e4a51f6,official_il,False,False
d20e68029e4a51f6,original_grpo_11970,False,False
80ba8cf7acca5eba,official_il,False,False
80ba8cf7acca5eba,original_grpo_11970,False,False
de0cc258922c5411,official_il,False,True
de0cc258922c5411,original_grpo_11970,False,True
ac4654632cd455ba,official_il,False,False
ac4654632cd455ba,original_grpo_11970,False,False
3cc4a3645d6e5d99,official_il,False,False
3cc4a3645d6e5d99,original_grpo_11970,False,False
a8e3474c5d745e93,official_il,False,False
a8e3474c5d745e93,original_grpo_11970,False,False
28c0a3f2b91d5716,official_il,False,False
28c0a3f2b91d5716,original_grpo_11970,False,False
c538136639395e87,official_il,False,False
c538136639395e87,original_grpo_11970,False,False
a1e54e38f64f513b,official_il,False,False
a1e54e38f64f513b,original_grpo_11970,False,False
9d7eda080ab75f95,official_il,False,False
9d7eda080ab75f95,original_grpo_11970,False,False
3bc6e874f04f5234,official_il,False,False
3bc6e874f04f5234,original_grpo_11970,True,False
924e82b7098c53db,official_il,False,False
924e82b7098c53db,original_grpo_11970,False,False
c3d759e4e6355c6a,official_il,False,False
c3d759e4e6355c6a,original_grpo_11970,False,False
deeeedd9aad75d66,official_il,False,False
deeeedd9aad75d66,original_grpo_11970,False,False
c29ca7ee77ca5376,official_il,False,False
c29ca7ee77ca5376,original_grpo_11970,False,False
69547008c5b85100,official_il,False,False
69547008c5b85100,original_grpo_11970,False,False
1dce8dbed91f597f,official_il,False,False
1dce8dbed91f597f,original_grpo_11970,False,False
8ad07ade92d15ba5,official_il,False,False
8ad07ade92d15ba5,original_grpo_11970,False,False
4fa2d7642d0c50ae,official_il,False,False
4fa2d7642d0c50ae,original_grpo_11970,False,False
0588edb157305bd0,official_il,False,False
0588edb157305bd0,original_grpo_11970,False,False
2d741173b4845b48,official_il,False,False
2d741173b4845b48,original_grpo_11970,False,False
263c1a76fe715b38,official_il,False,False
263c1a76fe715b38,original_grpo_11970,False,False
8ba01cd6c4e65358,official_il,False,False
8ba01cd6c4e65358,original_grpo_11970,False,False
ad5fff6e5934543b,official_il,False,False
ad5fff6e5934543b,original_grpo_11970,False,False
e2e5ce5285985ccc,official_il,False,False
e2e5ce5285985ccc,original_grpo_11970,False,False
20ccbc0755d05dff,official_il,False,False
20ccbc0755d05dff,original_grpo_11970,False,False
ae84f22484fa50a6,official_il,False,False
ae84f22484fa50a6,original_grpo_11970,False,False
d7e007f912755344,official_il,False,False
d7e007f912755344,original_grpo_11970,False,False
f7f7e3261d5e5c34,official_il,False,False
f7f7e3261d5e5c34,original_grpo_11970,False,False
2278b200599d515b,official_il,False,False
2278b200599d515b,original_grpo_11970,False,False
ecd7cf6dfca25432,official_il,False,False
ecd7cf6dfca25432,original_grpo_11970,False,False
3904e35e6b905603,official_il,False,False
3904e35e6b905603,original_grpo_11970,False,False
ab53984253715cdd,official_il,False,False
ab53984253715cdd,original_grpo_11970,False,False
b84e746b6f97545a,official_il,False,False
b84e746b6f97545a,original_grpo_11970,False,False
f6d57053a3475d8a,official_il,False,False
f6d57053a3475d8a,original_grpo_11970,False,False
39435337f84251c7,official_il,False,False
39435337f84251c7,original_grpo_11970,False,False
8b34aae3d1875d39,official_il,False,False
8b34aae3d1875d39,original_grpo_11970,False,False
71c3c52540e85925,official_il,False,False
71c3c52540e85925,original_grpo_11970,False,False
c4195c24964a5f98,official_il,False,False
c4195c24964a5f98,original_grpo_11970,False,False
ca498710e6745cc8,official_il,False,False
ca498710e6745cc8,original_grpo_11970,False,False
e508f3f1c86b5b5d,official_il,False,False
e508f3f1c86b5b5d,original_grpo_11970,False,False
2d8ae7d3de325a29,official_il,False,False
2d8ae7d3de325a29,original_grpo_11970,False,False
427ab8b7376f5af1,official_il,False,False
427ab8b7376f5af1,original_grpo_11970,False,False
53fc41b32b5b51cf,official_il,False,False
53fc41b32b5b51cf,original_grpo_11970,False,False
095d84b2259156b2,official_il,False,False
095d84b2259156b2,original_grpo_11970,False,False
faa4bb759ac05d7c,official_il,False,False
faa4bb759ac05d7c,original_grpo_11970,False,False
3a34dd41c41a54ab,official_il,False,False
3a34dd41c41a54ab,original_grpo_11970,False,False
ebf8c8dae1025a6a,official_il,False,False
ebf8c8dae1025a6a,original_grpo_11970,False,False
5c93aac8afaa5f67,official_il,False,False
5c93aac8afaa5f67,original_grpo_11970,False,False
3896b40a6c035100,official_il,False,False
3896b40a6c035100,original_grpo_11970,False,False
04b561c1fd6952e6,official_il,False,False
04b561c1fd6952e6,original_grpo_11970,False,False
e522cb132d57506a,official_il,False,False
e522cb132d57506a,original_grpo_11970,False,False
dbb0bc5f01f554a7,official_il,False,False
dbb0bc5f01f554a7,original_grpo_11970,False,False
af402e38ea21579b,official_il,False,False
af402e38ea21579b,original_grpo_11970,False,False
1ae037a5933555a1,official_il,False,False
1ae037a5933555a1,original_grpo_11970,False,False
3ff65804fed251f6,official_il,False,False
3ff65804fed251f6,original_grpo_11970,False,False
ec6de09d0bd05595,official_il,False,False
ec6de09d0bd05595,original_grpo_11970,False,False
5ead086fd3f35634,official_il,False,False
5ead086fd3f35634,original_grpo_11970,False,False
fb0aca6583c75906,official_il,False,False
fb0aca6583c75906,original_grpo_11970,False,False
50826a80ab91598f,official_il,False,False
50826a80ab91598f,original_grpo_11970,False,False
e61cc5d65cc1536d,official_il,False,False
e61cc5d65cc1536d,original_grpo_11970,False,False
00f7ba156a765403,official_il,False,False
00f7ba156a765403,original_grpo_11970,False,False
9baf3383c17357ab,official_il,False,False
9baf3383c17357ab,original_grpo_11970,False,False
5cba990e03995680,official_il,False,False
5cba990e03995680,original_grpo_11970,False,False
052bc09a96c759b2,official_il,False,False
052bc09a96c759b2,original_grpo_11970,False,False
5579710a22be58e5,official_il,False,False
5579710a22be58e5,original_grpo_11970,False,False
c63a57eea8d15020,official_il,False,False
c63a57eea8d15020,original_grpo_11970,False,False
e1f1695cf0c9556b,official_il,False,False
e1f1695cf0c9556b,original_grpo_11970,False,False
8bc273373d575e88,official_il,False,False
8bc273373d575e88,original_grpo_11970,False,False
55dddcb4677059e5,official_il,True,False
55dddcb4677059e5,original_grpo_11970,True,False
c3c554256f195da6,official_il,False,False
c3c554256f195da6,original_grpo_11970,False,False
ad69184f0e215af6,official_il,False,False
ad69184f0e215af6,original_grpo_11970,False,False
df14117823695d22,official_il,False,False
df14117823695d22,original_grpo_11970,False,False
d42925f80cc355bf,official_il,False,False
d42925f80cc355bf,original_grpo_11970,False,False
e23cc548b4e55f42,official_il,False,False
e23cc548b4e55f42,original_grpo_11970,False,False
d212f493c8995eda,official_il,False,False
d212f493c8995eda,original_grpo_11970,False,False
5849cc6d86f45749,official_il,False,False
5849cc6d86f45749,original_grpo_11970,False,False
303ee9f7245b5ccb,official_il,False,False
303ee9f7245b5ccb,original_grpo_11970,False,False
ad237f70b017572c,official_il,False,False
ad237f70b017572c,original_grpo_11970,False,False
6f6d6f2e71015ef9,official_il,False,False
6f6d6f2e71015ef9,original_grpo_11970,False,True
dedda4f8c57c5a5a,official_il,False,False
dedda4f8c57c5a5a,original_grpo_11970,False,False
556c6c54cfa85985,official_il,False,False
556c6c54cfa85985,original_grpo_11970,False,False
bdfeb22c620e5f77,official_il,False,False
bdfeb22c620e5f77,original_grpo_11970,False,False
499e4f03f7e45148,official_il,False,False
499e4f03f7e45148,original_grpo_11970,False,False
88a61c0f35a5501e,official_il,False,False
88a61c0f35a5501e,original_grpo_11970,False,False
db43dcfbaa7d5d28,official_il,False,False
db43dcfbaa7d5d28,original_grpo_11970,False,False
6d17c3bf8eeb5481,official_il,False,False
6d17c3bf8eeb5481,original_grpo_11970,False,False
62d82621dcce5c8e,official_il,False,False
62d82621dcce5c8e,original_grpo_11970,False,False
6441c2a5af2d5371,official_il,False,False
6441c2a5af2d5371,original_grpo_11970,False,False
d4861e701c41539c,official_il,False,True
d4861e701c41539c,original_grpo_11970,False,True
c804afe0eaab5a74,official_il,False,False
c804afe0eaab5a74,original_grpo_11970,False,False
4fea10e2afd254ba,official_il,False,False
4fea10e2afd254ba,original_grpo_11970,False,False
e6e1768f7b9c59bb,official_il,False,False
e6e1768f7b9c59bb,original_grpo_11970,False,False
d7027d8191b65efc,official_il,False,False
d7027d8191b65efc,original_grpo_11970,False,False
58d713d18d6c5972,official_il,False,False
58d713d18d6c5972,original_grpo_11970,False,False
8fc8b66500535388,official_il,False,False
8fc8b66500535388,original_grpo_11970,False,False
9a388ea19c655cf8,official_il,False,False
9a388ea19c655cf8,original_grpo_11970,False,False
b08281f50bdb5689,official_il,False,False
b08281f50bdb5689,original_grpo_11970,False,False
a3345c9036ab53d4,official_il,False,False
a3345c9036ab53d4,original_grpo_11970,False,False
4423c53d91db5e96,official_il,False,False
4423c53d91db5e96,original_grpo_11970,False,False
0650451cf7005935,official_il,False,False
0650451cf7005935,original_grpo_11970,False,False
4ce1a97804355ef2,official_il,False,False
4ce1a97804355ef2,original_grpo_11970,False,False
b0e333b5747f583c,official_il,False,False
b0e333b5747f583c,original_grpo_11970,False,False
09dbbed239265b66,official_il,False,False
09dbbed239265b66,original_grpo_11970,False,False
b15dc16f06b45482,official_il,False,False
b15dc16f06b45482,original_grpo_11970,False,False
fbe29112fb175384,official_il,False,False
fbe29112fb175384,original_grpo_11970,False,False
70ed54a05f745c3e,official_il,False,False
70ed54a05f745c3e,original_grpo_11970,False,False
7deb558c565d5e93,official_il,False,False
7deb558c565d5e93,original_grpo_11970,False,False
0c90305d79115393,official_il,False,False
0c90305d79115393,original_grpo_11970,False,False
80f6e669cd6b5117,official_il,False,False
80f6e669cd6b5117,original_grpo_11970,False,False
d716414467955dba,official_il,False,False
d716414467955dba,original_grpo_11970,False,False
8ea0c4199fc95316,official_il,False,False
8ea0c4199fc95316,original_grpo_11970,False,False
f083a5d5be4e5302,official_il,False,False
f083a5d5be4e5302,original_grpo_11970,False,False
258a2c54d30752bb,official_il,False,False
258a2c54d30752bb,original_grpo_11970,False,False
1d6491246e215b5b,official_il,False,False
1d6491246e215b5b,original_grpo_11970,False,False
5f087ec056fd56c6,official_il,False,False
5f087ec056fd56c6,original_grpo_11970,False,False
e561c3bbc4a851cb,official_il,False,False
e561c3bbc4a851cb,original_grpo_11970,False,False
2d2ad163c5cd5b34,official_il,False,False
2d2ad163c5cd5b34,original_grpo_11970,False,False
19756c7e7d015c5e,official_il,False,False
19756c7e7d015c5e,original_grpo_11970,False,False
f8b1221748755f94,official_il,False,False
f8b1221748755f94,original_grpo_11970,False,False
8e06330363f3578e,official_il,False,False
8e06330363f3578e,original_grpo_11970,False,False
f25ccf079e4d5125,official_il,False,False
f25ccf079e4d5125,original_grpo_11970,False,False
4997d52f1b85561b,official_il,False,False
4997d52f1b85561b,original_grpo_11970,False,False
5a138a421c5f5550,official_il,False,False
5a138a421c5f5550,original_grpo_11970,False,False
c261fb35bc3a5bf2,official_il,False,False
c261fb35bc3a5bf2,original_grpo_11970,False,False
39b14e7f852f5811,official_il,False,False
39b14e7f852f5811,original_grpo_11970,False,False
51917072a2835e88,official_il,False,False
51917072a2835e88,original_grpo_11970,False,False
a45d929ad6555f1c,official_il,False,False
a45d929ad6555f1c,original_grpo_11970,False,False
6d76cc887d685692,official_il,False,False
6d76cc887d685692,original_grpo_11970,False,False
e3a32f5d86805688,official_il,False,False
e3a32f5d86805688,original_grpo_11970,False,False
aaa39cb51bf955b3,official_il,False,False
aaa39cb51bf955b3,original_grpo_11970,False,False
64a2a7a4ef13505c,official_il,False,False
64a2a7a4ef13505c,original_grpo_11970,False,False
8bea5f4288c554e0,official_il,False,False
8bea5f4288c554e0,original_grpo_11970,False,False
ee77d9a564fa535a,official_il,False,False
ee77d9a564fa535a,original_grpo_11970,False,False
c6e964acdf545d8e,official_il,False,False
c6e964acdf545d8e,original_grpo_11970,False,False
c95cebbef6a85f6c,official_il,False,False
c95cebbef6a85f6c,original_grpo_11970,False,False
1543049980f15e78,official_il,False,False
1543049980f15e78,original_grpo_11970,False,False
362916cb56fe5943,official_il,False,True
362916cb56fe5943,original_grpo_11970,True,False
158144729b945f8d,official_il,False,False
158144729b945f8d,original_grpo_11970,False,False
539b7c76bace5f43,official_il,False,False
539b7c76bace5f43,original_grpo_11970,False,False
db8331745fc552a4,official_il,False,False
db8331745fc552a4,original_grpo_11970,False,False
eba99700f08f5558,official_il,False,False
eba99700f08f5558,original_grpo_11970,False,False
fb49e0a26abb5d7a,official_il,False,False
fb49e0a26abb5d7a,original_grpo_11970,False,False
ce767518636753b9,official_il,False,False
ce767518636753b9,original_grpo_11970,True,False
f762f556ad3e59f2,official_il,False,False
f762f556ad3e59f2,original_grpo_11970,False,False
81ba27a70737506b,official_il,False,False
81ba27a70737506b,original_grpo_11970,False,False
9db0a0346c5d57f0,official_il,False,False
9db0a0346c5d57f0,original_grpo_11970,False,False
bd4bb3997db351c1,official_il,False,False
bd4bb3997db351c1,original_grpo_11970,False,False
126521547c655d11,official_il,False,False
126521547c655d11,original_grpo_11970,False,False
ee8a01183f3c5c9d,official_il,False,False
ee8a01183f3c5c9d,original_grpo_11970,False,False
75c8e19b5d595161,official_il,False,False
75c8e19b5d595161,original_grpo_11970,False,False
fc4d0e0099c7513b,official_il,False,False
fc4d0e0099c7513b,original_grpo_11970,False,False
84313df7ed355edc,official_il,False,False
84313df7ed355edc,original_grpo_11970,False,False
87c65fc20c8150e9,official_il,False,False
87c65fc20c8150e9,original_grpo_11970,False,False
ce55be3c63d95068,official_il,False,False
ce55be3c63d95068,original_grpo_11970,False,False
b8ad7d442da053ff,official_il,False,True
b8ad7d442da053ff,original_grpo_11970,False,True
72439ddbd40d5c90,official_il,False,False
72439ddbd40d5c90,original_grpo_11970,False,False
380c3e9744c55761,official_il,False,False
380c3e9744c55761,original_grpo_11970,False,False
90a90b1248a553d3,official_il,False,False
90a90b1248a553d3,original_grpo_11970,False,False
7e52637b50355a3e,official_il,False,False
7e52637b50355a3e,original_grpo_11970,False,False
527aa56f9e895667,official_il,False,False
527aa56f9e895667,original_grpo_11970,False,False
90dcd8b937495fcf,official_il,False,False
90dcd8b937495fcf,original_grpo_11970,False,False
9844b1934771531e,official_il,False,False
9844b1934771531e,original_grpo_11970,False,False
438c900cb1405d45,official_il,False,False
438c900cb1405d45,original_grpo_11970,False,False
fa5bd63663695d34,official_il,False,False
fa5bd63663695d34,original_grpo_11970,False,False
6613d2776e325288,official_il,False,False
6613d2776e325288,original_grpo_11970,False,False
c6204a3ae8dc52cf,official_il,False,False
c6204a3ae8dc52cf,original_grpo_11970,False,False
0a4bf5e58c775dc3,official_il,False,False
0a4bf5e58c775dc3,original_grpo_11970,False,False
2c13308d83aa50cc,official_il,False,False
2c13308d83aa50cc,original_grpo_11970,False,False
6665500d632552fc,official_il,False,False
6665500d632552fc,original_grpo_11970,False,False
57302b4225955da6,official_il,False,False
57302b4225955da6,original_grpo_11970,False,False
39141adaaa845bb9,official_il,False,False
39141adaaa845bb9,original_grpo_11970,False,False
2f032b963cdc5785,official_il,False,False
2f032b963cdc5785,original_grpo_11970,False,False
11290c49b1b45c38,official_il,False,False
11290c49b1b45c38,original_grpo_11970,False,False
684a1d76d17d5b55,official_il,False,False
684a1d76d17d5b55,original_grpo_11970,True,False
875ca3a865ea5377,official_il,False,False
875ca3a865ea5377,original_grpo_11970,False,False
bc4b5e51fb975321,official_il,False,False
bc4b5e51fb975321,original_grpo_11970,False,False
f113e70c012f55ca,official_il,False,False
f113e70c012f55ca,original_grpo_11970,False,False
e143e31ff8475a07,official_il,False,False
e143e31ff8475a07,original_grpo_11970,False,False
522d9ac535465d75,official_il,False,False
522d9ac535465d75,original_grpo_11970,False,False
f937d42b8b875381,official_il,False,False
f937d42b8b875381,original_grpo_11970,False,False
ecd96bf9429256af,official_il,False,False
ecd96bf9429256af,original_grpo_11970,False,False
174ae90988285ddf,official_il,False,False
174ae90988285ddf,original_grpo_11970,False,False
44423fb4b4e45939,official_il,False,False
44423fb4b4e45939,original_grpo_11970,False,False
79553a1f4d495bb9,official_il,False,False
79553a1f4d495bb9,original_grpo_11970,False,False
66dc03243db95ac7,official_il,False,False
66dc03243db95ac7,original_grpo_11970,False,False
cc22a320d84c5856,official_il,False,True
cc22a320d84c5856,original_grpo_11970,False,True
2d9f87993b9e5a9a,official_il,False,False
2d9f87993b9e5a9a,original_grpo_11970,False,False
38ae0f1629215d45,official_il,False,False
38ae0f1629215d45,original_grpo_11970,False,False
7edfc759338c5d9e,official_il,False,False
7edfc759338c5d9e,original_grpo_11970,False,False
7ce1ff06e3515258,official_il,False,False
7ce1ff06e3515258,original_grpo_11970,False,False
ea8e54d271cd5f73,official_il,False,False
ea8e54d271cd5f73,original_grpo_11970,False,False
654bad5614ed5a30,official_il,False,False
654bad5614ed5a30,original_grpo_11970,False,False
f8a922c4a6b15db6,official_il,False,False
f8a922c4a6b15db6,original_grpo_11970,False,False
effc3af855d653a9,official_il,False,False
effc3af855d653a9,original_grpo_11970,False,False
4c35b111a39a56ec,official_il,False,False
4c35b111a39a56ec,original_grpo_11970,False,False
4c14db84747c50cb,official_il,False,False
4c14db84747c50cb,original_grpo_11970,False,False
6ece56da69135424,official_il,False,False
6ece56da69135424,original_grpo_11970,False,False
2309d8f1ef1758af,official_il,False,False
2309d8f1ef1758af,original_grpo_11970,False,False
e64d644132c25f6e,official_il,False,False
e64d644132c25f6e,original_grpo_11970,False,False
420ea43044b05ddf,official_il,False,False
420ea43044b05ddf,original_grpo_11970,False,False
fe47d1d6868e571a,official_il,False,False
fe47d1d6868e571a,original_grpo_11970,False,True
18a788f9e0b35bac,official_il,False,False
18a788f9e0b35bac,original_grpo_11970,False,False
91c00211260a5e01,official_il,False,False
91c00211260a5e01,original_grpo_11970,False,False
08985a94440452a4,official_il,False,False
08985a94440452a4,original_grpo_11970,False,False
25759fe2cf405e20,official_il,False,True
25759fe2cf405e20,original_grpo_11970,False,False
3265548e625e51ff,official_il,False,False
3265548e625e51ff,original_grpo_11970,False,False
92de903642d55659,official_il,False,False
92de903642d55659,original_grpo_11970,False,False
3c0237b4bd4f5070,official_il,False,False
3c0237b4bd4f5070,original_grpo_11970,False,False
c9f6600e11e55ef4,official_il,False,True
c9f6600e11e55ef4,original_grpo_11970,False,False
d6587d7b1cc8515f,official_il,False,False
d6587d7b1cc8515f,original_grpo_11970,False,False
b61466aee802514b,official_il,False,False
b61466aee802514b,original_grpo_11970,False,False
63f7d70d4a29501e,official_il,False,False
63f7d70d4a29501e,original_grpo_11970,False,False
cd40125483eb573d,official_il,True,False
cd40125483eb573d,original_grpo_11970,True,False
42f40df634a75f7d,official_il,False,False
42f40df634a75f7d,original_grpo_11970,False,False
d64e9664777450e1,official_il,False,False
d64e9664777450e1,original_grpo_11970,False,False
f19d8494044c579a,official_il,False,False
f19d8494044c579a,original_grpo_11970,False,False
d3697bc85b5a5cff,official_il,False,False
d3697bc85b5a5cff,original_grpo_11970,False,False
9cf3177f41975a7b,official_il,False,False
9cf3177f41975a7b,original_grpo_11970,False,False
e46661aa479f5570,official_il,False,False
e46661aa479f5570,original_grpo_11970,False,False
0cc13d4765035a55,official_il,False,False
0cc13d4765035a55,original_grpo_11970,False,False
992907e4edad5192,official_il,False,False
992907e4edad5192,original_grpo_11970,False,False
ae0ec5bd020e52c7,official_il,False,False
ae0ec5bd020e52c7,original_grpo_11970,False,False
6c7b1c60828a5d8a,official_il,False,False
6c7b1c60828a5d8a,original_grpo_11970,False,False
d277b1726ee15b0c,official_il,True,False
d277b1726ee15b0c,original_grpo_11970,False,False
e490256610fd5c61,official_il,False,False
e490256610fd5c61,original_grpo_11970,False,False
7a3f618b51e55c6b,official_il,False,False
7a3f618b51e55c6b,original_grpo_11970,False,False
464926219efe5666,official_il,False,False
464926219efe5666,original_grpo_11970,False,False
c7aa3f0beaeb510a,official_il,False,False
c7aa3f0beaeb510a,original_grpo_11970,False,False
8c454e3f9dfb543e,official_il,False,False
8c454e3f9dfb543e,original_grpo_11970,False,False
dda2e7df3c7f5e8e,official_il,False,False
dda2e7df3c7f5e8e,original_grpo_11970,False,False
fdd8d8db69fb5c5b,official_il,False,False
fdd8d8db69fb5c5b,original_grpo_11970,False,False
593e5c31020e5c06,official_il,False,False
593e5c31020e5c06,original_grpo_11970,False,False
5727ded773505276,official_il,False,False
5727ded773505276,original_grpo_11970,False,False
3a3d8fd874315602,official_il,False,False
3a3d8fd874315602,original_grpo_11970,False,False
32124ba9830f5318,official_il,False,False
32124ba9830f5318,original_grpo_11970,False,False
dbe873f67d295c85,official_il,False,False
dbe873f67d295c85,original_grpo_11970,False,False
eb617262821a5a50,official_il,False,False
eb617262821a5a50,original_grpo_11970,False,False
9cba0ba6adac5b5f,official_il,False,False
9cba0ba6adac5b5f,original_grpo_11970,False,False
943bd3e0d7455911,official_il,False,False
943bd3e0d7455911,original_grpo_11970,False,False
036e15d2072a575e,official_il,False,False
036e15d2072a575e,original_grpo_11970,False,False
3c19ca832da556c1,official_il,False,False
3c19ca832da556c1,original_grpo_11970,False,False
880ebcaa69855e69,official_il,False,False
880ebcaa69855e69,original_grpo_11970,False,False
5fa7b5ff9e465c0e,official_il,False,False
5fa7b5ff9e465c0e,original_grpo_11970,False,False
87f8f56cc5db5808,official_il,False,False
87f8f56cc5db5808,original_grpo_11970,False,False
162227c7efb15e43,official_il,False,False
162227c7efb15e43,original_grpo_11970,False,False
344305db1b1d5917,official_il,False,False
344305db1b1d5917,original_grpo_11970,False,False
7f99557a480e52b8,official_il,False,False
7f99557a480e52b8,original_grpo_11970,False,False
ab915f2b2c005211,official_il,False,False
ab915f2b2c005211,original_grpo_11970,False,False
be7c0cffbf8553e2,official_il,False,False
be7c0cffbf8553e2,original_grpo_11970,False,False
32810b1a65f55d11,official_il,False,False
32810b1a65f55d11,original_grpo_11970,False,False
16e446eab82b5d45,official_il,False,False
16e446eab82b5d45,original_grpo_11970,False,False
73f168b39deb50fc,official_il,False,False
73f168b39deb50fc,original_grpo_11970,False,False
71c69f0fa88b5938,official_il,False,False
71c69f0fa88b5938,original_grpo_11970,False,False
20f2926266985a98,official_il,False,False
20f2926266985a98,original_grpo_11970,False,False
36a54d2443f154ba,official_il,False,False
36a54d2443f154ba,original_grpo_11970,False,False
86e8e35f532c508b,official_il,False,False
86e8e35f532c508b,original_grpo_11970,False,False
4283ccd781355eea,official_il,False,False
4283ccd781355eea,original_grpo_11970,False,False
c5578661619e5d99,official_il,False,False
c5578661619e5d99,original_grpo_11970,False,False
ab86c5c23a1f5ff9,official_il,False,False
ab86c5c23a1f5ff9,original_grpo_11970,False,False
5ef6f8ab19cf57c4,official_il,False,False
5ef6f8ab19cf57c4,original_grpo_11970,False,False
b154aa1883005a40,official_il,False,False
b154aa1883005a40,original_grpo_11970,False,False
687cb46742975bb0,official_il,False,False
687cb46742975bb0,original_grpo_11970,False,False
5d6f565a3b855a22,official_il,False,False
5d6f565a3b855a22,original_grpo_11970,False,False
8570d9472c0c5ba8,official_il,False,False
8570d9472c0c5ba8,original_grpo_11970,True,False
5f6c447441735020,official_il,False,False
5f6c447441735020,original_grpo_11970,False,False
eb7b351f880a5246,official_il,False,False
eb7b351f880a5246,original_grpo_11970,False,False
3c1c605d83155b45,official_il,False,False
3c1c605d83155b45,original_grpo_11970,False,False
75b7d16fee945100,official_il,False,False
75b7d16fee945100,original_grpo_11970,False,False
4883f48f74fa553d,official_il,False,False
4883f48f74fa553d,original_grpo_11970,False,False
0e8f1b9f15eb509d,official_il,False,False
0e8f1b9f15eb509d,original_grpo_11970,False,False
24590d64442a582a,official_il,False,False
24590d64442a582a,original_grpo_11970,False,False
f8c24ec7f1215e5d,official_il,False,False
f8c24ec7f1215e5d,original_grpo_11970,False,False
49e6828c772b5410,official_il,False,False
49e6828c772b5410,original_grpo_11970,False,False
e2b4a566e4d056c8,official_il,False,False
e2b4a566e4d056c8,original_grpo_11970,False,False
62537ca12c515819,official_il,False,False
62537ca12c515819,original_grpo_11970,False,False
1d1d6b14e0795818,official_il,False,False
1d1d6b14e0795818,original_grpo_11970,False,False
a81815f3aef35cb9,official_il,False,False
a81815f3aef35cb9,original_grpo_11970,False,False
46477c5e06295ad6,official_il,False,False
46477c5e06295ad6,original_grpo_11970,False,False
0fb44f035ccb55d9,official_il,False,False
0fb44f035ccb55d9,original_grpo_11970,False,False
e538c4e2bb155e78,official_il,False,False
e538c4e2bb155e78,original_grpo_11970,False,False
8289537664b95b7e,official_il,False,False
8289537664b95b7e,original_grpo_11970,False,False
78481325807e59dc,official_il,False,False
78481325807e59dc,original_grpo_11970,False,False
dce3e2b2505c5a81,official_il,False,False
dce3e2b2505c5a81,original_grpo_11970,False,False
5fe9649c73455b07,official_il,False,False
5fe9649c73455b07,original_grpo_11970,False,False
826ea935f9875f44,official_il,False,False
826ea935f9875f44,original_grpo_11970,True,False
58019caa7f205206,official_il,False,False
58019caa7f205206,original_grpo_11970,False,False
5c558febf24e5e2d,official_il,False,False
5c558febf24e5e2d,original_grpo_11970,False,False
302e74b1e7ee5d60,official_il,False,False
302e74b1e7ee5d60,original_grpo_11970,False,False
00bb64a977de56d5,official_il,False,False
00bb64a977de56d5,original_grpo_11970,False,False
53ae74000081523d,official_il,False,False
53ae74000081523d,original_grpo_11970,False,False
2d4ef1305b7d556f,official_il,False,False
2d4ef1305b7d556f,original_grpo_11970,False,False
888cb5a4b4c25eab,official_il,False,False
888cb5a4b4c25eab,original_grpo_11970,False,False
fc84c4682de25e66,official_il,False,False
fc84c4682de25e66,original_grpo_11970,False,False
5e86753af6db58ff,official_il,False,False
5e86753af6db58ff,original_grpo_11970,False,False
d7fcee5972235e51,official_il,False,False
d7fcee5972235e51,original_grpo_11970,False,False
b2f8a2dd75345c5a,official_il,False,False
b2f8a2dd75345c5a,original_grpo_11970,False,False
d2036bd593335bb8,official_il,False,False
d2036bd593335bb8,original_grpo_11970,False,False
c73733b5e5e55b64,official_il,False,False
c73733b5e5e55b64,original_grpo_11970,False,False
cbbf3f5578a05f21,official_il,False,False
cbbf3f5578a05f21,original_grpo_11970,False,False
4500d43b216754c9,official_il,False,False
4500d43b216754c9,original_grpo_11970,False,False
5272d115f691525d,official_il,False,False
5272d115f691525d,original_grpo_11970,False,False
4b453eab042050a1,official_il,False,False
4b453eab042050a1,original_grpo_11970,False,False
a095b961487a5b63,official_il,False,False
a095b961487a5b63,original_grpo_11970,False,False
6bbc73aef4ce56bc,official_il,False,False
6bbc73aef4ce56bc,original_grpo_11970,False,False
715522fde8ce5009,official_il,False,False
715522fde8ce5009,original_grpo_11970,False,False
935ce5fd34c75e7b,official_il,False,False
935ce5fd34c75e7b,original_grpo_11970,False,False
b56abd6ec2f45b81,official_il,False,False
b56abd6ec2f45b81,original_grpo_11970,False,False
81cc48bc907e5336,official_il,False,False
81cc48bc907e5336,original_grpo_11970,False,False
928bc8d28aac5f98,official_il,False,False
928bc8d28aac5f98,original_grpo_11970,False,False
2cbad57b521c57b2,official_il,False,False
2cbad57b521c57b2,original_grpo_11970,False,False
ddd2962f0a4c5381,official_il,False,False
ddd2962f0a4c5381,original_grpo_11970,False,False
dd64b091ab335da1,official_il,False,False
dd64b091ab335da1,original_grpo_11970,False,False
541bf29113de54e1,official_il,False,False
541bf29113de54e1,original_grpo_11970,False,False
1cc6f57ea3795008,official_il,False,False
1cc6f57ea3795008,original_grpo_11970,False,False
e07673017acd57b7,official_il,False,False
e07673017acd57b7,original_grpo_11970,False,False
bf9b14da2d425b8c,official_il,False,False
bf9b14da2d425b8c,original_grpo_11970,False,False
29519b29e4155f15,official_il,False,False
29519b29e4155f15,original_grpo_11970,False,False
3ea3416c97095653,official_il,False,False
3ea3416c97095653,original_grpo_11970,False,False
cfd304e469ed58b6,official_il,False,False
cfd304e469ed58b6,original_grpo_11970,False,False
a154216e1b4f5a96,official_il,False,False
a154216e1b4f5a96,original_grpo_11970,False,False
a70f7dc1b37e5871,official_il,False,False
a70f7dc1b37e5871,original_grpo_11970,False,False
070988681d2b567c,official_il,False,False
070988681d2b567c,original_grpo_11970,False,False
ae705bb0b129515c,official_il,False,False
ae705bb0b129515c,original_grpo_11970,False,False
3e7dfb08171c5ec8,official_il,False,False
3e7dfb08171c5ec8,original_grpo_11970,False,False
280b0693fd4857e8,official_il,False,False
280b0693fd4857e8,original_grpo_11970,False,False
a47d3abdb3dc520f,official_il,False,False
a47d3abdb3dc520f,original_grpo_11970,False,False
39df0240ad9156c2,official_il,False,False
39df0240ad9156c2,original_grpo_11970,False,False
b868bad238895794,official_il,False,False
b868bad238895794,original_grpo_11970,False,False
5543b3f415e453aa,official_il,False,False
5543b3f415e453aa,original_grpo_11970,False,False
c8eb8606c7995109,official_il,False,False
c8eb8606c7995109,original_grpo_11970,False,False
d5b82bf0402c5a39,official_il,False,False
d5b82bf0402c5a39,original_grpo_11970,False,False
a3865e30ab6f56c7,official_il,False,False
a3865e30ab6f56c7,original_grpo_11970,False,False
07adaac081bb5e33,official_il,False,False
07adaac081bb5e33,original_grpo_11970,False,False
d7610e969e8d5160,official_il,False,False
d7610e969e8d5160,original_grpo_11970,False,False
ca7330e7b5645ba6,official_il,False,False
ca7330e7b5645ba6,original_grpo_11970,False,False
e40b2d22410e51bb,official_il,False,False
e40b2d22410e51bb,original_grpo_11970,False,False
401b00cf08515ca7,official_il,False,False
401b00cf08515ca7,original_grpo_11970,False,False
f18c3fc4dcf15a79,official_il,False,False
f18c3fc4dcf15a79,original_grpo_11970,False,False
64f1f060282d55d6,official_il,False,False
64f1f060282d55d6,original_grpo_11970,False,False
b6afc9e2672056ad,official_il,False,False
b6afc9e2672056ad,original_grpo_11970,False,False
c58841b3eda35d47,official_il,False,False
c58841b3eda35d47,original_grpo_11970,False,False
1a36b3d3610c54d2,official_il,False,False
1a36b3d3610c54d2,original_grpo_11970,False,False
bbe2120dde5b5bcb,official_il,False,False
bbe2120dde5b5bcb,original_grpo_11970,False,False
0c7feca286c8526f,official_il,False,False
0c7feca286c8526f,original_grpo_11970,False,False
9b4d8c62f5ff5191,official_il,False,False
9b4d8c62f5ff5191,original_grpo_11970,False,False
a11430c36569580f,official_il,False,False
a11430c36569580f,original_grpo_11970,False,False
40811dd9ceb956b8,official_il,False,False
40811dd9ceb956b8,original_grpo_11970,False,False
d4ed5a3b2a2051ea,official_il,False,False
d4ed5a3b2a2051ea,original_grpo_11970,False,False
918bde99c54d51f7,official_il,False,False
918bde99c54d51f7,original_grpo_11970,False,False
bf70b8f46c795028,official_il,False,False
bf70b8f46c795028,original_grpo_11970,False,False
9ab15689b88a51d8,official_il,False,False
9ab15689b88a51d8,original_grpo_11970,False,False
8e8a1a0e142d52e0,official_il,False,False
8e8a1a0e142d52e0,original_grpo_11970,False,False
bb655b8926d25bb6,official_il,False,False
bb655b8926d25bb6,original_grpo_11970,False,False
c51eb5b9d0665709,official_il,False,True
c51eb5b9d0665709,original_grpo_11970,False,True
9ee919a72b7f58ec,official_il,False,False
9ee919a72b7f58ec,original_grpo_11970,False,False
653cacdd731a507b,official_il,False,False
653cacdd731a507b,original_grpo_11970,False,False
df0246175095564c,official_il,False,False
df0246175095564c,original_grpo_11970,False,False
2a2d8a4342a15d90,official_il,False,False
2a2d8a4342a15d90,original_grpo_11970,False,False
8a702a6b6ea859e5,official_il,False,False
8a702a6b6ea859e5,original_grpo_11970,False,False
64774b7b2e3f5719,official_il,False,False
64774b7b2e3f5719,original_grpo_11970,False,False
db256a7f027552b4,official_il,False,False
db256a7f027552b4,original_grpo_11970,False,False
050baf33ffa15653,official_il,False,False
050baf33ffa15653,original_grpo_11970,False,False
d27f30a6a15f5f8c,official_il,False,False
d27f30a6a15f5f8c,original_grpo_11970,False,False
cbe74326de1a5a30,official_il,False,True
cbe74326de1a5a30,original_grpo_11970,False,True
274e8d0e1b695305,official_il,False,False
274e8d0e1b695305,original_grpo_11970,False,False
22311b981b2f55f4,official_il,False,False
22311b981b2f55f4,original_grpo_11970,False,False
0b73c50759445882,official_il,False,False
0b73c50759445882,original_grpo_11970,False,False
f6e94fef0b6d5561,official_il,False,False
f6e94fef0b6d5561,original_grpo_11970,False,False
208ead61b0b75999,official_il,False,False
208ead61b0b75999,original_grpo_11970,False,False
5c2e7035f39d57c8,official_il,False,False
5c2e7035f39d57c8,original_grpo_11970,False,False
71dd94d8ecf15220,official_il,False,False
71dd94d8ecf15220,original_grpo_11970,False,False
5f970dbac1d65b9b,official_il,False,False
5f970dbac1d65b9b,original_grpo_11970,False,False
85041dfab48d537c,official_il,False,False
85041dfab48d537c,original_grpo_11970,False,False
e29657fffc1f5a07,official_il,False,False
e29657fffc1f5a07,original_grpo_11970,False,True
65af3db384d05ac0,official_il,False,False
65af3db384d05ac0,original_grpo_11970,False,False
860dc03a6fcf5086,official_il,False,False
860dc03a6fcf5086,original_grpo_11970,False,False
eecf653c1c155233,official_il,False,False
eecf653c1c155233,original_grpo_11970,False,False
f99ef2602d4853b7,official_il,False,False
f99ef2602d4853b7,original_grpo_11970,False,False
8c3110529121534a,official_il,False,False
8c3110529121534a,original_grpo_11970,False,False
a8ef4c190594529d,official_il,False,False
a8ef4c190594529d,original_grpo_11970,False,False
495b5b69313b581d,official_il,False,False
495b5b69313b581d,original_grpo_11970,False,False
2be3d06f018655a2,official_il,False,False
2be3d06f018655a2,original_grpo_11970,False,False
beb361980f435b82,official_il,False,False
beb361980f435b82,original_grpo_11970,False,False
2f2015c1606f5d8b,official_il,False,False
2f2015c1606f5d8b,original_grpo_11970,False,False
d92f9299f5dd517b,official_il,False,False
d92f9299f5dd517b,original_grpo_11970,False,False
1bf56e16e94054aa,official_il,False,False
1bf56e16e94054aa,original_grpo_11970,False,False
d922c1a5c06d5875,official_il,False,False
d922c1a5c06d5875,original_grpo_11970,False,False
bebf190c4b2a59a4,official_il,False,False
bebf190c4b2a59a4,original_grpo_11970,False,False
4fb59a73e8cd558a,official_il,False,False
4fb59a73e8cd558a,original_grpo_11970,False,False
29de6daf33bb546d,official_il,False,False
29de6daf33bb546d,original_grpo_11970,False,False
d5e680e658255bf8,official_il,False,False
d5e680e658255bf8,original_grpo_11970,False,False
2e559602cf17551c,official_il,False,False
2e559602cf17551c,original_grpo_11970,False,False
c6282d6521985a3c,official_il,False,False
c6282d6521985a3c,original_grpo_11970,False,False
1613c888fc775670,official_il,False,False
1613c888fc775670,original_grpo_11970,False,False
af2edd5f2ea65d7d,official_il,False,False
af2edd5f2ea65d7d,original_grpo_11970,False,False
73c6696fe78258c2,official_il,False,False
73c6696fe78258c2,original_grpo_11970,False,False
05e4b380735c5f62,official_il,False,False
05e4b380735c5f62,original_grpo_11970,False,False
34c5ea46cff2534d,official_il,False,False
34c5ea46cff2534d,original_grpo_11970,False,False
77edc0205ac65692,official_il,False,False
77edc0205ac65692,original_grpo_11970,False,False
eeb370a1bd055668,official_il,False,False
eeb370a1bd055668,original_grpo_11970,False,False
b792a2ce7e655e04,official_il,False,False
b792a2ce7e655e04,original_grpo_11970,False,False
7a6f2008d1d45cdb,official_il,False,False
7a6f2008d1d45cdb,original_grpo_11970,False,False
4c8981852b90598b,official_il,False,False
4c8981852b90598b,original_grpo_11970,True,False
2dda51e3236b5f03,official_il,False,False
2dda51e3236b5f03,original_grpo_11970,False,False
4172487743925932,official_il,False,False
4172487743925932,original_grpo_11970,False,False
94e49f7e48b65a93,official_il,False,False
94e49f7e48b65a93,original_grpo_11970,False,False
923aecd44e78562f,official_il,False,False
923aecd44e78562f,original_grpo_11970,False,False
19485d8aa9615028,official_il,False,False
19485d8aa9615028,original_grpo_11970,False,False
08446e569d0f55ae,official_il,False,False
08446e569d0f55ae,original_grpo_11970,False,False
27cf790810325d8b,official_il,False,False
27cf790810325d8b,original_grpo_11970,False,False
239211e57d0b50e3,official_il,False,False
239211e57d0b50e3,original_grpo_11970,False,False
65041006107a5549,official_il,False,False
65041006107a5549,original_grpo_11970,False,False
f725a2d2887a585e,official_il,False,False
f725a2d2887a585e,original_grpo_11970,False,False
742ad124f9e15892,official_il,False,False
742ad124f9e15892,original_grpo_11970,False,False
a0f297731268540a,official_il,False,False
a0f297731268540a,original_grpo_11970,False,False
1eb67dbad65158e1,official_il,False,False
1eb67dbad65158e1,original_grpo_11970,False,False
cca2d2caebdb5ac8,official_il,False,False
cca2d2caebdb5ac8,original_grpo_11970,False,False
c985f32fb7065a55,official_il,False,False
c985f32fb7065a55,original_grpo_11970,False,False
cedbdbceb3ac5e48,official_il,False,False
cedbdbceb3ac5e48,original_grpo_11970,False,False
70d495ff811c52a9,official_il,False,False
70d495ff811c52a9,original_grpo_11970,False,False
fa327a8127c155c6,official_il,False,False
fa327a8127c155c6,original_grpo_11970,False,False
07325db9f82e5b85,official_il,False,False
07325db9f82e5b85,original_grpo_11970,False,False
bf84cd1ae9c65855,official_il,False,False
bf84cd1ae9c65855,original_grpo_11970,False,False
1634f4262e345e02,official_il,False,True
1634f4262e345e02,original_grpo_11970,False,True
8902f5217bdb50e7,official_il,False,False
8902f5217bdb50e7,original_grpo_11970,False,False
ed92c39e22fe5891,official_il,False,False
ed92c39e22fe5891,original_grpo_11970,False,False
1112f86ad71b52b7,official_il,False,False
1112f86ad71b52b7,original_grpo_11970,False,False
f3e7e563ea195474,official_il,False,False
f3e7e563ea195474,original_grpo_11970,False,False
f9e79fbee2c45987,official_il,False,True
f9e79fbee2c45987,original_grpo_11970,False,True
a8fcf08f18485380,official_il,False,False
a8fcf08f18485380,original_grpo_11970,True,False
45d545df1d305944,official_il,False,False
45d545df1d305944,original_grpo_11970,False,False
2aa029a964f15522,official_il,False,False
2aa029a964f15522,original_grpo_11970,False,False
5a83a1de49ab5b17,official_il,False,False
5a83a1de49ab5b17,original_grpo_11970,False,False
14b3acb8d8675c31,official_il,False,False
14b3acb8d8675c31,original_grpo_11970,False,False
3d6ec3e6c95b5879,official_il,False,False
3d6ec3e6c95b5879,original_grpo_11970,False,False
4b5f15da089c5e75,official_il,False,False
4b5f15da089c5e75,original_grpo_11970,False,False
92ab9b05e06c5d71,official_il,False,False
92ab9b05e06c5d71,original_grpo_11970,False,False
a4a8dbc69ff65dec,official_il,False,False
a4a8dbc69ff65dec,original_grpo_11970,False,False
0e34518dff9d5ad2,official_il,False,False
0e34518dff9d5ad2,original_grpo_11970,False,False
24c08507134c5d5e,official_il,False,False
24c08507134c5d5e,original_grpo_11970,False,False
cfbad7ad7a875835,official_il,False,False
cfbad7ad7a875835,original_grpo_11970,False,False
db09425094035788,official_il,False,False
db09425094035788,original_grpo_11970,False,False
7fef4c04685058a8,official_il,False,False
7fef4c04685058a8,original_grpo_11970,False,False
2de9e59ce5625a5c,official_il,False,False
2de9e59ce5625a5c,original_grpo_11970,False,False
fda99d9d23f05726,official_il,False,False
fda99d9d23f05726,original_grpo_11970,False,False
105d830911bd572e,official_il,False,False
105d830911bd572e,original_grpo_11970,False,False
03cfd41130a85d6f,official_il,False,False
03cfd41130a85d6f,original_grpo_11970,False,False
9dff20e00add5e33,official_il,False,False
9dff20e00add5e33,original_grpo_11970,False,False
a5c2a0e433b15935,official_il,False,False
a5c2a0e433b15935,original_grpo_11970,False,False
c1c5f9ae8d2454ed,official_il,False,False
c1c5f9ae8d2454ed,original_grpo_11970,False,False
0016245ac3705a33,official_il,False,False
0016245ac3705a33,original_grpo_11970,False,False
d2476a373b065851,official_il,False,False
d2476a373b065851,original_grpo_11970,False,False
6de8b899c4f05d1c,official_il,False,False
6de8b899c4f05d1c,original_grpo_11970,False,False
d30111e48ab75569,official_il,False,False
d30111e48ab75569,original_grpo_11970,False,False
787b05ede7d059a0,official_il,False,False
787b05ede7d059a0,original_grpo_11970,False,False
d397de066ea158d0,official_il,False,True
d397de066ea158d0,original_grpo_11970,False,True
70639796a06a55e5,official_il,False,False
70639796a06a55e5,original_grpo_11970,False,False
bf70d1a3bfcc5006,official_il,False,False
bf70d1a3bfcc5006,original_grpo_11970,False,False
8df7f5874f265d10,official_il,False,False
8df7f5874f265d10,original_grpo_11970,False,False
4ee352f065005fe5,official_il,False,False
4ee352f065005fe5,original_grpo_11970,False,False
1bb2a6d055705b3f,official_il,False,False
1bb2a6d055705b3f,original_grpo_11970,False,False
2eb9273740b85b3f,official_il,False,False
2eb9273740b85b3f,original_grpo_11970,False,False
48760d0268e05840,official_il,False,False
48760d0268e05840,original_grpo_11970,False,False
0cb0ee6d7fe4501f,official_il,False,False
0cb0ee6d7fe4501f,original_grpo_11970,False,False
43fbd3a350a65fb7,official_il,False,False
43fbd3a350a65fb7,original_grpo_11970,False,False
6767856c40e85a00,official_il,False,False
6767856c40e85a00,original_grpo_11970,False,False
e99797285809510a,official_il,False,False
e99797285809510a,original_grpo_11970,False,False
e8c071686f385d7f,official_il,False,False
e8c071686f385d7f,original_grpo_11970,False,False
28864df8e6cc59a0,official_il,False,False
28864df8e6cc59a0,original_grpo_11970,False,False
19f0c49a6ce553c3,official_il,False,False
19f0c49a6ce553c3,original_grpo_11970,False,False
a083da53cfd65cde,official_il,False,False
a083da53cfd65cde,original_grpo_11970,False,False
7d8755b7355d5a8a,official_il,False,False
7d8755b7355d5a8a,original_grpo_11970,False,False
db1a493061245f63,official_il,False,False
db1a493061245f63,original_grpo_11970,False,False
c38aa1df6f845b05,official_il,False,False
c38aa1df6f845b05,original_grpo_11970,False,False
37b65daae05e5787,official_il,False,False
37b65daae05e5787,original_grpo_11970,False,False
d3819d14d837591f,official_il,False,False
d3819d14d837591f,original_grpo_11970,False,False
aec6f27137b95ccc,official_il,False,True
aec6f27137b95ccc,original_grpo_11970,False,True
4184bb1a1fdc5267,official_il,False,False
4184bb1a1fdc5267,original_grpo_11970,False,False
e009399ded0352cb,official_il,False,False
e009399ded0352cb,original_grpo_11970,False,False
a63d0c4ac7815124,official_il,False,False
a63d0c4ac7815124,original_grpo_11970,False,False
78dee11583a659b0,official_il,False,False
78dee11583a659b0,original_grpo_11970,False,False
37cc5ba888865f48,official_il,False,False
37cc5ba888865f48,original_grpo_11970,False,False
a26b77c9232f5100,official_il,True,False
a26b77c9232f5100,original_grpo_11970,True,False
e63327ab97965fdc,official_il,False,False
e63327ab97965fdc,original_grpo_11970,False,True
8e4be88799dc5614,official_il,False,False
8e4be88799dc5614,original_grpo_11970,False,False
7f4cd469ea895d30,official_il,False,False
7f4cd469ea895d30,original_grpo_11970,False,False
5c4e047650e75801,official_il,False,False
5c4e047650e75801,original_grpo_11970,False,False
0861bce419a05801,official_il,False,False
0861bce419a05801,original_grpo_11970,False,False
b5fdbf14e2f35d80,official_il,False,False
b5fdbf14e2f35d80,original_grpo_11970,False,False
39cf86e5c40b5a38,official_il,False,False
39cf86e5c40b5a38,original_grpo_11970,True,False
92972fb8c18c5646,official_il,False,False
92972fb8c18c5646,original_grpo_11970,False,False
74f91df6e6045a62,official_il,False,False
74f91df6e6045a62,original_grpo_11970,False,False
45eed0d414955555,official_il,False,False
45eed0d414955555,original_grpo_11970,False,False
dfde1a7197855950,official_il,False,False
dfde1a7197855950,original_grpo_11970,False,False
2bfea2e9c6e15d4e,official_il,False,False
2bfea2e9c6e15d4e,original_grpo_11970,False,False
4c65ecbfebcf55ab,official_il,False,False
4c65ecbfebcf55ab,original_grpo_11970,True,False
24909680cdc057db,official_il,False,False
24909680cdc057db,original_grpo_11970,False,False
5a4def2a396d5d10,official_il,False,False
5a4def2a396d5d10,original_grpo_11970,True,False
701c62d42cdf5cfa,official_il,False,False
701c62d42cdf5cfa,original_grpo_11970,False,False
081499c918b456cf,official_il,False,False
081499c918b456cf,original_grpo_11970,False,False
ab673cfe81c75681,official_il,False,False
ab673cfe81c75681,original_grpo_11970,False,False
b4e706cb995552da,official_il,False,False
b4e706cb995552da,original_grpo_11970,False,False
c1fe409f93b051a0,official_il,False,False
c1fe409f93b051a0,original_grpo_11970,False,False
773768b8e57a5bda,official_il,False,False
773768b8e57a5bda,original_grpo_11970,False,False
b3a19b2815585a1c,official_il,False,False
b3a19b2815585a1c,original_grpo_11970,False,False
d486caa2e71952cb,official_il,False,False
d486caa2e71952cb,original_grpo_11970,False,False
b950ceccdd8d50f5,official_il,False,False
b950ceccdd8d50f5,original_grpo_11970,False,False
3077e56cc40655e9,official_il,False,False
3077e56cc40655e9,original_grpo_11970,False,False
c75cfd3b89405a27,official_il,False,False
c75cfd3b89405a27,original_grpo_11970,False,False
ebcabda4eb2b5ffc,official_il,False,False
ebcabda4eb2b5ffc,original_grpo_11970,False,False
7e9e4a75b6f45498,official_il,False,False
7e9e4a75b6f45498,original_grpo_11970,False,False
d665ff19f57b537e,official_il,False,False
d665ff19f57b537e,original_grpo_11970,False,False
27b2015bc35c517f,official_il,False,False
27b2015bc35c517f,original_grpo_11970,False,False
2b231e02dbf7519f,official_il,False,False
2b231e02dbf7519f,original_grpo_11970,True,False
4d8f6dee097a53d5,official_il,False,False
4d8f6dee097a53d5,original_grpo_11970,False,False
c3ccf343205e5451,official_il,False,False
c3ccf343205e5451,original_grpo_11970,False,False
26d5636ce56e5bf4,official_il,False,False
26d5636ce56e5bf4,original_grpo_11970,False,False
7f0c4fae61b75bc9,official_il,False,False
7f0c4fae61b75bc9,original_grpo_11970,False,False
c393ce7ad76c559c,official_il,False,False
c393ce7ad76c559c,original_grpo_11970,False,False
f8850fbe82b95304,official_il,False,False
f8850fbe82b95304,original_grpo_11970,False,False
d1f12e740f6d53b2,official_il,False,False
d1f12e740f6d53b2,original_grpo_11970,False,False
fabca9b9e2805a4e,official_il,False,False
fabca9b9e2805a4e,original_grpo_11970,False,False
62b48ee81269527a,official_il,False,False
62b48ee81269527a,original_grpo_11970,False,False
ad1617d0f8c758d8,official_il,False,False
ad1617d0f8c758d8,original_grpo_11970,False,False
5fb8a337d96c52ec,official_il,False,False
5fb8a337d96c52ec,original_grpo_11970,False,False
7924629f69095055,official_il,False,False
7924629f69095055,original_grpo_11970,False,False
428d38eb9fee5642,official_il,False,False
428d38eb9fee5642,original_grpo_11970,True,False
a09b78f8de935131,official_il,False,False
a09b78f8de935131,original_grpo_11970,False,False
c196841990fa5db6,official_il,False,False
c196841990fa5db6,original_grpo_11970,False,False
dd1648bba54f56d8,official_il,False,False
dd1648bba54f56d8,original_grpo_11970,False,False
78e899a396fb5749,official_il,False,False
78e899a396fb5749,original_grpo_11970,False,False
d396bed974d45a2c,official_il,False,False
d396bed974d45a2c,original_grpo_11970,False,False
d81384838a9f5259,official_il,False,False
d81384838a9f5259,original_grpo_11970,False,False
946c91b5d1cd5a55,official_il,False,False
946c91b5d1cd5a55,original_grpo_11970,False,True
18c080c7deeb5788,official_il,False,False
18c080c7deeb5788,original_grpo_11970,False,False
d98d6f6d87be5f33,official_il,False,False
d98d6f6d87be5f33,original_grpo_11970,False,False
066733dbf9ba5659,official_il,False,False
066733dbf9ba5659,original_grpo_11970,False,False
b28fcc64842353e5,official_il,False,False
b28fcc64842353e5,original_grpo_11970,False,False
221be0b4316a5320,official_il,False,False
221be0b4316a5320,original_grpo_11970,False,False
5a8d2d37e458506f,official_il,False,False
5a8d2d37e458506f,original_grpo_11970,False,False
c4d14ae9e87657c3,official_il,False,False
c4d14ae9e87657c3,original_grpo_11970,False,False
edaca43a3dfe5c15,official_il,False,False
edaca43a3dfe5c15,original_grpo_11970,False,False
ec669b3a01905c9e,official_il,False,False
ec669b3a01905c9e,original_grpo_11970,False,False
9263829462535ac6,official_il,False,False
9263829462535ac6,original_grpo_11970,False,False
f6001f736e915b78,official_il,False,False
f6001f736e915b78,original_grpo_11970,False,False
420871b35de85529,official_il,False,False
420871b35de85529,original_grpo_11970,False,False
bdd52aec50545cdd,official_il,False,False
bdd52aec50545cdd,original_grpo_11970,False,False
dd5ac30930bc5916,official_il,False,False
dd5ac30930bc5916,original_grpo_11970,False,False
17d61fc4aa225978,official_il,False,False
17d61fc4aa225978,original_grpo_11970,False,False
e8f6dc3051bd5d8c,official_il,False,False
e8f6dc3051bd5d8c,original_grpo_11970,False,False
7f6445403d5f54f6,official_il,False,False
7f6445403d5f54f6,original_grpo_11970,False,False
197bc62fbf2c51c4,official_il,False,True
197bc62fbf2c51c4,original_grpo_11970,False,True
a638e642831559ea,official_il,False,False
a638e642831559ea,original_grpo_11970,False,False
388fe06980f559f8,official_il,False,False
388fe06980f559f8,original_grpo_11970,False,False
2c9f2dd4691a540a,official_il,False,False
2c9f2dd4691a540a,original_grpo_11970,False,False
f92113a829685d8b,official_il,False,False
f92113a829685d8b,original_grpo_11970,False,False
60d20012a2005c4f,official_il,False,False
60d20012a2005c4f,original_grpo_11970,False,False
31e5b535f6355590,official_il,False,False
31e5b535f6355590,original_grpo_11970,False,False
8aee27e28e5f5759,official_il,False,False
8aee27e28e5f5759,original_grpo_11970,False,False
3905266f323d5f92,official_il,True,False
3905266f323d5f92,original_grpo_11970,True,False
5d32c8f1d9735a56,official_il,False,False
5d32c8f1d9735a56,original_grpo_11970,False,False
71023e606ba25219,official_il,False,False
71023e606ba25219,original_grpo_11970,False,False
0a9574284f8151d6,official_il,False,False
0a9574284f8151d6,original_grpo_11970,False,False
5647d916d9f755d3,official_il,False,False
5647d916d9f755d3,original_grpo_11970,False,False
1f1c812e5d3d555d,official_il,False,False
1f1c812e5d3d555d,original_grpo_11970,False,False
6959777404e75968,official_il,False,False
6959777404e75968,original_grpo_11970,False,False
26a59b3e089c539d,official_il,False,False
26a59b3e089c539d,original_grpo_11970,False,False
fdbc306945075212,official_il,False,False
fdbc306945075212,original_grpo_11970,False,False
e0f78d1db37c54c1,official_il,False,False
e0f78d1db37c54c1,original_grpo_11970,False,False
bee65e76c5e55229,official_il,False,False
bee65e76c5e55229,original_grpo_11970,False,False
0e723dc5e74651f5,official_il,False,False
0e723dc5e74651f5,original_grpo_11970,False,False
3e0ef4edd61d5820,official_il,False,False
3e0ef4edd61d5820,original_grpo_11970,False,False
53febe6838305bcc,official_il,False,False
53febe6838305bcc,original_grpo_11970,False,False
1facb63095735c42,official_il,False,False
1facb63095735c42,original_grpo_11970,False,False
4f13302b80b251d6,official_il,False,False
4f13302b80b251d6,original_grpo_11970,False,False
1f6de5c5ff1a5d8b,official_il,False,False
1f6de5c5ff1a5d8b,original_grpo_11970,False,False
d4a7b8e78a395459,official_il,False,False
d4a7b8e78a395459,original_grpo_11970,False,False
70714240794c5a82,official_il,False,False
70714240794c5a82,original_grpo_11970,False,False
6036435c3f4c5dda,official_il,False,False
6036435c3f4c5dda,original_grpo_11970,False,False
5437ca59c5bf5bfc,official_il,False,False
5437ca59c5bf5bfc,original_grpo_11970,False,False
f0a7293d8b9652ae,official_il,False,False
f0a7293d8b9652ae,original_grpo_11970,False,False
ac45c3688b615b7e,official_il,False,False
ac45c3688b615b7e,original_grpo_11970,False,False
ba7f52113301560f,official_il,False,False
ba7f52113301560f,original_grpo_11970,False,False
bbc08fc5a97e56ad,official_il,False,False
bbc08fc5a97e56ad,original_grpo_11970,False,False
ba4ed93591fa5571,official_il,False,False
ba4ed93591fa5571,original_grpo_11970,False,True
b2781b1d5b6d5095,official_il,False,False
b2781b1d5b6d5095,original_grpo_11970,False,False
b145b8fd8b3a5693,official_il,False,False
b145b8fd8b3a5693,original_grpo_11970,False,False
2ddbf78cd51957e4,official_il,False,False
2ddbf78cd51957e4,original_grpo_11970,False,False
53fd6abb9660516c,official_il,True,False
53fd6abb9660516c,original_grpo_11970,True,False
44256ae7e898556f,official_il,False,False
44256ae7e898556f,original_grpo_11970,False,False
267d81415c76549d,official_il,False,False
267d81415c76549d,original_grpo_11970,False,False
dcdd390aef4b5591,official_il,False,False
dcdd390aef4b5591,original_grpo_11970,True,False
0d85ff9ebde25585,official_il,False,False
0d85ff9ebde25585,original_grpo_11970,False,False
ae6db3a4fceb5f3a,official_il,False,False
ae6db3a4fceb5f3a,original_grpo_11970,False,False
1945703eab855ee6,official_il,False,False
1945703eab855ee6,original_grpo_11970,False,False
0d1c8b7137ee5162,official_il,False,False
0d1c8b7137ee5162,original_grpo_11970,False,False
2b0283ae6c085b40,official_il,False,False
2b0283ae6c085b40,original_grpo_11970,False,False
917c026fefd3510b,official_il,False,False
917c026fefd3510b,original_grpo_11970,False,False
0e718bdb5a1e5486,official_il,False,False
0e718bdb5a1e5486,original_grpo_11970,False,False
0e8c9cb736c75095,official_il,False,False
0e8c9cb736c75095,original_grpo_11970,False,False
20838834148a583d,official_il,False,False
20838834148a583d,original_grpo_11970,False,True
642b6063a4475b31,official_il,False,False
642b6063a4475b31,original_grpo_11970,False,False
18fa95eb0d2455e2,official_il,False,False
18fa95eb0d2455e2,original_grpo_11970,False,False
ca123ea26e2059ab,official_il,False,False
ca123ea26e2059ab,original_grpo_11970,False,False
cbbbb09e1ac05d80,official_il,False,False
cbbbb09e1ac05d80,original_grpo_11970,False,False
80ba9e9b55e25cd7,official_il,False,False
80ba9e9b55e25cd7,original_grpo_11970,False,False
35024d11ec105d98,official_il,False,False
35024d11ec105d98,original_grpo_11970,False,False
68b1d23143685d73,official_il,False,False
68b1d23143685d73,original_grpo_11970,False,False
31d565f74269592e,official_il,False,False
31d565f74269592e,original_grpo_11970,False,False
22eb5276bd78514e,official_il,False,False
22eb5276bd78514e,original_grpo_11970,False,False
5de339af13745d23,official_il,False,False
5de339af13745d23,original_grpo_11970,False,False
15b83e8b315b54e8,official_il,False,False
15b83e8b315b54e8,original_grpo_11970,False,False
14aff84249475741,official_il,False,False
14aff84249475741,original_grpo_11970,False,False
42b4c2c7efda537e,official_il,False,False
42b4c2c7efda537e,original_grpo_11970,False,False
da97e302903b568a,official_il,False,False
da97e302903b568a,original_grpo_11970,False,False
6d07ad1b06b05e03,official_il,False,False
6d07ad1b06b05e03,original_grpo_11970,False,False
a3315a0e4d355f80,official_il,False,False
a3315a0e4d355f80,original_grpo_11970,False,False
dcd53f51bdfb579d,official_il,False,False
dcd53f51bdfb579d,original_grpo_11970,False,False
a320d1345efe59c1,official_il,False,False
a320d1345efe59c1,original_grpo_11970,False,False
95f38a01802e5185,official_il,False,False
95f38a01802e5185,original_grpo_11970,False,False
2feb1dccca045951,official_il,False,False
2feb1dccca045951,original_grpo_11970,False,False
47d3ecb4d96f5234,official_il,False,False
47d3ecb4d96f5234,original_grpo_11970,False,False
6c2e54198a1a5311,official_il,False,False
6c2e54198a1a5311,original_grpo_11970,False,False
c26171bfd8f8554a,official_il,False,True
c26171bfd8f8554a,original_grpo_11970,False,True
c41a23a8d9165eae,official_il,False,False
c41a23a8d9165eae,original_grpo_11970,False,False
62e8fe5519ae55dd,official_il,False,False
62e8fe5519ae55dd,original_grpo_11970,False,False
8c8414fb0da35c81,official_il,False,False
8c8414fb0da35c81,original_grpo_11970,False,False
b6376b22590851e6,official_il,False,False
b6376b22590851e6,original_grpo_11970,True,False
ef83769922b25122,official_il,False,False
ef83769922b25122,original_grpo_11970,False,False
f650a03e507a5ea0,official_il,False,False
f650a03e507a5ea0,original_grpo_11970,False,False
d1acf3b1b19853ad,official_il,False,False
d1acf3b1b19853ad,original_grpo_11970,False,False
77d5531dc41d5c8b,official_il,False,False
77d5531dc41d5c8b,original_grpo_11970,False,False
c55fb571eed1564b,official_il,False,False
c55fb571eed1564b,original_grpo_11970,False,False
33c7a46268c25161,official_il,False,False
33c7a46268c25161,original_grpo_11970,False,False
79b73d1ae8425d3e,official_il,False,False
79b73d1ae8425d3e,original_grpo_11970,False,False
52981e78903853d5,official_il,False,False
52981e78903853d5,original_grpo_11970,False,False
7c00452937495244,official_il,False,False
7c00452937495244,original_grpo_11970,False,False
5cdd01992f9253b4,official_il,False,False
5cdd01992f9253b4,original_grpo_11970,False,False
7df5433152e3531f,official_il,False,False
7df5433152e3531f,original_grpo_11970,False,False
cfdf1873efff52c6,official_il,False,False
cfdf1873efff52c6,original_grpo_11970,False,False
c3ecbfd84d1c59a0,official_il,False,False
c3ecbfd84d1c59a0,original_grpo_11970,False,False
6a76ec8a98a35e6e,official_il,False,False
6a76ec8a98a35e6e,original_grpo_11970,False,False
75f2bde0e13b59e0,official_il,False,False
75f2bde0e13b59e0,original_grpo_11970,False,False
f11acdeb20335740,official_il,False,False
f11acdeb20335740,original_grpo_11970,False,False
08b90ea812f95157,official_il,False,False
08b90ea812f95157,original_grpo_11970,False,False
e0b89b6de1dd5f0e,official_il,False,False
e0b89b6de1dd5f0e,original_grpo_11970,False,False
e237a275148a55d2,official_il,False,False
e237a275148a55d2,original_grpo_11970,False,False
633ea03c6c925069,official_il,False,False
633ea03c6c925069,original_grpo_11970,False,False
453e5a670eab5b6d,official_il,False,False
453e5a670eab5b6d,original_grpo_11970,False,False
a59ac3c7f2d856dd,official_il,True,False
a59ac3c7f2d856dd,original_grpo_11970,True,False
5dca0727c7cc5c5c,official_il,False,False
5dca0727c7cc5c5c,original_grpo_11970,False,False
fd2b03ff7c145ae7,official_il,False,False
fd2b03ff7c145ae7,original_grpo_11970,False,False
4f6afde0a768583e,official_il,False,False
4f6afde0a768583e,original_grpo_11970,False,False
b97797f8b61c527d,official_il,False,False
b97797f8b61c527d,original_grpo_11970,True,False
fee18eea510658f5,official_il,False,False
fee18eea510658f5,original_grpo_11970,False,False
290cae625b0b5642,official_il,False,False
290cae625b0b5642,original_grpo_11970,False,False
bafd1526c4ae5f40,official_il,False,False
bafd1526c4ae5f40,original_grpo_11970,False,False
7a926ada0ea05e28,official_il,False,False
7a926ada0ea05e28,original_grpo_11970,False,False
bf109b16064a5516,official_il,False,False
bf109b16064a5516,original_grpo_11970,False,False
ea13dda8d7085b17,official_il,False,False
ea13dda8d7085b17,original_grpo_11970,False,False
28f70bd9ad9f52b2,official_il,False,False
28f70bd9ad9f52b2,original_grpo_11970,False,False
ea1dbf3aec435c27,official_il,False,False
ea1dbf3aec435c27,original_grpo_11970,False,False
9b3faf72f4d75454,official_il,False,False
9b3faf72f4d75454,original_grpo_11970,False,False
d6802480a52a53a0,official_il,False,False
d6802480a52a53a0,original_grpo_11970,False,False
532e488ef1ba5833,official_il,False,False
532e488ef1ba5833,original_grpo_11970,False,False
4a78b7d0427d570e,official_il,False,False
4a78b7d0427d570e,original_grpo_11970,False,False
82dd21de4a4e5573,official_il,False,False
82dd21de4a4e5573,original_grpo_11970,False,False
1069f2030bd55408,official_il,False,False
1069f2030bd55408,original_grpo_11970,False,False
e75d29d0ba3859a7,official_il,False,False
e75d29d0ba3859a7,original_grpo_11970,False,False
728fc4874f3a59ab,official_il,False,False
728fc4874f3a59ab,original_grpo_11970,False,False
1aceb689a1125eba,official_il,False,False
1aceb689a1125eba,original_grpo_11970,False,False
e32bbcf9a96254d1,official_il,False,False
e32bbcf9a96254d1,original_grpo_11970,False,False
3b89ea4c85e352ef,official_il,False,False
3b89ea4c85e352ef,original_grpo_11970,False,False
f4822628bff3550f,official_il,False,False
f4822628bff3550f,original_grpo_11970,False,False
08f8cfbccab75231,official_il,False,False
08f8cfbccab75231,original_grpo_11970,False,False
1081ba3ede735936,official_il,False,False
1081ba3ede735936,original_grpo_11970,False,False
c93d2f14b2535d2e,official_il,False,False
c93d2f14b2535d2e,original_grpo_11970,False,False
2fbf6c8cf3dd5289,official_il,False,False
2fbf6c8cf3dd5289,original_grpo_11970,True,False
fe784dc4b017509b,official_il,False,False
fe784dc4b017509b,original_grpo_11970,False,False
aa2304aec7905bce,official_il,False,False
aa2304aec7905bce,original_grpo_11970,False,False
6ff7454c83715545,official_il,False,False
6ff7454c83715545,original_grpo_11970,False,False
8a52473f469e5762,official_il,False,False
8a52473f469e5762,original_grpo_11970,True,False
e5ee5602564c51f7,official_il,False,False
e5ee5602564c51f7,original_grpo_11970,False,False
6dbb1e3a22945a55,official_il,False,False
6dbb1e3a22945a55,original_grpo_11970,False,False
c02e2b0748245d1d,official_il,False,False
c02e2b0748245d1d,original_grpo_11970,False,False
e7061f8ef9d25dc8,official_il,False,False
e7061f8ef9d25dc8,original_grpo_11970,False,False
8dd7280701835a7a,official_il,False,False
8dd7280701835a7a,original_grpo_11970,False,False
9a7e885a3fd752a5,official_il,False,False
9a7e885a3fd752a5,original_grpo_11970,False,False
a7e59046df7f5e59,official_il,False,False
a7e59046df7f5e59,original_grpo_11970,False,False
a89be583452056eb,official_il,False,False
a89be583452056eb,original_grpo_11970,False,False
e514c60204f9553e,official_il,False,False
e514c60204f9553e,original_grpo_11970,False,False
7a7b26762a3c51a1,official_il,False,False
7a7b26762a3c51a1,original_grpo_11970,False,False
eea25c157e255aab,official_il,False,False
eea25c157e255aab,original_grpo_11970,False,False
e0893a06ed5e5bb3,official_il,False,False
e0893a06ed5e5bb3,original_grpo_11970,False,False
acf16f2c008a5cfe,official_il,False,False
acf16f2c008a5cfe,original_grpo_11970,False,False
fb93f4f6f9685153,official_il,False,False
fb93f4f6f9685153,original_grpo_11970,False,False
eebcc25083fe577d,official_il,False,False
eebcc25083fe577d,original_grpo_11970,False,False
547e1d9d840b5b08,official_il,False,False
547e1d9d840b5b08,original_grpo_11970,False,False
d99b369f2fda5cc2,official_il,False,False
d99b369f2fda5cc2,original_grpo_11970,False,False
0f8937dbf5c05d19,official_il,False,False
0f8937dbf5c05d19,original_grpo_11970,False,False
938621edf3205ea9,official_il,False,False
938621edf3205ea9,original_grpo_11970,False,False
3c12008918c35538,official_il,False,False
3c12008918c35538,original_grpo_11970,False,False
8e864856d4765ad2,official_il,False,False
8e864856d4765ad2,original_grpo_11970,False,False
69942ebc71245b63,official_il,False,False
69942ebc71245b63,original_grpo_11970,False,False
b42945aa732e582c,official_il,False,False
b42945aa732e582c,original_grpo_11970,False,False
3e53130d7f7a5ee8,official_il,False,False
3e53130d7f7a5ee8,original_grpo_11970,False,False
1c2b1f4d6d1e50a5,official_il,False,False
1c2b1f4d6d1e50a5,original_grpo_11970,False,False
53a9c5bcdd9e5b51,official_il,False,False
53a9c5bcdd9e5b51,original_grpo_11970,False,False
336e8e2acc4855ac,official_il,False,False
336e8e2acc4855ac,original_grpo_11970,False,False
3293bbf619a852ae,official_il,False,False
3293bbf619a852ae,original_grpo_11970,False,False
b77ee0cf7cd05834,official_il,False,False
b77ee0cf7cd05834,original_grpo_11970,False,False
559c6e0ef3df5244,official_il,False,False
559c6e0ef3df5244,original_grpo_11970,False,False
48aabcdc6b9e5935,official_il,False,False
48aabcdc6b9e5935,original_grpo_11970,False,False
9687fb3273c155fb,official_il,False,False
9687fb3273c155fb,original_grpo_11970,False,False
3af60b61afdf5354,official_il,True,False
3af60b61afdf5354,original_grpo_11970,True,False
c479ac60e33c56af,official_il,False,False
c479ac60e33c56af,original_grpo_11970,False,False
465d67257d6b5b16,official_il,False,True
465d67257d6b5b16,original_grpo_11970,False,True
c9f363b58cea5ce4,official_il,False,False
c9f363b58cea5ce4,original_grpo_11970,False,False
0b66798de45c55aa,official_il,False,False
0b66798de45c55aa,original_grpo_11970,False,False
b0555cd54c4b530f,official_il,False,False
b0555cd54c4b530f,original_grpo_11970,False,False
760b8b5883d15dcc,official_il,False,False
760b8b5883d15dcc,original_grpo_11970,False,False
4e82edcf9d8d5b40,official_il,False,False
4e82edcf9d8d5b40,original_grpo_11970,False,False
d72422b55cee5ca6,official_il,False,False
d72422b55cee5ca6,original_grpo_11970,False,False
ad3094d988bb533e,official_il,False,False
ad3094d988bb533e,original_grpo_11970,False,False
6fd085a434625549,official_il,False,False
6fd085a434625549,original_grpo_11970,False,False
65810727450556df,official_il,False,False
65810727450556df,original_grpo_11970,False,False
bfbb77a934665a8e,official_il,False,False
bfbb77a934665a8e,original_grpo_11970,False,False
aedaeaeca191560d,official_il,False,False
aedaeaeca191560d,original_grpo_11970,False,False
fa4d29a7f21f58b5,official_il,False,False
fa4d29a7f21f58b5,original_grpo_11970,False,False
95713b54932f53c3,official_il,False,False
95713b54932f53c3,original_grpo_11970,False,False
e8f4d42285a35c57,official_il,False,False
e8f4d42285a35c57,original_grpo_11970,False,False
b77fb36650925b28,official_il,False,False
b77fb36650925b28,original_grpo_11970,False,False
e071540349dc57ef,official_il,False,False
e071540349dc57ef,original_grpo_11970,False,False
838c8bb23eaa5ca5,official_il,False,False
838c8bb23eaa5ca5,original_grpo_11970,False,False
5a628a0ee0c5574f,official_il,False,False
5a628a0ee0c5574f,original_grpo_11970,False,False
70116a3bc5ab5401,official_il,False,False
70116a3bc5ab5401,original_grpo_11970,False,True
c7ef7494185c58cc,official_il,False,False
c7ef7494185c58cc,original_grpo_11970,False,False
c93d62a3e0545551,official_il,False,False
c93d62a3e0545551,original_grpo_11970,False,False
d0c72044ba92541c,official_il,False,False
d0c72044ba92541c,original_grpo_11970,False,False
9bc1964fb1705a44,official_il,False,False
9bc1964fb1705a44,original_grpo_11970,False,False
1470a4f707cf5051,official_il,False,False
1470a4f707cf5051,original_grpo_11970,False,False
cec2eda86d1a5744,official_il,False,False
cec2eda86d1a5744,original_grpo_11970,False,False
83bc0557184953d2,official_il,False,False
83bc0557184953d2,original_grpo_11970,False,False
11fb8402c7ed5f38,official_il,False,False
11fb8402c7ed5f38,original_grpo_11970,False,False
f6af76311ecf51e6,official_il,False,False
f6af76311ecf51e6,original_grpo_11970,False,False
1e396feb38255b36,official_il,False,False
1e396feb38255b36,original_grpo_11970,False,False
e2eac20f3b60591b,official_il,False,False
e2eac20f3b60591b,original_grpo_11970,False,False
fba32bf9957254b8,official_il,False,False
fba32bf9957254b8,original_grpo_11970,False,False
9c4c2d6ccedf53d2,official_il,False,False
9c4c2d6ccedf53d2,original_grpo_11970,False,False
8565b9b470bc537f,official_il,False,False
8565b9b470bc537f,original_grpo_11970,False,False
bf4effc247415514,official_il,False,False
bf4effc247415514,original_grpo_11970,False,False
ff5cbb4f473650e7,official_il,False,False
ff5cbb4f473650e7,original_grpo_11970,False,False
97798591573d50c4,official_il,False,False
97798591573d50c4,original_grpo_11970,False,False
8980226ca6615ed0,official_il,False,False
8980226ca6615ed0,original_grpo_11970,False,False
5477845715845066,official_il,False,False
5477845715845066,original_grpo_11970,False,False
cc4d72cfab64555f,official_il,False,False
cc4d72cfab64555f,original_grpo_11970,False,False
8a04edf7c5fb5bad,official_il,False,False
8a04edf7c5fb5bad,original_grpo_11970,False,False
da7da0a0a6c558f7,official_il,False,False
da7da0a0a6c558f7,original_grpo_11970,False,False
3a0a503b4f105490,official_il,True,False
3a0a503b4f105490,original_grpo_11970,False,True
b35d773756a85be1,official_il,False,False
b35d773756a85be1,original_grpo_11970,False,False
50ea72a571d951c4,official_il,False,False
50ea72a571d951c4,original_grpo_11970,False,False
8958cd47463950f3,official_il,False,False
8958cd47463950f3,original_grpo_11970,False,False
4c84bf9818a75dbe,official_il,False,False
4c84bf9818a75dbe,original_grpo_11970,False,False
ee01d7acbb0e579f,official_il,False,False
ee01d7acbb0e579f,original_grpo_11970,False,False
c235e1b6b22b556c,official_il,False,False
c235e1b6b22b556c,original_grpo_11970,False,False
02b8603f3d5850e1,official_il,False,False
02b8603f3d5850e1,original_grpo_11970,False,False
a01b5dbb1dc050ef,official_il,False,False
a01b5dbb1dc050ef,original_grpo_11970,False,False
55f4c57650085138,official_il,False,False
55f4c57650085138,original_grpo_11970,False,False
73567fdf40a05c60,official_il,False,False
73567fdf40a05c60,original_grpo_11970,False,False
28db7174d94b59f0,official_il,False,False
28db7174d94b59f0,original_grpo_11970,False,False
e86c86475a6a55ba,official_il,False,False
e86c86475a6a55ba,original_grpo_11970,False,False
1dc3406e29535037,official_il,False,False
1dc3406e29535037,original_grpo_11970,False,False
30e112988f86542d,official_il,False,False
30e112988f86542d,original_grpo_11970,False,False
60faea6866f45d49,official_il,False,False
60faea6866f45d49,original_grpo_11970,False,False
c4b41ff8e73258b9,official_il,False,False
c4b41ff8e73258b9,original_grpo_11970,False,False
a475b3f897d959b3,official_il,False,False
a475b3f897d959b3,original_grpo_11970,False,False
e554e06e8dbc573b,official_il,False,False
e554e06e8dbc573b,original_grpo_11970,False,False
d0659e4f056e50dc,official_il,False,False
d0659e4f056e50dc,original_grpo_11970,False,False
1ca3ba44d5fd5a4f,official_il,False,False
1ca3ba44d5fd5a4f,original_grpo_11970,False,False
a29d28434cb05060,official_il,False,False
a29d28434cb05060,original_grpo_11970,False,False
a568d3773eef518a,official_il,False,False
a568d3773eef518a,original_grpo_11970,False,False
72ce5000303f5b67,official_il,False,False
72ce5000303f5b67,original_grpo_11970,False,False
d07f7df23a1757ce,official_il,False,False
d07f7df23a1757ce,original_grpo_11970,False,False
a5787967d0b55c78,official_il,False,False
a5787967d0b55c78,original_grpo_11970,False,False
82150ec7f25c5434,official_il,False,False
82150ec7f25c5434,original_grpo_11970,False,False
23e10b716ced5164,official_il,False,False
23e10b716ced5164,original_grpo_11970,False,False
f2bda3a4154e5a78,official_il,False,False
f2bda3a4154e5a78,original_grpo_11970,False,False
7757f1ba2565565b,official_il,False,False
7757f1ba2565565b,original_grpo_11970,False,False
437fae161ab25dd8,official_il,False,False
437fae161ab25dd8,original_grpo_11970,False,False
4de33850acdb5cdd,official_il,False,False
4de33850acdb5cdd,original_grpo_11970,False,False
ac62650e78b55799,official_il,False,False
ac62650e78b55799,original_grpo_11970,False,False
3339f89c300b5157,official_il,False,False
3339f89c300b5157,original_grpo_11970,False,False
20419a1f7f5f5cae,official_il,False,False
20419a1f7f5f5cae,original_grpo_11970,False,False
e1a7eae859335c0f,official_il,False,False
e1a7eae859335c0f,original_grpo_11970,False,False
11838f931a5d5dec,official_il,False,False
11838f931a5d5dec,original_grpo_11970,False,False
eb4d079e92355fd9,official_il,False,False
eb4d079e92355fd9,original_grpo_11970,False,False
dc95902989795d85,official_il,False,False
dc95902989795d85,original_grpo_11970,False,False
660a6c8bb9f85c97,official_il,False,False
660a6c8bb9f85c97,original_grpo_11970,False,False
00cfafd46b4a5102,official_il,False,False
00cfafd46b4a5102,original_grpo_11970,False,False
5de808205b735d11,official_il,False,False
5de808205b735d11,original_grpo_11970,False,False
b9b51fd168dd57e0,official_il,False,False
b9b51fd168dd57e0,original_grpo_11970,False,False
a1b663d6a4b05a0b,official_il,False,False
a1b663d6a4b05a0b,original_grpo_11970,False,False
5302cf79c943543e,official_il,False,False
5302cf79c943543e,original_grpo_11970,False,False
0e9bb79dd41f5168,official_il,False,False
0e9bb79dd41f5168,original_grpo_11970,False,False
f6f97613e7b85888,official_il,False,False
f6f97613e7b85888,original_grpo_11970,False,False
c04bbf874ff65049,official_il,True,False
c04bbf874ff65049,original_grpo_11970,False,False
f7c1b7d79e755743,official_il,False,False
f7c1b7d79e755743,original_grpo_11970,False,False
4603e03f53f2588a,official_il,False,False
4603e03f53f2588a,original_grpo_11970,False,False
ae468832dca75a12,official_il,False,False
ae468832dca75a12,original_grpo_11970,False,False
35b2932f34f6512c,official_il,False,False
35b2932f34f6512c,original_grpo_11970,False,False
5cd5ef82b8c55489,official_il,False,False
5cd5ef82b8c55489,original_grpo_11970,False,False
9d87df3517f0557a,official_il,False,False
9d87df3517f0557a,original_grpo_11970,False,False
f17c377d96af5074,official_il,False,False
f17c377d96af5074,original_grpo_11970,False,False
3768e3f7c93553a4,official_il,False,False
3768e3f7c93553a4,original_grpo_11970,False,False
1c1163399687505e,official_il,False,False
1c1163399687505e,original_grpo_11970,False,False
371c5590db7052e5,official_il,False,False
371c5590db7052e5,original_grpo_11970,False,False
81d8f26e2ed1584c,official_il,False,False
81d8f26e2ed1584c,original_grpo_11970,False,False
50d800c2d87158f1,official_il,False,False
50d800c2d87158f1,original_grpo_11970,False,False
014e59d9a1eb5e2a,official_il,False,False
014e59d9a1eb5e2a,original_grpo_11970,False,False
1cd84a891563589f,official_il,True,False
1cd84a891563589f,original_grpo_11970,True,False
8e2d70627276563e,official_il,False,False
8e2d70627276563e,original_grpo_11970,False,False
e64f0aa2739f5a78,official_il,False,False
e64f0aa2739f5a78,original_grpo_11970,False,False
6efcbb61ecd957a2,official_il,False,False
6efcbb61ecd957a2,original_grpo_11970,False,False
99fc62d59879530a,official_il,False,False
99fc62d59879530a,original_grpo_11970,False,False
c9394f2c7c125a13,official_il,False,False
c9394f2c7c125a13,original_grpo_11970,False,False
7c1c2a7c3a0353c8,official_il,False,False
7c1c2a7c3a0353c8,original_grpo_11970,False,False
5ac4142a746c55ef,official_il,False,False
5ac4142a746c55ef,original_grpo_11970,False,False
7948de3a2d2a55ef,official_il,False,False
7948de3a2d2a55ef,original_grpo_11970,False,False
17845a5d5c685fdc,official_il,False,False
17845a5d5c685fdc,original_grpo_11970,False,False
195774e96cc4576e,official_il,False,False
195774e96cc4576e,original_grpo_11970,False,False
5d866c7773385d11,official_il,False,False
5d866c7773385d11,original_grpo_11970,False,False
8c98752e50535a82,official_il,False,False
8c98752e50535a82,original_grpo_11970,False,False
bce65886ac7a5bd5,official_il,False,False
bce65886ac7a5bd5,original_grpo_11970,False,False
8904a6df67d4542d,official_il,False,False
8904a6df67d4542d,original_grpo_11970,False,False
68df322e3e65540d,official_il,False,False
68df322e3e65540d,original_grpo_11970,False,False
a55cb57a18925a00,official_il,False,False
a55cb57a18925a00,original_grpo_11970,False,False
29527a41cccd5dc8,official_il,False,False
29527a41cccd5dc8,original_grpo_11970,False,False
2a2d0331526e5309,official_il,False,False
2a2d0331526e5309,original_grpo_11970,False,False
8126bbf4d5b25a40,official_il,False,False
8126bbf4d5b25a40,original_grpo_11970,False,False
2a5a736923195c41,official_il,False,False
2a5a736923195c41,original_grpo_11970,False,False
61e68b49bf3e5278,official_il,False,False
61e68b49bf3e5278,original_grpo_11970,False,False
0890693bc6c45958,official_il,False,False
0890693bc6c45958,original_grpo_11970,False,False
d388245c83a05197,official_il,False,False
d388245c83a05197,original_grpo_11970,False,False
673c45cf9a53515b,official_il,False,False
673c45cf9a53515b,original_grpo_11970,False,False
bcee1c0599095baf,official_il,False,False
bcee1c0599095baf,original_grpo_11970,False,False
92271047a3a15749,official_il,False,False
92271047a3a15749,original_grpo_11970,False,False
e4cb371bfd685084,official_il,True,False
e4cb371bfd685084,original_grpo_11970,True,False
8ff42df69b455f09,official_il,False,False
8ff42df69b455f09,original_grpo_11970,False,False
ca8b24cbfec852b2,official_il,False,False
ca8b24cbfec852b2,original_grpo_11970,False,False
c2f4994a8b2559c2,official_il,False,False
c2f4994a8b2559c2,original_grpo_11970,False,False
b32c3a95067a562d,official_il,False,False
b32c3a95067a562d,original_grpo_11970,False,False
34e83dedfebc5bcd,official_il,False,False
34e83dedfebc5bcd,original_grpo_11970,False,False
715a473e2b115d75,official_il,False,False
715a473e2b115d75,original_grpo_11970,False,False
cfad1a88cc275ef5,official_il,False,False
cfad1a88cc275ef5,original_grpo_11970,False,False
3958a3dfcf73502b,official_il,False,False
3958a3dfcf73502b,original_grpo_11970,False,False
abc690370a835648,official_il,False,False
abc690370a835648,original_grpo_11970,False,False
57039268e93b55a0,official_il,False,False
57039268e93b55a0,original_grpo_11970,False,False
faca4ac928255aed,official_il,False,False
faca4ac928255aed,original_grpo_11970,False,False
cb5b7e9660e05527,official_il,False,False
cb5b7e9660e05527,original_grpo_11970,True,False
6b3063c5a0145d5e,official_il,False,False
6b3063c5a0145d5e,original_grpo_11970,False,False
d814b306cd525f62,official_il,False,False
d814b306cd525f62,original_grpo_11970,False,False
a7e3a44f084b53b7,official_il,False,False
a7e3a44f084b53b7,original_grpo_11970,False,False
2fbc1243c4f050d5,official_il,False,False
2fbc1243c4f050d5,original_grpo_11970,False,False
5b68eb8187ca54ac,official_il,False,False
5b68eb8187ca54ac,original_grpo_11970,False,False
fc94f690fbf15124,official_il,False,False
fc94f690fbf15124,original_grpo_11970,False,False
e50a35a68ba75a5f,official_il,False,False
e50a35a68ba75a5f,original_grpo_11970,False,False
32fc3fdb01705e81,official_il,False,False
32fc3fdb01705e81,original_grpo_11970,False,True
a9754cb80b355023,official_il,False,False
a9754cb80b355023,original_grpo_11970,False,False
1624b1420e205598,official_il,False,False
1624b1420e205598,original_grpo_11970,False,False
42587a3264bb50eb,official_il,False,False
42587a3264bb50eb,original_grpo_11970,False,False
3376726825fd5907,official_il,False,False
3376726825fd5907,original_grpo_11970,False,False
fc2fe31253585f56,official_il,False,False
fc2fe31253585f56,original_grpo_11970,False,False
8188873d13b551e9,official_il,False,False
8188873d13b551e9,original_grpo_11970,False,False
4606ae21766a5d0a,official_il,True,False
4606ae21766a5d0a,original_grpo_11970,True,False
ac2ad74dae715dc2,official_il,False,False
ac2ad74dae715dc2,original_grpo_11970,False,False
b898ab03a88751c4,official_il,False,False
b898ab03a88751c4,original_grpo_11970,False,False
e10bb3fbe9a75a66,official_il,False,False
e10bb3fbe9a75a66,original_grpo_11970,False,False
092474001b4b5963,official_il,False,False
092474001b4b5963,original_grpo_11970,False,False
60149674397d500b,official_il,False,False
60149674397d500b,original_grpo_11970,False,False
ee45d947c77c5c2e,official_il,False,False
ee45d947c77c5c2e,original_grpo_11970,False,False
aefa975af3a050df,official_il,False,False
aefa975af3a050df,original_grpo_11970,False,False
e18dcf6d661f5d1a,official_il,False,False
e18dcf6d661f5d1a,original_grpo_11970,False,False
2f14026076a458aa,official_il,False,False
2f14026076a458aa,original_grpo_11970,False,False
af6f24532f895d3a,official_il,False,False
af6f24532f895d3a,original_grpo_11970,False,False
d976a9c51ffe581b,official_il,False,False
d976a9c51ffe581b,original_grpo_11970,False,False
501078294c045611,official_il,False,False
501078294c045611,original_grpo_11970,False,False
19b31aa5ab795657,official_il,False,False
19b31aa5ab795657,original_grpo_11970,False,False
3a8383e09ceb5ca1,official_il,False,False
3a8383e09ceb5ca1,original_grpo_11970,False,False
9c30513ce13f5208,official_il,False,False
9c30513ce13f5208,original_grpo_11970,False,False
26cc3c1157fb5f50,official_il,False,False
26cc3c1157fb5f50,original_grpo_11970,False,False
a98d389269ca5765,official_il,False,False
a98d389269ca5765,original_grpo_11970,False,False
226170fb73115e6e,official_il,False,False
226170fb73115e6e,original_grpo_11970,False,False
a1403a58ff035451,official_il,False,False
a1403a58ff035451,original_grpo_11970,False,False
b27f13dabf8c5de0,official_il,False,False
b27f13dabf8c5de0,original_grpo_11970,False,False
cf9116929275580a,official_il,False,False
cf9116929275580a,original_grpo_11970,False,False
955c391f0d8d5194,official_il,False,False
955c391f0d8d5194,original_grpo_11970,False,False
0bb178846562585b,official_il,False,False
0bb178846562585b,original_grpo_11970,False,False
9e50be6d70105bf9,official_il,False,False
9e50be6d70105bf9,original_grpo_11970,True,False
b22f578e63f65c88,official_il,False,False
b22f578e63f65c88,original_grpo_11970,False,False
2dba96834cef5a2f,official_il,False,False
2dba96834cef5a2f,original_grpo_11970,False,False
db2a5f50b2035168,official_il,False,False
db2a5f50b2035168,original_grpo_11970,False,False
8cc097324c6456be,official_il,False,False
8cc097324c6456be,original_grpo_11970,False,False
4138296007675467,official_il,True,False
4138296007675467,original_grpo_11970,True,False
eed760667c2957d1,official_il,False,False
eed760667c2957d1,original_grpo_11970,False,False
bd3e205c693357e0,official_il,False,False
bd3e205c693357e0,original_grpo_11970,False,False
11ef4e5fdf7f5853,official_il,False,False
11ef4e5fdf7f5853,original_grpo_11970,False,False
64d9bf42076e5264,official_il,False,False
64d9bf42076e5264,original_grpo_11970,False,False
9b76db4c9f65525f,official_il,False,False
9b76db4c9f65525f,original_grpo_11970,False,False
b51ba203740750db,official_il,False,False
b51ba203740750db,original_grpo_11970,False,False
46552f9902065059,official_il,False,False
46552f9902065059,original_grpo_11970,False,False
f37d56c3d1f059ec,official_il,False,False
f37d56c3d1f059ec,original_grpo_11970,False,False
a6307221433750df,official_il,False,False
a6307221433750df,original_grpo_11970,False,False
34e3daeb4826524b,official_il,True,False
34e3daeb4826524b,original_grpo_11970,True,False
25eb8c84456950ba,official_il,False,False
25eb8c84456950ba,original_grpo_11970,False,False
f45108d76421595f,official_il,False,False
f45108d76421595f,original_grpo_11970,False,False
a9da6b8c45955491,official_il,False,False
a9da6b8c45955491,original_grpo_11970,False,False
cc2f662c4247588e,official_il,False,False
cc2f662c4247588e,original_grpo_11970,False,False
4392c8c192255e07,official_il,False,False
4392c8c192255e07,original_grpo_11970,False,False
8bb16e97cf3a5baf,official_il,False,False
8bb16e97cf3a5baf,original_grpo_11970,False,False
f58d523e225a54f8,official_il,False,False
f58d523e225a54f8,original_grpo_11970,False,False
6914719cd4c8587d,official_il,False,False
6914719cd4c8587d,original_grpo_11970,False,False
a6c582671d97538c,official_il,False,False
a6c582671d97538c,original_grpo_11970,False,False
b0d6da8c5b58530e,official_il,False,False
b0d6da8c5b58530e,original_grpo_11970,False,False
0ed03cbf69155bd8,official_il,False,False
0ed03cbf69155bd8,original_grpo_11970,False,False
40a0a6bd41ce571d,official_il,False,False
40a0a6bd41ce571d,original_grpo_11970,False,False
998b0a8d6fb95814,official_il,False,False
998b0a8d6fb95814,original_grpo_11970,False,False
7cfe06704b3858e4,official_il,False,False
7cfe06704b3858e4,original_grpo_11970,False,False
b76ae21a3d005d62,official_il,False,False
b76ae21a3d005d62,original_grpo_11970,False,False
33994af989765984,official_il,False,False
33994af989765984,original_grpo_11970,False,False
aef2b364f5cc5ec5,official_il,False,False
aef2b364f5cc5ec5,original_grpo_11970,False,False
f357bb6260c25a28,official_il,False,False
f357bb6260c25a28,original_grpo_11970,False,False
4b4f9d41dee65914,official_il,False,False
4b4f9d41dee65914,original_grpo_11970,False,False
a8d59b9755535683,official_il,False,False
a8d59b9755535683,original_grpo_11970,False,False
b5d95286a29a5232,official_il,False,False
b5d95286a29a5232,original_grpo_11970,False,False
9352052ff5265d5e,official_il,False,False
9352052ff5265d5e,original_grpo_11970,False,False
654af6c94c995d61,official_il,False,True
654af6c94c995d61,original_grpo_11970,False,True
1f89fa2a3bf15cfd,official_il,False,False
1f89fa2a3bf15cfd,original_grpo_11970,False,False
cbcf906fac7e5b61,official_il,False,False
cbcf906fac7e5b61,original_grpo_11970,False,True
1f5e0cefb1715aef,official_il,False,False
1f5e0cefb1715aef,original_grpo_11970,False,False
1dd3d0297f7850d3,official_il,False,False
1dd3d0297f7850d3,original_grpo_11970,False,False
9d3e3beada415b8d,official_il,False,False
9d3e3beada415b8d,original_grpo_11970,False,False
5509d617c7cc513e,official_il,False,False
5509d617c7cc513e,original_grpo_11970,False,False
0d92880818895e26,official_il,False,False
0d92880818895e26,original_grpo_11970,False,False
5e12d4549e7d50a1,official_il,False,False
5e12d4549e7d50a1,original_grpo_11970,False,False
7630788cbc7f5f59,official_il,False,False
7630788cbc7f5f59,original_grpo_11970,False,False
c42748ea517f571d,official_il,False,False
c42748ea517f571d,original_grpo_11970,False,False
85cc2ea14e915d97,official_il,False,False
85cc2ea14e915d97,original_grpo_11970,False,False
625db53183a159c9,official_il,False,False
625db53183a159c9,original_grpo_11970,False,False
72a4b496e74c5008,official_il,False,False
72a4b496e74c5008,original_grpo_11970,False,False
c562b15ef1a054b4,official_il,False,False
c562b15ef1a054b4,original_grpo_11970,False,False
53f15e1d13455ce7,official_il,False,False
53f15e1d13455ce7,original_grpo_11970,False,False
df1e9b75083a52ef,official_il,False,False
df1e9b75083a52ef,original_grpo_11970,False,False
f43460af8b565049,official_il,False,False
f43460af8b565049,original_grpo_11970,False,False
11b6433f11b05103,official_il,False,False
11b6433f11b05103,original_grpo_11970,False,False
5e66a27260045f04,official_il,False,False
5e66a27260045f04,original_grpo_11970,False,False
860d51ef3e975cff,official_il,False,False
860d51ef3e975cff,original_grpo_11970,False,False
85e9e7872d1e52a4,official_il,False,False
85e9e7872d1e52a4,original_grpo_11970,False,False
de98e853b49b5fba,official_il,False,False
de98e853b49b5fba,original_grpo_11970,False,False
7b781bee90fb5ae5,official_il,False,False
7b781bee90fb5ae5,original_grpo_11970,False,False
473cbaa5daf35431,official_il,False,False
473cbaa5daf35431,original_grpo_11970,False,False
f5eb2bc5863e5848,official_il,False,False
f5eb2bc5863e5848,original_grpo_11970,False,False
cfc6d91e6fb75868,official_il,False,False
cfc6d91e6fb75868,original_grpo_11970,False,False
10b7dc9bd96e550a,official_il,False,False
10b7dc9bd96e550a,original_grpo_11970,False,False
75e212f471ed5d23,official_il,False,False
75e212f471ed5d23,original_grpo_11970,False,False
af25d10d96975255,official_il,False,False
af25d10d96975255,original_grpo_11970,False,False
a5b0c095289f5ede,official_il,False,False
a5b0c095289f5ede,original_grpo_11970,False,False
759d2fce861f5fe7,official_il,False,False
759d2fce861f5fe7,original_grpo_11970,False,False
4ed9297cde9250d9,official_il,False,False
4ed9297cde9250d9,original_grpo_11970,False,False
075b854ab73e58b0,official_il,False,False
075b854ab73e58b0,original_grpo_11970,False,False
d315183d3b2450f4,official_il,False,False
d315183d3b2450f4,original_grpo_11970,False,False
7b03064668e95f25,official_il,False,False
7b03064668e95f25,original_grpo_11970,False,False
0933c861555d5dcf,official_il,False,False
0933c861555d5dcf,original_grpo_11970,False,False
263c5bd9fb2c5762,official_il,False,False
263c5bd9fb2c5762,original_grpo_11970,False,False
4f3adfa6506e59ab,official_il,False,False
4f3adfa6506e59ab,original_grpo_11970,False,False
1be2f8defbc55614,official_il,False,False
1be2f8defbc55614,original_grpo_11970,False,False
c3872ef4b76e5cbd,official_il,False,False
c3872ef4b76e5cbd,original_grpo_11970,False,False
b248c0f03cd85198,official_il,False,False
b248c0f03cd85198,original_grpo_11970,False,False
d267c26f57345802,official_il,False,False
d267c26f57345802,original_grpo_11970,False,False
9a38a53bc01f5467,official_il,False,False
9a38a53bc01f5467,original_grpo_11970,False,False
dc1f1bd3d2da5bad,official_il,False,False
dc1f1bd3d2da5bad,original_grpo_11970,False,False
f75d6b849662561d,official_il,False,False
f75d6b849662561d,original_grpo_11970,False,False
c48efb2b1eed52f3,official_il,False,False
c48efb2b1eed52f3,original_grpo_11970,False,False
a1c8c4cce4ff571c,official_il,False,False
a1c8c4cce4ff571c,original_grpo_11970,False,False
67ec2d9930aa5dba,official_il,False,False
67ec2d9930aa5dba,original_grpo_11970,False,False
84f01128c8c55f13,official_il,False,False
84f01128c8c55f13,original_grpo_11970,False,False
5a751ea37fa155d1,official_il,False,False
5a751ea37fa155d1,original_grpo_11970,False,False
b2b7a2e8844c59ac,official_il,False,False
b2b7a2e8844c59ac,original_grpo_11970,False,False
4de0894712745af7,official_il,False,False
4de0894712745af7,original_grpo_11970,False,False
9d5c5dea8d805142,official_il,False,False
9d5c5dea8d805142,original_grpo_11970,False,False
28094e39c88c5d49,official_il,False,False
28094e39c88c5d49,original_grpo_11970,False,False
6ce3885e27a35db1,official_il,False,False
6ce3885e27a35db1,original_grpo_11970,False,False
20c165ac46525f96,official_il,False,False
20c165ac46525f96,original_grpo_11970,False,False
bcd475b8158f519b,official_il,False,False
bcd475b8158f519b,original_grpo_11970,False,False
552adeebf6eb5592,official_il,False,False
552adeebf6eb5592,original_grpo_11970,False,False
78c80c134c67525b,official_il,False,False
78c80c134c67525b,original_grpo_11970,False,False
77aeb82a22d65e95,official_il,False,False
77aeb82a22d65e95,original_grpo_11970,False,False
45bb8ea0499a5828,official_il,False,False
45bb8ea0499a5828,original_grpo_11970,False,False
d5c007c542c35064,official_il,False,False
d5c007c542c35064,original_grpo_11970,False,False
5527f0a6a0a45dea,official_il,False,False
5527f0a6a0a45dea,original_grpo_11970,False,False
d118c2a148245124,official_il,False,False
d118c2a148245124,original_grpo_11970,False,False
380de5ac20805808,official_il,False,False
380de5ac20805808,original_grpo_11970,False,False
fa10c8b236d25de9,official_il,False,False
fa10c8b236d25de9,original_grpo_11970,False,False
7da5cc95818e55f8,official_il,False,False
7da5cc95818e55f8,original_grpo_11970,False,False
3b2c552fb5be54a2,official_il,False,False
3b2c552fb5be54a2,original_grpo_11970,False,False
dc41ff36523755a5,official_il,False,False
dc41ff36523755a5,original_grpo_11970,False,False
a4692011d0ea5d5b,official_il,False,False
a4692011d0ea5d5b,original_grpo_11970,False,False
a8c2fc95378f5d6b,official_il,False,False
a8c2fc95378f5d6b,original_grpo_11970,False,False
44dd2a2a301c5dd6,official_il,False,False
44dd2a2a301c5dd6,original_grpo_11970,False,False
099e9eeda4ef5e06,official_il,False,False
099e9eeda4ef5e06,original_grpo_11970,False,False
1be08653c5a853fb,official_il,False,False
1be08653c5a853fb,original_grpo_11970,False,False
f08b002feefb50aa,official_il,False,False
f08b002feefb50aa,original_grpo_11970,False,False
2502419e098a5506,official_il,False,False
2502419e098a5506,original_grpo_11970,False,False
da2dc993e59455bb,official_il,False,False
da2dc993e59455bb,original_grpo_11970,False,False
a0aa067edd6f54bd,official_il,False,False
a0aa067edd6f54bd,original_grpo_11970,False,False
8a053a5ee976544a,official_il,False,False
8a053a5ee976544a,original_grpo_11970,False,False
ec0db03ab5db5e14,official_il,False,False
ec0db03ab5db5e14,original_grpo_11970,False,False
a14b9e55a3b05c78,official_il,False,False
a14b9e55a3b05c78,original_grpo_11970,False,False
3b1fa5e25ec05f1f,official_il,False,False
3b1fa5e25ec05f1f,original_grpo_11970,False,False
bde96bf893185210,official_il,False,False
bde96bf893185210,original_grpo_11970,False,False
a4ff74704ada5c81,official_il,False,False
a4ff74704ada5c81,original_grpo_11970,False,False
c88f562cc1685d00,official_il,False,False
c88f562cc1685d00,original_grpo_11970,False,False
c7b63d962ae95b92,official_il,False,False
c7b63d962ae95b92,original_grpo_11970,False,False
739e7a96e0cb5441,official_il,False,False
739e7a96e0cb5441,original_grpo_11970,False,False
836b76b2c8f35990,official_il,False,False
836b76b2c8f35990,original_grpo_11970,False,False
e187fa86811b507b,official_il,False,False
e187fa86811b507b,original_grpo_11970,False,False
bf34eed2c2f25690,official_il,False,False
bf34eed2c2f25690,original_grpo_11970,False,False
42212e9b8dec5df4,official_il,False,False
42212e9b8dec5df4,original_grpo_11970,False,False
6dab3e06b5dc5426,official_il,False,False
6dab3e06b5dc5426,original_grpo_11970,False,False
7b427bb336c652a8,official_il,False,False
7b427bb336c652a8,original_grpo_11970,False,False
dde4b2d6952b500a,official_il,False,False
dde4b2d6952b500a,original_grpo_11970,False,False
e7ead621337659dc,official_il,False,False
e7ead621337659dc,original_grpo_11970,False,False
afad9f727d345018,official_il,False,False
afad9f727d345018,original_grpo_11970,False,False
739baada40875977,official_il,False,False
739baada40875977,original_grpo_11970,False,False
fd5864ddc16f5993,official_il,False,False
fd5864ddc16f5993,original_grpo_11970,False,False
f350851cf5c954c4,official_il,False,False
f350851cf5c954c4,original_grpo_11970,False,False
4953d64493a657c2,official_il,True,False
4953d64493a657c2,original_grpo_11970,False,False
d1128fbcbf065ef9,official_il,False,False
d1128fbcbf065ef9,original_grpo_11970,False,False
75e6aa8f21185e9c,official_il,False,False
75e6aa8f21185e9c,original_grpo_11970,False,False
b4194002148a552e,official_il,False,False
b4194002148a552e,original_grpo_11970,False,False
886865504ddf5ec8,official_il,False,False
886865504ddf5ec8,original_grpo_11970,False,False
63ef4a9b729d5533,official_il,False,False
63ef4a9b729d5533,original_grpo_11970,False,False
f60a4e6be1405e6b,official_il,False,False
f60a4e6be1405e6b,original_grpo_11970,False,False
23f49046517a51a6,official_il,False,False
23f49046517a51a6,original_grpo_11970,False,False
9358774dae8a5d94,official_il,False,False
9358774dae8a5d94,original_grpo_11970,False,False
7f7d4932399e5a95,official_il,False,False
7f7d4932399e5a95,original_grpo_11970,False,False
9cc578dbf00b53db,official_il,False,False
9cc578dbf00b53db,original_grpo_11970,False,False
e94ff7903d3d54a1,official_il,False,False
e94ff7903d3d54a1,original_grpo_11970,False,False
d4110e64edc45079,official_il,False,False
d4110e64edc45079,original_grpo_11970,False,False
eed9d50892f85c3d,official_il,False,False
eed9d50892f85c3d,original_grpo_11970,False,False
3e3df6cc92005d4b,official_il,False,False
3e3df6cc92005d4b,original_grpo_11970,False,False
3470a9a3c60f5c9c,official_il,False,False
3470a9a3c60f5c9c,original_grpo_11970,False,False
3e59039d93f0567d,official_il,False,False
3e59039d93f0567d,original_grpo_11970,False,False
d63a778f18ee53f2,official_il,False,False
d63a778f18ee53f2,original_grpo_11970,False,False
aa3bf430f1ce5260,official_il,False,False
aa3bf430f1ce5260,original_grpo_11970,False,False
b694456a764e52d9,official_il,False,False
b694456a764e52d9,original_grpo_11970,False,False
b2e9667cfea652bf,official_il,False,False
b2e9667cfea652bf,original_grpo_11970,False,False
a4de6233fbe552e5,official_il,False,False
a4de6233fbe552e5,original_grpo_11970,False,False
e01fb433c5ea56b3,official_il,False,False
e01fb433c5ea56b3,original_grpo_11970,False,False
69dd23c6e730506c,official_il,False,False
69dd23c6e730506c,original_grpo_11970,False,False
2190515d954553e9,official_il,False,False
2190515d954553e9,original_grpo_11970,False,False
585f953318835f80,official_il,False,False
585f953318835f80,original_grpo_11970,False,False
15d0fc9c7b1d51a2,official_il,False,False
15d0fc9c7b1d51a2,original_grpo_11970,False,False
161d04d25c835e98,official_il,False,False
161d04d25c835e98,original_grpo_11970,False,False
7cac553bc7c85173,official_il,False,False
7cac553bc7c85173,original_grpo_11970,False,False
e232108230b85dd7,official_il,False,False
e232108230b85dd7,original_grpo_11970,False,False
d8358d99d17e5ab0,official_il,False,False
d8358d99d17e5ab0,original_grpo_11970,False,False
b9df0ce4d3885569,official_il,False,False
b9df0ce4d3885569,original_grpo_11970,False,False
c47f46f2805a53b8,official_il,False,False
c47f46f2805a53b8,original_grpo_11970,False,False
b6b5da2172755c64,official_il,False,False
b6b5da2172755c64,original_grpo_11970,False,False
17d9a7c0ba22502b,official_il,False,False
17d9a7c0ba22502b,original_grpo_11970,False,False
f837648b9dfb595c,official_il,False,False
f837648b9dfb595c,original_grpo_11970,False,False
cf250762d41b5d36,official_il,False,False
cf250762d41b5d36,original_grpo_11970,False,False
61438382404051ff,official_il,False,False
61438382404051ff,original_grpo_11970,False,False
cb2c9261228858d1,official_il,False,False
cb2c9261228858d1,original_grpo_11970,False,False
299e5fb5a7a85d97,official_il,False,False
299e5fb5a7a85d97,original_grpo_11970,False,False
05b67166cd355f32,official_il,False,False
05b67166cd355f32,original_grpo_11970,False,False
2b932351d11f5403,official_il,False,False
2b932351d11f5403,original_grpo_11970,False,False
e2e17270167b57d3,official_il,False,False
e2e17270167b57d3,original_grpo_11970,False,False
3454972c11bd539a,official_il,True,False
3454972c11bd539a,original_grpo_11970,True,False
7e67666140455bdc,official_il,False,False
7e67666140455bdc,original_grpo_11970,False,False
b5b48591666b5558,official_il,False,False
b5b48591666b5558,original_grpo_11970,False,False
e1e2404d61625c28,official_il,False,False
e1e2404d61625c28,original_grpo_11970,False,False
9300369f3ccb5e1d,official_il,False,False
9300369f3ccb5e1d,original_grpo_11970,False,False
96a8d4bf1e435376,official_il,False,False
96a8d4bf1e435376,original_grpo_11970,False,False
6f1c1ce01abe5aba,official_il,False,False
6f1c1ce01abe5aba,original_grpo_11970,False,False
234dcc3673e85687,official_il,False,False
234dcc3673e85687,original_grpo_11970,False,False
3e1debadbd8b5eeb,official_il,False,False
3e1debadbd8b5eeb,original_grpo_11970,False,False
375c35fc17695e66,official_il,False,False
375c35fc17695e66,original_grpo_11970,False,False
c3dd308c988f50c9,official_il,False,False
c3dd308c988f50c9,original_grpo_11970,False,True
025a0d1540ef5632,official_il,False,True
025a0d1540ef5632,original_grpo_11970,False,True
a4a3bd53dc1a5576,official_il,False,False
a4a3bd53dc1a5576,original_grpo_11970,False,False
d3c87db4a6215764,official_il,False,False
d3c87db4a6215764,original_grpo_11970,False,False
005b4f3829ce54a0,official_il,False,True
005b4f3829ce54a0,original_grpo_11970,False,True
19a7a891c94e5f18,official_il,False,False
19a7a891c94e5f18,original_grpo_11970,False,False
05276b180d715093,official_il,False,False
05276b180d715093,original_grpo_11970,True,False
290d5f6ce2b75844,official_il,False,False
290d5f6ce2b75844,original_grpo_11970,False,False
dc21715c270350de,official_il,False,False
dc21715c270350de,original_grpo_11970,False,False
8e612d38902b5564,official_il,False,False
8e612d38902b5564,original_grpo_11970,False,False
41c71817bacb5933,official_il,False,False
41c71817bacb5933,original_grpo_11970,False,False
f2a3b480887e5986,official_il,False,False
f2a3b480887e5986,original_grpo_11970,False,False
c3185250aa125afb,official_il,False,False
c3185250aa125afb,original_grpo_11970,False,False
27041ac37e9959fe,official_il,False,False
27041ac37e9959fe,original_grpo_11970,False,False
7f5ecd284d31534b,official_il,False,False
7f5ecd284d31534b,original_grpo_11970,False,False
8bf52bebb02b5935,official_il,False,False
8bf52bebb02b5935,original_grpo_11970,False,False
bf9b879c6331565b,official_il,False,False
bf9b879c6331565b,original_grpo_11970,False,False
bd849250d2d55370,official_il,False,False
bd849250d2d55370,original_grpo_11970,False,False
2f849af915405c57,official_il,False,False
2f849af915405c57,original_grpo_11970,False,False
78992b72a6b05aa2,official_il,False,False
78992b72a6b05aa2,original_grpo_11970,False,False
575bb80016375333,official_il,False,False
575bb80016375333,original_grpo_11970,False,False
a501f397b8045aed,official_il,False,False
a501f397b8045aed,original_grpo_11970,False,False
99ed466e40785d77,official_il,False,False
99ed466e40785d77,original_grpo_11970,False,False
014ed42abbd85bfb,official_il,False,False
014ed42abbd85bfb,original_grpo_11970,True,False
43346f2cf34d5388,official_il,False,False
43346f2cf34d5388,original_grpo_11970,False,False
db01633e2afb51cf,official_il,False,False
db01633e2afb51cf,original_grpo_11970,False,False
008b2dd650cf50da,official_il,False,False
008b2dd650cf50da,original_grpo_11970,False,False
5f16196030d7508a,official_il,False,False
5f16196030d7508a,original_grpo_11970,False,False
e3c0f2ed04b75aec,official_il,False,False
e3c0f2ed04b75aec,original_grpo_11970,False,False
bd3dc3a96f1a5699,official_il,False,False
bd3dc3a96f1a5699,original_grpo_11970,False,False
203b835c1c6e5a03,official_il,False,False
203b835c1c6e5a03,original_grpo_11970,True,False
b1a6c28745f55dd6,official_il,False,False
b1a6c28745f55dd6,original_grpo_11970,False,False
336ec08923c75afc,official_il,False,False
336ec08923c75afc,original_grpo_11970,False,False
1cf0f133b0d858aa,official_il,False,False
1cf0f133b0d858aa,original_grpo_11970,False,False
94034db917365b75,official_il,False,False
94034db917365b75,original_grpo_11970,False,False
948753196aba50c8,official_il,False,False
948753196aba50c8,original_grpo_11970,True,False
8cfaa4bf41405ed8,official_il,False,False
8cfaa4bf41405ed8,original_grpo_11970,False,False
0d913315bd4858d6,official_il,False,False
0d913315bd4858d6,original_grpo_11970,False,False
2c2e53611c5b56e1,official_il,False,False
2c2e53611c5b56e1,original_grpo_11970,False,False
362b5a1f1af9515d,official_il,False,False
362b5a1f1af9515d,original_grpo_11970,False,False
d7bf37cb07855eff,official_il,False,False
d7bf37cb07855eff,original_grpo_11970,False,False
938e31bfeff150ec,official_il,False,False
938e31bfeff150ec,original_grpo_11970,False,False
784f0924481e56d2,official_il,False,False
784f0924481e56d2,original_grpo_11970,False,False
dc09d32dbd875efc,official_il,False,False
dc09d32dbd875efc,original_grpo_11970,False,False
c0e5783cc3035f41,official_il,False,False
c0e5783cc3035f41,original_grpo_11970,False,False
e05f903c1ea2501f,official_il,False,False
e05f903c1ea2501f,original_grpo_11970,False,False
28600f382767550d,official_il,False,False
28600f382767550d,original_grpo_11970,False,False
eb7753bd17dd5a88,official_il,False,False
eb7753bd17dd5a88,original_grpo_11970,False,False
528d36356ecb53af,official_il,False,False
528d36356ecb53af,original_grpo_11970,False,False
b4adc3ee30a45d5f,official_il,False,False
b4adc3ee30a45d5f,original_grpo_11970,False,False
1a3cfa98b745568c,official_il,False,False
1a3cfa98b745568c,original_grpo_11970,False,False
e396e259dd3258ed,official_il,False,False
e396e259dd3258ed,original_grpo_11970,False,False
970124a271a555f2,official_il,False,False
970124a271a555f2,original_grpo_11970,False,False
528176a8a5675099,official_il,False,False
528176a8a5675099,original_grpo_11970,False,False
dcb2c3aec78d516c,official_il,False,False
dcb2c3aec78d516c,original_grpo_11970,False,False
f8a909ce51ec5f1c,official_il,False,False
f8a909ce51ec5f1c,original_grpo_11970,False,False
3187704b82295cd3,official_il,False,False
3187704b82295cd3,original_grpo_11970,False,False
72b9bf50aebc5a6e,official_il,False,False
72b9bf50aebc5a6e,original_grpo_11970,False,False
b3d2372d764754d9,official_il,False,False
b3d2372d764754d9,original_grpo_11970,False,False
a8bd48f345665fdb,official_il,False,True
a8bd48f345665fdb,original_grpo_11970,False,True
a6d09336c19a5c9f,official_il,False,False
a6d09336c19a5c9f,original_grpo_11970,False,False
4297359131e6561b,official_il,False,False
4297359131e6561b,original_grpo_11970,False,False
f90fa96a89d8581d,official_il,False,False
f90fa96a89d8581d,original_grpo_11970,False,False
97df21dd3b885630,official_il,False,False
97df21dd3b885630,original_grpo_11970,False,False
5516a3b745ec5dcd,official_il,False,False
5516a3b745ec5dcd,original_grpo_11970,False,False
0a1fa3e5707c5ffa,official_il,False,False
0a1fa3e5707c5ffa,original_grpo_11970,False,False
be4c43be105255a1,official_il,False,False
be4c43be105255a1,original_grpo_11970,False,False
3feafa7df80a531e,official_il,False,False
3feafa7df80a531e,original_grpo_11970,False,False
618715f6561753a9,official_il,False,False
618715f6561753a9,original_grpo_11970,False,False
9b7bdb2323745d0b,official_il,False,False
9b7bdb2323745d0b,original_grpo_11970,False,False
001f1ae5fd885645,official_il,False,False
001f1ae5fd885645,original_grpo_11970,False,False
af8a2d89fead5348,official_il,False,False
af8a2d89fead5348,original_grpo_11970,False,False
6b6c1386a3985294,official_il,False,False
6b6c1386a3985294,original_grpo_11970,False,False
523360a42a875634,official_il,False,False
523360a42a875634,original_grpo_11970,False,False
d1030341304e5ac4,official_il,False,False
d1030341304e5ac4,original_grpo_11970,False,False
7394a8aaf0225e29,official_il,False,False
7394a8aaf0225e29,original_grpo_11970,False,False
edea25166f2051bd,official_il,False,False
edea25166f2051bd,original_grpo_11970,False,False
e74ac9dcf1b85b4f,official_il,False,False
e74ac9dcf1b85b4f,original_grpo_11970,False,False
c3ba85bd489a5e47,official_il,False,False
c3ba85bd489a5e47,original_grpo_11970,False,False
2f10d10560cd52d6,official_il,False,False
2f10d10560cd52d6,original_grpo_11970,False,False
2ea066f46b98531b,official_il,False,False
2ea066f46b98531b,original_grpo_11970,False,False
3ca0a6e20a825d7a,official_il,False,False
3ca0a6e20a825d7a,original_grpo_11970,False,False
dc90e1e4c2145d58,official_il,False,False
dc90e1e4c2145d58,original_grpo_11970,False,False
c4203acf816b5460,official_il,False,False
c4203acf816b5460,original_grpo_11970,False,False
d25e5c6cc1745c92,official_il,True,False
d25e5c6cc1745c92,original_grpo_11970,False,False
ba4d93d71e0e5c0c,official_il,False,False
ba4d93d71e0e5c0c,original_grpo_11970,False,False
84c742e1cf7c5da8,official_il,False,False
84c742e1cf7c5da8,original_grpo_11970,False,False
6621971109a45907,official_il,False,False
6621971109a45907,original_grpo_11970,False,False
c92dbec67310581f,official_il,False,False
c92dbec67310581f,original_grpo_11970,False,False
7b779b03ec7658ea,official_il,False,False
7b779b03ec7658ea,original_grpo_11970,False,False
ee390c024b385a4a,official_il,False,False
ee390c024b385a4a,original_grpo_11970,False,False
b338fa75e80c5da9,official_il,False,False
b338fa75e80c5da9,original_grpo_11970,False,False
9f49f6747bca57a5,official_il,False,True
9f49f6747bca57a5,original_grpo_11970,False,False
9097af45cded51f0,official_il,False,False
9097af45cded51f0,original_grpo_11970,False,False
0197cab895ec5d70,official_il,False,False
0197cab895ec5d70,original_grpo_11970,False,False
ffefb42af7f85a50,official_il,False,False
ffefb42af7f85a50,original_grpo_11970,False,False
c0f5c1ff0eee524c,official_il,False,False
c0f5c1ff0eee524c,original_grpo_11970,False,False
14a7515565135270,official_il,False,False
14a7515565135270,original_grpo_11970,False,False
902ea782fba251c1,official_il,False,False
902ea782fba251c1,original_grpo_11970,False,False
d84605617fcd5aef,official_il,False,False
d84605617fcd5aef,original_grpo_11970,True,False
cd5c29c3edfd559d,official_il,False,False
cd5c29c3edfd559d,original_grpo_11970,False,False
d5e176af1a025315,official_il,False,False
d5e176af1a025315,original_grpo_11970,False,False
f996c7233459581a,official_il,False,False
f996c7233459581a,original_grpo_11970,False,False
4ff633e4deee5286,official_il,False,False
4ff633e4deee5286,original_grpo_11970,False,False
c4506bc6c8625449,official_il,False,False
c4506bc6c8625449,original_grpo_11970,False,False
1b023e852e815560,official_il,False,False
1b023e852e815560,original_grpo_11970,False,False
4d854603b72b5676,official_il,False,False
4d854603b72b5676,original_grpo_11970,False,False
2ba303dd65975b0e,official_il,False,False
2ba303dd65975b0e,original_grpo_11970,False,False
217241f570b655df,official_il,False,False
217241f570b655df,original_grpo_11970,False,False
4b3237ef8daa5be9,official_il,False,False
4b3237ef8daa5be9,original_grpo_11970,False,False
74977b4934695ff6,official_il,False,False
74977b4934695ff6,original_grpo_11970,False,False
9f81d72d44095583,official_il,False,False
9f81d72d44095583,original_grpo_11970,False,False
1b16b06ffc2f5ba0,official_il,False,False
1b16b06ffc2f5ba0,original_grpo_11970,False,False
1e1799b5ddc75c6b,official_il,False,False
1e1799b5ddc75c6b,original_grpo_11970,False,False
34fd3a3e7a1e5008,official_il,False,False
34fd3a3e7a1e5008,original_grpo_11970,False,False
6e5501bf87c85149,official_il,False,False
6e5501bf87c85149,original_grpo_11970,False,False
8df6794cb4da5932,official_il,False,False
8df6794cb4da5932,original_grpo_11970,False,False
582318b9203656fd,official_il,False,False
582318b9203656fd,original_grpo_11970,False,False
6246150b694e50ba,official_il,False,False
6246150b694e50ba,original_grpo_11970,False,False
3fba252819c05c52,official_il,False,False
3fba252819c05c52,original_grpo_11970,False,False
ba3a8b4a688358ab,official_il,False,False
ba3a8b4a688358ab,original_grpo_11970,False,False
cc6f6e25d98655c0,official_il,False,False
cc6f6e25d98655c0,original_grpo_11970,False,False
9b3fe816cf2f5656,official_il,False,False
9b3fe816cf2f5656,original_grpo_11970,False,False
882d2e5d30d5524b,official_il,False,False
882d2e5d30d5524b,original_grpo_11970,False,False
8721ff9b6fd75a4c,official_il,False,False
8721ff9b6fd75a4c,original_grpo_11970,False,False
7927fbe92caf515b,official_il,False,False
7927fbe92caf515b,original_grpo_11970,False,False
4e9920ba703a5061,official_il,False,False
4e9920ba703a5061,original_grpo_11970,False,False
ef49525f05f95a3c,official_il,False,False
ef49525f05f95a3c,original_grpo_11970,False,False
88b2e400d61f508c,official_il,False,False
88b2e400d61f508c,original_grpo_11970,False,False
a88286b4bd005219,official_il,False,False
a88286b4bd005219,original_grpo_11970,False,False
43534c6fe28451be,official_il,False,False
43534c6fe28451be,original_grpo_11970,False,False
2a41af8a6f5f5b7c,official_il,False,False
2a41af8a6f5f5b7c,original_grpo_11970,False,False
87c181471a4c5ed1,official_il,False,False
87c181471a4c5ed1,original_grpo_11970,False,False
dc5a5fb3b5665f70,official_il,False,False
dc5a5fb3b5665f70,original_grpo_11970,False,False
b6cfcee9893e5ee1,official_il,False,False
b6cfcee9893e5ee1,original_grpo_11970,False,True
defd35bde6fc54b5,official_il,False,False
defd35bde6fc54b5,original_grpo_11970,False,False
fc7b24ee6a87525f,official_il,False,False
fc7b24ee6a87525f,original_grpo_11970,False,False
e6f686686cc452cf,official_il,False,False
e6f686686cc452cf,original_grpo_11970,False,False
3d991c3ed7745330,official_il,False,False
3d991c3ed7745330,original_grpo_11970,False,False
5ad581fa3984545d,official_il,False,False
5ad581fa3984545d,original_grpo_11970,False,False
e68d6741540d5885,official_il,False,False
e68d6741540d5885,original_grpo_11970,False,False
fd03f9ef409a56fa,official_il,False,False
fd03f9ef409a56fa,original_grpo_11970,False,False
7a27ec0492c252bb,official_il,False,False
7a27ec0492c252bb,original_grpo_11970,False,False
9e9015df46535482,official_il,False,False
9e9015df46535482,original_grpo_11970,False,False
59da53b1b546593e,official_il,False,False
59da53b1b546593e,original_grpo_11970,False,False
296f320fc9ba5a87,official_il,False,False
296f320fc9ba5a87,original_grpo_11970,False,False
be310ce37fd55322,official_il,False,False
be310ce37fd55322,original_grpo_11970,False,False
e0bba2419b1f5347,official_il,False,False
e0bba2419b1f5347,original_grpo_11970,False,False
36199f50776f5203,official_il,False,False
36199f50776f5203,original_grpo_11970,False,False
26cdd0384b875c6a,official_il,False,False
26cdd0384b875c6a,original_grpo_11970,False,False
2f2d0303376150fe,official_il,False,False
2f2d0303376150fe,original_grpo_11970,False,False
ef2f57653d5351f9,official_il,False,False
ef2f57653d5351f9,original_grpo_11970,False,False
6be2a736b66e5b9d,official_il,False,False
6be2a736b66e5b9d,original_grpo_11970,False,False
ece8e7d2e49c591e,official_il,False,False
ece8e7d2e49c591e,original_grpo_11970,False,False
1c7ad490d0305ba0,official_il,False,False
1c7ad490d0305ba0,original_grpo_11970,False,False
cd8b3f67b78b5ded,official_il,False,False
cd8b3f67b78b5ded,original_grpo_11970,False,False
7acc4654d9c55af0,official_il,False,False
7acc4654d9c55af0,original_grpo_11970,False,False
d48355ed3c3a5e20,official_il,False,False
d48355ed3c3a5e20,original_grpo_11970,False,False
74037a0d9eab5f46,official_il,False,False
74037a0d9eab5f46,original_grpo_11970,False,False
6c49b657e84f5fb9,official_il,False,False
6c49b657e84f5fb9,original_grpo_11970,False,False
bbff0079b0335e38,official_il,False,False
bbff0079b0335e38,original_grpo_11970,False,False
c73935cd369a5c9f,official_il,False,False
c73935cd369a5c9f,original_grpo_11970,False,False
440e295a18a4575e,official_il,False,False
440e295a18a4575e,original_grpo_11970,False,False
b96d34121e585f9f,official_il,False,False
b96d34121e585f9f,original_grpo_11970,False,False
2bb66681ef215e67,official_il,False,False
2bb66681ef215e67,original_grpo_11970,False,False
f176680da7b25594,official_il,False,True
f176680da7b25594,original_grpo_11970,False,False
6031763242285919,official_il,False,False
6031763242285919,original_grpo_11970,False,False
f4516e520a87557d,official_il,False,False
f4516e520a87557d,original_grpo_11970,False,False
bfeb3606d135542c,official_il,False,False
bfeb3606d135542c,original_grpo_11970,False,False
fe398f54abfb5651,official_il,False,False
fe398f54abfb5651,original_grpo_11970,False,False
4d729549f50450ee,official_il,False,False
4d729549f50450ee,original_grpo_11970,False,False
44ee2ca47a7c5d31,official_il,False,False
44ee2ca47a7c5d31,original_grpo_11970,False,False
05d2702b75585b9d,official_il,False,False
05d2702b75585b9d,original_grpo_11970,False,False
6bb5d2cce8585fb8,official_il,False,False
6bb5d2cce8585fb8,original_grpo_11970,True,False
be0402bfe3c757b2,official_il,False,False
be0402bfe3c757b2,original_grpo_11970,False,True
bb65c8e693035002,official_il,False,False
bb65c8e693035002,original_grpo_11970,False,False
fa1639f4ef6b5b6d,official_il,False,False
fa1639f4ef6b5b6d,original_grpo_11970,False,False
000f59162ab05608,official_il,False,False
000f59162ab05608,original_grpo_11970,False,False
d33dd63e86dc58bf,official_il,False,False
d33dd63e86dc58bf,original_grpo_11970,False,False
a2ded57e5ea25291,official_il,False,False
a2ded57e5ea25291,original_grpo_11970,False,False
cc246460837d5a7a,official_il,False,False
cc246460837d5a7a,original_grpo_11970,False,False
5b32950ad7015f72,official_il,False,False
5b32950ad7015f72,original_grpo_11970,False,False
1df16d8e17fc5d9f,official_il,False,False
1df16d8e17fc5d9f,original_grpo_11970,False,False
8ec554e4c08b5ff1,official_il,False,False
8ec554e4c08b5ff1,original_grpo_11970,False,False
90ed1f025c625cc5,official_il,False,False
90ed1f025c625cc5,original_grpo_11970,False,False
6f15ba39d24f5e09,official_il,False,False
6f15ba39d24f5e09,original_grpo_11970,False,False
a4ba3e734df55efd,official_il,False,False
a4ba3e734df55efd,original_grpo_11970,False,False
b78d85d574e85ae5,official_il,False,False
b78d85d574e85ae5,original_grpo_11970,False,False
5a27d397a1985f2f,official_il,False,False
5a27d397a1985f2f,original_grpo_11970,False,False
0eeb440b2f6651e1,official_il,False,False
0eeb440b2f6651e1,original_grpo_11970,False,False
09c1004b8520583e,official_il,False,False
09c1004b8520583e,original_grpo_11970,False,False
028809f9d06e50e2,official_il,False,False
028809f9d06e50e2,original_grpo_11970,False,False
bf927ef9bccb5454,official_il,False,False
bf927ef9bccb5454,original_grpo_11970,False,False
a384a82bde71571a,official_il,False,False
a384a82bde71571a,original_grpo_11970,False,False
2bdcdb57147158c3,official_il,False,False
2bdcdb57147158c3,original_grpo_11970,False,False
4edf17773c485773,official_il,False,False
4edf17773c485773,original_grpo_11970,False,False
85a80d91fe8159ea,official_il,False,False
85a80d91fe8159ea,original_grpo_11970,False,False
85b2c93a0025550b,official_il,False,False
85b2c93a0025550b,original_grpo_11970,False,False
2e6ba62b54b25fc2,official_il,False,False
2e6ba62b54b25fc2,original_grpo_11970,False,False
6f9f3d9f2abe557f,official_il,False,False
6f9f3d9f2abe557f,original_grpo_11970,False,False
6b07909f6d7156fe,official_il,False,False
6b07909f6d7156fe,original_grpo_11970,False,False
552d5f9fa7ff5042,official_il,False,False
552d5f9fa7ff5042,original_grpo_11970,False,False
ad8f47739b315601,official_il,False,False
ad8f47739b315601,original_grpo_11970,False,False
7281046561575474,official_il,False,False
7281046561575474,original_grpo_11970,False,False
2c5175a7d5575a15,official_il,False,False
2c5175a7d5575a15,original_grpo_11970,False,False
35e1aac5bf815867,official_il,False,False
35e1aac5bf815867,original_grpo_11970,False,False
2f15707dd5585679,official_il,False,False
2f15707dd5585679,original_grpo_11970,False,False
f551298d3eac5378,official_il,False,False
f551298d3eac5378,original_grpo_11970,False,False
83c3323a76be5606,official_il,False,False
83c3323a76be5606,original_grpo_11970,False,False
e5e3356c563657d9,official_il,False,False
e5e3356c563657d9,original_grpo_11970,False,False
17764d7d042b5417,official_il,False,False
17764d7d042b5417,original_grpo_11970,False,False
2e6fb11cb0d95b1d,official_il,False,False
2e6fb11cb0d95b1d,original_grpo_11970,False,False
544008d8649a5c77,official_il,False,False
544008d8649a5c77,original_grpo_11970,False,False
8055bd979e015ee2,official_il,False,False
8055bd979e015ee2,original_grpo_11970,False,False
0a8279d024f354cd,official_il,False,False
0a8279d024f354cd,original_grpo_11970,False,False
dd7f1df5781f55e1,official_il,False,False
dd7f1df5781f55e1,original_grpo_11970,False,False
6e2e78e2837651ca,official_il,False,False
6e2e78e2837651ca,original_grpo_11970,False,False
685150627db45b13,official_il,False,False
685150627db45b13,original_grpo_11970,False,False
c697916dfefb5e18,official_il,False,False
c697916dfefb5e18,original_grpo_11970,False,False
e8d88da48f8d596c,official_il,False,False
e8d88da48f8d596c,original_grpo_11970,False,False
7aefdad93bc5558c,official_il,False,False
7aefdad93bc5558c,original_grpo_11970,False,False
c6d9f324ea925e29,official_il,False,False
c6d9f324ea925e29,original_grpo_11970,False,False
6f645a62c5075328,official_il,False,False
6f645a62c5075328,original_grpo_11970,False,False
31b59e9c9890595c,official_il,False,False
31b59e9c9890595c,original_grpo_11970,False,False
86ca9981a76150f8,official_il,False,False
86ca9981a76150f8,original_grpo_11970,True,False
ecc62529b4be5017,official_il,False,False
ecc62529b4be5017,original_grpo_11970,False,False
39faa436fd935a45,official_il,False,False
39faa436fd935a45,original_grpo_11970,False,False
334b162a83c65097,official_il,False,False
334b162a83c65097,original_grpo_11970,False,False
c05082561ab75f59,official_il,False,False
c05082561ab75f59,original_grpo_11970,False,False
3a8fb54af938597c,official_il,False,False
3a8fb54af938597c,original_grpo_11970,False,False
4f2dc1eeee805be0,official_il,False,False
4f2dc1eeee805be0,original_grpo_11970,False,False
f85c76740378509b,official_il,False,False
f85c76740378509b,original_grpo_11970,False,False
ccfdf1193bb259b5,official_il,False,False
ccfdf1193bb259b5,original_grpo_11970,False,False
07e2ce2c99245d66,official_il,False,False
07e2ce2c99245d66,original_grpo_11970,False,False
2bd84ae9930559cd,official_il,False,False
2bd84ae9930559cd,original_grpo_11970,False,False
ac2a473f028c5a63,official_il,False,False
ac2a473f028c5a63,original_grpo_11970,False,False
765ea8ac400c5a6c,official_il,False,False
765ea8ac400c5a6c,original_grpo_11970,False,False
08af1475f1b557b4,official_il,False,False
08af1475f1b557b4,original_grpo_11970,False,False
a2ead82eee415e8c,official_il,False,False
a2ead82eee415e8c,original_grpo_11970,False,False
78e24be624e052a1,official_il,False,False
78e24be624e052a1,original_grpo_11970,False,False
1f8f57e6c668530f,official_il,False,False
1f8f57e6c668530f,original_grpo_11970,False,False
f3092a0d7aae52ff,official_il,False,False
f3092a0d7aae52ff,original_grpo_11970,False,False
bc1cbb590e865ad5,official_il,False,False
bc1cbb590e865ad5,original_grpo_11970,False,False
0f023605a35b5d11,official_il,False,False
0f023605a35b5d11,original_grpo_11970,False,False
305517f303565d4c,official_il,False,False
305517f303565d4c,original_grpo_11970,False,False
6b069c922bf454a3,official_il,False,False
6b069c922bf454a3,original_grpo_11970,False,False
252ca81619685eb2,official_il,False,False
252ca81619685eb2,original_grpo_11970,False,False
c5ee2f9c1b4658ac,official_il,False,False
c5ee2f9c1b4658ac,original_grpo_11970,False,False
9d8a38a1c1265fb6,official_il,False,False
9d8a38a1c1265fb6,original_grpo_11970,False,False
2eed49e143195847,official_il,False,False
2eed49e143195847,original_grpo_11970,False,False
5bed0d0f29ce5550,official_il,False,False
5bed0d0f29ce5550,original_grpo_11970,False,False
5e0f2145e8f656f2,official_il,False,False
5e0f2145e8f656f2,original_grpo_11970,False,False
8280dac0e9345396,official_il,False,False
8280dac0e9345396,original_grpo_11970,False,False
d80b0d4109c65d4f,official_il,True,False
d80b0d4109c65d4f,original_grpo_11970,False,False
29d9e49503f15a82,official_il,False,False
29d9e49503f15a82,original_grpo_11970,False,False
75efda270f7f5838,official_il,False,False
75efda270f7f5838,original_grpo_11970,False,False
97a3fc19fc7b508e,official_il,False,False
97a3fc19fc7b508e,original_grpo_11970,False,False
d56698cc3acd535d,official_il,False,False
d56698cc3acd535d,original_grpo_11970,False,False
770cf5148b3353a3,official_il,False,False
770cf5148b3353a3,original_grpo_11970,False,False
dadedafafd2e5c35,official_il,False,False
dadedafafd2e5c35,original_grpo_11970,False,False
195b858f741f5f40,official_il,False,True
195b858f741f5f40,original_grpo_11970,False,True
c11b21b4b7e1504b,official_il,False,False
c11b21b4b7e1504b,original_grpo_11970,False,False
12430590a81d5a79,official_il,False,False
12430590a81d5a79,original_grpo_11970,False,False
00a3ae8730145b89,official_il,False,False
00a3ae8730145b89,original_grpo_11970,False,False
26f61bfe06aa5b53,official_il,False,False
26f61bfe06aa5b53,original_grpo_11970,False,False
bd9d827c1c865c49,official_il,True,False
bd9d827c1c865c49,original_grpo_11970,True,False
f4410a11523c527f,official_il,False,False
f4410a11523c527f,original_grpo_11970,False,False
8e2e79c13f395939,official_il,False,False
8e2e79c13f395939,original_grpo_11970,False,False
231b908d3c4b5caa,official_il,False,False
231b908d3c4b5caa,original_grpo_11970,False,False
b84348360e5855a6,official_il,False,False
b84348360e5855a6,original_grpo_11970,False,False
7ab3697035ba5e40,official_il,False,False
7ab3697035ba5e40,original_grpo_11970,False,False
c336e0f3d0975091,official_il,False,False
c336e0f3d0975091,original_grpo_11970,False,False
9c4234564e1e5729,official_il,False,True
9c4234564e1e5729,original_grpo_11970,False,False
0b4bbdba95c650c0,official_il,False,False
0b4bbdba95c650c0,original_grpo_11970,False,False
985d0eb18f855ade,official_il,False,False
985d0eb18f855ade,original_grpo_11970,False,False
72b56384ba8650b3,official_il,False,False
72b56384ba8650b3,original_grpo_11970,False,False
4d6fa99565de564f,official_il,False,False
4d6fa99565de564f,original_grpo_11970,False,False
d3df8c6ca15d5462,official_il,False,False
d3df8c6ca15d5462,original_grpo_11970,False,False
f8043c2a74e35acf,official_il,False,False
f8043c2a74e35acf,original_grpo_11970,False,False
9e870c5cbd0157b0,official_il,False,False
9e870c5cbd0157b0,original_grpo_11970,False,False
4999043f79285873,official_il,False,False
4999043f79285873,original_grpo_11970,False,False
d7688216391756a0,official_il,False,False
d7688216391756a0,original_grpo_11970,False,False
91dfc15bdbc35bc6,official_il,False,False
91dfc15bdbc35bc6,original_grpo_11970,False,False
9960aa7947f45003,official_il,False,False
9960aa7947f45003,original_grpo_11970,False,False
2211966d3f885086,official_il,False,False
2211966d3f885086,original_grpo_11970,True,False
f4f671779dde5ebc,official_il,False,False
f4f671779dde5ebc,original_grpo_11970,False,False
6fdd8f0cf28658a3,official_il,False,False
6fdd8f0cf28658a3,original_grpo_11970,False,False
c03f321e3bf15232,official_il,False,False
c03f321e3bf15232,original_grpo_11970,False,False
f8aaa716a0ef5125,official_il,False,False
f8aaa716a0ef5125,original_grpo_11970,False,False
89c66077f9c350e3,official_il,False,False
89c66077f9c350e3,original_grpo_11970,False,True
e7ec35d59dd65242,official_il,False,False
e7ec35d59dd65242,original_grpo_11970,False,False
15de9109f0805c98,official_il,False,False
15de9109f0805c98,original_grpo_11970,False,False
c245026840555ea6,official_il,False,False
c245026840555ea6,original_grpo_11970,False,False
6bea761b65945aef,official_il,False,False
6bea761b65945aef,original_grpo_11970,False,False
e40e952c41075775,official_il,False,False
e40e952c41075775,original_grpo_11970,False,False
b86e200011a250b6,official_il,False,False
b86e200011a250b6,original_grpo_11970,False,False
48fc92f3933559b0,official_il,False,False
48fc92f3933559b0,original_grpo_11970,False,False
2ff133f88355500c,official_il,False,False
2ff133f88355500c,original_grpo_11970,False,False
3d18f6f0700f5a7b,official_il,False,False
3d18f6f0700f5a7b,original_grpo_11970,False,False
78340542606758ca,official_il,False,False
78340542606758ca,original_grpo_11970,False,False
abfacdee5dfe5ad9,official_il,False,False
abfacdee5dfe5ad9,original_grpo_11970,False,False
6cdf0c4233a45a53,official_il,False,False
6cdf0c4233a45a53,original_grpo_11970,False,False
fc2ed2f866c253d4,official_il,False,False
fc2ed2f866c253d4,original_grpo_11970,False,False
87a5055d284c5085,official_il,False,False
87a5055d284c5085,original_grpo_11970,False,False
ffa11fe46e355e18,official_il,False,False
ffa11fe46e355e18,original_grpo_11970,False,False
baead2c155ca558b,official_il,False,False
baead2c155ca558b,original_grpo_11970,False,False
4894611c120f578a,official_il,False,False
4894611c120f578a,original_grpo_11970,False,False
00776d093674536a,official_il,False,False
00776d093674536a,original_grpo_11970,False,False
932682a89d575822,official_il,False,False
932682a89d575822,original_grpo_11970,False,False
5049e4f2dbc45df8,official_il,False,False
5049e4f2dbc45df8,original_grpo_11970,False,False
69395c5bade05784,official_il,False,False
69395c5bade05784,original_grpo_11970,False,False
1533891f01e059b4,official_il,False,True
1533891f01e059b4,original_grpo_11970,False,True
1bf798ae18c2526c,official_il,False,False
1bf798ae18c2526c,original_grpo_11970,False,False
411b244960d15474,official_il,False,False
411b244960d15474,original_grpo_11970,False,False
95d0a24b84315d2f,official_il,False,False
95d0a24b84315d2f,original_grpo_11970,False,False
9f28d7b781955f38,official_il,False,False
9f28d7b781955f38,original_grpo_11970,False,False
a772bcf8c9e950f1,official_il,False,False
a772bcf8c9e950f1,original_grpo_11970,False,False
801b918c1b5c5f2c,official_il,False,False
801b918c1b5c5f2c,original_grpo_11970,False,False
8a49b6f24ed6592f,official_il,False,False
8a49b6f24ed6592f,original_grpo_11970,False,False
f57c4714a5775f85,official_il,False,False
f57c4714a5775f85,original_grpo_11970,False,False
8f87f1ec9f3f5e7a,official_il,False,False
8f87f1ec9f3f5e7a,original_grpo_11970,False,False
28e1fee8599255bb,official_il,True,False
28e1fee8599255bb,original_grpo_11970,False,False
a867d882d8755381,official_il,False,False
a867d882d8755381,original_grpo_11970,False,False
a28b640001c05ac9,official_il,False,False
a28b640001c05ac9,original_grpo_11970,False,False
afc854e8061b523f,official_il,False,False
afc854e8061b523f,original_grpo_11970,False,False
d7607db2cf765dbd,official_il,False,False
d7607db2cf765dbd,original_grpo_11970,False,False
89a708dbba14521a,official_il,False,False
89a708dbba14521a,original_grpo_11970,False,False
51b1aa7d22ca5fc5,official_il,False,False
51b1aa7d22ca5fc5,original_grpo_11970,False,False
307e5b271a0b50c1,official_il,False,False
307e5b271a0b50c1,original_grpo_11970,False,False
bc1da25ce4555e68,official_il,False,False
bc1da25ce4555e68,original_grpo_11970,False,False
491af0cbc7875779,official_il,False,False
491af0cbc7875779,original_grpo_11970,False,False
b0aa67508aa85fda,official_il,False,False
b0aa67508aa85fda,original_grpo_11970,False,False
a0b06b2087ee58d5,official_il,False,False
a0b06b2087ee58d5,original_grpo_11970,False,False
9f2d59224ab95f58,official_il,False,False
9f2d59224ab95f58,original_grpo_11970,False,False
fd654ec82b46521e,official_il,False,False
fd654ec82b46521e,original_grpo_11970,False,False
7a1d638414445d38,official_il,False,False
7a1d638414445d38,original_grpo_11970,False,False
7234c933c0ee5f79,official_il,False,False
7234c933c0ee5f79,original_grpo_11970,False,False
67af96d89bdb5cac,official_il,False,False
67af96d89bdb5cac,original_grpo_11970,False,False
68efbc5c711d5bbb,official_il,False,False
68efbc5c711d5bbb,original_grpo_11970,False,False
8fac68a4153556f8,official_il,False,False
8fac68a4153556f8,original_grpo_11970,False,False
b0f72dec76d65507,official_il,False,False
b0f72dec76d65507,original_grpo_11970,False,False
f1153947c2da5c4a,official_il,False,False
f1153947c2da5c4a,original_grpo_11970,False,False
7a2aad029bbd50de,official_il,False,False
7a2aad029bbd50de,original_grpo_11970,False,False
023296bfdb7550e1,official_il,False,False
023296bfdb7550e1,original_grpo_11970,False,False
7fa7f2973eb6583d,official_il,False,False
7fa7f2973eb6583d,original_grpo_11970,False,False
f21acd75959054d2,official_il,False,False
f21acd75959054d2,original_grpo_11970,False,False
0cc977096c725a1f,official_il,False,False
0cc977096c725a1f,original_grpo_11970,True,False
2180658cf61c5ba9,official_il,False,False
2180658cf61c5ba9,original_grpo_11970,False,False
00671a3eb024500c,official_il,False,False
00671a3eb024500c,original_grpo_11970,False,False
d47e147b1bab5212,official_il,False,False
d47e147b1bab5212,original_grpo_11970,False,False
f04b0860aafc5f6e,official_il,False,False
f04b0860aafc5f6e,original_grpo_11970,False,False
982e26f2804058a4,official_il,False,False
982e26f2804058a4,original_grpo_11970,False,False
ef73c3d43bcf5e14,official_il,False,False
ef73c3d43bcf5e14,original_grpo_11970,False,False
822d7011f3b4583d,official_il,False,False
822d7011f3b4583d,original_grpo_11970,False,False
f3e5d14af2695a16,official_il,False,False
f3e5d14af2695a16,original_grpo_11970,False,False
fcbadeed899c5e16,official_il,False,False
fcbadeed899c5e16,original_grpo_11970,False,False
a49ee7021b1b5516,official_il,False,False
a49ee7021b1b5516,original_grpo_11970,False,False
5c8cc46f835455f1,official_il,False,False
5c8cc46f835455f1,original_grpo_11970,False,False
a4ccd00ba06c50d2,official_il,False,False
a4ccd00ba06c50d2,original_grpo_11970,False,False
90db817ba69259fb,official_il,False,False
90db817ba69259fb,original_grpo_11970,False,False
f95fcf27f5b3536c,official_il,False,False
f95fcf27f5b3536c,original_grpo_11970,False,False
5f0efcea6d28594b,official_il,False,False
5f0efcea6d28594b,original_grpo_11970,False,False
a2ae250e877b5ee3,official_il,True,False
a2ae250e877b5ee3,original_grpo_11970,True,False
a09480a238155fe6,official_il,False,False
a09480a238155fe6,original_grpo_11970,False,False
a2ae358e80515458,official_il,False,False
a2ae358e80515458,original_grpo_11970,False,False
a1ad98481bd25fd4,official_il,False,False
a1ad98481bd25fd4,original_grpo_11970,False,False
19452a2cfeb45fda,official_il,False,False
19452a2cfeb45fda,original_grpo_11970,False,False
7670fbc34caf5ce6,official_il,False,False
7670fbc34caf5ce6,original_grpo_11970,False,False
8731f301e7da5191,official_il,False,False
8731f301e7da5191,original_grpo_11970,False,False
cb0c97d6a7585c08,official_il,False,False
cb0c97d6a7585c08,original_grpo_11970,False,False
450e752a410c59b4,official_il,False,False
450e752a410c59b4,original_grpo_11970,False,False
fd7d77760a645f78,official_il,False,False
fd7d77760a645f78,original_grpo_11970,False,False
f2df448d498e5fb0,official_il,False,False
f2df448d498e5fb0,original_grpo_11970,False,False
6f80118b20ce50f6,official_il,False,False
6f80118b20ce50f6,original_grpo_11970,False,False
3c66347c5976588c,official_il,False,False
3c66347c5976588c,original_grpo_11970,False,False
bc036c15cffb54fe,official_il,False,False
bc036c15cffb54fe,original_grpo_11970,False,False
4f7350a4034956a2,official_il,False,False
4f7350a4034956a2,original_grpo_11970,False,False
8ce60a609d1d59b0,official_il,False,False
8ce60a609d1d59b0,original_grpo_11970,False,False
e63ad03d11155998,official_il,False,False
e63ad03d11155998,original_grpo_11970,False,False
848127390662530c,official_il,False,False
848127390662530c,original_grpo_11970,False,False
b5ee0838801f5ea8,official_il,False,False
b5ee0838801f5ea8,original_grpo_11970,False,False
f3b337a44c1d5852,official_il,False,False
f3b337a44c1d5852,original_grpo_11970,False,False
987fa7ea11f6520e,official_il,False,False
987fa7ea11f6520e,original_grpo_11970,False,False
0f3712b8617055cd,official_il,False,False
0f3712b8617055cd,original_grpo_11970,False,False
fdd8f362969b5d38,official_il,False,False
fdd8f362969b5d38,original_grpo_11970,False,False
40758c371c85571d,official_il,False,False
40758c371c85571d,original_grpo_11970,False,False
44ed939e9858580e,official_il,False,False
44ed939e9858580e,original_grpo_11970,False,False
e4f2d0afbfa850f4,official_il,False,False
e4f2d0afbfa850f4,original_grpo_11970,False,False
c6ad68f6d16555c2,official_il,False,False
c6ad68f6d16555c2,original_grpo_11970,False,False
2b6629776f095579,official_il,False,False
2b6629776f095579,original_grpo_11970,False,False
99c9e71f2f845575,official_il,False,False
99c9e71f2f845575,original_grpo_11970,False,False
99110ee3affb5f5f,official_il,False,False
99110ee3affb5f5f,original_grpo_11970,False,False
fd5c67bd1d525c33,official_il,False,False
fd5c67bd1d525c33,original_grpo_11970,False,False
165da861e6ab5111,official_il,False,False
165da861e6ab5111,original_grpo_11970,False,False
a84fdee86d575da8,official_il,False,False
a84fdee86d575da8,original_grpo_11970,False,False
de9ab52501575dec,official_il,False,False
de9ab52501575dec,original_grpo_11970,False,False
7a114b6a9bf95759,official_il,False,False
7a114b6a9bf95759,original_grpo_11970,False,False
a7369b4251595080,official_il,True,False
a7369b4251595080,original_grpo_11970,True,False
fb4e2969d4d15636,official_il,False,False
fb4e2969d4d15636,original_grpo_11970,False,False
fc46b1e96e245183,official_il,False,False
fc46b1e96e245183,original_grpo_11970,False,False
18b425105ef25ca4,official_il,False,False
18b425105ef25ca4,original_grpo_11970,False,False
21a2d0be0dea504d,official_il,False,False
21a2d0be0dea504d,original_grpo_11970,False,False
af11b614b51b5733,official_il,False,False
af11b614b51b5733,original_grpo_11970,False,False
985a9281186c533f,official_il,False,False
985a9281186c533f,original_grpo_11970,False,False
e42cd6046ddc5384,official_il,False,False
e42cd6046ddc5384,original_grpo_11970,False,False
8a5010b763805844,official_il,True,False
8a5010b763805844,original_grpo_11970,False,False
028bc160d6975cd7,official_il,False,False
028bc160d6975cd7,original_grpo_11970,False,False
060bffc1ab755c8e,official_il,True,False
060bffc1ab755c8e,original_grpo_11970,True,False
b6a47e7b06495de7,official_il,False,False
b6a47e7b06495de7,original_grpo_11970,False,False
2df7e6fd7f7d5c83,official_il,False,False
2df7e6fd7f7d5c83,original_grpo_11970,True,False
1c154adadd295f19,official_il,False,False
1c154adadd295f19,original_grpo_11970,False,False
b7adfdc5d33150b0,official_il,False,False
b7adfdc5d33150b0,original_grpo_11970,False,False
aa4e6768cf0858e6,official_il,False,False
aa4e6768cf0858e6,original_grpo_11970,False,False
27b0e8ec5cab538a,official_il,False,False
27b0e8ec5cab538a,original_grpo_11970,False,False
2af7eca172fa5eb8,official_il,False,False
2af7eca172fa5eb8,original_grpo_11970,False,False
c5f266e310dd5b40,official_il,False,False
c5f266e310dd5b40,original_grpo_11970,False,False
6bf22ab1e2435651,official_il,False,False
6bf22ab1e2435651,original_grpo_11970,False,False
1f49e777ebc25a4c,official_il,False,False
1f49e777ebc25a4c,original_grpo_11970,False,False
b7f3f4bd686f5e97,official_il,False,False
b7f3f4bd686f5e97,original_grpo_11970,False,False
52ffeb44cda05566,official_il,False,False
52ffeb44cda05566,original_grpo_11970,False,False
77c7082f71665d32,official_il,False,False
77c7082f71665d32,original_grpo_11970,False,False
4c93ba429cab5645,official_il,False,False
4c93ba429cab5645,original_grpo_11970,False,False
c2fddda6cfb25528,official_il,False,False
c2fddda6cfb25528,original_grpo_11970,False,False
b5aab82724dc5cfd,official_il,False,False
b5aab82724dc5cfd,original_grpo_11970,False,False
b6a586e7eb49552e,official_il,False,False
b6a586e7eb49552e,original_grpo_11970,False,False
a286f1dfebce5fcd,official_il,False,False
a286f1dfebce5fcd,original_grpo_11970,False,False
f7a31bdef30e5a14,official_il,False,False
f7a31bdef30e5a14,original_grpo_11970,False,False
c68b1698d8de5c77,official_il,False,False
c68b1698d8de5c77,original_grpo_11970,False,False
46b949927ade5e92,official_il,False,False
46b949927ade5e92,original_grpo_11970,False,False
337a9ee9e8de5897,official_il,False,False
337a9ee9e8de5897,original_grpo_11970,False,False
cdc19fb48a9a5e93,official_il,False,False
cdc19fb48a9a5e93,original_grpo_11970,False,False
108458f899ab5627,official_il,False,False
108458f899ab5627,original_grpo_11970,False,False
c5bb4d9ab0545dc3,official_il,False,False
c5bb4d9ab0545dc3,original_grpo_11970,False,False
9ac651862c2d5be2,official_il,False,False
9ac651862c2d5be2,original_grpo_11970,False,False
c530e5bcd1ad51a7,official_il,False,False
c530e5bcd1ad51a7,original_grpo_11970,False,False
e56f3b0fe6d45e00,official_il,False,False
e56f3b0fe6d45e00,original_grpo_11970,False,False
36d87376a323512d,official_il,False,False
36d87376a323512d,original_grpo_11970,False,False
32012d71f0c75435,official_il,False,False
32012d71f0c75435,original_grpo_11970,False,False
c13582cfb8255068,official_il,False,False
c13582cfb8255068,original_grpo_11970,False,False
24c12f1d6c945e6c,official_il,False,False
24c12f1d6c945e6c,original_grpo_11970,False,True
395e75b06955572a,official_il,False,False
395e75b06955572a,original_grpo_11970,False,False
600e6e7fd1095a56,official_il,False,False
600e6e7fd1095a56,original_grpo_11970,False,False
b495a4d358af54da,official_il,True,False
b495a4d358af54da,original_grpo_11970,True,False
e6e9205b3ba0591b,official_il,False,False
e6e9205b3ba0591b,original_grpo_11970,False,False
89d8d1ffd6625b54,official_il,False,False
89d8d1ffd6625b54,original_grpo_11970,False,False
8921a96797395772,official_il,False,True
8921a96797395772,original_grpo_11970,False,True
9d87ac4fbc1959d9,official_il,False,False
9d87ac4fbc1959d9,original_grpo_11970,False,False
fa08bc0cd9cf5940,official_il,False,False
fa08bc0cd9cf5940,original_grpo_11970,False,False
41b65216938e579b,official_il,False,False
41b65216938e579b,original_grpo_11970,False,False
c7f2e379d8db5b19,official_il,False,False
c7f2e379d8db5b19,original_grpo_11970,False,False
e80ce1ed33e154ac,official_il,False,False
e80ce1ed33e154ac,original_grpo_11970,False,False
abd2c721fef154db,official_il,False,False
abd2c721fef154db,original_grpo_11970,False,False
7b194a2c11e3502f,official_il,False,False
7b194a2c11e3502f,original_grpo_11970,False,False
4568fb907d3954a8,official_il,False,False
4568fb907d3954a8,original_grpo_11970,False,False
aa8c787c5dd457b6,official_il,False,False
aa8c787c5dd457b6,original_grpo_11970,False,False
b745bf9cb89c5bbf,official_il,False,False
b745bf9cb89c5bbf,original_grpo_11970,False,False
3daa1c6f3d015529,official_il,False,False
3daa1c6f3d015529,original_grpo_11970,False,False
868cd50edf6f52d0,official_il,False,False
868cd50edf6f52d0,original_grpo_11970,False,False
f2fcd89985ba5fa6,official_il,False,False
f2fcd89985ba5fa6,original_grpo_11970,False,False
9dd23a991a875857,official_il,False,False
9dd23a991a875857,original_grpo_11970,False,False
dc7dd62bd78a5964,official_il,False,False
dc7dd62bd78a5964,original_grpo_11970,False,False
1f25cfb6252f5fb0,official_il,False,False
1f25cfb6252f5fb0,original_grpo_11970,False,False
6a98991d46c6524b,official_il,False,False
6a98991d46c6524b,original_grpo_11970,False,False
08a4e9332e3c58c7,official_il,False,False
08a4e9332e3c58c7,original_grpo_11970,False,False
ab7cf50321e052e6,official_il,False,False
ab7cf50321e052e6,original_grpo_11970,False,False
8f69ab76b5485da2,official_il,False,False
8f69ab76b5485da2,original_grpo_11970,False,False
fe76028b09a95a00,official_il,False,False
fe76028b09a95a00,original_grpo_11970,False,False
af9feb2092e35953,official_il,False,False
af9feb2092e35953,original_grpo_11970,False,False
878e2b8645b05dd4,official_il,False,False
878e2b8645b05dd4,original_grpo_11970,False,False
f87bea40dcc65aab,official_il,False,False
f87bea40dcc65aab,original_grpo_11970,False,False
6cefef09303a53cb,official_il,False,False
6cefef09303a53cb,original_grpo_11970,False,False
4f06f86e41a15500,official_il,False,False
4f06f86e41a15500,original_grpo_11970,False,False
8e27350e51315880,official_il,False,False
8e27350e51315880,original_grpo_11970,False,False
a9b5bafee441520a,official_il,False,False
a9b5bafee441520a,original_grpo_11970,True,False
dd0b7914b3135729,official_il,False,False
dd0b7914b3135729,original_grpo_11970,False,False
d4a6276fe28c51ee,official_il,False,False
d4a6276fe28c51ee,original_grpo_11970,False,False
c1854b230c5c5701,official_il,False,False
c1854b230c5c5701,original_grpo_11970,False,False
53351a454e095adb,official_il,False,False
53351a454e095adb,original_grpo_11970,False,False
4ed77f422b095a51,official_il,False,False
4ed77f422b095a51,original_grpo_11970,False,False
d94433066d285465,official_il,False,False
d94433066d285465,original_grpo_11970,False,False
c73bfd8673445408,official_il,False,False
c73bfd8673445408,original_grpo_11970,False,False
d665952f580e5a7e,official_il,False,False
d665952f580e5a7e,original_grpo_11970,False,False
808e97fcfcd753dc,official_il,False,False
808e97fcfcd753dc,original_grpo_11970,False,False
bc3725f92eed5aaa,official_il,False,False
bc3725f92eed5aaa,original_grpo_11970,False,False
18b11cf2095b5adf,official_il,False,False
18b11cf2095b5adf,original_grpo_11970,False,False
12cb12b79e585d0a,official_il,False,False
12cb12b79e585d0a,original_grpo_11970,False,False
bb2960da877e5cc1,official_il,False,False
bb2960da877e5cc1,original_grpo_11970,False,False
dd976467d84f5fec,official_il,False,False
dd976467d84f5fec,original_grpo_11970,False,False
7bfc3ac5c6305c77,official_il,False,False
7bfc3ac5c6305c77,original_grpo_11970,False,False
b314a918a47a5037,official_il,False,False
b314a918a47a5037,original_grpo_11970,False,False
80fcfa05a45d5e36,official_il,False,False
80fcfa05a45d5e36,original_grpo_11970,False,False
77e91c3fd08c5f17,official_il,True,False
77e91c3fd08c5f17,original_grpo_11970,False,False
007ed5175450558b,official_il,False,False
007ed5175450558b,original_grpo_11970,False,False
2f4d69ecd7cb5c68,official_il,False,False
2f4d69ecd7cb5c68,original_grpo_11970,False,False
95d8fa369c8b563b,official_il,False,False
95d8fa369c8b563b,original_grpo_11970,False,False
28cb1167643f5960,official_il,False,False
28cb1167643f5960,original_grpo_11970,False,False
aa917b7bd6795583,official_il,False,False
aa917b7bd6795583,original_grpo_11970,False,False
f87b95ec4f9e5171,official_il,False,False
f87b95ec4f9e5171,original_grpo_11970,False,False
3a3a8a8d52975a4c,official_il,False,False
3a3a8a8d52975a4c,original_grpo_11970,False,False
9162049567e2505d,official_il,False,False
9162049567e2505d,original_grpo_11970,False,False
d092f0f362fc5b16,official_il,False,False
d092f0f362fc5b16,original_grpo_11970,False,False
ebf4acef40bf56b5,official_il,False,False
ebf4acef40bf56b5,original_grpo_11970,False,False
cfc67cc3a81b5e22,official_il,False,False
cfc67cc3a81b5e22,original_grpo_11970,False,False
21624b1baecb53e6,official_il,False,False
21624b1baecb53e6,original_grpo_11970,False,False
726ef3e1102353f3,official_il,False,False
726ef3e1102353f3,original_grpo_11970,False,False
19de8b79c9b35647,official_il,False,False
19de8b79c9b35647,original_grpo_11970,False,False
f6ed0364afa85ddc,official_il,False,False
f6ed0364afa85ddc,original_grpo_11970,False,False
2b91556f69f55545,official_il,False,False
2b91556f69f55545,original_grpo_11970,False,False
1468b728ba625777,official_il,False,False
1468b728ba625777,original_grpo_11970,False,False
116f667b9c7f5bc3,official_il,False,False
116f667b9c7f5bc3,original_grpo_11970,False,False
ca99f22c729557e0,official_il,False,False
ca99f22c729557e0,original_grpo_11970,False,False
569d8e3baa3f5adc,official_il,False,False
569d8e3baa3f5adc,original_grpo_11970,False,False
e58d82687c9c565f,official_il,True,False
e58d82687c9c565f,original_grpo_11970,True,False
20f028e63a7c5912,official_il,False,False
20f028e63a7c5912,original_grpo_11970,False,False
be864695e96d5965,official_il,False,False
be864695e96d5965,original_grpo_11970,False,False
89a53a8336195bf0,official_il,False,False
89a53a8336195bf0,original_grpo_11970,False,False
88b39dbc20d55202,official_il,False,False
88b39dbc20d55202,original_grpo_11970,True,False
7319fdb892cc57f7,official_il,False,False
7319fdb892cc57f7,original_grpo_11970,False,False
1c08c6d9efa655e3,official_il,False,False
1c08c6d9efa655e3,original_grpo_11970,False,False
ae29ed42e0b458ee,official_il,False,False
ae29ed42e0b458ee,original_grpo_11970,False,False
05f2c075afb65bd7,official_il,False,False
05f2c075afb65bd7,original_grpo_11970,False,False
2ea563e907065f41,official_il,False,False
2ea563e907065f41,original_grpo_11970,False,False
60a31d5ea3695f72,official_il,False,False
60a31d5ea3695f72,original_grpo_11970,False,False
8ea6f1d952bd5364,official_il,False,False
8ea6f1d952bd5364,original_grpo_11970,False,False
b48326fa08785ad9,official_il,False,False
b48326fa08785ad9,original_grpo_11970,False,False
e4069283cdaf5208,official_il,False,False
e4069283cdaf5208,original_grpo_11970,False,False
1b2acb988e1c5190,official_il,False,False
1b2acb988e1c5190,original_grpo_11970,False,False
aa9ba5b1180f52c6,official_il,False,False
aa9ba5b1180f52c6,original_grpo_11970,False,False
e42e17021b6c5858,official_il,False,False
e42e17021b6c5858,original_grpo_11970,False,False
79ea424b3b2b51e7,official_il,False,False
79ea424b3b2b51e7,original_grpo_11970,False,False
804050e31165501d,official_il,False,False
804050e31165501d,original_grpo_11970,False,False
850347aa312c57e3,official_il,False,False
850347aa312c57e3,original_grpo_11970,False,False
a780544890075321,official_il,False,False
a780544890075321,original_grpo_11970,False,False
798955a79a5058d3,official_il,False,False
798955a79a5058d3,original_grpo_11970,False,False
a90af271632959a8,official_il,False,False
a90af271632959a8,original_grpo_11970,True,False
71296b1b915d5d3e,official_il,True,False
71296b1b915d5d3e,original_grpo_11970,True,False
31d8e77a30f851c2,official_il,False,False
31d8e77a30f851c2,original_grpo_11970,False,False
d5b5493ef46455ab,official_il,False,False
d5b5493ef46455ab,original_grpo_11970,False,False
b430fae36389516d,official_il,False,False
b430fae36389516d,original_grpo_11970,False,False
ee207f4131f358ec,official_il,False,False
ee207f4131f358ec,original_grpo_11970,False,False
fb9009a494165a9f,official_il,False,False
fb9009a494165a9f,original_grpo_11970,False,False
80b5622c72915c8a,official_il,False,False
80b5622c72915c8a,original_grpo_11970,False,False
a2af2f7d45ad5c8d,official_il,False,False
a2af2f7d45ad5c8d,original_grpo_11970,False,False
62c3cc3732bb5fab,official_il,False,False
62c3cc3732bb5fab,original_grpo_11970,False,False
96e24e94933f52c8,official_il,False,False
96e24e94933f52c8,original_grpo_11970,False,False
4c7b4e57f4f75db9,official_il,False,False
4c7b4e57f4f75db9,original_grpo_11970,False,False
8a03388bc0e65821,official_il,False,False
8a03388bc0e65821,original_grpo_11970,False,False
d4c719f833145376,official_il,False,False
d4c719f833145376,original_grpo_11970,False,False
6aff9c916ead59cb,official_il,False,False
6aff9c916ead59cb,original_grpo_11970,False,False
bbbcf2da1ac25c0c,official_il,False,False
bbbcf2da1ac25c0c,original_grpo_11970,False,False
d3602c5a6e58513b,official_il,False,False
d3602c5a6e58513b,original_grpo_11970,False,False
620ab1fb89d958e9,official_il,False,False
620ab1fb89d958e9,original_grpo_11970,False,False
b625b4d78c055286,official_il,False,False
b625b4d78c055286,original_grpo_11970,False,False
40fa4412942556c9,official_il,False,False
40fa4412942556c9,original_grpo_11970,False,False
c697182569305e3f,official_il,False,False
c697182569305e3f,original_grpo_11970,False,False
4f693467a25d55bb,official_il,False,False
4f693467a25d55bb,original_grpo_11970,False,False
dfbb31f26fe154d4,official_il,False,False
dfbb31f26fe154d4,original_grpo_11970,False,False
6ab3b0050b7d5bf9,official_il,False,False
6ab3b0050b7d5bf9,original_grpo_11970,False,False
05d8aab710215fb2,official_il,False,False
05d8aab710215fb2,original_grpo_11970,False,False
719de6d7091c5330,official_il,False,False
719de6d7091c5330,original_grpo_11970,False,False
6b912911d79c5143,official_il,False,False
6b912911d79c5143,original_grpo_11970,False,False
5f328cc879f45bfa,official_il,False,False
5f328cc879f45bfa,original_grpo_11970,False,False
5b97b5819f3251ed,official_il,False,False
5b97b5819f3251ed,original_grpo_11970,False,False
12f87dc14a275338,official_il,False,False
12f87dc14a275338,original_grpo_11970,False,False
ca2fca0f54135282,official_il,False,False
ca2fca0f54135282,original_grpo_11970,False,False
519706a8f9265373,official_il,False,False
519706a8f9265373,original_grpo_11970,False,False
3476dfc64f795c26,official_il,False,False
3476dfc64f795c26,original_grpo_11970,False,False
4481f240c51d5fcf,official_il,False,False
4481f240c51d5fcf,original_grpo_11970,False,False
edc361432b1a561d,official_il,False,False
edc361432b1a561d,original_grpo_11970,False,False
22f73027a4715355,official_il,False,False
22f73027a4715355,original_grpo_11970,False,False
91a7c6a198d55dc6,official_il,False,False
91a7c6a198d55dc6,original_grpo_11970,False,False
d8c23fabafe356eb,official_il,False,False
d8c23fabafe356eb,original_grpo_11970,False,False
77e78846f40f5d6b,official_il,True,False
77e78846f40f5d6b,original_grpo_11970,True,False
83ef2b0756125a31,official_il,False,False
83ef2b0756125a31,original_grpo_11970,False,False
594fe746955b5f22,official_il,False,False
594fe746955b5f22,original_grpo_11970,False,False
54d3b8588221562b,official_il,False,False
54d3b8588221562b,original_grpo_11970,False,False
31b138244856510b,official_il,False,False
31b138244856510b,original_grpo_11970,False,False
788d5a10d1165291,official_il,False,False
788d5a10d1165291,original_grpo_11970,False,False
235dd2b0a6635d0f,official_il,False,False
235dd2b0a6635d0f,original_grpo_11970,False,False
fdcec9c5a0445664,official_il,False,False
fdcec9c5a0445664,original_grpo_11970,False,False
1d9a33cd6d87587a,official_il,False,False
1d9a33cd6d87587a,original_grpo_11970,False,False
8891a5c0bff15e26,official_il,False,False
8891a5c0bff15e26,original_grpo_11970,False,False
39e6fd858ba35985,official_il,False,False
39e6fd858ba35985,original_grpo_11970,False,False
e83cd9d39e5f5f05,official_il,False,False
e83cd9d39e5f5f05,original_grpo_11970,False,False
599725a7061a5741,official_il,False,False
599725a7061a5741,original_grpo_11970,False,False
10f6a2a991965daa,official_il,False,False
10f6a2a991965daa,original_grpo_11970,False,False
f1ec32d92d925960,official_il,False,False
f1ec32d92d925960,original_grpo_11970,False,False
8698ddc4e6ca50cc,official_il,False,False
8698ddc4e6ca50cc,original_grpo_11970,False,False
b17b2095d05f5c47,official_il,False,False
b17b2095d05f5c47,original_grpo_11970,False,False
6b9254038e2059f8,official_il,False,False
6b9254038e2059f8,original_grpo_11970,False,True
c043f882e65d5e2a,official_il,False,False
c043f882e65d5e2a,original_grpo_11970,False,False
9269957ce6775872,official_il,False,False
9269957ce6775872,original_grpo_11970,False,False
45092efd8a90549d,official_il,False,False
45092efd8a90549d,original_grpo_11970,False,False
152c1383805258ec,official_il,False,False
152c1383805258ec,original_grpo_11970,False,False
842287d772a957b4,official_il,False,False
842287d772a957b4,original_grpo_11970,False,False
2983a27771335018,official_il,False,False
2983a27771335018,original_grpo_11970,False,False
65ac0d4f7375545d,official_il,False,False
65ac0d4f7375545d,original_grpo_11970,False,False
05d20a9632085956,official_il,False,False
05d20a9632085956,original_grpo_11970,True,False
f31018dfb3b85f3e,official_il,False,False
f31018dfb3b85f3e,original_grpo_11970,False,False
93206128f0f35aad,official_il,False,False
93206128f0f35aad,original_grpo_11970,False,False
58147069b1ee5cb9,official_il,False,False
58147069b1ee5cb9,original_grpo_11970,False,False
f08ab4bf98a35c60,official_il,False,False
f08ab4bf98a35c60,original_grpo_11970,False,False
0278e885c45c5154,official_il,False,False
0278e885c45c5154,original_grpo_11970,False,False
ddd381441d545a57,official_il,False,False
ddd381441d545a57,original_grpo_11970,False,False
b29dcab667815aa6,official_il,False,False
b29dcab667815aa6,original_grpo_11970,False,False
af5728440e605d07,official_il,False,False
af5728440e605d07,original_grpo_11970,False,False
221b20f9f92a5fa8,official_il,False,False
221b20f9f92a5fa8,original_grpo_11970,False,False
14afcd37579f5014,official_il,False,False
14afcd37579f5014,original_grpo_11970,False,False
af24f237f61c5b92,official_il,False,False
af24f237f61c5b92,original_grpo_11970,False,False
74dfab50e0d85d57,official_il,False,False
74dfab50e0d85d57,original_grpo_11970,False,False
cdeedb8f7f595ead,official_il,False,False
cdeedb8f7f595ead,original_grpo_11970,False,False
572b74405e2252cb,official_il,False,False
572b74405e2252cb,original_grpo_11970,False,False
8182b29bcc645bf6,official_il,False,False
8182b29bcc645bf6,original_grpo_11970,False,False
ea546f170065528b,official_il,False,False
ea546f170065528b,original_grpo_11970,False,False
b95839652fc050a7,official_il,False,False
b95839652fc050a7,original_grpo_11970,False,False
688586d3eb2253fc,official_il,False,False
688586d3eb2253fc,original_grpo_11970,False,False
f487d8e9da285dc4,official_il,False,False
f487d8e9da285dc4,original_grpo_11970,False,False
1edc04ff737e58c5,official_il,False,False
1edc04ff737e58c5,original_grpo_11970,False,False
0828de7c8a245189,official_il,False,False
0828de7c8a245189,original_grpo_11970,False,False
99a165df82ec5df7,official_il,False,False
99a165df82ec5df7,original_grpo_11970,False,False
8285473de64f5587,official_il,False,False
8285473de64f5587,original_grpo_11970,False,False
b3477cbd1ba75b6a,official_il,False,False
b3477cbd1ba75b6a,original_grpo_11970,False,False
3e928575ed615eb7,official_il,False,False
3e928575ed615eb7,original_grpo_11970,False,False
0320c11d5e90526b,official_il,False,False
0320c11d5e90526b,original_grpo_11970,False,False
8d5d3d07abe9537a,official_il,False,False
8d5d3d07abe9537a,original_grpo_11970,False,False
fbbfc232f2f05b23,official_il,False,False
fbbfc232f2f05b23,original_grpo_11970,False,False
59198e217f4d5b5e,official_il,False,False
59198e217f4d5b5e,original_grpo_11970,False,False
d2feb7a19afb5423,official_il,True,False
d2feb7a19afb5423,original_grpo_11970,True,False
81618fab47bd51f1,official_il,False,True
81618fab47bd51f1,original_grpo_11970,False,True
ecc1492c08a85a77,official_il,False,False
ecc1492c08a85a77,original_grpo_11970,False,False
f686e9b2f7c35d4c,official_il,False,False
f686e9b2f7c35d4c,original_grpo_11970,False,False
00ac934b58495a75,official_il,True,False
00ac934b58495a75,original_grpo_11970,True,False
f155b91c60b95478,official_il,False,False
f155b91c60b95478,original_grpo_11970,False,False
7a7c28c5979e55f9,official_il,False,False
7a7c28c5979e55f9,original_grpo_11970,False,False
cfee334436495454,official_il,False,False
cfee334436495454,original_grpo_11970,False,False
19dd477917bf5fd6,official_il,False,False
19dd477917bf5fd6,original_grpo_11970,False,False
4dcad2e2859d5b11,official_il,False,False
4dcad2e2859d5b11,original_grpo_11970,False,False
13b49eaa72985319,official_il,False,False
13b49eaa72985319,original_grpo_11970,False,False
256eee2bf1c35835,official_il,False,False
256eee2bf1c35835,original_grpo_11970,False,False
405e1249622555a7,official_il,False,False
405e1249622555a7,original_grpo_11970,False,False
02b98113e7f95e11,official_il,False,False
02b98113e7f95e11,original_grpo_11970,False,False
50c3cc900e575cb9,official_il,False,False
50c3cc900e575cb9,original_grpo_11970,False,False
0d8e1a15f05450c1,official_il,False,False
0d8e1a15f05450c1,original_grpo_11970,False,False
74793832d7c95c17,official_il,False,False
74793832d7c95c17,original_grpo_11970,False,False
537a391db8985cf1,official_il,False,False
537a391db8985cf1,original_grpo_11970,False,False
2b58e516d86552e1,official_il,False,False
2b58e516d86552e1,original_grpo_11970,False,False
1aae00eccb625430,official_il,False,False
1aae00eccb625430,original_grpo_11970,False,False
c0b1f018d96c5afa,official_il,False,False
c0b1f018d96c5afa,original_grpo_11970,False,False
23c472fa999e5296,official_il,False,False
23c472fa999e5296,original_grpo_11970,False,False
44d86aad4e23556e,official_il,False,False
44d86aad4e23556e,original_grpo_11970,False,False
50ea30f9ced45b30,official_il,False,False
50ea30f9ced45b30,original_grpo_11970,False,False
0b5d1c40521d5b71,official_il,False,False
0b5d1c40521d5b71,original_grpo_11970,False,False
1aed952dd27e5cb8,official_il,False,False
1aed952dd27e5cb8,original_grpo_11970,False,False
63038d391fe25cbd,official_il,False,False
63038d391fe25cbd,original_grpo_11970,False,False
21a6933b085e5c39,official_il,False,False
21a6933b085e5c39,original_grpo_11970,False,False
aaaf30d78a735726,official_il,False,False
aaaf30d78a735726,original_grpo_11970,False,False
9e018b57ae2d545d,official_il,False,False
9e018b57ae2d545d,original_grpo_11970,False,False
d986cf82949f5242,official_il,False,False
d986cf82949f5242,original_grpo_11970,False,False
818fb43cd2765fac,official_il,False,False
818fb43cd2765fac,original_grpo_11970,False,False
6e840c561bdf55e7,official_il,False,False
6e840c561bdf55e7,original_grpo_11970,False,False
e1f23d95dc3e52f2,official_il,False,False
e1f23d95dc3e52f2,original_grpo_11970,False,False
ceba1aa1a38056fb,official_il,False,False
ceba1aa1a38056fb,original_grpo_11970,False,False
9560a4514d2059a3,official_il,False,False
9560a4514d2059a3,original_grpo_11970,False,False
1a66356a38d052f3,official_il,False,False
1a66356a38d052f3,original_grpo_11970,False,False
7574f9fd09845ba5,official_il,False,False
7574f9fd09845ba5,original_grpo_11970,False,False
c5a5a183d74d5a4d,official_il,False,False
c5a5a183d74d5a4d,original_grpo_11970,False,False
1948fa1664d45b5a,official_il,False,False
1948fa1664d45b5a,original_grpo_11970,False,False
6d4286f61f275489,official_il,False,False
6d4286f61f275489,original_grpo_11970,False,False
48098c8b5fc05cb9,official_il,False,False
48098c8b5fc05cb9,original_grpo_11970,False,False
7d7f0dfb999a5029,official_il,False,False
7d7f0dfb999a5029,original_grpo_11970,False,False
3e1deb4dc9735514,official_il,False,False
3e1deb4dc9735514,original_grpo_11970,False,False
fc88420a665152cf,official_il,False,False
fc88420a665152cf,original_grpo_11970,False,False
90a5addc03735547,official_il,False,False
90a5addc03735547,original_grpo_11970,False,False
bdb759691a9b529f,official_il,False,False
bdb759691a9b529f,original_grpo_11970,False,False
d603d370220653d4,official_il,False,False
d603d370220653d4,original_grpo_11970,False,False
67f0729dd17e5479,official_il,False,False
67f0729dd17e5479,original_grpo_11970,False,False
a227363964ad57e5,official_il,False,False
a227363964ad57e5,original_grpo_11970,False,False
9da261642b215968,official_il,False,False
9da261642b215968,original_grpo_11970,False,False
72a70fcfd9675748,official_il,False,False
72a70fcfd9675748,original_grpo_11970,False,False
b94ca9464ca8511a,official_il,False,False
b94ca9464ca8511a,original_grpo_11970,True,False
ce830e00e7595410,official_il,False,False
ce830e00e7595410,original_grpo_11970,False,False
2ed3cd4f708f5cf4,official_il,False,False
2ed3cd4f708f5cf4,original_grpo_11970,False,False
49c25738ad915fbe,official_il,False,False
49c25738ad915fbe,original_grpo_11970,False,False
7f3e5d9e35e25008,official_il,False,False
7f3e5d9e35e25008,original_grpo_11970,False,False
ca2020fb09415d89,official_il,False,False
ca2020fb09415d89,original_grpo_11970,False,False
0010ad0f3e78523a,official_il,False,False
0010ad0f3e78523a,original_grpo_11970,False,False
8e22c4f6ebb95ec9,official_il,False,False
8e22c4f6ebb95ec9,original_grpo_11970,False,False
19e421c9b82b5284,official_il,False,False
19e421c9b82b5284,original_grpo_11970,False,False
0a00a3fd74be5b02,official_il,False,False
0a00a3fd74be5b02,original_grpo_11970,False,False
78e1f5af41bf5fd2,official_il,False,False
78e1f5af41bf5fd2,original_grpo_11970,False,False
391a8b97393258f8,official_il,False,False
391a8b97393258f8,original_grpo_11970,False,False
0b05121bb71a5bf3,official_il,False,False
0b05121bb71a5bf3,original_grpo_11970,False,False
0b9022fbfd1d5067,official_il,False,False
0b9022fbfd1d5067,original_grpo_11970,False,False
3966c86b94a357bf,official_il,False,False
3966c86b94a357bf,original_grpo_11970,False,False
0dad8b0db4a3553e,official_il,False,False
0dad8b0db4a3553e,original_grpo_11970,False,False
bc736eb7b8835f1c,official_il,False,False
bc736eb7b8835f1c,original_grpo_11970,False,False
167801af3de3504a,official_il,False,False
167801af3de3504a,original_grpo_11970,False,False
fc91cea18ec751fd,official_il,False,True
fc91cea18ec751fd,original_grpo_11970,False,True
b8f4ce9715995c10,official_il,False,False
b8f4ce9715995c10,original_grpo_11970,False,False
c113b4334b6b5f5c,official_il,False,False
c113b4334b6b5f5c,original_grpo_11970,False,False
e480e93fad7058e3,official_il,False,False
e480e93fad7058e3,original_grpo_11970,False,False
77b8d3505cd053bc,official_il,False,False
77b8d3505cd053bc,original_grpo_11970,False,False
3a758276b1bc5d95,official_il,False,False
3a758276b1bc5d95,original_grpo_11970,False,False
ce40c2586f345fef,official_il,False,False
ce40c2586f345fef,original_grpo_11970,False,False
8bf42f340d7454d7,official_il,False,False
8bf42f340d7454d7,original_grpo_11970,False,False
091d48b63e6d51db,official_il,False,False
091d48b63e6d51db,original_grpo_11970,False,False
1ee0208eada65bc2,official_il,False,False
1ee0208eada65bc2,original_grpo_11970,False,False
941accc15c7a51c1,official_il,False,False
941accc15c7a51c1,original_grpo_11970,False,False
204d0a76a8a85b4d,official_il,False,False
204d0a76a8a85b4d,original_grpo_11970,False,False
cbe272a45cb95491,official_il,False,False
cbe272a45cb95491,original_grpo_11970,True,False
2877c4a4aa82564d,official_il,False,False
2877c4a4aa82564d,original_grpo_11970,False,False
ac0f17bedbb1583f,official_il,False,False
ac0f17bedbb1583f,original_grpo_11970,False,False
d4fd8a4edf25510c,official_il,False,False
d4fd8a4edf25510c,original_grpo_11970,False,False
cf79cbd3faec5209,official_il,False,False
cf79cbd3faec5209,original_grpo_11970,False,False
44800c7cedf65bd3,official_il,False,False
44800c7cedf65bd3,original_grpo_11970,False,False
f4be708915ed5cb0,official_il,False,False
f4be708915ed5cb0,original_grpo_11970,False,False
a3e4521123475912,official_il,False,False
a3e4521123475912,original_grpo_11970,False,False
6c7254a52c7552af,official_il,False,False
6c7254a52c7552af,original_grpo_11970,False,False
088fcfffe7765c28,official_il,False,False
088fcfffe7765c28,original_grpo_11970,False,False
59b147fa0f605e96,official_il,False,False
59b147fa0f605e96,original_grpo_11970,False,False
7a39006e3f5f533f,official_il,False,False
7a39006e3f5f533f,original_grpo_11970,False,False
baea11ec628f55f9,official_il,False,False
baea11ec628f55f9,original_grpo_11970,False,False
1ea2e83532e65530,official_il,False,False
1ea2e83532e65530,original_grpo_11970,False,False
798747b2db64576a,official_il,False,False
798747b2db64576a,original_grpo_11970,False,False
ce696b291fc858d8,official_il,False,False
ce696b291fc858d8,original_grpo_11970,False,False
a24b52e9a6bf5448,official_il,False,False
a24b52e9a6bf5448,original_grpo_11970,False,False
9213679813085dc1,official_il,False,False
9213679813085dc1,original_grpo_11970,False,False
636892c55fae50cf,official_il,False,False
636892c55fae50cf,original_grpo_11970,False,False
c08ea5553aff5427,official_il,False,False
c08ea5553aff5427,original_grpo_11970,False,False
1e8ca17971b35dc1,official_il,False,False
1e8ca17971b35dc1,original_grpo_11970,False,False
c7e38269ff645990,official_il,False,False
c7e38269ff645990,original_grpo_11970,False,False
6d9d2805993f5aea,official_il,False,False
6d9d2805993f5aea,original_grpo_11970,False,False
fb31f67afeb25466,official_il,False,False
fb31f67afeb25466,original_grpo_11970,False,False
bc4b786dff355954,official_il,False,False
bc4b786dff355954,original_grpo_11970,False,False
ee86b2455ba45c99,official_il,False,False
ee86b2455ba45c99,original_grpo_11970,False,False
d88bb97824f45871,official_il,False,False
d88bb97824f45871,original_grpo_11970,False,False
44d7b0a345505c91,official_il,False,False
44d7b0a345505c91,original_grpo_11970,False,False
e8ff17a8199354ad,official_il,False,False
e8ff17a8199354ad,original_grpo_11970,False,False
b6126e440a26514a,official_il,False,False
b6126e440a26514a,original_grpo_11970,False,False
f4b6e3abb54c5597,official_il,False,False
f4b6e3abb54c5597,original_grpo_11970,False,False
b7fad5bdc5005c50,official_il,False,False
b7fad5bdc5005c50,original_grpo_11970,False,False
c91d8037b0cc59aa,official_il,False,False
c91d8037b0cc59aa,original_grpo_11970,False,False
1b1c65e94ab35512,official_il,False,False
1b1c65e94ab35512,original_grpo_11970,False,False
4cfdcb02172250b9,official_il,False,False
4cfdcb02172250b9,original_grpo_11970,False,False
6f2b356430345a4a,official_il,False,False
6f2b356430345a4a,original_grpo_11970,False,False
4c5dd51a02915ac8,official_il,False,False
4c5dd51a02915ac8,original_grpo_11970,False,False
4b47c8b784d65056,official_il,False,False
4b47c8b784d65056,original_grpo_11970,False,False
6e83f8d20bf65250,official_il,False,False
6e83f8d20bf65250,original_grpo_11970,False,False
990cb70157ff56b7,official_il,False,False
990cb70157ff56b7,original_grpo_11970,False,False
5207aceb3f9c5f67,official_il,False,False
5207aceb3f9c5f67,original_grpo_11970,False,False
dc93d4a35c395c0a,official_il,False,False
dc93d4a35c395c0a,original_grpo_11970,False,False
45a94640641c5ed2,official_il,False,False
45a94640641c5ed2,original_grpo_11970,False,False
4fa9eec154e55b34,official_il,False,False
4fa9eec154e55b34,original_grpo_11970,False,False
f739c929cf6d5144,official_il,False,False
f739c929cf6d5144,original_grpo_11970,False,False
cfa138c3ef14544c,official_il,False,False
cfa138c3ef14544c,original_grpo_11970,False,False
8fcfb05475705b21,official_il,False,False
8fcfb05475705b21,original_grpo_11970,False,False
e278719882865882,official_il,False,False
e278719882865882,original_grpo_11970,False,False
6331fa29c20057f0,official_il,False,False
6331fa29c20057f0,original_grpo_11970,False,False
29a599642a9b51d7,official_il,False,False
29a599642a9b51d7,original_grpo_11970,False,False
837ad602c6b35b37,official_il,False,False
837ad602c6b35b37,original_grpo_11970,False,False
b1cb4293a8d15e18,official_il,False,False
b1cb4293a8d15e18,original_grpo_11970,False,False
88153c97a49159e8,official_il,False,False
88153c97a49159e8,original_grpo_11970,False,False
01a4902fb6285b63,official_il,False,False
01a4902fb6285b63,original_grpo_11970,False,False
79b951d54d7d5485,official_il,False,False
79b951d54d7d5485,original_grpo_11970,False,False
1bce9eea33a0554a,official_il,False,False
1bce9eea33a0554a,original_grpo_11970,False,False
307340241487574a,official_il,False,False
307340241487574a,original_grpo_11970,False,False
f94177f92cbd56c6,official_il,False,False
f94177f92cbd56c6,original_grpo_11970,False,False
d4895dc86da45aea,official_il,False,False
d4895dc86da45aea,original_grpo_11970,False,False
f3633b1986e1530d,official_il,False,False
f3633b1986e1530d,original_grpo_11970,False,False
af239ad663c2588c,official_il,False,False
af239ad663c2588c,original_grpo_11970,False,False
35ede594954a5fba,official_il,False,False
35ede594954a5fba,original_grpo_11970,False,False
2781dea601aa586f,official_il,False,False
2781dea601aa586f,original_grpo_11970,False,False
b589713d8b82568d,official_il,False,False
b589713d8b82568d,original_grpo_11970,False,False
3934224f93fc5a50,official_il,False,False
3934224f93fc5a50,original_grpo_11970,False,False
c2a5e43e581156fe,official_il,False,False
c2a5e43e581156fe,original_grpo_11970,False,False
9e68d7c5bb715303,official_il,False,False
9e68d7c5bb715303,original_grpo_11970,False,False
844a660d579356a0,official_il,False,False
844a660d579356a0,original_grpo_11970,False,False
8412da1283585107,official_il,False,False
8412da1283585107,original_grpo_11970,False,False
e2ebc2a9feae5ad1,official_il,False,False
e2ebc2a9feae5ad1,original_grpo_11970,False,False
d16bbd758a8b53f1,official_il,True,False
d16bbd758a8b53f1,original_grpo_11970,True,False
a7c0852f9b78559c,official_il,False,False
a7c0852f9b78559c,original_grpo_11970,True,False
bf4a549d44475401,official_il,False,False
bf4a549d44475401,original_grpo_11970,False,False
4bbb1303f0425622,official_il,False,False
4bbb1303f0425622,original_grpo_11970,False,False
b06b306d87115f4e,official_il,False,False
b06b306d87115f4e,original_grpo_11970,False,False
337bddf7250e5ffe,official_il,False,False
337bddf7250e5ffe,original_grpo_11970,False,False
bb4447c9ca325ac0,official_il,False,False
bb4447c9ca325ac0,original_grpo_11970,False,False
79c20ef68a8b5610,official_il,False,False
79c20ef68a8b5610,original_grpo_11970,False,False
a097e5e728b3567d,official_il,False,False
a097e5e728b3567d,original_grpo_11970,False,False
9eb9b728507250f1,official_il,False,False
9eb9b728507250f1,original_grpo_11970,False,False
7feee7f8724850ed,official_il,False,False
7feee7f8724850ed,original_grpo_11970,False,False
f527162b6c435387,official_il,False,False
f527162b6c435387,original_grpo_11970,False,False
045cc8c539ae5a7f,official_il,False,False
045cc8c539ae5a7f,original_grpo_11970,False,False
2d6f778cb4325d6d,official_il,False,False
2d6f778cb4325d6d,original_grpo_11970,False,False
118cde2524ce54b9,official_il,False,False
118cde2524ce54b9,original_grpo_11970,False,False
2b3356c96ccf5f13,official_il,False,False
2b3356c96ccf5f13,original_grpo_11970,False,False
03ef20f75f375a5b,official_il,False,False
03ef20f75f375a5b,original_grpo_11970,False,False
f0a2ff2856695487,official_il,False,False
f0a2ff2856695487,original_grpo_11970,False,False
9490bf6aafe555b5,official_il,False,False
9490bf6aafe555b5,original_grpo_11970,False,False
f7e0b4977abf5db7,official_il,False,False
f7e0b4977abf5db7,original_grpo_11970,False,False
4e01d3cb89ef59f7,official_il,False,False
4e01d3cb89ef59f7,original_grpo_11970,False,False
ffcf01f165c85fa5,official_il,False,False
ffcf01f165c85fa5,original_grpo_11970,False,False
a584a67a253c5663,official_il,False,False
a584a67a253c5663,original_grpo_11970,False,False
0c1cca151a2e50eb,official_il,False,False
0c1cca151a2e50eb,original_grpo_11970,False,False
b487562bc2095bbf,official_il,False,False
b487562bc2095bbf,original_grpo_11970,False,True
9eef4d4a8fbe508d,official_il,False,False
9eef4d4a8fbe508d,original_grpo_11970,False,False
e9a35ab6d4675772,official_il,False,False
e9a35ab6d4675772,original_grpo_11970,False,False
fa6f47efe8845854,official_il,False,False
fa6f47efe8845854,original_grpo_11970,False,False
93ac13b411ad581f,official_il,False,False
93ac13b411ad581f,original_grpo_11970,False,False
14975b337656504a,official_il,False,False
14975b337656504a,original_grpo_11970,False,False
d37a1deb5d7c555f,official_il,False,False
d37a1deb5d7c555f,original_grpo_11970,False,False
6eacb2ac67b6551f,official_il,False,False
6eacb2ac67b6551f,original_grpo_11970,True,False
1b701bf4dbd052cf,official_il,False,False
1b701bf4dbd052cf,original_grpo_11970,False,False
fb1bf455749855fe,official_il,False,False
fb1bf455749855fe,original_grpo_11970,False,False
f058380512ac5a14,official_il,True,False
f058380512ac5a14,original_grpo_11970,True,False
629f18b3f98650c7,official_il,False,False
629f18b3f98650c7,original_grpo_11970,False,False
b03caff3e9d553c3,official_il,False,False
b03caff3e9d553c3,original_grpo_11970,False,False
c593abd8ca5954c7,official_il,False,False
c593abd8ca5954c7,original_grpo_11970,False,False
bfb27edb63525cf7,official_il,False,False
bfb27edb63525cf7,original_grpo_11970,False,False
959bfad0d5ff5353,official_il,False,False
959bfad0d5ff5353,original_grpo_11970,False,False
751662b7a38a5704,official_il,False,False
751662b7a38a5704,original_grpo_11970,False,False
60d9308f58a45d43,official_il,False,False
60d9308f58a45d43,original_grpo_11970,False,False
e268ff4ce6c4530d,official_il,False,False
e268ff4ce6c4530d,original_grpo_11970,False,False
dde362cc76ad58ea,official_il,False,False
dde362cc76ad58ea,original_grpo_11970,False,False
60cf2400e11d58ce,official_il,False,False
60cf2400e11d58ce,original_grpo_11970,False,False
8421977a60985090,official_il,False,False
8421977a60985090,original_grpo_11970,False,False
9b08a17a59cc5e17,official_il,True,False
9b08a17a59cc5e17,original_grpo_11970,True,False
eaf51daa729458d2,official_il,False,False
eaf51daa729458d2,original_grpo_11970,False,False
2d5439eb1e83573e,official_il,False,False
2d5439eb1e83573e,original_grpo_11970,False,False
b30aa0fdf9fb57a5,official_il,False,False
b30aa0fdf9fb57a5,original_grpo_11970,False,False
2a773495aec4576c,official_il,False,False
2a773495aec4576c,original_grpo_11970,False,False
aa1836b8d5905d63,official_il,False,False
aa1836b8d5905d63,original_grpo_11970,False,False
3294e7051be454f3,official_il,False,False
3294e7051be454f3,original_grpo_11970,False,False
3c9120dcc9565418,official_il,False,False
3c9120dcc9565418,original_grpo_11970,False,False
e4678b9b276850fc,official_il,False,False
e4678b9b276850fc,original_grpo_11970,False,False
31fa5897fdd85e73,official_il,False,False
31fa5897fdd85e73,original_grpo_11970,False,False
c23040c481925fee,official_il,False,False
c23040c481925fee,original_grpo_11970,False,False
7061953f8e1c5be5,official_il,False,False
7061953f8e1c5be5,original_grpo_11970,False,False
533baa0339fd56f5,official_il,False,False
533baa0339fd56f5,original_grpo_11970,False,False
9fd4848ee731596e,official_il,False,False
9fd4848ee731596e,original_grpo_11970,False,False
5b2041221efb5809,official_il,False,False
5b2041221efb5809,original_grpo_11970,False,False
2533671fb5a05c8f,official_il,False,False
2533671fb5a05c8f,original_grpo_11970,False,False
433d47c0850c50cf,official_il,False,False
433d47c0850c50cf,original_grpo_11970,False,False
e0b6be46d7cb5070,official_il,False,False
e0b6be46d7cb5070,original_grpo_11970,False,False
26599ae748b45661,official_il,False,False
26599ae748b45661,original_grpo_11970,False,False
373b48e630b15ff5,official_il,False,False
373b48e630b15ff5,original_grpo_11970,False,False
9eb0afc99d1251f7,official_il,False,False
9eb0afc99d1251f7,original_grpo_11970,False,False
f0ad8f6cb73a59fb,official_il,False,False
f0ad8f6cb73a59fb,original_grpo_11970,False,False
a2395a4d8a9f5dee,official_il,False,False
a2395a4d8a9f5dee,original_grpo_11970,False,False
6c84bfd4bde25ef2,official_il,False,False
6c84bfd4bde25ef2,original_grpo_11970,False,False
ee2baaa7aa1053da,official_il,False,False
ee2baaa7aa1053da,original_grpo_11970,False,False
776d534650cf5330,official_il,False,False
776d534650cf5330,original_grpo_11970,False,False
f6a6fb6486415c54,official_il,False,False
f6a6fb6486415c54,original_grpo_11970,True,False
5c0040ea1fe2508b,official_il,False,False
5c0040ea1fe2508b,original_grpo_11970,False,False
406319c121cd563c,official_il,False,False
406319c121cd563c,original_grpo_11970,False,False
3fdefaa695de53ce,official_il,False,False
3fdefaa695de53ce,original_grpo_11970,False,False
1825a19fa0f75677,official_il,False,False
1825a19fa0f75677,original_grpo_11970,False,False
d9b0f4e570a5572c,official_il,False,False
d9b0f4e570a5572c,original_grpo_11970,False,False
9a4b00e867fc591d,official_il,False,False
9a4b00e867fc591d,original_grpo_11970,False,False
246f33932263531c,official_il,False,False
246f33932263531c,original_grpo_11970,False,False
8cc815c62f885932,official_il,False,False
8cc815c62f885932,original_grpo_11970,False,False
cf2b72f499575a0e,official_il,False,False
cf2b72f499575a0e,original_grpo_11970,False,False
75c04050c60d5bcb,official_il,False,False
75c04050c60d5bcb,original_grpo_11970,False,False
b9a447ab7fff5abb,official_il,False,False
b9a447ab7fff5abb,original_grpo_11970,False,False
b2c734d8385c5b52,official_il,False,False
b2c734d8385c5b52,original_grpo_11970,False,False
4459cb661b4c56ca,official_il,False,False
4459cb661b4c56ca,original_grpo_11970,False,False
d6fe5ea78c11502a,official_il,False,False
d6fe5ea78c11502a,original_grpo_11970,False,False
bec24b3e174c5efe,official_il,False,False
bec24b3e174c5efe,original_grpo_11970,False,False
0ac8e7379a575bb6,official_il,False,False
0ac8e7379a575bb6,original_grpo_11970,False,False
98b2f22c913654d5,official_il,False,True
98b2f22c913654d5,original_grpo_11970,False,True
9c4a395b502b50ff,official_il,False,False
9c4a395b502b50ff,original_grpo_11970,False,False
bf013db6cfc35f1b,official_il,False,False
bf013db6cfc35f1b,original_grpo_11970,False,False
43e888627bb95b52,official_il,False,False
43e888627bb95b52,original_grpo_11970,False,False
93f477b103695d36,official_il,False,False
93f477b103695d36,original_grpo_11970,False,False
853dcad0c9035357,official_il,False,False
853dcad0c9035357,original_grpo_11970,False,False
2f36e629c63d5228,official_il,False,False
2f36e629c63d5228,original_grpo_11970,False,False
a259ae1b32cd5d25,official_il,False,False
a259ae1b32cd5d25,original_grpo_11970,False,False
d2a0f7df31075214,official_il,False,False
d2a0f7df31075214,original_grpo_11970,False,False
1483bb7a2ed6598c,official_il,False,False
1483bb7a2ed6598c,original_grpo_11970,False,False
8a6b1243a5395813,official_il,False,False
8a6b1243a5395813,original_grpo_11970,False,False
1883acc78e185cb3,official_il,False,False
1883acc78e185cb3,original_grpo_11970,False,False
17b39de765ee5c88,official_il,False,False
17b39de765ee5c88,original_grpo_11970,False,False
2cdbdd95aaba57f0,official_il,False,False
2cdbdd95aaba57f0,original_grpo_11970,False,False
165b9f05ff9054c7,official_il,False,False
165b9f05ff9054c7,original_grpo_11970,False,False
ed2db59d29f454d1,official_il,False,False
ed2db59d29f454d1,original_grpo_11970,False,False
a5d332bb1b495f51,official_il,False,False
a5d332bb1b495f51,original_grpo_11970,False,False
35ba333ff07f5ce5,official_il,False,False
35ba333ff07f5ce5,original_grpo_11970,False,False
14410cf4f23558bb,official_il,False,False
14410cf4f23558bb,original_grpo_11970,False,False
05facd6ae2ea5ca3,official_il,False,False
05facd6ae2ea5ca3,original_grpo_11970,False,False
0f0ce770203d553c,official_il,False,False
0f0ce770203d553c,original_grpo_11970,False,False
c790ae7156555db4,official_il,False,False
c790ae7156555db4,original_grpo_11970,False,False
4837c81425c65f5a,official_il,False,False
4837c81425c65f5a,original_grpo_11970,False,False
faa7306f73bc5229,official_il,False,False
faa7306f73bc5229,original_grpo_11970,False,False
a345578f064652ab,official_il,False,False
a345578f064652ab,original_grpo_11970,False,False
c245976028505188,official_il,True,False
c245976028505188,original_grpo_11970,True,False
ea963d5373bd5a56,official_il,False,False
ea963d5373bd5a56,original_grpo_11970,False,False
ed6b1b2423725d7d,official_il,False,True
ed6b1b2423725d7d,original_grpo_11970,False,True
2f39722cf64e5b42,official_il,False,False
2f39722cf64e5b42,original_grpo_11970,False,False
19e694e235055629,official_il,False,False
19e694e235055629,original_grpo_11970,False,False
e831286faaf85d90,official_il,False,False
e831286faaf85d90,original_grpo_11970,False,True
8cbd2185c1b5505e,official_il,False,False
8cbd2185c1b5505e,original_grpo_11970,False,False
030c5e8b29875c7e,official_il,False,False
030c5e8b29875c7e,original_grpo_11970,False,False
39512b5a7d605222,official_il,True,False
39512b5a7d605222,original_grpo_11970,True,False
72c6f8d2d82c5417,official_il,False,False
72c6f8d2d82c5417,original_grpo_11970,False,False
8eb90a8b9e3c5894,official_il,False,False
8eb90a8b9e3c5894,original_grpo_11970,False,False
6e50e8721dff5b8a,official_il,False,False
6e50e8721dff5b8a,original_grpo_11970,False,False
f933df5d4d2c5534,official_il,False,False
f933df5d4d2c5534,original_grpo_11970,False,False
e89f44dc35f1546d,official_il,False,False
e89f44dc35f1546d,original_grpo_11970,False,False
f9f7ef0790385947,official_il,False,False
f9f7ef0790385947,original_grpo_11970,False,False
d7770f7ea8975821,official_il,False,False
d7770f7ea8975821,original_grpo_11970,False,False
792ef318b489595e,official_il,False,False
792ef318b489595e,original_grpo_11970,False,False
4fccb2fef53c5676,official_il,False,False
4fccb2fef53c5676,original_grpo_11970,False,False
8594fa70a081513c,official_il,False,False
8594fa70a081513c,original_grpo_11970,False,False
277dcf757f175527,official_il,False,False
277dcf757f175527,original_grpo_11970,False,False
23a3b46d4b615b3f,official_il,False,False
23a3b46d4b615b3f,original_grpo_11970,False,False
f76ceb3448f95ad4,official_il,False,False
f76ceb3448f95ad4,original_grpo_11970,True,False
32a29fc3c2a0559f,official_il,False,False
32a29fc3c2a0559f,original_grpo_11970,False,False
fff60e331725578d,official_il,False,False
fff60e331725578d,original_grpo_11970,False,False
f08bc12bd75855d1,official_il,False,False
f08bc12bd75855d1,original_grpo_11970,False,False
6ffe2579c1af504d,official_il,False,False
6ffe2579c1af504d,original_grpo_11970,False,False
2e5ffa05e7c95d91,official_il,False,False
2e5ffa05e7c95d91,original_grpo_11970,False,False
4052173b73265b77,official_il,False,False
4052173b73265b77,original_grpo_11970,False,False
6bede658f0495164,official_il,False,False
6bede658f0495164,original_grpo_11970,False,False
67aa6ab8680255d2,official_il,False,False
67aa6ab8680255d2,original_grpo_11970,False,False
c0073971b00c5421,official_il,False,False
c0073971b00c5421,original_grpo_11970,False,False
8342a99720a65aa3,official_il,False,False
8342a99720a65aa3,original_grpo_11970,False,False
2519a0566e365977,official_il,False,False
2519a0566e365977,original_grpo_11970,False,False
72183b188e7c52bd,official_il,False,False
72183b188e7c52bd,original_grpo_11970,False,False
7145b2ef2c495eb9,official_il,False,False
7145b2ef2c495eb9,original_grpo_11970,False,False
3ba7496bfe0a5bfc,official_il,False,False
3ba7496bfe0a5bfc,original_grpo_11970,False,False
ce0220255a2d5e6b,official_il,False,False
ce0220255a2d5e6b,original_grpo_11970,False,False
17958e96c614524e,official_il,False,False
17958e96c614524e,original_grpo_11970,False,False
52fa5e315109530c,official_il,False,False
52fa5e315109530c,original_grpo_11970,False,False
ac40d86cd23455df,official_il,False,False
ac40d86cd23455df,original_grpo_11970,False,False
91b9943ef44f5f42,official_il,False,False
91b9943ef44f5f42,original_grpo_11970,False,False
cef875634f7d59a5,official_il,False,False
cef875634f7d59a5,original_grpo_11970,False,False
24891f52ea7454fc,official_il,False,False
24891f52ea7454fc,original_grpo_11970,False,False
01783a9e8d8d5c0b,official_il,False,False
01783a9e8d8d5c0b,original_grpo_11970,False,False
7454d30c6fce589b,official_il,False,False
7454d30c6fce589b,original_grpo_11970,False,False
5f963b1d03305d8b,official_il,False,False
5f963b1d03305d8b,original_grpo_11970,False,False
c155bbd660b15026,official_il,False,False
c155bbd660b15026,original_grpo_11970,False,False
f76eca5ca3365b10,official_il,False,False
f76eca5ca3365b10,original_grpo_11970,False,False
fedeace8ee535132,official_il,False,False
fedeace8ee535132,original_grpo_11970,False,False
b6f9e0d3079451ff,official_il,False,False
b6f9e0d3079451ff,original_grpo_11970,False,False
9a201c7a6a7d513c,official_il,False,False
9a201c7a6a7d513c,original_grpo_11970,False,False
654c53918874555c,official_il,False,False
654c53918874555c,original_grpo_11970,False,False
25c6ef7d657159ba,official_il,False,False
25c6ef7d657159ba,original_grpo_11970,False,False
d58ad678e69652ad,official_il,False,False
d58ad678e69652ad,original_grpo_11970,False,False
cffa3209eaf85673,official_il,False,False
cffa3209eaf85673,original_grpo_11970,False,False
05d064fbefaa59ff,official_il,False,False
05d064fbefaa59ff,original_grpo_11970,True,False
8d43d46d64685433,official_il,False,False
8d43d46d64685433,original_grpo_11970,False,False
1be1f32140bb521a,official_il,False,False
1be1f32140bb521a,original_grpo_11970,False,False
6559e3a934ba5e65,official_il,False,False
6559e3a934ba5e65,original_grpo_11970,False,False
87924321c1a559cb,official_il,False,False
87924321c1a559cb,original_grpo_11970,False,False
2f43e6877b1a5a0c,official_il,False,False
2f43e6877b1a5a0c,original_grpo_11970,False,False
1b74501b56085ec0,official_il,False,False
1b74501b56085ec0,original_grpo_11970,False,False
b29db917c033535d,official_il,False,False
b29db917c033535d,original_grpo_11970,False,False
bb83349272525237,official_il,False,False
bb83349272525237,original_grpo_11970,False,False
48eb1ac181405aa8,official_il,False,False
48eb1ac181405aa8,original_grpo_11970,False,False
7c744ca5097f51ac,official_il,False,False
7c744ca5097f51ac,original_grpo_11970,False,False
08d60831eb6153df,official_il,False,False
08d60831eb6153df,original_grpo_11970,False,False
c395c491f8745452,official_il,False,False
c395c491f8745452,original_grpo_11970,False,False
ac1dc2728b9757c0,official_il,False,False
ac1dc2728b9757c0,original_grpo_11970,False,False
ef0b845287d85fbf,official_il,False,False
ef0b845287d85fbf,original_grpo_11970,False,False
ce34d2f92a195ba9,official_il,False,False
ce34d2f92a195ba9,original_grpo_11970,False,False
14e1dc9b53ac59af,official_il,False,False
14e1dc9b53ac59af,original_grpo_11970,False,False
d3b971dffecf57bd,official_il,False,False
d3b971dffecf57bd,original_grpo_11970,False,False
e32fb589cfc952f5,official_il,True,False
e32fb589cfc952f5,original_grpo_11970,True,False
911d8fde4ee75a0b,official_il,False,False
911d8fde4ee75a0b,original_grpo_11970,False,False
2f7dd3de66fe5a88,official_il,False,True
2f7dd3de66fe5a88,original_grpo_11970,False,True
ddfe5c8588895bbe,official_il,False,False
ddfe5c8588895bbe,original_grpo_11970,False,False
786f40794c6a5bad,official_il,False,False
786f40794c6a5bad,original_grpo_11970,False,False
871e9fe6dbe35771,official_il,False,False
871e9fe6dbe35771,original_grpo_11970,False,False
4c9a6bff8b985eba,official_il,False,False
4c9a6bff8b985eba,original_grpo_11970,False,False
b802ee5e3e2f5a8e,official_il,False,False
b802ee5e3e2f5a8e,original_grpo_11970,False,False
4fec507ee1105c1d,official_il,False,False
4fec507ee1105c1d,original_grpo_11970,False,False
035715cb61c154f7,official_il,False,False
035715cb61c154f7,original_grpo_11970,False,False
2d5b9606ac56532f,official_il,False,False
2d5b9606ac56532f,original_grpo_11970,False,False
aa4397d44ce25523,official_il,False,False
aa4397d44ce25523,original_grpo_11970,False,False
ea91804090595aeb,official_il,True,False
ea91804090595aeb,original_grpo_11970,False,False
97c4ad3c778251dd,official_il,False,False
97c4ad3c778251dd,original_grpo_11970,False,False
fa14485de2ea5528,official_il,False,False
fa14485de2ea5528,original_grpo_11970,False,False
95d979bbb6cf5988,official_il,False,False
95d979bbb6cf5988,original_grpo_11970,False,False
7ad850f27d24515c,official_il,False,False
7ad850f27d24515c,original_grpo_11970,False,False
7dc945c216b45588,official_il,True,False
7dc945c216b45588,original_grpo_11970,True,False
8d65c3ee27c55f7a,official_il,False,False
8d65c3ee27c55f7a,original_grpo_11970,False,False
826a44c70ae45643,official_il,False,False
826a44c70ae45643,original_grpo_11970,False,False
7806b030f6a65910,official_il,False,False
7806b030f6a65910,original_grpo_11970,False,False
8e7913e8ae3253ef,official_il,False,False
8e7913e8ae3253ef,original_grpo_11970,False,False
38c0288562d15b02,official_il,False,False
38c0288562d15b02,original_grpo_11970,False,False
c2da205f119653d8,official_il,False,False
c2da205f119653d8,original_grpo_11970,False,False
b5c5c0ec81ee51dc,official_il,False,False
b5c5c0ec81ee51dc,original_grpo_11970,False,False
14013d589e0c5648,official_il,False,False
14013d589e0c5648,original_grpo_11970,False,False
5f98c867f13b5ce6,official_il,False,False
5f98c867f13b5ce6,original_grpo_11970,False,False
3cd73c8197e65145,official_il,False,False
3cd73c8197e65145,original_grpo_11970,False,False
007a406628cb5426,official_il,False,False
007a406628cb5426,original_grpo_11970,False,False
99b6ea080cec5fea,official_il,False,False
99b6ea080cec5fea,original_grpo_11970,False,False
ae823434420a552b,official_il,False,False
ae823434420a552b,original_grpo_11970,False,False
c799f809865d5cb5,official_il,False,False
c799f809865d5cb5,original_grpo_11970,False,False
81a2fe067d675f41,official_il,False,False
81a2fe067d675f41,original_grpo_11970,False,False
6f85bae6c9e25715,official_il,False,False
6f85bae6c9e25715,original_grpo_11970,False,False
9bb17405214950de,official_il,False,True
9bb17405214950de,original_grpo_11970,False,True
1735bd6a081a50a7,official_il,False,False
1735bd6a081a50a7,original_grpo_11970,False,False
88c29e342eb35298,official_il,False,False
88c29e342eb35298,original_grpo_11970,False,False
599a352a41ed5743,official_il,False,True
599a352a41ed5743,original_grpo_11970,False,True
0e4aa3ac90735aa8,official_il,False,False
0e4aa3ac90735aa8,original_grpo_11970,False,False
08c0a26405bb5539,official_il,False,False
08c0a26405bb5539,original_grpo_11970,False,False
517f1f743ef65de6,official_il,False,False
517f1f743ef65de6,original_grpo_11970,False,False
748fc544003b569b,official_il,False,False
748fc544003b569b,original_grpo_11970,False,False
22ee6d93e6f857a6,official_il,False,False
22ee6d93e6f857a6,original_grpo_11970,False,False
42d0ebfe280c51d8,official_il,False,False
42d0ebfe280c51d8,original_grpo_11970,False,False
3911c04d05975fd7,official_il,False,False
3911c04d05975fd7,original_grpo_11970,False,False
1d14b5687b1a503f,official_il,False,False
1d14b5687b1a503f,original_grpo_11970,False,False
c228a52673845f1f,official_il,False,False
c228a52673845f1f,original_grpo_11970,True,False
f42018556b25565d,official_il,False,False
f42018556b25565d,original_grpo_11970,False,True
75c3f43863695474,official_il,True,False
75c3f43863695474,original_grpo_11970,True,False
5bca03887dcf5725,official_il,False,False
5bca03887dcf5725,original_grpo_11970,False,False
22ae4f81227d5232,official_il,False,False
22ae4f81227d5232,original_grpo_11970,False,False
2e484cd312875e75,official_il,False,False
2e484cd312875e75,original_grpo_11970,False,False
c4db6077608c541e,official_il,True,False
c4db6077608c541e,original_grpo_11970,True,False
3e1611f2fc885c85,official_il,False,False
3e1611f2fc885c85,original_grpo_11970,False,False
88fc19776867535c,official_il,False,False
88fc19776867535c,original_grpo_11970,False,False
322f787918dd5d13,official_il,False,False
322f787918dd5d13,original_grpo_11970,False,False
d7e3a56d63e2592f,official_il,False,False
d7e3a56d63e2592f,original_grpo_11970,False,False
be404638162159ce,official_il,False,False
be404638162159ce,original_grpo_11970,False,True
ae0c0121c32e5e5c,official_il,False,False
ae0c0121c32e5e5c,original_grpo_11970,False,False
8a4c999adef05ad7,official_il,False,False
8a4c999adef05ad7,original_grpo_11970,False,False
35e86cf9b59a53bd,official_il,False,False
35e86cf9b59a53bd,original_grpo_11970,False,False
e98d2e6f6aec59a2,official_il,False,False
e98d2e6f6aec59a2,original_grpo_11970,False,False
637eaf0fc05d5195,official_il,False,True
637eaf0fc05d5195,original_grpo_11970,False,True
d641b44298bd5593,official_il,False,False
d641b44298bd5593,original_grpo_11970,False,False
59a9acb710305c9b,official_il,False,False
59a9acb710305c9b,original_grpo_11970,False,False
243dd93a4cbf5bb8,official_il,False,False
243dd93a4cbf5bb8,original_grpo_11970,False,False
5152dfff6bfe5ef8,official_il,False,False
5152dfff6bfe5ef8,original_grpo_11970,False,False
43f9b6a368d55120,official_il,False,False
43f9b6a368d55120,original_grpo_11970,False,False
484ca5f59cea5107,official_il,False,False
484ca5f59cea5107,original_grpo_11970,False,False
1959218156ea5419,official_il,False,False
1959218156ea5419,original_grpo_11970,False,False
bb9ec888a5c653d7,official_il,False,False
bb9ec888a5c653d7,original_grpo_11970,False,False
9566639cb3aa5ca4,official_il,False,False
9566639cb3aa5ca4,original_grpo_11970,False,False
8b505fdf387d59a1,official_il,False,False
8b505fdf387d59a1,original_grpo_11970,False,False
50383c2668b25dfd,official_il,False,False
50383c2668b25dfd,original_grpo_11970,False,False
911c55844f4f5b2d,official_il,False,False
911c55844f4f5b2d,original_grpo_11970,False,False
8d264925810d5b7b,official_il,False,False
8d264925810d5b7b,original_grpo_11970,False,False
264a4c5178d755a5,official_il,False,False
264a4c5178d755a5,original_grpo_11970,False,False
2522fc4150035da3,official_il,False,False
2522fc4150035da3,original_grpo_11970,False,False
b173be8aaefe5c77,official_il,False,False
b173be8aaefe5c77,original_grpo_11970,False,False
edd6c39199725843,official_il,False,False
edd6c39199725843,original_grpo_11970,False,False
f702092bda145bb8,official_il,False,False
f702092bda145bb8,original_grpo_11970,False,False
b208a5342efe5b99,official_il,False,False
b208a5342efe5b99,original_grpo_11970,False,False
4ee62d326ea85fd2,official_il,False,False
4ee62d326ea85fd2,original_grpo_11970,False,False
ca429d7ce0f45df2,official_il,False,False
ca429d7ce0f45df2,original_grpo_11970,False,False
b687122297bb5ca3,official_il,False,False
b687122297bb5ca3,original_grpo_11970,False,False
dd826aa071255d6e,official_il,False,False
dd826aa071255d6e,original_grpo_11970,False,False
29528ac395aa52f2,official_il,False,False
29528ac395aa52f2,original_grpo_11970,False,False
37d427fa2db45dd9,official_il,False,False
37d427fa2db45dd9,original_grpo_11970,False,False
41fdb68baa45579e,official_il,False,False
41fdb68baa45579e,original_grpo_11970,False,False
eb2a84accc2653c9,official_il,False,False
eb2a84accc2653c9,original_grpo_11970,False,False
8b1f98b186195469,official_il,False,False
8b1f98b186195469,original_grpo_11970,False,False
b330730447aa5cfe,official_il,False,False
b330730447aa5cfe,original_grpo_11970,False,False
92fa8879d42258b9,official_il,False,False
92fa8879d42258b9,original_grpo_11970,False,False
ca92351e232654f4,official_il,False,False
ca92351e232654f4,original_grpo_11970,False,False
cf819edce2f65544,official_il,False,False
cf819edce2f65544,original_grpo_11970,False,False
40a678ab6ece5787,official_il,False,False
40a678ab6ece5787,original_grpo_11970,False,False
ad75b78d53355c5d,official_il,False,False
ad75b78d53355c5d,original_grpo_11970,False,False
eaa8f13b571a5592,official_il,False,False
eaa8f13b571a5592,original_grpo_11970,False,False
9385df43047c5753,official_il,False,False
9385df43047c5753,original_grpo_11970,False,False
ea4fcecdc1f552a0,official_il,False,False
ea4fcecdc1f552a0,original_grpo_11970,False,False
ac0fdacea9b6590d,official_il,False,False
ac0fdacea9b6590d,original_grpo_11970,False,False
5412396504995e1a,official_il,False,False
5412396504995e1a,original_grpo_11970,False,False
15ae11723e805314,official_il,False,False
15ae11723e805314,original_grpo_11970,False,False
80955d46c27752ad,official_il,False,False
80955d46c27752ad,original_grpo_11970,False,False
97eb5df0f708582e,official_il,False,False
97eb5df0f708582e,original_grpo_11970,False,False
84d86e0b408b5c94,official_il,False,False
84d86e0b408b5c94,original_grpo_11970,False,False
6cf99b09094d51ec,official_il,False,False
6cf99b09094d51ec,original_grpo_11970,False,False
7f7cdfd2bf735dcc,official_il,False,False
7f7cdfd2bf735dcc,original_grpo_11970,False,False
d4dbb89a9cfc5ec8,official_il,False,False
d4dbb89a9cfc5ec8,original_grpo_11970,False,False
b51075d8ce2c52bd,official_il,False,False
b51075d8ce2c52bd,original_grpo_11970,False,False
3b2b5353c7da5cde,official_il,False,False
3b2b5353c7da5cde,original_grpo_11970,False,False
b83d424bd5065b82,official_il,False,False
b83d424bd5065b82,original_grpo_11970,False,False
374144c2dc3055ea,official_il,False,False
374144c2dc3055ea,original_grpo_11970,False,False
33a385ca49d55a03,official_il,False,False
33a385ca49d55a03,original_grpo_11970,False,False
851806dd87395ba2,official_il,False,False
851806dd87395ba2,original_grpo_11970,False,False
8a7909fc10c3568b,official_il,False,False
8a7909fc10c3568b,original_grpo_11970,False,False
75810017ce7c5729,official_il,False,False
75810017ce7c5729,original_grpo_11970,False,False
e00b8e32d0385872,official_il,False,False
e00b8e32d0385872,original_grpo_11970,False,False
a0aedbd1bd2f540a,official_il,False,False
a0aedbd1bd2f540a,original_grpo_11970,False,False
5d993b0c6f4d51ad,official_il,False,False
5d993b0c6f4d51ad,original_grpo_11970,False,False
a493421cf4b3502d,official_il,False,False
a493421cf4b3502d,original_grpo_11970,False,False
43dd5475dbcf5666,official_il,False,False
43dd5475dbcf5666,original_grpo_11970,False,False
260cfa30c91c5130,official_il,False,False
260cfa30c91c5130,original_grpo_11970,False,False
d2e092fee1695add,official_il,False,True
d2e092fee1695add,original_grpo_11970,False,True
98d9d03eacbe5ed0,official_il,False,False
98d9d03eacbe5ed0,original_grpo_11970,False,False
42092d4cca475f91,official_il,False,False
42092d4cca475f91,original_grpo_11970,False,False
102435593589501f,official_il,False,False
102435593589501f,original_grpo_11970,False,False
0addaba53f7f5609,official_il,False,False
0addaba53f7f5609,original_grpo_11970,False,False
62578dd2216c596e,official_il,False,False
62578dd2216c596e,original_grpo_11970,False,False
a83b8118701c5da8,official_il,False,False
a83b8118701c5da8,original_grpo_11970,False,False
501e528f97e651db,official_il,False,False
501e528f97e651db,original_grpo_11970,False,False
df9f7a0a115a592a,official_il,False,False
df9f7a0a115a592a,original_grpo_11970,False,False
4dc71b41533d5752,official_il,False,False
4dc71b41533d5752,original_grpo_11970,False,False
e04f3c12cdcd5923,official_il,False,False
e04f3c12cdcd5923,original_grpo_11970,False,False
7fe285e9bb2f5ce4,official_il,False,False
7fe285e9bb2f5ce4,original_grpo_11970,False,False
b01e6b74c5255de2,official_il,False,False
b01e6b74c5255de2,original_grpo_11970,False,False
dc10308c979b56ca,official_il,False,False
dc10308c979b56ca,original_grpo_11970,False,False
b3b02d7b22225e93,official_il,False,False
b3b02d7b22225e93,original_grpo_11970,False,False
50bd146c3f2c5629,official_il,False,False
50bd146c3f2c5629,original_grpo_11970,False,False
4f78170160295094,official_il,False,False
4f78170160295094,original_grpo_11970,False,False
c845e1c821925515,official_il,False,True
c845e1c821925515,original_grpo_11970,False,True
bc1e4062550f5650,official_il,False,False
bc1e4062550f5650,original_grpo_11970,False,False
a68a0e0d6d025d49,official_il,False,False
a68a0e0d6d025d49,original_grpo_11970,False,False
86308671ae31543e,official_il,False,False
86308671ae31543e,original_grpo_11970,False,False
30e32641674c5576,official_il,False,False
30e32641674c5576,original_grpo_11970,False,False
4e45fbe9f62850a0,official_il,False,False
4e45fbe9f62850a0,original_grpo_11970,False,False
7ca89e7cfaca575a,official_il,True,False
7ca89e7cfaca575a,original_grpo_11970,False,False
6e0c6932ed8457d5,official_il,False,False
6e0c6932ed8457d5,original_grpo_11970,False,False
da326f6b120457c8,official_il,False,False
da326f6b120457c8,original_grpo_11970,False,False
f3e33aea8e695608,official_il,False,False
f3e33aea8e695608,original_grpo_11970,False,False
7f9465e23af15b69,official_il,False,False
7f9465e23af15b69,original_grpo_11970,False,False
8fa233076c5458f6,official_il,False,False
8fa233076c5458f6,original_grpo_11970,False,False
6bc29809e6645e64,official_il,False,False
6bc29809e6645e64,original_grpo_11970,False,False
a374431f07c751c4,official_il,False,False
a374431f07c751c4,original_grpo_11970,False,False
9f4ffc0882c95225,official_il,False,False
9f4ffc0882c95225,original_grpo_11970,False,True
0a6a37e522035224,official_il,False,False
0a6a37e522035224,original_grpo_11970,False,False
b08ae0aba5ac5134,official_il,False,False
b08ae0aba5ac5134,original_grpo_11970,False,False
f6ffbc7e7dae5ed6,official_il,False,False
f6ffbc7e7dae5ed6,original_grpo_11970,False,False
91892b40bcd35594,official_il,False,False
91892b40bcd35594,original_grpo_11970,False,False
0c3e68a4655550ed,official_il,False,False
0c3e68a4655550ed,original_grpo_11970,False,False
e4e92cd6c63e5a44,official_il,False,False
e4e92cd6c63e5a44,original_grpo_11970,False,False
adf3b9c183d7549c,official_il,False,False
adf3b9c183d7549c,original_grpo_11970,False,False
22a56bd67d9c5183,official_il,False,False
22a56bd67d9c5183,original_grpo_11970,False,False
6240b891a48f52d1,official_il,False,False
6240b891a48f52d1,original_grpo_11970,False,False
a6b1c8d7e7df5794,official_il,False,False
a6b1c8d7e7df5794,original_grpo_11970,True,False
0ad06e26cbc65097,official_il,False,False
0ad06e26cbc65097,original_grpo_11970,False,False
68cd2f58a7e5580a,official_il,False,False
68cd2f58a7e5580a,original_grpo_11970,False,False
535566af5eaf5876,official_il,False,False
535566af5eaf5876,original_grpo_11970,False,False
fcbe31b4aa665e50,official_il,False,False
fcbe31b4aa665e50,original_grpo_11970,False,False
c8518afc8caa561a,official_il,False,False
c8518afc8caa561a,original_grpo_11970,False,False
60f07c83edbf523b,official_il,False,False
60f07c83edbf523b,original_grpo_11970,False,False
5a902107fd195c80,official_il,False,True
5a902107fd195c80,original_grpo_11970,False,True
f4d300f4ab175cc3,official_il,False,False
f4d300f4ab175cc3,original_grpo_11970,False,False
1ee6992d38f85f6c,official_il,False,True
1ee6992d38f85f6c,original_grpo_11970,False,True
705b211751d15a09,official_il,False,False
705b211751d15a09,original_grpo_11970,False,False
f1545fa4a88b550b,official_il,False,False
f1545fa4a88b550b,original_grpo_11970,False,False
667df1e7e99e5713,official_il,False,False
667df1e7e99e5713,original_grpo_11970,False,False
9c3fd2288f7d5bd4,official_il,False,False
9c3fd2288f7d5bd4,original_grpo_11970,False,False
c37113db4d185afe,official_il,False,False
c37113db4d185afe,original_grpo_11970,False,False
3c71ac78a5425643,official_il,False,False
3c71ac78a5425643,original_grpo_11970,False,False
55f8e799a8aa54bc,official_il,False,False
55f8e799a8aa54bc,original_grpo_11970,False,False
68c5d9f58e2d5c8f,official_il,False,False
68c5d9f58e2d5c8f,original_grpo_11970,False,False
056afbac078f5809,official_il,False,False
056afbac078f5809,original_grpo_11970,False,False
42774ccd1e605784,official_il,False,False
42774ccd1e605784,original_grpo_11970,False,False
cbe445af3e145864,official_il,False,False
cbe445af3e145864,original_grpo_11970,False,False
6f0738056043587c,official_il,False,False
6f0738056043587c,original_grpo_11970,False,False
60b9bec78a3c5212,official_il,False,False
60b9bec78a3c5212,original_grpo_11970,False,False
b170df82573c5ee1,official_il,False,False
b170df82573c5ee1,original_grpo_11970,False,False
c03c8e0b87a2505c,official_il,False,False
c03c8e0b87a2505c,original_grpo_11970,False,False
c26970332d7455dc,official_il,False,False
c26970332d7455dc,original_grpo_11970,False,False
aee096ff21235f89,official_il,False,False
aee096ff21235f89,original_grpo_11970,False,False
44aaf457ca305da7,official_il,False,False
44aaf457ca305da7,original_grpo_11970,False,False
97694494b1885aa1,official_il,False,False
97694494b1885aa1,original_grpo_11970,False,False
c599c70ab55f5303,official_il,False,False
c599c70ab55f5303,original_grpo_11970,False,False
b5f4a616751f5d38,official_il,False,False
b5f4a616751f5d38,original_grpo_11970,False,False
cd6b81fea6f15253,official_il,False,False
cd6b81fea6f15253,original_grpo_11970,False,False
8853df55b3115e82,official_il,False,False
8853df55b3115e82,original_grpo_11970,False,False
156c5bee03615184,official_il,False,False
156c5bee03615184,original_grpo_11970,False,False
f52f2e7391cc5c3b,official_il,False,False
f52f2e7391cc5c3b,original_grpo_11970,False,False
5c78df56c4fa511e,official_il,True,False
5c78df56c4fa511e,original_grpo_11970,False,False
69d517b190fb5977,official_il,False,False
69d517b190fb5977,original_grpo_11970,False,True
6ef77d4b725a5cf4,official_il,False,False
6ef77d4b725a5cf4,original_grpo_11970,False,False
4874cda6be2c5756,official_il,False,False
4874cda6be2c5756,original_grpo_11970,False,False
afb7ee1c58475173,official_il,False,False
afb7ee1c58475173,original_grpo_11970,False,False
5b1ffa1faab052a0,official_il,False,False
5b1ffa1faab052a0,original_grpo_11970,False,False
3764df667d40579e,official_il,False,False
3764df667d40579e,original_grpo_11970,False,False
7ad8483a1e325cf9,official_il,False,False
7ad8483a1e325cf9,original_grpo_11970,False,False
a10267cfd9a45240,official_il,False,False
a10267cfd9a45240,original_grpo_11970,False,False
e652551e738a575d,official_il,False,False
e652551e738a575d,original_grpo_11970,False,False
ae3c45bd45bf5504,official_il,False,False
ae3c45bd45bf5504,original_grpo_11970,False,False
c0d07cd8deb55215,official_il,False,False
c0d07cd8deb55215,original_grpo_11970,False,False
ee63769b74c65dff,official_il,False,False
ee63769b74c65dff,original_grpo_11970,False,False
83527bf81c8f50e8,official_il,False,False
83527bf81c8f50e8,original_grpo_11970,False,False
e3ae059c3b8f5c17,official_il,False,False
e3ae059c3b8f5c17,original_grpo_11970,False,False
b5319157e1065b06,official_il,False,False
b5319157e1065b06,original_grpo_11970,True,False
877e0b8b2d655cb7,official_il,False,False
877e0b8b2d655cb7,original_grpo_11970,False,False
fa30688758d8518d,official_il,False,False
fa30688758d8518d,original_grpo_11970,False,False
a74955b4a1ef5cf6,official_il,False,False
a74955b4a1ef5cf6,original_grpo_11970,False,False
5c074dc076575844,official_il,False,False
5c074dc076575844,original_grpo_11970,False,False
b23d1154fef5571d,official_il,False,False
b23d1154fef5571d,original_grpo_11970,False,False
ee3c36aae46a5a45,official_il,False,False
ee3c36aae46a5a45,original_grpo_11970,False,False
b91f474afc855be6,official_il,False,False
b91f474afc855be6,original_grpo_11970,False,False
039a09218dff5c4e,official_il,False,False
039a09218dff5c4e,original_grpo_11970,False,False
d527f50bf0cd5f6c,official_il,False,False
d527f50bf0cd5f6c,original_grpo_11970,False,False
1157740f547850ae,official_il,False,False
1157740f547850ae,original_grpo_11970,False,False
6fc9d60eb28350d6,official_il,False,False
6fc9d60eb28350d6,original_grpo_11970,False,False
15ff6850413f5709,official_il,False,False
15ff6850413f5709,original_grpo_11970,False,False
2e7c7e90c4d15bc3,official_il,False,False
2e7c7e90c4d15bc3,original_grpo_11970,False,False
401526e5d5c85b9b,official_il,False,False
401526e5d5c85b9b,original_grpo_11970,False,False
875bf90e9d5d56a8,official_il,False,False
875bf90e9d5d56a8,original_grpo_11970,False,False
f49cece7845b56a5,official_il,False,False
f49cece7845b56a5,original_grpo_11970,False,False
715e4b0f0819502c,official_il,False,False
715e4b0f0819502c,original_grpo_11970,True,False
b7fc30f8d2085fa3,official_il,False,False
b7fc30f8d2085fa3,original_grpo_11970,False,False
c56b47b3a1b65222,official_il,False,False
c56b47b3a1b65222,original_grpo_11970,False,False
c6cb7a51f3285168,official_il,False,False
c6cb7a51f3285168,original_grpo_11970,False,False
e2792056c3e25456,official_il,False,False
e2792056c3e25456,original_grpo_11970,False,False
031e48b9d2475f28,official_il,False,False
031e48b9d2475f28,original_grpo_11970,False,False
319f20ab3c7e5928,official_il,False,False
319f20ab3c7e5928,original_grpo_11970,False,False
e4fa76c7a274526b,official_il,False,False
e4fa76c7a274526b,original_grpo_11970,False,False
8a4b0c340fc25c19,official_il,False,False
8a4b0c340fc25c19,original_grpo_11970,False,False
ce0889c6df755225,official_il,False,False
ce0889c6df755225,original_grpo_11970,False,False
4b3311d95b3e58fc,official_il,False,False
4b3311d95b3e58fc,original_grpo_11970,False,False
0ed250eecd7c5aed,official_il,False,False
0ed250eecd7c5aed,original_grpo_11970,False,False
97179476f3825d40,official_il,False,False
97179476f3825d40,original_grpo_11970,False,False
f5795caca8c65e7c,official_il,False,False
f5795caca8c65e7c,original_grpo_11970,False,False
1649dbe4a0b85072,official_il,False,False
1649dbe4a0b85072,original_grpo_11970,False,False
367c2fa5fc1a5729,official_il,False,False
367c2fa5fc1a5729,original_grpo_11970,False,False
b819baffab5d5b1c,official_il,False,False
b819baffab5d5b1c,original_grpo_11970,False,False
780bc64c98b25815,official_il,False,False
780bc64c98b25815,original_grpo_11970,False,False
cd3211bcbd295e08,official_il,False,False
cd3211bcbd295e08,original_grpo_11970,False,False
d70d711c30e45c25,official_il,False,False
d70d711c30e45c25,original_grpo_11970,False,False
3a9a9ce993905e6f,official_il,False,False
3a9a9ce993905e6f,original_grpo_11970,False,False
82dd40cf74a3551c,official_il,False,False
82dd40cf74a3551c,original_grpo_11970,False,False
d7f815f394c751e6,official_il,False,False
d7f815f394c751e6,original_grpo_11970,False,False
9a06288ec0b6517d,official_il,False,False
9a06288ec0b6517d,original_grpo_11970,False,True
25b66e05b36b5c90,official_il,False,False
25b66e05b36b5c90,original_grpo_11970,False,False
29f8ae147bac514a,official_il,False,False
29f8ae147bac514a,original_grpo_11970,False,False
6cdaa8f406d157cc,official_il,False,False
6cdaa8f406d157cc,original_grpo_11970,False,False
a6e66de512725d74,official_il,False,False
a6e66de512725d74,original_grpo_11970,False,False
fb435f250fef5288,official_il,False,False
fb435f250fef5288,original_grpo_11970,False,False
5b7abb04c4fd5ac3,official_il,False,False
5b7abb04c4fd5ac3,original_grpo_11970,False,False
93252653713550ec,official_il,False,False
93252653713550ec,original_grpo_11970,False,False
11d9ab20f2675a7d,official_il,False,False
11d9ab20f2675a7d,original_grpo_11970,False,False
b06b379a5b5c5891,official_il,False,False
b06b379a5b5c5891,original_grpo_11970,False,False
2aef532a4ec45d99,official_il,False,False
2aef532a4ec45d99,original_grpo_11970,False,False
e8d132220b3c5153,official_il,False,False
e8d132220b3c5153,original_grpo_11970,False,False
b91285b0c0815351,official_il,False,False
b91285b0c0815351,original_grpo_11970,False,False
9c9a57033b005a1b,official_il,False,False
9c9a57033b005a1b,original_grpo_11970,False,False
5ba6a3b7b52259f2,official_il,False,True
5ba6a3b7b52259f2,original_grpo_11970,False,True
5e9e3cc7a9fe5402,official_il,False,False
5e9e3cc7a9fe5402,original_grpo_11970,False,False
75c98e724d4a5bd8,official_il,False,False
75c98e724d4a5bd8,original_grpo_11970,False,False
76c40cffd7b557a7,official_il,False,False
76c40cffd7b557a7,original_grpo_11970,False,False
d12ae91366a5560c,official_il,False,False
d12ae91366a5560c,original_grpo_11970,False,False
32d26fcf14c85ad9,official_il,False,False
32d26fcf14c85ad9,original_grpo_11970,False,False
90503fd86ebe59cb,official_il,False,False
90503fd86ebe59cb,original_grpo_11970,False,False
209e7c9f08b25327,official_il,False,True
209e7c9f08b25327,original_grpo_11970,False,True
7d5ea13c74aa5d77,official_il,False,False
7d5ea13c74aa5d77,original_grpo_11970,False,False
b26f7daad034596c,official_il,False,False
b26f7daad034596c,original_grpo_11970,False,False
b52f82bcc4f25b08,official_il,False,True
b52f82bcc4f25b08,original_grpo_11970,False,True
f1a8a4a1cee653cb,official_il,False,False
f1a8a4a1cee653cb,original_grpo_11970,False,False
789acf8152f95ffe,official_il,False,False
789acf8152f95ffe,original_grpo_11970,False,False
19c1fba8fe7d59d1,official_il,False,False
19c1fba8fe7d59d1,original_grpo_11970,False,False
c5850fb703a753b2,official_il,False,False
c5850fb703a753b2,original_grpo_11970,False,False
99de139907f256fd,official_il,False,False
99de139907f256fd,original_grpo_11970,False,False
29d8dfcca9b65cba,official_il,False,False
29d8dfcca9b65cba,original_grpo_11970,False,False
269b3c0089865532,official_il,False,False
269b3c0089865532,original_grpo_11970,False,False
77f8a501060257bf,official_il,False,False
77f8a501060257bf,original_grpo_11970,False,False
539930c6f36452cb,official_il,False,False
539930c6f36452cb,original_grpo_11970,False,False
2594e3cad9325d34,official_il,False,False
2594e3cad9325d34,original_grpo_11970,False,False
8e2e4e2a5ba95a41,official_il,False,False
8e2e4e2a5ba95a41,original_grpo_11970,False,False
3c6aad820bab57a1,official_il,False,False
3c6aad820bab57a1,original_grpo_11970,False,False
d1d1540c8cd151ce,official_il,False,False
d1d1540c8cd151ce,original_grpo_11970,False,False
8939db93b1ef5b7b,official_il,False,False
8939db93b1ef5b7b,original_grpo_11970,False,False
767ab95996b65950,official_il,False,False
767ab95996b65950,original_grpo_11970,False,False
42f99baa0ae15f88,official_il,False,False
42f99baa0ae15f88,original_grpo_11970,False,False
1c1ae9026bc25686,official_il,False,False
1c1ae9026bc25686,original_grpo_11970,False,False
1afb4602e5615b21,official_il,False,False
1afb4602e5615b21,original_grpo_11970,False,False
85b1175a9ebc560e,official_il,False,False
85b1175a9ebc560e,original_grpo_11970,False,False
583d59c89ade5260,official_il,False,False
583d59c89ade5260,original_grpo_11970,False,False
a6a2a19a2cfe5830,official_il,False,False
a6a2a19a2cfe5830,original_grpo_11970,False,False
c19615de32245f3c,official_il,False,False
c19615de32245f3c,original_grpo_11970,False,False
756ac4e01edd542b,official_il,False,False
756ac4e01edd542b,original_grpo_11970,False,False
2754b260e7fb54a9,official_il,False,False
2754b260e7fb54a9,original_grpo_11970,False,False
057ceb19886e5a8b,official_il,False,False
057ceb19886e5a8b,original_grpo_11970,False,False
ffc4f46196ff52ed,official_il,False,False
ffc4f46196ff52ed,original_grpo_11970,False,False
cb177baa251c5df5,official_il,False,False
cb177baa251c5df5,original_grpo_11970,False,False
8d2955010c0e5174,official_il,False,False
8d2955010c0e5174,original_grpo_11970,False,False
5bc9d9db850a5bd3,official_il,False,False
5bc9d9db850a5bd3,original_grpo_11970,False,False
576942ea496455f0,official_il,False,True
576942ea496455f0,original_grpo_11970,False,True
6f8806a93a225854,official_il,False,False
6f8806a93a225854,original_grpo_11970,False,False
90c0079ebeff55e1,official_il,False,False
90c0079ebeff55e1,original_grpo_11970,False,False
58decb81f26a5feb,official_il,False,False
58decb81f26a5feb,original_grpo_11970,False,False
d210b983285a58de,official_il,False,False
d210b983285a58de,original_grpo_11970,False,False
cc65fece13475aeb,official_il,False,False
cc65fece13475aeb,original_grpo_11970,False,False
a2fbc257aba55bfd,official_il,False,False
a2fbc257aba55bfd,original_grpo_11970,False,False
758527179a55566a,official_il,False,False
758527179a55566a,original_grpo_11970,False,False
9c5731704a185eeb,official_il,False,False
9c5731704a185eeb,original_grpo_11970,False,False
bc1875b1f3b75cc9,official_il,False,False
bc1875b1f3b75cc9,original_grpo_11970,False,False
f8d1a820b3e25eff,official_il,False,False
f8d1a820b3e25eff,original_grpo_11970,False,False
11054ab5a1295993,official_il,False,False
11054ab5a1295993,original_grpo_11970,False,False
397008d46ae55522,official_il,False,False
397008d46ae55522,original_grpo_11970,False,False
a50b2d4418065e39,official_il,False,False
a50b2d4418065e39,original_grpo_11970,False,False
22caf261d58c54df,official_il,False,False
22caf261d58c54df,original_grpo_11970,False,False
b835c54519735847,official_il,False,False
b835c54519735847,original_grpo_11970,False,False
b613bb28481f537b,official_il,False,False
b613bb28481f537b,original_grpo_11970,False,False
b6c1912453605bb9,official_il,False,False
b6c1912453605bb9,original_grpo_11970,False,False
f60727082e59527e,official_il,False,False
f60727082e59527e,original_grpo_11970,False,False
87315d8bc4f55204,official_il,False,False
87315d8bc4f55204,original_grpo_11970,False,False
f16bfe945e065227,official_il,False,False
f16bfe945e065227,original_grpo_11970,False,False
4cc4a55c969a5f55,official_il,False,False
4cc4a55c969a5f55,original_grpo_11970,False,False
4eadc03d72015b7e,official_il,False,False
4eadc03d72015b7e,original_grpo_11970,False,False
3aeddc9977545824,official_il,False,False
3aeddc9977545824,original_grpo_11970,False,False
45ca55cb54f65fb0,official_il,False,False
45ca55cb54f65fb0,original_grpo_11970,False,False
d835f0d45cb85031,official_il,False,False
d835f0d45cb85031,original_grpo_11970,False,False
9351e7f4af105dd9,official_il,False,False
9351e7f4af105dd9,original_grpo_11970,False,False
3271339c5d8d584e,official_il,False,False
3271339c5d8d584e,original_grpo_11970,False,False
95649e6517f55383,official_il,False,False
95649e6517f55383,original_grpo_11970,False,False
d80745da1398583e,official_il,False,False
d80745da1398583e,original_grpo_11970,False,False
46798825222d5a96,official_il,False,False
46798825222d5a96,original_grpo_11970,False,False
c254312d202b5d02,official_il,False,False
c254312d202b5d02,original_grpo_11970,False,False
25095144b96e5804,official_il,False,False
25095144b96e5804,original_grpo_11970,False,False
608dffb310585ef9,official_il,False,False
608dffb310585ef9,original_grpo_11970,False,False
ae280a0829ad5cd2,official_il,False,False
ae280a0829ad5cd2,original_grpo_11970,False,False
9a3297e2227653e7,official_il,False,False
9a3297e2227653e7,original_grpo_11970,False,False
b06b62ac1aee568c,official_il,False,False
b06b62ac1aee568c,original_grpo_11970,False,False
a8741c83a2345742,official_il,False,False
a8741c83a2345742,original_grpo_11970,False,False
3716970e99c851a1,official_il,False,False
3716970e99c851a1,original_grpo_11970,False,False
de4d7e2327ab5bd3,official_il,False,False
de4d7e2327ab5bd3,original_grpo_11970,False,False
6910763cb19e5c0d,official_il,False,False
6910763cb19e5c0d,original_grpo_11970,False,False
4f9df2b45f1051e9,official_il,False,False
4f9df2b45f1051e9,original_grpo_11970,False,False
157ddb1c98955430,official_il,False,False
157ddb1c98955430,original_grpo_11970,False,False
09f894ccf0f158c2,official_il,False,False
09f894ccf0f158c2,original_grpo_11970,False,False
a6d5449335175212,official_il,False,False
a6d5449335175212,original_grpo_11970,False,False
2c3cba2148d55be3,official_il,False,False
2c3cba2148d55be3,original_grpo_11970,False,False
9a44c713bef05404,official_il,False,False
9a44c713bef05404,original_grpo_11970,False,False
f86b642a2d855e82,official_il,False,False
f86b642a2d855e82,original_grpo_11970,False,False
48890d5c8143548d,official_il,False,False
48890d5c8143548d,original_grpo_11970,False,False
809cd503eb61563d,official_il,False,False
809cd503eb61563d,original_grpo_11970,False,False
4c83d72023a45907,official_il,False,False
4c83d72023a45907,original_grpo_11970,False,False
11d9446d3b785744,official_il,False,False
11d9446d3b785744,original_grpo_11970,False,False
ccb0f5c3c18f590c,official_il,False,False
ccb0f5c3c18f590c,original_grpo_11970,False,False
4ead011d05fe5343,official_il,False,False
4ead011d05fe5343,original_grpo_11970,False,False
8c5902f41521557a,official_il,False,False
8c5902f41521557a,original_grpo_11970,False,False
81562595d6f8503a,official_il,False,False
81562595d6f8503a,original_grpo_11970,False,False
d9081429243e505f,official_il,False,False
d9081429243e505f,original_grpo_11970,False,False
d211551ba3685c53,official_il,False,False
d211551ba3685c53,original_grpo_11970,False,False
4adc4cf4cfc75da4,official_il,False,False
4adc4cf4cfc75da4,original_grpo_11970,False,False
b6122225d4f3547b,official_il,False,False
b6122225d4f3547b,original_grpo_11970,False,False
f218ac6767935a3f,official_il,False,False
f218ac6767935a3f,original_grpo_11970,False,False
4e2abc1bd4745319,official_il,False,False
4e2abc1bd4745319,original_grpo_11970,False,False
eceb6fe38ca259ff,official_il,False,False
eceb6fe38ca259ff,original_grpo_11970,False,False
ee9bb321b7d55ab6,official_il,False,False
ee9bb321b7d55ab6,original_grpo_11970,False,False
37f3c7e83e245dc8,official_il,False,False
37f3c7e83e245dc8,original_grpo_11970,False,False
83defab9bd365e10,official_il,False,False
83defab9bd365e10,original_grpo_11970,False,False
8fbdc7faa09259c9,official_il,False,False
8fbdc7faa09259c9,original_grpo_11970,False,False
df76d31de02a5cf2,official_il,False,False
df76d31de02a5cf2,original_grpo_11970,False,False
0a514fd1a96d5ab0,official_il,False,False
0a514fd1a96d5ab0,original_grpo_11970,False,False
98464eefecac5241,official_il,False,False
98464eefecac5241,original_grpo_11970,False,False
ed4d2afa8e9e5ad5,official_il,False,False
ed4d2afa8e9e5ad5,original_grpo_11970,False,False
1d6e47e89e6b548e,official_il,False,False
1d6e47e89e6b548e,original_grpo_11970,False,False
0bf294a532f15f0c,official_il,False,False
0bf294a532f15f0c,original_grpo_11970,False,False
eeaffe9bcee35a4a,official_il,False,False
eeaffe9bcee35a4a,original_grpo_11970,False,False
832d48e374e55a5f,official_il,False,False
832d48e374e55a5f,original_grpo_11970,False,False
d240fb0982ce5133,official_il,False,False
d240fb0982ce5133,original_grpo_11970,False,False
ac956a4ebbc25c62,official_il,False,False
ac956a4ebbc25c62,original_grpo_11970,False,False
e287708ebac0541b,official_il,False,False
e287708ebac0541b,original_grpo_11970,False,False
3ae5a5949d025b72,official_il,False,False
3ae5a5949d025b72,original_grpo_11970,False,False
a7c699ab927f5888,official_il,False,False
a7c699ab927f5888,original_grpo_11970,False,False
578aaaaef50350d6,official_il,True,False
578aaaaef50350d6,original_grpo_11970,False,False
8f1ee98f66485024,official_il,False,False
8f1ee98f66485024,original_grpo_11970,False,False
b5bf58679eda52e7,official_il,False,False
b5bf58679eda52e7,original_grpo_11970,False,False
b6a71a3972675fe3,official_il,False,False
b6a71a3972675fe3,original_grpo_11970,False,False
68aa250932b85de6,official_il,False,False
68aa250932b85de6,original_grpo_11970,False,False
22331f420bd15807,official_il,False,False
22331f420bd15807,original_grpo_11970,False,False
f80048fd231f5f69,official_il,False,False
f80048fd231f5f69,original_grpo_11970,False,False
e63baecf90c9573d,official_il,False,False
e63baecf90c9573d,original_grpo_11970,False,False
57127851d0975b77,official_il,False,False
57127851d0975b77,original_grpo_11970,False,False
01d8f52724315f92,official_il,False,False
01d8f52724315f92,original_grpo_11970,False,False
dd326f72ab59588b,official_il,False,False
dd326f72ab59588b,original_grpo_11970,False,False
dc4349316eca5a45,official_il,False,False
dc4349316eca5a45,original_grpo_11970,False,False
cb93fdc0e34c5974,official_il,False,False
cb93fdc0e34c5974,original_grpo_11970,False,False
1f34a28a14ce5f9b,official_il,False,False
1f34a28a14ce5f9b,original_grpo_11970,False,False
113cc5fc660656f8,official_il,False,False
113cc5fc660656f8,original_grpo_11970,False,False
406b5191ed075a99,official_il,False,False
406b5191ed075a99,original_grpo_11970,False,False
428468013dba5d65,official_il,False,False
428468013dba5d65,original_grpo_11970,False,False
f6967107fcc25554,official_il,False,False
f6967107fcc25554,original_grpo_11970,False,False
200037f4d69e5401,official_il,False,False
200037f4d69e5401,original_grpo_11970,False,False
b23d6529bd205cb6,official_il,False,False
b23d6529bd205cb6,original_grpo_11970,True,False
1ddbfde5a6145384,official_il,False,False
1ddbfde5a6145384,original_grpo_11970,False,False
c9d34666ed4a5dd9,official_il,False,False
c9d34666ed4a5dd9,original_grpo_11970,False,False
b9e7386ae21b5a16,official_il,False,False
b9e7386ae21b5a16,original_grpo_11970,False,False
d5518b1c04ac56fe,official_il,False,False
d5518b1c04ac56fe,original_grpo_11970,False,False
6554cae202ad5016,official_il,False,False
6554cae202ad5016,original_grpo_11970,False,False
5082fb149e8a5389,official_il,False,False
5082fb149e8a5389,original_grpo_11970,False,False
90fac5b71538524b,official_il,False,False
90fac5b71538524b,original_grpo_11970,False,False
2e231da72a8c565e,official_il,False,False
2e231da72a8c565e,original_grpo_11970,False,False
85d32c3fd52b5142,official_il,False,False
85d32c3fd52b5142,original_grpo_11970,False,False
8f337ba90bd15195,official_il,False,False
8f337ba90bd15195,original_grpo_11970,False,False
b1d4684eaedb5be2,official_il,False,False
b1d4684eaedb5be2,original_grpo_11970,False,False
a3ef1c88095a59da,official_il,False,False
a3ef1c88095a59da,original_grpo_11970,False,False
20a9872fe9e8548d,official_il,False,True
20a9872fe9e8548d,original_grpo_11970,False,True
0c82a76098ce506d,official_il,False,False
0c82a76098ce506d,original_grpo_11970,False,False
ffa25706d9a9517f,official_il,False,False
ffa25706d9a9517f,original_grpo_11970,False,False
f53cbd1da0915f63,official_il,False,False
f53cbd1da0915f63,original_grpo_11970,False,False
48b6c7dbc8475954,official_il,False,False
48b6c7dbc8475954,original_grpo_11970,False,False
723448dfd71f5cf4,official_il,False,False
723448dfd71f5cf4,original_grpo_11970,False,True
ec5e6f2f4d565c4c,official_il,False,False
ec5e6f2f4d565c4c,original_grpo_11970,False,False
3ea39a2120ed50a0,official_il,False,False
3ea39a2120ed50a0,original_grpo_11970,False,False
59c641816c8d5f80,official_il,False,False
59c641816c8d5f80,original_grpo_11970,False,False
818cd28cba7f51ab,official_il,False,False
818cd28cba7f51ab,original_grpo_11970,False,False
6e9cc349188b5591,official_il,False,False
6e9cc349188b5591,original_grpo_11970,False,False
7c88fac0a19151ff,official_il,False,True
7c88fac0a19151ff,original_grpo_11970,False,True
a80106801f685cdb,official_il,False,False
a80106801f685cdb,original_grpo_11970,False,False
79d07d88fcfb5ed4,official_il,False,False
79d07d88fcfb5ed4,original_grpo_11970,False,False
74334179c5ca58b1,official_il,False,False
74334179c5ca58b1,original_grpo_11970,False,False
3a2bc13795265248,official_il,False,False
3a2bc13795265248,original_grpo_11970,False,False
9174985abb9d515e,official_il,False,False
9174985abb9d515e,original_grpo_11970,False,False
6857a9f1091c511f,official_il,False,False
6857a9f1091c511f,original_grpo_11970,False,False
fca051a651e95550,official_il,False,False
fca051a651e95550,original_grpo_11970,False,False
eb40dbff52fb5551,official_il,False,False
eb40dbff52fb5551,original_grpo_11970,False,False
fa89a1586e92554d,official_il,False,False
fa89a1586e92554d,original_grpo_11970,False,False
c45430cbaa9050e4,official_il,False,False
c45430cbaa9050e4,original_grpo_11970,False,False
f4a1a85bbd595a3c,official_il,False,False
f4a1a85bbd595a3c,original_grpo_11970,False,False
585cf511e9a55c8c,official_il,False,False
585cf511e9a55c8c,original_grpo_11970,False,False
1488a41d3c9d5594,official_il,False,False
1488a41d3c9d5594,original_grpo_11970,False,False
6ef85349ae5a5b2f,official_il,False,False
6ef85349ae5a5b2f,original_grpo_11970,False,False
c458c6f5262e5c1f,official_il,False,False
c458c6f5262e5c1f,original_grpo_11970,False,False
d6af2b0d7d965708,official_il,False,False
d6af2b0d7d965708,original_grpo_11970,False,False
7d258fe03ebd50fa,official_il,False,False
7d258fe03ebd50fa,original_grpo_11970,False,False
c9c4dcd533ea54d5,official_il,False,False
c9c4dcd533ea54d5,original_grpo_11970,False,False
5280d017318c5f4f,official_il,False,False
5280d017318c5f4f,original_grpo_11970,False,False
358787fc579a521e,official_il,False,False
358787fc579a521e,original_grpo_11970,False,False
8c170439e7fd5bd8,official_il,False,False
8c170439e7fd5bd8,original_grpo_11970,False,False
45d24d60d5275721,official_il,False,False
45d24d60d5275721,original_grpo_11970,False,False
b23486fada075cbb,official_il,False,False
b23486fada075cbb,original_grpo_11970,False,False
19c2d1fb89a35528,official_il,False,False
19c2d1fb89a35528,original_grpo_11970,False,False
a1994043fd345aad,official_il,False,False
a1994043fd345aad,original_grpo_11970,False,False
c70780832dff5446,official_il,False,False
c70780832dff5446,original_grpo_11970,False,False
8d02362c5ca15461,official_il,False,False
8d02362c5ca15461,original_grpo_11970,False,False
9f4314b3e44d536c,official_il,False,False
9f4314b3e44d536c,original_grpo_11970,False,False
d78cee530d21525d,official_il,False,False
d78cee530d21525d,original_grpo_11970,False,False
6de0be954ccd510a,official_il,False,False
6de0be954ccd510a,original_grpo_11970,False,False
c1f615d8fa88571b,official_il,False,False
c1f615d8fa88571b,original_grpo_11970,False,False
862483b90b625606,official_il,False,False
862483b90b625606,original_grpo_11970,False,False
3d6d0a058dc95c3c,official_il,False,False
3d6d0a058dc95c3c,original_grpo_11970,False,False
73f9c55a52af54b9,official_il,False,True
73f9c55a52af54b9,original_grpo_11970,False,True
21991f8aae0d560d,official_il,False,False
21991f8aae0d560d,original_grpo_11970,False,False
1e32c91920255907,official_il,False,False
1e32c91920255907,original_grpo_11970,False,True
a8eda152a6125757,official_il,False,False
a8eda152a6125757,original_grpo_11970,False,False
ea09a393ea6f5fb0,official_il,False,False
ea09a393ea6f5fb0,original_grpo_11970,True,False
30f3453ce3105e94,official_il,False,False
30f3453ce3105e94,original_grpo_11970,False,False
97267cffeedf5fe8,official_il,False,False
97267cffeedf5fe8,original_grpo_11970,False,False
dd92697a80ac5e20,official_il,False,False
dd92697a80ac5e20,original_grpo_11970,False,False
d4250dd4363d56ce,official_il,False,False
d4250dd4363d56ce,original_grpo_11970,False,False
0922396938db513d,official_il,False,False
0922396938db513d,original_grpo_11970,False,False
cd94d99bcf0a5aaf,official_il,False,False
cd94d99bcf0a5aaf,original_grpo_11970,False,False
88e02c2d7aad59e9,official_il,False,False
88e02c2d7aad59e9,original_grpo_11970,False,False
193386557ea3566d,official_il,False,False
193386557ea3566d,original_grpo_11970,False,False
3ff05492d18c54c1,official_il,False,False
3ff05492d18c54c1,original_grpo_11970,False,False
5c99f22fa8515a8b,official_il,False,False
5c99f22fa8515a8b,original_grpo_11970,False,False
0f356057e4f95e74,official_il,False,False
0f356057e4f95e74,original_grpo_11970,False,False
615a72287c745141,official_il,False,False
615a72287c745141,original_grpo_11970,False,False
8c9b96c6a19b5e9d,official_il,False,False
8c9b96c6a19b5e9d,original_grpo_11970,False,False
8cb3aa3893225e0b,official_il,False,False
8cb3aa3893225e0b,original_grpo_11970,True,False
a22f084541d95063,official_il,False,False
a22f084541d95063,original_grpo_11970,False,False
0082a4952b1658fd,official_il,False,False
0082a4952b1658fd,original_grpo_11970,False,False
2e2d41e6923e5689,official_il,False,False
2e2d41e6923e5689,original_grpo_11970,False,False
88817c4b8d3054b3,official_il,False,False
88817c4b8d3054b3,original_grpo_11970,False,False
51052910ba745517,official_il,False,False
51052910ba745517,original_grpo_11970,False,False
1049387ba07d52cd,official_il,False,False
1049387ba07d52cd,original_grpo_11970,False,False
8e4f51488f395b9e,official_il,False,False
8e4f51488f395b9e,original_grpo_11970,False,False
2f585e2db88e5223,official_il,False,False
2f585e2db88e5223,original_grpo_11970,False,False
33d9222e80845cff,official_il,False,False
33d9222e80845cff,original_grpo_11970,False,False
a66928fde4905315,official_il,False,False
a66928fde4905315,original_grpo_11970,True,False
5e6b02b054e957c7,official_il,False,False
5e6b02b054e957c7,original_grpo_11970,False,False
e936c8ab1c375af2,official_il,False,False
e936c8ab1c375af2,original_grpo_11970,False,False
b06aa777e20d5b67,official_il,False,False
b06aa777e20d5b67,original_grpo_11970,False,False
9e535d2210215488,official_il,True,False
9e535d2210215488,original_grpo_11970,False,False
71bbfa8057e15341,official_il,False,False
71bbfa8057e15341,original_grpo_11970,False,False
97f2176e2fb65835,official_il,False,False
97f2176e2fb65835,original_grpo_11970,False,False
782777c61cbb51b4,official_il,False,False
782777c61cbb51b4,original_grpo_11970,False,False
c894c6b43b6d50d1,official_il,False,False
c894c6b43b6d50d1,original_grpo_11970,False,False
eff96fb816e85490,official_il,False,False
eff96fb816e85490,original_grpo_11970,False,False
4ac3e1e12e115da4,official_il,True,False
4ac3e1e12e115da4,original_grpo_11970,True,False
a7089baa9c685405,official_il,False,False
a7089baa9c685405,original_grpo_11970,False,False
c48b81b7404154f1,official_il,False,False
c48b81b7404154f1,original_grpo_11970,False,False
31d88a2740d256ec,official_il,False,False
31d88a2740d256ec,original_grpo_11970,True,False
56409a7a5987511c,official_il,True,False
56409a7a5987511c,original_grpo_11970,True,False
5e9e7697e62954b2,official_il,False,False
5e9e7697e62954b2,original_grpo_11970,False,False
55bec2de08e954d2,official_il,False,False
55bec2de08e954d2,original_grpo_11970,False,False
3c2a2b69043e5a4c,official_il,False,False
3c2a2b69043e5a4c,original_grpo_11970,False,False
25d3890b9831599a,official_il,False,False
25d3890b9831599a,original_grpo_11970,False,False
bea8a056a6685b08,official_il,False,False
bea8a056a6685b08,original_grpo_11970,False,False
befe7fae285b507a,official_il,False,False
befe7fae285b507a,original_grpo_11970,False,False
49c9c8ab06da519e,official_il,False,False
49c9c8ab06da519e,original_grpo_11970,False,False
d493b0c0386752a0,official_il,False,False
d493b0c0386752a0,original_grpo_11970,False,False
7bba2be0030c51f8,official_il,False,False
7bba2be0030c51f8,original_grpo_11970,False,False
0385e11142ec5794,official_il,False,False
0385e11142ec5794,original_grpo_11970,False,False
f8396e5de1055d79,official_il,False,False
f8396e5de1055d79,original_grpo_11970,False,False
9bd35d5966ca5f7a,official_il,False,False
9bd35d5966ca5f7a,original_grpo_11970,False,False
54d4114bcb6757bf,official_il,False,False
54d4114bcb6757bf,original_grpo_11970,False,False
1219286d1ded5c8d,official_il,False,False
1219286d1ded5c8d,original_grpo_11970,False,False
69d7b2fa29105c1b,official_il,True,False
69d7b2fa29105c1b,original_grpo_11970,True,False
41aec07dfb765845,official_il,False,False
41aec07dfb765845,original_grpo_11970,False,False
8a9328949ae7553a,official_il,False,False
8a9328949ae7553a,original_grpo_11970,False,False
0095525f26f55a72,official_il,False,False
0095525f26f55a72,original_grpo_11970,False,False
8410dc621bc05cda,official_il,False,True
8410dc621bc05cda,original_grpo_11970,False,True
ddab1faa800d591a,official_il,False,False
ddab1faa800d591a,original_grpo_11970,False,False
f195e4e6e5795bc6,official_il,False,False
f195e4e6e5795bc6,original_grpo_11970,False,False
fa28a804347351bc,official_il,False,False
fa28a804347351bc,original_grpo_11970,False,False
37480d4d56595d11,official_il,False,False
37480d4d56595d11,original_grpo_11970,False,False
7c2dedb6131e5955,official_il,False,False
7c2dedb6131e5955,original_grpo_11970,False,False
1206a0daa4335e62,official_il,False,False
1206a0daa4335e62,original_grpo_11970,False,False
7c9a5112ed0f5607,official_il,False,False
7c9a5112ed0f5607,original_grpo_11970,False,False
8c083262e3275283,official_il,False,False
8c083262e3275283,original_grpo_11970,False,False
d14cd60d5d7d5d9b,official_il,False,False
d14cd60d5d7d5d9b,original_grpo_11970,False,False
21bf4c0caf545cef,official_il,False,False
21bf4c0caf545cef,original_grpo_11970,False,False
72dfed44b72754c4,official_il,False,False
72dfed44b72754c4,original_grpo_11970,False,False
19aa77480e3853cf,official_il,False,False
19aa77480e3853cf,original_grpo_11970,False,False
670a8b3849075579,official_il,False,False
670a8b3849075579,original_grpo_11970,False,False
07d26d6aae1e58c4,official_il,False,False
07d26d6aae1e58c4,original_grpo_11970,False,False
32a31f9b51825b64,official_il,False,False
32a31f9b51825b64,original_grpo_11970,False,False
616e852939395cc0,official_il,False,True
616e852939395cc0,original_grpo_11970,False,True
e722979b8b135b72,official_il,True,False
e722979b8b135b72,original_grpo_11970,True,False
daacc6513bb35100,official_il,False,False
daacc6513bb35100,original_grpo_11970,False,False
f541877c6be55cf6,official_il,False,False
f541877c6be55cf6,original_grpo_11970,False,False
cfc6d8cea9ef5944,official_il,False,False
cfc6d8cea9ef5944,original_grpo_11970,False,True
30290b5debfd58ca,official_il,False,False
30290b5debfd58ca,original_grpo_11970,False,False
d0e2177dad1e53b5,official_il,False,False
d0e2177dad1e53b5,original_grpo_11970,False,False
aefa79ad2f925686,official_il,False,False
aefa79ad2f925686,original_grpo_11970,False,False
9dd6f2e9a1b15328,official_il,False,False
9dd6f2e9a1b15328,original_grpo_11970,False,False
848a66bf09cd57d6,official_il,False,False
848a66bf09cd57d6,original_grpo_11970,False,False
e94d87c36d6a53bf,official_il,False,False
e94d87c36d6a53bf,original_grpo_11970,False,False
ac610faabfa45c3a,official_il,False,False
ac610faabfa45c3a,original_grpo_11970,False,False
d829e0d4a9155935,official_il,False,False
d829e0d4a9155935,original_grpo_11970,False,False
b05a8b44aac6527c,official_il,False,False
b05a8b44aac6527c,original_grpo_11970,False,False
da63dffe28125e4d,official_il,False,False
da63dffe28125e4d,original_grpo_11970,False,False
97d0d8ef4f515ec8,official_il,False,False
97d0d8ef4f515ec8,original_grpo_11970,False,False
8c4642e7ae04578f,official_il,False,False
8c4642e7ae04578f,original_grpo_11970,False,False
b3f8ace362f059b0,official_il,False,False
b3f8ace362f059b0,original_grpo_11970,False,False
4395db3f3a9257c5,official_il,False,False
4395db3f3a9257c5,original_grpo_11970,False,False
90dcd06be60d5c62,official_il,False,True
90dcd06be60d5c62,original_grpo_11970,False,True
9a028dfdef2355a4,official_il,False,False
9a028dfdef2355a4,original_grpo_11970,False,False
