token,method,strict_candidate_count,strict_selected_count,unique_candidate_count,zero_strict_scene,scene_has_4,scene_has_8,scene_has_16,fallback_rate,primary_count,secondary_count,PDMS,strict_PDMS,core_fraction,boundary_fraction,far_fraction,r_knn,reference_PDMS,frozen_slots,nonraw_fillers,frozen_PDMS,strict_available_in_raw
23e39302332152b2,conditional_pc,16,16,16,False,True,True,True,0.0,16,0,93.30678092547416,93.30678092547416,0.0,1.0,0.0,1.291315491437532,92.8891759621473,,,,44
23e39302332152b2,quality_only,16,16,16,False,True,True,True,0.0,16,0,93.30678092547416,93.30678092547416,0.0,1.0,0.0,1.291315491437532,92.8891759621473,,,,44
23e39302332152b2,score,0,0,16,True,False,False,False,1.0,0,0,96.8444974739691,,0.0,0.0,1.0,16.415217406190536,92.8891759621473,16.0,0.0,96.8444974739691,44
23e39302332152b2,pareto,0,0,16,True,False,False,False,1.0,0,0,96.8444974739691,,0.0,0.0,1.0,16.415217406190536,92.8891759621473,16.0,0.0,96.8444974739691,44
23e39302332152b2,gt_distance,0,0,16,True,False,False,False,1.0,0,0,94.5197441851449,,0.0,0.0,1.0,5.488879953468289,92.8891759621473,16.0,0.0,94.5197441851449,44
23e39302332152b2,old_pc,1,1,1,False,False,False,False,0.0,1,0,93.55198611032073,93.55198611032073,0.0,1.0,0.0,1.4729044083948986,92.8891759621473,16.0,15.0,93.55189428551876,44
411a748874035630,conditional_pc,16,16,16,False,True,True,True,0.0,16,0,100.0,100.0,0.0,1.0,0.0,1.114676154831141,100.0,,,,28
411a748874035630,quality_only,16,16,16,False,True,True,True,0.0,16,0,100.0,100.0,0.0,1.0,0.0,1.114676154831141,100.0,,,,28
411a748874035630,score,0,0,16,True,False,False,False,1.0,0,0,100.0,,0.0,0.0,1.0,6.6202100241109,100.0,16.0,0.0,100.0,28
411a748874035630,pareto,1,1,16,False,False,False,False,0.9375,1,0,100.0,100.0,0.0,0.0625,0.9375,6.554890768935387,100.0,16.0,0.0,100.0,28
411a748874035630,gt_distance,2,2,16,False,False,False,False,0.875,2,0,100.0,100.0,0.0625,0.0625,0.875,6.216166760655995,100.0,16.0,0.0,100.0,28
411a748874035630,old_pc,16,16,16,False,True,True,True,0.0,16,0,100.0,100.0,0.0,1.0,0.0,1.114676154831141,100.0,16.0,0.0,100.0,28
79ebfc1d85bf5a51,conditional_pc,16,16,16,False,True,True,True,0.0,16,0,83.86116911520502,83.86116911520502,0.1875,0.8125,0.0,1.1010165301417687,83.16571132375051,,,,24
79ebfc1d85bf5a51,quality_only,16,16,16,False,True,True,True,0.0,16,0,83.86116911520502,83.86116911520502,0.1875,0.8125,0.0,1.1010165301417687,83.16571132375051,,,,24
79ebfc1d85bf5a51,score,0,0,16,True,False,False,False,1.0,0,0,85.57174667959487,,0.0,0.0,1.0,15.290790356498368,83.16571132375051,16.0,0.0,85.57174667959487,24
79ebfc1d85bf5a51,pareto,0,0,16,True,False,False,False,1.0,0,0,85.57174667959487,,0.0,0.0,1.0,15.290790356498368,83.16571132375051,16.0,0.0,85.57174667959487,24
79ebfc1d85bf5a51,gt_distance,0,0,16,True,False,False,False,1.0,0,0,82.09425828981881,,0.0,0.0,1.0,7.451802367151703,83.16571132375051,16.0,0.0,82.09425828981881,24
79ebfc1d85bf5a51,old_pc,1,1,1,False,False,False,False,0.0,1,0,84.61695686895993,84.61695686895993,0.0,1.0,0.0,1.1963554922717838,83.16571132375051,16.0,15.0,84.61669922151891,24
40808270ce205b83,conditional_pc,16,16,16,False,True,True,True,0.0,16,0,95.71927875466626,95.71927875466626,0.25,0.75,0.0,1.0578069616474524,95.44716148216696,,,,20
40808270ce205b83,quality_only,16,16,16,False,True,True,True,0.0,16,0,95.71927875466626,95.71927875466626,0.25,0.75,0.0,1.0578069616474524,95.44716148216696,,,,20
40808270ce205b83,score,0,0,16,True,False,False,False,1.0,0,0,97.19593977923044,,0.0,0.0,1.0,28.85899179475676,95.44716148216696,16.0,0.0,97.19593977923044,20
40808270ce205b83,pareto,0,0,16,True,False,False,False,1.0,0,0,97.19593977923044,,0.0,0.0,1.0,28.85899179475676,95.44716148216696,16.0,0.0,97.19593977923044,20
40808270ce205b83,gt_distance,10,10,16,False,True,True,False,0.375,10,0,95.50616522987524,95.58231625516218,0.5625,0.4375,0.0,1.011613238515285,95.44716148216696,16.0,0.0,95.50616522987524,20
40808270ce205b83,old_pc,1,1,1,False,False,False,False,0.0,1,0,95.96708957015406,95.96708957015406,0.0,1.0,0.0,0.9969981817329232,95.44716148216696,16.0,15.0,95.96710209233028,20
86208267d61253c0,conditional_pc,16,16,16,False,True,True,True,0.0,16,0,100.0,100.0,0.0,1.0,0.0,1.1719667673557703,100.0,,,,32
86208267d61253c0,quality_only,16,16,16,False,True,True,True,0.0,16,0,100.0,100.0,0.0,1.0,0.0,1.1719667673557703,100.0,,,,32
86208267d61253c0,score,0,0,16,True,False,False,False,1.0,0,0,100.0,,0.0,0.0,1.0,2.670536678173053,100.0,16.0,0.0,100.0,32
86208267d61253c0,pareto,1,1,16,False,False,False,False,0.9375,1,0,100.0,100.0,0.0625,0.0,0.9375,8.704998925544352,100.0,16.0,0.0,100.0,32
86208267d61253c0,gt_distance,2,2,16,False,False,False,False,0.875,2,0,100.0,100.0,0.0625,0.0625,0.875,6.219013686284985,100.0,16.0,0.0,100.0,32
86208267d61253c0,old_pc,15,15,16,False,True,True,False,0.0625,15,0,99.9995232412908,100.0,0.0,1.0,0.0,1.1820783388739864,100.0,16.0,0.0,99.9995232412908,32
f8268857204e554e,conditional_pc,16,16,16,False,True,True,True,0.0,16,0,90.76031407582823,90.76031407582823,0.6875,0.3125,0.0,1.0436801137342937,90.48191604447976,,,,19
f8268857204e554e,quality_only,16,16,16,False,True,True,True,0.0,16,0,90.76031407582823,90.76031407582823,0.6875,0.3125,0.0,1.0436801137342937,90.48191604447976,,,,19
f8268857204e554e,score,0,0,16,True,False,False,False,1.0,0,0,91.54651699834989,,0.0,0.0,1.0,11.019657051730954,90.48191604447976,16.0,0.0,91.54651699834989,19
f8268857204e554e,pareto,0,0,16,True,False,False,False,1.0,0,0,91.54651699834989,,0.0,0.0,1.0,11.019657051730954,90.48191604447976,16.0,0.0,91.54651699834989,19
f8268857204e554e,gt_distance,0,0,16,True,False,False,False,1.0,0,0,91.20719191585532,,0.0,0.0,1.0,5.288539665844681,90.48191604447976,16.0,0.0,91.20719191585532,19
f8268857204e554e,old_pc,1,1,1,False,False,False,False,0.0,1,0,91.00418491717716,91.00418491717716,0.0,1.0,0.0,1.497899806263281,90.48191604447976,16.0,15.0,91.00420947033469,19
1bf169a6aaf65858,conditional_pc,16,16,16,False,True,True,True,0.0,16,0,100.0,100.0,0.0,1.0,0.0,1.1772729604214969,100.0,,,,35
1bf169a6aaf65858,quality_only,16,16,16,False,True,True,True,0.0,16,0,100.0,100.0,0.0,1.0,0.0,1.1772729604214969,100.0,,,,35
1bf169a6aaf65858,score,1,1,16,False,False,False,False,0.9375,1,0,100.0,100.0,0.0,0.0625,0.9375,2.0768795915090603,100.0,16.0,0.0,100.0,35
1bf169a6aaf65858,pareto,0,0,16,True,False,False,False,1.0,0,0,100.0,,0.0,0.0,1.0,9.830977976351218,100.0,16.0,0.0,100.0,35
1bf169a6aaf65858,gt_distance,1,1,16,False,False,False,False,0.9375,1,0,100.0,100.0,0.0,0.0625,0.9375,5.838339728197802,100.0,16.0,0.0,100.0,35
1bf169a6aaf65858,old_pc,16,16,16,False,True,True,True,0.0,16,0,100.0,100.0,0.0,1.0,0.0,1.1772729604214969,100.0,16.0,0.0,100.0,35
3764407c90d65df3,conditional_pc,16,16,16,False,True,True,True,0.0,16,0,88.8395120688944,88.8395120688944,0.25,0.75,0.0,1.1374317041807505,87.61459484082175,,,,25
3764407c90d65df3,quality_only,16,16,16,False,True,True,True,0.0,16,0,88.8395120688944,88.8395120688944,0.25,0.75,0.0,1.1374317041807505,87.61459484082175,,,,25
3764407c90d65df3,score,8,8,16,False,True,True,False,0.5,8,0,89.77825189034381,89.55576954668972,0.125,0.375,0.5,2.533366088084588,87.61459484082175,16.0,0.0,89.77825189034381,25
3764407c90d65df3,pareto,8,8,16,False,True,True,False,0.5,8,0,89.77825189034381,89.55576954668972,0.125,0.375,0.5,2.533366088084588,87.61459484082175,16.0,0.0,89.77825189034381,25
3764407c90d65df3,gt_distance,8,8,16,False,True,True,False,0.5,8,0,89.77825189034381,89.55576954668972,0.125,0.375,0.5,2.533366088084588,87.61459484082175,16.0,0.0,89.77825189034381,25
3764407c90d65df3,old_pc,1,1,1,False,False,False,False,0.0,1,0,90.23770939258004,90.23770939258004,0.0,1.0,0.0,1.3328191175133848,87.61459484082175,16.0,15.0,90.23936222102996,25
38cfd81687975661,conditional_pc,16,16,16,False,True,True,True,0.0,16,0,94.78353819024764,94.78353819024764,0.125,0.875,0.0,1.1824364684753657,94.47091355215278,,,,22
38cfd81687975661,quality_only,16,16,16,False,True,True,True,0.0,16,0,94.78353819024764,94.78353819024764,0.125,0.875,0.0,1.1824364684753657,94.47091355215278,,,,22
38cfd81687975661,score,0,0,16,True,False,False,False,1.0,0,0,97.0159582618252,,0.0,0.0,1.0,8.506348439280849,94.47091355215278,16.0,0.0,97.0159582618252,22
38cfd81687975661,pareto,0,0,16,True,False,False,False,1.0,0,0,97.0159582618252,,0.0,0.0,1.0,8.506348439280849,94.47091355215278,16.0,0.0,97.0159582618252,22
38cfd81687975661,gt_distance,6,6,16,False,True,False,False,0.625,6,0,95.34008985027972,94.89849642555974,0.0625,0.3125,0.625,2.0818894982977563,94.47091355215278,16.0,0.0,95.34008985027972,22
38cfd81687975661,old_pc,1,1,1,False,False,False,False,0.0,1,0,94.94377573397784,94.94377573397784,0.0,1.0,0.0,1.1106898781053285,94.47091355215278,16.0,15.0,94.94368401088168,22
42e6895442ab5601,conditional_pc,16,16,16,False,True,True,True,0.0,16,0,100.0,100.0,0.0,1.0,0.0,1.1880512647833696,100.0,,,,32
42e6895442ab5601,quality_only,16,16,16,False,True,True,True,0.0,16,0,100.0,100.0,0.0,1.0,0.0,1.1880512647833696,100.0,,,,32
42e6895442ab5601,score,0,0,16,True,False,False,False,1.0,0,0,100.0,,0.0,0.0,1.0,4.786946765509333,100.0,16.0,0.0,100.0,32
42e6895442ab5601,pareto,2,2,16,False,False,False,False,0.875,2,0,100.0,100.0,0.0,0.125,0.875,12.38597991955822,100.0,16.0,0.0,100.0,32
42e6895442ab5601,gt_distance,4,4,16,False,True,False,False,0.75,4,0,100.0,100.0,0.1875,0.0625,0.75,5.18073837819628,100.0,16.0,0.0,100.0,32
42e6895442ab5601,old_pc,16,16,16,False,True,True,True,0.0,16,0,100.0,100.0,0.0,1.0,0.0,1.1880512647833696,100.0,16.0,0.0,100.0,32
b34272d337d350d2,conditional_pc,16,16,16,False,True,True,True,0.0,16,0,80.38015328957688,80.38015328957688,0.5,0.5,0.0,1.057378948371035,80.07652241049671,,,,25
b34272d337d350d2,quality_only,16,16,16,False,True,True,True,0.0,16,0,80.38015328957688,80.38015328957688,0.5,0.5,0.0,1.057378948371035,80.07652241049671,,,,25
b34272d337d350d2,score,0,0,16,True,False,False,False,1.0,0,0,86.03513183198818,,0.0,0.0,1.0,38.21032568171788,80.07652241049671,16.0,0.0,86.03513183198818,25
b34272d337d350d2,pareto,0,0,16,True,False,False,False,1.0,0,0,86.03513183198818,,0.0,0.0,1.0,38.21032568171788,80.07652241049671,16.0,0.0,86.03513183198818,25
b34272d337d350d2,gt_distance,0,0,16,True,False,False,False,1.0,0,0,86.03513183198818,,0.0,0.0,1.0,38.21032568171788,80.07652241049671,16.0,0.0,86.03513183198818,25
b34272d337d350d2,old_pc,1,1,1,False,False,False,False,0.0,1,0,80.92578349392919,80.92578349392919,0.0,1.0,0.0,1.2794622148715984,80.07652241049671,16.0,15.0,80.92585926538499,25
b23ede9a183b5b71,conditional_pc,16,16,16,False,True,True,True,0.0,16,0,89.54724879953946,89.54724879953946,0.375,0.625,0.0,1.0499964037359508,89.26203427896401,,,,20
b23ede9a183b5b71,quality_only,16,16,16,False,True,True,True,0.0,16,0,89.54724879953946,89.54724879953946,0.375,0.625,0.0,1.0499964037359508,89.26203427896401,,,,20
b23ede9a183b5b71,score,0,0,16,True,False,False,False,1.0,0,0,92.30153855812932,,0.0,0.0,1.0,28.219358717920784,89.26203427896401,16.0,0.0,92.30153855812932,20
b23ede9a183b5b71,pareto,0,0,16,True,False,False,False,1.0,0,0,92.30153855812932,,0.0,0.0,1.0,28.219358717920784,89.26203427896401,16.0,0.0,92.30153855812932,20
b23ede9a183b5b71,gt_distance,0,0,16,True,False,False,False,1.0,0,0,90.99078164228943,,0.0,0.0,1.0,10.651867795904614,89.26203427896401,16.0,0.0,90.99078164228943,20
b23ede9a183b5b71,old_pc,1,1,1,False,False,False,False,0.0,1,0,89.87125974455884,89.87125974455884,0.0,1.0,0.0,1.2700176623063173,89.26203427896401,16.0,15.0,89.87126647411347,20
fff951eab9f45288,conditional_pc,16,16,16,False,True,True,True,0.0,16,0,91.1247380195467,91.1247380195467,0.0,1.0,0.0,1.5990104090213706,90.51744566199224,,,,59
fff951eab9f45288,quality_only,16,16,16,False,True,True,True,0.0,16,0,91.12426821678557,91.12426821678557,0.0,1.0,0.0,1.6031516785497109,90.51744566199224,,,,59
fff951eab9f45288,score,0,0,16,True,False,False,False,1.0,0,0,95.93904627112263,,0.0,0.0,1.0,27.943864301090827,90.51744566199224,16.0,0.0,95.93904627112263,59
fff951eab9f45288,pareto,0,0,16,True,False,False,False,1.0,0,0,95.93904627112263,,0.0,0.0,1.0,27.943864301090827,90.51744566199224,16.0,0.0,95.93904627112263,59
fff951eab9f45288,gt_distance,0,0,16,True,False,False,False,1.0,0,0,92.60599872868238,,0.0,0.0,1.0,9.077963735433467,90.51744566199224,16.0,0.0,92.60599872868238,59
fff951eab9f45288,old_pc,1,1,1,False,False,False,False,0.0,1,0,91.35012896862544,91.35012896862544,0.0,1.0,0.0,1.7970959368766235,90.51744566199224,16.0,15.0,91.3503579674594,59
4fa9113617d254d4,conditional_pc,16,16,16,False,True,True,True,0.0,16,0,100.0,100.0,0.0,1.0,0.0,1.2182965007987403,100.0,,,,37
4fa9113617d254d4,quality_only,16,16,16,False,True,True,True,0.0,16,0,100.0,100.0,0.0,1.0,0.0,1.2182965007987403,100.0,,,,37
4fa9113617d254d4,score,0,0,16,True,False,False,False,1.0,0,0,100.0,,0.0,0.0,1.0,4.297206081455515,100.0,16.0,0.0,100.0,37
4fa9113617d254d4,pareto,1,1,16,False,False,False,False,0.9375,1,0,100.0,100.0,0.0625,0.0,0.9375,5.177183295141052,100.0,16.0,0.0,100.0,37
4fa9113617d254d4,gt_distance,2,2,16,False,False,False,False,0.875,2,0,100.0,100.0,0.0625,0.0625,0.875,4.926179687142311,100.0,16.0,0.0,100.0,37
4fa9113617d254d4,old_pc,16,16,16,False,True,True,True,0.0,16,0,100.0,100.0,0.0,1.0,0.0,1.2182965007987403,100.0,16.0,0.0,100.0,37
988785170de957da,conditional_pc,16,16,16,False,True,True,True,0.0,16,0,93.54979973569348,93.54979973569348,0.1875,0.8125,0.0,1.1385333260090793,92.67419609084918,,,,27
988785170de957da,quality_only,16,16,16,False,True,True,True,0.0,16,0,93.54979973569348,93.54979973569348,0.1875,0.8125,0.0,1.1385333260090793,92.67419609084918,,,,27
988785170de957da,score,0,0,16,True,False,False,False,1.0,0,0,95.69663547446842,,0.0,0.0,1.0,18.912153849715654,92.67419609084918,16.0,0.0,95.69663547446842,27
988785170de957da,pareto,0,0,16,True,False,False,False,1.0,0,0,95.69663547446842,,0.0,0.0,1.0,18.912153849715654,92.67419609084918,16.0,0.0,95.69663547446842,27
988785170de957da,gt_distance,0,0,16,True,False,False,False,1.0,0,0,95.62620231128604,,0.0,0.0,1.0,18.83199095463753,92.67419609084918,16.0,0.0,95.62620231128604,27
988785170de957da,old_pc,1,1,1,False,False,False,False,0.0,1,0,94.16265779426844,94.16265779426844,0.0,1.0,0.0,1.496508830271455,92.67419609084918,16.0,15.0,94.1626941653908,27
046b1cc13f0d5f9d,conditional_pc,16,16,16,False,True,True,True,0.0,16,0,100.0,100.0,0.125,0.875,0.0,1.1837369908878077,100.0,,,,32
046b1cc13f0d5f9d,quality_only,16,16,16,False,True,True,True,0.0,16,0,100.0,100.0,0.125,0.875,0.0,1.1837369908878077,100.0,,,,32
046b1cc13f0d5f9d,score,0,0,16,True,False,False,False,1.0,0,0,100.0,,0.0,0.0,1.0,14.586713125346828,100.0,16.0,0.0,100.0,32
046b1cc13f0d5f9d,pareto,2,2,16,False,False,False,False,0.875,2,0,100.0,100.0,0.0625,0.0625,0.875,16.658725202714546,100.0,16.0,0.0,100.0,32
046b1cc13f0d5f9d,gt_distance,2,2,16,False,False,False,False,0.875,2,0,100.0,100.0,0.0625,0.0625,0.875,15.454062638818396,100.0,16.0,0.0,100.0,32
046b1cc13f0d5f9d,old_pc,16,16,16,False,True,True,True,0.0,16,0,100.0,100.0,0.125,0.875,0.0,1.1837369908878077,100.0,16.0,0.0,100.0,32
d7fbd35a0f315447,conditional_pc,16,16,16,False,True,True,True,0.0,16,0,96.74835264558016,96.74835264558016,0.8125,0.1875,0.0,0.9640399707135352,96.42541019650484,,,,16
d7fbd35a0f315447,quality_only,16,16,16,False,True,True,True,0.0,16,0,96.74835264558016,96.74835264558016,0.8125,0.1875,0.0,0.9640399707135352,96.42541019650484,,,,16
d7fbd35a0f315447,score,0,0,16,True,False,False,False,1.0,0,0,98.56429233292393,,0.0,0.0,1.0,9.35796206382128,96.42541019650484,16.0,0.0,98.56429233292393,16
d7fbd35a0f315447,pareto,0,0,16,True,False,False,False,1.0,0,0,98.56429233292393,,0.0,0.0,1.0,9.35796206382128,96.42541019650484,16.0,0.0,98.56429233292393,16
d7fbd35a0f315447,gt_distance,0,0,16,True,False,False,False,1.0,0,0,98.39399454862694,,0.0,0.0,1.0,8.458602144038956,96.42541019650484,16.0,0.0,98.39399454862694,16
d7fbd35a0f315447,old_pc,1,1,1,False,False,False,False,0.0,1,0,96.77930802486604,96.77930802486604,0.0,1.0,0.0,1.0136519811071834,96.42541019650484,16.0,15.0,96.77890586986584,16
951957b841e05cfa,conditional_pc,16,16,16,False,True,True,True,0.0,16,0,88.69423136649225,88.69423136649225,0.0,1.0,0.0,1.244104706751933,87.56367288596931,,,,25
951957b841e05cfa,quality_only,16,16,16,False,True,True,True,0.0,16,0,88.69423136649225,88.69423136649225,0.0,1.0,0.0,1.244104706751933,87.56367288596931,,,,25
951957b841e05cfa,score,4,4,16,False,True,False,False,0.75,4,0,89.73634819357117,89.91979021576235,0.0,0.25,0.75,6.145996013625823,87.56367288596931,16.0,0.0,89.73634819357117,25
951957b841e05cfa,pareto,4,4,16,False,True,False,False,0.75,4,0,89.73634819357117,89.91979021576235,0.0,0.25,0.75,6.145996013625823,87.56367288596931,16.0,0.0,89.73634819357117,25
951957b841e05cfa,gt_distance,14,14,16,False,True,True,False,0.125,14,0,88.43708248705269,88.47638179582121,0.4375,0.4375,0.125,1.1421513292143666,87.56367288596931,16.0,0.0,88.43708248705269,25
951957b841e05cfa,old_pc,1,1,1,False,False,False,False,0.0,1,0,90.10920292938106,90.10920292938106,0.0,1.0,0.0,1.334753736815239,87.56367288596931,16.0,15.0,90.1095679764349,25
61db822891625c3b,conditional_pc,16,16,16,False,True,True,True,0.0,16,0,91.70585095304962,91.70585095304962,0.4375,0.5625,0.0,1.0235526167716102,91.35446961991744,,,,23
61db822891625c3b,quality_only,16,16,16,False,True,True,True,0.0,16,0,91.70585095304962,91.70585095304962,0.4375,0.5625,0.0,1.0235526167716102,91.35446961991744,,,,23
61db822891625c3b,score,0,0,16,True,False,False,False,1.0,0,0,92.32141051435404,,0.0,0.0,1.0,8.076338354326682,91.35446961991744,16.0,0.0,92.32141051435404,23
61db822891625c3b,pareto,0,0,16,True,False,False,False,1.0,0,0,92.32141051435404,,0.0,0.0,1.0,8.076338354326682,91.35446961991744,16.0,0.0,92.32141051435404,23
61db822891625c3b,gt_distance,0,0,16,True,False,False,False,1.0,0,0,92.32141051435404,,0.0,0.0,1.0,8.076338354326682,91.35446961991744,16.0,0.0,92.32141051435404,23
61db822891625c3b,old_pc,1,1,1,False,False,False,False,0.0,1,0,92.1656821704729,92.1656821704729,0.0,1.0,0.0,1.053570952374658,91.35446961991744,16.0,15.0,92.16568532943803,23
759e9e451eba5b47,conditional_pc,16,16,16,False,True,True,True,0.0,16,0,97.01912907658522,97.01912907658522,0.0,1.0,0.0,1.336952429829417,96.2037675366104,,,,37
759e9e451eba5b47,quality_only,16,16,16,False,True,True,True,0.0,16,0,97.0191290765852,97.0191290765852,0.0,1.0,0.0,1.336952429829417,96.2037675366104,,,,37
759e9e451eba5b47,score,0,0,16,True,False,False,False,1.0,0,0,100.0,,0.0,0.0,1.0,16.701818370791948,96.2037675366104,16.0,0.0,100.0,37
759e9e451eba5b47,pareto,0,0,16,True,False,False,False,1.0,0,0,100.0,,0.0,0.0,1.0,20.222601216156797,96.2037675366104,16.0,0.0,100.0,37
759e9e451eba5b47,gt_distance,10,10,16,False,True,True,False,0.375,10,0,97.88251663115092,97.651607190431,0.4375,0.1875,0.375,2.219460691394087,96.2037675366104,16.0,0.0,97.88251663115092,37
759e9e451eba5b47,old_pc,1,1,1,False,False,False,False,0.0,1,0,98.13034648843836,98.13034648843836,0.0,1.0,0.0,1.3801098227336726,96.2037675366104,16.0,15.0,98.13038277186304,37
9c05edf9d6e85716,conditional_pc,16,16,16,False,True,True,True,0.0,16,0,92.43550704077946,92.43550704077946,0.1875,0.8125,0.0,1.224412276758278,89.37431627217875,,,,25
9c05edf9d6e85716,quality_only,16,16,16,False,True,True,True,0.0,16,0,92.43550704077946,92.43550704077946,0.1875,0.8125,0.0,1.224412276758278,89.37431627217875,,,,25
9c05edf9d6e85716,score,0,0,16,True,False,False,False,1.0,0,0,100.0,,0.0,0.0,1.0,17.09397146353438,89.37431627217875,16.0,0.0,100.0,25
9c05edf9d6e85716,pareto,0,0,16,True,False,False,False,1.0,0,0,100.0,,0.0,0.0,1.0,23.403939190730384,89.37431627217875,16.0,0.0,100.0,25
9c05edf9d6e85716,gt_distance,13,13,16,False,True,True,False,0.1875,13,0,94.23076083465438,93.48882619362855,0.375,0.4375,0.1875,1.8090816429226324,89.37431627217875,16.0,0.0,94.23076083465438,25
9c05edf9d6e85716,old_pc,1,1,1,False,False,False,False,0.0,1,0,95.12646762187754,95.12646762187754,0.0,1.0,0.0,1.058306908863969,89.37431627217875,16.0,15.0,95.12657636591196,25
467bbee636b65c84,conditional_pc,16,16,16,False,True,True,True,0.0,16,0,89.58519900048381,89.58519900048381,0.5,0.5,0.0,1.0179542553382377,87.76623070555948,,,,23
467bbee636b65c84,quality_only,16,16,16,False,True,True,True,0.0,16,0,89.58519900048381,89.58519900048381,0.5,0.5,0.0,1.0179542553382377,87.76623070555948,,,,23
467bbee636b65c84,score,0,0,16,True,False,False,False,1.0,0,0,100.0,,0.0,0.0,1.0,16.136753185292946,87.76623070555948,16.0,0.0,100.0,23
467bbee636b65c84,pareto,0,0,16,True,False,False,False,1.0,0,0,100.0,,0.0,0.0,1.0,16.19085887829949,87.76623070555948,16.0,0.0,100.0,23
467bbee636b65c84,gt_distance,0,0,16,True,False,False,False,1.0,0,0,97.0033465394894,,0.0,0.0,1.0,8.916920657533614,87.76623070555948,16.0,0.0,97.0033465394894,23
467bbee636b65c84,old_pc,1,1,1,False,False,False,False,0.0,1,0,91.78979585391669,91.78979585391669,0.0,1.0,0.0,1.1172844202938752,87.76623070555948,16.0,15.0,91.79014351622902,23
4f6409df56a85592,conditional_pc,15,15,16,False,True,True,False,0.0625,15,1,86.59863080230703,86.70310157776187,0.625,0.375,0.0,0.97000154728642,85.04486081438507,,,,15
4f6409df56a85592,quality_only,15,15,16,False,True,True,False,0.0625,15,1,86.59863080230703,86.70310157776187,0.625,0.375,0.0,0.97000154728642,85.04486081438507,,,,15
4f6409df56a85592,score,5,5,16,False,True,False,False,0.6875,5,0,88.1965892246187,88.0673972193238,0.1875,0.125,0.6875,2.930266637520929,85.04486081438507,16.0,0.0,88.1965892246187,15
4f6409df56a85592,pareto,5,5,16,False,True,False,False,0.6875,5,0,88.1965892246187,88.0673972193238,0.1875,0.125,0.6875,2.930266637520929,85.04486081438507,16.0,0.0,88.1965892246187,15
4f6409df56a85592,gt_distance,5,5,16,False,True,False,False,0.6875,5,0,88.1965892246187,88.0673972193238,0.1875,0.125,0.6875,2.930266637520929,85.04486081438507,16.0,0.0,88.1965892246187,15
4f6409df56a85592,old_pc,1,1,1,False,False,False,False,0.0,1,0,88.6006406109173,88.6006406109173,0.0,1.0,0.0,1.1922784728498528,85.04486081438507,16.0,15.0,88.60219526514314,15
16ddb1838af755e3,conditional_pc,16,16,16,False,True,True,True,0.0,16,0,84.93094682808923,84.93094682808923,0.0,1.0,0.0,1.3406534183472631,83.55521090470216,,,,39
16ddb1838af755e3,quality_only,16,16,16,False,True,True,True,0.0,16,0,84.93094682808923,84.93094682808923,0.0,1.0,0.0,1.3406534183472631,83.55521090470216,,,,39
16ddb1838af755e3,score,0,0,16,True,False,False,False,1.0,0,0,92.65054158866036,,0.0,0.0,1.0,37.27534770584816,83.55521090470216,16.0,0.0,92.65054158866036,39
16ddb1838af755e3,pareto,0,0,16,True,False,False,False,1.0,0,0,92.65054158866036,,0.0,0.0,1.0,37.27534770584816,83.55521090470216,16.0,0.0,92.65054158866036,39
16ddb1838af755e3,gt_distance,0,0,16,True,False,False,False,1.0,0,0,89.38267632327504,,0.0,0.0,1.0,22.57886345552112,83.55521090470216,16.0,0.0,89.38267632327504,39
16ddb1838af755e3,old_pc,1,1,1,False,False,False,False,0.0,1,0,85.20822528788067,85.20822528788067,0.0,1.0,0.0,1.486537039797823,83.55521090470216,16.0,15.0,85.2082827327915,39
2ce59f70a15b5ddf,conditional_pc,16,16,16,False,True,True,True,0.0,16,0,100.0,100.0,0.0,1.0,0.0,1.190951235841323,100.0,,,,33
2ce59f70a15b5ddf,quality_only,16,16,16,False,True,True,True,0.0,16,0,100.0,100.0,0.0,1.0,0.0,1.190951235841323,100.0,,,,33
2ce59f70a15b5ddf,score,0,0,16,True,False,False,False,1.0,0,0,100.0,,0.0,0.0,1.0,4.664815242869273,100.0,16.0,0.0,100.0,33
2ce59f70a15b5ddf,pareto,3,3,16,False,False,False,False,0.8125,3,0,100.0,100.0,0.0,0.1875,0.8125,5.878636625796456,100.0,16.0,0.0,100.0,33
2ce59f70a15b5ddf,gt_distance,3,3,16,False,False,False,False,0.8125,3,0,100.0,100.0,0.0,0.1875,0.8125,5.60818902931409,100.0,16.0,0.0,100.0,33
2ce59f70a15b5ddf,old_pc,16,16,16,False,True,True,True,0.0,16,0,100.0,100.0,0.0,1.0,0.0,1.190951235841323,100.0,16.0,0.0,100.0,33
461fb854eaa3583e,conditional_pc,16,16,16,False,True,True,True,0.0,16,0,100.0,100.0,0.0,1.0,0.0,1.2911896591225516,100.0,,,,32
461fb854eaa3583e,quality_only,16,16,16,False,True,True,True,0.0,16,0,100.0,100.0,0.0,1.0,0.0,1.2911896591225516,100.0,,,,32
461fb854eaa3583e,score,0,0,16,True,False,False,False,1.0,0,0,100.0,,0.0,0.0,1.0,60.14329051398385,100.0,16.0,0.0,100.0,32
461fb854eaa3583e,pareto,1,1,16,False,False,False,False,0.9375,1,0,100.0,100.0,0.0,0.0625,0.9375,26.71764869554377,100.0,16.0,0.0,100.0,32
461fb854eaa3583e,gt_distance,0,0,16,True,False,False,False,1.0,0,0,100.0,,0.0,0.0,1.0,57.979326729871445,100.0,16.0,0.0,100.0,32
461fb854eaa3583e,old_pc,16,16,16,False,True,True,True,0.0,16,0,100.0,100.0,0.0,1.0,0.0,1.2911896591225516,100.0,16.0,0.0,100.0,32
8b800af555d35794,conditional_pc,16,16,16,False,True,True,True,0.0,16,0,100.0,100.0,0.0,1.0,0.0,1.255447273355044,100.0,,,,41
8b800af555d35794,quality_only,16,16,16,False,True,True,True,0.0,16,0,100.0,100.0,0.0,1.0,0.0,1.255447273355044,100.0,,,,41
8b800af555d35794,score,0,0,16,True,False,False,False,1.0,0,0,100.0,,0.0,0.0,1.0,9.28572431116095,100.0,16.0,0.0,100.0,41
8b800af555d35794,pareto,1,1,16,False,False,False,False,0.9375,1,0,100.0,100.0,0.0,0.0625,0.9375,12.008918808089073,100.0,16.0,0.0,100.0,41
8b800af555d35794,gt_distance,3,3,16,False,False,False,False,0.8125,3,0,100.0,100.0,0.0625,0.125,0.8125,8.325905104532286,100.0,16.0,0.0,100.0,41
8b800af555d35794,old_pc,16,16,16,False,True,True,True,0.0,16,0,100.0,100.0,0.0,1.0,0.0,1.255447273355044,100.0,16.0,0.0,100.0,41
2ab1b3941f7153cb,conditional_pc,16,16,16,False,True,True,True,0.0,16,0,95.3946258679851,95.3946258679851,0.3125,0.6875,0.0,1.2307832596483874,94.940702255143,,,,25
2ab1b3941f7153cb,quality_only,16,16,16,False,True,True,True,0.0,16,0,95.3946258679851,95.3946258679851,0.3125,0.6875,0.0,1.2307832596483874,94.940702255143,,,,25
2ab1b3941f7153cb,score,0,0,16,True,False,False,False,1.0,0,0,96.68843419931636,,0.0,0.0,1.0,11.406627124514042,94.940702255143,16.0,0.0,96.68843419931636,25
2ab1b3941f7153cb,pareto,0,0,16,True,False,False,False,1.0,0,0,96.68843419931636,,0.0,0.0,1.0,11.406627124514042,94.940702255143,16.0,0.0,96.68843419931636,25
2ab1b3941f7153cb,gt_distance,0,0,16,True,False,False,False,1.0,0,0,96.68843419931636,,0.0,0.0,1.0,11.406627124514042,94.940702255143,16.0,0.0,96.68843419931636,25
2ab1b3941f7153cb,old_pc,1,1,1,False,False,False,False,0.0,1,0,95.79194852212513,95.79194852212513,0.0,1.0,0.0,1.3084736918204287,94.940702255143,16.0,15.0,95.79197382374748,25
4bc510a669d8549f,conditional_pc,10,10,10,False,True,True,False,0.0,10,0,99.7167106179831,99.7167106179831,0.1,0.9,0.0,1.3420598293445352,57.89817090840405,,,,10
4bc510a669d8549f,quality_only,10,10,10,False,True,True,False,0.0,10,0,99.7167106179831,99.7167106179831,0.1,0.9,0.0,1.3420598293445352,57.89817090840405,,,,10
4bc510a669d8549f,score,4,4,16,False,True,False,False,0.75,4,0,99.96140157250304,99.92395347366538,0.0,0.25,0.75,3.6427711903585007,57.89817090840405,16.0,0.0,99.96140157250304,10
4bc510a669d8549f,pareto,3,3,16,False,False,False,False,0.8125,3,0,92.17839719348056,99.951451698563,0.0625,0.3125,0.625,3.3093572237824964,57.89817090840405,16.0,0.0,92.17839719348056,10
4bc510a669d8549f,gt_distance,3,3,16,False,False,False,False,0.8125,3,0,71.34506386014723,99.951451698563,0.3125,0.5625,0.125,1.5987500821951377,57.89817090840405,16.0,0.0,71.34506386014723,10
4bc510a669d8549f,old_pc,3,3,3,False,False,False,False,0.0,3,0,99.951451698563,99.951451698563,0.0,1.0,0.0,1.3659374851404549,57.89817090840405,16.0,13.0,99.95447675660904,10
3387bab95d41528a,conditional_pc,16,16,16,False,True,True,True,0.0,16,0,100.0,100.0,0.5,0.5,0.0,1.0491563329642024,100.0,,,,21
3387bab95d41528a,quality_only,16,16,16,False,True,True,True,0.0,16,0,100.0,100.0,0.5,0.5,0.0,1.0491563329642024,100.0,,,,21
3387bab95d41528a,score,0,0,16,True,False,False,False,1.0,0,0,100.0,,0.0,0.0,1.0,26.751985922538942,100.0,16.0,0.0,100.0,21
3387bab95d41528a,pareto,1,1,16,False,False,False,False,0.9375,1,0,100.0,100.0,0.0,0.0625,0.9375,14.244873480400267,100.0,16.0,0.0,100.0,21
3387bab95d41528a,gt_distance,0,0,16,True,False,False,False,1.0,0,0,100.0,,0.0,0.0,1.0,24.77722091516585,100.0,16.0,0.0,100.0,21
3387bab95d41528a,old_pc,16,16,16,False,True,True,True,0.0,16,0,100.0,100.0,0.5,0.5,0.0,1.0491563329642024,100.0,16.0,0.0,100.0,21
e5acc98f52f458cc,conditional_pc,16,16,16,False,True,True,True,0.0,16,0,97.77900829529976,97.77900829529976,0.0,1.0,0.0,1.3511809478295111,96.70243625223456,,,,35
e5acc98f52f458cc,quality_only,16,16,16,False,True,True,True,0.0,16,0,97.77900829529976,97.77900829529976,0.0,1.0,0.0,1.3511809478295111,96.70243625223456,,,,35
e5acc98f52f458cc,score,0,0,16,True,False,False,False,1.0,0,0,100.0,,0.0,0.0,1.0,22.112142651488465,96.70243625223456,16.0,0.0,100.0,35
e5acc98f52f458cc,pareto,0,0,16,True,False,False,False,1.0,0,0,100.0,,0.0,0.0,1.0,21.131006681722656,96.70243625223456,16.0,0.0,100.0,35
e5acc98f52f458cc,gt_distance,0,0,16,True,False,False,False,1.0,0,0,98.74209037389892,,0.0,0.0,1.0,5.677059887366813,96.70243625223456,16.0,0.0,98.74209037389892,35
e5acc98f52f458cc,old_pc,1,1,1,False,False,False,False,0.0,1,0,98.39509616331613,98.39509616331613,0.0,1.0,0.0,1.6605791790014772,96.70243625223456,16.0,15.0,98.39545538910032,35
3e9026530c475726,conditional_pc,16,16,16,False,True,True,True,0.0,16,0,96.45069084589664,96.45069084589664,0.375,0.625,0.0,1.0634317776985138,96.2850019937556,,,,22
3e9026530c475726,quality_only,16,16,16,False,True,True,True,0.0,16,0,96.45069084589664,96.45069084589664,0.375,0.625,0.0,1.063431777698514,96.2850019937556,,,,22
3e9026530c475726,score,0,0,16,True,False,False,False,1.0,0,0,97.9293517682787,,0.0,0.0,1.0,24.353568684048216,96.2850019937556,16.0,0.0,97.9293517682787,22
3e9026530c475726,pareto,0,0,16,True,False,False,False,1.0,0,0,97.9293517682787,,0.0,0.0,1.0,24.353568684048216,96.2850019937556,16.0,0.0,97.9293517682787,22
3e9026530c475726,gt_distance,0,0,16,True,False,False,False,1.0,0,0,96.93823708430445,,0.0,0.0,1.0,7.289214931916442,96.2850019937556,16.0,0.0,96.93823708430445,22
3e9026530c475726,old_pc,1,1,1,False,False,False,False,0.0,1,0,96.68106296885914,96.68106296885914,0.0,1.0,0.0,1.1140967590124071,96.2850019937556,16.0,15.0,96.68105082860995,22
2ae0a44cc4de5c4a,conditional_pc,16,16,16,False,True,True,True,0.0,16,0,100.0,100.0,0.0,1.0,0.0,1.2936553606997656,100.0,,,,41
2ae0a44cc4de5c4a,quality_only,16,16,16,False,True,True,True,0.0,16,0,100.0,100.0,0.0,1.0,0.0,1.2936553606997656,100.0,,,,41
2ae0a44cc4de5c4a,score,0,0,16,True,False,False,False,1.0,0,0,100.0,,0.0,0.0,1.0,4.524420550078018,100.0,16.0,0.0,100.0,41
2ae0a44cc4de5c4a,pareto,3,3,16,False,False,False,False,0.8125,3,0,100.0,100.0,0.0625,0.125,0.8125,9.636582836864472,100.0,16.0,0.0,100.0,41
2ae0a44cc4de5c4a,gt_distance,5,5,16,False,True,False,False,0.6875,5,0,100.0,100.0,0.125,0.1875,0.6875,4.454443799762675,100.0,16.0,0.0,100.0,41
2ae0a44cc4de5c4a,old_pc,16,16,16,False,True,True,True,0.0,16,0,100.0,100.0,0.0,1.0,0.0,1.2936553606997656,100.0,16.0,0.0,100.0,41
cc94486698ff58d1,conditional_pc,16,16,16,False,True,True,True,0.0,16,0,92.56030195528682,92.56030195528682,0.0,1.0,0.0,1.2158824120816143,91.98209496610578,,,,25
cc94486698ff58d1,quality_only,16,16,16,False,True,True,True,0.0,16,0,92.56030195528682,92.56030195528682,0.0,1.0,0.0,1.2158824120816143,91.98209496610578,,,,25
cc94486698ff58d1,score,0,0,16,True,False,False,False,1.0,0,0,98.87802417929812,,0.0,0.0,1.0,21.593610079922723,91.98209496610578,16.0,0.0,98.87802417929812,25
cc94486698ff58d1,pareto,0,0,16,True,False,False,False,1.0,0,0,98.87802417929812,,0.0,0.0,1.0,21.593610079922723,91.98209496610578,16.0,0.0,98.87802417929812,25
cc94486698ff58d1,gt_distance,0,0,16,True,False,False,False,1.0,0,0,94.41237427397364,,0.0,0.0,1.0,5.7346783735684825,91.98209496610578,16.0,0.0,94.41237427397364,25
cc94486698ff58d1,old_pc,1,1,1,False,False,False,False,0.0,1,0,93.09643128194588,93.09643128194588,0.0,1.0,0.0,1.0233565754043916,91.98209496610578,16.0,15.0,93.09648999964035,25
969763763ce754a4,conditional_pc,16,16,16,False,True,True,True,0.0,16,0,100.0,100.0,0.0625,0.9375,0.0,1.1986156651852211,100.0,,,,32
969763763ce754a4,quality_only,16,16,16,False,True,True,True,0.0,16,0,100.0,100.0,0.0625,0.9375,0.0,1.1986156651852211,100.0,,,,32
969763763ce754a4,score,0,0,16,True,False,False,False,1.0,0,0,100.0,,0.0,0.0,1.0,7.404888110690178,100.0,16.0,0.0,100.0,32
969763763ce754a4,pareto,2,2,16,False,False,False,False,0.875,2,0,100.0,100.0,0.0625,0.0625,0.875,9.845009348596294,100.0,16.0,0.0,100.0,32
969763763ce754a4,gt_distance,3,3,16,False,False,False,False,0.8125,3,0,100.0,100.0,0.0625,0.125,0.8125,9.863647720507062,100.0,16.0,0.0,100.0,32
969763763ce754a4,old_pc,16,16,16,False,True,True,True,0.0,16,0,100.0,100.0,0.0625,0.9375,0.0,1.1989836467623762,100.0,16.0,0.0,100.0,32
ff6ab495a139534e,conditional_pc,16,16,16,False,True,True,True,0.0,16,0,79.55689000232607,79.55689000232607,0.5625,0.4375,0.0,1.026255873779799,78.49750583370886,,,,23
ff6ab495a139534e,quality_only,16,16,16,False,True,True,True,0.0,16,0,79.55689000232607,79.55689000232607,0.5625,0.4375,0.0,1.026255873779799,78.49750583370886,,,,23
ff6ab495a139534e,score,0,0,16,True,False,False,False,1.0,0,0,99.74755795753924,,0.0,0.0,1.0,38.33513274222548,78.49750583370886,16.0,0.0,99.74755795753924,23
ff6ab495a139534e,pareto,0,0,16,True,False,False,False,1.0,0,0,99.74755795753924,,0.0,0.0,1.0,38.33513274222548,78.49750583370886,16.0,0.0,99.74755795753924,23
ff6ab495a139534e,gt_distance,0,0,16,True,False,False,False,1.0,0,0,85.80927248832072,,0.0,0.0,1.0,9.720565359865567,78.49750583370886,16.0,0.0,85.80927248832072,23
ff6ab495a139534e,old_pc,1,1,1,False,False,False,False,0.0,1,0,81.54466744381722,81.54466744381722,0.0,1.0,0.0,1.4578373072716262,78.49750583370886,16.0,15.0,81.54501394429326,23
70248e0bb43a503b,conditional_pc,16,16,16,False,True,True,True,0.0,16,0,100.0,100.0,0.0,1.0,0.0,1.170210438759156,100.0,,,,43
70248e0bb43a503b,quality_only,16,16,16,False,True,True,True,0.0,16,0,100.0,100.0,0.0,1.0,0.0,1.170210438759156,100.0,,,,43
70248e0bb43a503b,score,7,7,16,False,True,False,False,0.5625,7,0,100.0,100.0,0.0,0.4375,0.5625,1.5064296329773406,100.0,16.0,0.0,100.0,43
70248e0bb43a503b,pareto,1,1,16,False,False,False,False,0.9375,1,0,100.0,100.0,0.0,0.0625,0.9375,9.045562545539386,100.0,16.0,0.0,100.0,43
70248e0bb43a503b,gt_distance,2,2,16,False,False,False,False,0.875,2,0,100.0,100.0,0.0,0.125,0.875,5.202860820079306,100.0,16.0,0.0,100.0,43
70248e0bb43a503b,old_pc,16,16,16,False,True,True,True,0.0,16,0,100.0,100.0,0.0,1.0,0.0,1.170210438759156,100.0,16.0,0.0,100.0,43
2a2403c9b08b53ac,conditional_pc,16,16,16,False,True,True,True,0.0,16,0,95.69789824343904,95.69789824343904,0.3125,0.6875,0.0,1.0905657147164032,95.234204649363,,,,22
2a2403c9b08b53ac,quality_only,16,16,16,False,True,True,True,0.0,16,0,95.69789824343904,95.69789824343904,0.3125,0.6875,0.0,1.0905657147164034,95.234204649363,,,,22
2a2403c9b08b53ac,score,0,0,16,True,False,False,False,1.0,0,0,96.16310995569334,,0.0,0.0,1.0,5.4315253189216985,95.234204649363,16.0,0.0,96.16310995569334,22
2a2403c9b08b53ac,pareto,0,0,16,True,False,False,False,1.0,0,0,96.16310995569334,,0.0,0.0,1.0,5.4315253189216985,95.234204649363,16.0,0.0,96.16310995569334,22
2a2403c9b08b53ac,gt_distance,1,1,16,False,False,False,False,0.9375,1,0,96.04661396420782,95.9863015424657,0.0,0.0625,0.9375,3.3175108199760945,95.234204649363,16.0,0.0,96.04661396420782,22
2a2403c9b08b53ac,old_pc,1,1,1,False,False,False,False,0.0,1,0,95.9863015424657,95.9863015424657,0.0,1.0,0.0,1.4923369813985252,95.234204649363,16.0,15.0,95.986358790206,22
854169aa74e95251,conditional_pc,16,16,16,False,True,True,True,0.0,16,0,95.68374504869612,95.68374504869612,0.625,0.375,0.0,0.9688768550823494,95.38743063038105,,,,18
854169aa74e95251,quality_only,16,16,16,False,True,True,True,0.0,16,0,95.68374504869612,95.68374504869612,0.625,0.375,0.0,0.9688768550823494,95.38743063038105,,,,18
854169aa74e95251,score,12,12,16,False,True,True,False,0.25,12,0,95.80585404306628,95.76034480387555,0.5,0.25,0.25,2.404163477702069,95.38743063038105,16.0,0.0,95.80585404306628,18
854169aa74e95251,pareto,4,4,16,False,True,False,False,0.75,4,0,76.09701703118283,95.83341695667932,0.125,0.125,0.75,16.62557755073683,95.38743063038105,16.0,0.0,76.09701703118283,18
854169aa74e95251,gt_distance,0,0,16,True,False,False,False,1.0,0,0,93.44425686515358,,0.0,0.0,1.0,19.579759518972267,95.38743063038105,16.0,0.0,93.44425686515358,18
854169aa74e95251,old_pc,1,1,1,False,False,False,False,0.0,1,0,95.89955662171938,95.89955662171938,0.0,1.0,0.0,1.160338249924202,95.38743063038105,16.0,15.0,95.89956925272894,18
93a9927586995095,conditional_pc,16,16,16,False,True,True,True,0.0,16,0,100.0,100.0,0.0,1.0,0.0,1.1919171201153,100.0,,,,30
93a9927586995095,quality_only,16,16,16,False,True,True,True,0.0,16,0,100.0,100.0,0.0,1.0,0.0,1.1919171201153,100.0,,,,30
93a9927586995095,score,0,0,16,True,False,False,False,1.0,0,0,100.0,,0.0,0.0,1.0,4.725425428043407,100.0,16.0,0.0,100.0,30
93a9927586995095,pareto,1,1,16,False,False,False,False,0.9375,1,0,100.0,100.0,0.0,0.0625,0.9375,17.128987071927995,100.0,16.0,0.0,100.0,30
93a9927586995095,gt_distance,1,1,16,False,False,False,False,0.9375,1,0,100.0,100.0,0.0,0.0625,0.9375,15.464995425889851,100.0,16.0,0.0,100.0,30
93a9927586995095,old_pc,16,16,16,False,True,True,True,0.0,16,0,100.0,100.0,0.0,1.0,0.0,1.1919171201153,100.0,16.0,0.0,100.0,30
af62d866653053f6,conditional_pc,16,16,16,False,True,True,True,0.0,16,0,87.69460244154368,87.69460244154368,0.625,0.375,0.0,1.0193032266315976,87.39523009437052,,,,17
af62d866653053f6,quality_only,16,16,16,False,True,True,True,0.0,16,0,87.69460244154368,87.69460244154368,0.625,0.375,0.0,1.0193032266315976,87.39523009437052,,,,17
af62d866653053f6,score,0,0,16,True,False,False,False,1.0,0,0,100.0,,0.0,0.0,1.0,12.048382361310065,87.39523009437052,16.0,0.0,100.0,17
af62d866653053f6,pareto,0,0,16,True,False,False,False,1.0,0,0,100.0,,0.0,0.0,1.0,11.758146727348317,87.39523009437052,16.0,0.0,100.0,17
af62d866653053f6,gt_distance,0,0,16,True,False,False,False,1.0,0,0,88.24059150331425,,0.0,0.0,1.0,6.481026037988988,87.39523009437052,16.0,0.0,88.24059150331425,17
af62d866653053f6,old_pc,1,1,1,False,False,False,False,0.0,1,0,88.06127546368215,88.06127546368215,0.0,1.0,0.0,1.325421345244027,87.39523009437052,16.0,15.0,88.0608678720144,17
17d296a87fb45380,conditional_pc,16,16,16,False,True,True,True,0.0,16,0,96.46187662348936,96.46187662348936,0.5,0.5,0.0,0.9822567513436266,96.25550428025994,,,,24
17d296a87fb45380,quality_only,16,16,16,False,True,True,True,0.0,16,0,96.46187662348936,96.46187662348936,0.5,0.5,0.0,0.9822567513436266,96.25550428025994,,,,24
17d296a87fb45380,score,0,0,16,True,False,False,False,1.0,0,0,99.84875410671474,,0.0,0.0,1.0,44.006106460689786,96.25550428025994,16.0,0.0,99.84875410671474,24
17d296a87fb45380,pareto,0,0,16,True,False,False,False,1.0,0,0,99.84875410671474,,0.0,0.0,1.0,44.00610646068979,96.25550428025994,16.0,0.0,99.84875410671474,24
17d296a87fb45380,gt_distance,0,0,16,True,False,False,False,1.0,0,0,97.3640776759724,,0.0,0.0,1.0,10.813888393366,96.25550428025994,16.0,0.0,97.3640776759724,24
17d296a87fb45380,old_pc,1,1,1,False,False,False,False,0.0,1,0,96.69011189694967,96.69011189694967,0.0,1.0,0.0,1.1565291622057965,96.25550428025994,16.0,15.0,96.69011223999748,24
5370751917315916,conditional_pc,16,16,16,False,True,True,True,0.0,16,0,100.0,100.0,0.0,1.0,0.0,1.3384924401071243,100.0,,,,30
5370751917315916,quality_only,16,16,16,False,True,True,True,0.0,16,0,100.0,100.0,0.0,1.0,0.0,1.3384924401071243,100.0,,,,30
5370751917315916,score,0,0,16,True,False,False,False,1.0,0,0,100.0,,0.0,0.0,1.0,4.883900544091304,100.0,16.0,0.0,100.0,30
5370751917315916,pareto,2,2,16,False,False,False,False,0.875,2,0,100.0,100.0,0.125,0.0,0.875,6.393793470570428,100.0,16.0,0.0,100.0,30
5370751917315916,gt_distance,3,3,16,False,False,False,False,0.8125,3,0,100.0,100.0,0.0625,0.125,0.8125,4.798476218959654,100.0,16.0,0.0,100.0,30
5370751917315916,old_pc,16,16,16,False,True,True,True,0.0,16,0,100.0,100.0,0.0,1.0,0.0,1.3384924401071243,100.0,16.0,0.0,100.0,30
adaf33e4ba555709,conditional_pc,16,16,16,False,True,True,True,0.0,16,0,99.0205877076506,99.0205877076506,0.5,0.5,0.0,1.0497015608811917,97.86675007060228,,,,22
adaf33e4ba555709,quality_only,16,16,16,False,True,True,True,0.0,16,0,99.0205877076506,99.0205877076506,0.5,0.5,0.0,1.0497015608811917,97.86675007060228,,,,22
adaf33e4ba555709,score,11,11,16,False,True,True,False,0.3125,11,0,99.42834528135324,99.3277723489827,0.375,0.3125,0.3125,2.524157452259561,97.86675007060228,16.0,0.0,99.42834528135324,22
adaf33e4ba555709,pareto,9,9,16,False,True,True,False,0.4375,9,0,91.80286471482285,99.4026784008342,0.375,0.375,0.25,2.032228630398341,97.86675007060228,16.0,0.0,91.80286471482285,22
adaf33e4ba555709,gt_distance,15,15,16,False,True,True,False,0.0625,15,0,98.78652753060231,98.79297309150068,0.6875,0.25,0.0625,0.9923156305843924,97.86675007060228,16.0,0.0,98.78652753060231,22
adaf33e4ba555709,old_pc,1,1,1,False,False,False,False,0.0,1,0,99.78678006679417,99.78678006679417,0.0,1.0,0.0,1.1425826293982326,97.86675007060228,16.0,15.0,99.78690196944385,22
1aa0acb229945e9b,conditional_pc,16,16,16,False,True,True,True,0.0,16,0,98.76071007792098,98.76071007792098,0.375,0.625,0.0,1.1220065538549306,98.27957251317076,,,,22
1aa0acb229945e9b,quality_only,16,16,16,False,True,True,True,0.0,16,0,98.76071007792098,98.76071007792098,0.375,0.625,0.0,1.1220065538549306,98.27957251317076,,,,22
1aa0acb229945e9b,score,0,0,16,True,False,False,False,1.0,0,0,99.96341795735611,,0.0,0.0,1.0,16.81750854208439,98.27957251317076,16.0,0.0,99.96341795735611,22
1aa0acb229945e9b,pareto,0,0,16,True,False,False,False,1.0,0,0,99.96341795735611,,0.0,0.0,1.0,16.81750854208439,98.27957251317076,16.0,0.0,99.96341795735611,22
1aa0acb229945e9b,gt_distance,10,10,16,False,True,True,False,0.375,10,0,98.41989280204366,98.56629439716971,0.625,0.3125,0.0625,0.9724925356216456,98.27957251317076,16.0,0.0,98.41989280204366,22
1aa0acb229945e9b,old_pc,1,1,1,False,False,False,False,0.0,1,0,99.08764884954938,99.08764884954938,0.0,1.0,0.0,1.3821297656296718,98.27957251317076,16.0,15.0,99.08768658125643,22
fad9e78a17825042,conditional_pc,16,16,16,False,True,True,True,0.0,16,0,90.78812016174987,90.78812016174987,0.3125,0.6875,0.0,1.0863395096050523,89.40699661399076,,,,20
fad9e78a17825042,quality_only,16,16,16,False,True,True,True,0.0,16,0,90.78812016174987,90.78812016174987,0.3125,0.6875,0.0,1.0863395096050523,89.40699661399076,,,,20
fad9e78a17825042,score,0,0,16,True,False,False,False,1.0,0,0,100.0,,0.0,0.0,1.0,34.97583117901438,89.40699661399076,16.0,0.0,100.0,20
fad9e78a17825042,pareto,0,0,16,True,False,False,False,1.0,0,0,100.0,,0.0,0.0,1.0,35.09123157173802,89.40699661399076,16.0,0.0,100.0,20
fad9e78a17825042,gt_distance,0,0,16,True,False,False,False,1.0,0,0,96.35478412743105,,0.0,0.0,1.0,13.417058204873063,89.40699661399076,16.0,0.0,96.35478412743105,20
fad9e78a17825042,old_pc,1,1,1,False,False,False,False,0.0,1,0,92.09577662542142,92.09577662542142,0.0,1.0,0.0,1.3099125918261088,89.40699661399076,16.0,15.0,92.09587013237476,20
4eaf32face4b5ece,conditional_pc,16,16,16,False,True,True,True,0.0,16,0,100.0,100.0,0.125,0.875,0.0,1.263369236065377,100.0,,,,30
4eaf32face4b5ece,quality_only,16,16,16,False,True,True,True,0.0,16,0,100.0,100.0,0.125,0.875,0.0,1.263369236065377,100.0,,,,30
4eaf32face4b5ece,score,0,0,16,True,False,False,False,1.0,0,0,100.0,,0.0,0.0,1.0,6.809704668814524,100.0,16.0,0.0,100.0,30
4eaf32face4b5ece,pareto,2,2,16,False,False,False,False,0.875,2,0,100.0,100.0,0.0,0.125,0.875,7.372891049536689,100.0,16.0,0.0,100.0,30
4eaf32face4b5ece,gt_distance,3,3,16,False,False,False,False,0.8125,3,0,100.0,100.0,0.125,0.0625,0.8125,6.1412050053711,100.0,16.0,0.0,100.0,30
4eaf32face4b5ece,old_pc,16,16,16,False,True,True,True,0.0,16,0,100.0,100.0,0.125,0.875,0.0,1.263369236065377,100.0,16.0,0.0,100.0,30
2db045daf25c5bb7,conditional_pc,16,16,16,False,True,True,True,0.0,16,0,92.7866739846833,92.7866739846833,0.1875,0.8125,0.0,1.1867036700296156,92.0051035720245,,,,24
2db045daf25c5bb7,quality_only,16,16,16,False,True,True,True,0.0,16,0,92.7866739846833,92.7866739846833,0.1875,0.8125,0.0,1.1867036700296156,92.0051035720245,,,,24
2db045daf25c5bb7,score,0,0,16,True,False,False,False,1.0,0,0,97.33216595063456,,0.0,0.0,1.0,22.983403536105925,92.0051035720245,16.0,0.0,97.33216595063456,24
2db045daf25c5bb7,pareto,0,0,16,True,False,False,False,1.0,0,0,97.33216595063456,,0.0,0.0,1.0,22.983403536105925,92.0051035720245,16.0,0.0,97.33216595063456,24
2db045daf25c5bb7,gt_distance,16,16,16,False,True,True,True,0.0,16,0,92.4580457789952,92.4580457789952,0.5,0.5,0.0,1.0502071577263266,92.0051035720245,16.0,0.0,92.4580457789952,24
2db045daf25c5bb7,old_pc,1,1,1,False,False,False,False,0.0,1,0,93.86030586960892,93.86030586960892,0.0,1.0,0.0,1.355906298411447,92.0051035720245,16.0,15.0,93.86034540909058,24
b23f3d728c08529f,conditional_pc,16,16,16,False,True,True,True,0.0,16,0,100.0,100.0,0.0,1.0,0.0,1.4156525039242016,100.0,,,,53
b23f3d728c08529f,quality_only,16,16,16,False,True,True,True,0.0,16,0,100.0,100.0,0.0,1.0,0.0,1.4156525039242016,100.0,,,,53
b23f3d728c08529f,score,0,0,16,True,False,False,False,1.0,0,0,100.0,,0.0,0.0,1.0,3.233828531317643,100.0,16.0,0.0,100.0,53
b23f3d728c08529f,pareto,3,3,16,False,False,False,False,0.8125,3,0,100.0,100.0,0.0,0.1875,0.8125,3.8013483367807326,100.0,16.0,0.0,100.0,53
b23f3d728c08529f,gt_distance,4,4,16,False,True,False,False,0.75,4,0,100.0,100.0,0.0,0.25,0.75,3.657560291881925,100.0,16.0,0.0,100.0,53
b23f3d728c08529f,old_pc,16,16,16,False,True,True,True,0.0,16,0,100.0,100.0,0.0,1.0,0.0,1.4156525039242016,100.0,16.0,0.0,100.0,53
dc76a771066b5553,conditional_pc,16,16,16,False,True,True,True,0.0,16,0,92.43159291677644,92.43159291677644,0.6875,0.3125,0.0,1.022442338106908,92.20100488488116,,,,21
dc76a771066b5553,quality_only,16,16,16,False,True,True,True,0.0,16,0,92.43159291677644,92.43159291677644,0.6875,0.3125,0.0,1.022442338106908,92.20100488488116,,,,21
dc76a771066b5553,score,0,0,16,True,False,False,False,1.0,0,0,95.53960015833437,,0.0,0.0,1.0,49.52231692572465,92.20100488488116,16.0,0.0,95.53960015833437,21
dc76a771066b5553,pareto,0,0,16,True,False,False,False,1.0,0,0,95.53960015833437,,0.0,0.0,1.0,49.52231692572465,92.20100488488116,16.0,0.0,95.53960015833437,21
dc76a771066b5553,gt_distance,0,0,16,True,False,False,False,1.0,0,0,93.69001556792084,,0.0,0.0,1.0,15.170634228239487,92.20100488488116,16.0,0.0,93.69001556792084,21
dc76a771066b5553,old_pc,1,1,1,False,False,False,False,0.0,1,0,92.66380730409396,92.66380730409396,0.0,1.0,0.0,1.311105633243555,92.20100488488116,16.0,15.0,92.66379378361246,21
d76b0458667c59a2,conditional_pc,16,16,16,False,True,True,True,0.0,16,0,100.0,100.0,0.25,0.75,0.0,1.046089145550094,100.0,,,,31
d76b0458667c59a2,quality_only,16,16,16,False,True,True,True,0.0,16,0,100.0,100.0,0.25,0.75,0.0,1.046089145550094,100.0,,,,31
d76b0458667c59a2,score,0,0,16,True,False,False,False,1.0,0,0,100.0,,0.0,0.0,1.0,8.312268929491685,100.0,16.0,0.0,100.0,31
d76b0458667c59a2,pareto,1,1,16,False,False,False,False,0.9375,1,0,100.0,100.0,0.0625,0.0,0.9375,17.923462429015522,100.0,16.0,0.0,100.0,31
d76b0458667c59a2,gt_distance,1,1,16,False,False,False,False,0.9375,1,0,100.0,100.0,0.0625,0.0,0.9375,16.785163507584567,100.0,16.0,0.0,100.0,31
d76b0458667c59a2,old_pc,16,16,16,False,True,True,True,0.0,16,0,100.0,100.0,0.25,0.75,0.0,1.046089145550094,100.0,16.0,0.0,100.0,31
8cf3b1868b2f5262,conditional_pc,16,16,16,False,True,True,True,0.0,16,0,98.64766205092155,98.64766205092155,0.25,0.75,0.0,1.1392205053562758,96.30365418726116,,,,25
8cf3b1868b2f5262,quality_only,16,16,16,False,True,True,True,0.0,16,0,98.64766205092155,98.64766205092155,0.25,0.75,0.0,1.1392205053562758,96.30365418726116,,,,25
8cf3b1868b2f5262,score,7,7,16,False,True,False,False,0.5625,7,0,100.0,100.0,0.1875,0.25,0.5625,6.650828044645124,96.30365418726116,16.0,0.0,100.0,25
8cf3b1868b2f5262,pareto,2,2,16,False,False,False,False,0.875,2,0,100.0,100.0,0.0625,0.0625,0.875,8.534039390388868,96.30365418726116,16.0,0.0,100.0,25
8cf3b1868b2f5262,gt_distance,0,0,16,True,False,False,False,1.0,0,0,91.18664848279072,,0.0,0.0,1.0,4.472078094763619,96.30365418726116,16.0,0.0,91.18664848279072,25
8cf3b1868b2f5262,old_pc,7,7,7,False,True,False,False,0.0,7,0,100.0,100.0,0.4285714285714285,0.5714285714285714,0.0,1.1270865477927758,96.30365418726116,16.0,9.0,100.0,25
990bd9b32e5d5f60,conditional_pc,16,16,16,False,True,True,True,0.0,16,0,91.89606096366676,91.89606096366676,0.125,0.875,0.0,1.200308291741723,91.18154670023245,,,,28
990bd9b32e5d5f60,quality_only,16,16,16,False,True,True,True,0.0,16,0,91.89606096366676,91.89606096366676,0.125,0.875,0.0,1.200308291741723,91.18154670023245,,,,28
990bd9b32e5d5f60,score,2,2,16,False,False,False,False,0.875,2,0,93.1122262815855,93.1953680863263,0.0,0.125,0.875,6.104347841266078,91.18154670023245,16.0,0.0,93.1122262815855,28
990bd9b32e5d5f60,pareto,2,2,16,False,False,False,False,0.875,2,0,93.1122262815855,93.1953680863263,0.0,0.125,0.875,6.104347841266078,91.18154670023245,16.0,0.0,93.1122262815855,28
990bd9b32e5d5f60,gt_distance,2,2,16,False,False,False,False,0.875,2,0,93.1122262815855,93.1953680863263,0.0,0.125,0.875,6.104347841266078,91.18154670023245,16.0,0.0,93.1122262815855,28
990bd9b32e5d5f60,old_pc,1,1,1,False,False,False,False,0.0,1,0,93.47442373290366,93.47442373290366,0.0,1.0,0.0,1.2725289307022365,91.18154670023245,16.0,15.0,93.47448559961876,28
6320ecb991675a39,conditional_pc,16,16,16,False,True,True,True,0.0,16,0,87.1493018419635,87.1493018419635,0.125,0.875,0.0,1.1774891091945117,86.93690413196681,,,,26
6320ecb991675a39,quality_only,16,16,16,False,True,True,True,0.0,16,0,87.1493018419635,87.1493018419635,0.125,0.875,0.0,1.1774891091945117,86.93690413196681,,,,26
6320ecb991675a39,score,0,0,16,True,False,False,False,1.0,0,0,91.55270553902731,,0.0,0.0,1.0,37.719888980685504,86.93690413196681,16.0,0.0,91.55270553902731,26
6320ecb991675a39,pareto,0,0,16,True,False,False,False,1.0,0,0,91.55270553902731,,0.0,0.0,1.0,37.719888980685504,86.93690413196681,16.0,0.0,91.55270553902731,26
6320ecb991675a39,gt_distance,11,11,16,False,True,True,False,0.3125,11,0,87.49577496144269,87.3030003183764,0.3125,0.375,0.3125,2.611239987199017,86.93690413196681,16.0,0.0,87.49577496144269,26
6320ecb991675a39,old_pc,1,1,1,False,False,False,False,0.0,1,0,87.44099759048053,87.44099759048053,0.0,1.0,0.0,1.2143897850139642,86.93690413196681,16.0,15.0,87.44100422362182,26
66243e185353563a,conditional_pc,16,16,16,False,True,True,True,0.0,16,0,88.8393757601444,88.8393757601444,0.5625,0.4375,0.0,1.0890059614534802,88.4981573966522,,,,20
66243e185353563a,quality_only,16,16,16,False,True,True,True,0.0,16,0,88.8393757601444,88.8393757601444,0.5625,0.4375,0.0,1.0890059614534802,88.4981573966522,,,,20
66243e185353563a,score,0,0,16,True,False,False,False,1.0,0,0,93.49111585367676,,0.0,0.0,1.0,18.09239143361637,88.4981573966522,16.0,0.0,93.49111585367676,20
66243e185353563a,pareto,0,0,16,True,False,False,False,1.0,0,0,93.49111585367676,,0.0,0.0,1.0,18.09239143361637,88.4981573966522,16.0,0.0,93.49111585367676,20
66243e185353563a,gt_distance,0,0,16,True,False,False,False,1.0,0,0,87.46289436559891,,0.0625,0.1875,0.75,3.999679247235714,88.4981573966522,16.0,0.0,87.46289436559891,20
66243e185353563a,old_pc,1,1,1,False,False,False,False,0.0,1,0,89.24687706203804,89.24687706203804,0.0,1.0,0.0,1.402115839032963,88.4981573966522,16.0,15.0,89.24673179024033,20
cde84b97e6505437,conditional_pc,16,16,16,False,True,True,True,0.0,16,0,90.40906995269182,90.40906995269182,0.125,0.875,0.0,1.176086236171162,89.53218081695674,,,,29
cde84b97e6505437,quality_only,16,16,16,False,True,True,True,0.0,16,0,90.40906995269182,90.40906995269182,0.125,0.875,0.0,1.176086236171162,89.53218081695674,,,,29
cde84b97e6505437,score,0,0,16,True,False,False,False,1.0,0,0,91.92573479824452,,0.0,0.0,1.0,10.454757008205384,89.53218081695674,16.0,0.0,91.92573479824452,29
cde84b97e6505437,pareto,0,0,16,True,False,False,False,1.0,0,0,91.92573479824452,,0.0,0.0,1.0,10.454757008205384,89.53218081695674,16.0,0.0,91.92573479824452,29
cde84b97e6505437,gt_distance,0,0,16,True,False,False,False,1.0,0,0,91.92573479824452,,0.0,0.0,1.0,10.454757008205384,89.53218081695674,16.0,0.0,91.92573479824452,29
cde84b97e6505437,old_pc,1,1,1,False,False,False,False,0.0,1,0,91.24851896572224,91.24851896572224,0.0,1.0,0.0,1.6254261634951523,89.53218081695674,16.0,15.0,91.24855322458764,29
d968f9c81b945be1,conditional_pc,16,16,16,False,True,True,True,0.0,16,0,100.0,100.0,0.0,1.0,0.0,1.2720650813211918,100.0,,,,42
d968f9c81b945be1,quality_only,16,16,16,False,True,True,True,0.0,16,0,100.0,100.0,0.0,1.0,0.0,1.2720650813211918,100.0,,,,42
d968f9c81b945be1,score,0,0,16,True,False,False,False,1.0,0,0,100.0,,0.0,0.0,1.0,4.371462761565697,100.0,16.0,0.0,100.0,42
d968f9c81b945be1,pareto,3,3,16,False,False,False,False,0.8125,3,0,100.0,100.0,0.0,0.1875,0.8125,7.56092402179284,100.0,16.0,0.0,100.0,42
d968f9c81b945be1,gt_distance,3,3,16,False,False,False,False,0.8125,3,0,100.0,100.0,0.0625,0.125,0.8125,5.6857597473093815,100.0,16.0,0.0,100.0,42
d968f9c81b945be1,old_pc,16,16,16,False,True,True,True,0.0,16,0,100.0,100.0,0.0,1.0,0.0,1.2720650813211918,100.0,16.0,0.0,100.0,42
0a87bb919dbb58b6,conditional_pc,16,16,16,False,True,True,True,0.0,16,0,96.52178636962029,96.52178636962029,0.125,0.875,0.0,1.1515409196490487,95.88103222801388,,,,22
0a87bb919dbb58b6,quality_only,16,16,16,False,True,True,True,0.0,16,0,96.52178636962029,96.52178636962029,0.125,0.875,0.0,1.1515409196490487,95.88103222801388,,,,22
0a87bb919dbb58b6,score,0,0,16,True,False,False,False,1.0,0,0,97.38277980596996,,0.0,0.0,1.0,25.288232153044817,95.88103222801388,16.0,0.0,97.38277980596996,22
0a87bb919dbb58b6,pareto,0,0,16,True,False,False,False,1.0,0,0,97.38277980596996,,0.0,0.0,1.0,25.288232153044817,95.88103222801388,16.0,0.0,97.38277980596996,22
0a87bb919dbb58b6,gt_distance,10,10,16,False,True,True,False,0.375,10,0,96.54426330719204,96.51320010579248,0.25,0.375,0.375,4.385351996487794,95.88103222801388,16.0,0.0,96.54426330719204,22
0a87bb919dbb58b6,old_pc,1,1,1,False,False,False,False,0.0,1,0,96.9194730548396,96.9194730548396,0.0,1.0,0.0,1.6234413567814747,95.88103222801388,16.0,15.0,96.9194950432264,22
fe5811497ace53af,conditional_pc,16,16,16,False,True,True,True,0.0,16,0,94.64226895083686,94.64226895083686,0.1875,0.8125,0.0,1.3329237153658382,93.97808252313146,,,,31
fe5811497ace53af,quality_only,16,16,16,False,True,True,True,0.0,16,0,94.64226895083686,94.64226895083686,0.1875,0.8125,0.0,1.3329237153658382,93.97808252313146,,,,31
fe5811497ace53af,score,0,0,16,True,False,False,False,1.0,0,0,96.73571815522496,,0.0,0.0,1.0,27.278121754950675,93.97808252313146,16.0,0.0,96.73571815522496,31
fe5811497ace53af,pareto,0,0,16,True,False,False,False,1.0,0,0,96.73571815522496,,0.0,0.0,1.0,27.278121754950675,93.97808252313146,16.0,0.0,96.73571815522496,31
fe5811497ace53af,gt_distance,0,0,16,True,False,False,False,1.0,0,0,95.71628015137132,,0.0,0.0,1.0,9.657171583953671,93.97808252313146,16.0,0.0,95.71628015137132,31
fe5811497ace53af,old_pc,1,1,1,False,False,False,False,0.0,1,0,95.0101759381154,95.0101759381154,0.0,1.0,0.0,1.695748996845624,93.97808252313146,16.0,15.0,95.01019757249568,31
1734440b807a58ef,conditional_pc,16,16,16,False,True,True,True,0.0,16,0,91.72816294907392,91.72816294907392,0.1875,0.8125,0.0,1.1462486403924974,91.58248528048163,,,,23
1734440b807a58ef,quality_only,16,16,16,False,True,True,True,0.0,16,0,91.72816294907392,91.72816294907392,0.1875,0.8125,0.0,1.1462486403924974,91.58248528048163,,,,23
1734440b807a58ef,score,0,0,16,True,False,False,False,1.0,0,0,94.73599663548254,,0.0,0.0,1.0,43.16410300414141,91.58248528048163,16.0,0.0,94.73599663548254,23
1734440b807a58ef,pareto,0,0,16,True,False,False,False,1.0,0,0,94.73599663548254,,0.0,0.0,1.0,43.16410300414141,91.58248528048163,16.0,0.0,94.73599663548254,23
1734440b807a58ef,gt_distance,7,7,16,False,True,False,False,0.5625,7,0,92.02292385926953,91.85125567788997,0.1875,0.25,0.5625,3.3425816776663924,91.58248528048163,16.0,0.0,92.02292385926953,23
1734440b807a58ef,old_pc,1,1,1,False,False,False,False,0.0,1,0,91.86852916020824,91.86852916020824,0.0,1.0,0.0,1.0590187224986718,91.58248528048163,16.0,15.0,91.8685188593112,23
480434fc72d455af,conditional_pc,0,0,0,True,False,False,False,1.0,0,0,,,,,,,93.26722189306086,,,,0
480434fc72d455af,quality_only,0,0,0,True,False,False,False,1.0,0,0,,,,,,,93.26722189306086,,,,0
480434fc72d455af,score,0,0,16,True,False,False,False,1.0,0,0,100.0,,0.0,0.0,1.0,23.919161137943867,93.26722189306086,16.0,0.0,100.0,0
480434fc72d455af,pareto,0,0,16,True,False,False,False,1.0,0,0,100.0,,0.0,0.0,1.0,21.933457845179746,93.26722189306086,16.0,0.0,100.0,0
480434fc72d455af,gt_distance,0,0,16,True,False,False,False,1.0,0,0,97.02565241775412,,0.0,0.0,1.0,6.777578609488854,93.26722189306086,16.0,0.0,97.02565241775412,0
480434fc72d455af,old_pc,0,0,1,True,False,False,False,1.0,0,0,95.10233360659925,,0.0,1.0,0.0,1.8756445707601712,93.26722189306086,16.0,15.0,95.10223125217496,0
cb8e247140d55ab2,conditional_pc,16,16,16,False,True,True,True,0.0,16,0,95.35422219147092,95.35422219147092,0.0625,0.9375,0.0,1.274357703931385,94.52535404385564,,,,26
cb8e247140d55ab2,quality_only,16,16,16,False,True,True,True,0.0,16,0,95.35422219147092,95.35422219147092,0.0625,0.9375,0.0,1.274357703931385,94.52535404385564,,,,26
cb8e247140d55ab2,score,0,0,16,True,False,False,False,1.0,0,0,96.66377662902065,,0.0,0.0,1.0,12.600886987755734,94.52535404385564,16.0,0.0,96.66377662902065,26
cb8e247140d55ab2,pareto,0,0,16,True,False,False,False,1.0,0,0,96.66377662902065,,0.0,0.0,1.0,12.600886987755734,94.52535404385564,16.0,0.0,96.66377662902065,26
cb8e247140d55ab2,gt_distance,0,0,16,True,False,False,False,1.0,0,0,93.9480916682399,,0.3125,0.3125,0.375,4.675209727670476,94.52535404385564,16.0,0.0,93.9480916682399,26
cb8e247140d55ab2,old_pc,1,1,1,False,False,False,False,0.0,1,0,96.21406791251464,96.21406791251464,0.0,1.0,0.0,1.6406218908646035,94.52535404385564,16.0,15.0,96.214128742286,26
095770e79ccf5d82,conditional_pc,16,16,16,False,True,True,True,0.0,16,0,100.0,100.0,0.0625,0.9375,0.0,1.1733289433326195,100.0,,,,34
095770e79ccf5d82,quality_only,16,16,16,False,True,True,True,0.0,16,0,100.0,100.0,0.0625,0.9375,0.0,1.1733289433326195,100.0,,,,34
095770e79ccf5d82,score,0,0,16,True,False,False,False,1.0,0,0,100.0,,0.0,0.0,1.0,4.826355660543545,100.0,16.0,0.0,100.0,34
095770e79ccf5d82,pareto,2,2,16,False,False,False,False,0.875,2,0,100.0,100.0,0.0,0.125,0.875,4.850494926842438,100.0,16.0,0.0,100.0,34
095770e79ccf5d82,gt_distance,4,4,16,False,True,False,False,0.75,4,0,100.0,100.0,0.0,0.25,0.75,3.492112232543449,100.0,16.0,0.0,100.0,34
095770e79ccf5d82,old_pc,16,16,16,False,True,True,True,0.0,16,0,100.0,100.0,0.0625,0.9375,0.0,1.1733289433326195,100.0,16.0,0.0,100.0,34
d7f25a0ac141583a,conditional_pc,16,16,16,False,True,True,True,0.0,16,0,98.39017951734148,98.39017951734148,0.5625,0.4375,0.0,1.0127397459547476,97.61588326374894,,,,21
d7f25a0ac141583a,quality_only,16,16,16,False,True,True,True,0.0,16,0,98.39017951734148,98.39017951734148,0.5625,0.4375,0.0,1.0127397459547476,97.61588326374894,,,,21
d7f25a0ac141583a,score,0,0,16,True,False,False,False,1.0,0,0,100.0,,0.0,0.0,1.0,14.00352930115564,97.61588326374894,16.0,0.0,100.0,21
d7f25a0ac141583a,pareto,0,0,16,True,False,False,False,1.0,0,0,100.0,,0.0,0.0,1.0,13.810518493297929,97.61588326374894,16.0,0.0,100.0,21
d7f25a0ac141583a,gt_distance,0,0,16,True,False,False,False,1.0,0,0,99.95806577610126,,0.0,0.0,1.0,6.893400664766126,97.61588326374894,16.0,0.0,99.95806577610126,21
d7f25a0ac141583a,old_pc,1,1,1,False,False,False,False,0.0,1,0,99.00377939309512,99.00377939309512,0.0,1.0,0.0,1.0724955358045922,97.61588326374894,16.0,15.0,99.0037828386561,21
4b0df2804f165dda,conditional_pc,16,16,16,False,True,True,True,0.0,16,0,88.82538127314683,88.82538127314683,0.0,1.0,0.0,1.5210015838641222,86.34608250872756,,,,64
4b0df2804f165dda,quality_only,16,16,16,False,True,True,True,0.0,16,0,88.82538127314683,88.82538127314683,0.0,1.0,0.0,1.5210015838641222,86.34608250872756,,,,64
4b0df2804f165dda,score,0,0,16,True,False,False,False,1.0,0,0,100.0,,0.0,0.0,1.0,42.79297346087861,86.34608250872756,16.0,0.0,100.0,64
4b0df2804f165dda,pareto,0,0,16,True,False,False,False,1.0,0,0,100.0,,0.0,0.0,1.0,41.85719171200547,86.34608250872756,16.0,0.0,100.0,64
4b0df2804f165dda,gt_distance,0,0,16,True,False,False,False,1.0,0,0,92.06153834488016,,0.0,0.0,1.0,7.411668430403563,86.34608250872756,16.0,0.0,92.06153834488016,64
4b0df2804f165dda,old_pc,1,1,1,False,False,False,False,0.0,1,0,89.62349977622299,89.62349977622299,0.0,1.0,0.0,1.3733098631290603,86.34608250872756,16.0,15.0,89.62369479630293,64
ab6ba1da1dd8592b,conditional_pc,16,16,16,False,True,True,True,0.0,16,0,99.81077782069056,99.81077782069056,0.6875,0.3125,0.0,0.9886311123972624,99.34860073269132,,,,22
ab6ba1da1dd8592b,quality_only,16,16,16,False,True,True,True,0.0,16,0,99.81077782069056,99.81077782069056,0.6875,0.3125,0.0,0.9886311123972624,99.34860073269132,,,,22
ab6ba1da1dd8592b,score,15,15,16,False,True,True,False,0.0625,15,0,99.91868625123476,99.9132653346504,0.75,0.1875,0.0625,1.0007974958370895,99.34860073269132,16.0,0.0,99.91868625123476,22
ab6ba1da1dd8592b,pareto,11,11,16,False,True,True,False,0.3125,11,0,89.55528146802322,99.95919728682166,0.625,0.25,0.125,1.1579897020224414,99.34860073269132,16.0,0.0,89.55528146802322,22
ab6ba1da1dd8592b,gt_distance,15,15,16,False,True,True,False,0.0625,15,0,97.31451958456807,99.9132653346504,0.8125,0.1875,0.0,0.9609459495256296,99.34860073269132,16.0,0.0,97.31451958456807,22
ab6ba1da1dd8592b,old_pc,7,7,7,False,True,False,False,0.0,7,0,99.9988234703842,99.9988234703842,0.8571428571428571,0.1428571428571428,0.0,0.9731164492404064,99.34860073269132,16.0,9.0,99.99894628018303,22
3feb7781f83754a7,conditional_pc,16,16,16,False,True,True,True,0.0,16,0,100.0,100.0,0.1875,0.8125,0.0,1.1223093997041418,100.0,,,,31
3feb7781f83754a7,quality_only,16,16,16,False,True,True,True,0.0,16,0,100.0,100.0,0.1875,0.8125,0.0,1.1223093997041418,100.0,,,,31
3feb7781f83754a7,score,0,0,16,True,False,False,False,1.0,0,0,100.0,,0.0,0.0,1.0,4.257271512898259,100.0,16.0,0.0,100.0,31
3feb7781f83754a7,pareto,3,3,16,False,False,False,False,0.8125,3,0,100.0,100.0,0.0625,0.125,0.8125,5.447226860363888,100.0,16.0,0.0,100.0,31
3feb7781f83754a7,gt_distance,3,3,16,False,False,False,False,0.8125,3,0,100.0,100.0,0.0625,0.125,0.8125,5.447226860363888,100.0,16.0,0.0,100.0,31
3feb7781f83754a7,old_pc,16,16,16,False,True,True,True,0.0,16,0,100.0,100.0,0.1875,0.8125,0.0,1.1223093997041418,100.0,16.0,0.0,100.0,31
6f471ee76c595c92,conditional_pc,16,16,16,False,True,True,True,0.0,16,0,100.0,100.0,0.0,1.0,0.0,1.193111530185444,100.0,,,,49
6f471ee76c595c92,quality_only,16,16,16,False,True,True,True,0.0,16,0,100.0,100.0,0.0,1.0,0.0,1.193111530185444,100.0,,,,49
6f471ee76c595c92,score,0,0,16,True,False,False,False,1.0,0,0,100.0,,0.0,0.0,1.0,2.7723879851526854,100.0,16.0,0.0,100.0,49
6f471ee76c595c92,pareto,1,1,16,False,False,False,False,0.9375,1,0,100.0,100.0,0.0,0.0625,0.9375,9.929078766022313,100.0,16.0,0.0,100.0,49
6f471ee76c595c92,gt_distance,1,1,16,False,False,False,False,0.9375,1,0,100.0,100.0,0.0,0.0625,0.9375,9.929078766022313,100.0,16.0,0.0,100.0,49
6f471ee76c595c92,old_pc,16,16,16,False,True,True,True,0.0,16,0,100.0,100.0,0.0,1.0,0.0,1.193111530185444,100.0,16.0,0.0,100.0,49
32516745ea1b59ef,conditional_pc,16,16,16,False,True,True,True,0.0,16,0,98.39241259335174,98.39241259335174,0.1875,0.8125,0.0,1.2210742630151774,97.8979911047354,,,,30
32516745ea1b59ef,quality_only,16,16,16,False,True,True,True,0.0,16,0,98.39241259335174,98.39241259335174,0.1875,0.8125,0.0,1.2210742630151774,97.8979911047354,,,,30
32516745ea1b59ef,score,0,0,16,True,False,False,False,1.0,0,0,100.0,,0.0,0.0,1.0,14.357650286768257,97.8979911047354,16.0,0.0,100.0,30
32516745ea1b59ef,pareto,0,0,16,True,False,False,False,1.0,0,0,100.0,,0.0,0.0,1.0,12.167094892382252,97.8979911047354,16.0,0.0,100.0,30
32516745ea1b59ef,gt_distance,16,16,16,False,True,True,True,0.0,16,0,98.8269388687926,98.8269388687926,0.6875,0.3125,0.0,0.9732980193595998,97.8979911047354,16.0,0.0,98.8269388687926,30
32516745ea1b59ef,old_pc,1,1,1,False,False,False,False,0.0,1,0,99.26368578445668,99.26368578445668,1.0,0.0,0.0,0.77632023582627,97.8979911047354,16.0,15.0,99.2636391174706,30
a65dd6d24f575771,conditional_pc,16,16,16,False,True,True,True,0.0,16,0,97.44116575748887,97.44116575748887,0.3125,0.6875,0.0,1.139423025698151,96.65980494519422,,,,22
a65dd6d24f575771,quality_only,16,16,16,False,True,True,True,0.0,16,0,97.44116575748887,97.44116575748887,0.3125,0.6875,0.0,1.139423025698151,96.65980494519422,,,,22
a65dd6d24f575771,score,2,2,16,False,False,False,False,0.875,2,0,98.51890066880176,98.29362018196906,0.0,0.125,0.875,5.699379503187952,96.65980494519422,16.0,0.0,98.51890066880176,22
a65dd6d24f575771,pareto,2,2,16,False,False,False,False,0.875,2,0,98.51890066880176,98.29362018196906,0.0,0.125,0.875,5.699379503187952,96.65980494519422,16.0,0.0,98.51890066880176,22
a65dd6d24f575771,gt_distance,0,0,16,True,False,False,False,1.0,0,0,94.8722759809452,,0.0,0.0,1.0,9.925768044710386,96.65980494519422,16.0,0.0,94.8722759809452,22
a65dd6d24f575771,old_pc,1,1,1,False,False,False,False,0.0,1,0,98.30323005180638,98.30323005180638,0.0,1.0,0.0,1.503684459874587,96.65980494519422,16.0,15.0,98.30325608444656,22
9ce305abb88f5ad0,conditional_pc,16,16,16,False,True,True,True,0.0,16,0,86.69272025199201,86.69272025199201,0.1875,0.8125,0.0,1.1080649417361017,86.19380864767851,,,,22
9ce305abb88f5ad0,quality_only,16,16,16,False,True,True,True,0.0,16,0,86.69272025199201,86.69272025199201,0.1875,0.8125,0.0,1.1080649417361017,86.19380864767851,,,,22
9ce305abb88f5ad0,score,0,0,16,True,False,False,False,1.0,0,0,91.22883571463954,,0.0,0.0,1.0,18.000510481796404,86.19380864767851,16.0,0.0,91.22883571463954,22
9ce305abb88f5ad0,pareto,0,0,16,True,False,False,False,1.0,0,0,91.22883571463954,,0.0,0.0,1.0,18.000510481796404,86.19380864767851,16.0,0.0,91.22883571463954,22
9ce305abb88f5ad0,gt_distance,0,0,16,True,False,False,False,1.0,0,0,90.87372646088252,,0.0,0.0,1.0,14.626369039254891,86.19380864767851,16.0,0.0,90.87372646088252,22
9ce305abb88f5ad0,old_pc,1,1,1,False,False,False,False,0.0,1,0,87.24906882029103,87.24906882029103,0.0,1.0,0.0,1.156854770904877,86.19380864767851,16.0,15.0,87.24859293303801,22
7af6867add5b5f2c,conditional_pc,16,16,16,False,True,True,True,0.0,16,0,86.32290007548104,86.32290007548104,0.4375,0.5625,0.0,1.1155787021328591,85.36573735736071,,,,28
7af6867add5b5f2c,quality_only,16,16,16,False,True,True,True,0.0,16,0,86.32290007548104,86.32290007548104,0.4375,0.5625,0.0,1.1155787021328591,85.36573735736071,,,,28
7af6867add5b5f2c,score,0,0,16,True,False,False,False,1.0,0,0,100.0,,0.0,0.0,1.0,43.44984528642297,85.36573735736071,16.0,0.0,100.0,28
7af6867add5b5f2c,pareto,0,0,16,True,False,False,False,1.0,0,0,100.0,,0.0,0.0,1.0,43.44984528642297,85.36573735736071,16.0,0.0,100.0,28
7af6867add5b5f2c,gt_distance,0,0,16,True,False,False,False,1.0,0,0,97.16076066087192,,0.0,0.0,1.0,25.17546733880645,85.36573735736071,16.0,0.0,97.16076066087192,28
7af6867add5b5f2c,old_pc,1,1,1,False,False,False,False,0.0,1,0,88.20913333398029,88.20913333398029,0.0,1.0,0.0,1.5000062195386,85.36573735736071,16.0,15.0,88.20913815070827,28
b65e09c4d8125da0,conditional_pc,16,16,16,False,True,True,True,0.0,16,0,86.40466141962474,86.40466141962474,0.1875,0.8125,0.0,1.1070945855371208,85.860523356798,,,,28
b65e09c4d8125da0,quality_only,16,16,16,False,True,True,True,0.0,16,0,86.40466141962474,86.40466141962474,0.1875,0.8125,0.0,1.1070945855371208,85.860523356798,,,,28
b65e09c4d8125da0,score,0,0,16,True,False,False,False,1.0,0,0,95.15723987335218,,0.0,0.0,1.0,24.91356116473152,85.860523356798,16.0,0.0,95.15723987335218,28
b65e09c4d8125da0,pareto,0,0,16,True,False,False,False,1.0,0,0,95.15723987335218,,0.0,0.0,1.0,24.91356116473152,85.860523356798,16.0,0.0,95.15723987335218,28
b65e09c4d8125da0,gt_distance,0,0,16,True,False,False,False,1.0,0,0,84.88678730218213,,0.0,0.0,1.0,4.1919240989598805,85.860523356798,16.0,0.0,84.88678730218213,28
b65e09c4d8125da0,old_pc,1,1,1,False,False,False,False,0.0,1,0,87.28683505802702,87.28683505802702,0.0,1.0,0.0,1.2821396966697562,85.860523356798,16.0,15.0,87.28677156281648,28
cbe1e93e188f5490,conditional_pc,16,16,16,False,True,True,True,0.0,16,0,84.43154139348897,84.43154139348897,0.125,0.875,0.0,1.1300242622912064,83.87807040817442,,,,24
cbe1e93e188f5490,quality_only,16,16,16,False,True,True,True,0.0,16,0,84.43154139348897,84.43154139348897,0.125,0.875,0.0,1.1300242622912064,83.87807040817442,,,,24
cbe1e93e188f5490,score,16,16,16,False,True,True,True,0.0,16,0,84.56000202852702,84.56000202852702,0.375,0.625,0.0,1.0300193648398697,83.87807040817442,16.0,0.0,84.56000202852702,24
cbe1e93e188f5490,pareto,16,16,16,False,True,True,True,0.0,16,0,84.56000202852702,84.56000202852702,0.375,0.625,0.0,1.0300193648398697,83.87807040817442,16.0,0.0,84.56000202852702,24
cbe1e93e188f5490,gt_distance,15,15,16,False,True,True,False,0.0625,15,0,84.4462284508126,84.46115286054155,0.4375,0.5,0.0625,1.0481707366243207,83.87807040817442,16.0,0.0,84.4462284508126,24
cbe1e93e188f5490,old_pc,2,2,2,False,False,False,False,0.0,2,0,84.93654324302,84.93654324302,0.0,1.0,0.0,1.087610508467909,83.87807040817442,16.0,14.0,84.9365756033618,24
6ca6a1a4f3dc5d85,conditional_pc,16,16,16,False,True,True,True,0.0,16,0,81.79072183800533,81.79072183800533,0.0625,0.9375,0.0,1.206662271699849,79.79265665524845,,,,22
6ca6a1a4f3dc5d85,quality_only,16,16,16,False,True,True,True,0.0,16,0,81.79072183800533,81.79072183800533,0.0625,0.9375,0.0,1.206662271699849,79.79265665524845,,,,22
6ca6a1a4f3dc5d85,score,0,0,16,True,False,False,False,1.0,0,0,90.39981739860272,,0.0,0.0,1.0,15.795940126086006,79.79265665524845,16.0,0.0,90.39981739860272,22
6ca6a1a4f3dc5d85,pareto,0,0,16,True,False,False,False,1.0,0,0,90.39981739860272,,0.0,0.0,1.0,15.795940126086006,79.79265665524845,16.0,0.0,90.39981739860272,22
6ca6a1a4f3dc5d85,gt_distance,0,0,16,True,False,False,False,1.0,0,0,90.39981739860272,,0.0,0.0,1.0,15.795940126086006,79.79265665524845,16.0,0.0,90.39981739860272,22
6ca6a1a4f3dc5d85,old_pc,1,1,1,False,False,False,False,0.0,1,0,83.83232275665912,83.83232275665912,0.0,1.0,0.0,1.4089377068324451,79.79265665524845,16.0,15.0,83.83346767680706,22
0ee58e583be85ffb,conditional_pc,16,16,16,False,True,True,True,0.0,16,0,98.33424158809387,98.33424158809387,0.0,1.0,0.0,1.1821946913112686,98.05825142640737,,,,26
0ee58e583be85ffb,quality_only,16,16,16,False,True,True,True,0.0,16,0,98.33424158809387,98.33424158809387,0.0,1.0,0.0,1.1821946913112686,98.05825142640737,,,,26
0ee58e583be85ffb,score,0,0,16,True,False,False,False,1.0,0,0,99.49590127457869,,0.0,0.0,1.0,18.37125962121238,98.05825142640737,16.0,0.0,99.49590127457869,26
0ee58e583be85ffb,pareto,0,0,16,True,False,False,False,1.0,0,0,99.49590127457869,,0.0,0.0,1.0,18.37125962121238,98.05825142640737,16.0,0.0,99.49590127457869,26
0ee58e583be85ffb,gt_distance,7,7,16,False,True,False,False,0.5625,7,0,98.52004766651208,98.4987361413136,0.0625,0.375,0.5625,2.1550190076146807,98.05825142640737,16.0,0.0,98.52004766651208,26
0ee58e583be85ffb,old_pc,1,1,1,False,False,False,False,0.0,1,0,98.54730101308428,98.54730101308428,0.0,1.0,0.0,1.3177383782700998,98.05825142640737,16.0,15.0,98.54730988701608,26
a28a2771a9fa5c1d,conditional_pc,16,16,16,False,True,True,True,0.0,16,0,100.0,100.0,0.0,1.0,0.0,1.1837417433120327,100.0,,,,33
a28a2771a9fa5c1d,quality_only,16,16,16,False,True,True,True,0.0,16,0,100.0,100.0,0.0,1.0,0.0,1.1837417433120327,100.0,,,,33
a28a2771a9fa5c1d,score,0,0,16,True,False,False,False,1.0,0,0,100.0,,0.0,0.0,1.0,3.955620707773236,100.0,16.0,0.0,100.0,33
a28a2771a9fa5c1d,pareto,2,2,16,False,False,False,False,0.875,2,0,100.0,100.0,0.0,0.125,0.875,4.948157957531835,100.0,16.0,0.0,100.0,33
a28a2771a9fa5c1d,gt_distance,2,2,16,False,False,False,False,0.875,2,0,100.0,100.0,0.0,0.125,0.875,3.8624972910325472,100.0,16.0,0.0,100.0,33
a28a2771a9fa5c1d,old_pc,16,16,16,False,True,True,True,0.0,16,0,100.0,100.0,0.0,1.0,0.0,1.1837417433120327,100.0,16.0,0.0,100.0,33
488e4248a8985e5a,conditional_pc,16,16,16,False,True,True,True,0.0,16,0,100.0,100.0,0.25,0.75,0.0,1.102021222524682,100.0,,,,31
488e4248a8985e5a,quality_only,16,16,16,False,True,True,True,0.0,16,0,100.0,100.0,0.25,0.75,0.0,1.102021222524682,100.0,,,,31
488e4248a8985e5a,score,0,0,16,True,False,False,False,1.0,0,0,100.0,,0.0,0.0,1.0,4.918188068149943,100.0,16.0,0.0,100.0,31
488e4248a8985e5a,pareto,1,1,16,False,False,False,False,0.9375,1,0,100.0,100.0,0.0625,0.0,0.9375,9.392964784127711,100.0,16.0,0.0,100.0,31
488e4248a8985e5a,gt_distance,2,2,16,False,False,False,False,0.875,2,0,100.0,100.0,0.0625,0.0625,0.875,6.8211154000828405,100.0,16.0,0.0,100.0,31
488e4248a8985e5a,old_pc,16,16,16,False,True,True,True,0.0,16,0,100.0,100.0,0.25,0.75,0.0,1.102021222524682,100.0,16.0,0.0,100.0,31
0beb530925b9514b,conditional_pc,16,16,16,False,True,True,True,0.0,16,0,100.0,100.0,0.0,1.0,0.0,1.2969955274260418,100.0,,,,45
0beb530925b9514b,quality_only,16,16,16,False,True,True,True,0.0,16,0,100.0,100.0,0.0,1.0,0.0,1.2969955274260418,100.0,,,,45
0beb530925b9514b,score,0,0,16,True,False,False,False,1.0,0,0,100.0,,0.0,0.0,1.0,2.271569318073465,100.0,16.0,0.0,100.0,45
0beb530925b9514b,pareto,0,0,16,True,False,False,False,1.0,0,0,100.0,,0.0,0.0,1.0,10.230304839043036,100.0,16.0,0.0,100.0,45
0beb530925b9514b,gt_distance,0,0,16,True,False,False,False,1.0,0,0,100.0,,0.0,0.0,1.0,10.858716078445685,100.0,16.0,0.0,100.0,45
0beb530925b9514b,old_pc,16,16,16,False,True,True,True,0.0,16,0,100.0,100.0,0.0,1.0,0.0,1.2969955274260418,100.0,16.0,0.0,100.0,45
29b53c57c19b57fe,conditional_pc,16,16,16,False,True,True,True,0.0,16,0,88.018324552263,88.018324552263,0.3125,0.6875,0.0,1.2495183367840073,87.07946103943183,,,,25
29b53c57c19b57fe,quality_only,16,16,16,False,True,True,True,0.0,16,0,88.018324552263,88.018324552263,0.3125,0.6875,0.0,1.2495183367840073,87.07946103943183,,,,25
29b53c57c19b57fe,score,0,0,16,True,False,False,False,1.0,0,0,94.53146653429856,,0.0,0.0,1.0,27.06021431619498,87.07946103943183,16.0,0.0,94.53146653429856,25
29b53c57c19b57fe,pareto,0,0,16,True,False,False,False,1.0,0,0,94.53146653429856,,0.0,0.0,1.0,27.06021431619498,87.07946103943183,16.0,0.0,94.53146653429856,25
29b53c57c19b57fe,gt_distance,0,0,16,True,False,False,False,1.0,0,0,91.28835036268131,,0.0,0.0,1.0,11.883862908998587,87.07946103943183,16.0,0.0,91.28835036268131,25
29b53c57c19b57fe,old_pc,1,1,1,False,False,False,False,0.0,1,0,88.71139313526044,88.71139313526044,0.0,1.0,0.0,1.604972861194224,87.07946103943183,16.0,15.0,88.71134876696813,25
2639525675535145,conditional_pc,16,16,16,False,True,True,True,0.0,16,0,100.0,100.0,0.0,1.0,0.0,1.2505183951606929,99.52929718161988,,,,42
2639525675535145,quality_only,16,16,16,False,True,True,True,0.0,16,0,100.0,100.0,0.0,1.0,0.0,1.2505183951606929,99.52929718161988,,,,42
2639525675535145,score,0,0,16,True,False,False,False,1.0,0,0,100.0,,0.0,0.0,1.0,3.5858072640247034,99.52929718161988,16.0,0.0,100.0,42
2639525675535145,pareto,2,2,16,False,False,False,False,0.875,2,0,100.0,100.0,0.0625,0.0625,0.875,8.925091678650524,99.52929718161988,16.0,0.0,100.0,42
2639525675535145,gt_distance,2,2,16,False,False,False,False,0.875,2,0,100.0,100.0,0.0625,0.0625,0.875,6.714046410633344,99.52929718161988,16.0,0.0,100.0,42
2639525675535145,old_pc,16,16,16,False,True,True,True,0.0,16,0,100.0,100.0,0.0,1.0,0.0,1.2505183951606929,99.52929718161988,16.0,0.0,100.0,42
9a83782a2cf85611,conditional_pc,16,16,16,False,True,True,True,0.0,16,0,97.50476015185949,97.50476015185949,0.0,1.0,0.0,1.243111695305267,96.9410348435844,,,,27
9a83782a2cf85611,quality_only,16,16,16,False,True,True,True,0.0,16,0,97.50423410002942,97.50423410002942,0.0,1.0,0.0,1.2474005224258633,96.9410348435844,,,,27
9a83782a2cf85611,score,0,0,16,True,False,False,False,1.0,0,0,100.0,,0.0,0.0,1.0,13.789641478778346,96.9410348435844,16.0,0.0,100.0,27
9a83782a2cf85611,pareto,0,0,16,True,False,False,False,1.0,0,0,100.0,,0.0,0.0,1.0,12.816787848725532,96.9410348435844,16.0,0.0,100.0,27
9a83782a2cf85611,gt_distance,0,0,16,True,False,False,False,1.0,0,0,99.07943112169856,,0.0,0.0,1.0,4.675475098087492,96.9410348435844,16.0,0.0,99.07943112169856,27
9a83782a2cf85611,old_pc,1,1,1,False,False,False,False,0.0,1,0,97.8265070917886,97.8265070917886,0.0,1.0,0.0,1.1639429716221878,96.9410348435844,16.0,15.0,97.82737010968503,27
cd01f21ff39d541a,conditional_pc,16,16,16,False,True,True,True,0.0,16,0,100.0,100.0,0.0,1.0,0.0,1.178756097553212,100.0,,,,31
cd01f21ff39d541a,quality_only,16,16,16,False,True,True,True,0.0,16,0,100.0,100.0,0.0,1.0,0.0,1.178756097553212,100.0,,,,31
cd01f21ff39d541a,score,0,0,16,True,False,False,False,1.0,0,0,100.0,,0.0,0.0,1.0,14.250059264945245,100.0,16.0,0.0,100.0,31
cd01f21ff39d541a,pareto,1,1,16,False,False,False,False,0.9375,1,0,100.0,100.0,0.0,0.0625,0.9375,23.196427581295275,100.0,16.0,0.0,100.0,31
cd01f21ff39d541a,gt_distance,1,1,16,False,False,False,False,0.9375,1,0,100.0,100.0,0.0,0.0625,0.9375,23.196427581295275,100.0,16.0,0.0,100.0,31
cd01f21ff39d541a,old_pc,16,16,16,False,True,True,True,0.0,16,0,100.0,100.0,0.0,1.0,0.0,1.178756097553212,100.0,16.0,0.0,100.0,31
facaaf8c0e8c5c65,conditional_pc,16,16,16,False,True,True,True,0.0,16,0,100.0,100.0,0.25,0.75,0.0,1.0956623498871134,100.0,,,,29
facaaf8c0e8c5c65,quality_only,16,16,16,False,True,True,True,0.0,16,0,100.0,100.0,0.25,0.75,0.0,1.0956623498871134,100.0,,,,29
facaaf8c0e8c5c65,score,0,0,16,True,False,False,False,1.0,0,0,100.0,,0.0,0.0,1.0,2.953213765907977,100.0,16.0,0.0,100.0,29
facaaf8c0e8c5c65,pareto,1,1,16,False,False,False,False,0.9375,1,0,100.0,100.0,0.0,0.0625,0.9375,7.265522219207935,100.0,16.0,0.0,100.0,29
facaaf8c0e8c5c65,gt_distance,1,1,16,False,False,False,False,0.9375,1,0,100.0,100.0,0.0625,0.0,0.9375,7.01744304511146,100.0,16.0,0.0,100.0,29
facaaf8c0e8c5c65,old_pc,16,16,16,False,True,True,True,0.0,16,0,100.0,100.0,0.25,0.75,0.0,1.0956623498871134,100.0,16.0,0.0,100.0,29
88757fb00fda507b,conditional_pc,16,16,16,False,True,True,True,0.0,16,0,92.05022110005004,92.05022110005004,0.25,0.75,0.0,1.0903584860939373,90.83992792364371,,,,27
88757fb00fda507b,quality_only,16,16,16,False,True,True,True,0.0,16,0,92.05022110005004,92.05022110005004,0.25,0.75,0.0,1.0903584860939373,90.83992792364371,,,,27
88757fb00fda507b,score,0,0,16,True,False,False,False,1.0,0,0,100.0,,0.0,0.0,1.0,36.67417930607109,90.83992792364371,16.0,0.0,100.0,27
88757fb00fda507b,pareto,0,0,16,True,False,False,False,1.0,0,0,100.0,,0.0,0.0,1.0,45.80883597920311,90.83992792364371,16.0,0.0,100.0,27
88757fb00fda507b,gt_distance,0,0,16,True,False,False,False,1.0,0,0,96.01720532777688,,0.0,0.0,1.0,7.427254753495506,90.83992792364371,16.0,0.0,96.01720532777688,27
88757fb00fda507b,old_pc,1,1,1,False,False,False,False,0.0,1,0,93.34527501013396,93.34527501013396,0.0,1.0,0.0,1.2351447921253198,90.83992792364371,16.0,15.0,93.347331838088,27
e9f4daa7d910568c,conditional_pc,16,16,16,False,True,True,True,0.0,16,0,97.84108117916132,97.84108117916132,0.25,0.75,0.0,1.1582429275190136,97.34006015482412,,,,24
e9f4daa7d910568c,quality_only,16,16,16,False,True,True,True,0.0,16,0,97.84108117916132,97.84108117916132,0.25,0.75,0.0,1.1582429275190136,97.34006015482412,,,,24
e9f4daa7d910568c,score,0,0,16,True,False,False,False,1.0,0,0,100.0,,0.0,0.0,1.0,15.493473619725211,97.34006015482412,16.0,0.0,100.0,24
e9f4daa7d910568c,pareto,0,0,16,True,False,False,False,1.0,0,0,100.0,,0.0,0.0,1.0,15.475744066570147,97.34006015482412,16.0,0.0,100.0,24
e9f4daa7d910568c,gt_distance,0,0,16,True,False,False,False,1.0,0,0,100.0,,0.0,0.0,1.0,15.566137845435126,97.34006015482412,16.0,0.0,100.0,24
e9f4daa7d910568c,old_pc,1,1,1,False,False,False,False,0.0,1,0,98.41279957217763,98.41279957217763,0.0,1.0,0.0,1.2868785590044476,97.34006015482412,16.0,15.0,98.41280859764076,24
d6bb0cea4dbd5b44,conditional_pc,16,16,16,False,True,True,True,0.0,16,0,91.72005243583445,91.72005243583445,0.3125,0.6875,0.0,1.0550046966462392,90.84730606401364,,,,23
d6bb0cea4dbd5b44,quality_only,16,16,16,False,True,True,True,0.0,16,0,91.72005243583445,91.72005243583445,0.3125,0.6875,0.0,1.0550046966462392,90.84730606401364,,,,23
d6bb0cea4dbd5b44,score,0,0,16,True,False,False,False,1.0,0,0,97.98129483006694,,0.0,0.0,1.0,22.63895994800675,90.84730606401364,16.0,0.0,97.98129483006694,23
d6bb0cea4dbd5b44,pareto,0,0,16,True,False,False,False,1.0,0,0,97.98129483006694,,0.0,0.0,1.0,22.63895994800675,90.84730606401364,16.0,0.0,97.98129483006694,23
d6bb0cea4dbd5b44,gt_distance,0,0,16,True,False,False,False,1.0,0,0,97.98129483006694,,0.0,0.0,1.0,22.63895994800675,90.84730606401364,16.0,0.0,97.98129483006694,23
d6bb0cea4dbd5b44,old_pc,1,1,1,False,False,False,False,0.0,1,0,92.63467258415892,92.63467258415892,0.0,1.0,0.0,1.1612073244312104,90.84730606401364,16.0,15.0,92.6350653938224,23
efad2708409b5834,conditional_pc,16,16,16,False,True,True,True,0.0,16,0,100.0,100.0,0.0625,0.9375,0.0,1.2526144864620128,100.0,,,,30
efad2708409b5834,quality_only,16,16,16,False,True,True,True,0.0,16,0,100.0,100.0,0.0625,0.9375,0.0,1.2526144864620128,100.0,,,,30
efad2708409b5834,score,0,0,16,True,False,False,False,1.0,0,0,100.0,,0.0,0.0,1.0,11.49763640002016,100.0,16.0,0.0,100.0,30
efad2708409b5834,pareto,1,1,16,False,False,False,False,0.9375,1,0,100.0,100.0,0.0625,0.0,0.9375,15.448688045217096,100.0,16.0,0.0,100.0,30
efad2708409b5834,gt_distance,1,1,16,False,False,False,False,0.9375,1,0,100.0,100.0,0.0625,0.0,0.9375,14.704749861295852,100.0,16.0,0.0,100.0,30
efad2708409b5834,old_pc,16,16,16,False,True,True,True,0.0,16,0,100.0,100.0,0.0625,0.9375,0.0,1.2526144864620128,100.0,16.0,0.0,100.0,30
3a4cfdd4bfa55a5e,conditional_pc,16,16,16,False,True,True,True,0.0,16,0,87.29042482161509,87.29042482161509,0.1875,0.8125,0.0,1.1798250843564737,85.14378964726833,,,,25
3a4cfdd4bfa55a5e,quality_only,16,16,16,False,True,True,True,0.0,16,0,87.29042482161509,87.29042482161509,0.1875,0.8125,0.0,1.179825084356474,85.14378964726833,,,,25
3a4cfdd4bfa55a5e,score,0,0,16,True,False,False,False,1.0,0,0,93.51976577293144,,0.0,0.0,1.0,10.782961203583724,85.14378964726833,16.0,0.0,93.51976577293144,25
3a4cfdd4bfa55a5e,pareto,0,0,16,True,False,False,False,1.0,0,0,93.51976577293144,,0.0,0.0,1.0,10.782961203583724,85.14378964726833,16.0,0.0,93.51976577293144,25
3a4cfdd4bfa55a5e,gt_distance,0,0,16,True,False,False,False,1.0,0,0,91.30476406779796,,0.0,0.0,1.0,3.712787112576057,85.14378964726833,16.0,0.0,91.30476406779796,25
3a4cfdd4bfa55a5e,old_pc,1,1,1,False,False,False,False,0.0,1,0,89.63486428723368,89.63486428723368,0.0,1.0,0.0,1.68054591718279,85.14378964726833,16.0,15.0,89.6351078768464,25
e926ec6a69cc575c,conditional_pc,16,16,16,False,True,True,True,0.0,16,0,91.04708509809308,91.04708509809308,0.0,1.0,0.0,1.1571659359678177,90.47915613181016,,,,33
e926ec6a69cc575c,quality_only,16,16,16,False,True,True,True,0.0,16,0,91.04708509809308,91.04708509809308,0.0,1.0,0.0,1.1571659359678177,90.47915613181016,,,,33
e926ec6a69cc575c,score,0,0,16,True,False,False,False,1.0,0,0,93.45114723664425,,0.0,0.0,1.0,11.908122559337258,90.47915613181016,16.0,0.0,93.45114723664425,33
e926ec6a69cc575c,pareto,0,0,16,True,False,False,False,1.0,0,0,93.45114723664425,,0.0,0.0,1.0,11.908122559337258,90.47915613181016,16.0,0.0,93.45114723664425,33
e926ec6a69cc575c,gt_distance,0,0,16,True,False,False,False,1.0,0,0,92.31960367030472,,0.0,0.0,1.0,6.02990517455155,90.47915613181016,16.0,0.0,92.31960367030472,33
e926ec6a69cc575c,old_pc,1,1,1,False,False,False,False,0.0,1,0,91.54682562365134,91.54682562365134,0.0,1.0,0.0,1.4057960197586672,90.47915613181016,16.0,15.0,91.54701947134684,33
b6093d9c703e54b1,conditional_pc,16,16,16,False,True,True,True,0.0,16,0,100.0,100.0,0.3125,0.6875,0.0,1.0984266906418458,100.0,,,,30
b6093d9c703e54b1,quality_only,16,16,16,False,True,True,True,0.0,16,0,100.0,100.0,0.3125,0.6875,0.0,1.0984266906418458,100.0,,,,30
b6093d9c703e54b1,score,0,0,16,True,False,False,False,1.0,0,0,100.0,,0.0,0.0,1.0,8.898174852608527,100.0,16.0,0.0,100.0,30
b6093d9c703e54b1,pareto,3,3,16,False,False,False,False,0.8125,3,0,100.0,100.0,0.0,0.1875,0.8125,7.166755311781713,100.0,16.0,0.0,100.0,30
b6093d9c703e54b1,gt_distance,3,3,16,False,False,False,False,0.8125,3,0,100.0,100.0,0.0625,0.125,0.8125,6.879733783204927,100.0,16.0,0.0,100.0,30
b6093d9c703e54b1,old_pc,16,16,16,False,True,True,True,0.0,16,0,100.0,100.0,0.3125,0.6875,0.0,1.0984266906418458,100.0,16.0,0.0,100.0,30
d58eb13402485ae7,conditional_pc,16,16,16,False,True,True,True,0.0,16,0,100.0,100.0,0.25,0.75,0.0,1.178724771868005,100.0,,,,30
d58eb13402485ae7,quality_only,16,16,16,False,True,True,True,0.0,16,0,100.0,100.0,0.25,0.75,0.0,1.178724771868005,100.0,,,,30
d58eb13402485ae7,score,0,0,16,True,False,False,False,1.0,0,0,100.0,,0.0,0.0,1.0,6.246793759214729,100.0,16.0,0.0,100.0,30
d58eb13402485ae7,pareto,2,2,16,False,False,False,False,0.875,2,0,100.0,100.0,0.0625,0.0625,0.875,8.785593069868897,100.0,16.0,0.0,100.0,30
d58eb13402485ae7,gt_distance,3,3,16,False,False,False,False,0.8125,3,0,100.0,100.0,0.125,0.0625,0.8125,8.865444816552792,100.0,16.0,0.0,100.0,30
d58eb13402485ae7,old_pc,16,16,16,False,True,True,True,0.0,16,0,100.0,100.0,0.25,0.75,0.0,1.178724771868005,100.0,16.0,0.0,100.0,30
f1aa5d5ed7c65114,conditional_pc,16,16,16,False,True,True,True,0.0,16,0,96.24042664427652,96.24042664427652,0.125,0.875,0.0,1.1265603713742045,95.87431971864146,,,,30
f1aa5d5ed7c65114,quality_only,16,16,16,False,True,True,True,0.0,16,0,96.24042664427652,96.24042664427652,0.125,0.875,0.0,1.1265603713742045,95.87431971864146,,,,30
f1aa5d5ed7c65114,score,0,0,16,True,False,False,False,1.0,0,0,98.30154547056988,,0.0,0.0,1.0,11.021641682241643,95.87431971864146,16.0,0.0,98.30154547056988,30
f1aa5d5ed7c65114,pareto,0,0,16,True,False,False,False,1.0,0,0,98.30154547056988,,0.0,0.0,1.0,11.021641682241643,95.87431971864146,16.0,0.0,98.30154547056988,30
f1aa5d5ed7c65114,gt_distance,0,0,16,True,False,False,False,1.0,0,0,97.54280707906572,,0.0,0.0,1.0,6.11747803450497,95.87431971864146,16.0,0.0,97.54280707906572,30
f1aa5d5ed7c65114,old_pc,1,1,1,False,False,False,False,0.0,1,0,96.67608173245,96.67608173245,0.0,1.0,0.0,1.4141399499930272,95.87431971864146,16.0,15.0,96.67658720619134,30
4ea3d4068eda5cc5,conditional_pc,16,16,16,False,True,True,True,0.0,16,0,96.24965231722008,96.24965231722008,0.5625,0.4375,0.0,1.076352555753068,96.02748016791443,,,,22
4ea3d4068eda5cc5,quality_only,16,16,16,False,True,True,True,0.0,16,0,96.24965231722008,96.24965231722008,0.5625,0.4375,0.0,1.076352555753068,96.02748016791443,,,,22
4ea3d4068eda5cc5,score,0,0,16,True,False,False,False,1.0,0,0,98.14185135445209,,0.0,0.0,1.0,24.713177199908877,96.02748016791443,16.0,0.0,98.14185135445209,22
4ea3d4068eda5cc5,pareto,0,0,16,True,False,False,False,1.0,0,0,98.14185135445209,,0.0,0.0,1.0,24.713177199908877,96.02748016791443,16.0,0.0,98.14185135445209,22
4ea3d4068eda5cc5,gt_distance,7,7,16,False,True,False,False,0.5625,7,0,80.73410052181659,96.24018694151476,0.1875,0.25,0.5625,5.180708566239347,96.02748016791443,16.0,0.0,80.73410052181659,22
4ea3d4068eda5cc5,old_pc,1,1,1,False,False,False,False,0.0,1,0,96.5622459079921,96.5622459079921,0.0,1.0,0.0,1.7221224160376778,96.02748016791443,16.0,15.0,96.56223782996229,22
6c0dbda0d8e45ae9,conditional_pc,16,16,16,False,True,True,True,0.0,16,0,100.0,100.0,0.0,1.0,0.0,1.117440675014328,100.0,,,,56
6c0dbda0d8e45ae9,quality_only,16,16,16,False,True,True,True,0.0,16,0,100.0,100.0,0.0,1.0,0.0,1.117440675014328,100.0,,,,56
6c0dbda0d8e45ae9,score,0,0,16,True,False,False,False,1.0,0,0,100.0,,0.0,0.0,1.0,2.2270300101818954,100.0,16.0,0.0,100.0,56
6c0dbda0d8e45ae9,pareto,1,1,16,False,False,False,False,0.9375,1,0,100.0,100.0,0.0,0.0625,0.9375,7.795779217634779,100.0,16.0,0.0,100.0,56
6c0dbda0d8e45ae9,gt_distance,2,2,16,False,False,False,False,0.875,2,0,100.0,100.0,0.0625,0.0625,0.875,5.749531511984751,100.0,16.0,0.0,100.0,56
6c0dbda0d8e45ae9,old_pc,16,16,16,False,True,True,True,0.0,16,0,100.0,100.0,0.0,1.0,0.0,1.117440675014328,100.0,16.0,0.0,100.0,56
b4322d76ebf8569f,conditional_pc,16,16,16,False,True,True,True,0.0,16,0,97.92416235675996,97.92416235675996,0.125,0.875,0.0,1.1977174394327448,97.55881270857458,,,,25
b4322d76ebf8569f,quality_only,16,16,16,False,True,True,True,0.0,16,0,97.92416235675996,97.92416235675996,0.125,0.875,0.0,1.1977174394327448,97.55881270857458,,,,25
b4322d76ebf8569f,score,0,0,16,True,False,False,False,1.0,0,0,99.99118958068269,,0.0,0.0,1.0,25.89036785398357,97.55881270857458,16.0,0.0,99.99118958068269,25
b4322d76ebf8569f,pareto,0,0,16,True,False,False,False,1.0,0,0,99.99118958068269,,0.0,0.0,1.0,25.89036785398357,97.55881270857458,16.0,0.0,99.99118958068269,25
b4322d76ebf8569f,gt_distance,0,0,16,True,False,False,False,1.0,0,0,98.9416428170546,,0.0,0.0,1.0,6.440687022896863,97.55881270857458,16.0,0.0,98.9416428170546,25
b4322d76ebf8569f,old_pc,1,1,1,False,False,False,False,0.0,1,0,98.28388395722564,98.28388395722564,0.0,1.0,0.0,1.5225633621705197,97.55881270857458,16.0,15.0,98.28386969417612,25
acfc271e3c3d58fa,conditional_pc,16,16,16,False,True,True,True,0.0,16,0,91.98533299281672,91.98533299281672,0.4375,0.5625,0.0,1.0336757137202808,91.45917829896528,,,,22
acfc271e3c3d58fa,quality_only,16,16,16,False,True,True,True,0.0,16,0,91.98533299281672,91.98533299281672,0.4375,0.5625,0.0,1.0336757137202808,91.45917829896528,,,,22
acfc271e3c3d58fa,score,0,0,16,True,False,False,False,1.0,0,0,94.2691719776658,,0.0,0.0,1.0,11.088761047710376,91.45917829896528,16.0,0.0,94.2691719776658,22
acfc271e3c3d58fa,pareto,0,0,16,True,False,False,False,1.0,0,0,94.2691719776658,,0.0,0.0,1.0,11.088761047710376,91.45917829896528,16.0,0.0,94.2691719776658,22
acfc271e3c3d58fa,gt_distance,0,0,16,True,False,False,False,1.0,0,0,94.2691719776658,,0.0,0.0,1.0,11.088761047710376,91.45917829896528,16.0,0.0,94.2691719776658,22
acfc271e3c3d58fa,old_pc,1,1,1,False,False,False,False,0.0,1,0,92.62690114204608,92.62690114204608,0.0,1.0,0.0,1.1335380269743758,91.45917829896528,16.0,15.0,92.62714759694036,22
b222df74b8155735,conditional_pc,16,16,16,False,True,True,True,0.0,16,0,95.78445706413032,95.78445706413032,0.1875,0.8125,0.0,1.2956730756922936,95.063247732451,,,,33
b222df74b8155735,quality_only,16,16,16,False,True,True,True,0.0,16,0,95.78387182595544,95.78387182595544,0.1875,0.8125,0.0,1.2948469030760428,95.063247732451,,,,33
b222df74b8155735,score,0,0,16,True,False,False,False,1.0,0,0,96.40866406374836,,0.0,0.0,1.0,4.63109470907519,95.063247732451,16.0,0.0,96.40866406374836,33
b222df74b8155735,pareto,0,0,16,True,False,False,False,1.0,0,0,88.6063147354897,,0.0,0.0,1.0,4.767523506218081,95.063247732451,16.0,0.0,88.6063147354897,33
b222df74b8155735,gt_distance,0,0,16,True,False,False,False,1.0,0,0,88.6063147354897,,0.0,0.0,1.0,4.767523506218081,95.063247732451,16.0,0.0,88.6063147354897,33
b222df74b8155735,old_pc,1,1,1,False,False,False,False,0.0,1,0,96.21278763183442,96.21278763183442,0.0,1.0,0.0,1.5381496010340832,95.063247732451,16.0,15.0,96.21280010289458,33
415d6cd62f3b5c1c,conditional_pc,16,16,16,False,True,True,True,0.0,16,0,100.0,100.0,0.0625,0.9375,0.0,1.1523080962810188,100.0,,,,30
415d6cd62f3b5c1c,quality_only,16,16,16,False,True,True,True,0.0,16,0,100.0,100.0,0.0625,0.9375,0.0,1.1523080962810188,100.0,,,,30
415d6cd62f3b5c1c,score,0,0,16,True,False,False,False,1.0,0,0,100.0,,0.0,0.0,1.0,20.56536753785347,100.0,16.0,0.0,100.0,30
415d6cd62f3b5c1c,pareto,2,2,16,False,False,False,False,0.875,2,0,100.0,100.0,0.0,0.125,0.875,12.122135184773846,100.0,16.0,0.0,100.0,30
415d6cd62f3b5c1c,gt_distance,0,0,16,True,False,False,False,1.0,0,0,100.0,,0.0,0.0,1.0,13.977477024322258,100.0,16.0,0.0,100.0,30
415d6cd62f3b5c1c,old_pc,16,16,16,False,True,True,True,0.0,16,0,100.0,100.0,0.0625,0.9375,0.0,1.1523080962810188,100.0,16.0,0.0,100.0,30
b28e9b2fa67452a7,conditional_pc,16,16,16,False,True,True,True,0.0,16,0,96.41722806337994,96.41722806337994,0.125,0.875,0.0,1.2193122694369185,96.08057725742408,,,,22
b28e9b2fa67452a7,quality_only,16,16,16,False,True,True,True,0.0,16,0,96.41722806337994,96.41722806337994,0.125,0.875,0.0,1.2193122694369185,96.08057725742408,,,,22
b28e9b2fa67452a7,score,0,0,16,True,False,False,False,1.0,0,0,99.67894827034168,,0.0,0.0,1.0,22.71430297416763,96.08057725742408,16.0,0.0,99.67894827034168,22
b28e9b2fa67452a7,pareto,0,0,16,True,False,False,False,1.0,0,0,99.67894827034168,,0.0,0.0,1.0,22.714302974167637,96.08057725742408,16.0,0.0,99.67894827034168,22
b28e9b2fa67452a7,gt_distance,14,14,16,False,True,True,False,0.125,14,0,96.47170935503948,96.37606813688076,0.375,0.5,0.125,1.8419120750745384,96.08057725742408,16.0,0.0,96.47170935503948,22
b28e9b2fa67452a7,old_pc,1,1,1,False,False,False,False,0.0,1,0,96.77348283915131,96.77348283915131,0.0,1.0,0.0,1.384393148675824,96.08057725742408,16.0,15.0,96.773466600986,22
bd8dea7f7efc5343,conditional_pc,16,16,16,False,True,True,True,0.0,16,0,95.78660873578144,95.78660873578144,0.4375,0.5625,0.0,1.1422116283832966,95.41324043715493,,,,21
bd8dea7f7efc5343,quality_only,16,16,16,False,True,True,True,0.0,16,0,95.78660873578144,95.78660873578144,0.4375,0.5625,0.0,1.1422116283832966,95.41324043715493,,,,21
bd8dea7f7efc5343,score,0,0,16,True,False,False,False,1.0,0,0,97.08333737622608,,0.0,0.0,1.0,15.830872831229204,95.41324043715493,16.0,0.0,97.08333737622608,21
bd8dea7f7efc5343,pareto,0,0,16,True,False,False,False,1.0,0,0,97.08333737622608,,0.0,0.0,1.0,15.830872831229204,95.41324043715493,16.0,0.0,97.08333737622608,21
bd8dea7f7efc5343,gt_distance,1,1,16,False,False,False,False,0.9375,1,0,96.35912226066183,96.33854937782976,0.0,0.0625,0.9375,4.169432658164451,95.41324043715493,16.0,0.0,96.35912226066183,21
bd8dea7f7efc5343,old_pc,1,1,1,False,False,False,False,0.0,1,0,96.33854937782976,96.33854937782976,0.0,1.0,0.0,1.333862959781358,95.41324043715493,16.0,15.0,96.33856841212496,21
8224627048195e4f,conditional_pc,16,16,16,False,True,True,True,0.0,16,0,98.19568153642432,98.19568153642432,0.0,1.0,0.0,1.1176931782528037,96.3354329401848,,,,26
8224627048195e4f,quality_only,16,16,16,False,True,True,True,0.0,16,0,98.19568153642432,98.19568153642432,0.0,1.0,0.0,1.1176931782528037,96.3354329401848,,,,26
8224627048195e4f,score,1,1,16,False,False,False,False,0.9375,1,0,99.93602228089736,99.7640478706296,0.0,0.0625,0.9375,10.371435411369752,96.3354329401848,16.0,0.0,99.93602228089736,26
8224627048195e4f,pareto,1,1,16,False,False,False,False,0.9375,1,0,99.93602228089736,99.7640478706296,0.0,0.0625,0.9375,10.371435411369752,96.3354329401848,16.0,0.0,99.93602228089736,26
8224627048195e4f,gt_distance,1,1,16,False,False,False,False,0.9375,1,0,99.9164661405926,99.7640478706296,0.0,0.0625,0.9375,9.790379098238224,96.3354329401848,16.0,0.0,99.9164661405926,26
8224627048195e4f,old_pc,1,1,1,False,False,False,False,0.0,1,0,99.7640478706296,99.7640478706296,0.0,1.0,0.0,1.376175436172724,96.3354329401848,16.0,15.0,99.76454012381583,26
3225bfcbea245dd7,conditional_pc,16,16,16,False,True,True,True,0.0,16,0,100.0,100.0,0.0,1.0,0.0,1.3385943860300586,100.0,,,,48
3225bfcbea245dd7,quality_only,16,16,16,False,True,True,True,0.0,16,0,100.0,100.0,0.0,1.0,0.0,1.3385943860300586,100.0,,,,48
3225bfcbea245dd7,score,0,0,16,True,False,False,False,1.0,0,0,100.0,,0.0,0.0,1.0,4.399258304881779,100.0,16.0,0.0,100.0,48
3225bfcbea245dd7,pareto,2,2,16,False,False,False,False,0.875,2,0,100.0,100.0,0.0,0.125,0.875,6.620574511920839,100.0,16.0,0.0,100.0,48
3225bfcbea245dd7,gt_distance,3,3,16,False,False,False,False,0.8125,3,0,100.0,100.0,0.0625,0.125,0.8125,5.9628450174168,100.0,16.0,0.0,100.0,48
3225bfcbea245dd7,old_pc,16,16,16,False,True,True,True,0.0,16,0,100.0,100.0,0.0,1.0,0.0,1.3385943860300586,100.0,16.0,0.0,100.0,48
114a9052bd6851a2,conditional_pc,16,16,16,False,True,True,True,0.0,16,0,95.45287503730316,95.45287503730316,0.0,1.0,0.0,1.2078602963705634,94.0093268271306,,,,34
114a9052bd6851a2,quality_only,16,16,16,False,True,True,True,0.0,16,0,95.45287503730316,95.45287503730316,0.0,1.0,0.0,1.2078602963705634,94.0093268271306,,,,34
114a9052bd6851a2,score,0,0,16,True,False,False,False,1.0,0,0,100.0,,0.0,0.0,1.0,22.043796188201487,94.0093268271306,16.0,0.0,100.0,34
114a9052bd6851a2,pareto,0,0,16,True,False,False,False,1.0,0,0,100.0,,0.0,0.0,1.0,21.525060074588676,94.0093268271306,16.0,0.0,100.0,34
114a9052bd6851a2,gt_distance,0,0,16,True,False,False,False,1.0,0,0,99.20005322508216,,0.0,0.0,1.0,15.841151664171525,94.0093268271306,16.0,0.0,99.20005322508216,34
114a9052bd6851a2,old_pc,1,1,1,False,False,False,False,0.0,1,0,96.01078178739652,96.01078178739652,0.0,1.0,0.0,1.1495881327072155,94.0093268271306,16.0,15.0,96.0110473305686,34
f80fe289f8135602,conditional_pc,16,16,16,False,True,True,True,0.0,16,0,89.88592229329184,89.88592229329184,0.25,0.75,0.0,1.211053395121268,89.70944678820814,,,,19
f80fe289f8135602,quality_only,16,16,16,False,True,True,True,0.0,16,0,89.88592229329184,89.88592229329184,0.25,0.75,0.0,1.211053395121268,89.70944678820814,,,,19
f80fe289f8135602,score,0,0,16,True,False,False,False,1.0,0,0,92.9578896484807,,0.0,0.0,1.0,38.77850748156728,89.70944678820814,16.0,0.0,92.9578896484807,19
f80fe289f8135602,pareto,0,0,16,True,False,False,False,1.0,0,0,92.9578896484807,,0.0,0.0,1.0,38.77850748156728,89.70944678820814,16.0,0.0,92.9578896484807,19
f80fe289f8135602,gt_distance,3,3,16,False,False,False,False,0.8125,3,0,90.26015518770744,90.02252674687466,0.0,0.1875,0.8125,6.779774254627225,89.70944678820814,16.0,0.0,90.26015518770744,19
f80fe289f8135602,old_pc,1,1,1,False,False,False,False,0.0,1,0,90.05448140374149,90.05448140374149,0.0,1.0,0.0,1.615675185187918,89.70944678820814,16.0,15.0,90.05452722754458,19
983b7ed08a4b5a88,conditional_pc,16,16,16,False,True,True,True,0.0,16,0,100.0,100.0,0.0,1.0,0.0,1.1833910414940436,100.0,,,,36
983b7ed08a4b5a88,quality_only,16,16,16,False,True,True,True,0.0,16,0,100.0,100.0,0.0,1.0,0.0,1.1833910414940436,100.0,,,,36
983b7ed08a4b5a88,score,0,0,16,True,False,False,False,1.0,0,0,100.0,,0.0,0.0,1.0,4.701183427844893,100.0,16.0,0.0,100.0,36
983b7ed08a4b5a88,pareto,2,2,16,False,False,False,False,0.875,2,0,100.0,100.0,0.0,0.125,0.875,9.731933757706985,100.0,16.0,0.0,100.0,36
983b7ed08a4b5a88,gt_distance,2,2,16,False,False,False,False,0.875,2,0,100.0,100.0,0.0,0.125,0.875,10.039173032048309,100.0,16.0,0.0,100.0,36
983b7ed08a4b5a88,old_pc,16,16,16,False,True,True,True,0.0,16,0,100.0,100.0,0.0,1.0,0.0,1.1833910414940436,100.0,16.0,0.0,100.0,36
34dd4c6fb6245b9a,conditional_pc,16,16,16,False,True,True,True,0.0,16,0,85.14361969940084,85.14361969940084,0.1875,0.8125,0.0,1.183879648629624,83.24241887224298,,,,23
34dd4c6fb6245b9a,quality_only,16,16,16,False,True,True,True,0.0,16,0,85.14361969940083,85.14361969940083,0.1875,0.8125,0.0,1.183879648629624,83.24241887224298,,,,23
34dd4c6fb6245b9a,score,16,16,16,False,True,True,True,0.0,16,0,85.20568592752115,85.20568592752115,0.25,0.75,0.0,1.1420014049144245,83.24241887224298,16.0,0.0,85.20568592752115,23
34dd4c6fb6245b9a,pareto,16,16,16,False,True,True,True,0.0,16,0,85.20568592752115,85.20568592752115,0.25,0.75,0.0,1.1420014049144245,83.24241887224298,16.0,0.0,85.20568592752115,23
34dd4c6fb6245b9a,gt_distance,8,8,16,False,True,True,False,0.5,8,0,83.44244065411681,84.06293858419127,0.6875,0.125,0.1875,2.162606768794751,83.24241887224298,16.0,0.0,83.44244065411681,23
34dd4c6fb6245b9a,old_pc,2,2,2,False,False,False,False,0.0,2,0,87.33750488702063,87.33750488702063,0.0,1.0,0.0,1.286222798809087,83.24241887224298,16.0,14.0,87.3386855162511,23
5895d1e3cb355fb9,conditional_pc,16,16,16,False,True,True,True,0.0,16,0,87.61802881209589,87.61802881209589,0.0,1.0,0.0,1.2512176958712082,86.03140836059646,,,,28
5895d1e3cb355fb9,quality_only,16,16,16,False,True,True,True,0.0,16,0,87.61802881209589,87.61802881209589,0.0,1.0,0.0,1.2512176958712082,86.03140836059646,,,,28
5895d1e3cb355fb9,score,0,0,16,True,False,False,False,1.0,0,0,99.92614741044746,,0.0,0.0,1.0,39.034139216302776,86.03140836059646,16.0,0.0,99.92614741044746,28
5895d1e3cb355fb9,pareto,0,0,16,True,False,False,False,1.0,0,0,99.92614741044746,,0.0,0.0,1.0,39.03413921630277,86.03140836059646,16.0,0.0,99.92614741044746,28
5895d1e3cb355fb9,gt_distance,0,0,16,True,False,False,False,1.0,0,0,92.34489002051237,,0.0,0.0,1.0,11.28385089370989,86.03140836059646,16.0,0.0,92.34489002051237,28
5895d1e3cb355fb9,old_pc,1,1,1,False,False,False,False,0.0,1,0,89.04147703283907,89.04147703283907,0.0,1.0,0.0,1.4715891765759022,86.03140836059646,16.0,15.0,89.04151658262552,28
14b505fe90ef5fb8,conditional_pc,16,16,16,False,True,True,True,0.0,16,0,100.0,100.0,0.25,0.75,0.0,1.117684068536777,100.0,,,,31
14b505fe90ef5fb8,quality_only,16,16,16,False,True,True,True,0.0,16,0,100.0,100.0,0.25,0.75,0.0,1.117684068536777,100.0,,,,31
14b505fe90ef5fb8,score,0,0,16,True,False,False,False,1.0,0,0,100.0,,0.0,0.0,1.0,12.261011787885456,100.0,16.0,0.0,100.0,31
14b505fe90ef5fb8,pareto,2,2,16,False,False,False,False,0.875,2,0,100.0,100.0,0.0,0.125,0.875,11.92141832331603,100.0,16.0,0.0,100.0,31
14b505fe90ef5fb8,gt_distance,3,3,16,False,False,False,False,0.8125,3,0,100.0,100.0,0.125,0.0625,0.8125,10.279082165101856,100.0,16.0,0.0,100.0,31
14b505fe90ef5fb8,old_pc,16,16,16,False,True,True,True,0.0,16,0,100.0,100.0,0.25,0.75,0.0,1.1177150354373588,100.0,16.0,0.0,100.0,31
1ce58516c7675036,conditional_pc,0,0,0,True,False,False,False,1.0,0,0,,,,,,,0.0,,,,0
1ce58516c7675036,quality_only,0,0,0,True,False,False,False,1.0,0,0,,,,,,,0.0,,,,0
1ce58516c7675036,score,0,0,16,True,False,False,False,1.0,0,0,100.0,,0.0,0.0,1.0,21.150209315849025,0.0,16.0,0.0,100.0,0
1ce58516c7675036,pareto,0,0,16,True,False,False,False,1.0,0,0,100.0,,0.0,0.0,1.0,21.34059384136568,0.0,16.0,0.0,100.0,0
1ce58516c7675036,gt_distance,0,0,16,True,False,False,False,1.0,0,0,100.0,,0.0,0.0,1.0,21.34059384136568,0.0,16.0,0.0,100.0,0
1ce58516c7675036,old_pc,0,0,1,True,False,False,False,1.0,0,0,0.0,,0.0,1.0,0.0,1.5969365846903862,0.0,16.0,15.0,0.0,0
b1e88b8722105d53,conditional_pc,16,16,16,False,True,True,True,0.0,16,0,96.42184479828622,96.42184479828622,0.0,1.0,0.0,1.1146131918881397,95.62615623370752,,,,24
b1e88b8722105d53,quality_only,16,16,16,False,True,True,True,0.0,16,0,96.42184479828622,96.42184479828622,0.0,1.0,0.0,1.1146131918881397,95.62615623370752,,,,24
b1e88b8722105d53,score,11,11,16,False,True,True,False,0.3125,11,0,96.78340099223615,96.73468887465714,0.125,0.5625,0.3125,1.9253212913182247,95.62615623370752,16.0,0.0,96.78340099223615,24
b1e88b8722105d53,pareto,11,11,16,False,True,True,False,0.3125,11,0,96.78340099223615,96.73468887465714,0.125,0.5625,0.3125,1.9253212913182247,95.62615623370752,16.0,0.0,96.78340099223615,24
b1e88b8722105d53,gt_distance,11,11,16,False,True,True,False,0.3125,11,0,96.78340099223615,96.73468887465714,0.125,0.5625,0.3125,1.9253212913182247,95.62615623370752,16.0,0.0,96.78340099223615,24
b1e88b8722105d53,old_pc,1,1,1,False,False,False,False,0.0,1,0,97.28360514521998,97.28360514521998,0.0,1.0,0.0,1.1755857362830884,95.62615623370752,16.0,15.0,97.28383410484628,24
410fac99463459e6,conditional_pc,16,16,16,False,True,True,True,0.0,16,0,100.0,100.0,0.0,1.0,0.0,1.3306652109122097,100.0,,,,32
410fac99463459e6,quality_only,16,16,16,False,True,True,True,0.0,16,0,100.0,100.0,0.0,1.0,0.0,1.3306652109122097,100.0,,,,32
410fac99463459e6,score,0,0,16,True,False,False,False,1.0,0,0,100.0,,0.0,0.0,1.0,14.9708820461667,100.0,16.0,0.0,100.0,32
410fac99463459e6,pareto,1,1,16,False,False,False,False,0.9375,1,0,100.0,100.0,0.0,0.0625,0.9375,14.526505328156707,100.0,16.0,0.0,100.0,32
410fac99463459e6,gt_distance,3,3,16,False,False,False,False,0.8125,3,0,100.0,100.0,0.0625,0.125,0.8125,13.995956966287473,100.0,16.0,0.0,100.0,32
410fac99463459e6,old_pc,16,16,16,False,True,True,True,0.0,16,0,100.0,100.0,0.0,1.0,0.0,1.3306652109122097,100.0,16.0,0.0,100.0,32
5207306ed1a05de8,conditional_pc,16,16,16,False,True,True,True,0.0,16,0,100.0,100.0,0.3125,0.6875,0.0,1.087695579550085,100.0,,,,31
5207306ed1a05de8,quality_only,16,16,16,False,True,True,True,0.0,16,0,100.0,100.0,0.3125,0.6875,0.0,1.087695579550085,100.0,,,,31
5207306ed1a05de8,score,0,0,16,True,False,False,False,1.0,0,0,100.0,,0.0,0.0,1.0,4.045893034464836,100.0,16.0,0.0,100.0,31
5207306ed1a05de8,pareto,0,0,16,True,False,False,False,1.0,0,0,100.0,,0.0,0.0,1.0,21.81064262315816,100.0,16.0,0.0,100.0,31
5207306ed1a05de8,gt_distance,0,0,16,True,False,False,False,1.0,0,0,100.0,,0.0,0.0,1.0,21.81064262315816,100.0,16.0,0.0,100.0,31
5207306ed1a05de8,old_pc,16,16,16,False,True,True,True,0.0,16,0,100.0,100.0,0.3125,0.6875,0.0,1.087695579550085,100.0,16.0,0.0,100.0,31
8ba3bff293265674,conditional_pc,16,16,16,False,True,True,True,0.0,16,0,99.97048622016396,99.97048622016396,0.0625,0.9375,0.0,1.303164063570323,99.6410395326846,,,,27
8ba3bff293265674,quality_only,16,16,16,False,True,True,True,0.0,16,0,99.97048622016396,99.97048622016396,0.0625,0.9375,0.0,1.303164063570323,99.6410395326846,,,,27
8ba3bff293265674,score,0,0,16,True,False,False,False,1.0,0,0,100.0,,0.0,0.0,1.0,6.308216882244425,99.6410395326846,16.0,0.0,100.0,27
8ba3bff293265674,pareto,1,1,16,False,False,False,False,0.9375,1,0,100.0,100.0,0.0625,0.0,0.9375,16.68151716467771,99.6410395326846,16.0,0.0,100.0,27
8ba3bff293265674,gt_distance,2,2,16,False,False,False,False,0.875,2,0,100.0,100.0,0.0625,0.0625,0.875,12.101824696545838,99.6410395326846,16.0,0.0,100.0,27
8ba3bff293265674,old_pc,16,16,16,False,True,True,True,0.0,16,0,100.0,100.0,0.1875,0.8125,0.0,1.254896361335142,99.6410395326846,16.0,0.0,100.0,27
69560676d53a56c9,conditional_pc,16,16,16,False,True,True,True,0.0,16,0,82.48158954376954,82.48158954376954,0.5,0.5,0.0,1.062682376345477,82.1638385255616,,,,22
69560676d53a56c9,quality_only,16,16,16,False,True,True,True,0.0,16,0,82.48158954376954,82.48158954376954,0.5,0.5,0.0,1.062682376345477,82.1638385255616,,,,22
69560676d53a56c9,score,0,0,16,True,False,False,False,1.0,0,0,89.54781257191152,,0.0,0.0,1.0,31.601297708668262,82.1638385255616,16.0,0.0,89.54781257191152,22
69560676d53a56c9,pareto,0,0,16,True,False,False,False,1.0,0,0,89.54781257191152,,0.0,0.0,1.0,31.601297708668262,82.1638385255616,16.0,0.0,89.54781257191152,22
69560676d53a56c9,gt_distance,0,0,16,True,False,False,False,1.0,0,0,88.63058942211885,,0.0,0.0,1.0,35.19946892786193,82.1638385255616,16.0,0.0,88.63058942211885,22
69560676d53a56c9,old_pc,1,1,1,False,False,False,False,0.0,1,0,82.95337810972471,82.95337810972471,0.0,1.0,0.0,1.5992321501684366,82.1638385255616,16.0,15.0,82.95369007054828,22
cef0adbb58ad5ca1,conditional_pc,16,16,16,False,True,True,True,0.0,16,0,95.79192410081168,95.79192410081168,0.3125,0.6875,0.0,1.0680385719232777,94.51945328303864,,,,24
cef0adbb58ad5ca1,quality_only,16,16,16,False,True,True,True,0.0,16,0,95.79192410081168,95.79192410081168,0.3125,0.6875,0.0,1.0680385719232777,94.51945328303864,,,,24
cef0adbb58ad5ca1,score,0,0,16,True,False,False,False,1.0,0,0,100.0,,0.0,0.0,1.0,21.477650106082613,94.51945328303864,16.0,0.0,100.0,24
cef0adbb58ad5ca1,pareto,0,0,16,True,False,False,False,1.0,0,0,100.0,,0.0,0.0,1.0,20.96993423624768,94.51945328303864,16.0,0.0,100.0,24
cef0adbb58ad5ca1,gt_distance,0,0,16,True,False,False,False,1.0,0,0,100.0,,0.0,0.0,1.0,20.96993423624768,94.51945328303864,16.0,0.0,100.0,24
cef0adbb58ad5ca1,old_pc,1,1,1,False,False,False,False,0.0,1,0,96.37971105787838,96.37971105787838,0.0,1.0,0.0,1.1401512087481094,94.51945328303864,16.0,15.0,96.37971332357998,24
c5dcabed55395a6e,conditional_pc,16,16,16,False,True,True,True,0.0,16,0,93.13065196780389,93.13065196780389,0.1875,0.8125,0.0,1.2024752461661814,92.77540930817204,,,,20
c5dcabed55395a6e,quality_only,16,16,16,False,True,True,True,0.0,16,0,93.13065196780389,93.13065196780389,0.1875,0.8125,0.0,1.2024752461661814,92.77540930817204,,,,20
c5dcabed55395a6e,score,0,0,16,True,False,False,False,1.0,0,0,96.73378467497504,,0.0,0.0,1.0,35.718445144160405,92.77540930817204,16.0,0.0,96.73378467497504,20
c5dcabed55395a6e,pareto,0,0,16,True,False,False,False,1.0,0,0,96.73378467497504,,0.0,0.0,1.0,35.718445144160405,92.77540930817204,16.0,0.0,96.73378467497504,20
c5dcabed55395a6e,gt_distance,0,0,16,True,False,False,False,1.0,0,0,96.5969609836296,,0.0,0.0,1.0,34.2134204496986,92.77540930817204,16.0,0.0,96.5969609836296,20
c5dcabed55395a6e,old_pc,1,1,1,False,False,False,False,0.0,1,0,93.42967987018427,93.42967987018427,0.0,1.0,0.0,1.3119545566636344,92.77540930817204,16.0,15.0,93.4296815855866,20
8b839595c4105c65,conditional_pc,16,16,16,False,True,True,True,0.0,16,0,100.0,100.0,0.125,0.875,0.0,1.169813260573839,100.0,,,,34
8b839595c4105c65,quality_only,16,16,16,False,True,True,True,0.0,16,0,100.0,100.0,0.125,0.875,0.0,1.169813260573839,100.0,,,,34
8b839595c4105c65,score,0,0,16,True,False,False,False,1.0,0,0,100.0,,0.0,0.0,1.0,2.3221757005382573,100.0,16.0,0.0,100.0,34
8b839595c4105c65,pareto,1,1,16,False,False,False,False,0.9375,1,0,100.0,100.0,0.0,0.0625,0.9375,5.189962735773641,100.0,16.0,0.0,100.0,34
8b839595c4105c65,gt_distance,3,3,16,False,False,False,False,0.8125,3,0,100.0,100.0,0.125,0.0625,0.8125,3.735950458958892,100.0,16.0,0.0,100.0,34
8b839595c4105c65,old_pc,16,16,16,False,True,True,True,0.0,16,0,100.0,100.0,0.125,0.875,0.0,1.169813260573839,100.0,16.0,0.0,100.0,34
f32a0e56a5b75884,conditional_pc,3,3,3,False,False,False,False,0.0,3,0,100.0,100.0,0.0,1.0,0.0,1.0820415256474618,100.0,,,,3
f32a0e56a5b75884,quality_only,3,3,3,False,False,False,False,0.0,3,0,100.0,100.0,0.0,1.0,0.0,1.0820415256474618,100.0,,,,3
f32a0e56a5b75884,score,0,0,16,True,False,False,False,1.0,0,0,100.0,,0.0,0.0,1.0,4.247696399767527,100.0,16.0,0.0,100.0,3
f32a0e56a5b75884,pareto,1,1,16,False,False,False,False,0.9375,1,0,100.0,100.0,0.0625,0.0625,0.875,7.900337731402976,100.0,16.0,0.0,100.0,3
f32a0e56a5b75884,gt_distance,3,3,16,False,False,False,False,0.8125,3,0,100.0,100.0,0.0625,0.25,0.6875,3.848747416939875,100.0,16.0,0.0,100.0,3
f32a0e56a5b75884,old_pc,3,3,3,False,False,False,False,0.0,3,0,100.0,100.0,0.0,1.0,0.0,1.0820415256474618,100.0,16.0,13.0,100.0,3
972eb434cfd159e8,conditional_pc,16,16,16,False,True,True,True,0.0,16,0,87.14261010360018,87.14261010360018,0.1875,0.8125,0.0,1.1130456540692255,86.03869952243514,,,,26
972eb434cfd159e8,quality_only,16,16,16,False,True,True,True,0.0,16,0,87.14261010360018,87.14261010360018,0.1875,0.8125,0.0,1.1130456540692255,86.03869952243514,,,,26
972eb434cfd159e8,score,1,1,16,False,False,False,False,0.9375,1,0,88.01244471136098,88.32379903439686,0.0,0.0625,0.9375,7.833972246645435,86.03869952243514,16.0,0.0,88.01244471136098,26
972eb434cfd159e8,pareto,1,1,16,False,False,False,False,0.9375,1,0,88.01244471136098,88.32379903439686,0.0,0.0625,0.9375,7.833972246645435,86.03869952243514,16.0,0.0,88.01244471136098,26
972eb434cfd159e8,gt_distance,2,2,16,False,False,False,False,0.875,2,0,87.70078114072008,87.56528544239202,0.0,0.125,0.875,7.0957556475858174,86.03869952243514,16.0,0.0,87.70078114072008,26
972eb434cfd159e8,old_pc,1,1,1,False,False,False,False,0.0,1,0,88.32379903439686,88.32379903439686,0.0,1.0,0.0,1.3133125621174018,86.03869952243514,16.0,15.0,88.32449476092145,26
505c44ea52485f9d,conditional_pc,16,16,16,False,True,True,True,0.0,16,0,99.61261185266888,99.61261185266888,0.0,1.0,0.0,1.2118286425879896,99.4149502619182,,,,29
505c44ea52485f9d,quality_only,16,16,16,False,True,True,True,0.0,16,0,99.61261185266888,99.61261185266888,0.0,1.0,0.0,1.2118286425879896,99.4149502619182,,,,29
505c44ea52485f9d,score,0,0,16,True,False,False,False,1.0,0,0,100.0,,0.0,0.0,1.0,26.56432800779948,99.4149502619182,16.0,0.0,100.0,29
505c44ea52485f9d,pareto,0,0,16,True,False,False,False,1.0,0,0,100.0,,0.0,0.0,1.0,21.273683984082915,99.4149502619182,16.0,0.0,100.0,29
505c44ea52485f9d,gt_distance,0,0,16,True,False,False,False,1.0,0,0,99.99336459008376,,0.0,0.0,1.0,6.064235394703797,99.4149502619182,16.0,0.0,99.99336459008376,29
505c44ea52485f9d,old_pc,1,1,1,False,False,False,False,0.0,1,0,99.83901845960676,99.83901845960676,0.0,1.0,0.0,1.1360415806323874,99.4149502619182,16.0,15.0,99.83902971215724,29
c0b07b38110a556f,conditional_pc,16,16,16,False,True,True,True,0.0,16,0,100.0,100.0,0.0625,0.9375,0.0,1.1497569041008622,100.0,,,,30
c0b07b38110a556f,quality_only,16,16,16,False,True,True,True,0.0,16,0,100.0,100.0,0.0625,0.9375,0.0,1.1497569041008622,100.0,,,,30
c0b07b38110a556f,score,0,0,16,True,False,False,False,1.0,0,0,100.0,,0.0,0.0,1.0,6.993943662311552,100.0,16.0,0.0,100.0,30
c0b07b38110a556f,pareto,1,1,16,False,False,False,False,0.9375,1,0,100.0,100.0,0.0625,0.0,0.9375,18.212526059260576,100.0,16.0,0.0,100.0,30
c0b07b38110a556f,gt_distance,1,1,16,False,False,False,False,0.9375,1,0,100.0,100.0,0.0625,0.0,0.9375,18.212526059260576,100.0,16.0,0.0,100.0,30
c0b07b38110a556f,old_pc,16,16,16,False,True,True,True,0.0,16,0,100.0,100.0,0.0625,0.9375,0.0,1.1496414672495208,100.0,16.0,0.0,100.0,30
7fe310f364355e2d,conditional_pc,16,16,16,False,True,True,True,0.0,16,0,94.55785939390675,94.55785939390675,0.4375,0.5625,0.0,1.1408994189055872,94.22593521935184,,,,17
7fe310f364355e2d,quality_only,16,16,16,False,True,True,True,0.0,16,0,94.55785939390675,94.55785939390675,0.4375,0.5625,0.0,1.1408994189055872,94.22593521935184,,,,17
7fe310f364355e2d,score,0,0,16,True,False,False,False,1.0,0,0,99.42996047788228,,0.0,0.0,1.0,101.11272110081376,94.22593521935184,16.0,0.0,99.42996047788228,17
7fe310f364355e2d,pareto,0,0,16,True,False,False,False,1.0,0,0,99.42996047788228,,0.0,0.0,1.0,101.11272110081376,94.22593521935184,16.0,0.0,99.42996047788228,17
7fe310f364355e2d,gt_distance,0,0,16,True,False,False,False,1.0,0,0,99.42996047788228,,0.0,0.0,1.0,101.11272110081376,94.22593521935184,16.0,0.0,99.42996047788228,17
7fe310f364355e2d,old_pc,1,1,1,False,False,False,False,0.0,1,0,94.97201652966316,94.97201652966316,0.0,1.0,0.0,1.3397897042661178,94.22593521935184,16.0,15.0,94.97196793579296,17
efdd48896e7a5f15,conditional_pc,16,16,16,False,True,True,True,0.0,16,0,92.55198546674572,92.55198546674572,0.0,1.0,0.0,1.2897455438234846,91.22802589408067,,,,33
efdd48896e7a5f15,quality_only,16,16,16,False,True,True,True,0.0,16,0,92.55198546674572,92.55198546674572,0.0,1.0,0.0,1.2897455438234844,91.22802589408067,,,,33
efdd48896e7a5f15,score,0,0,16,True,False,False,False,1.0,0,0,93.77241002659676,,0.0,0.0,1.0,11.673655535567256,91.22802589408067,16.0,0.0,93.77241002659676,33
efdd48896e7a5f15,pareto,0,0,16,True,False,False,False,1.0,0,0,93.77241002659676,,0.0,0.0,1.0,11.673655535567256,91.22802589408067,16.0,0.0,93.77241002659676,33
efdd48896e7a5f15,gt_distance,0,0,16,True,False,False,False,1.0,0,0,93.60244886945542,,0.0,0.0,1.0,8.473802826367647,91.22802589408067,16.0,0.0,93.60244886945542,33
efdd48896e7a5f15,old_pc,1,1,1,False,False,False,False,0.0,1,0,92.92704127687628,92.92704127687628,0.0,1.0,0.0,1.491118284704385,91.22802589408067,16.0,15.0,92.92700473414554,33
e47d448a999b5595,conditional_pc,16,16,16,False,True,True,True,0.0,16,0,93.321599938988,93.321599938988,0.25,0.75,0.0,1.166185812735112,92.92449337161425,,,,20
e47d448a999b5595,quality_only,16,16,16,False,True,True,True,0.0,16,0,93.321599938988,93.321599938988,0.25,0.75,0.0,1.166185812735112,92.92449337161425,,,,20
e47d448a999b5595,score,0,0,16,True,False,False,False,1.0,0,0,94.02064368583072,,0.0,0.0,1.0,18.045461668946345,92.92449337161425,16.0,0.0,94.02064368583072,20
e47d448a999b5595,pareto,0,0,16,True,False,False,False,1.0,0,0,94.02064368583072,,0.0,0.0,1.0,18.045461668946345,92.92449337161425,16.0,0.0,94.02064368583072,20
e47d448a999b5595,gt_distance,3,3,16,False,False,False,False,0.8125,3,0,93.59858292940466,93.5375543246752,0.0,0.1875,0.8125,7.779113602650675,92.92449337161425,16.0,0.0,93.59858292940466,20
e47d448a999b5595,old_pc,1,1,1,False,False,False,False,0.0,1,0,93.8243597131892,93.8243597131892,0.0,1.0,0.0,1.7140973066449712,92.92449337161425,16.0,15.0,93.8243306206468,20
6c0b6e4fdf005a81,conditional_pc,16,16,16,False,True,True,True,0.0,16,0,100.0,100.0,0.0,1.0,0.0,1.362835143599708,99.95799262119384,,,,33
6c0b6e4fdf005a81,quality_only,16,16,16,False,True,True,True,0.0,16,0,100.0,100.0,0.0,1.0,0.0,1.362835143599708,99.95799262119384,,,,33
6c0b6e4fdf005a81,score,0,0,16,True,False,False,False,1.0,0,0,100.0,,0.0,0.0,1.0,3.692084350892269,99.95799262119384,16.0,0.0,100.0,33
6c0b6e4fdf005a81,pareto,2,2,16,False,False,False,False,0.875,2,0,100.0,100.0,0.0625,0.0625,0.875,8.748437531173945,99.95799262119384,16.0,0.0,100.0,33
6c0b6e4fdf005a81,gt_distance,4,4,16,False,True,False,False,0.75,4,0,100.0,100.0,0.125,0.125,0.75,4.996914488689969,99.95799262119384,16.0,0.0,100.0,33
6c0b6e4fdf005a81,old_pc,15,15,16,False,True,True,False,0.0625,15,0,99.97271858340758,100.0,0.0,1.0,0.0,1.33490482068478,99.95799262119384,16.0,0.0,99.97271858340758,33
071d2ff38b4855ed,conditional_pc,16,16,16,False,True,True,True,0.0,16,0,84.11436950712383,84.11436950712383,0.125,0.875,0.0,1.1473214095209108,83.16722595328051,,,,22
071d2ff38b4855ed,quality_only,16,16,16,False,True,True,True,0.0,16,0,84.11436950712383,84.11436950712383,0.125,0.875,0.0,1.1473214095209108,83.16722595328051,,,,22
071d2ff38b4855ed,score,0,0,16,True,False,False,False,1.0,0,0,94.53321800315436,,0.0,0.0,1.0,29.70283764123253,83.16722595328051,16.0,0.0,94.53321800315436,22
071d2ff38b4855ed,pareto,0,0,16,True,False,False,False,1.0,0,0,94.53321800315436,,0.0,0.0,1.0,29.70283764123253,83.16722595328051,16.0,0.0,94.53321800315436,22
071d2ff38b4855ed,gt_distance,3,3,16,False,False,False,False,0.8125,3,0,87.13643219714606,84.87141223485763,0.0,0.1875,0.8125,6.426876662741569,83.16722595328051,16.0,0.0,87.13643219714606,22
071d2ff38b4855ed,old_pc,1,1,1,False,False,False,False,0.0,1,0,85.37542434549704,85.37542434549704,0.0,1.0,0.0,1.39290489005495,83.16722595328051,16.0,15.0,85.37554433457437,22
b450f88783c15dea,conditional_pc,16,16,16,False,True,True,True,0.0,16,0,92.60179254819072,92.60179254819072,0.0,1.0,0.0,1.2525895094550237,91.76733489701311,,,,43
b450f88783c15dea,quality_only,16,16,16,False,True,True,True,0.0,16,0,92.60179254819072,92.60179254819072,0.0,1.0,0.0,1.2525895094550237,91.76733489701311,,,,43
b450f88783c15dea,score,0,0,16,True,False,False,False,1.0,0,0,100.0,,0.0,0.0,1.0,63.46436794471804,91.76733489701311,16.0,0.0,100.0,43
b450f88783c15dea,pareto,0,0,16,True,False,False,False,1.0,0,0,100.0,,0.0,0.0,1.0,63.24599355974896,91.76733489701311,16.0,0.0,100.0,43
b450f88783c15dea,gt_distance,7,7,16,False,True,False,False,0.5625,7,0,93.55956145611334,92.83342371950124,0.125,0.3125,0.5625,4.955614321383162,91.76733489701311,16.0,0.0,93.55956145611334,43
b450f88783c15dea,old_pc,1,1,1,False,False,False,False,0.0,1,0,92.8833260763606,92.8833260763606,0.0,1.0,0.0,1.1294963553805095,91.76733489701311,16.0,15.0,92.88352074443532,43
7b3902956ebc561d,conditional_pc,16,16,16,False,True,True,True,0.0,16,0,100.0,100.0,0.0,1.0,0.0,1.3295631082920352,100.0,,,,40
7b3902956ebc561d,quality_only,16,16,16,False,True,True,True,0.0,16,0,100.0,100.0,0.0,1.0,0.0,1.3295631082920352,100.0,,,,40
7b3902956ebc561d,score,0,0,16,True,False,False,False,1.0,0,0,100.0,,0.0,0.0,1.0,2.934386230254672,100.0,16.0,0.0,100.0,40
7b3902956ebc561d,pareto,3,3,16,False,False,False,False,0.8125,3,0,100.0,100.0,0.0,0.1875,0.8125,5.915886983562059,100.0,16.0,0.0,100.0,40
7b3902956ebc561d,gt_distance,4,4,16,False,True,False,False,0.75,4,0,100.0,100.0,0.125,0.125,0.75,3.087840804007196,100.0,16.0,0.0,100.0,40
7b3902956ebc561d,old_pc,16,16,16,False,True,True,True,0.0,16,0,100.0,100.0,0.0,1.0,0.0,1.3295631082920352,100.0,16.0,0.0,100.0,40
dc73cea57e105ebd,conditional_pc,16,16,16,False,True,True,True,0.0,16,0,96.14113516427228,96.14113516427228,0.25,0.75,0.0,1.134831955141767,95.54161179545892,,,,23
dc73cea57e105ebd,quality_only,16,16,16,False,True,True,True,0.0,16,0,96.14113516427228,96.14113516427228,0.25,0.75,0.0,1.134831955141767,95.54161179545892,,,,23
dc73cea57e105ebd,score,0,0,16,True,False,False,False,1.0,0,0,100.0,,0.0,0.0,1.0,24.967589413579205,95.54161179545892,16.0,0.0,100.0,23
dc73cea57e105ebd,pareto,0,0,16,True,False,False,False,1.0,0,0,100.0,,0.0,0.0,1.0,24.161602713433773,95.54161179545892,16.0,0.0,100.0,23
dc73cea57e105ebd,gt_distance,0,0,16,True,False,False,False,1.0,0,0,98.4385356604338,,0.0,0.0,1.0,11.409452056802376,95.54161179545892,16.0,0.0,98.4385356604338,23
dc73cea57e105ebd,old_pc,1,1,1,False,False,False,False,0.0,1,0,96.46533866106527,96.46533866106527,0.0,1.0,0.0,1.331206399009195,95.54161179545892,16.0,15.0,96.46541889155588,23
b87bd020396b5670,conditional_pc,16,16,16,False,True,True,True,0.0,16,0,100.0,100.0,0.0625,0.9375,0.0,1.1474664921845434,100.0,,,,32
b87bd020396b5670,quality_only,16,16,16,False,True,True,True,0.0,16,0,100.0,100.0,0.0625,0.9375,0.0,1.1474664921845434,100.0,,,,32
b87bd020396b5670,score,0,0,16,True,False,False,False,1.0,0,0,100.0,,0.0,0.0,1.0,10.214341507775902,100.0,16.0,0.0,100.0,32
b87bd020396b5670,pareto,2,2,16,False,False,False,False,0.875,2,0,100.0,100.0,0.0625,0.0625,0.875,8.594505198158991,100.0,16.0,0.0,100.0,32
b87bd020396b5670,gt_distance,2,2,16,False,False,False,False,0.875,2,0,100.0,100.0,0.0625,0.0625,0.875,8.157604980841782,100.0,16.0,0.0,100.0,32
b87bd020396b5670,old_pc,16,16,16,False,True,True,True,0.0,16,0,100.0,100.0,0.0625,0.9375,0.0,1.1474664921845434,100.0,16.0,0.0,100.0,32
ba1a894e5a6350d2,conditional_pc,16,16,16,False,True,True,True,0.0,16,0,95.38971503327348,95.38971503327348,0.0,1.0,0.0,1.1581834179483628,94.8883731409723,,,,35
ba1a894e5a6350d2,quality_only,16,16,16,False,True,True,True,0.0,16,0,95.38971503327348,95.38971503327348,0.0,1.0,0.0,1.1581834179483623,94.8883731409723,,,,35
ba1a894e5a6350d2,score,1,1,16,False,False,False,False,0.9375,1,0,96.2400327643128,96.11255459596391,0.0,0.0625,0.9375,2.714804017329269,94.8883731409723,16.0,0.0,96.2400327643128,35
ba1a894e5a6350d2,pareto,1,1,16,False,False,False,False,0.9375,1,0,96.2400327643128,96.11255459596391,0.0,0.0625,0.9375,2.714804017329269,94.8883731409723,16.0,0.0,96.2400327643128,35
ba1a894e5a6350d2,gt_distance,1,1,16,False,False,False,False,0.9375,1,0,96.2400327643128,96.11255459596391,0.0,0.0625,0.9375,2.714804017329269,94.8883731409723,16.0,0.0,96.2400327643128,35
ba1a894e5a6350d2,old_pc,1,1,1,False,False,False,False,0.0,1,0,96.11255459596391,96.11255459596391,0.0,1.0,0.0,1.337199301461841,94.8883731409723,16.0,15.0,96.1126378241956,35
ddbfb3b2a05c5918,conditional_pc,16,16,16,False,True,True,True,0.0,16,0,100.0,100.0,0.0625,0.9375,0.0,1.1751277294030928,100.0,,,,31
ddbfb3b2a05c5918,quality_only,16,16,16,False,True,True,True,0.0,16,0,100.0,100.0,0.0625,0.9375,0.0,1.1751277294030928,100.0,,,,31
ddbfb3b2a05c5918,score,0,0,16,True,False,False,False,1.0,0,0,100.0,,0.0,0.0,1.0,12.260979372531096,100.0,16.0,0.0,100.0,31
ddbfb3b2a05c5918,pareto,1,1,16,False,False,False,False,0.9375,1,0,100.0,100.0,0.0,0.0625,0.9375,7.985583842533066,100.0,16.0,0.0,100.0,31
ddbfb3b2a05c5918,gt_distance,0,0,16,True,False,False,False,1.0,0,0,100.0,,0.0,0.0,1.0,10.391248156008269,100.0,16.0,0.0,100.0,31
ddbfb3b2a05c5918,old_pc,16,16,16,False,True,True,True,0.0,16,0,100.0,100.0,0.0625,0.9375,0.0,1.1751277294030928,100.0,16.0,0.0,100.0,31
a93ffd0f36b65714,conditional_pc,16,16,16,False,True,True,True,0.0,16,0,100.0,100.0,0.0,1.0,0.0,1.3353361938273134,100.0,,,,48
a93ffd0f36b65714,quality_only,16,16,16,False,True,True,True,0.0,16,0,100.0,100.0,0.0,1.0,0.0,1.3353361938273134,100.0,,,,48
a93ffd0f36b65714,score,10,10,16,False,True,True,False,0.375,10,0,100.0,100.0,0.0,0.625,0.375,2.1826030185196714,100.0,16.0,0.0,100.0,48
a93ffd0f36b65714,pareto,1,1,16,False,False,False,False,0.9375,1,0,100.0,100.0,0.0,0.0625,0.9375,10.72157012418857,100.0,16.0,0.0,100.0,48
a93ffd0f36b65714,gt_distance,2,2,16,False,False,False,False,0.875,2,0,100.0,100.0,0.0,0.125,0.875,9.692336583280737,100.0,16.0,0.0,100.0,48
a93ffd0f36b65714,old_pc,16,16,16,False,True,True,True,0.0,16,0,100.0,100.0,0.0,1.0,0.0,1.3353361938273134,100.0,16.0,0.0,100.0,48
2b2663b56a6555a2,conditional_pc,5,5,5,False,True,False,False,0.0,5,0,100.0,100.0,0.0,1.0,0.0,1.6526136027895286,0.0,,,,5
2b2663b56a6555a2,quality_only,5,5,5,False,True,False,False,0.0,5,0,100.0,100.0,0.0,1.0,0.0,1.6526136027895286,0.0,,,,5
2b2663b56a6555a2,score,0,0,16,True,False,False,False,1.0,0,0,100.0,,0.0,0.0,1.0,8.101638081797615,0.0,16.0,0.0,100.0,5
2b2663b56a6555a2,pareto,0,0,16,True,False,False,False,1.0,0,0,100.0,,0.0,0.0625,0.9375,10.80223862414124,0.0,16.0,0.0,100.0,5
2b2663b56a6555a2,gt_distance,0,0,16,True,False,False,False,1.0,0,0,100.0,,0.0625,0.0625,0.875,9.351366144018908,0.0,16.0,0.0,100.0,5
2b2663b56a6555a2,old_pc,5,5,7,False,True,False,False,0.2857142857142857,5,0,100.0,100.0,0.1428571428571428,0.8571428571428571,0.0,1.4950874533778842,0.0,16.0,9.0,100.0,5
f9b32e71bedb5996,conditional_pc,14,14,16,False,True,True,False,0.125,14,2,92.0778876561223,92.15293608009334,0.4375,0.5625,0.0,1.0480298771548129,91.6364965379637,,,,14
f9b32e71bedb5996,quality_only,14,14,16,False,True,True,False,0.125,14,2,92.0778876561223,92.15293608009334,0.4375,0.5625,0.0,1.0480298771548129,91.6364965379637,,,,14
f9b32e71bedb5996,score,0,0,16,True,False,False,False,1.0,0,0,93.7363992287038,,0.0,0.0,1.0,23.063699998541097,91.6364965379637,16.0,0.0,93.7363992287038,14
f9b32e71bedb5996,pareto,0,0,16,True,False,False,False,1.0,0,0,93.7363992287038,,0.0,0.0,1.0,23.063699998541097,91.6364965379637,16.0,0.0,93.7363992287038,14
f9b32e71bedb5996,gt_distance,0,0,16,True,False,False,False,1.0,0,0,93.51404987829686,,0.0,0.0,1.0,13.24275446982917,91.6364965379637,16.0,0.0,93.51404987829686,14
f9b32e71bedb5996,old_pc,1,1,1,False,False,False,False,0.0,1,0,92.90946477166452,92.90946477166452,0.0,1.0,0.0,1.2386161350250462,91.6364965379637,16.0,15.0,92.909505101038,14
886df3cce3a95a83,conditional_pc,16,16,16,False,True,True,True,0.0,16,0,86.31878609852525,86.31878609852525,0.5,0.5,0.0,1.0306202955533357,85.8545746680654,,,,19
886df3cce3a95a83,quality_only,16,16,16,False,True,True,True,0.0,16,0,86.31878609852525,86.31878609852525,0.5,0.5,0.0,1.0306202955533357,85.8545746680654,,,,19
886df3cce3a95a83,score,0,0,16,True,False,False,False,1.0,0,0,88.62676676178273,,0.0,0.0,1.0,17.297045142969285,85.8545746680654,16.0,0.0,88.62676676178273,19
886df3cce3a95a83,pareto,0,0,16,True,False,False,False,1.0,0,0,88.62676676178273,,0.0,0.0,1.0,17.297045142969285,85.8545746680654,16.0,0.0,88.62676676178273,19
886df3cce3a95a83,gt_distance,0,0,16,True,False,False,False,1.0,0,0,87.3844702897522,,0.0,0.0,1.0,7.6479678831897555,85.8545746680654,16.0,0.0,87.3844702897522,19
886df3cce3a95a83,old_pc,1,1,1,False,False,False,False,0.0,1,0,86.88427454222092,86.88427454222092,0.0,1.0,0.0,1.283404595323058,85.8545746680654,16.0,15.0,86.88434054823459,19
160a7c3cbeee5f8b,conditional_pc,16,16,16,False,True,True,True,0.0,16,0,100.0,100.0,0.0625,0.9375,0.0,1.148714620088105,100.0,,,,27
160a7c3cbeee5f8b,quality_only,16,16,16,False,True,True,True,0.0,16,0,100.0,100.0,0.0625,0.9375,0.0,1.148714620088105,100.0,,,,27
160a7c3cbeee5f8b,score,0,0,16,True,False,False,False,1.0,0,0,100.0,,0.0,0.0,1.0,10.869892589416123,100.0,16.0,0.0,100.0,27
160a7c3cbeee5f8b,pareto,2,2,16,False,False,False,False,0.875,2,0,100.0,100.0,0.0,0.125,0.875,6.314722642661092,100.0,16.0,0.0,100.0,27
160a7c3cbeee5f8b,gt_distance,0,0,16,True,False,False,False,1.0,0,0,100.0,,0.0,0.0,1.0,9.02503360416235,100.0,16.0,0.0,100.0,27
160a7c3cbeee5f8b,old_pc,16,16,16,False,True,True,True,0.0,16,0,100.0,100.0,0.0625,0.9375,0.0,1.148714620088105,100.0,16.0,0.0,100.0,27
24fab0f19fd35cd6,conditional_pc,16,16,16,False,True,True,True,0.0,16,0,98.6072194790092,98.6072194790092,0.3125,0.6875,0.0,1.060624574835682,97.2146085815377,,,,25
24fab0f19fd35cd6,quality_only,16,16,16,False,True,True,True,0.0,16,0,98.6072194790092,98.6072194790092,0.3125,0.6875,0.0,1.060624574835682,97.2146085815377,,,,25
24fab0f19fd35cd6,score,14,14,16,False,True,True,False,0.125,14,0,99.08730985566228,99.04642774503778,0.4375,0.5625,0.0,1.0237776030384511,97.2146085815377,16.0,0.0,99.08730985566228,25
24fab0f19fd35cd6,pareto,14,14,16,False,True,True,False,0.125,14,0,99.08730985566228,99.04642774503778,0.4375,0.5625,0.0,1.0237776030384511,97.2146085815377,16.0,0.0,99.08730985566228,25
24fab0f19fd35cd6,gt_distance,14,14,16,False,True,True,False,0.125,14,0,97.89000414450015,98.03183600082237,0.5625,0.4375,0.0,0.9677148819712772,97.2146085815377,16.0,0.0,97.89000414450015,25
24fab0f19fd35cd6,old_pc,2,2,2,False,False,False,False,0.0,2,0,99.77515397984568,99.77515397984568,0.5,0.5,0.0,1.13925176466085,97.2146085815377,16.0,14.0,99.77594759872724,25
b63b325909a058c9,conditional_pc,16,16,16,False,True,True,True,0.0,16,0,97.95663713001215,97.95663713001215,0.0,1.0,0.0,1.2364982161621638,96.73790400125844,,,,25
b63b325909a058c9,quality_only,16,16,16,False,True,True,True,0.0,16,0,97.95663713001215,97.95663713001215,0.0,1.0,0.0,1.2364982161621638,96.73790400125844,,,,25
b63b325909a058c9,score,0,0,16,True,False,False,False,1.0,0,0,99.41918688670076,,0.0,0.0,1.0,12.049689556250492,96.73790400125844,16.0,0.0,99.41918688670076,25
b63b325909a058c9,pareto,0,0,16,True,False,False,False,1.0,0,0,99.41918688670076,,0.0,0.0,1.0,12.049689556250492,96.73790400125844,16.0,0.0,99.41918688670076,25
b63b325909a058c9,gt_distance,0,0,16,True,False,False,False,1.0,0,0,99.3698087271629,,0.0,0.0,1.0,9.625560978985392,96.73790400125844,16.0,0.0,99.3698087271629,25
b63b325909a058c9,old_pc,1,1,1,False,False,False,False,0.0,1,0,99.01121995773748,99.01121995773748,0.0,1.0,0.0,1.0149090273735564,96.73790400125844,16.0,15.0,99.01130402597072,25
9b500f26b0f8560e,conditional_pc,16,16,16,False,True,True,True,0.0,16,0,100.0,100.0,0.0,1.0,0.0,1.2296578971466154,100.0,,,,36
9b500f26b0f8560e,quality_only,16,16,16,False,True,True,True,0.0,16,0,100.0,100.0,0.0,1.0,0.0,1.2296578971466154,100.0,,,,36
9b500f26b0f8560e,score,0,0,16,True,False,False,False,1.0,0,0,100.0,,0.0,0.0,1.0,3.3416958486096195,100.0,16.0,0.0,100.0,36
9b500f26b0f8560e,pareto,2,2,16,False,False,False,False,0.875,2,0,100.0,100.0,0.0625,0.0625,0.875,12.223282716402096,100.0,16.0,0.0,100.0,36
9b500f26b0f8560e,gt_distance,2,2,16,False,False,False,False,0.875,2,0,100.0,100.0,0.0625,0.0625,0.875,6.2462984831425175,100.0,16.0,0.0,100.0,36
9b500f26b0f8560e,old_pc,16,16,16,False,True,True,True,0.0,16,0,100.0,100.0,0.0,1.0,0.0,1.2296578971466154,100.0,16.0,0.0,100.0,36
c9ba785129c35b36,conditional_pc,16,16,16,False,True,True,True,0.0,16,0,90.29626229714512,90.29626229714512,0.0,1.0,0.0,1.2983659913252847,89.55237459553894,,,,32
c9ba785129c35b36,quality_only,16,16,16,False,True,True,True,0.0,16,0,90.29626229714512,90.29626229714512,0.0,1.0,0.0,1.2983659913252847,89.55237459553894,,,,32
c9ba785129c35b36,score,1,1,16,False,False,False,False,0.9375,1,0,91.45356192759463,91.29263103903256,0.0,0.0625,0.9375,7.165859431138575,89.55237459553894,16.0,0.0,91.45356192759463,32
c9ba785129c35b36,pareto,1,1,16,False,False,False,False,0.9375,1,0,91.45356192759463,91.29263103903256,0.0,0.0625,0.9375,7.165859431138575,89.55237459553894,16.0,0.0,91.45356192759463,32
c9ba785129c35b36,gt_distance,1,1,16,False,False,False,False,0.9375,1,0,91.45356192759463,91.29263103903256,0.0,0.0625,0.9375,7.165859431138575,89.55237459553894,16.0,0.0,91.45356192759463,32
c9ba785129c35b36,old_pc,1,1,1,False,False,False,False,0.0,1,0,91.29263103903256,91.29263103903256,0.0,1.0,0.0,1.5030665696104353,89.55237459553894,16.0,15.0,91.29267508677736,32
aac1853286fb586a,conditional_pc,16,16,16,False,True,True,True,0.0,16,0,88.71358545505885,88.71358545505885,0.5,0.5,0.0,1.053673092600428,88.38023273955474,,,,22
aac1853286fb586a,quality_only,16,16,16,False,True,True,True,0.0,16,0,88.71358545505885,88.71358545505885,0.5,0.5,0.0,1.053673092600428,88.38023273955474,,,,22
aac1853286fb586a,score,0,0,16,True,False,False,False,1.0,0,0,92.25411270233988,,0.0,0.0,1.0,35.69075125583514,88.38023273955474,16.0,0.0,92.25411270233988,22
aac1853286fb586a,pareto,0,0,16,True,False,False,False,1.0,0,0,92.25411270233988,,0.0,0.0,1.0,35.69075125583514,88.38023273955474,16.0,0.0,92.25411270233988,22
aac1853286fb586a,gt_distance,7,7,16,False,True,False,False,0.5625,7,0,89.28099850568245,88.96275794252038,0.1875,0.25,0.5625,3.2283371998728594,88.38023273955474,16.0,0.0,89.28099850568245,22
aac1853286fb586a,old_pc,1,1,1,False,False,False,False,0.0,1,0,89.0142573060389,89.0142573060389,0.0,1.0,0.0,1.1175817024284287,88.38023273955474,16.0,15.0,89.01428035669123,22
022fef6d66485384,conditional_pc,16,16,16,False,True,True,True,0.0,16,0,92.67468321537804,92.67468321537804,0.25,0.75,0.0,1.2194704095238138,92.04287032743352,,,,34
022fef6d66485384,quality_only,16,16,16,False,True,True,True,0.0,16,0,92.67468321537804,92.67468321537804,0.25,0.75,0.0,1.2194704095238138,92.04287032743352,,,,34
022fef6d66485384,score,0,0,16,True,False,False,False,1.0,0,0,100.0,,0.0,0.0,1.0,23.72985943279629,92.04287032743352,16.0,0.0,100.0,34
022fef6d66485384,pareto,0,0,16,True,False,False,False,1.0,0,0,100.0,,0.0,0.0,1.0,22.96082085016941,92.04287032743352,16.0,0.0,100.0,34
022fef6d66485384,gt_distance,0,0,16,True,False,False,False,1.0,0,0,97.26960857602694,,0.0,0.0,1.0,7.76819228959268,92.04287032743352,16.0,0.0,97.26960857602694,34
022fef6d66485384,old_pc,1,1,1,False,False,False,False,0.0,1,0,93.90971156055596,93.90971156055596,0.0,1.0,0.0,1.1620248956914936,92.04287032743352,16.0,15.0,93.90992344403848,34
51480b09db315e89,conditional_pc,16,16,16,False,True,True,True,0.0,16,0,97.09450695403574,97.09450695403574,0.4375,0.5625,0.0,1.1186742027322711,95.34677129792138,,,,21
51480b09db315e89,quality_only,16,16,16,False,True,True,True,0.0,16,0,97.09450695403574,97.09450695403574,0.4375,0.5625,0.0,1.1186742027322711,95.34677129792138,,,,21
51480b09db315e89,score,0,0,16,True,False,False,False,1.0,0,0,100.0,,0.0,0.0,1.0,11.452271681536796,95.34677129792138,16.0,0.0,100.0,21
51480b09db315e89,pareto,0,0,16,True,False,False,False,1.0,0,0,100.0,,0.0,0.0,1.0,10.353950440594286,95.34677129792138,16.0,0.0,100.0,21
51480b09db315e89,gt_distance,4,4,16,False,True,False,False,0.75,4,0,99.46333342669152,98.1780845745368,0.125,0.125,0.75,5.028030400246387,95.34677129792138,16.0,0.0,99.46333342669152,21
51480b09db315e89,old_pc,1,1,1,False,False,False,False,0.0,1,0,99.88547440348027,99.88547440348027,0.0,1.0,0.0,1.424648380777344,95.34677129792138,16.0,15.0,99.88523013158404,21
5d3ce016a8a256cf,conditional_pc,16,16,16,False,True,True,True,0.0,16,0,92.32865287035212,92.32865287035212,0.375,0.625,0.0,1.145049117099688,92.00727826341657,,,,25
5d3ce016a8a256cf,quality_only,16,16,16,False,True,True,True,0.0,16,0,92.32865287035212,92.32865287035212,0.375,0.625,0.0,1.145049117099688,92.00727826341657,,,,25
5d3ce016a8a256cf,score,0,0,16,True,False,False,False,1.0,0,0,94.54452009934371,,0.0,0.0,1.0,17.55206291764675,92.00727826341657,16.0,0.0,94.54452009934371,25
5d3ce016a8a256cf,pareto,0,0,16,True,False,False,False,1.0,0,0,94.54452009934371,,0.0,0.0,1.0,17.55206291764675,92.00727826341657,16.0,0.0,94.54452009934371,25
5d3ce016a8a256cf,gt_distance,0,0,16,True,False,False,False,1.0,0,0,93.29413608083296,,0.0,0.0,1.0,6.794625983312138,92.00727826341657,16.0,0.0,93.29413608083296,25
5d3ce016a8a256cf,old_pc,1,1,1,False,False,False,False,0.0,1,0,92.5601217532446,92.5601217532446,0.0,1.0,0.0,1.076063903299925,92.00727826341657,16.0,15.0,92.56018565596992,25
60691b9dd3355992,conditional_pc,16,16,16,False,True,True,True,0.0,16,0,91.10600691940544,91.10600691940544,0.0,1.0,0.0,1.1893885989492454,90.7060032834548,,,,33
60691b9dd3355992,quality_only,16,16,16,False,True,True,True,0.0,16,0,91.10554933814323,91.10554933814323,0.0,1.0,0.0,1.1638340885094918,90.7060032834548,,,,33
60691b9dd3355992,score,0,0,16,True,False,False,False,1.0,0,0,93.17915474768913,,0.0,0.0,1.0,12.230319451659089,90.7060032834548,16.0,0.0,93.17915474768913,33
60691b9dd3355992,pareto,0,0,16,True,False,False,False,1.0,0,0,93.17915474768913,,0.0,0.0,1.0,12.230319451659089,90.7060032834548,16.0,0.0,93.17915474768913,33
60691b9dd3355992,gt_distance,9,9,16,False,True,True,False,0.4375,9,0,91.6090412730396,91.31495945005132,0.125,0.4375,0.4375,2.18143787976103,90.7060032834548,16.0,0.0,91.6090412730396,33
60691b9dd3355992,old_pc,1,1,1,False,False,False,False,0.0,1,0,91.4292067059015,91.4292067059015,0.0,1.0,0.0,1.0438786430008886,90.7060032834548,16.0,15.0,91.42952200465416,33
0056ae51961f5a18,conditional_pc,16,16,16,False,True,True,True,0.0,16,0,100.0,100.0,0.0,1.0,0.0,1.6004502751069971,100.0,,,,51
0056ae51961f5a18,quality_only,16,16,16,False,True,True,True,0.0,16,0,100.0,100.0,0.0,1.0,0.0,1.6004502751069971,100.0,,,,51
0056ae51961f5a18,score,5,5,16,False,True,False,False,0.6875,5,0,100.0,100.0,0.0,0.3125,0.6875,3.350691193860769,100.0,16.0,0.0,100.0,51
0056ae51961f5a18,pareto,2,2,16,False,False,False,False,0.875,2,0,100.0,100.0,0.0,0.125,0.875,11.619332057227629,100.0,16.0,0.0,100.0,51
0056ae51961f5a18,gt_distance,2,2,16,False,False,False,False,0.875,2,0,100.0,100.0,0.0,0.125,0.875,10.16078159983194,100.0,16.0,0.0,100.0,51
0056ae51961f5a18,old_pc,16,16,16,False,True,True,True,0.0,16,0,100.0,100.0,0.0,1.0,0.0,1.6004502751069971,100.0,16.0,0.0,100.0,51
80d5ce364722516b,conditional_pc,0,0,0,True,False,False,False,1.0,0,0,,,,,,,49.94099796794122,,,,0
80d5ce364722516b,quality_only,0,0,0,True,False,False,False,1.0,0,0,,,,,,,49.94099796794122,,,,0
80d5ce364722516b,score,0,0,16,True,False,False,False,1.0,0,0,100.0,,0.0,0.0,1.0,28.485517060486984,49.94099796794122,16.0,0.0,100.0,0
80d5ce364722516b,pareto,0,0,16,True,False,False,False,1.0,0,0,100.0,,0.0,0.0,1.0,29.801294369395,49.94099796794122,16.0,0.0,100.0,0
80d5ce364722516b,gt_distance,0,0,16,True,False,False,False,1.0,0,0,100.0,,0.0,0.0,1.0,29.801294369395,49.94099796794122,16.0,0.0,100.0,0
80d5ce364722516b,old_pc,0,0,1,True,False,False,False,1.0,0,0,51.96918373959132,,0.0,1.0,0.0,1.2074933630954996,49.94099796794122,16.0,15.0,51.96923101851956,0
f0ff3b146af85463,conditional_pc,16,16,16,False,True,True,True,0.0,16,0,97.51515991904452,97.51515991904452,0.125,0.875,0.0,1.1453510512430454,97.12097846228694,,,,18
f0ff3b146af85463,quality_only,16,16,16,False,True,True,True,0.0,16,0,97.51515991904452,97.51515991904452,0.125,0.875,0.0,1.1453510512430454,97.12097846228694,,,,18
f0ff3b146af85463,score,0,0,16,True,False,False,False,1.0,0,0,100.0,,0.0,0.0,1.0,31.30993806769515,97.12097846228694,16.0,0.0,100.0,18
f0ff3b146af85463,pareto,0,0,16,True,False,False,False,1.0,0,0,100.0,,0.0,0.0,1.0,30.776268999651908,97.12097846228694,16.0,0.0,100.0,18
f0ff3b146af85463,gt_distance,9,9,16,False,True,True,False,0.4375,9,0,97.86004608405224,97.65608095606244,0.0625,0.5,0.4375,1.9507861874405288,97.12097846228694,16.0,0.0,97.86004608405224,18
f0ff3b146af85463,old_pc,1,1,1,False,False,False,False,0.0,1,0,97.79327761913768,97.79327761913768,0.0,1.0,0.0,1.4237539490972189,97.12097846228694,16.0,15.0,97.79329551152458,18
6f2a7bf7cf275dd3,conditional_pc,16,16,16,False,True,True,True,0.0,16,0,100.0,100.0,0.0625,0.9375,0.0,1.1456160275959184,100.0,,,,29
6f2a7bf7cf275dd3,quality_only,16,16,16,False,True,True,True,0.0,16,0,100.0,100.0,0.0625,0.9375,0.0,1.1456160275959184,100.0,,,,29
6f2a7bf7cf275dd3,score,0,0,16,True,False,False,False,1.0,0,0,100.0,,0.0,0.0,1.0,17.038043480186744,100.0,16.0,0.0,100.0,29
6f2a7bf7cf275dd3,pareto,2,2,16,False,False,False,False,0.875,2,0,100.0,100.0,0.0,0.125,0.875,16.351558443199984,100.0,16.0,0.0,100.0,29
6f2a7bf7cf275dd3,gt_distance,1,1,16,False,False,False,False,0.9375,1,0,100.0,100.0,0.0,0.0625,0.9375,17.547556956889835,100.0,16.0,0.0,100.0,29
6f2a7bf7cf275dd3,old_pc,16,16,16,False,True,True,True,0.0,16,0,100.0,100.0,0.0625,0.9375,0.0,1.1456160275959184,100.0,16.0,0.0,100.0,29
1090fdb8b57850f6,conditional_pc,16,16,16,False,True,True,True,0.0,16,0,98.26966416431311,98.26966416431311,0.4375,0.5625,0.0,1.0782215261646508,97.99292961588178,,,,18
1090fdb8b57850f6,quality_only,16,16,16,False,True,True,True,0.0,16,0,98.26966416431311,98.26966416431311,0.4375,0.5625,0.0,1.0782215261646508,97.99292961588178,,,,18
1090fdb8b57850f6,score,0,0,16,True,False,False,False,1.0,0,0,99.58429305995548,,0.0,0.0,1.0,19.944367540837376,97.99292961588178,16.0,0.0,99.58429305995548,18
1090fdb8b57850f6,pareto,0,0,16,True,False,False,False,1.0,0,0,99.58429305995548,,0.0,0.0,1.0,19.944367540837376,97.99292961588178,16.0,0.0,99.58429305995548,18
1090fdb8b57850f6,gt_distance,1,1,16,False,False,False,False,0.9375,1,0,98.62346717355032,98.51072723523409,0.0625,0.0,0.9375,5.182325991564921,97.99292961588178,16.0,0.0,98.62346717355032,18
1090fdb8b57850f6,old_pc,1,1,1,False,False,False,False,0.0,1,0,98.40019284176776,98.40019284176776,0.0,1.0,0.0,1.3400257591748814,97.99292961588178,16.0,15.0,98.40020538530482,18
a3fa79234a9d5d7d,conditional_pc,16,16,16,False,True,True,True,0.0,16,0,100.0,100.0,0.0,1.0,0.0,1.239853199225858,100.0,,,,33
a3fa79234a9d5d7d,quality_only,16,16,16,False,True,True,True,0.0,16,0,100.0,100.0,0.0,1.0,0.0,1.239853199225858,100.0,,,,33
a3fa79234a9d5d7d,score,0,0,16,True,False,False,False,1.0,0,0,100.0,,0.0,0.0,1.0,2.032665510724491,100.0,16.0,0.0,100.0,33
a3fa79234a9d5d7d,pareto,2,2,16,False,False,False,False,0.875,2,0,100.0,100.0,0.0625,0.0625,0.875,8.975955722960734,100.0,16.0,0.0,100.0,33
a3fa79234a9d5d7d,gt_distance,3,3,16,False,False,False,False,0.8125,3,0,100.0,100.0,0.0625,0.125,0.8125,3.527977956337047,100.0,16.0,0.0,100.0,33
a3fa79234a9d5d7d,old_pc,16,16,16,False,True,True,True,0.0,16,0,100.0,100.0,0.0,1.0,0.0,1.239853199225858,100.0,16.0,0.0,100.0,33
36c6cbf6c8a25415,conditional_pc,16,16,16,False,True,True,True,0.0,16,0,88.39172216408852,88.39172216408852,0.0,1.0,0.0,1.409740772850915,84.66584010691213,,,,45
36c6cbf6c8a25415,quality_only,16,16,16,False,True,True,True,0.0,16,0,88.39172216408852,88.39172216408852,0.0,1.0,0.0,1.4097407728509148,84.66584010691213,,,,45
36c6cbf6c8a25415,score,0,0,16,True,False,False,False,1.0,0,0,100.0,,0.0,0.0,1.0,24.30281303204492,84.66584010691213,16.0,0.0,100.0,45
36c6cbf6c8a25415,pareto,0,0,16,True,False,False,False,1.0,0,0,100.0,,0.0,0.0,1.0,28.80057474010929,84.66584010691213,16.0,0.0,100.0,45
36c6cbf6c8a25415,gt_distance,0,0,16,True,False,False,False,1.0,0,0,96.52931393963512,,0.0,0.0,1.0,12.931811575094557,84.66584010691213,16.0,0.0,96.52931393963512,45
36c6cbf6c8a25415,old_pc,1,1,1,False,False,False,False,0.0,1,0,88.79598725313323,88.79598725313323,0.0,1.0,0.0,1.2223728905553182,84.66584010691213,16.0,15.0,88.79618309962952,45
8fe647ed2b7a5aee,conditional_pc,16,16,16,False,True,True,True,0.0,16,0,99.92712647569752,99.92712647569752,0.125,0.875,0.0,1.278750238982444,99.70009401547534,,,,27
8fe647ed2b7a5aee,quality_only,16,16,16,False,True,True,True,0.0,16,0,99.92712647569752,99.92712647569752,0.125,0.875,0.0,1.278750238982444,99.70009401547534,,,,27
8fe647ed2b7a5aee,score,14,14,16,False,True,True,False,0.125,14,0,100.0,100.0,0.375,0.5,0.125,1.725572732487577,99.70009401547534,16.0,0.0,100.0,27
8fe647ed2b7a5aee,pareto,3,3,16,False,False,False,False,0.8125,3,0,100.0,100.0,0.0625,0.125,0.8125,7.835790981593637,99.70009401547534,16.0,0.0,100.0,27
8fe647ed2b7a5aee,gt_distance,6,6,16,False,True,False,False,0.625,6,0,100.0,100.0,0.125,0.25,0.625,3.737950644573219,99.70009401547534,16.0,0.0,100.0,27
8fe647ed2b7a5aee,old_pc,16,16,16,False,True,True,True,0.0,16,0,100.0,100.0,0.375,0.625,0.0,1.2041989963628708,99.70009401547534,16.0,0.0,100.0,27
5abdbfe1845e59c5,conditional_pc,16,16,16,False,True,True,True,0.0,16,0,93.554972786277,93.554972786277,0.1875,0.8125,0.0,1.194087385779581,92.8819493174274,,,,30
5abdbfe1845e59c5,quality_only,16,16,16,False,True,True,True,0.0,16,0,93.554972786277,93.554972786277,0.1875,0.8125,0.0,1.194087385779581,92.8819493174274,,,,30
5abdbfe1845e59c5,score,0,0,16,True,False,False,False,1.0,0,0,94.78110404465468,,0.0,0.0,1.0,30.1972190060425,92.8819493174274,16.0,0.0,94.78110404465468,30
5abdbfe1845e59c5,pareto,0,0,16,True,False,False,False,1.0,0,0,94.78110404465468,,0.0,0.0,1.0,30.1972190060425,92.8819493174274,16.0,0.0,94.78110404465468,30
5abdbfe1845e59c5,gt_distance,6,6,16,False,True,False,False,0.625,6,0,94.1500110871744,93.9765813602977,0.1875,0.1875,0.625,7.222216092297689,92.8819493174274,16.0,0.0,94.1500110871744,30
5abdbfe1845e59c5,old_pc,1,1,1,False,False,False,False,0.0,1,0,94.14756069227428,94.14756069227428,0.0,1.0,0.0,1.6289262102860338,92.8819493174274,16.0,15.0,94.14758563527828,30
4af11dadd34359fe,conditional_pc,16,16,16,False,True,True,True,0.0,16,0,100.0,100.0,0.0625,0.9375,0.0,1.2601720299624626,100.0,,,,32
4af11dadd34359fe,quality_only,16,16,16,False,True,True,True,0.0,16,0,100.0,100.0,0.0625,0.9375,0.0,1.2601720299624626,100.0,,,,32
4af11dadd34359fe,score,0,0,16,True,False,False,False,1.0,0,0,100.0,,0.0,0.0,1.0,5.937146364289642,100.0,16.0,0.0,100.0,32
4af11dadd34359fe,pareto,3,3,16,False,False,False,False,0.8125,3,0,100.0,100.0,0.0625,0.125,0.8125,4.984010088343921,100.0,16.0,0.0,100.0,32
4af11dadd34359fe,gt_distance,5,5,16,False,True,False,False,0.6875,5,0,100.0,100.0,0.0625,0.25,0.6875,3.921220047547076,100.0,16.0,0.0,100.0,32
4af11dadd34359fe,old_pc,16,16,16,False,True,True,True,0.0,16,0,100.0,100.0,0.0625,0.9375,0.0,1.2601720299624626,100.0,16.0,0.0,100.0,32
ad25b37aaad95a6b,conditional_pc,16,16,16,False,True,True,True,0.0,16,0,96.1519983735532,96.1519983735532,0.0,1.0,0.0,1.2705424961448215,95.73282806493718,,,,26
ad25b37aaad95a6b,quality_only,16,16,16,False,True,True,True,0.0,16,0,96.1519983735532,96.1519983735532,0.0,1.0,0.0,1.2705424961448215,95.73282806493718,,,,26
ad25b37aaad95a6b,score,0,0,16,True,False,False,False,1.0,0,0,98.84063507461512,,0.0,0.0,1.0,27.88993044151268,95.73282806493718,16.0,0.0,98.84063507461512,26
ad25b37aaad95a6b,pareto,0,0,16,True,False,False,False,1.0,0,0,98.84063507461512,,0.0,0.0,1.0,27.88993044151268,95.73282806493718,16.0,0.0,98.84063507461512,26
ad25b37aaad95a6b,gt_distance,0,0,16,True,False,False,False,1.0,0,0,97.17420428214504,,0.0,0.0,1.0,10.41600328729169,95.73282806493718,16.0,0.0,97.17420428214504,26
ad25b37aaad95a6b,old_pc,1,1,1,False,False,False,False,0.0,1,0,96.437918832757,96.437918832757,0.0,1.0,0.0,1.4163000767282088,95.73282806493718,16.0,15.0,96.4379175638235,26
d5201097ad6e5d67,conditional_pc,16,16,16,False,True,True,True,0.0,16,0,88.84388654808053,88.84388654808053,0.25,0.75,0.0,1.1973451167398923,88.54168869787773,,,,26
d5201097ad6e5d67,quality_only,16,16,16,False,True,True,True,0.0,16,0,88.84388654808053,88.84388654808053,0.25,0.75,0.0,1.1973451167398923,88.54168869787773,,,,26
d5201097ad6e5d67,score,0,0,16,True,False,False,False,1.0,0,0,92.26964631625452,,0.0,0.0,1.0,16.803356105464005,88.54168869787773,16.0,0.0,92.26964631625452,26
d5201097ad6e5d67,pareto,0,0,16,True,False,False,False,1.0,0,0,92.26964631625452,,0.0,0.0,1.0,16.803356105464005,88.54168869787773,16.0,0.0,92.26964631625452,26
d5201097ad6e5d67,gt_distance,0,0,16,True,False,False,False,1.0,0,0,90.9482182750159,,0.0,0.0,1.0,8.850154480846903,88.54168869787773,16.0,0.0,90.9482182750159,26
d5201097ad6e5d67,old_pc,1,1,1,False,False,False,False,0.0,1,0,89.39692830064448,89.39692830064448,0.0,1.0,0.0,1.306532912935389,88.54168869787773,16.0,15.0,89.39678018135417,26
f96a48c3bcd45c50,conditional_pc,16,16,16,False,True,True,True,0.0,16,0,100.0,100.0,0.4375,0.5625,0.0,1.1007816952959952,100.0,,,,24
f96a48c3bcd45c50,quality_only,16,16,16,False,True,True,True,0.0,16,0,100.0,100.0,0.4375,0.5625,0.0,1.1007816952959952,100.0,,,,24
f96a48c3bcd45c50,score,16,16,16,False,True,True,True,0.0,16,0,100.0,100.0,0.6875,0.3125,0.0,1.0165492749783875,100.0,16.0,0.0,100.0,24
f96a48c3bcd45c50,pareto,3,3,16,False,False,False,False,0.8125,3,0,100.0,100.0,0.125,0.0625,0.8125,6.083259386500019,100.0,16.0,0.0,100.0,24
f96a48c3bcd45c50,gt_distance,3,3,16,False,False,False,False,0.8125,3,0,99.53116513557096,100.0,0.1875,0.5,0.3125,2.047083947064018,100.0,16.0,0.0,99.53116513557096,24
f96a48c3bcd45c50,old_pc,15,15,16,False,True,True,False,0.0625,15,0,99.99868328504108,100.0,0.375,0.625,0.0,1.1161507565559496,100.0,16.0,0.0,99.99868328504108,24
3f36d5316f0d5a94,conditional_pc,16,16,16,False,True,True,True,0.0,16,0,100.0,100.0,0.1875,0.8125,0.0,1.1448570004293717,100.0,,,,29
3f36d5316f0d5a94,quality_only,16,16,16,False,True,True,True,0.0,16,0,100.0,100.0,0.1875,0.8125,0.0,1.1448570004293717,100.0,,,,29
3f36d5316f0d5a94,score,0,0,16,True,False,False,False,1.0,0,0,100.0,,0.0,0.0,1.0,16.143305167849995,100.0,16.0,0.0,100.0,29
3f36d5316f0d5a94,pareto,1,1,16,False,False,False,False,0.9375,1,0,100.0,100.0,0.0625,0.0,0.9375,11.301521940066966,100.0,16.0,0.0,100.0,29
3f36d5316f0d5a94,gt_distance,0,0,16,True,False,False,False,1.0,0,0,100.0,,0.0,0.0,1.0,14.4842146693705,100.0,16.0,0.0,100.0,29
3f36d5316f0d5a94,old_pc,16,16,16,False,True,True,True,0.0,16,0,100.0,100.0,0.1875,0.8125,0.0,1.1448570004293717,100.0,16.0,0.0,100.0,29
b6bba53a1bef520e,conditional_pc,16,16,16,False,True,True,True,0.0,16,0,90.13123343102916,90.13123343102916,0.5,0.5,0.0,1.0549492877841475,89.80953489651259,,,,24
b6bba53a1bef520e,quality_only,16,16,16,False,True,True,True,0.0,16,0,90.13123343102916,90.13123343102916,0.5,0.5,0.0,1.0549492877841475,89.80953489651259,,,,24
b6bba53a1bef520e,score,0,0,16,True,False,False,False,1.0,0,0,93.5413899990503,,0.0,0.0,1.0,35.585368749784706,89.80953489651259,16.0,0.0,93.5413899990503,24
b6bba53a1bef520e,pareto,0,0,16,True,False,False,False,1.0,0,0,93.5413899990503,,0.0,0.0,1.0,35.585368749784706,89.80953489651259,16.0,0.0,93.5413899990503,24
b6bba53a1bef520e,gt_distance,0,0,16,True,False,False,False,1.0,0,0,91.97528331275944,,0.0,0.0,1.0,16.8308648800857,89.80953489651259,16.0,0.0,91.97528331275944,24
b6bba53a1bef520e,old_pc,1,1,1,False,False,False,False,0.0,1,0,90.4434932224664,90.4434932224664,0.0,1.0,0.0,1.180311929610664,89.80953489651259,16.0,15.0,90.44346656808034,24
7b840b044a6a5e8d,conditional_pc,16,16,16,False,True,True,True,0.0,16,0,88.27644956026583,88.27644956026583,0.25,0.75,0.0,1.1051997517914929,87.38514087223173,,,,25
7b840b044a6a5e8d,quality_only,16,16,16,False,True,True,True,0.0,16,0,88.27644956026583,88.27644956026583,0.25,0.75,0.0,1.1051997517914929,87.38514087223173,,,,25
7b840b044a6a5e8d,score,0,0,16,True,False,False,False,1.0,0,0,100.0,,0.0,0.0,1.0,31.995381988478854,87.38514087223173,16.0,0.0,100.0,25
7b840b044a6a5e8d,pareto,0,0,16,True,False,False,False,1.0,0,0,100.0,,0.0,0.0,1.0,32.593166912763344,87.38514087223173,16.0,0.0,100.0,25
7b840b044a6a5e8d,gt_distance,0,0,16,True,False,False,False,1.0,0,0,94.7124353428153,,0.0,0.0,1.0,11.89495062682514,87.38514087223173,16.0,0.0,94.7124353428153,25
7b840b044a6a5e8d,old_pc,1,1,1,False,False,False,False,0.0,1,0,90.36614457805116,90.36614457805116,0.0,1.0,0.0,1.4534500149717613,87.38514087223173,16.0,15.0,90.36673773260132,25
22a09b0100175b62,conditional_pc,16,16,16,False,True,True,True,0.0,16,0,100.0,100.0,0.3125,0.6875,0.0,1.2014173729820836,100.0,,,,29
22a09b0100175b62,quality_only,16,16,16,False,True,True,True,0.0,16,0,100.0,100.0,0.3125,0.6875,0.0,1.2014173729820836,100.0,,,,29
22a09b0100175b62,score,0,0,16,True,False,False,False,1.0,0,0,100.0,,0.0,0.0,1.0,13.444135902733423,100.0,16.0,0.0,100.0,29
22a09b0100175b62,pareto,1,1,16,False,False,False,False,0.9375,1,0,100.0,100.0,0.0625,0.0,0.9375,8.095422442140459,100.0,16.0,0.0,100.0,29
22a09b0100175b62,gt_distance,0,0,16,True,False,False,False,1.0,0,0,100.0,,0.0,0.0,1.0,12.621847353197946,100.0,16.0,0.0,100.0,29
22a09b0100175b62,old_pc,16,16,16,False,True,True,True,0.0,16,0,100.0,100.0,0.3125,0.6875,0.0,1.2014173729820836,100.0,16.0,0.0,100.0,29
39fd3f2e5f005306,conditional_pc,16,16,16,False,True,True,True,0.0,16,0,100.0,100.0,0.0,1.0,0.0,1.164054825991062,100.0,,,,31
39fd3f2e5f005306,quality_only,16,16,16,False,True,True,True,0.0,16,0,100.0,100.0,0.0,1.0,0.0,1.164054825991062,100.0,,,,31
39fd3f2e5f005306,score,0,0,16,True,False,False,False,1.0,0,0,100.0,,0.0,0.0,1.0,12.099698078671429,100.0,16.0,0.0,100.0,31
39fd3f2e5f005306,pareto,1,1,16,False,False,False,False,0.9375,1,0,100.0,100.0,0.0,0.0625,0.9375,17.46544413573563,100.0,16.0,0.0,100.0,31
39fd3f2e5f005306,gt_distance,1,1,16,False,False,False,False,0.9375,1,0,100.0,100.0,0.0,0.0625,0.9375,16.802837962717284,100.0,16.0,0.0,100.0,31
39fd3f2e5f005306,old_pc,16,16,16,False,True,True,True,0.0,16,0,100.0,100.0,0.0,1.0,0.0,1.164054825991062,100.0,16.0,0.0,100.0,31
497e7be0400158a9,conditional_pc,16,16,16,False,True,True,True,0.0,16,0,88.89803976470017,88.89803976470017,0.1875,0.8125,0.0,1.145315344921311,88.64855807705328,,,,25
497e7be0400158a9,quality_only,16,16,16,False,True,True,True,0.0,16,0,88.89803976470017,88.89803976470017,0.1875,0.8125,0.0,1.145315344921311,88.64855807705328,,,,25
497e7be0400158a9,score,0,0,16,True,False,False,False,1.0,0,0,91.23182237172858,,0.0,0.0,1.0,41.27460593806136,88.64855807705328,16.0,0.0,91.23182237172858,25
497e7be0400158a9,pareto,0,0,16,True,False,False,False,1.0,0,0,91.23182237172858,,0.0,0.0,1.0,41.27460593806136,88.64855807705328,16.0,0.0,91.23182237172858,25
497e7be0400158a9,gt_distance,9,9,16,False,True,True,False,0.4375,9,0,89.23313454207755,89.04271675658406,0.125,0.4375,0.4375,3.0264509596474825,88.64855807705328,16.0,0.0,89.23313454207755,25
497e7be0400158a9,old_pc,1,1,1,False,False,False,False,0.0,1,0,89.14152379421623,89.14152379421623,0.0,1.0,0.0,1.3498690238936966,88.64855807705328,16.0,15.0,89.14155831188245,25
6a53dd2411825857,conditional_pc,16,16,16,False,True,True,True,0.0,16,0,90.3625748111244,90.3625748111244,0.6875,0.3125,0.0,0.98752256941005,90.1228559747565,,,,16
6a53dd2411825857,quality_only,16,16,16,False,True,True,True,0.0,16,0,90.3625748111244,90.3625748111244,0.6875,0.3125,0.0,0.98752256941005,90.1228559747565,,,,16
6a53dd2411825857,score,0,0,16,True,False,False,False,1.0,0,0,93.3585687397032,,0.0,0.0,1.0,28.330118249829997,90.1228559747565,16.0,0.0,93.3585687397032,16
6a53dd2411825857,pareto,0,0,16,True,False,False,False,1.0,0,0,93.3585687397032,,0.0,0.0,1.0,28.330118249829997,90.1228559747565,16.0,0.0,93.3585687397032,16
6a53dd2411825857,gt_distance,14,14,16,False,True,True,False,0.125,14,0,90.38031249648884,90.38485421731416,0.5625,0.3125,0.125,1.486945820694821,90.1228559747565,16.0,0.0,90.38031249648884,16
6a53dd2411825857,old_pc,1,1,1,False,False,False,False,0.0,1,0,90.50929437734342,90.50929437734342,0.0,1.0,0.0,1.097114646592552,90.1228559747565,16.0,15.0,90.50930610172064,16
fb9dcf5b46d65616,conditional_pc,16,16,16,False,True,True,True,0.0,16,0,95.38938184043889,95.38938184043889,0.0,1.0,0.0,1.3017046892897564,94.50152219002284,,,,44
fb9dcf5b46d65616,quality_only,16,16,16,False,True,True,True,0.0,16,0,95.3893818404389,95.3893818404389,0.0,1.0,0.0,1.3017046892897564,94.50152219002284,,,,44
fb9dcf5b46d65616,score,0,0,16,True,False,False,False,1.0,0,0,99.8346514980579,,0.0,0.0,1.0,17.763974452877108,94.50152219002284,16.0,0.0,99.8346514980579,44
fb9dcf5b46d65616,pareto,0,0,16,True,False,False,False,1.0,0,0,99.8346514980579,,0.0,0.0,1.0,17.763974452877108,94.50152219002284,16.0,0.0,99.8346514980579,44
fb9dcf5b46d65616,gt_distance,0,0,16,True,False,False,False,1.0,0,0,97.28896233929233,,0.0,0.0,1.0,6.735072027574809,94.50152219002284,16.0,0.0,97.28896233929233,44
fb9dcf5b46d65616,old_pc,1,1,1,False,False,False,False,0.0,1,0,95.86273992263664,95.86273992263664,0.0,1.0,0.0,1.3767911451587458,94.50152219002284,16.0,15.0,95.86270126605952,44
39fe00229f7b5ac4,conditional_pc,16,16,16,False,True,True,True,0.0,16,0,87.46763590972918,87.46763590972918,0.25,0.75,0.0,1.2137012943701777,87.06674617497657,,,,25
39fe00229f7b5ac4,quality_only,16,16,16,False,True,True,True,0.0,16,0,87.46763590972918,87.46763590972918,0.25,0.75,0.0,1.2137012943701777,87.06674617497657,,,,25
39fe00229f7b5ac4,score,0,0,16,True,False,False,False,1.0,0,0,90.94421100300562,,0.0,0.0,1.0,16.149507865451085,87.06674617497657,16.0,0.0,90.94421100300562,25
39fe00229f7b5ac4,pareto,0,0,16,True,False,False,False,1.0,0,0,90.88246167965156,,0.0,0.0,1.0,15.772530525870415,87.06674617497657,16.0,0.0,90.88246167965156,25
39fe00229f7b5ac4,gt_distance,0,0,16,True,False,False,False,1.0,0,0,89.852164262653,,0.0,0.0,1.0,11.009914596402764,87.06674617497657,16.0,0.0,89.852164262653,25
39fe00229f7b5ac4,old_pc,1,1,1,False,False,False,False,0.0,1,0,88.07061980513313,88.07061980513313,0.0,1.0,0.0,1.5305219111520467,87.06674617497657,16.0,15.0,88.07061980513313,25
63dcb963cece5b7d,conditional_pc,16,16,16,False,True,True,True,0.0,16,0,87.83848376124467,87.83848376124467,0.25,0.75,0.0,1.1540073120521122,87.4721675799375,,,,20
63dcb963cece5b7d,quality_only,16,16,16,False,True,True,True,0.0,16,0,87.83848376124467,87.83848376124467,0.25,0.75,0.0,1.1540073120521122,87.4721675799375,,,,20
63dcb963cece5b7d,score,0,0,16,True,False,False,False,1.0,0,0,92.72717117903868,,0.0,0.0,1.0,23.873227341115456,87.4721675799375,16.0,0.0,92.72717117903868,20
63dcb963cece5b7d,pareto,0,0,16,True,False,False,False,1.0,0,0,92.72717117903868,,0.0,0.0,1.0,23.873227341115456,87.4721675799375,16.0,0.0,92.72717117903868,20
63dcb963cece5b7d,gt_distance,0,0,16,True,False,False,False,1.0,0,0,90.14859786427073,,0.0,0.0,1.0,10.290546464558243,87.4721675799375,16.0,0.0,90.14859786427073,20
63dcb963cece5b7d,old_pc,1,1,1,False,False,False,False,0.0,1,0,88.3126259910458,88.3126259910458,0.0,1.0,0.0,1.483582427548728,87.4721675799375,16.0,15.0,88.31272039710687,20
88f9b4f87b6b5bd5,conditional_pc,16,16,16,False,True,True,True,0.0,16,0,91.4467110266035,91.4467110266035,0.4375,0.5625,0.0,1.0963659252050884,91.29323131269138,,,,19
88f9b4f87b6b5bd5,quality_only,16,16,16,False,True,True,True,0.0,16,0,91.4467110266035,91.4467110266035,0.4375,0.5625,0.0,1.096365925205088,91.29323131269138,,,,19
88f9b4f87b6b5bd5,score,0,0,16,True,False,False,False,1.0,0,0,96.22798984258353,,0.0,0.0,1.0,38.37766646443238,91.29323131269138,16.0,0.0,96.22798984258353,19
88f9b4f87b6b5bd5,pareto,0,0,16,True,False,False,False,1.0,0,0,95.92514186617392,,0.0,0.0,1.0,35.362253066043024,91.29323131269138,16.0,0.0,95.92514186617392,19
88f9b4f87b6b5bd5,gt_distance,0,0,16,True,False,False,False,1.0,0,0,92.47056563888236,,0.0,0.0,1.0,6.12759733197616,91.29323131269138,16.0,0.0,92.47056563888236,19
88f9b4f87b6b5bd5,old_pc,1,1,1,False,False,False,False,0.0,1,0,91.55279425357446,91.55279425357446,0.0,1.0,0.0,1.0669592517831978,91.29323131269138,16.0,15.0,91.55279140384783,19
90f5bf5743cf5df0,conditional_pc,16,16,16,False,True,True,True,0.0,16,0,92.62036198909884,92.62036198909884,0.625,0.375,0.0,1.0504832192541975,92.03185762206068,,,,19
90f5bf5743cf5df0,quality_only,16,16,16,False,True,True,True,0.0,16,0,92.62036198909884,92.62036198909884,0.625,0.375,0.0,1.0504832192541975,92.03185762206068,,,,19
90f5bf5743cf5df0,score,1,1,16,False,False,False,False,0.9375,1,0,93.8310393237192,93.45315473432689,0.0625,0.0,0.9375,6.081582492481333,92.03185762206068,16.0,0.0,93.8310393237192,19
90f5bf5743cf5df0,pareto,1,1,16,False,False,False,False,0.9375,1,0,93.8310393237192,93.45315473432689,0.0625,0.0,0.9375,6.081582492481333,92.03185762206068,16.0,0.0,93.8310393237192,19
90f5bf5743cf5df0,gt_distance,11,11,16,False,True,True,False,0.3125,11,0,92.88106798650652,92.9509300376278,0.375,0.3125,0.3125,4.553809368339449,92.03185762206068,16.0,0.0,92.88106798650652,19
90f5bf5743cf5df0,old_pc,1,1,1,False,False,False,False,0.0,1,0,93.09692870869657,93.09692870869657,0.0,1.0,0.0,1.15401732642122,92.03185762206068,16.0,15.0,93.09716779206228,19
52caccf1b3b95e4e,conditional_pc,16,16,16,False,True,True,True,0.0,16,0,93.99704407882474,93.99704407882474,0.1875,0.8125,0.0,1.1896664676504125,93.68224590774204,,,,27
52caccf1b3b95e4e,quality_only,16,16,16,False,True,True,True,0.0,16,0,93.99704407882474,93.99704407882474,0.1875,0.8125,0.0,1.1896664676504125,93.68224590774204,,,,27
52caccf1b3b95e4e,score,0,0,16,True,False,False,False,1.0,0,0,96.18581033082792,,0.0,0.0,1.0,19.754875253859,93.68224590774204,16.0,0.0,96.18581033082792,27
52caccf1b3b95e4e,pareto,0,0,16,True,False,False,False,1.0,0,0,96.18581033082792,,0.0,0.0,1.0,19.754875253859,93.68224590774204,16.0,0.0,96.18581033082792,27
52caccf1b3b95e4e,gt_distance,0,0,16,True,False,False,False,1.0,0,0,94.96452034054086,,0.0,0.0,1.0,8.106976832252156,93.68224590774204,16.0,0.0,94.96452034054086,27
52caccf1b3b95e4e,old_pc,1,1,1,False,False,False,False,0.0,1,0,94.31806449458226,94.31806449458226,0.0,1.0,0.0,1.396359928337574,93.68224590774204,16.0,15.0,94.31806265929328,27
1b064a029c0e513a,conditional_pc,16,16,16,False,True,True,True,0.0,16,0,96.40498828618064,96.40498828618064,0.5,0.5,0.0,1.0547560070737243,95.8749644043504,,,,22
1b064a029c0e513a,quality_only,16,16,16,False,True,True,True,0.0,16,0,96.40498828618064,96.40498828618064,0.5,0.5,0.0,1.0547560070737243,95.8749644043504,,,,22
1b064a029c0e513a,score,0,0,16,True,False,False,False,1.0,0,0,98.45416317830502,,0.0,0.0,1.0,12.606952355872448,95.8749644043504,16.0,0.0,98.45416317830502,22
1b064a029c0e513a,pareto,0,0,16,True,False,False,False,1.0,0,0,98.45416317830502,,0.0,0.0,1.0,12.606952355872448,95.8749644043504,16.0,0.0,98.45416317830502,22
1b064a029c0e513a,gt_distance,13,13,16,False,True,True,False,0.1875,13,0,96.73611118378238,96.59055381657272,0.5625,0.25,0.1875,1.4225939566343244,95.8749644043504,16.0,0.0,96.73611118378238,22
1b064a029c0e513a,old_pc,1,1,1,False,False,False,False,0.0,1,0,96.66203297544664,96.66203297544664,0.0,1.0,0.0,1.2797126884074237,95.8749644043504,16.0,15.0,96.6620406860391,22
50790f7ba9405c67,conditional_pc,16,16,16,False,True,True,True,0.0,16,0,100.0,100.0,0.0,1.0,0.0,1.3360665647339791,100.0,,,,41
50790f7ba9405c67,quality_only,16,16,16,False,True,True,True,0.0,16,0,100.0,100.0,0.0,1.0,0.0,1.3360665647339791,100.0,,,,41
50790f7ba9405c67,score,0,0,16,True,False,False,False,1.0,0,0,100.0,,0.0,0.0,1.0,5.379329967465028,100.0,16.0,0.0,100.0,41
50790f7ba9405c67,pareto,2,2,16,False,False,False,False,0.875,2,0,100.0,100.0,0.0,0.125,0.875,5.330486549646475,100.0,16.0,0.0,100.0,41
50790f7ba9405c67,gt_distance,3,3,16,False,False,False,False,0.8125,3,0,100.0,100.0,0.0,0.1875,0.8125,5.2130426561340215,100.0,16.0,0.0,100.0,41
50790f7ba9405c67,old_pc,16,16,16,False,True,True,True,0.0,16,0,100.0,100.0,0.0,1.0,0.0,1.3360665647339791,100.0,16.0,0.0,100.0,41
0bc3c50e1292529c,conditional_pc,16,16,16,False,True,True,True,0.0,16,0,100.0,100.0,0.0,1.0,0.0,1.5558215746353536,100.0,,,,72
0bc3c50e1292529c,quality_only,16,16,16,False,True,True,True,0.0,16,0,100.0,100.0,0.0,1.0,0.0,1.5558215746353536,100.0,,,,72
0bc3c50e1292529c,score,0,0,16,True,False,False,False,1.0,0,0,100.0,,0.0,0.0,1.0,2.5970137416585906,100.0,16.0,0.0,100.0,72
0bc3c50e1292529c,pareto,3,3,16,False,False,False,False,0.8125,3,0,100.0,100.0,0.0,0.1875,0.8125,8.270520469135262,100.0,16.0,0.0,100.0,72
0bc3c50e1292529c,gt_distance,2,2,16,False,False,False,False,0.875,2,0,100.0,100.0,0.0,0.125,0.875,7.3410886525872465,100.0,16.0,0.0,100.0,72
0bc3c50e1292529c,old_pc,16,16,16,False,True,True,True,0.0,16,0,100.0,100.0,0.0,1.0,0.0,1.5558215746353536,100.0,16.0,0.0,100.0,72
ad906e8bb5375747,conditional_pc,16,16,16,False,True,True,True,0.0,16,0,96.308811049905,96.308811049905,0.375,0.625,0.0,1.1385642016455246,96.02257451551436,,,,24
ad906e8bb5375747,quality_only,16,16,16,False,True,True,True,0.0,16,0,96.308811049905,96.308811049905,0.375,0.625,0.0,1.1385642016455246,96.02257451551436,,,,24
ad906e8bb5375747,score,0,0,16,True,False,False,False,1.0,0,0,98.6094490420426,,0.0,0.0,1.0,22.58885089934931,96.02257451551436,16.0,0.0,98.6094490420426,24
ad906e8bb5375747,pareto,0,0,16,True,False,False,False,1.0,0,0,98.6094490420426,,0.0,0.0,1.0,22.58885089934931,96.02257451551436,16.0,0.0,98.6094490420426,24
ad906e8bb5375747,gt_distance,0,0,16,True,False,False,False,1.0,0,0,97.5356612744284,,0.0,0.0,1.0,9.631004384774496,96.02257451551436,16.0,0.0,97.5356612744284,24
ad906e8bb5375747,old_pc,1,1,1,False,False,False,False,0.0,1,0,96.53941599241182,96.53941599241182,0.0,1.0,0.0,1.521419963707946,96.02257451551436,16.0,15.0,96.53941330411033,24
0a76d212e8fe5898,conditional_pc,16,16,16,False,True,True,True,0.0,16,0,91.16722951491074,91.16722951491074,0.4375,0.5625,0.0,1.0552622387090242,89.76623034359324,,,,26
0a76d212e8fe5898,quality_only,16,16,16,False,True,True,True,0.0,16,0,91.16722951491074,91.16722951491074,0.4375,0.5625,0.0,1.0552622387090242,89.76623034359324,,,,26
0a76d212e8fe5898,score,0,0,16,True,False,False,False,1.0,0,0,100.0,,0.0,0.0,1.0,18.391403502860747,89.76623034359324,16.0,0.0,100.0,26
0a76d212e8fe5898,pareto,0,0,16,True,False,False,False,1.0,0,0,100.0,,0.0,0.0,1.0,22.590625528793304,89.76623034359324,16.0,0.0,100.0,26
0a76d212e8fe5898,gt_distance,15,15,16,False,True,True,False,0.0625,15,0,90.85044353930968,90.8743280302703,0.5625,0.375,0.0625,1.1114833603164365,89.76623034359324,16.0,0.0,90.85044353930968,26
0a76d212e8fe5898,old_pc,1,1,1,False,False,False,False,0.0,1,0,93.5758400843932,93.5758400843932,0.0,1.0,0.0,1.404004988787389,89.76623034359324,16.0,15.0,93.5759567107441,26
77d96cb44005501c,conditional_pc,16,16,16,False,True,True,True,0.0,16,0,98.47561443723156,98.47561443723156,0.375,0.625,0.0,1.059494935841193,98.29730213438576,,,,22
77d96cb44005501c,quality_only,16,16,16,False,True,True,True,0.0,16,0,98.47561443723154,98.47561443723154,0.375,0.625,0.0,1.059494935841193,98.29730213438576,,,,22
77d96cb44005501c,score,0,0,16,True,False,False,False,1.0,0,0,99.5061924127292,,0.0,0.0,1.0,19.408907710801326,98.29730213438576,16.0,0.0,99.5061924127292,22
77d96cb44005501c,pareto,0,0,16,True,False,False,False,1.0,0,0,99.5061924127292,,0.0,0.0,1.0,19.408907710801326,98.29730213438576,16.0,0.0,99.5061924127292,22
77d96cb44005501c,gt_distance,9,9,16,False,True,True,False,0.4375,9,0,98.58250314978774,98.59745318050471,0.3125,0.25,0.4375,1.6338842661815998,98.29730213438576,16.0,0.0,98.58250314978774,22
77d96cb44005501c,old_pc,1,1,1,False,False,False,False,0.0,1,0,98.88330922981936,98.88330922981936,0.0,1.0,0.0,1.221508251241922,98.29730213438576,16.0,15.0,98.88325556474815,22
12ed1a1d4ae657d1,conditional_pc,16,16,16,False,True,True,True,0.0,16,0,89.65958973926307,89.65958973926307,0.0,1.0,0.0,1.208577477163025,88.97385902844431,,,,31
12ed1a1d4ae657d1,quality_only,16,16,16,False,True,True,True,0.0,16,0,89.65947361103922,89.65947361103922,0.0,1.0,0.0,1.1898213193524685,88.97385902844431,,,,31
12ed1a1d4ae657d1,score,0,0,16,True,False,False,False,1.0,0,0,91.67150786761692,,0.0,0.0,1.0,17.880014713596875,88.97385902844431,16.0,0.0,91.67150786761692,31
12ed1a1d4ae657d1,pareto,0,0,16,True,False,False,False,1.0,0,0,91.67150786761692,,0.0,0.0,1.0,17.880014713596875,88.97385902844431,16.0,0.0,91.67150786761692,31
12ed1a1d4ae657d1,gt_distance,0,0,16,True,False,False,False,1.0,0,0,91.67150786761692,,0.0,0.0,1.0,17.880014713596875,88.97385902844431,16.0,0.0,91.67150786761692,31
12ed1a1d4ae657d1,old_pc,1,1,1,False,False,False,False,0.0,1,0,90.5082681409145,90.5082681409145,0.0,1.0,0.0,1.098751050115148,88.97385902844431,16.0,15.0,90.50839714317904,31
a3e94bd829b75673,conditional_pc,16,16,16,False,True,True,True,0.0,16,0,89.20012681151997,89.20012681151997,0.3125,0.6875,0.0,1.104343902502943,88.5040272548234,,,,26
a3e94bd829b75673,quality_only,16,16,16,False,True,True,True,0.0,16,0,89.20012681151997,89.20012681151997,0.3125,0.6875,0.0,1.104343902502943,88.5040272548234,,,,26
a3e94bd829b75673,score,0,0,16,True,False,False,False,1.0,0,0,92.3478841168038,,0.0,0.0,1.0,6.752716258806636,88.5040272548234,16.0,0.0,92.3478841168038,26
a3e94bd829b75673,pareto,0,0,16,True,False,False,False,1.0,0,0,89.74579596829162,,0.0,0.0,1.0,6.984859658439326,88.5040272548234,16.0,0.0,89.74579596829162,26
a3e94bd829b75673,gt_distance,0,0,16,True,False,False,False,1.0,0,0,89.74579596829162,,0.0,0.0,1.0,6.984859658439326,88.5040272548234,16.0,0.0,89.74579596829162,26
a3e94bd829b75673,old_pc,1,1,1,False,False,False,False,0.0,1,0,90.16904486323956,90.16904486323956,0.0,1.0,0.0,1.04857698144787,88.5040272548234,16.0,15.0,90.16910137846298,26
d7d94b48775a52d4,conditional_pc,16,16,16,False,True,True,True,0.0,16,0,100.0,100.0,0.0,1.0,0.0,1.1957472733054904,100.0,,,,39
d7d94b48775a52d4,quality_only,16,16,16,False,True,True,True,0.0,16,0,100.0,100.0,0.0,1.0,0.0,1.1957472733054904,100.0,,,,39
d7d94b48775a52d4,score,0,0,16,True,False,False,False,1.0,0,0,100.0,,0.0,0.0,1.0,3.2728908104372283,100.0,16.0,0.0,100.0,39
d7d94b48775a52d4,pareto,2,2,16,False,False,False,False,0.875,2,0,100.0,100.0,0.0625,0.0625,0.875,5.158184336672629,100.0,16.0,0.0,100.0,39
d7d94b48775a52d4,gt_distance,5,5,16,False,True,False,False,0.6875,5,0,100.0,100.0,0.125,0.1875,0.6875,2.9858019586849758,100.0,16.0,0.0,100.0,39
d7d94b48775a52d4,old_pc,16,16,16,False,True,True,True,0.0,16,0,100.0,100.0,0.0,1.0,0.0,1.1957472733054904,100.0,16.0,0.0,100.0,39
7640be138ae05408,conditional_pc,16,16,16,False,True,True,True,0.0,16,0,100.0,100.0,0.0,1.0,0.0,1.3013870827699918,100.0,,,,43
7640be138ae05408,quality_only,16,16,16,False,True,True,True,0.0,16,0,100.0,100.0,0.0,1.0,0.0,1.3013870827699918,100.0,,,,43
7640be138ae05408,score,0,0,16,True,False,False,False,1.0,0,0,100.0,,0.0,0.0,1.0,3.07235692811144,100.0,16.0,0.0,100.0,43
7640be138ae05408,pareto,1,1,16,False,False,False,False,0.9375,1,0,100.0,100.0,0.0625,0.0,0.9375,7.743554113500292,100.0,16.0,0.0,100.0,43
7640be138ae05408,gt_distance,4,4,16,False,True,False,False,0.75,4,0,100.0,100.0,0.125,0.125,0.75,3.929152284305316,100.0,16.0,0.0,100.0,43
7640be138ae05408,old_pc,16,16,16,False,True,True,True,0.0,16,0,100.0,100.0,0.0,1.0,0.0,1.3013870827699918,100.0,16.0,0.0,100.0,43
f82c33508e915106,conditional_pc,16,16,16,False,True,True,True,0.0,16,0,100.0,100.0,0.0,1.0,0.0,1.1836981363549106,100.0,,,,33
f82c33508e915106,quality_only,16,16,16,False,True,True,True,0.0,16,0,100.0,100.0,0.0,1.0,0.0,1.1836981363549106,100.0,,,,33
f82c33508e915106,score,0,0,16,True,False,False,False,1.0,0,0,100.0,,0.0,0.0,1.0,11.270823004291362,100.0,16.0,0.0,100.0,33
f82c33508e915106,pareto,4,4,16,False,True,False,False,0.75,4,0,100.0,100.0,0.0,0.25,0.75,4.640200084700896,100.0,16.0,0.0,100.0,33
f82c33508e915106,gt_distance,0,0,16,True,False,False,False,1.0,0,0,100.0,,0.0,0.0,1.0,9.876214412661266,100.0,16.0,0.0,100.0,33
f82c33508e915106,old_pc,16,16,16,False,True,True,True,0.0,16,0,100.0,100.0,0.0,1.0,0.0,1.1836981363549106,100.0,16.0,0.0,100.0,33
3138ce4847ee5007,conditional_pc,16,16,16,False,True,True,True,0.0,16,0,90.74016177033386,90.74016177033386,0.5625,0.4375,0.0,0.9975738171340656,90.574801287253,,,,19
3138ce4847ee5007,quality_only,16,16,16,False,True,True,True,0.0,16,0,90.74016177033386,90.74016177033386,0.5625,0.4375,0.0,0.9975738171340656,90.574801287253,,,,19
3138ce4847ee5007,score,0,0,16,True,False,False,False,1.0,0,0,94.1612623359847,,0.0,0.0,1.0,41.239713174823365,90.574801287253,16.0,0.0,94.1612623359847,19
3138ce4847ee5007,pareto,0,0,16,True,False,False,False,1.0,0,0,94.1612623359847,,0.0,0.0,1.0,41.239713174823365,90.574801287253,16.0,0.0,94.1612623359847,19
3138ce4847ee5007,gt_distance,0,0,16,True,False,False,False,1.0,0,0,89.41010068232593,,0.0,0.0,1.0,13.322810370931522,90.574801287253,16.0,0.0,89.41010068232593,19
3138ce4847ee5007,old_pc,1,1,1,False,False,False,False,0.0,1,0,90.93234098948156,90.93234098948156,0.0,1.0,0.0,1.021878723964137,90.574801287253,16.0,15.0,90.9322566606838,19
25822d3d04305af8,conditional_pc,16,16,16,False,True,True,True,0.0,16,0,100.0,100.0,0.0625,0.9375,0.0,1.2707472049714157,100.0,,,,32
25822d3d04305af8,quality_only,16,16,16,False,True,True,True,0.0,16,0,100.0,100.0,0.0625,0.9375,0.0,1.2707472049714157,100.0,,,,32
25822d3d04305af8,score,0,0,16,True,False,False,False,1.0,0,0,100.0,,0.0,0.0,1.0,6.292033396673287,100.0,16.0,0.0,100.0,32
25822d3d04305af8,pareto,2,2,16,False,False,False,False,0.875,2,0,100.0,100.0,0.0,0.125,0.875,6.160237461384764,100.0,16.0,0.0,100.0,32
25822d3d04305af8,gt_distance,3,3,16,False,False,False,False,0.8125,3,0,100.0,100.0,0.125,0.0625,0.8125,5.215115192438207,100.0,16.0,0.0,100.0,32
25822d3d04305af8,old_pc,16,16,16,False,True,True,True,0.0,16,0,100.0,100.0,0.0625,0.9375,0.0,1.2707472049714157,100.0,16.0,0.0,100.0,32
ba642ba3c9a65fe7,conditional_pc,16,16,16,False,True,True,True,0.0,16,0,94.74804585408236,94.74804585408236,0.125,0.875,0.0,1.26236161200094,94.47411087247882,,,,25
ba642ba3c9a65fe7,quality_only,16,16,16,False,True,True,True,0.0,16,0,94.74804585408236,94.74804585408236,0.125,0.875,0.0,1.26236161200094,94.47411087247882,,,,25
ba642ba3c9a65fe7,score,1,1,16,False,False,False,False,0.9375,1,0,95.352726415366,95.2365955834554,0.0,0.0625,0.9375,9.28954226301698,94.47411087247882,16.0,0.0,95.352726415366,25
ba642ba3c9a65fe7,pareto,1,1,16,False,False,False,False,0.9375,1,0,95.352726415366,95.2365955834554,0.0,0.0625,0.9375,9.28954226301698,94.47411087247882,16.0,0.0,95.352726415366,25
ba642ba3c9a65fe7,gt_distance,5,5,16,False,True,False,False,0.6875,5,0,95.14311165861618,95.06913012036564,0.0625,0.25,0.6875,3.58229626056268,94.47411087247882,16.0,0.0,95.14311165861618,25
ba642ba3c9a65fe7,old_pc,1,1,1,False,False,False,False,0.0,1,0,95.2365955834554,95.2365955834554,0.0,1.0,0.0,1.4968045314865035,94.47411087247882,16.0,15.0,95.2364956281884,25
e34f51206f0e53db,conditional_pc,16,16,16,False,True,True,True,0.0,16,0,89.00041120452823,89.00041120452823,0.0,1.0,0.0,1.2784471033806262,88.73600890446002,,,,22
e34f51206f0e53db,quality_only,16,16,16,False,True,True,True,0.0,16,0,89.00041120452822,89.00041120452822,0.0,1.0,0.0,1.2784471033806262,88.73600890446002,,,,22
e34f51206f0e53db,score,1,1,16,False,False,False,False,0.9375,1,0,89.51645659383426,89.47946839137197,0.0,0.0625,0.9375,7.029512329550308,88.73600890446002,16.0,0.0,89.51645659383426,22
e34f51206f0e53db,pareto,1,1,16,False,False,False,False,0.9375,1,0,89.51645659383426,89.47946839137197,0.0,0.0625,0.9375,7.029512329550308,88.73600890446002,16.0,0.0,89.51645659383426,22
e34f51206f0e53db,gt_distance,1,1,16,False,False,False,False,0.9375,1,0,89.51645659383426,89.47946839137197,0.0,0.0625,0.9375,7.029512329550308,88.73600890446002,16.0,0.0,89.51645659383426,22
e34f51206f0e53db,old_pc,1,1,1,False,False,False,False,0.0,1,0,89.47946839137197,89.47946839137197,0.0,1.0,0.0,1.663159354009505,88.73600890446002,16.0,15.0,89.4795119217622,22
5da31ca5ce165787,conditional_pc,16,16,16,False,True,True,True,0.0,16,0,100.0,100.0,0.25,0.75,0.0,1.0975365456430557,100.0,,,,30
5da31ca5ce165787,quality_only,16,16,16,False,True,True,True,0.0,16,0,100.0,100.0,0.25,0.75,0.0,1.0975365456430557,100.0,,,,30
5da31ca5ce165787,score,0,0,16,True,False,False,False,1.0,0,0,100.0,,0.0,0.0,1.0,2.2791921373961697,100.0,16.0,0.0,100.0,30
5da31ca5ce165787,pareto,3,3,16,False,False,False,False,0.8125,3,0,100.0,100.0,0.0625,0.125,0.8125,4.012857409978146,100.0,16.0,0.0,100.0,30
5da31ca5ce165787,gt_distance,1,1,16,False,False,False,False,0.9375,1,0,100.0,100.0,0.0625,0.0,0.9375,4.242306896714938,100.0,16.0,0.0,100.0,30
5da31ca5ce165787,old_pc,16,16,16,False,True,True,True,0.0,16,0,100.0,100.0,0.25,0.75,0.0,1.097783203175649,100.0,16.0,0.0,100.0,30
9a90853892925989,conditional_pc,16,16,16,False,True,True,True,0.0,16,0,100.0,100.0,0.0,1.0,0.0,1.297711321894227,100.0,,,,84
9a90853892925989,quality_only,16,16,16,False,True,True,True,0.0,16,0,100.0,100.0,0.0,1.0,0.0,1.297711321894227,100.0,,,,84
9a90853892925989,score,5,5,16,False,True,False,False,0.6875,5,0,100.0,100.0,0.0,0.3125,0.6875,1.918988353166228,100.0,16.0,0.0,100.0,84
9a90853892925989,pareto,3,3,16,False,False,False,False,0.8125,3,0,100.0,100.0,0.0,0.1875,0.8125,6.851276446841672,100.0,16.0,0.0,100.0,84
9a90853892925989,gt_distance,3,3,16,False,False,False,False,0.8125,3,0,100.0,100.0,0.0,0.1875,0.8125,6.922799484796236,100.0,16.0,0.0,100.0,84
9a90853892925989,old_pc,16,16,16,False,True,True,True,0.0,16,0,100.0,100.0,0.0,1.0,0.0,1.297711321894227,100.0,16.0,0.0,100.0,84
09c3d9dbca6455e5,conditional_pc,16,16,16,False,True,True,True,0.0,16,0,100.0,100.0,0.0,1.0,0.0,1.3965945863618934,100.0,,,,50
09c3d9dbca6455e5,quality_only,16,16,16,False,True,True,True,0.0,16,0,100.0,100.0,0.0,1.0,0.0,1.3965945863618934,100.0,,,,50
09c3d9dbca6455e5,score,2,2,16,False,False,False,False,0.875,2,0,100.0,100.0,0.0,0.125,0.875,2.4157187813285224,100.0,16.0,0.0,100.0,50
09c3d9dbca6455e5,pareto,2,2,16,False,False,False,False,0.875,2,0,100.0,100.0,0.0625,0.0625,0.875,8.88914533173848,100.0,16.0,0.0,100.0,50
09c3d9dbca6455e5,gt_distance,2,2,16,False,False,False,False,0.875,2,0,100.0,100.0,0.125,0.0,0.875,7.230124116208685,100.0,16.0,0.0,100.0,50
09c3d9dbca6455e5,old_pc,16,16,16,False,True,True,True,0.0,16,0,100.0,100.0,0.0,1.0,0.0,1.3965945863618934,100.0,16.0,0.0,100.0,50
42231e5449d3576a,conditional_pc,0,0,0,True,False,False,False,1.0,0,0,,,,,,,100.0,,,,0
42231e5449d3576a,quality_only,0,0,0,True,False,False,False,1.0,0,0,,,,,,,100.0,,,,0
42231e5449d3576a,score,0,0,16,True,False,False,False,1.0,0,0,100.0,,0.0,0.0,1.0,7.492056387909404,100.0,16.0,0.0,100.0,0
42231e5449d3576a,pareto,0,0,16,True,False,False,False,1.0,0,0,100.0,,0.0,0.0625,0.9375,8.089944974322295,100.0,16.0,0.0,100.0,0
42231e5449d3576a,gt_distance,0,0,16,True,False,False,False,1.0,0,0,100.0,,0.0,0.125,0.875,7.316947774235373,100.0,16.0,0.0,100.0,0
42231e5449d3576a,old_pc,0,0,1,True,False,False,False,1.0,0,0,100.0,,0.0,1.0,0.0,1.5216378116319285,100.0,16.0,15.0,100.0,0
bf78c475adfb5eb1,conditional_pc,16,16,16,False,True,True,True,0.0,16,0,100.0,100.0,0.0,1.0,0.0,1.4912423251753932,100.0,,,,52
bf78c475adfb5eb1,quality_only,16,16,16,False,True,True,True,0.0,16,0,100.0,100.0,0.0,1.0,0.0,1.4912423251753932,100.0,,,,52
bf78c475adfb5eb1,score,0,0,16,True,False,False,False,1.0,0,0,100.0,,0.0,0.0,1.0,5.146009836433649,100.0,16.0,0.0,100.0,52
bf78c475adfb5eb1,pareto,3,3,16,False,False,False,False,0.8125,3,0,100.0,100.0,0.0,0.1875,0.8125,5.559135914891929,100.0,16.0,0.0,100.0,52
bf78c475adfb5eb1,gt_distance,3,3,16,False,False,False,False,0.8125,3,0,100.0,100.0,0.0,0.1875,0.8125,5.19451306328445,100.0,16.0,0.0,100.0,52
bf78c475adfb5eb1,old_pc,16,16,16,False,True,True,True,0.0,16,0,100.0,100.0,0.0,1.0,0.0,1.4912423251753932,100.0,16.0,0.0,100.0,52
2fbab9ffc3fe5a5d,conditional_pc,16,16,16,False,True,True,True,0.0,16,0,100.0,100.0,0.0,1.0,0.0,1.1717358661105308,100.0,,,,30
2fbab9ffc3fe5a5d,quality_only,16,16,16,False,True,True,True,0.0,16,0,100.0,100.0,0.0,1.0,0.0,1.1717358661105308,100.0,,,,30
2fbab9ffc3fe5a5d,score,0,0,16,True,False,False,False,1.0,0,0,100.0,,0.0,0.0,1.0,3.189148784281579,100.0,16.0,0.0,100.0,30
2fbab9ffc3fe5a5d,pareto,2,2,16,False,False,False,False,0.875,2,0,100.0,100.0,0.0,0.125,0.875,7.951546435361835,100.0,16.0,0.0,100.0,30
2fbab9ffc3fe5a5d,gt_distance,1,1,16,False,False,False,False,0.9375,1,0,100.0,100.0,0.0625,0.0,0.9375,5.148093557439626,100.0,16.0,0.0,100.0,30
2fbab9ffc3fe5a5d,old_pc,16,16,16,False,True,True,True,0.0,16,0,100.0,100.0,0.0,1.0,0.0,1.1717358661105308,100.0,16.0,0.0,100.0,30
7fe6e7ce9cb7559d,conditional_pc,16,16,16,False,True,True,True,0.0,16,0,100.0,100.0,0.0,1.0,0.0,1.213521460103848,100.0,,,,42
7fe6e7ce9cb7559d,quality_only,16,16,16,False,True,True,True,0.0,16,0,100.0,100.0,0.0,1.0,0.0,1.213521460103848,100.0,,,,42
7fe6e7ce9cb7559d,score,4,4,16,False,True,False,False,0.75,4,0,100.0,100.0,0.0,0.25,0.75,1.9289645970453289,100.0,16.0,0.0,100.0,42
7fe6e7ce9cb7559d,pareto,1,1,16,False,False,False,False,0.9375,1,0,100.0,100.0,0.0625,0.0,0.9375,5.067490667329045,100.0,16.0,0.0,100.0,42
7fe6e7ce9cb7559d,gt_distance,1,1,16,False,False,False,False,0.9375,1,0,100.0,100.0,0.0625,0.0,0.9375,4.900118995608439,100.0,16.0,0.0,100.0,42
7fe6e7ce9cb7559d,old_pc,16,16,16,False,True,True,True,0.0,16,0,100.0,100.0,0.0,1.0,0.0,1.213521460103848,100.0,16.0,0.0,100.0,42
ebb4d3e033ae55e2,conditional_pc,16,16,16,False,True,True,True,0.0,16,0,85.65700445859086,85.65700445859086,0.0,1.0,0.0,1.1463400349804,85.20859109697084,,,,33
ebb4d3e033ae55e2,quality_only,16,16,16,False,True,True,True,0.0,16,0,85.65644846471704,85.65644846471704,0.0,1.0,0.0,1.1438651048705823,85.20859109697084,,,,33
ebb4d3e033ae55e2,score,0,0,16,True,False,False,False,1.0,0,0,86.12151966228242,,0.0,0.0,1.0,7.379447606338166,85.20859109697084,16.0,0.0,86.12151966228242,33
ebb4d3e033ae55e2,pareto,0,0,16,True,False,False,False,1.0,0,0,83.57226795620505,,0.0,0.0,1.0,7.613367818728935,85.20859109697084,16.0,0.0,83.57226795620505,33
ebb4d3e033ae55e2,gt_distance,0,0,16,True,False,False,False,1.0,0,0,83.57226795620505,,0.0,0.0,1.0,7.613367818728935,85.20859109697084,16.0,0.0,83.57226795620505,33
ebb4d3e033ae55e2,old_pc,1,1,1,False,False,False,False,0.0,1,0,85.84362133105475,85.84362133105475,0.0,1.0,0.0,1.2183130441316508,85.20859109697084,16.0,15.0,85.84342516838588,33
f1d60841a46d53a5,conditional_pc,16,16,16,False,True,True,True,0.0,16,0,95.20697347507289,95.20697347507289,0.0,1.0,0.0,1.2818135244930449,94.29051718766462,,,,23
f1d60841a46d53a5,quality_only,16,16,16,False,True,True,True,0.0,16,0,95.20697347507289,95.20697347507289,0.0,1.0,0.0,1.2818135244930449,94.29051718766462,,,,23
f1d60841a46d53a5,score,0,0,16,True,False,False,False,1.0,0,0,100.0,,0.0,0.0,1.0,19.51830992941317,94.29051718766462,16.0,0.0,100.0,23
f1d60841a46d53a5,pareto,0,0,16,True,False,False,False,1.0,0,0,100.0,,0.0,0.0,1.0,21.301686589473093,94.29051718766462,16.0,0.0,100.0,23
f1d60841a46d53a5,gt_distance,0,0,16,True,False,False,False,1.0,0,0,97.87622394273907,,0.0,0.0,1.0,6.531159013716399,94.29051718766462,16.0,0.0,97.87622394273907,23
f1d60841a46d53a5,old_pc,1,1,1,False,False,False,False,0.0,1,0,95.79228381356975,95.79228381356975,0.0,1.0,0.0,1.3241762814868565,94.29051718766462,16.0,15.0,95.79281063083532,23
8419b5d5eab75027,conditional_pc,16,16,16,False,True,True,True,0.0,16,0,92.3045102619782,92.3045102619782,0.0,1.0,0.0,1.2807778516562598,91.87515473466848,,,,29
8419b5d5eab75027,quality_only,16,16,16,False,True,True,True,0.0,16,0,92.3045102619782,92.3045102619782,0.0,1.0,0.0,1.28077785165626,91.87515473466848,,,,29
8419b5d5eab75027,score,0,0,16,True,False,False,False,1.0,0,0,93.62215024008486,,0.0,0.0,1.0,16.23417932325277,91.87515473466848,16.0,0.0,93.62215024008486,29
8419b5d5eab75027,pareto,0,0,16,True,False,False,False,1.0,0,0,93.62215024008486,,0.0,0.0,1.0,16.23417932325277,91.87515473466848,16.0,0.0,93.62215024008486,29
8419b5d5eab75027,gt_distance,0,0,16,True,False,False,False,1.0,0,0,93.22485781508892,,0.0,0.0,1.0,10.011599783511253,91.87515473466848,16.0,0.0,93.22485781508892,29
8419b5d5eab75027,old_pc,1,1,1,False,False,False,False,0.0,1,0,92.6380294150884,92.6380294150884,0.0,1.0,0.0,1.2396258470195327,91.87515473466848,16.0,15.0,92.638025692572,29
9c16cb6c4f94521c,conditional_pc,16,16,16,False,True,True,True,0.0,16,0,100.0,100.0,0.4375,0.5625,0.0,1.008106807474089,100.0,,,,16
9c16cb6c4f94521c,quality_only,16,16,16,False,True,True,True,0.0,16,0,100.0,100.0,0.4375,0.5625,0.0,1.008106807474089,100.0,,,,16
9c16cb6c4f94521c,score,14,14,16,False,True,True,False,0.125,14,0,100.0,100.0,0.375,0.5,0.125,1.1790233024110128,100.0,16.0,0.0,100.0,16
9c16cb6c4f94521c,pareto,4,4,16,False,True,False,False,0.75,4,0,100.0,100.0,0.0625,0.1875,0.75,11.723659164925683,100.0,16.0,0.0,100.0,16
9c16cb6c4f94521c,gt_distance,5,5,16,False,True,False,False,0.6875,5,0,99.827793632972,100.0,0.125,0.1875,0.6875,4.368109345922011,100.0,16.0,0.0,99.827793632972,16
9c16cb6c4f94521c,old_pc,16,16,16,False,True,True,True,0.0,16,0,100.0,100.0,0.4375,0.5625,0.0,1.008106807474089,100.0,16.0,0.0,100.0,16
35e2f788f41851c0,conditional_pc,16,16,16,False,True,True,True,0.0,16,0,88.82923843640246,88.82923843640246,0.0,1.0,0.0,1.2891133252591058,88.04467574573769,,,,32
35e2f788f41851c0,quality_only,16,16,16,False,True,True,True,0.0,16,0,88.82923843640246,88.82923843640246,0.0,1.0,0.0,1.2891133252591058,88.04467574573769,,,,32
35e2f788f41851c0,score,0,0,16,True,False,False,False,1.0,0,0,98.94300262761033,,0.0,0.0,1.0,26.60586332106555,88.04467574573769,16.0,0.0,98.94300262761033,32
35e2f788f41851c0,pareto,0,0,16,True,False,False,False,1.0,0,0,98.94300262761033,,0.0,0.0,1.0,26.60586332106555,88.04467574573769,16.0,0.0,98.94300262761033,32
35e2f788f41851c0,gt_distance,9,9,16,False,True,True,False,0.4375,9,0,90.08155846462137,89.39384007718768,0.3125,0.25,0.4375,2.6971411026729086,88.04467574573769,16.0,0.0,90.08155846462137,32
35e2f788f41851c0,old_pc,1,1,1,False,False,False,False,0.0,1,0,89.53129554774006,89.53129554774006,0.0,1.0,0.0,1.0713689278696827,88.04467574573769,16.0,15.0,89.53118164697477,32
54d3068f889b58ee,conditional_pc,16,16,16,False,True,True,True,0.0,16,0,88.5205557912469,88.5205557912469,0.25,0.75,0.0,1.165252913616003,87.59838696974263,,,,21
54d3068f889b58ee,quality_only,16,16,16,False,True,True,True,0.0,16,0,88.5205557912469,88.5205557912469,0.25,0.75,0.0,1.165252913616003,87.59838696974263,,,,21
54d3068f889b58ee,score,0,0,16,True,False,False,False,1.0,0,0,96.2900415689637,,0.0,0.0,1.0,23.71230095864149,87.59838696974263,16.0,0.0,96.2900415689637,21
54d3068f889b58ee,pareto,0,0,16,True,False,False,False,1.0,0,0,96.2900415689637,,0.0,0.0,1.0,23.71230095864149,87.59838696974263,16.0,0.0,96.2900415689637,21
54d3068f889b58ee,gt_distance,0,0,16,True,False,False,False,1.0,0,0,91.51061371107753,,0.0,0.0,1.0,7.677680225322338,87.59838696974263,16.0,0.0,91.51061371107753,21
54d3068f889b58ee,old_pc,1,1,1,False,False,False,False,0.0,1,0,89.5872629561322,89.5872629561322,0.0,1.0,0.0,1.4749260633234205,87.59838696974263,16.0,15.0,89.58729567732044,21
e1ee982450c85213,conditional_pc,16,16,16,False,True,True,True,0.0,16,0,94.3537190544653,94.3537190544653,0.0,1.0,0.0,1.296749641499999,93.89728140286108,,,,27
e1ee982450c85213,quality_only,16,16,16,False,True,True,True,0.0,16,0,94.3537190544653,94.3537190544653,0.0,1.0,0.0,1.296749641499999,93.89728140286108,,,,27
e1ee982450c85213,score,0,0,16,True,False,False,False,1.0,0,0,95.48707198909683,,0.0,0.0,1.0,9.835186379204613,93.89728140286108,16.0,0.0,95.48707198909683,27
e1ee982450c85213,pareto,0,0,16,True,False,False,False,1.0,0,0,95.48707198909683,,0.0,0.0,1.0,9.835186379204613,93.89728140286108,16.0,0.0,95.48707198909683,27
e1ee982450c85213,gt_distance,7,7,16,False,True,False,False,0.5625,7,0,94.71940205542305,94.63213025053902,0.0625,0.375,0.5625,2.7529686792421297,93.89728140286108,16.0,0.0,94.71940205542305,27
e1ee982450c85213,old_pc,1,1,1,False,False,False,False,0.0,1,0,94.86004277914236,94.86004277914236,0.0,1.0,0.0,1.262308018682484,93.89728140286108,16.0,15.0,94.86004017067964,27
4a8b4dff75c15a8a,conditional_pc,16,16,16,False,True,True,True,0.0,16,0,100.0,100.0,0.0625,0.9375,0.0,1.296041501586773,100.0,,,,21
4a8b4dff75c15a8a,quality_only,16,16,16,False,True,True,True,0.0,16,0,100.0,100.0,0.0625,0.9375,0.0,1.296041501586773,100.0,,,,21
4a8b4dff75c15a8a,score,0,0,16,True,False,False,False,1.0,0,0,100.0,,0.0,0.0,1.0,2.3547341652949045,100.0,16.0,0.0,100.0,21
4a8b4dff75c15a8a,pareto,0,0,16,True,False,False,False,1.0,0,0,100.0,,0.0625,0.0,0.9375,11.1894515073457,100.0,16.0,0.0,100.0,21
4a8b4dff75c15a8a,gt_distance,1,1,16,False,False,False,False,0.9375,1,0,100.0,100.0,0.0625,0.0625,0.875,6.595598086298439,100.0,16.0,0.0,100.0,21
4a8b4dff75c15a8a,old_pc,15,15,16,False,True,True,False,0.0625,15,0,100.0,100.0,0.0,1.0,0.0,1.310442988972623,100.0,16.0,0.0,100.0,21
1819e1b106b354ad,conditional_pc,16,16,16,False,True,True,True,0.0,16,0,88.72764142555879,88.72764142555879,0.375,0.625,0.0,1.077374676912726,88.54303097082509,,,,19
1819e1b106b354ad,quality_only,16,16,16,False,True,True,True,0.0,16,0,88.72764142555877,88.72764142555877,0.375,0.625,0.0,1.077374676912726,88.54303097082509,,,,19
1819e1b106b354ad,score,0,0,16,True,False,False,False,1.0,0,0,91.51356535630744,,0.0,0.0,1.0,21.820128739794548,88.54303097082509,16.0,0.0,91.51356535630744,19
1819e1b106b354ad,pareto,0,0,16,True,False,False,False,1.0,0,0,91.51356535630744,,0.0,0.0,1.0,21.820128739794548,88.54303097082509,16.0,0.0,91.51356535630744,19
1819e1b106b354ad,gt_distance,2,2,16,False,False,False,False,0.875,2,0,89.48613367484597,88.93881456502524,0.0,0.125,0.875,4.977126435911041,88.54303097082509,16.0,0.0,89.48613367484597,19
1819e1b106b354ad,old_pc,1,1,1,False,False,False,False,0.0,1,0,88.94278260414916,88.94278260414916,0.0,1.0,0.0,1.320150961286742,88.54303097082509,16.0,15.0,88.94280992891741,19
4ecdbea836725622,conditional_pc,16,16,16,False,True,True,True,0.0,16,0,88.92774848969067,88.92774848969067,0.3125,0.6875,0.0,1.1422075522294168,86.39840009618158,,,,27
4ecdbea836725622,quality_only,16,16,16,False,True,True,True,0.0,16,0,88.92774848969067,88.92774848969067,0.3125,0.6875,0.0,1.1422075522294168,86.39840009618158,,,,27
4ecdbea836725622,score,0,0,16,True,False,False,False,1.0,0,0,100.0,,0.0,0.0,1.0,23.042853713385565,86.39840009618158,16.0,0.0,100.0,27
4ecdbea836725622,pareto,0,0,16,True,False,False,False,1.0,0,0,100.0,,0.0,0.0,1.0,23.15567533795124,86.39840009618158,16.0,0.0,100.0,27
4ecdbea836725622,gt_distance,0,0,16,True,False,False,False,1.0,0,0,99.39419819158717,,0.0,0.0,1.0,16.279414203494824,86.39840009618158,16.0,0.0,99.39419819158717,27
4ecdbea836725622,old_pc,1,1,1,False,False,False,False,0.0,1,0,90.9778370367755,90.9778370367755,0.0,1.0,0.0,1.5473402814703583,86.39840009618158,16.0,15.0,90.978206144612,27
b9bcc9d0efaf5c7e,conditional_pc,16,16,16,False,True,True,True,0.0,16,0,100.0,100.0,0.0,1.0,0.0,1.232809500829143,100.0,,,,29
b9bcc9d0efaf5c7e,quality_only,16,16,16,False,True,True,True,0.0,16,0,100.0,100.0,0.0,1.0,0.0,1.232809500829143,100.0,,,,29
b9bcc9d0efaf5c7e,score,0,0,16,True,False,False,False,1.0,0,0,100.0,,0.0,0.0,1.0,10.65142328525008,100.0,16.0,0.0,100.0,29
b9bcc9d0efaf5c7e,pareto,0,0,16,True,False,False,False,1.0,0,0,100.0,,0.0,0.0,1.0,18.865057607303093,100.0,16.0,0.0,100.0,29
b9bcc9d0efaf5c7e,gt_distance,1,1,16,False,False,False,False,0.9375,1,0,100.0,100.0,0.0625,0.0,0.9375,17.130469669595648,100.0,16.0,0.0,100.0,29
b9bcc9d0efaf5c7e,old_pc,16,16,16,False,True,True,True,0.0,16,0,100.0,100.0,0.0,1.0,0.0,1.232809500829143,100.0,16.0,0.0,100.0,29
253b856b49ef52d2,conditional_pc,16,16,16,False,True,True,True,0.0,16,0,90.65767839457573,90.65767839457573,0.0,1.0,0.0,1.3210563999343925,89.42837180694507,,,,35
253b856b49ef52d2,quality_only,16,16,16,False,True,True,True,0.0,16,0,90.65767839457573,90.65767839457573,0.0,1.0,0.0,1.3210563999343925,89.42837180694507,,,,35
253b856b49ef52d2,score,1,1,16,False,False,False,False,0.9375,1,0,91.3461846280403,91.29462066850944,0.0,0.0625,0.9375,6.813456461690148,89.42837180694507,16.0,0.0,91.3461846280403,35
253b856b49ef52d2,pareto,1,1,16,False,False,False,False,0.9375,1,0,91.3461846280403,91.29462066850944,0.0,0.0625,0.9375,6.813456461690148,89.42837180694507,16.0,0.0,91.3461846280403,35
253b856b49ef52d2,gt_distance,1,1,16,False,False,False,False,0.9375,1,0,91.3461846280403,91.29462066850944,0.0,0.0625,0.9375,6.813456461690148,89.42837180694507,16.0,0.0,91.3461846280403,35
253b856b49ef52d2,old_pc,1,1,1,False,False,False,False,0.0,1,0,91.29462066850944,91.29462066850944,0.0,1.0,0.0,1.4800580250372883,89.42837180694507,16.0,15.0,91.2947522459413,35
68e39232887c5e4a,conditional_pc,10,10,16,False,True,True,False,0.375,10,6,91.01888534449884,91.21700608493045,0.375,0.625,0.0,1.064226561677827,90.97025210256962,,,,10
68e39232887c5e4a,quality_only,10,10,16,False,True,True,False,0.375,10,6,91.01888534449884,91.21700608493045,0.375,0.625,0.0,1.064226561677827,90.97025210256962,,,,10
68e39232887c5e4a,score,0,0,16,True,False,False,False,1.0,0,0,93.04783348227566,,0.0,0.0,1.0,11.397718064141475,90.97025210256962,16.0,0.0,93.04783348227566,10
68e39232887c5e4a,pareto,0,0,16,True,False,False,False,1.0,0,0,93.04783348227566,,0.0,0.0,1.0,11.397718064141475,90.97025210256962,16.0,0.0,93.04783348227566,10
68e39232887c5e4a,gt_distance,0,0,16,True,False,False,False,1.0,0,0,91.10878143956408,,0.0,0.0,1.0,5.214155337594931,90.97025210256962,16.0,0.0,91.10878143956408,10
68e39232887c5e4a,old_pc,1,1,1,False,False,False,False,0.0,1,0,91.60032023565064,91.60032023565064,0.0,1.0,0.0,1.063787766008326,90.97025210256962,16.0,15.0,91.60051855087032,10
2e2bb8bb71265998,conditional_pc,16,16,16,False,True,True,True,0.0,16,0,81.30539576455696,81.30539576455696,0.375,0.625,0.0,1.0832289864039717,80.45498939960137,,,,21
2e2bb8bb71265998,quality_only,16,16,16,False,True,True,True,0.0,16,0,81.30539576455696,81.30539576455696,0.375,0.625,0.0,1.0832289864039717,80.45498939960137,,,,21
2e2bb8bb71265998,score,0,0,16,True,False,False,False,1.0,0,0,100.0,,0.0,0.0,1.0,182.88061139953788,80.45498939960137,16.0,0.0,100.0,21
2e2bb8bb71265998,pareto,0,0,16,True,False,False,False,1.0,0,0,100.0,,0.0,0.0,1.0,181.3947249999193,80.45498939960137,16.0,0.0,100.0,21
2e2bb8bb71265998,gt_distance,10,10,16,False,True,True,False,0.375,10,0,82.49127864493838,81.8122887310462,0.3125,0.3125,0.375,2.980841078685073,80.45498939960137,16.0,0.0,82.49127864493838,21
2e2bb8bb71265998,old_pc,1,1,1,False,False,False,False,0.0,1,0,82.48910130351996,82.48910130351996,0.0,1.0,0.0,1.031200712075884,80.45498939960137,16.0,15.0,82.48912994918136,21
e34a1f5fb71c54da,conditional_pc,16,16,16,False,True,True,True,0.0,16,0,86.52552756611675,86.52552756611675,0.0,1.0,0.0,1.1493220557326098,84.52491490245679,,,,49
e34a1f5fb71c54da,quality_only,16,16,16,False,True,True,True,0.0,16,0,86.52552756611675,86.52552756611675,0.0,1.0,0.0,1.1493220557326098,84.52491490245679,,,,49
e34a1f5fb71c54da,score,1,1,16,False,False,False,False,0.9375,1,0,88.59388495117317,88.73286419758863,0.0625,0.0,0.9375,5.326756981479031,84.52491490245679,16.0,0.0,88.59388495117317,49
e34a1f5fb71c54da,pareto,1,1,16,False,False,False,False,0.9375,1,0,88.59388495117317,88.73286419758863,0.0625,0.0,0.9375,5.326756981479031,84.52491490245679,16.0,0.0,88.59388495117317,49
e34a1f5fb71c54da,gt_distance,2,2,16,False,False,False,False,0.875,2,0,88.49684309702883,88.52351850850458,0.0625,0.0625,0.875,4.646167110706726,84.52491490245679,16.0,0.0,88.49684309702883,49
e34a1f5fb71c54da,old_pc,1,1,1,False,False,False,False,0.0,1,0,88.31417281942055,88.31417281942055,0.0,1.0,0.0,1.175643271528496,84.52491490245679,16.0,15.0,88.31504119023623,49
1d10ae25c61f50c4,conditional_pc,16,16,16,False,True,True,True,0.0,16,0,100.0,100.0,0.0,1.0,0.0,1.3953008591172178,100.0,,,,55
1d10ae25c61f50c4,quality_only,16,16,16,False,True,True,True,0.0,16,0,100.0,100.0,0.0,1.0,0.0,1.3953008591172178,100.0,,,,55
1d10ae25c61f50c4,score,2,2,16,False,False,False,False,0.875,2,0,100.0,100.0,0.0,0.125,0.875,2.1385343732393096,100.0,16.0,0.0,100.0,55
1d10ae25c61f50c4,pareto,2,2,16,False,False,False,False,0.875,2,0,100.0,100.0,0.0625,0.0625,0.875,6.3475820684004445,100.0,16.0,0.0,100.0,55
1d10ae25c61f50c4,gt_distance,4,4,16,False,True,False,False,0.75,4,0,100.0,100.0,0.125,0.125,0.75,4.374683483030752,100.0,16.0,0.0,100.0,55
1d10ae25c61f50c4,old_pc,16,16,16,False,True,True,True,0.0,16,0,100.0,100.0,0.0,1.0,0.0,1.3953008591172178,100.0,16.0,0.0,100.0,55
2af1778054cf51a4,conditional_pc,16,16,16,False,True,True,True,0.0,16,0,86.07614201952562,86.07614201952562,0.1875,0.8125,0.0,1.1659317595049017,85.59392977014241,,,,22
2af1778054cf51a4,quality_only,16,16,16,False,True,True,True,0.0,16,0,86.07614201952562,86.07614201952562,0.1875,0.8125,0.0,1.1659317595049017,85.59392977014241,,,,22
2af1778054cf51a4,score,0,0,16,True,False,False,False,1.0,0,0,91.65676614598524,,0.0,0.0,1.0,34.5289431628827,85.59392977014241,16.0,0.0,91.65676614598524,22
2af1778054cf51a4,pareto,0,0,16,True,False,False,False,1.0,0,0,91.65676614598524,,0.0,0.0,1.0,34.5289431628827,85.59392977014241,16.0,0.0,91.65676614598524,22
2af1778054cf51a4,gt_distance,0,0,16,True,False,False,False,1.0,0,0,88.1341841414131,,0.0,0.0,1.0,10.49576396805728,85.59392977014241,16.0,0.0,88.1341841414131,22
2af1778054cf51a4,old_pc,1,1,1,False,False,False,False,0.0,1,0,86.49170489748656,86.49170489748656,0.0,1.0,0.0,1.4445291460490988,85.59392977014241,16.0,15.0,86.49162678958035,22
0f276bab4fa85df0,conditional_pc,16,16,16,False,True,True,True,0.0,16,0,96.78410362018542,96.78410362018542,0.25,0.75,0.0,1.1128377853740925,96.21845332391986,,,,17
0f276bab4fa85df0,quality_only,16,16,16,False,True,True,True,0.0,16,0,96.78410362018542,96.78410362018542,0.25,0.75,0.0,1.1128377853740925,96.21845332391986,,,,17
0f276bab4fa85df0,score,0,0,16,True,False,False,False,1.0,0,0,98.32501395625428,,0.0,0.0,1.0,8.665730241842844,96.21845332391986,16.0,0.0,98.32501395625428,17
0f276bab4fa85df0,pareto,0,0,16,True,False,False,False,1.0,0,0,98.32501395625428,,0.0,0.0,1.0,8.665730241842844,96.21845332391986,16.0,0.0,98.32501395625428,17
0f276bab4fa85df0,gt_distance,0,0,16,True,False,False,False,1.0,0,0,95.3180680075397,,0.0,0.0,1.0,6.474205232325426,96.21845332391986,16.0,0.0,95.3180680075397,17
0f276bab4fa85df0,old_pc,1,1,1,False,False,False,False,0.0,1,0,97.25915642814388,97.25915642814388,0.0,1.0,0.0,1.12148582230439,96.21845332391986,16.0,15.0,97.25916700921604,17
6cc16446dbe45353,conditional_pc,16,16,16,False,True,True,True,0.0,16,0,94.0347448568797,94.0347448568797,0.0,1.0,0.0,1.2052528789589156,93.75162309103958,,,,24
6cc16446dbe45353,quality_only,16,16,16,False,True,True,True,0.0,16,0,94.0347448568797,94.0347448568797,0.0,1.0,0.0,1.2052528789589156,93.75162309103958,,,,24
6cc16446dbe45353,score,0,0,16,True,False,False,False,1.0,0,0,96.44525095805648,,0.0,0.0,1.0,12.25621487980532,93.75162309103958,16.0,0.0,96.44525095805648,24
6cc16446dbe45353,pareto,0,0,16,True,False,False,False,1.0,0,0,96.44525095805648,,0.0,0.0,1.0,12.25621487980532,93.75162309103958,16.0,0.0,96.44525095805648,24
6cc16446dbe45353,gt_distance,0,0,16,True,False,False,False,1.0,0,0,95.86098517297896,,0.0,0.0,1.0,8.172914871956914,93.75162309103958,16.0,0.0,95.86098517297896,24
6cc16446dbe45353,old_pc,1,1,1,False,False,False,False,0.0,1,0,94.68300243337828,94.68300243337828,0.0,1.0,0.0,1.1721453077315187,93.75162309103958,16.0,15.0,94.68291239823009,24
26043d2de718532d,conditional_pc,16,16,16,False,True,True,True,0.0,16,0,100.0,100.0,0.3125,0.6875,0.0,1.118610885841268,100.0,,,,32
26043d2de718532d,quality_only,16,16,16,False,True,True,True,0.0,16,0,100.0,100.0,0.3125,0.6875,0.0,1.118610885841268,100.0,,,,32
26043d2de718532d,score,0,0,16,True,False,False,False,1.0,0,0,100.0,,0.0,0.0,1.0,7.492101319564984,100.0,16.0,0.0,100.0,32
26043d2de718532d,pareto,2,2,16,False,False,False,False,0.875,2,0,100.0,100.0,0.0625,0.0625,0.875,7.761374761139356,100.0,16.0,0.0,100.0,32
26043d2de718532d,gt_distance,3,3,16,False,False,False,False,0.8125,3,0,100.0,100.0,0.125,0.0625,0.8125,5.5921492320304536,100.0,16.0,0.0,100.0,32
26043d2de718532d,old_pc,16,16,16,False,True,True,True,0.0,16,0,100.0,100.0,0.3125,0.6875,0.0,1.118610885841268,100.0,16.0,0.0,100.0,32
e72eb72ebdc25a8a,conditional_pc,16,16,16,False,True,True,True,0.0,16,0,100.0,100.0,0.25,0.75,0.0,1.1018265343738307,100.0,,,,32
e72eb72ebdc25a8a,quality_only,16,16,16,False,True,True,True,0.0,16,0,100.0,100.0,0.25,0.75,0.0,1.1018265343738307,100.0,,,,32
e72eb72ebdc25a8a,score,0,0,16,True,False,False,False,1.0,0,0,100.0,,0.0,0.0,1.0,6.521482748591971,100.0,16.0,0.0,100.0,32
e72eb72ebdc25a8a,pareto,3,3,16,False,False,False,False,0.8125,3,0,100.0,100.0,0.0625,0.125,0.8125,8.718281513232842,100.0,16.0,0.0,100.0,32
e72eb72ebdc25a8a,gt_distance,3,3,16,False,False,False,False,0.8125,3,0,100.0,100.0,0.125,0.0625,0.8125,7.95985125906633,100.0,16.0,0.0,100.0,32
e72eb72ebdc25a8a,old_pc,16,16,16,False,True,True,True,0.0,16,0,100.0,100.0,0.25,0.75,0.0,1.1018265343738307,100.0,16.0,0.0,100.0,32
c852239b5ac95394,conditional_pc,16,16,16,False,True,True,True,0.0,16,0,91.5293765462524,91.5293765462524,0.125,0.875,0.0,1.2830095754288575,90.43835314618192,,,,34
c852239b5ac95394,quality_only,16,16,16,False,True,True,True,0.0,16,0,91.5293765462524,91.5293765462524,0.125,0.875,0.0,1.2830095754288575,90.43835314618192,,,,34
c852239b5ac95394,score,0,0,16,True,False,False,False,1.0,0,0,93.33524249931683,,0.0,0.0,1.0,20.268566413721217,90.43835314618192,16.0,0.0,93.33524249931683,34
c852239b5ac95394,pareto,0,0,16,True,False,False,False,1.0,0,0,93.33524249931683,,0.0,0.0,1.0,20.268566413721217,90.43835314618192,16.0,0.0,93.33524249931683,34
c852239b5ac95394,gt_distance,11,11,16,False,True,True,False,0.3125,11,0,90.9656380422528,91.04680653808605,0.6875,0.0,0.3125,1.846211507127532,90.43835314618192,16.0,0.0,90.9656380422528,34
c852239b5ac95394,old_pc,1,1,1,False,False,False,False,0.0,1,0,92.0564677508285,92.0564677508285,0.0,1.0,0.0,1.41549894219675,90.43835314618192,16.0,15.0,92.05649190676316,34
3c297001ef2d5acb,conditional_pc,0,0,0,True,False,False,False,1.0,0,0,,,,,,,96.0708770952181,,,,0
3c297001ef2d5acb,quality_only,0,0,0,True,False,False,False,1.0,0,0,,,,,,,96.0708770952181,,,,0
3c297001ef2d5acb,score,0,0,16,True,False,False,False,1.0,0,0,100.0,,0.0,0.0,1.0,19.2095610691158,96.0708770952181,16.0,0.0,100.0,0
3c297001ef2d5acb,pareto,0,0,16,True,False,False,False,1.0,0,0,100.0,,0.0,0.0,1.0,19.79816288114665,96.0708770952181,16.0,0.0,100.0,0
3c297001ef2d5acb,gt_distance,0,0,16,True,False,False,False,1.0,0,0,97.16656215622316,,0.375,0.3125,0.3125,1.977871785690291,96.0708770952181,16.0,0.0,97.16656215622316,0
3c297001ef2d5acb,old_pc,0,0,1,True,False,False,False,1.0,0,0,97.29544599586497,,0.0,1.0,0.0,1.171861736074827,96.0708770952181,16.0,15.0,97.29521742220632,0
123b77fa26425ac1,conditional_pc,16,16,16,False,True,True,True,0.0,16,0,94.6848941605067,94.6848941605067,0.0,1.0,0.0,1.3341942841400112,93.31094709333398,,,,34
123b77fa26425ac1,quality_only,16,16,16,False,True,True,True,0.0,16,0,94.6848941605067,94.6848941605067,0.0,1.0,0.0,1.3341942841400112,93.31094709333398,,,,34
123b77fa26425ac1,score,0,0,16,True,False,False,False,1.0,0,0,95.81160038695712,,0.0,0.0,1.0,6.030377957426292,93.31094709333398,16.0,0.0,95.81160038695712,34
123b77fa26425ac1,pareto,0,0,16,True,False,False,False,1.0,0,0,95.81160038695712,,0.0,0.0,1.0,6.030377957426292,93.31094709333398,16.0,0.0,95.81160038695712,34
123b77fa26425ac1,gt_distance,0,0,16,True,False,False,False,1.0,0,0,95.81160038695712,,0.0,0.0,1.0,6.030377957426292,93.31094709333398,16.0,0.0,95.81160038695712,34
123b77fa26425ac1,old_pc,1,1,1,False,False,False,False,0.0,1,0,94.99366294281712,94.99366294281712,0.0,1.0,0.0,1.3306353207605413,93.31094709333398,16.0,15.0,94.99435136713848,34
f97414b6f4a15866,conditional_pc,0,0,0,True,False,False,False,1.0,0,0,,,,,,,100.0,,,,0
f97414b6f4a15866,quality_only,0,0,0,True,False,False,False,1.0,0,0,,,,,,,100.0,,,,0
f97414b6f4a15866,score,0,0,16,True,False,False,False,1.0,0,0,100.0,,0.0,0.0,1.0,3.245127783129396,100.0,16.0,0.0,100.0,0
f97414b6f4a15866,pareto,0,0,16,True,False,False,False,1.0,0,0,100.0,,0.0,0.125,0.875,7.599661231164554,100.0,16.0,0.0,100.0,0
f97414b6f4a15866,gt_distance,0,0,16,True,False,False,False,1.0,0,0,100.0,,0.0625,0.1875,0.75,3.370193551707461,100.0,16.0,0.0,100.0,0
f97414b6f4a15866,old_pc,0,0,1,True,False,False,False,1.0,0,0,100.0,,0.0,1.0,0.0,1.694007581572394,100.0,16.0,15.0,100.0,0
957d3c9491ba5b5b,conditional_pc,16,16,16,False,True,True,True,0.0,16,0,91.7890275400607,91.7890275400607,0.0,1.0,0.0,1.2414517258400393,91.4988916679173,,,,27
957d3c9491ba5b5b,quality_only,16,16,16,False,True,True,True,0.0,16,0,91.7890275400607,91.7890275400607,0.0,1.0,0.0,1.2414517258400393,91.4988916679173,,,,27
957d3c9491ba5b5b,score,0,0,16,True,False,False,False,1.0,0,0,95.2416467824945,,0.0,0.0,1.0,32.85247153746457,91.4988916679173,16.0,0.0,95.2416467824945,27
957d3c9491ba5b5b,pareto,0,0,16,True,False,False,False,1.0,0,0,95.2416467824945,,0.0,0.0,1.0,32.85247153746457,91.4988916679173,16.0,0.0,95.2416467824945,27
957d3c9491ba5b5b,gt_distance,0,0,16,True,False,False,False,1.0,0,0,92.9581737828226,,0.0,0.0,1.0,8.163276142251714,91.4988916679173,16.0,0.0,92.9581737828226,27
957d3c9491ba5b5b,old_pc,1,1,1,False,False,False,False,0.0,1,0,92.02474263325034,92.02474263325034,0.0,1.0,0.0,1.5464633172871427,91.4988916679173,16.0,15.0,92.02471037344986,27
0c9d055f4ccc5d64,conditional_pc,16,16,16,False,True,True,True,0.0,16,0,93.23452439362818,93.23452439362818,0.1875,0.8125,0.0,1.153622653858478,91.48616844023748,,,,27
0c9d055f4ccc5d64,quality_only,16,16,16,False,True,True,True,0.0,16,0,93.23452439362818,93.23452439362818,0.1875,0.8125,0.0,1.153622653858478,91.48616844023748,,,,27
0c9d055f4ccc5d64,score,0,0,16,True,False,False,False,1.0,0,0,100.0,,0.0,0.0,1.0,37.977395765514025,91.48616844023748,16.0,0.0,100.0,27
0c9d055f4ccc5d64,pareto,0,0,16,True,False,False,False,1.0,0,0,100.0,,0.0,0.0,1.0,26.714736024398057,91.48616844023748,16.0,0.0,100.0,27
0c9d055f4ccc5d64,gt_distance,0,0,16,True,False,False,False,1.0,0,0,100.0,,0.0,0.0,1.0,34.39880930044043,91.48616844023748,16.0,0.0,100.0,27
0c9d055f4ccc5d64,old_pc,1,1,1,False,False,False,False,0.0,1,0,94.90729239798536,94.90729239798536,0.0,1.0,0.0,1.4302124095342783,91.48616844023748,16.0,15.0,94.90732998698788,27
cbaf3221997c55be,conditional_pc,16,16,16,False,True,True,True,0.0,16,0,97.14096159419412,97.14096159419412,0.0625,0.9375,0.0,1.275143071228717,96.65416353492664,,,,29
cbaf3221997c55be,quality_only,16,16,16,False,True,True,True,0.0,16,0,97.14096159419412,97.14096159419412,0.0625,0.9375,0.0,1.275143071228717,96.65416353492664,,,,29
cbaf3221997c55be,score,2,2,16,False,False,False,False,0.875,2,0,97.68925398362902,97.60434602617198,0.0,0.125,0.875,5.395693950165793,96.65416353492664,16.0,0.0,97.68925398362902,29
cbaf3221997c55be,pareto,2,2,16,False,False,False,False,0.875,2,0,97.68925398362902,97.60434602617198,0.0,0.125,0.875,5.395693950165793,96.65416353492664,16.0,0.0,97.68925398362902,29
cbaf3221997c55be,gt_distance,2,2,16,False,False,False,False,0.875,2,0,97.68925398362902,97.60434602617198,0.0,0.125,0.875,5.395693950165793,96.65416353492664,16.0,0.0,97.68925398362902,29
cbaf3221997c55be,old_pc,1,1,1,False,False,False,False,0.0,1,0,97.61026202429296,97.61026202429296,0.0,1.0,0.0,1.6229092654914534,96.65416353492664,16.0,15.0,97.61029002402545,29
a02463c8a92d56ce,conditional_pc,16,16,16,False,True,True,True,0.0,16,0,100.0,100.0,0.0,1.0,0.0,1.5958409687717336,100.0,,,,41
a02463c8a92d56ce,quality_only,16,16,16,False,True,True,True,0.0,16,0,100.0,100.0,0.0,1.0,0.0,1.5958409687717336,100.0,,,,41
a02463c8a92d56ce,score,1,1,16,False,False,False,False,0.9375,1,0,100.0,100.0,0.0,0.0625,0.9375,3.0464463079293496,100.0,16.0,0.0,100.0,41
a02463c8a92d56ce,pareto,2,2,16,False,False,False,False,0.875,2,0,100.0,100.0,0.0625,0.0625,0.875,7.174255004052481,100.0,16.0,0.0,100.0,41
a02463c8a92d56ce,gt_distance,4,4,16,False,True,False,False,0.75,4,0,100.0,100.0,0.0625,0.1875,0.75,5.089207563560416,100.0,16.0,0.0,100.0,41
a02463c8a92d56ce,old_pc,16,16,16,False,True,True,True,0.0,16,0,100.0,100.0,0.0,1.0,0.0,1.5958409687717336,100.0,16.0,0.0,100.0,41
d91a4c7d1d9e5647,conditional_pc,16,16,16,False,True,True,True,0.0,16,0,87.53887288630419,87.53887288630419,0.1875,0.8125,0.0,1.1034700528187606,85.80526551450785,,,,25
d91a4c7d1d9e5647,quality_only,16,16,16,False,True,True,True,0.0,16,0,87.53887288630419,87.53887288630419,0.1875,0.8125,0.0,1.1034700528187606,85.80526551450785,,,,25
d91a4c7d1d9e5647,score,0,0,16,True,False,False,False,1.0,0,0,99.51247960400418,,0.0,0.0,1.0,31.63223228188205,85.80526551450785,16.0,0.0,99.51247960400418,25
d91a4c7d1d9e5647,pareto,0,0,16,True,False,False,False,1.0,0,0,99.51247960400418,,0.0,0.0,1.0,31.63223228188205,85.80526551450785,16.0,0.0,99.51247960400418,25
d91a4c7d1d9e5647,gt_distance,3,3,16,False,False,False,False,0.8125,3,0,91.35834858497984,88.67926433629424,0.0625,0.125,0.8125,7.329222227199409,85.80526551450785,16.0,0.0,91.35834858497984,25
d91a4c7d1d9e5647,old_pc,1,1,1,False,False,False,False,0.0,1,0,88.64221685049873,88.64221685049873,0.0,1.0,0.0,1.0131616109110462,85.80526551450785,16.0,15.0,88.64238133587,25
742b1d2c6cf156c6,conditional_pc,16,16,16,False,True,True,True,0.0,16,0,86.49481912692882,86.49481912692882,0.0625,0.9375,0.0,1.2682215920378463,85.16031083732524,,,,26
742b1d2c6cf156c6,quality_only,16,16,16,False,True,True,True,0.0,16,0,86.49481912692882,86.49481912692882,0.0625,0.9375,0.0,1.2682215920378463,85.16031083732524,,,,26
742b1d2c6cf156c6,score,0,0,16,True,False,False,False,1.0,0,0,100.0,,0.0,0.0,1.0,40.62300783881809,85.16031083732524,16.0,0.0,100.0,26
742b1d2c6cf156c6,pareto,0,0,16,True,False,False,False,1.0,0,0,100.0,,0.0,0.0,1.0,39.93016750520907,85.16031083732524,16.0,0.0,100.0,26
742b1d2c6cf156c6,gt_distance,0,0,16,True,False,False,False,1.0,0,0,95.4326628135838,,0.0,0.0,1.0,21.38283444888051,85.16031083732524,16.0,0.0,95.4326628135838,26
742b1d2c6cf156c6,old_pc,1,1,1,False,False,False,False,0.0,1,0,87.57953934157099,87.57953934157099,0.0,1.0,0.0,1.053012904290276,85.16031083732524,16.0,15.0,87.57989009280246,26
8b3e9121fd57540f,conditional_pc,16,16,16,False,True,True,True,0.0,16,0,95.91997109050162,95.91997109050162,0.4375,0.5625,0.0,1.1136353754024984,95.50371260683482,,,,17
8b3e9121fd57540f,quality_only,16,16,16,False,True,True,True,0.0,16,0,95.91997109050162,95.91997109050162,0.4375,0.5625,0.0,1.1136353754024984,95.50371260683482,,,,17
8b3e9121fd57540f,score,0,0,16,True,False,False,False,1.0,0,0,96.99582701143616,,0.0,0.0,1.0,11.551203280465542,95.50371260683482,16.0,0.0,96.99582701143616,17
8b3e9121fd57540f,pareto,0,0,16,True,False,False,False,1.0,0,0,96.99582701143616,,0.0,0.0,1.0,11.551203280465542,95.50371260683482,16.0,0.0,96.99582701143616,17
8b3e9121fd57540f,gt_distance,9,9,16,False,True,True,False,0.4375,9,0,95.63354765518486,95.830299153975,0.625,0.375,0.0,0.9884921887008844,95.50371260683482,16.0,0.0,95.63354765518486,17
8b3e9121fd57540f,old_pc,1,1,1,False,False,False,False,0.0,1,0,96.51845962454738,96.51845962454738,0.0,1.0,0.0,1.34489719915825,95.50371260683482,16.0,15.0,96.51848910510294,17
bdf3b83064235e17,conditional_pc,16,16,16,False,True,True,True,0.0,16,0,100.0,100.0,0.1875,0.8125,0.0,1.1762492705297376,100.0,,,,30
bdf3b83064235e17,quality_only,16,16,16,False,True,True,True,0.0,16,0,100.0,100.0,0.1875,0.8125,0.0,1.1762492705297376,100.0,,,,30
bdf3b83064235e17,score,0,0,16,True,False,False,False,1.0,0,0,100.0,,0.0,0.0,1.0,4.219690317676448,100.0,16.0,0.0,100.0,30
bdf3b83064235e17,pareto,3,3,16,False,False,False,False,0.8125,3,0,100.0,100.0,0.125,0.0625,0.8125,9.82792057492631,100.0,16.0,0.0,100.0,30
bdf3b83064235e17,gt_distance,2,2,16,False,False,False,False,0.875,2,0,100.0,100.0,0.0625,0.0625,0.875,10.204768568701285,100.0,16.0,0.0,100.0,30
bdf3b83064235e17,old_pc,16,16,16,False,True,True,True,0.0,16,0,100.0,100.0,0.1875,0.8125,0.0,1.1762492705297376,100.0,16.0,0.0,100.0,30
ab000bda9ccf5150,conditional_pc,16,16,16,False,True,True,True,0.0,16,0,100.0,100.0,0.0,1.0,0.0,1.6939676035471711,100.0,,,,65
ab000bda9ccf5150,quality_only,16,16,16,False,True,True,True,0.0,16,0,100.0,100.0,0.0,1.0,0.0,1.6939676035471711,100.0,,,,65
ab000bda9ccf5150,score,12,12,16,False,True,True,False,0.25,12,0,100.0,100.0,0.0,0.75,0.25,2.104038858434844,100.0,16.0,0.0,100.0,65
ab000bda9ccf5150,pareto,3,3,16,False,False,False,False,0.8125,3,0,100.0,100.0,0.0625,0.125,0.8125,9.962676536938996,100.0,16.0,0.0,100.0,65
ab000bda9ccf5150,gt_distance,3,3,16,False,False,False,False,0.8125,3,0,100.0,100.0,0.0625,0.125,0.8125,9.17571383113211,100.0,16.0,0.0,100.0,65
ab000bda9ccf5150,old_pc,16,16,16,False,True,True,True,0.0,16,0,100.0,100.0,0.0,1.0,0.0,1.6939676035471711,100.0,16.0,0.0,100.0,65
e165b9b4eb5f5cf4,conditional_pc,16,16,16,False,True,True,True,0.0,16,0,100.0,100.0,0.0,1.0,0.0,1.1310553589367482,100.0,,,,29
e165b9b4eb5f5cf4,quality_only,16,16,16,False,True,True,True,0.0,16,0,100.0,100.0,0.0,1.0,0.0,1.1310553589367482,100.0,,,,29
e165b9b4eb5f5cf4,score,0,0,16,True,False,False,False,1.0,0,0,100.0,,0.0,0.0,1.0,30.85818221140415,100.0,16.0,0.0,100.0,29
e165b9b4eb5f5cf4,pareto,1,1,16,False,False,False,False,0.9375,1,0,100.0,100.0,0.0,0.0625,0.9375,17.794928612280643,100.0,16.0,0.0,100.0,29
e165b9b4eb5f5cf4,gt_distance,0,0,16,True,False,False,False,1.0,0,0,100.0,,0.0,0.0,1.0,27.73665027533364,100.0,16.0,0.0,100.0,29
e165b9b4eb5f5cf4,old_pc,16,16,16,False,True,True,True,0.0,16,0,100.0,100.0,0.0,1.0,0.0,1.1310553589367482,100.0,16.0,0.0,100.0,29
dcb23119258e58ec,conditional_pc,16,16,16,False,True,True,True,0.0,16,0,92.89643069265908,92.89643069265908,0.5625,0.4375,0.0,0.9747995578647208,92.7137863299407,,,,17
dcb23119258e58ec,quality_only,16,16,16,False,True,True,True,0.0,16,0,92.89643069265908,92.89643069265908,0.5625,0.4375,0.0,0.9747995578647208,92.7137863299407,,,,17
dcb23119258e58ec,score,0,0,16,True,False,False,False,1.0,0,0,95.0747132864207,,0.0,0.0,1.0,40.57969470927557,92.7137863299407,16.0,0.0,95.0747132864207,17
dcb23119258e58ec,pareto,0,0,16,True,False,False,False,1.0,0,0,95.0747132864207,,0.0,0.0,1.0,40.57969470927557,92.7137863299407,16.0,0.0,95.0747132864207,17
dcb23119258e58ec,gt_distance,7,7,16,False,True,False,False,0.5625,7,0,92.77227232127396,92.79981465276124,0.3125,0.5,0.1875,2.027794764321618,92.7137863299407,16.0,0.0,92.77227232127396,17
dcb23119258e58ec,old_pc,1,1,1,False,False,False,False,0.0,1,0,93.0249405069558,93.0249405069558,0.0,1.0,0.0,1.0647646185053807,92.7137863299407,16.0,15.0,93.0249346300559,17
f0328bdcd0e15d3a,conditional_pc,16,16,16,False,True,True,True,0.0,16,0,94.39522438726291,94.39522438726291,0.0,1.0,0.0,1.198276436396624,94.16991500140632,,,,25
f0328bdcd0e15d3a,quality_only,16,16,16,False,True,True,True,0.0,16,0,94.39522438726291,94.39522438726291,0.0,1.0,0.0,1.198276436396624,94.16991500140632,,,,25
f0328bdcd0e15d3a,score,0,0,16,True,False,False,False,1.0,0,0,98.15877063725456,,0.0,0.0,1.0,48.7341180574243,94.16991500140632,16.0,0.0,98.15877063725456,25
f0328bdcd0e15d3a,pareto,0,0,16,True,False,False,False,1.0,0,0,98.15877063725456,,0.0,0.0,1.0,48.7341180574243,94.16991500140632,16.0,0.0,98.15877063725456,25
f0328bdcd0e15d3a,gt_distance,2,2,16,False,False,False,False,0.875,2,0,95.22889951318284,94.58180627412,0.0625,0.0625,0.875,8.245041469376234,94.16991500140632,16.0,0.0,95.22889951318284,25
f0328bdcd0e15d3a,old_pc,1,1,1,False,False,False,False,0.0,1,0,94.60180686832516,94.60180686832516,0.0,1.0,0.0,1.4527332848293264,94.16991500140632,16.0,15.0,94.60178717810756,25
c6538928de9c552b,conditional_pc,16,16,16,False,True,True,True,0.0,16,0,98.42091405480777,98.42091405480777,0.8125,0.1875,0.0,0.961488892592578,97.74280852011871,,,,28
c6538928de9c552b,quality_only,16,16,16,False,True,True,True,0.0,16,0,98.42091405480777,98.42091405480777,0.8125,0.1875,0.0,0.961488892592578,97.74280852011871,,,,28
c6538928de9c552b,score,0,0,16,True,False,False,False,1.0,0,0,100.0,,0.0,0.0,1.0,12.928308299159358,97.74280852011871,16.0,0.0,100.0,28
c6538928de9c552b,pareto,0,0,16,True,False,False,False,1.0,0,0,100.0,,0.0,0.0,1.0,13.407484984723098,97.74280852011871,16.0,0.0,100.0,28
c6538928de9c552b,gt_distance,0,0,16,True,False,False,False,1.0,0,0,99.87215635693374,,0.0,0.0,1.0,7.249636527516804,97.74280852011871,16.0,0.0,99.87215635693374,28
c6538928de9c552b,old_pc,1,1,1,False,False,False,False,0.0,1,0,99.31979598257855,99.31979598257855,0.0,1.0,0.0,1.0796674528930916,97.74280852011871,16.0,15.0,99.31980047168376,28
56da0490b78b5033,conditional_pc,16,16,16,False,True,True,True,0.0,16,0,83.56950435890526,83.56950435890526,0.3125,0.6875,0.0,1.0439713299880968,82.35311380926453,,,,22
56da0490b78b5033,quality_only,16,16,16,False,True,True,True,0.0,16,0,83.56950435890526,83.56950435890526,0.3125,0.6875,0.0,1.0439713299880968,82.35311380926453,,,,22
56da0490b78b5033,score,0,0,16,True,False,False,False,1.0,0,0,93.30434305845772,,0.0,0.0,1.0,15.712161024436,82.35311380926453,16.0,0.0,93.30434305845772,22
56da0490b78b5033,pareto,0,0,16,True,False,False,False,1.0,0,0,93.30434305845772,,0.0,0.0,1.0,15.712161024436,82.35311380926453,16.0,0.0,93.30434305845772,22
56da0490b78b5033,gt_distance,0,0,16,True,False,False,False,1.0,0,0,92.24604530114328,,0.0,0.0,1.0,12.665650260561714,82.35311380926453,16.0,0.0,92.24604530114328,22
56da0490b78b5033,old_pc,1,1,1,False,False,False,False,0.0,1,0,85.63171043239811,85.63171043239811,0.0,1.0,0.0,1.0737769877457757,82.35311380926453,16.0,15.0,85.6325784580019,22
8fc454e70d1554b7,conditional_pc,16,16,16,False,True,True,True,0.0,16,0,100.0,100.0,0.0,1.0,0.0,1.7130503786710272,98.17640163082632,,,,67
8fc454e70d1554b7,quality_only,16,16,16,False,True,True,True,0.0,16,0,100.0,100.0,0.0,1.0,0.0,1.7130503786710272,98.17640163082632,,,,67
8fc454e70d1554b7,score,0,0,16,True,False,False,False,1.0,0,0,100.0,,0.0,0.0,1.0,3.596115710597499,98.17640163082632,16.0,0.0,100.0,67
8fc454e70d1554b7,pareto,2,2,16,False,False,False,False,0.875,2,0,100.0,100.0,0.0,0.125,0.875,9.923987865723102,98.17640163082632,16.0,0.0,100.0,67
8fc454e70d1554b7,gt_distance,3,3,16,False,False,False,False,0.8125,3,0,100.0,100.0,0.0,0.1875,0.8125,7.406316413740656,98.17640163082632,16.0,0.0,100.0,67
8fc454e70d1554b7,old_pc,16,16,16,False,True,True,True,0.0,16,0,100.0,100.0,0.0,1.0,0.0,1.7130503786710272,98.17640163082632,16.0,0.0,100.0,67
3eceeb425c3a560b,conditional_pc,16,16,16,False,True,True,True,0.0,16,0,92.85460825772395,92.85460825772395,0.3125,0.6875,0.0,1.154848376323967,92.23349902789018,,,,23
3eceeb425c3a560b,quality_only,16,16,16,False,True,True,True,0.0,16,0,92.85460825772395,92.85460825772395,0.3125,0.6875,0.0,1.154848376323967,92.23349902789018,,,,23
3eceeb425c3a560b,score,0,0,16,True,False,False,False,1.0,0,0,96.38372901365504,,0.0,0.0,1.0,21.47499295815034,92.23349902789018,16.0,0.0,96.38372901365504,23
3eceeb425c3a560b,pareto,0,0,16,True,False,False,False,1.0,0,0,96.38372901365504,,0.0,0.0,1.0,21.47499295815034,92.23349902789018,16.0,0.0,96.38372901365504,23
3eceeb425c3a560b,gt_distance,0,0,16,True,False,False,False,1.0,0,0,96.38372901365504,,0.0,0.0,1.0,21.47499295815034,92.23349902789018,16.0,0.0,96.38372901365504,23
3eceeb425c3a560b,old_pc,1,1,1,False,False,False,False,0.0,1,0,93.64799727748633,93.64799727748633,0.0,1.0,0.0,1.6978179913633238,92.23349902789018,16.0,15.0,93.6480291002329,23
5e7d1f34a80c5e46,conditional_pc,16,16,16,False,True,True,True,0.0,16,0,100.0,100.0,0.4375,0.5625,0.0,1.035719368832423,100.0,,,,29
5e7d1f34a80c5e46,quality_only,16,16,16,False,True,True,True,0.0,16,0,100.0,100.0,0.4375,0.5625,0.0,1.035719368832423,100.0,,,,29
5e7d1f34a80c5e46,score,0,0,16,True,False,False,False,1.0,0,0,100.0,,0.0,0.0,1.0,13.357119074592006,100.0,16.0,0.0,100.0,29
5e7d1f34a80c5e46,pareto,1,1,16,False,False,False,False,0.9375,1,0,100.0,100.0,0.0625,0.0,0.9375,8.53156320718187,100.0,16.0,0.0,100.0,29
5e7d1f34a80c5e46,gt_distance,0,0,16,True,False,False,False,1.0,0,0,100.0,,0.0,0.0,1.0,12.43801652183169,100.0,16.0,0.0,100.0,29
5e7d1f34a80c5e46,old_pc,16,16,16,False,True,True,True,0.0,16,0,100.0,100.0,0.4375,0.5625,0.0,1.035719368832423,100.0,16.0,0.0,100.0,29
ef4f3026ae1b56a3,conditional_pc,16,16,16,False,True,True,True,0.0,16,0,88.3570159916933,88.3570159916933,0.0,1.0,0.0,1.1752260752669297,87.45346055553985,,,,61
ef4f3026ae1b56a3,quality_only,16,16,16,False,True,True,True,0.0,16,0,88.3570159916933,88.3570159916933,0.0,1.0,0.0,1.1752260752669297,87.45346055553985,,,,61
ef4f3026ae1b56a3,score,0,0,16,True,False,False,False,1.0,0,0,99.32215254280668,,0.0,0.0,1.0,34.9964608005768,87.45346055553985,16.0,0.0,99.32215254280668,61
ef4f3026ae1b56a3,pareto,0,0,16,True,False,False,False,1.0,0,0,99.32215254280668,,0.0,0.0,1.0,34.9964608005768,87.45346055553985,16.0,0.0,99.32215254280668,61
ef4f3026ae1b56a3,gt_distance,4,4,16,False,True,False,False,0.75,4,0,90.00679899508074,88.8312085947403,0.0625,0.1875,0.75,4.446855511037642,87.45346055553985,16.0,0.0,90.00679899508074,61
ef4f3026ae1b56a3,old_pc,1,1,1,False,False,False,False,0.0,1,0,89.03479186014279,89.03479186014279,0.0,1.0,0.0,1.238406518048846,87.45346055553985,16.0,15.0,89.0351267218102,61
d92fd7e6c01d503b,conditional_pc,16,16,16,False,True,True,True,0.0,16,0,100.0,100.0,0.0,1.0,0.0,1.2005346661767382,100.0,,,,36
d92fd7e6c01d503b,quality_only,16,16,16,False,True,True,True,0.0,16,0,100.0,100.0,0.0,1.0,0.0,1.2005346661767382,100.0,,,,36
d92fd7e6c01d503b,score,0,0,16,True,False,False,False,1.0,0,0,100.0,,0.0,0.0,1.0,4.654201218343951,100.0,16.0,0.0,100.0,36
d92fd7e6c01d503b,pareto,1,1,16,False,False,False,False,0.9375,1,0,100.0,100.0,0.0,0.0625,0.9375,12.290702096346518,100.0,16.0,0.0,100.0,36
d92fd7e6c01d503b,gt_distance,4,4,16,False,True,False,False,0.75,4,0,100.0,100.0,0.0625,0.1875,0.75,5.828660330971228,100.0,16.0,0.0,100.0,36
d92fd7e6c01d503b,old_pc,16,16,16,False,True,True,True,0.0,16,0,100.0,100.0,0.0,1.0,0.0,1.2005346661767382,100.0,16.0,0.0,100.0,36
1381f484e75c565a,conditional_pc,16,16,16,False,True,True,True,0.0,16,0,93.22341104154432,93.22341104154432,0.0,1.0,0.0,1.376275854930064,93.00660461426098,,,,26
1381f484e75c565a,quality_only,16,16,16,False,True,True,True,0.0,16,0,93.22341104154432,93.22341104154432,0.0,1.0,0.0,1.376275854930064,93.00660461426098,,,,26
1381f484e75c565a,score,0,0,16,True,False,False,False,1.0,0,0,95.2401643222974,,0.0,0.0,1.0,36.91506716153916,93.00660461426098,16.0,0.0,95.2401643222974,26
1381f484e75c565a,pareto,0,0,16,True,False,False,False,1.0,0,0,95.2401643222974,,0.0,0.0,1.0,36.91506716153916,93.00660461426098,16.0,0.0,95.2401643222974,26
1381f484e75c565a,gt_distance,0,0,16,True,False,False,False,1.0,0,0,93.78607479024588,,0.0,0.0,1.0,7.256709100695287,93.00660461426098,16.0,0.0,93.78607479024588,26
1381f484e75c565a,old_pc,1,1,1,False,False,False,False,0.0,1,0,93.42181272354964,93.42181272354964,0.0,1.0,0.0,1.528665909522862,93.00660461426098,16.0,15.0,93.42180976012506,26
7b79090489c95c0b,conditional_pc,16,16,16,False,True,True,True,0.0,16,0,98.52695135460614,98.52695135460614,0.3125,0.6875,0.0,1.1138593339717802,98.02481954206036,,,,26
7b79090489c95c0b,quality_only,16,16,16,False,True,True,True,0.0,16,0,98.52695135460614,98.52695135460614,0.3125,0.6875,0.0,1.1138593339717802,98.02481954206036,,,,26
7b79090489c95c0b,score,0,0,16,True,False,False,False,1.0,0,0,100.0,,0.0,0.0,1.0,15.283105680230062,98.02481954206036,16.0,0.0,100.0,26
7b79090489c95c0b,pareto,0,0,16,True,False,False,False,1.0,0,0,100.0,,0.0,0.0,1.0,13.620776993113571,98.02481954206036,16.0,0.0,100.0,26
7b79090489c95c0b,gt_distance,13,13,16,False,True,True,False,0.1875,13,0,98.5771107266856,98.575195657221,0.5,0.3125,0.1875,1.928502141547776,98.02481954206036,16.0,0.0,98.5771107266856,26
7b79090489c95c0b,old_pc,1,1,1,False,False,False,False,0.0,1,0,98.96258349618611,98.96258349618611,0.0,1.0,0.0,1.215901748332574,98.02481954206036,16.0,15.0,98.96212603993392,26
f0d107fb359953ff,conditional_pc,16,16,16,False,True,True,True,0.0,16,0,91.98007568081104,91.98007568081104,0.5625,0.4375,0.0,1.048703406462348,91.74229937434916,,,,24
f0d107fb359953ff,quality_only,16,16,16,False,True,True,True,0.0,16,0,91.98007568081104,91.98007568081104,0.5625,0.4375,0.0,1.048703406462348,91.74229937434916,,,,24
f0d107fb359953ff,score,0,0,16,True,False,False,False,1.0,0,0,94.30143012085496,,0.0,0.0,1.0,20.87238535408453,91.74229937434916,16.0,0.0,94.30143012085496,24
f0d107fb359953ff,pareto,0,0,16,True,False,False,False,1.0,0,0,94.30143012085496,,0.0,0.0,1.0,20.87238535408453,91.74229937434916,16.0,0.0,94.30143012085496,24
f0d107fb359953ff,gt_distance,0,0,16,True,False,False,False,1.0,0,0,90.39915830280869,,0.0,0.0,1.0,7.542472332790782,91.74229937434916,16.0,0.0,90.39915830280869,24
f0d107fb359953ff,old_pc,1,1,1,False,False,False,False,0.0,1,0,92.08312657978227,92.08312657978227,0.0,1.0,0.0,1.0991990408968697,91.74229937434916,16.0,15.0,92.0831229798628,24
e0c845f2d87555b3,conditional_pc,16,16,16,False,True,True,True,0.0,16,0,100.0,100.0,0.0,1.0,0.0,1.1675046163182214,100.0,,,,32
e0c845f2d87555b3,quality_only,16,16,16,False,True,True,True,0.0,16,0,100.0,100.0,0.0,1.0,0.0,1.1675046163182214,100.0,,,,32
e0c845f2d87555b3,score,0,0,16,True,False,False,False,1.0,0,0,100.0,,0.0,0.0,1.0,6.13669190893408,100.0,16.0,0.0,100.0,32
e0c845f2d87555b3,pareto,2,2,16,False,False,False,False,0.875,2,0,100.0,100.0,0.0625,0.0625,0.875,9.44700426077179,100.0,16.0,0.0,100.0,32
e0c845f2d87555b3,gt_distance,2,2,16,False,False,False,False,0.875,2,0,100.0,100.0,0.0,0.125,0.875,7.6092268648478365,100.0,16.0,0.0,100.0,32
e0c845f2d87555b3,old_pc,16,16,16,False,True,True,True,0.0,16,0,100.0,100.0,0.0,1.0,0.0,1.1675046163182214,100.0,16.0,0.0,100.0,32
9e454d3b139c5a3d,conditional_pc,16,16,16,False,True,True,True,0.0,16,0,100.0,100.0,0.125,0.875,0.0,1.0991682324410612,100.0,,,,30
9e454d3b139c5a3d,quality_only,16,16,16,False,True,True,True,0.0,16,0,100.0,100.0,0.125,0.875,0.0,1.0991682324410612,100.0,,,,30
9e454d3b139c5a3d,score,13,13,16,False,True,True,False,0.1875,13,0,100.0,100.0,0.625,0.1875,0.1875,1.4306913270151724,100.0,16.0,0.0,100.0,30
9e454d3b139c5a3d,pareto,1,1,16,False,False,False,False,0.9375,1,0,100.0,100.0,0.0,0.0625,0.9375,20.849933631073316,100.0,16.0,0.0,100.0,30
9e454d3b139c5a3d,gt_distance,5,5,16,False,True,False,False,0.6875,5,0,100.0,100.0,0.125,0.1875,0.6875,5.204207613363142,100.0,16.0,0.0,100.0,30
9e454d3b139c5a3d,old_pc,16,16,16,False,True,True,True,0.0,16,0,100.0,100.0,0.125,0.875,0.0,1.0991682324410612,100.0,16.0,0.0,100.0,30
468894d189a75353,conditional_pc,16,16,16,False,True,True,True,0.0,16,0,100.0,100.0,0.0,1.0,0.0,1.2071608397287044,100.0,,,,33
468894d189a75353,quality_only,16,16,16,False,True,True,True,0.0,16,0,100.0,100.0,0.0,1.0,0.0,1.2071608397287044,100.0,,,,33
468894d189a75353,score,1,1,16,False,False,False,False,0.9375,1,0,100.0,100.0,0.0,0.0625,0.9375,2.083696586138853,100.0,16.0,0.0,100.0,33
468894d189a75353,pareto,1,1,16,False,False,False,False,0.9375,1,0,100.0,100.0,0.0,0.0625,0.9375,4.603759856130939,100.0,16.0,0.0,100.0,33
468894d189a75353,gt_distance,1,1,16,False,False,False,False,0.9375,1,0,100.0,100.0,0.0625,0.0,0.9375,4.167302018042246,100.0,16.0,0.0,100.0,33
468894d189a75353,old_pc,16,16,16,False,True,True,True,0.0,16,0,100.0,100.0,0.0,1.0,0.0,1.2071608397287044,100.0,16.0,0.0,100.0,33
9252ad8efde85a85,conditional_pc,16,16,16,False,True,True,True,0.0,16,0,100.0,100.0,0.0,1.0,0.0,1.1974454590206054,99.64395781625052,,,,39
9252ad8efde85a85,quality_only,16,16,16,False,True,True,True,0.0,16,0,99.99943320499716,99.99943320499716,0.0,1.0,0.0,1.2304180681309302,99.64395781625052,,,,39
9252ad8efde85a85,score,0,0,16,True,False,False,False,1.0,0,0,100.0,,0.0,0.0,1.0,5.968591084142481,99.64395781625052,16.0,0.0,100.0,39
9252ad8efde85a85,pareto,1,1,16,False,False,False,False,0.9375,1,0,100.0,100.0,0.0625,0.0,0.9375,5.745410062541174,99.64395781625052,16.0,0.0,100.0,39
9252ad8efde85a85,gt_distance,2,2,16,False,False,False,False,0.875,2,0,100.0,100.0,0.0,0.125,0.875,5.063616106592637,99.64395781625052,16.0,0.0,100.0,39
9252ad8efde85a85,old_pc,16,16,16,False,True,True,True,0.0,16,0,100.0,100.0,0.0,1.0,0.0,1.1974454590206054,99.64395781625052,16.0,0.0,100.0,39
d99a3bc24ff75a68,conditional_pc,16,16,16,False,True,True,True,0.0,16,0,100.0,100.0,0.125,0.875,0.0,1.1112014397140366,100.0,,,,31
d99a3bc24ff75a68,quality_only,16,16,16,False,True,True,True,0.0,16,0,100.0,100.0,0.125,0.875,0.0,1.1112014397140366,100.0,,,,31
d99a3bc24ff75a68,score,0,0,16,True,False,False,False,1.0,0,0,100.0,,0.0,0.0,1.0,5.990637585416888,100.0,16.0,0.0,100.0,31
d99a3bc24ff75a68,pareto,1,1,16,False,False,False,False,0.9375,1,0,100.0,100.0,0.0,0.0625,0.9375,18.831355528380147,100.0,16.0,0.0,100.0,31
d99a3bc24ff75a68,gt_distance,2,2,16,False,False,False,False,0.875,2,0,100.0,100.0,0.0625,0.0625,0.875,11.354903808224368,100.0,16.0,0.0,100.0,31
d99a3bc24ff75a68,old_pc,16,16,16,False,True,True,True,0.0,16,0,100.0,100.0,0.125,0.875,0.0,1.1115139171703523,100.0,16.0,0.0,100.0,31
1d45b9d20e9d5f92,conditional_pc,16,16,16,False,True,True,True,0.0,16,0,93.12881674091366,93.12881674091366,0.5,0.5,0.0,1.135759581846473,92.80789810945812,,,,22
1d45b9d20e9d5f92,quality_only,16,16,16,False,True,True,True,0.0,16,0,93.12881674091366,93.12881674091366,0.5,0.5,0.0,1.135759581846473,92.80789810945812,,,,22
1d45b9d20e9d5f92,score,0,0,16,True,False,False,False,1.0,0,0,94.82375760507108,,0.0,0.0,1.0,17.38708010595684,92.80789810945812,16.0,0.0,94.82375760507108,22
1d45b9d20e9d5f92,pareto,0,0,16,True,False,False,False,1.0,0,0,94.82375760507108,,0.0,0.0,1.0,17.38708010595684,92.80789810945812,16.0,0.0,94.82375760507108,22
1d45b9d20e9d5f92,gt_distance,0,0,16,True,False,False,False,1.0,0,0,94.79192738481728,,0.0,0.0,1.0,17.292402749358665,92.80789810945812,16.0,0.0,94.79192738481728,22
1d45b9d20e9d5f92,old_pc,1,1,1,False,False,False,False,0.0,1,0,93.56771843638136,93.56771843638136,0.0,1.0,0.0,1.2889724340576243,92.80789810945812,16.0,15.0,93.56774682598436,22
39fc09d325a05606,conditional_pc,16,16,16,False,True,True,True,0.0,16,0,94.07707150375424,94.07707150375424,0.25,0.75,0.0,1.25287814612382,92.51858204359844,,,,27
39fc09d325a05606,quality_only,16,16,16,False,True,True,True,0.0,16,0,94.07707150375424,94.07707150375424,0.25,0.75,0.0,1.25287814612382,92.51858204359844,,,,27
39fc09d325a05606,score,0,0,16,True,False,False,False,1.0,0,0,97.03261858262616,,0.0,0.0,1.0,6.812375297158448,92.51858204359844,16.0,0.0,97.03261858262616,27
39fc09d325a05606,pareto,0,0,16,True,False,False,False,1.0,0,0,97.03261858262616,,0.0,0.0,1.0,6.812375297158448,92.51858204359844,16.0,0.0,97.03261858262616,27
39fc09d325a05606,gt_distance,0,0,16,True,False,False,False,1.0,0,0,97.03261858262616,,0.0,0.0,1.0,6.812375297158448,92.51858204359844,16.0,0.0,97.03261858262616,27
39fc09d325a05606,old_pc,1,1,1,False,False,False,False,0.0,1,0,96.12170861378708,96.12170861378708,0.0,1.0,0.0,1.6201752102193063,92.51858204359844,16.0,15.0,96.12262276475528,27
75341958391d5aba,conditional_pc,16,16,16,False,True,True,True,0.0,16,0,100.0,100.0,0.3125,0.6875,0.0,1.1291177844104574,100.0,,,,31
75341958391d5aba,quality_only,16,16,16,False,True,True,True,0.0,16,0,100.0,100.0,0.3125,0.6875,0.0,1.1291177844104574,100.0,,,,31
75341958391d5aba,score,0,0,16,True,False,False,False,1.0,0,0,100.0,,0.0,0.0,1.0,8.479763073478436,100.0,16.0,0.0,100.0,31
75341958391d5aba,pareto,1,1,16,False,False,False,False,0.9375,1,0,100.0,100.0,0.0,0.0625,0.9375,9.24020100694042,100.0,16.0,0.0,100.0,31
75341958391d5aba,gt_distance,3,3,16,False,False,False,False,0.8125,3,0,100.0,100.0,0.125,0.0625,0.8125,6.651303321428745,100.0,16.0,0.0,100.0,31
75341958391d5aba,old_pc,16,16,16,False,True,True,True,0.0,16,0,100.0,100.0,0.3125,0.6875,0.0,1.1291177844104574,100.0,16.0,0.0,100.0,31
e65ea4e886535732,conditional_pc,16,16,16,False,True,True,True,0.0,16,0,91.78561509903088,91.78561509903088,0.3125,0.6875,0.0,1.1629082314847978,91.074999854015,,,,29
e65ea4e886535732,quality_only,16,16,16,False,True,True,True,0.0,16,0,91.78561509903088,91.78561509903088,0.3125,0.6875,0.0,1.1629082314847978,91.074999854015,,,,29
e65ea4e886535732,score,0,0,16,True,False,False,False,1.0,0,0,92.637042969802,,0.0,0.0,1.0,7.534388406989339,91.074999854015,16.0,0.0,92.637042969802,29
e65ea4e886535732,pareto,0,0,16,True,False,False,False,1.0,0,0,92.637042969802,,0.0,0.0,1.0,7.534388406989339,91.074999854015,16.0,0.0,92.637042969802,29
e65ea4e886535732,gt_distance,0,0,16,True,False,False,False,1.0,0,0,92.637042969802,,0.0,0.0,1.0,7.534388406989339,91.074999854015,16.0,0.0,92.637042969802,29
e65ea4e886535732,old_pc,1,1,1,False,False,False,False,0.0,1,0,92.4519521332376,92.4519521332376,0.0,1.0,0.0,1.478364859537121,91.074999854015,16.0,15.0,92.45199535787222,29
a9134306f1575f88,conditional_pc,16,16,16,False,True,True,True,0.0,16,0,100.0,100.0,0.1875,0.8125,0.0,1.1976107119017343,100.0,,,,28
a9134306f1575f88,quality_only,16,16,16,False,True,True,True,0.0,16,0,100.0,100.0,0.1875,0.8125,0.0,1.1976107119017343,100.0,,,,28
a9134306f1575f88,score,0,0,16,True,False,False,False,1.0,0,0,100.0,,0.0,0.0,1.0,9.73351697666816,100.0,16.0,0.0,100.0,28
a9134306f1575f88,pareto,1,1,16,False,False,False,False,0.9375,1,0,100.0,100.0,0.0,0.0625,0.9375,9.589492579832791,100.0,16.0,0.0,100.0,28
a9134306f1575f88,gt_distance,2,2,16,False,False,False,False,0.875,2,0,100.0,100.0,0.0625,0.0625,0.875,9.491186172000369,100.0,16.0,0.0,100.0,28
a9134306f1575f88,old_pc,16,16,16,False,True,True,True,0.0,16,0,100.0,100.0,0.1875,0.8125,0.0,1.1976107119017343,100.0,16.0,0.0,100.0,28
3609537de0105997,conditional_pc,15,15,15,False,True,True,False,0.0,15,0,90.00616806782459,90.00616806782459,0.4666666666666667,0.5333333333333333,0.0,1.0022036599151918,0.0,,,,15
3609537de0105997,quality_only,15,15,15,False,True,True,False,0.0,15,0,90.00616806782459,90.00616806782459,0.4666666666666667,0.5333333333333333,0.0,1.0022036599151918,0.0,,,,15
3609537de0105997,score,0,0,16,True,False,False,False,1.0,0,0,91.93746627800724,,0.0,0.0,1.0,30.08459798690412,0.0,16.0,0.0,91.93746627800724,15
3609537de0105997,pareto,0,0,16,True,False,False,False,1.0,0,0,91.93746627800724,,0.0,0.0,1.0,30.08459798690412,0.0,16.0,0.0,91.93746627800724,15
3609537de0105997,gt_distance,0,0,16,True,False,False,False,1.0,0,0,90.90577205816054,,0.0,0.0,1.0,8.928094057166659,0.0,16.0,0.0,90.90577205816054,15
3609537de0105997,old_pc,1,1,1,False,False,False,False,0.0,1,0,90.1636090972296,90.1636090972296,0.0,1.0,0.0,1.1561402011538071,0.0,16.0,15.0,90.16360084375998,15
90c4cd28f0e55d46,conditional_pc,16,16,16,False,True,True,True,0.0,16,0,100.0,100.0,0.25,0.75,0.0,1.1699241455527978,100.0,,,,26
90c4cd28f0e55d46,quality_only,16,16,16,False,True,True,True,0.0,16,0,100.0,100.0,0.25,0.75,0.0,1.1699241455527978,100.0,,,,26
90c4cd28f0e55d46,score,0,0,16,True,False,False,False,1.0,0,0,100.0,,0.0,0.0,1.0,3.9774421603007366,100.0,16.0,0.0,100.0,26
90c4cd28f0e55d46,pareto,1,1,16,False,False,False,False,0.9375,1,0,100.0,100.0,0.0625,0.0,0.9375,19.305146235778924,100.0,16.0,0.0,100.0,26
90c4cd28f0e55d46,gt_distance,6,6,16,False,True,False,False,0.625,6,0,100.0,100.0,0.125,0.25,0.625,3.0108041529648686,100.0,16.0,0.0,100.0,26
90c4cd28f0e55d46,old_pc,16,16,16,False,True,True,True,0.0,16,0,100.0,100.0,0.25,0.75,0.0,1.1699241455527978,100.0,16.0,0.0,100.0,26
8a022198e6885aed,conditional_pc,16,16,16,False,True,True,True,0.0,16,0,90.73225905855332,90.73225905855332,0.5625,0.4375,0.0,1.028332492865362,89.59002448535715,,,,18
8a022198e6885aed,quality_only,16,16,16,False,True,True,True,0.0,16,0,90.73225905855332,90.73225905855332,0.5625,0.4375,0.0,1.028332492865362,89.59002448535715,,,,18
8a022198e6885aed,score,0,0,16,True,False,False,False,1.0,0,0,100.0,,0.0,0.0,1.0,189.31582843968016,89.59002448535715,16.0,0.0,100.0,18
8a022198e6885aed,pareto,0,0,16,True,False,False,False,1.0,0,0,100.0,,0.0,0.0,1.0,119.80030477518962,89.59002448535715,16.0,0.0,100.0,18
8a022198e6885aed,gt_distance,13,13,16,False,True,True,False,0.1875,13,0,90.26086923737482,90.4265072644148,0.5625,0.375,0.0625,1.0674666259913623,89.59002448535715,16.0,0.0,90.26086923737482,18
8a022198e6885aed,old_pc,1,1,1,False,False,False,False,0.0,1,0,92.30871354546429,92.30871354546429,0.0,1.0,0.0,1.1065540320119571,89.59002448535715,16.0,15.0,92.30883583826764,18
f6f213b156de552d,conditional_pc,16,16,16,False,True,True,True,0.0,16,0,92.34602745732614,92.34602745732614,0.5625,0.4375,0.0,1.0180989880415996,92.13481356962662,,,,22
f6f213b156de552d,quality_only,16,16,16,False,True,True,True,0.0,16,0,92.34602745732614,92.34602745732614,0.5625,0.4375,0.0,1.0180989880415996,92.13481356962662,,,,22
f6f213b156de552d,score,0,0,16,True,False,False,False,1.0,0,0,93.49477160506612,,0.0,0.0,1.0,28.823438613541903,92.13481356962662,16.0,0.0,93.49477160506612,22
f6f213b156de552d,pareto,0,0,16,True,False,False,False,1.0,0,0,93.49477160506612,,0.0,0.0,1.0,28.823438613541903,92.13481356962662,16.0,0.0,93.49477160506612,22
f6f213b156de552d,gt_distance,4,4,16,False,True,False,False,0.75,4,0,92.0840291660267,92.19466101673083,0.3125,0.375,0.3125,2.34201727996021,92.13481356962662,16.0,0.0,92.0840291660267,22
f6f213b156de552d,old_pc,1,1,1,False,False,False,False,0.0,1,0,92.50067244143337,92.50067244143337,0.0,1.0,0.0,1.1115015197385032,92.13481356962662,16.0,15.0,92.50067758412914,22
1cb9fa36aea25d6a,conditional_pc,16,16,16,False,True,True,True,0.0,16,0,100.0,100.0,0.0,1.0,0.0,1.16674576914708,100.0,,,,46
1cb9fa36aea25d6a,quality_only,16,16,16,False,True,True,True,0.0,16,0,100.0,100.0,0.0,1.0,0.0,1.16674576914708,100.0,,,,46
1cb9fa36aea25d6a,score,5,5,16,False,True,False,False,0.6875,5,0,100.0,100.0,0.0,0.3125,0.6875,1.530117532853978,100.0,16.0,0.0,100.0,46
1cb9fa36aea25d6a,pareto,0,0,16,True,False,False,False,1.0,0,0,100.0,,0.0,0.0,1.0,8.910024475828855,100.0,16.0,0.0,100.0,46
1cb9fa36aea25d6a,gt_distance,3,3,16,False,False,False,False,0.8125,3,0,100.0,100.0,0.0625,0.125,0.8125,3.2352605170022715,100.0,16.0,0.0,100.0,46
1cb9fa36aea25d6a,old_pc,16,16,16,False,True,True,True,0.0,16,0,100.0,100.0,0.0,1.0,0.0,1.16674576914708,100.0,16.0,0.0,100.0,46
e15983da12955abf,conditional_pc,16,16,16,False,True,True,True,0.0,16,0,88.67288808101239,88.67288808101239,0.0625,0.9375,0.0,1.201001566259596,88.21775915266996,,,,28
e15983da12955abf,quality_only,16,16,16,False,True,True,True,0.0,16,0,88.67288808101239,88.67288808101239,0.0625,0.9375,0.0,1.201001566259596,88.21775915266996,,,,28
e15983da12955abf,score,0,0,16,True,False,False,False,1.0,0,0,95.5307828875562,,0.0,0.0,1.0,31.309907909837516,88.21775915266996,16.0,0.0,95.5307828875562,28
e15983da12955abf,pareto,0,0,16,True,False,False,False,1.0,0,0,95.5307828875562,,0.0,0.0,1.0,31.309907909837516,88.21775915266996,16.0,0.0,95.5307828875562,28
e15983da12955abf,gt_distance,0,0,16,True,False,False,False,1.0,0,0,91.03819700858298,,0.0,0.0,1.0,9.508216533114492,88.21775915266996,16.0,0.0,91.03819700858298,28
e15983da12955abf,old_pc,1,1,1,False,False,False,False,0.0,1,0,89.05317136063753,89.05317136063753,0.0,1.0,0.0,1.3404699078105702,88.21775915266996,16.0,15.0,89.05304280393945,28
8635030755615376,conditional_pc,16,16,16,False,True,True,True,0.0,16,0,94.88561459917828,94.88561459917828,0.1875,0.8125,0.0,1.12389178502162,93.5061859192544,,,,26
8635030755615376,quality_only,16,16,16,False,True,True,True,0.0,16,0,94.88561459917828,94.88561459917828,0.1875,0.8125,0.0,1.12389178502162,93.5061859192544,,,,26
8635030755615376,score,0,0,16,True,False,False,False,1.0,0,0,97.35668328830592,,0.0,0.0,1.0,7.360226373604931,93.5061859192544,16.0,0.0,97.35668328830592,26
8635030755615376,pareto,0,0,16,True,False,False,False,1.0,0,0,97.35668328830592,,0.0,0.0,1.0,7.360226373604931,93.5061859192544,16.0,0.0,97.35668328830592,26
8635030755615376,gt_distance,0,0,16,True,False,False,False,1.0,0,0,97.35668328830592,,0.0,0.0,1.0,7.360226373604931,93.5061859192544,16.0,0.0,97.35668328830592,26
8635030755615376,old_pc,1,1,1,False,False,False,False,0.0,1,0,96.49981175050186,96.49981175050186,0.0,1.0,0.0,1.4996810196472627,93.5061859192544,16.0,15.0,96.50014658456132,26
86fbc624ea435e56,conditional_pc,16,16,16,False,True,True,True,0.0,16,0,100.0,100.0,0.0,1.0,0.0,1.115288259696232,100.0,,,,34
86fbc624ea435e56,quality_only,16,16,16,False,True,True,True,0.0,16,0,100.0,100.0,0.0,1.0,0.0,1.115288259696232,100.0,,,,34
86fbc624ea435e56,score,0,0,16,True,False,False,False,1.0,0,0,100.0,,0.0,0.0,1.0,2.708665947532768,100.0,16.0,0.0,100.0,34
86fbc624ea435e56,pareto,2,2,16,False,False,False,False,0.875,2,0,100.0,100.0,0.0,0.125,0.875,7.415152306142077,100.0,16.0,0.0,100.0,34
86fbc624ea435e56,gt_distance,1,1,16,False,False,False,False,0.9375,1,0,100.0,100.0,0.0,0.0625,0.9375,5.679669040476692,100.0,16.0,0.0,100.0,34
86fbc624ea435e56,old_pc,16,16,16,False,True,True,True,0.0,16,0,100.0,100.0,0.0,1.0,0.0,1.115288259696232,100.0,16.0,0.0,100.0,34
66e564907f5f5601,conditional_pc,0,0,0,True,False,False,False,1.0,0,0,,,,,,,58.333333333333336,,,,0
66e564907f5f5601,quality_only,0,0,0,True,False,False,False,1.0,0,0,,,,,,,58.333333333333336,,,,0
66e564907f5f5601,score,0,0,16,True,False,False,False,1.0,0,0,100.0,,0.0,0.0,1.0,9.165095792777215,58.333333333333336,16.0,0.0,100.0,0
66e564907f5f5601,pareto,0,0,16,True,False,False,False,1.0,0,0,100.0,,0.0,0.0,1.0,7.857784827736848,58.333333333333336,16.0,0.0,100.0,0
66e564907f5f5601,gt_distance,0,0,16,True,False,False,False,1.0,0,0,100.0,,0.0,0.0,1.0,8.394982630933912,58.333333333333336,16.0,0.0,100.0,0
66e564907f5f5601,old_pc,0,0,1,True,False,False,False,1.0,0,0,58.333333333333336,,0.0,1.0,0.0,1.424650564003795,58.333333333333336,16.0,15.0,58.333333333333336,0
808ff2e869ff5d92,conditional_pc,16,16,16,False,True,True,True,0.0,16,0,75.39290640861051,75.39290640861051,0.0,1.0,0.0,1.242147358332537,73.92520606041032,,,,23
808ff2e869ff5d92,quality_only,16,16,16,False,True,True,True,0.0,16,0,75.39290640861051,75.39290640861051,0.0,1.0,0.0,1.242147358332537,73.92520606041032,,,,23
808ff2e869ff5d92,score,0,0,16,True,False,False,False,1.0,0,0,84.36336023595564,,0.0,0.0,1.0,25.20284485612507,73.92520606041032,16.0,0.0,84.36336023595564,23
808ff2e869ff5d92,pareto,0,0,16,True,False,False,False,1.0,0,0,84.36336023595564,,0.0,0.0,1.0,25.20284485612507,73.92520606041032,16.0,0.0,84.36336023595564,23
808ff2e869ff5d92,gt_distance,0,0,16,True,False,False,False,1.0,0,0,81.36716267709699,,0.0,0.0,1.0,9.87270730691356,73.92520606041032,16.0,0.0,81.36716267709699,23
808ff2e869ff5d92,old_pc,1,1,1,False,False,False,False,0.0,1,0,76.38922028885258,76.38922028885258,0.0,1.0,0.0,1.342780265787236,73.92520606041032,16.0,15.0,76.38920026914143,23
1b53682e2df854e1,conditional_pc,16,16,16,False,True,True,True,0.0,16,0,88.28846881111178,88.28846881111178,0.0,1.0,0.0,1.6060675933426491,85.95697229012296,,,,47
1b53682e2df854e1,quality_only,16,16,16,False,True,True,True,0.0,16,0,88.28846881111178,88.28846881111178,0.0,1.0,0.0,1.6060675933426491,85.95697229012296,,,,47
1b53682e2df854e1,score,0,0,16,True,False,False,False,1.0,0,0,89.7457185291135,,0.0,0.0,1.0,9.358657150246168,85.95697229012296,16.0,0.0,89.7457185291135,47
1b53682e2df854e1,pareto,0,0,16,True,False,False,False,1.0,0,0,89.7457185291135,,0.0,0.0,1.0,9.358657150246168,85.95697229012296,16.0,0.0,89.7457185291135,47
1b53682e2df854e1,gt_distance,0,0,16,True,False,False,False,1.0,0,0,89.7457185291135,,0.0,0.0,1.0,9.358657150246168,85.95697229012296,16.0,0.0,89.7457185291135,47
1b53682e2df854e1,old_pc,1,1,1,False,False,False,False,0.0,1,0,89.25768507466083,89.25768507466083,0.0,1.0,0.0,1.9641630698099173,85.95697229012296,16.0,15.0,89.25881690762554,47
dd175b6e08565a4e,conditional_pc,16,16,16,False,True,True,True,0.0,16,0,80.76729326579701,80.76729326579701,0.0,1.0,0.0,1.387641656650177,79.04440868469182,,,,33
dd175b6e08565a4e,quality_only,16,16,16,False,True,True,True,0.0,16,0,80.76729326579701,80.76729326579701,0.0,1.0,0.0,1.387641656650177,79.04440868469182,,,,33
dd175b6e08565a4e,score,0,0,16,True,False,False,False,1.0,0,0,100.0,,0.0,0.0,1.0,42.11043073946134,79.04440868469182,16.0,0.0,100.0,33
dd175b6e08565a4e,pareto,0,0,16,True,False,False,False,1.0,0,0,100.0,,0.0,0.0,1.0,41.764275417179455,79.04440868469182,16.0,0.0,100.0,33
dd175b6e08565a4e,gt_distance,0,0,16,True,False,False,False,1.0,0,0,87.44699426022453,,0.0,0.0,1.0,9.520694871653202,79.04440868469182,16.0,0.0,87.44699426022453,33
dd175b6e08565a4e,old_pc,1,1,1,False,False,False,False,0.0,1,0,81.23795609319913,81.23795609319913,0.0,1.0,0.0,1.0663334325634186,79.04440868469182,16.0,15.0,81.23796443049494,33
8e475454489d5f5b,conditional_pc,16,16,16,False,True,True,True,0.0,16,0,93.676511183188,93.676511183188,0.0,1.0,0.0,1.3794663676784833,92.09867559042053,,,,26
8e475454489d5f5b,quality_only,16,16,16,False,True,True,True,0.0,16,0,93.676511183188,93.676511183188,0.0,1.0,0.0,1.3794663676784833,92.09867559042053,,,,26
8e475454489d5f5b,score,0,0,16,True,False,False,False,1.0,0,0,100.0,,0.0,0.0,1.0,27.36136659607121,92.09867559042053,16.0,0.0,100.0,26
8e475454489d5f5b,pareto,0,0,16,True,False,False,False,1.0,0,0,100.0,,0.0,0.0,1.0,28.979545475161743,92.09867559042053,16.0,0.0,100.0,26
8e475454489d5f5b,gt_distance,0,0,16,True,False,False,False,1.0,0,0,98.62615331808672,,0.0,0.0,1.0,12.975308595656085,92.09867559042053,16.0,0.0,98.62615331808672,26
8e475454489d5f5b,old_pc,1,1,1,False,False,False,False,0.0,1,0,94.5625996186593,94.5625996186593,0.0,1.0,0.0,1.3579144114690582,92.09867559042053,16.0,15.0,94.56295416251945,26
dc2d27a848115b56,conditional_pc,16,16,16,False,True,True,True,0.0,16,0,98.65224482858966,98.65224482858966,0.0625,0.9375,0.0,1.2241805018017438,97.64436462971136,,,,28
dc2d27a848115b56,quality_only,16,16,16,False,True,True,True,0.0,16,0,98.65224482858966,98.65224482858966,0.0625,0.9375,0.0,1.2241805018017438,97.64436462971136,,,,28
dc2d27a848115b56,score,0,0,16,True,False,False,False,1.0,0,0,100.0,,0.0,0.0,1.0,12.312921122697237,97.64436462971136,16.0,0.0,100.0,28
dc2d27a848115b56,pareto,0,0,16,True,False,False,False,1.0,0,0,100.0,,0.0,0.0,1.0,14.320734278730228,97.64436462971136,16.0,0.0,100.0,28
dc2d27a848115b56,gt_distance,0,0,16,True,False,False,False,1.0,0,0,100.0,,0.0,0.0,1.0,8.596828148489362,97.64436462971136,16.0,0.0,100.0,28
dc2d27a848115b56,old_pc,1,1,1,False,False,False,False,0.0,1,0,99.4264661965562,99.4264661965562,0.0,1.0,0.0,1.3281167523454949,97.64436462971136,16.0,15.0,99.42642512603229,28
3783e56bc9ef5e85,conditional_pc,16,16,16,False,True,True,True,0.0,16,0,88.91271826910067,88.91271826910067,0.125,0.875,0.0,1.1534961576418397,87.52171313850812,,,,30
3783e56bc9ef5e85,quality_only,16,16,16,False,True,True,True,0.0,16,0,88.91271826910067,88.91271826910067,0.125,0.875,0.0,1.1534961576418397,87.52171313850812,,,,30
3783e56bc9ef5e85,score,0,0,16,True,False,False,False,1.0,0,0,100.0,,0.0,0.0,1.0,25.58328454166313,87.52171313850812,16.0,0.0,100.0,30
3783e56bc9ef5e85,pareto,0,0,16,True,False,False,False,1.0,0,0,100.0,,0.0,0.0,1.0,25.58328454166313,87.52171313850812,16.0,0.0,100.0,30
3783e56bc9ef5e85,gt_distance,0,0,16,True,False,False,False,1.0,0,0,93.85097314945963,,0.0,0.0,1.0,9.16170692671301,87.52171313850812,16.0,0.0,93.85097314945963,30
3783e56bc9ef5e85,old_pc,1,1,1,False,False,False,False,0.0,1,0,89.81155717227483,89.81155717227483,0.0,1.0,0.0,1.1070497825258154,87.52171313850812,16.0,15.0,89.81200280572978,30
d45a215505f05382,conditional_pc,12,12,16,False,True,True,False,0.25,12,4,91.6846235095202,91.80081594135912,0.3125,0.6875,0.0,1.0572468439945455,91.37790950491102,,,,12
d45a215505f05382,quality_only,12,12,16,False,True,True,False,0.25,12,4,91.6846235095202,91.80081594135912,0.3125,0.6875,0.0,1.0572468439945455,91.37790950491102,,,,12
d45a215505f05382,score,0,0,16,True,False,False,False,1.0,0,0,92.9526459798776,,0.0,0.0,1.0,9.696149503971643,91.37790950491102,16.0,0.0,92.9526459798776,12
d45a215505f05382,pareto,0,0,16,True,False,False,False,1.0,0,0,92.9526459798776,,0.0,0.0,1.0,9.696149503971643,91.37790950491102,16.0,0.0,92.9526459798776,12
d45a215505f05382,gt_distance,0,0,16,True,False,False,False,1.0,0,0,92.9526459798776,,0.0,0.0,1.0,9.696149503971643,91.37790950491102,16.0,0.0,92.9526459798776,12
d45a215505f05382,old_pc,1,1,1,False,False,False,False,0.0,1,0,92.19427405887406,92.19427405887406,0.0,1.0,0.0,1.41845038101311,91.37790950491102,16.0,15.0,92.19428977923052,12
4775f8e1a53d5c6f,conditional_pc,16,16,16,False,True,True,True,0.0,16,0,100.0,100.0,0.125,0.875,0.0,1.269197552567858,100.0,,,,24
4775f8e1a53d5c6f,quality_only,16,16,16,False,True,True,True,0.0,16,0,100.0,100.0,0.125,0.875,0.0,1.269197552567858,100.0,,,,24
4775f8e1a53d5c6f,score,0,0,16,True,False,False,False,1.0,0,0,100.0,,0.0,0.0,1.0,4.523891137896373,100.0,16.0,0.0,100.0,24
4775f8e1a53d5c6f,pareto,3,3,16,False,False,False,False,0.8125,3,0,100.0,100.0,0.0,0.1875,0.8125,8.538342087297984,100.0,16.0,0.0,100.0,24
4775f8e1a53d5c6f,gt_distance,4,4,16,False,True,False,False,0.75,4,0,100.0,100.0,0.0625,0.1875,0.75,4.063603023672524,100.0,16.0,0.0,100.0,24
4775f8e1a53d5c6f,old_pc,16,16,16,False,True,True,True,0.0,16,0,100.0,100.0,0.125,0.875,0.0,1.269197552567858,100.0,16.0,0.0,100.0,24
802c127f63f955ed,conditional_pc,16,16,16,False,True,True,True,0.0,16,0,86.70991605749073,86.70991605749073,0.375,0.625,0.0,1.0493986045902464,84.43403980794038,,,,17
802c127f63f955ed,quality_only,16,16,16,False,True,True,True,0.0,16,0,86.70991605749073,86.70991605749073,0.375,0.625,0.0,1.0493986045902464,84.43403980794038,,,,17
802c127f63f955ed,score,8,8,16,False,True,True,False,0.5,8,0,89.30356023632352,87.6274735741329,0.25,0.25,0.5,6.99835535269135,84.43403980794038,16.0,0.0,89.30356023632352,17
802c127f63f955ed,pareto,8,8,16,False,True,True,False,0.5,8,0,89.30356023632352,87.6274735741329,0.25,0.25,0.5,6.99835535269135,84.43403980794038,16.0,0.0,89.30356023632352,17
802c127f63f955ed,gt_distance,13,13,16,False,True,True,False,0.1875,13,0,87.01168551997233,87.06325531220995,0.3125,0.5,0.1875,1.1794905250693553,84.43403980794038,16.0,0.0,87.01168551997233,17
802c127f63f955ed,old_pc,1,1,1,False,False,False,False,0.0,1,0,89.03940675324068,89.03940675324068,0.0,1.0,0.0,1.3889003295443954,84.43403980794038,16.0,15.0,89.0414604265182,17
f102259e52d35ac5,conditional_pc,16,16,16,False,True,True,True,0.0,16,0,95.7174060707297,95.7174060707297,0.1875,0.8125,0.0,1.132252735765548,95.32824600705952,,,,26
f102259e52d35ac5,quality_only,16,16,16,False,True,True,True,0.0,16,0,95.7174060707297,95.7174060707297,0.1875,0.8125,0.0,1.132252735765548,95.32824600705952,,,,26
f102259e52d35ac5,score,0,0,16,True,False,False,False,1.0,0,0,97.99896251442152,,0.0,0.0,1.0,14.738172764887516,95.32824600705952,16.0,0.0,97.99896251442152,26
f102259e52d35ac5,pareto,0,0,16,True,False,False,False,1.0,0,0,97.99896251442152,,0.0,0.0,1.0,14.738172764887516,95.32824600705952,16.0,0.0,97.99896251442152,26
f102259e52d35ac5,gt_distance,16,16,16,False,True,True,True,0.0,16,0,95.69217540194175,95.69217540194175,0.5,0.5,0.0,1.0103737804109103,95.32824600705952,16.0,0.0,95.69217540194175,26
f102259e52d35ac5,old_pc,1,1,1,False,False,False,False,0.0,1,0,96.19115829093768,96.19115829093768,0.0,1.0,0.0,1.079907133175711,95.32824600705952,16.0,15.0,96.19117357538398,26
db5aa5f382f25aaa,conditional_pc,16,16,16,False,True,True,True,0.0,16,0,90.4670245732208,90.4670245732208,0.0,1.0,0.0,1.2703321909385357,88.60126409629814,,,,69
db5aa5f382f25aaa,quality_only,16,16,16,False,True,True,True,0.0,16,0,90.4670245732208,90.4670245732208,0.0,1.0,0.0,1.2703321909385357,88.60126409629814,,,,69
db5aa5f382f25aaa,score,0,0,16,True,False,False,False,1.0,0,0,100.0,,0.0,0.0,1.0,33.484873547816775,88.60126409629814,16.0,0.0,100.0,69
db5aa5f382f25aaa,pareto,0,0,16,True,False,False,False,1.0,0,0,100.0,,0.0,0.0,1.0,32.30910762978352,88.60126409629814,16.0,0.0,100.0,69
db5aa5f382f25aaa,gt_distance,0,0,16,True,False,False,False,1.0,0,0,94.7770240886603,,0.0,0.0,1.0,9.774840404934658,88.60126409629814,16.0,0.0,94.7770240886603,69
db5aa5f382f25aaa,old_pc,1,1,1,False,False,False,False,0.0,1,0,92.07108112503798,92.07108112503798,0.0,1.0,0.0,1.0863966565052738,88.60126409629814,16.0,15.0,92.07116760857974,69
598efc24965e57ba,conditional_pc,16,16,16,False,True,True,True,0.0,16,0,100.0,100.0,0.0,1.0,0.0,1.5344154295671748,100.0,,,,69
598efc24965e57ba,quality_only,16,16,16,False,True,True,True,0.0,16,0,100.0,100.0,0.0,1.0,0.0,1.5344154295671748,100.0,,,,69
598efc24965e57ba,score,1,1,16,False,False,False,False,0.9375,1,0,100.0,100.0,0.0,0.0625,0.9375,2.5081393274940664,100.0,16.0,0.0,100.0,69
598efc24965e57ba,pareto,2,2,16,False,False,False,False,0.875,2,0,100.0,100.0,0.0,0.125,0.875,5.141325075819587,100.0,16.0,0.0,100.0,69
598efc24965e57ba,gt_distance,1,1,16,False,False,False,False,0.9375,1,0,100.0,100.0,0.0625,0.0,0.9375,4.787256820874951,100.0,16.0,0.0,100.0,69
598efc24965e57ba,old_pc,16,16,16,False,True,True,True,0.0,16,0,100.0,100.0,0.0,1.0,0.0,1.5344154295671748,100.0,16.0,0.0,100.0,69
3e83f47571b05337,conditional_pc,16,16,16,False,True,True,True,0.0,16,0,100.0,100.0,0.1875,0.8125,0.0,1.1637127099506648,100.0,,,,30
3e83f47571b05337,quality_only,16,16,16,False,True,True,True,0.0,16,0,100.0,100.0,0.1875,0.8125,0.0,1.1637127099506648,100.0,,,,30
3e83f47571b05337,score,0,0,16,True,False,False,False,1.0,0,0,100.0,,0.0,0.0,1.0,4.044561391881399,100.0,16.0,0.0,100.0,30
3e83f47571b05337,pareto,1,1,16,False,False,False,False,0.9375,1,0,100.0,100.0,0.0625,0.0,0.9375,7.670776978056304,100.0,16.0,0.0,100.0,30
3e83f47571b05337,gt_distance,5,5,16,False,True,False,False,0.6875,5,0,100.0,100.0,0.1875,0.125,0.6875,3.2269585160252325,100.0,16.0,0.0,100.0,30
3e83f47571b05337,old_pc,16,16,16,False,True,True,True,0.0,16,0,100.0,100.0,0.1875,0.8125,0.0,1.1637127099506648,100.0,16.0,0.0,100.0,30
f36236f06fb556a0,conditional_pc,16,16,16,False,True,True,True,0.0,16,0,89.27022017589238,89.27022017589238,0.125,0.875,0.0,1.117952802086184,88.95945755567665,,,,25
f36236f06fb556a0,quality_only,16,16,16,False,True,True,True,0.0,16,0,89.27022017589236,89.27022017589236,0.125,0.875,0.0,1.117952802086184,88.95945755567665,,,,25
f36236f06fb556a0,score,0,0,16,True,False,False,False,1.0,0,0,93.08610952550768,,0.0,0.0,1.0,21.45486668300795,88.95945755567665,16.0,0.0,93.08610952550768,25
f36236f06fb556a0,pareto,0,0,16,True,False,False,False,1.0,0,0,93.08610952550768,,0.0,0.0,1.0,21.45486668300795,88.95945755567665,16.0,0.0,93.08610952550768,25
f36236f06fb556a0,gt_distance,16,16,16,False,True,True,True,0.0,16,0,89.30559511541445,89.30559511541445,0.3125,0.6875,0.0,1.0659201766827469,88.95945755567665,16.0,0.0,89.30559511541445,25
f36236f06fb556a0,old_pc,1,1,1,False,False,False,False,0.0,1,0,89.53963724594134,89.53963724594134,0.0,1.0,0.0,1.087936163169119,88.95945755567665,16.0,15.0,89.53956281010271,25
ed717de405885939,conditional_pc,15,15,16,False,True,True,False,0.0625,15,1,88.39159228074051,88.41071320325491,0.4375,0.5625,0.0,1.0653192121726405,88.14734853208687,,,,15
ed717de405885939,quality_only,15,15,16,False,True,True,False,0.0625,15,1,88.39159228074051,88.41071320325491,0.4375,0.5625,0.0,1.0653192121726405,88.14734853208687,,,,15
ed717de405885939,score,0,0,16,True,False,False,False,1.0,0,0,93.93893205813218,,0.0,0.0,1.0,53.941406232973904,88.14734853208687,16.0,0.0,93.93893205813218,15
ed717de405885939,pareto,0,0,16,True,False,False,False,1.0,0,0,93.93893205813218,,0.0,0.0,1.0,53.941406232973904,88.14734853208687,16.0,0.0,93.93893205813218,15
ed717de405885939,gt_distance,0,0,16,True,False,False,False,1.0,0,0,87.42913807845136,,0.0,0.0625,0.9375,7.123102082139662,88.14734853208687,16.0,0.0,87.42913807845136,15
ed717de405885939,old_pc,1,1,1,False,False,False,False,0.0,1,0,88.6669893082476,88.6669893082476,0.0,1.0,0.0,1.6076418861173636,88.14734853208687,16.0,15.0,88.66698457378526,15
a8b0833c7a065b81,conditional_pc,16,16,16,False,True,True,True,0.0,16,0,100.0,100.0,0.0,1.0,0.0,1.2595278593250074,100.0,,,,37
a8b0833c7a065b81,quality_only,16,16,16,False,True,True,True,0.0,16,0,100.0,100.0,0.0,1.0,0.0,1.2595278593250074,100.0,,,,37
a8b0833c7a065b81,score,4,4,16,False,True,False,False,0.75,4,0,100.0,100.0,0.0,0.25,0.75,2.7177101651171176,100.0,16.0,0.0,100.0,37
a8b0833c7a065b81,pareto,2,2,16,False,False,False,False,0.875,2,0,100.0,100.0,0.0,0.125,0.875,8.599045162011251,100.0,16.0,0.0,100.0,37
a8b0833c7a065b81,gt_distance,2,2,16,False,False,False,False,0.875,2,0,100.0,100.0,0.0,0.125,0.875,8.599045162011251,100.0,16.0,0.0,100.0,37
a8b0833c7a065b81,old_pc,16,16,16,False,True,True,True,0.0,16,0,100.0,100.0,0.0,1.0,0.0,1.2595278593250074,100.0,16.0,0.0,100.0,37
f426002d6e275e78,conditional_pc,16,16,16,False,True,True,True,0.0,16,0,100.0,100.0,0.0,1.0,0.0,1.2821694253189004,100.0,,,,28
f426002d6e275e78,quality_only,16,16,16,False,True,True,True,0.0,16,0,100.0,100.0,0.0,1.0,0.0,1.2821694253189004,100.0,,,,28
f426002d6e275e78,score,0,0,16,True,False,False,False,1.0,0,0,100.0,,0.0,0.0,1.0,3.590569083610072,100.0,16.0,0.0,100.0,28
f426002d6e275e78,pareto,1,1,16,False,False,False,False,0.9375,1,0,100.0,100.0,0.0625,0.0,0.9375,6.945248512687504,100.0,16.0,0.0,100.0,28
f426002d6e275e78,gt_distance,1,1,16,False,False,False,False,0.9375,1,0,100.0,100.0,0.0625,0.0,0.9375,5.576893871830191,100.0,16.0,0.0,100.0,28
f426002d6e275e78,old_pc,16,16,16,False,True,True,True,0.0,16,0,100.0,100.0,0.0,1.0,0.0,1.2821694253189004,100.0,16.0,0.0,100.0,28
3382fe7a030150df,conditional_pc,16,16,16,False,True,True,True,0.0,16,0,87.00324682268925,87.00324682268925,0.3125,0.6875,0.0,1.1079907736971706,86.27948116406333,,,,19
3382fe7a030150df,quality_only,16,16,16,False,True,True,True,0.0,16,0,87.00324682268925,87.00324682268925,0.3125,0.6875,0.0,1.1079907736971704,86.27948116406333,,,,19
3382fe7a030150df,score,4,4,16,False,True,False,False,0.75,4,0,88.55208811207696,87.45250147314735,0.0,0.25,0.75,4.471706824972309,86.27948116406333,16.0,0.0,88.55208811207696,19
3382fe7a030150df,pareto,4,4,16,False,True,False,False,0.75,4,0,88.55208811207696,87.45250147314735,0.0,0.25,0.75,4.471706824972309,86.27948116406333,16.0,0.0,88.55208811207696,19
3382fe7a030150df,gt_distance,4,4,16,False,True,False,False,0.75,4,0,88.55208811207696,87.45250147314735,0.0,0.25,0.75,4.471706824972309,86.27948116406333,16.0,0.0,88.55208811207696,19
3382fe7a030150df,old_pc,1,1,1,False,False,False,False,0.0,1,0,87.56277028348526,87.56277028348526,0.0,1.0,0.0,1.003469940793857,86.27948116406333,16.0,15.0,87.5624849787817,19
a0283fb79a975f2c,conditional_pc,16,16,16,False,True,True,True,0.0,16,0,93.95559451276098,93.95559451276098,0.4375,0.5625,0.0,0.9773965465568571,93.40627138777856,,,,20
a0283fb79a975f2c,quality_only,16,16,16,False,True,True,True,0.0,16,0,93.95559451276098,93.95559451276098,0.4375,0.5625,0.0,0.9773965465568571,93.40627138777856,,,,20
a0283fb79a975f2c,score,0,0,16,True,False,False,False,1.0,0,0,96.48674081792808,,0.0,0.0,1.0,20.085043477621227,93.40627138777856,16.0,0.0,96.48674081792808,20
a0283fb79a975f2c,pareto,0,0,16,True,False,False,False,1.0,0,0,96.48674081792808,,0.0,0.0,1.0,20.085043477621227,93.40627138777856,16.0,0.0,96.48674081792808,20
a0283fb79a975f2c,gt_distance,13,13,16,False,True,True,False,0.1875,13,0,93.7575370277366,93.81198120972026,0.5625,0.4375,0.0,0.9487628014409946,93.40627138777856,16.0,0.0,93.7575370277366,20
a0283fb79a975f2c,old_pc,1,1,1,False,False,False,False,0.0,1,0,94.51453330626374,94.51453330626374,0.0,1.0,0.0,1.023786421933509,93.40627138777856,16.0,15.0,94.51459617277467,20
45e7e76381d85846,conditional_pc,16,16,16,False,True,True,True,0.0,16,0,100.0,100.0,0.0,1.0,0.0,1.2678424800453616,100.0,,,,35
45e7e76381d85846,quality_only,16,16,16,False,True,True,True,0.0,16,0,100.0,100.0,0.0,1.0,0.0,1.2678424800453616,100.0,,,,35
45e7e76381d85846,score,0,0,16,True,False,False,False,1.0,0,0,100.0,,0.0,0.0,1.0,4.368096227485177,100.0,16.0,0.0,100.0,35
45e7e76381d85846,pareto,2,2,16,False,False,False,False,0.875,2,0,100.0,100.0,0.0625,0.0625,0.875,7.532885697915645,100.0,16.0,0.0,100.0,35
45e7e76381d85846,gt_distance,2,2,16,False,False,False,False,0.875,2,0,100.0,100.0,0.0625,0.0625,0.875,7.062038639433055,100.0,16.0,0.0,100.0,35
45e7e76381d85846,old_pc,16,16,16,False,True,True,True,0.0,16,0,100.0,100.0,0.0,1.0,0.0,1.2678424800453616,100.0,16.0,0.0,100.0,35
9cac2a2e22c25964,conditional_pc,16,16,16,False,True,True,True,0.0,16,0,95.10971791160044,95.10971791160044,0.125,0.875,0.0,1.1022855418609303,93.84167901504784,,,,26
9cac2a2e22c25964,quality_only,16,16,16,False,True,True,True,0.0,16,0,95.10971791160044,95.10971791160044,0.125,0.875,0.0,1.1022855418609303,93.84167901504784,,,,26
9cac2a2e22c25964,score,14,14,16,False,True,True,False,0.125,14,0,95.5556829605978,95.60261281206778,0.375,0.5,0.125,1.6323232731380644,93.84167901504784,16.0,0.0,95.5556829605978,26
9cac2a2e22c25964,pareto,14,14,16,False,True,True,False,0.125,14,0,95.5556829605978,95.60261281206778,0.375,0.5,0.125,1.6323232731380644,93.84167901504784,16.0,0.0,95.5556829605978,26
9cac2a2e22c25964,gt_distance,14,14,16,False,True,True,False,0.125,14,0,95.5556829605978,95.60261281206778,0.375,0.5,0.125,1.6323232731380644,93.84167901504784,16.0,0.0,95.5556829605978,26
9cac2a2e22c25964,old_pc,2,2,2,False,False,False,False,0.0,2,0,96.09100697810892,96.09100697810892,0.5,0.5,0.0,1.0676615992885,93.84167901504784,16.0,14.0,96.0911847852608,26
f86b2f13b23d5470,conditional_pc,16,16,16,False,True,True,True,0.0,16,0,95.77477156542776,95.77477156542776,0.5,0.5,0.0,1.0292427537557198,95.38359620649346,,,,21
f86b2f13b23d5470,quality_only,16,16,16,False,True,True,True,0.0,16,0,95.77477156542776,95.77477156542776,0.5,0.5,0.0,1.0292427537557198,95.38359620649346,,,,21
f86b2f13b23d5470,score,0,0,16,True,False,False,False,1.0,0,0,97.30582812414734,,0.0,0.0,1.0,13.72724955391926,95.38359620649346,16.0,0.0,97.30582812414734,21
f86b2f13b23d5470,pareto,0,0,16,True,False,False,False,1.0,0,0,97.30582812414734,,0.0,0.0,1.0,13.72724955391926,95.38359620649346,16.0,0.0,97.30582812414734,21
f86b2f13b23d5470,gt_distance,1,1,16,False,False,False,False,0.9375,1,0,96.39851927635996,96.11538334768537,0.0625,0.0,0.9375,4.499448286209558,95.38359620649346,16.0,0.0,96.39851927635996,21
f86b2f13b23d5470,old_pc,1,1,1,False,False,False,False,0.0,1,0,95.98933306983214,95.98933306983214,0.0,1.0,0.0,1.2257612096901358,95.38359620649346,16.0,15.0,95.9893493352342,21
6e5e2d80ec915e15,conditional_pc,16,16,16,False,True,True,True,0.0,16,0,95.7786745009019,95.7786745009019,0.75,0.25,0.0,0.9764942388344532,95.41135373748432,,,,18
6e5e2d80ec915e15,quality_only,16,16,16,False,True,True,True,0.0,16,0,95.7786745009019,95.7786745009019,0.75,0.25,0.0,0.9764942388344532,95.41135373748432,,,,18
6e5e2d80ec915e15,score,0,0,16,True,False,False,False,1.0,0,0,98.05719854500224,,0.0,0.0,1.0,10.228197788578663,95.41135373748432,16.0,0.0,98.05719854500224,18
6e5e2d80ec915e15,pareto,0,0,16,True,False,False,False,1.0,0,0,98.05719854500224,,0.0,0.0,1.0,10.228197788578663,95.41135373748432,16.0,0.0,98.05719854500224,18
6e5e2d80ec915e15,gt_distance,6,6,16,False,True,False,False,0.625,6,0,95.34247532607158,95.61587155654684,0.375,0.25,0.375,1.8610659563660228,95.41135373748432,16.0,0.0,95.34247532607158,18
6e5e2d80ec915e15,old_pc,1,1,1,False,False,False,False,0.0,1,0,95.98593233933308,95.98593233933308,0.0,1.0,0.0,1.0036906828294223,95.41135373748432,16.0,15.0,95.98622243602824,18
b5d7c17fe5375141,conditional_pc,16,16,16,False,True,True,True,0.0,16,0,99.93491761268388,99.93491761268388,0.8125,0.1875,0.0,0.9027944894207766,99.461715884683,,,,16
b5d7c17fe5375141,quality_only,16,16,16,False,True,True,True,0.0,16,0,99.93491761268388,99.93491761268388,0.8125,0.1875,0.0,0.9027944894207766,99.461715884683,,,,16
b5d7c17fe5375141,score,13,13,16,False,True,True,False,0.1875,13,0,100.0,100.0,0.75,0.125,0.125,2.2807946652244557,99.461715884683,16.0,0.0,100.0,16
b5d7c17fe5375141,pareto,2,2,16,False,False,False,False,0.875,2,0,100.0,100.0,0.0625,0.125,0.8125,7.399704877131532,99.461715884683,16.0,0.0,100.0,16
b5d7c17fe5375141,gt_distance,0,0,16,True,False,False,False,1.0,0,0,95.30386208776578,,0.0,0.0,1.0,21.952671703166075,99.461715884683,16.0,0.0,95.30386208776578,16
b5d7c17fe5375141,old_pc,13,13,13,False,True,True,False,0.0,13,0,100.0,100.0,0.9230769230769232,0.0769230769230769,0.0,0.8521846367731842,99.461715884683,16.0,3.0,100.0,16
bae3d8ac0ee85cad,conditional_pc,16,16,16,False,True,True,True,0.0,16,0,100.0,100.0,0.1875,0.8125,0.0,1.0814660780959056,100.0,,,,31
bae3d8ac0ee85cad,quality_only,16,16,16,False,True,True,True,0.0,16,0,100.0,100.0,0.1875,0.8125,0.0,1.0814660780959056,100.0,,,,31
bae3d8ac0ee85cad,score,0,0,16,True,False,False,False,1.0,0,0,100.0,,0.0,0.0,1.0,5.434259716205295,100.0,16.0,0.0,100.0,31
bae3d8ac0ee85cad,pareto,3,3,16,False,False,False,False,0.8125,3,0,100.0,100.0,0.0,0.1875,0.8125,6.805923206773354,100.0,16.0,0.0,100.0,31
bae3d8ac0ee85cad,gt_distance,5,5,16,False,True,False,False,0.6875,5,0,100.0,100.0,0.125,0.1875,0.6875,4.3330328497640895,100.0,16.0,0.0,100.0,31
bae3d8ac0ee85cad,old_pc,16,16,16,False,True,True,True,0.0,16,0,100.0,100.0,0.1875,0.8125,0.0,1.0814660780959056,100.0,16.0,0.0,100.0,31
4833c4f6d87f5021,conditional_pc,16,16,16,False,True,True,True,0.0,16,0,100.0,100.0,0.5625,0.4375,0.0,1.0058746832318328,100.0,,,,30
4833c4f6d87f5021,quality_only,16,16,16,False,True,True,True,0.0,16,0,100.0,100.0,0.5625,0.4375,0.0,1.0058746832318328,100.0,,,,30
4833c4f6d87f5021,score,0,0,16,True,False,False,False,1.0,0,0,100.0,,0.0,0.0,1.0,7.128582285458933,100.0,16.0,0.0,100.0,30
4833c4f6d87f5021,pareto,1,1,16,False,False,False,False,0.9375,1,0,100.0,100.0,0.0625,0.0,0.9375,7.333927783873215,100.0,16.0,0.0,100.0,30
4833c4f6d87f5021,gt_distance,3,3,16,False,False,False,False,0.8125,3,0,100.0,100.0,0.0625,0.125,0.8125,5.628171749567457,100.0,16.0,0.0,100.0,30
4833c4f6d87f5021,old_pc,16,16,16,False,True,True,True,0.0,16,0,100.0,100.0,0.5625,0.4375,0.0,1.0058746832318328,100.0,16.0,0.0,100.0,30
a507cbf8c4055960,conditional_pc,16,16,16,False,True,True,True,0.0,16,0,94.18424795248156,94.18424795248156,0.0625,0.9375,0.0,1.1527829266725158,93.19927008598768,,,,27
a507cbf8c4055960,quality_only,16,16,16,False,True,True,True,0.0,16,0,94.18424795248156,94.18424795248156,0.0625,0.9375,0.0,1.1527829266725158,93.19927008598768,,,,27
a507cbf8c4055960,score,0,0,16,True,False,False,False,1.0,0,0,96.42128018018944,,0.0,0.0,1.0,7.81147442259076,93.19927008598768,16.0,0.0,96.42128018018944,27
a507cbf8c4055960,pareto,0,0,16,True,False,False,False,1.0,0,0,96.42128018018944,,0.0,0.0,1.0,7.81147442259076,93.19927008598768,16.0,0.0,96.42128018018944,27
a507cbf8c4055960,gt_distance,0,0,16,True,False,False,False,1.0,0,0,96.42128018018944,,0.0,0.0,1.0,7.81147442259076,93.19927008598768,16.0,0.0,96.42128018018944,27
a507cbf8c4055960,old_pc,1,1,1,False,False,False,False,0.0,1,0,94.98018530538768,94.98018530538768,0.0,1.0,0.0,1.1203693461645927,93.19927008598768,16.0,15.0,94.98025229791148,27
331e21d3c8d65bae,conditional_pc,16,16,16,False,True,True,True,0.0,16,0,98.62740530353112,98.62740530353112,0.0625,0.9375,0.0,1.3148258664206236,97.79984214940048,,,,32
331e21d3c8d65bae,quality_only,16,16,16,False,True,True,True,0.0,16,0,98.62740530353112,98.62740530353112,0.0625,0.9375,0.0,1.3148258664206236,97.79984214940048,,,,32
331e21d3c8d65bae,score,6,6,16,False,True,False,False,0.625,6,0,99.45113039994216,99.36144607773758,0.25,0.125,0.625,3.297070666189841,97.79984214940048,16.0,0.0,99.45113039994216,32
331e21d3c8d65bae,pareto,5,5,16,False,True,False,False,0.6875,5,0,89.1887798432421,99.38047883496368,0.1875,0.3125,0.5,2.549326058868606,97.79984214940048,16.0,0.0,89.1887798432421,32
331e21d3c8d65bae,gt_distance,5,5,16,False,True,False,False,0.6875,5,0,89.1887798432421,99.38047883496368,0.1875,0.3125,0.5,2.549326058868606,97.79984214940048,16.0,0.0,89.1887798432421,32
331e21d3c8d65bae,old_pc,1,1,1,False,False,False,False,0.0,1,0,99.37607778926557,99.37607778926557,0.0,1.0,0.0,1.4365693233302133,97.79984214940048,16.0,15.0,99.37609857724166,32
c5f7460ee0da513a,conditional_pc,16,16,16,False,True,True,True,0.0,16,0,94.98485533952008,94.98485533952008,0.5625,0.4375,0.0,0.9905908845535624,94.51788725995117,,,,21
c5f7460ee0da513a,quality_only,16,16,16,False,True,True,True,0.0,16,0,94.98485533952008,94.98485533952008,0.5625,0.4375,0.0,0.9905908845535624,94.51788725995117,,,,21
c5f7460ee0da513a,score,0,0,16,True,False,False,False,1.0,0,0,95.85493644520947,,0.0,0.0,1.0,16.93623407334543,94.51788725995117,16.0,0.0,95.85493644520947,21
c5f7460ee0da513a,pareto,0,0,16,True,False,False,False,1.0,0,0,95.85493644520947,,0.0,0.0,1.0,16.93623407334543,94.51788725995117,16.0,0.0,95.85493644520947,21
c5f7460ee0da513a,gt_distance,0,0,16,True,False,False,False,1.0,0,0,94.06435721382088,,0.0,0.3125,0.6875,2.9182604620368355,94.51788725995117,16.0,0.0,94.06435721382088,21
c5f7460ee0da513a,old_pc,1,1,1,False,False,False,False,0.0,1,0,95.17392454087764,95.17392454087764,0.0,1.0,0.0,1.1106818546783364,94.51788725995117,16.0,15.0,95.17392290912488,21
7eb9b36921b25d5b,conditional_pc,16,16,16,False,True,True,True,0.0,16,0,93.92135776908268,93.92135776908268,0.0,1.0,0.0,1.125156031989786,91.46142093004612,,,,29
7eb9b36921b25d5b,quality_only,16,16,16,False,True,True,True,0.0,16,0,93.92135776908268,93.92135776908268,0.0,1.0,0.0,1.125156031989786,91.46142093004612,,,,29
7eb9b36921b25d5b,score,13,13,16,False,True,True,False,0.1875,13,0,94.52709046622095,94.56479024884976,0.3125,0.5,0.1875,1.2051750233450498,91.46142093004612,16.0,0.0,94.52709046622095,29
7eb9b36921b25d5b,pareto,13,13,16,False,True,True,False,0.1875,13,0,94.52709046622095,94.56479024884976,0.3125,0.5,0.1875,1.2051750233450498,91.46142093004612,16.0,0.0,94.52709046622095,29
7eb9b36921b25d5b,gt_distance,13,13,16,False,True,True,False,0.1875,13,0,94.52709046622095,94.56479024884976,0.3125,0.5,0.1875,1.2051750233450498,91.46142093004612,16.0,0.0,94.52709046622095,29
7eb9b36921b25d5b,old_pc,2,2,2,False,False,False,False,0.0,2,0,96.43658447182386,96.43658447182386,0.0,1.0,0.0,1.103304933896213,91.46142093004612,16.0,14.0,96.4411161642826,29
8d76cc7ca097546b,conditional_pc,16,16,16,False,True,True,True,0.0,16,0,100.0,100.0,0.125,0.875,0.0,1.0849238295220438,100.0,,,,28
8d76cc7ca097546b,quality_only,16,16,16,False,True,True,True,0.0,16,0,100.0,100.0,0.125,0.875,0.0,1.0849238295220438,100.0,,,,28
8d76cc7ca097546b,score,0,0,16,True,False,False,False,1.0,0,0,100.0,,0.0,0.0,1.0,11.564737719065976,100.0,16.0,0.0,100.0,28
8d76cc7ca097546b,pareto,2,2,16,False,False,False,False,0.875,2,0,100.0,100.0,0.0,0.125,0.875,9.612207647883132,100.0,16.0,0.0,100.0,28
8d76cc7ca097546b,gt_distance,1,1,16,False,False,False,False,0.9375,1,0,100.0,100.0,0.0,0.0625,0.9375,10.377074330254596,100.0,16.0,0.0,100.0,28
8d76cc7ca097546b,old_pc,16,16,16,False,True,True,True,0.0,16,0,100.0,100.0,0.125,0.875,0.0,1.084923829522044,100.0,16.0,0.0,100.0,28
7b20cfb388a15b3d,conditional_pc,16,16,16,False,True,True,True,0.0,16,0,94.16472724036473,94.16472724036473,0.0625,0.9375,0.0,1.3289340235670124,93.70238713640872,,,,26
7b20cfb388a15b3d,quality_only,16,16,16,False,True,True,True,0.0,16,0,94.16472724036473,94.16472724036473,0.0625,0.9375,0.0,1.3289340235670126,93.70238713640872,,,,26
7b20cfb388a15b3d,score,0,0,16,True,False,False,False,1.0,0,0,96.0113294739167,,0.0,0.0,1.0,28.784330440622718,93.70238713640872,16.0,0.0,96.0113294739167,26
7b20cfb388a15b3d,pareto,0,0,16,True,False,False,False,1.0,0,0,96.0113294739167,,0.0,0.0,1.0,28.784330440622718,93.70238713640872,16.0,0.0,96.0113294739167,26
7b20cfb388a15b3d,gt_distance,0,0,16,True,False,False,False,1.0,0,0,95.83571045617435,,0.0,0.0,1.0,16.056158486926755,93.70238713640872,16.0,0.0,95.83571045617435,26
7b20cfb388a15b3d,old_pc,1,1,1,False,False,False,False,0.0,1,0,94.51816731306258,94.51816731306258,0.0,1.0,0.0,1.421829554701323,93.70238713640872,16.0,15.0,94.51817887227917,26
87a04f063e505051,conditional_pc,16,16,16,False,True,True,True,0.0,16,0,100.0,100.0,0.125,0.875,0.0,1.215754562599586,100.0,,,,29
87a04f063e505051,quality_only,16,16,16,False,True,True,True,0.0,16,0,100.0,100.0,0.125,0.875,0.0,1.215754562599586,100.0,,,,29
87a04f063e505051,score,0,0,16,True,False,False,False,1.0,0,0,100.0,,0.0,0.0,1.0,5.070552356917528,100.0,16.0,0.0,100.0,29
87a04f063e505051,pareto,1,1,16,False,False,False,False,0.9375,1,0,100.0,100.0,0.0,0.0625,0.9375,9.84159684699042,100.0,16.0,0.0,100.0,29
87a04f063e505051,gt_distance,2,2,16,False,False,False,False,0.875,2,0,100.0,100.0,0.0,0.125,0.875,8.436930009118708,100.0,16.0,0.0,100.0,29
87a04f063e505051,old_pc,16,16,16,False,True,True,True,0.0,16,0,100.0,100.0,0.125,0.875,0.0,1.215754562599586,100.0,16.0,0.0,100.0,29
e4fda5ede9c657f1,conditional_pc,16,16,16,False,True,True,True,0.0,16,0,96.50074373996978,96.50074373996978,0.375,0.625,0.0,1.0891128914177344,93.77224671060456,,,,26
e4fda5ede9c657f1,quality_only,16,16,16,False,True,True,True,0.0,16,0,96.50074373996978,96.50074373996978,0.375,0.625,0.0,1.0891128914177344,93.77224671060456,,,,26
e4fda5ede9c657f1,score,11,11,16,False,True,True,False,0.3125,11,0,98.15388918852804,97.3147479105862,0.25,0.4375,0.3125,4.1141793373454,93.77224671060456,16.0,0.0,98.15388918852804,26
e4fda5ede9c657f1,pareto,11,11,16,False,True,True,False,0.3125,11,0,98.15388918852804,97.3147479105862,0.25,0.4375,0.3125,4.1141793373454,93.77224671060456,16.0,0.0,98.15388918852804,26
e4fda5ede9c657f1,gt_distance,14,14,16,False,True,True,False,0.125,14,0,97.2727098667648,97.11204921117378,0.375,0.5,0.125,1.358703419522905,93.77224671060456,16.0,0.0,97.2727098667648,26
e4fda5ede9c657f1,old_pc,1,1,1,False,False,False,False,0.0,1,0,98.09089547110077,98.09089547110077,0.0,1.0,0.0,1.4272360101664432,93.77224671060456,16.0,15.0,98.09254181334424,26
163693e2ba175db3,conditional_pc,16,16,16,False,True,True,True,0.0,16,0,99.99656887324872,99.99656887324872,0.0,1.0,0.0,1.282860018195783,99.9337087231342,,,,34
163693e2ba175db3,quality_only,16,16,16,False,True,True,True,0.0,16,0,99.99595991624204,99.99595991624204,0.0,1.0,0.0,1.3235514211899506,99.9337087231342,,,,34
163693e2ba175db3,score,1,1,16,False,False,False,False,0.9375,1,0,100.0,100.0,0.0,0.0625,0.9375,2.015480176838699,99.9337087231342,16.0,0.0,100.0,34
163693e2ba175db3,pareto,1,1,16,False,False,False,False,0.9375,1,0,100.0,100.0,0.0625,0.0,0.9375,7.227449824810888,99.9337087231342,16.0,0.0,100.0,34
163693e2ba175db3,gt_distance,3,3,16,False,False,False,False,0.8125,3,0,100.0,100.0,0.125,0.0625,0.8125,4.035744042754729,99.9337087231342,16.0,0.0,100.0,34
163693e2ba175db3,old_pc,16,16,16,False,True,True,True,0.0,16,0,99.99934761933604,99.99934761933604,0.1875,0.8125,0.0,1.2171025906819577,99.9337087231342,16.0,0.0,99.99934761933604,34
007505437ed45b53,conditional_pc,16,16,16,False,True,True,True,0.0,16,0,81.88240596676584,81.88240596676584,0.125,0.875,0.0,1.2569893907663126,81.69052957645707,,,,22
007505437ed45b53,quality_only,16,16,16,False,True,True,True,0.0,16,0,81.88240596676584,81.88240596676584,0.125,0.875,0.0,1.2569893907663126,81.69052957645707,,,,22
007505437ed45b53,score,0,0,16,True,False,False,False,1.0,0,0,85.3937326753005,,0.0,0.0,1.0,17.717015994786713,81.69052957645707,16.0,0.0,85.3937326753005,22
007505437ed45b53,pareto,0,0,16,True,False,False,False,1.0,0,0,85.3937326753005,,0.0,0.0,1.0,17.717015994786713,81.69052957645707,16.0,0.0,85.3937326753005,22
007505437ed45b53,gt_distance,0,0,16,True,False,False,False,1.0,0,0,83.52402492893411,,0.0,0.0,1.0,8.758432128015116,81.69052957645707,16.0,0.0,83.52402492893411,22
007505437ed45b53,old_pc,1,1,1,False,False,False,False,0.0,1,0,82.10121924388609,82.10121924388609,0.0,1.0,0.0,1.3667134802163152,81.69052957645707,16.0,15.0,82.10130641838346,22
b1199a48987b5f73,conditional_pc,16,16,16,False,True,True,True,0.0,16,0,96.38950915095424,96.38950915095424,0.0,1.0,0.0,1.2553992307408235,93.18265144534492,,,,29
b1199a48987b5f73,quality_only,16,16,16,False,True,True,True,0.0,16,0,96.38950915095424,96.38950915095424,0.0,1.0,0.0,1.2553992307408235,93.18265144534492,,,,29
b1199a48987b5f73,score,0,0,16,True,False,False,False,1.0,0,0,100.0,,0.0,0.0,1.0,14.382974795611553,93.18265144534492,16.0,0.0,100.0,29
b1199a48987b5f73,pareto,0,0,16,True,False,False,False,1.0,0,0,100.0,,0.0,0.0,1.0,15.602481636176908,93.18265144534492,16.0,0.0,100.0,29
b1199a48987b5f73,gt_distance,0,0,16,True,False,False,False,1.0,0,0,100.0,,0.0,0.0,1.0,9.445984741408743,93.18265144534492,16.0,0.0,100.0,29
b1199a48987b5f73,old_pc,1,1,1,False,False,False,False,0.0,1,0,98.93223101866866,98.93223101866866,0.0,1.0,0.0,1.1676787429522208,93.18265144534492,16.0,15.0,98.93236176112012,29
a1bcc195c8e85f37,conditional_pc,16,16,16,False,True,True,True,0.0,16,0,99.34970962110228,99.34970962110228,0.3125,0.6875,0.0,1.0711704068600385,98.60867335314268,,,,25
a1bcc195c8e85f37,quality_only,16,16,16,False,True,True,True,0.0,16,0,99.34970962110228,99.34970962110228,0.3125,0.6875,0.0,1.0711704068600385,98.60867335314268,,,,25
a1bcc195c8e85f37,score,8,8,16,False,True,True,False,0.5,8,0,99.82151908726073,99.87060321015475,0.125,0.375,0.5,2.7164334020310523,98.60867335314268,16.0,0.0,99.82151908726073,25
a1bcc195c8e85f37,pareto,8,8,16,False,True,True,False,0.5,8,0,99.82151908726073,99.87060321015475,0.125,0.375,0.5,2.7164334020310523,98.60867335314268,16.0,0.0,99.82151908726073,25
a1bcc195c8e85f37,gt_distance,0,0,16,True,False,False,False,1.0,0,0,97.76144276047904,,0.0625,0.1875,0.75,3.005591744038154,98.60867335314268,16.0,0.0,97.76144276047904,25
a1bcc195c8e85f37,old_pc,3,3,3,False,False,False,False,0.0,3,0,99.98694441726276,99.98694441726276,0.0,1.0,0.0,1.1080365216857646,98.60867335314268,16.0,13.0,99.9877316080508,25
99c663a7b4e15514,conditional_pc,16,16,16,False,True,True,True,0.0,16,0,88.75750672086218,88.75750672086218,0.5,0.5,0.0,1.0038295916147333,88.44323515554903,,,,16
99c663a7b4e15514,quality_only,16,16,16,False,True,True,True,0.0,16,0,88.75750672086217,88.75750672086217,0.5,0.5,0.0,1.0038295916147333,88.44323515554903,,,,16
99c663a7b4e15514,score,0,0,16,True,False,False,False,1.0,0,0,95.79626304663904,,0.0,0.0,1.0,39.45898615121882,88.44323515554903,16.0,0.0,95.79626304663904,16
99c663a7b4e15514,pareto,0,0,16,True,False,False,False,1.0,0,0,95.79626304663904,,0.0,0.0,1.0,39.45898615121882,88.44323515554903,16.0,0.0,95.79626304663904,16
99c663a7b4e15514,gt_distance,6,6,16,False,True,False,False,0.625,6,0,89.91045584352726,88.92534519159169,0.125,0.25,0.625,5.464436462771538,88.44323515554903,16.0,0.0,89.91045584352726,16
99c663a7b4e15514,old_pc,1,1,1,False,False,False,False,0.0,1,0,89.19184387947868,89.19184387947868,0.0,1.0,0.0,1.3232099205935814,88.44323515554903,16.0,15.0,89.19183578421222,16
2b9bcbd586b55042,conditional_pc,16,16,16,False,True,True,True,0.0,16,0,89.70572030198582,89.70572030198582,0.25,0.75,0.0,1.1137462903542483,88.50399126995708,,,,28
2b9bcbd586b55042,quality_only,16,16,16,False,True,True,True,0.0,16,0,89.70572030198582,89.70572030198582,0.25,0.75,0.0,1.1137462903542483,88.50399126995708,,,,28
2b9bcbd586b55042,score,8,8,16,False,True,True,False,0.5,8,0,91.29011074216172,90.54440403544288,0.1875,0.3125,0.5,2.890634828596523,88.50399126995708,16.0,0.0,91.29011074216172,28
2b9bcbd586b55042,pareto,8,8,16,False,True,True,False,0.5,8,0,91.29011074216172,90.54440403544288,0.1875,0.3125,0.5,2.890634828596523,88.50399126995708,16.0,0.0,91.29011074216172,28
2b9bcbd586b55042,gt_distance,14,14,16,False,True,True,False,0.125,14,0,90.09642391399544,90.04838533249291,0.5,0.375,0.125,1.137297371808024,88.50399126995708,16.0,0.0,90.09642391399544,28
2b9bcbd586b55042,old_pc,1,1,1,False,False,False,False,0.0,1,0,90.9402851917853,90.9402851917853,0.0,1.0,0.0,1.0291411646169033,88.50399126995708,16.0,15.0,90.94180307115896,28
113b14c30cc25989,conditional_pc,16,16,16,False,True,True,True,0.0,16,0,100.0,100.0,0.0,1.0,0.0,1.324713195934467,100.0,,,,63
113b14c30cc25989,quality_only,16,16,16,False,True,True,True,0.0,16,0,100.0,100.0,0.0,1.0,0.0,1.324713195934467,100.0,,,,63
113b14c30cc25989,score,14,14,16,False,True,True,False,0.125,14,0,100.0,100.0,0.0,0.875,0.125,1.5445744530892012,100.0,16.0,0.0,100.0,63
113b14c30cc25989,pareto,2,2,16,False,False,False,False,0.875,2,0,100.0,100.0,0.0625,0.0625,0.875,6.218844348529128,100.0,16.0,0.0,100.0,63
113b14c30cc25989,gt_distance,2,2,16,False,False,False,False,0.875,2,0,100.0,100.0,0.0625,0.0625,0.875,6.128263992447918,100.0,16.0,0.0,100.0,63
113b14c30cc25989,old_pc,16,16,16,False,True,True,True,0.0,16,0,100.0,100.0,0.0,1.0,0.0,1.324713195934467,100.0,16.0,0.0,100.0,63
b37b1679fd745ac9,conditional_pc,16,16,16,False,True,True,True,0.0,16,0,83.98056894676309,83.98056894676309,0.4375,0.5625,0.0,1.0256450473727887,83.18404829549699,,,,24
b37b1679fd745ac9,quality_only,16,16,16,False,True,True,True,0.0,16,0,83.98056894676309,83.98056894676309,0.4375,0.5625,0.0,1.0256450473727887,83.18404829549699,,,,24
b37b1679fd745ac9,score,0,0,16,True,False,False,False,1.0,0,0,87.48375331936894,,0.0,0.0,1.0,16.323264638154182,83.18404829549699,16.0,0.0,87.48375331936894,24
b37b1679fd745ac9,pareto,0,0,16,True,False,False,False,1.0,0,0,87.48375331936894,,0.0,0.0,1.0,16.323264638154182,83.18404829549699,16.0,0.0,87.48375331936894,24
b37b1679fd745ac9,gt_distance,0,0,16,True,False,False,False,1.0,0,0,87.14230504991086,,0.0,0.0,1.0,14.724448060106806,83.18404829549699,16.0,0.0,87.14230504991086,24
b37b1679fd745ac9,old_pc,1,1,1,False,False,False,False,0.0,1,0,84.53297507645782,84.53297507645782,0.0,1.0,0.0,1.025154092428702,83.18404829549699,16.0,15.0,84.53428580514645,24
a4b7b2795e615efb,conditional_pc,16,16,16,False,True,True,True,0.0,16,0,87.18081661962425,87.18081661962425,0.25,0.75,0.0,1.1761167966755606,86.30398578653752,,,,22
a4b7b2795e615efb,quality_only,16,16,16,False,True,True,True,0.0,16,0,87.18081661962425,87.18081661962425,0.25,0.75,0.0,1.1761167966755606,86.30398578653752,,,,22
a4b7b2795e615efb,score,0,0,16,True,False,False,False,1.0,0,0,99.89081935358512,,0.0,0.0,1.0,29.764548401353565,86.30398578653752,16.0,0.0,99.89081935358512,22
a4b7b2795e615efb,pareto,0,0,16,True,False,False,False,1.0,0,0,99.89081935358512,,0.0,0.0,1.0,29.764548401353565,86.30398578653752,16.0,0.0,99.89081935358512,22
a4b7b2795e615efb,gt_distance,0,0,16,True,False,False,False,1.0,0,0,92.53078814199417,,0.0,0.0,1.0,9.594953551112738,86.30398578653752,16.0,0.0,92.53078814199417,22
a4b7b2795e615efb,old_pc,1,1,1,False,False,False,False,0.0,1,0,88.13404709887719,88.13404709887719,0.0,1.0,0.0,1.464440138631702,86.30398578653752,16.0,15.0,88.13442111691083,22
c75edb67a65b5a33,conditional_pc,0,0,0,True,False,False,False,1.0,0,0,,,,,,,97.9558299128495,,,,0
c75edb67a65b5a33,quality_only,0,0,0,True,False,False,False,1.0,0,0,,,,,,,97.9558299128495,,,,0
c75edb67a65b5a33,score,0,0,16,True,False,False,False,1.0,0,0,99.64170251843436,,0.0,0.0,1.0,7.092019084785138,97.9558299128495,16.0,0.0,99.64170251843436,0
c75edb67a65b5a33,pareto,0,0,16,True,False,False,False,1.0,0,0,99.0118693583014,,0.0,0.0,1.0,12.038497711474225,97.9558299128495,16.0,0.0,99.0118693583014,0
c75edb67a65b5a33,gt_distance,0,0,16,True,False,False,False,1.0,0,0,98.16808862809062,,0.0,0.0,1.0,16.965473864807045,97.9558299128495,16.0,0.0,98.16808862809062,0
c75edb67a65b5a33,old_pc,0,0,1,True,False,False,False,1.0,0,0,98.78629440255423,,0.0,1.0,0.0,1.0714229072432315,97.9558299128495,16.0,15.0,98.78620263067988,0
fbec1eb4b33955e2,conditional_pc,16,16,16,False,True,True,True,0.0,16,0,87.46180779058584,87.46180779058584,0.0,1.0,0.0,1.4649599651189915,86.25115324679359,,,,35
fbec1eb4b33955e2,quality_only,16,16,16,False,True,True,True,0.0,16,0,87.46180779058584,87.46180779058584,0.0,1.0,0.0,1.4649599651189915,86.25115324679359,,,,35
fbec1eb4b33955e2,score,0,0,16,True,False,False,False,1.0,0,0,88.24164122871623,,0.0,0.0,1.0,5.391298254314892,86.25115324679359,16.0,0.0,88.24164122871623,35
fbec1eb4b33955e2,pareto,0,0,16,True,False,False,False,1.0,0,0,88.24164122871623,,0.0,0.0,1.0,5.391298254314892,86.25115324679359,16.0,0.0,88.24164122871623,35
fbec1eb4b33955e2,gt_distance,0,0,16,True,False,False,False,1.0,0,0,88.24164122871623,,0.0,0.0,1.0,5.391298254314892,86.25115324679359,16.0,0.0,88.24164122871623,35
fbec1eb4b33955e2,old_pc,1,1,1,False,False,False,False,0.0,1,0,88.0666519675676,88.0666519675676,0.0,1.0,0.0,1.1199229258134442,86.25115324679359,16.0,15.0,88.0666417242062,35
c1ae700926d4577c,conditional_pc,16,16,16,False,True,True,True,0.0,16,0,80.85918093821147,80.85918093821147,0.0,1.0,0.0,1.19956447374515,79.46555257437846,,,,29
c1ae700926d4577c,quality_only,16,16,16,False,True,True,True,0.0,16,0,80.85918093821147,80.85918093821147,0.0,1.0,0.0,1.19956447374515,79.46555257437846,,,,29
c1ae700926d4577c,score,0,0,16,True,False,False,False,1.0,0,0,100.0,,0.0,0.0,1.0,63.63006285206736,79.46555257437846,16.0,0.0,100.0,29
c1ae700926d4577c,pareto,0,0,16,True,False,False,False,1.0,0,0,100.0,,0.0,0.0,1.0,66.50291999114374,79.46555257437846,16.0,0.0,100.0,29
c1ae700926d4577c,gt_distance,2,2,16,False,False,False,False,0.875,2,0,86.99379946702683,82.47459370771249,0.0,0.125,0.875,11.477412214868243,79.46555257437846,16.0,0.0,86.99379946702683,29
c1ae700926d4577c,old_pc,1,1,1,False,False,False,False,0.0,1,0,82.66997764596886,82.66997764596886,0.0,1.0,0.0,1.0086121034593971,79.46555257437846,16.0,15.0,82.67012969841929,29
eba5b88270db545e,conditional_pc,0,0,0,True,False,False,False,1.0,0,0,,,,,,,58.333333333333336,,,,0
eba5b88270db545e,quality_only,0,0,0,True,False,False,False,1.0,0,0,,,,,,,58.333333333333336,,,,0
eba5b88270db545e,score,0,0,16,True,False,False,False,1.0,0,0,100.0,,0.0,0.0,1.0,9.170674834938705,58.333333333333336,16.0,0.0,100.0,0
eba5b88270db545e,pareto,0,0,16,True,False,False,False,1.0,0,0,100.0,,0.0,0.0,1.0,8.485761919462277,58.333333333333336,16.0,0.0,100.0,0
eba5b88270db545e,gt_distance,0,0,16,True,False,False,False,1.0,0,0,100.0,,0.0,0.0,1.0,8.72464192385381,58.333333333333336,16.0,0.0,100.0,0
eba5b88270db545e,old_pc,0,0,1,True,False,False,False,1.0,0,0,58.333333333333336,,0.0,1.0,0.0,1.767457316494609,58.333333333333336,16.0,15.0,58.333333333333336,0
0481ff72500154f2,conditional_pc,16,16,16,False,True,True,True,0.0,16,0,100.0,100.0,0.0,1.0,0.0,1.476403818429333,100.0,,,,38
0481ff72500154f2,quality_only,16,16,16,False,True,True,True,0.0,16,0,100.0,100.0,0.0,1.0,0.0,1.476403818429333,100.0,,,,38
0481ff72500154f2,score,0,0,16,True,False,False,False,1.0,0,0,100.0,,0.0,0.0,1.0,8.468318361360089,100.0,16.0,0.0,100.0,38
0481ff72500154f2,pareto,3,3,16,False,False,False,False,0.8125,3,0,100.0,100.0,0.0,0.1875,0.8125,6.230331122563957,100.0,16.0,0.0,100.0,38
0481ff72500154f2,gt_distance,3,3,16,False,False,False,False,0.8125,3,0,100.0,100.0,0.0,0.1875,0.8125,6.731102201321677,100.0,16.0,0.0,100.0,38
0481ff72500154f2,old_pc,16,16,16,False,True,True,True,0.0,16,0,100.0,100.0,0.0,1.0,0.0,1.476403818429333,100.0,16.0,0.0,100.0,38
70d9d2c73e4155d4,conditional_pc,16,16,16,False,True,True,True,0.0,16,0,85.75360562341804,85.75360562341804,0.25,0.75,0.0,1.114889976946098,85.59269062121007,,,,26
70d9d2c73e4155d4,quality_only,16,16,16,False,True,True,True,0.0,16,0,85.75360562341804,85.75360562341804,0.25,0.75,0.0,1.114889976946098,85.59269062121007,,,,26
70d9d2c73e4155d4,score,0,0,16,True,False,False,False,1.0,0,0,89.24777634673481,,0.0,0.0,1.0,24.24570707983547,85.59269062121007,16.0,0.0,89.24777634673481,26
70d9d2c73e4155d4,pareto,0,0,16,True,False,False,False,1.0,0,0,89.24777634673481,,0.0,0.0,1.0,24.24570707983547,85.59269062121007,16.0,0.0,89.24777634673481,26
70d9d2c73e4155d4,gt_distance,2,2,16,False,False,False,False,0.875,2,0,86.09620578356676,85.98187133553976,0.0,0.125,0.875,5.198880435241714,85.59269062121007,16.0,0.0,86.09620578356676,26
70d9d2c73e4155d4,old_pc,1,1,1,False,False,False,False,0.0,1,0,86.04213978202053,86.04213978202053,0.0,1.0,0.0,1.0936768726533064,85.59269062121007,16.0,15.0,86.04209122621727,26
685c110d6a615ff8,conditional_pc,16,16,16,False,True,True,True,0.0,16,0,100.0,100.0,0.0,1.0,0.0,1.1903245606442243,100.0,,,,32
685c110d6a615ff8,quality_only,16,16,16,False,True,True,True,0.0,16,0,100.0,100.0,0.0,1.0,0.0,1.1903245606442243,100.0,,,,32
685c110d6a615ff8,score,0,0,16,True,False,False,False,1.0,0,0,100.0,,0.0,0.0,1.0,21.866538948313377,100.0,16.0,0.0,100.0,32
685c110d6a615ff8,pareto,1,1,16,False,False,False,False,0.9375,1,0,100.0,100.0,0.0,0.0625,0.9375,16.10659566898701,100.0,16.0,0.0,100.0,32
685c110d6a615ff8,gt_distance,1,1,16,False,False,False,False,0.9375,1,0,100.0,100.0,0.0,0.0625,0.9375,17.49844755518668,100.0,16.0,0.0,100.0,32
685c110d6a615ff8,old_pc,16,16,16,False,True,True,True,0.0,16,0,100.0,100.0,0.0,1.0,0.0,1.1903245606442243,100.0,16.0,0.0,100.0,32
b1483be2f1e35882,conditional_pc,16,16,16,False,True,True,True,0.0,16,0,100.0,100.0,0.0,1.0,0.0,1.1977777133198089,100.0,,,,32
b1483be2f1e35882,quality_only,16,16,16,False,True,True,True,0.0,16,0,100.0,100.0,0.0,1.0,0.0,1.1977777133198089,100.0,,,,32
b1483be2f1e35882,score,0,0,16,True,False,False,False,1.0,0,0,100.0,,0.0,0.0,1.0,4.590745399858647,100.0,16.0,0.0,100.0,32
b1483be2f1e35882,pareto,1,1,16,False,False,False,False,0.9375,1,0,100.0,100.0,0.0,0.0625,0.9375,10.961573684885476,100.0,16.0,0.0,100.0,32
b1483be2f1e35882,gt_distance,1,1,16,False,False,False,False,0.9375,1,0,100.0,100.0,0.0,0.0625,0.9375,10.358754579237802,100.0,16.0,0.0,100.0,32
b1483be2f1e35882,old_pc,16,16,16,False,True,True,True,0.0,16,0,100.0,100.0,0.0,1.0,0.0,1.1977777133198089,100.0,16.0,0.0,100.0,32
de0fb293bb4859e7,conditional_pc,16,16,16,False,True,True,True,0.0,16,0,87.92008939916161,87.92008939916161,0.0,1.0,0.0,1.2722783886653417,85.35191631758865,,,,31
de0fb293bb4859e7,quality_only,16,16,16,False,True,True,True,0.0,16,0,87.92008939916161,87.92008939916161,0.0,1.0,0.0,1.2722783886653417,85.35191631758865,,,,31
de0fb293bb4859e7,score,0,0,16,True,False,False,False,1.0,0,0,90.01816265274795,,0.0,0.0,1.0,10.126164817740914,85.35191631758865,16.0,0.0,90.01816265274795,31
de0fb293bb4859e7,pareto,0,0,16,True,False,False,False,1.0,0,0,90.01816265274795,,0.0,0.0,1.0,10.126164817740914,85.35191631758865,16.0,0.0,90.01816265274795,31
de0fb293bb4859e7,gt_distance,0,0,16,True,False,False,False,1.0,0,0,89.56819153176873,,0.0,0.0,1.0,9.63089034304422,85.35191631758865,16.0,0.0,89.56819153176873,31
de0fb293bb4859e7,old_pc,1,1,1,False,False,False,False,0.0,1,0,88.83503966238634,88.83503966238634,0.0,1.0,0.0,1.5429150278122234,85.35191631758865,16.0,15.0,88.83570907029909,31
335528f321b45d88,conditional_pc,16,16,16,False,True,True,True,0.0,16,0,100.0,100.0,0.0,1.0,0.0,1.2610691818426634,100.0,,,,55
335528f321b45d88,quality_only,16,16,16,False,True,True,True,0.0,16,0,100.0,100.0,0.0,1.0,0.0,1.2610691818426634,100.0,,,,55
335528f321b45d88,score,0,0,16,True,False,False,False,1.0,0,0,100.0,,0.0,0.0,1.0,2.125260398119904,100.0,16.0,0.0,100.0,55
335528f321b45d88,pareto,3,3,16,False,False,False,False,0.8125,3,0,100.0,100.0,0.0,0.1875,0.8125,4.816327751731686,100.0,16.0,0.0,100.0,55
335528f321b45d88,gt_distance,2,2,16,False,False,False,False,0.875,2,0,100.0,100.0,0.0,0.125,0.875,4.0688334713577845,100.0,16.0,0.0,100.0,55
335528f321b45d88,old_pc,16,16,16,False,True,True,True,0.0,16,0,100.0,100.0,0.0,1.0,0.0,1.2610691818426634,100.0,16.0,0.0,100.0,55
e5ba0fd6afc15419,conditional_pc,16,16,16,False,True,True,True,0.0,16,0,100.0,100.0,0.0,1.0,0.0,1.279852772402493,100.0,,,,44
e5ba0fd6afc15419,quality_only,16,16,16,False,True,True,True,0.0,16,0,100.0,100.0,0.0,1.0,0.0,1.279852772402493,100.0,,,,44
e5ba0fd6afc15419,score,0,0,16,True,False,False,False,1.0,0,0,100.0,,0.0,0.0,1.0,2.130225669421975,100.0,16.0,0.0,100.0,44
e5ba0fd6afc15419,pareto,2,2,16,False,False,False,False,0.875,2,0,100.0,100.0,0.0,0.125,0.875,8.824146861479395,100.0,16.0,0.0,100.0,44
e5ba0fd6afc15419,gt_distance,4,4,16,False,True,False,False,0.75,4,0,100.0,100.0,0.0,0.25,0.75,3.5320027315532405,100.0,16.0,0.0,100.0,44
e5ba0fd6afc15419,old_pc,16,16,16,False,True,True,True,0.0,16,0,100.0,100.0,0.0,1.0,0.0,1.279852772402493,100.0,16.0,0.0,100.0,44
07bd6c8c7de152a6,conditional_pc,16,16,16,False,True,True,True,0.0,16,0,100.0,100.0,0.0,1.0,0.0,1.15197888101302,100.0,,,,45
07bd6c8c7de152a6,quality_only,16,16,16,False,True,True,True,0.0,16,0,100.0,100.0,0.0,1.0,0.0,1.15197888101302,100.0,,,,45
07bd6c8c7de152a6,score,0,0,16,True,False,False,False,1.0,0,0,100.0,,0.0,0.0,1.0,2.621040305140703,100.0,16.0,0.0,100.0,45
07bd6c8c7de152a6,pareto,3,3,16,False,False,False,False,0.8125,3,0,100.0,100.0,0.0625,0.125,0.8125,8.644936825202944,100.0,16.0,0.0,100.0,45
07bd6c8c7de152a6,gt_distance,3,3,16,False,False,False,False,0.8125,3,0,100.0,100.0,0.0625,0.125,0.8125,6.840806356899405,100.0,16.0,0.0,100.0,45
07bd6c8c7de152a6,old_pc,16,16,16,False,True,True,True,0.0,16,0,100.0,100.0,0.0,1.0,0.0,1.15197888101302,100.0,16.0,0.0,100.0,45
0b9f2aceebbf5003,conditional_pc,16,16,16,False,True,True,True,0.0,16,0,100.0,100.0,0.0625,0.9375,0.0,1.149330558590386,100.0,,,,29
0b9f2aceebbf5003,quality_only,16,16,16,False,True,True,True,0.0,16,0,100.0,100.0,0.0625,0.9375,0.0,1.149330558590386,100.0,,,,29
0b9f2aceebbf5003,score,0,0,16,True,False,False,False,1.0,0,0,100.0,,0.0,0.0,1.0,4.5658495526850205,100.0,16.0,0.0,100.0,29
0b9f2aceebbf5003,pareto,0,0,16,True,False,False,False,1.0,0,0,100.0,,0.0,0.0,1.0,8.01838681242581,100.0,16.0,0.0,100.0,29
0b9f2aceebbf5003,gt_distance,0,0,16,True,False,False,False,1.0,0,0,100.0,,0.0,0.0,1.0,6.947922137818503,100.0,16.0,0.0,100.0,29
0b9f2aceebbf5003,old_pc,16,16,16,False,True,True,True,0.0,16,0,100.0,100.0,0.0625,0.9375,0.0,1.149330558590386,100.0,16.0,0.0,100.0,29
e8991ab64afb5db6,conditional_pc,16,16,16,False,True,True,True,0.0,16,0,100.0,100.0,0.25,0.75,0.0,1.144417604568867,100.0,,,,31
e8991ab64afb5db6,quality_only,16,16,16,False,True,True,True,0.0,16,0,100.0,100.0,0.25,0.75,0.0,1.144417604568867,100.0,,,,31
e8991ab64afb5db6,score,0,0,16,True,False,False,False,1.0,0,0,100.0,,0.0,0.0,1.0,3.011289183613865,100.0,16.0,0.0,100.0,31
e8991ab64afb5db6,pareto,1,1,16,False,False,False,False,0.9375,1,0,100.0,100.0,0.0625,0.0,0.9375,10.22260573082853,100.0,16.0,0.0,100.0,31
e8991ab64afb5db6,gt_distance,3,3,16,False,False,False,False,0.8125,3,0,100.0,100.0,0.0,0.1875,0.8125,5.279443617394824,100.0,16.0,0.0,100.0,31
e8991ab64afb5db6,old_pc,16,16,16,False,True,True,True,0.0,16,0,100.0,100.0,0.25,0.75,0.0,1.1444176045688672,100.0,16.0,0.0,100.0,31
66c135a6ec7f53c4,conditional_pc,16,16,16,False,True,True,True,0.0,16,0,100.0,100.0,0.375,0.625,0.0,1.0487376577084415,100.0,,,,31
66c135a6ec7f53c4,quality_only,16,16,16,False,True,True,True,0.0,16,0,100.0,100.0,0.375,0.625,0.0,1.0487376577084415,100.0,,,,31
66c135a6ec7f53c4,score,0,0,16,True,False,False,False,1.0,0,0,100.0,,0.0,0.0,1.0,17.291252624817226,100.0,16.0,0.0,100.0,31
66c135a6ec7f53c4,pareto,2,2,16,False,False,False,False,0.875,2,0,100.0,100.0,0.125,0.0,0.875,12.232368763747512,100.0,16.0,0.0,100.0,31
66c135a6ec7f53c4,gt_distance,0,0,16,True,False,False,False,1.0,0,0,100.0,,0.0,0.0,1.0,17.258880841880355,100.0,16.0,0.0,100.0,31
66c135a6ec7f53c4,old_pc,16,16,16,False,True,True,True,0.0,16,0,100.0,100.0,0.375,0.625,0.0,1.0487376577084415,100.0,16.0,0.0,100.0,31
1fe597d0fb1454dc,conditional_pc,16,16,16,False,True,True,True,0.0,16,0,92.1870040969918,92.1870040969918,0.0,1.0,0.0,1.2728170852292728,91.8546790773481,,,,23
1fe597d0fb1454dc,quality_only,16,16,16,False,True,True,True,0.0,16,0,92.1870040969918,92.1870040969918,0.0,1.0,0.0,1.2728170852292726,91.8546790773481,,,,23
1fe597d0fb1454dc,score,0,0,16,True,False,False,False,1.0,0,0,96.90900326492472,,0.0,0.0,1.0,20.37262458616685,91.8546790773481,16.0,0.0,96.90900326492472,23
1fe597d0fb1454dc,pareto,0,0,16,True,False,False,False,1.0,0,0,96.90900326492472,,0.0,0.0,1.0,20.37262458616685,91.8546790773481,16.0,0.0,96.90900326492472,23
1fe597d0fb1454dc,gt_distance,0,0,16,True,False,False,False,1.0,0,0,93.85148264531249,,0.0,0.0,1.0,6.547673383081359,91.8546790773481,16.0,0.0,93.85148264531249,23
1fe597d0fb1454dc,old_pc,1,1,1,False,False,False,False,0.0,1,0,92.82769834421212,92.82769834421212,0.0,1.0,0.0,1.3234334461142976,91.8546790773481,16.0,15.0,92.82738417747694,23
fefa00cc3fe65b70,conditional_pc,16,16,16,False,True,True,True,0.0,16,0,96.96267377059463,96.96267377059463,0.375,0.625,0.0,1.0979411020049716,96.28274652318014,,,,22
fefa00cc3fe65b70,quality_only,16,16,16,False,True,True,True,0.0,16,0,96.96267377059463,96.96267377059463,0.375,0.625,0.0,1.0979411020049716,96.28274652318014,,,,22
fefa00cc3fe65b70,score,8,8,16,False,True,True,False,0.5,8,0,97.39244184329668,97.3992972316682,0.25,0.25,0.5,2.748832499595072,96.28274652318014,16.0,0.0,97.39244184329668,22
fefa00cc3fe65b70,pareto,8,8,16,False,True,True,False,0.5,8,0,97.39244184329668,97.3992972316682,0.25,0.25,0.5,2.748832499595072,96.28274652318014,16.0,0.0,97.39244184329668,22
fefa00cc3fe65b70,gt_distance,8,8,16,False,True,True,False,0.5,8,0,97.39244184329668,97.3992972316682,0.25,0.25,0.5,2.748832499595072,96.28274652318014,16.0,0.0,97.39244184329668,22
fefa00cc3fe65b70,old_pc,1,1,1,False,False,False,False,0.0,1,0,97.69845943581912,97.69845943581912,1.0,0.0,0.0,0.988613795552538,96.28274652318014,16.0,15.0,97.69984142610468,22
fddb21da30bb54c2,conditional_pc,16,16,16,False,True,True,True,0.0,16,0,100.0,100.0,0.0,1.0,0.0,1.2236729331571787,100.0,,,,31
fddb21da30bb54c2,quality_only,16,16,16,False,True,True,True,0.0,16,0,100.0,100.0,0.0,1.0,0.0,1.2236729331571787,100.0,,,,31
fddb21da30bb54c2,score,1,1,16,False,False,False,False,0.9375,1,0,100.0,100.0,0.0,0.0625,0.9375,3.546558114395564,100.0,16.0,0.0,100.0,31
fddb21da30bb54c2,pareto,2,2,16,False,False,False,False,0.875,2,0,100.0,100.0,0.0,0.125,0.875,9.673208766213046,100.0,16.0,0.0,100.0,31
fddb21da30bb54c2,gt_distance,2,2,16,False,False,False,False,0.875,2,0,100.0,100.0,0.0,0.125,0.875,5.915027282962823,100.0,16.0,0.0,100.0,31
fddb21da30bb54c2,old_pc,16,16,16,False,True,True,True,0.0,16,0,100.0,100.0,0.0,1.0,0.0,1.2236729331571787,100.0,16.0,0.0,100.0,31
aceba8d21dfe5d03,conditional_pc,16,16,16,False,True,True,True,0.0,16,0,92.50072068198234,92.50072068198234,0.25,0.75,0.0,1.114951608714268,91.08001831698844,,,,25
aceba8d21dfe5d03,quality_only,16,16,16,False,True,True,True,0.0,16,0,92.50072068198234,92.50072068198234,0.25,0.75,0.0,1.114951608714268,91.08001831698844,,,,25
aceba8d21dfe5d03,score,0,0,16,True,False,False,False,1.0,0,0,100.0,,0.0,0.0,1.0,13.736305798499172,91.08001831698844,16.0,0.0,100.0,25
aceba8d21dfe5d03,pareto,0,0,16,True,False,False,False,1.0,0,0,100.0,,0.0,0.0,1.0,13.963466184410509,91.08001831698844,16.0,0.0,100.0,25
aceba8d21dfe5d03,gt_distance,0,0,16,True,False,False,False,1.0,0,0,99.97825585905824,,0.0,0.0,1.0,12.66901618782186,91.08001831698844,16.0,0.0,99.97825585905824,25
aceba8d21dfe5d03,old_pc,1,1,1,False,False,False,False,0.0,1,0,94.38699672134489,94.38699672134489,0.0,1.0,0.0,1.361477658337875,91.08001831698844,16.0,15.0,94.38703022296764,25
ac940ab1e16558e9,conditional_pc,16,16,16,False,True,True,True,0.0,16,0,100.0,100.0,0.3125,0.6875,0.0,1.1561689624979057,100.0,,,,29
ac940ab1e16558e9,quality_only,16,16,16,False,True,True,True,0.0,16,0,100.0,100.0,0.3125,0.6875,0.0,1.1561689624979057,100.0,,,,29
ac940ab1e16558e9,score,0,0,16,True,False,False,False,1.0,0,0,100.0,,0.0,0.0,1.0,7.799760407670202,100.0,16.0,0.0,100.0,29
ac940ab1e16558e9,pareto,0,0,16,True,False,False,False,1.0,0,0,100.0,,0.0,0.0,1.0,16.544721106993318,100.0,16.0,0.0,100.0,29
ac940ab1e16558e9,gt_distance,0,0,16,True,False,False,False,1.0,0,0,100.0,,0.0,0.0,1.0,16.544721106993318,100.0,16.0,0.0,100.0,29
ac940ab1e16558e9,old_pc,16,16,16,False,True,True,True,0.0,16,0,100.0,100.0,0.3125,0.6875,0.0,1.1561689624979057,100.0,16.0,0.0,100.0,29
4ac0a91fc4dd5ca9,conditional_pc,0,0,0,True,False,False,False,1.0,0,0,,,,,,,100.0,,,,0
4ac0a91fc4dd5ca9,quality_only,0,0,0,True,False,False,False,1.0,0,0,,,,,,,100.0,,,,0
4ac0a91fc4dd5ca9,score,0,0,16,True,False,False,False,1.0,0,0,100.0,,0.0,0.0,1.0,9.085360357764422,100.0,16.0,0.0,100.0,0
4ac0a91fc4dd5ca9,pareto,0,0,16,True,False,False,False,1.0,0,0,100.0,,0.0,0.0625,0.9375,15.841728470160623,100.0,16.0,0.0,100.0,0
4ac0a91fc4dd5ca9,gt_distance,0,0,16,True,False,False,False,1.0,0,0,100.0,,0.0,0.0625,0.9375,9.771479422394629,100.0,16.0,0.0,100.0,0
4ac0a91fc4dd5ca9,old_pc,0,0,1,True,False,False,False,1.0,0,0,100.0,,0.0,1.0,0.0,1.4276011050462882,100.0,16.0,15.0,100.0,0
cdec4cc7781e5d4d,conditional_pc,15,15,15,False,True,True,False,0.0,15,0,100.0,100.0,0.4666666666666667,0.5333333333333333,0.0,1.128896938598058,100.0,,,,15
cdec4cc7781e5d4d,quality_only,15,15,15,False,True,True,False,0.0,15,0,100.0,100.0,0.4666666666666667,0.5333333333333333,0.0,1.128896938598058,100.0,,,,15
cdec4cc7781e5d4d,score,0,0,16,True,False,False,False,1.0,0,0,100.0,,0.0,0.0,1.0,5.014893518766041,100.0,16.0,0.0,100.0,15
cdec4cc7781e5d4d,pareto,1,1,16,False,False,False,False,0.9375,1,0,100.0,100.0,0.125,0.0,0.875,4.4258052351626445,100.0,16.0,0.0,100.0,15
cdec4cc7781e5d4d,gt_distance,0,0,16,True,False,False,False,1.0,0,0,100.0,,0.0,0.0,1.0,5.808659102487458,100.0,16.0,0.0,100.0,15
cdec4cc7781e5d4d,old_pc,15,15,16,False,True,True,False,0.0625,15,0,100.0,100.0,0.5,0.5,0.0,1.1181036372409805,100.0,16.0,0.0,100.0,15
01034b2411ce5ea0,conditional_pc,9,9,16,False,True,True,False,0.4375,9,7,89.85021189294461,89.96793213286765,0.1875,0.8125,0.0,1.0793988433923474,89.79213653510382,,,,9
01034b2411ce5ea0,quality_only,9,9,16,False,True,True,False,0.4375,9,7,89.85021189294461,89.96793213286765,0.1875,0.8125,0.0,1.0793988433923474,89.79213653510382,,,,9
01034b2411ce5ea0,score,0,0,16,True,False,False,False,1.0,0,0,97.0932869985046,,0.0,0.0,1.0,24.9367388606937,89.79213653510382,16.0,0.0,97.0932869985046,9
01034b2411ce5ea0,pareto,0,0,16,True,False,False,False,1.0,0,0,97.0932869985046,,0.0,0.0,1.0,24.9367388606937,89.79213653510382,16.0,0.0,97.0932869985046,9
01034b2411ce5ea0,gt_distance,0,0,16,True,False,False,False,1.0,0,0,92.61419275966264,,0.0,0.0,1.0,8.147644866349468,89.79213653510382,16.0,0.0,92.61419275966264,9
01034b2411ce5ea0,old_pc,1,1,1,False,False,False,False,0.0,1,0,90.3603615015173,90.3603615015173,0.0,1.0,0.0,1.064331140134827,89.79213653510382,16.0,15.0,90.36106827979036,9
fb7f5f4fd1a25f13,conditional_pc,16,16,16,False,True,True,True,0.0,16,0,100.0,100.0,0.0,1.0,0.0,1.0870185444106522,100.0,,,,31
fb7f5f4fd1a25f13,quality_only,16,16,16,False,True,True,True,0.0,16,0,100.0,100.0,0.0,1.0,0.0,1.0870185444106522,100.0,,,,31
fb7f5f4fd1a25f13,score,0,0,16,True,False,False,False,1.0,0,0,100.0,,0.0,0.0,1.0,9.355679855852983,100.0,16.0,0.0,100.0,31
fb7f5f4fd1a25f13,pareto,1,1,16,False,False,False,False,0.9375,1,0,100.0,100.0,0.0,0.0625,0.9375,16.166027453646873,100.0,16.0,0.0,100.0,31
fb7f5f4fd1a25f13,gt_distance,1,1,16,False,False,False,False,0.9375,1,0,100.0,100.0,0.0,0.0625,0.9375,16.166027453646873,100.0,16.0,0.0,100.0,31
fb7f5f4fd1a25f13,old_pc,16,16,16,False,True,True,True,0.0,16,0,100.0,100.0,0.0,1.0,0.0,1.0870185444106522,100.0,16.0,0.0,100.0,31
dcea502e05ca5eb5,conditional_pc,16,16,16,False,True,True,True,0.0,16,0,89.76702066172038,89.76702066172038,0.0,1.0,0.0,1.295363937244352,88.88877817820952,,,,27
dcea502e05ca5eb5,quality_only,16,16,16,False,True,True,True,0.0,16,0,89.76702066172038,89.76702066172038,0.0,1.0,0.0,1.295363937244352,88.88877817820952,,,,27
dcea502e05ca5eb5,score,0,0,16,True,False,False,False,1.0,0,0,90.59536547129484,,0.0,0.0,1.0,7.28717704839721,88.88877817820952,16.0,0.0,90.59536547129484,27
dcea502e05ca5eb5,pareto,0,0,16,True,False,False,False,1.0,0,0,90.59536547129484,,0.0,0.0,1.0,7.28717704839721,88.88877817820952,16.0,0.0,90.59536547129484,27
dcea502e05ca5eb5,gt_distance,0,0,16,True,False,False,False,1.0,0,0,90.59536547129484,,0.0,0.0,1.0,7.28717704839721,88.88877817820952,16.0,0.0,90.59536547129484,27
dcea502e05ca5eb5,old_pc,1,1,1,False,False,False,False,0.0,1,0,90.2658441614839,90.2658441614839,0.0,1.0,0.0,1.3348642648846898,88.88877817820952,16.0,15.0,90.26592799889896,27
28b79e32839a543b,conditional_pc,16,16,16,False,True,True,True,0.0,16,0,100.0,100.0,0.0,1.0,0.0,1.2162644774564244,100.0,,,,32
28b79e32839a543b,quality_only,16,16,16,False,True,True,True,0.0,16,0,100.0,100.0,0.0,1.0,0.0,1.2162644774564244,100.0,,,,32
28b79e32839a543b,score,0,0,16,True,False,False,False,1.0,0,0,100.0,,0.0,0.0,1.0,6.701446499850108,100.0,16.0,0.0,100.0,32
28b79e32839a543b,pareto,2,2,16,False,False,False,False,0.875,2,0,100.0,100.0,0.0625,0.0625,0.875,7.772581088007534,100.0,16.0,0.0,100.0,32
28b79e32839a543b,gt_distance,2,2,16,False,False,False,False,0.875,2,0,100.0,100.0,0.0625,0.0625,0.875,6.864500746160481,100.0,16.0,0.0,100.0,32
28b79e32839a543b,old_pc,16,16,16,False,True,True,True,0.0,16,0,100.0,100.0,0.0,1.0,0.0,1.2162644774564244,100.0,16.0,0.0,100.0,32
2b07bad4bce156cd,conditional_pc,16,16,16,False,True,True,True,0.0,16,0,100.0,100.0,0.0625,0.9375,0.0,1.2016922016826088,100.0,,,,34
2b07bad4bce156cd,quality_only,16,16,16,False,True,True,True,0.0,16,0,100.0,100.0,0.0625,0.9375,0.0,1.2016922016826088,100.0,,,,34
2b07bad4bce156cd,score,0,0,16,True,False,False,False,1.0,0,0,100.0,,0.0,0.0,1.0,4.03623857138627,100.0,16.0,0.0,100.0,34
2b07bad4bce156cd,pareto,2,2,16,False,False,False,False,0.875,2,0,100.0,100.0,0.0,0.125,0.875,12.895153339145274,100.0,16.0,0.0,100.0,34
2b07bad4bce156cd,gt_distance,3,3,16,False,False,False,False,0.8125,3,0,100.0,100.0,0.0625,0.125,0.8125,7.668153320933999,100.0,16.0,0.0,100.0,34
2b07bad4bce156cd,old_pc,16,16,16,False,True,True,True,0.0,16,0,100.0,100.0,0.0625,0.9375,0.0,1.2016922016826088,100.0,16.0,0.0,100.0,34
66d778b97714583a,conditional_pc,16,16,16,False,True,True,True,0.0,16,0,100.0,100.0,0.0,1.0,0.0,1.2742873284721083,100.0,,,,50
66d778b97714583a,quality_only,16,16,16,False,True,True,True,0.0,16,0,100.0,100.0,0.0,1.0,0.0,1.2742873284721083,100.0,,,,50
66d778b97714583a,score,0,0,16,True,False,False,False,1.0,0,0,100.0,,0.0,0.0,1.0,2.881674308003602,100.0,16.0,0.0,100.0,50
66d778b97714583a,pareto,2,2,16,False,False,False,False,0.875,2,0,100.0,100.0,0.0625,0.0625,0.875,7.155578916212149,100.0,16.0,0.0,100.0,50
66d778b97714583a,gt_distance,2,2,16,False,False,False,False,0.875,2,0,100.0,100.0,0.0625,0.0625,0.875,6.842071254073402,100.0,16.0,0.0,100.0,50
66d778b97714583a,old_pc,16,16,16,False,True,True,True,0.0,16,0,100.0,100.0,0.0,1.0,0.0,1.2742873284721083,100.0,16.0,0.0,100.0,50
a8c9f51e547a5fed,conditional_pc,16,16,16,False,True,True,True,0.0,16,0,83.24307855878213,83.24307855878213,0.5,0.5,0.0,1.1137328262247124,82.86515778555531,,,,22
a8c9f51e547a5fed,quality_only,16,16,16,False,True,True,True,0.0,16,0,83.24307855878213,83.24307855878213,0.5,0.5,0.0,1.1137328262247124,82.86515778555531,,,,22
a8c9f51e547a5fed,score,0,0,16,True,False,False,False,1.0,0,0,92.34050863181402,,0.0,0.0,1.0,43.86188404737181,82.86515778555531,16.0,0.0,92.34050863181402,22
a8c9f51e547a5fed,pareto,0,0,16,True,False,False,False,1.0,0,0,92.34050863181402,,0.0,0.0,1.0,43.86188404737181,82.86515778555531,16.0,0.0,92.34050863181402,22
a8c9f51e547a5fed,gt_distance,14,14,16,False,True,True,False,0.125,14,0,83.44472920658004,83.39725903532133,0.625,0.25,0.125,1.123301298200296,82.86515778555531,16.0,0.0,83.44472920658004,22
a8c9f51e547a5fed,old_pc,1,1,1,False,False,False,False,0.0,1,0,83.58208674411743,83.58208674411743,0.0,1.0,0.0,1.1492821773501305,82.86515778555531,16.0,15.0,83.5823676410518,22
7a0635b7942859c6,conditional_pc,16,16,16,False,True,True,True,0.0,16,0,98.84036569735386,98.84036569735386,0.5625,0.4375,0.0,0.9820493888881372,98.62502005183154,,,,18
7a0635b7942859c6,quality_only,16,16,16,False,True,True,True,0.0,16,0,98.84036569735386,98.84036569735386,0.5625,0.4375,0.0,0.9820493888881372,98.62502005183154,,,,18
7a0635b7942859c6,score,0,0,16,True,False,False,False,1.0,0,0,100.0,,0.0,0.0,1.0,7.46895496895128,98.62502005183154,16.0,0.0,100.0,18
7a0635b7942859c6,pareto,0,0,16,True,False,False,False,1.0,0,0,100.0,,0.0,0.0,1.0,13.438363234261852,98.62502005183154,16.0,0.0,100.0,18
7a0635b7942859c6,gt_distance,0,0,16,True,False,False,False,1.0,0,0,100.0,,0.0,0.0,1.0,11.583858099415243,98.62502005183154,16.0,0.0,100.0,18
7a0635b7942859c6,old_pc,1,1,1,False,False,False,False,0.0,1,0,99.14695977496116,99.14695977496116,0.0,1.0,0.0,1.047660211419803,98.62502005183154,16.0,15.0,99.14696218181088,18
84b13f58e18551a8,conditional_pc,16,16,16,False,True,True,True,0.0,16,0,100.0,100.0,0.0,1.0,0.0,1.2474470119448198,100.0,,,,30
84b13f58e18551a8,quality_only,16,16,16,False,True,True,True,0.0,16,0,100.0,100.0,0.0,1.0,0.0,1.2474470119448198,100.0,,,,30
84b13f58e18551a8,score,0,0,16,True,False,False,False,1.0,0,0,100.0,,0.0,0.0,1.0,5.296193896484716,100.0,16.0,0.0,100.0,30
84b13f58e18551a8,pareto,2,2,16,False,False,False,False,0.875,2,0,100.0,100.0,0.0,0.125,0.875,10.472106953121068,100.0,16.0,0.0,100.0,30
84b13f58e18551a8,gt_distance,2,2,16,False,False,False,False,0.875,2,0,100.0,100.0,0.0625,0.0625,0.875,10.147105978087446,100.0,16.0,0.0,100.0,30
84b13f58e18551a8,old_pc,16,16,16,False,True,True,True,0.0,16,0,100.0,100.0,0.0,1.0,0.0,1.2474470119448198,100.0,16.0,0.0,100.0,30
87ec42ef94f75f0c,conditional_pc,13,13,13,False,True,True,False,0.0,13,0,100.0,100.0,0.4615384615384615,0.5384615384615384,0.0,1.0690403685468497,100.0,,,,13
87ec42ef94f75f0c,quality_only,13,13,13,False,True,True,False,0.0,13,0,100.0,100.0,0.4615384615384615,0.5384615384615384,0.0,1.0690403685468497,100.0,,,,13
87ec42ef94f75f0c,score,7,7,16,False,True,False,False,0.5625,7,0,100.0,100.0,0.5,0.5,0.0,0.985143758575676,100.0,16.0,0.0,100.0,13
87ec42ef94f75f0c,pareto,3,3,16,False,False,False,False,0.8125,3,0,100.0,100.0,0.125,0.0625,0.8125,4.482746748553706,100.0,16.0,0.0,100.0,13
87ec42ef94f75f0c,gt_distance,0,0,16,True,False,False,False,1.0,0,0,95.8010516799303,,0.0,0.0,1.0,26.79799693760589,100.0,16.0,0.0,95.8010516799303,13
87ec42ef94f75f0c,old_pc,13,13,15,False,True,True,False,0.1333333333333333,13,0,100.0,100.0,0.5333333333333333,0.4666666666666667,0.0,1.0407896632770683,100.0,16.0,1.0,100.0,13
feae0b42dda25c87,conditional_pc,16,16,16,False,True,True,True,0.0,16,0,100.0,100.0,0.0,1.0,0.0,1.194539971559389,100.0,,,,44
feae0b42dda25c87,quality_only,16,16,16,False,True,True,True,0.0,16,0,100.0,100.0,0.0,1.0,0.0,1.194539971559389,100.0,,,,44
feae0b42dda25c87,score,0,0,16,True,False,False,False,1.0,0,0,100.0,,0.0,0.0,1.0,4.402395922369072,100.0,16.0,0.0,100.0,44
feae0b42dda25c87,pareto,1,1,16,False,False,False,False,0.9375,1,0,100.0,100.0,0.0,0.0625,0.9375,9.52361072398084,100.0,16.0,0.0,100.0,44
feae0b42dda25c87,gt_distance,1,1,16,False,False,False,False,0.9375,1,0,100.0,100.0,0.0625,0.0,0.9375,7.424825537010859,100.0,16.0,0.0,100.0,44
feae0b42dda25c87,old_pc,16,16,16,False,True,True,True,0.0,16,0,100.0,100.0,0.0,1.0,0.0,1.194539971559389,100.0,16.0,0.0,100.0,44
b663343f65cd5e92,conditional_pc,16,16,16,False,True,True,True,0.0,16,0,100.0,100.0,0.375,0.625,0.0,1.090857928238374,100.0,,,,32
b663343f65cd5e92,quality_only,16,16,16,False,True,True,True,0.0,16,0,100.0,100.0,0.375,0.625,0.0,1.090857928238374,100.0,,,,32
b663343f65cd5e92,score,0,0,16,True,False,False,False,1.0,0,0,100.0,,0.0,0.0,1.0,6.380760243610467,100.0,16.0,0.0,100.0,32
b663343f65cd5e92,pareto,2,2,16,False,False,False,False,0.875,2,0,100.0,100.0,0.0625,0.0625,0.875,5.664844208848668,100.0,16.0,0.0,100.0,32
b663343f65cd5e92,gt_distance,2,2,16,False,False,False,False,0.875,2,0,100.0,100.0,0.0625,0.0625,0.875,5.730027776808463,100.0,16.0,0.0,100.0,32
b663343f65cd5e92,old_pc,16,16,16,False,True,True,True,0.0,16,0,100.0,100.0,0.375,0.625,0.0,1.090857928238374,100.0,16.0,0.0,100.0,32
71495dbc0a3255dc,conditional_pc,16,16,16,False,True,True,True,0.0,16,0,95.31415491810252,95.31415491810252,0.25,0.75,0.0,1.1725996148227646,94.83212503102123,,,,22
71495dbc0a3255dc,quality_only,16,16,16,False,True,True,True,0.0,16,0,95.31415491810252,95.31415491810252,0.25,0.75,0.0,1.1725996148227646,94.83212503102123,,,,22
71495dbc0a3255dc,score,0,0,16,True,False,False,False,1.0,0,0,99.98391508102593,,0.0,0.0,1.0,19.568492118011275,94.83212503102123,16.0,0.0,99.98391508102593,22
71495dbc0a3255dc,pareto,0,0,16,True,False,False,False,1.0,0,0,99.98391508102593,,0.0,0.0,1.0,19.56849211801128,94.83212503102123,16.0,0.0,99.98391508102593,22
71495dbc0a3255dc,gt_distance,0,0,16,True,False,False,False,1.0,0,0,97.4969892957772,,0.0,0.0,1.0,8.46008245613286,94.83212503102123,16.0,0.0,97.4969892957772,22
71495dbc0a3255dc,old_pc,1,1,1,False,False,False,False,0.0,1,0,95.71974399856576,95.71974399856576,0.0,1.0,0.0,1.4410522086776227,94.83212503102123,16.0,15.0,95.72348319226026,22
244f412a59375c65,conditional_pc,16,16,16,False,True,True,True,0.0,16,0,95.469284722568,95.469284722568,0.0,1.0,0.0,1.2255572788089175,93.33824697174072,,,,23
244f412a59375c65,quality_only,16,16,16,False,True,True,True,0.0,16,0,95.469284722568,95.469284722568,0.0,1.0,0.0,1.2255572788089175,93.33824697174072,,,,23
244f412a59375c65,score,0,0,16,True,False,False,False,1.0,0,0,100.0,,0.0,0.0,1.0,20.89253678288405,93.33824697174072,16.0,0.0,100.0,23
244f412a59375c65,pareto,0,0,16,True,False,False,False,1.0,0,0,100.0,,0.0,0.0,1.0,20.897481908639698,93.33824697174072,16.0,0.0,100.0,23
244f412a59375c65,gt_distance,0,0,16,True,False,False,False,1.0,0,0,100.0,,0.0,0.0,1.0,16.539063441394056,93.33824697174072,16.0,0.0,100.0,23
244f412a59375c65,old_pc,1,1,1,False,False,False,False,0.0,1,0,96.93971721629588,96.93971721629588,0.0,1.0,0.0,1.035740437300932,93.33824697174072,16.0,15.0,96.93994030752944,23
5c1f98237d1852b9,conditional_pc,16,16,16,False,True,True,True,0.0,16,0,100.0,100.0,0.25,0.75,0.0,1.0539774468926897,100.0,,,,28
5c1f98237d1852b9,quality_only,16,16,16,False,True,True,True,0.0,16,0,100.0,100.0,0.25,0.75,0.0,1.0539774468926897,100.0,,,,28
5c1f98237d1852b9,score,0,0,16,True,False,False,False,1.0,0,0,100.0,,0.0,0.0,1.0,2.6845268069107906,100.0,16.0,0.0,100.0,28
5c1f98237d1852b9,pareto,1,1,16,False,False,False,False,0.9375,1,0,100.0,100.0,0.0,0.0625,0.9375,7.9537212464542435,100.0,16.0,0.0,100.0,28
5c1f98237d1852b9,gt_distance,1,1,16,False,False,False,False,0.9375,1,0,100.0,100.0,0.0,0.0625,0.9375,7.9537212464542435,100.0,16.0,0.0,100.0,28
5c1f98237d1852b9,old_pc,16,16,16,False,True,True,True,0.0,16,0,100.0,100.0,0.25,0.75,0.0,1.0539774468926897,100.0,16.0,0.0,100.0,28
9eddebd4be385650,conditional_pc,16,16,16,False,True,True,True,0.0,16,0,87.66492355806335,87.66492355806335,0.25,0.75,0.0,1.0377563156080258,87.50393193550158,,,,18
9eddebd4be385650,quality_only,16,16,16,False,True,True,True,0.0,16,0,87.66492355806335,87.66492355806335,0.25,0.75,0.0,1.0377563156080258,87.50393193550158,,,,18
9eddebd4be385650,score,0,0,16,True,False,False,False,1.0,0,0,89.09996010722037,,0.0,0.0,1.0,19.741263186017925,87.50393193550158,16.0,0.0,89.09996010722037,18
9eddebd4be385650,pareto,0,0,16,True,False,False,False,1.0,0,0,89.09996010722037,,0.0,0.0,1.0,19.741263186017925,87.50393193550158,16.0,0.0,89.09996010722037,18
9eddebd4be385650,gt_distance,3,3,16,False,False,False,False,0.8125,3,0,88.2037546706398,87.84294588920835,0.0,0.1875,0.8125,4.618168358518845,87.50393193550158,16.0,0.0,88.2037546706398,18
9eddebd4be385650,old_pc,1,1,1,False,False,False,False,0.0,1,0,87.92932961118515,87.92932961118515,0.0,1.0,0.0,1.2292898802423682,87.50393193550158,16.0,15.0,87.92924963653142,18
b53636b863815077,conditional_pc,16,16,16,False,True,True,True,0.0,16,0,92.86487044695004,92.86487044695004,0.25,0.75,0.0,1.0912798295862234,92.55190687487976,,,,28
b53636b863815077,quality_only,16,16,16,False,True,True,True,0.0,16,0,92.86487044695004,92.86487044695004,0.25,0.75,0.0,1.0912798295862234,92.55190687487976,,,,28
b53636b863815077,score,0,0,16,True,False,False,False,1.0,0,0,94.38966383319712,,0.0,0.0,1.0,17.118980475588632,92.55190687487976,16.0,0.0,94.38966383319712,28
b53636b863815077,pareto,0,0,16,True,False,False,False,1.0,0,0,94.38966383319712,,0.0,0.0,1.0,17.118980475588632,92.55190687487976,16.0,0.0,94.38966383319712,28
b53636b863815077,gt_distance,16,16,16,False,True,True,True,0.0,16,0,92.98221144516788,92.98221144516788,0.6875,0.3125,0.0,0.979747195503932,92.55190687487976,16.0,0.0,92.98221144516788,28
b53636b863815077,old_pc,1,1,1,False,False,False,False,0.0,1,0,93.26267349049694,93.26267349049694,0.0,1.0,0.0,1.290968089187148,92.55190687487976,16.0,15.0,93.26267209500058,28
1ef92a1e554b567c,conditional_pc,16,16,16,False,True,True,True,0.0,16,0,100.0,100.0,0.1875,0.8125,0.0,1.102440249727562,100.0,,,,28
1ef92a1e554b567c,quality_only,16,16,16,False,True,True,True,0.0,16,0,100.0,100.0,0.1875,0.8125,0.0,1.102440249727562,100.0,,,,28
1ef92a1e554b567c,score,0,0,16,True,False,False,False,1.0,0,0,100.0,,0.0,0.0,1.0,29.660117399078796,100.0,16.0,0.0,100.0,28
1ef92a1e554b567c,pareto,3,3,16,False,False,False,False,0.8125,3,0,100.0,100.0,0.0625,0.125,0.8125,16.333976715354037,100.0,16.0,0.0,100.0,28
1ef92a1e554b567c,gt_distance,0,0,16,True,False,False,False,1.0,0,0,100.0,,0.0,0.0,1.0,27.12275627456666,100.0,16.0,0.0,100.0,28
1ef92a1e554b567c,old_pc,16,16,16,False,True,True,True,0.0,16,0,100.0,100.0,0.1875,0.8125,0.0,1.102440249727562,100.0,16.0,0.0,100.0,28
019cfd828c3f5b7c,conditional_pc,16,16,16,False,True,True,True,0.0,16,0,95.3456245901072,95.3456245901072,0.375,0.625,0.0,1.172967454225525,95.09009633440895,,,,24
019cfd828c3f5b7c,quality_only,16,16,16,False,True,True,True,0.0,16,0,95.3456245901072,95.3456245901072,0.375,0.625,0.0,1.172967454225525,95.09009633440895,,,,24
019cfd828c3f5b7c,score,0,0,16,True,False,False,False,1.0,0,0,96.76541041402372,,0.0,0.0,1.0,17.10587271034271,95.09009633440895,16.0,0.0,96.76541041402372,24
019cfd828c3f5b7c,pareto,0,0,16,True,False,False,False,1.0,0,0,76.7472099849179,,0.0,0.0,1.0,25.08646533055549,95.09009633440895,16.0,0.0,76.7472099849179,24
019cfd828c3f5b7c,gt_distance,1,1,16,False,False,False,False,0.9375,1,0,95.8604971046807,95.61838144975955,0.0,0.0625,0.9375,5.814133117650667,95.09009633440895,16.0,0.0,95.8604971046807,24
019cfd828c3f5b7c,old_pc,1,1,1,False,False,False,False,0.0,1,0,95.61838144975955,95.61838144975955,0.0,1.0,0.0,1.7175938334355458,95.09009633440895,16.0,15.0,95.61838597905492,24
55a649760430531d,conditional_pc,16,16,16,False,True,True,True,0.0,16,0,93.43514744081978,93.43514744081978,0.4375,0.5625,0.0,1.0658674242822543,93.1795577759558,,,,20
55a649760430531d,quality_only,16,16,16,False,True,True,True,0.0,16,0,93.43514744081978,93.43514744081978,0.4375,0.5625,0.0,1.0658674242822543,93.1795577759558,,,,20
55a649760430531d,score,0,0,16,True,False,False,False,1.0,0,0,95.7300388635893,,0.0,0.0,1.0,11.322654707205771,93.1795577759558,16.0,0.0,95.7300388635893,20
55a649760430531d,pareto,0,0,16,True,False,False,False,1.0,0,0,95.7300388635893,,0.0,0.0,1.0,11.322654707205771,93.1795577759558,16.0,0.0,95.7300388635893,20
55a649760430531d,gt_distance,0,0,16,True,False,False,False,1.0,0,0,95.716287135957,,0.0,0.0,1.0,11.149328950795557,93.1795577759558,16.0,0.0,95.716287135957,20
55a649760430531d,old_pc,1,1,1,False,False,False,False,0.0,1,0,93.69497597810124,93.69497597810124,0.0,1.0,0.0,1.2703399254538756,93.1795577759558,16.0,15.0,93.69503410676016,20
377d9bb5bb125691,conditional_pc,16,16,16,False,True,True,True,0.0,16,0,98.82015218635168,98.82015218635168,0.0,1.0,0.0,1.2924441561810585,97.74398291443724,,,,36
377d9bb5bb125691,quality_only,16,16,16,False,True,True,True,0.0,16,0,98.82015218635168,98.82015218635168,0.0,1.0,0.0,1.292444156181059,97.74398291443724,,,,36
377d9bb5bb125691,score,0,0,16,True,False,False,False,1.0,0,0,99.4756708554103,,0.0,0.0,1.0,3.5257554909515694,97.74398291443724,16.0,0.0,99.4756708554103,36
377d9bb5bb125691,pareto,0,0,16,True,False,False,False,1.0,0,0,99.4756708554103,,0.0,0.0,1.0,3.5257554909515694,97.74398291443724,16.0,0.0,99.4756708554103,36
377d9bb5bb125691,gt_distance,0,0,16,True,False,False,False,1.0,0,0,99.4756708554103,,0.0,0.0,1.0,3.5257554909515694,97.74398291443724,16.0,0.0,99.4756708554103,36
377d9bb5bb125691,old_pc,1,1,1,False,False,False,False,0.0,1,0,99.3815805729318,99.3815805729318,0.0,1.0,0.0,1.3339729378700935,97.74398291443724,16.0,15.0,99.3816657091614,36
a40383b62c8b5f0a,conditional_pc,16,16,16,False,True,True,True,0.0,16,0,100.0,100.0,0.0,1.0,0.0,1.2695665545105688,100.0,,,,32
a40383b62c8b5f0a,quality_only,16,16,16,False,True,True,True,0.0,16,0,100.0,100.0,0.0,1.0,0.0,1.2695665545105688,100.0,,,,32
a40383b62c8b5f0a,score,0,0,16,True,False,False,False,1.0,0,0,100.0,,0.0,0.0,1.0,2.559053215180185,100.0,16.0,0.0,100.0,32
a40383b62c8b5f0a,pareto,1,1,16,False,False,False,False,0.9375,1,0,100.0,100.0,0.0,0.0625,0.9375,6.760407720473177,100.0,16.0,0.0,100.0,32
a40383b62c8b5f0a,gt_distance,1,1,16,False,False,False,False,0.9375,1,0,100.0,100.0,0.0,0.0625,0.9375,5.350137926287241,100.0,16.0,0.0,100.0,32
a40383b62c8b5f0a,old_pc,16,16,16,False,True,True,True,0.0,16,0,100.0,100.0,0.0,1.0,0.0,1.2695665545105688,100.0,16.0,0.0,100.0,32
6822dc0570565ef4,conditional_pc,16,16,16,False,True,True,True,0.0,16,0,86.3801703105422,86.3801703105422,0.0,1.0,0.0,1.2310296265787637,85.90135933618508,,,,20
6822dc0570565ef4,quality_only,16,16,16,False,True,True,True,0.0,16,0,86.3801703105422,86.3801703105422,0.0,1.0,0.0,1.2310296265787637,85.90135933618508,,,,20
6822dc0570565ef4,score,0,0,16,True,False,False,False,1.0,0,0,87.5948276399577,,0.0,0.0,1.0,14.774179160061127,85.90135933618508,16.0,0.0,87.5948276399577,20
6822dc0570565ef4,pareto,0,0,16,True,False,False,False,1.0,0,0,87.5948276399577,,0.0,0.0,1.0,14.774179160061127,85.90135933618508,16.0,0.0,87.5948276399577,20
6822dc0570565ef4,gt_distance,0,0,16,True,False,False,False,1.0,0,0,86.94676137929964,,0.0,0.0,1.0,5.569525801491659,85.90135933618508,16.0,0.0,86.94676137929964,20
6822dc0570565ef4,old_pc,1,1,1,False,False,False,False,0.0,1,0,86.92248251247202,86.92248251247202,0.0,1.0,0.0,1.4824610301660557,85.90135933618508,16.0,15.0,86.92249579136765,20
6b5978b04dc85323,conditional_pc,16,16,16,False,True,True,True,0.0,16,0,95.55011113999645,95.55011113999645,0.0,1.0,0.0,1.5219086996984434,93.5252879865818,,,,28
6b5978b04dc85323,quality_only,16,16,16,False,True,True,True,0.0,16,0,95.55011113999645,95.55011113999645,0.0,1.0,0.0,1.5219086996984434,93.5252879865818,,,,28
6b5978b04dc85323,score,0,0,16,True,False,False,False,1.0,0,0,98.02419519402234,,0.0,0.0,1.0,7.623140807575153,93.5252879865818,16.0,0.0,98.02419519402234,28
6b5978b04dc85323,pareto,0,0,16,True,False,False,False,1.0,0,0,98.02419519402234,,0.0,0.0,1.0,7.623140807575153,93.5252879865818,16.0,0.0,98.02419519402234,28
6b5978b04dc85323,gt_distance,0,0,16,True,False,False,False,1.0,0,0,98.02419519402234,,0.0,0.0,1.0,7.623140807575153,93.5252879865818,16.0,0.0,98.02419519402234,28
6b5978b04dc85323,old_pc,1,1,1,False,False,False,False,0.0,1,0,96.68600185145976,96.68600185145976,0.0,1.0,0.0,2.0553993067964065,93.5252879865818,16.0,15.0,96.68644824940232,28
28c5133d23575e81,conditional_pc,16,16,16,False,True,True,True,0.0,16,0,90.16436517657674,90.16436517657674,0.5,0.5,0.0,1.0397808660050776,89.89299987741785,,,,16
28c5133d23575e81,quality_only,16,16,16,False,True,True,True,0.0,16,0,90.16436517657674,90.16436517657674,0.5,0.5,0.0,1.0397808660050776,89.89299987741785,,,,16
28c5133d23575e81,score,0,0,16,True,False,False,False,1.0,0,0,92.21651641396832,,0.0,0.0,1.0,16.755669832117114,89.89299987741785,16.0,0.0,92.21651641396832,16
28c5133d23575e81,pareto,0,0,16,True,False,False,False,1.0,0,0,92.21651641396832,,0.0,0.0,1.0,16.755669832117114,89.89299987741785,16.0,0.0,92.21651641396832,16
28c5133d23575e81,gt_distance,0,0,16,True,False,False,False,1.0,0,0,92.06646652076276,,0.0,0.0,1.0,9.83492502852942,89.89299987741785,16.0,0.0,92.06646652076276,16
28c5133d23575e81,old_pc,1,1,1,False,False,False,False,0.0,1,0,90.48004134912232,90.48004134912232,0.0,1.0,0.0,1.3512421449676308,89.89299987741785,16.0,15.0,90.48004795864917,16
0726ca723042500c,conditional_pc,16,16,16,False,True,True,True,0.0,16,0,99.83757601520324,99.83757601520324,0.0,1.0,0.0,1.1677171979954588,99.17944321966928,,,,65
0726ca723042500c,quality_only,16,16,16,False,True,True,True,0.0,16,0,99.83757601520324,99.83757601520324,0.0,1.0,0.0,1.1677171979954588,99.17944321966928,,,,65
0726ca723042500c,score,11,11,16,False,True,True,False,0.3125,11,0,100.0,100.0,0.25,0.4375,0.3125,1.848782073846148,99.17944321966928,16.0,0.0,100.0,65
0726ca723042500c,pareto,8,8,16,False,True,True,False,0.5,8,0,100.0,100.0,0.25,0.25,0.5,2.9477831731448907,99.17944321966928,16.0,0.0,100.0,65
0726ca723042500c,gt_distance,8,8,16,False,True,True,False,0.5,8,0,100.0,100.0,0.25,0.25,0.5,2.9477831731448907,99.17944321966928,16.0,0.0,100.0,65
0726ca723042500c,old_pc,12,12,12,False,True,True,False,0.0,12,0,99.99996064419408,99.99996064419408,0.4166666666666667,0.5833333333333334,0.0,1.040099930935385,99.17944321966928,16.0,4.0,99.99997048314556,65
e1b339d45b635f03,conditional_pc,16,16,16,False,True,True,True,0.0,16,0,99.81275198176192,99.81275198176192,0.75,0.25,0.0,0.9747381113938244,99.64106774354778,,,,17
e1b339d45b635f03,quality_only,16,16,16,False,True,True,True,0.0,16,0,99.81275198176192,99.81275198176192,0.75,0.25,0.0,0.9747381113938244,99.64106774354778,,,,17
e1b339d45b635f03,score,0,0,16,True,False,False,False,1.0,0,0,100.0,,0.0,0.0,1.0,16.695033695256576,99.64106774354778,16.0,0.0,100.0,17
e1b339d45b635f03,pareto,0,0,16,True,False,False,False,1.0,0,0,100.0,,0.0,0.0,1.0,15.57634213089577,99.64106774354778,16.0,0.0,100.0,17
e1b339d45b635f03,gt_distance,4,4,16,False,True,False,False,0.75,4,0,99.5821437832584,99.6626651521812,0.3125,0.5625,0.125,2.1679894863030804,99.64106774354778,16.0,0.0,99.5821437832584,17
e1b339d45b635f03,old_pc,1,1,1,False,False,False,False,0.0,1,0,99.98037601387354,99.98037601387354,0.0,1.0,0.0,1.3301643196933088,99.64106774354778,16.0,15.0,99.98037432114364,17
60e4b765d65a534a,conditional_pc,16,16,16,False,True,True,True,0.0,16,0,94.60723592742964,94.60723592742964,0.375,0.625,0.0,1.1244965445767834,94.30500921847,,,,25
60e4b765d65a534a,quality_only,16,16,16,False,True,True,True,0.0,16,0,94.60723592742964,94.60723592742964,0.375,0.625,0.0,1.1244965445767834,94.30500921847,,,,25
60e4b765d65a534a,score,0,0,16,True,False,False,False,1.0,0,0,97.89576241283278,,0.0,0.0,1.0,19.17306177211119,94.30500921847,16.0,0.0,97.89576241283278,25
60e4b765d65a534a,pareto,0,0,16,True,False,False,False,1.0,0,0,97.89576241283278,,0.0,0.0,1.0,19.17306177211119,94.30500921847,16.0,0.0,97.89576241283278,25
60e4b765d65a534a,gt_distance,16,16,16,False,True,True,True,0.0,16,0,94.61774778131443,94.61774778131443,0.75,0.25,0.0,0.9545899294280208,94.30500921847,16.0,0.0,94.61774778131443,25
60e4b765d65a534a,old_pc,1,1,1,False,False,False,False,0.0,1,0,95.01515195894147,95.01515195894147,0.0,1.0,0.0,1.7143227173885718,94.30500921847,16.0,15.0,95.01511661054562,25
cb8ed00b6b6e5650,conditional_pc,16,16,16,False,True,True,True,0.0,16,0,91.98373700515596,91.98373700515596,0.0,1.0,0.0,1.1490747436770956,90.1495011967265,,,,28
cb8ed00b6b6e5650,quality_only,16,16,16,False,True,True,True,0.0,16,0,91.98373700515596,91.98373700515596,0.0,1.0,0.0,1.1490747436770956,90.1495011967265,,,,28
cb8ed00b6b6e5650,score,0,0,16,True,False,False,False,1.0,0,0,100.0,,0.0,0.0,1.0,20.62864748031367,90.1495011967265,16.0,0.0,100.0,28
cb8ed00b6b6e5650,pareto,0,0,16,True,False,False,False,1.0,0,0,100.0,,0.0,0.0,1.0,21.952675466493385,90.1495011967265,16.0,0.0,100.0,28
cb8ed00b6b6e5650,gt_distance,8,8,16,False,True,True,False,0.5,8,0,95.54769081045274,93.08700249251002,0.1875,0.3125,0.5,4.158922742929236,90.1495011967265,16.0,0.0,95.54769081045274,28
cb8ed00b6b6e5650,old_pc,1,1,1,False,False,False,False,0.0,1,0,93.70840986643977,93.70840986643977,0.0,1.0,0.0,1.1260463196292374,90.1495011967265,16.0,15.0,93.70855604411084,28
f11aede9f6665b09,conditional_pc,16,16,16,False,True,True,True,0.0,16,0,89.98380252600074,89.98380252600074,0.25,0.75,0.0,1.1154914209142095,88.32810344643418,,,,30
f11aede9f6665b09,quality_only,16,16,16,False,True,True,True,0.0,16,0,89.98380252600076,89.98380252600076,0.25,0.75,0.0,1.1154914209142095,88.32810344643418,,,,30
f11aede9f6665b09,score,0,0,16,True,False,False,False,1.0,0,0,98.89698502122384,,0.0,0.0,1.0,13.895097154858584,88.32810344643418,16.0,0.0,98.89698502122384,30
f11aede9f6665b09,pareto,0,0,16,True,False,False,False,1.0,0,0,98.89698502122384,,0.0,0.0,1.0,13.895097154858584,88.32810344643418,16.0,0.0,98.89698502122384,30
f11aede9f6665b09,gt_distance,0,0,16,True,False,False,False,1.0,0,0,95.2057686604236,,0.0,0.0,1.0,7.270972114595698,88.32810344643418,16.0,0.0,95.2057686604236,30
f11aede9f6665b09,old_pc,1,1,1,False,False,False,False,0.0,1,0,91.55536255790268,91.55536255790268,0.0,1.0,0.0,1.310093877671973,88.32810344643418,16.0,15.0,91.55563612352748,30
8ae2f982585058f2,conditional_pc,16,16,16,False,True,True,True,0.0,16,0,96.69268731471564,96.69268731471564,0.375,0.625,0.0,1.076513122343714,96.26492908259353,,,,19
8ae2f982585058f2,quality_only,16,16,16,False,True,True,True,0.0,16,0,96.69268731471564,96.69268731471564,0.375,0.625,0.0,1.076513122343714,96.26492908259353,,,,19
8ae2f982585058f2,score,0,0,16,True,False,False,False,1.0,0,0,97.26869580131368,,0.0,0.0,1.0,7.733656104512282,96.26492908259353,16.0,0.0,97.26869580131368,19
8ae2f982585058f2,pareto,0,0,16,True,False,False,False,1.0,0,0,77.07896762760032,,0.0,0.0,1.0,14.723978956692225,96.26492908259353,16.0,0.0,77.07896762760032,19
8ae2f982585058f2,gt_distance,0,0,16,True,False,False,False,1.0,0,0,95.7730340381982,,0.1875,0.125,0.6875,3.463754221376572,96.26492908259353,16.0,0.0,95.7730340381982,19
8ae2f982585058f2,old_pc,1,1,1,False,False,False,False,0.0,1,0,97.02933185664202,97.02933185664202,0.0,1.0,0.0,1.1575626570076638,96.26492908259353,16.0,15.0,97.02932376561527,19
ee81b62009285462,conditional_pc,16,16,16,False,True,True,True,0.0,16,0,100.0,100.0,0.3125,0.6875,0.0,1.1158864164116262,100.0,,,,32
ee81b62009285462,quality_only,16,16,16,False,True,True,True,0.0,16,0,100.0,100.0,0.3125,0.6875,0.0,1.1158864164116262,100.0,,,,32
ee81b62009285462,score,0,0,16,True,False,False,False,1.0,0,0,100.0,,0.0,0.0,1.0,5.182133048569595,100.0,16.0,0.0,100.0,32
ee81b62009285462,pareto,2,2,16,False,False,False,False,0.875,2,0,100.0,100.0,0.0625,0.0625,0.875,10.13931350175389,100.0,16.0,0.0,100.0,32
ee81b62009285462,gt_distance,4,4,16,False,True,False,False,0.75,4,0,100.0,100.0,0.1875,0.0625,0.75,5.102071458288096,100.0,16.0,0.0,100.0,32
ee81b62009285462,old_pc,16,16,16,False,True,True,True,0.0,16,0,100.0,100.0,0.3125,0.6875,0.0,1.1158864164116262,100.0,16.0,0.0,100.0,32
8783e69e8b9d5d5c,conditional_pc,16,16,16,False,True,True,True,0.0,16,0,89.60144791428797,89.60144791428797,0.25,0.75,0.0,1.15766150034209,89.03359732212085,,,,28
8783e69e8b9d5d5c,quality_only,16,16,16,False,True,True,True,0.0,16,0,89.60144791428797,89.60144791428797,0.25,0.75,0.0,1.15766150034209,89.03359732212085,,,,28
8783e69e8b9d5d5c,score,0,0,16,True,False,False,False,1.0,0,0,91.9939240326366,,0.0,0.0,1.0,9.394846218375603,89.03359732212085,16.0,0.0,91.9939240326366,28
8783e69e8b9d5d5c,pareto,0,0,16,True,False,False,False,1.0,0,0,91.9939240326366,,0.0,0.0,1.0,9.394846218375603,89.03359732212085,16.0,0.0,91.9939240326366,28
8783e69e8b9d5d5c,gt_distance,0,0,16,True,False,False,False,1.0,0,0,91.9939240326366,,0.0,0.0,1.0,9.394846218375603,89.03359732212085,16.0,0.0,91.9939240326366,28
8783e69e8b9d5d5c,old_pc,1,1,1,False,False,False,False,0.0,1,0,90.04466051820039,90.04466051820039,0.0,1.0,0.0,1.258455250627172,89.03359732212085,16.0,15.0,90.04468052167665,28
9566c9689988532d,conditional_pc,16,16,16,False,True,True,True,0.0,16,0,93.46963017924004,93.46963017924004,0.1875,0.8125,0.0,1.195688715079269,90.979430338817,,,,22
9566c9689988532d,quality_only,16,16,16,False,True,True,True,0.0,16,0,93.46963017924004,93.46963017924004,0.1875,0.8125,0.0,1.195688715079269,90.979430338817,,,,22
9566c9689988532d,score,0,0,16,True,False,False,False,1.0,0,0,100.0,,0.0,0.0,1.0,19.4770350811545,90.979430338817,16.0,0.0,100.0,22
9566c9689988532d,pareto,0,0,16,True,False,False,False,1.0,0,0,100.0,,0.0,0.0,1.0,16.38597960805262,90.979430338817,16.0,0.0,100.0,22
9566c9689988532d,gt_distance,0,0,16,True,False,False,False,1.0,0,0,100.0,,0.0,0.0,1.0,18.13298313529504,90.979430338817,16.0,0.0,100.0,22
9566c9689988532d,old_pc,1,1,1,False,False,False,False,0.0,1,0,95.55614265693158,95.55614265693158,0.0,1.0,0.0,1.8585770114221392,90.979430338817,16.0,15.0,95.556159116243,22
a49f197b94e15a20,conditional_pc,16,16,16,False,True,True,True,0.0,16,0,96.86967037033048,96.86967037033048,0.5625,0.4375,0.0,1.0840457058161723,96.56233457242732,,,,17
a49f197b94e15a20,quality_only,16,16,16,False,True,True,True,0.0,16,0,96.86967037033048,96.86967037033048,0.5625,0.4375,0.0,1.0840457058161723,96.56233457242732,,,,17
a49f197b94e15a20,score,0,0,16,True,False,False,False,1.0,0,0,100.0,,0.0,0.0,1.0,53.135738612769046,96.56233457242732,16.0,0.0,100.0,17
a49f197b94e15a20,pareto,0,0,16,True,False,False,False,1.0,0,0,100.0,,0.0,0.0,1.0,59.96764981597975,96.56233457242732,16.0,0.0,100.0,17
a49f197b94e15a20,gt_distance,5,5,16,False,True,False,False,0.6875,5,0,97.28618848867988,97.0730230721826,0.0625,0.25,0.6875,3.927912941724148,96.56233457242732,16.0,0.0,97.28618848867988,17
a49f197b94e15a20,old_pc,1,1,1,False,False,False,False,0.0,1,0,97.18833676140284,97.18833676140284,0.0,1.0,0.0,1.102947950086057,96.56233457242732,16.0,15.0,97.18835481722932,17
d4b1d28cb67b5618,conditional_pc,16,16,16,False,True,True,True,0.0,16,0,95.00974843479872,95.00974843479872,0.25,0.75,0.0,1.1697388344763793,94.66301670140156,,,,19
d4b1d28cb67b5618,quality_only,16,16,16,False,True,True,True,0.0,16,0,95.00974843479872,95.00974843479872,0.25,0.75,0.0,1.1697388344763793,94.66301670140156,,,,19
d4b1d28cb67b5618,score,0,0,16,True,False,False,False,1.0,0,0,97.20714228800252,,0.0,0.0,1.0,19.225061015320804,94.66301670140156,16.0,0.0,97.20714228800252,19
d4b1d28cb67b5618,pareto,0,0,16,True,False,False,False,1.0,0,0,97.20714228800252,,0.0,0.0,1.0,19.225061015320804,94.66301670140156,16.0,0.0,97.20714228800252,19
d4b1d28cb67b5618,gt_distance,0,0,16,True,False,False,False,1.0,0,0,96.66271854065506,,0.0,0.0,1.0,14.049439615402097,94.66301670140156,16.0,0.0,96.66271854065506,19
d4b1d28cb67b5618,old_pc,1,1,1,False,False,False,False,0.0,1,0,95.21154873178172,95.21154873178172,0.0,1.0,0.0,1.1630572748649417,94.66301670140156,16.0,15.0,95.21159338774795,19
9fd73df50f1d5a2b,conditional_pc,16,16,16,False,True,True,True,0.0,16,0,93.71193838176572,93.71193838176572,0.375,0.625,0.0,1.093372659638379,93.18761957154584,,,,25
9fd73df50f1d5a2b,quality_only,16,16,16,False,True,True,True,0.0,16,0,93.71193838176572,93.71193838176572,0.375,0.625,0.0,1.093372659638379,93.18761957154584,,,,25
9fd73df50f1d5a2b,score,0,0,16,True,False,False,False,1.0,0,0,95.3315133571942,,0.0,0.0,1.0,19.09911856895568,93.18761957154584,16.0,0.0,95.3315133571942,25
9fd73df50f1d5a2b,pareto,0,0,16,True,False,False,False,1.0,0,0,95.3315133571942,,0.0,0.0,1.0,19.09911856895568,93.18761957154584,16.0,0.0,95.3315133571942,25
9fd73df50f1d5a2b,gt_distance,0,0,16,True,False,False,False,1.0,0,0,95.3315133571942,,0.0,0.0,1.0,19.09911856895568,93.18761957154584,16.0,0.0,95.3315133571942,25
9fd73df50f1d5a2b,old_pc,1,1,1,False,False,False,False,0.0,1,0,94.0918597024312,94.0918597024312,0.0,1.0,0.0,1.2271397372134465,93.18761957154584,16.0,15.0,94.09192096899235,25
40bdcf910bed5013,conditional_pc,16,16,16,False,True,True,True,0.0,16,0,100.0,100.0,0.0,1.0,0.0,1.3110827449265918,100.0,,,,57
40bdcf910bed5013,quality_only,16,16,16,False,True,True,True,0.0,16,0,100.0,100.0,0.0,1.0,0.0,1.3110827449265918,100.0,,,,57
40bdcf910bed5013,score,0,0,16,True,False,False,False,1.0,0,0,100.0,,0.0,0.0,1.0,2.671458487078388,100.0,16.0,0.0,100.0,57
40bdcf910bed5013,pareto,1,1,16,False,False,False,False,0.9375,1,0,100.0,100.0,0.0625,0.0,0.9375,7.589716561316511,100.0,16.0,0.0,100.0,57
40bdcf910bed5013,gt_distance,1,1,16,False,False,False,False,0.9375,1,0,100.0,100.0,0.0625,0.0,0.9375,7.589716561316511,100.0,16.0,0.0,100.0,57
40bdcf910bed5013,old_pc,16,16,16,False,True,True,True,0.0,16,0,100.0,100.0,0.0,1.0,0.0,1.3110827449265918,100.0,16.0,0.0,100.0,57
c72fac839d7b5bdf,conditional_pc,16,16,16,False,True,True,True,0.0,16,0,94.92855109430946,94.92855109430946,0.0,1.0,0.0,1.312379962268024,94.49498355467946,,,,48
c72fac839d7b5bdf,quality_only,16,16,16,False,True,True,True,0.0,16,0,94.92855109430946,94.92855109430946,0.0,1.0,0.0,1.312379962268024,94.49498355467946,,,,48
c72fac839d7b5bdf,score,16,16,16,False,True,True,True,0.0,16,0,95.15273131004048,95.15273131004048,0.5625,0.4375,0.0,1.0053437380142467,94.49498355467946,16.0,0.0,95.15273131004048,48
c72fac839d7b5bdf,pareto,16,16,16,False,True,True,True,0.0,16,0,95.15273131004048,95.15273131004048,0.5625,0.4375,0.0,1.0053437380142467,94.49498355467946,16.0,0.0,95.15273131004048,48
c72fac839d7b5bdf,gt_distance,16,16,16,False,True,True,True,0.0,16,0,95.15273131004048,95.15273131004048,0.5625,0.4375,0.0,1.0053437380142467,94.49498355467946,16.0,0.0,95.15273131004048,48
c72fac839d7b5bdf,old_pc,2,2,2,False,False,False,False,0.0,2,0,95.37157031983864,95.37157031983864,0.0,1.0,0.0,1.3834043404838885,94.49498355467946,16.0,14.0,95.37200353070448,48
23cb188abddf5851,conditional_pc,16,16,16,False,True,True,True,0.0,16,0,89.06169823910844,89.06169823910844,0.0,1.0,0.0,1.5477083444797162,85.72715971399809,,,,38
23cb188abddf5851,quality_only,16,16,16,False,True,True,True,0.0,16,0,89.06169823910844,89.06169823910844,0.0,1.0,0.0,1.5477083444797162,85.72715971399809,,,,38
23cb188abddf5851,score,0,0,16,True,False,False,False,1.0,0,0,100.0,,0.0,0.0,1.0,44.08061911430771,85.72715971399809,16.0,0.0,100.0,38
23cb188abddf5851,pareto,0,0,16,True,False,False,False,1.0,0,0,100.0,,0.0,0.0,1.0,45.77083783575288,85.72715971399809,16.0,0.0,100.0,38
23cb188abddf5851,gt_distance,0,0,16,True,False,False,False,1.0,0,0,93.18249394972553,,0.0,0.0,1.0,13.837724908729223,85.72715971399809,16.0,0.0,93.18249394972553,38
23cb188abddf5851,old_pc,1,1,1,False,False,False,False,0.0,1,0,89.4527654150288,89.4527654150288,0.0,1.0,0.0,1.7210669012059563,85.72715971399809,16.0,15.0,89.45266387642346,38
a488a24ace4e5a0e,conditional_pc,16,16,16,False,True,True,True,0.0,16,0,100.0,100.0,0.0,1.0,0.0,1.271417881574636,100.0,,,,33
a488a24ace4e5a0e,quality_only,16,16,16,False,True,True,True,0.0,16,0,100.0,100.0,0.0,1.0,0.0,1.271417881574636,100.0,,,,33
a488a24ace4e5a0e,score,0,0,16,True,False,False,False,1.0,0,0,100.0,,0.0,0.0,1.0,6.967888310364037,100.0,16.0,0.0,100.0,33
a488a24ace4e5a0e,pareto,3,3,16,False,False,False,False,0.8125,3,0,100.0,100.0,0.0625,0.125,0.8125,5.839228562655476,100.0,16.0,0.0,100.0,33
a488a24ace4e5a0e,gt_distance,6,6,16,False,True,False,False,0.625,6,0,100.0,100.0,0.0625,0.3125,0.625,4.256969089518824,100.0,16.0,0.0,100.0,33
a488a24ace4e5a0e,old_pc,16,16,16,False,True,True,True,0.0,16,0,100.0,100.0,0.0,1.0,0.0,1.271417881574636,100.0,16.0,0.0,100.0,33
a2e11073e3025626,conditional_pc,16,16,16,False,True,True,True,0.0,16,0,100.0,100.0,0.0,1.0,0.0,1.311447163162373,100.0,,,,35
a2e11073e3025626,quality_only,16,16,16,False,True,True,True,0.0,16,0,100.0,100.0,0.0,1.0,0.0,1.311447163162373,100.0,,,,35
a2e11073e3025626,score,0,0,16,True,False,False,False,1.0,0,0,100.0,,0.0,0.0,1.0,9.376721240136014,100.0,16.0,0.0,100.0,35
a2e11073e3025626,pareto,2,2,16,False,False,False,False,0.875,2,0,100.0,100.0,0.0625,0.0625,0.875,11.339747756358296,100.0,16.0,0.0,100.0,35
a2e11073e3025626,gt_distance,3,3,16,False,False,False,False,0.8125,3,0,100.0,100.0,0.0625,0.125,0.8125,10.12051664836547,100.0,16.0,0.0,100.0,35
a2e11073e3025626,old_pc,16,16,16,False,True,True,True,0.0,16,0,100.0,100.0,0.0,1.0,0.0,1.311447163162373,100.0,16.0,0.0,100.0,35
56df5b5a7f8d5964,conditional_pc,16,16,16,False,True,True,True,0.0,16,0,92.83422039545437,92.83422039545437,0.0,1.0,0.0,1.2787945077320977,92.41344049694618,,,,36
56df5b5a7f8d5964,quality_only,16,16,16,False,True,True,True,0.0,16,0,92.83422039545437,92.83422039545437,0.0,1.0,0.0,1.2787945077320977,92.41344049694618,,,,36
56df5b5a7f8d5964,score,0,0,16,True,False,False,False,1.0,0,0,94.49236577527132,,0.0,0.0,1.0,13.63781816002802,92.41344049694618,16.0,0.0,94.49236577527132,36
56df5b5a7f8d5964,pareto,0,0,16,True,False,False,False,1.0,0,0,94.49236577527132,,0.0,0.0,1.0,13.63781816002802,92.41344049694618,16.0,0.0,94.49236577527132,36
56df5b5a7f8d5964,gt_distance,0,0,16,True,False,False,False,1.0,0,0,93.7382388596682,,0.0,0.0,1.0,6.583547139621926,92.41344049694618,16.0,0.0,93.7382388596682,36
56df5b5a7f8d5964,old_pc,1,1,1,False,False,False,False,0.0,1,0,93.34692927800428,93.34692927800428,0.0,1.0,0.0,1.0714574629984326,92.41344049694618,16.0,15.0,93.34684235413437,36
9f7eb558c5125bca,conditional_pc,16,16,16,False,True,True,True,0.0,16,0,88.01632062005123,88.01632062005123,0.0,1.0,0.0,1.3374279152258666,86.6543796704954,,,,46
9f7eb558c5125bca,quality_only,16,16,16,False,True,True,True,0.0,16,0,88.01632062005123,88.01632062005123,0.0,1.0,0.0,1.3374279152258666,86.6543796704954,,,,46
9f7eb558c5125bca,score,4,4,16,False,True,False,False,0.75,4,0,88.96754153059115,88.70011562088116,0.0625,0.1875,0.75,3.940308332271568,86.6543796704954,16.0,0.0,88.96754153059115,46
9f7eb558c5125bca,pareto,4,4,16,False,True,False,False,0.75,4,0,88.96754153059115,88.70011562088116,0.0625,0.1875,0.75,3.940308332271568,86.6543796704954,16.0,0.0,88.96754153059115,46
9f7eb558c5125bca,gt_distance,4,4,16,False,True,False,False,0.75,4,0,88.96754153059115,88.70011562088116,0.0625,0.1875,0.75,3.940308332271568,86.6543796704954,16.0,0.0,88.96754153059115,46
9f7eb558c5125bca,old_pc,1,1,1,False,False,False,False,0.0,1,0,88.88726017751382,88.88726017751382,0.0,1.0,0.0,1.1435766928476447,86.6543796704954,16.0,15.0,88.88683846265438,46
b7520d4aabdb522f,conditional_pc,16,16,16,False,True,True,True,0.0,16,0,100.0,100.0,0.0,1.0,0.0,1.166520071595397,100.0,,,,41
b7520d4aabdb522f,quality_only,16,16,16,False,True,True,True,0.0,16,0,100.0,100.0,0.0,1.0,0.0,1.166520071595397,100.0,,,,41
b7520d4aabdb522f,score,0,0,16,True,False,False,False,1.0,0,0,100.0,,0.0,0.0,1.0,2.768411282103659,100.0,16.0,0.0,100.0,41
b7520d4aabdb522f,pareto,2,2,16,False,False,False,False,0.875,2,0,100.0,100.0,0.0,0.125,0.875,5.5325442139266,100.0,16.0,0.0,100.0,41
b7520d4aabdb522f,gt_distance,3,3,16,False,False,False,False,0.8125,3,0,100.0,100.0,0.0625,0.125,0.8125,4.53963736954694,100.0,16.0,0.0,100.0,41
b7520d4aabdb522f,old_pc,16,16,16,False,True,True,True,0.0,16,0,100.0,100.0,0.0,1.0,0.0,1.166520071595397,100.0,16.0,0.0,100.0,41
c97d721af0475e45,conditional_pc,16,16,16,False,True,True,True,0.0,16,0,91.54891962722434,91.54891962722434,0.0,1.0,0.0,1.3061889025202449,91.01244511819353,,,,33
c97d721af0475e45,quality_only,16,16,16,False,True,True,True,0.0,16,0,91.54856757369843,91.54856757369843,0.0,1.0,0.0,1.3197066477821044,91.01244511819353,,,,33
c97d721af0475e45,score,0,0,16,True,False,False,False,1.0,0,0,93.0435198207648,,0.0,0.0,1.0,27.06885852681341,91.01244511819353,16.0,0.0,93.0435198207648,33
c97d721af0475e45,pareto,0,0,16,True,False,False,False,1.0,0,0,93.0435198207648,,0.0,0.0,1.0,27.06885852681341,91.01244511819353,16.0,0.0,93.0435198207648,33
c97d721af0475e45,gt_distance,0,0,16,True,False,False,False,1.0,0,0,92.67081406644546,,0.0,0.0,1.0,10.47546849193082,91.01244511819353,16.0,0.0,92.67081406644546,33
c97d721af0475e45,old_pc,1,1,1,False,False,False,False,0.0,1,0,92.47591037251232,92.47591037251232,0.0,1.0,0.0,1.557677432525314,91.01244511819353,16.0,15.0,92.47604164249776,33
2c87600ce5a15f76,conditional_pc,16,16,16,False,True,True,True,0.0,16,0,95.55686362349016,95.55686362349016,0.1875,0.8125,0.0,1.2474403522408188,95.04157079889494,,,,22
2c87600ce5a15f76,quality_only,16,16,16,False,True,True,True,0.0,16,0,95.55686362349016,95.55686362349016,0.1875,0.8125,0.0,1.2474403522408188,95.04157079889494,,,,22
2c87600ce5a15f76,score,4,4,16,False,True,False,False,0.75,4,0,96.13477333839636,96.05727630052068,0.0,0.25,0.75,6.958075265134979,95.04157079889494,16.0,0.0,96.13477333839636,22
2c87600ce5a15f76,pareto,4,4,16,False,True,False,False,0.75,4,0,96.13477333839636,96.05727630052068,0.0,0.25,0.75,6.958075265134979,95.04157079889494,16.0,0.0,96.13477333839636,22
2c87600ce5a15f76,gt_distance,5,5,16,False,True,False,False,0.6875,5,0,96.11705994616206,96.03267019904058,0.0,0.3125,0.6875,6.08013296642218,95.04157079889494,16.0,0.0,96.11705994616206,22
2c87600ce5a15f76,old_pc,1,1,1,False,False,False,False,0.0,1,0,96.24527270254836,96.24527270254836,0.0,1.0,0.0,1.3147672944878344,95.04157079889494,16.0,15.0,96.2453026905624,22
5d0d7322ddea55ce,conditional_pc,16,16,16,False,True,True,True,0.0,16,0,80.47286369256852,80.47286369256852,0.375,0.625,0.0,1.031559516047878,79.33405980992369,,,,25
5d0d7322ddea55ce,quality_only,16,16,16,False,True,True,True,0.0,16,0,80.47286369256852,80.47286369256852,0.375,0.625,0.0,1.031559516047878,79.33405980992369,,,,25
5d0d7322ddea55ce,score,0,0,16,True,False,False,False,1.0,0,0,94.19355776386278,,0.0,0.0,1.0,41.41193312090817,79.33405980992369,16.0,0.0,94.19355776386278,25
5d0d7322ddea55ce,pareto,0,0,16,True,False,False,False,1.0,0,0,94.19355776386278,,0.0,0.0,1.0,41.41193312090817,79.33405980992369,16.0,0.0,94.19355776386278,25
5d0d7322ddea55ce,gt_distance,0,0,16,True,False,False,False,1.0,0,0,90.92900275936375,,0.0,0.0,1.0,30.06322389290908,79.33405980992369,16.0,0.0,90.92900275936375,25
5d0d7322ddea55ce,old_pc,1,1,1,False,False,False,False,0.0,1,0,82.0867587062159,82.0867587062159,0.0,1.0,0.0,1.0448201004600888,79.33405980992369,16.0,15.0,82.0872495868604,25
fad3b25206405469,conditional_pc,16,16,16,False,True,True,True,0.0,16,0,97.20684750848932,97.20684750848932,0.375,0.625,0.0,1.0439638417807575,96.97068970643672,,,,21
fad3b25206405469,quality_only,16,16,16,False,True,True,True,0.0,16,0,97.20684750848932,97.20684750848932,0.375,0.625,0.0,1.0439638417807575,96.97068970643672,,,,21
fad3b25206405469,score,0,0,16,True,False,False,False,1.0,0,0,98.13512366425113,,0.0,0.0,1.0,11.146244771957232,96.97068970643672,16.0,0.0,98.13512366425113,21
fad3b25206405469,pareto,0,0,16,True,False,False,False,1.0,0,0,98.13512366425113,,0.0,0.0,1.0,11.146244771957232,96.97068970643672,16.0,0.0,98.13512366425113,21
fad3b25206405469,gt_distance,0,0,16,True,False,False,False,1.0,0,0,91.8196368946216,,0.0,0.0,1.0,40.03452115394947,96.97068970643672,16.0,0.0,91.8196368946216,21
fad3b25206405469,old_pc,1,1,1,False,False,False,False,0.0,1,0,97.38713615080874,97.38713615080874,0.0,1.0,0.0,1.001958073520549,96.97068970643672,16.0,15.0,97.38714383445578,21
117be7ce4bae59d9,conditional_pc,16,16,16,False,True,True,True,0.0,16,0,97.10765364281178,97.10765364281178,0.3125,0.6875,0.0,1.1013124643684875,96.73959629493174,,,,19
117be7ce4bae59d9,quality_only,16,16,16,False,True,True,True,0.0,16,0,97.10765364281178,97.10765364281178,0.3125,0.6875,0.0,1.1013124643684875,96.73959629493174,,,,19
117be7ce4bae59d9,score,0,0,16,True,False,False,False,1.0,0,0,98.48921168997651,,0.0,0.0,1.0,11.941123102955585,96.73959629493174,16.0,0.0,98.48921168997651,19
117be7ce4bae59d9,pareto,0,0,16,True,False,False,False,1.0,0,0,98.48921168997651,,0.0,0.0,1.0,11.941123102955585,96.73959629493174,16.0,0.0,98.48921168997651,19
117be7ce4bae59d9,gt_distance,4,4,16,False,True,False,False,0.75,4,0,96.93234770994952,96.83119389768012,0.375,0.3125,0.3125,4.013461613308272,96.73959629493174,16.0,0.0,96.93234770994952,19
117be7ce4bae59d9,old_pc,1,1,1,False,False,False,False,0.0,1,0,97.56817691504486,97.56817691504486,0.0,1.0,0.0,1.4978779614547333,96.73959629493174,16.0,15.0,97.56816555315083,19
36f37eab352d5150,conditional_pc,16,16,16,False,True,True,True,0.0,16,0,100.0,100.0,0.0,1.0,0.0,1.2398746979818132,100.0,,,,38
36f37eab352d5150,quality_only,16,16,16,False,True,True,True,0.0,16,0,100.0,100.0,0.0,1.0,0.0,1.2398746979818132,100.0,,,,38
36f37eab352d5150,score,0,0,16,True,False,False,False,1.0,0,0,100.0,,0.0,0.0,1.0,2.502207431629426,100.0,16.0,0.0,100.0,38
36f37eab352d5150,pareto,0,0,16,True,False,False,False,1.0,0,0,100.0,,0.0,0.0,1.0,7.389216133620776,100.0,16.0,0.0,100.0,38
36f37eab352d5150,gt_distance,0,0,16,True,False,False,False,1.0,0,0,100.0,,0.0,0.0,1.0,5.68483619167617,100.0,16.0,0.0,100.0,38
36f37eab352d5150,old_pc,16,16,16,False,True,True,True,0.0,16,0,100.0,100.0,0.0,1.0,0.0,1.2398746979818132,100.0,16.0,0.0,100.0,38
ada4bd96b21350f3,conditional_pc,16,16,16,False,True,True,True,0.0,16,0,100.0,100.0,0.0,1.0,0.0,1.3675602438737604,100.0,,,,40
ada4bd96b21350f3,quality_only,16,16,16,False,True,True,True,0.0,16,0,100.0,100.0,0.0,1.0,0.0,1.3675602438737604,100.0,,,,40
ada4bd96b21350f3,score,0,0,16,True,False,False,False,1.0,0,0,100.0,,0.0,0.0,1.0,6.550540962401632,100.0,16.0,0.0,100.0,40
ada4bd96b21350f3,pareto,3,3,16,False,False,False,False,0.8125,3,0,100.0,100.0,0.0625,0.125,0.8125,7.983447545222253,100.0,16.0,0.0,100.0,40
ada4bd96b21350f3,gt_distance,4,4,16,False,True,False,False,0.75,4,0,100.0,100.0,0.0625,0.1875,0.75,4.778383127526247,100.0,16.0,0.0,100.0,40
ada4bd96b21350f3,old_pc,16,16,16,False,True,True,True,0.0,16,0,100.0,100.0,0.0,1.0,0.0,1.3675602438737604,100.0,16.0,0.0,100.0,40
116f3217b5875595,conditional_pc,16,16,16,False,True,True,True,0.0,16,0,100.0,100.0,0.0,1.0,0.0,1.12755649247228,100.0,,,,34
116f3217b5875595,quality_only,16,16,16,False,True,True,True,0.0,16,0,100.0,100.0,0.0,1.0,0.0,1.12755649247228,100.0,,,,34
116f3217b5875595,score,0,0,16,True,False,False,False,1.0,0,0,100.0,,0.0,0.0,1.0,3.905827296144418,100.0,16.0,0.0,100.0,34
116f3217b5875595,pareto,2,2,16,False,False,False,False,0.875,2,0,100.0,100.0,0.0625,0.0625,0.875,6.914125865323957,100.0,16.0,0.0,100.0,34
116f3217b5875595,gt_distance,3,3,16,False,False,False,False,0.8125,3,0,100.0,100.0,0.125,0.0625,0.8125,4.276963917649049,100.0,16.0,0.0,100.0,34
116f3217b5875595,old_pc,16,16,16,False,True,True,True,0.0,16,0,100.0,100.0,0.0,1.0,0.0,1.12755649247228,100.0,16.0,0.0,100.0,34
2ce54722e81a5726,conditional_pc,16,16,16,False,True,True,True,0.0,16,0,100.0,100.0,0.0,1.0,0.0,1.2987939599257234,100.0,,,,43
2ce54722e81a5726,quality_only,16,16,16,False,True,True,True,0.0,16,0,100.0,100.0,0.0,1.0,0.0,1.2987939599257234,100.0,,,,43
2ce54722e81a5726,score,0,0,16,True,False,False,False,1.0,0,0,100.0,,0.0,0.0,1.0,3.5934800173401293,100.0,16.0,0.0,100.0,43
2ce54722e81a5726,pareto,3,3,16,False,False,False,False,0.8125,3,0,100.0,100.0,0.0,0.1875,0.8125,7.467276177176539,100.0,16.0,0.0,100.0,43
2ce54722e81a5726,gt_distance,4,4,16,False,True,False,False,0.75,4,0,100.0,100.0,0.125,0.125,0.75,3.624574051895599,100.0,16.0,0.0,100.0,43
2ce54722e81a5726,old_pc,16,16,16,False,True,True,True,0.0,16,0,100.0,100.0,0.0,1.0,0.0,1.2987939599257234,100.0,16.0,0.0,100.0,43
f0e8b02b16cc5161,conditional_pc,16,16,16,False,True,True,True,0.0,16,0,100.0,100.0,0.0,1.0,0.0,1.2299711422639623,100.0,,,,37
f0e8b02b16cc5161,quality_only,16,16,16,False,True,True,True,0.0,16,0,100.0,100.0,0.0,1.0,0.0,1.2299711422639623,100.0,,,,37
f0e8b02b16cc5161,score,0,0,16,True,False,False,False,1.0,0,0,100.0,,0.0,0.0,1.0,2.0207963907148425,100.0,16.0,0.0,100.0,37
f0e8b02b16cc5161,pareto,2,2,16,False,False,False,False,0.875,2,0,100.0,100.0,0.0,0.125,0.875,6.002492162085354,100.0,16.0,0.0,100.0,37
f0e8b02b16cc5161,gt_distance,3,3,16,False,False,False,False,0.8125,3,0,100.0,100.0,0.0,0.1875,0.8125,3.8364162984001022,100.0,16.0,0.0,100.0,37
f0e8b02b16cc5161,old_pc,16,16,16,False,True,True,True,0.0,16,0,100.0,100.0,0.0,1.0,0.0,1.2299711422639623,100.0,16.0,0.0,100.0,37
4db513bb187a5415,conditional_pc,16,16,16,False,True,True,True,0.0,16,0,96.50081476874068,96.50081476874068,0.3125,0.6875,0.0,1.122932076140443,94.6675727366186,,,,22
4db513bb187a5415,quality_only,16,16,16,False,True,True,True,0.0,16,0,96.50081476874068,96.50081476874068,0.3125,0.6875,0.0,1.122932076140443,94.6675727366186,,,,22
4db513bb187a5415,score,0,0,16,True,False,False,False,1.0,0,0,100.0,,0.0,0.0,1.0,13.490579560805712,94.6675727366186,16.0,0.0,100.0,22
4db513bb187a5415,pareto,0,0,16,True,False,False,False,1.0,0,0,100.0,,0.0,0.0,1.0,12.971272976704707,94.6675727366186,16.0,0.0,100.0,22
4db513bb187a5415,gt_distance,0,0,16,True,False,False,False,1.0,0,0,93.07228356156222,,0.0,0.0,1.0,3.27084606741196,94.6675727366186,16.0,0.0,93.07228356156222,22
4db513bb187a5415,old_pc,1,1,1,False,False,False,False,0.0,1,0,98.26838179954534,98.26838179954534,0.0,1.0,0.0,1.127839031542323,94.6675727366186,16.0,15.0,98.26778903636924,22
f679ed3e8e975575,conditional_pc,16,16,16,False,True,True,True,0.0,16,0,99.97768744096516,99.97768744096516,0.25,0.75,0.0,1.1512513077627171,99.84348320930413,,,,20
f679ed3e8e975575,quality_only,16,16,16,False,True,True,True,0.0,16,0,99.97768744096516,99.97768744096516,0.25,0.75,0.0,1.1512513077627171,99.84348320930413,,,,20
f679ed3e8e975575,score,13,13,16,False,True,True,False,0.1875,13,0,100.0,100.0,0.25,0.5625,0.1875,2.223612835753371,99.84348320930413,16.0,0.0,100.0,20
f679ed3e8e975575,pareto,1,1,16,False,False,False,False,0.9375,1,0,100.0,100.0,0.0625,0.0,0.9375,17.41528018767555,99.84348320930413,16.0,0.0,100.0,20
f679ed3e8e975575,gt_distance,0,0,16,True,False,False,False,1.0,0,0,99.2134414726114,,0.0,0.0,1.0,9.43478000866876,99.84348320930413,16.0,0.0,99.2134414726114,20
f679ed3e8e975575,old_pc,13,13,13,False,True,True,False,0.0,13,0,100.0,100.0,0.3076923076923077,0.6923076923076923,0.0,1.1380461562532196,99.84348320930413,16.0,3.0,100.0,20
bc9f53029a6b5c52,conditional_pc,16,16,16,False,True,True,True,0.0,16,0,100.0,100.0,0.125,0.875,0.0,1.1869509898876198,100.0,,,,30
bc9f53029a6b5c52,quality_only,16,16,16,False,True,True,True,0.0,16,0,100.0,100.0,0.125,0.875,0.0,1.1869509898876198,100.0,,,,30
bc9f53029a6b5c52,score,0,0,16,True,False,False,False,1.0,0,0,100.0,,0.0,0.0,1.0,6.211689212472204,100.0,16.0,0.0,100.0,30
bc9f53029a6b5c52,pareto,2,2,16,False,False,False,False,0.875,2,0,100.0,100.0,0.0,0.125,0.875,7.735469650207974,100.0,16.0,0.0,100.0,30
bc9f53029a6b5c52,gt_distance,2,2,16,False,False,False,False,0.875,2,0,100.0,100.0,0.0,0.125,0.875,7.735469650207974,100.0,16.0,0.0,100.0,30
bc9f53029a6b5c52,old_pc,16,16,16,False,True,True,True,0.0,16,0,100.0,100.0,0.125,0.875,0.0,1.1869509898876198,100.0,16.0,0.0,100.0,30
8fcd3f59e5d35e62,conditional_pc,16,16,16,False,True,True,True,0.0,16,0,93.58511518518486,93.58511518518486,0.375,0.625,0.0,1.0617203330021283,93.09575267644256,,,,23
8fcd3f59e5d35e62,quality_only,16,16,16,False,True,True,True,0.0,16,0,93.58511518518486,93.58511518518486,0.375,0.625,0.0,1.0617203330021283,93.09575267644256,,,,23
8fcd3f59e5d35e62,score,0,0,16,True,False,False,False,1.0,0,0,100.0,,0.0,0.0,1.0,57.803010818335466,93.09575267644256,16.0,0.0,100.0,23
8fcd3f59e5d35e62,pareto,0,0,16,True,False,False,False,1.0,0,0,100.0,,0.0,0.0,1.0,55.86910953415142,93.09575267644256,16.0,0.0,100.0,23
8fcd3f59e5d35e62,gt_distance,0,0,16,True,False,False,False,1.0,0,0,96.17329213180466,,0.0,0.0,1.0,16.102809851993086,93.09575267644256,16.0,0.0,96.17329213180466,23
8fcd3f59e5d35e62,old_pc,1,1,1,False,False,False,False,0.0,1,0,94.1209858002098,94.1209858002098,0.0,1.0,0.0,1.235359059710935,93.09575267644256,16.0,15.0,94.12104749547908,23
895b56e6e7d1506f,conditional_pc,16,16,16,False,True,True,True,0.0,16,0,100.0,100.0,0.3125,0.6875,0.0,1.1152212839499036,100.0,,,,31
895b56e6e7d1506f,quality_only,16,16,16,False,True,True,True,0.0,16,0,100.0,100.0,0.3125,0.6875,0.0,1.1152212839499036,100.0,,,,31
895b56e6e7d1506f,score,0,0,16,True,False,False,False,1.0,0,0,100.0,,0.0,0.0,1.0,4.717536334302535,100.0,16.0,0.0,100.0,31
895b56e6e7d1506f,pareto,2,2,16,False,False,False,False,0.875,2,0,100.0,100.0,0.0,0.125,0.875,10.144138404387435,100.0,16.0,0.0,100.0,31
895b56e6e7d1506f,gt_distance,3,3,16,False,False,False,False,0.8125,3,0,100.0,100.0,0.0,0.1875,0.8125,5.081153038725141,100.0,16.0,0.0,100.0,31
895b56e6e7d1506f,old_pc,16,16,16,False,True,True,True,0.0,16,0,100.0,100.0,0.3125,0.6875,0.0,1.1157515741473978,100.0,16.0,0.0,100.0,31
f22f6cb0966f5ddf,conditional_pc,16,16,16,False,True,True,True,0.0,16,0,99.4237210482532,99.4237210482532,0.4375,0.5625,0.0,1.0463918780594843,98.78070679577272,,,,24
f22f6cb0966f5ddf,quality_only,16,16,16,False,True,True,True,0.0,16,0,99.4237210482532,99.4237210482532,0.4375,0.5625,0.0,1.0463918780594843,98.78070679577272,,,,24
f22f6cb0966f5ddf,score,0,0,16,True,False,False,False,1.0,0,0,100.0,,0.0,0.0,1.0,5.786794434895668,98.78070679577272,16.0,0.0,100.0,24
f22f6cb0966f5ddf,pareto,1,1,16,False,False,False,False,0.9375,1,0,100.0,100.0,0.0,0.0625,0.9375,8.49093065346336,98.78070679577272,16.0,0.0,100.0,24
f22f6cb0966f5ddf,gt_distance,1,1,16,False,False,False,False,0.9375,1,0,100.0,100.0,0.0,0.0625,0.9375,7.817214414509849,98.78070679577272,16.0,0.0,100.0,24
f22f6cb0966f5ddf,old_pc,2,2,2,False,False,False,False,0.0,2,0,100.0,100.0,0.0,1.0,0.0,1.193060940027074,98.78070679577272,16.0,14.0,100.0,24
8d16e85f8f505b74,conditional_pc,16,16,16,False,True,True,True,0.0,16,0,91.63301357721762,91.63301357721762,0.125,0.875,0.0,1.1032597698526114,91.44109808683324,,,,22
8d16e85f8f505b74,quality_only,16,16,16,False,True,True,True,0.0,16,0,91.63301357721762,91.63301357721762,0.125,0.875,0.0,1.1032597698526114,91.44109808683324,,,,22
8d16e85f8f505b74,score,0,0,16,True,False,False,False,1.0,0,0,95.22477861837991,,0.0,0.0,1.0,41.28189960047384,91.44109808683324,16.0,0.0,95.22477861837991,22
8d16e85f8f505b74,pareto,0,0,16,True,False,False,False,1.0,0,0,95.22477861837991,,0.0,0.0,1.0,41.28189960047384,91.44109808683324,16.0,0.0,95.22477861837991,22
8d16e85f8f505b74,gt_distance,16,16,16,False,True,True,True,0.0,16,0,91.66166256186244,91.66166256186244,0.25,0.75,0.0,1.0455589944335189,91.44109808683324,16.0,0.0,91.66166256186244,22
8d16e85f8f505b74,old_pc,1,1,1,False,False,False,False,0.0,1,0,91.76853970165614,91.76853970165614,0.0,1.0,0.0,1.0124150779051528,91.44109808683324,16.0,15.0,91.76859749372666,22
3e58b4e75b4d5910,conditional_pc,0,0,0,True,False,False,False,1.0,0,0,,,,,,,100.0,,,,0
3e58b4e75b4d5910,quality_only,0,0,0,True,False,False,False,1.0,0,0,,,,,,,100.0,,,,0
3e58b4e75b4d5910,score,0,0,16,True,False,False,False,1.0,0,0,100.0,,0.0,0.6875,0.3125,1.8473697397800208,100.0,16.0,0.0,100.0,0
3e58b4e75b4d5910,pareto,0,0,16,True,False,False,False,1.0,0,0,100.0,,0.0,0.0,1.0,7.490651954693329,100.0,16.0,0.0,100.0,0
3e58b4e75b4d5910,gt_distance,0,0,16,True,False,False,False,1.0,0,0,100.0,,0.0625,0.5625,0.375,2.0449508176216704,100.0,16.0,0.0,100.0,0
3e58b4e75b4d5910,old_pc,0,0,1,True,False,False,False,1.0,0,0,100.0,,0.0,1.0,0.0,1.8178500370206796,100.0,16.0,15.0,100.0,0
a68174740e5d53d2,conditional_pc,16,16,16,False,True,True,True,0.0,16,0,94.43999812943652,94.43999812943652,0.125,0.875,0.0,1.1777558776321249,93.8956482388127,,,,34
a68174740e5d53d2,quality_only,16,16,16,False,True,True,True,0.0,16,0,94.43999812943652,94.43999812943652,0.125,0.875,0.0,1.177755877632125,93.8956482388127,,,,34
a68174740e5d53d2,score,0,0,16,True,False,False,False,1.0,0,0,97.58732151921969,,0.0,0.0,1.0,32.52030408124435,93.8956482388127,16.0,0.0,97.58732151921969,34
a68174740e5d53d2,pareto,0,0,16,True,False,False,False,1.0,0,0,97.58732151921969,,0.0,0.0,1.0,32.52030408124435,93.8956482388127,16.0,0.0,97.58732151921969,34
a68174740e5d53d2,gt_distance,0,0,16,True,False,False,False,1.0,0,0,95.61146893937992,,0.0,0.0,1.0,9.296504771945331,93.8956482388127,16.0,0.0,95.61146893937992,34
a68174740e5d53d2,old_pc,1,1,1,False,False,False,False,0.0,1,0,94.98277574999268,94.98277574999268,0.0,1.0,0.0,1.1948037415062458,93.8956482388127,16.0,15.0,94.98277849372164,34
9c83725ca24453f5,conditional_pc,16,16,16,False,True,True,True,0.0,16,0,100.0,100.0,0.0,1.0,0.0,1.2147952349002813,100.0,,,,30
9c83725ca24453f5,quality_only,16,16,16,False,True,True,True,0.0,16,0,100.0,100.0,0.0,1.0,0.0,1.2147952349002813,100.0,,,,30
9c83725ca24453f5,score,0,0,16,True,False,False,False,1.0,0,0,100.0,,0.0,0.0,1.0,8.298538649779406,100.0,16.0,0.0,100.0,30
9c83725ca24453f5,pareto,2,2,16,False,False,False,False,0.875,2,0,100.0,100.0,0.0,0.125,0.875,16.72259806579516,100.0,16.0,0.0,100.0,30
9c83725ca24453f5,gt_distance,2,2,16,False,False,False,False,0.875,2,0,100.0,100.0,0.0,0.125,0.875,14.822717170564331,100.0,16.0,0.0,100.0,30
9c83725ca24453f5,old_pc,16,16,16,False,True,True,True,0.0,16,0,100.0,100.0,0.0,1.0,0.0,1.2147952349002813,100.0,16.0,0.0,100.0,30
af80a080342354b5,conditional_pc,16,16,16,False,True,True,True,0.0,16,0,100.0,100.0,0.0,1.0,0.0,1.283059230400668,100.0,,,,42
af80a080342354b5,quality_only,16,16,16,False,True,True,True,0.0,16,0,100.0,100.0,0.0,1.0,0.0,1.283059230400668,100.0,,,,42
af80a080342354b5,score,1,1,16,False,False,False,False,0.9375,1,0,100.0,100.0,0.0,0.0625,0.9375,2.6144254429266143,100.0,16.0,0.0,100.0,42
af80a080342354b5,pareto,1,1,16,False,False,False,False,0.9375,1,0,100.0,100.0,0.0,0.0625,0.9375,7.5280525404178515,100.0,16.0,0.0,100.0,42
af80a080342354b5,gt_distance,1,1,16,False,False,False,False,0.9375,1,0,100.0,100.0,0.0,0.0625,0.9375,6.491388173054878,100.0,16.0,0.0,100.0,42
af80a080342354b5,old_pc,16,16,16,False,True,True,True,0.0,16,0,100.0,100.0,0.0,1.0,0.0,1.283059230400668,100.0,16.0,0.0,100.0,42
7592a60634a65972,conditional_pc,16,16,16,False,True,True,True,0.0,16,0,90.7135947090062,90.7135947090062,0.125,0.875,0.0,1.3322520082186826,90.41162077031989,,,,22
7592a60634a65972,quality_only,16,16,16,False,True,True,True,0.0,16,0,90.7135947090062,90.7135947090062,0.125,0.875,0.0,1.3322520082186824,90.41162077031989,,,,22
7592a60634a65972,score,0,0,16,True,False,False,False,1.0,0,0,93.931154783349,,0.0,0.0,1.0,17.30510417516971,90.41162077031989,16.0,0.0,93.931154783349,22
7592a60634a65972,pareto,0,0,16,True,False,False,False,1.0,0,0,93.931154783349,,0.0,0.0,1.0,17.30510417516971,90.41162077031989,16.0,0.0,93.931154783349,22
7592a60634a65972,gt_distance,0,0,16,True,False,False,False,1.0,0,0,91.88582457182444,,0.0,0.0,1.0,6.113455477221141,90.41162077031989,16.0,0.0,91.88582457182444,22
7592a60634a65972,old_pc,1,1,1,False,False,False,False,0.0,1,0,90.98245679044614,90.98245679044614,0.0,1.0,0.0,1.214855194416908,90.41162077031989,16.0,15.0,90.98237373948032,22
312f7d68b7845c0f,conditional_pc,16,16,16,False,True,True,True,0.0,16,0,100.0,100.0,0.0,1.0,0.0,1.2489262900526594,100.0,,,,34
312f7d68b7845c0f,quality_only,16,16,16,False,True,True,True,0.0,16,0,100.0,100.0,0.0,1.0,0.0,1.2489262900526594,100.0,,,,34
312f7d68b7845c0f,score,0,0,16,True,False,False,False,1.0,0,0,100.0,,0.0,0.0,1.0,4.19015323688771,100.0,16.0,0.0,100.0,34
312f7d68b7845c0f,pareto,2,2,16,False,False,False,False,0.875,2,0,100.0,100.0,0.0,0.125,0.875,6.949660046433218,100.0,16.0,0.0,100.0,34
312f7d68b7845c0f,gt_distance,2,2,16,False,False,False,False,0.875,2,0,100.0,100.0,0.0625,0.0625,0.875,5.422879184573844,100.0,16.0,0.0,100.0,34
312f7d68b7845c0f,old_pc,16,16,16,False,True,True,True,0.0,16,0,100.0,100.0,0.0,1.0,0.0,1.2489262900526594,100.0,16.0,0.0,100.0,34
2ad520fb925f5ace,conditional_pc,16,16,16,False,True,True,True,0.0,16,0,96.28306677624322,96.28306677624322,0.0625,0.9375,0.0,1.182698366742963,94.61504587947265,,,,31
2ad520fb925f5ace,quality_only,16,16,16,False,True,True,True,0.0,16,0,96.28306677624322,96.28306677624322,0.0625,0.9375,0.0,1.182698366742963,94.61504587947265,,,,31
2ad520fb925f5ace,score,0,0,16,True,False,False,False,1.0,0,0,100.0,,0.0,0.0,1.0,16.248099483141843,94.61504587947265,16.0,0.0,100.0,31
2ad520fb925f5ace,pareto,0,0,16,True,False,False,False,1.0,0,0,100.0,,0.0,0.0,1.0,18.487668375883608,94.61504587947265,16.0,0.0,100.0,31
2ad520fb925f5ace,gt_distance,6,6,16,False,True,False,False,0.625,6,0,98.26045283662856,97.37955847207206,0.125,0.25,0.625,3.776857462016793,94.61504587947265,16.0,0.0,98.26045283662856,31
2ad520fb925f5ace,old_pc,1,1,1,False,False,False,False,0.0,1,0,97.91441680204775,97.91441680204775,0.0,1.0,0.0,1.0664636047205454,94.61504587947265,16.0,15.0,97.91487583090252,31
d69754f18e1b5816,conditional_pc,16,16,16,False,True,True,True,0.0,16,0,92.31892856499827,92.31892856499827,0.4375,0.5625,0.0,1.1156876071300037,91.57712557985658,,,,25
d69754f18e1b5816,quality_only,16,16,16,False,True,True,True,0.0,16,0,92.31892856499827,92.31892856499827,0.4375,0.5625,0.0,1.1156876071300037,91.57712557985658,,,,25
d69754f18e1b5816,score,0,0,16,True,False,False,False,1.0,0,0,95.54608098668976,,0.0,0.0,1.0,22.356911252452,91.57712557985658,16.0,0.0,95.54608098668976,25
d69754f18e1b5816,pareto,0,0,16,True,False,False,False,1.0,0,0,95.54608098668976,,0.0,0.0,1.0,22.356911252452,91.57712557985658,16.0,0.0,95.54608098668976,25
d69754f18e1b5816,gt_distance,10,10,16,False,True,True,False,0.375,10,0,92.81968050464624,92.50549885456792,0.1875,0.4375,0.375,2.732422075446326,91.57712557985658,16.0,0.0,92.81968050464624,25
d69754f18e1b5816,old_pc,1,1,1,False,False,False,False,0.0,1,0,92.76856594445482,92.76856594445482,0.0,1.0,0.0,1.5600389113208273,91.57712557985658,16.0,15.0,92.76858771417989,25
1514fa6cda205491,conditional_pc,16,16,16,False,True,True,True,0.0,16,0,100.0,100.0,0.0,1.0,0.0,1.2513357553235014,100.0,,,,36
1514fa6cda205491,quality_only,16,16,16,False,True,True,True,0.0,16,0,100.0,100.0,0.0,1.0,0.0,1.2513357553235014,100.0,,,,36
1514fa6cda205491,score,0,0,16,True,False,False,False,1.0,0,0,100.0,,0.0,0.0,1.0,4.240142301968939,100.0,16.0,0.0,100.0,36
1514fa6cda205491,pareto,2,2,16,False,False,False,False,0.875,2,0,100.0,100.0,0.0625,0.0625,0.875,9.85120498148368,100.0,16.0,0.0,100.0,36
1514fa6cda205491,gt_distance,6,6,16,False,True,False,False,0.625,6,0,100.0,100.0,0.0625,0.3125,0.625,3.035508913430001,100.0,16.0,0.0,100.0,36
1514fa6cda205491,old_pc,16,16,16,False,True,True,True,0.0,16,0,100.0,100.0,0.0,1.0,0.0,1.2513357553235014,100.0,16.0,0.0,100.0,36
65c6face44dc5242,conditional_pc,16,16,16,False,True,True,True,0.0,16,0,100.0,100.0,0.0,1.0,0.0,1.352775238281825,100.0,,,,37
65c6face44dc5242,quality_only,16,16,16,False,True,True,True,0.0,16,0,100.0,100.0,0.0,1.0,0.0,1.352775238281825,100.0,,,,37
65c6face44dc5242,score,0,0,16,True,False,False,False,1.0,0,0,100.0,,0.0,0.0,1.0,4.834718439558511,100.0,16.0,0.0,100.0,37
65c6face44dc5242,pareto,2,2,16,False,False,False,False,0.875,2,0,100.0,100.0,0.0625,0.0625,0.875,8.251497472530783,100.0,16.0,0.0,100.0,37
65c6face44dc5242,gt_distance,1,1,16,False,False,False,False,0.9375,1,0,100.0,100.0,0.0625,0.0,0.9375,8.41503284336251,100.0,16.0,0.0,100.0,37
65c6face44dc5242,old_pc,16,16,16,False,True,True,True,0.0,16,0,100.0,100.0,0.0,1.0,0.0,1.352775238281825,100.0,16.0,0.0,100.0,37
116b808c2f825f23,conditional_pc,16,16,16,False,True,True,True,0.0,16,0,89.73069593214002,89.73069593214002,0.0,1.0,0.0,1.6580435481212017,88.74272755096628,,,,89
116b808c2f825f23,quality_only,16,16,16,False,True,True,True,0.0,16,0,89.73040600217604,89.73040600217604,0.0,1.0,0.0,1.6364706819304735,88.74272755096628,,,,89
116b808c2f825f23,score,0,0,16,True,False,False,False,1.0,0,0,90.55231608595037,,0.0,0.0,1.0,8.798117557184765,88.74272755096628,16.0,0.0,90.55231608595037,89
116b808c2f825f23,pareto,0,0,16,True,False,False,False,1.0,0,0,90.55231608595037,,0.0,0.0,1.0,8.798117557184765,88.74272755096628,16.0,0.0,90.55231608595037,89
116b808c2f825f23,gt_distance,2,2,16,False,False,False,False,0.875,2,0,90.21589563290382,90.09778266735832,0.0,0.125,0.875,2.7436411755983414,88.74272755096628,16.0,0.0,90.21589563290382,89
116b808c2f825f23,old_pc,1,1,1,False,False,False,False,0.0,1,0,90.16640032852376,90.16640032852376,0.0,1.0,0.0,1.9799432329557396,88.74272755096628,16.0,15.0,90.16643897621984,89
0502652852d456e7,conditional_pc,16,16,16,False,True,True,True,0.0,16,0,97.47050437633054,97.47050437633054,0.375,0.625,0.0,1.062194786430536,97.1056324289929,,,,21
0502652852d456e7,quality_only,16,16,16,False,True,True,True,0.0,16,0,97.47050437633054,97.47050437633054,0.375,0.625,0.0,1.062194786430536,97.1056324289929,,,,21
0502652852d456e7,score,0,0,16,True,False,False,False,1.0,0,0,100.0,,0.0,0.0,1.0,14.38974863150704,97.1056324289929,16.0,0.0,100.0,21
0502652852d456e7,pareto,0,0,16,True,False,False,False,1.0,0,0,100.0,,0.0,0.0,1.0,14.112644937346015,97.1056324289929,16.0,0.0,100.0,21
0502652852d456e7,gt_distance,0,0,16,True,False,False,False,1.0,0,0,99.57119769641174,,0.0,0.0,1.0,9.325614287552646,97.1056324289929,16.0,0.0,99.57119769641174,21
0502652852d456e7,old_pc,1,1,1,False,False,False,False,0.0,1,0,97.81561241860942,97.81561241860942,0.0,1.0,0.0,1.2425283306562516,97.1056324289929,16.0,15.0,97.81587657684872,21
d139b76f0b1e5791,conditional_pc,16,16,16,False,True,True,True,0.0,16,0,89.6532036464984,89.6532036464984,0.125,0.875,0.0,1.1734673797336423,89.27191962967535,,,,31
d139b76f0b1e5791,quality_only,16,16,16,False,True,True,True,0.0,16,0,89.6532036464984,89.6532036464984,0.125,0.875,0.0,1.1734673797336423,89.27191962967535,,,,31
d139b76f0b1e5791,score,0,0,16,True,False,False,False,1.0,0,0,91.694849325229,,0.0,0.0,1.0,25.122509285273686,89.27191962967535,16.0,0.0,91.694849325229,31
d139b76f0b1e5791,pareto,0,0,16,True,False,False,False,1.0,0,0,91.694849325229,,0.0,0.0,1.0,25.122509285273686,89.27191962967535,16.0,0.0,91.694849325229,31
d139b76f0b1e5791,gt_distance,0,0,16,True,False,False,False,1.0,0,0,90.92175208972893,,0.0,0.0,1.0,8.970842966791459,89.27191962967535,16.0,0.0,90.92175208972893,31
d139b76f0b1e5791,old_pc,1,1,1,False,False,False,False,0.0,1,0,90.0120543569218,90.0120543569218,0.0,1.0,0.0,1.2967511992324636,89.27191962967535,16.0,15.0,90.01205705433016,31
e6a85ef20b3054c4,conditional_pc,16,16,16,False,True,True,True,0.0,16,0,100.0,100.0,0.0,1.0,0.0,1.2171088821969942,100.0,,,,31
e6a85ef20b3054c4,quality_only,16,16,16,False,True,True,True,0.0,16,0,100.0,100.0,0.0,1.0,0.0,1.2171088821969942,100.0,,,,31
e6a85ef20b3054c4,score,0,0,16,True,False,False,False,1.0,0,0,100.0,,0.0,0.0,1.0,4.0670576334717214,100.0,16.0,0.0,100.0,31
e6a85ef20b3054c4,pareto,1,1,16,False,False,False,False,0.9375,1,0,100.0,100.0,0.0625,0.0625,0.875,13.047512167639262,100.0,16.0,0.0,100.0,31
e6a85ef20b3054c4,gt_distance,1,1,16,False,False,False,False,0.9375,1,0,100.0,100.0,0.0625,0.0625,0.875,6.031312356072069,100.0,16.0,0.0,100.0,31
e6a85ef20b3054c4,old_pc,16,16,16,False,True,True,True,0.0,16,0,100.0,100.0,0.0,1.0,0.0,1.2171088821969942,100.0,16.0,0.0,100.0,31
d2b1e07b5d38547e,conditional_pc,16,16,16,False,True,True,True,0.0,16,0,90.6197555297396,90.6197555297396,0.6875,0.3125,0.0,0.938854264387912,90.5070499178497,,,,16
d2b1e07b5d38547e,quality_only,16,16,16,False,True,True,True,0.0,16,0,90.6197555297396,90.6197555297396,0.6875,0.3125,0.0,0.938854264387912,90.5070499178497,,,,16
d2b1e07b5d38547e,score,0,0,16,True,False,False,False,1.0,0,0,92.14695074030637,,0.0,0.0,1.0,13.54442632032228,90.5070499178497,16.0,0.0,92.14695074030637,16
d2b1e07b5d38547e,pareto,0,0,16,True,False,False,False,1.0,0,0,92.14695074030637,,0.0,0.0,1.0,13.54442632032228,90.5070499178497,16.0,0.0,92.14695074030637,16
d2b1e07b5d38547e,gt_distance,0,0,16,True,False,False,False,1.0,0,0,91.22467624377758,,0.0,0.0,1.0,4.271303328536812,90.5070499178497,16.0,0.0,91.22467624377758,16
d2b1e07b5d38547e,old_pc,1,1,1,False,False,False,False,0.0,1,0,90.74030947157432,90.74030947157432,0.0,1.0,0.0,1.0590107587588966,90.5070499178497,16.0,15.0,90.7402835238041,16
56faab1d1228542e,conditional_pc,16,16,16,False,True,True,True,0.0,16,0,89.98452507206387,89.98452507206387,0.5625,0.4375,0.0,1.037322095166891,89.41795688104102,,,,25
56faab1d1228542e,quality_only,16,16,16,False,True,True,True,0.0,16,0,89.98452507206387,89.98452507206387,0.5625,0.4375,0.0,1.037322095166891,89.41795688104102,,,,25
56faab1d1228542e,score,0,0,16,True,False,False,False,1.0,0,0,93.12679502499246,,0.0,0.0,1.0,17.848928247224123,89.41795688104102,16.0,0.0,93.12679502499246,25
56faab1d1228542e,pareto,0,0,16,True,False,False,False,1.0,0,0,93.12679502499246,,0.0,0.0,1.0,17.848928247224123,89.41795688104102,16.0,0.0,93.12679502499246,25
56faab1d1228542e,gt_distance,0,0,16,True,False,False,False,1.0,0,0,91.37124551460867,,0.0,0.0,1.0,7.478229518607243,89.41795688104102,16.0,0.0,91.37124551460867,25
56faab1d1228542e,old_pc,1,1,1,False,False,False,False,0.0,1,0,90.42046123632728,90.42046123632728,0.0,1.0,0.0,1.0689999944549804,89.41795688104102,16.0,15.0,90.42144460131738,25
a5aa2c07692a5f9b,conditional_pc,16,16,16,False,True,True,True,0.0,16,0,100.0,100.0,0.0,1.0,0.0,1.269259997633204,100.0,,,,29
a5aa2c07692a5f9b,quality_only,16,16,16,False,True,True,True,0.0,16,0,100.0,100.0,0.0,1.0,0.0,1.269259997633204,100.0,,,,29
a5aa2c07692a5f9b,score,0,0,16,True,False,False,False,1.0,0,0,100.0,,0.0,0.0,1.0,4.973528792681284,100.0,16.0,0.0,100.0,29
a5aa2c07692a5f9b,pareto,2,2,16,False,False,False,False,0.875,2,0,100.0,100.0,0.0,0.125,0.875,8.941652901978426,100.0,16.0,0.0,100.0,29
a5aa2c07692a5f9b,gt_distance,1,1,16,False,False,False,False,0.9375,1,0,100.0,100.0,0.0625,0.0,0.9375,6.156469821014133,100.0,16.0,0.0,100.0,29
a5aa2c07692a5f9b,old_pc,16,16,16,False,True,True,True,0.0,16,0,100.0,100.0,0.0,1.0,0.0,1.269259997633204,100.0,16.0,0.0,100.0,29
ccb3b418f0a45229,conditional_pc,16,16,16,False,True,True,True,0.0,16,0,100.0,100.0,0.0,1.0,0.0,1.3392368667262426,100.0,,,,47
ccb3b418f0a45229,quality_only,16,16,16,False,True,True,True,0.0,16,0,100.0,100.0,0.0,1.0,0.0,1.3392368667262426,100.0,,,,47
ccb3b418f0a45229,score,0,0,16,True,False,False,False,1.0,0,0,100.0,,0.0,0.0,1.0,2.419282115755734,100.0,16.0,0.0,100.0,47
ccb3b418f0a45229,pareto,2,2,16,False,False,False,False,0.875,2,0,100.0,100.0,0.0,0.125,0.875,10.411213404681076,100.0,16.0,0.0,100.0,47
ccb3b418f0a45229,gt_distance,4,4,16,False,True,False,False,0.75,4,0,100.0,100.0,0.0,0.25,0.75,4.5470927139375,100.0,16.0,0.0,100.0,47
ccb3b418f0a45229,old_pc,16,16,16,False,True,True,True,0.0,16,0,100.0,100.0,0.0,1.0,0.0,1.3392368667262426,100.0,16.0,0.0,100.0,47
9e326c77e25f526d,conditional_pc,5,5,5,False,True,False,False,0.0,5,0,91.13277927865188,91.13277927865188,0.6,0.4,0.0,1.012274885284471,0.0,,,,5
9e326c77e25f526d,quality_only,5,5,5,False,True,False,False,0.0,5,0,91.13277927865188,91.13277927865188,0.6,0.4,0.0,1.012274885284471,0.0,,,,5
9e326c77e25f526d,score,0,0,16,True,False,False,False,1.0,0,0,93.77751443243103,,0.0,0.0,1.0,36.9162145664551,0.0,16.0,0.0,93.77751443243103,5
9e326c77e25f526d,pareto,0,0,16,True,False,False,False,1.0,0,0,93.77751443243103,,0.0,0.0,1.0,36.9162145664551,0.0,16.0,0.0,93.77751443243103,5
9e326c77e25f526d,gt_distance,0,0,16,True,False,False,False,1.0,0,0,92.5942461305965,,0.0,0.0,1.0,17.959573420921846,0.0,16.0,0.0,92.5942461305965,5
9e326c77e25f526d,old_pc,1,1,1,False,False,False,False,0.0,1,0,91.26121211071109,91.26121211071109,0.0,1.0,0.0,1.2142910817763632,0.0,16.0,15.0,91.2613007533394,5
a11285de52f553a7,conditional_pc,16,16,16,False,True,True,True,0.0,16,0,91.2575571197954,91.2575571197954,0.0,1.0,0.0,1.47011049769248,90.87641718995384,,,,35
a11285de52f553a7,quality_only,16,16,16,False,True,True,True,0.0,16,0,91.2575571197954,91.2575571197954,0.0,1.0,0.0,1.47011049769248,90.87641718995384,,,,35
a11285de52f553a7,score,0,0,16,True,False,False,False,1.0,0,0,92.22051273944712,,0.0,0.0,1.0,12.68604405080709,90.87641718995384,16.0,0.0,92.22051273944712,35
a11285de52f553a7,pareto,0,0,16,True,False,False,False,1.0,0,0,92.22051273944712,,0.0,0.0,1.0,12.68604405080709,90.87641718995384,16.0,0.0,92.22051273944712,35
a11285de52f553a7,gt_distance,0,0,16,True,False,False,False,1.0,0,0,92.2076162754308,,0.0,0.0,1.0,10.53339278842077,90.87641718995384,16.0,0.0,92.2076162754308,35
a11285de52f553a7,old_pc,1,1,1,False,False,False,False,0.0,1,0,91.48785810054804,91.48785810054804,0.0,1.0,0.0,1.0674078364438364,90.87641718995384,16.0,15.0,91.4878630058451,35
b3b328a0d89255ea,conditional_pc,0,0,0,True,False,False,False,1.0,0,0,,,,,,,58.333333333333336,,,,0
b3b328a0d89255ea,quality_only,0,0,0,True,False,False,False,1.0,0,0,,,,,,,58.333333333333336,,,,0
b3b328a0d89255ea,score,0,0,16,True,False,False,False,1.0,0,0,100.0,,0.0,0.0,1.0,35.024835738672124,58.333333333333336,16.0,0.0,100.0,0
b3b328a0d89255ea,pareto,0,0,16,True,False,False,False,1.0,0,0,100.0,,0.0,0.0,1.0,28.02784097534244,58.333333333333336,16.0,0.0,100.0,0
b3b328a0d89255ea,gt_distance,0,0,16,True,False,False,False,1.0,0,0,100.0,,0.0,0.0,1.0,33.28479653114799,58.333333333333336,16.0,0.0,100.0,0
b3b328a0d89255ea,old_pc,0,0,1,True,False,False,False,1.0,0,0,58.333333333333336,,0.0,1.0,0.0,1.4534007300169112,58.333333333333336,16.0,15.0,58.333333333333336,0
ab7c0c62ea5d56df,conditional_pc,0,0,0,True,False,False,False,1.0,0,0,,,,,,,100.0,,,,0
ab7c0c62ea5d56df,quality_only,0,0,0,True,False,False,False,1.0,0,0,,,,,,,100.0,,,,0
ab7c0c62ea5d56df,score,0,0,16,True,False,False,False,1.0,0,0,100.0,,0.0,0.0,1.0,4.663143015999806,100.0,16.0,0.0,100.0,0
ab7c0c62ea5d56df,pareto,0,0,16,True,False,False,False,1.0,0,0,100.0,,0.0,0.0625,0.9375,8.87707937552126,100.0,16.0,0.0,100.0,0
ab7c0c62ea5d56df,gt_distance,0,0,16,True,False,False,False,1.0,0,0,100.0,,0.0625,0.25,0.6875,4.596467797577567,100.0,16.0,0.0,100.0,0
ab7c0c62ea5d56df,old_pc,0,0,1,True,False,False,False,1.0,0,0,100.0,,0.0,1.0,0.0,1.60387111408865,100.0,16.0,15.0,100.0,0
822b5a4a2e075ace,conditional_pc,16,16,16,False,True,True,True,0.0,16,0,83.14867142358948,83.14867142358948,0.375,0.625,0.0,1.1925763550570934,82.87548495510644,,,,26
822b5a4a2e075ace,quality_only,16,16,16,False,True,True,True,0.0,16,0,83.14867142358948,83.14867142358948,0.375,0.625,0.0,1.1925763550570934,82.87548495510644,,,,26
822b5a4a2e075ace,score,0,0,16,True,False,False,False,1.0,0,0,85.92069340179226,,0.0,0.0,1.0,20.18745364782591,82.87548495510644,16.0,0.0,85.92069340179226,26
822b5a4a2e075ace,pareto,0,0,16,True,False,False,False,1.0,0,0,85.92069340179226,,0.0,0.0,1.0,20.18745364782591,82.87548495510644,16.0,0.0,85.92069340179226,26
822b5a4a2e075ace,gt_distance,16,16,16,False,True,True,True,0.0,16,0,83.23511831749737,83.23511831749737,0.5,0.5,0.0,1.127425176344055,82.87548495510644,16.0,0.0,83.23511831749737,26
822b5a4a2e075ace,old_pc,1,1,1,False,False,False,False,0.0,1,0,83.55791536120341,83.55791536120341,0.0,1.0,0.0,1.5684567064572184,82.87548495510644,16.0,15.0,83.55719454992085,26
6ee8095e2d8b599c,conditional_pc,16,16,16,False,True,True,True,0.0,16,0,100.0,100.0,0.1875,0.8125,0.0,1.1432483073246893,99.95412578427776,,,,27
6ee8095e2d8b599c,quality_only,16,16,16,False,True,True,True,0.0,16,0,100.0,100.0,0.1875,0.8125,0.0,1.1432483073246893,99.95412578427776,,,,27
6ee8095e2d8b599c,score,15,15,16,False,True,True,False,0.0625,15,0,100.0,100.0,0.5625,0.375,0.0625,1.079149367842352,99.95412578427776,16.0,0.0,100.0,27
6ee8095e2d8b599c,pareto,6,6,16,False,True,False,False,0.625,6,0,100.0,100.0,0.125,0.25,0.625,2.5754431608318327,99.95412578427776,16.0,0.0,100.0,27
6ee8095e2d8b599c,gt_distance,5,5,16,False,True,False,False,0.6875,5,0,99.3418611504059,100.0,0.375,0.1875,0.4375,1.6600751402746168,99.95412578427776,16.0,0.0,99.3418611504059,27
6ee8095e2d8b599c,old_pc,15,15,16,False,True,True,False,0.0625,15,0,99.99346714929254,100.0,0.1875,0.8125,0.0,1.1455406417371503,99.95412578427776,16.0,0.0,99.99346714929254,27
e536a7424867539d,conditional_pc,16,16,16,False,True,True,True,0.0,16,0,100.0,100.0,0.0,1.0,0.0,1.1528171872677833,100.0,,,,29
e536a7424867539d,quality_only,16,16,16,False,True,True,True,0.0,16,0,100.0,100.0,0.0,1.0,0.0,1.1528171872677833,100.0,,,,29
e536a7424867539d,score,0,0,16,True,False,False,False,1.0,0,0,100.0,,0.0,0.0,1.0,9.839970402886468,100.0,16.0,0.0,100.0,29
e536a7424867539d,pareto,0,0,16,True,False,False,False,1.0,0,0,100.0,,0.0,0.0,1.0,13.572998032282888,100.0,16.0,0.0,100.0,29
e536a7424867539d,gt_distance,1,1,16,False,False,False,False,0.9375,1,0,100.0,100.0,0.0625,0.0,0.9375,12.90767256664274,100.0,16.0,0.0,100.0,29
e536a7424867539d,old_pc,16,16,16,False,True,True,True,0.0,16,0,100.0,100.0,0.0,1.0,0.0,1.1528171872677833,100.0,16.0,0.0,100.0,29
228bc7a51ce85114,conditional_pc,16,16,16,False,True,True,True,0.0,16,0,93.6790206220074,93.6790206220074,0.25,0.75,0.0,1.133839078187823,93.0560926861162,,,,20
228bc7a51ce85114,quality_only,16,16,16,False,True,True,True,0.0,16,0,93.6790206220074,93.6790206220074,0.25,0.75,0.0,1.133839078187823,93.0560926861162,,,,20
228bc7a51ce85114,score,15,15,16,False,True,True,False,0.0625,15,0,93.79258369073251,93.76287678454298,0.3125,0.625,0.0625,1.1222662052127803,93.0560926861162,16.0,0.0,93.79258369073251,20
228bc7a51ce85114,pareto,15,15,16,False,True,True,False,0.0625,15,0,93.79258369073251,93.76287678454298,0.3125,0.625,0.0625,1.1222662052127803,93.0560926861162,16.0,0.0,93.79258369073251,20
228bc7a51ce85114,gt_distance,16,16,16,False,True,True,True,0.0,16,0,93.65158560562264,93.65158560562264,0.4375,0.5625,0.0,1.026140436402463,93.0560926861162,16.0,0.0,93.65158560562264,20
228bc7a51ce85114,old_pc,1,1,1,False,False,False,False,0.0,1,0,94.49195382481692,94.49195382481692,0.0,1.0,0.0,1.3074542801729727,93.0560926861162,16.0,15.0,94.49195086030292,20
b386322960ff5784,conditional_pc,16,16,16,False,True,True,True,0.0,16,0,94.65485204163863,94.65485204163863,0.25,0.75,0.0,1.139943415841271,92.90462279651187,,,,27
b386322960ff5784,quality_only,16,16,16,False,True,True,True,0.0,16,0,94.65485204163863,94.65485204163863,0.25,0.75,0.0,1.139943415841271,92.90462279651187,,,,27
b386322960ff5784,score,0,0,16,True,False,False,False,1.0,0,0,100.0,,0.0,0.0,1.0,25.03334899173229,92.90462279651187,16.0,0.0,100.0,27
b386322960ff5784,pareto,0,0,16,True,False,False,False,1.0,0,0,100.0,,0.0,0.0,1.0,21.7544834843742,92.90462279651187,16.0,0.0,100.0,27
b386322960ff5784,gt_distance,0,0,16,True,False,False,False,1.0,0,0,100.0,,0.0,0.0,1.0,24.616718681500338,92.90462279651187,16.0,0.0,100.0,27
b386322960ff5784,old_pc,1,1,1,False,False,False,False,0.0,1,0,96.62758722425852,96.62758722425852,0.0,1.0,0.0,1.3570046692071198,92.90462279651187,16.0,15.0,96.62748809406516,27
1779dc029c945352,conditional_pc,16,16,16,False,True,True,True,0.0,16,0,100.0,100.0,0.0625,0.9375,0.0,1.210982402815287,100.0,,,,27
1779dc029c945352,quality_only,16,16,16,False,True,True,True,0.0,16,0,100.0,100.0,0.0625,0.9375,0.0,1.210982402815287,100.0,,,,27
1779dc029c945352,score,0,0,16,True,False,False,False,1.0,0,0,100.0,,0.0,0.0,1.0,10.220518992740429,100.0,16.0,0.0,100.0,27
1779dc029c945352,pareto,2,2,16,False,False,False,False,0.875,2,0,100.0,100.0,0.0625,0.0625,0.875,7.598772684415148,100.0,16.0,0.0,100.0,27
1779dc029c945352,gt_distance,1,1,16,False,False,False,False,0.9375,1,0,100.0,100.0,0.0,0.0625,0.9375,7.7379518129464735,100.0,16.0,0.0,100.0,27
1779dc029c945352,old_pc,16,16,16,False,True,True,True,0.0,16,0,100.0,100.0,0.0625,0.9375,0.0,1.211494518732075,100.0,16.0,0.0,100.0,27
e66f72e612d05320,conditional_pc,16,16,16,False,True,True,True,0.0,16,0,90.84092534652606,90.84092534652606,0.0,1.0,0.0,1.1371897125103287,90.21543700267988,,,,24
e66f72e612d05320,quality_only,16,16,16,False,True,True,True,0.0,16,0,90.84092534652606,90.84092534652606,0.0,1.0,0.0,1.1371897125103287,90.21543700267988,,,,24
e66f72e612d05320,score,4,4,16,False,True,False,False,0.75,4,0,91.33604639643876,91.30859485836253,0.0,0.25,0.75,2.855987652645938,90.21543700267988,16.0,0.0,91.33604639643876,24
e66f72e612d05320,pareto,4,4,16,False,True,False,False,0.75,4,0,91.33604639643876,91.30859485836253,0.0,0.25,0.75,2.855987652645938,90.21543700267988,16.0,0.0,91.33604639643876,24
e66f72e612d05320,gt_distance,4,4,16,False,True,False,False,0.75,4,0,91.33604639643876,91.30859485836253,0.0,0.25,0.75,2.855987652645938,90.21543700267988,16.0,0.0,91.33604639643876,24
e66f72e612d05320,old_pc,1,1,1,False,False,False,False,0.0,1,0,91.49054325670076,91.49054325670076,0.0,1.0,0.0,1.2088668255349633,90.21543700267988,16.0,15.0,91.4906254190034,24
8a7b81e3d8ec589e,conditional_pc,16,16,16,False,True,True,True,0.0,16,0,89.66560782639205,89.66560782639205,0.1875,0.8125,0.0,1.18933441161872,89.41898880515976,,,,23
8a7b81e3d8ec589e,quality_only,16,16,16,False,True,True,True,0.0,16,0,89.66560782639205,89.66560782639205,0.1875,0.8125,0.0,1.18933441161872,89.41898880515976,,,,23
8a7b81e3d8ec589e,score,0,0,16,True,False,False,False,1.0,0,0,93.01409028899734,,0.0,0.0,1.0,38.23505616574744,89.41898880515976,16.0,0.0,93.01409028899734,23
8a7b81e3d8ec589e,pareto,0,0,16,True,False,False,False,1.0,0,0,93.01409028899734,,0.0,0.0,1.0,38.23505616574744,89.41898880515976,16.0,0.0,93.01409028899734,23
8a7b81e3d8ec589e,gt_distance,0,0,16,True,False,False,False,1.0,0,0,90.52524921486862,,0.0,0.0,1.0,23.747124046093692,89.41898880515976,16.0,0.0,90.52524921486862,23
8a7b81e3d8ec589e,old_pc,1,1,1,False,False,False,False,0.0,1,0,90.0290744047584,90.0290744047584,0.0,1.0,0.0,1.813438243167589,89.41898880515976,16.0,15.0,90.02904574142475,23
79d01df5793f5d1a,conditional_pc,12,12,16,False,True,True,False,0.25,12,4,92.4390582458026,92.57603268838712,0.5,0.5,0.0,1.0315786444583284,92.34090818499232,,,,12
79d01df5793f5d1a,quality_only,12,12,16,False,True,True,False,0.25,12,4,92.4390582458026,92.57603268838712,0.5,0.5,0.0,1.0315786444583284,92.34090818499232,,,,12
79d01df5793f5d1a,score,0,0,16,True,False,False,False,1.0,0,0,94.95451198883208,,0.0,0.0,1.0,11.874483337592366,92.34090818499232,16.0,0.0,94.95451198883208,12
79d01df5793f5d1a,pareto,0,0,16,True,False,False,False,1.0,0,0,94.95451198883208,,0.0,0.0,1.0,11.874483337592366,92.34090818499232,16.0,0.0,94.95451198883208,12
79d01df5793f5d1a,gt_distance,3,3,16,False,False,False,False,0.8125,3,0,92.21935026883096,92.55167907805784,0.5625,0.25,0.1875,1.8390974728658152,92.34090818499232,16.0,0.0,92.21935026883096,12
79d01df5793f5d1a,old_pc,1,1,1,False,False,False,False,0.0,1,0,92.98050740238465,92.98050740238465,0.0,1.0,0.0,1.1633675220978927,92.34090818499232,16.0,15.0,92.98067159432745,12
78273a4b69465c1f,conditional_pc,16,16,16,False,True,True,True,0.0,16,0,100.0,100.0,0.0,1.0,0.0,1.2608788931393078,100.0,,,,31
78273a4b69465c1f,quality_only,16,16,16,False,True,True,True,0.0,16,0,100.0,100.0,0.0,1.0,0.0,1.2608788931393078,100.0,,,,31
78273a4b69465c1f,score,0,0,16,True,False,False,False,1.0,0,0,100.0,,0.0,0.0,1.0,6.577210754726565,100.0,16.0,0.0,100.0,31
78273a4b69465c1f,pareto,2,2,16,False,False,False,False,0.875,2,0,100.0,100.0,0.0625,0.0625,0.875,6.466281813872603,100.0,16.0,0.0,100.0,31
78273a4b69465c1f,gt_distance,2,2,16,False,False,False,False,0.875,2,0,100.0,100.0,0.0625,0.0625,0.875,6.462601910696697,100.0,16.0,0.0,100.0,31
78273a4b69465c1f,old_pc,16,16,16,False,True,True,True,0.0,16,0,100.0,100.0,0.0,1.0,0.0,1.2608788931393078,100.0,16.0,0.0,100.0,31
e9c9a2873a275365,conditional_pc,16,16,16,False,True,True,True,0.0,16,0,100.0,100.0,0.0,1.0,0.0,1.218026577230337,100.0,,,,38
e9c9a2873a275365,quality_only,16,16,16,False,True,True,True,0.0,16,0,100.0,100.0,0.0,1.0,0.0,1.218026577230337,100.0,,,,38
e9c9a2873a275365,score,0,0,16,True,False,False,False,1.0,0,0,100.0,,0.0,0.0,1.0,6.860729383995958,100.0,16.0,0.0,100.0,38
e9c9a2873a275365,pareto,2,2,16,False,False,False,False,0.875,2,0,100.0,100.0,0.0,0.125,0.875,8.322479964488725,100.0,16.0,0.0,100.0,38
e9c9a2873a275365,gt_distance,2,2,16,False,False,False,False,0.875,2,0,100.0,100.0,0.0625,0.0625,0.875,7.738977819203733,100.0,16.0,0.0,100.0,38
e9c9a2873a275365,old_pc,16,16,16,False,True,True,True,0.0,16,0,100.0,100.0,0.0,1.0,0.0,1.218026577230337,100.0,16.0,0.0,100.0,38
063ebdc4cd7e5bd9,conditional_pc,16,16,16,False,True,True,True,0.0,16,0,95.36638860045814,95.36638860045814,0.0,1.0,0.0,1.3719863482524837,94.95011403146684,,,,34
063ebdc4cd7e5bd9,quality_only,16,16,16,False,True,True,True,0.0,16,0,95.36638860045814,95.36638860045814,0.0,1.0,0.0,1.3719863482524834,94.95011403146684,,,,34
063ebdc4cd7e5bd9,score,0,0,16,True,False,False,False,1.0,0,0,98.92547117865516,,0.0,0.0,1.0,29.63409406774466,94.95011403146684,16.0,0.0,98.92547117865516,34
063ebdc4cd7e5bd9,pareto,0,0,16,True,False,False,False,1.0,0,0,98.92547117865516,,0.0,0.0,1.0,29.63409406774466,94.95011403146684,16.0,0.0,98.92547117865516,34
063ebdc4cd7e5bd9,gt_distance,0,0,16,True,False,False,False,1.0,0,0,96.390519974283,,0.0,0.0,1.0,7.825501638688141,94.95011403146684,16.0,0.0,96.390519974283,34
063ebdc4cd7e5bd9,old_pc,1,1,1,False,False,False,False,0.0,1,0,95.86548802781238,95.86548802781238,0.0,1.0,0.0,1.5666879642835343,94.95011403146684,16.0,15.0,95.8655055307264,34
40b18724a90f5919,conditional_pc,16,16,16,False,True,True,True,0.0,16,0,100.0,100.0,0.125,0.875,0.0,1.254408096099624,100.0,,,,32
40b18724a90f5919,quality_only,16,16,16,False,True,True,True,0.0,16,0,100.0,100.0,0.125,0.875,0.0,1.254408096099624,100.0,,,,32
40b18724a90f5919,score,0,0,16,True,False,False,False,1.0,0,0,100.0,,0.0,0.0,1.0,7.189575880363824,100.0,16.0,0.0,100.0,32
40b18724a90f5919,pareto,2,2,16,False,False,False,False,0.875,2,0,100.0,100.0,0.0625,0.0625,0.875,6.785194886642846,100.0,16.0,0.0,100.0,32
40b18724a90f5919,gt_distance,3,3,16,False,False,False,False,0.8125,3,0,100.0,100.0,0.0625,0.125,0.8125,6.724931459657653,100.0,16.0,0.0,100.0,32
40b18724a90f5919,old_pc,16,16,16,False,True,True,True,0.0,16,0,100.0,100.0,0.125,0.875,0.0,1.2547420755462402,100.0,16.0,0.0,100.0,32
7f6ac29877365766,conditional_pc,16,16,16,False,True,True,True,0.0,16,0,91.44060126303576,91.44060126303576,0.0,1.0,0.0,1.13657535710125,91.0855239656419,,,,40
7f6ac29877365766,quality_only,16,16,16,False,True,True,True,0.0,16,0,91.44060126303576,91.44060126303576,0.0,1.0,0.0,1.1365753571012498,91.0855239656419,,,,40
7f6ac29877365766,score,0,0,16,True,False,False,False,1.0,0,0,93.6779002356167,,0.0,0.0,1.0,18.47801477808173,91.0855239656419,16.0,0.0,93.6779002356167,40
7f6ac29877365766,pareto,0,0,16,True,False,False,False,1.0,0,0,93.6779002356167,,0.0,0.0,1.0,18.47801477808173,91.0855239656419,16.0,0.0,93.6779002356167,40
7f6ac29877365766,gt_distance,0,0,16,True,False,False,False,1.0,0,0,92.71376590208764,,0.0,0.0,1.0,5.8554447715356535,91.0855239656419,16.0,0.0,92.71376590208764,40
7f6ac29877365766,old_pc,1,1,1,False,False,False,False,0.0,1,0,91.63877006258554,91.63877006258554,0.0,1.0,0.0,1.2219711621116158,91.0855239656419,16.0,15.0,91.6387244134179,40
2617f0cd70705817,conditional_pc,16,16,16,False,True,True,True,0.0,16,0,100.0,100.0,0.0,1.0,0.0,1.2110242381233616,0.0,,,,37
2617f0cd70705817,quality_only,16,16,16,False,True,True,True,0.0,16,0,100.0,100.0,0.0,1.0,0.0,1.2110242381233616,0.0,,,,37
2617f0cd70705817,score,10,10,16,False,True,True,False,0.375,10,0,100.0,100.0,0.125,0.5,0.375,1.5732477604186887,0.0,16.0,0.0,100.0,37
2617f0cd70705817,pareto,2,2,16,False,False,False,False,0.875,2,0,100.0,100.0,0.0,0.125,0.875,9.777140829992142,0.0,16.0,0.0,100.0,37
2617f0cd70705817,gt_distance,3,3,16,False,False,False,False,0.8125,3,0,100.0,100.0,0.0625,0.125,0.8125,6.317114131923216,0.0,16.0,0.0,100.0,37
2617f0cd70705817,old_pc,16,16,16,False,True,True,True,0.0,16,0,100.0,100.0,0.0,1.0,0.0,1.2110242381233616,0.0,16.0,0.0,100.0,37
9356731128d95d59,conditional_pc,16,16,16,False,True,True,True,0.0,16,0,98.5886946023662,98.5886946023662,0.3125,0.6875,0.0,1.1535390771603475,98.21614251717448,,,,25
9356731128d95d59,quality_only,16,16,16,False,True,True,True,0.0,16,0,98.5886946023662,98.5886946023662,0.3125,0.6875,0.0,1.1535390771603475,98.21614251717448,,,,25
9356731128d95d59,score,0,0,16,True,False,False,False,1.0,0,0,100.0,,0.0,0.0,1.0,28.737795186570757,98.21614251717448,16.0,0.0,100.0,25
9356731128d95d59,pareto,0,0,16,True,False,False,False,1.0,0,0,100.0,,0.0,0.0,1.0,25.628632702185683,98.21614251717448,16.0,0.0,100.0,25
9356731128d95d59,gt_distance,0,0,16,True,False,False,False,1.0,0,0,99.6296495186926,,0.0,0.0,1.0,10.72676315226248,98.21614251717448,16.0,0.0,99.6296495186926,25
9356731128d95d59,old_pc,1,1,1,False,False,False,False,0.0,1,0,98.98808593393709,98.98808593393709,0.0,1.0,0.0,1.475947289274809,98.21614251717448,16.0,15.0,98.98812497582256,25
d68f1142da63586f,conditional_pc,16,16,16,False,True,True,True,0.0,16,0,88.94981949523206,88.94981949523206,0.4375,0.5625,0.0,1.034210756610202,88.14288102417078,,,,22
d68f1142da63586f,quality_only,16,16,16,False,True,True,True,0.0,16,0,88.94981949523206,88.94981949523206,0.4375,0.5625,0.0,1.034210756610202,88.14288102417078,,,,22
d68f1142da63586f,score,0,0,16,True,False,False,False,1.0,0,0,94.34543933036558,,0.0,0.0,1.0,32.36993294375584,88.14288102417078,16.0,0.0,94.34543933036558,22
d68f1142da63586f,pareto,0,0,16,True,False,False,False,1.0,0,0,94.34543933036558,,0.0,0.0,1.0,32.36993294375584,88.14288102417078,16.0,0.0,94.34543933036558,22
d68f1142da63586f,gt_distance,0,0,16,True,False,False,False,1.0,0,0,94.34543933036558,,0.0,0.0,1.0,32.36993294375584,88.14288102417078,16.0,0.0,94.34543933036558,22
d68f1142da63586f,old_pc,1,1,1,False,False,False,False,0.0,1,0,89.80651195026027,89.80651195026027,0.0,1.0,0.0,1.1077683386341517,88.14288102417078,16.0,15.0,89.80652286749931,22
8c4982f5d16e51a8,conditional_pc,16,16,16,False,True,True,True,0.0,16,0,81.18855289506033,81.18855289506033,0.4375,0.5625,0.0,1.0659727647488526,80.0155167400466,,,,23
8c4982f5d16e51a8,quality_only,16,16,16,False,True,True,True,0.0,16,0,81.18855289506033,81.18855289506033,0.4375,0.5625,0.0,1.0659727647488526,80.0155167400466,,,,23
8c4982f5d16e51a8,score,0,0,16,True,False,False,False,1.0,0,0,86.8970183131948,,0.0,0.0,1.0,20.622200517599424,80.0155167400466,16.0,0.0,86.8970183131948,23
8c4982f5d16e51a8,pareto,0,0,16,True,False,False,False,1.0,0,0,86.8970183131948,,0.0,0.0,1.0,20.622200517599424,80.0155167400466,16.0,0.0,86.8970183131948,23
8c4982f5d16e51a8,gt_distance,0,0,16,True,False,False,False,1.0,0,0,85.93014140968012,,0.0,0.0,1.0,16.906176587963962,80.0155167400466,16.0,0.0,85.93014140968012,23
8c4982f5d16e51a8,old_pc,1,1,1,False,False,False,False,0.0,1,0,82.25232042535438,82.25232042535438,0.0,1.0,0.0,1.1171581690738168,80.0155167400466,16.0,15.0,82.25326430680883,23
75b56424b7eb5ac6,conditional_pc,16,16,16,False,True,True,True,0.0,16,0,100.0,100.0,0.0,1.0,0.0,1.3191008428669042,100.0,,,,47
75b56424b7eb5ac6,quality_only,16,16,16,False,True,True,True,0.0,16,0,100.0,100.0,0.0,1.0,0.0,1.3191008428669042,100.0,,,,47
75b56424b7eb5ac6,score,1,1,16,False,False,False,False,0.9375,1,0,100.0,100.0,0.0,0.0625,0.9375,2.8914561621148,100.0,16.0,0.0,100.0,47
75b56424b7eb5ac6,pareto,1,1,16,False,False,False,False,0.9375,1,0,100.0,100.0,0.0625,0.0,0.9375,8.28853298668831,100.0,16.0,0.0,100.0,47
75b56424b7eb5ac6,gt_distance,1,1,16,False,False,False,False,0.9375,1,0,100.0,100.0,0.0,0.0625,0.9375,6.808112905404959,100.0,16.0,0.0,100.0,47
75b56424b7eb5ac6,old_pc,16,16,16,False,True,True,True,0.0,16,0,100.0,100.0,0.0,1.0,0.0,1.3191008428669042,100.0,16.0,0.0,100.0,47
12264b570ba358e9,conditional_pc,16,16,16,False,True,True,True,0.0,16,0,89.73547916455189,89.73547916455189,0.0,1.0,0.0,1.2241503729502603,88.89369141664947,,,,26
12264b570ba358e9,quality_only,16,16,16,False,True,True,True,0.0,16,0,89.73547916455189,89.73547916455189,0.0,1.0,0.0,1.2241503729502603,88.89369141664947,,,,26
12264b570ba358e9,score,0,0,16,True,False,False,False,1.0,0,0,97.51743250749216,,0.0,0.0,1.0,27.302666916832067,88.89369141664947,16.0,0.0,97.51743250749216,26
12264b570ba358e9,pareto,0,0,16,True,False,False,False,1.0,0,0,97.51743250749216,,0.0,0.0,1.0,27.302666916832067,88.89369141664947,16.0,0.0,97.51743250749216,26
12264b570ba358e9,gt_distance,0,0,16,True,False,False,False,1.0,0,0,94.2653367610942,,0.0,0.0,1.0,15.37272029063232,88.89369141664947,16.0,0.0,94.2653367610942,26
12264b570ba358e9,old_pc,1,1,1,False,False,False,False,0.0,1,0,90.14489403586796,90.14489403586796,0.0,1.0,0.0,1.3052407631898737,88.89369141664947,16.0,15.0,90.14510668918238,26
2320cdddd8465622,conditional_pc,16,16,16,False,True,True,True,0.0,16,0,100.0,100.0,0.375,0.625,0.0,1.0955357326829127,100.0,,,,29
2320cdddd8465622,quality_only,16,16,16,False,True,True,True,0.0,16,0,100.0,100.0,0.375,0.625,0.0,1.0955357326829127,100.0,,,,29
2320cdddd8465622,score,0,0,16,True,False,False,False,1.0,0,0,100.0,,0.0,0.0,1.0,23.32909709255048,100.0,16.0,0.0,100.0,29
2320cdddd8465622,pareto,3,3,16,False,False,False,False,0.8125,3,0,100.0,100.0,0.1875,0.0,0.8125,10.936377966800256,100.0,16.0,0.0,100.0,29
2320cdddd8465622,gt_distance,0,0,16,True,False,False,False,1.0,0,0,100.0,,0.0,0.0,1.0,21.22769499184573,100.0,16.0,0.0,100.0,29
2320cdddd8465622,old_pc,16,16,16,False,True,True,True,0.0,16,0,100.0,100.0,0.375,0.625,0.0,1.0955357326829127,100.0,16.0,0.0,100.0,29
5fec23f5a5d052cd,conditional_pc,16,16,16,False,True,True,True,0.0,16,0,98.0494062303728,98.0494062303728,0.3125,0.6875,0.0,1.0719671155376522,97.45587794876856,,,,27
5fec23f5a5d052cd,quality_only,16,16,16,False,True,True,True,0.0,16,0,98.0494062303728,98.0494062303728,0.3125,0.6875,0.0,1.0719671155376522,97.45587794876856,,,,27
5fec23f5a5d052cd,score,0,0,16,True,False,False,False,1.0,0,0,99.8018926326034,,0.0,0.0,1.0,22.316940500874004,97.45587794876856,16.0,0.0,99.8018926326034,27
5fec23f5a5d052cd,pareto,0,0,16,True,False,False,False,1.0,0,0,99.8018926326034,,0.0,0.0,1.0,22.316940500874004,97.45587794876856,16.0,0.0,99.8018926326034,27
5fec23f5a5d052cd,gt_distance,10,10,16,False,True,True,False,0.375,10,0,97.56426157908902,97.73045332598568,0.6875,0.25,0.0625,1.0364254900353278,97.45587794876856,16.0,0.0,97.56426157908902,27
5fec23f5a5d052cd,old_pc,1,1,1,False,False,False,False,0.0,1,0,98.533985528736,98.533985528736,0.0,1.0,0.0,1.0372699686370817,97.45587794876856,16.0,15.0,98.5340044905444,27
a3d8003852145a71,conditional_pc,16,16,16,False,True,True,True,0.0,16,0,100.0,100.0,0.1875,0.8125,0.0,1.1377528599696691,100.0,,,,28
a3d8003852145a71,quality_only,16,16,16,False,True,True,True,0.0,16,0,100.0,100.0,0.1875,0.8125,0.0,1.1377528599696691,100.0,,,,28
a3d8003852145a71,score,15,15,16,False,True,True,False,0.0625,15,0,100.0,100.0,0.5625,0.375,0.0625,1.0064072400302435,100.0,16.0,0.0,100.0,28
a3d8003852145a71,pareto,4,4,16,False,True,False,False,0.75,4,0,100.0,100.0,0.0625,0.1875,0.75,6.544193535204016,100.0,16.0,0.0,100.0,28
a3d8003852145a71,gt_distance,15,15,16,False,True,True,False,0.0625,15,0,100.0,100.0,0.5,0.4375,0.0625,1.0250432654233932,100.0,16.0,0.0,100.0,28
a3d8003852145a71,old_pc,15,15,16,False,True,True,False,0.0625,15,0,99.99963362361994,100.0,0.125,0.875,0.0,1.1432074446958895,100.0,16.0,0.0,99.99963362361994,28
fadbd438f57e5612,conditional_pc,16,16,16,False,True,True,True,0.0,16,0,92.18603097324734,92.18603097324734,0.3125,0.6875,0.0,1.1464480825670664,90.36571902674478,,,,30
fadbd438f57e5612,quality_only,16,16,16,False,True,True,True,0.0,16,0,92.18603097324734,92.18603097324734,0.3125,0.6875,0.0,1.1464480825670664,90.36571902674478,,,,30
fadbd438f57e5612,score,0,0,16,True,False,False,False,1.0,0,0,100.0,,0.0,0.0,1.0,13.803133534827204,90.36571902674478,16.0,0.0,100.0,30
fadbd438f57e5612,pareto,0,0,16,True,False,False,False,1.0,0,0,100.0,,0.0,0.0,1.0,21.82120626292548,90.36571902674478,16.0,0.0,100.0,30
fadbd438f57e5612,gt_distance,0,0,16,True,False,False,False,1.0,0,0,99.72686841402616,,0.0,0.0,1.0,10.459482469663314,90.36571902674478,16.0,0.0,99.72686841402616,30
fadbd438f57e5612,old_pc,1,1,1,False,False,False,False,0.0,1,0,94.27854195964753,94.27854195964753,0.0,1.0,0.0,1.451438377616018,90.36571902674478,16.0,15.0,94.2785409936442,30
23ba8f4aee055e34,conditional_pc,5,5,16,False,True,False,False,0.6875,5,11,94.79723263372456,95.139633726558,0.1875,0.8125,0.0,1.1202656113562413,94.93993140601133,,,,5
23ba8f4aee055e34,quality_only,5,5,16,False,True,False,False,0.6875,5,11,94.79723263372456,95.139633726558,0.1875,0.8125,0.0,1.1202656113562413,94.93993140601133,,,,5
23ba8f4aee055e34,score,0,0,16,True,False,False,False,1.0,0,0,98.07923588881889,,0.0,0.0,1.0,13.407221469913829,94.93993140601133,16.0,0.0,98.07923588881889,5
23ba8f4aee055e34,pareto,0,0,16,True,False,False,False,1.0,0,0,98.07923588881889,,0.0,0.0,1.0,13.407221469913829,94.93993140601133,16.0,0.0,98.07923588881889,5
23ba8f4aee055e34,gt_distance,0,0,16,True,False,False,False,1.0,0,0,94.13347176395806,,0.0,0.0,1.0,8.128203876056308,94.93993140601133,16.0,0.0,94.13347176395806,5
23ba8f4aee055e34,old_pc,1,1,1,False,False,False,False,0.0,1,0,95.42807853263238,95.42807853263238,0.0,1.0,0.0,1.3211721399868452,94.93993140601133,16.0,15.0,95.4282039297562,5
edf80e77e2e65098,conditional_pc,16,16,16,False,True,True,True,0.0,16,0,94.94274053957284,94.94274053957284,0.0,1.0,0.0,1.4077980052020571,94.0145030864033,,,,32
edf80e77e2e65098,quality_only,16,16,16,False,True,True,True,0.0,16,0,94.94274053957284,94.94274053957284,0.0,1.0,0.0,1.4077980052020571,94.0145030864033,,,,32
edf80e77e2e65098,score,0,0,16,True,False,False,False,1.0,0,0,97.72858719431312,,0.0,0.0,1.0,10.451261671091244,94.0145030864033,16.0,0.0,97.72858719431312,32
edf80e77e2e65098,pareto,0,0,16,True,False,False,False,1.0,0,0,97.72858719431312,,0.0,0.0,1.0,10.451261671091244,94.0145030864033,16.0,0.0,97.72858719431312,32
edf80e77e2e65098,gt_distance,0,0,16,True,False,False,False,1.0,0,0,95.60710151321048,,0.0,0.0,1.0,6.774206532491589,94.0145030864033,16.0,0.0,95.60710151321048,32
edf80e77e2e65098,old_pc,1,1,1,False,False,False,False,0.0,1,0,95.28688885644247,95.28688885644247,0.0,1.0,0.0,1.825588932965725,94.0145030864033,16.0,15.0,95.28605839195254,32
ec646e4956125fcf,conditional_pc,16,16,16,False,True,True,True,0.0,16,0,97.57064811721602,97.57064811721602,0.375,0.625,0.0,1.0818303383986685,97.32438346767202,,,,20
ec646e4956125fcf,quality_only,16,16,16,False,True,True,True,0.0,16,0,97.57064811721602,97.57064811721602,0.375,0.625,0.0,1.0818303383986685,97.32438346767202,,,,20
ec646e4956125fcf,score,0,0,16,True,False,False,False,1.0,0,0,99.8959962063916,,0.0,0.0,1.0,15.584269823259977,97.32438346767202,16.0,0.0,99.8959962063916,20
ec646e4956125fcf,pareto,0,0,16,True,False,False,False,1.0,0,0,99.8959962063916,,0.0,0.0,1.0,15.584269823259977,97.32438346767202,16.0,0.0,99.8959962063916,20
ec646e4956125fcf,gt_distance,0,0,16,True,False,False,False,1.0,0,0,96.57084429225952,,0.0,0.0,1.0,5.686861752239851,97.32438346767202,16.0,0.0,96.57084429225952,20
ec646e4956125fcf,old_pc,1,1,1,False,False,False,False,0.0,1,0,97.9724585139255,97.9724585139255,0.0,1.0,0.0,1.0521703231280903,97.32438346767202,16.0,15.0,97.97242830153768,20
9069684898175278,conditional_pc,16,16,16,False,True,True,True,0.0,16,0,89.10197763128348,89.10197763128348,0.25,0.75,0.0,1.1632751309589215,88.20393932159044,,,,28
9069684898175278,quality_only,16,16,16,False,True,True,True,0.0,16,0,89.10197763128348,89.10197763128348,0.25,0.75,0.0,1.1632751309589215,88.20393932159044,,,,28
9069684898175278,score,0,0,16,True,False,False,False,1.0,0,0,99.89512453280372,,0.0,0.0,1.0,28.958708590682107,88.20393932159044,16.0,0.0,99.89512453280372,28
9069684898175278,pareto,0,0,16,True,False,False,False,1.0,0,0,99.89512453280372,,0.0,0.0,1.0,28.958708590682107,88.20393932159044,16.0,0.0,99.89512453280372,28
9069684898175278,gt_distance,10,10,16,False,True,True,False,0.375,10,0,89.67823359382794,89.48905562878635,0.3125,0.3125,0.375,1.7804981781119875,88.20393932159044,16.0,0.0,89.67823359382794,28
9069684898175278,old_pc,1,1,1,False,False,False,False,0.0,1,0,90.03055358882067,90.03055358882067,0.0,1.0,0.0,1.3949026504388475,88.20393932159044,16.0,15.0,90.03046532492931,28
c83e41bd3afa534c,conditional_pc,16,16,16,False,True,True,True,0.0,16,0,92.44788974633806,92.44788974633806,0.0625,0.9375,0.0,1.2629129848370952,91.81378913083825,,,,24
c83e41bd3afa534c,quality_only,16,16,16,False,True,True,True,0.0,16,0,92.44788974633806,92.44788974633806,0.0625,0.9375,0.0,1.2629129848370952,91.81378913083825,,,,24
c83e41bd3afa534c,score,0,0,16,True,False,False,False,1.0,0,0,94.95785853749446,,0.0,0.0,1.0,12.477109470016426,91.81378913083825,16.0,0.0,94.95785853749446,24
c83e41bd3afa534c,pareto,0,0,16,True,False,False,False,1.0,0,0,94.95785853749446,,0.0,0.0,1.0,12.477109470016426,91.81378913083825,16.0,0.0,94.95785853749446,24
c83e41bd3afa534c,gt_distance,13,13,16,False,True,True,False,0.1875,13,0,92.17366222911612,92.19658926644486,0.4375,0.375,0.1875,1.188925687953947,91.81378913083825,16.0,0.0,92.17366222911612,24
c83e41bd3afa534c,old_pc,1,1,1,False,False,False,False,0.0,1,0,93.36458184851637,93.36458184851637,0.0,1.0,0.0,1.504813344850845,91.81378913083825,16.0,15.0,93.3646069416038,24
c3fa71763867515b,conditional_pc,14,14,16,False,True,True,False,0.125,14,2,99.9733861309608,100.0,0.4375,0.5625,0.0,1.0879182999942445,100.0,,,,14
c3fa71763867515b,quality_only,14,14,16,False,True,True,False,0.125,14,2,99.9733861309608,100.0,0.4375,0.5625,0.0,1.0879182999942445,100.0,,,,14
c3fa71763867515b,score,14,14,16,False,True,True,False,0.125,14,0,100.0,100.0,0.4375,0.4375,0.125,1.281058225262987,100.0,16.0,0.0,100.0,14
c3fa71763867515b,pareto,10,10,16,False,True,True,False,0.375,10,0,100.0,100.0,0.1875,0.4375,0.375,2.954521809052409,100.0,16.0,0.0,100.0,14
c3fa71763867515b,gt_distance,14,14,16,False,True,True,False,0.125,14,0,100.0,100.0,0.4375,0.4375,0.125,1.281058225262987,100.0,16.0,0.0,100.0,14
c3fa71763867515b,old_pc,14,14,14,False,True,True,False,0.0,14,0,100.0,100.0,0.5,0.5,0.0,1.0379374165325348,100.0,16.0,2.0,100.0,14
43916f0a6f7f5717,conditional_pc,11,11,16,False,True,True,False,0.3125,11,5,90.55310325280064,90.73889984994398,0.3125,0.6875,0.0,1.0290716646560716,90.40855052076454,,,,11
43916f0a6f7f5717,quality_only,11,11,16,False,True,True,False,0.3125,11,5,90.55310325280064,90.73889984994398,0.3125,0.6875,0.0,1.0290716646560716,90.40855052076454,,,,11
43916f0a6f7f5717,score,0,0,16,True,False,False,False,1.0,0,0,94.69538435186954,,0.0,0.0,1.0,15.10548583049664,90.40855052076454,16.0,0.0,94.69538435186954,11
43916f0a6f7f5717,pareto,0,0,16,True,False,False,False,1.0,0,0,94.69538435186954,,0.0,0.0,1.0,15.10548583049664,90.40855052076454,16.0,0.0,94.69538435186954,11
43916f0a6f7f5717,gt_distance,5,5,16,False,True,False,False,0.6875,5,0,91.39394292827642,90.9271939656594,0.0625,0.25,0.6875,2.8816887930422097,90.40855052076454,16.0,0.0,91.39394292827642,11
43916f0a6f7f5717,old_pc,1,1,1,False,False,False,False,0.0,1,0,90.99734383636684,90.99734383636684,0.0,1.0,0.0,1.4274644934227536,90.40855052076454,16.0,15.0,90.99687201322244,11
e8bd03529c905c16,conditional_pc,16,16,16,False,True,True,True,0.0,16,0,100.0,100.0,0.0,1.0,0.0,1.3118878109434005,100.0,,,,35
e8bd03529c905c16,quality_only,16,16,16,False,True,True,True,0.0,16,0,100.0,100.0,0.0,1.0,0.0,1.3118878109434005,100.0,,,,35
e8bd03529c905c16,score,0,0,16,True,False,False,False,1.0,0,0,100.0,,0.0,0.0,1.0,6.036441479083642,100.0,16.0,0.0,100.0,35
e8bd03529c905c16,pareto,2,2,16,False,False,False,False,0.875,2,0,100.0,100.0,0.0625,0.0625,0.875,6.7373504766509855,100.0,16.0,0.0,100.0,35
e8bd03529c905c16,gt_distance,3,3,16,False,False,False,False,0.8125,3,0,100.0,100.0,0.0625,0.125,0.8125,5.396956494287511,100.0,16.0,0.0,100.0,35
e8bd03529c905c16,old_pc,16,16,16,False,True,True,True,0.0,16,0,100.0,100.0,0.0,1.0,0.0,1.3118878109434005,100.0,16.0,0.0,100.0,35
130e725a1594571f,conditional_pc,16,16,16,False,True,True,True,0.0,16,0,94.41084438813982,94.41084438813982,0.0,1.0,0.0,1.4805782356969357,93.82917494785906,,,,37
130e725a1594571f,quality_only,16,16,16,False,True,True,True,0.0,16,0,94.41040808203252,94.41040808203252,0.0,1.0,0.0,1.4833249979705352,93.82917494785906,,,,37
130e725a1594571f,score,0,0,16,True,False,False,False,1.0,0,0,95.09854256561896,,0.0,0.0,1.0,6.689494788035844,93.82917494785906,16.0,0.0,95.09854256561896,37
130e725a1594571f,pareto,0,0,16,True,False,False,False,1.0,0,0,95.09854256561896,,0.0,0.0,1.0,6.689494788035844,93.82917494785906,16.0,0.0,95.09854256561896,37
130e725a1594571f,gt_distance,0,0,16,True,False,False,False,1.0,0,0,95.09854256561896,,0.0,0.0,1.0,6.689494788035844,93.82917494785906,16.0,0.0,95.09854256561896,37
130e725a1594571f,old_pc,1,1,1,False,False,False,False,0.0,1,0,94.59541307209764,94.59541307209764,0.0,1.0,0.0,1.6652396268481593,93.82917494785906,16.0,15.0,94.5954140151106,37
03d9c9a7f1655e53,conditional_pc,16,16,16,False,True,True,True,0.0,16,0,87.16384103448434,87.16384103448434,0.0,1.0,0.0,1.168147694306028,86.82188492618211,,,,28
03d9c9a7f1655e53,quality_only,16,16,16,False,True,True,True,0.0,16,0,87.16384103448434,87.16384103448434,0.0,1.0,0.0,1.168147694306028,86.82188492618211,,,,28
03d9c9a7f1655e53,score,0,0,16,True,False,False,False,1.0,0,0,92.21892658743369,,0.0,0.0,1.0,38.06669904829173,86.82188492618211,16.0,0.0,92.21892658743369,28
03d9c9a7f1655e53,pareto,0,0,16,True,False,False,False,1.0,0,0,92.21892658743369,,0.0,0.0,1.0,38.06669904829173,86.82188492618211,16.0,0.0,92.21892658743369,28
03d9c9a7f1655e53,gt_distance,11,11,16,False,True,True,False,0.3125,11,0,86.89542854683599,87.01824114953092,0.125,0.75,0.125,2.2429075961736675,86.82188492618211,16.0,0.0,86.89542854683599,28
03d9c9a7f1655e53,old_pc,1,1,1,False,False,False,False,0.0,1,0,87.74908312987051,87.74908312987051,0.0,1.0,0.0,1.408778541258061,86.82188492618211,16.0,15.0,87.74913283510114,28
3c84060e9d245ad7,conditional_pc,16,16,16,False,True,True,True,0.0,16,0,84.850896206028,84.850896206028,0.0,1.0,0.0,1.2850239487446182,84.11805401280161,,,,41
3c84060e9d245ad7,quality_only,16,16,16,False,True,True,True,0.0,16,0,84.850896206028,84.850896206028,0.0,1.0,0.0,1.2850239487446182,84.11805401280161,,,,41
3c84060e9d245ad7,score,0,0,16,True,False,False,False,1.0,0,0,88.4813783471358,,0.0,0.0,1.0,14.660394382138213,84.11805401280161,16.0,0.0,88.4813783471358,41
3c84060e9d245ad7,pareto,0,0,16,True,False,False,False,1.0,0,0,88.4813783471358,,0.0,0.0,1.0,14.660394382138213,84.11805401280161,16.0,0.0,88.4813783471358,41
3c84060e9d245ad7,gt_distance,0,0,16,True,False,False,False,1.0,0,0,86.6112410818662,,0.0,0.0,1.0,5.8053349908768,84.11805401280161,16.0,0.0,86.6112410818662,41
3c84060e9d245ad7,old_pc,1,1,1,False,False,False,False,0.0,1,0,85.74489312557296,85.74489312557296,0.0,1.0,0.0,1.278658031200645,84.11805401280161,16.0,15.0,85.74489088368765,41
440da7a31b255ef9,conditional_pc,0,0,0,True,False,False,False,1.0,0,0,,,,,,,97.71350268428112,,,,0
440da7a31b255ef9,quality_only,0,0,0,True,False,False,False,1.0,0,0,,,,,,,97.71350268428112,,,,0
440da7a31b255ef9,score,0,0,16,True,False,False,False,1.0,0,0,100.0,,0.0,0.0,1.0,16.73220326287458,97.71350268428112,16.0,0.0,100.0,0
440da7a31b255ef9,pareto,0,0,16,True,False,False,False,1.0,0,0,100.0,,0.0,0.0,1.0,13.89668305174905,97.71350268428112,16.0,0.0,100.0,0
440da7a31b255ef9,gt_distance,0,0,16,True,False,False,False,1.0,0,0,97.0950341543404,,0.25,0.0,0.75,6.910425451206232,97.71350268428112,16.0,0.0,97.0950341543404,0
440da7a31b255ef9,old_pc,0,0,1,True,False,False,False,1.0,0,0,99.08933439569306,,0.0,1.0,0.0,1.2832403874043208,97.71350268428112,16.0,15.0,99.0880479863866,0
8deb3aea4c075024,conditional_pc,16,16,16,False,True,True,True,0.0,16,0,100.0,100.0,0.0625,0.9375,0.0,1.1605696315533824,100.0,,,,34
8deb3aea4c075024,quality_only,16,16,16,False,True,True,True,0.0,16,0,100.0,100.0,0.0625,0.9375,0.0,1.1605696315533824,100.0,,,,34
8deb3aea4c075024,score,0,0,16,True,False,False,False,1.0,0,0,100.0,,0.0,0.0,1.0,16.52491029255678,100.0,16.0,0.0,100.0,34
8deb3aea4c075024,pareto,2,2,16,False,False,False,False,0.875,2,0,100.0,100.0,0.0625,0.0625,0.875,9.273623859747886,100.0,16.0,0.0,100.0,34
8deb3aea4c075024,gt_distance,0,0,16,True,False,False,False,1.0,0,0,100.0,,0.0,0.0,1.0,15.16805467229817,100.0,16.0,0.0,100.0,34
8deb3aea4c075024,old_pc,16,16,16,False,True,True,True,0.0,16,0,100.0,100.0,0.0625,0.9375,0.0,1.1605696315533824,100.0,16.0,0.0,100.0,34
fa72914538895375,conditional_pc,16,16,16,False,True,True,True,0.0,16,0,100.0,100.0,0.0,1.0,0.0,1.1278881327449706,100.0,,,,37
fa72914538895375,quality_only,16,16,16,False,True,True,True,0.0,16,0,100.0,100.0,0.0,1.0,0.0,1.1278881327449706,100.0,,,,37
fa72914538895375,score,0,0,16,True,False,False,False,1.0,0,0,100.0,,0.0,0.0,1.0,4.087944689693538,100.0,16.0,0.0,100.0,37
fa72914538895375,pareto,1,1,16,False,False,False,False,0.9375,1,0,100.0,100.0,0.0,0.0625,0.9375,7.738082069209649,100.0,16.0,0.0,100.0,37
fa72914538895375,gt_distance,2,2,16,False,False,False,False,0.875,2,0,100.0,100.0,0.0625,0.0625,0.875,5.698087706427339,100.0,16.0,0.0,100.0,37
fa72914538895375,old_pc,16,16,16,False,True,True,True,0.0,16,0,100.0,100.0,0.0,1.0,0.0,1.1278881327449706,100.0,16.0,0.0,100.0,37
095453a7aea65260,conditional_pc,16,16,16,False,True,True,True,0.0,16,0,82.70178514114173,82.70178514114173,0.0,1.0,0.0,1.1556965713631784,82.12143591661675,,,,26
095453a7aea65260,quality_only,16,16,16,False,True,True,True,0.0,16,0,82.70178514114173,82.70178514114173,0.0,1.0,0.0,1.1556965713631784,82.12143591661675,,,,26
095453a7aea65260,score,0,0,16,True,False,False,False,1.0,0,0,90.20558896588062,,0.0,0.0,1.0,34.76801811491099,82.12143591661675,16.0,0.0,90.20558896588062,26
095453a7aea65260,pareto,0,0,16,True,False,False,False,1.0,0,0,90.20558896588062,,0.0,0.0,1.0,34.76801811491099,82.12143591661675,16.0,0.0,90.20558896588062,26
095453a7aea65260,gt_distance,15,15,16,False,True,True,False,0.0625,15,0,82.97315068056717,82.97377985098836,0.375,0.5625,0.0625,1.0629448133345172,82.12143591661675,16.0,0.0,82.97315068056717,26
095453a7aea65260,old_pc,1,1,1,False,False,False,False,0.0,1,0,83.55188974587038,83.55188974587038,0.0,1.0,0.0,1.4505560525855583,82.12143591661675,16.0,15.0,83.55170740806244,26
b5a136c8bff95db6,conditional_pc,16,16,16,False,True,True,True,0.0,16,0,100.0,100.0,0.0,1.0,0.0,1.2825697629894308,100.0,,,,36
b5a136c8bff95db6,quality_only,16,16,16,False,True,True,True,0.0,16,0,100.0,100.0,0.0,1.0,0.0,1.2825697629894308,100.0,,,,36
b5a136c8bff95db6,score,0,0,16,True,False,False,False,1.0,0,0,100.0,,0.0,0.0,1.0,4.659665520159519,100.0,16.0,0.0,100.0,36
b5a136c8bff95db6,pareto,1,1,16,False,False,False,False,0.9375,1,0,100.0,100.0,0.0625,0.0,0.9375,8.865131528940013,100.0,16.0,0.0,100.0,36
b5a136c8bff95db6,gt_distance,2,2,16,False,False,False,False,0.875,2,0,100.0,100.0,0.0,0.125,0.875,8.15381001554239,100.0,16.0,0.0,100.0,36
b5a136c8bff95db6,old_pc,16,16,16,False,True,True,True,0.0,16,0,100.0,100.0,0.0,1.0,0.0,1.2825697629894308,100.0,16.0,0.0,100.0,36
16cf679d9cd35d85,conditional_pc,15,15,16,False,True,True,False,0.0625,15,1,91.82978294374924,91.84374651568068,0.375,0.625,0.0,1.056497042029627,91.67321446047367,,,,15
16cf679d9cd35d85,quality_only,15,15,16,False,True,True,False,0.0625,15,1,91.82978294374924,91.84374651568068,0.375,0.625,0.0,1.056497042029627,91.67321446047367,,,,15
16cf679d9cd35d85,score,0,0,16,True,False,False,False,1.0,0,0,93.88902092171304,,0.0,0.0,1.0,33.13857211067076,91.67321446047367,16.0,0.0,93.88902092171304,15
16cf679d9cd35d85,pareto,0,0,16,True,False,False,False,1.0,0,0,93.88902092171304,,0.0,0.0,1.0,33.13857211067076,91.67321446047367,16.0,0.0,93.88902092171304,15
16cf679d9cd35d85,gt_distance,9,9,16,False,True,True,False,0.4375,9,0,92.04645036525046,91.90913197810984,0.0625,0.5,0.4375,2.057719232408799,91.67321446047367,16.0,0.0,92.04645036525046,15
16cf679d9cd35d85,old_pc,1,1,1,False,False,False,False,0.0,1,0,91.97401175102183,91.97401175102183,0.0,1.0,0.0,1.1561025271031726,91.67321446047367,16.0,15.0,91.973979501621,15
0424e5fd9a5c5e60,conditional_pc,16,16,16,False,True,True,True,0.0,16,0,87.24663123136241,87.24663123136241,0.375,0.625,0.0,1.2884347627504549,87.11957021031034,,,,25
0424e5fd9a5c5e60,quality_only,16,16,16,False,True,True,True,0.0,16,0,87.24663123136241,87.24663123136241,0.375,0.625,0.0,1.2884347627504549,87.11957021031034,,,,25
0424e5fd9a5c5e60,score,0,0,16,True,False,False,False,1.0,0,0,91.48115797093284,,0.0,0.0,1.0,35.35418011329939,87.11957021031034,16.0,0.0,91.48115797093284,25
0424e5fd9a5c5e60,pareto,0,0,16,True,False,False,False,1.0,0,0,91.48115797093284,,0.0,0.0,1.0,35.35418011329939,87.11957021031034,16.0,0.0,91.48115797093284,25
0424e5fd9a5c5e60,gt_distance,0,0,16,True,False,False,False,1.0,0,0,89.09441575733706,,0.0,0.0,1.0,13.052467044840984,87.11957021031034,16.0,0.0,89.09441575733706,25
0424e5fd9a5c5e60,old_pc,1,1,1,False,False,False,False,0.0,1,0,87.52982715379548,87.52982715379548,0.0,1.0,0.0,1.8936071322342196,87.11957021031034,16.0,15.0,87.52980834436823,25
97de4a69dec65c80,conditional_pc,16,16,16,False,True,True,True,0.0,16,0,77.8694632349128,77.8694632349128,0.6875,0.3125,0.0,0.9776030851459094,77.35345538822483,,,,21
97de4a69dec65c80,quality_only,16,16,16,False,True,True,True,0.0,16,0,77.8694632349128,77.8694632349128,0.6875,0.3125,0.0,0.9776030851459094,77.35345538822483,,,,21
97de4a69dec65c80,score,0,0,16,True,False,False,False,1.0,0,0,88.12251581423024,,0.0,0.0,1.0,27.01278340833207,77.35345538822483,16.0,0.0,88.12251581423024,21
97de4a69dec65c80,pareto,0,0,16,True,False,False,False,1.0,0,0,88.12251581423024,,0.0,0.0,1.0,27.01278340833207,77.35345538822483,16.0,0.0,88.12251581423024,21
97de4a69dec65c80,gt_distance,0,0,16,True,False,False,False,1.0,0,0,85.33753374908356,,0.0,0.0,1.0,23.9837877371157,77.35345538822483,16.0,0.0,85.33753374908356,21
97de4a69dec65c80,old_pc,1,1,1,False,False,False,False,0.0,1,0,79.05010745615914,79.05010745615914,0.0,1.0,0.0,1.0508844271868285,77.35345538822483,16.0,15.0,79.05027135922829,21
e5a8e75d4450516b,conditional_pc,16,16,16,False,True,True,True,0.0,16,0,90.2511479037558,90.2511479037558,0.0,1.0,0.0,1.328290059103065,89.68331985369667,,,,42
e5a8e75d4450516b,quality_only,16,16,16,False,True,True,True,0.0,16,0,90.2511479037558,90.2511479037558,0.0,1.0,0.0,1.328290059103065,89.68331985369667,,,,42
e5a8e75d4450516b,score,0,0,16,True,False,False,False,1.0,0,0,91.80112998442875,,0.0,0.0,1.0,10.05739295025976,89.68331985369667,16.0,0.0,91.80112998442875,42
e5a8e75d4450516b,pareto,0,0,16,True,False,False,False,1.0,0,0,91.80112998442875,,0.0,0.0,1.0,10.05739295025976,89.68331985369667,16.0,0.0,91.80112998442875,42
e5a8e75d4450516b,gt_distance,0,0,16,True,False,False,False,1.0,0,0,91.44593861340688,,0.0,0.0,1.0,7.556097825956304,89.68331985369667,16.0,0.0,91.44593861340688,42
e5a8e75d4450516b,old_pc,1,1,1,False,False,False,False,0.0,1,0,90.63828692870582,90.63828692870582,0.0,1.0,0.0,1.5663789085019415,89.68331985369667,16.0,15.0,90.63827283945626,42
4669e83db7965ed0,conditional_pc,16,16,16,False,True,True,True,0.0,16,0,98.01572777948402,98.01572777948402,0.5,0.5,0.0,1.00958363079831,97.78760960039476,,,,19
4669e83db7965ed0,quality_only,16,16,16,False,True,True,True,0.0,16,0,98.01572777948402,98.01572777948402,0.5,0.5,0.0,1.00958363079831,97.78760960039476,,,,19
4669e83db7965ed0,score,0,0,16,True,False,False,False,1.0,0,0,100.0,,0.0,0.0,1.0,34.26908896014969,97.78760960039476,16.0,0.0,100.0,19
4669e83db7965ed0,pareto,0,0,16,True,False,False,False,1.0,0,0,100.0,,0.0,0.0,1.0,32.3867542917412,97.78760960039476,16.0,0.0,100.0,19
4669e83db7965ed0,gt_distance,7,7,16,False,True,False,False,0.5625,7,0,98.3462500919667,98.14218993244364,0.375,0.0625,0.5625,3.015562258168333,97.78760960039476,16.0,0.0,98.3462500919667,19
4669e83db7965ed0,old_pc,1,1,1,False,False,False,False,0.0,1,0,98.18288751713332,98.18288751713332,0.0,1.0,0.0,1.009214948482157,97.78760960039476,16.0,15.0,98.18287536276748,19
00bbc908bd5758e6,conditional_pc,16,16,16,False,True,True,True,0.0,16,0,100.0,100.0,0.0,1.0,0.0,1.2427777406627916,100.0,,,,42
00bbc908bd5758e6,quality_only,16,16,16,False,True,True,True,0.0,16,0,100.0,100.0,0.0,1.0,0.0,1.2427777406627916,100.0,,,,42
00bbc908bd5758e6,score,0,0,16,True,False,False,False,1.0,0,0,100.0,,0.0,0.0,1.0,3.2411036410569247,100.0,16.0,0.0,100.0,42
00bbc908bd5758e6,pareto,2,2,16,False,False,False,False,0.875,2,0,100.0,100.0,0.0625,0.0625,0.875,6.161679088110525,100.0,16.0,0.0,100.0,42
00bbc908bd5758e6,gt_distance,3,3,16,False,False,False,False,0.8125,3,0,100.0,100.0,0.0625,0.125,0.8125,5.359268930204506,100.0,16.0,0.0,100.0,42
00bbc908bd5758e6,old_pc,16,16,16,False,True,True,True,0.0,16,0,100.0,100.0,0.0,1.0,0.0,1.2427777406627916,100.0,16.0,0.0,100.0,42
97f64f5b130055b0,conditional_pc,16,16,16,False,True,True,True,0.0,16,0,86.80599228711267,86.80599228711267,0.375,0.625,0.0,1.096427083604078,85.63495468315713,,,,22
97f64f5b130055b0,quality_only,16,16,16,False,True,True,True,0.0,16,0,86.80599228711267,86.80599228711267,0.375,0.625,0.0,1.096427083604078,85.63495468315713,,,,22
97f64f5b130055b0,score,0,0,16,True,False,False,False,1.0,0,0,100.0,,0.0,0.0,1.0,125.8544122703341,85.63495468315713,16.0,0.0,100.0,22
97f64f5b130055b0,pareto,0,0,16,True,False,False,False,1.0,0,0,100.0,,0.0,0.0,1.0,110.12101299199136,85.63495468315713,16.0,0.0,100.0,22
97f64f5b130055b0,gt_distance,12,12,16,False,True,True,False,0.25,12,0,87.18080515553439,87.17366847848757,0.375,0.375,0.25,1.5236971570455122,85.63495468315713,16.0,0.0,87.18080515553439,22
97f64f5b130055b0,old_pc,1,1,1,False,False,False,False,0.0,1,0,88.16613000495165,88.16613000495165,0.0,1.0,0.0,1.1046563549773831,85.63495468315713,16.0,15.0,88.16625817573724,22
101da9987c395ba4,conditional_pc,15,15,16,False,True,True,False,0.0625,15,1,93.84752905193471,93.8620218541077,0.25,0.75,0.0,1.088816867206167,93.6550142110649,,,,15
101da9987c395ba4,quality_only,15,15,16,False,True,True,False,0.0625,15,1,93.84752905193471,93.8620218541077,0.25,0.75,0.0,1.088816867206167,93.6550142110649,,,,15
101da9987c395ba4,score,0,0,16,True,False,False,False,1.0,0,0,96.47002238524618,,0.0,0.0,1.0,13.840549199478064,93.6550142110649,16.0,0.0,96.47002238524618,15
101da9987c395ba4,pareto,0,0,16,True,False,False,False,1.0,0,0,96.47002238524618,,0.0,0.0,1.0,13.840549199478064,93.6550142110649,16.0,0.0,96.47002238524618,15
101da9987c395ba4,gt_distance,0,0,16,True,False,False,False,1.0,0,0,96.12396227634564,,0.0,0.0,1.0,11.719128922661946,93.6550142110649,16.0,0.0,96.12396227634564,15
101da9987c395ba4,old_pc,1,1,1,False,False,False,False,0.0,1,0,94.38989258919312,94.38989258919312,0.0,1.0,0.0,1.4964391362807192,93.6550142110649,16.0,15.0,94.39009226298452,15
e20db842c987530f,conditional_pc,16,16,16,False,True,True,True,0.0,16,0,86.32430780998503,86.32430780998503,0.4375,0.5625,0.0,1.065310415270836,84.72737086364336,,,,27
e20db842c987530f,quality_only,16,16,16,False,True,True,True,0.0,16,0,86.32430780998503,86.32430780998503,0.4375,0.5625,0.0,1.065310415270836,84.72737086364336,,,,27
e20db842c987530f,score,0,0,16,True,False,False,False,1.0,0,0,98.83810323974149,,0.0,0.0,1.0,26.06320544484468,84.72737086364336,16.0,0.0,98.83810323974149,27
e20db842c987530f,pareto,0,0,16,True,False,False,False,1.0,0,0,98.83810323974149,,0.0,0.0,1.0,26.06320544484468,84.72737086364336,16.0,0.0,98.83810323974149,27
e20db842c987530f,gt_distance,0,0,16,True,False,False,False,1.0,0,0,95.79514645277963,,0.0,0.0,1.0,18.46130529144709,84.72737086364336,16.0,0.0,95.79514645277963,27
e20db842c987530f,old_pc,1,1,1,False,False,False,False,0.0,1,0,88.2210423241748,88.2210423241748,0.0,1.0,0.0,1.32617272368438,84.72737086364336,16.0,15.0,88.22116983918684,27
d14c834404a75404,conditional_pc,16,16,16,False,True,True,True,0.0,16,0,100.0,100.0,0.0,1.0,0.0,1.3188896699702428,100.0,,,,62
d14c834404a75404,quality_only,16,16,16,False,True,True,True,0.0,16,0,100.0,100.0,0.0,1.0,0.0,1.3188896699702428,100.0,,,,62
d14c834404a75404,score,0,0,16,True,False,False,False,1.0,0,0,100.0,,0.0,0.0,1.0,3.475285703620754,100.0,16.0,0.0,100.0,62
d14c834404a75404,pareto,2,2,16,False,False,False,False,0.875,2,0,100.0,100.0,0.0,0.125,0.875,9.306904948399218,100.0,16.0,0.0,100.0,62
d14c834404a75404,gt_distance,2,2,16,False,False,False,False,0.875,2,0,100.0,100.0,0.0,0.125,0.875,7.904804529799085,100.0,16.0,0.0,100.0,62
d14c834404a75404,old_pc,16,16,16,False,True,True,True,0.0,16,0,100.0,100.0,0.0,1.0,0.0,1.3188896699702428,100.0,16.0,0.0,100.0,62
b20465ed49f953d3,conditional_pc,16,16,16,False,True,True,True,0.0,16,0,83.26563893286503,83.26563893286503,0.125,0.875,0.0,1.263164340678712,83.0228229451755,,,,25
b20465ed49f953d3,quality_only,16,16,16,False,True,True,True,0.0,16,0,83.26563893286503,83.26563893286503,0.125,0.875,0.0,1.263164340678712,83.0228229451755,,,,25
b20465ed49f953d3,score,0,0,16,True,False,False,False,1.0,0,0,89.95498524250935,,0.0,0.0,1.0,29.31608938019702,83.0228229451755,16.0,0.0,89.95498524250935,25
b20465ed49f953d3,pareto,0,0,16,True,False,False,False,1.0,0,0,89.95498524250935,,0.0,0.0,1.0,29.31608938019702,83.0228229451755,16.0,0.0,89.95498524250935,25
b20465ed49f953d3,gt_distance,2,2,16,False,False,False,False,0.875,2,0,84.987662193752,83.7334897570627,0.0,0.125,0.875,6.601151323474939,83.0228229451755,16.0,0.0,84.987662193752,25
b20465ed49f953d3,old_pc,1,1,1,False,False,False,False,0.0,1,0,83.83823721418477,83.83823721418477,0.0,1.0,0.0,1.5270592349371277,83.0228229451755,16.0,15.0,83.83795478805169,25
f6741cbf60265367,conditional_pc,16,16,16,False,True,True,True,0.0,16,0,93.2460298837099,93.2460298837099,0.375,0.625,0.0,1.0586929702318373,92.07984552348135,,,,18
f6741cbf60265367,quality_only,16,16,16,False,True,True,True,0.0,16,0,93.2460298837099,93.2460298837099,0.375,0.625,0.0,1.0586929702318373,92.07984552348135,,,,18
f6741cbf60265367,score,1,1,16,False,False,False,False,0.9375,1,0,94.49144746678265,94.28817020587896,0.0,0.0625,0.9375,4.146489509430618,92.07984552348135,16.0,0.0,94.49144746678265,18
f6741cbf60265367,pareto,1,1,16,False,False,False,False,0.9375,1,0,94.49144746678265,94.28817020587896,0.0,0.0625,0.9375,4.146489509430618,92.07984552348135,16.0,0.0,94.49144746678265,18
f6741cbf60265367,gt_distance,1,1,16,False,False,False,False,0.9375,1,0,94.49144746678265,94.28817020587896,0.0,0.0625,0.9375,4.146489509430618,92.07984552348135,16.0,0.0,94.49144746678265,18
f6741cbf60265367,old_pc,1,1,1,False,False,False,False,0.0,1,0,94.28817020587896,94.28817020587896,0.0,1.0,0.0,1.1042427721779633,92.07984552348135,16.0,15.0,94.28899763997484,18
4df92e2616c75be7,conditional_pc,16,16,16,False,True,True,True,0.0,16,0,95.55316148591722,95.55316148591722,0.0625,0.9375,0.0,1.250680157087496,93.47727876796954,,,,31
4df92e2616c75be7,quality_only,16,16,16,False,True,True,True,0.0,16,0,95.55316148591722,95.55316148591722,0.0625,0.9375,0.0,1.250680157087496,93.47727876796954,,,,31
4df92e2616c75be7,score,0,0,16,True,False,False,False,1.0,0,0,100.0,,0.0,0.0,1.0,20.595708588908906,93.47727876796954,16.0,0.0,100.0,31
4df92e2616c75be7,pareto,0,0,16,True,False,False,False,1.0,0,0,100.0,,0.0,0.0,1.0,17.74929786734709,93.47727876796954,16.0,0.0,100.0,31
4df92e2616c75be7,gt_distance,0,0,16,True,False,False,False,1.0,0,0,100.0,,0.0,0.0,1.0,10.979656175920653,93.47727876796954,16.0,0.0,100.0,31
4df92e2616c75be7,old_pc,1,1,1,False,False,False,False,0.0,1,0,96.7706978152495,96.7706978152495,0.0,1.0,0.0,1.2493931438301464,93.47727876796954,16.0,15.0,96.76917636669955,31
b3a6f577c20d5eb3,conditional_pc,16,16,16,False,True,True,True,0.0,16,0,100.0,100.0,0.3125,0.6875,0.0,1.1183121717019198,100.0,,,,30
b3a6f577c20d5eb3,quality_only,16,16,16,False,True,True,True,0.0,16,0,100.0,100.0,0.3125,0.6875,0.0,1.1183121717019198,100.0,,,,30
b3a6f577c20d5eb3,score,14,14,16,False,True,True,False,0.125,14,0,100.0,100.0,0.5,0.375,0.125,1.0923932184769134,100.0,16.0,0.0,100.0,30
b3a6f577c20d5eb3,pareto,2,2,16,False,False,False,False,0.875,2,0,100.0,100.0,0.0625,0.0625,0.875,8.17897852681275,100.0,16.0,0.0,100.0,30
b3a6f577c20d5eb3,gt_distance,8,8,16,False,True,True,False,0.5,8,0,100.0,100.0,0.1875,0.3125,0.5,3.247822318722032,100.0,16.0,0.0,100.0,30
b3a6f577c20d5eb3,old_pc,16,16,16,False,True,True,True,0.0,16,0,100.0,100.0,0.3125,0.6875,0.0,1.1183121717019198,100.0,16.0,0.0,100.0,30
d7c39e8608e25e88,conditional_pc,16,16,16,False,True,True,True,0.0,16,0,97.41158336861976,97.41158336861976,0.3125,0.6875,0.0,1.0894250873088471,96.83879791337552,,,,23
d7c39e8608e25e88,quality_only,16,16,16,False,True,True,True,0.0,16,0,97.41158336861976,97.41158336861976,0.3125,0.6875,0.0,1.0894250873088471,96.83879791337552,,,,23
d7c39e8608e25e88,score,0,0,16,True,False,False,False,1.0,0,0,100.0,,0.0,0.0,1.0,27.2035333808662,96.83879791337552,16.0,0.0,100.0,23
d7c39e8608e25e88,pareto,0,0,16,True,False,False,False,1.0,0,0,100.0,,0.0,0.0,1.0,25.332822216352163,96.83879791337552,16.0,0.0,100.0,23
d7c39e8608e25e88,gt_distance,0,0,16,True,False,False,False,1.0,0,0,99.89071365446544,,0.0,0.0,1.0,17.930842353696157,96.83879791337552,16.0,0.0,99.89071365446544,23
d7c39e8608e25e88,old_pc,1,1,1,False,False,False,False,0.0,1,0,98.12086018264198,98.12086018264198,0.0,1.0,0.0,1.5858392236230654,96.83879791337552,16.0,15.0,98.12088093156892,23
db42252e1f655f26,conditional_pc,16,16,16,False,True,True,True,0.0,16,0,100.0,100.0,0.0,1.0,0.0,1.229013517046604,100.0,,,,37
db42252e1f655f26,quality_only,16,16,16,False,True,True,True,0.0,16,0,100.0,100.0,0.0,1.0,0.0,1.229013517046604,100.0,,,,37
db42252e1f655f26,score,0,0,16,True,False,False,False,1.0,0,0,100.0,,0.0,0.0,1.0,3.0366824462265782,100.0,16.0,0.0,100.0,37
db42252e1f655f26,pareto,1,1,16,False,False,False,False,0.9375,1,0,100.0,100.0,0.0,0.0625,0.9375,7.392928944709372,100.0,16.0,0.0,100.0,37
db42252e1f655f26,gt_distance,1,1,16,False,False,False,False,0.9375,1,0,100.0,100.0,0.0,0.0625,0.9375,7.004041613588273,100.0,16.0,0.0,100.0,37
db42252e1f655f26,old_pc,16,16,16,False,True,True,True,0.0,16,0,100.0,100.0,0.0,1.0,0.0,1.229013517046604,100.0,16.0,0.0,100.0,37
b4375fa743295bd8,conditional_pc,16,16,16,False,True,True,True,0.0,16,0,93.65057504080772,93.65057504080772,0.125,0.875,0.0,1.2180930508820609,91.52509809772091,,,,24
b4375fa743295bd8,quality_only,16,16,16,False,True,True,True,0.0,16,0,93.65057504080772,93.65057504080772,0.125,0.875,0.0,1.2180930508820609,91.52509809772091,,,,24
b4375fa743295bd8,score,0,0,16,True,False,False,False,1.0,0,0,100.0,,0.0,0.0,1.0,21.6325940759354,91.52509809772091,16.0,0.0,100.0,24
b4375fa743295bd8,pareto,0,0,16,True,False,False,False,1.0,0,0,100.0,,0.0,0.0,1.0,21.16738988764033,91.52509809772091,16.0,0.0,100.0,24
b4375fa743295bd8,gt_distance,0,0,16,True,False,False,False,1.0,0,0,98.98956033350804,,0.0,0.0,1.0,14.989051506330767,91.52509809772091,16.0,0.0,98.98956033350804,24
b4375fa743295bd8,old_pc,1,1,1,False,False,False,False,0.0,1,0,94.75439773772312,94.75439773772312,0.0,1.0,0.0,1.0921437296273684,91.52509809772091,16.0,15.0,94.75447229692698,24
5b620dbb3b4d5892,conditional_pc,16,16,16,False,True,True,True,0.0,16,0,91.4332369819273,91.4332369819273,0.25,0.75,0.0,1.2585863540250422,90.8762531796295,,,,30
5b620dbb3b4d5892,quality_only,16,16,16,False,True,True,True,0.0,16,0,91.4332369819273,91.4332369819273,0.25,0.75,0.0,1.2585863540250422,90.8762531796295,,,,30
5b620dbb3b4d5892,score,0,0,16,True,False,False,False,1.0,0,0,93.84985650374271,,0.0,0.0,1.0,19.894555834529317,90.8762531796295,16.0,0.0,93.84985650374271,30
5b620dbb3b4d5892,pareto,0,0,16,True,False,False,False,1.0,0,0,93.84985650374271,,0.0,0.0,1.0,19.894555834529317,90.8762531796295,16.0,0.0,93.84985650374271,30
5b620dbb3b4d5892,gt_distance,0,0,16,True,False,False,False,1.0,0,0,93.84985650374271,,0.0,0.0,1.0,19.894555834529317,90.8762531796295,16.0,0.0,93.84985650374271,30
5b620dbb3b4d5892,old_pc,1,1,1,False,False,False,False,0.0,1,0,92.03665183723687,92.03665183723687,0.0,1.0,0.0,1.341335769161484,90.8762531796295,16.0,15.0,92.03665573633624,30
9a78f0e3d0335345,conditional_pc,0,0,0,True,False,False,False,1.0,0,0,,,,,,,0.0,,,,0
9a78f0e3d0335345,quality_only,0,0,0,True,False,False,False,1.0,0,0,,,,,,,0.0,,,,0
9a78f0e3d0335345,score,0,0,16,True,False,False,False,1.0,0,0,100.0,,0.0,0.0,1.0,6.901987365102176,0.0,16.0,0.0,100.0,0
9a78f0e3d0335345,pareto,0,0,16,True,False,False,False,1.0,0,0,100.0,,0.0,0.0,1.0,12.952912685420213,0.0,16.0,0.0,100.0,0
9a78f0e3d0335345,gt_distance,0,0,16,True,False,False,False,1.0,0,0,100.0,,0.0,0.0,1.0,6.570533698236903,0.0,16.0,0.0,100.0,0
9a78f0e3d0335345,old_pc,0,0,1,True,False,False,False,1.0,0,0,0.0,,0.0,1.0,0.0,1.6807755188673643,0.0,16.0,15.0,0.0,0
576835726a7c57d4,conditional_pc,16,16,16,False,True,True,True,0.0,16,0,84.88265606425813,84.88265606425813,0.1875,0.8125,0.0,1.1320477121889203,83.86694312304596,,,,27
576835726a7c57d4,quality_only,16,16,16,False,True,True,True,0.0,16,0,84.88265606425813,84.88265606425813,0.1875,0.8125,0.0,1.1320477121889203,83.86694312304596,,,,27
576835726a7c57d4,score,0,0,16,True,False,False,False,1.0,0,0,100.0,,0.0,0.0,1.0,70.1841207542041,83.86694312304596,16.0,0.0,100.0,27
576835726a7c57d4,pareto,0,0,16,True,False,False,False,1.0,0,0,100.0,,0.0,0.0,1.0,72.58016456071556,83.86694312304596,16.0,0.0,100.0,27
576835726a7c57d4,gt_distance,0,0,16,True,False,False,False,1.0,0,0,91.0709390957872,,0.0,0.0,1.0,36.82986094108568,83.86694312304596,16.0,0.0,91.0709390957872,27
576835726a7c57d4,old_pc,1,1,1,False,False,False,False,0.0,1,0,86.39998111185785,86.39998111185785,0.0,1.0,0.0,1.440374561637078,83.86694312304596,16.0,15.0,86.40009340148316,27
23c842d3f001597a,conditional_pc,16,16,16,False,True,True,True,0.0,16,0,93.49954527777842,93.49954527777842,0.25,0.75,0.0,1.1709672913712406,92.45639742733036,,,,27
23c842d3f001597a,quality_only,16,16,16,False,True,True,True,0.0,16,0,93.49954527777842,93.49954527777842,0.25,0.75,0.0,1.1709672913712406,92.45639742733036,,,,27
23c842d3f001597a,score,0,0,16,True,False,False,False,1.0,0,0,94.56964738542982,,0.0,0.0,1.0,5.569597551370352,92.45639742733036,16.0,0.0,94.56964738542982,27
23c842d3f001597a,pareto,0,0,16,True,False,False,False,1.0,0,0,94.56964738542982,,0.0,0.0,1.0,5.569597551370352,92.45639742733036,16.0,0.0,94.56964738542982,27
23c842d3f001597a,gt_distance,0,0,16,True,False,False,False,1.0,0,0,94.56964738542982,,0.0,0.0,1.0,5.569597551370352,92.45639742733036,16.0,0.0,94.56964738542982,27
23c842d3f001597a,old_pc,1,1,1,False,False,False,False,0.0,1,0,94.035952904471,94.035952904471,0.0,1.0,0.0,1.3742489586365203,92.45639742733036,16.0,15.0,94.0359965243203,27
db4611f3cf8a5db7,conditional_pc,16,16,16,False,True,True,True,0.0,16,0,85.76763347980409,85.76763347980409,0.0,1.0,0.0,1.19616847071192,84.73633975877051,,,,58
db4611f3cf8a5db7,quality_only,16,16,16,False,True,True,True,0.0,16,0,85.76763347980409,85.76763347980409,0.0,1.0,0.0,1.19616847071192,84.73633975877051,,,,58
db4611f3cf8a5db7,score,0,0,16,True,False,False,False,1.0,0,0,87.11589706418779,,0.0,0.0,1.0,14.04306528482866,84.73633975877051,16.0,0.0,87.11589706418779,58
db4611f3cf8a5db7,pareto,0,0,16,True,False,False,False,1.0,0,0,87.11589706418779,,0.0,0.0,1.0,14.04306528482866,84.73633975877051,16.0,0.0,87.11589706418779,58
db4611f3cf8a5db7,gt_distance,9,9,16,False,True,True,False,0.4375,9,0,85.97092233179579,85.94188077090892,0.0625,0.5,0.4375,1.5100404890856645,84.73633975877051,16.0,0.0,85.97092233179579,58
db4611f3cf8a5db7,old_pc,1,1,1,False,False,False,False,0.0,1,0,86.25151706827546,86.25151706827546,0.0,1.0,0.0,1.0267461295232363,84.73633975877051,16.0,15.0,86.25152826053049,58
bed1f99d06215f1b,conditional_pc,16,16,16,False,True,True,True,0.0,16,0,92.52137682378913,92.52137682378913,0.0625,0.9375,0.0,1.254131190819823,91.5975330820543,,,,25
bed1f99d06215f1b,quality_only,16,16,16,False,True,True,True,0.0,16,0,92.52137682378913,92.52137682378913,0.0625,0.9375,0.0,1.254131190819823,91.5975330820543,,,,25
bed1f99d06215f1b,score,0,0,16,True,False,False,False,1.0,0,0,99.1375190658824,,0.0,0.0,1.0,26.289865307514464,91.5975330820543,16.0,0.0,99.1375190658824,25
bed1f99d06215f1b,pareto,0,0,16,True,False,False,False,1.0,0,0,99.1375190658824,,0.0,0.0,1.0,26.289865307514464,91.5975330820543,16.0,0.0,99.1375190658824,25
bed1f99d06215f1b,gt_distance,0,0,16,True,False,False,False,1.0,0,0,95.47014035923678,,0.0,0.0,1.0,10.98602566598337,91.5975330820543,16.0,0.0,95.47014035923678,25
bed1f99d06215f1b,old_pc,1,1,1,False,False,False,False,0.0,1,0,93.09094885101476,93.09094885101476,0.0,1.0,0.0,1.3130326742510314,91.5975330820543,16.0,15.0,93.09107770266336,25
770e1697a0255dc8,conditional_pc,16,16,16,False,True,True,True,0.0,16,0,92.1037040090548,92.1037040090548,0.0,1.0,0.0,1.287003797097986,91.11218601440896,,,,30
770e1697a0255dc8,quality_only,16,16,16,False,True,True,True,0.0,16,0,92.1037040090548,92.1037040090548,0.0,1.0,0.0,1.287003797097986,91.11218601440896,,,,30
770e1697a0255dc8,score,0,0,16,True,False,False,False,1.0,0,0,95.94221250771736,,0.0,0.0,1.0,23.079288832695312,91.11218601440896,16.0,0.0,95.94221250771736,30
770e1697a0255dc8,pareto,0,0,16,True,False,False,False,1.0,0,0,95.94221250771736,,0.0,0.0,1.0,23.079288832695312,91.11218601440896,16.0,0.0,95.94221250771736,30
770e1697a0255dc8,gt_distance,0,0,16,True,False,False,False,1.0,0,0,93.83657097375884,,0.0,0.0,1.0,6.891775322685593,91.11218601440896,16.0,0.0,93.83657097375884,30
770e1697a0255dc8,old_pc,1,1,1,False,False,False,False,0.0,1,0,92.34941910905091,92.34941910905091,0.0,1.0,0.0,1.1986657598126702,91.11218601440896,16.0,15.0,92.349647172965,30
339d5c1111125971,conditional_pc,14,14,16,False,True,True,False,0.125,14,2,97.8785302200152,97.91290509284192,0.4375,0.5625,0.0,1.029917383874227,97.69125125226417,,,,14
339d5c1111125971,quality_only,14,14,16,False,True,True,False,0.125,14,2,97.8785302200152,97.91290509284192,0.4375,0.5625,0.0,1.029917383874227,97.69125125226417,,,,14
339d5c1111125971,score,0,0,16,True,False,False,False,1.0,0,0,99.46027407170452,,0.0,0.0,1.0,13.793618714167769,97.69125125226417,16.0,0.0,99.46027407170452,14
339d5c1111125971,pareto,0,0,16,True,False,False,False,1.0,0,0,99.46027407170452,,0.0,0.0,1.0,13.793618714167769,97.69125125226417,16.0,0.0,99.46027407170452,14
339d5c1111125971,gt_distance,0,0,16,True,False,False,False,1.0,0,0,99.398092839831,,0.0,0.0,1.0,8.532189923041102,97.69125125226417,16.0,0.0,99.398092839831,14
339d5c1111125971,old_pc,1,1,1,False,False,False,False,0.0,1,0,98.21568585759994,98.21568585759994,0.0,1.0,0.0,1.1291358459493552,97.69125125226417,16.0,15.0,98.21569338431128,14
4a5cb683d82059f0,conditional_pc,16,16,16,False,True,True,True,0.0,16,0,93.38089986138098,93.38089986138098,0.0625,0.9375,0.0,1.135556509675818,91.88868726547643,,,,27
4a5cb683d82059f0,quality_only,16,16,16,False,True,True,True,0.0,16,0,93.38089986138098,93.38089986138098,0.0625,0.9375,0.0,1.135556509675818,91.88868726547643,,,,27
4a5cb683d82059f0,score,0,0,16,True,False,False,False,1.0,0,0,95.24481657174586,,0.0,0.0,1.0,12.49644588155779,91.88868726547643,16.0,0.0,95.24481657174586,27
4a5cb683d82059f0,pareto,0,0,16,True,False,False,False,1.0,0,0,95.24481657174586,,0.0,0.0,1.0,12.49644588155779,91.88868726547643,16.0,0.0,95.24481657174586,27
4a5cb683d82059f0,gt_distance,0,0,16,True,False,False,False,1.0,0,0,95.24481657174586,,0.0,0.0,1.0,12.49644588155779,91.88868726547643,16.0,0.0,95.24481657174586,27
4a5cb683d82059f0,old_pc,1,1,1,False,False,False,False,0.0,1,0,94.28983836135674,94.28983836135674,0.0,1.0,0.0,1.233611676751747,91.88868726547643,16.0,15.0,94.2903583542016,27
6be7246860e057c8,conditional_pc,16,16,16,False,True,True,True,0.0,16,0,100.0,100.0,0.0,1.0,0.0,1.41508815632521,100.0,,,,46
6be7246860e057c8,quality_only,16,16,16,False,True,True,True,0.0,16,0,100.0,100.0,0.0,1.0,0.0,1.41508815632521,100.0,,,,46
6be7246860e057c8,score,1,1,16,False,False,False,False,0.9375,1,0,100.0,100.0,0.0,0.0625,0.9375,2.0302683209492205,100.0,16.0,0.0,100.0,46
6be7246860e057c8,pareto,1,1,16,False,False,False,False,0.9375,1,0,100.0,100.0,0.0625,0.0,0.9375,9.367594997437568,100.0,16.0,0.0,100.0,46
6be7246860e057c8,gt_distance,3,3,16,False,False,False,False,0.8125,3,0,100.0,100.0,0.0625,0.125,0.8125,4.377468376330141,100.0,16.0,0.0,100.0,46
6be7246860e057c8,old_pc,16,16,16,False,True,True,True,0.0,16,0,100.0,100.0,0.0,1.0,0.0,1.41508815632521,100.0,16.0,0.0,100.0,46
4c31e06f0fc858a0,conditional_pc,16,16,16,False,True,True,True,0.0,16,0,87.84152202631688,87.84152202631688,0.0,1.0,0.0,1.6174801480886891,86.67449905489283,,,,33
4c31e06f0fc858a0,quality_only,16,16,16,False,True,True,True,0.0,16,0,87.84152202631688,87.84152202631688,0.0,1.0,0.0,1.6174801480886891,86.67449905489283,,,,33
4c31e06f0fc858a0,score,0,0,16,True,False,False,False,1.0,0,0,88.60436040747108,,0.0,0.0,1.0,7.857784490970863,86.67449905489283,16.0,0.0,88.60436040747108,33
4c31e06f0fc858a0,pareto,0,0,16,True,False,False,False,1.0,0,0,88.60436040747108,,0.0,0.0,1.0,7.857784490970863,86.67449905489283,16.0,0.0,88.60436040747108,33
4c31e06f0fc858a0,gt_distance,0,0,16,True,False,False,False,1.0,0,0,88.60436040747108,,0.0,0.0,1.0,7.857784490970863,86.67449905489283,16.0,0.0,88.60436040747108,33
4c31e06f0fc858a0,old_pc,1,1,1,False,False,False,False,0.0,1,0,88.2226242459859,88.2226242459859,0.0,1.0,0.0,1.7474599676655354,86.67449905489283,16.0,15.0,88.22268010903136,33
ac2dfd95a1e55c5e,conditional_pc,16,16,16,False,True,True,True,0.0,16,0,95.75552756560516,95.75552756560516,0.125,0.875,0.0,1.205163494330062,95.47847755595843,,,,19
ac2dfd95a1e55c5e,quality_only,16,16,16,False,True,True,True,0.0,16,0,95.75552756560516,95.75552756560516,0.125,0.875,0.0,1.205163494330062,95.47847755595843,,,,19
ac2dfd95a1e55c5e,score,1,1,16,False,False,False,False,0.9375,1,0,96.22482144510845,96.03343067133112,0.0625,0.0,0.9375,3.616060368881948,95.47847755595843,16.0,0.0,96.22482144510845,19
ac2dfd95a1e55c5e,pareto,1,1,16,False,False,False,False,0.9375,1,0,96.22482144510845,96.03343067133112,0.0625,0.0,0.9375,3.616060368881948,95.47847755595843,16.0,0.0,96.22482144510845,19
ac2dfd95a1e55c5e,gt_distance,1,1,16,False,False,False,False,0.9375,1,0,96.22482144510845,96.03343067133112,0.0625,0.0,0.9375,3.616060368881948,95.47847755595843,16.0,0.0,96.22482144510845,19
ac2dfd95a1e55c5e,old_pc,1,1,1,False,False,False,False,0.0,1,0,95.92621071488878,95.92621071488878,0.0,1.0,0.0,1.4975393784542326,95.47847755595843,16.0,15.0,95.92638301541422,19
664b084487e05ba0,conditional_pc,16,16,16,False,True,True,True,0.0,16,0,99.9243300580323,99.9243300580323,0.0,1.0,0.0,1.197790148778606,99.3875212658247,,,,26
664b084487e05ba0,quality_only,16,16,16,False,True,True,True,0.0,16,0,99.9243300580323,99.9243300580323,0.0,1.0,0.0,1.197790148778606,99.3875212658247,,,,26
664b084487e05ba0,score,0,0,16,True,False,False,False,1.0,0,0,100.0,,0.0,0.0,1.0,6.132813158387661,99.3875212658247,16.0,0.0,100.0,26
664b084487e05ba0,pareto,1,1,16,False,False,False,False,0.9375,1,0,100.0,100.0,0.0,0.0625,0.9375,18.29311555189175,99.3875212658247,16.0,0.0,100.0,26
664b084487e05ba0,gt_distance,2,2,16,False,False,False,False,0.875,2,0,100.0,100.0,0.0625,0.0625,0.875,10.974460421991251,99.3875212658247,16.0,0.0,100.0,26
664b084487e05ba0,old_pc,16,16,16,False,True,True,True,0.0,16,0,99.99998501830729,99.99998501830729,0.25,0.75,0.0,1.107005314527946,99.3875212658247,16.0,0.0,99.99998501830729,26
b4206de96b755fb8,conditional_pc,16,16,16,False,True,True,True,0.0,16,0,99.86943112254048,99.86943112254048,0.25,0.75,0.0,1.1142200722413154,99.47541815231652,,,,23
b4206de96b755fb8,quality_only,16,16,16,False,True,True,True,0.0,16,0,99.86943112254048,99.86943112254048,0.25,0.75,0.0,1.1142200722413154,99.47541815231652,,,,23
b4206de96b755fb8,score,0,0,16,True,False,False,False,1.0,0,0,100.0,,0.0,0.0,1.0,5.180719397974963,99.47541815231652,16.0,0.0,100.0,23
b4206de96b755fb8,pareto,1,1,16,False,False,False,False,0.9375,1,0,100.0,100.0,0.0,0.0625,0.9375,10.695144806080323,99.47541815231652,16.0,0.0,100.0,23
b4206de96b755fb8,gt_distance,1,1,16,False,False,False,False,0.9375,1,0,100.0,100.0,0.0,0.0625,0.9375,10.028481153601549,99.47541815231652,16.0,0.0,100.0,23
b4206de96b755fb8,old_pc,13,13,13,False,True,True,False,0.0,13,0,99.99107636547858,99.99107636547858,0.5384615384615384,0.4615384615384615,0.0,1.0312973867883886,99.47541815231652,16.0,3.0,99.99274954695134,23
2fd40c15042e53d4,conditional_pc,16,16,16,False,True,True,True,0.0,16,0,100.0,100.0,0.125,0.875,0.0,1.103736873132266,100.0,,,,31
2fd40c15042e53d4,quality_only,16,16,16,False,True,True,True,0.0,16,0,100.0,100.0,0.125,0.875,0.0,1.103736873132266,100.0,,,,31
2fd40c15042e53d4,score,0,0,16,True,False,False,False,1.0,0,0,100.0,,0.0,0.0,1.0,2.356804136988167,100.0,16.0,0.0,100.0,31
2fd40c15042e53d4,pareto,1,1,16,False,False,False,False,0.9375,1,0,100.0,100.0,0.0,0.0625,0.9375,11.059820858571795,100.0,16.0,0.0,100.0,31
2fd40c15042e53d4,gt_distance,1,1,16,False,False,False,False,0.9375,1,0,100.0,100.0,0.0,0.0625,0.9375,8.320600502055957,100.0,16.0,0.0,100.0,31
2fd40c15042e53d4,old_pc,16,16,16,False,True,True,True,0.0,16,0,100.0,100.0,0.125,0.875,0.0,1.103736873132266,100.0,16.0,0.0,100.0,31
fc2be4c9cc135538,conditional_pc,16,16,16,False,True,True,True,0.0,16,0,100.0,100.0,0.0625,0.9375,0.0,1.1100846182228392,100.0,,,,35
fc2be4c9cc135538,quality_only,16,16,16,False,True,True,True,0.0,16,0,100.0,100.0,0.0625,0.9375,0.0,1.1100846182228392,100.0,,,,35
fc2be4c9cc135538,score,0,0,16,True,False,False,False,1.0,0,0,100.0,,0.0,0.0,1.0,2.926775532519845,100.0,16.0,0.0,100.0,35
fc2be4c9cc135538,pareto,2,2,16,False,False,False,False,0.875,2,0,100.0,100.0,0.0625,0.0625,0.875,9.597490534046202,100.0,16.0,0.0,100.0,35
fc2be4c9cc135538,gt_distance,2,2,16,False,False,False,False,0.875,2,0,100.0,100.0,0.0625,0.0625,0.875,9.597490534046202,100.0,16.0,0.0,100.0,35
fc2be4c9cc135538,old_pc,16,16,16,False,True,True,True,0.0,16,0,100.0,100.0,0.0625,0.9375,0.0,1.1100846182228392,100.0,16.0,0.0,100.0,35
9ac1e7123b245486,conditional_pc,16,16,16,False,True,True,True,0.0,16,0,91.08185060589344,91.08185060589344,0.1875,0.8125,0.0,1.1094929628353785,89.3250460347203,,,,26
9ac1e7123b245486,quality_only,16,16,16,False,True,True,True,0.0,16,0,91.08185060589344,91.08185060589344,0.1875,0.8125,0.0,1.1094929628353782,89.3250460347203,,,,26
9ac1e7123b245486,score,0,0,16,True,False,False,False,1.0,0,0,99.31372093525984,,0.0,0.0,1.0,20.08827008432254,89.3250460347203,16.0,0.0,99.31372093525984,26
9ac1e7123b245486,pareto,0,0,16,True,False,False,False,1.0,0,0,99.31372093525984,,0.0,0.0,1.0,20.08827008432254,89.3250460347203,16.0,0.0,99.31372093525984,26
9ac1e7123b245486,gt_distance,0,0,16,True,False,False,False,1.0,0,0,99.31372093525984,,0.0,0.0,1.0,20.08827008432254,89.3250460347203,16.0,0.0,99.31372093525984,26
9ac1e7123b245486,old_pc,1,1,1,False,False,False,False,0.0,1,0,92.0003483057745,92.0003483057745,0.0,1.0,0.0,1.5535947466828055,89.3250460347203,16.0,15.0,92.0003483057745,26
bca73d6fa8f85d39,conditional_pc,16,16,16,False,True,True,True,0.0,16,0,100.0,100.0,0.25,0.75,0.0,1.0691781448110655,100.0,,,,30
bca73d6fa8f85d39,quality_only,16,16,16,False,True,True,True,0.0,16,0,100.0,100.0,0.25,0.75,0.0,1.0691781448110655,100.0,,,,30
bca73d6fa8f85d39,score,0,0,16,True,False,False,False,1.0,0,0,100.0,,0.0,0.0,1.0,10.178472570714693,100.0,16.0,0.0,100.0,30
bca73d6fa8f85d39,pareto,3,3,16,False,False,False,False,0.8125,3,0,100.0,100.0,0.125,0.0625,0.8125,11.225139115156804,100.0,16.0,0.0,100.0,30
bca73d6fa8f85d39,gt_distance,3,3,16,False,False,False,False,0.8125,3,0,100.0,100.0,0.125,0.0625,0.8125,10.14959726376424,100.0,16.0,0.0,100.0,30
bca73d6fa8f85d39,old_pc,16,16,16,False,True,True,True,0.0,16,0,100.0,100.0,0.25,0.75,0.0,1.0691781448110655,100.0,16.0,0.0,100.0,30
f57d194633ae5571,conditional_pc,16,16,16,False,True,True,True,0.0,16,0,100.0,100.0,0.0,1.0,0.0,1.3297776804915853,100.0,,,,42
f57d194633ae5571,quality_only,16,16,16,False,True,True,True,0.0,16,0,100.0,100.0,0.0,1.0,0.0,1.3297776804915853,100.0,,,,42
f57d194633ae5571,score,0,0,16,True,False,False,False,1.0,0,0,100.0,,0.0,0.0,1.0,3.420065686730294,100.0,16.0,0.0,100.0,42
f57d194633ae5571,pareto,1,1,16,False,False,False,False,0.9375,1,0,100.0,100.0,0.0,0.0625,0.9375,9.847166009292238,100.0,16.0,0.0,100.0,42
f57d194633ae5571,gt_distance,1,1,16,False,False,False,False,0.9375,1,0,100.0,100.0,0.0,0.0625,0.9375,9.422932701430138,100.0,16.0,0.0,100.0,42
f57d194633ae5571,old_pc,16,16,16,False,True,True,True,0.0,16,0,100.0,100.0,0.0,1.0,0.0,1.3297776804915853,100.0,16.0,0.0,100.0,42
99d1ae48071a5aec,conditional_pc,16,16,16,False,True,True,True,0.0,16,0,96.74668614049472,96.74668614049472,0.5625,0.4375,0.0,1.0148582452014552,96.1143666286291,,,,20
99d1ae48071a5aec,quality_only,16,16,16,False,True,True,True,0.0,16,0,96.74668614049472,96.74668614049472,0.5625,0.4375,0.0,1.0148582452014552,96.1143666286291,,,,20
99d1ae48071a5aec,score,0,0,16,True,False,False,False,1.0,0,0,98.1830171738542,,0.0,0.0,1.0,24.026579690270747,96.1143666286291,16.0,0.0,98.1830171738542,20
99d1ae48071a5aec,pareto,0,0,16,True,False,False,False,1.0,0,0,98.1830171738542,,0.0,0.0,1.0,24.026579690270747,96.1143666286291,16.0,0.0,98.1830171738542,20
99d1ae48071a5aec,gt_distance,10,10,16,False,True,True,False,0.375,10,0,96.3083303605341,96.38779822496464,0.5,0.375,0.125,1.660278966641453,96.1143666286291,16.0,0.0,96.3083303605341,20
99d1ae48071a5aec,old_pc,1,1,1,False,False,False,False,0.0,1,0,97.30128259048853,97.30128259048853,0.0,1.0,0.0,1.1737426987439357,96.1143666286291,16.0,15.0,97.30130387178954,20
008a9f9434c75b99,conditional_pc,16,16,16,False,True,True,True,0.0,16,0,100.0,100.0,0.0625,0.9375,0.0,1.1130999274876552,100.0,,,,28
008a9f9434c75b99,quality_only,16,16,16,False,True,True,True,0.0,16,0,100.0,100.0,0.0625,0.9375,0.0,1.1130999274876552,100.0,,,,28
008a9f9434c75b99,score,0,0,16,True,False,False,False,1.0,0,0,100.0,,0.0,0.0,1.0,1.8914123340331843,100.0,16.0,0.0,100.0,28
008a9f9434c75b99,pareto,1,1,16,False,False,False,False,0.9375,1,0,100.0,100.0,0.0,0.0625,0.9375,5.1560051516003576,100.0,16.0,0.0,100.0,28
008a9f9434c75b99,gt_distance,2,2,16,False,False,False,False,0.875,2,0,100.0,100.0,0.125,0.0,0.875,4.604802225759222,100.0,16.0,0.0,100.0,28
008a9f9434c75b99,old_pc,16,16,16,False,True,True,True,0.0,16,0,100.0,100.0,0.0625,0.9375,0.0,1.1130999274876552,100.0,16.0,0.0,100.0,28
dc89cd046c135fae,conditional_pc,16,16,16,False,True,True,True,0.0,16,0,95.6062350631468,95.6062350631468,0.0,1.0,0.0,1.1752172589517913,94.52002534485344,,,,26
dc89cd046c135fae,quality_only,16,16,16,False,True,True,True,0.0,16,0,95.6062350631468,95.6062350631468,0.0,1.0,0.0,1.1752172589517913,94.52002534485344,,,,26
dc89cd046c135fae,score,2,2,16,False,False,False,False,0.875,2,0,97.45301842825246,97.35616595061032,0.0,0.125,0.875,5.157022967052988,94.52002534485344,16.0,0.0,97.45301842825246,26
dc89cd046c135fae,pareto,2,2,16,False,False,False,False,0.875,2,0,97.45301842825246,97.35616595061032,0.0,0.125,0.875,5.157022967052988,94.52002534485344,16.0,0.0,97.45301842825246,26
dc89cd046c135fae,gt_distance,2,2,16,False,False,False,False,0.875,2,0,97.45301842825246,97.35616595061032,0.0,0.125,0.875,5.157022967052988,94.52002534485344,16.0,0.0,97.45301842825246,26
dc89cd046c135fae,old_pc,1,1,1,False,False,False,False,0.0,1,0,97.41990885231894,97.41990885231894,0.0,1.0,0.0,1.231533077806865,94.52002534485344,16.0,15.0,97.42040999969666,26
b5d3d18e7d115933,conditional_pc,16,16,16,False,True,True,True,0.0,16,0,80.11190054033682,80.11190054033682,0.5,0.5,0.0,1.0133543049729197,78.46791135851787,,,,23
b5d3d18e7d115933,quality_only,16,16,16,False,True,True,True,0.0,16,0,80.11190054033682,80.11190054033682,0.5,0.5,0.0,1.0133543049729197,78.46791135851787,,,,23
b5d3d18e7d115933,score,0,0,16,True,False,False,False,1.0,0,0,89.33102078578297,,0.0,0.0,1.0,21.3912593892654,78.46791135851787,16.0,0.0,89.33102078578297,23
b5d3d18e7d115933,pareto,0,0,16,True,False,False,False,1.0,0,0,89.33102078578297,,0.0,0.0,1.0,21.3912593892654,78.46791135851787,16.0,0.0,89.33102078578297,23
b5d3d18e7d115933,gt_distance,0,0,16,True,False,False,False,1.0,0,0,89.33102078578297,,0.0,0.0,1.0,21.3912593892654,78.46791135851787,16.0,0.0,89.33102078578297,23
b5d3d18e7d115933,old_pc,1,1,1,False,False,False,False,0.0,1,0,81.84304233330617,81.84304233330617,0.0,1.0,0.0,1.358286001491977,78.46791135851787,16.0,15.0,81.84285462010193,23
7da1df98fb8e5af0,conditional_pc,16,16,16,False,True,True,True,0.0,16,0,100.0,100.0,0.0,1.0,0.0,1.1531336692269054,100.0,,,,28
7da1df98fb8e5af0,quality_only,16,16,16,False,True,True,True,0.0,16,0,100.0,100.0,0.0,1.0,0.0,1.1531336692269054,100.0,,,,28
7da1df98fb8e5af0,score,0,0,16,True,False,False,False,1.0,0,0,100.0,,0.0,0.0,1.0,2.9566181260195803,100.0,16.0,0.0,100.0,28
7da1df98fb8e5af0,pareto,2,2,16,False,False,False,False,0.875,2,0,100.0,100.0,0.0,0.125,0.875,5.798212284705377,100.0,16.0,0.0,100.0,28
7da1df98fb8e5af0,gt_distance,3,3,16,False,False,False,False,0.8125,3,0,100.0,100.0,0.0625,0.125,0.8125,3.8730321907008656,100.0,16.0,0.0,100.0,28
7da1df98fb8e5af0,old_pc,16,16,16,False,True,True,True,0.0,16,0,100.0,100.0,0.0,1.0,0.0,1.1531336692269054,100.0,16.0,0.0,100.0,28
af816d6041dd5257,conditional_pc,16,16,16,False,True,True,True,0.0,16,0,100.0,100.0,0.5625,0.4375,0.0,1.0741555644938343,100.0,,,,23
af816d6041dd5257,quality_only,16,16,16,False,True,True,True,0.0,16,0,100.0,100.0,0.5625,0.4375,0.0,1.0741555644938343,100.0,,,,23
af816d6041dd5257,score,12,12,16,False,True,True,False,0.25,12,0,100.0,100.0,0.5625,0.1875,0.25,1.4618685012707338,100.0,16.0,0.0,100.0,23
af816d6041dd5257,pareto,2,2,16,False,False,False,False,0.875,2,0,100.0,100.0,0.0625,0.0625,0.875,10.419558547744703,100.0,16.0,0.0,100.0,23
af816d6041dd5257,gt_distance,4,4,16,False,True,False,False,0.75,4,0,100.0,100.0,0.1875,0.0625,0.75,3.56934803652774,100.0,16.0,0.0,100.0,23
af816d6041dd5257,old_pc,16,16,16,False,True,True,True,0.0,16,0,100.0,100.0,0.5625,0.4375,0.0,1.0741555644938343,100.0,16.0,0.0,100.0,23
ec765c8fe97a51bd,conditional_pc,16,16,16,False,True,True,True,0.0,16,0,95.7472746480843,95.7472746480843,0.25,0.75,0.0,1.0998112447068151,95.46011958998255,,,,21
ec765c8fe97a51bd,quality_only,16,16,16,False,True,True,True,0.0,16,0,95.74727464808431,95.74727464808431,0.25,0.75,0.0,1.0998112447068151,95.46011958998255,,,,21
ec765c8fe97a51bd,score,0,0,16,True,False,False,False,1.0,0,0,99.1285781128815,,0.0,0.0,1.0,18.74785306537032,95.46011958998255,16.0,0.0,99.1285781128815,21
ec765c8fe97a51bd,pareto,0,0,16,True,False,False,False,1.0,0,0,99.1285781128815,,0.0,0.0,1.0,18.74785306537032,95.46011958998255,16.0,0.0,99.1285781128815,21
ec765c8fe97a51bd,gt_distance,0,0,16,True,False,False,False,1.0,0,0,94.69535611723248,,0.0,0.0,1.0,4.774189161809601,95.46011958998255,16.0,0.0,94.69535611723248,21
ec765c8fe97a51bd,old_pc,1,1,1,False,False,False,False,0.0,1,0,96.12119274278226,96.12119274278226,0.0,1.0,0.0,1.3181060842802357,95.46011958998255,16.0,15.0,96.12122730800586,21
4c188096aeb950bc,conditional_pc,16,16,16,False,True,True,True,0.0,16,0,92.3293618528746,92.3293618528746,0.25,0.75,0.0,1.08753836040388,90.5566375682787,,,,27
4c188096aeb950bc,quality_only,16,16,16,False,True,True,True,0.0,16,0,92.3293618528746,92.3293618528746,0.25,0.75,0.0,1.08753836040388,90.5566375682787,,,,27
4c188096aeb950bc,score,0,0,16,True,False,False,False,1.0,0,0,100.0,,0.0,0.0,1.0,21.054492585897517,90.5566375682787,16.0,0.0,100.0,27
4c188096aeb950bc,pareto,0,0,16,True,False,False,False,1.0,0,0,100.0,,0.0,0.0,1.0,23.3489212023964,90.5566375682787,16.0,0.0,100.0,27
4c188096aeb950bc,gt_distance,16,16,16,False,True,True,True,0.0,16,0,92.44431755327732,92.44431755327732,0.5,0.5,0.0,1.0242472314299709,90.5566375682787,16.0,0.0,92.44431755327732,27
4c188096aeb950bc,old_pc,1,1,1,False,False,False,False,0.0,1,0,94.10013902799926,94.10013902799926,0.0,1.0,0.0,1.0799062224883462,90.5566375682787,16.0,15.0,94.10022003879048,27
392e034cb2a55053,conditional_pc,0,0,0,True,False,False,False,1.0,0,0,,,,,,,0.0,,,,0
392e034cb2a55053,quality_only,0,0,0,True,False,False,False,1.0,0,0,,,,,,,0.0,,,,0
392e034cb2a55053,score,0,0,16,True,False,False,False,1.0,0,0,100.0,,0.0,0.0,1.0,33.73349488055315,0.0,16.0,0.0,100.0,0
392e034cb2a55053,pareto,0,0,16,True,False,False,False,1.0,0,0,100.0,,0.0,0.0,1.0,25.46275920709648,0.0,16.0,0.0,100.0,0
392e034cb2a55053,gt_distance,0,0,16,True,False,False,False,1.0,0,0,100.0,,0.0,0.0,1.0,27.11037805079107,0.0,16.0,0.0,100.0,0
392e034cb2a55053,old_pc,0,0,1,True,False,False,False,1.0,0,0,0.0,,0.0,1.0,0.0,1.3659707378640522,0.0,16.0,15.0,0.0,0
be6fe40f664154d7,conditional_pc,16,16,16,False,True,True,True,0.0,16,0,90.16525165843244,90.16525165843244,0.0,1.0,0.0,1.347323754400411,88.65968427622556,,,,31
be6fe40f664154d7,quality_only,16,16,16,False,True,True,True,0.0,16,0,90.16525165843244,90.16525165843244,0.0,1.0,0.0,1.347323754400411,88.65968427622556,,,,31
be6fe40f664154d7,score,0,0,16,True,False,False,False,1.0,0,0,100.0,,0.0,0.0,1.0,33.065597427200686,88.65968427622556,16.0,0.0,100.0,31
be6fe40f664154d7,pareto,0,0,16,True,False,False,False,1.0,0,0,100.0,,0.0,0.0,1.0,46.47729881811785,88.65968427622556,16.0,0.0,100.0,31
be6fe40f664154d7,gt_distance,2,2,16,False,False,False,False,0.875,2,0,94.861993608932,90.9930007353174,0.0,0.125,0.875,5.358301425140517,88.65968427622556,16.0,0.0,94.861993608932,31
be6fe40f664154d7,old_pc,1,1,1,False,False,False,False,0.0,1,0,91.05552687158118,91.05552687158118,0.0,1.0,0.0,1.8374775709162123,88.65968427622556,16.0,15.0,91.054868238096,31
a400f271c6cd51f6,conditional_pc,16,16,16,False,True,True,True,0.0,16,0,100.0,100.0,0.1875,0.8125,0.0,1.097418250638628,100.0,,,,30
a400f271c6cd51f6,quality_only,16,16,16,False,True,True,True,0.0,16,0,100.0,100.0,0.1875,0.8125,0.0,1.097418250638628,100.0,,,,30
a400f271c6cd51f6,score,0,0,16,True,False,False,False,1.0,0,0,100.0,,0.0,0.0,1.0,24.717368412424072,100.0,16.0,0.0,100.0,30
a400f271c6cd51f6,pareto,2,2,16,False,False,False,False,0.875,2,0,100.0,100.0,0.0,0.125,0.875,14.95458019926352,100.0,16.0,0.0,100.0,30
a400f271c6cd51f6,gt_distance,0,0,16,True,False,False,False,1.0,0,0,100.0,,0.0,0.0,1.0,21.731079484182008,100.0,16.0,0.0,100.0,30
a400f271c6cd51f6,old_pc,16,16,16,False,True,True,True,0.0,16,0,100.0,100.0,0.1875,0.8125,0.0,1.0974354149976504,100.0,16.0,0.0,100.0,30
e93e621b5e14563f,conditional_pc,0,0,0,True,False,False,False,1.0,0,0,,,,,,,0.0,,,,0
e93e621b5e14563f,quality_only,0,0,0,True,False,False,False,1.0,0,0,,,,,,,0.0,,,,0
e93e621b5e14563f,score,0,0,16,True,False,False,False,1.0,0,0,100.0,,0.0,0.0,1.0,9.118568805152918,0.0,16.0,0.0,100.0,0
e93e621b5e14563f,pareto,0,0,16,True,False,False,False,1.0,0,0,100.0,,0.0,0.0,1.0,10.549626473004713,0.0,16.0,0.0,100.0,0
e93e621b5e14563f,gt_distance,0,0,16,True,False,False,False,1.0,0,0,100.0,,0.0,0.0,1.0,9.00665425129727,0.0,16.0,0.0,100.0,0
e93e621b5e14563f,old_pc,0,0,1,True,False,False,False,1.0,0,0,0.0,,0.0,1.0,0.0,1.6699307776654089,0.0,16.0,15.0,0.0,0
2e976da85a8b5e5b,conditional_pc,16,16,16,False,True,True,True,0.0,16,0,93.39316062074246,93.39316062074246,0.125,0.875,0.0,1.1739601866630456,93.21596404986018,,,,27
2e976da85a8b5e5b,quality_only,16,16,16,False,True,True,True,0.0,16,0,93.39316062074246,93.39316062074246,0.125,0.875,0.0,1.1739601866630456,93.21596404986018,,,,27
2e976da85a8b5e5b,score,0,0,16,True,False,False,False,1.0,0,0,97.25532088664146,,0.0,0.0,1.0,49.75754176589738,93.21596404986018,16.0,0.0,97.25532088664146,27
2e976da85a8b5e5b,pareto,0,0,16,True,False,False,False,1.0,0,0,97.25532088664146,,0.0,0.0,1.0,49.75754176589738,93.21596404986018,16.0,0.0,97.25532088664146,27
2e976da85a8b5e5b,gt_distance,1,1,16,False,False,False,False,0.9375,1,0,94.10328642582948,93.68188302690731,0.0,0.0625,0.9375,7.066848143153591,93.21596404986018,16.0,0.0,94.10328642582948,27
2e976da85a8b5e5b,old_pc,1,1,1,False,False,False,False,0.0,1,0,93.68188302690731,93.68188302690731,0.0,1.0,0.0,1.5265798188786917,93.21596404986018,16.0,15.0,93.68188006035132,27
2f4462b637dc5044,conditional_pc,16,16,16,False,True,True,True,0.0,16,0,90.16908868251252,90.16908868251252,0.375,0.625,0.0,1.0700561018044723,89.78683255286937,,,,23
2f4462b637dc5044,quality_only,16,16,16,False,True,True,True,0.0,16,0,90.16908868251252,90.16908868251252,0.375,0.625,0.0,1.0700561018044723,89.78683255286937,,,,23
2f4462b637dc5044,score,0,0,16,True,False,False,False,1.0,0,0,92.24690042929976,,0.0,0.0,1.0,21.1588277510198,89.78683255286937,16.0,0.0,92.24690042929976,23
2f4462b637dc5044,pareto,0,0,16,True,False,False,False,1.0,0,0,92.24690042929976,,0.0,0.0,1.0,21.1588277510198,89.78683255286937,16.0,0.0,92.24690042929976,23
2f4462b637dc5044,gt_distance,0,0,16,True,False,False,False,1.0,0,0,92.20324754476826,,0.0,0.0,1.0,18.464264982354,89.78683255286937,16.0,0.0,92.20324754476826,23
2f4462b637dc5044,old_pc,1,1,1,False,False,False,False,0.0,1,0,90.6010346710958,90.6010346710958,0.0,1.0,0.0,1.0352486499690272,89.78683255286937,16.0,15.0,90.60106502402728,23
b548689d07d15535,conditional_pc,16,16,16,False,True,True,True,0.0,16,0,91.56547550249834,91.56547550249834,0.0,1.0,0.0,1.3981766387828407,91.24306887926691,,,,33
b548689d07d15535,quality_only,16,16,16,False,True,True,True,0.0,16,0,91.56547550249834,91.56547550249834,0.0,1.0,0.0,1.3981766387828407,91.24306887926691,,,,33
b548689d07d15535,score,0,0,16,True,False,False,False,1.0,0,0,95.4729310580688,,0.0,0.0,1.0,35.23814533586426,91.24306887926691,16.0,0.0,95.4729310580688,33
b548689d07d15535,pareto,0,0,16,True,False,False,False,1.0,0,0,95.4729310580688,,0.0,0.0,1.0,35.23814533586426,91.24306887926691,16.0,0.0,95.4729310580688,33
b548689d07d15535,gt_distance,0,0,16,True,False,False,False,1.0,0,0,92.25206802497748,,0.0,0.0,1.0,6.110975410212523,91.24306887926691,16.0,0.0,92.25206802497748,33
b548689d07d15535,old_pc,1,1,1,False,False,False,False,0.0,1,0,91.69190488605231,91.69190488605231,0.0,1.0,0.0,1.1981940753918623,91.24306887926691,16.0,15.0,91.69191416668627,33
f696561dbf6055df,conditional_pc,16,16,16,False,True,True,True,0.0,16,0,93.01949229047162,93.01949229047162,0.3125,0.6875,0.0,1.0843691499337549,92.70280869119117,,,,23
f696561dbf6055df,quality_only,16,16,16,False,True,True,True,0.0,16,0,93.01949229047162,93.01949229047162,0.3125,0.6875,0.0,1.0843691499337549,92.70280869119117,,,,23
f696561dbf6055df,score,0,0,16,True,False,False,False,1.0,0,0,95.982850637849,,0.0,0.0,1.0,25.71996485177032,92.70280869119117,16.0,0.0,95.982850637849,23
f696561dbf6055df,pareto,0,0,16,True,False,False,False,1.0,0,0,95.982850637849,,0.0,0.0,1.0,25.71996485177032,92.70280869119117,16.0,0.0,95.982850637849,23
f696561dbf6055df,gt_distance,8,8,16,False,True,True,False,0.5,8,0,93.2184824758986,93.11295111653588,0.25,0.25,0.5,3.294805962799992,92.70280869119117,16.0,0.0,93.2184824758986,23
f696561dbf6055df,old_pc,1,1,1,False,False,False,False,0.0,1,0,93.38271489222244,93.38271489222244,0.0,1.0,0.0,1.159519327935824,92.70280869119117,16.0,15.0,93.38265507947511,23
7bb8d2878b1f53cb,conditional_pc,16,16,16,False,True,True,True,0.0,16,0,91.95460911727416,91.95460911727416,0.0,1.0,0.0,1.7702227273805802,88.68522832417338,,,,36
7bb8d2878b1f53cb,quality_only,16,16,16,False,True,True,True,0.0,16,0,91.95460911727416,91.95460911727416,0.0,1.0,0.0,1.7702227273805802,88.68522832417338,,,,36
7bb8d2878b1f53cb,score,0,0,16,True,False,False,False,1.0,0,0,100.0,,0.0,0.0,1.0,24.666230898015097,88.68522832417338,16.0,0.0,100.0,36
7bb8d2878b1f53cb,pareto,0,0,16,True,False,False,False,1.0,0,0,100.0,,0.0,0.0,1.0,28.767945003065808,88.68522832417338,16.0,0.0,100.0,36
7bb8d2878b1f53cb,gt_distance,0,0,16,True,False,False,False,1.0,0,0,97.99487650802492,,0.0,0.0,1.0,14.174187861774133,88.68522832417338,16.0,0.0,97.99487650802492,36
7bb8d2878b1f53cb,old_pc,1,1,1,False,False,False,False,0.0,1,0,93.23480866851848,93.23480866851848,0.0,1.0,0.0,2.18043733429673,88.68522832417338,16.0,15.0,93.23508254495164,36
bff852b39f62557d,conditional_pc,16,16,16,False,True,True,True,0.0,16,0,90.2953163433168,90.2953163433168,0.4375,0.5625,0.0,1.049609676501507,90.03389772601936,,,,19
bff852b39f62557d,quality_only,16,16,16,False,True,True,True,0.0,16,0,90.2953163433168,90.2953163433168,0.4375,0.5625,0.0,1.049609676501507,90.03389772601936,,,,19
bff852b39f62557d,score,0,0,16,True,False,False,False,1.0,0,0,93.73178109451142,,0.0,0.0,1.0,30.35329510240134,90.03389772601936,16.0,0.0,93.73178109451142,19
bff852b39f62557d,pareto,0,0,16,True,False,False,False,1.0,0,0,93.73178109451142,,0.0,0.0,1.0,30.35329510240134,90.03389772601936,16.0,0.0,93.73178109451142,19
bff852b39f62557d,gt_distance,13,13,16,False,True,True,False,0.1875,13,0,90.18301178410366,90.22098819122388,0.6875,0.3125,0.0,0.9777591521403712,90.03389772601936,16.0,0.0,90.18301178410366,19
bff852b39f62557d,old_pc,1,1,1,False,False,False,False,0.0,1,0,90.42779871216584,90.42779871216584,0.0,1.0,0.0,1.2359278504683548,90.03389772601936,16.0,15.0,90.42776531751473,19
b940d77be0d45ec9,conditional_pc,16,16,16,False,True,True,True,0.0,16,0,98.15141751174896,98.15141751174896,0.0,1.0,0.0,1.152158183133951,97.41340140698104,,,,31
b940d77be0d45ec9,quality_only,16,16,16,False,True,True,True,0.0,16,0,98.15141751174896,98.15141751174896,0.0,1.0,0.0,1.1521581831339505,97.41340140698104,,,,31
b940d77be0d45ec9,score,0,0,16,True,False,False,False,1.0,0,0,99.63694609407705,,0.0,0.0,1.0,6.5624826455500544,97.41340140698104,16.0,0.0,99.63694609407705,31
b940d77be0d45ec9,pareto,0,0,16,True,False,False,False,1.0,0,0,99.63694609407705,,0.0,0.0,1.0,6.5624826455500544,97.41340140698104,16.0,0.0,99.63694609407705,31
b940d77be0d45ec9,gt_distance,12,12,16,False,True,True,False,0.25,12,0,98.3552003134329,98.364452024604,0.125,0.625,0.25,1.4250571202861089,97.41340140698104,16.0,0.0,98.3552003134329,31
b940d77be0d45ec9,old_pc,1,1,1,False,False,False,False,0.0,1,0,98.91286908198464,98.91286908198464,0.0,1.0,0.0,1.2014520333922185,97.41340140698104,16.0,15.0,98.912874257647,31
5050ddd89f6850ea,conditional_pc,16,16,16,False,True,True,True,0.0,16,0,100.0,100.0,0.0,1.0,0.0,1.207994296953908,100.0,,,,58
5050ddd89f6850ea,quality_only,16,16,16,False,True,True,True,0.0,16,0,100.0,100.0,0.0,1.0,0.0,1.207994296953908,100.0,,,,58
5050ddd89f6850ea,score,1,1,16,False,False,False,False,0.9375,1,0,100.0,100.0,0.0,0.0625,0.9375,1.7106611423997826,100.0,16.0,0.0,100.0,58
5050ddd89f6850ea,pareto,2,2,16,False,False,False,False,0.875,2,0,100.0,100.0,0.0,0.125,0.875,3.939580285358812,100.0,16.0,0.0,100.0,58
5050ddd89f6850ea,gt_distance,2,2,16,False,False,False,False,0.875,2,0,100.0,100.0,0.0,0.125,0.875,3.907891984758484,100.0,16.0,0.0,100.0,58
5050ddd89f6850ea,old_pc,16,16,16,False,True,True,True,0.0,16,0,100.0,100.0,0.0,1.0,0.0,1.207994296953908,100.0,16.0,0.0,100.0,58
31c9a3082fa15d55,conditional_pc,16,16,16,False,True,True,True,0.0,16,0,100.0,100.0,0.25,0.75,0.0,1.093737501460268,100.0,,,,30
31c9a3082fa15d55,quality_only,16,16,16,False,True,True,True,0.0,16,0,100.0,100.0,0.25,0.75,0.0,1.093737501460268,100.0,,,,30
31c9a3082fa15d55,score,0,0,16,True,False,False,False,1.0,0,0,100.0,,0.0,0.0,1.0,12.065960779916486,100.0,16.0,0.0,100.0,30
31c9a3082fa15d55,pareto,3,3,16,False,False,False,False,0.8125,3,0,100.0,100.0,0.0,0.1875,0.8125,8.467832874129092,100.0,16.0,0.0,100.0,30
31c9a3082fa15d55,gt_distance,1,1,16,False,False,False,False,0.9375,1,0,100.0,100.0,0.0,0.0625,0.9375,9.461344495195632,100.0,16.0,0.0,100.0,30
31c9a3082fa15d55,old_pc,16,16,16,False,True,True,True,0.0,16,0,100.0,100.0,0.25,0.75,0.0,1.093737501460268,100.0,16.0,0.0,100.0,30
48f80f817e0656d9,conditional_pc,16,16,16,False,True,True,True,0.0,16,0,90.50203118373064,90.50203118373064,0.375,0.625,0.0,1.0334212137137917,89.99504370224832,,,,19
48f80f817e0656d9,quality_only,16,16,16,False,True,True,True,0.0,16,0,90.50203118373064,90.50203118373064,0.375,0.625,0.0,1.0334212137137917,89.99504370224832,,,,19
48f80f817e0656d9,score,0,0,16,True,False,False,False,1.0,0,0,92.728624354272,,0.0,0.0,1.0,22.598879611408577,89.99504370224832,16.0,0.0,92.728624354272,19
48f80f817e0656d9,pareto,0,0,16,True,False,False,False,1.0,0,0,92.728624354272,,0.0,0.0,1.0,22.598879611408577,89.99504370224832,16.0,0.0,92.728624354272,19
48f80f817e0656d9,gt_distance,0,0,16,True,False,False,False,1.0,0,0,92.70591004200335,,0.0,0.0,1.0,22.382953307625453,89.99504370224832,16.0,0.0,92.70591004200335,19
48f80f817e0656d9,old_pc,1,1,1,False,False,False,False,0.0,1,0,90.84522355734656,90.84522355734656,0.0,1.0,0.0,1.3506505122402928,89.99504370224832,16.0,15.0,90.84523642233842,19
602d680df54553a2,conditional_pc,16,16,16,False,True,True,True,0.0,16,0,100.0,100.0,0.0,1.0,0.0,1.256877783078337,100.0,,,,45
602d680df54553a2,quality_only,16,16,16,False,True,True,True,0.0,16,0,100.0,100.0,0.0,1.0,0.0,1.256877783078337,100.0,,,,45
602d680df54553a2,score,0,0,16,True,False,False,False,1.0,0,0,100.0,,0.0,0.0,1.0,2.095651624661982,100.0,16.0,0.0,100.0,45
602d680df54553a2,pareto,2,2,16,False,False,False,False,0.875,2,0,100.0,100.0,0.0,0.125,0.875,6.528887718247679,100.0,16.0,0.0,100.0,45
602d680df54553a2,gt_distance,7,7,16,False,True,False,False,0.5625,7,0,100.0,100.0,0.0625,0.375,0.5625,2.930170265675849,100.0,16.0,0.0,100.0,45
602d680df54553a2,old_pc,16,16,16,False,True,True,True,0.0,16,0,100.0,100.0,0.0,1.0,0.0,1.256877783078337,100.0,16.0,0.0,100.0,45
cc8872f4a1fb5895,conditional_pc,16,16,16,False,True,True,True,0.0,16,0,89.30983734265384,89.30983734265384,0.5,0.5,0.0,1.0701076896934552,89.06557489483934,,,,17
cc8872f4a1fb5895,quality_only,16,16,16,False,True,True,True,0.0,16,0,89.30983734265384,89.30983734265384,0.5,0.5,0.0,1.0701076896934552,89.06557489483934,,,,17
cc8872f4a1fb5895,score,0,0,16,True,False,False,False,1.0,0,0,91.65167641822732,,0.0,0.0,1.0,16.592990045364637,89.06557489483934,16.0,0.0,91.65167641822732,17
cc8872f4a1fb5895,pareto,0,0,16,True,False,False,False,1.0,0,0,91.65167641822732,,0.0,0.0,1.0,16.592990045364637,89.06557489483934,16.0,0.0,91.65167641822732,17
cc8872f4a1fb5895,gt_distance,0,0,16,True,False,False,False,1.0,0,0,91.26737686638884,,0.0,0.0,1.0,8.39692657505373,89.06557489483934,16.0,0.0,91.26737686638884,17
cc8872f4a1fb5895,old_pc,1,1,1,False,False,False,False,0.0,1,0,89.99587727228567,89.99587727228567,0.0,1.0,0.0,1.487097102525153,89.06557489483934,16.0,15.0,89.99583842655218,17
09d7ac879b745ba7,conditional_pc,16,16,16,False,True,True,True,0.0,16,0,95.2614706908081,95.2614706908081,0.0,1.0,0.0,1.442189466236929,94.50502311349412,,,,53
09d7ac879b745ba7,quality_only,16,16,16,False,True,True,True,0.0,16,0,95.2603748081203,95.2603748081203,0.0,1.0,0.0,1.3942845008484512,94.50502311349412,,,,53
09d7ac879b745ba7,score,1,1,16,False,False,False,False,0.9375,1,0,95.70497469469586,95.58970399346718,0.0,0.0625,0.9375,3.825068371577669,94.50502311349412,16.0,0.0,95.70497469469586,53
09d7ac879b745ba7,pareto,1,1,16,False,False,False,False,0.9375,1,0,95.70497469469586,95.58970399346718,0.0,0.0625,0.9375,3.825068371577669,94.50502311349412,16.0,0.0,95.70497469469586,53
09d7ac879b745ba7,gt_distance,1,1,16,False,False,False,False,0.9375,1,0,95.70497469469586,95.58970399346718,0.0,0.0625,0.9375,3.825068371577669,94.50502311349412,16.0,0.0,95.70497469469586,53
09d7ac879b745ba7,old_pc,1,1,1,False,False,False,False,0.0,1,0,95.58970399346718,95.58970399346718,0.0,1.0,0.0,1.634710609042703,94.50502311349412,16.0,15.0,95.5897391873414,53
1f22c13b337250e8,conditional_pc,16,16,16,False,True,True,True,0.0,16,0,100.0,100.0,0.0625,0.9375,0.0,1.1041944130801178,100.0,,,,31
1f22c13b337250e8,quality_only,16,16,16,False,True,True,True,0.0,16,0,100.0,100.0,0.0625,0.9375,0.0,1.1041944130801178,100.0,,,,31
1f22c13b337250e8,score,0,0,16,True,False,False,False,1.0,0,0,100.0,,0.0,0.0,1.0,6.340534319768204,100.0,16.0,0.0,100.0,31
1f22c13b337250e8,pareto,0,0,16,True,False,False,False,1.0,0,0,100.0,,0.0,0.0,1.0,21.33611973980001,100.0,16.0,0.0,100.0,31
1f22c13b337250e8,gt_distance,0,0,16,True,False,False,False,1.0,0,0,100.0,,0.0,0.0,1.0,21.33611973980001,100.0,16.0,0.0,100.0,31
1f22c13b337250e8,old_pc,16,16,16,False,True,True,True,0.0,16,0,100.0,100.0,0.0625,0.9375,0.0,1.1041944130801178,100.0,16.0,0.0,100.0,31
df16f52f5bea51cc,conditional_pc,16,16,16,False,True,True,True,0.0,16,0,100.0,100.0,0.375,0.625,0.0,1.0526211431069374,100.0,,,,28
df16f52f5bea51cc,quality_only,16,16,16,False,True,True,True,0.0,16,0,100.0,100.0,0.375,0.625,0.0,1.0526211431069374,100.0,,,,28
df16f52f5bea51cc,score,0,0,16,True,False,False,False,1.0,0,0,100.0,,0.0,0.0,1.0,6.769243081499848,100.0,16.0,0.0,100.0,28
df16f52f5bea51cc,pareto,2,2,16,False,False,False,False,0.875,2,0,100.0,100.0,0.125,0.0,0.875,11.443746907766029,100.0,16.0,0.0,100.0,28
df16f52f5bea51cc,gt_distance,5,5,16,False,True,False,False,0.6875,5,0,100.0,100.0,0.1875,0.125,0.6875,5.737477919098319,100.0,16.0,0.0,100.0,28
df16f52f5bea51cc,old_pc,16,16,16,False,True,True,True,0.0,16,0,100.0,100.0,0.375,0.625,0.0,1.0532284092845754,100.0,16.0,0.0,100.0,28
de8c2538d4305d9d,conditional_pc,16,16,16,False,True,True,True,0.0,16,0,82.23052800178039,82.23052800178039,0.25,0.75,0.0,1.1479310464182562,81.80225554588604,,,,24
de8c2538d4305d9d,quality_only,16,16,16,False,True,True,True,0.0,16,0,82.23052800178039,82.23052800178039,0.25,0.75,0.0,1.1479310464182562,81.80225554588604,,,,24
de8c2538d4305d9d,score,0,0,16,True,False,False,False,1.0,0,0,85.24449204625941,,0.0,0.0,1.0,35.60771379393844,81.80225554588604,16.0,0.0,85.24449204625941,24
de8c2538d4305d9d,pareto,0,0,16,True,False,False,False,1.0,0,0,85.24449204625941,,0.0,0.0,1.0,35.60771379393844,81.80225554588604,16.0,0.0,85.24449204625941,24
de8c2538d4305d9d,gt_distance,12,12,16,False,True,True,False,0.25,12,0,82.51244151038608,82.32164382718204,0.1875,0.5625,0.25,2.266772293492735,81.80225554588604,16.0,0.0,82.51244151038608,24
de8c2538d4305d9d,old_pc,1,1,1,False,False,False,False,0.0,1,0,82.56966259278072,82.56966259278072,0.0,1.0,0.0,1.043520077493544,81.80225554588604,16.0,15.0,82.56968928148439,24
9c7f841d11e6542d,conditional_pc,7,7,7,False,True,False,False,0.0,7,0,94.04742315417344,94.04742315417344,0.2857142857142857,0.7142857142857143,0.0,1.1328373134263552,0.0,,,,7
9c7f841d11e6542d,quality_only,7,7,7,False,True,False,False,0.0,7,0,94.04742315417344,94.04742315417344,0.2857142857142857,0.7142857142857143,0.0,1.1328373134263552,0.0,,,,7
9c7f841d11e6542d,score,0,0,16,True,False,False,False,1.0,0,0,95.79567061781674,,0.0,0.0,1.0,17.686819867012346,0.0,16.0,0.0,95.79567061781674,7
9c7f841d11e6542d,pareto,0,0,16,True,False,False,False,1.0,0,0,95.79567061781674,,0.0,0.0,1.0,17.686819867012346,0.0,16.0,0.0,95.79567061781674,7
9c7f841d11e6542d,gt_distance,0,0,16,True,False,False,False,1.0,0,0,95.07461691082726,,0.0,0.0,1.0,6.424406035823754,0.0,16.0,0.0,95.07461691082726,7
9c7f841d11e6542d,old_pc,1,1,1,False,False,False,False,0.0,1,0,94.12054229220824,94.12054229220824,0.0,1.0,0.0,1.2819061621812744,0.0,16.0,15.0,94.12052580264874,7
89a7b788217c5f67,conditional_pc,16,16,16,False,True,True,True,0.0,16,0,100.0,100.0,0.1875,0.8125,0.0,1.1031705333681785,100.0,,,,30
89a7b788217c5f67,quality_only,16,16,16,False,True,True,True,0.0,16,0,100.0,100.0,0.1875,0.8125,0.0,1.1031705333681785,100.0,,,,30
89a7b788217c5f67,score,0,0,16,True,False,False,False,1.0,0,0,100.0,,0.0,0.0,1.0,3.5493157388324126,100.0,16.0,0.0,100.0,30
89a7b788217c5f67,pareto,1,1,16,False,False,False,False,0.9375,1,0,100.0,100.0,0.0,0.0625,0.9375,8.722431985436984,100.0,16.0,0.0,100.0,30
89a7b788217c5f67,gt_distance,1,1,16,False,False,False,False,0.9375,1,0,100.0,100.0,0.0,0.0625,0.9375,7.003839649681609,100.0,16.0,0.0,100.0,30
89a7b788217c5f67,old_pc,16,16,16,False,True,True,True,0.0,16,0,100.0,100.0,0.1875,0.8125,0.0,1.1031705333681785,100.0,16.0,0.0,100.0,30
3d53eff55b2855c2,conditional_pc,16,16,16,False,True,True,True,0.0,16,0,96.66306001234612,96.66306001234612,0.125,0.875,0.0,1.13744396852699,95.82869179360203,,,,30
3d53eff55b2855c2,quality_only,16,16,16,False,True,True,True,0.0,16,0,96.66306001234612,96.66306001234612,0.125,0.875,0.0,1.13744396852699,95.82869179360203,,,,30
3d53eff55b2855c2,score,16,16,16,False,True,True,True,0.0,16,0,97.21329261587104,97.21329261587104,0.6875,0.3125,0.0,0.9351619123665847,95.82869179360203,16.0,0.0,97.21329261587104,30
3d53eff55b2855c2,pareto,16,16,16,False,True,True,True,0.0,16,0,97.21329261587104,97.21329261587104,0.6875,0.3125,0.0,0.9351619123665847,95.82869179360203,16.0,0.0,97.21329261587104,30
3d53eff55b2855c2,gt_distance,16,16,16,False,True,True,True,0.0,16,0,97.21329261587104,97.21329261587104,0.6875,0.3125,0.0,0.9351619123665847,95.82869179360203,16.0,0.0,97.21329261587104,30
3d53eff55b2855c2,old_pc,2,2,2,False,False,False,False,0.0,2,0,98.30008475818704,98.30008475818704,0.0,1.0,0.0,1.3285549796121168,95.82869179360203,16.0,14.0,98.30009760738332,30
8fb50dd1fb5552df,conditional_pc,16,16,16,False,True,True,True,0.0,16,0,100.0,100.0,0.0,1.0,0.0,1.2466007560429648,100.0,,,,35
8fb50dd1fb5552df,quality_only,16,16,16,False,True,True,True,0.0,16,0,100.0,100.0,0.0,1.0,0.0,1.2466007560429648,100.0,,,,35
8fb50dd1fb5552df,score,0,0,16,True,False,False,False,1.0,0,0,100.0,,0.0,0.0,1.0,2.6729785657082767,100.0,16.0,0.0,100.0,35
8fb50dd1fb5552df,pareto,0,0,16,True,False,False,False,1.0,0,0,100.0,,0.0,0.0,1.0,7.740650983775879,100.0,16.0,0.0,100.0,35
8fb50dd1fb5552df,gt_distance,0,0,16,True,False,False,False,1.0,0,0,100.0,,0.0,0.0,1.0,5.644299999429323,100.0,16.0,0.0,100.0,35
8fb50dd1fb5552df,old_pc,16,16,16,False,True,True,True,0.0,16,0,100.0,100.0,0.0,1.0,0.0,1.2466007560429648,100.0,16.0,0.0,100.0,35
1dda1a63c5735182,conditional_pc,16,16,16,False,True,True,True,0.0,16,0,100.0,100.0,0.0,1.0,0.0,1.2484708906338686,100.0,,,,33
1dda1a63c5735182,quality_only,16,16,16,False,True,True,True,0.0,16,0,100.0,100.0,0.0,1.0,0.0,1.2484708906338686,100.0,,,,33
1dda1a63c5735182,score,0,0,16,True,False,False,False,1.0,0,0,100.0,,0.0,0.0,1.0,6.347297691599506,100.0,16.0,0.0,100.0,33
1dda1a63c5735182,pareto,2,2,16,False,False,False,False,0.875,2,0,100.0,100.0,0.0,0.125,0.875,8.630319431164098,100.0,16.0,0.0,100.0,33
1dda1a63c5735182,gt_distance,2,2,16,False,False,False,False,0.875,2,0,100.0,100.0,0.0625,0.0625,0.875,6.240622323634388,100.0,16.0,0.0,100.0,33
1dda1a63c5735182,old_pc,16,16,16,False,True,True,True,0.0,16,0,100.0,100.0,0.0,1.0,0.0,1.2484708906338686,100.0,16.0,0.0,100.0,33
006cbccbfae95262,conditional_pc,16,16,16,False,True,True,True,0.0,16,0,100.0,100.0,0.0625,0.9375,0.0,1.1025291927331342,100.0,,,,33
006cbccbfae95262,quality_only,16,16,16,False,True,True,True,0.0,16,0,100.0,100.0,0.0625,0.9375,0.0,1.1025291927331342,100.0,,,,33
006cbccbfae95262,score,0,0,16,True,False,False,False,1.0,0,0,100.0,,0.0,0.0,1.0,2.967054328717195,100.0,16.0,0.0,100.0,33
006cbccbfae95262,pareto,2,2,16,False,False,False,False,0.875,2,0,100.0,100.0,0.0625,0.0625,0.875,5.580546889806197,100.0,16.0,0.0,100.0,33
006cbccbfae95262,gt_distance,4,4,16,False,True,False,False,0.75,4,0,100.0,100.0,0.125,0.125,0.75,2.722092536844676,100.0,16.0,0.0,100.0,33
006cbccbfae95262,old_pc,16,16,16,False,True,True,True,0.0,16,0,100.0,100.0,0.0625,0.9375,0.0,1.1025291927331342,100.0,16.0,0.0,100.0,33
cea771061cb25651,conditional_pc,16,16,16,False,True,True,True,0.0,16,0,86.59378506353058,86.59378506353058,0.375,0.625,0.0,1.1194139932125275,84.87069004085977,,,,25
cea771061cb25651,quality_only,16,16,16,False,True,True,True,0.0,16,0,86.59378506353058,86.59378506353058,0.375,0.625,0.0,1.1194139932125275,84.87069004085977,,,,25
cea771061cb25651,score,0,0,16,True,False,False,False,1.0,0,0,100.0,,0.0,0.0,1.0,43.85686824447107,84.87069004085977,16.0,0.0,100.0,25
cea771061cb25651,pareto,0,0,16,True,False,False,False,1.0,0,0,100.0,,0.0,0.0,1.0,43.38594101997636,84.87069004085977,16.0,0.0,100.0,25
cea771061cb25651,gt_distance,0,0,16,True,False,False,False,1.0,0,0,99.1855455677343,,0.0,0.0,1.0,23.793441435966955,84.87069004085977,16.0,0.0,99.1855455677343,25
cea771061cb25651,old_pc,1,1,1,False,False,False,False,0.0,1,0,87.95331982989191,87.95331982989191,0.0,1.0,0.0,1.2972260399892503,84.87069004085977,16.0,15.0,87.95382376482699,25
053ae221b0d351f5,conditional_pc,16,16,16,False,True,True,True,0.0,16,0,84.22929820861833,84.22929820861833,0.0,1.0,0.0,1.2513854462227676,83.40083562837378,,,,40
053ae221b0d351f5,quality_only,16,16,16,False,True,True,True,0.0,16,0,84.22929820861833,84.22929820861833,0.0,1.0,0.0,1.2513854462227676,83.40083562837378,,,,40
053ae221b0d351f5,score,0,0,16,True,False,False,False,1.0,0,0,97.6125543072677,,0.0,0.0,1.0,42.97496455914367,83.40083562837378,16.0,0.0,97.6125543072677,40
053ae221b0d351f5,pareto,0,0,16,True,False,False,False,1.0,0,0,97.6125543072677,,0.0,0.0,1.0,42.97496455914367,83.40083562837378,16.0,0.0,97.6125543072677,40
053ae221b0d351f5,gt_distance,7,7,16,False,True,False,False,0.5625,7,0,85.438678411425,84.88778452970458,0.1875,0.25,0.5625,3.4707149054037147,83.40083562837378,16.0,0.0,85.438678411425,40
053ae221b0d351f5,old_pc,1,1,1,False,False,False,False,0.0,1,0,85.532372283034,85.532372283034,0.0,1.0,0.0,1.2738831129041834,83.40083562837378,16.0,15.0,85.53228157307898,40
edfca2d846ee5acf,conditional_pc,16,16,16,False,True,True,True,0.0,16,0,91.30254094242474,91.30254094242474,0.0,1.0,0.0,1.6067826772218152,90.60144465056318,,,,66
edfca2d846ee5acf,quality_only,16,16,16,False,True,True,True,0.0,16,0,91.30254094242474,91.30254094242474,0.0,1.0,0.0,1.6067826772218152,90.60144465056318,,,,66
edfca2d846ee5acf,score,0,0,16,True,False,False,False,1.0,0,0,94.09838001464172,,0.0,0.0,1.0,27.987290874157075,90.60144465056318,16.0,0.0,94.09838001464172,66
edfca2d846ee5acf,pareto,0,0,16,True,False,False,False,1.0,0,0,94.09838001464172,,0.0,0.0,1.0,27.987290874157075,90.60144465056318,16.0,0.0,94.09838001464172,66
edfca2d846ee5acf,gt_distance,0,0,16,True,False,False,False,1.0,0,0,92.41314981790372,,0.0,0.0,1.0,12.762927739067267,90.60144465056318,16.0,0.0,92.41314981790372,66
edfca2d846ee5acf,old_pc,1,1,1,False,False,False,False,0.0,1,0,91.4942584197108,91.4942584197108,0.0,1.0,0.0,1.3336563955150105,90.60144465056318,16.0,15.0,91.4942435489992,66
278907212b495e23,conditional_pc,16,16,16,False,True,True,True,0.0,16,0,95.3506946797346,95.3506946797346,0.375,0.625,0.0,1.0430913382932352,94.80854097900132,,,,27
278907212b495e23,quality_only,16,16,16,False,True,True,True,0.0,16,0,95.3506946797346,95.3506946797346,0.375,0.625,0.0,1.0430913382932352,94.80854097900132,,,,27
278907212b495e23,score,0,0,16,True,False,False,False,1.0,0,0,97.72209709219857,,0.0,0.0,1.0,13.373225743345454,94.80854097900132,16.0,0.0,97.72209709219857,27
278907212b495e23,pareto,0,0,16,True,False,False,False,1.0,0,0,97.72209709219857,,0.0,0.0,1.0,13.373225743345454,94.80854097900132,16.0,0.0,97.72209709219857,27
278907212b495e23,gt_distance,0,0,16,True,False,False,False,1.0,0,0,97.62204274268132,,0.0,0.0,1.0,9.974806313151367,94.80854097900132,16.0,0.0,97.62204274268132,27
278907212b495e23,old_pc,1,1,1,False,False,False,False,0.0,1,0,95.654687821289,95.654687821289,0.0,1.0,0.0,1.018123848939374,94.80854097900132,16.0,15.0,95.65472515224904,27
449f34ad438e59d2,conditional_pc,16,16,16,False,True,True,True,0.0,16,0,100.0,100.0,0.0,1.0,0.0,1.2424846557513178,100.0,,,,33
449f34ad438e59d2,quality_only,16,16,16,False,True,True,True,0.0,16,0,100.0,100.0,0.0,1.0,0.0,1.2424846557513178,100.0,,,,33
449f34ad438e59d2,score,0,0,16,True,False,False,False,1.0,0,0,100.0,,0.0,0.0,1.0,7.957268355472644,100.0,16.0,0.0,100.0,33
449f34ad438e59d2,pareto,2,2,16,False,False,False,False,0.875,2,0,100.0,100.0,0.0,0.125,0.875,7.567787548727488,100.0,16.0,0.0,100.0,33
449f34ad438e59d2,gt_distance,2,2,16,False,False,False,False,0.875,2,0,100.0,100.0,0.0625,0.0625,0.875,7.145910109375061,100.0,16.0,0.0,100.0,33
449f34ad438e59d2,old_pc,16,16,16,False,True,True,True,0.0,16,0,100.0,100.0,0.0,1.0,0.0,1.2424846557513178,100.0,16.0,0.0,100.0,33
8c1a989cd94c5c12,conditional_pc,16,16,16,False,True,True,True,0.0,16,0,100.0,100.0,0.1875,0.8125,0.0,1.1939450158485956,100.0,,,,33
8c1a989cd94c5c12,quality_only,16,16,16,False,True,True,True,0.0,16,0,100.0,100.0,0.1875,0.8125,0.0,1.1939450158485956,100.0,,,,33
8c1a989cd94c5c12,score,0,0,16,True,False,False,False,1.0,0,0,100.0,,0.0,0.0,1.0,2.724547861023019,100.0,16.0,0.0,100.0,33
8c1a989cd94c5c12,pareto,2,2,16,False,False,False,False,0.875,2,0,100.0,100.0,0.0625,0.0625,0.875,6.5430531381384025,100.0,16.0,0.0,100.0,33
8c1a989cd94c5c12,gt_distance,2,2,16,False,False,False,False,0.875,2,0,100.0,100.0,0.0625,0.0625,0.875,5.093619217775414,100.0,16.0,0.0,100.0,33
8c1a989cd94c5c12,old_pc,16,16,16,False,True,True,True,0.0,16,0,100.0,100.0,0.1875,0.8125,0.0,1.1939450158485956,100.0,16.0,0.0,100.0,33
48d4fcc3437755a8,conditional_pc,16,16,16,False,True,True,True,0.0,16,0,91.85835166583358,91.85835166583358,0.375,0.625,0.0,1.0787119468194983,89.92760354646485,,,,27
48d4fcc3437755a8,quality_only,16,16,16,False,True,True,True,0.0,16,0,91.85835166583358,91.85835166583358,0.375,0.625,0.0,1.0787119468194983,89.92760354646485,,,,27
48d4fcc3437755a8,score,0,0,16,True,False,False,False,1.0,0,0,100.0,,0.0,0.0,1.0,27.65987148577896,89.92760354646485,16.0,0.0,100.0,27
48d4fcc3437755a8,pareto,0,0,16,True,False,False,False,1.0,0,0,100.0,,0.0,0.0,1.0,27.426650316302947,89.92760354646485,16.0,0.0,100.0,27
48d4fcc3437755a8,gt_distance,2,2,16,False,False,False,False,0.875,2,0,88.56989726092684,90.6918573668755,0.125,0.3125,0.5625,1.9562145687049304,89.92760354646485,16.0,0.0,88.56989726092684,27
48d4fcc3437755a8,old_pc,1,1,1,False,False,False,False,0.0,1,0,93.6666920976278,93.6666920976278,0.0,1.0,0.0,1.0485486051952566,89.92760354646485,16.0,15.0,93.66664084778498,27
13f740d88bf75471,conditional_pc,16,16,16,False,True,True,True,0.0,16,0,85.62273427872455,85.62273427872455,0.0625,0.9375,0.0,1.3939213121767258,84.36940313293957,,,,34
13f740d88bf75471,quality_only,16,16,16,False,True,True,True,0.0,16,0,85.62273427872455,85.62273427872455,0.0625,0.9375,0.0,1.3939213121767255,84.36940313293957,,,,34
13f740d88bf75471,score,10,10,16,False,True,True,False,0.375,10,0,86.6649657948859,86.71794281333358,0.375,0.25,0.375,1.7018614533830865,84.36940313293957,16.0,0.0,86.6649657948859,34
13f740d88bf75471,pareto,10,10,16,False,True,True,False,0.375,10,0,86.6649657948859,86.71794281333358,0.375,0.25,0.375,1.7018614533830865,84.36940313293957,16.0,0.0,86.6649657948859,34
13f740d88bf75471,gt_distance,10,10,16,False,True,True,False,0.375,10,0,86.6649657948859,86.71794281333358,0.375,0.25,0.375,1.7018614533830865,84.36940313293957,16.0,0.0,86.6649657948859,34
13f740d88bf75471,old_pc,2,2,2,False,False,False,False,0.0,2,0,87.62109807787442,87.62109807787442,0.0,1.0,0.0,1.6227780045343825,84.36940313293957,16.0,14.0,87.61812760367192,34
8eb1bf4722515ad3,conditional_pc,16,16,16,False,True,True,True,0.0,16,0,94.37037724918125,94.37037724918125,0.0,1.0,0.0,1.1846547313383695,92.88066452624636,,,,33
8eb1bf4722515ad3,quality_only,16,16,16,False,True,True,True,0.0,16,0,94.37037724918125,94.37037724918125,0.0,1.0,0.0,1.1846547313383695,92.88066452624636,,,,33
8eb1bf4722515ad3,score,0,0,16,True,False,False,False,1.0,0,0,100.0,,0.0,0.0,1.0,11.981194492573298,92.88066452624636,16.0,0.0,100.0,33
8eb1bf4722515ad3,pareto,0,0,16,True,False,False,False,1.0,0,0,100.0,,0.0,0.0,1.0,14.557767731744752,92.88066452624636,16.0,0.0,100.0,33
8eb1bf4722515ad3,gt_distance,0,0,16,True,False,False,False,1.0,0,0,99.9946382463793,,0.0,0.0,1.0,10.944063521576265,92.88066452624636,16.0,0.0,99.9946382463793,33
8eb1bf4722515ad3,old_pc,1,1,1,False,False,False,False,0.0,1,0,95.41447663873498,95.41447663873498,0.0,1.0,0.0,1.3114266177846576,92.88066452624636,16.0,15.0,95.4147461992052,33
21249a2d4eb25ed6,conditional_pc,16,16,16,False,True,True,True,0.0,16,0,100.0,100.0,0.0,1.0,0.0,1.3908198024042002,100.0,,,,41
21249a2d4eb25ed6,quality_only,16,16,16,False,True,True,True,0.0,16,0,100.0,100.0,0.0,1.0,0.0,1.3908198024042002,100.0,,,,41
21249a2d4eb25ed6,score,0,0,16,True,False,False,False,1.0,0,0,100.0,,0.0,0.0,1.0,2.9157262842789144,100.0,16.0,0.0,100.0,41
21249a2d4eb25ed6,pareto,4,4,16,False,True,False,False,0.75,4,0,100.0,100.0,0.0,0.25,0.75,4.05924471039217,100.0,16.0,0.0,100.0,41
21249a2d4eb25ed6,gt_distance,6,6,16,False,True,False,False,0.625,6,0,100.0,100.0,0.0625,0.3125,0.625,2.6814548135121066,100.0,16.0,0.0,100.0,41
21249a2d4eb25ed6,old_pc,16,16,16,False,True,True,True,0.0,16,0,100.0,100.0,0.0,1.0,0.0,1.3908198024042002,100.0,16.0,0.0,100.0,41
3d44a52acf525ec7,conditional_pc,16,16,16,False,True,True,True,0.0,16,0,100.0,100.0,0.0,1.0,0.0,1.2303044360872155,100.0,,,,35
3d44a52acf525ec7,quality_only,16,16,16,False,True,True,True,0.0,16,0,100.0,100.0,0.0,1.0,0.0,1.2303044360872155,100.0,,,,35
3d44a52acf525ec7,score,0,0,16,True,False,False,False,1.0,0,0,100.0,,0.0,0.0,1.0,18.138936276319164,100.0,16.0,0.0,100.0,35
3d44a52acf525ec7,pareto,2,2,16,False,False,False,False,0.875,2,0,100.0,100.0,0.125,0.0,0.875,10.214353713057102,100.0,16.0,0.0,100.0,35
3d44a52acf525ec7,gt_distance,1,1,16,False,False,False,False,0.9375,1,0,100.0,100.0,0.0,0.0625,0.9375,12.384986531309597,100.0,16.0,0.0,100.0,35
3d44a52acf525ec7,old_pc,16,16,16,False,True,True,True,0.0,16,0,100.0,100.0,0.0,1.0,0.0,1.2303044360872155,100.0,16.0,0.0,100.0,35
9fad4614acc251d6,conditional_pc,16,16,16,False,True,True,True,0.0,16,0,90.27274616227656,90.27274616227656,0.0625,0.9375,0.0,1.242164850560491,90.11760252108505,,,,20
9fad4614acc251d6,quality_only,16,16,16,False,True,True,True,0.0,16,0,90.27274616227656,90.27274616227656,0.0625,0.9375,0.0,1.2421648505604908,90.11760252108505,,,,20
9fad4614acc251d6,score,0,0,16,True,False,False,False,1.0,0,0,91.18289057763532,,0.0,0.0,1.0,9.306834094963447,90.11760252108505,16.0,0.0,91.18289057763532,20
9fad4614acc251d6,pareto,3,3,16,False,False,False,False,0.8125,3,0,91.04751959119,90.4836206939273,0.0,0.25,0.75,6.6303626431491285,90.11760252108505,16.0,0.0,91.04751959119,20
9fad4614acc251d6,gt_distance,7,7,16,False,True,False,False,0.5625,7,0,90.40406650411556,90.3874687105163,0.0625,0.4375,0.5,1.4070795468678077,90.11760252108505,16.0,0.0,90.40406650411556,20
9fad4614acc251d6,old_pc,0,0,1,True,False,False,False,1.0,0,0,90.576219563468,,0.0,1.0,0.0,1.1326180986830408,90.11760252108505,16.0,15.0,90.57542139853224,20
727278e9914354b1,conditional_pc,16,16,16,False,True,True,True,0.0,16,0,100.0,100.0,0.0,1.0,0.0,1.2573187150406362,100.0,,,,38
727278e9914354b1,quality_only,16,16,16,False,True,True,True,0.0,16,0,100.0,100.0,0.0,1.0,0.0,1.2573187150406362,100.0,,,,38
727278e9914354b1,score,0,0,16,True,False,False,False,1.0,0,0,100.0,,0.0,0.0,1.0,3.651306621088914,100.0,16.0,0.0,100.0,38
727278e9914354b1,pareto,2,2,16,False,False,False,False,0.875,2,0,100.0,100.0,0.0,0.125,0.875,4.828738329694863,100.0,16.0,0.0,100.0,38
727278e9914354b1,gt_distance,3,3,16,False,False,False,False,0.8125,3,0,100.0,100.0,0.0625,0.125,0.8125,4.171760515466967,100.0,16.0,0.0,100.0,38
727278e9914354b1,old_pc,16,16,16,False,True,True,True,0.0,16,0,100.0,100.0,0.0,1.0,0.0,1.2573187150406362,100.0,16.0,0.0,100.0,38
9d722cf10d7f5bd1,conditional_pc,0,0,0,True,False,False,False,1.0,0,0,,,,,,,100.0,,,,0
9d722cf10d7f5bd1,quality_only,0,0,0,True,False,False,False,1.0,0,0,,,,,,,100.0,,,,0
9d722cf10d7f5bd1,score,0,0,16,True,False,False,False,1.0,0,0,100.0,,0.0,0.0,1.0,5.357336683014159,100.0,16.0,0.0,100.0,0
9d722cf10d7f5bd1,pareto,0,0,16,True,False,False,False,1.0,0,0,100.0,,0.0625,0.1875,0.75,4.4930276381805125,100.0,16.0,0.0,100.0,0
9d722cf10d7f5bd1,gt_distance,0,0,16,True,False,False,False,1.0,0,0,100.0,,0.0625,0.125,0.8125,4.071816219426571,100.0,16.0,0.0,100.0,0
9d722cf10d7f5bd1,old_pc,0,0,1,True,False,False,False,1.0,0,0,100.0,,0.0,1.0,0.0,1.5145790051379264,100.0,16.0,15.0,100.0,0
14d0749e1fc85004,conditional_pc,10,10,16,False,True,True,False,0.375,10,6,99.07290990904995,99.28747866078916,0.1875,0.8125,0.0,1.092601309171518,98.93200611198915,,,,10
14d0749e1fc85004,quality_only,10,10,16,False,True,True,False,0.375,10,6,99.07290990904995,99.28747866078916,0.1875,0.8125,0.0,1.092601309171518,98.93200611198915,,,,10
14d0749e1fc85004,score,10,10,16,False,True,True,False,0.375,10,0,99.12283092524552,99.28747866078912,0.375,0.625,0.0,1.0454994715684274,98.93200611198915,16.0,0.0,99.12283092524552,10
14d0749e1fc85004,pareto,7,7,16,False,True,False,False,0.5625,7,0,76.2721823164348,99.3818119570823,0.25,0.6875,0.0625,1.146783556758682,98.93200611198915,16.0,0.0,76.2721823164348,10
14d0749e1fc85004,gt_distance,7,7,16,False,True,False,False,0.5625,7,0,76.2721823164348,99.3818119570823,0.25,0.6875,0.0625,1.146783556758682,98.93200611198915,16.0,0.0,76.2721823164348,10
14d0749e1fc85004,old_pc,2,2,2,False,False,False,False,0.0,2,0,99.70270600877114,99.70270600877114,1.0,0.0,0.0,0.9208697312037076,98.93200611198915,16.0,14.0,99.70243520081436,10
ee05069c50295595,conditional_pc,16,16,16,False,True,True,True,0.0,16,0,100.0,100.0,0.0,1.0,0.0,1.3147382472198763,100.0,,,,35
ee05069c50295595,quality_only,16,16,16,False,True,True,True,0.0,16,0,100.0,100.0,0.0,1.0,0.0,1.3147382472198763,100.0,,,,35
ee05069c50295595,score,0,0,16,True,False,False,False,1.0,0,0,100.0,,0.0,0.0,1.0,2.940974981837729,100.0,16.0,0.0,100.0,35
ee05069c50295595,pareto,2,2,16,False,False,False,False,0.875,2,0,100.0,100.0,0.0,0.125,0.875,5.457505518290261,100.0,16.0,0.0,100.0,35
ee05069c50295595,gt_distance,4,4,16,False,True,False,False,0.75,4,0,100.0,100.0,0.0,0.25,0.75,3.1762908513666237,100.0,16.0,0.0,100.0,35
ee05069c50295595,old_pc,16,16,16,False,True,True,True,0.0,16,0,100.0,100.0,0.0,1.0,0.0,1.3147382472198763,100.0,16.0,0.0,100.0,35
5e7dad82583e5536,conditional_pc,16,16,16,False,True,True,True,0.0,16,0,89.0519905594908,89.0519905594908,0.1875,0.8125,0.0,1.244490462249812,88.6557465617259,,,,27
5e7dad82583e5536,quality_only,16,16,16,False,True,True,True,0.0,16,0,89.05199055949082,89.05199055949082,0.1875,0.8125,0.0,1.244490462249812,88.6557465617259,,,,27
5e7dad82583e5536,score,0,0,16,True,False,False,False,1.0,0,0,90.41618376872292,,0.0,0.0,1.0,13.486082783755766,88.6557465617259,16.0,0.0,90.41618376872292,27
5e7dad82583e5536,pareto,0,0,16,True,False,False,False,1.0,0,0,90.41618376872292,,0.0,0.0,1.0,13.486082783755766,88.6557465617259,16.0,0.0,90.41618376872292,27
5e7dad82583e5536,gt_distance,0,0,16,True,False,False,False,1.0,0,0,89.84088686252815,,0.0,0.0,1.0,6.621041301564417,88.6557465617259,16.0,0.0,89.84088686252815,27
5e7dad82583e5536,old_pc,1,1,1,False,False,False,False,0.0,1,0,89.20982906896775,89.20982906896775,0.0,1.0,0.0,1.2623544016190995,88.6557465617259,16.0,15.0,89.20982275603596,27
2c772a570884587c,conditional_pc,16,16,16,False,True,True,True,0.0,16,0,100.0,100.0,0.0,1.0,0.0,1.1937871956328294,100.0,,,,53
2c772a570884587c,quality_only,16,16,16,False,True,True,True,0.0,16,0,100.0,100.0,0.0,1.0,0.0,1.1937871956328294,100.0,,,,53
2c772a570884587c,score,0,0,16,True,False,False,False,1.0,0,0,100.0,,0.0,0.0,1.0,2.3932047011550432,100.0,16.0,0.0,100.0,53
2c772a570884587c,pareto,1,1,16,False,False,False,False,0.9375,1,0,100.0,100.0,0.0625,0.0,0.9375,5.6876996018625725,100.0,16.0,0.0,100.0,53
2c772a570884587c,gt_distance,2,2,16,False,False,False,False,0.875,2,0,100.0,100.0,0.0625,0.0625,0.875,4.59914519789023,100.0,16.0,0.0,100.0,53
2c772a570884587c,old_pc,16,16,16,False,True,True,True,0.0,16,0,100.0,100.0,0.0,1.0,0.0,1.1937871956328294,100.0,16.0,0.0,100.0,53
aee904e6c2c35a90,conditional_pc,16,16,16,False,True,True,True,0.0,16,0,83.40498383027,83.40498383027,0.0,1.0,0.0,1.4890454241656248,81.7740682895841,,,,40
aee904e6c2c35a90,quality_only,16,16,16,False,True,True,True,0.0,16,0,83.40498383027,83.40498383027,0.0,1.0,0.0,1.4890454241656248,81.7740682895841,,,,40
aee904e6c2c35a90,score,0,0,16,True,False,False,False,1.0,0,0,99.07012469292371,,0.0,0.0,1.0,53.60979187677162,81.7740682895841,16.0,0.0,99.07012469292371,40
aee904e6c2c35a90,pareto,0,0,16,True,False,False,False,1.0,0,0,99.07012469292371,,0.0,0.0,1.0,53.60979187677162,81.7740682895841,16.0,0.0,99.07012469292371,40
aee904e6c2c35a90,gt_distance,0,0,16,True,False,False,False,1.0,0,0,87.32194241462233,,0.0,0.0,1.0,11.237104275627033,81.7740682895841,16.0,0.0,87.32194241462233,40
aee904e6c2c35a90,old_pc,1,1,1,False,False,False,False,0.0,1,0,84.15739596107294,84.15739596107294,0.0,1.0,0.0,1.5905458277503632,81.7740682895841,16.0,15.0,84.15743811627445,40
0264cfbeb1705e5f,conditional_pc,16,16,16,False,True,True,True,0.0,16,0,87.73484336969112,87.73484336969112,0.0,1.0,0.0,1.279476905750133,86.87032098267672,,,,58
0264cfbeb1705e5f,quality_only,16,16,16,False,True,True,True,0.0,16,0,87.73484336969113,87.73484336969113,0.0,1.0,0.0,1.279476905750133,86.87032098267672,,,,58
0264cfbeb1705e5f,score,0,0,16,True,False,False,False,1.0,0,0,98.02274528948678,,0.0,0.0,1.0,36.19904717536004,86.87032098267672,16.0,0.0,98.02274528948678,58
0264cfbeb1705e5f,pareto,0,0,16,True,False,False,False,1.0,0,0,98.02274528948678,,0.0,0.0,1.0,36.23460910393428,86.87032098267672,16.0,0.0,98.02274528948678,58
0264cfbeb1705e5f,gt_distance,0,0,16,True,False,False,False,1.0,0,0,90.84568675487932,,0.0,0.0,1.0,8.697093654451688,86.87032098267672,16.0,0.0,90.84568675487932,58
0264cfbeb1705e5f,old_pc,1,1,1,False,False,False,False,0.0,1,0,87.98714888294987,87.98714888294987,0.0,1.0,0.0,1.2970331836013833,86.87032098267672,16.0,15.0,87.98748794740615,58
279ff8e3850c54e2,conditional_pc,16,16,16,False,True,True,True,0.0,16,0,95.12472386086937,95.12472386086937,0.0,1.0,0.0,1.4252206107813383,94.11876640196007,,,,50
279ff8e3850c54e2,quality_only,16,16,16,False,True,True,True,0.0,16,0,95.12472386086937,95.12472386086937,0.0,1.0,0.0,1.4252206107813383,94.11876640196007,,,,50
279ff8e3850c54e2,score,0,0,16,True,False,False,False,1.0,0,0,99.92349379965428,,0.0,0.0,1.0,16.830049692519296,94.11876640196007,16.0,0.0,99.92349379965428,50
279ff8e3850c54e2,pareto,0,0,16,True,False,False,False,1.0,0,0,99.92349379965428,,0.0,0.0,1.0,16.830049692519292,94.11876640196007,16.0,0.0,99.92349379965428,50
279ff8e3850c54e2,gt_distance,0,0,16,True,False,False,False,1.0,0,0,97.72938708333297,,0.0,0.0,1.0,9.329780238271727,94.11876640196007,16.0,0.0,97.72938708333297,50
279ff8e3850c54e2,old_pc,1,1,1,False,False,False,False,0.0,1,0,95.50436685998216,95.50436685998216,0.0,1.0,0.0,1.8846720300356223,94.11876640196007,16.0,15.0,95.4912659411714,50
7c767d74b5fb5b5e,conditional_pc,16,16,16,False,True,True,True,0.0,16,0,81.81777561393591,81.81777561393591,0.0,1.0,0.0,1.3578092727206856,81.49943270891976,,,,31
7c767d74b5fb5b5e,quality_only,16,16,16,False,True,True,True,0.0,16,0,81.81777561393591,81.81777561393591,0.0,1.0,0.0,1.3578092727206856,81.49943270891976,,,,31
7c767d74b5fb5b5e,score,0,0,16,True,False,False,False,1.0,0,0,83.44349810600087,,0.0,0.0,1.0,12.848737772026023,81.49943270891976,16.0,0.0,83.44349810600087,31
7c767d74b5fb5b5e,pareto,0,0,16,True,False,False,False,1.0,0,0,83.44349810600087,,0.0,0.0,1.0,12.848737772026023,81.49943270891976,16.0,0.0,83.44349810600087,31
7c767d74b5fb5b5e,gt_distance,0,0,16,True,False,False,False,1.0,0,0,83.02122031034739,,0.0,0.0,1.0,9.643955445179092,81.49943270891976,16.0,0.0,83.02122031034739,31
7c767d74b5fb5b5e,old_pc,1,1,1,False,False,False,False,0.0,1,0,82.18558879970902,82.18558879970902,0.0,1.0,0.0,1.6337875185717,81.49943270891976,16.0,15.0,82.18566041772095,31
5daaf9b25cb558f9,conditional_pc,16,16,16,False,True,True,True,0.0,16,0,100.0,100.0,0.5,0.5,0.0,1.0679242145299526,100.0,,,,31
5daaf9b25cb558f9,quality_only,16,16,16,False,True,True,True,0.0,16,0,100.0,100.0,0.5,0.5,0.0,1.0679242145299526,100.0,,,,31
5daaf9b25cb558f9,score,0,0,16,True,False,False,False,1.0,0,0,100.0,,0.0,0.0,1.0,3.484606753207766,100.0,16.0,0.0,100.0,31
5daaf9b25cb558f9,pareto,2,2,16,False,False,False,False,0.875,2,0,100.0,100.0,0.125,0.0,0.875,5.006529029400157,100.0,16.0,0.0,100.0,31
5daaf9b25cb558f9,gt_distance,3,3,16,False,False,False,False,0.8125,3,0,100.0,100.0,0.125,0.0625,0.8125,3.903708073632013,100.0,16.0,0.0,100.0,31
5daaf9b25cb558f9,old_pc,16,16,16,False,True,True,True,0.0,16,0,100.0,100.0,0.5,0.5,0.0,1.0679242145299526,100.0,16.0,0.0,100.0,31
864f5df8a94a508e,conditional_pc,16,16,16,False,True,True,True,0.0,16,0,92.11606861229404,92.11606861229404,0.0,1.0,0.0,1.2482792601306538,89.75467235844228,,,,38
864f5df8a94a508e,quality_only,16,16,16,False,True,True,True,0.0,16,0,92.11606861229404,92.11606861229404,0.0,1.0,0.0,1.2482792601306538,89.75467235844228,,,,38
864f5df8a94a508e,score,0,0,16,True,False,False,False,1.0,0,0,100.0,,0.0,0.0,1.0,25.54360808299407,89.75467235844228,16.0,0.0,100.0,38
864f5df8a94a508e,pareto,0,0,16,True,False,False,False,1.0,0,0,100.0,,0.0,0.0,1.0,25.54360808299407,89.75467235844228,16.0,0.0,100.0,38
864f5df8a94a508e,gt_distance,0,0,16,True,False,False,False,1.0,0,0,98.05509239288594,,0.0,0.0,1.0,18.748974981182226,89.75467235844228,16.0,0.0,98.05509239288594,38
864f5df8a94a508e,old_pc,1,1,1,False,False,False,False,0.0,1,0,93.0801765306378,93.0801765306378,0.0,1.0,0.0,1.4106241671370294,89.75467235844228,16.0,15.0,93.08028569144304,38
df51d2fef8c25f56,conditional_pc,16,16,16,False,True,True,True,0.0,16,0,100.0,100.0,0.0,1.0,0.0,1.3127822334925403,100.0,,,,32
df51d2fef8c25f56,quality_only,16,16,16,False,True,True,True,0.0,16,0,100.0,100.0,0.0,1.0,0.0,1.3127822334925403,100.0,,,,32
df51d2fef8c25f56,score,0,0,16,True,False,False,False,1.0,0,0,100.0,,0.0,0.0,1.0,3.632296348735342,100.0,16.0,0.0,100.0,32
df51d2fef8c25f56,pareto,3,3,16,False,False,False,False,0.8125,3,0,100.0,100.0,0.0625,0.125,0.8125,5.846356595524584,100.0,16.0,0.0,100.0,32
df51d2fef8c25f56,gt_distance,3,3,16,False,False,False,False,0.8125,3,0,100.0,100.0,0.0625,0.125,0.8125,4.832522007844124,100.0,16.0,0.0,100.0,32
df51d2fef8c25f56,old_pc,16,16,16,False,True,True,True,0.0,16,0,100.0,100.0,0.0,1.0,0.0,1.3127822334925403,100.0,16.0,0.0,100.0,32
ac5b4b33a03c57fe,conditional_pc,16,16,16,False,True,True,True,0.0,16,0,100.0,100.0,0.0,1.0,0.0,1.274943112345624,100.0,,,,35
ac5b4b33a03c57fe,quality_only,16,16,16,False,True,True,True,0.0,16,0,100.0,100.0,0.0,1.0,0.0,1.274943112345624,100.0,,,,35
ac5b4b33a03c57fe,score,0,0,16,True,False,False,False,1.0,0,0,100.0,,0.0,0.0,1.0,5.535975768012973,100.0,16.0,0.0,100.0,35
ac5b4b33a03c57fe,pareto,2,2,16,False,False,False,False,0.875,2,0,100.0,100.0,0.0,0.125,0.875,9.11312932872957,100.0,16.0,0.0,100.0,35
ac5b4b33a03c57fe,gt_distance,3,3,16,False,False,False,False,0.8125,3,0,100.0,100.0,0.0,0.1875,0.8125,5.975235214771944,100.0,16.0,0.0,100.0,35
ac5b4b33a03c57fe,old_pc,16,16,16,False,True,True,True,0.0,16,0,100.0,100.0,0.0,1.0,0.0,1.274943112345624,100.0,16.0,0.0,100.0,35
99adfd4cd925504d,conditional_pc,16,16,16,False,True,True,True,0.0,16,0,95.02078866164798,95.02078866164798,0.0,1.0,0.0,1.2885955947968806,94.0961530959092,,,,30
99adfd4cd925504d,quality_only,16,16,16,False,True,True,True,0.0,16,0,95.02073756472984,95.02073756472984,0.0,1.0,0.0,1.29858248693736,94.0961530959092,,,,30
99adfd4cd925504d,score,0,0,16,True,False,False,False,1.0,0,0,99.95522249395646,,0.0,0.0,1.0,18.6738115277012,94.0961530959092,16.0,0.0,99.95522249395646,30
99adfd4cd925504d,pareto,0,0,16,True,False,False,False,1.0,0,0,99.95522249395646,,0.0,0.0,1.0,18.6738115277012,94.0961530959092,16.0,0.0,99.95522249395646,30
99adfd4cd925504d,gt_distance,0,0,16,True,False,False,False,1.0,0,0,96.76594394597156,,0.0,0.0,1.0,6.462902638651922,94.0961530959092,16.0,0.0,96.76594394597156,30
99adfd4cd925504d,old_pc,1,1,1,False,False,False,False,0.0,1,0,95.38244318206256,95.38244318206256,0.0,1.0,0.0,1.035400939568216,94.0961530959092,16.0,15.0,95.3824435498944,30
1cba0de871fc5bfb,conditional_pc,16,16,16,False,True,True,True,0.0,16,0,100.0,100.0,0.0,1.0,0.0,1.2107957217021403,100.0,,,,34
1cba0de871fc5bfb,quality_only,16,16,16,False,True,True,True,0.0,16,0,100.0,100.0,0.0,1.0,0.0,1.2107957217021403,100.0,,,,34
1cba0de871fc5bfb,score,0,0,16,True,False,False,False,1.0,0,0,100.0,,0.0,0.0,1.0,4.875144169969673,100.0,16.0,0.0,100.0,34
1cba0de871fc5bfb,pareto,2,2,16,False,False,False,False,0.875,2,0,100.0,100.0,0.0625,0.0625,0.875,17.307367288977584,100.0,16.0,0.0,100.0,34
1cba0de871fc5bfb,gt_distance,2,2,16,False,False,False,False,0.875,2,0,100.0,100.0,0.0625,0.0625,0.875,17.307367288977584,100.0,16.0,0.0,100.0,34
1cba0de871fc5bfb,old_pc,16,16,16,False,True,True,True,0.0,16,0,100.0,100.0,0.0,1.0,0.0,1.2107957217021403,100.0,16.0,0.0,100.0,34
f84ac4472da55b91,conditional_pc,16,16,16,False,True,True,True,0.0,16,0,96.21129767438582,96.21129767438582,0.125,0.875,0.0,1.0798450443086836,94.55992025053042,,,,28
f84ac4472da55b91,quality_only,16,16,16,False,True,True,True,0.0,16,0,96.21129767438582,96.21129767438582,0.125,0.875,0.0,1.0798450443086836,94.55992025053042,,,,28
f84ac4472da55b91,score,0,0,16,True,False,False,False,1.0,0,0,98.42505079287425,,0.0,0.0,1.0,5.02392382513426,94.55992025053042,16.0,0.0,98.42505079287425,28
f84ac4472da55b91,pareto,0,0,16,True,False,False,False,1.0,0,0,98.42505079287425,,0.0,0.0,1.0,5.02392382513426,94.55992025053042,16.0,0.0,98.42505079287425,28
f84ac4472da55b91,gt_distance,0,0,16,True,False,False,False,1.0,0,0,98.42505079287425,,0.0,0.0,1.0,5.02392382513426,94.55992025053042,16.0,0.0,98.42505079287425,28
f84ac4472da55b91,old_pc,1,1,1,False,False,False,False,0.0,1,0,97.76991708139104,97.76991708139104,0.0,1.0,0.0,1.0887307578082026,94.55992025053042,16.0,15.0,97.76902550231137,28
bcc74e9eaae05ca4,conditional_pc,14,14,16,False,True,True,False,0.125,14,2,83.64437298693514,83.78147005638255,0.3125,0.6875,0.0,1.0898779769705518,82.88725548079948,,,,14
bcc74e9eaae05ca4,quality_only,14,14,16,False,True,True,False,0.125,14,2,83.64437298693514,83.78147005638255,0.3125,0.6875,0.0,1.0898779769705518,82.88725548079948,,,,14
bcc74e9eaae05ca4,score,3,3,16,False,False,False,False,0.8125,3,0,86.82111628840228,84.84861537495276,0.0,0.1875,0.8125,5.691207863573828,82.88725548079948,16.0,0.0,86.82111628840228,14
bcc74e9eaae05ca4,pareto,3,3,16,False,False,False,False,0.8125,3,0,86.82111628840228,84.84861537495276,0.0,0.1875,0.8125,5.691207863573828,82.88725548079948,16.0,0.0,86.82111628840228,14
bcc74e9eaae05ca4,gt_distance,4,4,16,False,True,False,False,0.75,4,0,85.56744115175441,84.74179569048651,0.0,0.25,0.75,2.7557245777944663,82.88725548079948,16.0,0.0,85.56744115175441,14
bcc74e9eaae05ca4,old_pc,1,1,1,False,False,False,False,0.0,1,0,85.54569812670177,85.54569812670177,0.0,1.0,0.0,1.34385066524559,82.88725548079948,16.0,15.0,85.54675436765264,14
4fe8a056f88154d5,conditional_pc,16,16,16,False,True,True,True,0.0,16,0,96.16271474568644,96.16271474568644,0.4375,0.5625,0.0,1.011548357673159,95.94236254101438,,,,20
4fe8a056f88154d5,quality_only,16,16,16,False,True,True,True,0.0,16,0,96.16271474568644,96.16271474568644,0.4375,0.5625,0.0,1.011548357673159,95.94236254101438,,,,20
4fe8a056f88154d5,score,0,0,16,True,False,False,False,1.0,0,0,97.48094586101077,,0.0,0.0,1.0,14.767548368296715,95.94236254101438,16.0,0.0,97.48094586101077,20
4fe8a056f88154d5,pareto,0,0,16,True,False,False,False,1.0,0,0,97.48094586101077,,0.0,0.0,1.0,14.767548368296715,95.94236254101438,16.0,0.0,97.48094586101077,20
4fe8a056f88154d5,gt_distance,8,8,16,False,True,True,False,0.5,8,0,96.3719140136219,96.2652638579743,0.0625,0.4375,0.5,1.7215247951214994,95.94236254101438,16.0,0.0,96.3719140136219,20
4fe8a056f88154d5,old_pc,1,1,1,False,False,False,False,0.0,1,0,96.3934283520531,96.3934283520531,0.0,1.0,0.0,1.2868971017445954,95.94236254101438,16.0,15.0,96.39356575364026,20
16ff52ac5d085cac,conditional_pc,16,16,16,False,True,True,True,0.0,16,0,93.63669505686512,93.63669505686512,0.5,0.5,0.0,1.0550096173721837,93.35698243091876,,,,21
16ff52ac5d085cac,quality_only,16,16,16,False,True,True,True,0.0,16,0,93.63669505686512,93.63669505686512,0.5,0.5,0.0,1.0550096173721837,93.35698243091876,,,,21
16ff52ac5d085cac,score,0,0,16,True,False,False,False,1.0,0,0,97.11657378729642,,0.0,0.0,1.0,41.85987320517533,93.35698243091876,16.0,0.0,97.11657378729642,21
16ff52ac5d085cac,pareto,0,0,16,True,False,False,False,1.0,0,0,97.11657378729642,,0.0,0.0,1.0,41.85987320517533,93.35698243091876,16.0,0.0,97.11657378729642,21
16ff52ac5d085cac,gt_distance,15,15,16,False,True,True,False,0.0625,15,0,93.59282323402972,93.5779577536326,0.625,0.3125,0.0625,1.0083820737686318,93.35698243091876,16.0,0.0,93.59282323402972,21
16ff52ac5d085cac,old_pc,1,1,1,False,False,False,False,0.0,1,0,93.91478075983568,93.91478075983568,0.0,1.0,0.0,1.363367341804538,93.35698243091876,16.0,15.0,93.9148061374298,21
584a14a3e42050c4,conditional_pc,16,16,16,False,True,True,True,0.0,16,0,86.67280914519588,86.67280914519588,0.3125,0.6875,0.0,1.1097053954186171,85.34342230346775,,,,26
584a14a3e42050c4,quality_only,16,16,16,False,True,True,True,0.0,16,0,86.67280914519588,86.67280914519588,0.3125,0.6875,0.0,1.1097053954186171,85.34342230346775,,,,26
584a14a3e42050c4,score,9,9,16,False,True,True,False,0.4375,9,0,87.73220792768292,87.49477036938396,0.25,0.3125,0.4375,2.5336807789976468,85.34342230346775,16.0,0.0,87.73220792768292,26
584a14a3e42050c4,pareto,9,9,16,False,True,True,False,0.4375,9,0,87.73220792768292,87.49477036938396,0.25,0.3125,0.4375,2.5336807789976468,85.34342230346775,16.0,0.0,87.73220792768292,26
584a14a3e42050c4,gt_distance,15,15,16,False,True,True,False,0.0625,15,0,87.27574118818804,87.16285573921726,0.375,0.5625,0.0625,1.164235273403058,85.34342230346775,16.0,0.0,87.27574118818804,26
584a14a3e42050c4,old_pc,1,1,1,False,False,False,False,0.0,1,0,88.01016902767996,88.01016902767996,0.0,1.0,0.0,1.4590272879958477,85.34342230346775,16.0,15.0,88.01075390813247,26
4a5834900788560a,conditional_pc,16,16,16,False,True,True,True,0.0,16,0,91.27661482268906,91.27661482268906,0.4375,0.5625,0.0,1.0778037960993214,91.0915331842109,,,,19
4a5834900788560a,quality_only,16,16,16,False,True,True,True,0.0,16,0,91.27661482268906,91.27661482268906,0.4375,0.5625,0.0,1.0778037960993214,91.0915331842109,,,,19
4a5834900788560a,score,0,0,16,True,False,False,False,1.0,0,0,93.64249795577363,,0.0,0.0,1.0,32.601289071841336,91.0915331842109,16.0,0.0,93.64249795577363,19
4a5834900788560a,pareto,0,0,16,True,False,False,False,1.0,0,0,93.59476601667474,,0.0,0.0,1.0,30.82101348574028,91.0915331842109,16.0,0.0,93.59476601667474,19
4a5834900788560a,gt_distance,4,4,16,False,True,False,False,0.75,4,0,91.00883089695397,91.15977154148275,0.375,0.5625,0.0625,1.5766092548390933,91.0915331842109,16.0,0.0,91.00883089695397,19
4a5834900788560a,old_pc,1,1,1,False,False,False,False,0.0,1,0,91.53565206189256,91.53565206189256,0.0,1.0,0.0,1.5958856944883757,91.0915331842109,16.0,15.0,91.53553234919065,19
e6046882cf485f3a,conditional_pc,16,16,16,False,True,True,True,0.0,16,0,91.93906085912197,91.93906085912197,0.8125,0.1875,0.0,0.9441041670334438,91.48015936612158,,,,18
e6046882cf485f3a,quality_only,16,16,16,False,True,True,True,0.0,16,0,91.93906085912197,91.93906085912197,0.8125,0.1875,0.0,0.9441041670334438,91.48015936612158,,,,18
e6046882cf485f3a,score,0,0,16,True,False,False,False,1.0,0,0,93.3142489032653,,0.0,0.0,1.0,29.47885396859564,91.48015936612158,16.0,0.0,93.3142489032653,18
e6046882cf485f3a,pareto,0,0,16,True,False,False,False,1.0,0,0,93.3142489032653,,0.0,0.0,1.0,29.47885396859564,91.48015936612158,16.0,0.0,93.3142489032653,18
e6046882cf485f3a,gt_distance,13,13,16,False,True,True,False,0.1875,13,0,92.05138464855403,92.0602718353169,0.625,0.25,0.125,1.2479824510222464,91.48015936612158,16.0,0.0,92.05138464855403,18
e6046882cf485f3a,old_pc,1,1,1,False,False,False,False,0.0,1,0,92.30819681889888,92.30819681889888,0.0,1.0,0.0,1.0136718008210135,91.48015936612158,16.0,15.0,92.30845167898654,18
873f4bc746a55d13,conditional_pc,16,16,16,False,True,True,True,0.0,16,0,100.0,100.0,0.0,1.0,0.0,1.21919488972933,100.0,,,,31
873f4bc746a55d13,quality_only,16,16,16,False,True,True,True,0.0,16,0,100.0,100.0,0.0,1.0,0.0,1.21919488972933,100.0,,,,31
873f4bc746a55d13,score,1,1,16,False,False,False,False,0.9375,1,0,100.0,100.0,0.0,0.0625,0.9375,1.9100165959866549,100.0,16.0,0.0,100.0,31
873f4bc746a55d13,pareto,3,3,16,False,False,False,False,0.8125,3,0,100.0,100.0,0.0,0.1875,0.8125,7.179220188013908,100.0,16.0,0.0,100.0,31
873f4bc746a55d13,gt_distance,4,4,16,False,True,False,False,0.75,4,0,100.0,100.0,0.0625,0.1875,0.75,3.503156659174785,100.0,16.0,0.0,100.0,31
873f4bc746a55d13,old_pc,16,16,16,False,True,True,True,0.0,16,0,100.0,100.0,0.0,1.0,0.0,1.21919488972933,100.0,16.0,0.0,100.0,31
96886b2d240e5275,conditional_pc,16,16,16,False,True,True,True,0.0,16,0,93.92158821820549,93.92158821820549,0.0,1.0,0.0,1.5191602455427606,92.9786204716471,,,,66
96886b2d240e5275,quality_only,16,16,16,False,True,True,True,0.0,16,0,93.92158821820546,93.92158821820546,0.0,1.0,0.0,1.5191602455427606,92.9786204716471,,,,66
96886b2d240e5275,score,5,5,16,False,True,False,False,0.6875,5,0,93.99914473053842,94.01051871153378,0.0,0.3125,0.6875,2.454068929713342,92.9786204716471,16.0,0.0,93.99914473053842,66
96886b2d240e5275,pareto,5,5,16,False,True,False,False,0.6875,5,0,93.99914473053842,94.01051871153378,0.0,0.3125,0.6875,2.454068929713342,92.9786204716471,16.0,0.0,93.99914473053842,66
96886b2d240e5275,gt_distance,5,5,16,False,True,False,False,0.6875,5,0,93.99914473053842,94.01051871153378,0.0,0.3125,0.6875,2.454068929713342,92.9786204716471,16.0,0.0,93.99914473053842,66
96886b2d240e5275,old_pc,1,1,1,False,False,False,False,0.0,1,0,94.14925596697606,94.14925596697606,0.0,1.0,0.0,1.7253452394538626,92.9786204716471,16.0,15.0,94.14926384015877,66
190b153cfd3b5302,conditional_pc,16,16,16,False,True,True,True,0.0,16,0,96.88059623356963,96.88059623356963,0.625,0.375,0.0,0.991728845251684,96.52978845422228,,,,18
190b153cfd3b5302,quality_only,16,16,16,False,True,True,True,0.0,16,0,96.88059623356963,96.88059623356963,0.625,0.375,0.0,0.991728845251684,96.52978845422228,,,,18
190b153cfd3b5302,score,7,7,16,False,True,False,False,0.5625,7,0,97.20965019887468,97.26753797259764,0.3125,0.125,0.5625,3.3573480637307025,96.52978845422228,16.0,0.0,97.20965019887468,18
190b153cfd3b5302,pareto,7,7,16,False,True,False,False,0.5625,7,0,97.20965019887468,97.26753797259764,0.3125,0.125,0.5625,3.3573480637307025,96.52978845422228,16.0,0.0,97.20965019887468,18
190b153cfd3b5302,gt_distance,7,7,16,False,True,False,False,0.5625,7,0,97.20965019887468,97.26753797259764,0.3125,0.125,0.5625,3.3573480637307025,96.52978845422228,16.0,0.0,97.20965019887468,18
190b153cfd3b5302,old_pc,1,1,1,False,False,False,False,0.0,1,0,97.6314834150736,97.6314834150736,0.0,1.0,0.0,1.267410574861528,96.52978845422228,16.0,15.0,97.63148530117132,18
e1b0455379fd5adf,conditional_pc,16,16,16,False,True,True,True,0.0,16,0,100.0,100.0,0.0,1.0,0.0,1.2001132544957294,100.0,,,,39
e1b0455379fd5adf,quality_only,16,16,16,False,True,True,True,0.0,16,0,100.0,100.0,0.0,1.0,0.0,1.2001132544957294,100.0,,,,39
e1b0455379fd5adf,score,0,0,16,True,False,False,False,1.0,0,0,100.0,,0.0,0.0,1.0,3.3382053718579505,100.0,16.0,0.0,100.0,39
e1b0455379fd5adf,pareto,2,2,16,False,False,False,False,0.875,2,0,100.0,100.0,0.125,0.0,0.875,8.935973239551968,100.0,16.0,0.0,100.0,39
e1b0455379fd5adf,gt_distance,3,3,16,False,False,False,False,0.8125,3,0,100.0,100.0,0.125,0.0625,0.8125,4.382533972386359,100.0,16.0,0.0,100.0,39
e1b0455379fd5adf,old_pc,16,16,16,False,True,True,True,0.0,16,0,100.0,100.0,0.0,1.0,0.0,1.2001132544957294,100.0,16.0,0.0,100.0,39
a801ebe0c8a55faf,conditional_pc,16,16,16,False,True,True,True,0.0,16,0,100.0,100.0,0.1875,0.8125,0.0,1.196579958745427,100.0,,,,30
a801ebe0c8a55faf,quality_only,16,16,16,False,True,True,True,0.0,16,0,100.0,100.0,0.1875,0.8125,0.0,1.196579958745427,100.0,,,,30
a801ebe0c8a55faf,score,0,0,16,True,False,False,False,1.0,0,0,100.0,,0.0,0.0,1.0,11.71370844890461,100.0,16.0,0.0,100.0,30
a801ebe0c8a55faf,pareto,2,2,16,False,False,False,False,0.875,2,0,100.0,100.0,0.0625,0.0625,0.875,7.433772523441316,100.0,16.0,0.0,100.0,30
a801ebe0c8a55faf,gt_distance,1,1,16,False,False,False,False,0.9375,1,0,100.0,100.0,0.0625,0.0,0.9375,8.360669231916795,100.0,16.0,0.0,100.0,30
a801ebe0c8a55faf,old_pc,16,16,16,False,True,True,True,0.0,16,0,100.0,100.0,0.1875,0.8125,0.0,1.196579958745427,100.0,16.0,0.0,100.0,30
8caca31e4dc357be,conditional_pc,16,16,16,False,True,True,True,0.0,16,0,91.28093454734488,91.28093454734488,0.0625,0.9375,0.0,1.1342953351904757,90.9794646998188,,,,27
8caca31e4dc357be,quality_only,16,16,16,False,True,True,True,0.0,16,0,91.28093454734488,91.28093454734488,0.0625,0.9375,0.0,1.1342953351904757,90.9794646998188,,,,27
8caca31e4dc357be,score,0,0,16,True,False,False,False,1.0,0,0,93.03471622258036,,0.0,0.0,1.0,17.1559168997719,90.9794646998188,16.0,0.0,93.03471622258036,27
8caca31e4dc357be,pareto,0,0,16,True,False,False,False,1.0,0,0,93.03471622258036,,0.0,0.0,1.0,17.1559168997719,90.9794646998188,16.0,0.0,93.03471622258036,27
8caca31e4dc357be,gt_distance,0,0,16,True,False,False,False,1.0,0,0,92.17600189996722,,0.0,0.0,1.0,4.652494963344463,90.9794646998188,16.0,0.0,92.17600189996722,27
8caca31e4dc357be,old_pc,1,1,1,False,False,False,False,0.0,1,0,91.68943168092105,91.68943168092105,0.0,1.0,0.0,1.2288414684097868,90.9794646998188,16.0,15.0,91.68938783300666,27
a8263f179cca558d,conditional_pc,16,16,16,False,True,True,True,0.0,16,0,100.0,100.0,0.125,0.875,0.0,1.2767863142767777,100.0,,,,36
a8263f179cca558d,quality_only,16,16,16,False,True,True,True,0.0,16,0,100.0,100.0,0.125,0.875,0.0,1.2767863142767777,100.0,,,,36
a8263f179cca558d,score,0,0,16,True,False,False,False,1.0,0,0,100.0,,0.0,0.0,1.0,4.216895112344685,100.0,16.0,0.0,100.0,36
a8263f179cca558d,pareto,1,1,16,False,False,False,False,0.9375,1,0,100.0,100.0,0.0,0.0625,0.9375,17.95037700003243,100.0,16.0,0.0,100.0,36
a8263f179cca558d,gt_distance,2,2,16,False,False,False,False,0.875,2,0,100.0,100.0,0.0,0.125,0.875,9.40690471580175,100.0,16.0,0.0,100.0,36
a8263f179cca558d,old_pc,16,16,16,False,True,True,True,0.0,16,0,100.0,100.0,0.125,0.875,0.0,1.2767863142767777,100.0,16.0,0.0,100.0,36
22dddd249c8e5fe4,conditional_pc,16,16,16,False,True,True,True,0.0,16,0,89.96418542258166,89.96418542258166,0.8125,0.1875,0.0,0.9311113741103172,89.44244042019052,,,,16
22dddd249c8e5fe4,quality_only,16,16,16,False,True,True,True,0.0,16,0,89.96418542258166,89.96418542258166,0.8125,0.1875,0.0,0.9311113741103172,89.44244042019052,,,,16
22dddd249c8e5fe4,score,0,0,16,True,False,False,False,1.0,0,0,99.92283120958868,,0.0,0.0,1.0,22.536285016323227,89.44244042019052,16.0,0.0,99.92283120958868,16
22dddd249c8e5fe4,pareto,0,0,16,True,False,False,False,1.0,0,0,99.92283120958868,,0.0,0.0,1.0,22.536285016323227,89.44244042019052,16.0,0.0,99.92283120958868,16
22dddd249c8e5fe4,gt_distance,0,0,16,True,False,False,False,1.0,0,0,94.84364736770728,,0.0,0.0,1.0,10.10324325688624,89.44244042019052,16.0,0.0,94.84364736770728,16
22dddd249c8e5fe4,old_pc,1,1,1,False,False,False,False,0.0,1,0,90.48020030061564,90.48020030061564,0.0,1.0,0.0,1.095881427046705,89.44244042019052,16.0,15.0,90.48088976662405,16
bcd578c19d9857ea,conditional_pc,16,16,16,False,True,True,True,0.0,16,0,98.04566068767136,98.04566068767136,0.625,0.375,0.0,0.9540980622122422,97.29559134933456,,,,19
bcd578c19d9857ea,quality_only,16,16,16,False,True,True,True,0.0,16,0,98.04566068767136,98.04566068767136,0.625,0.375,0.0,0.9540980622122422,97.29559134933456,,,,19
bcd578c19d9857ea,score,0,0,16,True,False,False,False,1.0,0,0,100.0,,0.0,0.0,1.0,13.265332213750082,97.29559134933456,16.0,0.0,100.0,19
bcd578c19d9857ea,pareto,0,0,16,True,False,False,False,1.0,0,0,100.0,,0.0,0.0,1.0,13.31366422909198,97.29559134933456,16.0,0.0,100.0,19
bcd578c19d9857ea,gt_distance,0,0,16,True,False,False,False,1.0,0,0,100.0,,0.0,0.0,1.0,6.741414462714928,97.29559134933456,16.0,0.0,100.0,19
bcd578c19d9857ea,old_pc,1,1,1,False,False,False,False,0.0,1,0,98.3723268671738,98.3723268671738,0.0,1.0,0.0,1.020179951858191,97.29559134933456,16.0,15.0,98.37065541441798,19
c4c0b5cb93d85645,conditional_pc,16,16,16,False,True,True,True,0.0,16,0,88.28742062120027,88.28742062120027,0.5625,0.4375,0.0,0.9857019626636327,88.01852683466656,,,,16
c4c0b5cb93d85645,quality_only,16,16,16,False,True,True,True,0.0,16,0,88.28742062120027,88.28742062120027,0.5625,0.4375,0.0,0.9857019626636327,88.01852683466656,,,,16
c4c0b5cb93d85645,score,0,0,16,True,False,False,False,1.0,0,0,97.32207539452848,,0.0,0.0,1.0,33.79650200786389,88.01852683466656,16.0,0.0,97.32207539452848,16
c4c0b5cb93d85645,pareto,0,0,16,True,False,False,False,1.0,0,0,97.32207539452848,,0.0,0.0,1.0,33.79650200786389,88.01852683466656,16.0,0.0,97.32207539452848,16
c4c0b5cb93d85645,gt_distance,15,15,16,False,True,True,False,0.0625,15,0,88.33567442896657,88.30464635973256,0.5,0.4375,0.0625,1.0343032333874644,88.01852683466656,16.0,0.0,88.33567442896657,16
c4c0b5cb93d85645,old_pc,1,1,1,False,False,False,False,0.0,1,0,88.68500905366932,88.68500905366932,0.0,1.0,0.0,1.273011283745057,88.01852683466656,16.0,15.0,88.6851448946352,16
0fae6a22120d5bc2,conditional_pc,16,16,16,False,True,True,True,0.0,16,0,100.0,100.0,0.3125,0.6875,0.0,1.1058164256454894,100.0,,,,31
0fae6a22120d5bc2,quality_only,16,16,16,False,True,True,True,0.0,16,0,100.0,100.0,0.3125,0.6875,0.0,1.1058164256454894,100.0,,,,31
0fae6a22120d5bc2,score,0,0,16,True,False,False,False,1.0,0,0,100.0,,0.0,0.0,1.0,11.307195296293118,100.0,16.0,0.0,100.0,31
0fae6a22120d5bc2,pareto,1,1,16,False,False,False,False,0.9375,1,0,100.0,100.0,0.0625,0.0,0.9375,18.68239611035966,100.0,16.0,0.0,100.0,31
0fae6a22120d5bc2,gt_distance,2,2,16,False,False,False,False,0.875,2,0,100.0,100.0,0.0625,0.0625,0.875,13.646275899315604,100.0,16.0,0.0,100.0,31
0fae6a22120d5bc2,old_pc,16,16,16,False,True,True,True,0.0,16,0,100.0,100.0,0.3125,0.6875,0.0,1.1058164256454894,100.0,16.0,0.0,100.0,31
9d67b6d20a0256c3,conditional_pc,16,16,16,False,True,True,True,0.0,16,0,100.0,100.0,0.125,0.875,0.0,1.2526714128230014,100.0,,,,27
9d67b6d20a0256c3,quality_only,16,16,16,False,True,True,True,0.0,16,0,100.0,100.0,0.125,0.875,0.0,1.2526714128230014,100.0,,,,27
9d67b6d20a0256c3,score,6,6,16,False,True,False,False,0.625,6,0,100.0,100.0,0.125,0.25,0.625,21.66234259488565,100.0,16.0,0.0,100.0,27
9d67b6d20a0256c3,pareto,2,2,16,False,False,False,False,0.875,2,0,100.0,100.0,0.0,0.125,0.875,14.027675512231417,100.0,16.0,0.0,100.0,27
9d67b6d20a0256c3,gt_distance,0,0,16,True,False,False,False,1.0,0,0,100.0,,0.0,0.0,1.0,29.35807870667687,100.0,16.0,0.0,100.0,27
9d67b6d20a0256c3,old_pc,16,16,16,False,True,True,True,0.0,16,0,100.0,100.0,0.125,0.875,0.0,1.2526714128230014,100.0,16.0,0.0,100.0,27
548d6bf7b63459e7,conditional_pc,16,16,16,False,True,True,True,0.0,16,0,95.26645147536544,95.26645147536544,0.375,0.625,0.0,1.1525921924548332,94.68598821061404,,,,20
548d6bf7b63459e7,quality_only,16,16,16,False,True,True,True,0.0,16,0,95.26645147536544,95.26645147536544,0.375,0.625,0.0,1.1525921924548332,94.68598821061404,,,,20
548d6bf7b63459e7,score,0,0,16,True,False,False,False,1.0,0,0,97.11212859171394,,0.0,0.0,1.0,4.691765081839359,94.68598821061404,16.0,0.0,97.11212859171394,20
548d6bf7b63459e7,pareto,0,0,16,True,False,False,False,1.0,0,0,97.11212859171394,,0.0,0.0,1.0,4.691765081839359,94.68598821061404,16.0,0.0,97.11212859171394,20
548d6bf7b63459e7,gt_distance,0,0,16,True,False,False,False,1.0,0,0,97.11212859171394,,0.0,0.0,1.0,4.691765081839359,94.68598821061404,16.0,0.0,97.11212859171394,20
548d6bf7b63459e7,old_pc,1,1,1,False,False,False,False,0.0,1,0,96.0270839097845,96.0270839097845,0.0,1.0,0.0,1.3456328768254773,94.68598821061404,16.0,15.0,96.02713099178604,20
0f44c6e6440654d0,conditional_pc,16,16,16,False,True,True,True,0.0,16,0,100.0,100.0,0.0,1.0,0.0,1.2071967182010297,100.0,,,,39
0f44c6e6440654d0,quality_only,16,16,16,False,True,True,True,0.0,16,0,100.0,100.0,0.0,1.0,0.0,1.2071967182010297,100.0,,,,39
0f44c6e6440654d0,score,0,0,16,True,False,False,False,1.0,0,0,100.0,,0.0,0.0,1.0,2.721015508106859,100.0,16.0,0.0,100.0,39
0f44c6e6440654d0,pareto,1,1,16,False,False,False,False,0.9375,1,0,100.0,100.0,0.0,0.0625,0.9375,10.790641211059237,100.0,16.0,0.0,100.0,39
0f44c6e6440654d0,gt_distance,1,1,16,False,False,False,False,0.9375,1,0,100.0,100.0,0.0625,0.0,0.9375,6.0119751090955695,100.0,16.0,0.0,100.0,39
0f44c6e6440654d0,old_pc,16,16,16,False,True,True,True,0.0,16,0,100.0,100.0,0.0,1.0,0.0,1.2071967182010297,100.0,16.0,0.0,100.0,39
85fb576381c15527,conditional_pc,16,16,16,False,True,True,True,0.0,16,0,100.0,100.0,0.0,1.0,0.0,1.1447472461806931,100.0,,,,32
85fb576381c15527,quality_only,16,16,16,False,True,True,True,0.0,16,0,100.0,100.0,0.0,1.0,0.0,1.1447472461806931,100.0,,,,32
85fb576381c15527,score,0,0,16,True,False,False,False,1.0,0,0,100.0,,0.0,0.0,1.0,13.149362669810602,100.0,16.0,0.0,100.0,32
85fb576381c15527,pareto,2,2,16,False,False,False,False,0.875,2,0,100.0,100.0,0.0,0.125,0.875,8.218392022389573,100.0,16.0,0.0,100.0,32
85fb576381c15527,gt_distance,0,0,16,True,False,False,False,1.0,0,0,100.0,,0.0,0.0,1.0,10.94559177322682,100.0,16.0,0.0,100.0,32
85fb576381c15527,old_pc,16,16,16,False,True,True,True,0.0,16,0,100.0,100.0,0.0,1.0,0.0,1.1447472461806931,100.0,16.0,0.0,100.0,32
d79d2c9951f35626,conditional_pc,16,16,16,False,True,True,True,0.0,16,0,94.25610639108083,94.25610639108083,0.375,0.625,0.0,1.0579000001156194,93.92503309176054,,,,19
d79d2c9951f35626,quality_only,16,16,16,False,True,True,True,0.0,16,0,94.25610639108083,94.25610639108083,0.375,0.625,0.0,1.0579000001156194,93.92503309176054,,,,19
d79d2c9951f35626,score,0,0,16,True,False,False,False,1.0,0,0,96.52330752575888,,0.0,0.0,1.0,21.3057572995952,93.92503309176054,16.0,0.0,96.52330752575888,19
d79d2c9951f35626,pareto,0,0,16,True,False,False,False,1.0,0,0,96.52330752575888,,0.0,0.0,1.0,21.3057572995952,93.92503309176054,16.0,0.0,96.52330752575888,19
d79d2c9951f35626,gt_distance,0,0,16,True,False,False,False,1.0,0,0,95.86614604894514,,0.0,0.0,1.0,13.2008667889643,93.92503309176054,16.0,0.0,95.86614604894514,19
d79d2c9951f35626,old_pc,1,1,1,False,False,False,False,0.0,1,0,94.51825147810314,94.51825147810314,0.0,1.0,0.0,1.028155170178777,93.92503309176054,16.0,15.0,94.5183086734934,19
980c4467fdf156c4,conditional_pc,0,0,0,True,False,False,False,1.0,0,0,,,,,,,100.0,,,,0
980c4467fdf156c4,quality_only,0,0,0,True,False,False,False,1.0,0,0,,,,,,,100.0,,,,0
980c4467fdf156c4,score,0,0,16,True,False,False,False,1.0,0,0,100.0,,0.0,0.0,1.0,3.907694651785792,100.0,16.0,0.0,100.0,0
980c4467fdf156c4,pareto,0,0,16,True,False,False,False,1.0,0,0,100.0,,0.0625,0.0625,0.875,6.515500012710664,100.0,16.0,0.0,100.0,0
980c4467fdf156c4,gt_distance,0,0,16,True,False,False,False,1.0,0,0,100.0,,0.25,0.1875,0.5625,2.517868313028204,100.0,16.0,0.0,100.0,0
980c4467fdf156c4,old_pc,0,0,1,True,False,False,False,1.0,0,0,100.0,,0.0,1.0,0.0,1.535441221148904,100.0,16.0,15.0,100.0,0
11ceee170b09535e,conditional_pc,16,16,16,False,True,True,True,0.0,16,0,100.0,100.0,0.1875,0.8125,0.0,1.1652795914174137,100.0,,,,30
11ceee170b09535e,quality_only,16,16,16,False,True,True,True,0.0,16,0,100.0,100.0,0.1875,0.8125,0.0,1.1652795914174137,100.0,,,,30
11ceee170b09535e,score,0,0,16,True,False,False,False,1.0,0,0,100.0,,0.0,0.0,1.0,43.7227394389955,100.0,16.0,0.0,100.0,30
11ceee170b09535e,pareto,2,2,16,False,False,False,False,0.875,2,0,100.0,100.0,0.0,0.125,0.875,25.119963373032377,100.0,16.0,0.0,100.0,30
11ceee170b09535e,gt_distance,0,0,16,True,False,False,False,1.0,0,0,100.0,,0.0,0.0,1.0,41.0840408360275,100.0,16.0,0.0,100.0,30
11ceee170b09535e,old_pc,16,16,16,False,True,True,True,0.0,16,0,100.0,100.0,0.1875,0.8125,0.0,1.1650318381905598,100.0,16.0,0.0,100.0,30
c550cadc4a515e6b,conditional_pc,16,16,16,False,True,True,True,0.0,16,0,82.45773327668405,82.45773327668405,0.3125,0.6875,0.0,1.062864979262811,81.35794722086729,,,,24
c550cadc4a515e6b,quality_only,16,16,16,False,True,True,True,0.0,16,0,82.45773327668405,82.45773327668405,0.3125,0.6875,0.0,1.062864979262811,81.35794722086729,,,,24
c550cadc4a515e6b,score,0,0,16,True,False,False,False,1.0,0,0,99.03412184297508,,0.0,0.0,1.0,39.724346571481846,81.35794722086729,16.0,0.0,99.03412184297508,24
c550cadc4a515e6b,pareto,0,0,16,True,False,False,False,1.0,0,0,99.03412184297508,,0.0,0.0,1.0,39.724346571481846,81.35794722086729,16.0,0.0,99.03412184297508,24
c550cadc4a515e6b,gt_distance,0,0,16,True,False,False,False,1.0,0,0,87.58787146153904,,0.0,0.0,1.0,8.310653723393667,81.35794722086729,16.0,0.0,87.58787146153904,24
c550cadc4a515e6b,old_pc,1,1,1,False,False,False,False,0.0,1,0,83.70911894277873,83.70911894277873,0.0,1.0,0.0,1.1063409716225332,81.35794722086729,16.0,15.0,83.7099102604525,24
4fdf21ae819f5cf9,conditional_pc,16,16,16,False,True,True,True,0.0,16,0,100.0,100.0,0.0,1.0,0.0,1.3626244247937338,100.0,,,,52
4fdf21ae819f5cf9,quality_only,16,16,16,False,True,True,True,0.0,16,0,100.0,100.0,0.0,1.0,0.0,1.3626244247937338,100.0,,,,52
4fdf21ae819f5cf9,score,5,5,16,False,True,False,False,0.6875,5,0,100.0,100.0,0.0,0.3125,0.6875,1.951689840745392,100.0,16.0,0.0,100.0,52
4fdf21ae819f5cf9,pareto,1,1,16,False,False,False,False,0.9375,1,0,100.0,100.0,0.0,0.0625,0.9375,6.53332260146261,100.0,16.0,0.0,100.0,52
4fdf21ae819f5cf9,gt_distance,2,2,16,False,False,False,False,0.875,2,0,100.0,100.0,0.0,0.125,0.875,4.228966415435226,100.0,16.0,0.0,100.0,52
4fdf21ae819f5cf9,old_pc,16,16,16,False,True,True,True,0.0,16,0,100.0,100.0,0.0,1.0,0.0,1.3626244247937338,100.0,16.0,0.0,100.0,52
9af521b071b75ede,conditional_pc,16,16,16,False,True,True,True,0.0,16,0,100.0,100.0,0.0,1.0,0.0,1.2534239683931003,100.0,,,,32
9af521b071b75ede,quality_only,16,16,16,False,True,True,True,0.0,16,0,100.0,100.0,0.0,1.0,0.0,1.2534239683931003,100.0,,,,32
9af521b071b75ede,score,0,0,16,True,False,False,False,1.0,0,0,100.0,,0.0,0.0,1.0,18.769579210058183,100.0,16.0,0.0,100.0,32
9af521b071b75ede,pareto,1,1,16,False,False,False,False,0.9375,1,0,100.0,100.0,0.0,0.0625,0.9375,21.993631097929125,100.0,16.0,0.0,100.0,32
9af521b071b75ede,gt_distance,3,3,16,False,False,False,False,0.8125,3,0,100.0,100.0,0.0,0.1875,0.8125,12.983328824126524,100.0,16.0,0.0,100.0,32
9af521b071b75ede,old_pc,16,16,16,False,True,True,True,0.0,16,0,100.0,100.0,0.0,1.0,0.0,1.2534239683931003,100.0,16.0,0.0,100.0,32
94fd2d5eaaff5125,conditional_pc,16,16,16,False,True,True,True,0.0,16,0,92.76229427023335,92.76229427023335,0.5625,0.4375,0.0,1.0499574844134618,92.4780482417524,,,,24
94fd2d5eaaff5125,quality_only,16,16,16,False,True,True,True,0.0,16,0,92.76229427023335,92.76229427023335,0.5625,0.4375,0.0,1.0499574844134618,92.4780482417524,,,,24
94fd2d5eaaff5125,score,0,0,16,True,False,False,False,1.0,0,0,97.14550033485796,,0.0,0.0,1.0,25.34238722570688,92.4780482417524,16.0,0.0,97.14550033485796,24
94fd2d5eaaff5125,pareto,0,0,16,True,False,False,False,1.0,0,0,97.14550033485796,,0.0,0.0,1.0,25.34238722570688,92.4780482417524,16.0,0.0,97.14550033485796,24
94fd2d5eaaff5125,gt_distance,0,0,16,True,False,False,False,1.0,0,0,94.04413040394172,,0.0,0.0,1.0,8.288812125617403,92.4780482417524,16.0,0.0,94.04413040394172,24
94fd2d5eaaff5125,old_pc,1,1,1,False,False,False,False,0.0,1,0,93.17601897539627,93.17601897539627,0.0,1.0,0.0,1.389554707499992,92.4780482417524,16.0,15.0,93.17596430587052,24
3bfe55c892ef5093,conditional_pc,0,0,0,True,False,False,False,1.0,0,0,,,,,,,100.0,,,,0
3bfe55c892ef5093,quality_only,0,0,0,True,False,False,False,1.0,0,0,,,,,,,100.0,,,,0
3bfe55c892ef5093,score,0,0,16,True,False,False,False,1.0,0,0,100.0,,0.0,0.0,1.0,3.3163182765797115,100.0,16.0,0.0,100.0,0
3bfe55c892ef5093,pareto,0,0,16,True,False,False,False,1.0,0,0,100.0,,0.0,0.0625,0.9375,11.089457619856551,100.0,16.0,0.0,100.0,0
3bfe55c892ef5093,gt_distance,0,0,16,True,False,False,False,1.0,0,0,100.0,,0.0625,0.0625,0.875,4.527617417714204,100.0,16.0,0.0,100.0,0
3bfe55c892ef5093,old_pc,0,0,1,True,False,False,False,1.0,0,0,100.0,,0.0,1.0,0.0,1.5096480512619102,100.0,16.0,15.0,100.0,0
76c61e8e77975178,conditional_pc,16,16,16,False,True,True,True,0.0,16,0,100.0,100.0,0.0,1.0,0.0,1.2256996094249617,100.0,,,,31
76c61e8e77975178,quality_only,16,16,16,False,True,True,True,0.0,16,0,100.0,100.0,0.0,1.0,0.0,1.2256996094249617,100.0,,,,31
76c61e8e77975178,score,0,0,16,True,False,False,False,1.0,0,0,100.0,,0.0,0.0,1.0,4.062627770951961,100.0,16.0,0.0,100.0,31
76c61e8e77975178,pareto,3,3,16,False,False,False,False,0.8125,3,0,100.0,100.0,0.0,0.1875,0.8125,8.263990603048274,100.0,16.0,0.0,100.0,31
76c61e8e77975178,gt_distance,3,3,16,False,False,False,False,0.8125,3,0,100.0,100.0,0.0625,0.125,0.8125,3.427035677948762,100.0,16.0,0.0,100.0,31
76c61e8e77975178,old_pc,16,16,16,False,True,True,True,0.0,16,0,100.0,100.0,0.0,1.0,0.0,1.2256996094249617,100.0,16.0,0.0,100.0,31
6aa0f931a89f5d9a,conditional_pc,16,16,16,False,True,True,True,0.0,16,0,100.0,100.0,0.0,1.0,0.0,1.2155360629345535,100.0,,,,32
6aa0f931a89f5d9a,quality_only,16,16,16,False,True,True,True,0.0,16,0,100.0,100.0,0.0,1.0,0.0,1.2155360629345535,100.0,,,,32
6aa0f931a89f5d9a,score,0,0,16,True,False,False,False,1.0,0,0,100.0,,0.0,0.0,1.0,6.694568302883252,100.0,16.0,0.0,100.0,32
6aa0f931a89f5d9a,pareto,2,2,16,False,False,False,False,0.875,2,0,100.0,100.0,0.0,0.125,0.875,8.734525893399347,100.0,16.0,0.0,100.0,32
6aa0f931a89f5d9a,gt_distance,3,3,16,False,False,False,False,0.8125,3,0,100.0,100.0,0.0,0.1875,0.8125,7.434657230001775,100.0,16.0,0.0,100.0,32
6aa0f931a89f5d9a,old_pc,16,16,16,False,True,True,True,0.0,16,0,100.0,100.0,0.0,1.0,0.0,1.2155360629345535,100.0,16.0,0.0,100.0,32
7f3aa59671c45291,conditional_pc,16,16,16,False,True,True,True,0.0,16,0,100.0,100.0,0.0,1.0,0.0,1.4020851753740482,100.0,,,,44
7f3aa59671c45291,quality_only,16,16,16,False,True,True,True,0.0,16,0,100.0,100.0,0.0,1.0,0.0,1.4020851753740482,100.0,,,,44
7f3aa59671c45291,score,0,0,16,True,False,False,False,1.0,0,0,100.0,,0.0,0.0,1.0,3.319208313955342,100.0,16.0,0.0,100.0,44
7f3aa59671c45291,pareto,3,3,16,False,False,False,False,0.8125,3,0,100.0,100.0,0.0,0.1875,0.8125,7.348413781069079,100.0,16.0,0.0,100.0,44
7f3aa59671c45291,gt_distance,3,3,16,False,False,False,False,0.8125,3,0,100.0,100.0,0.0,0.1875,0.8125,7.333020275952092,100.0,16.0,0.0,100.0,44
7f3aa59671c45291,old_pc,16,16,16,False,True,True,True,0.0,16,0,100.0,100.0,0.0,1.0,0.0,1.4020851753740482,100.0,16.0,0.0,100.0,44
c17be2d2a6f65008,conditional_pc,2,2,2,False,False,False,False,0.0,2,0,99.99568934397074,99.99568934397074,1.0,0.0,0.0,0.7211640697402462,99.89039616969887,,,,2
c17be2d2a6f65008,quality_only,2,2,2,False,False,False,False,0.0,2,0,99.99568934397074,99.99568934397074,1.0,0.0,0.0,0.7211640697402462,99.89039616969887,,,,2
c17be2d2a6f65008,score,1,1,16,False,False,False,False,0.9375,1,0,100.0,100.0,0.375,0.0,0.625,10.271924278739498,99.89039616969887,16.0,0.0,100.0,2
c17be2d2a6f65008,pareto,0,0,16,True,False,False,False,1.0,0,0,100.0,,0.0625,0.0,0.9375,19.975801872483704,99.89039616969887,16.0,0.0,100.0,2
c17be2d2a6f65008,gt_distance,0,0,16,True,False,False,False,1.0,0,0,98.6188553972675,,0.0,0.0625,0.9375,5.561885770211999,99.89039616969887,16.0,0.0,98.6188553972675,2
c17be2d2a6f65008,old_pc,2,2,7,False,False,False,False,0.7142857142857143,2,0,99.99876838399165,99.99568934397074,1.0,0.0,0.0,0.8284108745931887,99.89039616969887,16.0,9.0,99.99892468754416,2
f6d7cbb8505f5782,conditional_pc,16,16,16,False,True,True,True,0.0,16,0,100.0,100.0,0.0,1.0,0.0,1.2702113692905677,100.0,,,,37
f6d7cbb8505f5782,quality_only,16,16,16,False,True,True,True,0.0,16,0,100.0,100.0,0.0,1.0,0.0,1.2702113692905677,100.0,,,,37
f6d7cbb8505f5782,score,0,0,16,True,False,False,False,1.0,0,0,100.0,,0.0,0.0,1.0,12.181518092986524,100.0,16.0,0.0,100.0,37
f6d7cbb8505f5782,pareto,2,2,16,False,False,False,False,0.875,2,0,100.0,100.0,0.0625,0.0625,0.875,7.447690509502095,100.0,16.0,0.0,100.0,37
f6d7cbb8505f5782,gt_distance,2,2,16,False,False,False,False,0.875,2,0,100.0,100.0,0.0,0.125,0.875,7.558467127996028,100.0,16.0,0.0,100.0,37
f6d7cbb8505f5782,old_pc,16,16,16,False,True,True,True,0.0,16,0,100.0,100.0,0.0,1.0,0.0,1.2702113692905677,100.0,16.0,0.0,100.0,37
59b4fffb7aef599d,conditional_pc,0,0,0,True,False,False,False,1.0,0,0,,,,,,,100.0,,,,0
59b4fffb7aef599d,quality_only,0,0,0,True,False,False,False,1.0,0,0,,,,,,,100.0,,,,0
59b4fffb7aef599d,score,0,0,16,True,False,False,False,1.0,0,0,100.0,,0.0,0.0,1.0,3.163673236130525,100.0,16.0,0.0,100.0,0
59b4fffb7aef599d,pareto,0,0,16,True,False,False,False,1.0,0,0,100.0,,0.0,0.0625,0.9375,10.504536284662503,100.0,16.0,0.0,100.0,0
59b4fffb7aef599d,gt_distance,0,0,16,True,False,False,False,1.0,0,0,100.0,,0.0,0.1875,0.8125,4.808445079196347,100.0,16.0,0.0,100.0,0
59b4fffb7aef599d,old_pc,0,0,1,True,False,False,False,1.0,0,0,100.0,,0.0,1.0,0.0,1.481285178908733,100.0,16.0,15.0,100.0,0
5c722cde25ba50d9,conditional_pc,16,16,16,False,True,True,True,0.0,16,0,100.0,100.0,0.0,1.0,0.0,1.2174182239780906,100.0,,,,34
5c722cde25ba50d9,quality_only,16,16,16,False,True,True,True,0.0,16,0,100.0,100.0,0.0,1.0,0.0,1.2174182239780906,100.0,,,,34
5c722cde25ba50d9,score,0,0,16,True,False,False,False,1.0,0,0,100.0,,0.0,0.0,1.0,5.1639007946954205,100.0,16.0,0.0,100.0,34
5c722cde25ba50d9,pareto,2,2,16,False,False,False,False,0.875,2,0,100.0,100.0,0.0,0.125,0.875,16.964347978684874,100.0,16.0,0.0,100.0,34
5c722cde25ba50d9,gt_distance,2,2,16,False,False,False,False,0.875,2,0,100.0,100.0,0.0,0.125,0.875,12.434904418777824,100.0,16.0,0.0,100.0,34
5c722cde25ba50d9,old_pc,16,16,16,False,True,True,True,0.0,16,0,100.0,100.0,0.0,1.0,0.0,1.2174182239780906,100.0,16.0,0.0,100.0,34
248aeb1af182529b,conditional_pc,16,16,16,False,True,True,True,0.0,16,0,94.50340921632412,94.50340921632412,0.3125,0.6875,0.0,1.1144934501840829,94.09723516420335,,,,24
248aeb1af182529b,quality_only,16,16,16,False,True,True,True,0.0,16,0,94.50340921632412,94.50340921632412,0.3125,0.6875,0.0,1.1144934501840829,94.09723516420335,,,,24
248aeb1af182529b,score,2,2,16,False,False,False,False,0.875,2,0,94.97023711755264,94.93277656678484,0.0625,0.0625,0.875,8.88918105881196,94.09723516420335,16.0,0.0,94.97023711755264,24
248aeb1af182529b,pareto,2,2,16,False,False,False,False,0.875,2,0,94.97023711755264,94.93277656678484,0.0625,0.0625,0.875,8.88918105881196,94.09723516420335,16.0,0.0,94.97023711755264,24
248aeb1af182529b,gt_distance,4,4,16,False,True,False,False,0.75,4,0,94.9063808223042,94.87235142151754,0.0625,0.1875,0.75,5.041362691743676,94.09723516420335,16.0,0.0,94.9063808223042,24
248aeb1af182529b,old_pc,1,1,1,False,False,False,False,0.0,1,0,94.95957669108046,94.95957669108046,0.0,1.0,0.0,1.3972637196866944,94.09723516420335,16.0,15.0,94.959613988547,24
8dff3247e7415c0d,conditional_pc,0,0,0,True,False,False,False,1.0,0,0,,,,,,,0.0,,,,0
8dff3247e7415c0d,quality_only,0,0,0,True,False,False,False,1.0,0,0,,,,,,,0.0,,,,0
8dff3247e7415c0d,score,0,0,16,True,False,False,False,1.0,0,0,100.0,,0.0,0.0,1.0,4.591410329314639,0.0,16.0,0.0,100.0,0
8dff3247e7415c0d,pareto,0,0,16,True,False,False,False,1.0,0,0,100.0,,0.0,0.0,1.0,19.12045644941412,0.0,16.0,0.0,100.0,0
8dff3247e7415c0d,gt_distance,0,0,16,True,False,False,False,1.0,0,0,100.0,,0.0,0.0,1.0,12.947680031446293,0.0,16.0,0.0,100.0,0
8dff3247e7415c0d,old_pc,0,0,1,True,False,False,False,1.0,0,0,58.333333333333336,,0.0,1.0,0.0,1.203438488353884,0.0,16.0,15.0,58.333333333333336,0
df244d376fd85a93,conditional_pc,16,16,16,False,True,True,True,0.0,16,0,99.76086889401334,99.76086889401334,0.4375,0.5625,0.0,1.0661529091896371,99.26640457952789,,,,25
df244d376fd85a93,quality_only,16,16,16,False,True,True,True,0.0,16,0,99.76086889401334,99.76086889401334,0.4375,0.5625,0.0,1.0661529091896371,99.26640457952789,,,,25
df244d376fd85a93,score,5,5,16,False,True,False,False,0.6875,5,0,100.0,100.0,0.1875,0.125,0.6875,5.275208866224509,99.26640457952789,16.0,0.0,100.0,25
df244d376fd85a93,pareto,1,1,16,False,False,False,False,0.9375,1,0,100.0,100.0,0.0625,0.0,0.9375,13.329072665639876,99.26640457952789,16.0,0.0,100.0,25
df244d376fd85a93,gt_distance,0,0,16,True,False,False,False,1.0,0,0,98.5067861899746,,0.0,0.0,1.0,16.527449415716728,99.26640457952789,16.0,0.0,98.5067861899746,25
df244d376fd85a93,old_pc,5,5,5,False,True,False,False,0.0,5,0,100.0,100.0,0.6,0.4,0.0,1.0420360654652812,99.26640457952789,16.0,11.0,100.0,25
06f781885ea25f20,conditional_pc,16,16,16,False,True,True,True,0.0,16,0,96.54733369360268,96.54733369360268,0.25,0.75,0.0,1.1018726275095778,96.05816736751412,,,,21
06f781885ea25f20,quality_only,16,16,16,False,True,True,True,0.0,16,0,96.54733369360268,96.54733369360268,0.25,0.75,0.0,1.1018726275095778,96.05816736751412,,,,21
06f781885ea25f20,score,0,0,16,True,False,False,False,1.0,0,0,99.92710347887352,,0.0,0.0,1.0,24.648087769690957,96.05816736751412,16.0,0.0,99.92710347887352,21
06f781885ea25f20,pareto,0,0,16,True,False,False,False,1.0,0,0,99.92710347887352,,0.0,0.0,1.0,24.648087769690957,96.05816736751412,16.0,0.0,99.92710347887352,21
06f781885ea25f20,gt_distance,12,12,16,False,True,True,False,0.25,12,0,96.87676598037277,96.64322032127984,0.375,0.375,0.25,1.9777833706019687,96.05816736751412,16.0,0.0,96.87676598037277,21
06f781885ea25f20,old_pc,1,1,1,False,False,False,False,0.0,1,0,96.8585806856967,96.8585806856967,0.0,1.0,0.0,1.215048754360517,96.05816736751412,16.0,15.0,96.85857496245292,21
dabc9a6d5e755758,conditional_pc,16,16,16,False,True,True,True,0.0,16,0,86.97439306618814,86.97439306618814,0.0,1.0,0.0,1.5201572096548848,86.62040122614812,,,,44
dabc9a6d5e755758,quality_only,16,16,16,False,True,True,True,0.0,16,0,86.97411564667547,86.97411564667547,0.0,1.0,0.0,1.5101802114962115,86.62040122614812,,,,44
dabc9a6d5e755758,score,0,0,16,True,False,False,False,1.0,0,0,90.67902827233296,,0.0,0.0,1.0,52.681765337063496,86.62040122614812,16.0,0.0,90.67902827233296,44
dabc9a6d5e755758,pareto,0,0,16,True,False,False,False,1.0,0,0,90.67902827233296,,0.0,0.0,1.0,52.681765337063496,86.62040122614812,16.0,0.0,90.67902827233296,44
dabc9a6d5e755758,gt_distance,0,0,16,True,False,False,False,1.0,0,0,88.27419225239173,,0.0,0.0,1.0,12.193880455265594,86.62040122614812,16.0,0.0,88.27419225239173,44
dabc9a6d5e755758,old_pc,1,1,1,False,False,False,False,0.0,1,0,87.11289911701265,87.11289911701265,0.0,1.0,0.0,1.0631665531652124,86.62040122614812,16.0,15.0,87.11288401595087,44
666ee535a52a5acc,conditional_pc,16,16,16,False,True,True,True,0.0,16,0,100.0,100.0,0.125,0.875,0.0,1.236979970006255,100.0,,,,35
666ee535a52a5acc,quality_only,16,16,16,False,True,True,True,0.0,16,0,100.0,100.0,0.125,0.875,0.0,1.236979970006255,100.0,,,,35
666ee535a52a5acc,score,0,0,16,True,False,False,False,1.0,0,0,100.0,,0.0,0.0,1.0,4.31627021242846,100.0,16.0,0.0,100.0,35
666ee535a52a5acc,pareto,2,2,16,False,False,False,False,0.875,2,0,100.0,100.0,0.0625,0.0625,0.875,6.867052262401868,100.0,16.0,0.0,100.0,35
666ee535a52a5acc,gt_distance,3,3,16,False,False,False,False,0.8125,3,0,100.0,100.0,0.0625,0.125,0.8125,5.244428527135923,100.0,16.0,0.0,100.0,35
666ee535a52a5acc,old_pc,16,16,16,False,True,True,True,0.0,16,0,100.0,100.0,0.125,0.875,0.0,1.236979970006255,100.0,16.0,0.0,100.0,35
afe0ef0cd35b57f7,conditional_pc,16,16,16,False,True,True,True,0.0,16,0,89.80767092043203,89.80767092043203,0.3125,0.6875,0.0,1.077698810679092,89.52448336906237,,,,19
afe0ef0cd35b57f7,quality_only,16,16,16,False,True,True,True,0.0,16,0,89.80767092043202,89.80767092043202,0.3125,0.6875,0.0,1.077698810679092,89.52448336906237,,,,19
afe0ef0cd35b57f7,score,0,0,16,True,False,False,False,1.0,0,0,93.9117106656679,,0.0,0.0,1.0,23.6925322110729,89.52448336906237,16.0,0.0,93.9117106656679,19
afe0ef0cd35b57f7,pareto,0,0,16,True,False,False,False,1.0,0,0,93.9117106656679,,0.0,0.0,1.0,23.6925322110729,89.52448336906237,16.0,0.0,93.9117106656679,19
afe0ef0cd35b57f7,gt_distance,8,8,16,False,True,True,False,0.5,8,0,89.87409988068089,89.72834106235305,0.25,0.3125,0.4375,2.998696189667496,89.52448336906237,16.0,0.0,89.87409988068089,19
afe0ef0cd35b57f7,old_pc,1,1,1,False,False,False,False,0.0,1,0,89.93583466256149,89.93583466256149,0.0,1.0,0.0,1.333931004561222,89.52448336906237,16.0,15.0,89.93580002639882,19
b7d4e7ebc5c75968,conditional_pc,16,16,16,False,True,True,True,0.0,16,0,90.06654922490371,90.06654922490371,0.5625,0.4375,0.0,1.0323329913046315,89.85455868137134,,,,21
b7d4e7ebc5c75968,quality_only,16,16,16,False,True,True,True,0.0,16,0,90.06654922490371,90.06654922490371,0.5625,0.4375,0.0,1.0323329913046315,89.85455868137134,,,,21
b7d4e7ebc5c75968,score,0,0,16,True,False,False,False,1.0,0,0,93.03930032782634,,0.0,0.0,1.0,29.5902892866352,89.85455868137134,16.0,0.0,93.03930032782634,21
b7d4e7ebc5c75968,pareto,0,0,16,True,False,False,False,1.0,0,0,93.03930032782634,,0.0,0.0,1.0,29.5902892866352,89.85455868137134,16.0,0.0,93.03930032782634,21
b7d4e7ebc5c75968,gt_distance,0,0,16,True,False,False,False,1.0,0,0,91.31034684511484,,0.0,0.0,1.0,10.045452471306447,89.85455868137134,16.0,0.0,91.31034684511484,21
b7d4e7ebc5c75968,old_pc,1,1,1,False,False,False,False,0.0,1,0,90.3518733951784,90.3518733951784,0.0,1.0,0.0,1.0910863778716715,89.85455868137134,16.0,15.0,90.3518405579719,21
bc5eb52653bc5031,conditional_pc,16,16,16,False,True,True,True,0.0,16,0,86.51671349596751,86.51671349596751,0.375,0.625,0.0,1.057293929803375,85.47559670303761,,,,26
bc5eb52653bc5031,quality_only,16,16,16,False,True,True,True,0.0,16,0,86.51671349596751,86.51671349596751,0.375,0.625,0.0,1.057293929803375,85.47559670303761,,,,26
bc5eb52653bc5031,score,0,0,16,True,False,False,False,1.0,0,0,99.13510008651328,,0.0,0.0,1.0,23.118551655796598,85.47559670303761,16.0,0.0,99.13510008651328,26
bc5eb52653bc5031,pareto,0,0,16,True,False,False,False,1.0,0,0,99.13510008651328,,0.0,0.0,1.0,23.118551655796598,85.47559670303761,16.0,0.0,99.13510008651328,26
bc5eb52653bc5031,gt_distance,0,0,16,True,False,False,False,1.0,0,0,97.5047957765347,,0.0,0.0,1.0,20.53478998727262,85.47559670303761,16.0,0.0,97.5047957765347,26
bc5eb52653bc5031,old_pc,1,1,1,False,False,False,False,0.0,1,0,87.54636386644556,87.54636386644556,0.0,1.0,0.0,1.1166208068170638,85.47559670303761,16.0,15.0,87.54821986152007,26
6793006a7d995092,conditional_pc,16,16,16,False,True,True,True,0.0,16,0,100.0,100.0,0.0,1.0,0.0,1.1486576822309846,100.0,,,,33
6793006a7d995092,quality_only,16,16,16,False,True,True,True,0.0,16,0,100.0,100.0,0.0,1.0,0.0,1.1486576822309846,100.0,,,,33
6793006a7d995092,score,0,0,16,True,False,False,False,1.0,0,0,100.0,,0.0,0.0,1.0,4.810365453169967,100.0,16.0,0.0,100.0,33
6793006a7d995092,pareto,2,2,16,False,False,False,False,0.875,2,0,100.0,100.0,0.0,0.125,0.875,8.935288360407531,100.0,16.0,0.0,100.0,33
6793006a7d995092,gt_distance,3,3,16,False,False,False,False,0.8125,3,0,100.0,100.0,0.0,0.1875,0.8125,5.899336063316402,100.0,16.0,0.0,100.0,33
6793006a7d995092,old_pc,16,16,16,False,True,True,True,0.0,16,0,100.0,100.0,0.0,1.0,0.0,1.1486576822309846,100.0,16.0,0.0,100.0,33
9e7acfb214dd58eb,conditional_pc,16,16,16,False,True,True,True,0.0,16,0,100.0,100.0,0.0,1.0,0.0,1.1707322592025085,100.0,,,,31
9e7acfb214dd58eb,quality_only,16,16,16,False,True,True,True,0.0,16,0,100.0,100.0,0.0,1.0,0.0,1.1707322592025085,100.0,,,,31
9e7acfb214dd58eb,score,0,0,16,True,False,False,False,1.0,0,0,100.0,,0.0,0.0,1.0,37.48584361242215,100.0,16.0,0.0,100.0,31
9e7acfb214dd58eb,pareto,1,1,16,False,False,False,False,0.9375,1,0,100.0,100.0,0.0,0.0625,0.9375,21.448638460908825,100.0,16.0,0.0,100.0,31
9e7acfb214dd58eb,gt_distance,0,0,16,True,False,False,False,1.0,0,0,100.0,,0.0,0.0,1.0,34.82516591211189,100.0,16.0,0.0,100.0,31
9e7acfb214dd58eb,old_pc,16,16,16,False,True,True,True,0.0,16,0,100.0,100.0,0.0,1.0,0.0,1.1707322592025085,100.0,16.0,0.0,100.0,31
6cda2f0cbda156bd,conditional_pc,16,16,16,False,True,True,True,0.0,16,0,88.3196349921707,88.3196349921707,0.4375,0.5625,0.0,1.0436964216160771,86.8684926918127,,,,23
6cda2f0cbda156bd,quality_only,16,16,16,False,True,True,True,0.0,16,0,88.3196349921707,88.3196349921707,0.4375,0.5625,0.0,1.0436964216160771,86.8684926918127,,,,23
6cda2f0cbda156bd,score,0,0,16,True,False,False,False,1.0,0,0,99.86379814731596,,0.0,0.0,1.0,20.91574378142224,86.8684926918127,16.0,0.0,99.86379814731596,23
6cda2f0cbda156bd,pareto,0,0,16,True,False,False,False,1.0,0,0,99.86379814731596,,0.0,0.0,1.0,20.91574378142224,86.8684926918127,16.0,0.0,99.86379814731596,23
6cda2f0cbda156bd,gt_distance,11,11,16,False,True,True,False,0.3125,11,0,90.02294344246822,89.27383614725002,0.5,0.1875,0.3125,1.917737113870173,86.8684926918127,16.0,0.0,90.02294344246822,23
6cda2f0cbda156bd,old_pc,1,1,1,False,False,False,False,0.0,1,0,89.4300790644313,89.4300790644313,0.0,1.0,0.0,1.290099159574173,86.8684926918127,16.0,15.0,89.43025725073392,23
beea15c8657d59a2,conditional_pc,16,16,16,False,True,True,True,0.0,16,0,88.37661099079375,88.37661099079375,0.25,0.75,0.0,1.0966827929613228,87.98456584107123,,,,29
beea15c8657d59a2,quality_only,16,16,16,False,True,True,True,0.0,16,0,88.37661099079375,88.37661099079375,0.25,0.75,0.0,1.0966827929613228,87.98456584107123,,,,29
beea15c8657d59a2,score,0,0,16,True,False,False,False,1.0,0,0,91.16579518459798,,0.0,0.0,1.0,17.157093254740943,87.98456584107123,16.0,0.0,91.16579518459798,29
beea15c8657d59a2,pareto,0,0,16,True,False,False,False,1.0,0,0,91.1271472240612,,0.0,0.0,1.0,16.4000705759804,87.98456584107123,16.0,0.0,91.1271472240612,29
beea15c8657d59a2,gt_distance,7,7,16,False,True,False,False,0.5625,7,0,89.00626309316539,88.60398892158452,0.1875,0.25,0.5625,2.981730320043988,87.98456584107123,16.0,0.0,89.00626309316539,29
beea15c8657d59a2,old_pc,1,1,1,False,False,False,False,0.0,1,0,88.85891212108919,88.85891212108919,0.0,1.0,0.0,1.0223538019291745,87.98456584107123,16.0,15.0,88.85934264573791,29
1971c4278e675b9d,conditional_pc,16,16,16,False,True,True,True,0.0,16,0,97.49305936714896,97.49305936714896,0.4375,0.5625,0.0,1.0822621675691009,96.9801090190157,,,,25
1971c4278e675b9d,quality_only,16,16,16,False,True,True,True,0.0,16,0,97.49305936714896,97.49305936714896,0.4375,0.5625,0.0,1.0822621675691009,96.9801090190157,,,,25
1971c4278e675b9d,score,0,0,16,True,False,False,False,1.0,0,0,100.0,,0.0,0.0,1.0,10.347195303326025,96.9801090190157,16.0,0.0,100.0,25
1971c4278e675b9d,pareto,0,0,16,True,False,False,False,1.0,0,0,100.0,,0.0,0.0,1.0,11.25200078088342,96.9801090190157,16.0,0.0,100.0,25
1971c4278e675b9d,gt_distance,0,0,16,True,False,False,False,1.0,0,0,100.0,,0.0,0.0,1.0,11.25200078088342,96.9801090190157,16.0,0.0,100.0,25
1971c4278e675b9d,old_pc,1,1,1,False,False,False,False,0.0,1,0,98.26156417764363,98.26156417764363,0.0,1.0,0.0,1.224540077926338,96.9801090190157,16.0,15.0,98.26169020056868,25
c7009bf1a2025be7,conditional_pc,16,16,16,False,True,True,True,0.0,16,0,97.20028714020133,97.20028714020133,0.0,1.0,0.0,1.1113318120382805,97.00862711452312,,,,25
c7009bf1a2025be7,quality_only,16,16,16,False,True,True,True,0.0,16,0,97.20028714020133,97.20028714020133,0.0,1.0,0.0,1.1113318120382805,97.00862711452312,,,,25
c7009bf1a2025be7,score,0,0,16,True,False,False,False,1.0,0,0,98.22075474104076,,0.0,0.0,1.0,12.371798892342287,97.00862711452312,16.0,0.0,98.22075474104076,25
c7009bf1a2025be7,pareto,0,0,16,True,False,False,False,1.0,0,0,98.22075474104076,,0.0,0.0,1.0,12.371798892342287,97.00862711452312,16.0,0.0,98.22075474104076,25
c7009bf1a2025be7,gt_distance,16,16,16,False,True,True,True,0.0,16,0,97.25856232805585,97.25856232805585,0.375,0.625,0.0,1.026526301633927,97.00862711452312,16.0,0.0,97.25856232805585,25
c7009bf1a2025be7,old_pc,1,1,1,False,False,False,False,0.0,1,0,97.48483277983372,97.48483277983372,0.0,1.0,0.0,1.0287658261003296,97.00862711452312,16.0,15.0,97.48476448912322,25
c37c94fa634f5265,conditional_pc,16,16,16,False,True,True,True,0.0,16,0,89.30879164888346,89.30879164888346,0.25,0.75,0.0,1.067450414750169,88.89966730010474,,,,18
c37c94fa634f5265,quality_only,16,16,16,False,True,True,True,0.0,16,0,89.30879164888346,89.30879164888346,0.25,0.75,0.0,1.067450414750169,88.89966730010474,,,,18
c37c94fa634f5265,score,0,0,16,True,False,False,False,1.0,0,0,94.57680199438484,,0.0,0.0,1.0,28.071391678064355,88.89966730010474,16.0,0.0,94.57680199438484,18
c37c94fa634f5265,pareto,0,0,16,True,False,False,False,1.0,0,0,94.57680199438484,,0.0,0.0,1.0,28.071391678064355,88.89966730010474,16.0,0.0,94.57680199438484,18
c37c94fa634f5265,gt_distance,0,0,16,True,False,False,False,1.0,0,0,92.1281007752279,,0.0,0.0,1.0,23.613261767463804,88.89966730010474,16.0,0.0,92.1281007752279,18
c37c94fa634f5265,old_pc,1,1,1,False,False,False,False,0.0,1,0,89.87151069309803,89.87151069309803,0.0,1.0,0.0,1.0216948414844251,88.89966730010474,16.0,15.0,89.87140859214942,18
caaf3bef91ac58a3,conditional_pc,16,16,16,False,True,True,True,0.0,16,0,99.57054431200912,99.57054431200912,0.4375,0.5625,0.0,0.9974326394327344,99.21726533009542,,,,16
caaf3bef91ac58a3,quality_only,16,16,16,False,True,True,True,0.0,16,0,99.57054431200912,99.57054431200912,0.4375,0.5625,0.0,0.9974326394327344,99.21726533009542,,,,16
caaf3bef91ac58a3,score,1,1,16,False,False,False,False,0.9375,1,0,100.0,100.0,0.0,0.0625,0.9375,10.655799015386169,99.21726533009542,16.0,0.0,100.0,16
caaf3bef91ac58a3,pareto,1,1,16,False,False,False,False,0.9375,1,0,100.0,100.0,0.0,0.0625,0.9375,12.187579682927538,99.21726533009542,16.0,0.0,100.0,16
caaf3bef91ac58a3,gt_distance,1,1,16,False,False,False,False,0.9375,1,0,100.0,100.0,0.0,0.0625,0.9375,4.716309148040841,99.21726533009542,16.0,0.0,100.0,16
caaf3bef91ac58a3,old_pc,2,2,2,False,False,False,False,0.0,2,0,99.98823817134652,99.98823817134652,0.5,0.5,0.0,0.9873907464344016,99.21726533009542,16.0,14.0,99.98697927322354,16
89c4479f74c05538,conditional_pc,16,16,16,False,True,True,True,0.0,16,0,100.0,100.0,0.0,1.0,0.0,1.1863161857277529,100.0,,,,54
89c4479f74c05538,quality_only,16,16,16,False,True,True,True,0.0,16,0,100.0,100.0,0.0,1.0,0.0,1.1863161857277529,100.0,,,,54
89c4479f74c05538,score,11,11,16,False,True,True,False,0.3125,11,0,100.0,100.0,0.1875,0.5,0.3125,1.3356563189088329,100.0,16.0,0.0,100.0,54
89c4479f74c05538,pareto,3,3,16,False,False,False,False,0.8125,3,0,100.0,100.0,0.0,0.1875,0.8125,5.157918845952582,100.0,16.0,0.0,100.0,54
89c4479f74c05538,gt_distance,3,3,16,False,False,False,False,0.8125,3,0,100.0,100.0,0.0,0.1875,0.8125,5.157918845952582,100.0,16.0,0.0,100.0,54
89c4479f74c05538,old_pc,16,16,16,False,True,True,True,0.0,16,0,100.0,100.0,0.0,1.0,0.0,1.1863161857277529,100.0,16.0,0.0,100.0,54
7f35bb1a29c1549f,conditional_pc,16,16,16,False,True,True,True,0.0,16,0,100.0,100.0,0.0,1.0,0.0,1.1516300938175217,100.0,,,,30
7f35bb1a29c1549f,quality_only,16,16,16,False,True,True,True,0.0,16,0,100.0,100.0,0.0,1.0,0.0,1.1516300938175217,100.0,,,,30
7f35bb1a29c1549f,score,0,0,16,True,False,False,False,1.0,0,0,100.0,,0.0,0.0,1.0,4.7765466932433736,100.0,16.0,0.0,100.0,30
7f35bb1a29c1549f,pareto,3,3,16,False,False,False,False,0.8125,3,0,100.0,100.0,0.0,0.1875,0.8125,5.801792309550089,100.0,16.0,0.0,100.0,30
7f35bb1a29c1549f,gt_distance,3,3,16,False,False,False,False,0.8125,3,0,100.0,100.0,0.0,0.1875,0.8125,5.801792309550089,100.0,16.0,0.0,100.0,30
7f35bb1a29c1549f,old_pc,16,16,16,False,True,True,True,0.0,16,0,100.0,100.0,0.0,1.0,0.0,1.1516300938175217,100.0,16.0,0.0,100.0,30
b46befc3e5a756ec,conditional_pc,16,16,16,False,True,True,True,0.0,16,0,90.24771753150246,90.24771753150246,0.1875,0.8125,0.0,1.1426682464611368,89.38133588169651,,,,21
b46befc3e5a756ec,quality_only,16,16,16,False,True,True,True,0.0,16,0,90.24771753150246,90.24771753150246,0.1875,0.8125,0.0,1.1426682464611368,89.38133588169651,,,,21
b46befc3e5a756ec,score,6,6,16,False,True,False,False,0.625,6,0,90.65750756468462,90.65777239431644,0.0,0.375,0.625,4.457876274862857,89.38133588169651,16.0,0.0,90.65750756468462,21
b46befc3e5a756ec,pareto,6,6,16,False,True,False,False,0.625,6,0,90.65750756468462,90.65777239431644,0.0,0.375,0.625,4.457876274862857,89.38133588169651,16.0,0.0,90.65750756468462,21
b46befc3e5a756ec,gt_distance,6,6,16,False,True,False,False,0.625,6,0,90.65750756468462,90.65777239431644,0.0,0.375,0.625,4.457876274862857,89.38133588169651,16.0,0.0,90.65750756468462,21
b46befc3e5a756ec,old_pc,1,1,1,False,False,False,False,0.0,1,0,90.97572777600016,90.97572777600016,0.0,1.0,0.0,1.1219780980136165,89.38133588169651,16.0,15.0,90.97602519429742,21
f06dec0352685bd7,conditional_pc,16,16,16,False,True,True,True,0.0,16,0,87.09117142300427,87.09117142300427,0.6875,0.3125,0.0,1.0064092250173635,86.17816127856051,,,,24
f06dec0352685bd7,quality_only,16,16,16,False,True,True,True,0.0,16,0,87.09117142300427,87.09117142300427,0.6875,0.3125,0.0,1.0064092250173635,86.17816127856051,,,,24
f06dec0352685bd7,score,0,0,16,True,False,False,False,1.0,0,0,93.35534598506096,,0.0,0.0,1.0,20.576303066758744,86.17816127856051,16.0,0.0,93.35534598506096,24
f06dec0352685bd7,pareto,0,0,16,True,False,False,False,1.0,0,0,93.35534598506096,,0.0,0.0,1.0,20.576303066758744,86.17816127856051,16.0,0.0,93.35534598506096,24
f06dec0352685bd7,gt_distance,0,0,16,True,False,False,False,1.0,0,0,90.46813165845418,,0.0,0.0,1.0,6.893834089626947,86.17816127856051,16.0,0.0,90.46813165845418,24
f06dec0352685bd7,old_pc,1,1,1,False,False,False,False,0.0,1,0,88.03614806059551,88.03614806059551,0.0,1.0,0.0,1.3787476876211484,86.17816127856051,16.0,15.0,88.03656699215206,24
9956d04c0d275e7d,conditional_pc,16,16,16,False,True,True,True,0.0,16,0,100.0,100.0,0.0,1.0,0.0,1.3226326658279248,100.0,,,,41
9956d04c0d275e7d,quality_only,16,16,16,False,True,True,True,0.0,16,0,100.0,100.0,0.0,1.0,0.0,1.3226326658279248,100.0,,,,41
9956d04c0d275e7d,score,2,2,16,False,False,False,False,0.875,2,0,100.0,100.0,0.0,0.125,0.875,2.456419223555786,100.0,16.0,0.0,100.0,41
9956d04c0d275e7d,pareto,1,1,16,False,False,False,False,0.9375,1,0,100.0,100.0,0.0,0.0625,0.9375,11.41807773129596,100.0,16.0,0.0,100.0,41
9956d04c0d275e7d,gt_distance,2,2,16,False,False,False,False,0.875,2,0,100.0,100.0,0.0,0.125,0.875,4.713503747422285,100.0,16.0,0.0,100.0,41
9956d04c0d275e7d,old_pc,16,16,16,False,True,True,True,0.0,16,0,100.0,100.0,0.0,1.0,0.0,1.3226326658279248,100.0,16.0,0.0,100.0,41
edb7e230c20f542a,conditional_pc,0,0,1,True,False,False,False,1.0,0,1,85.31141231109063,,0.0,1.0,0.0,1.1355182109177893,86.20674990594145,,,,0
edb7e230c20f542a,quality_only,0,0,1,True,False,False,False,1.0,0,1,85.31141231109063,,0.0,1.0,0.0,1.1355182109177893,86.20674990594145,,,,0
edb7e230c20f542a,score,0,0,16,True,False,False,False,1.0,0,0,89.4888617602412,,0.0625,0.25,0.6875,2.45554834789608,86.20674990594145,16.0,0.0,89.4888617602412,0
edb7e230c20f542a,pareto,0,0,16,True,False,False,False,1.0,0,0,89.4888617602412,,0.0625,0.25,0.6875,2.45554834789608,86.20674990594145,16.0,0.0,89.4888617602412,0
edb7e230c20f542a,gt_distance,0,0,16,True,False,False,False,1.0,0,0,89.4888617602412,,0.0625,0.25,0.6875,2.45554834789608,86.20674990594145,16.0,0.0,89.4888617602412,0
edb7e230c20f542a,old_pc,0,0,1,True,False,False,False,1.0,0,0,89.30573904590634,,0.0,1.0,0.0,1.0923435161456194,86.20674990594145,16.0,15.0,89.30631928679439,0
bbe9d736a2595720,conditional_pc,16,16,16,False,True,True,True,0.0,16,0,92.27284323890738,92.27284323890738,0.1875,0.8125,0.0,1.12039533505072,90.91653625833167,,,,23
bbe9d736a2595720,quality_only,16,16,16,False,True,True,True,0.0,16,0,92.27284323890738,92.27284323890738,0.1875,0.8125,0.0,1.12039533505072,90.91653625833167,,,,23
bbe9d736a2595720,score,0,0,16,True,False,False,False,1.0,0,0,100.0,,0.0,0.0,1.0,14.40619858506238,90.91653625833167,16.0,0.0,100.0,23
bbe9d736a2595720,pareto,0,0,16,True,False,False,False,1.0,0,0,100.0,,0.0,0.0,1.0,14.671010072246652,90.91653625833167,16.0,0.0,100.0,23
bbe9d736a2595720,gt_distance,0,0,16,True,False,False,False,1.0,0,0,100.0,,0.0,0.0,1.0,14.671010072246652,90.91653625833167,16.0,0.0,100.0,23
bbe9d736a2595720,old_pc,1,1,1,False,False,False,False,0.0,1,0,93.52748845747264,93.52748845747264,0.0,1.0,0.0,1.1291807126275015,90.91653625833167,16.0,15.0,93.5290621771411,23
8f7d5b80e1f85c3c,conditional_pc,16,16,16,False,True,True,True,0.0,16,0,87.99524451704998,87.99524451704998,0.25,0.75,0.0,1.099761748718152,87.63386284297732,,,,25
8f7d5b80e1f85c3c,quality_only,16,16,16,False,True,True,True,0.0,16,0,87.99524451704998,87.99524451704998,0.25,0.75,0.0,1.099761748718152,87.63386284297732,,,,25
8f7d5b80e1f85c3c,score,0,0,16,True,False,False,False,1.0,0,0,100.0,,0.0,0.0,1.0,10.112625471260934,87.63386284297732,16.0,0.0,100.0,25
8f7d5b80e1f85c3c,pareto,0,0,16,True,False,False,False,1.0,0,0,100.0,,0.0,0.0,1.0,9.695395436319547,87.63386284297732,16.0,0.0,100.0,25
8f7d5b80e1f85c3c,gt_distance,12,12,16,False,True,True,False,0.25,12,0,87.95505568526524,87.81664876478082,0.5625,0.1875,0.25,1.4946481864888057,87.63386284297732,16.0,0.0,87.95505568526524,25
8f7d5b80e1f85c3c,old_pc,1,1,1,False,False,False,False,0.0,1,0,88.34172898968626,88.34172898968626,0.0,1.0,0.0,1.118407471027847,87.63386284297732,16.0,15.0,88.34172226909668,25
3c9433a90ab05621,conditional_pc,16,16,16,False,True,True,True,0.0,16,0,100.0,100.0,0.375,0.625,0.0,1.1229080013896369,100.0,,,,29
3c9433a90ab05621,quality_only,16,16,16,False,True,True,True,0.0,16,0,100.0,100.0,0.375,0.625,0.0,1.1229080013896369,100.0,,,,29
3c9433a90ab05621,score,15,15,16,False,True,True,False,0.0625,15,0,100.0,100.0,0.625,0.3125,0.0625,0.9202565054709206,100.0,16.0,0.0,100.0,29
3c9433a90ab05621,pareto,7,7,16,False,True,False,False,0.5625,7,0,100.0,100.0,0.1875,0.25,0.5625,3.053394730554146,100.0,16.0,0.0,100.0,29
3c9433a90ab05621,gt_distance,8,8,16,False,True,True,False,0.5,8,0,100.0,100.0,0.25,0.25,0.5,1.998073362695904,100.0,16.0,0.0,100.0,29
3c9433a90ab05621,old_pc,16,16,16,False,True,True,True,0.0,16,0,100.0,100.0,0.375,0.625,0.0,1.1229080013896369,100.0,16.0,0.0,100.0,29
b37c26e5cdf853d5,conditional_pc,16,16,16,False,True,True,True,0.0,16,0,100.0,100.0,0.0,1.0,0.0,1.262037140288792,100.0,,,,34
b37c26e5cdf853d5,quality_only,16,16,16,False,True,True,True,0.0,16,0,100.0,100.0,0.0,1.0,0.0,1.262037140288792,100.0,,,,34
b37c26e5cdf853d5,score,0,0,16,True,False,False,False,1.0,0,0,100.0,,0.0,0.0,1.0,7.324864725418842,100.0,16.0,0.0,100.0,34
b37c26e5cdf853d5,pareto,2,2,16,False,False,False,False,0.875,2,0,100.0,100.0,0.0625,0.0625,0.875,6.07466193705023,100.0,16.0,0.0,100.0,34
b37c26e5cdf853d5,gt_distance,2,2,16,False,False,False,False,0.875,2,0,100.0,100.0,0.0625,0.0625,0.875,5.9928817064021125,100.0,16.0,0.0,100.0,34
b37c26e5cdf853d5,old_pc,16,16,16,False,True,True,True,0.0,16,0,100.0,100.0,0.0,1.0,0.0,1.262037140288792,100.0,16.0,0.0,100.0,34
6dfe97d2aff95bf6,conditional_pc,16,16,16,False,True,True,True,0.0,16,0,98.8065871509781,98.8065871509781,0.25,0.75,0.0,1.1910669853273217,98.26202585280652,,,,26
6dfe97d2aff95bf6,quality_only,16,16,16,False,True,True,True,0.0,16,0,98.8065871509781,98.8065871509781,0.25,0.75,0.0,1.1910669853273217,98.26202585280652,,,,26
6dfe97d2aff95bf6,score,9,9,16,False,True,True,False,0.4375,9,0,99.31496778272844,99.3042251100331,0.5,0.0625,0.4375,2.2847401353824366,98.26202585280652,16.0,0.0,99.31496778272844,26
6dfe97d2aff95bf6,pareto,9,9,16,False,True,True,False,0.4375,9,0,99.31496778272844,99.3042251100331,0.5,0.0625,0.4375,2.2847401353824366,98.26202585280652,16.0,0.0,99.31496778272844,26
6dfe97d2aff95bf6,gt_distance,16,16,16,False,True,True,True,0.0,16,0,98.72923751306958,98.72923751306958,0.5,0.5,0.0,1.054387784528064,98.26202585280652,16.0,0.0,98.72923751306958,26
6dfe97d2aff95bf6,old_pc,1,1,1,False,False,False,False,0.0,1,0,99.63243024306804,99.63243024306804,0.0,1.0,0.0,1.2156694360711169,98.26202585280652,16.0,15.0,99.63245477972458,26
9e66bc21c0d4507d,conditional_pc,16,16,16,False,True,True,True,0.0,16,0,100.0,100.0,0.0,1.0,0.0,1.1919653599053506,100.0,,,,29
9e66bc21c0d4507d,quality_only,16,16,16,False,True,True,True,0.0,16,0,100.0,100.0,0.0,1.0,0.0,1.1919653599053506,100.0,,,,29
9e66bc21c0d4507d,score,0,0,16,True,False,False,False,1.0,0,0,100.0,,0.0,0.0,1.0,3.983196841992263,100.0,16.0,0.0,100.0,29
9e66bc21c0d4507d,pareto,2,2,16,False,False,False,False,0.875,2,0,100.0,100.0,0.0,0.125,0.875,8.84010689922388,100.0,16.0,0.0,100.0,29
9e66bc21c0d4507d,gt_distance,2,2,16,False,False,False,False,0.875,2,0,100.0,100.0,0.0,0.125,0.875,8.84010689922388,100.0,16.0,0.0,100.0,29
9e66bc21c0d4507d,old_pc,16,16,16,False,True,True,True,0.0,16,0,100.0,100.0,0.0,1.0,0.0,1.1919653599053506,100.0,16.0,0.0,100.0,29
121fdf5f01785268,conditional_pc,16,16,16,False,True,True,True,0.0,16,0,76.22526426364962,76.22526426364962,0.125,0.875,0.0,1.2202449898322247,74.5952175191949,,,,22
121fdf5f01785268,quality_only,16,16,16,False,True,True,True,0.0,16,0,76.22526426364962,76.22526426364962,0.125,0.875,0.0,1.2202449898322247,74.5952175191949,,,,22
121fdf5f01785268,score,0,0,16,True,False,False,False,1.0,0,0,82.15952290936475,,0.0,0.0,1.0,12.787137414734882,74.5952175191949,16.0,0.0,82.15952290936475,22
121fdf5f01785268,pareto,0,0,16,True,False,False,False,1.0,0,0,82.15952290936475,,0.0,0.0,1.0,12.787137414734882,74.5952175191949,16.0,0.0,82.15952290936475,22
121fdf5f01785268,gt_distance,0,0,16,True,False,False,False,1.0,0,0,82.15952290936475,,0.0,0.0,1.0,12.787137414734882,74.5952175191949,16.0,0.0,82.15952290936475,22
121fdf5f01785268,old_pc,1,1,1,False,False,False,False,0.0,1,0,77.57291942101729,77.57291942101729,0.0,1.0,0.0,1.3722726914749024,74.5952175191949,16.0,15.0,77.57437073545688,22
9349bacb4a225ae3,conditional_pc,16,16,16,False,True,True,True,0.0,16,0,85.51580464072678,85.51580464072678,0.0,1.0,0.0,1.2229063798648938,85.17610830446328,,,,30
9349bacb4a225ae3,quality_only,16,16,16,False,True,True,True,0.0,16,0,85.51580464072678,85.51580464072678,0.0,1.0,0.0,1.2229063798648938,85.17610830446328,,,,30
9349bacb4a225ae3,score,0,0,16,True,False,False,False,1.0,0,0,88.97233325266205,,0.0,0.0,1.0,36.04844029128765,85.17610830446328,16.0,0.0,88.97233325266205,30
9349bacb4a225ae3,pareto,0,0,16,True,False,False,False,1.0,0,0,88.97233325266205,,0.0,0.0,1.0,36.04844029128765,85.17610830446328,16.0,0.0,88.97233325266205,30
9349bacb4a225ae3,gt_distance,0,0,16,True,False,False,False,1.0,0,0,87.52563860172553,,0.0,0.0,1.0,14.386587802809553,85.17610830446328,16.0,0.0,87.52563860172553,30
9349bacb4a225ae3,old_pc,1,1,1,False,False,False,False,0.0,1,0,85.87285732545831,85.87285732545831,0.0,1.0,0.0,1.0995714352327517,85.17610830446328,16.0,15.0,85.87283042315961,30
704c2533b66353b5,conditional_pc,16,16,16,False,True,True,True,0.0,16,0,96.52057131230605,96.52057131230605,0.5,0.5,0.0,1.0377681797502147,96.29970891804508,,,,23
704c2533b66353b5,quality_only,16,16,16,False,True,True,True,0.0,16,0,96.52057131230605,96.52057131230605,0.5,0.5,0.0,1.0377681797502147,96.29970891804508,,,,23
704c2533b66353b5,score,0,0,16,True,False,False,False,1.0,0,0,99.55414868215522,,0.0,0.0,1.0,30.804975693808263,96.29970891804508,16.0,0.0,99.55414868215522,23
704c2533b66353b5,pareto,0,0,16,True,False,False,False,1.0,0,0,99.55414868215522,,0.0,0.0,1.0,30.804975693808263,96.29970891804508,16.0,0.0,99.55414868215522,23
704c2533b66353b5,gt_distance,0,0,16,True,False,False,False,1.0,0,0,97.47868536322255,,0.0,0.0,1.0,9.741207885075308,96.29970891804508,16.0,0.0,97.47868536322255,23
704c2533b66353b5,old_pc,1,1,1,False,False,False,False,0.0,1,0,96.73355305581394,96.73355305581394,0.0,1.0,0.0,1.0511329517802983,96.29970891804508,16.0,15.0,96.73353336333936,23
4ffc3aacc76d5d43,conditional_pc,16,16,16,False,True,True,True,0.0,16,0,98.08153169223569,98.08153169223569,0.375,0.625,0.0,1.0969459884518524,96.86843086456577,,,,25
4ffc3aacc76d5d43,quality_only,16,16,16,False,True,True,True,0.0,16,0,98.08153169223569,98.08153169223569,0.375,0.625,0.0,1.0969459884518524,96.86843086456577,,,,25
4ffc3aacc76d5d43,score,0,0,16,True,False,False,False,1.0,0,0,100.0,,0.0,0.0,1.0,18.59416961719148,96.86843086456577,16.0,0.0,100.0,25
4ffc3aacc76d5d43,pareto,0,0,16,True,False,False,False,1.0,0,0,100.0,,0.0,0.0,1.0,18.841347427139382,96.86843086456577,16.0,0.0,100.0,25
4ffc3aacc76d5d43,gt_distance,0,0,16,True,False,False,False,1.0,0,0,100.0,,0.0,0.0,1.0,16.33737923327933,96.86843086456577,16.0,0.0,100.0,25
4ffc3aacc76d5d43,old_pc,1,1,1,False,False,False,False,0.0,1,0,99.01235420334189,99.01235420334189,0.0,1.0,0.0,1.1369310613753585,96.86843086456577,16.0,15.0,99.01232957907465,25
ea808fbdaf2a5375,conditional_pc,16,16,16,False,True,True,True,0.0,16,0,100.0,100.0,0.25,0.75,0.0,1.1617013873076476,100.0,,,,31
ea808fbdaf2a5375,quality_only,16,16,16,False,True,True,True,0.0,16,0,100.0,100.0,0.25,0.75,0.0,1.1617013873076476,100.0,,,,31
ea808fbdaf2a5375,score,0,0,16,True,False,False,False,1.0,0,0,100.0,,0.0,0.0,1.0,4.43283059321827,100.0,16.0,0.0,100.0,31
ea808fbdaf2a5375,pareto,3,3,16,False,False,False,False,0.8125,3,0,100.0,100.0,0.125,0.0625,0.8125,5.602543886982783,100.0,16.0,0.0,100.0,31
ea808fbdaf2a5375,gt_distance,3,3,16,False,False,False,False,0.8125,3,0,100.0,100.0,0.0,0.1875,0.8125,4.232001131769324,100.0,16.0,0.0,100.0,31
ea808fbdaf2a5375,old_pc,16,16,16,False,True,True,True,0.0,16,0,100.0,100.0,0.25,0.75,0.0,1.1617013873076476,100.0,16.0,0.0,100.0,31
e47dc9b07dd857a3,conditional_pc,2,2,2,False,False,False,False,0.0,2,0,97.31070432806663,97.31070432806663,0.0,1.0,0.0,1.4590700501041525,0.0,,,,2
e47dc9b07dd857a3,quality_only,2,2,2,False,False,False,False,0.0,2,0,97.31070432806663,97.31070432806663,0.0,1.0,0.0,1.4590700501041525,0.0,,,,2
e47dc9b07dd857a3,score,0,0,16,True,False,False,False,1.0,0,0,99.96086331023332,,0.0,0.0,1.0,13.028275808862354,0.0,16.0,0.0,99.96086331023332,2
e47dc9b07dd857a3,pareto,0,0,16,True,False,False,False,1.0,0,0,99.96086331023332,,0.0,0.0,1.0,13.028275808862354,0.0,16.0,0.0,99.96086331023332,2
e47dc9b07dd857a3,gt_distance,1,1,16,False,False,False,False,0.9375,1,0,96.20845227690032,97.1698729226262,0.0,0.0625,0.9375,4.253168023470392,0.0,16.0,0.0,96.20845227690032,2
e47dc9b07dd857a3,old_pc,1,1,1,False,False,False,False,0.0,1,0,97.45153573350706,97.45153573350706,0.0,1.0,0.0,1.4502669734286704,0.0,16.0,15.0,97.4515689173452,2
0d38caf0c7c650e8,conditional_pc,16,16,16,False,True,True,True,0.0,16,0,87.3714492390373,87.3714492390373,0.0,1.0,0.0,1.380187016194521,86.35700802273585,,,,29
0d38caf0c7c650e8,quality_only,16,16,16,False,True,True,True,0.0,16,0,87.3714492390373,87.3714492390373,0.0,1.0,0.0,1.380187016194521,86.35700802273585,,,,29
0d38caf0c7c650e8,score,0,0,16,True,False,False,False,1.0,0,0,92.15981698580298,,0.0,0.0,1.0,23.5666060150636,86.35700802273585,16.0,0.0,92.15981698580298,29
0d38caf0c7c650e8,pareto,0,0,16,True,False,False,False,1.0,0,0,92.15981698580298,,0.0,0.0,1.0,23.5666060150636,86.35700802273585,16.0,0.0,92.15981698580298,29
0d38caf0c7c650e8,gt_distance,0,0,16,True,False,False,False,1.0,0,0,89.41553360533834,,0.0,0.0,1.0,9.060185755920774,86.35700802273585,16.0,0.0,89.41553360533834,29
0d38caf0c7c650e8,old_pc,1,1,1,False,False,False,False,0.0,1,0,88.47417131905134,88.47417131905134,0.0,1.0,0.0,1.6500640814397756,86.35700802273585,16.0,15.0,88.47325559749008,29
3ac61ac2f2b652b7,conditional_pc,16,16,16,False,True,True,True,0.0,16,0,100.0,100.0,0.0,1.0,0.0,1.1853894796556954,100.0,,,,37
3ac61ac2f2b652b7,quality_only,16,16,16,False,True,True,True,0.0,16,0,100.0,100.0,0.0,1.0,0.0,1.1853894796556954,100.0,,,,37
3ac61ac2f2b652b7,score,0,0,16,True,False,False,False,1.0,0,0,100.0,,0.0,0.0,1.0,2.405980836566848,100.0,16.0,0.0,100.0,37
3ac61ac2f2b652b7,pareto,2,2,16,False,False,False,False,0.875,2,0,100.0,100.0,0.125,0.0,0.875,7.675944679238694,100.0,16.0,0.0,100.0,37
3ac61ac2f2b652b7,gt_distance,2,2,16,False,False,False,False,0.875,2,0,100.0,100.0,0.0625,0.0625,0.875,5.99049144155367,100.0,16.0,0.0,100.0,37
3ac61ac2f2b652b7,old_pc,16,16,16,False,True,True,True,0.0,16,0,100.0,100.0,0.0,1.0,0.0,1.1853894796556954,100.0,16.0,0.0,100.0,37
0d9f56cc8fa15657,conditional_pc,16,16,16,False,True,True,True,0.0,16,0,100.0,100.0,0.0,1.0,0.0,1.1329137739908337,100.0,,,,31
0d9f56cc8fa15657,quality_only,16,16,16,False,True,True,True,0.0,16,0,100.0,100.0,0.0,1.0,0.0,1.1329137739908337,100.0,,,,31
0d9f56cc8fa15657,score,0,0,16,True,False,False,False,1.0,0,0,100.0,,0.0,0.0,1.0,3.17641349732571,100.0,16.0,0.0,100.0,31
0d9f56cc8fa15657,pareto,2,2,16,False,False,False,False,0.875,2,0,100.0,100.0,0.0,0.125,0.875,10.17940014132422,100.0,16.0,0.0,100.0,31
0d9f56cc8fa15657,gt_distance,2,2,16,False,False,False,False,0.875,2,0,100.0,100.0,0.0,0.125,0.875,10.17940014132422,100.0,16.0,0.0,100.0,31
0d9f56cc8fa15657,old_pc,16,16,16,False,True,True,True,0.0,16,0,100.0,100.0,0.0,1.0,0.0,1.1329137739908337,100.0,16.0,0.0,100.0,31
296345c58a77547f,conditional_pc,16,16,16,False,True,True,True,0.0,16,0,87.25053145041804,87.25053145041804,0.25,0.75,0.0,1.2623620823227089,86.47565237714261,,,,34
296345c58a77547f,quality_only,16,16,16,False,True,True,True,0.0,16,0,87.25053145041804,87.25053145041804,0.25,0.75,0.0,1.2623620823227089,86.47565237714261,,,,34
296345c58a77547f,score,0,0,16,True,False,False,False,1.0,0,0,94.7225786012557,,0.0,0.0,1.0,50.52993348717703,86.47565237714261,16.0,0.0,94.7225786012557,34
296345c58a77547f,pareto,0,0,16,True,False,False,False,1.0,0,0,77.2469436383671,,0.0,0.0,1.0,74.1027656809975,86.47565237714261,16.0,0.0,77.2469436383671,34
296345c58a77547f,gt_distance,0,0,16,True,False,False,False,1.0,0,0,88.50482742199783,,0.0,0.0,1.0,7.381801379115392,86.47565237714261,16.0,0.0,88.50482742199783,34
296345c58a77547f,old_pc,1,1,1,False,False,False,False,0.0,1,0,87.54776282480336,87.54776282480336,0.0,1.0,0.0,1.4754352054243869,86.47565237714261,16.0,15.0,87.54784128012044,34
94e9664fcf2d5f9e,conditional_pc,16,16,16,False,True,True,True,0.0,16,0,100.0,100.0,0.0,1.0,0.0,1.3344420318103036,100.0,,,,48
94e9664fcf2d5f9e,quality_only,16,16,16,False,True,True,True,0.0,16,0,100.0,100.0,0.0,1.0,0.0,1.3344420318103036,100.0,,,,48
94e9664fcf2d5f9e,score,0,0,16,True,False,False,False,1.0,0,0,100.0,,0.0,0.0,1.0,4.132814954830692,100.0,16.0,0.0,100.0,48
94e9664fcf2d5f9e,pareto,2,2,16,False,False,False,False,0.875,2,0,100.0,100.0,0.0,0.125,0.875,6.940558445385459,100.0,16.0,0.0,100.0,48
94e9664fcf2d5f9e,gt_distance,2,2,16,False,False,False,False,0.875,2,0,100.0,100.0,0.0,0.125,0.875,6.882639463594119,100.0,16.0,0.0,100.0,48
94e9664fcf2d5f9e,old_pc,16,16,16,False,True,True,True,0.0,16,0,100.0,100.0,0.0,1.0,0.0,1.3344420318103036,100.0,16.0,0.0,100.0,48
a880ac22dd045d21,conditional_pc,16,16,16,False,True,True,True,0.0,16,0,95.43773853998916,95.43773853998916,0.125,0.875,0.0,1.2984242756805076,94.63256725656684,,,,23
a880ac22dd045d21,quality_only,16,16,16,False,True,True,True,0.0,16,0,95.43773853998916,95.43773853998916,0.125,0.875,0.0,1.2984242756805076,94.63256725656684,,,,23
a880ac22dd045d21,score,0,0,16,True,False,False,False,1.0,0,0,100.0,,0.0,0.0,1.0,21.199272079805247,94.63256725656684,16.0,0.0,100.0,23
a880ac22dd045d21,pareto,0,0,16,True,False,False,False,1.0,0,0,100.0,,0.0,0.0,1.0,26.913995346409862,94.63256725656684,16.0,0.0,100.0,23
a880ac22dd045d21,gt_distance,0,0,16,True,False,False,False,1.0,0,0,98.75953374407356,,0.0,0.0,1.0,13.252631620256356,94.63256725656684,16.0,0.0,98.75953374407356,23
a880ac22dd045d21,old_pc,1,1,1,False,False,False,False,0.0,1,0,96.22690764692292,96.22690764692292,0.0,1.0,0.0,1.7422274377876723,94.63256725656684,16.0,15.0,96.2269537426496,23
5b3770f00cb55569,conditional_pc,16,16,16,False,True,True,True,0.0,16,0,96.56670593967203,96.56670593967203,0.0625,0.9375,0.0,1.162147331296178,95.48416285113468,,,,26
5b3770f00cb55569,quality_only,16,16,16,False,True,True,True,0.0,16,0,96.56670593967203,96.56670593967203,0.0625,0.9375,0.0,1.162147331296178,95.48416285113468,,,,26
5b3770f00cb55569,score,3,3,16,False,False,False,False,0.8125,3,0,97.58231251228024,97.58474352631826,0.0625,0.125,0.8125,6.851363833626804,95.48416285113468,16.0,0.0,97.58231251228024,26
5b3770f00cb55569,pareto,3,3,16,False,False,False,False,0.8125,3,0,97.58231251228024,97.58474352631826,0.0625,0.125,0.8125,6.851363833626804,95.48416285113468,16.0,0.0,97.58231251228024,26
5b3770f00cb55569,gt_distance,4,4,16,False,True,False,False,0.75,4,0,97.2573622145845,97.37720783580596,0.0625,0.1875,0.75,6.025900754852684,95.48416285113468,16.0,0.0,97.2573622145845,26
5b3770f00cb55569,old_pc,1,1,1,False,False,False,False,0.0,1,0,97.60773637169186,97.60773637169186,0.0,1.0,0.0,1.1981242267889798,95.48416285113468,16.0,15.0,97.60787228669446,26
36c5c837df3259f8,conditional_pc,10,10,16,False,True,True,False,0.375,10,6,91.0833970758618,91.18264822908208,0.3125,0.6875,0.0,1.090903385912274,90.98766071472214,,,,10
36c5c837df3259f8,quality_only,10,10,16,False,True,True,False,0.375,10,6,91.0833970758618,91.18264822908208,0.3125,0.6875,0.0,1.090903385912274,90.98766071472214,,,,10
36c5c837df3259f8,score,0,0,16,True,False,False,False,1.0,0,0,95.60137214223494,,0.0,0.0,1.0,42.75538628098543,90.98766071472214,16.0,0.0,95.60137214223494,10
36c5c837df3259f8,pareto,0,0,16,True,False,False,False,1.0,0,0,95.60137214223494,,0.0,0.0,1.0,42.75538628098543,90.98766071472214,16.0,0.0,95.60137214223494,10
36c5c837df3259f8,gt_distance,6,6,16,False,True,False,False,0.625,6,0,91.01759814895864,91.11752548871702,0.6875,0.3125,0.0,0.9729936355903532,90.98766071472214,16.0,0.0,91.01759814895864,10
36c5c837df3259f8,old_pc,1,1,1,False,False,False,False,0.0,1,0,91.40354051221784,91.40354051221784,0.0,1.0,0.0,1.535287142674099,90.98766071472214,16.0,15.0,91.4035504331208,10
665c2a0c88735b1f,conditional_pc,16,16,16,False,True,True,True,0.0,16,0,100.0,100.0,0.125,0.875,0.0,1.130100168656906,100.0,,,,30
665c2a0c88735b1f,quality_only,16,16,16,False,True,True,True,0.0,16,0,100.0,100.0,0.125,0.875,0.0,1.130100168656906,100.0,,,,30
665c2a0c88735b1f,score,0,0,16,True,False,False,False,1.0,0,0,100.0,,0.0,0.0,1.0,5.944485547961963,100.0,16.0,0.0,100.0,30
665c2a0c88735b1f,pareto,3,3,16,False,False,False,False,0.8125,3,0,100.0,100.0,0.0,0.1875,0.8125,5.396396109868104,100.0,16.0,0.0,100.0,30
665c2a0c88735b1f,gt_distance,4,4,16,False,True,False,False,0.75,4,0,100.0,100.0,0.1875,0.0625,0.75,4.350591569276251,100.0,16.0,0.0,100.0,30
665c2a0c88735b1f,old_pc,16,16,16,False,True,True,True,0.0,16,0,100.0,100.0,0.125,0.875,0.0,1.130100168656906,100.0,16.0,0.0,100.0,30
24d4a97bf17f5883,conditional_pc,16,16,16,False,True,True,True,0.0,16,0,100.0,100.0,0.0625,0.9375,0.0,1.193633074101293,100.0,,,,32
24d4a97bf17f5883,quality_only,16,16,16,False,True,True,True,0.0,16,0,100.0,100.0,0.0625,0.9375,0.0,1.193633074101293,100.0,,,,32
24d4a97bf17f5883,score,0,0,16,True,False,False,False,1.0,0,0,100.0,,0.0,0.0,1.0,4.124091546638825,100.0,16.0,0.0,100.0,32
24d4a97bf17f5883,pareto,0,0,16,True,False,False,False,1.0,0,0,100.0,,0.0,0.0,1.0,20.67044998578333,100.0,16.0,0.0,100.0,32
24d4a97bf17f5883,gt_distance,0,0,16,True,False,False,False,1.0,0,0,100.0,,0.0,0.0,1.0,20.67044998578333,100.0,16.0,0.0,100.0,32
24d4a97bf17f5883,old_pc,16,16,16,False,True,True,True,0.0,16,0,100.0,100.0,0.0625,0.9375,0.0,1.193633074101293,100.0,16.0,0.0,100.0,32
acb286057ba859da,conditional_pc,16,16,16,False,True,True,True,0.0,16,0,100.0,100.0,0.0,1.0,0.0,1.2090060320203482,100.0,,,,32
acb286057ba859da,quality_only,16,16,16,False,True,True,True,0.0,16,0,100.0,100.0,0.0,1.0,0.0,1.2090060320203482,100.0,,,,32
acb286057ba859da,score,0,0,16,True,False,False,False,1.0,0,0,100.0,,0.0,0.0,1.0,9.77763316239074,100.0,16.0,0.0,100.0,32
acb286057ba859da,pareto,1,1,16,False,False,False,False,0.9375,1,0,100.0,100.0,0.0,0.0625,0.9375,11.987533338419968,100.0,16.0,0.0,100.0,32
acb286057ba859da,gt_distance,1,1,16,False,False,False,False,0.9375,1,0,100.0,100.0,0.0,0.0625,0.9375,9.584781288508708,100.0,16.0,0.0,100.0,32
acb286057ba859da,old_pc,16,16,16,False,True,True,True,0.0,16,0,100.0,100.0,0.0,1.0,0.0,1.2090060320203482,100.0,16.0,0.0,100.0,32
4f0df6de49515352,conditional_pc,16,16,16,False,True,True,True,0.0,16,0,95.79554134428976,95.79554134428976,0.1875,0.8125,0.0,1.1669132433758094,95.43376513186472,,,,23
4f0df6de49515352,quality_only,16,16,16,False,True,True,True,0.0,16,0,95.79554134428976,95.79554134428976,0.1875,0.8125,0.0,1.1669132433758094,95.43376513186472,,,,23
4f0df6de49515352,score,0,0,16,True,False,False,False,1.0,0,0,96.54137455474878,,0.0,0.0,1.0,6.458804176556351,95.43376513186472,16.0,0.0,96.54137455474878,23
4f0df6de49515352,pareto,0,0,16,True,False,False,False,1.0,0,0,96.54137455474878,,0.0,0.0,1.0,6.458804176556351,95.43376513186472,16.0,0.0,96.54137455474878,23
4f0df6de49515352,gt_distance,7,7,16,False,True,False,False,0.5625,7,0,96.051453444785,96.00176741286704,0.0625,0.375,0.5625,3.575930745212161,95.43376513186472,16.0,0.0,96.051453444785,23
4f0df6de49515352,old_pc,1,1,1,False,False,False,False,0.0,1,0,96.2196285224309,96.2196285224309,0.0,1.0,0.0,1.3196817464291042,95.43376513186472,16.0,15.0,96.2192393394577,23
482b5439cb6c5350,conditional_pc,16,16,16,False,True,True,True,0.0,16,0,100.0,100.0,0.0,1.0,0.0,1.267326610920778,100.0,,,,49
482b5439cb6c5350,quality_only,16,16,16,False,True,True,True,0.0,16,0,100.0,100.0,0.0,1.0,0.0,1.267326610920778,100.0,,,,49
482b5439cb6c5350,score,1,1,16,False,False,False,False,0.9375,1,0,100.0,100.0,0.0,0.0625,0.9375,2.3915364370870487,100.0,16.0,0.0,100.0,49
482b5439cb6c5350,pareto,3,3,16,False,False,False,False,0.8125,3,0,100.0,100.0,0.0625,0.125,0.8125,4.880714267629781,100.0,16.0,0.0,100.0,49
482b5439cb6c5350,gt_distance,4,4,16,False,True,False,False,0.75,4,0,100.0,100.0,0.0,0.25,0.75,4.267664199070197,100.0,16.0,0.0,100.0,49
482b5439cb6c5350,old_pc,16,16,16,False,True,True,True,0.0,16,0,100.0,100.0,0.0,1.0,0.0,1.267326610920778,100.0,16.0,0.0,100.0,49
a84fec66330e5157,conditional_pc,16,16,16,False,True,True,True,0.0,16,0,92.33585953907044,92.33585953907044,0.0625,0.9375,0.0,1.250812887270445,92.0036342882178,,,,27
a84fec66330e5157,quality_only,16,16,16,False,True,True,True,0.0,16,0,92.33585953907044,92.33585953907044,0.0625,0.9375,0.0,1.250812887270445,92.0036342882178,,,,27
a84fec66330e5157,score,0,0,16,True,False,False,False,1.0,0,0,94.69292385587369,,0.0,0.0,1.0,28.097257317880487,92.0036342882178,16.0,0.0,94.69292385587369,27
a84fec66330e5157,pareto,0,0,16,True,False,False,False,1.0,0,0,94.69292385587369,,0.0,0.0,1.0,28.097257317880487,92.0036342882178,16.0,0.0,94.69292385587369,27
a84fec66330e5157,gt_distance,0,0,16,True,False,False,False,1.0,0,0,93.27626823488389,,0.0,0.0,1.0,9.91845468139182,92.0036342882178,16.0,0.0,93.27626823488389,27
a84fec66330e5157,old_pc,1,1,1,False,False,False,False,0.0,1,0,92.61343915043967,92.61343915043967,0.0,1.0,0.0,1.380582377954769,92.0036342882178,16.0,15.0,92.61343622367428,27
02ef12eeec9c5667,conditional_pc,16,16,16,False,True,True,True,0.0,16,0,98.095340607149,98.095340607149,0.5,0.5,0.0,1.0328190964017212,97.79089598945028,,,,22
02ef12eeec9c5667,quality_only,16,16,16,False,True,True,True,0.0,16,0,98.095340607149,98.095340607149,0.5,0.5,0.0,1.0328190964017212,97.79089598945028,,,,22
02ef12eeec9c5667,score,1,1,16,False,False,False,False,0.9375,1,0,98.66863581659555,98.6109369767851,0.0,0.0625,0.9375,4.075473061258698,97.79089598945028,16.0,0.0,98.66863581659555,22
02ef12eeec9c5667,pareto,1,1,16,False,False,False,False,0.9375,1,0,98.66863581659555,98.6109369767851,0.0,0.0625,0.9375,4.075473061258698,97.79089598945028,16.0,0.0,98.66863581659555,22
02ef12eeec9c5667,gt_distance,1,1,16,False,False,False,False,0.9375,1,0,97.45379831365032,97.79516042887104,0.25,0.1875,0.5625,1.647839145530209,97.79089598945028,16.0,0.0,97.45379831365032,22
02ef12eeec9c5667,old_pc,1,1,1,False,False,False,False,0.0,1,0,98.6109369767851,98.6109369767851,0.0,1.0,0.0,1.2941395672388658,97.79089598945028,16.0,15.0,98.61086256530878,22
076f5a91273050e6,conditional_pc,16,16,16,False,True,True,True,0.0,16,0,100.0,100.0,0.0,1.0,0.0,1.159761942927873,100.0,,,,55
076f5a91273050e6,quality_only,16,16,16,False,True,True,True,0.0,16,0,100.0,100.0,0.0,1.0,0.0,1.159761942927873,100.0,,,,55
076f5a91273050e6,score,0,0,16,True,False,False,False,1.0,0,0,100.0,,0.0,0.0,1.0,2.330510543935689,100.0,16.0,0.0,100.0,55
076f5a91273050e6,pareto,1,1,16,False,False,False,False,0.9375,1,0,100.0,100.0,0.0,0.0625,0.9375,6.516641931708744,100.0,16.0,0.0,100.0,55
076f5a91273050e6,gt_distance,1,1,16,False,False,False,False,0.9375,1,0,100.0,100.0,0.0,0.0625,0.9375,5.775254827157539,100.0,16.0,0.0,100.0,55
076f5a91273050e6,old_pc,16,16,16,False,True,True,True,0.0,16,0,100.0,100.0,0.0,1.0,0.0,1.159761942927873,100.0,16.0,0.0,100.0,55
a566b5f3bd0c5522,conditional_pc,16,16,16,False,True,True,True,0.0,16,0,95.14040422697347,95.14040422697347,0.375,0.625,0.0,1.088180106578578,94.86815690102864,,,,19
a566b5f3bd0c5522,quality_only,16,16,16,False,True,True,True,0.0,16,0,95.14040422697347,95.14040422697347,0.375,0.625,0.0,1.088180106578578,94.86815690102864,,,,19
a566b5f3bd0c5522,score,1,1,16,False,False,False,False,0.9375,1,0,95.51525221343218,95.46309497790652,0.0,0.0625,0.9375,5.538394724666611,94.86815690102864,16.0,0.0,95.51525221343218,19
a566b5f3bd0c5522,pareto,1,1,16,False,False,False,False,0.9375,1,0,95.51525221343218,95.46309497790652,0.0,0.0625,0.9375,5.538394724666611,94.86815690102864,16.0,0.0,95.51525221343218,19
a566b5f3bd0c5522,gt_distance,0,0,16,True,False,False,False,1.0,0,0,93.8018689765446,,0.0,0.0,1.0,7.255962922567195,94.86815690102864,16.0,0.0,93.8018689765446,19
a566b5f3bd0c5522,old_pc,1,1,1,False,False,False,False,0.0,1,0,95.46309497790652,95.46309497790652,0.0,1.0,0.0,1.271732133259616,94.86815690102864,16.0,15.0,95.46310504835306,19
fe1348a14b7f5fda,conditional_pc,16,16,16,False,True,True,True,0.0,16,0,100.0,100.0,0.0,1.0,0.0,1.1971272269349615,100.0,,,,41
fe1348a14b7f5fda,quality_only,16,16,16,False,True,True,True,0.0,16,0,100.0,100.0,0.0,1.0,0.0,1.1971272269349615,100.0,,,,41
fe1348a14b7f5fda,score,0,0,16,True,False,False,False,1.0,0,0,100.0,,0.0,0.0,1.0,3.378295664542136,100.0,16.0,0.0,100.0,41
fe1348a14b7f5fda,pareto,1,1,16,False,False,False,False,0.9375,1,0,100.0,100.0,0.0,0.0625,0.9375,7.442387619519435,100.0,16.0,0.0,100.0,41
fe1348a14b7f5fda,gt_distance,1,1,16,False,False,False,False,0.9375,1,0,100.0,100.0,0.0,0.0625,0.9375,6.799047956763017,100.0,16.0,0.0,100.0,41
fe1348a14b7f5fda,old_pc,16,16,16,False,True,True,True,0.0,16,0,100.0,100.0,0.0,1.0,0.0,1.1971272269349615,100.0,16.0,0.0,100.0,41
cf430322beb852ca,conditional_pc,16,16,16,False,True,True,True,0.0,16,0,96.67090735658344,96.67090735658344,0.0,1.0,0.0,1.4274790276479572,95.99373931210172,,,,32
cf430322beb852ca,quality_only,16,16,16,False,True,True,True,0.0,16,0,96.67090735658344,96.67090735658344,0.0,1.0,0.0,1.4274790276479572,95.99373931210172,,,,32
cf430322beb852ca,score,0,0,16,True,False,False,False,1.0,0,0,97.3276190258034,,0.0,0.0,1.0,5.210475952109103,95.99373931210172,16.0,0.0,97.3276190258034,32
cf430322beb852ca,pareto,0,0,16,True,False,False,False,1.0,0,0,97.3276190258034,,0.0,0.0,1.0,5.210475952109103,95.99373931210172,16.0,0.0,97.3276190258034,32
cf430322beb852ca,gt_distance,0,0,16,True,False,False,False,1.0,0,0,97.3276190258034,,0.0,0.0,1.0,5.210475952109103,95.99373931210172,16.0,0.0,97.3276190258034,32
cf430322beb852ca,old_pc,1,1,1,False,False,False,False,0.0,1,0,97.15579915874368,97.15579915874368,0.0,1.0,0.0,1.7832258193882673,95.99373931210172,16.0,15.0,97.15581045714326,32
05986621844f54a2,conditional_pc,0,0,0,True,False,False,False,1.0,0,0,,,,,,,0.0,,,,0
05986621844f54a2,quality_only,0,0,0,True,False,False,False,1.0,0,0,,,,,,,0.0,,,,0
05986621844f54a2,score,0,0,16,True,False,False,False,1.0,0,0,93.18785430661256,,0.0,0.0,1.0,22.35005843585789,0.0,16.0,0.0,93.18785430661256,0
05986621844f54a2,pareto,0,0,16,True,False,False,False,1.0,0,0,93.18785430661256,,0.0,0.0,1.0,22.35005843585789,0.0,16.0,0.0,93.18785430661256,0
05986621844f54a2,gt_distance,0,0,16,True,False,False,False,1.0,0,0,92.79096668377773,,0.0,0.0,1.0,23.843927384234227,0.0,16.0,0.0,92.79096668377773,0
05986621844f54a2,old_pc,0,0,1,True,False,False,False,1.0,0,0,0.0,,0.0,1.0,0.0,1.508789842948547,0.0,16.0,15.0,0.0,0
37ab6257bb545b45,conditional_pc,16,16,16,False,True,True,True,0.0,16,0,98.06049145667131,98.06049145667131,0.0,1.0,0.0,1.2250408259121714,97.52434700026986,,,,24
37ab6257bb545b45,quality_only,16,16,16,False,True,True,True,0.0,16,0,98.06049145667131,98.06049145667131,0.0,1.0,0.0,1.2250408259121714,97.52434700026986,,,,24
37ab6257bb545b45,score,0,0,16,True,False,False,False,1.0,0,0,99.96431053247991,,0.0,0.0,1.0,22.070998255520585,97.52434700026986,16.0,0.0,99.96431053247991,24
37ab6257bb545b45,pareto,0,0,16,True,False,False,False,1.0,0,0,99.96431053247991,,0.0,0.0,1.0,22.070998255520585,97.52434700026986,16.0,0.0,99.96431053247991,24
37ab6257bb545b45,gt_distance,0,0,16,True,False,False,False,1.0,0,0,99.43390062146229,,0.0,0.0,1.0,13.123914879601935,97.52434700026986,16.0,0.0,99.43390062146229,24
37ab6257bb545b45,old_pc,1,1,1,False,False,False,False,0.0,1,0,98.76713155426168,98.76713155426168,0.0,1.0,0.0,1.3637929982834984,97.52434700026986,16.0,15.0,98.7671359288301,24
1526e5b224665c7e,conditional_pc,16,16,16,False,True,True,True,0.0,16,0,87.08136381075771,87.08136381075771,0.5,0.5,0.0,1.043187041065807,86.82648331879385,,,,22
1526e5b224665c7e,quality_only,16,16,16,False,True,True,True,0.0,16,0,87.08136381075771,87.08136381075771,0.5,0.5,0.0,1.043187041065807,86.82648331879385,,,,22
1526e5b224665c7e,score,0,0,16,True,False,False,False,1.0,0,0,91.98584695885668,,0.0,0.0,1.0,63.22323426523188,86.82648331879385,16.0,0.0,91.98584695885668,22
1526e5b224665c7e,pareto,0,0,16,True,False,False,False,1.0,0,0,91.98584695885668,,0.0,0.0,1.0,63.22323426523188,86.82648331879385,16.0,0.0,91.98584695885668,22
1526e5b224665c7e,gt_distance,16,16,16,False,True,True,True,0.0,16,0,87.10958428356905,87.10958428356905,0.625,0.375,0.0,0.9548437560505764,86.82648331879385,16.0,0.0,87.10958428356905,22
1526e5b224665c7e,old_pc,1,1,1,False,False,False,False,0.0,1,0,87.45238973812671,87.45238973812671,0.0,1.0,0.0,1.1947043726826645,86.82648331879385,16.0,15.0,87.45241903608459,22
66df470c3c2c5b62,conditional_pc,16,16,16,False,True,True,True,0.0,16,0,100.0,100.0,0.0,1.0,0.0,1.2482085654141255,100.0,,,,46
66df470c3c2c5b62,quality_only,16,16,16,False,True,True,True,0.0,16,0,100.0,100.0,0.0,1.0,0.0,1.2482085654141255,100.0,,,,46
66df470c3c2c5b62,score,0,0,16,True,False,False,False,1.0,0,0,100.0,,0.0,0.0,1.0,2.344188438468097,100.0,16.0,0.0,100.0,46
66df470c3c2c5b62,pareto,2,2,16,False,False,False,False,0.875,2,0,100.0,100.0,0.0625,0.0625,0.875,6.678832707870436,100.0,16.0,0.0,100.0,46
66df470c3c2c5b62,gt_distance,2,2,16,False,False,False,False,0.875,2,0,100.0,100.0,0.0625,0.0625,0.875,5.550952409855133,100.0,16.0,0.0,100.0,46
66df470c3c2c5b62,old_pc,16,16,16,False,True,True,True,0.0,16,0,100.0,100.0,0.0,1.0,0.0,1.2482085654141255,100.0,16.0,0.0,100.0,46
ce800a53730f5ae7,conditional_pc,16,16,16,False,True,True,True,0.0,16,0,88.81073409686255,88.81073409686255,0.0,1.0,0.0,1.30685501562045,88.15399206082776,,,,31
ce800a53730f5ae7,quality_only,16,16,16,False,True,True,True,0.0,16,0,88.81073409686255,88.81073409686255,0.0,1.0,0.0,1.30685501562045,88.15399206082776,,,,31
ce800a53730f5ae7,score,0,0,16,True,False,False,False,1.0,0,0,89.85389922797017,,0.0,0.0,1.0,6.26194505409773,88.15399206082776,16.0,0.0,89.85389922797017,31
ce800a53730f5ae7,pareto,0,0,16,True,False,False,False,1.0,0,0,89.85389922797017,,0.0,0.0,1.0,6.26194505409773,88.15399206082776,16.0,0.0,89.85389922797017,31
ce800a53730f5ae7,gt_distance,0,0,16,True,False,False,False,1.0,0,0,89.85389922797017,,0.0,0.0,1.0,6.26194505409773,88.15399206082776,16.0,0.0,89.85389922797017,31
ce800a53730f5ae7,old_pc,1,1,1,False,False,False,False,0.0,1,0,89.15218455337622,89.15218455337622,0.0,1.0,0.0,1.7203172409015506,88.15399206082776,16.0,15.0,89.15220629223207,31
7ff20da52e205bf0,conditional_pc,16,16,16,False,True,True,True,0.0,16,0,93.85046759241618,93.85046759241618,0.0,1.0,0.0,1.1463826510696142,91.99132969551894,,,,27
7ff20da52e205bf0,quality_only,16,16,16,False,True,True,True,0.0,16,0,93.85046759241618,93.85046759241618,0.0,1.0,0.0,1.1463826510696142,91.99132969551894,,,,27
7ff20da52e205bf0,score,0,0,16,True,False,False,False,1.0,0,0,100.0,,0.0,0.0,1.0,15.452036010241216,91.99132969551894,16.0,0.0,100.0,27
7ff20da52e205bf0,pareto,0,0,16,True,False,False,False,1.0,0,0,100.0,,0.0,0.0,1.0,16.61150230813777,91.99132969551894,16.0,0.0,100.0,27
7ff20da52e205bf0,gt_distance,14,14,16,False,True,True,False,0.125,14,0,92.9408224363154,93.07082970349468,0.375,0.5625,0.0625,1.0879152954438034,91.99132969551894,16.0,0.0,92.9408224363154,27
7ff20da52e205bf0,old_pc,1,1,1,False,False,False,False,0.0,1,0,95.3806860062558,95.3806860062558,0.0,1.0,0.0,1.0800982700561128,91.99132969551894,16.0,15.0,95.38069472518283,27
9c9fd38ec0485088,conditional_pc,16,16,16,False,True,True,True,0.0,16,0,97.9908886727228,97.9908886727228,0.125,0.875,0.0,1.2383431191979923,97.46032367575182,,,,23
9c9fd38ec0485088,quality_only,16,16,16,False,True,True,True,0.0,16,0,97.9908886727228,97.9908886727228,0.125,0.875,0.0,1.2383431191979923,97.46032367575182,,,,23
9c9fd38ec0485088,score,0,0,16,True,False,False,False,1.0,0,0,100.0,,0.0,0.0,1.0,20.32408766231299,97.46032367575182,16.0,0.0,100.0,23
9c9fd38ec0485088,pareto,0,0,16,True,False,False,False,1.0,0,0,100.0,,0.0,0.0,1.0,22.989054536513123,97.46032367575182,16.0,0.0,100.0,23
9c9fd38ec0485088,gt_distance,13,13,16,False,True,True,False,0.1875,13,0,98.24931163062558,98.07456795627483,0.375,0.4375,0.1875,1.5083345864334867,97.46032367575182,16.0,0.0,98.24931163062558,23
9c9fd38ec0485088,old_pc,1,1,1,False,False,False,False,0.0,1,0,99.20280233150672,99.20280233150672,0.0,1.0,0.0,1.4150519079274595,97.46032367575182,16.0,15.0,99.2028516932672,23
ec90c27de29a594c,conditional_pc,16,16,16,False,True,True,True,0.0,16,0,79.59470546689052,79.59470546689052,0.0,1.0,0.0,1.111864532674835,78.30124002274734,,,,24
ec90c27de29a594c,quality_only,16,16,16,False,True,True,True,0.0,16,0,79.59470546689052,79.59470546689052,0.0,1.0,0.0,1.111864532674835,78.30124002274734,,,,24
ec90c27de29a594c,score,0,0,16,True,False,False,False,1.0,0,0,86.1999223558937,,0.0,0.0,1.0,8.401264195747515,78.30124002274734,16.0,0.0,86.1999223558937,24
ec90c27de29a594c,pareto,0,0,16,True,False,False,False,1.0,0,0,81.16348914919239,,0.0,0.0,1.0,9.05519016290406,78.30124002274734,16.0,0.0,81.16348914919239,24
ec90c27de29a594c,gt_distance,0,0,16,True,False,False,False,1.0,0,0,81.16348914919239,,0.0,0.0,1.0,9.05519016290406,78.30124002274734,16.0,0.0,81.16348914919239,24
ec90c27de29a594c,old_pc,1,1,1,False,False,False,False,0.0,1,0,81.20214827563436,81.20214827563436,0.0,1.0,0.0,1.3222011468572743,78.30124002274734,16.0,15.0,81.20150752059538,24
86c52dfec8425716,conditional_pc,16,16,16,False,True,True,True,0.0,16,0,91.67188814091313,91.67188814091313,0.3125,0.6875,0.0,1.0685785458569148,90.04278546948498,,,,24
86c52dfec8425716,quality_only,16,16,16,False,True,True,True,0.0,16,0,91.67188814091313,91.67188814091313,0.3125,0.6875,0.0,1.0685785458569148,90.04278546948498,,,,24
86c52dfec8425716,score,0,0,16,True,False,False,False,1.0,0,0,99.87517185075409,,0.0,0.0,1.0,27.99270565830482,90.04278546948498,16.0,0.0,99.87517185075409,24
86c52dfec8425716,pareto,0,0,16,True,False,False,False,1.0,0,0,99.87517185075409,,0.0,0.0,1.0,27.99270565830482,90.04278546948498,16.0,0.0,99.87517185075409,24
86c52dfec8425716,gt_distance,11,11,16,False,True,True,False,0.3125,11,0,93.05603488512888,92.2858713297713,0.1875,0.5,0.3125,2.294003144816654,90.04278546948498,16.0,0.0,93.05603488512888,24
86c52dfec8425716,old_pc,1,1,1,False,False,False,False,0.0,1,0,92.84820976391931,92.84820976391931,0.0,1.0,0.0,0.9995023769746336,90.04278546948498,16.0,15.0,92.84812357212428,24
0f54c1a676a954ce,conditional_pc,12,12,12,False,True,True,False,0.0,12,0,100.0,100.0,0.6666666666666666,0.3333333333333333,0.0,1.01696685784163,100.0,,,,12
0f54c1a676a954ce,quality_only,12,12,12,False,True,True,False,0.0,12,0,100.0,100.0,0.6666666666666666,0.3333333333333333,0.0,1.01696685784163,100.0,,,,12
0f54c1a676a954ce,score,0,0,16,True,False,False,False,1.0,0,0,100.0,,0.0,0.0,1.0,13.991204053822504,100.0,16.0,0.0,100.0,12
0f54c1a676a954ce,pareto,0,0,16,True,False,False,False,1.0,0,0,100.0,,0.0625,0.0625,0.875,11.1363435880735,100.0,16.0,0.0,100.0,12
0f54c1a676a954ce,gt_distance,2,2,16,False,False,False,False,0.875,2,0,100.0,100.0,0.0625,0.0625,0.875,11.602375254198227,100.0,16.0,0.0,100.0,12
0f54c1a676a954ce,old_pc,10,10,16,False,True,True,False,0.375,10,0,100.0,100.0,0.625,0.375,0.0,1.0364213710351469,100.0,16.0,0.0,100.0,12
a86e7f16bd64596a,conditional_pc,14,14,14,False,True,True,False,0.0,14,0,100.0,100.0,0.5,0.5,0.0,1.0076724962773251,0.0,,,,14
a86e7f16bd64596a,quality_only,14,14,14,False,True,True,False,0.0,14,0,100.0,100.0,0.5,0.5,0.0,1.0076724962773251,0.0,,,,14
a86e7f16bd64596a,score,0,0,16,True,False,False,False,1.0,0,0,100.0,,0.0,0.0,1.0,23.670584678739708,0.0,16.0,0.0,100.0,14
a86e7f16bd64596a,pareto,1,1,16,False,False,False,False,0.9375,1,0,100.0,100.0,0.0625,0.0,0.9375,11.709792718711894,0.0,16.0,0.0,100.0,14
a86e7f16bd64596a,gt_distance,0,0,16,True,False,False,False,1.0,0,0,100.0,,0.0,0.0,1.0,20.918709656493355,0.0,16.0,0.0,100.0,14
a86e7f16bd64596a,old_pc,14,14,16,False,True,True,False,0.125,14,0,100.0,100.0,0.5,0.5,0.0,1.003363432017649,0.0,16.0,0.0,100.0,14
cb397fd17507594b,conditional_pc,16,16,16,False,True,True,True,0.0,16,0,87.73111649586468,87.73111649586468,0.375,0.625,0.0,1.1257418456711847,87.34465707096516,,,,23
cb397fd17507594b,quality_only,16,16,16,False,True,True,True,0.0,16,0,87.73111649586468,87.73111649586468,0.375,0.625,0.0,1.1257418456711847,87.34465707096516,,,,23
cb397fd17507594b,score,0,0,16,True,False,False,False,1.0,0,0,90.0124198560525,,0.0,0.0,1.0,20.621233782233517,87.34465707096516,16.0,0.0,90.0124198560525,23
cb397fd17507594b,pareto,0,0,16,True,False,False,False,1.0,0,0,90.0124198560525,,0.0,0.0,1.0,20.621233782233517,87.34465707096516,16.0,0.0,90.0124198560525,23
cb397fd17507594b,gt_distance,0,0,16,True,False,False,False,1.0,0,0,89.56839506958855,,0.0,0.0,1.0,14.134029291525827,87.34465707096516,16.0,0.0,89.56839506958855,23
cb397fd17507594b,old_pc,1,1,1,False,False,False,False,0.0,1,0,88.10809593311663,88.10809593311663,0.0,1.0,0.0,1.0795154947371446,87.34465707096516,16.0,15.0,88.10811515788293,23
c84f1984d6e459d4,conditional_pc,16,16,16,False,True,True,True,0.0,16,0,100.0,100.0,0.1875,0.8125,0.0,1.1187538021349424,100.0,,,,31
c84f1984d6e459d4,quality_only,16,16,16,False,True,True,True,0.0,16,0,100.0,100.0,0.1875,0.8125,0.0,1.1187538021349424,100.0,,,,31
c84f1984d6e459d4,score,15,15,16,False,True,True,False,0.0625,15,0,100.0,100.0,0.5,0.4375,0.0625,1.101581488027088,100.0,16.0,0.0,100.0,31
c84f1984d6e459d4,pareto,3,3,16,False,False,False,False,0.8125,3,0,100.0,100.0,0.0625,0.125,0.8125,8.957687009580276,100.0,16.0,0.0,100.0,31
c84f1984d6e459d4,gt_distance,0,0,16,True,False,False,False,1.0,0,0,99.12681995199644,,0.0,0.0,1.0,13.561924503382688,100.0,16.0,0.0,99.12681995199644,31
c84f1984d6e459d4,old_pc,16,16,16,False,True,True,True,0.0,16,0,100.0,100.0,0.1875,0.8125,0.0,1.1187538021349424,100.0,16.0,0.0,100.0,31
8b744d45e7945aa5,conditional_pc,16,16,16,False,True,True,True,0.0,16,0,100.0,100.0,0.0,1.0,0.0,1.1377611603727356,100.0,,,,31
8b744d45e7945aa5,quality_only,16,16,16,False,True,True,True,0.0,16,0,100.0,100.0,0.0,1.0,0.0,1.1377611603727356,100.0,,,,31
8b744d45e7945aa5,score,0,0,16,True,False,False,False,1.0,0,0,100.0,,0.0,0.0,1.0,3.0551313333687435,100.0,16.0,0.0,100.0,31
8b744d45e7945aa5,pareto,0,0,16,True,False,False,False,1.0,0,0,100.0,,0.0,0.0,1.0,13.51710315504215,100.0,16.0,0.0,100.0,31
8b744d45e7945aa5,gt_distance,0,0,16,True,False,False,False,1.0,0,0,100.0,,0.0,0.0,1.0,13.51710315504215,100.0,16.0,0.0,100.0,31
8b744d45e7945aa5,old_pc,16,16,16,False,True,True,True,0.0,16,0,100.0,100.0,0.0,1.0,0.0,1.1377611603727356,100.0,16.0,0.0,100.0,31
68f3beae8cd25dba,conditional_pc,16,16,16,False,True,True,True,0.0,16,0,97.379668650758,97.379668650758,0.0,1.0,0.0,1.314184598776543,97.05889346595517,,,,33
68f3beae8cd25dba,quality_only,16,16,16,False,True,True,True,0.0,16,0,97.379668650758,97.379668650758,0.0,1.0,0.0,1.314184598776543,97.05889346595517,,,,33
68f3beae8cd25dba,score,0,0,16,True,False,False,False,1.0,0,0,98.80558012740968,,0.0,0.0,1.0,17.72867524395476,97.05889346595517,16.0,0.0,98.80558012740968,33
68f3beae8cd25dba,pareto,0,0,16,True,False,False,False,1.0,0,0,98.80558012740968,,0.0,0.0,1.0,17.72867524395476,97.05889346595517,16.0,0.0,98.80558012740968,33
68f3beae8cd25dba,gt_distance,1,1,16,False,False,False,False,0.9375,1,0,97.87680363927863,97.70289158852198,0.0,0.0625,0.9375,4.942133366081849,97.05889346595517,16.0,0.0,97.87680363927863,33
68f3beae8cd25dba,old_pc,1,1,1,False,False,False,False,0.0,1,0,97.70289158852198,97.70289158852198,0.0,1.0,0.0,1.2666077559416955,97.05889346595517,16.0,15.0,97.70288222061473,33
aff2feebf9cb5afb,conditional_pc,16,16,16,False,True,True,True,0.0,16,0,100.0,100.0,0.125,0.875,0.0,1.168784673581953,100.0,,,,31
aff2feebf9cb5afb,quality_only,16,16,16,False,True,True,True,0.0,16,0,100.0,100.0,0.125,0.875,0.0,1.168784673581953,100.0,,,,31
aff2feebf9cb5afb,score,0,0,16,True,False,False,False,1.0,0,0,100.0,,0.0,0.0,1.0,5.550521015131273,100.0,16.0,0.0,100.0,31
aff2feebf9cb5afb,pareto,2,2,16,False,False,False,False,0.875,2,0,100.0,100.0,0.0,0.125,0.875,12.64301232988884,100.0,16.0,0.0,100.0,31
aff2feebf9cb5afb,gt_distance,2,2,16,False,False,False,False,0.875,2,0,100.0,100.0,0.0,0.125,0.875,11.508157415861476,100.0,16.0,0.0,100.0,31
aff2feebf9cb5afb,old_pc,16,16,16,False,True,True,True,0.0,16,0,100.0,100.0,0.125,0.875,0.0,1.1689354354673314,100.0,16.0,0.0,100.0,31
6e7bf5900d7f594f,conditional_pc,16,16,16,False,True,True,True,0.0,16,0,82.35359182364004,82.35359182364004,0.3125,0.6875,0.0,1.0749896263154954,81.74547207818449,,,,23
6e7bf5900d7f594f,quality_only,16,16,16,False,True,True,True,0.0,16,0,82.35359182364004,82.35359182364004,0.3125,0.6875,0.0,1.0749896263154954,81.74547207818449,,,,23
6e7bf5900d7f594f,score,0,0,16,True,False,False,False,1.0,0,0,91.15692201982512,,0.0,0.0,1.0,37.40588594754136,81.74547207818449,16.0,0.0,91.15692201982512,23
6e7bf5900d7f594f,pareto,0,0,16,True,False,False,False,1.0,0,0,91.15692201982512,,0.0,0.0,1.0,37.40588594754136,81.74547207818449,16.0,0.0,91.15692201982512,23
6e7bf5900d7f594f,gt_distance,0,0,16,True,False,False,False,1.0,0,0,81.09883036459901,,0.25,0.25,0.5,2.8842730159925347,81.74547207818449,16.0,0.0,81.09883036459901,23
6e7bf5900d7f594f,old_pc,1,1,1,False,False,False,False,0.0,1,0,82.80532873990515,82.80532873990515,0.0,1.0,0.0,1.1897697288752027,81.74547207818449,16.0,15.0,82.80555594026644,23
7da6b01adf435bd5,conditional_pc,16,16,16,False,True,True,True,0.0,16,0,93.52340649216085,93.52340649216085,0.0,1.0,0.0,1.1258374969729932,93.0524839986167,,,,22
7da6b01adf435bd5,quality_only,16,16,16,False,True,True,True,0.0,16,0,93.52340649216085,93.52340649216085,0.0,1.0,0.0,1.1258374969729932,93.0524839986167,,,,22
7da6b01adf435bd5,score,0,0,16,True,False,False,False,1.0,0,0,96.64805139360053,,0.0,0.0,1.0,28.9931271935514,93.0524839986167,16.0,0.0,96.64805139360053,22
7da6b01adf435bd5,pareto,0,0,16,True,False,False,False,1.0,0,0,96.64805139360053,,0.0,0.0,1.0,28.9931271935514,93.0524839986167,16.0,0.0,96.64805139360053,22
7da6b01adf435bd5,gt_distance,10,10,16,False,True,True,False,0.375,10,0,93.54996893007956,93.55932882373484,0.125,0.5,0.375,1.6347770284153238,93.0524839986167,16.0,0.0,93.54996893007956,22
7da6b01adf435bd5,old_pc,1,1,1,False,False,False,False,0.0,1,0,93.80546114433125,93.80546114433125,0.0,1.0,0.0,1.0375991069060089,93.0524839986167,16.0,15.0,93.80544318179776,22
4934fe6008f8564b,conditional_pc,16,16,16,False,True,True,True,0.0,16,0,97.68776281628456,97.68776281628456,0.5625,0.4375,0.0,1.0744003124657275,97.39055353566756,,,,21
4934fe6008f8564b,quality_only,16,16,16,False,True,True,True,0.0,16,0,97.68776281628456,97.68776281628456,0.5625,0.4375,0.0,1.0744003124657275,97.39055353566756,,,,21
4934fe6008f8564b,score,0,0,16,True,False,False,False,1.0,0,0,98.49759893581968,,0.0,0.0,1.0,10.65795932506247,97.39055353566756,16.0,0.0,98.49759893581968,21
4934fe6008f8564b,pareto,0,0,16,True,False,False,False,1.0,0,0,98.49759893581968,,0.0,0.0,1.0,10.65795932506247,97.39055353566756,16.0,0.0,98.49759893581968,21
4934fe6008f8564b,gt_distance,11,11,16,False,True,True,False,0.3125,11,0,97.82046939229608,97.75213289520129,0.3125,0.375,0.3125,2.004696688679493,97.39055353566756,16.0,0.0,97.82046939229608,21
4934fe6008f8564b,old_pc,1,1,1,False,False,False,False,0.0,1,0,97.86077768065992,97.86077768065992,0.0,1.0,0.0,1.187387020510262,97.39055353566756,16.0,15.0,97.86077400143188,21
c0c2ed50261f54e5,conditional_pc,16,16,16,False,True,True,True,0.0,16,0,98.37052270939684,98.37052270939684,0.25,0.75,0.0,1.1465881576065031,98.14783546634202,,,,19
c0c2ed50261f54e5,quality_only,16,16,16,False,True,True,True,0.0,16,0,98.37052270939684,98.37052270939684,0.25,0.75,0.0,1.1465881576065031,98.14783546634202,,,,19
c0c2ed50261f54e5,score,0,0,16,True,False,False,False,1.0,0,0,100.0,,0.0,0.0,1.0,23.78698893201184,98.14783546634202,16.0,0.0,100.0,19
c0c2ed50261f54e5,pareto,0,0,16,True,False,False,False,1.0,0,0,100.0,,0.0,0.0,1.0,23.193058604521127,98.14783546634202,16.0,0.0,100.0,19
c0c2ed50261f54e5,gt_distance,0,0,16,True,False,False,False,1.0,0,0,99.97380447738912,,0.0,0.0,1.0,18.610581330500278,98.14783546634202,16.0,0.0,99.97380447738912,19
c0c2ed50261f54e5,old_pc,1,1,1,False,False,False,False,0.0,1,0,98.6085929532438,98.6085929532438,0.0,1.0,0.0,1.2828721426029372,98.14783546634202,16.0,15.0,98.60859246583324,19
0cb726068f4d5c59,conditional_pc,16,16,16,False,True,True,True,0.0,16,0,100.0,100.0,0.0,1.0,0.0,1.2272381418422924,100.0,,,,33
0cb726068f4d5c59,quality_only,16,16,16,False,True,True,True,0.0,16,0,100.0,100.0,0.0,1.0,0.0,1.2272381418422924,100.0,,,,33
0cb726068f4d5c59,score,0,0,16,True,False,False,False,1.0,0,0,100.0,,0.0,0.0,1.0,3.2249105944227594,100.0,16.0,0.0,100.0,33
0cb726068f4d5c59,pareto,1,1,16,False,False,False,False,0.9375,1,0,100.0,100.0,0.0625,0.0,0.9375,13.43992533476299,100.0,16.0,0.0,100.0,33
0cb726068f4d5c59,gt_distance,1,1,16,False,False,False,False,0.9375,1,0,100.0,100.0,0.0625,0.0,0.9375,12.127380645385015,100.0,16.0,0.0,100.0,33
0cb726068f4d5c59,old_pc,16,16,16,False,True,True,True,0.0,16,0,100.0,100.0,0.0,1.0,0.0,1.2272381418422924,100.0,16.0,0.0,100.0,33
fead2572a884512c,conditional_pc,16,16,16,False,True,True,True,0.0,16,0,100.0,100.0,0.0,1.0,0.0,1.2695233564583712,100.0,,,,38
fead2572a884512c,quality_only,16,16,16,False,True,True,True,0.0,16,0,100.0,100.0,0.0,1.0,0.0,1.2695233564583712,100.0,,,,38
fead2572a884512c,score,0,0,16,True,False,False,False,1.0,0,0,100.0,,0.0,0.0,1.0,3.933083304615894,100.0,16.0,0.0,100.0,38
fead2572a884512c,pareto,2,2,16,False,False,False,False,0.875,2,0,100.0,100.0,0.0,0.125,0.875,12.726339058057214,100.0,16.0,0.0,100.0,38
fead2572a884512c,gt_distance,2,2,16,False,False,False,False,0.875,2,0,100.0,100.0,0.0,0.125,0.875,5.398435479204808,100.0,16.0,0.0,100.0,38
fead2572a884512c,old_pc,16,16,16,False,True,True,True,0.0,16,0,100.0,100.0,0.0,1.0,0.0,1.2695233564583712,100.0,16.0,0.0,100.0,38
c82e95254649534e,conditional_pc,16,16,16,False,True,True,True,0.0,16,0,100.0,100.0,0.0,1.0,0.0,1.2351789827962405,100.0,,,,33
c82e95254649534e,quality_only,16,16,16,False,True,True,True,0.0,16,0,100.0,100.0,0.0,1.0,0.0,1.2351789827962405,100.0,,,,33
c82e95254649534e,score,0,0,16,True,False,False,False,1.0,0,0,100.0,,0.0,0.0,1.0,2.815775178516271,100.0,16.0,0.0,100.0,33
c82e95254649534e,pareto,2,2,16,False,False,False,False,0.875,2,0,100.0,100.0,0.0,0.125,0.875,7.460132390755802,100.0,16.0,0.0,100.0,33
c82e95254649534e,gt_distance,4,4,16,False,True,False,False,0.75,4,0,100.0,100.0,0.0625,0.1875,0.75,4.136466143484504,100.0,16.0,0.0,100.0,33
c82e95254649534e,old_pc,16,16,16,False,True,True,True,0.0,16,0,100.0,100.0,0.0,1.0,0.0,1.2351789827962405,100.0,16.0,0.0,100.0,33
2581d16dc1aa557e,conditional_pc,16,16,16,False,True,True,True,0.0,16,0,95.9639399987978,95.9639399987978,0.3125,0.6875,0.0,1.057996871085548,94.2348770289672,,,,28
2581d16dc1aa557e,quality_only,16,16,16,False,True,True,True,0.0,16,0,95.9639399987978,95.9639399987978,0.3125,0.6875,0.0,1.057996871085548,94.2348770289672,,,,28
2581d16dc1aa557e,score,14,14,16,False,True,True,False,0.125,14,0,96.70252631982738,96.69352239012996,0.5,0.375,0.125,1.3145869512079005,94.2348770289672,16.0,0.0,96.70252631982738,28
2581d16dc1aa557e,pareto,14,14,16,False,True,True,False,0.125,14,0,94.25780066058977,96.69352239012996,0.5,0.4375,0.0625,1.029233768365517,94.2348770289672,16.0,0.0,94.25780066058977,28
2581d16dc1aa557e,gt_distance,15,15,16,False,True,True,False,0.0625,15,0,94.13854354636572,96.62766962484814,0.5625,0.4375,0.0,0.9733849052325884,94.2348770289672,16.0,0.0,94.13854354636572,28
2581d16dc1aa557e,old_pc,1,1,1,False,False,False,False,0.0,1,0,98.36149272502492,98.36149272502492,0.0,1.0,0.0,1.2683598317359868,94.2348770289672,16.0,15.0,98.36288382600314,28
74356ec7c3d15e10,conditional_pc,16,16,16,False,True,True,True,0.0,16,0,92.728785238979,92.728785238979,0.0,1.0,0.0,1.1924859101392578,92.38085768010713,,,,29
74356ec7c3d15e10,quality_only,16,16,16,False,True,True,True,0.0,16,0,92.728785238979,92.728785238979,0.0,1.0,0.0,1.1924859101392578,92.38085768010713,,,,29
74356ec7c3d15e10,score,0,0,16,True,False,False,False,1.0,0,0,93.89256659997584,,0.0,0.0,1.0,18.714445594500905,92.38085768010713,16.0,0.0,93.89256659997584,29
74356ec7c3d15e10,pareto,0,0,16,True,False,False,False,1.0,0,0,93.89256659997584,,0.0,0.0,1.0,18.714445594500905,92.38085768010713,16.0,0.0,93.89256659997584,29
74356ec7c3d15e10,gt_distance,2,2,16,False,False,False,False,0.875,2,0,93.07426136221602,93.03467662326676,0.0,0.125,0.875,3.509045591298443,92.38085768010713,16.0,0.0,93.07426136221602,29
74356ec7c3d15e10,old_pc,1,1,1,False,False,False,False,0.0,1,0,93.05370937392516,93.05370937392516,0.0,1.0,0.0,1.6397314446632176,92.38085768010713,16.0,15.0,93.05387193577091,29
a77cad5e29a5585e,conditional_pc,16,16,16,False,True,True,True,0.0,16,0,96.76200710974535,96.76200710974535,0.0,1.0,0.0,1.2843467226721104,96.48781924354113,,,,45
a77cad5e29a5585e,quality_only,16,16,16,False,True,True,True,0.0,16,0,96.7617510930616,96.7617510930616,0.0,1.0,0.0,1.281416997562831,96.48781924354113,,,,45
a77cad5e29a5585e,score,0,0,16,True,False,False,False,1.0,0,0,99.39053958405874,,0.0,0.0,1.0,19.54755136152695,96.48781924354113,16.0,0.0,99.39053958405874,45
a77cad5e29a5585e,pareto,0,0,16,True,False,False,False,1.0,0,0,99.39053958405874,,0.0,0.0,1.0,19.54755136152695,96.48781924354113,16.0,0.0,99.39053958405874,45
a77cad5e29a5585e,gt_distance,9,9,16,False,True,True,False,0.4375,9,0,96.92953812285228,96.80996232010725,0.1875,0.375,0.4375,2.3621621732861566,96.48781924354113,16.0,0.0,96.92953812285228,45
a77cad5e29a5585e,old_pc,1,1,1,False,False,False,False,0.0,1,0,96.88317849041552,96.88317849041552,0.0,1.0,0.0,1.473573567655123,96.48781924354113,16.0,15.0,96.88316930304237,45
711cc9425e2f5aff,conditional_pc,16,16,16,False,True,True,True,0.0,16,0,100.0,100.0,0.375,0.625,0.0,1.053393427779607,100.0,,,,30
711cc9425e2f5aff,quality_only,16,16,16,False,True,True,True,0.0,16,0,100.0,100.0,0.375,0.625,0.0,1.053393427779607,100.0,,,,30
711cc9425e2f5aff,score,0,0,16,True,False,False,False,1.0,0,0,100.0,,0.0,0.0,1.0,5.158825540918318,100.0,16.0,0.0,100.0,30
711cc9425e2f5aff,pareto,3,3,16,False,False,False,False,0.8125,3,0,100.0,100.0,0.125,0.0625,0.8125,6.13172497033773,100.0,16.0,0.0,100.0,30
711cc9425e2f5aff,gt_distance,3,3,16,False,False,False,False,0.8125,3,0,100.0,100.0,0.125,0.0625,0.8125,5.739675331039633,100.0,16.0,0.0,100.0,30
711cc9425e2f5aff,old_pc,16,16,16,False,True,True,True,0.0,16,0,100.0,100.0,0.375,0.625,0.0,1.053393427779607,100.0,16.0,0.0,100.0,30
2314cd5f97c5596c,conditional_pc,16,16,16,False,True,True,True,0.0,16,0,86.16066514678998,86.16066514678998,0.0,1.0,0.0,1.163694030259854,85.6254080541931,,,,28
2314cd5f97c5596c,quality_only,16,16,16,False,True,True,True,0.0,16,0,86.16066514678998,86.16066514678998,0.0,1.0,0.0,1.163694030259854,85.6254080541931,,,,28
2314cd5f97c5596c,score,0,0,16,True,False,False,False,1.0,0,0,88.63149811348616,,0.0,0.0,1.0,19.516065568065923,85.6254080541931,16.0,0.0,88.63149811348616,28
2314cd5f97c5596c,pareto,0,0,16,True,False,False,False,1.0,0,0,88.63149811348616,,0.0,0.0,1.0,19.516065568065923,85.6254080541931,16.0,0.0,88.63149811348616,28
2314cd5f97c5596c,gt_distance,0,0,16,True,False,False,False,1.0,0,0,88.36778374601208,,0.0,0.0,1.0,12.410714021162626,85.6254080541931,16.0,0.0,88.36778374601208,28
2314cd5f97c5596c,old_pc,1,1,1,False,False,False,False,0.0,1,0,86.42678928695953,86.42678928695953,0.0,1.0,0.0,1.0716680093086537,85.6254080541931,16.0,15.0,86.42682329317203,28
dc932b3cf2ba5b1b,conditional_pc,16,16,16,False,True,True,True,0.0,16,0,83.39992050619225,83.39992050619225,0.0,1.0,0.0,1.213065677181962,82.22170139784781,,,,39
dc932b3cf2ba5b1b,quality_only,16,16,16,False,True,True,True,0.0,16,0,83.39941536407412,83.39941536407412,0.0,1.0,0.0,1.2266679268003349,82.22170139784781,,,,39
dc932b3cf2ba5b1b,score,0,0,16,True,False,False,False,1.0,0,0,100.0,,0.0,0.0,1.0,147.98684034109834,82.22170139784781,16.0,0.0,100.0,39
dc932b3cf2ba5b1b,pareto,0,0,16,True,False,False,False,1.0,0,0,100.0,,0.0,0.0,1.0,131.105516927205,82.22170139784781,16.0,0.0,100.0,39
dc932b3cf2ba5b1b,gt_distance,16,16,16,False,True,True,True,0.0,16,0,84.23348308120593,84.23348308120593,0.5,0.5,0.0,0.994928797736622,82.22170139784781,16.0,0.0,84.23348308120593,39
dc932b3cf2ba5b1b,old_pc,1,1,1,False,False,False,False,0.0,1,0,84.88003030135796,84.88003030135796,0.0,1.0,0.0,1.143084635783289,82.22170139784781,16.0,15.0,84.88011391950319,39
675f0d4dff9c5318,conditional_pc,16,16,16,False,True,True,True,0.0,16,0,100.0,100.0,0.0625,0.9375,0.0,1.3032225523162837,100.0,,,,30
675f0d4dff9c5318,quality_only,16,16,16,False,True,True,True,0.0,16,0,100.0,100.0,0.0625,0.9375,0.0,1.3032225523162837,100.0,,,,30
675f0d4dff9c5318,score,0,0,16,True,False,False,False,1.0,0,0,100.0,,0.0,0.0,1.0,8.872306713193613,100.0,16.0,0.0,100.0,30
675f0d4dff9c5318,pareto,3,3,16,False,False,False,False,0.8125,3,0,100.0,100.0,0.125,0.0625,0.8125,12.605421246286502,100.0,16.0,0.0,100.0,30
675f0d4dff9c5318,gt_distance,2,2,16,False,False,False,False,0.875,2,0,100.0,100.0,0.0625,0.0625,0.875,11.292903126506662,100.0,16.0,0.0,100.0,30
675f0d4dff9c5318,old_pc,16,16,16,False,True,True,True,0.0,16,0,100.0,100.0,0.0625,0.9375,0.0,1.3032225523162837,100.0,16.0,0.0,100.0,30
9fe72fe991c859f0,conditional_pc,16,16,16,False,True,True,True,0.0,16,0,99.2397663738454,99.2397663738454,0.0,1.0,0.0,1.2068808026457438,98.94266942298114,,,,46
9fe72fe991c859f0,quality_only,16,16,16,False,True,True,True,0.0,16,0,99.2397663738454,99.2397663738454,0.0,1.0,0.0,1.206880802645744,98.94266942298114,,,,46
9fe72fe991c859f0,score,0,0,16,True,False,False,False,1.0,0,0,100.0,,0.0,0.0,1.0,9.69139953857704,98.94266942298114,16.0,0.0,100.0,46
9fe72fe991c859f0,pareto,0,0,16,True,False,False,False,1.0,0,0,100.0,,0.0,0.0,1.0,9.629650683683616,98.94266942298114,16.0,0.0,100.0,46
9fe72fe991c859f0,gt_distance,0,0,16,True,False,False,False,1.0,0,0,99.96355206591726,,0.0,0.0,1.0,5.275569634656971,98.94266942298114,16.0,0.0,99.96355206591726,46
9fe72fe991c859f0,old_pc,1,1,1,False,False,False,False,0.0,1,0,99.456990602094,99.456990602094,0.0,1.0,0.0,1.183244218384393,98.94266942298114,16.0,15.0,99.45697214645232,46
f6a1a2760a7b57a4,conditional_pc,3,3,3,False,False,False,False,0.0,3,0,88.60003577037135,88.60003577037135,1.0,0.0,0.0,0.8420561597124099,88.55517758276515,,,,3
f6a1a2760a7b57a4,quality_only,3,3,3,False,False,False,False,0.0,3,0,88.60003577037135,88.60003577037135,1.0,0.0,0.0,0.8420561597124099,88.55517758276515,,,,3
f6a1a2760a7b57a4,score,0,0,16,True,False,False,False,1.0,0,0,93.11380169520844,,0.0,0.0,1.0,23.830522191230287,88.55517758276515,16.0,0.0,93.11380169520844,3
f6a1a2760a7b57a4,pareto,0,0,16,True,False,False,False,1.0,0,0,93.11380169520844,,0.0,0.0,1.0,23.830522191230287,88.55517758276515,16.0,0.0,93.11380169520844,3
f6a1a2760a7b57a4,gt_distance,0,0,16,True,False,False,False,1.0,0,0,93.11380169520844,,0.0,0.0,1.0,23.830522191230287,88.55517758276515,16.0,0.0,93.11380169520844,3
f6a1a2760a7b57a4,old_pc,0,0,1,True,False,False,False,1.0,0,0,88.87659623867187,,0.0,1.0,0.0,1.1982682754487015,88.55517758276515,16.0,15.0,72.21237141093351,3
6176348b971f52c5,conditional_pc,16,16,16,False,True,True,True,0.0,16,0,100.0,100.0,0.0,1.0,0.0,1.2681778336863745,100.0,,,,32
6176348b971f52c5,quality_only,16,16,16,False,True,True,True,0.0,16,0,100.0,100.0,0.0,1.0,0.0,1.2681778336863745,100.0,,,,32
6176348b971f52c5,score,0,0,16,True,False,False,False,1.0,0,0,100.0,,0.0,0.0,1.0,3.258373904797557,100.0,16.0,0.0,100.0,32
6176348b971f52c5,pareto,0,0,16,True,False,False,False,1.0,0,0,100.0,,0.0,0.0,1.0,6.360247360473762,100.0,16.0,0.0,100.0,32
6176348b971f52c5,gt_distance,0,0,16,True,False,False,False,1.0,0,0,100.0,,0.0,0.0,1.0,5.2908230707125785,100.0,16.0,0.0,100.0,32
6176348b971f52c5,old_pc,16,16,16,False,True,True,True,0.0,16,0,100.0,100.0,0.0,1.0,0.0,1.2681778336863745,100.0,16.0,0.0,100.0,32
1decf76c77be59c8,conditional_pc,16,16,16,False,True,True,True,0.0,16,0,100.0,100.0,0.0,1.0,0.0,1.3148348013171178,100.0,,,,43
1decf76c77be59c8,quality_only,16,16,16,False,True,True,True,0.0,16,0,100.0,100.0,0.0,1.0,0.0,1.3148348013171178,100.0,,,,43
1decf76c77be59c8,score,0,0,16,True,False,False,False,1.0,0,0,100.0,,0.0,0.0,1.0,5.848354557988489,100.0,16.0,0.0,100.0,43
1decf76c77be59c8,pareto,2,2,16,False,False,False,False,0.875,2,0,100.0,100.0,0.0,0.1875,0.8125,7.186383856740696,100.0,16.0,0.0,100.0,43
1decf76c77be59c8,gt_distance,2,2,16,False,False,False,False,0.875,2,0,100.0,100.0,0.0625,0.0625,0.875,6.854708588479896,100.0,16.0,0.0,100.0,43
1decf76c77be59c8,old_pc,16,16,16,False,True,True,True,0.0,16,0,100.0,100.0,0.0,1.0,0.0,1.3148348013171178,100.0,16.0,0.0,100.0,43
91e6cce9eb7d5765,conditional_pc,16,16,16,False,True,True,True,0.0,16,0,91.05022087985822,91.05022087985822,0.25,0.75,0.0,1.1504307527337154,90.25749858455066,,,,28
91e6cce9eb7d5765,quality_only,16,16,16,False,True,True,True,0.0,16,0,91.05022087985822,91.05022087985822,0.25,0.75,0.0,1.1504307527337154,90.25749858455066,,,,28
91e6cce9eb7d5765,score,0,0,16,True,False,False,False,1.0,0,0,95.07966031046688,,0.0,0.0,1.0,16.268361438987803,90.25749858455066,16.0,0.0,95.07966031046688,28
91e6cce9eb7d5765,pareto,0,0,16,True,False,False,False,1.0,0,0,95.07966031046688,,0.0,0.0,1.0,16.268361438987803,90.25749858455066,16.0,0.0,95.07966031046688,28
91e6cce9eb7d5765,gt_distance,16,16,16,False,True,True,True,0.0,16,0,90.88915482023074,90.88915482023074,0.75,0.25,0.0,0.9163062947479076,90.25749858455066,16.0,0.0,90.88915482023074,28
91e6cce9eb7d5765,old_pc,1,1,1,False,False,False,False,0.0,1,0,91.71394281299963,91.71394281299963,0.0,1.0,0.0,1.3910761366338111,90.25749858455066,16.0,15.0,91.71410646793498,28
d360abe45ec55059,conditional_pc,16,16,16,False,True,True,True,0.0,16,0,99.65234874217496,99.65234874217496,0.3125,0.6875,0.0,1.1435889430923347,99.49282411572534,,,,24
d360abe45ec55059,quality_only,16,16,16,False,True,True,True,0.0,16,0,99.65234874217496,99.65234874217496,0.3125,0.6875,0.0,1.1435889430923347,99.49282411572534,,,,24
d360abe45ec55059,score,0,0,16,True,False,False,False,1.0,0,0,100.0,,0.0,0.0,1.0,8.599046532028446,99.49282411572534,16.0,0.0,100.0,24
d360abe45ec55059,pareto,0,0,16,True,False,False,False,1.0,0,0,100.0,,0.0,0.0,1.0,8.783038973112319,99.49282411572534,16.0,0.0,100.0,24
d360abe45ec55059,gt_distance,1,1,16,False,False,False,False,0.9375,1,0,99.94494819687392,99.9620855653983,0.0,0.0625,0.9375,8.973697154823085,99.49282411572534,16.0,0.0,99.94494819687392,24
d360abe45ec55059,old_pc,1,1,1,False,False,False,False,0.0,1,0,99.9620855653983,99.9620855653983,0.0,1.0,0.0,1.1157536340338752,99.49282411572534,16.0,15.0,99.96214246552836,24
45cace6f6d275159,conditional_pc,16,16,16,False,True,True,True,0.0,16,0,98.97465551278708,98.97465551278708,0.375,0.625,0.0,1.00617484462193,98.58637573878168,,,,24
45cace6f6d275159,quality_only,16,16,16,False,True,True,True,0.0,16,0,98.97465551278708,98.97465551278708,0.375,0.625,0.0,1.00617484462193,98.58637573878168,,,,24
45cace6f6d275159,score,0,0,16,True,False,False,False,1.0,0,0,100.0,,0.0,0.0,1.0,10.32833413486478,98.58637573878168,16.0,0.0,100.0,24
45cace6f6d275159,pareto,0,0,16,True,False,False,False,1.0,0,0,100.0,,0.0,0.0,1.0,10.637337266436996,98.58637573878168,16.0,0.0,100.0,24
45cace6f6d275159,gt_distance,0,0,16,True,False,False,False,1.0,0,0,99.84726290382076,,0.0,0.0,1.0,4.811975016947014,98.58637573878168,16.0,0.0,99.84726290382076,24
45cace6f6d275159,old_pc,1,1,1,False,False,False,False,0.0,1,0,99.34862616358323,99.34862616358323,0.0,1.0,0.0,1.1813284502020285,98.58637573878168,16.0,15.0,99.34857700145612,24
9551d9bffa515426,conditional_pc,16,16,16,False,True,True,True,0.0,16,0,100.0,100.0,0.0,1.0,0.0,1.1987412714833567,100.0,,,,42
9551d9bffa515426,quality_only,16,16,16,False,True,True,True,0.0,16,0,100.0,100.0,0.0,1.0,0.0,1.1987412714833567,100.0,,,,42
9551d9bffa515426,score,0,0,16,True,False,False,False,1.0,0,0,100.0,,0.0,0.0,1.0,1.8346948507077083,100.0,16.0,0.0,100.0,42
9551d9bffa515426,pareto,1,1,16,False,False,False,False,0.9375,1,0,100.0,100.0,0.0,0.0625,0.9375,6.312263524835577,100.0,16.0,0.0,100.0,42
9551d9bffa515426,gt_distance,1,1,16,False,False,False,False,0.9375,1,0,100.0,100.0,0.0,0.0625,0.9375,3.9032690611576446,100.0,16.0,0.0,100.0,42
9551d9bffa515426,old_pc,16,16,16,False,True,True,True,0.0,16,0,100.0,100.0,0.0,1.0,0.0,1.1987412714833567,100.0,16.0,0.0,100.0,42
6f95e882286e5388,conditional_pc,16,16,16,False,True,True,True,0.0,16,0,96.6415340287474,96.6415340287474,0.1875,0.8125,0.0,1.2375630718239052,95.95752676167652,,,,31
6f95e882286e5388,quality_only,16,16,16,False,True,True,True,0.0,16,0,96.6415340287474,96.6415340287474,0.1875,0.8125,0.0,1.2375630718239052,95.95752676167652,,,,31
6f95e882286e5388,score,2,2,16,False,False,False,False,0.875,2,0,97.39029517694787,97.25553329502726,0.0,0.125,0.875,3.3620990161226763,95.95752676167652,16.0,0.0,97.39029517694787,31
6f95e882286e5388,pareto,2,2,16,False,False,False,False,0.875,2,0,97.39029517694787,97.25553329502726,0.0,0.125,0.875,3.3620990161226763,95.95752676167652,16.0,0.0,97.39029517694787,31
6f95e882286e5388,gt_distance,10,10,16,False,True,True,False,0.375,10,0,96.74715949566088,96.77651692197747,0.4375,0.1875,0.375,2.7287183448282795,95.95752676167652,16.0,0.0,96.74715949566088,31
6f95e882286e5388,old_pc,1,1,1,False,False,False,False,0.0,1,0,97.29892679227736,97.29892679227736,0.0,1.0,0.0,1.407706477170861,95.95752676167652,16.0,15.0,97.29904997589172,31
fcc0457324f15902,conditional_pc,16,16,16,False,True,True,True,0.0,16,0,100.0,100.0,0.0,1.0,0.0,1.3031934963355587,100.0,,,,35
fcc0457324f15902,quality_only,16,16,16,False,True,True,True,0.0,16,0,100.0,100.0,0.0,1.0,0.0,1.3031934963355587,100.0,,,,35
fcc0457324f15902,score,0,0,16,True,False,False,False,1.0,0,0,100.0,,0.0,0.0,1.0,3.852203726174438,100.0,16.0,0.0,100.0,35
fcc0457324f15902,pareto,1,1,16,False,False,False,False,0.9375,1,0,100.0,100.0,0.0,0.0625,0.9375,10.223033823548777,100.0,16.0,0.0,100.0,35
fcc0457324f15902,gt_distance,4,4,16,False,True,False,False,0.75,4,0,100.0,100.0,0.0,0.25,0.75,3.344726815117634,100.0,16.0,0.0,100.0,35
fcc0457324f15902,old_pc,16,16,16,False,True,True,True,0.0,16,0,100.0,100.0,0.0,1.0,0.0,1.3031934963355587,100.0,16.0,0.0,100.0,35
aa58d1ab2faa5746,conditional_pc,16,16,16,False,True,True,True,0.0,16,0,100.0,100.0,0.0,1.0,0.0,1.3367803071676212,100.0,,,,48
aa58d1ab2faa5746,quality_only,16,16,16,False,True,True,True,0.0,16,0,100.0,100.0,0.0,1.0,0.0,1.3367803071676212,100.0,,,,48
aa58d1ab2faa5746,score,9,9,16,False,True,True,False,0.4375,9,0,100.0,100.0,0.0,0.5625,0.4375,2.0589734881812483,100.0,16.0,0.0,100.0,48
aa58d1ab2faa5746,pareto,2,2,16,False,False,False,False,0.875,2,0,100.0,100.0,0.0,0.125,0.875,7.565209568677584,100.0,16.0,0.0,100.0,48
aa58d1ab2faa5746,gt_distance,4,4,16,False,True,False,False,0.75,4,0,100.0,100.0,0.0625,0.1875,0.75,5.737143921222309,100.0,16.0,0.0,100.0,48
aa58d1ab2faa5746,old_pc,16,16,16,False,True,True,True,0.0,16,0,100.0,100.0,0.0,1.0,0.0,1.3367803071676212,100.0,16.0,0.0,100.0,48
5d711f77d42054d6,conditional_pc,16,16,16,False,True,True,True,0.0,16,0,81.86776223000373,81.86776223000373,0.0,1.0,0.0,1.324611386677662,80.58447363049274,,,,26
5d711f77d42054d6,quality_only,16,16,16,False,True,True,True,0.0,16,0,81.86776223000373,81.86776223000373,0.0,1.0,0.0,1.324611386677662,80.58447363049274,,,,26
5d711f77d42054d6,score,0,0,16,True,False,False,False,1.0,0,0,92.7350445746814,,0.0,0.0,1.0,25.28990439409611,80.58447363049274,16.0,0.0,92.7350445746814,26
5d711f77d42054d6,pareto,0,0,16,True,False,False,False,1.0,0,0,92.7350445746814,,0.0,0.0,1.0,25.28990439409611,80.58447363049274,16.0,0.0,92.7350445746814,26
5d711f77d42054d6,gt_distance,0,0,16,True,False,False,False,1.0,0,0,85.54949756970726,,0.0,0.0,1.0,7.240304089584553,80.58447363049274,16.0,0.0,85.54949756970726,26
5d711f77d42054d6,old_pc,1,1,1,False,False,False,False,0.0,1,0,82.96382359238062,82.96382359238062,0.0,1.0,0.0,1.964953049928368,80.58447363049274,16.0,15.0,82.96426519637463,26
fa00af6ecc8a5cb4,conditional_pc,16,16,16,False,True,True,True,0.0,16,0,97.90594673482605,97.90594673482605,0.5,0.5,0.0,1.0506767312759364,97.47642128332794,,,,26
fa00af6ecc8a5cb4,quality_only,16,16,16,False,True,True,True,0.0,16,0,97.90594673482605,97.90594673482605,0.5,0.5,0.0,1.0506767312759364,97.47642128332794,,,,26
fa00af6ecc8a5cb4,score,0,0,16,True,False,False,False,1.0,0,0,99.47529778867778,,0.0,0.0,1.0,8.120277593416006,97.47642128332794,16.0,0.0,99.47529778867778,26
fa00af6ecc8a5cb4,pareto,0,0,16,True,False,False,False,1.0,0,0,99.47529778867778,,0.0,0.0,1.0,8.120277593416006,97.47642128332794,16.0,0.0,99.47529778867778,26
fa00af6ecc8a5cb4,gt_distance,11,11,16,False,True,True,False,0.3125,11,0,98.37553504461518,98.23790181340196,0.375,0.3125,0.3125,1.7907964527023423,97.47642128332794,16.0,0.0,98.37553504461518,26
fa00af6ecc8a5cb4,old_pc,1,1,1,False,False,False,False,0.0,1,0,98.5070883968066,98.5070883968066,0.0,1.0,0.0,1.038120562489821,97.47642128332794,16.0,15.0,98.5070906538341,26
bf6158f005f956ae,conditional_pc,16,16,16,False,True,True,True,0.0,16,0,86.96254534095172,86.96254534095172,0.375,0.625,0.0,1.0896175140878963,85.7714871914624,,,,25
bf6158f005f956ae,quality_only,16,16,16,False,True,True,True,0.0,16,0,86.96254534095172,86.96254534095172,0.375,0.625,0.0,1.0896175140878963,85.7714871914624,,,,25
bf6158f005f956ae,score,0,0,16,True,False,False,False,1.0,0,0,100.0,,0.0,0.0,1.0,45.23023406003463,85.7714871914624,16.0,0.0,100.0,25
bf6158f005f956ae,pareto,0,0,16,True,False,False,False,1.0,0,0,100.0,,0.0,0.0,1.0,45.23023406003462,85.7714871914624,16.0,0.0,100.0,25
bf6158f005f956ae,gt_distance,1,1,16,False,False,False,False,0.9375,1,0,89.00916181572892,88.37691172451395,0.0,0.0625,0.9375,5.257481741942577,85.7714871914624,16.0,0.0,89.00916181572892,25
bf6158f005f956ae,old_pc,1,1,1,False,False,False,False,0.0,1,0,88.37691172451395,88.37691172451395,0.0,1.0,0.0,1.580895379810402,85.7714871914624,16.0,15.0,88.37703028882295,25
67b08ea8fc9956b0,conditional_pc,16,16,16,False,True,True,True,0.0,16,0,100.0,100.0,0.0,1.0,0.0,1.2727588722475949,100.0,,,,43
67b08ea8fc9956b0,quality_only,16,16,16,False,True,True,True,0.0,16,0,100.0,100.0,0.0,1.0,0.0,1.2727588722475949,100.0,,,,43
67b08ea8fc9956b0,score,0,0,16,True,False,False,False,1.0,0,0,100.0,,0.0,0.0,1.0,5.219899506405568,100.0,16.0,0.0,100.0,43
67b08ea8fc9956b0,pareto,1,1,16,False,False,False,False,0.9375,1,0,100.0,100.0,0.0,0.0625,0.9375,7.855295545262846,100.0,16.0,0.0,100.0,43
67b08ea8fc9956b0,gt_distance,2,2,16,False,False,False,False,0.875,2,0,100.0,100.0,0.0,0.125,0.875,6.400022239320995,100.0,16.0,0.0,100.0,43
67b08ea8fc9956b0,old_pc,16,16,16,False,True,True,True,0.0,16,0,100.0,100.0,0.0,1.0,0.0,1.2727588722475949,100.0,16.0,0.0,100.0,43
5cfcccdb3e3c539b,conditional_pc,16,16,16,False,True,True,True,0.0,16,0,96.3890182509442,96.3890182509442,0.1875,0.8125,0.0,1.1402568433513154,95.15730896725616,,,,26
5cfcccdb3e3c539b,quality_only,16,16,16,False,True,True,True,0.0,16,0,96.3890182509442,96.3890182509442,0.1875,0.8125,0.0,1.1402568433513154,95.15730896725616,,,,26
5cfcccdb3e3c539b,score,0,0,16,True,False,False,False,1.0,0,0,100.0,,0.0,0.0,1.0,16.773513439440606,95.15730896725616,16.0,0.0,100.0,26
5cfcccdb3e3c539b,pareto,0,0,16,True,False,False,False,1.0,0,0,100.0,,0.0,0.0,1.0,18.142368304134088,95.15730896725616,16.0,0.0,100.0,26
5cfcccdb3e3c539b,gt_distance,0,0,16,True,False,False,False,1.0,0,0,100.0,,0.0,0.0,1.0,15.36894538842902,95.15730896725616,16.0,0.0,100.0,26
5cfcccdb3e3c539b,old_pc,1,1,1,False,False,False,False,0.0,1,0,97.60159830061455,97.60159830061455,0.0,1.0,0.0,1.214196445724077,95.15730896725616,16.0,15.0,97.60159284097548,26
288f0194b6d45858,conditional_pc,16,16,16,False,True,True,True,0.0,16,0,92.51777483135189,92.51777483135189,0.3125,0.6875,0.0,1.1607010144343484,92.25415562236702,,,,20
288f0194b6d45858,quality_only,16,16,16,False,True,True,True,0.0,16,0,92.51777483135189,92.51777483135189,0.3125,0.6875,0.0,1.1607010144343484,92.25415562236702,,,,20
288f0194b6d45858,score,0,0,16,True,False,False,False,1.0,0,0,94.52661073139804,,0.0,0.0,1.0,10.148535114956486,92.25415562236702,16.0,0.0,94.52661073139804,20
288f0194b6d45858,pareto,0,0,16,True,False,False,False,1.0,0,0,94.52661073139804,,0.0,0.0,1.0,10.148535114956486,92.25415562236702,16.0,0.0,94.52661073139804,20
288f0194b6d45858,gt_distance,0,0,16,True,False,False,False,1.0,0,0,93.43559761897082,,0.0,0.0,1.0,3.522917965574126,92.25415562236702,16.0,0.0,93.43559761897082,20
288f0194b6d45858,old_pc,1,1,1,False,False,False,False,0.0,1,0,92.83588203931198,92.83588203931198,0.0,1.0,0.0,1.3163149234356983,92.25415562236702,16.0,15.0,92.835961697569,20
4094b79867cd5f7b,conditional_pc,16,16,16,False,True,True,True,0.0,16,0,95.8821368924648,95.8821368924648,0.625,0.375,0.0,1.0048961586331666,95.68558833837588,,,,17
4094b79867cd5f7b,quality_only,16,16,16,False,True,True,True,0.0,16,0,95.8821368924648,95.8821368924648,0.625,0.375,0.0,1.0048961586331668,95.68558833837588,,,,17
4094b79867cd5f7b,score,0,0,16,True,False,False,False,1.0,0,0,99.60950460643016,,0.0,0.0,1.0,14.08066391396991,95.68558833837588,16.0,0.0,99.60950460643016,17
4094b79867cd5f7b,pareto,0,0,16,True,False,False,False,1.0,0,0,99.60950460643016,,0.0,0.0,1.0,14.08066391396991,95.68558833837588,16.0,0.0,99.60950460643016,17
4094b79867cd5f7b,gt_distance,0,0,16,True,False,False,False,1.0,0,0,92.53125473571646,,0.0,0.0,1.0,15.68911988101579,95.68558833837588,16.0,0.0,92.53125473571646,17
4094b79867cd5f7b,old_pc,1,1,1,False,False,False,False,0.0,1,0,96.15676253774592,96.15676253774592,0.0,1.0,0.0,1.2154328615800456,95.68558833837588,16.0,15.0,96.15636394870906,17
abd994ef714a595c,conditional_pc,16,16,16,False,True,True,True,0.0,16,0,100.0,100.0,0.0,1.0,0.0,1.1884170193578252,100.0,,,,30
abd994ef714a595c,quality_only,16,16,16,False,True,True,True,0.0,16,0,100.0,100.0,0.0,1.0,0.0,1.1884170193578252,100.0,,,,30
abd994ef714a595c,score,0,0,16,True,False,False,False,1.0,0,0,100.0,,0.0,0.0,1.0,16.18642650754157,100.0,16.0,0.0,100.0,30
abd994ef714a595c,pareto,2,2,16,False,False,False,False,0.875,2,0,100.0,100.0,0.0,0.125,0.875,16.18493400876605,100.0,16.0,0.0,100.0,30
abd994ef714a595c,gt_distance,1,1,16,False,False,False,False,0.9375,1,0,100.0,100.0,0.0625,0.0,0.9375,14.897955595581635,100.0,16.0,0.0,100.0,30
abd994ef714a595c,old_pc,16,16,16,False,True,True,True,0.0,16,0,100.0,100.0,0.0,1.0,0.0,1.1884170193578252,100.0,16.0,0.0,100.0,30
4668501db7065e02,conditional_pc,16,16,16,False,True,True,True,0.0,16,0,100.0,100.0,0.0,1.0,0.0,1.310077544028283,100.0,,,,35
4668501db7065e02,quality_only,16,16,16,False,True,True,True,0.0,16,0,100.0,100.0,0.0,1.0,0.0,1.310077544028283,100.0,,,,35
4668501db7065e02,score,0,0,16,True,False,False,False,1.0,0,0,100.0,,0.0,0.0,1.0,4.831101144569317,100.0,16.0,0.0,100.0,35
4668501db7065e02,pareto,2,2,16,False,False,False,False,0.875,2,0,100.0,100.0,0.0625,0.0625,0.875,10.155078184815244,100.0,16.0,0.0,100.0,35
4668501db7065e02,gt_distance,4,4,16,False,True,False,False,0.75,4,0,100.0,100.0,0.0,0.25,0.75,5.944712476917768,100.0,16.0,0.0,100.0,35
4668501db7065e02,old_pc,16,16,16,False,True,True,True,0.0,16,0,100.0,100.0,0.0,1.0,0.0,1.310077544028283,100.0,16.0,0.0,100.0,35
289087a782995ef0,conditional_pc,16,16,16,False,True,True,True,0.0,16,0,100.0,100.0,0.0,1.0,0.0,1.2344970848686576,100.0,,,,42
289087a782995ef0,quality_only,16,16,16,False,True,True,True,0.0,16,0,100.0,100.0,0.0,1.0,0.0,1.2344970848686576,100.0,,,,42
289087a782995ef0,score,0,0,16,True,False,False,False,1.0,0,0,100.0,,0.0,0.0,1.0,2.38174171231904,100.0,16.0,0.0,100.0,42
289087a782995ef0,pareto,2,2,16,False,False,False,False,0.875,2,0,100.0,100.0,0.0,0.125,0.875,5.377381732950264,100.0,16.0,0.0,100.0,42
289087a782995ef0,gt_distance,2,2,16,False,False,False,False,0.875,2,0,100.0,100.0,0.0,0.125,0.875,4.288577567226186,100.0,16.0,0.0,100.0,42
289087a782995ef0,old_pc,16,16,16,False,True,True,True,0.0,16,0,100.0,100.0,0.0,1.0,0.0,1.2344970848686576,100.0,16.0,0.0,100.0,42
0eea4103d56352dd,conditional_pc,16,16,16,False,True,True,True,0.0,16,0,100.0,100.0,0.0,1.0,0.0,1.2993294328166658,100.0,,,,78
0eea4103d56352dd,quality_only,16,16,16,False,True,True,True,0.0,16,0,100.0,100.0,0.0,1.0,0.0,1.2993294328166658,100.0,,,,78
0eea4103d56352dd,score,0,0,16,True,False,False,False,1.0,0,0,100.0,,0.0,0.0,1.0,3.0781546327992158,100.0,16.0,0.0,100.0,78
0eea4103d56352dd,pareto,1,1,16,False,False,False,False,0.9375,1,0,100.0,100.0,0.0625,0.0,0.9375,7.404640937010712,100.0,16.0,0.0,100.0,78
0eea4103d56352dd,gt_distance,1,1,16,False,False,False,False,0.9375,1,0,100.0,100.0,0.0625,0.0,0.9375,6.966897093497167,100.0,16.0,0.0,100.0,78
0eea4103d56352dd,old_pc,16,16,16,False,True,True,True,0.0,16,0,100.0,100.0,0.0,1.0,0.0,1.2993294328166658,100.0,16.0,0.0,100.0,78
b790a763e1ee538e,conditional_pc,16,16,16,False,True,True,True,0.0,16,0,96.91842179094536,96.91842179094536,0.375,0.625,0.0,1.0527947744690005,96.65508568304529,,,,19
b790a763e1ee538e,quality_only,16,16,16,False,True,True,True,0.0,16,0,96.91842179094536,96.91842179094536,0.375,0.625,0.0,1.0527947744690005,96.65508568304529,,,,19
b790a763e1ee538e,score,0,0,16,True,False,False,False,1.0,0,0,99.90922248688643,,0.0,0.0,1.0,21.39417779593513,96.65508568304529,16.0,0.0,99.90922248688643,19
b790a763e1ee538e,pareto,0,0,16,True,False,False,False,1.0,0,0,99.90922248688643,,0.0,0.0,1.0,21.39417779593513,96.65508568304529,16.0,0.0,99.90922248688643,19
b790a763e1ee538e,gt_distance,15,15,16,False,True,True,False,0.0625,15,0,96.8339385281358,96.84687481162256,0.4375,0.5,0.0625,1.1789529447875042,96.65508568304529,16.0,0.0,96.8339385281358,19
b790a763e1ee538e,old_pc,1,1,1,False,False,False,False,0.0,1,0,97.13704127045143,97.13704127045143,0.0,1.0,0.0,1.1033555700930795,96.65508568304529,16.0,15.0,97.1363973348219,19
6ca255559e0350a5,conditional_pc,16,16,16,False,True,True,True,0.0,16,0,91.2714146637332,91.2714146637332,0.4375,0.5625,0.0,1.0556103925724425,90.9736899043128,,,,20
6ca255559e0350a5,quality_only,16,16,16,False,True,True,True,0.0,16,0,91.2714146637332,91.2714146637332,0.4375,0.5625,0.0,1.0556103925724425,90.9736899043128,,,,20
6ca255559e0350a5,score,0,0,16,True,False,False,False,1.0,0,0,93.3368248928375,,0.0,0.0,1.0,38.92841835467912,90.9736899043128,16.0,0.0,93.3368248928375,20
6ca255559e0350a5,pareto,0,0,16,True,False,False,False,1.0,0,0,93.3368248928375,,0.0,0.0,1.0,38.92841835467912,90.9736899043128,16.0,0.0,93.3368248928375,20
6ca255559e0350a5,gt_distance,0,0,16,True,False,False,False,1.0,0,0,92.27696367035212,,0.0,0.0,1.0,14.047163234648735,90.9736899043128,16.0,0.0,92.27696367035212,20
6ca255559e0350a5,old_pc,1,1,1,False,False,False,False,0.0,1,0,91.46894289490564,91.46894289490564,0.0,1.0,0.0,1.1874278357056762,90.9736899043128,16.0,15.0,91.4689310635958,20
6848c7497a065ae0,conditional_pc,16,16,16,False,True,True,True,0.0,16,0,94.32915326143102,94.32915326143102,0.1875,0.8125,0.0,1.152841140000476,92.41471762827912,,,,21
6848c7497a065ae0,quality_only,16,16,16,False,True,True,True,0.0,16,0,94.32915326143102,94.32915326143102,0.1875,0.8125,0.0,1.152841140000476,92.41471762827912,,,,21
6848c7497a065ae0,score,0,0,16,True,False,False,False,1.0,0,0,100.0,,0.0,0.0,1.0,30.40563099403499,92.41471762827912,16.0,0.0,100.0,21
6848c7497a065ae0,pareto,0,0,16,True,False,False,False,1.0,0,0,100.0,,0.0,0.0,1.0,38.39607318758951,92.41471762827912,16.0,0.0,100.0,21
6848c7497a065ae0,gt_distance,13,13,16,False,True,True,False,0.1875,13,0,93.63888241644368,93.58496646460932,0.5,0.3125,0.1875,2.017966668232903,92.41471762827912,16.0,0.0,93.63888241644368,21
6848c7497a065ae0,old_pc,1,1,1,False,False,False,False,0.0,1,0,96.91293789078972,96.91293789078972,0.0,1.0,0.0,1.5302433691038904,92.41471762827912,16.0,15.0,96.9127489827608,21
8a5bb66e9bb65101,conditional_pc,16,16,16,False,True,True,True,0.0,16,0,88.938364393351,88.938364393351,0.625,0.375,0.0,1.0415762863756706,87.76267293202783,,,,28
8a5bb66e9bb65101,quality_only,16,16,16,False,True,True,True,0.0,16,0,88.938364393351,88.938364393351,0.625,0.375,0.0,1.0415762863756706,87.76267293202783,,,,28
8a5bb66e9bb65101,score,0,0,16,True,False,False,False,1.0,0,0,99.8606239371147,,0.0,0.0,1.0,30.539552898157417,87.76267293202783,16.0,0.0,99.8606239371147,28
8a5bb66e9bb65101,pareto,0,0,16,True,False,False,False,1.0,0,0,99.8606239371147,,0.0,0.0,1.0,30.539552898157417,87.76267293202783,16.0,0.0,99.8606239371147,28
8a5bb66e9bb65101,gt_distance,0,0,16,True,False,False,False,1.0,0,0,97.1991365167462,,0.0,0.0,1.0,24.55552057792053,87.76267293202783,16.0,0.0,97.1991365167462,28
8a5bb66e9bb65101,old_pc,1,1,1,False,False,False,False,0.0,1,0,90.21357574714077,90.21357574714077,0.0,1.0,0.0,1.099826711691016,87.76267293202783,16.0,15.0,90.21357318811376,28
4fa6a8e71f4a5984,conditional_pc,16,16,16,False,True,True,True,0.0,16,0,99.38086990622747,99.38086990622747,0.0,1.0,0.0,1.1936249763075666,98.7468514278772,,,,35
4fa6a8e71f4a5984,quality_only,16,16,16,False,True,True,True,0.0,16,0,99.38086990622747,99.38086990622747,0.0,1.0,0.0,1.1936249763075666,98.7468514278772,,,,35
4fa6a8e71f4a5984,score,0,0,16,True,False,False,False,1.0,0,0,100.0,,0.0,0.0,1.0,3.807100466737984,98.7468514278772,16.0,0.0,100.0,35
4fa6a8e71f4a5984,pareto,0,0,16,True,False,False,False,1.0,0,0,100.0,,0.0,0.0,1.0,8.716917666978272,98.7468514278772,16.0,0.0,100.0,35
4fa6a8e71f4a5984,gt_distance,0,0,16,True,False,False,False,1.0,0,0,100.0,,0.0,0.0,1.0,7.476241986021021,98.7468514278772,16.0,0.0,100.0,35
4fa6a8e71f4a5984,old_pc,1,1,1,False,False,False,False,0.0,1,0,99.62198702251618,99.62198702251618,0.0,1.0,0.0,1.368323625269589,98.7468514278772,16.0,15.0,99.62199501975226,35
77ded26c7a9654ad,conditional_pc,16,16,16,False,True,True,True,0.0,16,0,80.9749842745138,80.9749842745138,0.4375,0.5625,0.0,1.0522746602888111,79.9903534427656,,,,24
77ded26c7a9654ad,quality_only,16,16,16,False,True,True,True,0.0,16,0,80.9749842745138,80.9749842745138,0.4375,0.5625,0.0,1.0522746602888111,79.9903534427656,,,,24
77ded26c7a9654ad,score,0,0,16,True,False,False,False,1.0,0,0,86.71983524589804,,0.0,0.0,1.0,12.25560120792932,79.9903534427656,16.0,0.0,86.71983524589804,24
77ded26c7a9654ad,pareto,0,0,16,True,False,False,False,1.0,0,0,86.71983524589804,,0.0,0.0,1.0,12.25560120792932,79.9903534427656,16.0,0.0,86.71983524589804,24
77ded26c7a9654ad,gt_distance,0,0,16,True,False,False,False,1.0,0,0,86.71983524589804,,0.0,0.0,1.0,12.25560120792932,79.9903534427656,16.0,0.0,86.71983524589804,24
77ded26c7a9654ad,old_pc,1,1,1,False,False,False,False,0.0,1,0,82.08412696913075,82.08412696913075,0.0,1.0,0.0,1.1356375149313345,79.9903534427656,16.0,15.0,82.08499600654103,24
5d83ddd5ec3c5326,conditional_pc,16,16,16,False,True,True,True,0.0,16,0,91.7142930446362,91.7142930446362,0.1875,0.8125,0.0,1.1517433780930997,90.38637601630852,,,,25
5d83ddd5ec3c5326,quality_only,16,16,16,False,True,True,True,0.0,16,0,91.7142930446362,91.7142930446362,0.1875,0.8125,0.0,1.1517433780930997,90.38637601630852,,,,25
5d83ddd5ec3c5326,score,15,15,16,False,True,True,False,0.0625,15,0,92.10507105993292,92.07564477522614,0.4375,0.5,0.0625,1.1494045046974084,90.38637601630852,16.0,0.0,92.10507105993292,25
5d83ddd5ec3c5326,pareto,15,15,16,False,True,True,False,0.0625,15,0,92.10507105993292,92.07564477522614,0.4375,0.5,0.0625,1.1494045046974084,90.38637601630852,16.0,0.0,92.10507105993292,25
5d83ddd5ec3c5326,gt_distance,15,15,16,False,True,True,False,0.0625,15,0,92.10507105993292,92.07564477522614,0.4375,0.5,0.0625,1.1494045046974084,90.38637601630852,16.0,0.0,92.10507105993292,25
5d83ddd5ec3c5326,old_pc,2,2,2,False,False,False,False,0.0,2,0,93.17893873472131,93.17893873472131,0.5,0.5,0.0,1.1500903414787644,90.38637601630852,16.0,14.0,93.179935667146,25
7a03013d34b355c1,conditional_pc,16,16,16,False,True,True,True,0.0,16,0,91.93871442206222,91.93871442206222,0.0,1.0,0.0,1.354124072951736,90.19836513051854,,,,29
7a03013d34b355c1,quality_only,16,16,16,False,True,True,True,0.0,16,0,91.93871442206222,91.93871442206222,0.0,1.0,0.0,1.354124072951736,90.19836513051854,,,,29
7a03013d34b355c1,score,0,0,16,True,False,False,False,1.0,0,0,94.83385627750664,,0.0,0.0,1.0,8.282429640710404,90.19836513051854,16.0,0.0,94.83385627750664,29
7a03013d34b355c1,pareto,0,0,16,True,False,False,False,1.0,0,0,94.83385627750664,,0.0,0.0,1.0,8.282429640710404,90.19836513051854,16.0,0.0,94.83385627750664,29
7a03013d34b355c1,gt_distance,0,0,16,True,False,False,False,1.0,0,0,94.83385627750664,,0.0,0.0,1.0,8.282429640710404,90.19836513051854,16.0,0.0,94.83385627750664,29
7a03013d34b355c1,old_pc,1,1,1,False,False,False,False,0.0,1,0,92.83907546433456,92.83907546433456,0.0,1.0,0.0,1.7271425339579272,90.19836513051854,16.0,15.0,92.83973434914655,29
0b2061c2aced52de,conditional_pc,16,16,16,False,True,True,True,0.0,16,0,93.66128457250592,93.66128457250592,0.5625,0.4375,0.0,1.0553560411278573,93.44730455079925,,,,25
0b2061c2aced52de,quality_only,16,16,16,False,True,True,True,0.0,16,0,93.66128457250592,93.66128457250592,0.5625,0.4375,0.0,1.0553560411278573,93.44730455079925,,,,25
0b2061c2aced52de,score,0,0,16,True,False,False,False,1.0,0,0,96.63437762395652,,0.0,0.0,1.0,26.29181337081546,93.44730455079925,16.0,0.0,96.63437762395652,25
0b2061c2aced52de,pareto,0,0,16,True,False,False,False,1.0,0,0,96.63437762395652,,0.0,0.0,1.0,26.29181337081546,93.44730455079925,16.0,0.0,96.63437762395652,25
0b2061c2aced52de,gt_distance,1,1,16,False,False,False,False,0.9375,1,0,94.29793338739113,94.00784508394744,0.0,0.0625,0.9375,5.002251278000108,93.44730455079925,16.0,0.0,94.29793338739113,25
0b2061c2aced52de,old_pc,1,1,1,False,False,False,False,0.0,1,0,94.00784508394744,94.00784508394744,0.0,1.0,0.0,1.418530013861251,93.44730455079925,16.0,15.0,94.00787403472806,25
945dcb42cd645cc2,conditional_pc,16,16,16,False,True,True,True,0.0,16,0,87.27500058759543,87.27500058759543,0.0,1.0,0.0,1.2703891197943538,85.46864868256044,,,,71
945dcb42cd645cc2,quality_only,16,16,16,False,True,True,True,0.0,16,0,87.27500058759543,87.27500058759543,0.0,1.0,0.0,1.2703891197943538,85.46864868256044,,,,71
945dcb42cd645cc2,score,0,0,16,True,False,False,False,1.0,0,0,100.0,,0.0,0.0,1.0,42.83255045095957,85.46864868256044,16.0,0.0,100.0,71
945dcb42cd645cc2,pareto,0,0,16,True,False,False,False,1.0,0,0,100.0,,0.0,0.0,1.0,45.9516451999835,85.46864868256044,16.0,0.0,100.0,71
945dcb42cd645cc2,gt_distance,8,8,16,False,True,True,False,0.5,8,0,88.45037769320952,87.52977105576645,0.1875,0.3125,0.5,3.395973109872352,85.46864868256044,16.0,0.0,88.45037769320952,71
945dcb42cd645cc2,old_pc,1,1,1,False,False,False,False,0.0,1,0,87.72810599929004,87.72810599929004,0.0,1.0,0.0,1.0285377795160535,85.46864868256044,16.0,15.0,87.72822923080344,71
66d5a6841d835e3a,conditional_pc,16,16,16,False,True,True,True,0.0,16,0,86.23022805625412,86.23022805625412,0.0,1.0,0.0,1.1500941118770285,84.8326103155438,,,,47
66d5a6841d835e3a,quality_only,16,16,16,False,True,True,True,0.0,16,0,86.23022805625412,86.23022805625412,0.0,1.0,0.0,1.1500941118770285,84.8326103155438,,,,47
66d5a6841d835e3a,score,0,0,16,True,False,False,False,1.0,0,0,94.56399303880184,,0.0,0.0,1.0,28.142392565863368,84.8326103155438,16.0,0.0,94.56399303880184,47
66d5a6841d835e3a,pareto,0,0,16,True,False,False,False,1.0,0,0,94.56399303880184,,0.0,0.0,1.0,28.142392565863368,84.8326103155438,16.0,0.0,94.56399303880184,47
66d5a6841d835e3a,gt_distance,0,0,16,True,False,False,False,1.0,0,0,91.8953690051596,,0.0,0.0,1.0,20.50668009827704,84.8326103155438,16.0,0.0,91.8953690051596,47
66d5a6841d835e3a,old_pc,1,1,1,False,False,False,False,0.0,1,0,87.44563266740782,87.44563266740782,0.0,1.0,0.0,1.4463520410019564,84.8326103155438,16.0,15.0,87.44559006424896,47
1035d1c56f0f5ba9,conditional_pc,16,16,16,False,True,True,True,0.0,16,0,96.2934659934372,96.2934659934372,0.3125,0.6875,0.0,1.1070891849583484,96.05428298943254,,,,26
1035d1c56f0f5ba9,quality_only,16,16,16,False,True,True,True,0.0,16,0,96.2934659934372,96.2934659934372,0.3125,0.6875,0.0,1.1070891849583484,96.05428298943254,,,,26
1035d1c56f0f5ba9,score,0,0,16,True,False,False,False,1.0,0,0,99.76631016825225,,0.0,0.0,1.0,29.64867025370484,96.05428298943254,16.0,0.0,99.76631016825225,26
1035d1c56f0f5ba9,pareto,0,0,16,True,False,False,False,1.0,0,0,99.76631016825225,,0.0,0.0,1.0,29.64867025370484,96.05428298943254,16.0,0.0,99.76631016825225,26
1035d1c56f0f5ba9,gt_distance,7,7,16,False,True,False,False,0.5625,7,0,96.67141782604035,96.44807406247436,0.0625,0.375,0.5625,2.943165539708588,96.05428298943254,16.0,0.0,96.67141782604035,26
1035d1c56f0f5ba9,old_pc,1,1,1,False,False,False,False,0.0,1,0,96.53129511332452,96.53129511332452,0.0,1.0,0.0,1.19505986276766,96.05428298943254,16.0,15.0,96.53130941351009,26
98ad6d2817355b99,conditional_pc,16,16,16,False,True,True,True,0.0,16,0,100.0,100.0,0.0,1.0,0.0,1.7581656270175627,100.0,,,,37
98ad6d2817355b99,quality_only,16,16,16,False,True,True,True,0.0,16,0,100.0,100.0,0.0,1.0,0.0,1.7581656270175627,100.0,,,,37
98ad6d2817355b99,score,0,0,16,True,False,False,False,1.0,0,0,100.0,,0.0,0.0,1.0,8.537237138433724,100.0,16.0,0.0,100.0,37
98ad6d2817355b99,pareto,3,3,16,False,False,False,False,0.8125,3,0,100.0,100.0,0.125,0.0625,0.8125,10.31285776283589,100.0,16.0,0.0,100.0,37
98ad6d2817355b99,gt_distance,2,2,16,False,False,False,False,0.875,2,0,100.0,100.0,0.125,0.0,0.875,8.631892063999171,100.0,16.0,0.0,100.0,37
98ad6d2817355b99,old_pc,16,16,16,False,True,True,True,0.0,16,0,100.0,100.0,0.0,1.0,0.0,1.7581656270175627,100.0,16.0,0.0,100.0,37
293fd2580df350a8,conditional_pc,16,16,16,False,True,True,True,0.0,16,0,100.0,100.0,0.0,1.0,0.0,1.1962696269673905,100.0,,,,30
293fd2580df350a8,quality_only,16,16,16,False,True,True,True,0.0,16,0,100.0,100.0,0.0,1.0,0.0,1.1962696269673905,100.0,,,,30
293fd2580df350a8,score,0,0,16,True,False,False,False,1.0,0,0,100.0,,0.0,0.0,1.0,9.505086367890057,100.0,16.0,0.0,100.0,30
293fd2580df350a8,pareto,1,1,16,False,False,False,False,0.9375,1,0,100.0,100.0,0.0625,0.0,0.9375,15.619147214805826,100.0,16.0,0.0,100.0,30
293fd2580df350a8,gt_distance,2,2,16,False,False,False,False,0.875,2,0,100.0,100.0,0.0,0.125,0.875,13.50974415748151,100.0,16.0,0.0,100.0,30
293fd2580df350a8,old_pc,16,16,16,False,True,True,True,0.0,16,0,100.0,100.0,0.0,1.0,0.0,1.1962696269673905,100.0,16.0,0.0,100.0,30
6864977b221059e4,conditional_pc,16,16,16,False,True,True,True,0.0,16,0,84.84851434174688,84.84851434174688,0.8125,0.1875,0.0,0.983642518289864,83.65955473302256,,,,21
6864977b221059e4,quality_only,16,16,16,False,True,True,True,0.0,16,0,84.84851434174688,84.84851434174688,0.8125,0.1875,0.0,0.983642518289864,83.65955473302256,,,,21
6864977b221059e4,score,0,0,16,True,False,False,False,1.0,0,0,100.0,,0.0,0.0,1.0,41.80435568459718,83.65955473302256,16.0,0.0,100.0,21
6864977b221059e4,pareto,0,0,16,True,False,False,False,1.0,0,0,100.0,,0.0,0.0,1.0,50.293193569183565,83.65955473302256,16.0,0.0,100.0,21
6864977b221059e4,gt_distance,0,0,16,True,False,False,False,1.0,0,0,97.55230536215304,,0.0,0.0,1.0,22.64364898702888,83.65955473302256,16.0,0.0,97.55230536215304,21
6864977b221059e4,old_pc,1,1,1,False,False,False,False,0.0,1,0,85.78557129477986,85.78557129477986,0.0,1.0,0.0,1.473346077025648,83.65955473302256,16.0,15.0,85.78567732283197,21
161154cbf4245a3d,conditional_pc,16,16,16,False,True,True,True,0.0,16,0,99.23782097902058,99.23782097902058,0.3125,0.6875,0.0,1.1037255775323156,98.75676393997998,,,,22
161154cbf4245a3d,quality_only,16,16,16,False,True,True,True,0.0,16,0,99.23782097902058,99.23782097902058,0.3125,0.6875,0.0,1.1037255775323156,98.75676393997998,,,,22
161154cbf4245a3d,score,8,8,16,False,True,True,False,0.5,8,0,99.70258196825196,99.67584264544656,0.375,0.125,0.5,2.58860793481493,98.75676393997998,16.0,0.0,99.70258196825196,22
161154cbf4245a3d,pareto,8,8,16,False,True,True,False,0.5,8,0,99.70258196825196,99.67584264544656,0.375,0.125,0.5,2.58860793481493,98.75676393997998,16.0,0.0,99.70258196825196,22
161154cbf4245a3d,gt_distance,16,16,16,False,True,True,True,0.0,16,0,99.41126955267416,99.41126955267416,0.625,0.375,0.0,0.970278288844106,98.75676393997998,16.0,0.0,99.41126955267416,22
161154cbf4245a3d,old_pc,1,1,1,False,False,False,False,0.0,1,0,99.96863982067872,99.96863982067872,1.0,0.0,0.0,0.8376421421803849,98.75676393997998,16.0,15.0,99.96846325323818,22
023664205ae95402,conditional_pc,16,16,16,False,True,True,True,0.0,16,0,91.11093727342973,91.11093727342973,0.0,1.0,0.0,1.278224444692309,89.86906613423078,,,,45
023664205ae95402,quality_only,16,16,16,False,True,True,True,0.0,16,0,91.11093727342973,91.11093727342973,0.0,1.0,0.0,1.278224444692309,89.86906613423078,,,,45
023664205ae95402,score,4,4,16,False,True,False,False,0.75,4,0,92.01396236009391,91.97530818222208,0.0625,0.1875,0.75,5.263444746414768,89.86906613423078,16.0,0.0,92.01396236009391,45
023664205ae95402,pareto,4,4,16,False,True,False,False,0.75,4,0,92.01396236009391,91.97530818222208,0.0625,0.1875,0.75,5.263444746414768,89.86906613423078,16.0,0.0,92.01396236009391,45
023664205ae95402,gt_distance,4,4,16,False,True,False,False,0.75,4,0,92.01396236009391,91.97530818222208,0.0625,0.1875,0.75,5.263444746414768,89.86906613423078,16.0,0.0,92.01396236009391,45
023664205ae95402,old_pc,1,1,1,False,False,False,False,0.0,1,0,92.47630986832604,92.47630986832604,0.0,1.0,0.0,1.1927156013170357,89.86906613423078,16.0,15.0,92.47644546660216,45
cd07f4279fa35240,conditional_pc,16,16,16,False,True,True,True,0.0,16,0,88.53715110571622,88.53715110571622,0.0,1.0,0.0,1.1406928672517556,86.50086496207457,,,,36
cd07f4279fa35240,quality_only,16,16,16,False,True,True,True,0.0,16,0,88.53715110571622,88.53715110571622,0.0,1.0,0.0,1.1406928672517556,86.50086496207457,,,,36
cd07f4279fa35240,score,0,0,16,True,False,False,False,1.0,0,0,100.0,,0.0,0.0,1.0,19.328144622263128,86.50086496207457,16.0,0.0,100.0,36
cd07f4279fa35240,pareto,0,0,16,True,False,False,False,1.0,0,0,100.0,,0.0,0.0,1.0,23.65027234354305,86.50086496207457,16.0,0.0,100.0,36
cd07f4279fa35240,gt_distance,1,1,16,False,False,False,False,0.9375,1,0,93.90240549511202,90.0660229251732,0.0,0.0625,0.9375,5.160315457619506,86.50086496207457,16.0,0.0,93.90240549511202,36
cd07f4279fa35240,old_pc,1,1,1,False,False,False,False,0.0,1,0,90.0660229251732,90.0660229251732,0.0,1.0,0.0,1.098065186441732,86.50086496207457,16.0,15.0,90.06581129081597,36
7ae1fa9094f355c5,conditional_pc,16,16,16,False,True,True,True,0.0,16,0,100.0,100.0,0.0,1.0,0.0,1.2277849339394578,100.0,,,,31
7ae1fa9094f355c5,quality_only,16,16,16,False,True,True,True,0.0,16,0,100.0,100.0,0.0,1.0,0.0,1.2277849339394578,100.0,,,,31
7ae1fa9094f355c5,score,0,0,16,True,False,False,False,1.0,0,0,100.0,,0.0,0.0,1.0,6.686432445622803,100.0,16.0,0.0,100.0,31
7ae1fa9094f355c5,pareto,3,3,16,False,False,False,False,0.8125,3,0,100.0,100.0,0.0,0.1875,0.8125,12.751156420475269,100.0,16.0,0.0,100.0,31
7ae1fa9094f355c5,gt_distance,3,3,16,False,False,False,False,0.8125,3,0,100.0,100.0,0.0,0.1875,0.8125,6.674408513237164,100.0,16.0,0.0,100.0,31
7ae1fa9094f355c5,old_pc,16,16,16,False,True,True,True,0.0,16,0,100.0,100.0,0.0,1.0,0.0,1.2277849339394578,100.0,16.0,0.0,100.0,31
b7b9f31751e459f0,conditional_pc,16,16,16,False,True,True,True,0.0,16,0,90.01090176562428,90.01090176562428,0.625,0.375,0.0,1.0419977972423846,89.71693217019214,,,,26
b7b9f31751e459f0,quality_only,16,16,16,False,True,True,True,0.0,16,0,90.01090176562428,90.01090176562428,0.625,0.375,0.0,1.0419977972423846,89.71693217019214,,,,26
b7b9f31751e459f0,score,0,0,16,True,False,False,False,1.0,0,0,92.36006727693815,,0.0,0.0,1.0,18.9625616285216,89.71693217019214,16.0,0.0,92.36006727693815,26
b7b9f31751e459f0,pareto,0,0,16,True,False,False,False,1.0,0,0,92.36006727693815,,0.0,0.0,1.0,18.9625616285216,89.71693217019214,16.0,0.0,92.36006727693815,26
b7b9f31751e459f0,gt_distance,1,1,16,False,False,False,False,0.9375,1,0,91.29079581818164,90.25966853776536,0.0625,0.0,0.9375,9.556460803695494,89.71693217019214,16.0,0.0,91.29079581818164,26
b7b9f31751e459f0,old_pc,1,1,1,False,False,False,False,0.0,1,0,90.25748210895678,90.25748210895678,0.0,1.0,0.0,1.4205595215760531,89.71693217019214,16.0,15.0,90.25756708726664,26
94cf3d2feed759ac,conditional_pc,16,16,16,False,True,True,True,0.0,16,0,100.0,100.0,0.0625,0.9375,0.0,1.1487467892987746,100.0,,,,32
94cf3d2feed759ac,quality_only,16,16,16,False,True,True,True,0.0,16,0,100.0,100.0,0.0625,0.9375,0.0,1.1487467892987746,100.0,,,,32
94cf3d2feed759ac,score,14,14,16,False,True,True,False,0.125,14,0,100.0,100.0,0.375,0.5,0.125,1.5117758260430052,100.0,16.0,0.0,100.0,32
94cf3d2feed759ac,pareto,11,11,16,False,True,True,False,0.3125,11,0,100.0,100.0,0.1875,0.5,0.3125,1.797633004280066,100.0,16.0,0.0,100.0,32
94cf3d2feed759ac,gt_distance,13,13,16,False,True,True,False,0.1875,13,0,100.0,100.0,0.3125,0.5,0.1875,1.623568808566295,100.0,16.0,0.0,100.0,32
94cf3d2feed759ac,old_pc,16,16,16,False,True,True,True,0.0,16,0,100.0,100.0,0.0625,0.9375,0.0,1.1483011794717743,100.0,16.0,0.0,100.0,32
9f4e94fa77b555dd,conditional_pc,16,16,16,False,True,True,True,0.0,16,0,100.0,100.0,0.0,1.0,0.0,1.4282973586746484,100.0,,,,41
9f4e94fa77b555dd,quality_only,16,16,16,False,True,True,True,0.0,16,0,100.0,100.0,0.0,1.0,0.0,1.4282973586746484,100.0,,,,41
9f4e94fa77b555dd,score,0,0,16,True,False,False,False,1.0,0,0,100.0,,0.0,0.0,1.0,4.395212882784521,100.0,16.0,0.0,100.0,41
9f4e94fa77b555dd,pareto,2,2,16,False,False,False,False,0.875,2,0,100.0,100.0,0.125,0.0,0.875,10.967637444496958,100.0,16.0,0.0,100.0,41
9f4e94fa77b555dd,gt_distance,2,2,16,False,False,False,False,0.875,2,0,100.0,100.0,0.125,0.0,0.875,9.646568007316256,100.0,16.0,0.0,100.0,41
9f4e94fa77b555dd,old_pc,16,16,16,False,True,True,True,0.0,16,0,100.0,100.0,0.0,1.0,0.0,1.4282973586746484,100.0,16.0,0.0,100.0,41
5985ea459f145e5c,conditional_pc,16,16,16,False,True,True,True,0.0,16,0,95.90922895389927,95.90922895389927,0.0,1.0,0.0,1.2791148950637083,95.41939113639964,,,,33
5985ea459f145e5c,quality_only,16,16,16,False,True,True,True,0.0,16,0,95.90922178814964,95.90922178814964,0.0,1.0,0.0,1.2804332080650027,95.41939113639964,,,,33
5985ea459f145e5c,score,0,0,16,True,False,False,False,1.0,0,0,98.14002753177498,,0.0,0.0,1.0,12.929487304871104,95.41939113639964,16.0,0.0,98.14002753177498,33
5985ea459f145e5c,pareto,0,0,16,True,False,False,False,1.0,0,0,98.14002753177498,,0.0,0.0,1.0,12.929487304871104,95.41939113639964,16.0,0.0,98.14002753177498,33
5985ea459f145e5c,gt_distance,1,1,16,False,False,False,False,0.9375,1,0,96.47640229485071,96.12317364837764,0.0,0.0625,0.9375,4.551352570521854,95.41939113639964,16.0,0.0,96.47640229485071,33
5985ea459f145e5c,old_pc,1,1,1,False,False,False,False,0.0,1,0,96.40111234958675,96.40111234958675,0.0,1.0,0.0,1.3763627256915714,95.41939113639964,16.0,15.0,96.40107073576762,33
624789926abe5dac,conditional_pc,16,16,16,False,True,True,True,0.0,16,0,100.0,100.0,0.0,1.0,0.0,1.3780396916399975,100.0,,,,68
624789926abe5dac,quality_only,16,16,16,False,True,True,True,0.0,16,0,100.0,100.0,0.0,1.0,0.0,1.3780396916399975,100.0,,,,68
624789926abe5dac,score,4,4,16,False,True,False,False,0.75,4,0,100.0,100.0,0.0,0.25,0.75,1.7403722018285606,100.0,16.0,0.0,100.0,68
624789926abe5dac,pareto,2,2,16,False,False,False,False,0.875,2,0,100.0,100.0,0.0,0.125,0.875,4.775829489575891,100.0,16.0,0.0,100.0,68
624789926abe5dac,gt_distance,2,2,16,False,False,False,False,0.875,2,0,100.0,100.0,0.0,0.125,0.875,4.1490048955343335,100.0,16.0,0.0,100.0,68
624789926abe5dac,old_pc,16,16,16,False,True,True,True,0.0,16,0,100.0,100.0,0.0,1.0,0.0,1.3780396916399975,100.0,16.0,0.0,100.0,68
adb657c849df5d9e,conditional_pc,16,16,16,False,True,True,True,0.0,16,0,100.0,100.0,0.0,1.0,0.0,1.2746205508829307,100.0,,,,30
adb657c849df5d9e,quality_only,16,16,16,False,True,True,True,0.0,16,0,100.0,100.0,0.0,1.0,0.0,1.2746205508829307,100.0,,,,30
adb657c849df5d9e,score,0,0,16,True,False,False,False,1.0,0,0,100.0,,0.0,0.0,1.0,10.974997626557638,100.0,16.0,0.0,100.0,30
adb657c849df5d9e,pareto,2,2,16,False,False,False,False,0.875,2,0,100.0,100.0,0.0,0.125,0.875,10.766928614651349,100.0,16.0,0.0,100.0,30
adb657c849df5d9e,gt_distance,2,2,16,False,False,False,False,0.875,2,0,100.0,100.0,0.0,0.125,0.875,11.306783902263948,100.0,16.0,0.0,100.0,30
adb657c849df5d9e,old_pc,16,16,16,False,True,True,True,0.0,16,0,100.0,100.0,0.0,1.0,0.0,1.2746205508829307,100.0,16.0,0.0,100.0,30
095f95bdbf1054d0,conditional_pc,16,16,16,False,True,True,True,0.0,16,0,100.0,100.0,0.0,1.0,0.0,1.224707167540061,100.0,,,,30
095f95bdbf1054d0,quality_only,16,16,16,False,True,True,True,0.0,16,0,100.0,100.0,0.0,1.0,0.0,1.224707167540061,100.0,,,,30
095f95bdbf1054d0,score,0,0,16,True,False,False,False,1.0,0,0,100.0,,0.0,0.0,1.0,16.55828228188699,100.0,16.0,0.0,100.0,30
095f95bdbf1054d0,pareto,1,1,16,False,False,False,False,0.9375,1,0,100.0,100.0,0.0,0.0625,0.9375,15.16929512635009,100.0,16.0,0.0,100.0,30
095f95bdbf1054d0,gt_distance,1,1,16,False,False,False,False,0.9375,1,0,100.0,100.0,0.0,0.0625,0.9375,14.697892966279316,100.0,16.0,0.0,100.0,30
095f95bdbf1054d0,old_pc,16,16,16,False,True,True,True,0.0,16,0,100.0,100.0,0.0,1.0,0.0,1.224707167540061,100.0,16.0,0.0,100.0,30
d117940fcb945ac1,conditional_pc,16,16,16,False,True,True,True,0.0,16,0,96.47333302996198,96.47333302996198,0.375,0.625,0.0,1.1039546413155163,96.063892688322,,,,19
d117940fcb945ac1,quality_only,16,16,16,False,True,True,True,0.0,16,0,96.47333302996198,96.47333302996198,0.375,0.625,0.0,1.1039546413155163,96.063892688322,,,,19
d117940fcb945ac1,score,0,0,16,True,False,False,False,1.0,0,0,98.72026345641213,,0.0,0.0,1.0,9.926081537171662,96.063892688322,16.0,0.0,98.72026345641213,19
d117940fcb945ac1,pareto,0,0,16,True,False,False,False,1.0,0,0,98.72026345641213,,0.0,0.0,1.0,9.926081537171662,96.063892688322,16.0,0.0,98.72026345641213,19
d117940fcb945ac1,gt_distance,1,1,16,False,False,False,False,0.9375,1,0,97.10129159171908,97.01586639542766,0.0,0.0625,0.9375,8.649170152104636,96.063892688322,16.0,0.0,97.10129159171908,19
d117940fcb945ac1,old_pc,1,1,1,False,False,False,False,0.0,1,0,97.01586639542766,97.01586639542766,0.0,1.0,0.0,1.6729359127424113,96.063892688322,16.0,15.0,97.0159186401094,19
ef023f6f394f5be8,conditional_pc,16,16,16,False,True,True,True,0.0,16,0,87.12137966386328,87.12137966386328,0.3125,0.6875,0.0,1.117116218475411,86.20936600957772,,,,24
ef023f6f394f5be8,quality_only,16,16,16,False,True,True,True,0.0,16,0,87.12137966386328,87.12137966386328,0.3125,0.6875,0.0,1.117116218475411,86.20936600957772,,,,24
ef023f6f394f5be8,score,0,0,16,True,False,False,False,1.0,0,0,94.04145572842384,,0.0,0.0,1.0,21.340983923127425,86.20936600957772,16.0,0.0,94.04145572842384,24
ef023f6f394f5be8,pareto,0,0,16,True,False,False,False,1.0,0,0,94.04145572842384,,0.0,0.0,1.0,21.340983923127425,86.20936600957772,16.0,0.0,94.04145572842384,24
ef023f6f394f5be8,gt_distance,1,1,16,False,False,False,False,0.9375,1,0,89.37631449878383,87.90415406897802,0.0,0.0625,0.9375,5.4087472748098815,86.20936600957772,16.0,0.0,89.37631449878383,24
ef023f6f394f5be8,old_pc,1,1,1,False,False,False,False,0.0,1,0,87.90415406897802,87.90415406897802,0.0,1.0,0.0,1.2934142754044582,86.20936600957772,16.0,15.0,87.90354481971885,24
451631b82dd757e4,conditional_pc,16,16,16,False,True,True,True,0.0,16,0,100.0,100.0,0.0,1.0,0.0,1.2495160952732691,100.0,,,,34
451631b82dd757e4,quality_only,16,16,16,False,True,True,True,0.0,16,0,100.0,100.0,0.0,1.0,0.0,1.2495160952732691,100.0,,,,34
451631b82dd757e4,score,0,0,16,True,False,False,False,1.0,0,0,100.0,,0.0,0.0,1.0,8.269255413764668,100.0,16.0,0.0,100.0,34
451631b82dd757e4,pareto,2,2,16,False,False,False,False,0.875,2,0,100.0,100.0,0.0625,0.0625,0.875,9.067923455714062,100.0,16.0,0.0,100.0,34
451631b82dd757e4,gt_distance,2,2,16,False,False,False,False,0.875,2,0,100.0,100.0,0.0625,0.0625,0.875,9.067923455714062,100.0,16.0,0.0,100.0,34
451631b82dd757e4,old_pc,16,16,16,False,True,True,True,0.0,16,0,100.0,100.0,0.0,1.0,0.0,1.2495160952732691,100.0,16.0,0.0,100.0,34
b25e5caac7645be6,conditional_pc,16,16,16,False,True,True,True,0.0,16,0,88.03589988505898,88.03589988505898,0.3125,0.6875,0.0,1.0850809079572992,86.91010773012555,,,,23
b25e5caac7645be6,quality_only,16,16,16,False,True,True,True,0.0,16,0,88.03589988505898,88.03589988505898,0.3125,0.6875,0.0,1.0850809079572992,86.91010773012555,,,,23
b25e5caac7645be6,score,2,2,16,False,False,False,False,0.875,2,0,89.27141920035531,88.98573057272192,0.0,0.125,0.875,6.348976881758489,86.91010773012555,16.0,0.0,89.27141920035531,23
b25e5caac7645be6,pareto,2,2,16,False,False,False,False,0.875,2,0,89.27141920035531,88.98573057272192,0.0,0.125,0.875,6.348976881758489,86.91010773012555,16.0,0.0,89.27141920035531,23
b25e5caac7645be6,gt_distance,2,2,16,False,False,False,False,0.875,2,0,89.16100174866438,88.98573057272192,0.0,0.125,0.875,5.437948361222464,86.91010773012555,16.0,0.0,89.16100174866438,23
b25e5caac7645be6,old_pc,1,1,1,False,False,False,False,0.0,1,0,89.16411860037553,89.16411860037553,0.0,1.0,0.0,1.2532883956238243,86.91010773012555,16.0,15.0,89.16426296274322,23
277898ef740c5ab1,conditional_pc,16,16,16,False,True,True,True,0.0,16,0,100.0,100.0,0.0,1.0,0.0,1.1861832089938442,100.0,,,,48
277898ef740c5ab1,quality_only,16,16,16,False,True,True,True,0.0,16,0,100.0,100.0,0.0,1.0,0.0,1.1861832089938442,100.0,,,,48
277898ef740c5ab1,score,3,3,16,False,False,False,False,0.8125,3,0,100.0,100.0,0.0,0.1875,0.8125,1.9285340358995369,100.0,16.0,0.0,100.0,48
277898ef740c5ab1,pareto,2,2,16,False,False,False,False,0.875,2,0,100.0,100.0,0.0,0.125,0.875,5.607783770458736,100.0,16.0,0.0,100.0,48
277898ef740c5ab1,gt_distance,4,4,16,False,True,False,False,0.75,4,0,100.0,100.0,0.0625,0.1875,0.75,3.769862287737333,100.0,16.0,0.0,100.0,48
277898ef740c5ab1,old_pc,16,16,16,False,True,True,True,0.0,16,0,100.0,100.0,0.0,1.0,0.0,1.1861832089938442,100.0,16.0,0.0,100.0,48
de94e95519d85f21,conditional_pc,16,16,16,False,True,True,True,0.0,16,0,93.40510474116584,93.40510474116584,0.25,0.75,0.0,1.0754584189761986,92.194903970825,,,,17
de94e95519d85f21,quality_only,16,16,16,False,True,True,True,0.0,16,0,93.40510474116584,93.40510474116584,0.25,0.75,0.0,1.0754584189761986,92.194903970825,,,,17
de94e95519d85f21,score,11,11,16,False,True,True,False,0.3125,11,0,93.92125657275854,93.75058588056254,0.1875,0.5,0.3125,2.685310963324317,92.194903970825,16.0,0.0,93.92125657275854,17
de94e95519d85f21,pareto,11,11,16,False,True,True,False,0.3125,11,0,93.92125657275854,93.75058588056254,0.1875,0.5,0.3125,2.685310963324317,92.194903970825,16.0,0.0,93.92125657275854,17
de94e95519d85f21,gt_distance,11,11,16,False,True,True,False,0.3125,11,0,93.92125657275854,93.75058588056254,0.1875,0.5,0.3125,2.685310963324317,92.194903970825,16.0,0.0,93.92125657275854,17
de94e95519d85f21,old_pc,1,1,1,False,False,False,False,0.0,1,0,94.5614218668152,94.5614218668152,0.0,1.0,0.0,1.4896611309670842,92.194903970825,16.0,15.0,94.5617113507329,17
cec9570f9fd3504b,conditional_pc,0,0,0,True,False,False,False,1.0,0,0,,,,,,,100.0,,,,0
cec9570f9fd3504b,quality_only,0,0,0,True,False,False,False,1.0,0,0,,,,,,,100.0,,,,0
cec9570f9fd3504b,score,0,0,16,True,False,False,False,1.0,0,0,100.0,,0.0,0.0,1.0,4.2295255774503655,100.0,16.0,0.0,100.0,0
cec9570f9fd3504b,pareto,0,0,16,True,False,False,False,1.0,0,0,100.0,,0.0,0.0625,0.9375,8.92780386609364,100.0,16.0,0.0,100.0,0
cec9570f9fd3504b,gt_distance,0,0,16,True,False,False,False,1.0,0,0,100.0,,0.0625,0.1875,0.75,4.203392130376644,100.0,16.0,0.0,100.0,0
cec9570f9fd3504b,old_pc,0,0,1,True,False,False,False,1.0,0,0,100.0,,0.0,1.0,0.0,1.6550641578285548,100.0,16.0,15.0,100.0,0
654a0ce9f6305cee,conditional_pc,16,16,16,False,True,True,True,0.0,16,0,100.0,100.0,0.0,1.0,0.0,1.2058731163005936,100.0,,,,31
654a0ce9f6305cee,quality_only,16,16,16,False,True,True,True,0.0,16,0,100.0,100.0,0.0,1.0,0.0,1.2058731163005936,100.0,,,,31
654a0ce9f6305cee,score,0,0,16,True,False,False,False,1.0,0,0,100.0,,0.0,0.0,1.0,4.322299368487619,100.0,16.0,0.0,100.0,31
654a0ce9f6305cee,pareto,1,1,16,False,False,False,False,0.9375,1,0,100.0,100.0,0.0,0.0625,0.9375,20.88491058730902,100.0,16.0,0.0,100.0,31
654a0ce9f6305cee,gt_distance,1,1,16,False,False,False,False,0.9375,1,0,100.0,100.0,0.0,0.0625,0.9375,19.883911572697,100.0,16.0,0.0,100.0,31
654a0ce9f6305cee,old_pc,16,16,16,False,True,True,True,0.0,16,0,100.0,100.0,0.0,1.0,0.0,1.2058731163005936,100.0,16.0,0.0,100.0,31
672173aac8685233,conditional_pc,0,0,0,True,False,False,False,1.0,0,0,,,,,,,96.02074047573716,,,,0
672173aac8685233,quality_only,0,0,0,True,False,False,False,1.0,0,0,,,,,,,96.02074047573716,,,,0
672173aac8685233,score,0,0,16,True,False,False,False,1.0,0,0,98.62725535386458,,0.0,0.0,1.0,12.111522929071256,96.02074047573716,16.0,0.0,98.62725535386458,0
672173aac8685233,pareto,0,0,16,True,False,False,False,1.0,0,0,97.57130557987162,,0.0,0.0,1.0,9.455400512630028,96.02074047573716,16.0,0.0,97.57130557987162,0
672173aac8685233,gt_distance,0,0,16,True,False,False,False,1.0,0,0,96.78909149175428,,0.0,0.0,1.0,7.7368485513531855,96.02074047573716,16.0,0.0,96.78909149175428,0
672173aac8685233,old_pc,0,0,1,True,False,False,False,1.0,0,0,96.43363371554672,,0.0,1.0,0.0,1.252802492241639,96.02074047573716,16.0,15.0,96.43368606954448,0
74bf7898a5565ef7,conditional_pc,16,16,16,False,True,True,True,0.0,16,0,85.44315796467858,85.44315796467858,0.625,0.375,0.0,1.0011400732926536,84.98045859919188,,,,20
74bf7898a5565ef7,quality_only,16,16,16,False,True,True,True,0.0,16,0,85.44315796467858,85.44315796467858,0.625,0.375,0.0,1.0011400732926536,84.98045859919188,,,,20
74bf7898a5565ef7,score,0,0,16,True,False,False,False,1.0,0,0,93.93139921308811,,0.0,0.0,1.0,68.1763374552974,84.98045859919188,16.0,0.0,93.93139921308811,20
74bf7898a5565ef7,pareto,0,0,16,True,False,False,False,1.0,0,0,93.93139921308811,,0.0,0.0,1.0,68.1763374552974,84.98045859919188,16.0,0.0,93.93139921308811,20
74bf7898a5565ef7,gt_distance,14,14,16,False,True,True,False,0.125,14,0,85.62522723879495,85.59384599871322,0.6875,0.1875,0.125,1.0042691564101356,84.98045859919188,16.0,0.0,85.62522723879495,20
74bf7898a5565ef7,old_pc,1,1,1,False,False,False,False,0.0,1,0,85.83381456376027,85.83381456376027,0.0,1.0,0.0,1.1694181569105353,84.98045859919188,16.0,15.0,85.83383451360852,20
4393df900c6557cb,conditional_pc,16,16,16,False,True,True,True,0.0,16,0,100.0,100.0,0.0,1.0,0.0,1.2757297429012786,100.0,,,,40
4393df900c6557cb,quality_only,16,16,16,False,True,True,True,0.0,16,0,100.0,100.0,0.0,1.0,0.0,1.2757297429012786,100.0,,,,40
4393df900c6557cb,score,0,0,16,True,False,False,False,1.0,0,0,100.0,,0.0,0.0,1.0,2.612908993594933,100.0,16.0,0.0,100.0,40
4393df900c6557cb,pareto,3,3,16,False,False,False,False,0.8125,3,0,100.0,100.0,0.0625,0.125,0.8125,4.072889912385152,100.0,16.0,0.0,100.0,40
4393df900c6557cb,gt_distance,2,2,16,False,False,False,False,0.875,2,0,100.0,100.0,0.0,0.125,0.875,3.988914021425966,100.0,16.0,0.0,100.0,40
4393df900c6557cb,old_pc,16,16,16,False,True,True,True,0.0,16,0,100.0,100.0,0.0,1.0,0.0,1.2757297429012786,100.0,16.0,0.0,100.0,40
059fb1d0f20e58d6,conditional_pc,16,16,16,False,True,True,True,0.0,16,0,100.0,100.0,0.0,1.0,0.0,1.1478297820933856,100.0,,,,29
059fb1d0f20e58d6,quality_only,16,16,16,False,True,True,True,0.0,16,0,100.0,100.0,0.0,1.0,0.0,1.1478297820933856,100.0,,,,29
059fb1d0f20e58d6,score,0,0,16,True,False,False,False,1.0,0,0,100.0,,0.0,0.0,1.0,16.958991928815053,100.0,16.0,0.0,100.0,29
059fb1d0f20e58d6,pareto,1,1,16,False,False,False,False,0.9375,1,0,100.0,100.0,0.0,0.0625,0.9375,15.181273466516002,100.0,16.0,0.0,100.0,29
059fb1d0f20e58d6,gt_distance,1,1,16,False,False,False,False,0.9375,1,0,100.0,100.0,0.0625,0.0,0.9375,13.93359861686241,100.0,16.0,0.0,100.0,29
059fb1d0f20e58d6,old_pc,16,16,16,False,True,True,True,0.0,16,0,100.0,100.0,0.0,1.0,0.0,1.1478297820933856,100.0,16.0,0.0,100.0,29
b76fdedd0d1d5f46,conditional_pc,16,16,16,False,True,True,True,0.0,16,0,100.0,100.0,0.1875,0.8125,0.0,1.1987959389643017,100.0,,,,30
b76fdedd0d1d5f46,quality_only,16,16,16,False,True,True,True,0.0,16,0,100.0,100.0,0.1875,0.8125,0.0,1.1987959389643017,100.0,,,,30
b76fdedd0d1d5f46,score,0,0,16,True,False,False,False,1.0,0,0,100.0,,0.0,0.0,1.0,11.507567759808175,100.0,16.0,0.0,100.0,30
b76fdedd0d1d5f46,pareto,2,2,16,False,False,False,False,0.875,2,0,100.0,100.0,0.0,0.125,0.875,14.936612931110924,100.0,16.0,0.0,100.0,30
b76fdedd0d1d5f46,gt_distance,2,2,16,False,False,False,False,0.875,2,0,100.0,100.0,0.125,0.0,0.875,13.037090662500338,100.0,16.0,0.0,100.0,30
b76fdedd0d1d5f46,old_pc,16,16,16,False,True,True,True,0.0,16,0,100.0,100.0,0.1875,0.8125,0.0,1.1987959389643017,100.0,16.0,0.0,100.0,30
005a44fa33b55e7b,conditional_pc,0,0,0,True,False,False,False,1.0,0,0,,,,,,,100.0,,,,0
005a44fa33b55e7b,quality_only,0,0,0,True,False,False,False,1.0,0,0,,,,,,,100.0,,,,0
005a44fa33b55e7b,score,0,0,16,True,False,False,False,1.0,0,0,100.0,,0.0,0.0,1.0,2.663564192598843,100.0,16.0,0.0,100.0,0
005a44fa33b55e7b,pareto,0,0,16,True,False,False,False,1.0,0,0,100.0,,0.0,0.125,0.875,4.69806756238455,100.0,16.0,0.0,100.0,0
005a44fa33b55e7b,gt_distance,0,0,16,True,False,False,False,1.0,0,0,100.0,,0.0,0.125,0.875,3.825959537999261,100.0,16.0,0.0,100.0,0
005a44fa33b55e7b,old_pc,0,0,1,True,False,False,False,1.0,0,0,100.0,,0.0,1.0,0.0,1.4392512430076936,100.0,16.0,15.0,100.0,0
cdf23d07ec42535e,conditional_pc,16,16,16,False,True,True,True,0.0,16,0,96.46562415981955,96.46562415981955,0.0,1.0,0.0,1.342805453301858,94.18795277509484,,,,60
cdf23d07ec42535e,quality_only,16,16,16,False,True,True,True,0.0,16,0,96.46512998083428,96.46512998083428,0.0,1.0,0.0,1.348822385987717,94.18795277509484,,,,60
cdf23d07ec42535e,score,0,0,16,True,False,False,False,1.0,0,0,97.98386119830438,,0.0,0.0,1.0,12.6618558849926,94.18795277509484,16.0,0.0,97.98386119830438,60
cdf23d07ec42535e,pareto,0,0,16,True,False,False,False,1.0,0,0,97.98386119830438,,0.0,0.0,1.0,12.6618558849926,94.18795277509484,16.0,0.0,97.98386119830438,60
cdf23d07ec42535e,gt_distance,0,0,16,True,False,False,False,1.0,0,0,97.65661658810212,,0.0,0.0,1.0,5.214672243320264,94.18795277509484,16.0,0.0,97.65661658810212,60
cdf23d07ec42535e,old_pc,1,1,1,False,False,False,False,0.0,1,0,96.86774313224684,96.86774313224684,0.0,1.0,0.0,1.2509921539294404,94.18795277509484,16.0,15.0,96.8679717387232,60
5bb0b67e360f5a85,conditional_pc,2,2,2,False,False,False,False,0.0,2,0,92.80158066482667,92.80158066482667,0.0,1.0,0.0,1.5121851291088737,0.0,,,,2
5bb0b67e360f5a85,quality_only,2,2,2,False,False,False,False,0.0,2,0,92.80158066482667,92.80158066482667,0.0,1.0,0.0,1.5121851291088737,0.0,,,,2
5bb0b67e360f5a85,score,0,0,16,True,False,False,False,1.0,0,0,93.23822067085482,,0.0,0.0,1.0,4.8073302280053465,0.0,16.0,0.0,93.23822067085482,2
5bb0b67e360f5a85,pareto,0,0,16,True,False,False,False,1.0,0,0,73.13576566495188,,0.0,0.0,1.0,9.429807301447193,0.0,16.0,0.0,73.13576566495188,2
5bb0b67e360f5a85,gt_distance,0,0,16,True,False,False,False,1.0,0,0,88.17220175937457,,0.0,0.0,1.0,4.823692643016468,0.0,16.0,0.0,88.17220175937457,2
5bb0b67e360f5a85,old_pc,1,1,1,False,False,False,False,0.0,1,0,92.80206802999716,92.80206802999716,0.0,1.0,0.0,1.5186141576354435,0.0,16.0,15.0,92.80195483545668,2
d5b5493184c257bd,conditional_pc,16,16,16,False,True,True,True,0.0,16,0,100.0,100.0,0.0,1.0,0.0,1.2839301356595116,100.0,,,,49
d5b5493184c257bd,quality_only,16,16,16,False,True,True,True,0.0,16,0,100.0,100.0,0.0,1.0,0.0,1.2839301356595116,100.0,,,,49
d5b5493184c257bd,score,0,0,16,True,False,False,False,1.0,0,0,100.0,,0.0,0.0,1.0,2.203717217798971,100.0,16.0,0.0,100.0,49
d5b5493184c257bd,pareto,2,2,16,False,False,False,False,0.875,2,0,100.0,100.0,0.0625,0.0625,0.875,7.40761606246364,100.0,16.0,0.0,100.0,49
d5b5493184c257bd,gt_distance,5,5,16,False,True,False,False,0.6875,5,0,100.0,100.0,0.125,0.1875,0.6875,2.65827179847635,100.0,16.0,0.0,100.0,49
d5b5493184c257bd,old_pc,16,16,16,False,True,True,True,0.0,16,0,100.0,100.0,0.0,1.0,0.0,1.2839301356595116,100.0,16.0,0.0,100.0,49
a85370bd50145fbc,conditional_pc,16,16,16,False,True,True,True,0.0,16,0,100.0,100.0,0.0,1.0,0.0,1.1985286120220318,100.0,,,,81
a85370bd50145fbc,quality_only,16,16,16,False,True,True,True,0.0,16,0,100.0,100.0,0.0,1.0,0.0,1.1985286120220318,100.0,,,,81
a85370bd50145fbc,score,11,11,16,False,True,True,False,0.3125,11,0,100.0,100.0,0.0,0.6875,0.3125,1.3591288658276184,100.0,16.0,0.0,100.0,81
a85370bd50145fbc,pareto,1,1,16,False,False,False,False,0.9375,1,0,100.0,100.0,0.0,0.0625,0.9375,8.344992026077142,100.0,16.0,0.0,100.0,81
a85370bd50145fbc,gt_distance,2,2,16,False,False,False,False,0.875,2,0,100.0,100.0,0.0,0.125,0.875,5.084532881508027,100.0,16.0,0.0,100.0,81
a85370bd50145fbc,old_pc,16,16,16,False,True,True,True,0.0,16,0,100.0,100.0,0.0,1.0,0.0,1.1985286120220318,100.0,16.0,0.0,100.0,81
6b0de122978c5d6c,conditional_pc,16,16,16,False,True,True,True,0.0,16,0,97.7297943686028,97.7297943686028,0.0,1.0,0.0,1.4070661558578124,97.50363821052215,,,,50
6b0de122978c5d6c,quality_only,16,16,16,False,True,True,True,0.0,16,0,97.7292541789918,97.7292541789918,0.0,1.0,0.0,1.3990034297088616,97.50363821052215,,,,50
6b0de122978c5d6c,score,0,0,16,True,False,False,False,1.0,0,0,99.9988474289862,,0.0,0.0,1.0,12.355369668526704,97.50363821052215,16.0,0.0,99.9988474289862,50
6b0de122978c5d6c,pareto,0,0,16,True,False,False,False,1.0,0,0,99.9988474289862,,0.0,0.0,1.0,12.355369668526706,97.50363821052215,16.0,0.0,99.9988474289862,50
6b0de122978c5d6c,gt_distance,10,10,16,False,True,True,False,0.375,10,0,98.00775385356349,97.90245209829612,0.4375,0.1875,0.375,1.4873785646039095,97.50363821052215,16.0,0.0,98.00775385356349,50
6b0de122978c5d6c,old_pc,1,1,1,False,False,False,False,0.0,1,0,98.0463491556796,98.0463491556796,0.0,1.0,0.0,1.4298382152332567,97.50363821052215,16.0,15.0,98.0462860632464,50
9257645ceccb550b,conditional_pc,16,16,16,False,True,True,True,0.0,16,0,100.0,100.0,0.0,1.0,0.0,1.2086163695437946,100.0,,,,36
9257645ceccb550b,quality_only,16,16,16,False,True,True,True,0.0,16,0,100.0,100.0,0.0,1.0,0.0,1.2086163695437946,100.0,,,,36
9257645ceccb550b,score,0,0,16,True,False,False,False,1.0,0,0,100.0,,0.0,0.0,1.0,4.714686065766304,100.0,16.0,0.0,100.0,36
9257645ceccb550b,pareto,2,2,16,False,False,False,False,0.875,2,0,100.0,100.0,0.0625,0.0625,0.875,5.224221586242485,100.0,16.0,0.0,100.0,36
9257645ceccb550b,gt_distance,3,3,16,False,False,False,False,0.8125,3,0,100.0,100.0,0.0625,0.125,0.8125,4.028994303250903,100.0,16.0,0.0,100.0,36
9257645ceccb550b,old_pc,16,16,16,False,True,True,True,0.0,16,0,100.0,100.0,0.0,1.0,0.0,1.2086163695437946,100.0,16.0,0.0,100.0,36
5d03327b42d153b1,conditional_pc,16,16,16,False,True,True,True,0.0,16,0,97.4764647021352,97.4764647021352,0.1875,0.8125,0.0,1.2124168319973756,96.52068186081172,,,,27
5d03327b42d153b1,quality_only,16,16,16,False,True,True,True,0.0,16,0,97.4764647021352,97.4764647021352,0.1875,0.8125,0.0,1.2124168319973756,96.52068186081172,,,,27
5d03327b42d153b1,score,0,0,16,True,False,False,False,1.0,0,0,100.0,,0.0,0.0,1.0,22.19410324168851,96.52068186081172,16.0,0.0,100.0,27
5d03327b42d153b1,pareto,0,0,16,True,False,False,False,1.0,0,0,100.0,,0.0,0.0,1.0,20.62791458480405,96.52068186081172,16.0,0.0,100.0,27
5d03327b42d153b1,gt_distance,0,0,16,True,False,False,False,1.0,0,0,99.85980271023104,,0.0,0.0,1.0,10.441908452313902,96.52068186081172,16.0,0.0,99.85980271023104,27
5d03327b42d153b1,old_pc,1,1,1,False,False,False,False,0.0,1,0,98.16451203744504,98.16451203744504,0.0,1.0,0.0,1.4724307961942915,96.52068186081172,16.0,15.0,98.16428758007088,27
f53ce90fba735a76,conditional_pc,16,16,16,False,True,True,True,0.0,16,0,89.89640044787018,89.89640044787018,0.0,1.0,0.0,1.1419730448287706,88.28661324908552,,,,23
f53ce90fba735a76,quality_only,16,16,16,False,True,True,True,0.0,16,0,89.89640044787018,89.89640044787018,0.0,1.0,0.0,1.1419730448287706,88.28661324908552,,,,23
f53ce90fba735a76,score,0,0,16,True,False,False,False,1.0,0,0,98.35986687815556,,0.0,0.0,1.0,15.953045373493836,88.28661324908552,16.0,0.0,98.35986687815556,23
f53ce90fba735a76,pareto,0,0,16,True,False,False,False,1.0,0,0,98.35986687815556,,0.0,0.0,1.0,15.953045373493836,88.28661324908552,16.0,0.0,98.35986687815556,23
f53ce90fba735a76,gt_distance,0,0,16,True,False,False,False,1.0,0,0,97.71150768043476,,0.0,0.0,1.0,10.209730157594915,88.28661324908552,16.0,0.0,97.71150768043476,23
f53ce90fba735a76,old_pc,1,1,1,False,False,False,False,0.0,1,0,91.56185397003156,91.56185397003156,0.0,1.0,0.0,1.4630296299110366,88.28661324908552,16.0,15.0,91.56193473450422,23
89ba731076de572c,conditional_pc,16,16,16,False,True,True,True,0.0,16,0,90.95210702466774,90.95210702466774,0.3125,0.6875,0.0,1.0512939898614344,89.61775105710062,,,,27
89ba731076de572c,quality_only,16,16,16,False,True,True,True,0.0,16,0,90.95210702466774,90.95210702466774,0.3125,0.6875,0.0,1.0512939898614344,89.61775105710062,,,,27
89ba731076de572c,score,0,0,16,True,False,False,False,1.0,0,0,98.18356424753694,,0.0,0.0,1.0,10.54323499995128,89.61775105710062,16.0,0.0,98.18356424753694,27
89ba731076de572c,pareto,0,0,16,True,False,False,False,1.0,0,0,85.38629063301116,,0.0,0.0,1.0,10.232048037531865,89.61775105710062,16.0,0.0,85.38629063301116,27
89ba731076de572c,gt_distance,0,0,16,True,False,False,False,1.0,0,0,85.38629063301116,,0.0,0.0,1.0,10.232048037531865,89.61775105710062,16.0,0.0,85.38629063301116,27
89ba731076de572c,old_pc,1,1,1,False,False,False,False,0.0,1,0,92.6019358904324,92.6019358904324,0.0,1.0,0.0,1.0027071567582235,89.61775105710062,16.0,15.0,92.60209352413573,27
d49e1049666e5596,conditional_pc,16,16,16,False,True,True,True,0.0,16,0,89.15165786629635,89.15165786629635,0.0,1.0,0.0,1.2759145314438494,88.49788610098929,,,,29
d49e1049666e5596,quality_only,16,16,16,False,True,True,True,0.0,16,0,89.15165786629635,89.15165786629635,0.0,1.0,0.0,1.2759145314438494,88.49788610098929,,,,29
d49e1049666e5596,score,0,0,16,True,False,False,False,1.0,0,0,91.77612891138608,,0.0,0.0,1.0,13.210170604792872,88.49788610098929,16.0,0.0,91.77612891138608,29
d49e1049666e5596,pareto,0,0,16,True,False,False,False,1.0,0,0,91.77612891138608,,0.0,0.0,1.0,13.210170604792872,88.49788610098929,16.0,0.0,91.77612891138608,29
d49e1049666e5596,gt_distance,0,0,16,True,False,False,False,1.0,0,0,91.77612891138608,,0.0,0.0,1.0,13.210170604792872,88.49788610098929,16.0,0.0,91.77612891138608,29
d49e1049666e5596,old_pc,1,1,1,False,False,False,False,0.0,1,0,89.57068248739533,89.57068248739533,0.0,1.0,0.0,1.4959451624995663,88.49788610098929,16.0,15.0,89.57072747301234,29
30e1141fbb1e5009,conditional_pc,16,16,16,False,True,True,True,0.0,16,0,91.78184768521406,91.78184768521406,0.0625,0.9375,0.0,1.171163117908241,91.2560873706392,,,,25
30e1141fbb1e5009,quality_only,16,16,16,False,True,True,True,0.0,16,0,91.78184768521406,91.78184768521406,0.0625,0.9375,0.0,1.171163117908241,91.2560873706392,,,,25
30e1141fbb1e5009,score,0,0,16,True,False,False,False,1.0,0,0,93.69959626377776,,0.0,0.0,1.0,16.50708715531139,91.2560873706392,16.0,0.0,93.69959626377776,25
30e1141fbb1e5009,pareto,0,0,16,True,False,False,False,1.0,0,0,93.69959626377776,,0.0,0.0,1.0,16.50708715531139,91.2560873706392,16.0,0.0,93.69959626377776,25
30e1141fbb1e5009,gt_distance,0,0,16,True,False,False,False,1.0,0,0,93.69959626377776,,0.0,0.0,1.0,16.50708715531139,91.2560873706392,16.0,0.0,93.69959626377776,25
30e1141fbb1e5009,old_pc,1,1,1,False,False,False,False,0.0,1,0,92.34693575328136,92.34693575328136,0.0,1.0,0.0,1.386984155091995,91.2560873706392,16.0,15.0,92.34695022546096,25
377ceb5650355d8b,conditional_pc,16,16,16,False,True,True,True,0.0,16,0,86.06206845640394,86.06206845640394,0.25,0.75,0.0,1.1191169585088736,85.78030897666554,,,,29
377ceb5650355d8b,quality_only,16,16,16,False,True,True,True,0.0,16,0,86.06206845640394,86.06206845640394,0.25,0.75,0.0,1.1191169585088736,85.78030897666554,,,,29
377ceb5650355d8b,score,0,0,16,True,False,False,False,1.0,0,0,91.31120450165872,,0.0,0.0,1.0,51.34067372865304,85.78030897666554,16.0,0.0,91.31120450165872,29
377ceb5650355d8b,pareto,0,0,16,True,False,False,False,1.0,0,0,91.31120450165872,,0.0,0.0,1.0,51.34067372865304,85.78030897666554,16.0,0.0,91.31120450165872,29
377ceb5650355d8b,gt_distance,0,0,16,True,False,False,False,1.0,0,0,87.91433428564484,,0.0,0.0,1.0,12.935708127283045,85.78030897666554,16.0,0.0,87.91433428564484,29
377ceb5650355d8b,old_pc,1,1,1,False,False,False,False,0.0,1,0,86.46596046249117,86.46596046249117,0.0,1.0,0.0,1.2292878624344017,85.78030897666554,16.0,15.0,86.46596588352999,29
93aa103155cd5295,conditional_pc,16,16,16,False,True,True,True,0.0,16,0,100.0,100.0,0.25,0.75,0.0,1.0607015673454234,100.0,,,,31
93aa103155cd5295,quality_only,16,16,16,False,True,True,True,0.0,16,0,100.0,100.0,0.25,0.75,0.0,1.0607015673454234,100.0,,,,31
93aa103155cd5295,score,0,0,16,True,False,False,False,1.0,0,0,100.0,,0.0,0.0,1.0,6.50146803655494,100.0,16.0,0.0,100.0,31
93aa103155cd5295,pareto,2,2,16,False,False,False,False,0.875,2,0,100.0,100.0,0.0625,0.0625,0.875,10.292463671320103,100.0,16.0,0.0,100.0,31
93aa103155cd5295,gt_distance,1,1,16,False,False,False,False,0.9375,1,0,100.0,100.0,0.0,0.0625,0.9375,9.406049983785476,100.0,16.0,0.0,100.0,31
93aa103155cd5295,old_pc,16,16,16,False,True,True,True,0.0,16,0,100.0,100.0,0.25,0.75,0.0,1.0612286487919953,100.0,16.0,0.0,100.0,31
1dbae60fb78c532a,conditional_pc,9,9,16,False,True,True,False,0.4375,9,7,83.0545791088483,83.1846214998555,0.5625,0.4375,0.0,1.0196944807089254,83.03679578009579,,,,9
1dbae60fb78c532a,quality_only,9,9,16,False,True,True,False,0.4375,9,7,83.0545791088483,83.1846214998555,0.5625,0.4375,0.0,1.0196944807089254,83.03679578009579,,,,9
1dbae60fb78c532a,score,0,0,16,True,False,False,False,1.0,0,0,84.39268426421516,,0.0,0.0,1.0,9.80223120287663,83.03679578009579,16.0,0.0,84.39268426421516,9
1dbae60fb78c532a,pareto,0,0,16,True,False,False,False,1.0,0,0,84.39268426421516,,0.0,0.0,1.0,9.80223120287663,83.03679578009579,16.0,0.0,84.39268426421516,9
1dbae60fb78c532a,gt_distance,0,0,16,True,False,False,False,1.0,0,0,84.39268426421516,,0.0,0.0,1.0,9.80223120287663,83.03679578009579,16.0,0.0,84.39268426421516,9
1dbae60fb78c532a,old_pc,1,1,1,False,False,False,False,0.0,1,0,83.44958752253127,83.44958752253127,0.0,1.0,0.0,1.07649962780773,83.03679578009579,16.0,15.0,83.4501962387354,9
50fefa46fcc855fb,conditional_pc,16,16,16,False,True,True,True,0.0,16,0,100.0,100.0,0.0,1.0,0.0,1.2074353282390222,100.0,,,,35
50fefa46fcc855fb,quality_only,16,16,16,False,True,True,True,0.0,16,0,100.0,100.0,0.0,1.0,0.0,1.2074353282390222,100.0,,,,35
50fefa46fcc855fb,score,0,0,16,True,False,False,False,1.0,0,0,100.0,,0.0,0.0,1.0,4.323266568020406,100.0,16.0,0.0,100.0,35
50fefa46fcc855fb,pareto,1,1,16,False,False,False,False,0.9375,1,0,100.0,100.0,0.0,0.0625,0.9375,8.35708171001227,100.0,16.0,0.0,100.0,35
50fefa46fcc855fb,gt_distance,0,0,16,True,False,False,False,1.0,0,0,100.0,,0.0,0.0,1.0,7.168756656118083,100.0,16.0,0.0,100.0,35
50fefa46fcc855fb,old_pc,16,16,16,False,True,True,True,0.0,16,0,100.0,100.0,0.0,1.0,0.0,1.2074353282390222,100.0,16.0,0.0,100.0,35
baef6630583c5f87,conditional_pc,16,16,16,False,True,True,True,0.0,16,0,97.09652647517922,97.09652647517922,0.0,1.0,0.0,1.2890795859586088,96.70005776842608,,,,25
baef6630583c5f87,quality_only,16,16,16,False,True,True,True,0.0,16,0,97.09652647517922,97.09652647517922,0.0,1.0,0.0,1.2890795859586088,96.70005776842608,,,,25
baef6630583c5f87,score,0,0,16,True,False,False,False,1.0,0,0,98.0940466053228,,0.0,0.0,1.0,12.067795319936303,96.70005776842608,16.0,0.0,98.0940466053228,25
baef6630583c5f87,pareto,0,0,16,True,False,False,False,1.0,0,0,98.0940466053228,,0.0,0.0,1.0,12.067795319936303,96.70005776842608,16.0,0.0,98.0940466053228,25
baef6630583c5f87,gt_distance,11,11,16,False,True,True,False,0.3125,11,0,97.4874786769662,97.4717255472178,0.375,0.3125,0.3125,2.27856577286519,96.70005776842608,16.0,0.0,97.4874786769662,25
baef6630583c5f87,old_pc,1,1,1,False,False,False,False,0.0,1,0,97.61516562737852,97.61516562737852,0.0,1.0,0.0,1.3864670503143377,96.70005776842608,16.0,15.0,97.61518717454328,25
8b0773eaa2375bbf,conditional_pc,16,16,16,False,True,True,True,0.0,16,0,88.2646552100945,88.2646552100945,0.3125,0.6875,0.0,1.0691955045857684,87.84861287154054,,,,24
8b0773eaa2375bbf,quality_only,16,16,16,False,True,True,True,0.0,16,0,88.2646552100945,88.2646552100945,0.3125,0.6875,0.0,1.0691955045857684,87.84861287154054,,,,24
8b0773eaa2375bbf,score,0,0,16,True,False,False,False,1.0,0,0,90.32052504204133,,0.0,0.0,1.0,25.74925169790314,87.84861287154054,16.0,0.0,90.32052504204133,24
8b0773eaa2375bbf,pareto,0,0,16,True,False,False,False,1.0,0,0,90.32052504204133,,0.0,0.0,1.0,25.74925169790314,87.84861287154054,16.0,0.0,90.32052504204133,24
8b0773eaa2375bbf,gt_distance,0,0,16,True,False,False,False,1.0,0,0,90.2796905254658,,0.0,0.0,1.0,24.525859266894663,87.84861287154054,16.0,0.0,90.2796905254658,24
8b0773eaa2375bbf,old_pc,1,1,1,False,False,False,False,0.0,1,0,88.61740024398792,88.61740024398792,0.0,1.0,0.0,1.1049421304331657,87.84861287154054,16.0,15.0,88.61742944071646,24
80e2038fd0555030,conditional_pc,16,16,16,False,True,True,True,0.0,16,0,98.44043329772678,98.44043329772678,0.625,0.375,0.0,1.0348827820372897,98.24951856930647,,,,22
80e2038fd0555030,quality_only,16,16,16,False,True,True,True,0.0,16,0,98.44043329772678,98.44043329772678,0.625,0.375,0.0,1.0348827820372897,98.24951856930647,,,,22
80e2038fd0555030,score,0,0,16,True,False,False,False,1.0,0,0,100.0,,0.0,0.0,1.0,22.58759809013248,98.24951856930647,16.0,0.0,100.0,22
80e2038fd0555030,pareto,0,0,16,True,False,False,False,1.0,0,0,100.0,,0.0,0.0,1.0,22.234890174097814,98.24951856930647,16.0,0.0,100.0,22
80e2038fd0555030,gt_distance,0,0,16,True,False,False,False,1.0,0,0,98.98749066516112,,0.0,0.0,1.0,7.072783470107299,98.24951856930647,16.0,0.0,98.98749066516112,22
80e2038fd0555030,old_pc,1,1,1,False,False,False,False,0.0,1,0,98.64095117740736,98.64095117740736,0.0,1.0,0.0,1.4531807616891017,98.24951856930647,16.0,15.0,98.6409486694396,22
d341827e6b485782,conditional_pc,16,16,16,False,True,True,True,0.0,16,0,100.0,100.0,0.0,1.0,0.0,1.2763135417682805,100.0,,,,40
d341827e6b485782,quality_only,16,16,16,False,True,True,True,0.0,16,0,100.0,100.0,0.0,1.0,0.0,1.2763135417682805,100.0,,,,40
d341827e6b485782,score,0,0,16,True,False,False,False,1.0,0,0,100.0,,0.0,0.0,1.0,6.066499266629185,100.0,16.0,0.0,100.0,40
d341827e6b485782,pareto,2,2,16,False,False,False,False,0.875,2,0,100.0,100.0,0.0625,0.0625,0.875,10.012010574664524,100.0,16.0,0.0,100.0,40
d341827e6b485782,gt_distance,2,2,16,False,False,False,False,0.875,2,0,100.0,100.0,0.0625,0.0625,0.875,9.667853144486468,100.0,16.0,0.0,100.0,40
d341827e6b485782,old_pc,16,16,16,False,True,True,True,0.0,16,0,100.0,100.0,0.0,1.0,0.0,1.2763135417682805,100.0,16.0,0.0,100.0,40
d6f1d7ade74c5d53,conditional_pc,16,16,16,False,True,True,True,0.0,16,0,100.0,100.0,0.0,1.0,0.0,1.1773736491315172,100.0,,,,31
d6f1d7ade74c5d53,quality_only,16,16,16,False,True,True,True,0.0,16,0,100.0,100.0,0.0,1.0,0.0,1.1773736491315172,100.0,,,,31
d6f1d7ade74c5d53,score,0,0,16,True,False,False,False,1.0,0,0,100.0,,0.0,0.0,1.0,18.59972433321193,100.0,16.0,0.0,100.0,31
d6f1d7ade74c5d53,pareto,2,2,16,False,False,False,False,0.875,2,0,100.0,100.0,0.0625,0.0625,0.875,18.24522699083947,100.0,16.0,0.0,100.0,31
d6f1d7ade74c5d53,gt_distance,0,0,16,True,False,False,False,1.0,0,0,100.0,,0.0,0.0,1.0,17.824071335520177,100.0,16.0,0.0,100.0,31
d6f1d7ade74c5d53,old_pc,16,16,16,False,True,True,True,0.0,16,0,100.0,100.0,0.0,1.0,0.0,1.1773736491315172,100.0,16.0,0.0,100.0,31
0827c1c05e0e5596,conditional_pc,1,1,1,False,False,False,False,0.0,1,0,100.0,100.0,0.0,1.0,0.0,1.0157893426093147,58.333333333333336,,,,1
0827c1c05e0e5596,quality_only,1,1,1,False,False,False,False,0.0,1,0,100.0,100.0,0.0,1.0,0.0,1.0157893426093147,58.333333333333336,,,,1
0827c1c05e0e5596,score,0,0,16,True,False,False,False,1.0,0,0,100.0,,0.0,0.0,1.0,3.61633853122721,58.333333333333336,16.0,0.0,100.0,1
0827c1c05e0e5596,pareto,1,1,16,False,False,False,False,0.9375,1,0,100.0,100.0,0.0625,0.0625,0.875,5.784482291304301,58.333333333333336,16.0,0.0,100.0,1
0827c1c05e0e5596,gt_distance,1,1,16,False,False,False,False,0.9375,1,0,100.0,100.0,0.0625,0.0625,0.875,5.359251256022931,58.333333333333336,16.0,0.0,100.0,1
0827c1c05e0e5596,old_pc,1,1,3,False,False,False,False,0.6666666666666666,1,0,100.0,100.0,0.3333333333333333,0.6666666666666666,0.0,1.0489015883188972,58.333333333333336,16.0,13.0,100.0,1
e9cd4fda706e5516,conditional_pc,16,16,16,False,True,True,True,0.0,16,0,100.0,100.0,0.0,1.0,0.0,1.2504562039243474,100.0,,,,42
e9cd4fda706e5516,quality_only,16,16,16,False,True,True,True,0.0,16,0,100.0,100.0,0.0,1.0,0.0,1.2504562039243474,100.0,,,,42
e9cd4fda706e5516,score,0,0,16,True,False,False,False,1.0,0,0,100.0,,0.0,0.0,1.0,3.2119937182711027,100.0,16.0,0.0,100.0,42
e9cd4fda706e5516,pareto,1,1,16,False,False,False,False,0.9375,1,0,100.0,100.0,0.0,0.0625,0.9375,6.608036156607379,100.0,16.0,0.0,100.0,42
e9cd4fda706e5516,gt_distance,1,1,16,False,False,False,False,0.9375,1,0,100.0,100.0,0.0,0.0625,0.9375,6.608036156607379,100.0,16.0,0.0,100.0,42
e9cd4fda706e5516,old_pc,16,16,16,False,True,True,True,0.0,16,0,100.0,100.0,0.0,1.0,0.0,1.2504562039243474,100.0,16.0,0.0,100.0,42
bae5037e472250dc,conditional_pc,16,16,16,False,True,True,True,0.0,16,0,85.6381484178739,85.6381484178739,0.5625,0.4375,0.0,1.001479927897451,84.92069588026048,,,,21
bae5037e472250dc,quality_only,16,16,16,False,True,True,True,0.0,16,0,85.6381484178739,85.6381484178739,0.5625,0.4375,0.0,1.001479927897451,84.92069588026048,,,,21
bae5037e472250dc,score,0,0,16,True,False,False,False,1.0,0,0,98.71934112175038,,0.0,0.0,1.0,37.99782550919164,84.92069588026048,16.0,0.0,98.71934112175038,21
bae5037e472250dc,pareto,0,0,16,True,False,False,False,1.0,0,0,98.71934112175038,,0.0,0.0,1.0,37.99782550919164,84.92069588026048,16.0,0.0,98.71934112175038,21
bae5037e472250dc,gt_distance,0,0,16,True,False,False,False,1.0,0,0,93.96030354495946,,0.0,0.0,1.0,20.12450898285168,84.92069588026048,16.0,0.0,93.96030354495946,21
bae5037e472250dc,old_pc,1,1,1,False,False,False,False,0.0,1,0,87.00203587344348,87.00203587344348,0.0,1.0,0.0,1.1520949777661438,84.92069588026048,16.0,15.0,87.00186282101177,21
3e7e4bd1053d5d92,conditional_pc,0,0,0,True,False,False,False,1.0,0,0,,,,,,,0.0,,,,0
3e7e4bd1053d5d92,quality_only,0,0,0,True,False,False,False,1.0,0,0,,,,,,,0.0,,,,0
3e7e4bd1053d5d92,score,0,0,16,True,False,False,False,1.0,0,0,89.89022628699487,,0.0,0.0,1.0,15.36499791956477,0.0,16.0,0.0,89.89022628699487,0
3e7e4bd1053d5d92,pareto,0,0,16,True,False,False,False,1.0,0,0,71.06231575598451,,0.0,0.0,1.0,14.310916495842608,0.0,16.0,0.0,71.06231575598451,0
3e7e4bd1053d5d92,gt_distance,0,0,16,True,False,False,False,1.0,0,0,89.89022628699487,,0.0,0.0,1.0,15.36499791956477,0.0,16.0,0.0,89.89022628699487,0
3e7e4bd1053d5d92,old_pc,0,0,1,True,False,False,False,1.0,0,0,0.0,,0.0,1.0,0.0,1.5752415942240074,0.0,16.0,15.0,0.0,0
bc6cd32ccb1b5427,conditional_pc,16,16,16,False,True,True,True,0.0,16,0,100.0,100.0,0.0,1.0,0.0,1.1249340383793571,100.0,,,,30
bc6cd32ccb1b5427,quality_only,16,16,16,False,True,True,True,0.0,16,0,100.0,100.0,0.0,1.0,0.0,1.1249340383793571,100.0,,,,30
bc6cd32ccb1b5427,score,0,0,16,True,False,False,False,1.0,0,0,100.0,,0.0,0.0,1.0,2.287067129269899,100.0,16.0,0.0,100.0,30
bc6cd32ccb1b5427,pareto,2,2,16,False,False,False,False,0.875,2,0,100.0,100.0,0.0,0.125,0.875,8.451980073627322,100.0,16.0,0.0,100.0,30
bc6cd32ccb1b5427,gt_distance,3,3,16,False,False,False,False,0.8125,3,0,100.0,100.0,0.125,0.125,0.75,4.725230950151786,100.0,16.0,0.0,100.0,30
bc6cd32ccb1b5427,old_pc,16,16,16,False,True,True,True,0.0,16,0,100.0,100.0,0.0,1.0,0.0,1.1249340383793571,100.0,16.0,0.0,100.0,30
a4c4b9cae9f356bb,conditional_pc,16,16,16,False,True,True,True,0.0,16,0,86.84788107915016,86.84788107915016,0.4375,0.5625,0.0,1.0147407492747758,86.44965356985605,,,,21
a4c4b9cae9f356bb,quality_only,16,16,16,False,True,True,True,0.0,16,0,86.84788107915016,86.84788107915016,0.4375,0.5625,0.0,1.0147407492747758,86.44965356985605,,,,21
a4c4b9cae9f356bb,score,0,0,16,True,False,False,False,1.0,0,0,91.73007364335292,,0.0,0.0,1.0,39.12358224687108,86.44965356985605,16.0,0.0,91.73007364335292,21
a4c4b9cae9f356bb,pareto,0,0,16,True,False,False,False,1.0,0,0,91.73007364335292,,0.0,0.0,1.0,39.12358224687108,86.44965356985605,16.0,0.0,91.73007364335292,21
a4c4b9cae9f356bb,gt_distance,1,1,16,False,False,False,False,0.9375,1,0,85.6866605379379,86.45818754445465,0.1875,0.125,0.6875,3.6415104347952583,86.44965356985605,16.0,0.0,85.6866605379379,21
a4c4b9cae9f356bb,old_pc,1,1,1,False,False,False,False,0.0,1,0,87.26001687405977,87.26001687405977,0.0,1.0,0.0,1.162358511729901,86.44965356985605,16.0,15.0,87.26003364859463,21
1e8cca8760da5948,conditional_pc,13,13,16,False,True,True,False,0.1875,13,3,87.20908055107341,87.2605300610589,0.3125,0.6875,0.0,1.1921167610532493,87.11121998565646,,,,13
1e8cca8760da5948,quality_only,13,13,16,False,True,True,False,0.1875,13,3,87.20908055107341,87.2605300610589,0.3125,0.6875,0.0,1.1921167610532493,87.11121998565646,,,,13
1e8cca8760da5948,score,0,0,16,True,False,False,False,1.0,0,0,91.49515255516532,,0.0,0.0,1.0,50.4754505685445,87.11121998565646,16.0,0.0,91.49515255516532,13
1e8cca8760da5948,pareto,0,0,16,True,False,False,False,1.0,0,0,91.49515255516532,,0.0,0.0,1.0,50.4754505685445,87.11121998565646,16.0,0.0,91.49515255516532,13
1e8cca8760da5948,gt_distance,1,1,16,False,False,False,False,0.9375,1,0,88.10403450039053,87.37482464045941,0.0625,0.0,0.9375,8.546431531174829,87.11121998565646,16.0,0.0,88.10403450039053,13
1e8cca8760da5948,old_pc,1,1,1,False,False,False,False,0.0,1,0,87.35041928373634,87.35041928373634,0.0,1.0,0.0,1.2329042789870823,87.11121998565646,16.0,15.0,87.35042554322452,13
c7e306be08105b70,conditional_pc,16,16,16,False,True,True,True,0.0,16,0,91.11463612831876,91.11463612831876,0.0,1.0,0.0,1.826956892085084,89.33341365734013,,,,35
c7e306be08105b70,quality_only,16,16,16,False,True,True,True,0.0,16,0,91.11463612831876,91.11463612831876,0.0,1.0,0.0,1.826956892085084,89.33341365734013,,,,35
c7e306be08105b70,score,5,5,16,False,True,False,False,0.6875,5,0,93.73752061989548,92.136204581963,0.0,0.3125,0.6875,8.565567311593753,89.33341365734013,16.0,0.0,93.73752061989548,35
c7e306be08105b70,pareto,5,5,16,False,True,False,False,0.6875,5,0,93.73752061989548,92.136204581963,0.0,0.3125,0.6875,8.565567311593753,89.33341365734013,16.0,0.0,93.73752061989548,35
c7e306be08105b70,gt_distance,9,9,16,False,True,True,False,0.4375,9,0,92.0637243558963,91.76563734982616,0.0625,0.5,0.4375,3.494988904519143,89.33341365734013,16.0,0.0,92.0637243558963,35
c7e306be08105b70,old_pc,1,1,1,False,False,False,False,0.0,1,0,92.80885827497625,92.80885827497625,0.0,1.0,0.0,3.5888478790109284,89.33341365734013,16.0,15.0,92.80992744318196,35
26e0f72c031b5f07,conditional_pc,16,16,16,False,True,True,True,0.0,16,0,100.0,100.0,0.0,1.0,0.0,1.1929131871506895,100.0,,,,29
26e0f72c031b5f07,quality_only,16,16,16,False,True,True,True,0.0,16,0,100.0,100.0,0.0,1.0,0.0,1.1929131871506895,100.0,,,,29
26e0f72c031b5f07,score,9,9,16,False,True,True,False,0.4375,9,0,100.0,100.0,0.25,0.3125,0.4375,2.824176778914553,100.0,16.0,0.0,100.0,29
26e0f72c031b5f07,pareto,2,2,16,False,False,False,False,0.875,2,0,100.0,100.0,0.0,0.125,0.875,5.014715047363106,100.0,16.0,0.0,100.0,29
26e0f72c031b5f07,gt_distance,4,4,16,False,True,False,False,0.75,4,0,100.0,100.0,0.0625,0.1875,0.75,4.032223104474278,100.0,16.0,0.0,100.0,29
26e0f72c031b5f07,old_pc,16,16,16,False,True,True,True,0.0,16,0,100.0,100.0,0.0,1.0,0.0,1.1929131871506895,100.0,16.0,0.0,100.0,29
56e525076cab5f42,conditional_pc,16,16,16,False,True,True,True,0.0,16,0,100.0,100.0,0.25,0.75,0.0,1.1203748180990585,100.0,,,,29
56e525076cab5f42,quality_only,16,16,16,False,True,True,True,0.0,16,0,100.0,100.0,0.25,0.75,0.0,1.1203748180990585,100.0,,,,29
56e525076cab5f42,score,0,0,16,True,False,False,False,1.0,0,0,100.0,,0.0,0.0,1.0,17.671738088825304,100.0,16.0,0.0,100.0,29
56e525076cab5f42,pareto,1,1,16,False,False,False,False,0.9375,1,0,100.0,100.0,0.0,0.0625,0.9375,17.379034833118084,100.0,16.0,0.0,100.0,29
56e525076cab5f42,gt_distance,1,1,16,False,False,False,False,0.9375,1,0,100.0,100.0,0.0625,0.0,0.9375,16.92189622170135,100.0,16.0,0.0,100.0,29
56e525076cab5f42,old_pc,16,16,16,False,True,True,True,0.0,16,0,100.0,100.0,0.25,0.75,0.0,1.1203748180990585,100.0,16.0,0.0,100.0,29
4ce4021236435fc2,conditional_pc,16,16,16,False,True,True,True,0.0,16,0,88.08631343292619,88.08631343292619,0.0625,0.9375,0.0,1.1129949625010191,87.71097435699046,,,,26
4ce4021236435fc2,quality_only,16,16,16,False,True,True,True,0.0,16,0,88.08631343292619,88.08631343292619,0.0625,0.9375,0.0,1.1129949625010191,87.71097435699046,,,,26
4ce4021236435fc2,score,0,0,16,True,False,False,False,1.0,0,0,91.6909930171417,,0.0,0.0,1.0,26.95752967773715,87.71097435699046,16.0,0.0,91.6909930171417,26
4ce4021236435fc2,pareto,0,0,16,True,False,False,False,1.0,0,0,91.6909930171417,,0.0,0.0,1.0,26.95752967773715,87.71097435699046,16.0,0.0,91.6909930171417,26
4ce4021236435fc2,gt_distance,2,2,16,False,False,False,False,0.875,2,0,87.72260528601112,87.78614001884648,0.125,0.1875,0.6875,4.769083909145488,87.71097435699046,16.0,0.0,87.72260528601112,26
4ce4021236435fc2,old_pc,1,1,1,False,False,False,False,0.0,1,0,88.30109407555328,88.30109407555328,0.0,1.0,0.0,1.031897556158491,87.71097435699046,16.0,15.0,88.30098861550823,26
3ae8bec3c87f599a,conditional_pc,16,16,16,False,True,True,True,0.0,16,0,84.53729807762623,84.53729807762623,0.0,1.0,0.0,1.2037731165434329,83.67929684893592,,,,33
3ae8bec3c87f599a,quality_only,16,16,16,False,True,True,True,0.0,16,0,84.53729807762623,84.53729807762623,0.0,1.0,0.0,1.2037731165434329,83.67929684893592,,,,33
3ae8bec3c87f599a,score,0,0,16,True,False,False,False,1.0,0,0,100.0,,0.0,0.0,1.0,272.3934149605076,83.67929684893592,16.0,0.0,100.0,33
3ae8bec3c87f599a,pareto,0,0,16,True,False,False,False,1.0,0,0,100.0,,0.0,0.0,1.0,214.7106187595365,83.67929684893592,16.0,0.0,100.0,33
3ae8bec3c87f599a,gt_distance,2,2,16,False,False,False,False,0.875,2,0,86.83321414078723,85.25338631260439,0.0625,0.0625,0.875,7.540056932961134,83.67929684893592,16.0,0.0,86.83321414078723,33
3ae8bec3c87f599a,old_pc,1,1,1,False,False,False,False,0.0,1,0,85.39379449505232,85.39379449505232,0.0,1.0,0.0,1.1275335204186805,83.67929684893592,16.0,15.0,85.39391282171268,33
de9dfb594099510e,conditional_pc,16,16,16,False,True,True,True,0.0,16,0,100.0,100.0,0.0,1.0,0.0,1.5189650554941687,99.0741440361445,,,,39
de9dfb594099510e,quality_only,16,16,16,False,True,True,True,0.0,16,0,100.0,100.0,0.0,1.0,0.0,1.5189650554941687,99.0741440361445,,,,39
de9dfb594099510e,score,0,0,16,True,False,False,False,1.0,0,0,100.0,,0.0,0.0,1.0,5.69665740117583,99.0741440361445,16.0,0.0,100.0,39
de9dfb594099510e,pareto,2,2,16,False,False,False,False,0.875,2,0,100.0,100.0,0.0625,0.0625,0.875,10.438623424298282,99.0741440361445,16.0,0.0,100.0,39
de9dfb594099510e,gt_distance,3,3,16,False,False,False,False,0.8125,3,0,100.0,100.0,0.125,0.0625,0.8125,8.176190056639284,99.0741440361445,16.0,0.0,100.0,39
de9dfb594099510e,old_pc,16,16,16,False,True,True,True,0.0,16,0,100.0,100.0,0.0,1.0,0.0,1.5189650554941687,99.0741440361445,16.0,0.0,100.0,39
ba1ace8df74d5f7b,conditional_pc,0,0,0,True,False,False,False,1.0,0,0,,,,,,,85.3816170858714,,,,0
ba1ace8df74d5f7b,quality_only,0,0,0,True,False,False,False,1.0,0,0,,,,,,,85.3816170858714,,,,0
ba1ace8df74d5f7b,score,0,0,16,True,False,False,False,1.0,0,0,90.74298452937713,,0.0,0.0,1.0,24.42185037795933,85.3816170858714,16.0,0.0,90.74298452937713,0
ba1ace8df74d5f7b,pareto,0,0,16,True,False,False,False,1.0,0,0,90.74298452937713,,0.0,0.0,1.0,24.42185037795933,85.3816170858714,16.0,0.0,90.74298452937713,0
ba1ace8df74d5f7b,gt_distance,0,0,16,True,False,False,False,1.0,0,0,86.12005409486994,,0.25,0.3125,0.4375,2.144850560637111,85.3816170858714,16.0,0.0,86.12005409486994,0
ba1ace8df74d5f7b,old_pc,0,0,1,True,False,False,False,1.0,0,0,85.82215765834536,,0.0,1.0,0.0,1.256530466293886,85.3816170858714,16.0,15.0,85.82223355146223,0
502320eeaec55d1f,conditional_pc,16,16,16,False,True,True,True,0.0,16,0,98.75501490965434,98.75501490965434,0.5,0.5,0.0,1.025989443098569,98.20218941883508,,,,22
502320eeaec55d1f,quality_only,16,16,16,False,True,True,True,0.0,16,0,98.75501490965434,98.75501490965434,0.5,0.5,0.0,1.025989443098569,98.20218941883508,,,,22
502320eeaec55d1f,score,0,0,16,True,False,False,False,1.0,0,0,100.0,,0.0,0.0,1.0,13.715992413425806,98.20218941883508,16.0,0.0,100.0,22
502320eeaec55d1f,pareto,0,0,16,True,False,False,False,1.0,0,0,100.0,,0.0,0.0,1.0,13.425269623255756,98.20218941883508,16.0,0.0,100.0,22
502320eeaec55d1f,gt_distance,0,0,16,True,False,False,False,1.0,0,0,95.1391823228527,,0.0,0.0,1.0,20.502953713960192,98.20218941883508,16.0,0.0,95.1391823228527,22
502320eeaec55d1f,old_pc,1,1,1,False,False,False,False,0.0,1,0,99.26502024124385,99.26502024124385,0.0,1.0,0.0,1.479147719245098,98.20218941883508,16.0,15.0,99.26503077027456,22
2dd169c11ca55cf5,conditional_pc,16,16,16,False,True,True,True,0.0,16,0,94.3284994946115,94.3284994946115,0.4375,0.5625,0.0,1.1296900286256508,94.16426886577372,,,,20
2dd169c11ca55cf5,quality_only,16,16,16,False,True,True,True,0.0,16,0,94.3284994946115,94.3284994946115,0.4375,0.5625,0.0,1.1296900286256508,94.16426886577372,,,,20
2dd169c11ca55cf5,score,0,0,16,True,False,False,False,1.0,0,0,97.91922079297028,,0.0,0.0,1.0,42.75508944220124,94.16426886577372,16.0,0.0,97.91922079297028,20
2dd169c11ca55cf5,pareto,0,0,16,True,False,False,False,1.0,0,0,97.91922079297028,,0.0,0.0,1.0,42.75508944220124,94.16426886577372,16.0,0.0,97.91922079297028,20
2dd169c11ca55cf5,gt_distance,13,13,16,False,True,True,False,0.1875,13,0,94.43371747854404,94.40543562887062,0.5,0.3125,0.1875,1.4958527226580842,94.16426886577372,16.0,0.0,94.43371747854404,20
2dd169c11ca55cf5,old_pc,1,1,1,False,False,False,False,0.0,1,0,94.7188196411892,94.7188196411892,0.0,1.0,0.0,1.1217466966869871,94.16426886577372,16.0,15.0,94.71881629895266,20
14bd7947aab75ae6,conditional_pc,16,16,16,False,True,True,True,0.0,16,0,100.0,100.0,0.0,1.0,0.0,1.27047092169438,100.0,,,,33
14bd7947aab75ae6,quality_only,16,16,16,False,True,True,True,0.0,16,0,100.0,100.0,0.0,1.0,0.0,1.27047092169438,100.0,,,,33
14bd7947aab75ae6,score,0,0,16,True,False,False,False,1.0,0,0,100.0,,0.0,0.0,1.0,6.492818106354712,100.0,16.0,0.0,100.0,33
14bd7947aab75ae6,pareto,3,3,16,False,False,False,False,0.8125,3,0,100.0,100.0,0.125,0.0625,0.8125,6.507023261997909,100.0,16.0,0.0,100.0,33
14bd7947aab75ae6,gt_distance,3,3,16,False,False,False,False,0.8125,3,0,100.0,100.0,0.0625,0.125,0.8125,6.334886757333278,100.0,16.0,0.0,100.0,33
14bd7947aab75ae6,old_pc,16,16,16,False,True,True,True,0.0,16,0,100.0,100.0,0.0,1.0,0.0,1.27047092169438,100.0,16.0,0.0,100.0,33
3acaadb297b15413,conditional_pc,16,16,16,False,True,True,True,0.0,16,0,96.1764375797457,96.1764375797457,0.25,0.75,0.0,1.176581612813071,95.23746602950268,,,,22
3acaadb297b15413,quality_only,16,16,16,False,True,True,True,0.0,16,0,96.1764375797457,96.1764375797457,0.25,0.75,0.0,1.1765816128130708,95.23746602950268,,,,22
3acaadb297b15413,score,13,13,16,False,True,True,False,0.1875,13,0,96.59442214596154,96.60602814883332,0.1875,0.625,0.1875,1.3251723213929814,95.23746602950268,16.0,0.0,96.59442214596154,22
3acaadb297b15413,pareto,10,10,16,False,True,True,False,0.375,10,0,86.25705789962319,96.63745175400196,0.25,0.5625,0.1875,1.702738847276364,95.23746602950268,16.0,0.0,86.25705789962319,22
3acaadb297b15413,gt_distance,0,0,16,True,False,False,False,1.0,0,0,90.20796233101704,,0.0,0.0,1.0,2.719095279728858,95.23746602950268,16.0,0.0,90.20796233101704,22
3acaadb297b15413,old_pc,2,2,2,False,False,False,False,0.0,2,0,96.76478381024944,96.76478381024944,0.0,1.0,0.0,1.0732931722797463,95.23746602950268,16.0,14.0,96.7650544737409,22
4667b479001e52d3,conditional_pc,16,16,16,False,True,True,True,0.0,16,0,93.2579239306112,93.2579239306112,0.25,0.75,0.0,1.1381039319432449,93.02007533402475,,,,25
4667b479001e52d3,quality_only,16,16,16,False,True,True,True,0.0,16,0,93.2579239306112,93.2579239306112,0.25,0.75,0.0,1.1381039319432449,93.02007533402475,,,,25
4667b479001e52d3,score,0,0,16,True,False,False,False,1.0,0,0,94.80177113454376,,0.0,0.0,1.0,21.00723606721689,93.02007533402475,16.0,0.0,94.80177113454376,25
4667b479001e52d3,pareto,0,0,16,True,False,False,False,1.0,0,0,94.80177113454376,,0.0,0.0,1.0,21.00723606721689,93.02007533402475,16.0,0.0,94.80177113454376,25
4667b479001e52d3,gt_distance,0,0,16,True,False,False,False,1.0,0,0,93.80374551238856,,0.0,0.0,1.0,8.26316711211312,93.02007533402475,16.0,0.0,93.80374551238856,25
4667b479001e52d3,old_pc,1,1,1,False,False,False,False,0.0,1,0,93.50026885444942,93.50026885444942,0.0,1.0,0.0,1.207555512371388,93.02007533402475,16.0,15.0,93.50027349077192,25
7f15d26426a65449,conditional_pc,0,0,0,True,False,False,False,1.0,0,0,,,,,,,0.0,,,,0
7f15d26426a65449,quality_only,0,0,0,True,False,False,False,1.0,0,0,,,,,,,0.0,,,,0
7f15d26426a65449,score,0,0,16,True,False,False,False,1.0,0,0,88.3364390899683,,0.0,0.0,1.0,10.61413733246324,0.0,16.0,0.0,88.3364390899683,0
7f15d26426a65449,pareto,0,0,16,True,False,False,False,1.0,0,0,68.24409104936106,,0.0,0.0,1.0,14.50981939180543,0.0,16.0,0.0,68.24409104936106,0
7f15d26426a65449,gt_distance,0,0,16,True,False,False,False,1.0,0,0,88.3364390899683,,0.0,0.0,1.0,10.61413733246324,0.0,16.0,0.0,88.3364390899683,0
7f15d26426a65449,old_pc,0,0,1,True,False,False,False,1.0,0,0,0.0,,0.0,1.0,0.0,1.2864777014212363,0.0,16.0,15.0,0.0,0
70fb14aa330a5e1a,conditional_pc,16,16,16,False,True,True,True,0.0,16,0,100.0,100.0,0.0,1.0,0.0,1.331568230193081,100.0,,,,53
70fb14aa330a5e1a,quality_only,16,16,16,False,True,True,True,0.0,16,0,100.0,100.0,0.0,1.0,0.0,1.331568230193081,100.0,,,,53
70fb14aa330a5e1a,score,0,0,16,True,False,False,False,1.0,0,0,100.0,,0.0,0.0,1.0,4.027250906060585,100.0,16.0,0.0,100.0,53
70fb14aa330a5e1a,pareto,2,2,16,False,False,False,False,0.875,2,0,100.0,100.0,0.0,0.125,0.875,7.794398512189144,100.0,16.0,0.0,100.0,53
70fb14aa330a5e1a,gt_distance,1,1,16,False,False,False,False,0.9375,1,0,100.0,100.0,0.0,0.0625,0.9375,8.339967541152795,100.0,16.0,0.0,100.0,53
70fb14aa330a5e1a,old_pc,16,16,16,False,True,True,True,0.0,16,0,100.0,100.0,0.0,1.0,0.0,1.331568230193081,100.0,16.0,0.0,100.0,53
390944a5467b51c5,conditional_pc,16,16,16,False,True,True,True,0.0,16,0,100.0,100.0,0.125,0.875,0.0,1.4268312424297291,100.0,,,,36
390944a5467b51c5,quality_only,16,16,16,False,True,True,True,0.0,16,0,100.0,100.0,0.125,0.875,0.0,1.4268312424297291,100.0,,,,36
390944a5467b51c5,score,0,0,16,True,False,False,False,1.0,0,0,100.0,,0.0,0.0,1.0,4.138430597730377,100.0,16.0,0.0,100.0,36
390944a5467b51c5,pareto,1,1,16,False,False,False,False,0.9375,1,0,100.0,100.0,0.0,0.0625,0.9375,10.800393668429518,100.0,16.0,0.0,100.0,36
390944a5467b51c5,gt_distance,1,1,16,False,False,False,False,0.9375,1,0,100.0,100.0,0.0,0.0625,0.9375,10.800393668429518,100.0,16.0,0.0,100.0,36
390944a5467b51c5,old_pc,16,16,16,False,True,True,True,0.0,16,0,100.0,100.0,0.125,0.875,0.0,1.4268312424297291,100.0,16.0,0.0,100.0,36
de37d906807d5da4,conditional_pc,16,16,16,False,True,True,True,0.0,16,0,100.0,100.0,0.0,1.0,0.0,1.185049182739098,100.0,,,,30
de37d906807d5da4,quality_only,16,16,16,False,True,True,True,0.0,16,0,100.0,100.0,0.0,1.0,0.0,1.185049182739098,100.0,,,,30
de37d906807d5da4,score,0,0,16,True,False,False,False,1.0,0,0,100.0,,0.0,0.0,1.0,7.636610224018462,100.0,16.0,0.0,100.0,30
de37d906807d5da4,pareto,2,2,16,False,False,False,False,0.875,2,0,100.0,100.0,0.0625,0.0625,0.875,8.1160109922279,100.0,16.0,0.0,100.0,30
de37d906807d5da4,gt_distance,3,3,16,False,False,False,False,0.8125,3,0,100.0,100.0,0.0625,0.125,0.8125,6.36627338374173,100.0,16.0,0.0,100.0,30
de37d906807d5da4,old_pc,16,16,16,False,True,True,True,0.0,16,0,100.0,100.0,0.0,1.0,0.0,1.185049182739098,100.0,16.0,0.0,100.0,30
9ed0f61a7d9551dd,conditional_pc,16,16,16,False,True,True,True,0.0,16,0,97.73329166535328,97.73329166535328,0.125,0.875,0.0,1.2895453090102964,97.4108444151816,,,,29
9ed0f61a7d9551dd,quality_only,16,16,16,False,True,True,True,0.0,16,0,97.73329166535328,97.73329166535328,0.125,0.875,0.0,1.2895453090102964,97.4108444151816,,,,29
9ed0f61a7d9551dd,score,0,0,16,True,False,False,False,1.0,0,0,99.19004438324332,,0.0,0.0,1.0,14.774640742895263,97.4108444151816,16.0,0.0,99.19004438324332,29
9ed0f61a7d9551dd,pareto,0,0,16,True,False,False,False,1.0,0,0,99.19004438324332,,0.0,0.0,1.0,14.774640742895263,97.4108444151816,16.0,0.0,99.19004438324332,29
9ed0f61a7d9551dd,gt_distance,2,2,16,False,False,False,False,0.875,2,0,98.2936940591878,97.99294652793704,0.0,0.125,0.875,4.533403419726782,97.4108444151816,16.0,0.0,98.2936940591878,29
9ed0f61a7d9551dd,old_pc,1,1,1,False,False,False,False,0.0,1,0,98.08311812770576,98.08311812770576,0.0,1.0,0.0,1.1960431599615198,97.4108444151816,16.0,15.0,98.08312643878403,29
772bea477f415d7e,conditional_pc,16,16,16,False,True,True,True,0.0,16,0,100.0,100.0,0.0,1.0,0.0,1.4732516919521854,100.0,,,,40
772bea477f415d7e,quality_only,16,16,16,False,True,True,True,0.0,16,0,100.0,100.0,0.0,1.0,0.0,1.4732516919521854,100.0,,,,40
772bea477f415d7e,score,0,0,16,True,False,False,False,1.0,0,0,100.0,,0.0,0.0,1.0,27.758887716039585,100.0,16.0,0.0,100.0,40
772bea477f415d7e,pareto,3,3,16,False,False,False,False,0.8125,3,0,100.0,100.0,0.0625,0.125,0.8125,14.32581533859905,100.0,16.0,0.0,100.0,40
772bea477f415d7e,gt_distance,0,0,16,True,False,False,False,1.0,0,0,100.0,,0.0,0.0,1.0,27.4653496367933,100.0,16.0,0.0,100.0,40
772bea477f415d7e,old_pc,16,16,16,False,True,True,True,0.0,16,0,100.0,100.0,0.0,1.0,0.0,1.4732516919521854,100.0,16.0,0.0,100.0,40
cf05fb873d635a08,conditional_pc,16,16,16,False,True,True,True,0.0,16,0,95.3239023725889,95.3239023725889,0.375,0.625,0.0,1.058294686918364,93.64694264488092,,,,23
cf05fb873d635a08,quality_only,16,16,16,False,True,True,True,0.0,16,0,95.3239023725889,95.3239023725889,0.375,0.625,0.0,1.058294686918364,93.64694264488092,,,,23
cf05fb873d635a08,score,11,11,16,False,True,True,False,0.3125,11,0,95.86968378667912,95.73019689733492,0.25,0.4375,0.3125,1.7022035387307803,93.64694264488092,16.0,0.0,95.86968378667912,23
cf05fb873d635a08,pareto,11,11,16,False,True,True,False,0.3125,11,0,95.86968378667912,95.73019689733492,0.25,0.4375,0.3125,1.7022035387307803,93.64694264488092,16.0,0.0,95.86968378667912,23
cf05fb873d635a08,gt_distance,2,2,16,False,False,False,False,0.875,2,0,92.00904407244992,94.19649966262898,0.25,0.1875,0.5625,3.104234496780462,93.64694264488092,16.0,0.0,92.00904407244992,23
cf05fb873d635a08,old_pc,1,1,1,False,False,False,False,0.0,1,0,96.65566658708622,96.65566658708622,0.0,1.0,0.0,1.1641029660542557,93.64694264488092,16.0,15.0,96.65584901082318,23
6ef435e921f9538a,conditional_pc,16,16,16,False,True,True,True,0.0,16,0,100.0,100.0,0.0,1.0,0.0,1.1622542198158388,100.0,,,,34
6ef435e921f9538a,quality_only,16,16,16,False,True,True,True,0.0,16,0,100.0,100.0,0.0,1.0,0.0,1.1622542198158388,100.0,,,,34
6ef435e921f9538a,score,0,0,16,True,False,False,False,1.0,0,0,100.0,,0.0,0.0,1.0,2.231930581243761,100.0,16.0,0.0,100.0,34
6ef435e921f9538a,pareto,3,3,16,False,False,False,False,0.8125,3,0,100.0,100.0,0.0625,0.125,0.8125,7.662072832151514,100.0,16.0,0.0,100.0,34
6ef435e921f9538a,gt_distance,3,3,16,False,False,False,False,0.8125,3,0,100.0,100.0,0.0625,0.125,0.8125,5.002779763558225,100.0,16.0,0.0,100.0,34
6ef435e921f9538a,old_pc,16,16,16,False,True,True,True,0.0,16,0,100.0,100.0,0.0,1.0,0.0,1.1622542198158388,100.0,16.0,0.0,100.0,34
e60a241cf8df5ae6,conditional_pc,16,16,16,False,True,True,True,0.0,16,0,96.35652598670812,96.35652598670812,0.0,1.0,0.0,1.1849655271145707,95.39836309880386,,,,36
e60a241cf8df5ae6,quality_only,16,16,16,False,True,True,True,0.0,16,0,96.35652598670814,96.35652598670814,0.0,1.0,0.0,1.1849655271145707,95.39836309880386,,,,36
e60a241cf8df5ae6,score,0,0,16,True,False,False,False,1.0,0,0,100.0,,0.0,0.0,1.0,17.351654383175923,95.39836309880386,16.0,0.0,100.0,36
e60a241cf8df5ae6,pareto,0,0,16,True,False,False,False,1.0,0,0,100.0,,0.0,0.0,1.0,17.68952901858301,95.39836309880386,16.0,0.0,100.0,36
e60a241cf8df5ae6,gt_distance,0,0,16,True,False,False,False,1.0,0,0,99.89335182118512,,0.0,0.0,1.0,13.1557709111132,95.39836309880386,16.0,0.0,99.89335182118512,36
e60a241cf8df5ae6,old_pc,1,1,1,False,False,False,False,0.0,1,0,97.09691091774936,97.09691091774936,0.0,1.0,0.0,1.2012325062031386,95.39836309880386,16.0,15.0,97.09693750730696,36
430843d30f9258ed,conditional_pc,16,16,16,False,True,True,True,0.0,16,0,92.4686908544523,92.4686908544523,0.125,0.875,0.0,1.1278705316467788,92.27578874657073,,,,22
430843d30f9258ed,quality_only,16,16,16,False,True,True,True,0.0,16,0,92.4686908544523,92.4686908544523,0.125,0.875,0.0,1.1278705316467788,92.27578874657073,,,,22
430843d30f9258ed,score,0,0,16,True,False,False,False,1.0,0,0,93.75133393704893,,0.0,0.0,1.0,8.943165053911383,92.27578874657073,16.0,0.0,93.75133393704893,22
430843d30f9258ed,pareto,0,0,16,True,False,False,False,1.0,0,0,93.75133393704893,,0.0,0.0,1.0,8.943165053911383,92.27578874657073,16.0,0.0,93.75133393704893,22
430843d30f9258ed,gt_distance,0,0,16,True,False,False,False,1.0,0,0,93.50524592668708,,0.0,0.0,1.0,5.205471216223481,92.27578874657073,16.0,0.0,93.50524592668708,22
430843d30f9258ed,old_pc,1,1,1,False,False,False,False,0.0,1,0,93.07612630156962,93.07612630156962,0.0,1.0,0.0,1.1261410048400486,92.27578874657073,16.0,15.0,93.07611329687012,22
05f01335f6e15d86,conditional_pc,16,16,16,False,True,True,True,0.0,16,0,98.66600118453977,98.66600118453977,0.0,1.0,0.0,1.2928697205904287,97.45763002891076,,,,30
05f01335f6e15d86,quality_only,16,16,16,False,True,True,True,0.0,16,0,98.66600118453977,98.66600118453977,0.0,1.0,0.0,1.2928697205904287,97.45763002891076,,,,30
05f01335f6e15d86,score,6,6,16,False,True,False,False,0.625,6,0,99.4316751758117,99.58962369787496,0.0625,0.3125,0.625,4.404046188238321,97.45763002891076,16.0,0.0,99.4316751758117,30
05f01335f6e15d86,pareto,6,6,16,False,True,False,False,0.625,6,0,99.4316751758117,99.58962369787496,0.0625,0.3125,0.625,4.404046188238321,97.45763002891076,16.0,0.0,99.4316751758117,30
05f01335f6e15d86,gt_distance,7,7,16,False,True,False,False,0.5625,7,0,99.33309420258152,99.47651512532838,0.125,0.3125,0.5625,2.349269093341664,97.45763002891076,16.0,0.0,99.33309420258152,30
05f01335f6e15d86,old_pc,2,2,2,False,False,False,False,0.0,2,0,99.90801914689462,99.90801914689462,0.0,1.0,0.0,1.222725578852763,97.45763002891076,16.0,14.0,99.90892852826258,30
4be639c52c2656db,conditional_pc,16,16,16,False,True,True,True,0.0,16,0,100.0,100.0,0.0,1.0,0.0,1.1746258821938746,100.0,,,,30
4be639c52c2656db,quality_only,16,16,16,False,True,True,True,0.0,16,0,100.0,100.0,0.0,1.0,0.0,1.1746258821938746,100.0,,,,30
4be639c52c2656db,score,0,0,16,True,False,False,False,1.0,0,0,100.0,,0.0,0.0,1.0,10.161082370044475,100.0,16.0,0.0,100.0,30
4be639c52c2656db,pareto,1,1,16,False,False,False,False,0.9375,1,0,100.0,100.0,0.0,0.0625,0.9375,21.985603533137315,100.0,16.0,0.0,100.0,30
4be639c52c2656db,gt_distance,1,1,16,False,False,False,False,0.9375,1,0,100.0,100.0,0.0,0.0625,0.9375,21.985603533137315,100.0,16.0,0.0,100.0,30
4be639c52c2656db,old_pc,16,16,16,False,True,True,True,0.0,16,0,100.0,100.0,0.0,1.0,0.0,1.1746258821938746,100.0,16.0,0.0,100.0,30
3f67a285648156d8,conditional_pc,16,16,16,False,True,True,True,0.0,16,0,87.83653776888032,87.83653776888032,0.0,1.0,0.0,1.1963623765786564,86.94965713536723,,,,29
3f67a285648156d8,quality_only,16,16,16,False,True,True,True,0.0,16,0,87.83613467012769,87.83613467012769,0.0,1.0,0.0,1.1906013770064685,86.94965713536723,,,,29
3f67a285648156d8,score,0,0,16,True,False,False,False,1.0,0,0,89.63408714417997,,0.0,0.0,1.0,8.34378208764603,86.94965713536723,16.0,0.0,89.63408714417997,29
3f67a285648156d8,pareto,0,0,16,True,False,False,False,1.0,0,0,89.63408714417997,,0.0,0.0,1.0,8.34378208764603,86.94965713536723,16.0,0.0,89.63408714417997,29
3f67a285648156d8,gt_distance,0,0,16,True,False,False,False,1.0,0,0,86.07796371461508,,0.0,0.0,1.0,8.883173812488282,86.94965713536723,16.0,0.0,86.07796371461508,29
3f67a285648156d8,old_pc,1,1,1,False,False,False,False,0.0,1,0,88.91990840685443,88.91990840685443,0.0,1.0,0.0,1.1166895347589103,86.94965713536723,16.0,15.0,88.92004327505771,29
d193c14478495b74,conditional_pc,16,16,16,False,True,True,True,0.0,16,0,93.00992444279406,93.00992444279406,0.375,0.625,0.0,1.0914072117204272,92.4085243722802,,,,27
d193c14478495b74,quality_only,16,16,16,False,True,True,True,0.0,16,0,93.00992444279406,93.00992444279406,0.375,0.625,0.0,1.0914072117204272,92.4085243722802,,,,27
d193c14478495b74,score,8,8,16,False,True,True,False,0.5,8,0,93.33784791714778,93.41175050858416,0.375,0.125,0.5,2.9817385994410825,92.4085243722802,16.0,0.0,93.33784791714778,27
d193c14478495b74,pareto,8,8,16,False,True,True,False,0.5,8,0,93.33784791714778,93.41175050858416,0.375,0.125,0.5,2.9817385994410825,92.4085243722802,16.0,0.0,93.33784791714778,27
d193c14478495b74,gt_distance,8,8,16,False,True,True,False,0.5,8,0,93.33784791714778,93.41175050858416,0.375,0.125,0.5,2.9817385994410825,92.4085243722802,16.0,0.0,93.33784791714778,27
d193c14478495b74,old_pc,2,2,2,False,False,False,False,0.0,2,0,93.71329381795258,93.71329381795258,0.5,0.5,0.0,0.9861347717923395,92.4085243722802,16.0,14.0,93.71330824843275,27
be62b590e24a520d,conditional_pc,16,16,16,False,True,True,True,0.0,16,0,94.36858333404136,94.36858333404136,0.1875,0.8125,0.0,1.113262988196729,92.64318511108036,,,,22
be62b590e24a520d,quality_only,16,16,16,False,True,True,True,0.0,16,0,94.36858333404136,94.36858333404136,0.1875,0.8125,0.0,1.113262988196729,92.64318511108036,,,,22
be62b590e24a520d,score,0,0,16,True,False,False,False,1.0,0,0,100.0,,0.0,0.0,1.0,19.47653512898089,92.64318511108036,16.0,0.0,100.0,22
be62b590e24a520d,pareto,0,0,16,True,False,False,False,1.0,0,0,100.0,,0.0,0.0,1.0,23.70228735624861,92.64318511108036,16.0,0.0,100.0,22
be62b590e24a520d,gt_distance,0,0,16,True,False,False,False,1.0,0,0,90.5873610656384,,0.0,0.0,1.0,8.490098507010618,92.64318511108036,16.0,0.0,90.5873610656384,22
be62b590e24a520d,old_pc,1,1,1,False,False,False,False,0.0,1,0,95.79237325962714,95.79237325962714,0.0,1.0,0.0,1.3062392204644837,92.64318511108036,16.0,15.0,95.79185347032822,22
ee2a0378652e53d0,conditional_pc,16,16,16,False,True,True,True,0.0,16,0,87.28745768019186,87.28745768019186,0.0,1.0,0.0,1.3660488583505177,83.35300836016076,,,,33
ee2a0378652e53d0,quality_only,16,16,16,False,True,True,True,0.0,16,0,87.28745768019186,87.28745768019186,0.0,1.0,0.0,1.3660488583505177,83.35300836016076,,,,33
ee2a0378652e53d0,score,0,0,16,True,False,False,False,1.0,0,0,100.0,,0.0,0.0,1.0,25.96313756445803,83.35300836016076,16.0,0.0,100.0,33
ee2a0378652e53d0,pareto,0,0,16,True,False,False,False,1.0,0,0,100.0,,0.0,0.0,1.0,33.94510568139981,83.35300836016076,16.0,0.0,100.0,33
ee2a0378652e53d0,gt_distance,0,0,16,True,False,False,False,1.0,0,0,96.02626554919334,,0.0,0.0,1.0,13.445504254662406,83.35300836016076,16.0,0.0,96.02626554919334,33
ee2a0378652e53d0,old_pc,1,1,1,False,False,False,False,0.0,1,0,88.80541217367619,88.80541217367619,0.0,1.0,0.0,1.6283171197405972,83.35300836016076,16.0,15.0,88.80529817562476,33
adf177418b8a5f6f,conditional_pc,16,16,16,False,True,True,True,0.0,16,0,100.0,100.0,0.0,1.0,0.0,1.1582001022866193,100.0,,,,30
adf177418b8a5f6f,quality_only,16,16,16,False,True,True,True,0.0,16,0,100.0,100.0,0.0,1.0,0.0,1.1582001022866193,100.0,,,,30
adf177418b8a5f6f,score,0,0,16,True,False,False,False,1.0,0,0,100.0,,0.0,0.0,1.0,16.281275873268875,100.0,16.0,0.0,100.0,30
adf177418b8a5f6f,pareto,1,1,16,False,False,False,False,0.9375,1,0,100.0,100.0,0.0,0.0625,0.9375,13.565634415165617,100.0,16.0,0.0,100.0,30
adf177418b8a5f6f,gt_distance,0,0,16,True,False,False,False,1.0,0,0,100.0,,0.0,0.0,1.0,14.95009845875192,100.0,16.0,0.0,100.0,30
adf177418b8a5f6f,old_pc,16,16,16,False,True,True,True,0.0,16,0,100.0,100.0,0.0,1.0,0.0,1.1582001022866193,100.0,16.0,0.0,100.0,30
8ba72029d7d75a0c,conditional_pc,16,16,16,False,True,True,True,0.0,16,0,100.0,100.0,0.0,1.0,0.0,1.270317779912553,100.0,,,,50
8ba72029d7d75a0c,quality_only,16,16,16,False,True,True,True,0.0,16,0,100.0,100.0,0.0,1.0,0.0,1.270317779912553,100.0,,,,50
8ba72029d7d75a0c,score,0,0,16,True,False,False,False,1.0,0,0,100.0,,0.0,0.0,1.0,2.913362514996461,100.0,16.0,0.0,100.0,50
8ba72029d7d75a0c,pareto,1,1,16,False,False,False,False,0.9375,1,0,100.0,100.0,0.0625,0.0,0.9375,4.785853080059935,100.0,16.0,0.0,100.0,50
8ba72029d7d75a0c,gt_distance,3,3,16,False,False,False,False,0.8125,3,0,100.0,100.0,0.0625,0.125,0.8125,3.6996631593262927,100.0,16.0,0.0,100.0,50
8ba72029d7d75a0c,old_pc,16,16,16,False,True,True,True,0.0,16,0,100.0,100.0,0.0,1.0,0.0,1.270317779912553,100.0,16.0,0.0,100.0,50
a893fc739c0b567c,conditional_pc,16,16,16,False,True,True,True,0.0,16,0,100.0,100.0,0.0,1.0,0.0,1.3555624002236049,100.0,,,,70
a893fc739c0b567c,quality_only,16,16,16,False,True,True,True,0.0,16,0,100.0,100.0,0.0,1.0,0.0,1.3555624002236049,100.0,,,,70
a893fc739c0b567c,score,13,13,16,False,True,True,False,0.1875,13,0,100.0,100.0,0.0,0.8125,0.1875,1.6648055890239095,100.0,16.0,0.0,100.0,70
a893fc739c0b567c,pareto,3,3,16,False,False,False,False,0.8125,3,0,100.0,100.0,0.0,0.1875,0.8125,5.806030896605637,100.0,16.0,0.0,100.0,70
a893fc739c0b567c,gt_distance,6,6,16,False,True,False,False,0.625,6,0,100.0,100.0,0.0625,0.3125,0.625,3.7757298502828736,100.0,16.0,0.0,100.0,70
a893fc739c0b567c,old_pc,16,16,16,False,True,True,True,0.0,16,0,100.0,100.0,0.0,1.0,0.0,1.3555624002236049,100.0,16.0,0.0,100.0,70
ade775b8413358d6,conditional_pc,0,0,0,True,False,False,False,1.0,0,0,,,,,,,0.0,,,,0
ade775b8413358d6,quality_only,0,0,0,True,False,False,False,1.0,0,0,,,,,,,0.0,,,,0
ade775b8413358d6,score,0,0,16,True,False,False,False,1.0,0,0,97.2703177618878,,0.0,0.0,1.0,28.71462210121318,0.0,16.0,0.0,97.2703177618878,0
ade775b8413358d6,pareto,0,0,16,True,False,False,False,1.0,0,0,94.7533265916933,,0.0,0.0,1.0,29.691574226410463,0.0,16.0,0.0,94.7533265916933,0
ade775b8413358d6,gt_distance,0,0,16,True,False,False,False,1.0,0,0,97.21908304509456,,0.0,0.0,1.0,26.96462449707764,0.0,16.0,0.0,97.21908304509456,0
ade775b8413358d6,old_pc,0,0,1,True,False,False,False,1.0,0,0,0.0,,0.0,1.0,0.0,1.5260030369041262,0.0,16.0,15.0,0.0,0
cf26456f21fc55cc,conditional_pc,16,16,16,False,True,True,True,0.0,16,0,100.0,100.0,0.1875,0.8125,0.0,1.226536964857977,100.0,,,,30
cf26456f21fc55cc,quality_only,16,16,16,False,True,True,True,0.0,16,0,100.0,100.0,0.1875,0.8125,0.0,1.226536964857977,100.0,,,,30
cf26456f21fc55cc,score,0,0,16,True,False,False,False,1.0,0,0,100.0,,0.0,0.0,1.0,5.3657820529371785,100.0,16.0,0.0,100.0,30
cf26456f21fc55cc,pareto,2,2,16,False,False,False,False,0.875,2,0,100.0,100.0,0.0,0.125,0.875,13.165082947286436,100.0,16.0,0.0,100.0,30
cf26456f21fc55cc,gt_distance,2,2,16,False,False,False,False,0.875,2,0,100.0,100.0,0.0,0.125,0.875,11.647250432847772,100.0,16.0,0.0,100.0,30
cf26456f21fc55cc,old_pc,16,16,16,False,True,True,True,0.0,16,0,100.0,100.0,0.1875,0.8125,0.0,1.2267733814800112,100.0,16.0,0.0,100.0,30
f5134ec4baf153c9,conditional_pc,16,16,16,False,True,True,True,0.0,16,0,86.7970067013335,86.7970067013335,0.0,1.0,0.0,1.2510086445149535,84.52544219594627,,,,54
f5134ec4baf153c9,quality_only,16,16,16,False,True,True,True,0.0,16,0,86.7970067013335,86.7970067013335,0.0,1.0,0.0,1.2510086445149535,84.52544219594627,,,,54
f5134ec4baf153c9,score,0,0,16,True,False,False,False,1.0,0,0,100.0,,0.0,0.0,1.0,49.50789238959876,84.52544219594627,16.0,0.0,100.0,54
f5134ec4baf153c9,pareto,0,0,16,True,False,False,False,1.0,0,0,100.0,,0.0,0.0,1.0,53.64353770947592,84.52544219594627,16.0,0.0,100.0,54
f5134ec4baf153c9,gt_distance,2,2,16,False,False,False,False,0.875,2,0,88.91607482479611,87.4161692402289,0.0,0.125,0.875,5.880555931893779,84.52544219594627,16.0,0.0,88.91607482479611,54
f5134ec4baf153c9,old_pc,1,1,1,False,False,False,False,0.0,1,0,87.51243263064453,87.51243263064453,0.0,1.0,0.0,1.610090972901192,84.52544219594627,16.0,15.0,87.51252732594766,54
09961e24208b5972,conditional_pc,16,16,16,False,True,True,True,0.0,16,0,100.0,100.0,0.0,1.0,0.0,1.298803731772789,100.0,,,,33
09961e24208b5972,quality_only,16,16,16,False,True,True,True,0.0,16,0,100.0,100.0,0.0,1.0,0.0,1.298803731772789,100.0,,,,33
09961e24208b5972,score,0,0,16,True,False,False,False,1.0,0,0,100.0,,0.0,0.0,1.0,7.337554048529762,100.0,16.0,0.0,100.0,33
09961e24208b5972,pareto,2,2,16,False,False,False,False,0.875,2,0,100.0,100.0,0.0,0.125,0.875,11.873566034287476,100.0,16.0,0.0,100.0,33
09961e24208b5972,gt_distance,3,3,16,False,False,False,False,0.8125,3,0,100.0,100.0,0.0625,0.125,0.8125,6.802078150196989,100.0,16.0,0.0,100.0,33
09961e24208b5972,old_pc,16,16,16,False,True,True,True,0.0,16,0,100.0,100.0,0.0,1.0,0.0,1.298803731772789,100.0,16.0,0.0,100.0,33
7e6335968cbb5318,conditional_pc,16,16,16,False,True,True,True,0.0,16,0,87.9793049174203,87.9793049174203,0.0,1.0,0.0,1.1413967808551813,87.46047833480425,,,,23
7e6335968cbb5318,quality_only,16,16,16,False,True,True,True,0.0,16,0,87.9793049174203,87.9793049174203,0.0,1.0,0.0,1.1413967808551813,87.46047833480425,,,,23
7e6335968cbb5318,score,0,0,16,True,False,False,False,1.0,0,0,92.85962978357422,,0.0,0.0,1.0,25.943139160829386,87.46047833480425,16.0,0.0,92.85962978357422,23
7e6335968cbb5318,pareto,0,0,16,True,False,False,False,1.0,0,0,92.85962978357422,,0.0,0.0,1.0,25.943139160829386,87.46047833480425,16.0,0.0,92.85962978357422,23
7e6335968cbb5318,gt_distance,0,0,16,True,False,False,False,1.0,0,0,92.78633973693492,,0.0,0.0,1.0,26.0157319743792,87.46047833480425,16.0,0.0,92.78633973693492,23
7e6335968cbb5318,old_pc,1,1,1,False,False,False,False,0.0,1,0,88.61739603730734,88.61739603730734,0.0,1.0,0.0,1.1693704635766806,87.46047833480425,16.0,15.0,88.6174225032251,23
ac20d4e2400c58a9,conditional_pc,16,16,16,False,True,True,True,0.0,16,0,94.51196309235796,94.51196309235796,0.3125,0.6875,0.0,1.1423472732770563,94.00022413899993,,,,25
ac20d4e2400c58a9,quality_only,16,16,16,False,True,True,True,0.0,16,0,94.51196309235796,94.51196309235796,0.3125,0.6875,0.0,1.1423472732770563,94.00022413899993,,,,25
ac20d4e2400c58a9,score,4,4,16,False,True,False,False,0.75,4,0,95.05027586426374,94.84937761745608,0.125,0.125,0.75,3.4944176524393247,94.00022413899993,16.0,0.0,95.05027586426374,25
ac20d4e2400c58a9,pareto,4,4,16,False,True,False,False,0.75,4,0,95.05027586426374,94.84937761745608,0.125,0.125,0.75,3.4944176524393247,94.00022413899993,16.0,0.0,95.05027586426374,25
ac20d4e2400c58a9,gt_distance,4,4,16,False,True,False,False,0.75,4,0,95.05027586426374,94.84937761745608,0.125,0.125,0.75,3.4944176524393247,94.00022413899993,16.0,0.0,95.05027586426374,25
ac20d4e2400c58a9,old_pc,1,1,1,False,False,False,False,0.0,1,0,94.94412721401014,94.94412721401014,0.0,1.0,0.0,1.4188209436936765,94.00022413899993,16.0,15.0,94.94414685539856,25
f503e5d4f2815027,conditional_pc,16,16,16,False,True,True,True,0.0,16,0,100.0,100.0,0.0,1.0,0.0,1.3055012291814017,100.0,,,,81
f503e5d4f2815027,quality_only,16,16,16,False,True,True,True,0.0,16,0,100.0,100.0,0.0,1.0,0.0,1.3055012291814017,100.0,,,,81
f503e5d4f2815027,score,12,12,16,False,True,True,False,0.25,12,0,100.0,100.0,0.0,0.75,0.25,1.5572485252964006,100.0,16.0,0.0,100.0,81
f503e5d4f2815027,pareto,2,2,16,False,False,False,False,0.875,2,0,100.0,100.0,0.0625,0.0625,0.875,10.932733332714337,100.0,16.0,0.0,100.0,81
f503e5d4f2815027,gt_distance,2,2,16,False,False,False,False,0.875,2,0,100.0,100.0,0.0,0.125,0.875,8.188496628811102,100.0,16.0,0.0,100.0,81
f503e5d4f2815027,old_pc,16,16,16,False,True,True,True,0.0,16,0,100.0,100.0,0.0,1.0,0.0,1.3055012291814017,100.0,16.0,0.0,100.0,81
43df192ed9125ff3,conditional_pc,16,16,16,False,True,True,True,0.0,16,0,100.0,100.0,0.0,1.0,0.0,1.2257712770142517,100.0,,,,28
43df192ed9125ff3,quality_only,16,16,16,False,True,True,True,0.0,16,0,100.0,100.0,0.0,1.0,0.0,1.2257712770142517,100.0,,,,28
43df192ed9125ff3,score,0,0,16,True,False,False,False,1.0,0,0,100.0,,0.0,0.0,1.0,3.7580032105141226,100.0,16.0,0.0,100.0,28
43df192ed9125ff3,pareto,1,1,16,False,False,False,False,0.9375,1,0,100.0,100.0,0.0625,0.0,0.9375,13.612565152154565,100.0,16.0,0.0,100.0,28
43df192ed9125ff3,gt_distance,1,1,16,False,False,False,False,0.9375,1,0,100.0,100.0,0.0625,0.0,0.9375,13.612565152154565,100.0,16.0,0.0,100.0,28
43df192ed9125ff3,old_pc,16,16,16,False,True,True,True,0.0,16,0,100.0,100.0,0.0,1.0,0.0,1.2257712770142517,100.0,16.0,0.0,100.0,28
b63a589b5dcf521d,conditional_pc,16,16,16,False,True,True,True,0.0,16,0,100.0,100.0,0.0625,0.9375,0.0,1.1861995192027288,100.0,,,,34
b63a589b5dcf521d,quality_only,16,16,16,False,True,True,True,0.0,16,0,100.0,100.0,0.0625,0.9375,0.0,1.1861995192027288,100.0,,,,34
b63a589b5dcf521d,score,0,0,16,True,False,False,False,1.0,0,0,100.0,,0.0,0.0,1.0,4.542042352101372,100.0,16.0,0.0,100.0,34
b63a589b5dcf521d,pareto,3,3,16,False,False,False,False,0.8125,3,0,100.0,100.0,0.125,0.0625,0.8125,7.771066027480245,100.0,16.0,0.0,100.0,34
b63a589b5dcf521d,gt_distance,3,3,16,False,False,False,False,0.8125,3,0,100.0,100.0,0.125,0.0625,0.8125,5.79538143197704,100.0,16.0,0.0,100.0,34
b63a589b5dcf521d,old_pc,16,16,16,False,True,True,True,0.0,16,0,100.0,100.0,0.0625,0.9375,0.0,1.1861995192027288,100.0,16.0,0.0,100.0,34
0996ce03d2325a75,conditional_pc,16,16,16,False,True,True,True,0.0,16,0,91.1542542364969,91.1542542364969,0.125,0.875,0.0,1.1599984471909932,90.82392208047074,,,,23
0996ce03d2325a75,quality_only,16,16,16,False,True,True,True,0.0,16,0,91.1542542364969,91.1542542364969,0.125,0.875,0.0,1.1599984471909932,90.82392208047074,,,,23
0996ce03d2325a75,score,0,0,16,True,False,False,False,1.0,0,0,92.35998324985356,,0.0,0.0,1.0,13.950921614863468,90.82392208047074,16.0,0.0,92.35998324985356,23
0996ce03d2325a75,pareto,0,0,16,True,False,False,False,1.0,0,0,92.35998324985356,,0.0,0.0,1.0,13.950921614863468,90.82392208047074,16.0,0.0,92.35998324985356,23
0996ce03d2325a75,gt_distance,0,0,16,True,False,False,False,1.0,0,0,92.0262048135827,,0.0,0.0,1.0,7.95320960034547,90.82392208047074,16.0,0.0,92.0262048135827,23
0996ce03d2325a75,old_pc,1,1,1,False,False,False,False,0.0,1,0,91.42560356990111,91.42560356990111,0.0,1.0,0.0,1.0121466338677103,90.82392208047074,16.0,15.0,91.42561315631798,23
5da5fed529065c9a,conditional_pc,16,16,16,False,True,True,True,0.0,16,0,91.65476455811392,91.65476455811392,0.5,0.5,0.0,1.0682462780094242,90.6404207408432,,,,24
5da5fed529065c9a,quality_only,16,16,16,False,True,True,True,0.0,16,0,91.65476455811392,91.65476455811392,0.5,0.5,0.0,1.0682462780094242,90.6404207408432,,,,24
5da5fed529065c9a,score,1,1,16,False,False,False,False,0.9375,1,0,93.16068779032508,92.871588822583,0.0,0.0625,0.9375,6.941183862442237,90.6404207408432,16.0,0.0,93.16068779032508,24
5da5fed529065c9a,pareto,1,1,16,False,False,False,False,0.9375,1,0,93.16068779032508,92.871588822583,0.0,0.0625,0.9375,6.941183862442237,90.6404207408432,16.0,0.0,93.16068779032508,24
5da5fed529065c9a,gt_distance,16,16,16,False,True,True,True,0.0,16,0,91.77054201403811,91.77054201403811,0.6875,0.3125,0.0,0.9661482469734112,90.6404207408432,16.0,0.0,91.77054201403811,24
5da5fed529065c9a,old_pc,1,1,1,False,False,False,False,0.0,1,0,92.871588822583,92.871588822583,0.0,1.0,0.0,1.218178132283537,90.6404207408432,16.0,15.0,92.87164233531844,24
4d4d070cb9095f94,conditional_pc,16,16,16,False,True,True,True,0.0,16,0,100.0,100.0,0.125,0.875,0.0,1.130328369665742,100.0,,,,31
4d4d070cb9095f94,quality_only,16,16,16,False,True,True,True,0.0,16,0,100.0,100.0,0.125,0.875,0.0,1.130328369665742,100.0,,,,31
4d4d070cb9095f94,score,0,0,16,True,False,False,False,1.0,0,0,100.0,,0.0,0.0,1.0,21.03230284573672,100.0,16.0,0.0,100.0,31
4d4d070cb9095f94,pareto,2,2,16,False,False,False,False,0.875,2,0,100.0,100.0,0.0625,0.0625,0.875,16.070971893275274,100.0,16.0,0.0,100.0,31
4d4d070cb9095f94,gt_distance,0,0,16,True,False,False,False,1.0,0,0,100.0,,0.0,0.0,1.0,19.80913769508599,100.0,16.0,0.0,100.0,31
4d4d070cb9095f94,old_pc,16,16,16,False,True,True,True,0.0,16,0,100.0,100.0,0.125,0.875,0.0,1.130328369665742,100.0,16.0,0.0,100.0,31
14096d0f331a594a,conditional_pc,16,16,16,False,True,True,True,0.0,16,0,100.0,100.0,0.0,1.0,0.0,1.1785853156898851,100.0,,,,33
14096d0f331a594a,quality_only,16,16,16,False,True,True,True,0.0,16,0,100.0,100.0,0.0,1.0,0.0,1.1785853156898851,100.0,,,,33
14096d0f331a594a,score,0,0,16,True,False,False,False,1.0,0,0,100.0,,0.0,0.0,1.0,4.963019575225327,100.0,16.0,0.0,100.0,33
14096d0f331a594a,pareto,1,1,16,False,False,False,False,0.9375,1,0,100.0,100.0,0.0,0.0625,0.9375,8.072574628788498,100.0,16.0,0.0,100.0,33
14096d0f331a594a,gt_distance,3,3,16,False,False,False,False,0.8125,3,0,100.0,100.0,0.125,0.0625,0.8125,3.688316120323176,100.0,16.0,0.0,100.0,33
14096d0f331a594a,old_pc,16,16,16,False,True,True,True,0.0,16,0,100.0,100.0,0.0,1.0,0.0,1.1785853156898851,100.0,16.0,0.0,100.0,33
432cf993a4685755,conditional_pc,16,16,16,False,True,True,True,0.0,16,0,81.04652874259601,81.04652874259601,0.625,0.375,0.0,1.0199144293395914,80.24392596275544,,,,24
432cf993a4685755,quality_only,16,16,16,False,True,True,True,0.0,16,0,81.04652874259601,81.04652874259601,0.625,0.375,0.0,1.0199144293395914,80.24392596275544,,,,24
432cf993a4685755,score,0,0,16,True,False,False,False,1.0,0,0,89.1067839861283,,0.0,0.0,1.0,52.85440693951018,80.24392596275544,16.0,0.0,89.1067839861283,24
432cf993a4685755,pareto,0,0,16,True,False,False,False,1.0,0,0,89.1067839861283,,0.0,0.0,1.0,52.85440693951018,80.24392596275544,16.0,0.0,89.1067839861283,24
432cf993a4685755,gt_distance,0,0,16,True,False,False,False,1.0,0,0,85.49252111709345,,0.0,0.0,1.0,25.49308161566495,80.24392596275544,16.0,0.0,85.49252111709345,24
432cf993a4685755,old_pc,1,1,1,False,False,False,False,0.0,1,0,81.66305042887059,81.66305042887059,0.0,1.0,0.0,1.0255411120286229,80.24392596275544,16.0,15.0,81.66280744621609,24
c668fc93191352f5,conditional_pc,16,16,16,False,True,True,True,0.0,16,0,83.90254790457863,83.90254790457863,0.375,0.625,0.0,1.0628688715768786,83.45165674397367,,,,22
c668fc93191352f5,quality_only,16,16,16,False,True,True,True,0.0,16,0,83.90254790457863,83.90254790457863,0.375,0.625,0.0,1.0628688715768786,83.45165674397367,,,,22
c668fc93191352f5,score,0,0,16,True,False,False,False,1.0,0,0,92.9143103221372,,0.0,0.0,1.0,34.05987151202522,83.45165674397367,16.0,0.0,92.9143103221372,22
c668fc93191352f5,pareto,0,0,16,True,False,False,False,1.0,0,0,92.9143103221372,,0.0,0.0,1.0,34.05987151202522,83.45165674397367,16.0,0.0,92.9143103221372,22
c668fc93191352f5,gt_distance,16,16,16,False,True,True,True,0.0,16,0,83.9184325053428,83.9184325053428,0.5625,0.4375,0.0,0.979775099126112,83.45165674397367,16.0,0.0,83.9184325053428,22
c668fc93191352f5,old_pc,1,1,1,False,False,False,False,0.0,1,0,84.35747929140405,84.35747929140405,0.0,1.0,0.0,1.2945845594286176,83.45165674397367,16.0,15.0,84.35752552154638,22
a73551f67ae95c4d,conditional_pc,16,16,16,False,True,True,True,0.0,16,0,86.0630202811488,86.0630202811488,0.0,1.0,0.0,1.1940459488955095,84.97447328372412,,,,60
a73551f67ae95c4d,quality_only,16,16,16,False,True,True,True,0.0,16,0,86.0627725782257,86.0627725782257,0.0,1.0,0.0,1.188417336417766,84.97447328372412,,,,60
a73551f67ae95c4d,score,0,0,16,True,False,False,False,1.0,0,0,98.00060124581692,,0.0,0.0,1.0,37.85449421382663,84.97447328372412,16.0,0.0,98.00060124581692,60
a73551f67ae95c4d,pareto,0,0,16,True,False,False,False,1.0,0,0,98.00060124581692,,0.0,0.0,1.0,37.85449421382663,84.97447328372412,16.0,0.0,98.00060124581692,60
a73551f67ae95c4d,gt_distance,8,8,16,False,True,True,False,0.5,8,0,87.39707152732609,86.27464312249957,0.0625,0.4375,0.5,3.66989499951037,84.97447328372412,16.0,0.0,87.39707152732609,60
a73551f67ae95c4d,old_pc,1,1,1,False,False,False,False,0.0,1,0,86.70733502586668,86.70733502586668,0.0,1.0,0.0,1.3991520978915524,84.97447328372412,16.0,15.0,86.70791223839916,60
928010107cd35cdd,conditional_pc,16,16,16,False,True,True,True,0.0,16,0,83.49308284462889,83.49308284462889,0.25,0.75,0.0,1.099077548848335,82.14404072969982,,,,33
928010107cd35cdd,quality_only,16,16,16,False,True,True,True,0.0,16,0,83.49308284462889,83.49308284462889,0.25,0.75,0.0,1.099077548848335,82.14404072969982,,,,33
928010107cd35cdd,score,0,0,16,True,False,False,False,1.0,0,0,96.6463857718738,,0.0,0.0,1.0,26.103438091024472,82.14404072969982,16.0,0.0,96.6463857718738,33
928010107cd35cdd,pareto,0,0,16,True,False,False,False,1.0,0,0,96.6463857718738,,0.0,0.0,1.0,26.103438091024472,82.14404072969982,16.0,0.0,96.6463857718738,33
928010107cd35cdd,gt_distance,3,3,16,False,False,False,False,0.8125,3,0,89.0577600102952,84.88813052836514,0.0625,0.125,0.8125,7.392952815097583,82.14404072969982,16.0,0.0,89.0577600102952,33
928010107cd35cdd,old_pc,1,1,1,False,False,False,False,0.0,1,0,85.09643130015118,85.09643130015118,0.0,1.0,0.0,1.3682660066323753,82.14404072969982,16.0,15.0,85.09512082218788,33
f4ab14a89bb7500e,conditional_pc,16,16,16,False,True,True,True,0.0,16,0,95.48824598636946,95.48824598636946,0.1875,0.8125,0.0,1.156635839681269,95.13751408064604,,,,29
f4ab14a89bb7500e,quality_only,16,16,16,False,True,True,True,0.0,16,0,95.48824598636946,95.48824598636946,0.1875,0.8125,0.0,1.156635839681269,95.13751408064604,,,,29
f4ab14a89bb7500e,score,0,0,16,True,False,False,False,1.0,0,0,97.8492480040287,,0.0,0.0,1.0,12.894239844915584,95.13751408064604,16.0,0.0,97.8492480040287,29
f4ab14a89bb7500e,pareto,0,0,16,True,False,False,False,1.0,0,0,97.8492480040287,,0.0,0.0,1.0,12.894239844915584,95.13751408064604,16.0,0.0,97.8492480040287,29
f4ab14a89bb7500e,gt_distance,1,1,16,False,False,False,False,0.9375,1,0,96.2055877661081,95.84219722775696,0.0,0.0625,0.9375,3.9185950925215214,95.13751408064604,16.0,0.0,96.2055877661081,29
f4ab14a89bb7500e,old_pc,1,1,1,False,False,False,False,0.0,1,0,95.84219722775696,95.84219722775696,0.0,1.0,0.0,1.1849806854673628,95.13751408064604,16.0,15.0,95.84216997963196,29
dc28a01b78d45b17,conditional_pc,16,16,16,False,True,True,True,0.0,16,0,91.580238477195,91.580238477195,0.1875,0.8125,0.0,1.177659401262706,91.01285196358543,,,,20
dc28a01b78d45b17,quality_only,16,16,16,False,True,True,True,0.0,16,0,91.580238477195,91.580238477195,0.1875,0.8125,0.0,1.177659401262706,91.01285196358543,,,,20
dc28a01b78d45b17,score,0,0,16,True,False,False,False,1.0,0,0,93.01373279748346,,0.0,0.0,1.0,13.59967468502828,91.01285196358543,16.0,0.0,93.01373279748346,20
dc28a01b78d45b17,pareto,0,0,16,True,False,False,False,1.0,0,0,93.01373279748346,,0.0,0.0,1.0,13.59967468502828,91.01285196358543,16.0,0.0,93.01373279748346,20
dc28a01b78d45b17,gt_distance,11,11,16,False,True,True,False,0.3125,11,0,91.22081893819418,91.3004372591558,0.25,0.5,0.25,2.8176150996298217,91.01285196358543,16.0,0.0,91.22081893819418,20
dc28a01b78d45b17,old_pc,1,1,1,False,False,False,False,0.0,1,0,92.48878563160098,92.48878563160098,0.0,1.0,0.0,1.5858366961994232,91.01285196358543,16.0,15.0,92.4888385946531,20
3f159d73e87a5e06,conditional_pc,0,0,0,True,False,False,False,1.0,0,0,,,,,,,83.8810516242844,,,,0
3f159d73e87a5e06,quality_only,0,0,0,True,False,False,False,1.0,0,0,,,,,,,83.8810516242844,,,,0
3f159d73e87a5e06,score,0,0,16,True,False,False,False,1.0,0,0,94.06785849345384,,0.0,0.0,1.0,24.09610423406918,83.8810516242844,16.0,0.0,94.06785849345384,0
3f159d73e87a5e06,pareto,0,0,16,True,False,False,False,1.0,0,0,94.06785849345384,,0.0,0.0,1.0,24.09610423406918,83.8810516242844,16.0,0.0,94.06785849345384,0
3f159d73e87a5e06,gt_distance,0,0,16,True,False,False,False,1.0,0,0,88.39581331698434,,0.0,0.0,1.0,7.688447772429919,83.8810516242844,16.0,0.0,88.39581331698434,0
3f159d73e87a5e06,old_pc,0,0,1,True,False,False,False,1.0,0,0,85.54150716865779,,0.0,1.0,0.0,1.119869640869179,83.8810516242844,16.0,15.0,85.54084773524453,0
bdfa1f8523c25328,conditional_pc,16,16,16,False,True,True,True,0.0,16,0,90.99092180935568,90.99092180935568,0.0625,0.9375,0.0,1.088119262383093,89.25615583296222,,,,21
bdfa1f8523c25328,quality_only,16,16,16,False,True,True,True,0.0,16,0,90.99092180935568,90.99092180935568,0.0625,0.9375,0.0,1.088119262383093,89.25615583296222,,,,21
bdfa1f8523c25328,score,0,0,16,True,False,False,False,1.0,0,0,100.0,,0.0,0.0,1.0,30.02751619453081,89.25615583296222,16.0,0.0,100.0,21
bdfa1f8523c25328,pareto,0,0,16,True,False,False,False,1.0,0,0,100.0,,0.0,0.0,1.0,27.825624747426403,89.25615583296222,16.0,0.0,100.0,21
bdfa1f8523c25328,gt_distance,0,0,16,True,False,False,False,1.0,0,0,97.21693857617625,,0.0,0.0,1.0,13.574977444923936,89.25615583296222,16.0,0.0,97.21693857617625,21
bdfa1f8523c25328,old_pc,1,1,1,False,False,False,False,0.0,1,0,92.334594221059,92.334594221059,0.0,1.0,0.0,0.9986804088890668,89.25615583296222,16.0,15.0,92.33368234733234,21
12115c5ca1215fb7,conditional_pc,16,16,16,False,True,True,True,0.0,16,0,92.6436086145062,92.6436086145062,0.3125,0.6875,0.0,1.1106925214101624,92.42462961631898,,,,24
12115c5ca1215fb7,quality_only,16,16,16,False,True,True,True,0.0,16,0,92.6436086145062,92.6436086145062,0.3125,0.6875,0.0,1.1106925214101624,92.42462961631898,,,,24
12115c5ca1215fb7,score,0,0,16,True,False,False,False,1.0,0,0,96.10822557650572,,0.0,0.0,1.0,35.275829178023834,92.42462961631898,16.0,0.0,96.10822557650572,24
12115c5ca1215fb7,pareto,0,0,16,True,False,False,False,1.0,0,0,96.10822557650572,,0.0,0.0,1.0,35.275829178023834,92.42462961631898,16.0,0.0,96.10822557650572,24
12115c5ca1215fb7,gt_distance,15,15,16,False,True,True,False,0.0625,15,0,92.73365356327756,92.74150032086511,0.5625,0.375,0.0625,1.1584532131644592,92.42462961631898,16.0,0.0,92.73365356327756,24
12115c5ca1215fb7,old_pc,1,1,1,False,False,False,False,0.0,1,0,92.87323013548712,92.87323013548712,0.0,1.0,0.0,1.0063417782909851,92.42462961631898,16.0,15.0,92.87324279216992,24
c402a7eb498a5736,conditional_pc,16,16,16,False,True,True,True,0.0,16,0,96.489644912979,96.489644912979,0.0,1.0,0.0,1.3210369996568805,94.31785603470895,,,,48
c402a7eb498a5736,quality_only,16,16,16,False,True,True,True,0.0,16,0,96.489644912979,96.489644912979,0.0,1.0,0.0,1.3210369996568805,94.31785603470895,,,,48
c402a7eb498a5736,score,5,5,16,False,True,False,False,0.6875,5,0,97.41042722288913,97.29955804180388,0.1875,0.125,0.6875,3.229996969768827,94.31785603470895,16.0,0.0,97.41042722288913,48
c402a7eb498a5736,pareto,5,5,16,False,True,False,False,0.6875,5,0,97.41042722288913,97.29955804180388,0.1875,0.125,0.6875,3.229996969768827,94.31785603470895,16.0,0.0,97.41042722288913,48
c402a7eb498a5736,gt_distance,5,5,16,False,True,False,False,0.6875,5,0,97.41042722288913,97.29955804180388,0.1875,0.125,0.6875,3.229996969768827,94.31785603470895,16.0,0.0,97.41042722288913,48
c402a7eb498a5736,old_pc,1,1,1,False,False,False,False,0.0,1,0,97.28060536675692,97.28060536675692,0.0,1.0,0.0,1.3080664462403682,94.31785603470895,16.0,15.0,97.28035576544636,48
c94d20755cae51cf,conditional_pc,0,0,0,True,False,False,False,1.0,0,0,,,,,,,85.1537346686582,,,,0
c94d20755cae51cf,quality_only,0,0,0,True,False,False,False,1.0,0,0,,,,,,,85.1537346686582,,,,0
c94d20755cae51cf,score,0,0,16,True,False,False,False,1.0,0,0,89.11836676241792,,0.0,0.0,1.0,23.89775576920221,85.1537346686582,16.0,0.0,89.11836676241792,0
c94d20755cae51cf,pareto,0,0,16,True,False,False,False,1.0,0,0,86.12973267571866,,0.0,0.0,1.0,21.971899207094943,85.1537346686582,16.0,0.0,86.12973267571866,0
c94d20755cae51cf,gt_distance,0,0,16,True,False,False,False,1.0,0,0,82.82488252300085,,0.0,0.0,1.0,18.32595032085164,85.1537346686582,16.0,0.0,82.82488252300085,0
c94d20755cae51cf,old_pc,0,0,1,True,False,False,False,1.0,0,0,86.04255339387741,,0.0,1.0,0.0,1.1135839220621109,85.1537346686582,16.0,15.0,86.0426256840891,0
c44b12de78555426,conditional_pc,16,16,16,False,True,True,True,0.0,16,0,91.4042237835642,91.4042237835642,0.3125,0.6875,0.0,1.1202130603983789,89.61393665985332,,,,22
c44b12de78555426,quality_only,16,16,16,False,True,True,True,0.0,16,0,91.4042237835642,91.4042237835642,0.3125,0.6875,0.0,1.1202130603983789,89.61393665985332,,,,22
c44b12de78555426,score,0,0,16,True,False,False,False,1.0,0,0,94.37760949707447,,0.0,0.0,1.0,8.89654846367241,89.61393665985332,16.0,0.0,94.37760949707447,22
c44b12de78555426,pareto,0,0,16,True,False,False,False,1.0,0,0,94.37760949707447,,0.0,0.0,1.0,8.89654846367241,89.61393665985332,16.0,0.0,94.37760949707447,22
c44b12de78555426,gt_distance,0,0,16,True,False,False,False,1.0,0,0,94.2319504898928,,0.0,0.0,1.0,7.458945584102665,89.61393665985332,16.0,0.0,94.2319504898928,22
c44b12de78555426,old_pc,1,1,1,False,False,False,False,0.0,1,0,92.86080513320267,92.86080513320267,0.0,1.0,0.0,1.307342768502486,89.61393665985332,16.0,15.0,92.86131890694078,22
50e0c2fe698655a9,conditional_pc,16,16,16,False,True,True,True,0.0,16,0,98.12548239554334,98.12548239554334,0.25,0.75,0.0,1.1138906684452126,96.9601357887022,,,,24
50e0c2fe698655a9,quality_only,16,16,16,False,True,True,True,0.0,16,0,98.12548239554334,98.12548239554334,0.25,0.75,0.0,1.1138906684452126,96.9601357887022,,,,24
50e0c2fe698655a9,score,0,0,16,True,False,False,False,1.0,0,0,100.0,,0.0,0.0,1.0,22.63131329295986,96.9601357887022,16.0,0.0,100.0,24
50e0c2fe698655a9,pareto,0,0,16,True,False,False,False,1.0,0,0,100.0,,0.0,0.0,1.0,20.798672780976624,96.9601357887022,16.0,0.0,100.0,24
50e0c2fe698655a9,gt_distance,0,0,16,True,False,False,False,1.0,0,0,99.50019807345198,,0.0,0.0,1.0,5.36055280341044,96.9601357887022,16.0,0.0,99.50019807345198,24
50e0c2fe698655a9,old_pc,1,1,1,False,False,False,False,0.0,1,0,98.94190871974354,98.94190871974354,0.0,1.0,0.0,1.209588441820473,96.9601357887022,16.0,15.0,98.94162723577968,24
e91a2d26f30e5b34,conditional_pc,15,15,15,False,True,True,False,0.0,15,0,100.0,100.0,0.6,0.4,0.0,1.0169650959103091,100.0,,,,15
e91a2d26f30e5b34,quality_only,15,15,15,False,True,True,False,0.0,15,0,100.0,100.0,0.6,0.4,0.0,1.0169650959103091,100.0,,,,15
e91a2d26f30e5b34,score,11,11,16,False,True,True,False,0.3125,11,0,100.0,100.0,0.5,0.1875,0.3125,1.9130299358454967,100.0,16.0,0.0,100.0,15
e91a2d26f30e5b34,pareto,2,2,16,False,False,False,False,0.875,2,0,100.0,100.0,0.125,0.0,0.875,4.944904246404601,100.0,16.0,0.0,100.0,15
e91a2d26f30e5b34,gt_distance,4,4,16,False,True,False,False,0.75,4,0,100.0,100.0,0.1875,0.0625,0.75,4.209341679164291,100.0,16.0,0.0,100.0,15
e91a2d26f30e5b34,old_pc,15,15,15,False,True,True,False,0.0,15,0,100.0,100.0,0.6,0.4,0.0,1.0169650959103091,100.0,16.0,1.0,100.0,15
c8b4c92530f15b8e,conditional_pc,16,16,16,False,True,True,True,0.0,16,0,93.5025105783965,93.5025105783965,0.0625,0.9375,0.0,1.2278209532595756,92.94863939456174,,,,28
c8b4c92530f15b8e,quality_only,16,16,16,False,True,True,True,0.0,16,0,93.5025105783965,93.5025105783965,0.0625,0.9375,0.0,1.2278209532595756,92.94863939456174,,,,28
c8b4c92530f15b8e,score,0,0,16,True,False,False,False,1.0,0,0,95.6128513121734,,0.0,0.0,1.0,14.250006766497568,92.94863939456174,16.0,0.0,95.6128513121734,28
c8b4c92530f15b8e,pareto,0,0,16,True,False,False,False,1.0,0,0,95.6128513121734,,0.0,0.0,1.0,14.250006766497568,92.94863939456174,16.0,0.0,95.6128513121734,28
c8b4c92530f15b8e,gt_distance,0,0,16,True,False,False,False,1.0,0,0,95.52209004700462,,0.0,0.0,1.0,10.256228114773917,92.94863939456174,16.0,0.0,95.52209004700462,28
c8b4c92530f15b8e,old_pc,1,1,1,False,False,False,False,0.0,1,0,93.91142881053864,93.91142881053864,0.0,1.0,0.0,1.491287438938106,92.94863939456174,16.0,15.0,93.91147644773991,28
3d2dded3370e5d2f,conditional_pc,13,13,16,False,True,True,False,0.1875,13,3,91.67721498942493,91.76960373010417,0.3125,0.6875,0.0,1.082698068135622,91.5321322559022,,,,13
3d2dded3370e5d2f,quality_only,13,13,16,False,True,True,False,0.1875,13,3,91.6766395542038,91.76960373010417,0.3125,0.6875,0.0,1.1121759376954945,91.5321322559022,,,,13
3d2dded3370e5d2f,score,0,0,16,True,False,False,False,1.0,0,0,94.9941889293178,,0.0,0.0,1.0,37.93699306282348,91.5321322559022,16.0,0.0,94.9941889293178,13
3d2dded3370e5d2f,pareto,0,0,16,True,False,False,False,1.0,0,0,94.9941889293178,,0.0,0.0,1.0,37.93699306282348,91.5321322559022,16.0,0.0,94.9941889293178,13
3d2dded3370e5d2f,gt_distance,0,0,16,True,False,False,False,1.0,0,0,92.87651004413316,,0.0,0.0,1.0,8.133401572083628,91.5321322559022,16.0,0.0,92.87651004413316,13
3d2dded3370e5d2f,old_pc,1,1,1,False,False,False,False,0.0,1,0,92.19853363060606,92.19853363060606,0.0,1.0,0.0,1.082753966904751,91.5321322559022,16.0,15.0,92.19851860041764,13
1361ba1955125852,conditional_pc,16,16,16,False,True,True,True,0.0,16,0,85.72867672288179,85.72867672288179,0.0625,0.9375,0.0,1.2582035892239531,85.33862716364115,,,,31
1361ba1955125852,quality_only,16,16,16,False,True,True,True,0.0,16,0,85.72867672288179,85.72867672288179,0.0625,0.9375,0.0,1.2582035892239531,85.33862716364115,,,,31
1361ba1955125852,score,0,0,16,True,False,False,False,1.0,0,0,91.13154658911168,,0.0,0.0,1.0,53.22067262601291,85.33862716364115,16.0,0.0,91.13154658911168,31
1361ba1955125852,pareto,0,0,16,True,False,False,False,1.0,0,0,91.13154658911168,,0.0,0.0,1.0,53.22067262601291,85.33862716364115,16.0,0.0,91.13154658911168,31
1361ba1955125852,gt_distance,0,0,16,True,False,False,False,1.0,0,0,87.31951545443847,,0.0,0.0,1.0,11.686550800505785,85.33862716364115,16.0,0.0,87.31951545443847,31
1361ba1955125852,old_pc,1,1,1,False,False,False,False,0.0,1,0,85.95711044729532,85.95711044729532,0.0,1.0,0.0,1.520548692362525,85.33862716364115,16.0,15.0,85.95712787030335,31
b78f23cd3a155154,conditional_pc,16,16,16,False,True,True,True,0.0,16,0,95.7092071447867,95.7092071447867,0.0,1.0,0.0,1.282849632887785,92.78897928737992,,,,28
b78f23cd3a155154,quality_only,16,16,16,False,True,True,True,0.0,16,0,95.7092071447867,95.7092071447867,0.0,1.0,0.0,1.282849632887785,92.78897928737992,,,,28
b78f23cd3a155154,score,11,11,16,False,True,True,False,0.3125,11,0,96.6880289673189,96.69714902748272,0.1875,0.5,0.3125,2.6718316927172667,92.78897928737992,16.0,0.0,96.6880289673189,28
b78f23cd3a155154,pareto,11,11,16,False,True,True,False,0.3125,11,0,96.6880289673189,96.69714902748272,0.1875,0.5,0.3125,2.6718316927172667,92.78897928737992,16.0,0.0,96.6880289673189,28
b78f23cd3a155154,gt_distance,8,8,16,False,True,True,False,0.5,8,0,96.0104614738618,96.1477661063498,0.3125,0.1875,0.5,3.788044680892261,92.78897928737992,16.0,0.0,96.0104614738618,28
b78f23cd3a155154,old_pc,1,1,1,False,False,False,False,0.0,1,0,98.018314419147,98.018314419147,0.0,1.0,0.0,1.254953034384365,92.78897928737992,16.0,15.0,98.01882918543878,28
25652aabb1615c8d,conditional_pc,16,16,16,False,True,True,True,0.0,16,0,98.733336733888,98.733336733888,0.1875,0.8125,0.0,1.159744381415189,98.15995123111564,,,,19
25652aabb1615c8d,quality_only,16,16,16,False,True,True,True,0.0,16,0,98.733336733888,98.733336733888,0.1875,0.8125,0.0,1.159744381415189,98.15995123111564,,,,19
25652aabb1615c8d,score,0,0,16,True,False,False,False,1.0,0,0,100.0,,0.0,0.0,1.0,5.314194698779463,98.15995123111564,16.0,0.0,100.0,19
25652aabb1615c8d,pareto,0,0,16,True,False,False,False,1.0,0,0,100.0,,0.0,0.0,1.0,10.093806204586503,98.15995123111564,16.0,0.0,100.0,19
25652aabb1615c8d,gt_distance,0,0,16,True,False,False,False,1.0,0,0,100.0,,0.0,0.0,1.0,9.141736291293435,98.15995123111564,16.0,0.0,100.0,19
25652aabb1615c8d,old_pc,1,1,1,False,False,False,False,0.0,1,0,99.28976503068942,99.28976503068942,0.0,1.0,0.0,1.2600639807776557,98.15995123111564,16.0,15.0,99.28998028238732,19
3623f8728153513d,conditional_pc,16,16,16,False,True,True,True,0.0,16,0,90.54618741385652,90.54618741385652,0.125,0.875,0.0,1.3828121694658746,90.33664951788514,,,,20
3623f8728153513d,quality_only,16,16,16,False,True,True,True,0.0,16,0,90.54618741385652,90.54618741385652,0.125,0.875,0.0,1.3828121694658746,90.33664951788514,,,,20
3623f8728153513d,score,0,0,16,True,False,False,False,1.0,0,0,96.03512424516563,,0.0,0.0,1.0,56.47799264693525,90.33664951788514,16.0,0.0,96.03512424516563,20
3623f8728153513d,pareto,0,0,16,True,False,False,False,1.0,0,0,96.03512424516563,,0.0,0.0,1.0,56.47799264693525,90.33664951788514,16.0,0.0,96.03512424516563,20
3623f8728153513d,gt_distance,0,0,16,True,False,False,False,1.0,0,0,91.93379649825924,,0.0,0.0,1.0,12.963420187224722,90.33664951788514,16.0,0.0,91.93379649825924,20
3623f8728153513d,old_pc,1,1,1,False,False,False,False,0.0,1,0,90.84516166030218,90.84516166030218,0.0,1.0,0.0,1.8063563453421223,90.33664951788514,16.0,15.0,90.84518153785376,20
9288a151789f507b,conditional_pc,16,16,16,False,True,True,True,0.0,16,0,97.20739508832864,97.20739508832864,0.25,0.75,0.0,1.1793797294744288,97.05112543605044,,,,20
9288a151789f507b,quality_only,16,16,16,False,True,True,True,0.0,16,0,97.20739508832864,97.20739508832864,0.25,0.75,0.0,1.1793797294744288,97.05112543605044,,,,20
9288a151789f507b,score,0,0,16,True,False,False,False,1.0,0,0,98.63901275024509,,0.0,0.0,1.0,18.795046204634858,97.05112543605044,16.0,0.0,98.63901275024509,20
9288a151789f507b,pareto,0,0,16,True,False,False,False,1.0,0,0,98.63901275024509,,0.0,0.0,1.0,18.795046204634858,97.05112543605044,16.0,0.0,98.63901275024509,20
9288a151789f507b,gt_distance,0,0,16,True,False,False,False,1.0,0,0,96.54948667931954,,0.0,0.0,1.0,6.837322055249032,97.05112543605044,16.0,0.0,96.54948667931954,20
9288a151789f507b,old_pc,1,1,1,False,False,False,False,0.0,1,0,97.41259437478747,97.41259437478747,0.0,1.0,0.0,1.544840539263628,97.05112543605044,16.0,15.0,97.41260310616312,20
e671280656f55009,conditional_pc,16,16,16,False,True,True,True,0.0,16,0,91.06405232363716,91.06405232363716,0.125,0.875,0.0,1.1443538350712026,90.82029429615814,,,,26
e671280656f55009,quality_only,16,16,16,False,True,True,True,0.0,16,0,91.06405232363714,91.06405232363714,0.125,0.875,0.0,1.1443538350712026,90.82029429615814,,,,26
e671280656f55009,score,0,0,16,True,False,False,False,1.0,0,0,92.34091273138183,,0.0,0.0,1.0,22.65104653812924,90.82029429615814,16.0,0.0,92.34091273138183,26
e671280656f55009,pareto,0,0,16,True,False,False,False,1.0,0,0,92.34091273138183,,0.0,0.0,1.0,22.65104653812924,90.82029429615814,16.0,0.0,92.34091273138183,26
e671280656f55009,gt_distance,3,3,16,False,False,False,False,0.8125,3,0,91.34698254243284,91.38126597876207,0.0625,0.125,0.8125,3.4017160008387006,90.82029429615814,16.0,0.0,91.34698254243284,26
e671280656f55009,old_pc,1,1,1,False,False,False,False,0.0,1,0,91.40980890218108,91.40980890218108,0.0,1.0,0.0,1.2156042636845157,90.82029429615814,16.0,15.0,91.40981886599018,26
48cf36e2f3e15071,conditional_pc,16,16,16,False,True,True,True,0.0,16,0,98.13162405796224,98.13162405796224,0.5625,0.4375,0.0,1.0366055703239518,97.10397429681936,,,,16
48cf36e2f3e15071,quality_only,16,16,16,False,True,True,True,0.0,16,0,98.13162405796224,98.13162405796224,0.5625,0.4375,0.0,1.0366055703239518,97.10397429681936,,,,16
48cf36e2f3e15071,score,0,0,16,True,False,False,False,1.0,0,0,100.0,,0.0,0.0,1.0,24.63973062402232,97.10397429681936,16.0,0.0,100.0,16
48cf36e2f3e15071,pareto,0,0,16,True,False,False,False,1.0,0,0,100.0,,0.0,0.0,1.0,18.824241255732204,97.10397429681936,16.0,0.0,100.0,16
48cf36e2f3e15071,gt_distance,0,0,16,True,False,False,False,1.0,0,0,100.0,,0.0,0.0,1.0,18.87938000260981,97.10397429681936,16.0,0.0,100.0,16
48cf36e2f3e15071,old_pc,1,1,1,False,False,False,False,0.0,1,0,99.44879863169407,99.44879863169407,0.0,1.0,0.0,1.3185407505456328,97.10397429681936,16.0,15.0,99.44906468455432,16
4acdad2d68815972,conditional_pc,16,16,16,False,True,True,True,0.0,16,0,97.39205027341514,97.39205027341514,0.25,0.75,0.0,1.1959790752256927,96.96973861242206,,,,33
4acdad2d68815972,quality_only,16,16,16,False,True,True,True,0.0,16,0,97.39205027341514,97.39205027341514,0.25,0.75,0.0,1.1959790752256927,96.96973861242206,,,,33
4acdad2d68815972,score,0,0,16,True,False,False,False,1.0,0,0,98.91012211979331,,0.0,0.0,1.0,12.014319290325036,96.96973861242206,16.0,0.0,98.91012211979331,33
4acdad2d68815972,pareto,0,0,16,True,False,False,False,1.0,0,0,98.91012211979331,,0.0,0.0,1.0,12.014319290325036,96.96973861242206,16.0,0.0,98.91012211979331,33
4acdad2d68815972,gt_distance,0,0,16,True,False,False,False,1.0,0,0,98.74053194508392,,0.0,0.0,1.0,8.602109842277056,96.96973861242206,16.0,0.0,98.74053194508392,33
4acdad2d68815972,old_pc,1,1,1,False,False,False,False,0.0,1,0,97.72801660755914,97.72801660755914,0.0,1.0,0.0,1.1420014505024,96.96973861242206,16.0,15.0,97.72805088289915,33
b35fe1e3a6d857e7,conditional_pc,16,16,16,False,True,True,True,0.0,16,0,100.0,100.0,0.3125,0.6875,0.0,1.1137979003226033,100.0,,,,24
b35fe1e3a6d857e7,quality_only,16,16,16,False,True,True,True,0.0,16,0,100.0,100.0,0.3125,0.6875,0.0,1.1137979003226033,100.0,,,,24
b35fe1e3a6d857e7,score,0,0,16,True,False,False,False,1.0,0,0,100.0,,0.0,0.0,1.0,3.800567889977231,100.0,16.0,0.0,100.0,24
b35fe1e3a6d857e7,pareto,3,3,16,False,False,False,False,0.8125,3,0,100.0,100.0,0.125,0.0625,0.8125,4.4623178345198,100.0,16.0,0.0,100.0,24
b35fe1e3a6d857e7,gt_distance,3,3,16,False,False,False,False,0.8125,3,0,100.0,100.0,0.125,0.0625,0.8125,4.4623178345198,100.0,16.0,0.0,100.0,24
b35fe1e3a6d857e7,old_pc,16,16,16,False,True,True,True,0.0,16,0,100.0,100.0,0.3125,0.6875,0.0,1.1137979003226033,100.0,16.0,0.0,100.0,24
095eafbb5c8f5b02,conditional_pc,16,16,16,False,True,True,True,0.0,16,0,92.38422473160756,92.38422473160756,0.1875,0.8125,0.0,1.1397500520245671,91.53568952112464,,,,18
095eafbb5c8f5b02,quality_only,16,16,16,False,True,True,True,0.0,16,0,92.38422473160756,92.38422473160756,0.1875,0.8125,0.0,1.1397500520245671,91.53568952112464,,,,18
095eafbb5c8f5b02,score,0,0,16,True,False,False,False,1.0,0,0,99.3196882401978,,0.0,0.0,1.0,21.06359692528897,91.53568952112464,16.0,0.0,99.3196882401978,18
095eafbb5c8f5b02,pareto,0,0,16,True,False,False,False,1.0,0,0,99.3196882401978,,0.0,0.0,1.0,21.06359692528897,91.53568952112464,16.0,0.0,99.3196882401978,18
095eafbb5c8f5b02,gt_distance,0,0,16,True,False,False,False,1.0,0,0,96.2182810801831,,0.0,0.0,1.0,7.686358369347595,91.53568952112464,16.0,0.0,96.2182810801831,18
095eafbb5c8f5b02,old_pc,1,1,1,False,False,False,False,0.0,1,0,93.26776450304304,93.26776450304304,0.0,1.0,0.0,1.2318335750998402,91.53568952112464,16.0,15.0,93.2689721364672,18
6f3254ac0fb25c0e,conditional_pc,16,16,16,False,True,True,True,0.0,16,0,95.79309095531865,95.79309095531865,0.0,1.0,0.0,1.35296360806716,95.025343192723,,,,31
6f3254ac0fb25c0e,quality_only,16,16,16,False,True,True,True,0.0,16,0,95.79309095531865,95.79309095531865,0.0,1.0,0.0,1.35296360806716,95.025343192723,,,,31
6f3254ac0fb25c0e,score,0,0,16,True,False,False,False,1.0,0,0,100.0,,0.0,0.0,1.0,24.09328315252665,95.025343192723,16.0,0.0,100.0,31
6f3254ac0fb25c0e,pareto,0,0,16,True,False,False,False,1.0,0,0,100.0,,0.0,0.0,1.0,24.005005513708344,95.025343192723,16.0,0.0,100.0,31
6f3254ac0fb25c0e,gt_distance,12,12,16,False,True,True,False,0.25,12,0,95.93284631491086,95.90194771879736,0.5,0.25,0.25,2.636993327849682,95.025343192723,16.0,0.0,95.93284631491086,31
6f3254ac0fb25c0e,old_pc,1,1,1,False,False,False,False,0.0,1,0,97.2929718254557,97.2929718254557,0.0,1.0,0.0,1.518854451070283,95.025343192723,16.0,15.0,97.29281625608922,31
846947c0d14c5705,conditional_pc,16,16,16,False,True,True,True,0.0,16,0,98.66479889426812,98.66479889426812,0.75,0.25,0.0,0.9417719666195262,97.50687014163265,,,,17
846947c0d14c5705,quality_only,16,16,16,False,True,True,True,0.0,16,0,98.66479889426812,98.66479889426812,0.75,0.25,0.0,0.9417719666195262,97.50687014163265,,,,17
846947c0d14c5705,score,11,11,16,False,True,True,False,0.3125,11,0,99.08097112779166,99.11710820900475,0.5,0.1875,0.3125,1.3781642326123975,97.50687014163265,16.0,0.0,99.08097112779166,17
846947c0d14c5705,pareto,10,10,16,False,True,True,False,0.375,10,0,96.5712687892776,99.17996195494943,0.4375,0.1875,0.375,1.4277110742997123,97.50687014163265,16.0,0.0,96.5712687892776,17
846947c0d14c5705,gt_distance,5,5,16,False,True,False,False,0.6875,5,0,97.12262377668696,97.81743510343922,0.625,0.125,0.25,1.2443792872081048,97.50687014163265,16.0,0.0,97.12262377668696,17
846947c0d14c5705,old_pc,2,2,2,False,False,False,False,0.0,2,0,99.95926364932868,99.95926364932868,0.5,0.5,0.0,0.9706107202781008,97.50687014163265,16.0,14.0,99.95934339735084,17
da088bb9d4fb5d0e,conditional_pc,0,0,0,True,False,False,False,1.0,0,0,,,,,,,92.2314681132278,,,,0
da088bb9d4fb5d0e,quality_only,0,0,0,True,False,False,False,1.0,0,0,,,,,,,92.2314681132278,,,,0
da088bb9d4fb5d0e,score,0,0,16,True,False,False,False,1.0,0,0,95.95620169774828,,0.0,0.0,1.0,16.352609536082703,92.2314681132278,16.0,0.0,95.95620169774828,0
da088bb9d4fb5d0e,pareto,0,0,16,True,False,False,False,1.0,0,0,94.28666400291222,,0.0,0.0,1.0,15.149704885164494,92.2314681132278,16.0,0.0,94.28666400291222,0
da088bb9d4fb5d0e,gt_distance,0,0,16,True,False,False,False,1.0,0,0,92.33923359952492,,0.0,0.0,1.0,11.804801095362174,92.2314681132278,16.0,0.0,92.33923359952492,0
da088bb9d4fb5d0e,old_pc,0,0,1,True,False,False,False,1.0,0,0,93.03747605067528,,0.0,1.0,0.0,1.5904054650798751,92.2314681132278,16.0,15.0,93.03757313756098,0
2d6b6f9cbf895767,conditional_pc,16,16,16,False,True,True,True,0.0,16,0,94.57348336909624,94.57348336909624,0.25,0.75,0.0,1.1505150481034692,93.29445367962278,,,,26
2d6b6f9cbf895767,quality_only,16,16,16,False,True,True,True,0.0,16,0,94.57348336909624,94.57348336909624,0.25,0.75,0.0,1.1505150481034692,93.29445367962278,,,,26
2d6b6f9cbf895767,score,6,6,16,False,True,False,False,0.625,6,0,96.31554138322522,95.27751980284164,0.0625,0.3125,0.625,19.236828308540275,93.29445367962278,16.0,0.0,96.31554138322522,26
2d6b6f9cbf895767,pareto,6,6,16,False,True,False,False,0.625,6,0,96.31554138322522,95.27751980284164,0.0625,0.3125,0.625,19.236828308540275,93.29445367962278,16.0,0.0,96.31554138322522,26
2d6b6f9cbf895767,gt_distance,5,5,16,False,True,False,False,0.6875,5,0,94.898784222291,95.05934286500832,0.0625,0.25,0.6875,7.051821267825119,93.29445367962278,16.0,0.0,94.898784222291,26
2d6b6f9cbf895767,old_pc,1,1,1,False,False,False,False,0.0,1,0,95.47672318257932,95.47672318257932,0.0,1.0,0.0,1.3449411148267256,93.29445367962278,16.0,15.0,95.47695464242018,26
2b6a3141bbd95909,conditional_pc,16,16,16,False,True,True,True,0.0,16,0,100.0,100.0,0.0,1.0,0.0,1.1864287426914122,100.0,,,,30
2b6a3141bbd95909,quality_only,16,16,16,False,True,True,True,0.0,16,0,100.0,100.0,0.0,1.0,0.0,1.1864287426914122,100.0,,,,30
2b6a3141bbd95909,score,0,0,16,True,False,False,False,1.0,0,0,100.0,,0.0,0.0,1.0,8.546598022954212,100.0,16.0,0.0,100.0,30
2b6a3141bbd95909,pareto,1,1,16,False,False,False,False,0.9375,1,0,100.0,100.0,0.0625,0.0,0.9375,16.086475805071238,100.0,16.0,0.0,100.0,30
2b6a3141bbd95909,gt_distance,1,1,16,False,False,False,False,0.9375,1,0,100.0,100.0,0.0625,0.0,0.9375,15.809856860914769,100.0,16.0,0.0,100.0,30
2b6a3141bbd95909,old_pc,16,16,16,False,True,True,True,0.0,16,0,100.0,100.0,0.0,1.0,0.0,1.1864287426914122,100.0,16.0,0.0,100.0,30
c565fc593f9e5fad,conditional_pc,16,16,16,False,True,True,True,0.0,16,0,100.0,100.0,0.0,1.0,0.0,1.183410152811191,100.0,,,,29
c565fc593f9e5fad,quality_only,16,16,16,False,True,True,True,0.0,16,0,100.0,100.0,0.0,1.0,0.0,1.183410152811191,100.0,,,,29
c565fc593f9e5fad,score,0,0,16,True,False,False,False,1.0,0,0,100.0,,0.0,0.0,1.0,4.752057623094177,100.0,16.0,0.0,100.0,29
c565fc593f9e5fad,pareto,2,2,16,False,False,False,False,0.875,2,0,100.0,100.0,0.0625,0.0625,0.875,5.689183306307852,100.0,16.0,0.0,100.0,29
c565fc593f9e5fad,gt_distance,3,3,16,False,False,False,False,0.8125,3,0,100.0,100.0,0.0625,0.125,0.8125,4.862628097995723,100.0,16.0,0.0,100.0,29
c565fc593f9e5fad,old_pc,16,16,16,False,True,True,True,0.0,16,0,100.0,100.0,0.0,1.0,0.0,1.183410152811191,100.0,16.0,0.0,100.0,29
2b62f0fd336e5ce1,conditional_pc,16,16,16,False,True,True,True,0.0,16,0,85.97200522650522,85.97200522650522,0.0,1.0,0.0,1.345803585761025,85.1741949705478,,,,27
2b62f0fd336e5ce1,quality_only,16,16,16,False,True,True,True,0.0,16,0,85.97200522650522,85.97200522650522,0.0,1.0,0.0,1.3458035857610249,85.1741949705478,,,,27
2b62f0fd336e5ce1,score,10,10,16,False,True,True,False,0.375,10,0,86.76715352106615,86.52746291209446,0.25,0.375,0.375,2.253958497692368,85.1741949705478,16.0,0.0,86.76715352106615,27
2b62f0fd336e5ce1,pareto,10,10,16,False,True,True,False,0.375,10,0,86.76715352106615,86.52746291209446,0.25,0.375,0.375,2.253958497692368,85.1741949705478,16.0,0.0,86.76715352106615,27
2b62f0fd336e5ce1,gt_distance,10,10,16,False,True,True,False,0.375,10,0,86.76715352106615,86.52746291209446,0.25,0.375,0.375,2.253958497692368,85.1741949705478,16.0,0.0,86.76715352106615,27
2b62f0fd336e5ce1,old_pc,1,1,1,False,False,False,False,0.0,1,0,87.21916095790148,87.21916095790148,0.0,1.0,0.0,1.5458018007757273,85.1741949705478,16.0,15.0,87.2200068887263,27
4521af05098b5726,conditional_pc,16,16,16,False,True,True,True,0.0,16,0,94.40540240268466,94.40540240268466,0.25,0.75,0.0,1.1364751151730954,94.00146528264328,,,,23
4521af05098b5726,quality_only,16,16,16,False,True,True,True,0.0,16,0,94.40540240268466,94.40540240268466,0.25,0.75,0.0,1.1364751151730954,94.00146528264328,,,,23
4521af05098b5726,score,0,0,16,True,False,False,False,1.0,0,0,96.68646403334908,,0.0,0.0,1.0,15.944652134596865,94.00146528264328,16.0,0.0,96.68646403334908,23
4521af05098b5726,pareto,0,0,16,True,False,False,False,1.0,0,0,96.68646403334908,,0.0,0.0,1.0,15.944652134596865,94.00146528264328,16.0,0.0,96.68646403334908,23
4521af05098b5726,gt_distance,16,16,16,False,True,True,True,0.0,16,0,94.29126090985898,94.29126090985898,0.5625,0.4375,0.0,1.0152200101669502,94.00146528264328,16.0,0.0,94.29126090985898,23
4521af05098b5726,old_pc,1,1,1,False,False,False,False,0.0,1,0,94.99995494291058,94.99995494291058,0.0,1.0,0.0,1.568579477691269,94.00146528264328,16.0,15.0,94.99998642455664,23
4cf79f853daa5e18,conditional_pc,16,16,16,False,True,True,True,0.0,16,0,100.0,100.0,0.375,0.625,0.0,1.12436052350488,100.0,,,,25
4cf79f853daa5e18,quality_only,16,16,16,False,True,True,True,0.0,16,0,100.0,100.0,0.375,0.625,0.0,1.12436052350488,100.0,,,,25
4cf79f853daa5e18,score,0,0,16,True,False,False,False,1.0,0,0,100.0,,0.0,0.0,1.0,6.692848336555874,100.0,16.0,0.0,100.0,25
4cf79f853daa5e18,pareto,2,2,16,False,False,False,False,0.875,2,0,100.0,100.0,0.0625,0.0625,0.875,8.352080310327555,100.0,16.0,0.0,100.0,25
4cf79f853daa5e18,gt_distance,2,2,16,False,False,False,False,0.875,2,0,100.0,100.0,0.0625,0.0625,0.875,7.673158026079863,100.0,16.0,0.0,100.0,25
4cf79f853daa5e18,old_pc,15,15,16,False,True,True,False,0.0625,15,0,99.99629518708292,100.0,0.3125,0.6875,0.0,1.152283696834066,100.0,16.0,0.0,99.99629518708292,25
91c9748ec36d552e,conditional_pc,16,16,16,False,True,True,True,0.0,16,0,90.0370967046187,90.0370967046187,0.375,0.625,0.0,1.121935434681823,89.32346128521954,,,,22
91c9748ec36d552e,quality_only,16,16,16,False,True,True,True,0.0,16,0,90.0370967046187,90.0370967046187,0.375,0.625,0.0,1.121935434681823,89.32346128521954,,,,22
91c9748ec36d552e,score,0,0,16,True,False,False,False,1.0,0,0,93.20807561548357,,0.0,0.0,1.0,12.486770445719404,89.32346128521954,16.0,0.0,93.20807561548357,22
91c9748ec36d552e,pareto,0,0,16,True,False,False,False,1.0,0,0,88.00616448431397,,0.0,0.0,1.0,12.693655817772642,89.32346128521954,16.0,0.0,88.00616448431397,22
91c9748ec36d552e,gt_distance,0,0,16,True,False,False,False,1.0,0,0,88.00616448431397,,0.0,0.0,1.0,12.693655817772642,89.32346128521954,16.0,0.0,88.00616448431397,22
91c9748ec36d552e,old_pc,1,1,1,False,False,False,False,0.0,1,0,90.8510990830261,90.8510990830261,0.0,1.0,0.0,1.1991887338545564,89.32346128521954,16.0,15.0,90.85112973791458,22
b74282046c9b5e26,conditional_pc,16,16,16,False,True,True,True,0.0,16,0,88.51766039125428,88.51766039125428,0.1875,0.8125,0.0,1.267258806069636,88.28311719848298,,,,26
b74282046c9b5e26,quality_only,16,16,16,False,True,True,True,0.0,16,0,88.51766039125428,88.51766039125428,0.1875,0.8125,0.0,1.267258806069636,88.28311719848298,,,,26
b74282046c9b5e26,score,3,3,16,False,False,False,False,0.8125,3,0,88.91071121381535,88.80489359820257,0.0625,0.125,0.8125,3.7398271025186056,88.28311719848298,16.0,0.0,88.91071121381535,26
b74282046c9b5e26,pareto,3,3,16,False,False,False,False,0.8125,3,0,88.91071121381535,88.80489359820257,0.0625,0.125,0.8125,3.7398271025186056,88.28311719848298,16.0,0.0,88.91071121381535,26
b74282046c9b5e26,gt_distance,3,3,16,False,False,False,False,0.8125,3,0,88.91071121381535,88.80489359820257,0.0625,0.125,0.8125,3.7398271025186056,88.28311719848298,16.0,0.0,88.91071121381535,26
b74282046c9b5e26,old_pc,1,1,1,False,False,False,False,0.0,1,0,88.84219468077256,88.84219468077256,0.0,1.0,0.0,1.3276479420087934,88.28311719848298,16.0,15.0,88.84219468077256,26
9b2f62944222523c,conditional_pc,16,16,16,False,True,True,True,0.0,16,0,100.0,100.0,0.0,1.0,0.0,1.193430048783442,100.0,,,,41
9b2f62944222523c,quality_only,16,16,16,False,True,True,True,0.0,16,0,100.0,100.0,0.0,1.0,0.0,1.193430048783442,100.0,,,,41
9b2f62944222523c,score,0,0,16,True,False,False,False,1.0,0,0,100.0,,0.0,0.0,1.0,2.252877442212299,100.0,16.0,0.0,100.0,41
9b2f62944222523c,pareto,1,1,16,False,False,False,False,0.9375,1,0,100.0,100.0,0.0,0.0625,0.9375,11.926945171514843,100.0,16.0,0.0,100.0,41
9b2f62944222523c,gt_distance,2,2,16,False,False,False,False,0.875,2,0,100.0,100.0,0.0625,0.0625,0.875,6.93876009214625,100.0,16.0,0.0,100.0,41
9b2f62944222523c,old_pc,16,16,16,False,True,True,True,0.0,16,0,100.0,100.0,0.0,1.0,0.0,1.193430048783442,100.0,16.0,0.0,100.0,41
b4e37918a3075f27,conditional_pc,16,16,16,False,True,True,True,0.0,16,0,93.89164847545771,93.89164847545771,0.125,0.875,0.0,1.131728540362504,92.9064366009225,,,,30
b4e37918a3075f27,quality_only,16,16,16,False,True,True,True,0.0,16,0,93.89164847545771,93.89164847545771,0.125,0.875,0.0,1.131728540362504,92.9064366009225,,,,30
b4e37918a3075f27,score,0,0,16,True,False,False,False,1.0,0,0,95.39428531852964,,0.0,0.0,1.0,4.463575681033719,92.9064366009225,16.0,0.0,95.39428531852964,30
b4e37918a3075f27,pareto,0,0,16,True,False,False,False,1.0,0,0,95.39428531852964,,0.0,0.0,1.0,4.463575681033719,92.9064366009225,16.0,0.0,95.39428531852964,30
b4e37918a3075f27,gt_distance,0,0,16,True,False,False,False,1.0,0,0,95.39428531852964,,0.0,0.0,1.0,4.463575681033719,92.9064366009225,16.0,0.0,95.39428531852964,30
b4e37918a3075f27,old_pc,1,1,1,False,False,False,False,0.0,1,0,94.3789711850477,94.3789711850477,0.0,1.0,0.0,1.3196530991463922,92.9064366009225,16.0,15.0,94.37900357002282,30
172b3176b06c5658,conditional_pc,16,16,16,False,True,True,True,0.0,16,0,97.8577521363835,97.8577521363835,0.4375,0.5625,0.0,1.066438080400658,97.3188616405022,,,,21
172b3176b06c5658,quality_only,16,16,16,False,True,True,True,0.0,16,0,97.8577521363835,97.8577521363835,0.4375,0.5625,0.0,1.066438080400658,97.3188616405022,,,,21
172b3176b06c5658,score,0,0,16,True,False,False,False,1.0,0,0,100.0,,0.0,0.0,1.0,18.862514948513915,97.3188616405022,16.0,0.0,100.0,21
172b3176b06c5658,pareto,0,0,16,True,False,False,False,1.0,0,0,100.0,,0.0,0.0,1.0,18.2602689088583,97.3188616405022,16.0,0.0,100.0,21
172b3176b06c5658,gt_distance,0,0,16,True,False,False,False,1.0,0,0,99.97199939331608,,0.0,0.0,1.0,13.59292670271805,97.3188616405022,16.0,0.0,99.97199939331608,21
172b3176b06c5658,old_pc,1,1,1,False,False,False,False,0.0,1,0,98.61322548305289,98.61322548305289,0.0,1.0,0.0,1.329213859325817,97.3188616405022,16.0,15.0,98.613231367885,21
29c1d95389d45573,conditional_pc,16,16,16,False,True,True,True,0.0,16,0,89.00775767278641,89.00775767278641,0.0,1.0,0.0,1.1871059320164736,86.42043438581783,,,,31
29c1d95389d45573,quality_only,16,16,16,False,True,True,True,0.0,16,0,89.00775767278641,89.00775767278641,0.0,1.0,0.0,1.1871059320164736,86.42043438581783,,,,31
29c1d95389d45573,score,14,14,16,False,True,True,False,0.125,14,0,90.29340245832144,90.1859443445983,0.5,0.375,0.125,1.0355777086401985,86.42043438581783,16.0,0.0,90.29340245832144,31
29c1d95389d45573,pareto,14,14,16,False,True,True,False,0.125,14,0,90.29340245832144,90.1859443445983,0.5,0.375,0.125,1.0355777086401985,86.42043438581783,16.0,0.0,90.29340245832144,31
29c1d95389d45573,gt_distance,14,14,16,False,True,True,False,0.125,14,0,90.29340245832144,90.1859443445983,0.5,0.375,0.125,1.0355777086401985,86.42043438581783,16.0,0.0,90.29340245832144,31
29c1d95389d45573,old_pc,1,1,1,False,False,False,False,0.0,1,0,92.03180995707716,92.03180995707716,1.0,0.0,0.0,0.951078858767938,86.42043438581783,16.0,15.0,92.03183638792834,31
03925cda82c35516,conditional_pc,16,16,16,False,True,True,True,0.0,16,0,88.92361335374129,88.92361335374129,0.0,1.0,0.0,1.4779294878577107,87.91271686389797,,,,32
03925cda82c35516,quality_only,16,16,16,False,True,True,True,0.0,16,0,88.92361335374129,88.92361335374129,0.0,1.0,0.0,1.4779294878577107,87.91271686389797,,,,32
03925cda82c35516,score,0,0,16,True,False,False,False,1.0,0,0,95.06517138765012,,0.0,0.0,1.0,34.50578966951305,87.91271686389797,16.0,0.0,95.06517138765012,32
03925cda82c35516,pareto,0,0,16,True,False,False,False,1.0,0,0,95.06517138765012,,0.0,0.0,1.0,34.50578966951305,87.91271686389797,16.0,0.0,95.06517138765012,32
03925cda82c35516,gt_distance,0,0,16,True,False,False,False,1.0,0,0,91.0657347831596,,0.0,0.0,1.0,11.25066020988054,87.91271686389797,16.0,0.0,91.0657347831596,32
03925cda82c35516,old_pc,1,1,1,False,False,False,False,0.0,1,0,89.31572643253011,89.31572643253011,0.0,1.0,0.0,1.7345413295295482,87.91271686389797,16.0,15.0,89.31570681760473,32
8f24138692dc51a0,conditional_pc,16,16,16,False,True,True,True,0.0,16,0,86.02273721307073,86.02273721307073,0.25,0.75,0.0,1.1310449041169384,84.93696096262208,,,,26
8f24138692dc51a0,quality_only,16,16,16,False,True,True,True,0.0,16,0,86.02273721307073,86.02273721307073,0.25,0.75,0.0,1.1310449041169384,84.93696096262208,,,,26
8f24138692dc51a0,score,0,0,16,True,False,False,False,1.0,0,0,96.38540573452326,,0.0,0.0,1.0,27.008664643344176,84.93696096262208,16.0,0.0,96.38540573452326,26
8f24138692dc51a0,pareto,0,0,16,True,False,False,False,1.0,0,0,96.38540573452326,,0.0,0.0,1.0,27.008664643344176,84.93696096262208,16.0,0.0,96.38540573452326,26
8f24138692dc51a0,gt_distance,0,0,16,True,False,False,False,1.0,0,0,92.4822173868462,,0.0,0.0,1.0,14.18183533704665,84.93696096262208,16.0,0.0,92.4822173868462,26
8f24138692dc51a0,old_pc,1,1,1,False,False,False,False,0.0,1,0,87.27302680554672,87.27302680554672,0.0,1.0,0.0,1.0931486766782543,84.93696096262208,16.0,15.0,87.27288705438745,26
e4bc6fc5aeb15a9b,conditional_pc,16,16,16,False,True,True,True,0.0,16,0,95.45934634376086,95.45934634376086,0.5,0.5,0.0,1.0957244755711717,95.21117133419862,,,,23
e4bc6fc5aeb15a9b,quality_only,16,16,16,False,True,True,True,0.0,16,0,95.45934634376086,95.45934634376086,0.5,0.5,0.0,1.0957244755711717,95.21117133419862,,,,23
e4bc6fc5aeb15a9b,score,0,0,16,True,False,False,False,1.0,0,0,99.11958633137353,,0.0,0.0,1.0,43.92994529976615,95.21117133419862,16.0,0.0,99.11958633137353,23
e4bc6fc5aeb15a9b,pareto,0,0,16,True,False,False,False,1.0,0,0,99.11958633137353,,0.0,0.0,1.0,43.92994529976615,95.21117133419862,16.0,0.0,99.11958633137353,23
e4bc6fc5aeb15a9b,gt_distance,14,14,16,False,True,True,False,0.125,14,0,95.3161108594201,95.33521233752788,0.75,0.25,0.0,0.9866179883509464,95.21117133419862,16.0,0.0,95.3161108594201,23
e4bc6fc5aeb15a9b,old_pc,1,1,1,False,False,False,False,0.0,1,0,95.72544652340666,95.72544652340666,0.0,1.0,0.0,1.6062239525503157,95.21117133419862,16.0,15.0,95.72545096518962,23
58e62444275353ac,conditional_pc,16,16,16,False,True,True,True,0.0,16,0,92.26121012067564,92.26121012067564,0.0,1.0,0.0,1.903378298582968,90.3826423643809,,,,54
58e62444275353ac,quality_only,16,16,16,False,True,True,True,0.0,16,0,92.26121012067564,92.26121012067564,0.0,1.0,0.0,1.9033782985829688,90.3826423643809,,,,54
58e62444275353ac,score,0,0,16,True,False,False,False,1.0,0,0,93.20235180154712,,0.0,0.0,1.0,4.2781019286057465,90.3826423643809,16.0,0.0,93.20235180154712,54
58e62444275353ac,pareto,0,0,16,True,False,False,False,1.0,0,0,93.20235180154712,,0.0,0.0,1.0,4.2781019286057465,90.3826423643809,16.0,0.0,93.20235180154712,54
58e62444275353ac,gt_distance,0,0,16,True,False,False,False,1.0,0,0,93.20235180154712,,0.0,0.0,1.0,4.2781019286057465,90.3826423643809,16.0,0.0,93.20235180154712,54
58e62444275353ac,old_pc,1,1,1,False,False,False,False,0.0,1,0,92.62362452455912,92.62362452455912,0.0,1.0,0.0,2.0615942537946417,90.3826423643809,16.0,15.0,92.62272097522886,54
b4929fe228725c94,conditional_pc,16,16,16,False,True,True,True,0.0,16,0,91.87864083754934,91.87864083754934,0.0,1.0,0.0,1.3333847085902593,90.16339816819796,,,,44
b4929fe228725c94,quality_only,16,16,16,False,True,True,True,0.0,16,0,91.87864083754934,91.87864083754934,0.0,1.0,0.0,1.3333847085902593,90.16339816819796,,,,44
b4929fe228725c94,score,0,0,16,True,False,False,False,1.0,0,0,100.0,,0.0,0.0,1.0,35.462713485278194,90.16339816819796,16.0,0.0,100.0,44
b4929fe228725c94,pareto,0,0,16,True,False,False,False,1.0,0,0,100.0,,0.0,0.0,1.0,36.914787274555245,90.16339816819796,16.0,0.0,100.0,44
b4929fe228725c94,gt_distance,0,0,16,True,False,False,False,1.0,0,0,95.31412488567108,,0.0,0.0,1.0,9.841105726163832,90.16339816819796,16.0,0.0,95.31412488567108,44
b4929fe228725c94,old_pc,1,1,1,False,False,False,False,0.0,1,0,92.71192878493429,92.71192878493429,0.0,1.0,0.0,1.8448202054268712,90.16339816819796,16.0,15.0,92.71197996687064,44
9703fd67a8ba55e3,conditional_pc,11,11,16,False,True,True,False,0.3125,11,5,92.7418172921631,92.92151318570804,0.1875,0.8125,0.0,1.1306254345062925,92.48433861272888,,,,11
9703fd67a8ba55e3,quality_only,11,11,16,False,True,True,False,0.3125,11,5,92.7418172921631,92.92151318570804,0.1875,0.8125,0.0,1.1306254345062925,92.48433861272888,,,,11
9703fd67a8ba55e3,score,0,0,16,True,False,False,False,1.0,0,0,94.6377192551553,,0.0,0.0,1.0,8.899327702539082,92.48433861272888,16.0,0.0,94.6377192551553,11
9703fd67a8ba55e3,pareto,0,0,16,True,False,False,False,1.0,0,0,94.6377192551553,,0.0,0.0,1.0,8.899327702539082,92.48433861272888,16.0,0.0,94.6377192551553,11
9703fd67a8ba55e3,gt_distance,0,0,16,True,False,False,False,1.0,0,0,94.62881239690245,,0.0,0.0,1.0,7.8924153211809855,92.48433861272888,16.0,0.0,94.62881239690245,11
9703fd67a8ba55e3,old_pc,1,1,1,False,False,False,False,0.0,1,0,93.55071464512106,93.55071464512106,0.0,1.0,0.0,1.858162535091684,92.48433861272888,16.0,15.0,93.54975952298818,11
21ef5641389c54b2,conditional_pc,16,16,16,False,True,True,True,0.0,16,0,100.0,100.0,0.0625,0.9375,0.0,1.1328832777751237,100.0,,,,31
21ef5641389c54b2,quality_only,16,16,16,False,True,True,True,0.0,16,0,100.0,100.0,0.0625,0.9375,0.0,1.1328832777751237,100.0,,,,31
21ef5641389c54b2,score,0,0,16,True,False,False,False,1.0,0,0,100.0,,0.0,0.0,1.0,9.65275040575599,100.0,16.0,0.0,100.0,31
21ef5641389c54b2,pareto,1,1,16,False,False,False,False,0.9375,1,0,100.0,100.0,0.0,0.0625,0.9375,12.901203955790384,100.0,16.0,0.0,100.0,31
21ef5641389c54b2,gt_distance,3,3,16,False,False,False,False,0.8125,3,0,100.0,100.0,0.0625,0.125,0.8125,8.66377793633644,100.0,16.0,0.0,100.0,31
21ef5641389c54b2,old_pc,16,16,16,False,True,True,True,0.0,16,0,100.0,100.0,0.0625,0.9375,0.0,1.1328832777751237,100.0,16.0,0.0,100.0,31
1672f5b30038519f,conditional_pc,16,16,16,False,True,True,True,0.0,16,0,98.35678816044437,98.35678816044437,0.5,0.5,0.0,0.9952777174209764,98.16367645775776,,,,19
1672f5b30038519f,quality_only,16,16,16,False,True,True,True,0.0,16,0,98.35678816044437,98.35678816044437,0.5,0.5,0.0,0.9952777174209764,98.16367645775776,,,,19
1672f5b30038519f,score,0,0,16,True,False,False,False,1.0,0,0,99.77485191356232,,0.0,0.0,1.0,21.794263198908062,98.16367645775776,16.0,0.0,99.77485191356232,19
1672f5b30038519f,pareto,0,0,16,True,False,False,False,1.0,0,0,99.77485191356232,,0.0,0.0,1.0,21.794263198908062,98.16367645775776,16.0,0.0,99.77485191356232,19
1672f5b30038519f,gt_distance,0,0,16,True,False,False,False,1.0,0,0,99.62715487318091,,0.0,0.0,1.0,13.678266359911376,98.16367645775776,16.0,0.0,99.62715487318091,19
1672f5b30038519f,old_pc,1,1,1,False,False,False,False,0.0,1,0,98.49760437007836,98.49760437007836,0.0,1.0,0.0,1.2108692486906472,98.16367645775776,16.0,15.0,98.49760235919834,19
50865b0784fc566d,conditional_pc,12,12,16,False,True,True,False,0.25,12,4,97.61388645303666,97.77017128967228,0.4375,0.5625,0.0,1.0669118734018674,97.28280201422214,,,,12
50865b0784fc566d,quality_only,12,12,16,False,True,True,False,0.25,12,4,97.61388645303666,97.77017128967228,0.4375,0.5625,0.0,1.0669118734018674,97.28280201422214,,,,12
50865b0784fc566d,score,0,0,16,True,False,False,False,1.0,0,0,100.0,,0.0,0.0,1.0,14.407944819779312,97.28280201422214,16.0,0.0,100.0,12
50865b0784fc566d,pareto,0,0,16,True,False,False,False,1.0,0,0,100.0,,0.0,0.0,1.0,14.202343538593947,97.28280201422214,16.0,0.0,100.0,12
50865b0784fc566d,gt_distance,0,0,16,True,False,False,False,1.0,0,0,98.84691731192146,,0.0,0.0,1.0,8.345864459903753,97.28280201422214,16.0,0.0,98.84691731192146,12
50865b0784fc566d,old_pc,1,1,1,False,False,False,False,0.0,1,0,98.24129703000098,98.24129703000098,0.0,1.0,0.0,1.170470718323571,97.28280201422214,16.0,15.0,98.24095641847946,12
a4cf3a412034565a,conditional_pc,16,16,16,False,True,True,True,0.0,16,0,99.29441532132772,99.29441532132772,0.0,1.0,0.0,1.246791494828259,98.60266384689167,,,,28
a4cf3a412034565a,quality_only,16,16,16,False,True,True,True,0.0,16,0,99.29441532132772,99.29441532132772,0.0,1.0,0.0,1.246791494828259,98.60266384689167,,,,28
a4cf3a412034565a,score,0,0,16,True,False,False,False,1.0,0,0,100.0,,0.0,0.0,1.0,23.14185377845827,98.60266384689167,16.0,0.0,100.0,28
a4cf3a412034565a,pareto,0,0,16,True,False,False,False,1.0,0,0,100.0,,0.0,0.0,1.0,18.33968412649827,98.60266384689167,16.0,0.0,100.0,28
a4cf3a412034565a,gt_distance,0,0,16,True,False,False,False,1.0,0,0,100.0,,0.0,0.0,1.0,18.7301089300151,98.60266384689167,16.0,0.0,100.0,28
a4cf3a412034565a,old_pc,1,1,1,False,False,False,False,0.0,1,0,99.68216121083714,99.68216121083714,0.0,1.0,0.0,1.182010823738752,98.60266384689167,16.0,15.0,99.6823585492696,28
1295232b65bf5f8d,conditional_pc,16,16,16,False,True,True,True,0.0,16,0,81.45427715994632,81.45427715994632,0.25,0.75,0.0,1.218443687319875,81.15737405887549,,,,28
1295232b65bf5f8d,quality_only,16,16,16,False,True,True,True,0.0,16,0,81.45427715994632,81.45427715994632,0.25,0.75,0.0,1.218443687319875,81.15737405887549,,,,28
1295232b65bf5f8d,score,0,0,16,True,False,False,False,1.0,0,0,84.12238600183726,,0.0,0.0,1.0,15.497216145731716,81.15737405887549,16.0,0.0,84.12238600183726,28
1295232b65bf5f8d,pareto,0,0,16,True,False,False,False,1.0,0,0,84.12238600183726,,0.0,0.0,1.0,15.497216145731716,81.15737405887549,16.0,0.0,84.12238600183726,28
1295232b65bf5f8d,gt_distance,0,0,16,True,False,False,False,1.0,0,0,83.01804333063191,,0.0,0.0,1.0,12.502675668635046,81.15737405887549,16.0,0.0,83.01804333063191,28
1295232b65bf5f8d,old_pc,1,1,1,False,False,False,False,0.0,1,0,81.88216464112573,81.88216464112573,0.0,1.0,0.0,1.5303241594145207,81.15737405887549,16.0,15.0,81.8821931731825,28
7ecb22e3bba55b12,conditional_pc,16,16,16,False,True,True,True,0.0,16,0,88.99711712133966,88.99711712133966,0.625,0.375,0.0,1.0315221427361134,88.80706184858917,,,,20
7ecb22e3bba55b12,quality_only,16,16,16,False,True,True,True,0.0,16,0,88.99711712133966,88.99711712133966,0.625,0.375,0.0,1.0315221427361134,88.80706184858917,,,,20
7ecb22e3bba55b12,score,0,0,16,True,False,False,False,1.0,0,0,94.42214147049748,,0.0,0.0,1.0,72.70984101221212,88.80706184858917,16.0,0.0,94.42214147049748,20
7ecb22e3bba55b12,pareto,0,0,16,True,False,False,False,1.0,0,0,94.42214147049748,,0.0,0.0,1.0,72.70984101221212,88.80706184858917,16.0,0.0,94.42214147049748,20
7ecb22e3bba55b12,gt_distance,16,16,16,False,True,True,True,0.0,16,0,88.99466850854876,88.99466850854876,0.8125,0.1875,0.0,0.9320220507322932,88.80706184858917,16.0,0.0,88.99466850854876,20
7ecb22e3bba55b12,old_pc,1,1,1,False,False,False,False,0.0,1,0,89.09871449574541,89.09871449574541,0.0,1.0,0.0,1.1403738645861348,88.80706184858917,16.0,15.0,89.09866909057676,20
6b7469c8e2195492,conditional_pc,16,16,16,False,True,True,True,0.0,16,0,93.29548327610568,93.29548327610568,0.5,0.5,0.0,1.0804630957534829,91.74743494365713,,,,22
6b7469c8e2195492,quality_only,16,16,16,False,True,True,True,0.0,16,0,93.29548327610568,93.29548327610568,0.5,0.5,0.0,1.0804630957534829,91.74743494365713,,,,22
6b7469c8e2195492,score,13,13,16,False,True,True,False,0.1875,13,0,93.8874142421276,93.82469713006805,0.4375,0.375,0.1875,1.6472899032746136,91.74743494365713,16.0,0.0,93.8874142421276,22
6b7469c8e2195492,pareto,13,13,16,False,True,True,False,0.1875,13,0,93.8874142421276,93.82469713006805,0.4375,0.375,0.1875,1.6472899032746136,91.74743494365713,16.0,0.0,93.8874142421276,22
6b7469c8e2195492,gt_distance,13,13,16,False,True,True,False,0.1875,13,0,93.8874142421276,93.82469713006805,0.4375,0.375,0.1875,1.6472899032746136,91.74743494365713,16.0,0.0,93.8874142421276,22
6b7469c8e2195492,old_pc,1,1,1,False,False,False,False,0.0,1,0,94.69222154788044,94.69222154788044,1.0,0.0,0.0,0.9902162306647064,91.74743494365713,16.0,15.0,94.69297109805083,22
5ed66db305a55f73,conditional_pc,16,16,16,False,True,True,True,0.0,16,0,84.03864683185293,84.03864683185293,0.25,0.75,0.0,1.166319920829066,82.3812583969587,,,,24
5ed66db305a55f73,quality_only,16,16,16,False,True,True,True,0.0,16,0,84.03864683185293,84.03864683185293,0.25,0.75,0.0,1.166319920829066,82.3812583969587,,,,24
5ed66db305a55f73,score,0,0,16,True,False,False,False,1.0,0,0,100.0,,0.0,0.0,1.0,32.606416590784974,82.3812583969587,16.0,0.0,100.0,24
5ed66db305a55f73,pareto,0,0,16,True,False,False,False,1.0,0,0,100.0,,0.0,0.0,1.0,35.77993444443413,82.3812583969587,16.0,0.0,100.0,24
5ed66db305a55f73,gt_distance,0,0,16,True,False,False,False,1.0,0,0,90.68007810345009,,0.0,0.0,1.0,10.305724787587884,82.3812583969587,16.0,0.0,90.68007810345009,24
5ed66db305a55f73,old_pc,1,1,1,False,False,False,False,0.0,1,0,85.791486734487,85.791486734487,0.0,1.0,0.0,1.5269458783379617,82.3812583969587,16.0,15.0,85.7917887772879,24
0b8065082f3a5b3b,conditional_pc,16,16,16,False,True,True,True,0.0,16,0,100.0,100.0,0.0,1.0,0.0,1.3875975753448524,100.0,,,,54
0b8065082f3a5b3b,quality_only,16,16,16,False,True,True,True,0.0,16,0,100.0,100.0,0.0,1.0,0.0,1.3875975753448524,100.0,,,,54
0b8065082f3a5b3b,score,1,1,16,False,False,False,False,0.9375,1,0,100.0,100.0,0.0,0.0625,0.9375,2.568769505878149,100.0,16.0,0.0,100.0,54
0b8065082f3a5b3b,pareto,2,2,16,False,False,False,False,0.875,2,0,100.0,100.0,0.0625,0.0625,0.875,6.761439379232582,100.0,16.0,0.0,100.0,54
0b8065082f3a5b3b,gt_distance,2,2,16,False,False,False,False,0.875,2,0,100.0,100.0,0.0625,0.0625,0.875,6.393833495429769,100.0,16.0,0.0,100.0,54
0b8065082f3a5b3b,old_pc,16,16,16,False,True,True,True,0.0,16,0,100.0,100.0,0.0,1.0,0.0,1.3875975753448524,100.0,16.0,0.0,100.0,54
40d00a52b5345430,conditional_pc,16,16,16,False,True,True,True,0.0,16,0,100.0,100.0,0.0,1.0,0.0,1.347793334941048,100.0,,,,40
40d00a52b5345430,quality_only,16,16,16,False,True,True,True,0.0,16,0,100.0,100.0,0.0,1.0,0.0,1.347793334941048,100.0,,,,40
40d00a52b5345430,score,0,0,16,True,False,False,False,1.0,0,0,100.0,,0.0,0.0,1.0,7.858284215198648,100.0,16.0,0.0,100.0,40
40d00a52b5345430,pareto,1,1,16,False,False,False,False,0.9375,1,0,100.0,100.0,0.0,0.0625,0.9375,15.588934907493003,100.0,16.0,0.0,100.0,40
40d00a52b5345430,gt_distance,1,1,16,False,False,False,False,0.9375,1,0,100.0,100.0,0.0625,0.0,0.9375,11.952414001441106,100.0,16.0,0.0,100.0,40
40d00a52b5345430,old_pc,16,16,16,False,True,True,True,0.0,16,0,100.0,100.0,0.0,1.0,0.0,1.347793334941048,100.0,16.0,0.0,100.0,40
2c274b54e82b55e7,conditional_pc,16,16,16,False,True,True,True,0.0,16,0,82.75678235369568,82.75678235369568,0.0,1.0,0.0,1.3056387467429464,81.6783569239654,,,,31
2c274b54e82b55e7,quality_only,16,16,16,False,True,True,True,0.0,16,0,82.75678235369568,82.75678235369568,0.0,1.0,0.0,1.3056387467429464,81.6783569239654,,,,31
2c274b54e82b55e7,score,0,0,16,True,False,False,False,1.0,0,0,83.89553168612927,,0.0,0.0,1.0,6.515537794840089,81.6783569239654,16.0,0.0,83.89553168612927,31
2c274b54e82b55e7,pareto,0,0,16,True,False,False,False,1.0,0,0,83.89553168612927,,0.0,0.0,1.0,6.515537794840089,81.6783569239654,16.0,0.0,83.89553168612927,31
2c274b54e82b55e7,gt_distance,0,0,16,True,False,False,False,1.0,0,0,83.89553168612927,,0.0,0.0,1.0,6.515537794840089,81.6783569239654,16.0,0.0,83.89553168612927,31
2c274b54e82b55e7,old_pc,1,1,1,False,False,False,False,0.0,1,0,83.27159253963039,83.27159253963039,0.0,1.0,0.0,1.6959473340267694,81.6783569239654,16.0,15.0,83.27127257090716,31
2f7f18f806515128,conditional_pc,16,16,16,False,True,True,True,0.0,16,0,96.16844863136836,96.16844863136836,0.0,1.0,0.0,1.369052226883784,95.22678846541577,,,,42
2f7f18f806515128,quality_only,16,16,16,False,True,True,True,0.0,16,0,96.16828986947168,96.16828986947168,0.0,1.0,0.0,1.368874864784028,95.22678846541577,,,,42
2f7f18f806515128,score,9,9,16,False,True,True,False,0.4375,9,0,96.71489765121116,96.71763169875967,0.25,0.3125,0.4375,2.424246120748398,95.22678846541577,16.0,0.0,96.71489765121116,42
2f7f18f806515128,pareto,9,9,16,False,True,True,False,0.4375,9,0,96.71489765121116,96.71763169875967,0.25,0.3125,0.4375,2.424246120748398,95.22678846541577,16.0,0.0,96.71489765121116,42
2f7f18f806515128,gt_distance,9,9,16,False,True,True,False,0.4375,9,0,96.71489765121116,96.71763169875967,0.25,0.3125,0.4375,2.424246120748398,95.22678846541577,16.0,0.0,96.71489765121116,42
2f7f18f806515128,old_pc,2,2,2,False,False,False,False,0.0,2,0,97.37291315429412,97.37291315429412,0.0,1.0,0.0,1.3209651049049893,95.22678846541577,16.0,14.0,97.37293031267082,42
daaed109e7eb5f66,conditional_pc,16,16,16,False,True,True,True,0.0,16,0,97.4199765723443,97.4199765723443,0.5625,0.4375,0.0,1.0397042650631385,96.82854035578885,,,,23
daaed109e7eb5f66,quality_only,16,16,16,False,True,True,True,0.0,16,0,97.4199765723443,97.4199765723443,0.5625,0.4375,0.0,1.0397042650631385,96.82854035578885,,,,23
daaed109e7eb5f66,score,0,0,16,True,False,False,False,1.0,0,0,99.79076603668034,,0.0,0.0,1.0,12.625434818597808,96.82854035578885,16.0,0.0,99.79076603668034,23
daaed109e7eb5f66,pareto,0,0,16,True,False,False,False,1.0,0,0,99.79076603668034,,0.0,0.0,1.0,12.625434818597808,96.82854035578885,16.0,0.0,99.79076603668034,23
daaed109e7eb5f66,gt_distance,0,0,16,True,False,False,False,1.0,0,0,94.88102521978902,,0.0,0.0,1.0,10.74528939421982,96.82854035578885,16.0,0.0,94.88102521978902,23
daaed109e7eb5f66,old_pc,1,1,1,False,False,False,False,0.0,1,0,98.0289340667015,98.0289340667015,0.0,1.0,0.0,1.03231679089542,96.82854035578885,16.0,15.0,98.02869989736442,23
de9806cb0a2c53a3,conditional_pc,16,16,16,False,True,True,True,0.0,16,0,90.25310274356342,90.25310274356342,0.0,1.0,0.0,1.4372702972225455,89.66050872291743,,,,28
de9806cb0a2c53a3,quality_only,16,16,16,False,True,True,True,0.0,16,0,90.25310274356342,90.25310274356342,0.0,1.0,0.0,1.4372702972225455,89.66050872291743,,,,28
de9806cb0a2c53a3,score,0,0,16,True,False,False,False,1.0,0,0,91.12133615010184,,0.0,0.0,1.0,11.101079397586288,89.66050872291743,16.0,0.0,91.12133615010184,28
de9806cb0a2c53a3,pareto,0,0,16,True,False,False,False,1.0,0,0,91.12133615010184,,0.0,0.0,1.0,11.101079397586288,89.66050872291743,16.0,0.0,91.12133615010184,28
de9806cb0a2c53a3,gt_distance,0,0,16,True,False,False,False,1.0,0,0,90.91971181857568,,0.0,0.0,1.0,4.598914451124228,89.66050872291743,16.0,0.0,90.91971181857568,28
de9806cb0a2c53a3,old_pc,1,1,1,False,False,False,False,0.0,1,0,90.75211044678596,90.75211044678596,0.0,1.0,0.0,1.163747992577177,89.66050872291743,16.0,15.0,90.75212719085717,28
cd3f3ec4f0dc515f,conditional_pc,16,16,16,False,True,True,True,0.0,16,0,97.18034479396889,97.18034479396889,0.5,0.5,0.0,1.0258043086232609,96.56055876553114,,,,27
cd3f3ec4f0dc515f,quality_only,16,16,16,False,True,True,True,0.0,16,0,97.18034479396889,97.18034479396889,0.5,0.5,0.0,1.0258043086232609,96.56055876553114,,,,27
cd3f3ec4f0dc515f,score,0,0,16,True,False,False,False,1.0,0,0,100.0,,0.0,0.0,1.0,15.56825291329919,96.56055876553114,16.0,0.0,100.0,27
cd3f3ec4f0dc515f,pareto,0,0,16,True,False,False,False,1.0,0,0,100.0,,0.0,0.0,1.0,15.250684786249144,96.56055876553114,16.0,0.0,100.0,27
cd3f3ec4f0dc515f,gt_distance,0,0,16,True,False,False,False,1.0,0,0,100.0,,0.0,0.0,1.0,15.034877404621898,96.56055876553114,16.0,0.0,100.0,27
cd3f3ec4f0dc515f,old_pc,1,1,1,False,False,False,False,0.0,1,0,98.164575704286,98.164575704286,0.0,1.0,0.0,1.2752253499953052,96.56055876553114,16.0,15.0,98.164215917263,27
481b84c931245f5d,conditional_pc,16,16,16,False,True,True,True,0.0,16,0,96.35689850584912,96.35689850584912,0.5,0.5,0.0,1.0809617628065749,96.13069584154633,,,,21
481b84c931245f5d,quality_only,16,16,16,False,True,True,True,0.0,16,0,96.35689850584912,96.35689850584912,0.5,0.5,0.0,1.0809617628065749,96.13069584154633,,,,21
481b84c931245f5d,score,0,0,16,True,False,False,False,1.0,0,0,99.49409145154893,,0.0,0.0,1.0,28.85149181891817,96.13069584154633,16.0,0.0,99.49409145154893,21
481b84c931245f5d,pareto,0,0,16,True,False,False,False,1.0,0,0,99.49409145154893,,0.0,0.0,1.0,28.85149181891817,96.13069584154633,16.0,0.0,99.49409145154893,21
481b84c931245f5d,gt_distance,13,13,16,False,True,True,False,0.1875,13,0,96.42753938540756,96.41518351874018,0.4375,0.375,0.1875,1.4592416320324983,96.13069584154633,16.0,0.0,96.42753938540756,21
481b84c931245f5d,old_pc,1,1,1,False,False,False,False,0.0,1,0,96.5158969218748,96.5158969218748,0.0,1.0,0.0,1.221492294842694,96.13069584154633,16.0,15.0,96.51585559944331,21
6aeb37c47f385f06,conditional_pc,16,16,16,False,True,True,True,0.0,16,0,99.62711954481034,99.62711954481034,0.0,1.0,0.0,1.50143393695055,98.93925781017973,,,,43
6aeb37c47f385f06,quality_only,16,16,16,False,True,True,True,0.0,16,0,99.62711954481034,99.62711954481034,0.0,1.0,0.0,1.5014339369505505,98.93925781017973,,,,43
6aeb37c47f385f06,score,0,0,16,True,False,False,False,1.0,0,0,100.0,,0.0,0.0,1.0,3.926546009963376,98.93925781017973,16.0,0.0,100.0,43
6aeb37c47f385f06,pareto,0,0,16,True,False,False,False,1.0,0,0,100.0,,0.0,0.0,1.0,11.0937694120871,98.93925781017973,16.0,0.0,100.0,43
6aeb37c47f385f06,gt_distance,0,0,16,True,False,False,False,1.0,0,0,100.0,,0.0,0.0,1.0,6.270433802352172,98.93925781017973,16.0,0.0,100.0,43
6aeb37c47f385f06,old_pc,1,1,1,False,False,False,False,0.0,1,0,99.81078850304912,99.81078850304912,0.0,1.0,0.0,1.8537234300380503,98.93925781017973,16.0,15.0,99.81079881995812,43
165b4475bd6b5188,conditional_pc,16,16,16,False,True,True,True,0.0,16,0,82.49590738244656,82.49590738244656,0.1875,0.8125,0.0,1.1612959878418017,80.45833927374898,,,,26
165b4475bd6b5188,quality_only,16,16,16,False,True,True,True,0.0,16,0,82.49590738244656,82.49590738244656,0.1875,0.8125,0.0,1.1612959878418017,80.45833927374898,,,,26
165b4475bd6b5188,score,0,0,16,True,False,False,False,1.0,0,0,88.56410021284529,,0.0,0.0,1.0,26.859008908358632,80.45833927374898,16.0,0.0,88.56410021284529,26
165b4475bd6b5188,pareto,0,0,16,True,False,False,False,1.0,0,0,88.56410021284529,,0.0,0.0,1.0,26.859008908358632,80.45833927374898,16.0,0.0,88.56410021284529,26
165b4475bd6b5188,gt_distance,0,0,16,True,False,False,False,1.0,0,0,87.47735486976917,,0.0,0.0,1.0,18.535094518786504,80.45833927374898,16.0,0.0,87.47735486976917,26
165b4475bd6b5188,old_pc,1,1,1,False,False,False,False,0.0,1,0,83.99855920371007,83.99855920371007,0.0,1.0,0.0,1.485187008354747,80.45833927374898,16.0,15.0,83.99861508928421,26
c5a1a4e21a4952b7,conditional_pc,16,16,16,False,True,True,True,0.0,16,0,98.73100685910433,98.73100685910433,0.625,0.375,0.0,1.0071714578191613,97.68368758597587,,,,19
c5a1a4e21a4952b7,quality_only,16,16,16,False,True,True,True,0.0,16,0,98.73100685910433,98.73100685910433,0.625,0.375,0.0,1.0071714578191613,97.68368758597587,,,,19
c5a1a4e21a4952b7,score,0,0,16,True,False,False,False,1.0,0,0,100.0,,0.0,0.0,1.0,10.69455678162443,97.68368758597587,16.0,0.0,100.0,19
c5a1a4e21a4952b7,pareto,1,1,16,False,False,False,False,0.9375,1,0,100.0,100.0,0.0,0.0625,0.9375,8.547996248445969,97.68368758597587,16.0,0.0,100.0,19
c5a1a4e21a4952b7,gt_distance,1,1,16,False,False,False,False,0.9375,1,0,100.0,100.0,0.0,0.0625,0.9375,8.396335185906782,97.68368758597587,16.0,0.0,100.0,19
c5a1a4e21a4952b7,old_pc,1,1,1,False,False,False,False,0.0,1,0,100.0,100.0,0.0,1.0,0.0,1.1846272297191294,97.68368758597587,16.0,15.0,100.0,19
aac897560e0f5dab,conditional_pc,16,16,16,False,True,True,True,0.0,16,0,94.4942045352862,94.4942045352862,0.0,1.0,0.0,1.1707287873479284,93.75352432010274,,,,30
aac897560e0f5dab,quality_only,16,16,16,False,True,True,True,0.0,16,0,94.4942045352862,94.4942045352862,0.0,1.0,0.0,1.1707287873479284,93.75352432010274,,,,30
aac897560e0f5dab,score,0,0,16,True,False,False,False,1.0,0,0,98.41556090550296,,0.0,0.0,1.0,27.93354044881245,93.75352432010274,16.0,0.0,98.41556090550296,30
aac897560e0f5dab,pareto,0,0,16,True,False,False,False,1.0,0,0,98.41556090550296,,0.0,0.0,1.0,27.93354044881245,93.75352432010274,16.0,0.0,98.41556090550296,30
aac897560e0f5dab,gt_distance,0,0,16,True,False,False,False,1.0,0,0,96.51672153507718,,0.0,0.0,1.0,11.24400902412186,93.75352432010274,16.0,0.0,96.51672153507718,30
aac897560e0f5dab,old_pc,1,1,1,False,False,False,False,0.0,1,0,95.19969485583869,95.19969485583869,0.0,1.0,0.0,1.4096967508071598,93.75352432010274,16.0,15.0,95.19971758138436,30
1e66e2bddb1d5b49,conditional_pc,16,16,16,False,True,True,True,0.0,16,0,97.12443720223676,97.12443720223676,0.1875,0.8125,0.0,1.230334106186818,95.04400645837792,,,,25
1e66e2bddb1d5b49,quality_only,16,16,16,False,True,True,True,0.0,16,0,97.12443720223676,97.12443720223676,0.1875,0.8125,0.0,1.230334106186818,95.04400645837792,,,,25
1e66e2bddb1d5b49,score,0,0,16,True,False,False,False,1.0,0,0,100.0,,0.0,0.0,1.0,6.084617655363767,95.04400645837792,16.0,0.0,100.0,25
1e66e2bddb1d5b49,pareto,0,0,16,True,False,False,False,1.0,0,0,100.0,,0.0,0.0,1.0,11.148789419687327,95.04400645837792,16.0,0.0,100.0,25
1e66e2bddb1d5b49,gt_distance,0,0,16,True,False,False,False,1.0,0,0,100.0,,0.0,0.0,1.0,10.227820651595533,95.04400645837792,16.0,0.0,100.0,25
1e66e2bddb1d5b49,old_pc,1,1,1,False,False,False,False,0.0,1,0,99.53255666425508,99.53255666425508,0.0,1.0,0.0,1.7533517022799017,95.04400645837792,16.0,15.0,99.5335675951019,25
dfdc23aed4e95e49,conditional_pc,16,16,16,False,True,True,True,0.0,16,0,100.0,100.0,0.0,1.0,0.0,1.542941773494419,100.0,,,,48
dfdc23aed4e95e49,quality_only,16,16,16,False,True,True,True,0.0,16,0,100.0,100.0,0.0,1.0,0.0,1.542941773494419,100.0,,,,48
dfdc23aed4e95e49,score,3,3,16,False,False,False,False,0.8125,3,0,100.0,100.0,0.0,0.1875,0.8125,2.6021775970431777,100.0,16.0,0.0,100.0,48
dfdc23aed4e95e49,pareto,0,0,16,True,False,False,False,1.0,0,0,100.0,,0.0,0.0,1.0,9.994141525173788,100.0,16.0,0.0,100.0,48
dfdc23aed4e95e49,gt_distance,0,0,16,True,False,False,False,1.0,0,0,100.0,,0.0,0.0,1.0,8.975954717540464,100.0,16.0,0.0,100.0,48
dfdc23aed4e95e49,old_pc,16,16,16,False,True,True,True,0.0,16,0,100.0,100.0,0.0,1.0,0.0,1.542941773494419,100.0,16.0,0.0,100.0,48
49a1e581f3a35a49,conditional_pc,16,16,16,False,True,True,True,0.0,16,0,100.0,100.0,0.0,1.0,0.0,1.2667245624395416,100.0,,,,31
49a1e581f3a35a49,quality_only,16,16,16,False,True,True,True,0.0,16,0,100.0,100.0,0.0,1.0,0.0,1.2667245624395416,100.0,,,,31
49a1e581f3a35a49,score,0,0,16,True,False,False,False,1.0,0,0,100.0,,0.0,0.0,1.0,7.222818580167919,100.0,16.0,0.0,100.0,31
49a1e581f3a35a49,pareto,2,2,16,False,False,False,False,0.875,2,0,100.0,100.0,0.0,0.125,0.875,10.148366652170717,100.0,16.0,0.0,100.0,31
49a1e581f3a35a49,gt_distance,2,2,16,False,False,False,False,0.875,2,0,100.0,100.0,0.0,0.125,0.875,8.780002940595086,100.0,16.0,0.0,100.0,31
49a1e581f3a35a49,old_pc,16,16,16,False,True,True,True,0.0,16,0,100.0,100.0,0.0,1.0,0.0,1.2667245624395416,100.0,16.0,0.0,100.0,31
9263d47ef82d5a88,conditional_pc,16,16,16,False,True,True,True,0.0,16,0,91.30434165240334,91.30434165240334,0.75,0.25,0.0,0.9599141681484362,91.12678643240544,,,,22
9263d47ef82d5a88,quality_only,16,16,16,False,True,True,True,0.0,16,0,91.30434165240334,91.30434165240334,0.75,0.25,0.0,0.9599141681484362,91.12678643240544,,,,22
9263d47ef82d5a88,score,0,0,16,True,False,False,False,1.0,0,0,94.7912116799108,,0.0,0.0,1.0,40.84496493797825,91.12678643240544,16.0,0.0,94.7912116799108,22
9263d47ef82d5a88,pareto,0,0,16,True,False,False,False,1.0,0,0,94.7912116799108,,0.0,0.0,1.0,40.84496493797825,91.12678643240544,16.0,0.0,94.7912116799108,22
9263d47ef82d5a88,gt_distance,0,0,16,True,False,False,False,1.0,0,0,90.15338196833513,,0.0,0.0,1.0,14.79423707120628,91.12678643240544,16.0,0.0,90.15338196833513,22
9263d47ef82d5a88,old_pc,1,1,1,False,False,False,False,0.0,1,0,91.4654340026177,91.4654340026177,0.0,1.0,0.0,1.0695790371990426,91.12678643240544,16.0,15.0,91.4652396191087,22
c216554d4bd6519f,conditional_pc,16,16,16,False,True,True,True,0.0,16,0,86.5590116339205,86.5590116339205,0.375,0.625,0.0,1.090352598592609,86.31230190133691,,,,23
c216554d4bd6519f,quality_only,16,16,16,False,True,True,True,0.0,16,0,86.5590116339205,86.5590116339205,0.375,0.625,0.0,1.090352598592609,86.31230190133691,,,,23
c216554d4bd6519f,score,0,0,16,True,False,False,False,1.0,0,0,89.55633997765462,,0.0,0.0,1.0,20.74091780483196,86.31230190133691,16.0,0.0,89.55633997765462,23
c216554d4bd6519f,pareto,0,0,16,True,False,False,False,1.0,0,0,89.55633997765462,,0.0,0.0,1.0,20.74091780483196,86.31230190133691,16.0,0.0,89.55633997765462,23
c216554d4bd6519f,gt_distance,11,11,16,False,True,True,False,0.3125,11,0,86.62062807101454,86.63378511679956,0.375,0.3125,0.3125,1.8581460456687864,86.31230190133691,16.0,0.0,86.62062807101454,23
c216554d4bd6519f,old_pc,1,1,1,False,False,False,False,0.0,1,0,87.14626782271291,87.14626782271291,0.0,1.0,0.0,1.5046402844197924,86.31230190133691,16.0,15.0,87.14615676941403,23
0354be0727e25157,conditional_pc,16,16,16,False,True,True,True,0.0,16,0,99.52128671496054,99.52128671496054,0.375,0.625,0.0,1.0628888728949597,99.1650714118516,,,,22
0354be0727e25157,quality_only,16,16,16,False,True,True,True,0.0,16,0,99.52128671496054,99.52128671496054,0.375,0.625,0.0,1.0628888728949597,99.1650714118516,,,,22
0354be0727e25157,score,1,1,16,False,False,False,False,0.9375,1,0,100.0,100.0,0.0,0.0625,0.9375,15.087250469358093,99.1650714118516,16.0,0.0,100.0,22
0354be0727e25157,pareto,1,1,16,False,False,False,False,0.9375,1,0,100.0,100.0,0.0,0.0625,0.9375,12.115702491475794,99.1650714118516,16.0,0.0,100.0,22
0354be0727e25157,gt_distance,6,6,16,False,True,False,False,0.625,6,0,98.99686654434728,99.401141616872,0.4375,0.5,0.0625,1.0734628351872808,99.1650714118516,16.0,0.0,98.99686654434728,22
0354be0727e25157,old_pc,2,2,2,False,False,False,False,0.0,2,0,99.95632328863712,99.95632328863712,0.0,1.0,0.0,1.0937944971561049,99.1650714118516,16.0,14.0,99.95727398255612,22
26dfdbfcecfe50bd,conditional_pc,16,16,16,False,True,True,True,0.0,16,0,95.74693935522885,95.74693935522885,0.25,0.75,0.0,1.1163686133657882,93.5141659464036,,,,22
26dfdbfcecfe50bd,quality_only,16,16,16,False,True,True,True,0.0,16,0,95.74693935522885,95.74693935522885,0.25,0.75,0.0,1.1163686133657882,93.5141659464036,,,,22
26dfdbfcecfe50bd,score,0,0,16,True,False,False,False,1.0,0,0,98.38692462101142,,0.0,0.0,1.0,19.218059519446093,93.5141659464036,16.0,0.0,98.38692462101142,22
26dfdbfcecfe50bd,pareto,0,0,16,True,False,False,False,1.0,0,0,98.38692462101142,,0.0,0.0,1.0,19.218059519446093,93.5141659464036,16.0,0.0,98.38692462101142,22
26dfdbfcecfe50bd,gt_distance,6,6,16,False,True,False,False,0.625,6,0,96.8194731224252,96.70866501491754,0.0625,0.3125,0.625,3.3924498248378043,93.5141659464036,16.0,0.0,96.8194731224252,22
26dfdbfcecfe50bd,old_pc,1,1,1,False,False,False,False,0.0,1,0,97.21141052186368,97.21141052186368,0.0,1.0,0.0,1.0279012095915578,93.5141659464036,16.0,15.0,97.2114552227458,22
cc3160abbcbb543a,conditional_pc,16,16,16,False,True,True,True,0.0,16,0,94.50570929196977,94.50570929196977,0.375,0.625,0.0,1.07197635565618,94.24156289920028,,,,22
cc3160abbcbb543a,quality_only,16,16,16,False,True,True,True,0.0,16,0,94.50570929196977,94.50570929196977,0.375,0.625,0.0,1.07197635565618,94.24156289920028,,,,22
cc3160abbcbb543a,score,0,0,16,True,False,False,False,1.0,0,0,96.55867823114046,,0.0,0.0,1.0,15.899692867236023,94.24156289920028,16.0,0.0,96.55867823114046,22
cc3160abbcbb543a,pareto,0,0,16,True,False,False,False,1.0,0,0,96.55867823114046,,0.0,0.0,1.0,15.899692867236023,94.24156289920028,16.0,0.0,96.55867823114046,22
cc3160abbcbb543a,gt_distance,0,0,16,True,False,False,False,1.0,0,0,93.75312476956152,,0.0,0.0,1.0,4.38337247374239,94.24156289920028,16.0,0.0,93.75312476956152,22
cc3160abbcbb543a,old_pc,1,1,1,False,False,False,False,0.0,1,0,94.82201706222112,94.82201706222112,0.0,1.0,0.0,1.2694683397774944,94.24156289920028,16.0,15.0,94.82196543226864,22
fc696e1d378654d4,conditional_pc,16,16,16,False,True,True,True,0.0,16,0,84.8055292951691,84.8055292951691,0.625,0.375,0.0,0.949688903855223,84.10088617845207,,,,19
fc696e1d378654d4,quality_only,16,16,16,False,True,True,True,0.0,16,0,84.8055292951691,84.8055292951691,0.625,0.375,0.0,0.949688903855223,84.10088617845207,,,,19
fc696e1d378654d4,score,0,0,16,True,False,False,False,1.0,0,0,99.91548173433014,,0.0,0.0,1.0,57.841233715747215,84.10088617845207,16.0,0.0,99.91548173433014,19
fc696e1d378654d4,pareto,0,0,16,True,False,False,False,1.0,0,0,99.91548173433014,,0.0,0.0,1.0,57.841233715747215,84.10088617845207,16.0,0.0,99.91548173433014,19
fc696e1d378654d4,gt_distance,0,0,16,True,False,False,False,1.0,0,0,99.91548173433014,,0.0,0.0,1.0,57.841233715747215,84.10088617845207,16.0,0.0,99.91548173433014,19
fc696e1d378654d4,old_pc,1,1,1,False,False,False,False,0.0,1,0,85.24267507052662,85.24267507052662,0.0,1.0,0.0,1.0092208539539615,84.10088617845207,16.0,15.0,85.24285945385301,19
3fa2f81cff025162,conditional_pc,16,16,16,False,True,True,True,0.0,16,0,97.52502435742328,97.52502435742328,0.125,0.875,0.0,1.0948871059271303,96.49782088610492,,,,26
3fa2f81cff025162,quality_only,16,16,16,False,True,True,True,0.0,16,0,97.52502435742328,97.52502435742328,0.125,0.875,0.0,1.09488710592713,96.49782088610492,,,,26
3fa2f81cff025162,score,0,0,16,True,False,False,False,1.0,0,0,99.9944033720082,,0.0,0.0,1.0,18.94242576964057,96.49782088610492,16.0,0.0,99.9944033720082,26
3fa2f81cff025162,pareto,0,0,16,True,False,False,False,1.0,0,0,99.9944033720082,,0.0,0.0,1.0,18.94242576964057,96.49782088610492,16.0,0.0,99.9944033720082,26
3fa2f81cff025162,gt_distance,0,0,16,True,False,False,False,1.0,0,0,99.53554038984292,,0.0,0.0,1.0,8.864253431116895,96.49782088610492,16.0,0.0,99.53554038984292,26
3fa2f81cff025162,old_pc,1,1,1,False,False,False,False,0.0,1,0,98.35765079546884,98.35765079546884,0.0,1.0,0.0,1.027644383468958,96.49782088610492,16.0,15.0,98.35775414026506,26
1d0a4f1f6cbd5e38,conditional_pc,16,16,16,False,True,True,True,0.0,16,0,100.0,100.0,0.125,0.875,0.0,1.163738261083444,100.0,,,,30
1d0a4f1f6cbd5e38,quality_only,16,16,16,False,True,True,True,0.0,16,0,100.0,100.0,0.125,0.875,0.0,1.163738261083444,100.0,,,,30
1d0a4f1f6cbd5e38,score,0,0,16,True,False,False,False,1.0,0,0,100.0,,0.0,0.0,1.0,4.084452287741589,100.0,16.0,0.0,100.0,30
1d0a4f1f6cbd5e38,pareto,1,1,16,False,False,False,False,0.9375,1,0,100.0,100.0,0.0,0.0625,0.9375,9.344674188630702,100.0,16.0,0.0,100.0,30
1d0a4f1f6cbd5e38,gt_distance,1,1,16,False,False,False,False,0.9375,1,0,100.0,100.0,0.0,0.0625,0.9375,9.344674188630702,100.0,16.0,0.0,100.0,30
1d0a4f1f6cbd5e38,old_pc,16,16,16,False,True,True,True,0.0,16,0,100.0,100.0,0.125,0.875,0.0,1.163738261083444,100.0,16.0,0.0,100.0,30
eff59f39f085525f,conditional_pc,16,16,16,False,True,True,True,0.0,16,0,92.1132091519717,92.1132091519717,0.1875,0.8125,0.0,1.110835636844317,91.57942552656868,,,,23
eff59f39f085525f,quality_only,16,16,16,False,True,True,True,0.0,16,0,92.1132091519717,92.1132091519717,0.1875,0.8125,0.0,1.110835636844317,91.57942552656868,,,,23
eff59f39f085525f,score,1,1,16,False,False,False,False,0.9375,1,0,92.8727669949069,92.778068481057,0.0,0.0625,0.9375,3.0219222758381896,91.57942552656868,16.0,0.0,92.8727669949069,23
eff59f39f085525f,pareto,1,1,16,False,False,False,False,0.9375,1,0,92.8727669949069,92.778068481057,0.0,0.0625,0.9375,3.0219222758381896,91.57942552656868,16.0,0.0,92.8727669949069,23
eff59f39f085525f,gt_distance,10,10,16,False,True,True,False,0.375,10,0,92.1837453793765,92.21108255755456,0.375,0.25,0.375,1.8553485168891664,91.57942552656868,16.0,0.0,92.1837453793765,23
eff59f39f085525f,old_pc,1,1,1,False,False,False,False,0.0,1,0,92.778068481057,92.778068481057,0.0,1.0,0.0,1.5482910546443909,91.57942552656868,16.0,15.0,92.77811850885034,23
984be293f9195416,conditional_pc,16,16,16,False,True,True,True,0.0,16,0,100.0,100.0,0.0,1.0,0.0,1.270825887229706,100.0,,,,33
984be293f9195416,quality_only,16,16,16,False,True,True,True,0.0,16,0,100.0,100.0,0.0,1.0,0.0,1.270825887229706,100.0,,,,33
984be293f9195416,score,0,0,16,True,False,False,False,1.0,0,0,100.0,,0.0,0.0,1.0,4.013438394075456,100.0,16.0,0.0,100.0,33
984be293f9195416,pareto,2,2,16,False,False,False,False,0.875,2,0,100.0,100.0,0.0625,0.0625,0.875,8.181315130268842,100.0,16.0,0.0,100.0,33
984be293f9195416,gt_distance,3,3,16,False,False,False,False,0.8125,3,0,100.0,100.0,0.0625,0.125,0.8125,6.168262540527703,100.0,16.0,0.0,100.0,33
984be293f9195416,old_pc,16,16,16,False,True,True,True,0.0,16,0,100.0,100.0,0.0,1.0,0.0,1.270825887229706,100.0,16.0,0.0,100.0,33
b235c02d47915476,conditional_pc,11,11,16,False,True,True,False,0.3125,11,5,92.91064334712767,92.99596577130563,0.5625,0.4375,0.0,0.957060879848772,92.82041894722464,,,,11
b235c02d47915476,quality_only,11,11,16,False,True,True,False,0.3125,11,5,92.91064334712767,92.99596577130563,0.5625,0.4375,0.0,0.957060879848772,92.82041894722464,,,,11
b235c02d47915476,score,0,0,16,True,False,False,False,1.0,0,0,97.28007887301862,,0.0,0.0,1.0,33.78114982730352,92.82041894722464,16.0,0.0,97.28007887301862,11
b235c02d47915476,pareto,0,0,16,True,False,False,False,1.0,0,0,97.28007887301862,,0.0,0.0,1.0,33.78114982730352,92.82041894722464,16.0,0.0,97.28007887301862,11
b235c02d47915476,gt_distance,0,0,16,True,False,False,False,1.0,0,0,92.01410689986504,,0.0,0.0,1.0,5.137881549568987,92.82041894722464,16.0,0.0,92.01410689986504,11
b235c02d47915476,old_pc,1,1,1,False,False,False,False,0.0,1,0,92.96461718958844,92.96461718958844,0.0,1.0,0.0,0.9993451548737204,92.82041894722464,16.0,15.0,92.96463240551466,11
3ac7810599d457a1,conditional_pc,16,16,16,False,True,True,True,0.0,16,0,100.0,100.0,0.0,1.0,0.0,1.2802317302840354,100.0,,,,44
3ac7810599d457a1,quality_only,16,16,16,False,True,True,True,0.0,16,0,100.0,100.0,0.0,1.0,0.0,1.2802317302840354,100.0,,,,44
3ac7810599d457a1,score,0,0,16,True,False,False,False,1.0,0,0,100.0,,0.0,0.0,1.0,3.1414853551112465,100.0,16.0,0.0,100.0,44
3ac7810599d457a1,pareto,3,3,16,False,False,False,False,0.8125,3,0,100.0,100.0,0.0625,0.125,0.8125,4.411690817548978,100.0,16.0,0.0,100.0,44
3ac7810599d457a1,gt_distance,3,3,16,False,False,False,False,0.8125,3,0,100.0,100.0,0.0625,0.125,0.8125,4.411690817548978,100.0,16.0,0.0,100.0,44
3ac7810599d457a1,old_pc,16,16,16,False,True,True,True,0.0,16,0,100.0,100.0,0.0,1.0,0.0,1.2802317302840354,100.0,16.0,0.0,100.0,44
682378d23c335e89,conditional_pc,16,16,16,False,True,True,True,0.0,16,0,91.03015530740248,91.03015530740248,0.5,0.5,0.0,1.0548021639021854,90.7891134566842,,,,22
682378d23c335e89,quality_only,16,16,16,False,True,True,True,0.0,16,0,91.03015530740248,91.03015530740248,0.5,0.5,0.0,1.0548021639021854,90.7891134566842,,,,22
682378d23c335e89,score,0,0,16,True,False,False,False,1.0,0,0,95.67931517408697,,0.0,0.0,1.0,56.87144921168364,90.7891134566842,16.0,0.0,95.67931517408697,22
682378d23c335e89,pareto,0,0,16,True,False,False,False,1.0,0,0,95.67931517408697,,0.0,0.0,1.0,56.87144921168364,90.7891134566842,16.0,0.0,95.67931517408697,22
682378d23c335e89,gt_distance,8,8,16,False,True,True,False,0.5,8,0,91.61632293050864,91.157091462977,0.25,0.25,0.5,4.352322408921644,90.7891134566842,16.0,0.0,91.61632293050864,22
682378d23c335e89,old_pc,1,1,1,False,False,False,False,0.0,1,0,91.30608714857748,91.30608714857748,0.0,1.0,0.0,1.337742913017294,90.7891134566842,16.0,15.0,91.30611260003822,22
73b4b5fcc5e55858,conditional_pc,16,16,16,False,True,True,True,0.0,16,0,100.0,100.0,0.3125,0.6875,0.0,1.072168289932931,100.0,,,,29
73b4b5fcc5e55858,quality_only,16,16,16,False,True,True,True,0.0,16,0,100.0,100.0,0.3125,0.6875,0.0,1.072168289932931,100.0,,,,29
73b4b5fcc5e55858,score,0,0,16,True,False,False,False,1.0,0,0,100.0,,0.0,0.0,1.0,9.616847012599012,100.0,16.0,0.0,100.0,29
73b4b5fcc5e55858,pareto,2,2,16,False,False,False,False,0.875,2,0,100.0,100.0,0.0,0.125,0.875,7.462166106597412,100.0,16.0,0.0,100.0,29
73b4b5fcc5e55858,gt_distance,1,1,16,False,False,False,False,0.9375,1,0,100.0,100.0,0.0,0.0625,0.9375,8.131791806129971,100.0,16.0,0.0,100.0,29
73b4b5fcc5e55858,old_pc,16,16,16,False,True,True,True,0.0,16,0,100.0,100.0,0.3125,0.6875,0.0,1.072168289932931,100.0,16.0,0.0,100.0,29
6f31d072740b5885,conditional_pc,16,16,16,False,True,True,True,0.0,16,0,98.99461906140084,98.99461906140084,0.3125,0.6875,0.0,1.053530483444845,97.4770960375224,,,,23
6f31d072740b5885,quality_only,16,16,16,False,True,True,True,0.0,16,0,98.99461906140084,98.99461906140084,0.3125,0.6875,0.0,1.053530483444845,97.4770960375224,,,,23
6f31d072740b5885,score,15,15,16,False,True,True,False,0.0625,15,0,99.39996142685702,99.35995885531416,0.5625,0.375,0.0625,1.0253795627652371,97.4770960375224,16.0,0.0,99.39996142685702,23
6f31d072740b5885,pareto,15,15,16,False,True,True,False,0.0625,15,0,99.39996142685702,99.35995885531416,0.5625,0.375,0.0625,1.0253795627652371,97.4770960375224,16.0,0.0,99.39996142685702,23
6f31d072740b5885,gt_distance,10,10,16,False,True,True,False,0.375,10,0,97.7897397686605,98.086472987807,0.5625,0.4375,0.0,0.9580733072803688,97.4770960375224,16.0,0.0,97.7897397686605,23
6f31d072740b5885,old_pc,2,2,2,False,False,False,False,0.0,2,0,99.99247779666908,99.99247779666908,1.0,0.0,0.0,0.9562013497729284,97.4770960375224,16.0,14.0,99.99356471462026,23
305b1bf4e7f45522,conditional_pc,16,16,16,False,True,True,True,0.0,16,0,91.4394282917247,91.4394282917247,0.3125,0.6875,0.0,1.1021532590274332,91.17995987301455,,,,22
305b1bf4e7f45522,quality_only,16,16,16,False,True,True,True,0.0,16,0,91.4394282917247,91.4394282917247,0.3125,0.6875,0.0,1.1021532590274332,91.17995987301455,,,,22
305b1bf4e7f45522,score,0,0,16,True,False,False,False,1.0,0,0,92.49401959638826,,0.0,0.0,1.0,11.6145387931329,91.17995987301455,16.0,0.0,92.49401959638826,22
305b1bf4e7f45522,pareto,0,0,16,True,False,False,False,1.0,0,0,92.2874234621716,,0.0,0.0,1.0,8.915153481722728,91.17995987301455,16.0,0.0,92.2874234621716,22
305b1bf4e7f45522,gt_distance,2,2,16,False,False,False,False,0.875,2,0,91.70652804071722,91.639057205716,0.0,0.125,0.875,3.759010197010476,91.17995987301455,16.0,0.0,91.70652804071722,22
305b1bf4e7f45522,old_pc,1,1,1,False,False,False,False,0.0,1,0,91.6952367313998,91.6952367313998,0.0,1.0,0.0,1.51798159620725,91.17995987301455,16.0,15.0,91.69520563018672,22
42d309d92a3a59c0,conditional_pc,16,16,16,False,True,True,True,0.0,16,0,92.47214621389423,92.47214621389423,0.25,0.75,0.0,1.210937377589954,90.8964176260545,,,,25
42d309d92a3a59c0,quality_only,16,16,16,False,True,True,True,0.0,16,0,92.47214621389423,92.47214621389423,0.25,0.75,0.0,1.210937377589954,90.8964176260545,,,,25
42d309d92a3a59c0,score,0,0,16,True,False,False,False,1.0,0,0,100.0,,0.0,0.0,1.0,15.011112260680028,90.8964176260545,16.0,0.0,100.0,25
42d309d92a3a59c0,pareto,0,0,16,True,False,False,False,1.0,0,0,100.0,,0.0,0.0,1.0,15.809453451824004,90.8964176260545,16.0,0.0,100.0,25
42d309d92a3a59c0,gt_distance,0,0,16,True,False,False,False,1.0,0,0,99.6969826394932,,0.0,0.0,1.0,11.813309938876989,90.8964176260545,16.0,0.0,99.6969826394932,25
42d309d92a3a59c0,old_pc,1,1,1,False,False,False,False,0.0,1,0,94.72188899662775,94.72188899662775,0.0,1.0,0.0,1.5431280718253773,90.8964176260545,16.0,15.0,94.72127610128038,25
af16ba268df55dca,conditional_pc,16,16,16,False,True,True,True,0.0,16,0,95.77531181654916,95.77531181654916,0.1875,0.8125,0.0,1.077938898306767,94.37378216269542,,,,23
af16ba268df55dca,quality_only,16,16,16,False,True,True,True,0.0,16,0,95.77531181654916,95.77531181654916,0.1875,0.8125,0.0,1.077938898306767,94.37378216269542,,,,23
af16ba268df55dca,score,0,0,16,True,False,False,False,1.0,0,0,99.28303681541078,,0.0,0.0,1.0,19.06594448941835,94.37378216269542,16.0,0.0,99.28303681541078,23
af16ba268df55dca,pareto,0,0,16,True,False,False,False,1.0,0,0,99.28303681541078,,0.0,0.0,1.0,19.06594448941835,94.37378216269542,16.0,0.0,99.28303681541078,23
af16ba268df55dca,gt_distance,6,6,16,False,True,False,False,0.625,6,0,94.47443791531052,94.97273357145572,0.3125,0.3125,0.375,2.561809645669753,94.37378216269542,16.0,0.0,94.47443791531052,23
af16ba268df55dca,old_pc,1,1,1,False,False,False,False,0.0,1,0,96.92933238769164,96.92933238769164,0.0,1.0,0.0,1.1973179085144767,94.37378216269542,16.0,15.0,96.92950519898469,23
2ae8ac90c0ae5c8d,conditional_pc,16,16,16,False,True,True,True,0.0,16,0,94.3181594957918,94.3181594957918,0.0,1.0,0.0,1.3201010666435962,93.77552903597169,,,,33
2ae8ac90c0ae5c8d,quality_only,16,16,16,False,True,True,True,0.0,16,0,94.3181594957918,94.3181594957918,0.0,1.0,0.0,1.3201010666435962,93.77552903597169,,,,33
2ae8ac90c0ae5c8d,score,0,0,16,True,False,False,False,1.0,0,0,97.15978139982558,,0.0,0.0,1.0,29.2387989465143,93.77552903597169,16.0,0.0,97.15978139982558,33
2ae8ac90c0ae5c8d,pareto,0,0,16,True,False,False,False,1.0,0,0,97.15978139982558,,0.0,0.0,1.0,29.2387989465143,93.77552903597169,16.0,0.0,97.15978139982558,33
2ae8ac90c0ae5c8d,gt_distance,0,0,16,True,False,False,False,1.0,0,0,95.20535654524218,,0.0,0.0,1.0,8.261139831517847,93.77552903597169,16.0,0.0,95.20535654524218,33
2ae8ac90c0ae5c8d,old_pc,1,1,1,False,False,False,False,0.0,1,0,94.38723727224506,94.38723727224506,0.0,1.0,0.0,1.5595077123069732,93.77552903597169,16.0,15.0,94.38723698852928,33
b512bc2c568d5b7a,conditional_pc,16,16,16,False,True,True,True,0.0,16,0,100.0,100.0,0.0,1.0,0.0,1.2512863700920036,100.0,,,,38
b512bc2c568d5b7a,quality_only,16,16,16,False,True,True,True,0.0,16,0,100.0,100.0,0.0,1.0,0.0,1.2512863700920036,100.0,,,,38
b512bc2c568d5b7a,score,0,0,16,True,False,False,False,1.0,0,0,100.0,,0.0,0.0,1.0,8.36908925624751,100.0,16.0,0.0,100.0,38
b512bc2c568d5b7a,pareto,3,3,16,False,False,False,False,0.8125,3,0,100.0,100.0,0.0625,0.125,0.8125,8.582890050686174,100.0,16.0,0.0,100.0,38
b512bc2c568d5b7a,gt_distance,3,3,16,False,False,False,False,0.8125,3,0,100.0,100.0,0.0625,0.125,0.8125,8.602153050147212,100.0,16.0,0.0,100.0,38
b512bc2c568d5b7a,old_pc,16,16,16,False,True,True,True,0.0,16,0,100.0,100.0,0.0,1.0,0.0,1.2512863700920036,100.0,16.0,0.0,100.0,38
7405ff66092d51da,conditional_pc,16,16,16,False,True,True,True,0.0,16,0,100.0,100.0,0.125,0.875,0.0,1.1596639780844449,100.0,,,,33
7405ff66092d51da,quality_only,16,16,16,False,True,True,True,0.0,16,0,100.0,100.0,0.125,0.875,0.0,1.1596639780844449,100.0,,,,33
7405ff66092d51da,score,15,15,16,False,True,True,False,0.0625,15,0,100.0,100.0,0.5625,0.375,0.0625,1.0287865861100969,100.0,16.0,0.0,100.0,33
7405ff66092d51da,pareto,3,3,16,False,False,False,False,0.8125,3,0,100.0,100.0,0.0625,0.125,0.8125,6.523135470285386,100.0,16.0,0.0,100.0,33
7405ff66092d51da,gt_distance,1,1,16,False,False,False,False,0.9375,1,0,100.0,100.0,0.0,0.0625,0.9375,5.803567319155707,100.0,16.0,0.0,100.0,33
7405ff66092d51da,old_pc,16,16,16,False,True,True,True,0.0,16,0,100.0,100.0,0.125,0.875,0.0,1.1596639780844449,100.0,16.0,0.0,100.0,33
23724912b8f153f0,conditional_pc,16,16,16,False,True,True,True,0.0,16,0,100.0,100.0,0.0,1.0,0.0,1.267828083562584,100.0,,,,31
23724912b8f153f0,quality_only,16,16,16,False,True,True,True,0.0,16,0,100.0,100.0,0.0,1.0,0.0,1.267828083562584,100.0,,,,31
23724912b8f153f0,score,0,0,16,True,False,False,False,1.0,0,0,100.0,,0.0,0.0,1.0,4.524714715543804,100.0,16.0,0.0,100.0,31
23724912b8f153f0,pareto,3,3,16,False,False,False,False,0.8125,3,0,100.0,100.0,0.0,0.1875,0.8125,8.601780995076242,100.0,16.0,0.0,100.0,31
23724912b8f153f0,gt_distance,6,6,16,False,True,False,False,0.625,6,0,100.0,100.0,0.0625,0.3125,0.625,3.315378803899921,100.0,16.0,0.0,100.0,31
23724912b8f153f0,old_pc,16,16,16,False,True,True,True,0.0,16,0,100.0,100.0,0.0,1.0,0.0,1.267828083562584,100.0,16.0,0.0,100.0,31
6522fd9a31d25eb2,conditional_pc,16,16,16,False,True,True,True,0.0,16,0,81.68830538321245,81.68830538321245,0.0,1.0,0.0,1.1036267318301336,80.53682085692236,,,,27
6522fd9a31d25eb2,quality_only,16,16,16,False,True,True,True,0.0,16,0,81.68830538321245,81.68830538321245,0.0,1.0,0.0,1.1036267318301336,80.53682085692236,,,,27
6522fd9a31d25eb2,score,0,0,16,True,False,False,False,1.0,0,0,91.18319276212289,,0.0,0.0,1.0,39.3116047723278,80.53682085692236,16.0,0.0,91.18319276212289,27
6522fd9a31d25eb2,pareto,0,0,16,True,False,False,False,1.0,0,0,91.18319276212289,,0.0,0.0,1.0,39.3116047723278,80.53682085692236,16.0,0.0,91.18319276212289,27
6522fd9a31d25eb2,gt_distance,6,6,16,False,True,False,False,0.625,6,0,83.65199621024854,82.37924419044691,0.125,0.25,0.625,5.174436953648407,80.53682085692236,16.0,0.0,83.65199621024854,27
6522fd9a31d25eb2,old_pc,1,1,1,False,False,False,False,0.0,1,0,82.89266537967231,82.89266537967231,0.0,1.0,0.0,1.1454200087557695,80.53682085692236,16.0,15.0,82.89272952119362,27
c6fcfafbbe7a59f8,conditional_pc,16,16,16,False,True,True,True,0.0,16,0,88.76185226620856,88.76185226620856,0.125,0.875,0.0,1.1859029297345902,88.41212684512837,,,,25
c6fcfafbbe7a59f8,quality_only,16,16,16,False,True,True,True,0.0,16,0,88.76185226620856,88.76185226620856,0.125,0.875,0.0,1.1859029297345902,88.41212684512837,,,,25
c6fcfafbbe7a59f8,score,0,0,16,True,False,False,False,1.0,0,0,91.33487535710678,,0.0,0.0,1.0,39.849651414540375,88.41212684512837,16.0,0.0,91.33487535710678,25
c6fcfafbbe7a59f8,pareto,0,0,16,True,False,False,False,1.0,0,0,91.33487535710678,,0.0,0.0,1.0,39.849651414540375,88.41212684512837,16.0,0.0,91.33487535710678,25
c6fcfafbbe7a59f8,gt_distance,12,12,16,False,True,True,False,0.25,12,0,88.66989641685032,88.52457082361896,0.5,0.3125,0.1875,3.3820064525902755,88.41212684512837,16.0,0.0,88.66989641685032,25
c6fcfafbbe7a59f8,old_pc,1,1,1,False,False,False,False,0.0,1,0,89.04242697118386,89.04242697118386,0.0,1.0,0.0,1.6068921092919377,88.41212684512837,16.0,15.0,89.04243236375235,25
5dbd0aba5f315388,conditional_pc,16,16,16,False,True,True,True,0.0,16,0,100.0,100.0,0.4375,0.5625,0.0,1.0602400093273296,100.0,,,,31
5dbd0aba5f315388,quality_only,16,16,16,False,True,True,True,0.0,16,0,100.0,100.0,0.4375,0.5625,0.0,1.0602400093273296,100.0,,,,31
5dbd0aba5f315388,score,0,0,16,True,False,False,False,1.0,0,0,100.0,,0.0,0.0,1.0,8.496342889245778,100.0,16.0,0.0,100.0,31
5dbd0aba5f315388,pareto,0,0,16,True,False,False,False,1.0,0,0,100.0,,0.0,0.0,1.0,10.743285399314306,100.0,16.0,0.0,100.0,31
5dbd0aba5f315388,gt_distance,2,2,16,False,False,False,False,0.875,2,0,100.0,100.0,0.0625,0.0625,0.875,10.423052371762893,100.0,16.0,0.0,100.0,31
5dbd0aba5f315388,old_pc,16,16,16,False,True,True,True,0.0,16,0,100.0,100.0,0.4375,0.5625,0.0,1.0602400093273296,100.0,16.0,0.0,100.0,31
958b596dd699594a,conditional_pc,16,16,16,False,True,True,True,0.0,16,0,100.0,100.0,0.0,1.0,0.0,1.2330268893560443,100.0,,,,33
958b596dd699594a,quality_only,16,16,16,False,True,True,True,0.0,16,0,100.0,100.0,0.0,1.0,0.0,1.2330268893560443,100.0,,,,33
958b596dd699594a,score,0,0,16,True,False,False,False,1.0,0,0,100.0,,0.0,0.0,1.0,8.063974828165787,100.0,16.0,0.0,100.0,33
958b596dd699594a,pareto,2,2,16,False,False,False,False,0.875,2,0,100.0,100.0,0.0625,0.0625,0.875,7.898386915846157,100.0,16.0,0.0,100.0,33
958b596dd699594a,gt_distance,0,0,16,True,False,False,False,1.0,0,0,100.0,,0.0,0.0,1.0,8.453061811800548,100.0,16.0,0.0,100.0,33
958b596dd699594a,old_pc,16,16,16,False,True,True,True,0.0,16,0,100.0,100.0,0.0,1.0,0.0,1.2330268893560443,100.0,16.0,0.0,100.0,33
350714230cb55761,conditional_pc,16,16,16,False,True,True,True,0.0,16,0,100.0,100.0,0.0625,0.9375,0.0,1.1966568428995434,100.0,,,,35
350714230cb55761,quality_only,16,16,16,False,True,True,True,0.0,16,0,100.0,100.0,0.0625,0.9375,0.0,1.1966568428995434,100.0,,,,35
350714230cb55761,score,0,0,16,True,False,False,False,1.0,0,0,100.0,,0.0,0.0,1.0,7.282996331615191,100.0,16.0,0.0,100.0,35
350714230cb55761,pareto,3,3,16,False,False,False,False,0.8125,3,0,100.0,100.0,0.125,0.0625,0.8125,5.192420040506924,100.0,16.0,0.0,100.0,35
350714230cb55761,gt_distance,3,3,16,False,False,False,False,0.8125,3,0,100.0,100.0,0.125,0.0625,0.8125,5.330370108491474,100.0,16.0,0.0,100.0,35
350714230cb55761,old_pc,16,16,16,False,True,True,True,0.0,16,0,100.0,100.0,0.0625,0.9375,0.0,1.1966568428995434,100.0,16.0,0.0,100.0,35
775b0dd554395fa3,conditional_pc,0,0,0,True,False,False,False,1.0,0,0,,,,,,,0.0,,,,0
775b0dd554395fa3,quality_only,0,0,0,True,False,False,False,1.0,0,0,,,,,,,0.0,,,,0
775b0dd554395fa3,score,0,0,16,True,False,False,False,1.0,0,0,100.0,,0.0,0.0,1.0,33.35823532777535,0.0,16.0,0.0,100.0,0
775b0dd554395fa3,pareto,0,0,16,True,False,False,False,1.0,0,0,100.0,,0.0,0.0,1.0,33.62929875960911,0.0,16.0,0.0,100.0,0
775b0dd554395fa3,gt_distance,0,0,16,True,False,False,False,1.0,0,0,100.0,,0.0,0.0,1.0,33.62929875960911,0.0,16.0,0.0,100.0,0
775b0dd554395fa3,old_pc,0,0,1,True,False,False,False,1.0,0,0,0.0,,0.0,1.0,0.0,1.4596612919718823,0.0,16.0,15.0,0.0,0
635be215dc9d58c3,conditional_pc,16,16,16,False,True,True,True,0.0,16,0,93.41077488951358,93.41077488951358,0.8125,0.1875,0.0,0.9842758498321402,93.10338575792537,,,,25
635be215dc9d58c3,quality_only,16,16,16,False,True,True,True,0.0,16,0,93.41077488951358,93.41077488951358,0.8125,0.1875,0.0,0.9842758498321402,93.10338575792537,,,,25
635be215dc9d58c3,score,0,0,16,True,False,False,False,1.0,0,0,96.4498322474485,,0.0,0.0,1.0,40.90607594576978,93.10338575792537,16.0,0.0,96.4498322474485,25
635be215dc9d58c3,pareto,0,0,16,True,False,False,False,1.0,0,0,96.4498322474485,,0.0,0.0,1.0,40.90607594576978,93.10338575792537,16.0,0.0,96.4498322474485,25
635be215dc9d58c3,gt_distance,0,0,16,True,False,False,False,1.0,0,0,94.47148243130977,,0.0,0.0,1.0,8.883745925917566,93.10338575792537,16.0,0.0,94.47148243130977,25
635be215dc9d58c3,old_pc,1,1,1,False,False,False,False,0.0,1,0,93.6311814291298,93.6311814291298,0.0,1.0,0.0,1.0116271796226668,93.10338575792537,16.0,15.0,93.63118051031248,25
1499e758c6855a74,conditional_pc,16,16,16,False,True,True,True,0.0,16,0,92.20580322574648,92.20580322574648,0.5,0.5,0.0,1.1297713709966417,91.71006415090486,,,,20
1499e758c6855a74,quality_only,16,16,16,False,True,True,True,0.0,16,0,92.20580322574648,92.20580322574648,0.5,0.5,0.0,1.1297713709966417,91.71006415090486,,,,20
1499e758c6855a74,score,3,3,16,False,False,False,False,0.8125,3,0,92.75050396154133,92.74417408462034,0.0,0.1875,0.8125,19.775943743869952,91.71006415090486,16.0,0.0,92.75050396154133,20
1499e758c6855a74,pareto,3,3,16,False,False,False,False,0.8125,3,0,92.75050396154133,92.74417408462034,0.0,0.1875,0.8125,19.775943743869952,91.71006415090486,16.0,0.0,92.75050396154133,20
1499e758c6855a74,gt_distance,0,0,16,True,False,False,False,1.0,0,0,91.44409819060812,,0.0,0.0,1.0,57.40350600488606,91.71006415090486,16.0,0.0,91.44409819060812,20
1499e758c6855a74,old_pc,1,1,1,False,False,False,False,0.0,1,0,92.78953807424156,92.78953807424156,0.0,1.0,0.0,1.7812208607106537,91.71006415090486,16.0,15.0,92.7895605618496,20
e9b0d4743b3f5256,conditional_pc,16,16,16,False,True,True,True,0.0,16,0,100.0,100.0,0.0,1.0,0.0,1.1442850305523056,100.0,,,,32
e9b0d4743b3f5256,quality_only,16,16,16,False,True,True,True,0.0,16,0,100.0,100.0,0.0,1.0,0.0,1.1442850305523056,100.0,,,,32
e9b0d4743b3f5256,score,0,0,16,True,False,False,False,1.0,0,0,100.0,,0.0,0.0,1.0,4.818889483257513,100.0,16.0,0.0,100.0,32
e9b0d4743b3f5256,pareto,1,1,16,False,False,False,False,0.9375,1,0,100.0,100.0,0.0,0.0625,0.9375,5.837034819096988,100.0,16.0,0.0,100.0,32
e9b0d4743b3f5256,gt_distance,1,1,16,False,False,False,False,0.9375,1,0,100.0,100.0,0.0625,0.0,0.9375,5.242593166107286,100.0,16.0,0.0,100.0,32
e9b0d4743b3f5256,old_pc,16,16,16,False,True,True,True,0.0,16,0,100.0,100.0,0.0,1.0,0.0,1.1442850305523056,100.0,16.0,0.0,100.0,32
3ff6652d6dec55da,conditional_pc,16,16,16,False,True,True,True,0.0,16,0,84.5342274053809,84.5342274053809,0.0,1.0,0.0,1.374824569939661,82.30097440641279,,,,33
3ff6652d6dec55da,quality_only,16,16,16,False,True,True,True,0.0,16,0,84.5342274053809,84.5342274053809,0.0,1.0,0.0,1.374824569939661,82.30097440641279,,,,33
3ff6652d6dec55da,score,4,4,16,False,True,False,False,0.75,4,0,85.73539708450791,85.23648911978458,0.0,0.25,0.75,3.2471476931764345,82.30097440641279,16.0,0.0,85.73539708450791,33
3ff6652d6dec55da,pareto,4,4,16,False,True,False,False,0.75,4,0,85.73539708450791,85.23648911978458,0.0,0.25,0.75,3.2471476931764345,82.30097440641279,16.0,0.0,85.73539708450791,33
3ff6652d6dec55da,gt_distance,4,4,16,False,True,False,False,0.75,4,0,85.73539708450791,85.23648911978458,0.0,0.25,0.75,3.2471476931764345,82.30097440641279,16.0,0.0,85.73539708450791,33
3ff6652d6dec55da,old_pc,1,1,1,False,False,False,False,0.0,1,0,85.62038574361975,85.62038574361975,0.0,1.0,0.0,1.515563893407875,82.30097440641279,16.0,15.0,85.6214155938925,33
3c30c0c940045ac2,conditional_pc,16,16,16,False,True,True,True,0.0,16,0,83.35442242758499,83.35442242758499,0.3125,0.6875,0.0,1.0995464168288844,82.49194663120446,,,,19
3c30c0c940045ac2,quality_only,16,16,16,False,True,True,True,0.0,16,0,83.35442242758499,83.35442242758499,0.3125,0.6875,0.0,1.0995464168288844,82.49194663120446,,,,19
3c30c0c940045ac2,score,0,0,16,True,False,False,False,1.0,0,0,93.70490857978692,,0.0,0.0,1.0,40.21838916337935,82.49194663120446,16.0,0.0,93.70490857978692,19
3c30c0c940045ac2,pareto,0,0,16,True,False,False,False,1.0,0,0,93.70490857978692,,0.0,0.0,1.0,40.21838916337935,82.49194663120446,16.0,0.0,93.70490857978692,19
3c30c0c940045ac2,gt_distance,9,9,16,False,True,True,False,0.4375,9,0,83.88057390747305,83.72544846008414,0.125,0.4375,0.4375,3.144662118480026,82.49194663120446,16.0,0.0,83.88057390747305,19
3c30c0c940045ac2,old_pc,1,1,1,False,False,False,False,0.0,1,0,84.1495001280748,84.1495001280748,0.0,1.0,0.0,1.3341896448922803,82.49194663120446,16.0,15.0,84.15148467560685,19
b9e0dc94c7725924,conditional_pc,13,13,16,False,True,True,False,0.1875,13,3,98.56056294160688,98.60335484047982,0.3125,0.6875,0.0,1.08146830208205,98.3804497779321,,,,13
b9e0dc94c7725924,quality_only,13,13,16,False,True,True,False,0.1875,13,3,98.55995309869743,98.60335484047982,0.3125,0.6875,0.0,1.0805508849189105,98.3804497779321,,,,13
b9e0dc94c7725924,score,0,0,16,True,False,False,False,1.0,0,0,99.72435318523472,,0.0,0.0,1.0,12.394322933725793,98.3804497779321,16.0,0.0,99.72435318523472,13
b9e0dc94c7725924,pareto,0,0,16,True,False,False,False,1.0,0,0,99.72435318523472,,0.0,0.0,1.0,12.394322933725793,98.3804497779321,16.0,0.0,99.72435318523472,13
b9e0dc94c7725924,gt_distance,0,0,16,True,False,False,False,1.0,0,0,99.72435318523472,,0.0,0.0,1.0,12.394322933725793,98.3804497779321,16.0,0.0,99.72435318523472,13
b9e0dc94c7725924,old_pc,1,1,1,False,False,False,False,0.0,1,0,98.7678306113406,98.7678306113406,0.0,1.0,0.0,1.2765896428771493,98.3804497779321,16.0,15.0,98.76783802148935,13
0506b1697fb05337,conditional_pc,16,16,16,False,True,True,True,0.0,16,0,100.0,100.0,0.0,1.0,0.0,1.1738676467411726,100.0,,,,33
0506b1697fb05337,quality_only,16,16,16,False,True,True,True,0.0,16,0,100.0,100.0,0.0,1.0,0.0,1.1738676467411726,100.0,,,,33
0506b1697fb05337,score,0,0,16,True,False,False,False,1.0,0,0,100.0,,0.0,0.0,1.0,8.1072918847753,100.0,16.0,0.0,100.0,33
0506b1697fb05337,pareto,3,3,16,False,False,False,False,0.8125,3,0,100.0,100.0,0.0,0.1875,0.8125,5.859585307213719,100.0,16.0,0.0,100.0,33
0506b1697fb05337,gt_distance,3,3,16,False,False,False,False,0.8125,3,0,100.0,100.0,0.0625,0.125,0.8125,5.86693585138698,100.0,16.0,0.0,100.0,33
0506b1697fb05337,old_pc,16,16,16,False,True,True,True,0.0,16,0,100.0,100.0,0.0,1.0,0.0,1.1738676467411726,100.0,16.0,0.0,100.0,33
7cfa2141cf77549d,conditional_pc,0,0,0,True,False,False,False,1.0,0,0,,,,,,,58.333333333333336,,,,0
7cfa2141cf77549d,quality_only,0,0,0,True,False,False,False,1.0,0,0,,,,,,,58.333333333333336,,,,0
7cfa2141cf77549d,score,0,0,16,True,False,False,False,1.0,0,0,100.0,,0.0,0.0,1.0,5.499878511213855,58.333333333333336,16.0,0.0,100.0,0
7cfa2141cf77549d,pareto,0,0,16,True,False,False,False,1.0,0,0,100.0,,0.0,0.0,1.0,10.589452679483635,58.333333333333336,16.0,0.0,100.0,0
7cfa2141cf77549d,gt_distance,0,0,16,True,False,False,False,1.0,0,0,100.0,,0.0,0.0,1.0,6.248529725442092,58.333333333333336,16.0,0.0,100.0,0
7cfa2141cf77549d,old_pc,0,0,1,True,False,False,False,1.0,0,0,58.333333333333336,,0.0,1.0,0.0,1.418669105106196,58.333333333333336,16.0,15.0,58.333333333333336,0
089107cd2d6354e0,conditional_pc,16,16,16,False,True,True,True,0.0,16,0,100.0,100.0,0.0,1.0,0.0,1.381630019777422,100.0,,,,31
089107cd2d6354e0,quality_only,16,16,16,False,True,True,True,0.0,16,0,100.0,100.0,0.0,1.0,0.0,1.381630019777422,100.0,,,,31
089107cd2d6354e0,score,0,0,16,True,False,False,False,1.0,0,0,100.0,,0.0,0.0,1.0,6.307571355644241,100.0,16.0,0.0,100.0,31
089107cd2d6354e0,pareto,2,2,16,False,False,False,False,0.875,2,0,100.0,100.0,0.0,0.125,0.875,9.66916269568782,100.0,16.0,0.0,100.0,31
089107cd2d6354e0,gt_distance,2,2,16,False,False,False,False,0.875,2,0,100.0,100.0,0.0,0.125,0.875,8.585948359458317,100.0,16.0,0.0,100.0,31
089107cd2d6354e0,old_pc,16,16,16,False,True,True,True,0.0,16,0,100.0,100.0,0.0,1.0,0.0,1.381630019777422,100.0,16.0,0.0,100.0,31
b03c039a00bd5792,conditional_pc,16,16,16,False,True,True,True,0.0,16,0,100.0,100.0,0.375,0.625,0.0,1.0559845758264657,100.0,,,,29
b03c039a00bd5792,quality_only,16,16,16,False,True,True,True,0.0,16,0,100.0,100.0,0.375,0.625,0.0,1.0559845758264657,100.0,,,,29
b03c039a00bd5792,score,0,0,16,True,False,False,False,1.0,0,0,100.0,,0.0,0.0,1.0,6.534469671198424,100.0,16.0,0.0,100.0,29
b03c039a00bd5792,pareto,1,1,16,False,False,False,False,0.9375,1,0,100.0,100.0,0.0625,0.0,0.9375,7.480129328906492,100.0,16.0,0.0,100.0,29
b03c039a00bd5792,gt_distance,2,2,16,False,False,False,False,0.875,2,0,100.0,100.0,0.0625,0.0625,0.875,6.701795250356403,100.0,16.0,0.0,100.0,29
b03c039a00bd5792,old_pc,16,16,16,False,True,True,True,0.0,16,0,100.0,100.0,0.375,0.625,0.0,1.0559845758264657,100.0,16.0,0.0,100.0,29
064bbfac76a95dae,conditional_pc,16,16,16,False,True,True,True,0.0,16,0,100.0,100.0,0.0625,0.9375,0.0,1.1488642932702111,100.0,,,,25
064bbfac76a95dae,quality_only,16,16,16,False,True,True,True,0.0,16,0,100.0,100.0,0.0625,0.9375,0.0,1.1488642932702111,100.0,,,,25
064bbfac76a95dae,score,0,0,16,True,False,False,False,1.0,0,0,100.0,,0.0,0.0,1.0,17.91977561369285,100.0,16.0,0.0,100.0,25
064bbfac76a95dae,pareto,1,1,16,False,False,False,False,0.9375,1,0,100.0,100.0,0.0,0.0625,0.9375,12.4691614430793,100.0,16.0,0.0,100.0,25
064bbfac76a95dae,gt_distance,1,1,16,False,False,False,False,0.9375,1,0,100.0,100.0,0.0,0.0625,0.9375,12.961709500552548,100.0,16.0,0.0,100.0,25
064bbfac76a95dae,old_pc,16,16,16,False,True,True,True,0.0,16,0,100.0,100.0,0.0625,0.9375,0.0,1.1488642932702111,100.0,16.0,0.0,100.0,25
ad8019f55bc554de,conditional_pc,16,16,16,False,True,True,True,0.0,16,0,100.0,100.0,0.0,1.0,0.0,1.1527674786965008,100.0,,,,32
ad8019f55bc554de,quality_only,16,16,16,False,True,True,True,0.0,16,0,100.0,100.0,0.0,1.0,0.0,1.1527674786965008,100.0,,,,32
ad8019f55bc554de,score,0,0,16,True,False,False,False,1.0,0,0,100.0,,0.0,0.0,1.0,8.256922194186203,100.0,16.0,0.0,100.0,32
ad8019f55bc554de,pareto,2,2,16,False,False,False,False,0.875,2,0,100.0,100.0,0.0625,0.0625,0.875,11.434312945458124,100.0,16.0,0.0,100.0,32
ad8019f55bc554de,gt_distance,2,2,16,False,False,False,False,0.875,2,0,100.0,100.0,0.0625,0.0625,0.875,11.434312945458124,100.0,16.0,0.0,100.0,32
ad8019f55bc554de,old_pc,16,16,16,False,True,True,True,0.0,16,0,100.0,100.0,0.0,1.0,0.0,1.1527674786965008,100.0,16.0,0.0,100.0,32
073c4d0738b45047,conditional_pc,16,16,16,False,True,True,True,0.0,16,0,89.97335530008675,89.97335530008675,0.125,0.875,0.0,1.076390975965554,89.70678604007011,,,,20
073c4d0738b45047,quality_only,16,16,16,False,True,True,True,0.0,16,0,89.97335530008675,89.97335530008675,0.125,0.875,0.0,1.076390975965554,89.70678604007011,,,,20
073c4d0738b45047,score,0,0,16,True,False,False,False,1.0,0,0,94.38828358917402,,0.0,0.0,1.0,48.44511964447969,89.70678604007011,16.0,0.0,94.38828358917402,20
073c4d0738b45047,pareto,0,0,16,True,False,False,False,1.0,0,0,94.38828358917402,,0.0,0.0,1.0,48.44511964447969,89.70678604007011,16.0,0.0,94.38828358917402,20
073c4d0738b45047,gt_distance,6,6,16,False,True,False,False,0.625,6,0,89.65925935036425,89.74755757180979,0.5625,0.4375,0.0,0.968105190698377,89.70678604007011,16.0,0.0,89.65925935036425,20
073c4d0738b45047,old_pc,1,1,1,False,False,False,False,0.0,1,0,90.27143433328276,90.27143433328276,0.0,1.0,0.0,1.2366729306502162,89.70678604007011,16.0,15.0,90.27143367316484,20
b29e1677139a5f6b,conditional_pc,16,16,16,False,True,True,True,0.0,16,0,92.5168388469888,92.5168388469888,0.625,0.375,0.0,0.9884629226467376,92.07573970573009,,,,20
b29e1677139a5f6b,quality_only,16,16,16,False,True,True,True,0.0,16,0,92.5168388469888,92.5168388469888,0.625,0.375,0.0,0.9884629226467376,92.07573970573009,,,,20
b29e1677139a5f6b,score,0,0,16,True,False,False,False,1.0,0,0,97.7524782095092,,0.0,0.0,1.0,18.48469179705729,92.07573970573009,16.0,0.0,97.7524782095092,20
b29e1677139a5f6b,pareto,0,0,16,True,False,False,False,1.0,0,0,97.7524782095092,,0.0,0.0,1.0,18.48469179705729,92.07573970573009,16.0,0.0,97.7524782095092,20
b29e1677139a5f6b,gt_distance,0,0,16,True,False,False,False,1.0,0,0,97.72128347089406,,0.0,0.0,1.0,18.374549225834095,92.07573970573009,16.0,0.0,97.72128347089406,20
b29e1677139a5f6b,old_pc,1,1,1,False,False,False,False,0.0,1,0,93.06804300181926,93.06804300181926,0.0,1.0,0.0,1.1655699675542686,92.07573970573009,16.0,15.0,93.06911589108854,20
c615107923dc5602,conditional_pc,16,16,16,False,True,True,True,0.0,16,0,100.0,100.0,0.0,1.0,0.0,1.2951723853929578,100.0,,,,52
c615107923dc5602,quality_only,16,16,16,False,True,True,True,0.0,16,0,100.0,100.0,0.0,1.0,0.0,1.2951723853929578,100.0,,,,52
c615107923dc5602,score,0,0,16,True,False,False,False,1.0,0,0,100.0,,0.0,0.0,1.0,2.1312668575029434,100.0,16.0,0.0,100.0,52
c615107923dc5602,pareto,1,1,16,False,False,False,False,0.9375,1,0,100.0,100.0,0.0,0.0625,0.9375,4.973010802040243,100.0,16.0,0.0,100.0,52
c615107923dc5602,gt_distance,2,2,16,False,False,False,False,0.875,2,0,100.0,100.0,0.0625,0.0625,0.875,4.249213335330138,100.0,16.0,0.0,100.0,52
c615107923dc5602,old_pc,16,16,16,False,True,True,True,0.0,16,0,100.0,100.0,0.0,1.0,0.0,1.2951723853929578,100.0,16.0,0.0,100.0,52
ffb15604a2a25cb8,conditional_pc,16,16,16,False,True,True,True,0.0,16,0,100.0,100.0,0.0,1.0,0.0,1.1708541730175188,100.0,,,,33
ffb15604a2a25cb8,quality_only,16,16,16,False,True,True,True,0.0,16,0,100.0,100.0,0.0,1.0,0.0,1.1708541730175188,100.0,,,,33
ffb15604a2a25cb8,score,0,0,16,True,False,False,False,1.0,0,0,100.0,,0.0,0.0,1.0,2.765495904805734,100.0,16.0,0.0,100.0,33
ffb15604a2a25cb8,pareto,1,1,16,False,False,False,False,0.9375,1,0,100.0,100.0,0.0,0.0625,0.9375,5.105448983692106,100.0,16.0,0.0,100.0,33
ffb15604a2a25cb8,gt_distance,2,2,16,False,False,False,False,0.875,2,0,100.0,100.0,0.0,0.125,0.875,3.4844872301409624,100.0,16.0,0.0,100.0,33
ffb15604a2a25cb8,old_pc,16,16,16,False,True,True,True,0.0,16,0,100.0,100.0,0.0,1.0,0.0,1.1708541730175188,100.0,16.0,0.0,100.0,33
4124b6e12f8b5f0d,conditional_pc,16,16,16,False,True,True,True,0.0,16,0,89.69513956240989,89.69513956240989,0.25,0.75,0.0,1.0602987174681184,89.3850573701019,,,,19
4124b6e12f8b5f0d,quality_only,16,16,16,False,True,True,True,0.0,16,0,89.69513956240988,89.69513956240988,0.25,0.75,0.0,1.0602987174681182,89.3850573701019,,,,19
4124b6e12f8b5f0d,score,0,0,16,True,False,False,False,1.0,0,0,93.53073717973808,,0.0,0.0,1.0,16.703660862211343,89.3850573701019,16.0,0.0,93.53073717973808,19
4124b6e12f8b5f0d,pareto,0,0,16,True,False,False,False,1.0,0,0,93.53073717973808,,0.0,0.0,1.0,16.703660862211343,89.3850573701019,16.0,0.0,93.53073717973808,19
4124b6e12f8b5f0d,gt_distance,12,12,16,False,True,True,False,0.25,12,0,89.96022123164231,89.76566500278271,0.3125,0.4375,0.25,1.3876077037320291,89.3850573701019,16.0,0.0,89.96022123164231,19
4124b6e12f8b5f0d,old_pc,1,1,1,False,False,False,False,0.0,1,0,89.93554571381233,89.93554571381233,0.0,1.0,0.0,1.104294018783751,89.3850573701019,16.0,15.0,89.93531581378787,19
a3298b678d225d61,conditional_pc,16,16,16,False,True,True,True,0.0,16,0,90.63599888581678,90.63599888581678,0.3125,0.6875,0.0,1.130837854154782,90.31689192309464,,,,19
a3298b678d225d61,quality_only,16,16,16,False,True,True,True,0.0,16,0,90.63599888581678,90.63599888581678,0.3125,0.6875,0.0,1.130837854154782,90.31689192309464,,,,19
a3298b678d225d61,score,0,0,16,True,False,False,False,1.0,0,0,92.23969665899382,,0.0,0.0,1.0,11.8016772274138,90.31689192309464,16.0,0.0,92.23969665899382,19
a3298b678d225d61,pareto,0,0,16,True,False,False,False,1.0,0,0,92.23969665899382,,0.0,0.0,1.0,11.8016772274138,90.31689192309464,16.0,0.0,92.23969665899382,19
a3298b678d225d61,gt_distance,0,0,16,True,False,False,False,1.0,0,0,91.94913972960671,,0.0,0.0,1.0,9.389492778334937,90.31689192309464,16.0,0.0,91.94913972960671,19
a3298b678d225d61,old_pc,1,1,1,False,False,False,False,0.0,1,0,91.05656740645132,91.05656740645132,0.0,1.0,0.0,1.7265028577396817,90.31689192309464,16.0,15.0,91.05658509786755,19
e20b77b0ed075fb6,conditional_pc,0,0,0,True,False,False,False,1.0,0,0,,,,,,,86.86816720071758,,,,0
e20b77b0ed075fb6,quality_only,0,0,0,True,False,False,False,1.0,0,0,,,,,,,86.86816720071758,,,,0
e20b77b0ed075fb6,score,0,0,16,True,False,False,False,1.0,0,0,91.36243187820192,,0.0,0.0,1.0,26.081519169230376,86.86816720071758,16.0,0.0,91.36243187820192,0
e20b77b0ed075fb6,pareto,0,0,16,True,False,False,False,1.0,0,0,91.36243187820192,,0.0,0.0,1.0,26.081519169230376,86.86816720071758,16.0,0.0,91.36243187820192,0
e20b77b0ed075fb6,gt_distance,0,0,16,True,False,False,False,1.0,0,0,88.68932088321428,,0.0,0.0,1.0,7.617953182513991,86.86816720071758,16.0,0.0,88.68932088321428,0
e20b77b0ed075fb6,old_pc,0,0,1,True,False,False,False,1.0,0,0,87.82089310406205,,0.0,1.0,0.0,1.2968814056997156,86.86816720071758,16.0,15.0,87.82109033332009,0
71452581394b54da,conditional_pc,16,16,16,False,True,True,True,0.0,16,0,99.04414640861415,99.04414640861415,0.375,0.625,0.0,1.0702767928791297,98.02423545885073,,,,22
71452581394b54da,quality_only,16,16,16,False,True,True,True,0.0,16,0,99.04414640861415,99.04414640861415,0.375,0.625,0.0,1.0702767928791297,98.02423545885073,,,,22
71452581394b54da,score,14,14,16,False,True,True,False,0.125,14,0,99.2105623198795,99.26597228692796,0.4375,0.4375,0.125,1.290470358891746,98.02423545885073,16.0,0.0,99.2105623198795,22
71452581394b54da,pareto,14,14,16,False,True,True,False,0.125,14,0,99.2105623198795,99.26597228692796,0.4375,0.4375,0.125,1.290470358891746,98.02423545885073,16.0,0.0,99.2105623198795,22
71452581394b54da,gt_distance,14,14,16,False,True,True,False,0.125,14,0,99.2105623198795,99.26597228692796,0.4375,0.4375,0.125,1.290470358891746,98.02423545885073,16.0,0.0,99.2105623198795,22
71452581394b54da,old_pc,2,2,2,False,False,False,False,0.0,2,0,99.74768512621344,99.74768512621344,0.0,1.0,0.0,1.348867853151499,98.02423545885073,16.0,14.0,99.74829724917498,22
54399d56e69f5a2c,conditional_pc,16,16,16,False,True,True,True,0.0,16,0,93.24432351952142,93.24432351952142,0.0,1.0,0.0,1.4812742409112496,92.95641344440742,,,,49
54399d56e69f5a2c,quality_only,16,16,16,False,True,True,True,0.0,16,0,93.24396581584502,93.24396581584502,0.0,1.0,0.0,1.497288654867433,92.95641344440742,,,,49
54399d56e69f5a2c,score,0,0,16,True,False,False,False,1.0,0,0,96.81608303506016,,0.0,0.0,1.0,50.88368571112435,92.95641344440742,16.0,0.0,96.81608303506016,49
54399d56e69f5a2c,pareto,0,0,16,True,False,False,False,1.0,0,0,96.81608303506016,,0.0,0.0,1.0,50.88368571112435,92.95641344440742,16.0,0.0,96.81608303506016,49
54399d56e69f5a2c,gt_distance,0,0,16,True,False,False,False,1.0,0,0,94.14324401131032,,0.0,0.0,1.0,11.251686519877468,92.95641344440742,16.0,0.0,94.14324401131032,49
54399d56e69f5a2c,old_pc,1,1,1,False,False,False,False,0.0,1,0,93.43745931296236,93.43745931296236,0.0,1.0,0.0,1.446682259634851,92.95641344440742,16.0,15.0,93.43744930131432,49
2bdd7e6fdc0e5977,conditional_pc,16,16,16,False,True,True,True,0.0,16,0,100.0,100.0,0.0,1.0,0.0,1.3410588641666723,100.0,,,,52
2bdd7e6fdc0e5977,quality_only,16,16,16,False,True,True,True,0.0,16,0,100.0,100.0,0.0,1.0,0.0,1.3410588641666723,100.0,,,,52
2bdd7e6fdc0e5977,score,0,0,16,True,False,False,False,1.0,0,0,100.0,,0.0,0.0,1.0,2.63120834568306,100.0,16.0,0.0,100.0,52
2bdd7e6fdc0e5977,pareto,2,2,16,False,False,False,False,0.875,2,0,100.0,100.0,0.0625,0.0625,0.875,4.96553899886833,100.0,16.0,0.0,100.0,52
2bdd7e6fdc0e5977,gt_distance,2,2,16,False,False,False,False,0.875,2,0,100.0,100.0,0.0625,0.0625,0.875,4.557400729248531,100.0,16.0,0.0,100.0,52
2bdd7e6fdc0e5977,old_pc,16,16,16,False,True,True,True,0.0,16,0,100.0,100.0,0.0,1.0,0.0,1.3410588641666723,100.0,16.0,0.0,100.0,52
2f875dc108ed572f,conditional_pc,16,16,16,False,True,True,True,0.0,16,0,100.0,100.0,0.0,1.0,0.0,1.1696839921918183,100.0,,,,34
2f875dc108ed572f,quality_only,16,16,16,False,True,True,True,0.0,16,0,100.0,100.0,0.0,1.0,0.0,1.1696839921918183,100.0,,,,34
2f875dc108ed572f,score,0,0,16,True,False,False,False,1.0,0,0,100.0,,0.0,0.0,1.0,2.1438545220810576,100.0,16.0,0.0,100.0,34
2f875dc108ed572f,pareto,1,1,16,False,False,False,False,0.9375,1,0,100.0,100.0,0.0,0.0625,0.9375,8.319861447310878,100.0,16.0,0.0,100.0,34
2f875dc108ed572f,gt_distance,1,1,16,False,False,False,False,0.9375,1,0,100.0,100.0,0.0,0.0625,0.9375,5.6239406489841,100.0,16.0,0.0,100.0,34
2f875dc108ed572f,old_pc,16,16,16,False,True,True,True,0.0,16,0,100.0,100.0,0.0,1.0,0.0,1.1696839921918183,100.0,16.0,0.0,100.0,34
91513086606a567e,conditional_pc,16,16,16,False,True,True,True,0.0,16,0,100.0,100.0,0.0,1.0,0.0,1.3839269345433738,100.0,,,,51
91513086606a567e,quality_only,16,16,16,False,True,True,True,0.0,16,0,100.0,100.0,0.0,1.0,0.0,1.3839269345433738,100.0,,,,51
91513086606a567e,score,1,1,16,False,False,False,False,0.9375,1,0,100.0,100.0,0.0,0.0625,0.9375,2.104582801217026,100.0,16.0,0.0,100.0,51
91513086606a567e,pareto,1,1,16,False,False,False,False,0.9375,1,0,100.0,100.0,0.0,0.0625,0.9375,9.398435658717403,100.0,16.0,0.0,100.0,51
91513086606a567e,gt_distance,1,1,16,False,False,False,False,0.9375,1,0,100.0,100.0,0.0,0.0625,0.9375,8.21718015016679,100.0,16.0,0.0,100.0,51
91513086606a567e,old_pc,16,16,16,False,True,True,True,0.0,16,0,100.0,100.0,0.0,1.0,0.0,1.3839269345433738,100.0,16.0,0.0,100.0,51
80dfd05ab759518f,conditional_pc,16,16,16,False,True,True,True,0.0,16,0,95.3695901238652,95.3695901238652,0.0,1.0,0.0,1.2441287094207103,94.3759778502562,,,,29
80dfd05ab759518f,quality_only,16,16,16,False,True,True,True,0.0,16,0,95.3695901238652,95.3695901238652,0.0,1.0,0.0,1.2441287094207103,94.3759778502562,,,,29
80dfd05ab759518f,score,0,0,16,True,False,False,False,1.0,0,0,97.66228059740982,,0.0,0.0,1.0,13.947290431571709,94.3759778502562,16.0,0.0,97.66228059740982,29
80dfd05ab759518f,pareto,0,0,16,True,False,False,False,1.0,0,0,97.66228059740982,,0.0,0.0,1.0,13.947290431571709,94.3759778502562,16.0,0.0,97.66228059740982,29
80dfd05ab759518f,gt_distance,0,0,16,True,False,False,False,1.0,0,0,96.8184916835164,,0.0,0.0,1.0,7.873270494040359,94.3759778502562,16.0,0.0,96.8184916835164,29
80dfd05ab759518f,old_pc,1,1,1,False,False,False,False,0.0,1,0,95.68364993273964,95.68364993273964,0.0,1.0,0.0,1.3519611234646594,94.3759778502562,16.0,15.0,95.6839479025044,29
d5e7dc43eb5c57cd,conditional_pc,16,16,16,False,True,True,True,0.0,16,0,100.0,100.0,0.0,1.0,0.0,1.1016321370565474,100.0,,,,35
d5e7dc43eb5c57cd,quality_only,16,16,16,False,True,True,True,0.0,16,0,100.0,100.0,0.0,1.0,0.0,1.1016321370565474,100.0,,,,35
d5e7dc43eb5c57cd,score,0,0,16,True,False,False,False,1.0,0,0,100.0,,0.0,0.0,1.0,3.245707496700136,100.0,16.0,0.0,100.0,35
d5e7dc43eb5c57cd,pareto,2,2,16,False,False,False,False,0.875,2,0,100.0,100.0,0.125,0.0,0.875,10.170260030955626,100.0,16.0,0.0,100.0,35
d5e7dc43eb5c57cd,gt_distance,2,2,16,False,False,False,False,0.875,2,0,100.0,100.0,0.125,0.0,0.875,6.398403574974016,100.0,16.0,0.0,100.0,35
d5e7dc43eb5c57cd,old_pc,16,16,16,False,True,True,True,0.0,16,0,100.0,100.0,0.0,1.0,0.0,1.1016321370565474,100.0,16.0,0.0,100.0,35
13014abb5b115ee2,conditional_pc,16,16,16,False,True,True,True,0.0,16,0,91.55037029352182,91.55037029352182,0.625,0.375,0.0,0.9643668340006152,91.30641325372385,,,,24
13014abb5b115ee2,quality_only,16,16,16,False,True,True,True,0.0,16,0,91.55037029352182,91.55037029352182,0.625,0.375,0.0,0.9643668340006152,91.30641325372385,,,,24
13014abb5b115ee2,score,0,0,16,True,False,False,False,1.0,0,0,94.36616834965872,,0.0,0.0,1.0,26.1127695264317,91.30641325372385,16.0,0.0,94.36616834965872,24
13014abb5b115ee2,pareto,0,0,16,True,False,False,False,1.0,0,0,94.36616834965872,,0.0,0.0,1.0,26.1127695264317,91.30641325372385,16.0,0.0,94.36616834965872,24
13014abb5b115ee2,gt_distance,15,15,16,False,True,True,False,0.0625,15,0,91.58059880498976,91.54873109690524,0.75,0.1875,0.0625,1.5991196715197815,91.30641325372385,16.0,0.0,91.58059880498976,24
13014abb5b115ee2,old_pc,1,1,1,False,False,False,False,0.0,1,0,91.8449300094938,91.8449300094938,0.0,1.0,0.0,1.0125639696218796,91.30641325372385,16.0,15.0,91.84492364312295,24
9430278b77c05446,conditional_pc,16,16,16,False,True,True,True,0.0,16,0,96.51501495748995,96.51501495748995,0.5625,0.4375,0.0,0.9927012415187312,96.08691842993396,,,,18
9430278b77c05446,quality_only,16,16,16,False,True,True,True,0.0,16,0,96.51501495748995,96.51501495748995,0.5625,0.4375,0.0,0.9927012415187312,96.08691842993396,,,,18
9430278b77c05446,score,0,0,16,True,False,False,False,1.0,0,0,97.15643762933873,,0.0,0.0,1.0,12.549608840854216,96.08691842993396,16.0,0.0,97.15643762933873,18
9430278b77c05446,pareto,0,0,16,True,False,False,False,1.0,0,0,97.15643762933873,,0.0,0.0,1.0,12.549608840854216,96.08691842993396,16.0,0.0,97.15643762933873,18
9430278b77c05446,gt_distance,3,3,16,False,False,False,False,0.8125,3,0,96.99028604705346,96.92622153195546,0.0625,0.125,0.8125,5.388589196639501,96.08691842993396,16.0,0.0,96.99028604705346,18
9430278b77c05446,old_pc,1,1,1,False,False,False,False,0.0,1,0,96.93682156330348,96.93682156330348,0.0,1.0,0.0,1.0327870937724095,96.08691842993396,16.0,15.0,96.93684091331784,18
97e38fdccf915283,conditional_pc,16,16,16,False,True,True,True,0.0,16,0,100.0,100.0,0.0,1.0,0.0,1.3573984109901638,100.0,,,,34
97e38fdccf915283,quality_only,16,16,16,False,True,True,True,0.0,16,0,100.0,100.0,0.0,1.0,0.0,1.3573984109901638,100.0,,,,34
97e38fdccf915283,score,0,0,16,True,False,False,False,1.0,0,0,100.0,,0.0,0.0,1.0,4.691426316780413,100.0,16.0,0.0,100.0,34
97e38fdccf915283,pareto,3,3,16,False,False,False,False,0.8125,3,0,100.0,100.0,0.0,0.1875,0.8125,7.082641427096842,100.0,16.0,0.0,100.0,34
97e38fdccf915283,gt_distance,5,5,16,False,True,False,False,0.6875,5,0,100.0,100.0,0.0,0.3125,0.6875,4.2746944590423785,100.0,16.0,0.0,100.0,34
97e38fdccf915283,old_pc,16,16,16,False,True,True,True,0.0,16,0,100.0,100.0,0.0,1.0,0.0,1.3573984109901638,100.0,16.0,0.0,100.0,34
8787fbb12fed5433,conditional_pc,16,16,16,False,True,True,True,0.0,16,0,98.8689797608741,98.8689797608741,0.0,1.0,0.0,1.3102334705733614,98.4293508630506,,,,30
8787fbb12fed5433,quality_only,16,16,16,False,True,True,True,0.0,16,0,98.8689797608741,98.8689797608741,0.0,1.0,0.0,1.3102334705733614,98.4293508630506,,,,30
8787fbb12fed5433,score,0,0,16,True,False,False,False,1.0,0,0,99.95077497806123,,0.0,0.0,1.0,6.884725696452339,98.4293508630506,16.0,0.0,99.95077497806123,30
8787fbb12fed5433,pareto,0,0,16,True,False,False,False,1.0,0,0,99.95077497806123,,0.0,0.0,1.0,6.884725696452339,98.4293508630506,16.0,0.0,99.95077497806123,30
8787fbb12fed5433,gt_distance,0,0,16,True,False,False,False,1.0,0,0,99.8845199828625,,0.0,0.0,1.0,5.756455441858545,98.4293508630506,16.0,0.0,99.8845199828625,30
8787fbb12fed5433,old_pc,1,1,1,False,False,False,False,0.0,1,0,99.47079041812718,99.47079041812718,0.0,1.0,0.0,1.0722578291796871,98.4293508630506,16.0,15.0,99.47076315241696,30
a460f60f07f05098,conditional_pc,16,16,16,False,True,True,True,0.0,16,0,100.0,100.0,0.0,1.0,0.0,1.2496979239879888,100.0,,,,32
a460f60f07f05098,quality_only,16,16,16,False,True,True,True,0.0,16,0,100.0,100.0,0.0,1.0,0.0,1.2496979239879888,100.0,,,,32
a460f60f07f05098,score,0,0,16,True,False,False,False,1.0,0,0,100.0,,0.0,0.0,1.0,16.70501015121964,100.0,16.0,0.0,100.0,32
a460f60f07f05098,pareto,2,2,16,False,False,False,False,0.875,2,0,100.0,100.0,0.0625,0.0625,0.875,11.454805896712362,100.0,16.0,0.0,100.0,32
a460f60f07f05098,gt_distance,2,2,16,False,False,False,False,0.875,2,0,100.0,100.0,0.0625,0.0625,0.875,12.81234308225948,100.0,16.0,0.0,100.0,32
a460f60f07f05098,old_pc,16,16,16,False,True,True,True,0.0,16,0,100.0,100.0,0.0,1.0,0.0,1.2496979239879888,100.0,16.0,0.0,100.0,32
570334268a395022,conditional_pc,16,16,16,False,True,True,True,0.0,16,0,100.0,100.0,0.0,1.0,0.0,1.342373848804549,100.0,,,,50
570334268a395022,quality_only,16,16,16,False,True,True,True,0.0,16,0,100.0,100.0,0.0,1.0,0.0,1.342373848804549,100.0,,,,50
570334268a395022,score,3,3,16,False,False,False,False,0.8125,3,0,100.0,100.0,0.0,0.1875,0.8125,1.728948132445733,100.0,16.0,0.0,100.0,50
570334268a395022,pareto,1,1,16,False,False,False,False,0.9375,1,0,100.0,100.0,0.0625,0.0,0.9375,6.416335205942161,100.0,16.0,0.0,100.0,50
570334268a395022,gt_distance,3,3,16,False,False,False,False,0.8125,3,0,100.0,100.0,0.125,0.0625,0.8125,3.167371061501324,100.0,16.0,0.0,100.0,50
570334268a395022,old_pc,16,16,16,False,True,True,True,0.0,16,0,100.0,100.0,0.0,1.0,0.0,1.342373848804549,100.0,16.0,0.0,100.0,50
16a705e621675626,conditional_pc,16,16,16,False,True,True,True,0.0,16,0,95.95580988389204,95.95580988389204,0.1875,0.8125,0.0,1.1030289459712483,95.35007089849708,,,,24
16a705e621675626,quality_only,16,16,16,False,True,True,True,0.0,16,0,95.95580988389204,95.95580988389204,0.1875,0.8125,0.0,1.1030289459712483,95.35007089849708,,,,24
16a705e621675626,score,9,9,16,False,True,True,False,0.4375,9,0,96.44136382277726,96.4485961498705,0.25,0.3125,0.4375,3.4104981324724184,95.35007089849708,16.0,0.0,96.44136382277726,24
16a705e621675626,pareto,9,9,16,False,True,True,False,0.4375,9,0,96.44136382277726,96.4485961498705,0.25,0.3125,0.4375,3.4104981324724184,95.35007089849708,16.0,0.0,96.44136382277726,24
16a705e621675626,gt_distance,12,12,16,False,True,True,False,0.25,12,0,96.33792127793002,96.28432020278832,0.375,0.375,0.25,1.71830252508121,95.35007089849708,16.0,0.0,96.33792127793002,24
16a705e621675626,old_pc,1,1,1,False,False,False,False,0.0,1,0,96.91892205682592,96.91892205682592,0.0,1.0,0.0,1.089139902438376,95.35007089849708,16.0,15.0,96.91897569450738,24
377030639621540e,conditional_pc,16,16,16,False,True,True,True,0.0,16,0,89.66616375404624,89.66616375404624,0.3125,0.6875,0.0,1.1353732025485503,87.56138758040231,,,,24
377030639621540e,quality_only,16,16,16,False,True,True,True,0.0,16,0,89.66616375404624,89.66616375404624,0.3125,0.6875,0.0,1.1353732025485503,87.56138758040231,,,,24
377030639621540e,score,5,5,16,False,True,False,False,0.6875,5,0,91.57782619897588,91.2171675569961,0.0,0.3125,0.6875,3.0378576474268115,87.56138758040231,16.0,0.0,91.57782619897588,24
377030639621540e,pareto,5,5,16,False,True,False,False,0.6875,5,0,91.57782619897588,91.2171675569961,0.0,0.3125,0.6875,3.0378576474268115,87.56138758040231,16.0,0.0,91.57782619897588,24
377030639621540e,gt_distance,5,5,16,False,True,False,False,0.6875,5,0,91.57782619897588,91.2171675569961,0.0,0.3125,0.6875,3.0378576474268115,87.56138758040231,16.0,0.0,91.57782619897588,24
377030639621540e,old_pc,1,1,1,False,False,False,False,0.0,1,0,91.71603911763135,91.71603911763135,0.0,1.0,0.0,1.2616534522172935,87.56138758040231,16.0,15.0,91.716945836496,24
2e94974489245ae6,conditional_pc,16,16,16,False,True,True,True,0.0,16,0,100.0,100.0,0.0,1.0,0.0,1.3093903227850097,100.0,,,,35
2e94974489245ae6,quality_only,16,16,16,False,True,True,True,0.0,16,0,100.0,100.0,0.0,1.0,0.0,1.3093903227850097,100.0,,,,35
2e94974489245ae6,score,0,0,16,True,False,False,False,1.0,0,0,100.0,,0.0,0.0,1.0,8.406491598128385,100.0,16.0,0.0,100.0,35
2e94974489245ae6,pareto,1,1,16,False,False,False,False,0.9375,1,0,100.0,100.0,0.0,0.0625,0.9375,8.471139680005177,100.0,16.0,0.0,100.0,35
2e94974489245ae6,gt_distance,2,2,16,False,False,False,False,0.875,2,0,100.0,100.0,0.0625,0.0625,0.875,8.44329493482903,100.0,16.0,0.0,100.0,35
2e94974489245ae6,old_pc,16,16,16,False,True,True,True,0.0,16,0,100.0,100.0,0.0,1.0,0.0,1.3093903227850097,100.0,16.0,0.0,100.0,35
dc2a30b4130f5ab4,conditional_pc,16,16,16,False,True,True,True,0.0,16,0,100.0,100.0,0.0,1.0,0.0,1.1215964419350772,100.0,,,,31
dc2a30b4130f5ab4,quality_only,16,16,16,False,True,True,True,0.0,16,0,100.0,100.0,0.0,1.0,0.0,1.1215964419350772,100.0,,,,31
dc2a30b4130f5ab4,score,0,0,16,True,False,False,False,1.0,0,0,100.0,,0.0,0.0,1.0,12.375131736987983,100.0,16.0,0.0,100.0,31
dc2a30b4130f5ab4,pareto,2,2,16,False,False,False,False,0.875,2,0,100.0,100.0,0.0,0.125,0.875,11.27781203754935,100.0,16.0,0.0,100.0,31
dc2a30b4130f5ab4,gt_distance,2,2,16,False,False,False,False,0.875,2,0,100.0,100.0,0.0,0.125,0.875,9.06255473543152,100.0,16.0,0.0,100.0,31
dc2a30b4130f5ab4,old_pc,16,16,16,False,True,True,True,0.0,16,0,100.0,100.0,0.0,1.0,0.0,1.1215964419350772,100.0,16.0,0.0,100.0,31
11f415ea61f95bbb,conditional_pc,16,16,16,False,True,True,True,0.0,16,0,100.0,100.0,0.625,0.375,0.0,0.9742027313871696,100.0,,,,18
11f415ea61f95bbb,quality_only,16,16,16,False,True,True,True,0.0,16,0,100.0,100.0,0.625,0.375,0.0,0.9742027313871696,100.0,,,,18
11f415ea61f95bbb,score,0,0,16,True,False,False,False,1.0,0,0,100.0,,0.0,0.0,1.0,6.197393233849343,100.0,16.0,0.0,100.0,18
11f415ea61f95bbb,pareto,2,2,16,False,False,False,False,0.875,2,0,100.0,100.0,0.125,0.0,0.875,7.663534917489298,100.0,16.0,0.0,100.0,18
11f415ea61f95bbb,gt_distance,1,1,16,False,False,False,False,0.9375,1,0,100.0,100.0,0.0625,0.0,0.9375,6.905812319541603,100.0,16.0,0.0,100.0,18
11f415ea61f95bbb,old_pc,15,15,16,False,True,True,False,0.0625,15,0,100.0,100.0,0.5625,0.4375,0.0,1.0020451202046297,100.0,16.0,0.0,100.0,18
7fd57c3a03465a0a,conditional_pc,16,16,16,False,True,True,True,0.0,16,0,94.1588461724492,94.1588461724492,0.375,0.625,0.0,1.055831655894507,93.9648170092592,,,,20
7fd57c3a03465a0a,quality_only,16,16,16,False,True,True,True,0.0,16,0,94.1588461724492,94.1588461724492,0.375,0.625,0.0,1.055831655894507,93.9648170092592,,,,20
7fd57c3a03465a0a,score,0,0,16,True,False,False,False,1.0,0,0,97.92225795237565,,0.0,0.0,1.0,35.48731326323994,93.9648170092592,16.0,0.0,97.92225795237565,20
7fd57c3a03465a0a,pareto,0,0,16,True,False,False,False,1.0,0,0,97.92225795237565,,0.0,0.0,1.0,35.48731326323994,93.9648170092592,16.0,0.0,97.92225795237565,20
7fd57c3a03465a0a,gt_distance,16,16,16,False,True,True,True,0.0,16,0,94.1140559511775,94.1140559511775,0.5625,0.4375,0.0,0.9790828966966252,93.9648170092592,16.0,0.0,94.1140559511775,20
7fd57c3a03465a0a,old_pc,1,1,1,False,False,False,False,0.0,1,0,94.42882304568036,94.42882304568036,0.0,1.0,0.0,1.4066683588657012,93.9648170092592,16.0,15.0,94.4288339382433,20
bfabfb64124e5563,conditional_pc,16,16,16,False,True,True,True,0.0,16,0,100.0,100.0,0.0,1.0,0.0,1.203674888204528,100.0,,,,37
bfabfb64124e5563,quality_only,16,16,16,False,True,True,True,0.0,16,0,100.0,100.0,0.0,1.0,0.0,1.203674888204528,100.0,,,,37
bfabfb64124e5563,score,0,0,16,True,False,False,False,1.0,0,0,100.0,,0.0,0.0,1.0,3.1600718795148026,100.0,16.0,0.0,100.0,37
bfabfb64124e5563,pareto,1,1,16,False,False,False,False,0.9375,1,0,100.0,100.0,0.0,0.0625,0.9375,7.002378462917267,100.0,16.0,0.0,100.0,37
bfabfb64124e5563,gt_distance,1,1,16,False,False,False,False,0.9375,1,0,100.0,100.0,0.0,0.0625,0.9375,7.002378462917267,100.0,16.0,0.0,100.0,37
bfabfb64124e5563,old_pc,16,16,16,False,True,True,True,0.0,16,0,100.0,100.0,0.0,1.0,0.0,1.203674888204528,100.0,16.0,0.0,100.0,37
0dff173b10b75b6a,conditional_pc,16,16,16,False,True,True,True,0.0,16,0,100.0,100.0,0.0,1.0,0.0,1.1633008731773165,100.0,,,,32
0dff173b10b75b6a,quality_only,16,16,16,False,True,True,True,0.0,16,0,100.0,100.0,0.0,1.0,0.0,1.1633008731773165,100.0,,,,32
0dff173b10b75b6a,score,0,0,16,True,False,False,False,1.0,0,0,100.0,,0.0,0.0,1.0,30.301075367730167,100.0,16.0,0.0,100.0,32
0dff173b10b75b6a,pareto,2,2,16,False,False,False,False,0.875,2,0,100.0,100.0,0.0625,0.0625,0.875,19.00102856865404,100.0,16.0,0.0,100.0,32
0dff173b10b75b6a,gt_distance,0,0,16,True,False,False,False,1.0,0,0,100.0,,0.0,0.0,1.0,27.35639293150813,100.0,16.0,0.0,100.0,32
0dff173b10b75b6a,old_pc,16,16,16,False,True,True,True,0.0,16,0,100.0,100.0,0.0,1.0,0.0,1.1633008731773165,100.0,16.0,0.0,100.0,32
efd13cf71f83504e,conditional_pc,16,16,16,False,True,True,True,0.0,16,0,100.0,100.0,0.25,0.75,0.0,1.1765574782722583,100.0,,,,30
efd13cf71f83504e,quality_only,16,16,16,False,True,True,True,0.0,16,0,100.0,100.0,0.25,0.75,0.0,1.1765574782722583,100.0,,,,30
efd13cf71f83504e,score,0,0,16,True,False,False,False,1.0,0,0,100.0,,0.0,0.0,1.0,6.738908136057393,100.0,16.0,0.0,100.0,30
efd13cf71f83504e,pareto,0,0,16,True,False,False,False,1.0,0,0,100.0,,0.0,0.0,1.0,23.759768205582407,100.0,16.0,0.0,100.0,30
efd13cf71f83504e,gt_distance,0,0,16,True,False,False,False,1.0,0,0,100.0,,0.0,0.0,1.0,23.759768205582407,100.0,16.0,0.0,100.0,30
efd13cf71f83504e,old_pc,16,16,16,False,True,True,True,0.0,16,0,100.0,100.0,0.25,0.75,0.0,1.1765574782722583,100.0,16.0,0.0,100.0,30
86a8eb25b4045aba,conditional_pc,16,16,16,False,True,True,True,0.0,16,0,95.59193059617306,95.59193059617306,0.4375,0.5625,0.0,1.0279296067989885,95.33914115235184,,,,18
86a8eb25b4045aba,quality_only,16,16,16,False,True,True,True,0.0,16,0,95.59193059617306,95.59193059617306,0.4375,0.5625,0.0,1.0279296067989885,95.33914115235184,,,,18
86a8eb25b4045aba,score,0,0,16,True,False,False,False,1.0,0,0,97.48102159561472,,0.0,0.0,1.0,16.369264954921476,95.33914115235184,16.0,0.0,97.48102159561472,18
86a8eb25b4045aba,pareto,0,0,16,True,False,False,False,1.0,0,0,97.48102159561472,,0.0,0.0,1.0,16.369264954921476,95.33914115235184,16.0,0.0,97.48102159561472,18
86a8eb25b4045aba,gt_distance,0,0,16,True,False,False,False,1.0,0,0,97.48102159561472,,0.0,0.0,1.0,16.369264954921476,95.33914115235184,16.0,0.0,97.48102159561472,18
86a8eb25b4045aba,old_pc,1,1,1,False,False,False,False,0.0,1,0,95.8033747431105,95.8033747431105,0.0,1.0,0.0,1.065048031027991,95.33914115235184,16.0,15.0,95.8033942983725,18
04f77fbd6bf3505a,conditional_pc,16,16,16,False,True,True,True,0.0,16,0,99.32112787632168,99.32112787632168,0.3125,0.6875,0.0,1.1426925643507468,98.94536996096508,,,,21
04f77fbd6bf3505a,quality_only,16,16,16,False,True,True,True,0.0,16,0,99.32112787632168,99.32112787632168,0.3125,0.6875,0.0,1.1426925643507468,98.94536996096508,,,,21
04f77fbd6bf3505a,score,0,0,16,True,False,False,False,1.0,0,0,100.0,,0.0,0.0,1.0,26.107179727225635,98.94536996096508,16.0,0.0,100.0,21
04f77fbd6bf3505a,pareto,0,0,16,True,False,False,False,1.0,0,0,100.0,,0.0,0.0,1.0,25.282155614238626,98.94536996096508,16.0,0.0,100.0,21
04f77fbd6bf3505a,gt_distance,0,0,16,True,False,False,False,1.0,0,0,100.0,,0.0,0.0,1.0,11.00720277254639,98.94536996096508,16.0,0.0,100.0,21
04f77fbd6bf3505a,old_pc,1,1,1,False,False,False,False,0.0,1,0,99.82329021013526,99.82329021013526,0.0,1.0,0.0,1.430021149790041,98.94536996096508,16.0,15.0,99.82323615486467,21
69cd8ef1721f550d,conditional_pc,16,16,16,False,True,True,True,0.0,16,0,100.0,100.0,0.0,1.0,0.0,1.4818010003841686,100.0,,,,49
69cd8ef1721f550d,quality_only,16,16,16,False,True,True,True,0.0,16,0,100.0,100.0,0.0,1.0,0.0,1.4818010003841686,100.0,,,,49
69cd8ef1721f550d,score,8,8,16,False,True,True,False,0.5,8,0,100.0,100.0,0.0,0.5,0.5,2.3931147022084422,100.0,16.0,0.0,100.0,49
69cd8ef1721f550d,pareto,3,3,16,False,False,False,False,0.8125,3,0,100.0,100.0,0.0,0.1875,0.8125,6.444106459972343,100.0,16.0,0.0,100.0,49
69cd8ef1721f550d,gt_distance,3,3,16,False,False,False,False,0.8125,3,0,100.0,100.0,0.0,0.1875,0.8125,6.444106459972343,100.0,16.0,0.0,100.0,49
69cd8ef1721f550d,old_pc,16,16,16,False,True,True,True,0.0,16,0,100.0,100.0,0.0,1.0,0.0,1.4818010003841686,100.0,16.0,0.0,100.0,49
738c5da7a06d554c,conditional_pc,16,16,16,False,True,True,True,0.0,16,0,90.67337916899274,90.67337916899274,0.625,0.375,0.0,0.9847924318359312,90.46637143756114,,,,18
738c5da7a06d554c,quality_only,16,16,16,False,True,True,True,0.0,16,0,90.67337916899274,90.67337916899274,0.625,0.375,0.0,0.9847924318359312,90.46637143756114,,,,18
738c5da7a06d554c,score,0,0,16,True,False,False,False,1.0,0,0,92.81529316034866,,0.0,0.0,1.0,10.731460605102765,90.46637143756114,16.0,0.0,92.81529316034866,18
738c5da7a06d554c,pareto,0,0,16,True,False,False,False,1.0,0,0,92.81529316034866,,0.0,0.0,1.0,10.731460605102765,90.46637143756114,16.0,0.0,92.81529316034866,18
738c5da7a06d554c,gt_distance,0,0,16,True,False,False,False,1.0,0,0,89.57451244888479,,0.0,0.0,1.0,9.107142535726856,90.46637143756114,16.0,0.0,89.57451244888479,18
738c5da7a06d554c,old_pc,1,1,1,False,False,False,False,0.0,1,0,90.80010474767462,90.80010474767462,0.0,1.0,0.0,1.0807762165272083,90.46637143756114,16.0,15.0,90.80002997351568,18
a57d242401f951f5,conditional_pc,0,0,3,True,False,False,False,1.0,0,3,81.6029960628439,,0.3333333333333333,0.6666666666666666,0.0,1.0310412718015003,81.81317375074696,,,,0
a57d242401f951f5,quality_only,0,0,3,True,False,False,False,1.0,0,3,81.6029960628439,,0.3333333333333333,0.6666666666666666,0.0,1.0310412718015003,81.81317375074696,,,,0
a57d242401f951f5,score,0,0,16,True,False,False,False,1.0,0,0,82.954506263923,,0.0,0.0,1.0,9.751130283476868,81.81317375074696,16.0,0.0,82.954506263923,0
a57d242401f951f5,pareto,0,0,16,True,False,False,False,1.0,0,0,82.954506263923,,0.0,0.0,1.0,9.751130283476868,81.81317375074696,16.0,0.0,82.954506263923,0
a57d242401f951f5,gt_distance,0,0,16,True,False,False,False,1.0,0,0,82.0345970134619,,0.0625,0.0625,0.875,5.703058279320976,81.81317375074696,16.0,0.0,82.0345970134619,0
a57d242401f951f5,old_pc,0,0,1,True,False,False,False,1.0,0,0,81.98914699052374,,0.0,1.0,0.0,1.449074010090804,81.81317375074696,16.0,15.0,61.49219373379849,0
d57a735214e65851,conditional_pc,16,16,16,False,True,True,True,0.0,16,0,100.0,100.0,0.0,1.0,0.0,1.423433093577191,100.0,,,,45
d57a735214e65851,quality_only,16,16,16,False,True,True,True,0.0,16,0,100.0,100.0,0.0,1.0,0.0,1.423433093577191,100.0,,,,45
d57a735214e65851,score,0,0,16,True,False,False,False,1.0,0,0,100.0,,0.0,0.0,1.0,5.076263160316526,100.0,16.0,0.0,100.0,45
d57a735214e65851,pareto,3,3,16,False,False,False,False,0.8125,3,0,100.0,100.0,0.0625,0.125,0.8125,5.099177672828216,100.0,16.0,0.0,100.0,45
d57a735214e65851,gt_distance,7,7,16,False,True,False,False,0.5625,7,0,100.0,100.0,0.125,0.3125,0.5625,3.3611939408910523,100.0,16.0,0.0,100.0,45
d57a735214e65851,old_pc,16,16,16,False,True,True,True,0.0,16,0,100.0,100.0,0.0,1.0,0.0,1.423433093577191,100.0,16.0,0.0,100.0,45
9bbb66957b9d5e1c,conditional_pc,16,16,16,False,True,True,True,0.0,16,0,100.0,100.0,0.0,1.0,0.0,1.148857833263369,100.0,,,,31
9bbb66957b9d5e1c,quality_only,16,16,16,False,True,True,True,0.0,16,0,100.0,100.0,0.0,1.0,0.0,1.148857833263369,100.0,,,,31
9bbb66957b9d5e1c,score,0,0,16,True,False,False,False,1.0,0,0,100.0,,0.0,0.0,1.0,9.446786073610546,100.0,16.0,0.0,100.0,31
9bbb66957b9d5e1c,pareto,2,2,16,False,False,False,False,0.875,2,0,100.0,100.0,0.0,0.125,0.875,9.096765377547792,100.0,16.0,0.0,100.0,31
9bbb66957b9d5e1c,gt_distance,2,2,16,False,False,False,False,0.875,2,0,100.0,100.0,0.0,0.125,0.875,8.368319770935527,100.0,16.0,0.0,100.0,31
9bbb66957b9d5e1c,old_pc,16,16,16,False,True,True,True,0.0,16,0,100.0,100.0,0.0,1.0,0.0,1.148857833263369,100.0,16.0,0.0,100.0,31
ccb7a68f3e0a57fc,conditional_pc,16,16,16,False,True,True,True,0.0,16,0,90.7375258826772,90.7375258826772,0.0,1.0,0.0,1.8136818116482052,89.06462968482649,,,,47
ccb7a68f3e0a57fc,quality_only,16,16,16,False,True,True,True,0.0,16,0,90.73718102038528,90.73718102038528,0.0,1.0,0.0,1.855711223703776,89.06462968482649,,,,47
ccb7a68f3e0a57fc,score,0,0,16,True,False,False,False,1.0,0,0,91.2369956381082,,0.0,0.0,1.0,7.332011886773041,89.06462968482649,16.0,0.0,91.2369956381082,47
ccb7a68f3e0a57fc,pareto,0,0,16,True,False,False,False,1.0,0,0,91.2369956381082,,0.0,0.0,1.0,7.332011886773041,89.06462968482649,16.0,0.0,91.2369956381082,47
ccb7a68f3e0a57fc,gt_distance,0,0,16,True,False,False,False,1.0,0,0,91.2369956381082,,0.0,0.0,1.0,7.332011886773041,89.06462968482649,16.0,0.0,91.2369956381082,47
ccb7a68f3e0a57fc,old_pc,1,1,1,False,False,False,False,0.0,1,0,90.86132209374615,90.86132209374615,0.0,1.0,0.0,2.2025913402741417,89.06462968482649,16.0,15.0,90.86127067023251,47
05c91985246d58a6,conditional_pc,16,16,16,False,True,True,True,0.0,16,0,95.4731061740383,95.4731061740383,0.0,1.0,0.0,1.4042049886146946,94.93239695449286,,,,27
05c91985246d58a6,quality_only,16,16,16,False,True,True,True,0.0,16,0,95.47310617403828,95.47310617403828,0.0,1.0,0.0,1.4042049886146946,94.93239695449286,,,,27
05c91985246d58a6,score,0,0,16,True,False,False,False,1.0,0,0,100.0,,0.0,0.0,1.0,27.55604163141737,94.93239695449286,16.0,0.0,100.0,27
05c91985246d58a6,pareto,0,0,16,True,False,False,False,1.0,0,0,100.0,,0.0,0.0,1.0,26.631327448963106,94.93239695449286,16.0,0.0,100.0,27
05c91985246d58a6,gt_distance,0,0,16,True,False,False,False,1.0,0,0,97.60052623135596,,0.0,0.0,1.0,8.219613461269208,94.93239695449286,16.0,0.0,97.60052623135596,27
05c91985246d58a6,old_pc,1,1,1,False,False,False,False,0.0,1,0,96.07832731948278,96.07832731948278,0.0,1.0,0.0,1.3888156620217358,94.93239695449286,16.0,15.0,96.0786680934954,27
2d1c26e4b5895e96,conditional_pc,16,16,16,False,True,True,True,0.0,16,0,95.24587790760164,95.24587790760164,0.375,0.625,0.0,1.0802993181920808,94.597691234273,,,,27
2d1c26e4b5895e96,quality_only,16,16,16,False,True,True,True,0.0,16,0,95.24587790760164,95.24587790760164,0.375,0.625,0.0,1.0802993181920808,94.597691234273,,,,27
2d1c26e4b5895e96,score,3,3,16,False,False,False,False,0.8125,3,0,96.15650876940526,96.24793888272528,0.0625,0.125,0.8125,9.35134893753612,94.597691234273,16.0,0.0,96.15650876940526,27
2d1c26e4b5895e96,pareto,3,3,16,False,False,False,False,0.8125,3,0,96.15650876940526,96.24793888272528,0.0625,0.125,0.8125,9.35134893753612,94.597691234273,16.0,0.0,96.15650876940526,27
2d1c26e4b5895e96,gt_distance,4,4,16,False,True,False,False,0.75,4,0,96.05121989814222,96.17010845043248,0.125,0.125,0.75,5.30953084648211,94.597691234273,16.0,0.0,96.05121989814222,27
2d1c26e4b5895e96,old_pc,2,2,2,False,False,False,False,0.0,2,0,96.31708588752302,96.31708588752302,0.0,1.0,0.0,1.507017041570352,94.597691234273,16.0,14.0,96.31720699952314,27
1f71cdf4e4c65299,conditional_pc,16,16,16,False,True,True,True,0.0,16,0,83.29930711767379,83.29930711767379,0.3125,0.6875,0.0,1.0795374929080772,82.29465047012967,,,,25
1f71cdf4e4c65299,quality_only,16,16,16,False,True,True,True,0.0,16,0,83.29930711767379,83.29930711767379,0.3125,0.6875,0.0,1.0795374929080772,82.29465047012967,,,,25
1f71cdf4e4c65299,score,0,0,16,True,False,False,False,1.0,0,0,87.22920015546147,,0.0,0.0,1.0,22.599268637842933,82.29465047012967,16.0,0.0,87.22920015546147,25
1f71cdf4e4c65299,pareto,0,0,16,True,False,False,False,1.0,0,0,87.22920015546147,,0.0,0.0,1.0,22.599268637842933,82.29465047012967,16.0,0.0,87.22920015546147,25
1f71cdf4e4c65299,gt_distance,0,0,16,True,False,False,False,1.0,0,0,86.48710572606245,,0.0,0.0,1.0,16.30215783485299,82.29465047012967,16.0,0.0,86.48710572606245,25
1f71cdf4e4c65299,old_pc,1,1,1,False,False,False,False,0.0,1,0,83.89126507406397,83.89126507406397,0.0,1.0,0.0,1.0089044373716718,82.29465047012967,16.0,15.0,83.89219145565043,25
1b7a2afa56df5d20,conditional_pc,16,16,16,False,True,True,True,0.0,16,0,97.70157160252838,97.70157160252838,0.0,1.0,0.0,1.2885757863962373,97.06517743598022,,,,31
1b7a2afa56df5d20,quality_only,16,16,16,False,True,True,True,0.0,16,0,97.70157160252838,97.70157160252838,0.0,1.0,0.0,1.2885757863962373,97.06517743598022,,,,31
1b7a2afa56df5d20,score,0,0,16,True,False,False,False,1.0,0,0,100.0,,0.0,0.0,1.0,24.20352977330389,97.06517743598022,16.0,0.0,100.0,31
1b7a2afa56df5d20,pareto,0,0,16,True,False,False,False,1.0,0,0,100.0,,0.0,0.0,1.0,21.945621951525663,97.06517743598022,16.0,0.0,100.0,31
1b7a2afa56df5d20,gt_distance,0,0,16,True,False,False,False,1.0,0,0,99.4068053320183,,0.0,0.0,1.0,7.608875466541953,97.06517743598022,16.0,0.0,99.4068053320183,31
1b7a2afa56df5d20,old_pc,1,1,1,False,False,False,False,0.0,1,0,98.50822662064812,98.50822662064812,0.0,1.0,0.0,1.3241429284987805,97.06517743598022,16.0,15.0,98.50793157380332,31
1f37959067985e67,conditional_pc,16,16,16,False,True,True,True,0.0,16,0,90.32687091994738,90.32687091994738,0.4375,0.5625,0.0,1.0798875778487618,90.12919809004076,,,,18
1f37959067985e67,quality_only,16,16,16,False,True,True,True,0.0,16,0,90.32687091994738,90.32687091994738,0.4375,0.5625,0.0,1.0798875778487618,90.12919809004076,,,,18
1f37959067985e67,score,0,0,16,True,False,False,False,1.0,0,0,93.91199005133032,,0.0,0.0,1.0,34.03179225198251,90.12919809004076,16.0,0.0,93.91199005133032,18
1f37959067985e67,pareto,0,0,16,True,False,False,False,1.0,0,0,93.91199005133032,,0.0,0.0,1.0,34.03179225198251,90.12919809004076,16.0,0.0,93.91199005133032,18
1f37959067985e67,gt_distance,12,12,16,False,True,True,False,0.25,12,0,90.23785766717344,90.28584335547198,0.4375,0.5625,0.0,1.0396445525782805,90.12919809004076,16.0,0.0,90.23785766717344,18
1f37959067985e67,old_pc,1,1,1,False,False,False,False,0.0,1,0,90.52119810003988,90.52119810003988,0.0,1.0,0.0,1.301381739762924,90.12919809004076,16.0,15.0,90.5212053047484,18
f07db0b393fd522e,conditional_pc,16,16,16,False,True,True,True,0.0,16,0,99.9479448704084,99.9479448704084,0.25,0.75,0.0,1.146680710408181,99.30401444144955,,,,23
f07db0b393fd522e,quality_only,16,16,16,False,True,True,True,0.0,16,0,99.9479448704084,99.9479448704084,0.25,0.75,0.0,1.146680710408181,99.30401444144955,,,,23
f07db0b393fd522e,score,0,0,16,True,False,False,False,1.0,0,0,100.0,,0.0,0.0,1.0,4.723661224118634,99.30401444144955,16.0,0.0,100.0,23
f07db0b393fd522e,pareto,2,2,16,False,False,False,False,0.875,2,0,100.0,100.0,0.0625,0.0625,0.875,7.79004505054043,99.30401444144955,16.0,0.0,100.0,23
f07db0b393fd522e,gt_distance,2,2,16,False,False,False,False,0.875,2,0,100.0,100.0,0.0625,0.0625,0.875,7.79004505054043,99.30401444144955,16.0,0.0,100.0,23
f07db0b393fd522e,old_pc,16,16,16,False,True,True,True,0.0,16,0,100.0,100.0,0.4375,0.5625,0.0,1.0694328495927443,99.30401444144955,16.0,0.0,100.0,23
fa4cc4b0188c5b79,conditional_pc,16,16,16,False,True,True,True,0.0,16,0,92.93595086415168,92.93595086415168,0.25,0.75,0.0,1.1206672113132758,92.7379943096416,,,,26
fa4cc4b0188c5b79,quality_only,16,16,16,False,True,True,True,0.0,16,0,92.93595086415168,92.93595086415168,0.25,0.75,0.0,1.1206672113132758,92.7379943096416,,,,26
fa4cc4b0188c5b79,score,0,0,16,True,False,False,False,1.0,0,0,98.9975900801179,,0.0,0.0,1.0,65.38188284491174,92.7379943096416,16.0,0.0,98.9975900801179,26
fa4cc4b0188c5b79,pareto,0,0,16,True,False,False,False,1.0,0,0,98.9975900801179,,0.0,0.0,1.0,65.38188284491174,92.7379943096416,16.0,0.0,98.9975900801179,26
fa4cc4b0188c5b79,gt_distance,0,0,16,True,False,False,False,1.0,0,0,92.05390626731338,,0.0,0.125,0.875,5.988833863018085,92.7379943096416,16.0,0.0,92.05390626731338,26
fa4cc4b0188c5b79,old_pc,1,1,1,False,False,False,False,0.0,1,0,93.2447338696671,93.2447338696671,0.0,1.0,0.0,1.4042183208670247,92.7379943096416,16.0,15.0,93.24481775487936,26
eb2ede89ad9b5a6e,conditional_pc,16,16,16,False,True,True,True,0.0,16,0,95.18129470638814,95.18129470638814,0.375,0.625,0.0,1.077701380534951,94.9602008055022,,,,20
eb2ede89ad9b5a6e,quality_only,16,16,16,False,True,True,True,0.0,16,0,95.18129470638812,95.18129470638812,0.375,0.625,0.0,1.077701380534951,94.9602008055022,,,,20
eb2ede89ad9b5a6e,score,0,0,16,True,False,False,False,1.0,0,0,96.9960659782707,,0.0,0.0,1.0,25.27669642927501,94.9602008055022,16.0,0.0,96.9960659782707,20
eb2ede89ad9b5a6e,pareto,0,0,16,True,False,False,False,1.0,0,0,96.9960659782707,,0.0,0.0,1.0,25.27669642927501,94.9602008055022,16.0,0.0,96.9960659782707,20
eb2ede89ad9b5a6e,gt_distance,0,0,16,True,False,False,False,1.0,0,0,96.09006867076432,,0.0,0.0,1.0,8.344048925906518,94.9602008055022,16.0,0.0,96.09006867076432,20
eb2ede89ad9b5a6e,old_pc,1,1,1,False,False,False,False,0.0,1,0,95.48793270345092,95.48793270345092,0.0,1.0,0.0,1.1856031277460126,94.9602008055022,16.0,15.0,95.48793220365852,20
bc4345e13302535e,conditional_pc,16,16,16,False,True,True,True,0.0,16,0,85.96740531759524,85.96740531759524,0.0,1.0,0.0,1.3580216267858778,84.63709827176015,,,,37
bc4345e13302535e,quality_only,16,16,16,False,True,True,True,0.0,16,0,85.96740531759524,85.96740531759524,0.0,1.0,0.0,1.358021626785878,84.63709827176015,,,,37
bc4345e13302535e,score,0,0,16,True,False,False,False,1.0,0,0,93.18421690337976,,0.0,0.0,1.0,25.395880957431626,84.63709827176015,16.0,0.0,93.18421690337976,37
bc4345e13302535e,pareto,0,0,16,True,False,False,False,1.0,0,0,93.18421690337976,,0.0,0.0,1.0,25.395880957431626,84.63709827176015,16.0,0.0,93.18421690337976,37
bc4345e13302535e,gt_distance,0,0,16,True,False,False,False,1.0,0,0,91.5193608596412,,0.0,0.0,1.0,21.97633403217749,84.63709827176015,16.0,0.0,91.5193608596412,37
bc4345e13302535e,old_pc,1,1,1,False,False,False,False,0.0,1,0,86.47695260826777,86.47695260826777,0.0,1.0,0.0,1.0878067193729732,84.63709827176015,16.0,15.0,86.47699433904963,37
66568e650e4d57e7,conditional_pc,16,16,16,False,True,True,True,0.0,16,0,84.64539655274895,84.64539655274895,0.0,1.0,0.0,1.4114853102091554,83.59495520940379,,,,27
66568e650e4d57e7,quality_only,16,16,16,False,True,True,True,0.0,16,0,84.64539655274895,84.64539655274895,0.0,1.0,0.0,1.4114853102091554,83.59495520940379,,,,27
66568e650e4d57e7,score,0,0,16,True,False,False,False,1.0,0,0,86.35160623419331,,0.0,0.0,1.0,11.97971990562526,83.59495520940379,16.0,0.0,86.35160623419331,27
66568e650e4d57e7,pareto,0,0,16,True,False,False,False,1.0,0,0,86.35160623419331,,0.0,0.0,1.0,11.97971990562526,83.59495520940379,16.0,0.0,86.35160623419331,27
66568e650e4d57e7,gt_distance,0,0,16,True,False,False,False,1.0,0,0,86.35160623419331,,0.0,0.0,1.0,11.97971990562526,83.59495520940379,16.0,0.0,86.35160623419331,27
66568e650e4d57e7,old_pc,1,1,1,False,False,False,False,0.0,1,0,86.042067624596,86.042067624596,0.0,1.0,0.0,1.6936596024638242,83.59495520940379,16.0,15.0,86.04274498946019,27
74ae55238ee5525d,conditional_pc,16,16,16,False,True,True,True,0.0,16,0,90.5654250169289,90.5654250169289,0.0625,0.9375,0.0,1.2661564413705473,89.72802053159428,,,,31
74ae55238ee5525d,quality_only,16,16,16,False,True,True,True,0.0,16,0,90.5654250169289,90.5654250169289,0.0625,0.9375,0.0,1.2661564413705473,89.72802053159428,,,,31
74ae55238ee5525d,score,12,12,16,False,True,True,False,0.25,12,0,90.9976416540105,91.05109437179458,0.3125,0.4375,0.25,2.0076537273974107,89.72802053159428,16.0,0.0,90.9976416540105,31
74ae55238ee5525d,pareto,12,12,16,False,True,True,False,0.25,12,0,90.9976416540105,91.05109437179458,0.3125,0.4375,0.25,2.0076537273974107,89.72802053159428,16.0,0.0,90.9976416540105,31
74ae55238ee5525d,gt_distance,12,12,16,False,True,True,False,0.25,12,0,90.9976416540105,91.05109437179458,0.3125,0.4375,0.25,2.0076537273974107,89.72802053159428,16.0,0.0,90.9976416540105,31
74ae55238ee5525d,old_pc,2,2,2,False,False,False,False,0.0,2,0,91.63632786267556,91.63632786267556,0.0,1.0,0.0,1.306525087056294,89.72802053159428,16.0,14.0,91.63653667316322,31
a124b877d2b35519,conditional_pc,16,16,16,False,True,True,True,0.0,16,0,100.0,100.0,0.1875,0.8125,0.0,1.136849719995749,100.0,,,,32
a124b877d2b35519,quality_only,16,16,16,False,True,True,True,0.0,16,0,100.0,100.0,0.1875,0.8125,0.0,1.136849719995749,100.0,,,,32
a124b877d2b35519,score,0,0,16,True,False,False,False,1.0,0,0,100.0,,0.0,0.0,1.0,7.375785028149762,100.0,16.0,0.0,100.0,32
a124b877d2b35519,pareto,2,2,16,False,False,False,False,0.875,2,0,100.0,100.0,0.0,0.125,0.875,6.11109016026475,100.0,16.0,0.0,100.0,32
a124b877d2b35519,gt_distance,3,3,16,False,False,False,False,0.8125,3,0,100.0,100.0,0.0625,0.125,0.8125,5.563054755079289,100.0,16.0,0.0,100.0,32
a124b877d2b35519,old_pc,16,16,16,False,True,True,True,0.0,16,0,100.0,100.0,0.1875,0.8125,0.0,1.136849719995749,100.0,16.0,0.0,100.0,32
1c6a5ee8a5785b0e,conditional_pc,16,16,16,False,True,True,True,0.0,16,0,100.0,100.0,0.0,1.0,0.0,1.289537161484425,100.0,,,,32
1c6a5ee8a5785b0e,quality_only,16,16,16,False,True,True,True,0.0,16,0,100.0,100.0,0.0,1.0,0.0,1.289537161484425,100.0,,,,32
1c6a5ee8a5785b0e,score,1,1,16,False,False,False,False,0.9375,1,0,100.0,100.0,0.0,0.0625,0.9375,5.099078000553704,100.0,16.0,0.0,100.0,32
1c6a5ee8a5785b0e,pareto,1,1,16,False,False,False,False,0.9375,1,0,100.0,100.0,0.0625,0.0,0.9375,21.532805486840974,100.0,16.0,0.0,100.0,32
1c6a5ee8a5785b0e,gt_distance,1,1,16,False,False,False,False,0.9375,1,0,100.0,100.0,0.0625,0.0,0.9375,21.532805486840974,100.0,16.0,0.0,100.0,32
1c6a5ee8a5785b0e,old_pc,16,16,16,False,True,True,True,0.0,16,0,100.0,100.0,0.0,1.0,0.0,1.289537161484425,100.0,16.0,0.0,100.0,32
ed47cee1c67e5d43,conditional_pc,16,16,16,False,True,True,True,0.0,16,0,98.17450233445908,98.17450233445908,0.3125,0.6875,0.0,1.1915765605916602,97.95047210049024,,,,20
ed47cee1c67e5d43,quality_only,16,16,16,False,True,True,True,0.0,16,0,98.17450233445908,98.17450233445908,0.3125,0.6875,0.0,1.1915765605916602,97.95047210049024,,,,20
ed47cee1c67e5d43,score,0,0,16,True,False,False,False,1.0,0,0,99.99576915974365,,0.0,0.0,1.0,28.150780204408207,97.95047210049024,16.0,0.0,99.99576915974365,20
ed47cee1c67e5d43,pareto,0,0,16,True,False,False,False,1.0,0,0,99.99576915974365,,0.0,0.0,1.0,28.150780204408207,97.95047210049024,16.0,0.0,99.99576915974365,20
ed47cee1c67e5d43,gt_distance,7,7,16,False,True,False,False,0.5625,7,0,98.34345071798572,98.32075538829584,0.125,0.3125,0.5625,3.363262596793742,97.95047210049024,16.0,0.0,98.34345071798572,20
ed47cee1c67e5d43,old_pc,1,1,1,False,False,False,False,0.0,1,0,98.43488828968464,98.43488828968464,0.0,1.0,0.0,1.5352787817039022,97.95047210049024,16.0,15.0,98.43484414179032,20
838c6ba50bd25cd5,conditional_pc,16,16,16,False,True,True,True,0.0,16,0,95.14423732253552,95.14423732253552,0.3125,0.6875,0.0,1.0857483047624612,94.9210438715137,,,,24
838c6ba50bd25cd5,quality_only,16,16,16,False,True,True,True,0.0,16,0,95.14423732253552,95.14423732253552,0.3125,0.6875,0.0,1.0857483047624612,94.9210438715137,,,,24
838c6ba50bd25cd5,score,0,0,16,True,False,False,False,1.0,0,0,96.66947915415804,,0.0,0.0,1.0,18.794040798614176,94.9210438715137,16.0,0.0,96.66947915415804,24
838c6ba50bd25cd5,pareto,0,0,16,True,False,False,False,1.0,0,0,96.66947915415804,,0.0,0.0,1.0,18.794040798614176,94.9210438715137,16.0,0.0,96.66947915415804,24
838c6ba50bd25cd5,gt_distance,0,0,16,True,False,False,False,1.0,0,0,94.365425053238,,0.0625,0.125,0.8125,4.099967991458668,94.9210438715137,16.0,0.0,94.365425053238,24
838c6ba50bd25cd5,old_pc,1,1,1,False,False,False,False,0.0,1,0,95.39037052370732,95.39037052370732,0.0,1.0,0.0,1.138236468574778,94.9210438715137,16.0,15.0,95.39043119515908,24
089b0ec6d7d35c09,conditional_pc,16,16,16,False,True,True,True,0.0,16,0,100.0,100.0,0.3125,0.6875,0.0,1.1859958211523791,100.0,,,,32
089b0ec6d7d35c09,quality_only,16,16,16,False,True,True,True,0.0,16,0,100.0,100.0,0.3125,0.6875,0.0,1.1859958211523791,100.0,,,,32
089b0ec6d7d35c09,score,0,0,16,True,False,False,False,1.0,0,0,100.0,,0.0,0.0,1.0,4.139438534548567,100.0,16.0,0.0,100.0,32
089b0ec6d7d35c09,pareto,2,2,16,False,False,False,False,0.875,2,0,100.0,100.0,0.0625,0.0625,0.875,8.016312267069758,100.0,16.0,0.0,100.0,32
089b0ec6d7d35c09,gt_distance,2,2,16,False,False,False,False,0.875,2,0,100.0,100.0,0.0625,0.0625,0.875,3.926289739391247,100.0,16.0,0.0,100.0,32
089b0ec6d7d35c09,old_pc,16,16,16,False,True,True,True,0.0,16,0,100.0,100.0,0.3125,0.6875,0.0,1.1859958211523791,100.0,16.0,0.0,100.0,32
9dedf462b1c0528f,conditional_pc,16,16,16,False,True,True,True,0.0,16,0,97.14754605635652,97.14754605635652,0.125,0.875,0.0,1.1871716488158754,96.95985347120576,,,,28
9dedf462b1c0528f,quality_only,16,16,16,False,True,True,True,0.0,16,0,97.14754605635652,97.14754605635652,0.125,0.875,0.0,1.1871716488158754,96.95985347120576,,,,28
9dedf462b1c0528f,score,0,0,16,True,False,False,False,1.0,0,0,99.96491894406049,,0.0,0.0,1.0,35.602556816388045,96.95985347120576,16.0,0.0,99.96491894406049,28
9dedf462b1c0528f,pareto,0,0,16,True,False,False,False,1.0,0,0,99.96491894406049,,0.0,0.0,1.0,35.602556816388045,96.95985347120576,16.0,0.0,99.96491894406049,28
9dedf462b1c0528f,gt_distance,5,5,16,False,True,False,False,0.6875,5,0,97.61455082611135,97.30752115246094,0.0,0.3125,0.6875,4.593849879433515,96.95985347120576,16.0,0.0,97.61455082611135,28
9dedf462b1c0528f,old_pc,1,1,1,False,False,False,False,0.0,1,0,97.40152514719291,97.40152514719291,0.0,1.0,0.0,1.3995738264602315,96.95985347120576,16.0,15.0,97.40152053481616,28
61987c90d8635129,conditional_pc,1,1,1,False,False,False,False,0.0,1,0,100.0,100.0,0.0,1.0,0.0,1.1898620862930245,58.333333333333336,,,,1
61987c90d8635129,quality_only,1,1,1,False,False,False,False,0.0,1,0,100.0,100.0,0.0,1.0,0.0,1.1898620862930245,58.333333333333336,,,,1
61987c90d8635129,score,0,0,16,True,False,False,False,1.0,0,0,100.0,,0.0,0.0,1.0,9.140990627768907,58.333333333333336,16.0,0.0,100.0,1
61987c90d8635129,pareto,0,0,16,True,False,False,False,1.0,0,0,100.0,,0.0,0.0625,0.9375,7.418841950320651,58.333333333333336,16.0,0.0,100.0,1
61987c90d8635129,gt_distance,0,0,16,True,False,False,False,1.0,0,0,100.0,,0.0,0.0,1.0,8.813426246387113,58.333333333333336,16.0,0.0,100.0,1
61987c90d8635129,old_pc,1,1,2,False,False,False,False,0.5,1,0,100.0,100.0,0.0,1.0,0.0,1.0976763063125552,58.333333333333336,16.0,14.0,100.0,1
bbbae26a26605b08,conditional_pc,16,16,16,False,True,True,True,0.0,16,0,93.16300818708498,93.16300818708498,0.4375,0.5625,0.0,1.084146962510174,93.00297062553264,,,,16
bbbae26a26605b08,quality_only,16,16,16,False,True,True,True,0.0,16,0,93.16300818708498,93.16300818708498,0.4375,0.5625,0.0,1.084146962510174,93.00297062553264,,,,16
bbbae26a26605b08,score,0,0,16,True,False,False,False,1.0,0,0,97.14148745162208,,0.0,0.0,1.0,46.366073828376585,93.00297062553264,16.0,0.0,97.14148745162208,16
bbbae26a26605b08,pareto,0,0,16,True,False,False,False,1.0,0,0,97.14148745162208,,0.0,0.0,1.0,46.366073828376585,93.00297062553264,16.0,0.0,97.14148745162208,16
bbbae26a26605b08,gt_distance,4,4,16,False,True,False,False,0.75,4,0,93.70844369343706,93.33502301870536,0.0,0.25,0.75,4.912482529731124,93.00297062553264,16.0,0.0,93.70844369343706,16
bbbae26a26605b08,old_pc,1,1,1,False,False,False,False,0.0,1,0,93.43279496299768,93.43279496299768,0.0,1.0,0.0,1.564221349771027,93.00297062553264,16.0,15.0,93.4328019864494,16
8142f060944c56fd,conditional_pc,16,16,16,False,True,True,True,0.0,16,0,100.0,100.0,0.0,1.0,0.0,1.2966724749330083,100.0,,,,34
8142f060944c56fd,quality_only,16,16,16,False,True,True,True,0.0,16,0,100.0,100.0,0.0,1.0,0.0,1.2966724749330083,100.0,,,,34
8142f060944c56fd,score,0,0,16,True,False,False,False,1.0,0,0,100.0,,0.0,0.0,1.0,2.5566312039344314,100.0,16.0,0.0,100.0,34
8142f060944c56fd,pareto,1,1,16,False,False,False,False,0.9375,1,0,100.0,100.0,0.0,0.0625,0.9375,5.453067445692753,100.0,16.0,0.0,100.0,34
8142f060944c56fd,gt_distance,1,1,16,False,False,False,False,0.9375,1,0,100.0,100.0,0.0,0.0625,0.9375,4.779014714232239,100.0,16.0,0.0,100.0,34
8142f060944c56fd,old_pc,16,16,16,False,True,True,True,0.0,16,0,100.0,100.0,0.0,1.0,0.0,1.2966724749330083,100.0,16.0,0.0,100.0,34
2c76b8e2d1d85701,conditional_pc,7,7,7,False,True,False,False,0.0,7,0,95.62955447349586,95.62955447349586,0.0,1.0,0.0,1.424566554046519,0.0,,,,7
2c76b8e2d1d85701,quality_only,7,7,7,False,True,False,False,0.0,7,0,95.62955447349586,95.62955447349586,0.0,1.0,0.0,1.424566554046519,0.0,,,,7
2c76b8e2d1d85701,score,0,0,16,True,False,False,False,1.0,0,0,99.34144798252034,,0.0,0.0,1.0,32.80133102381649,0.0,16.0,0.0,99.34144798252034,7
2c76b8e2d1d85701,pareto,0,0,16,True,False,False,False,1.0,0,0,99.34144798252034,,0.0,0.0,1.0,32.80133102381649,0.0,16.0,0.0,99.34144798252034,7
2c76b8e2d1d85701,gt_distance,0,0,16,True,False,False,False,1.0,0,0,97.6215358342086,,0.0,0.0,1.0,11.613882093132744,0.0,16.0,0.0,97.6215358342086,7
2c76b8e2d1d85701,old_pc,0,0,1,True,False,False,False,1.0,0,0,96.2445839423408,,0.0,1.0,0.0,1.011618716985934,0.0,16.0,15.0,78.19879041587458,7
8a0b4dd476055911,conditional_pc,0,0,0,True,False,False,False,1.0,0,0,,,,,,,46.234823458786266,,,,0
8a0b4dd476055911,quality_only,0,0,0,True,False,False,False,1.0,0,0,,,,,,,46.234823458786266,,,,0
8a0b4dd476055911,score,0,0,16,True,False,False,False,1.0,0,0,89.02819336846608,,0.0,0.0,1.0,4.633379124690425,46.234823458786266,16.0,0.0,89.02819336846608,0
8a0b4dd476055911,pareto,0,0,16,True,False,False,False,1.0,0,0,68.62468681283151,,0.0,0.0,1.0,6.135934211735638,46.234823458786266,16.0,0.0,68.62468681283151,0
8a0b4dd476055911,gt_distance,0,0,16,True,False,False,False,1.0,0,0,68.62468681283151,,0.0,0.0,1.0,6.135934211735638,46.234823458786266,16.0,0.0,68.62468681283151,0
8a0b4dd476055911,old_pc,0,0,1,True,False,False,False,1.0,0,0,46.852198743042266,,0.0,1.0,0.0,1.1654313358007542,46.234823458786266,16.0,15.0,46.852213074394086,0
b8adc82de5ae50e2,conditional_pc,16,16,16,False,True,True,True,0.0,16,0,92.1132333181077,92.1132333181077,0.5625,0.4375,0.0,1.0187035741406114,91.8722263316209,,,,23
b8adc82de5ae50e2,quality_only,16,16,16,False,True,True,True,0.0,16,0,92.1132333181077,92.1132333181077,0.5625,0.4375,0.0,1.0187035741406114,91.8722263316209,,,,23
b8adc82de5ae50e2,score,0,0,16,True,False,False,False,1.0,0,0,95.0753012331985,,0.0,0.0,1.0,34.21008330454834,91.8722263316209,16.0,0.0,95.0753012331985,23
b8adc82de5ae50e2,pareto,0,0,16,True,False,False,False,1.0,0,0,95.0753012331985,,0.0,0.0,1.0,34.21008330454834,91.8722263316209,16.0,0.0,95.0753012331985,23
b8adc82de5ae50e2,gt_distance,16,16,16,False,True,True,True,0.0,16,0,92.16125544874872,92.16125544874872,0.75,0.25,0.0,0.8927081793697542,91.8722263316209,16.0,0.0,92.16125544874872,23
b8adc82de5ae50e2,old_pc,1,1,1,False,False,False,False,0.0,1,0,92.46800633270048,92.46800633270048,0.0,1.0,0.0,1.4780093534413234,91.8722263316209,16.0,15.0,92.46799985576584,23
025b2d4de25c5036,conditional_pc,16,16,16,False,True,True,True,0.0,16,0,86.4937779807222,86.4937779807222,0.4375,0.5625,0.0,1.047524882032131,85.16064962332676,,,,23
025b2d4de25c5036,quality_only,16,16,16,False,True,True,True,0.0,16,0,86.4937779807222,86.4937779807222,0.4375,0.5625,0.0,1.047524882032131,85.16064962332676,,,,23
025b2d4de25c5036,score,0,0,16,True,False,False,False,1.0,0,0,88.81726237268666,,0.0,0.0,1.0,7.608998925723289,85.16064962332676,16.0,0.0,88.81726237268666,23
025b2d4de25c5036,pareto,0,0,16,True,False,False,False,1.0,0,0,88.81726237268666,,0.0,0.0,1.0,7.608998925723289,85.16064962332676,16.0,0.0,88.81726237268666,23
025b2d4de25c5036,gt_distance,0,0,16,True,False,False,False,1.0,0,0,88.81726237268666,,0.0,0.0,1.0,7.608998925723289,85.16064962332676,16.0,0.0,88.81726237268666,23
025b2d4de25c5036,old_pc,1,1,1,False,False,False,False,0.0,1,0,87.13985307725548,87.13985307725548,0.0,1.0,0.0,1.3780679210405158,85.16064962332676,16.0,15.0,87.1400046664301,23
9a7fc4d0041650fc,conditional_pc,16,16,16,False,True,True,True,0.0,16,0,100.0,100.0,0.0,1.0,0.0,1.2744105227724858,100.0,,,,35
9a7fc4d0041650fc,quality_only,16,16,16,False,True,True,True,0.0,16,0,100.0,100.0,0.0,1.0,0.0,1.2744105227724858,100.0,,,,35
9a7fc4d0041650fc,score,0,0,16,True,False,False,False,1.0,0,0,100.0,,0.0,0.0,1.0,10.214768176559463,100.0,16.0,0.0,100.0,35
9a7fc4d0041650fc,pareto,2,2,16,False,False,False,False,0.875,2,0,100.0,100.0,0.0625,0.0625,0.875,16.36040348869325,100.0,16.0,0.0,100.0,35
9a7fc4d0041650fc,gt_distance,2,2,16,False,False,False,False,0.875,2,0,100.0,100.0,0.0625,0.0625,0.875,12.544025617936567,100.0,16.0,0.0,100.0,35
9a7fc4d0041650fc,old_pc,16,16,16,False,True,True,True,0.0,16,0,100.0,100.0,0.0,1.0,0.0,1.2744105227724858,100.0,16.0,0.0,100.0,35
ad1af1160bd05ef7,conditional_pc,16,16,16,False,True,True,True,0.0,16,0,99.9024864925682,99.9024864925682,0.0,1.0,0.0,1.3838289768143393,99.47683318864136,,,,29
ad1af1160bd05ef7,quality_only,16,16,16,False,True,True,True,0.0,16,0,99.9024864925682,99.9024864925682,0.0,1.0,0.0,1.3838289768143393,99.47683318864136,,,,29
ad1af1160bd05ef7,score,10,10,16,False,True,True,False,0.375,10,0,100.0,100.0,0.25,0.375,0.375,2.094496011223462,99.47683318864136,16.0,0.0,100.0,29
ad1af1160bd05ef7,pareto,1,1,16,False,False,False,False,0.9375,1,0,100.0,100.0,0.0,0.0625,0.9375,11.915428558208063,99.47683318864136,16.0,0.0,100.0,29
ad1af1160bd05ef7,gt_distance,6,6,16,False,True,False,False,0.625,6,0,100.0,100.0,0.125,0.25,0.625,3.3498479306141986,99.47683318864136,16.0,0.0,100.0,29
ad1af1160bd05ef7,old_pc,14,14,14,False,True,True,False,0.0,14,0,100.0,100.0,0.2857142857142857,0.7142857142857143,0.0,1.239498023709484,99.47683318864136,16.0,2.0,100.0,29
d4185f4edc7e54e5,conditional_pc,16,16,16,False,True,True,True,0.0,16,0,100.0,100.0,0.0,1.0,0.0,1.1333369301850276,100.0,,,,31
d4185f4edc7e54e5,quality_only,16,16,16,False,True,True,True,0.0,16,0,100.0,100.0,0.0,1.0,0.0,1.1333369301850276,100.0,,,,31
d4185f4edc7e54e5,score,0,0,16,True,False,False,False,1.0,0,0,100.0,,0.0,0.0,1.0,12.248624819335596,100.0,16.0,0.0,100.0,31
d4185f4edc7e54e5,pareto,2,2,16,False,False,False,False,0.875,2,0,100.0,100.0,0.0,0.125,0.875,14.33369857539986,100.0,16.0,0.0,100.0,31
d4185f4edc7e54e5,gt_distance,1,1,16,False,False,False,False,0.9375,1,0,100.0,100.0,0.0625,0.0,0.9375,11.339044749665645,100.0,16.0,0.0,100.0,31
d4185f4edc7e54e5,old_pc,16,16,16,False,True,True,True,0.0,16,0,100.0,100.0,0.0,1.0,0.0,1.1333369301850276,100.0,16.0,0.0,100.0,31
1b1311d50d47553f,conditional_pc,16,16,16,False,True,True,True,0.0,16,0,91.3347011550669,91.3347011550669,0.375,0.625,0.0,1.0739790342112154,91.1671591643152,,,,17
1b1311d50d47553f,quality_only,16,16,16,False,True,True,True,0.0,16,0,91.3347011550669,91.3347011550669,0.375,0.625,0.0,1.0739790342112154,91.1671591643152,,,,17
1b1311d50d47553f,score,0,0,16,True,False,False,False,1.0,0,0,93.53777361357906,,0.0,0.0,1.0,28.42180951704299,91.1671591643152,16.0,0.0,93.53777361357906,17
1b1311d50d47553f,pareto,0,0,16,True,False,False,False,1.0,0,0,93.53777361357906,,0.0,0.0,1.0,28.42180951704299,91.1671591643152,16.0,0.0,93.53777361357906,17
1b1311d50d47553f,gt_distance,15,15,16,False,True,True,False,0.0625,15,0,91.31368309264356,91.31253235824016,0.375,0.5625,0.0625,1.723432034681411,91.1671591643152,16.0,0.0,91.31368309264356,17
1b1311d50d47553f,old_pc,1,1,1,False,False,False,False,0.0,1,0,91.66723310746796,91.66723310746796,0.0,1.0,0.0,1.431034931381482,91.1671591643152,16.0,15.0,91.6672410691946,17
573ac67fb17a5a71,conditional_pc,16,16,16,False,True,True,True,0.0,16,0,99.9126266060236,99.9126266060236,0.0,1.0,0.0,1.7029792781985351,99.10440588571868,,,,34
573ac67fb17a5a71,quality_only,16,16,16,False,True,True,True,0.0,16,0,99.9126266060236,99.9126266060236,0.0,1.0,0.0,1.7029792781985351,99.10440588571868,,,,34
573ac67fb17a5a71,score,2,2,16,False,False,False,False,0.875,2,0,100.0,100.0,0.0,0.125,0.875,5.238980510484884,99.10440588571868,16.0,0.0,100.0,34
573ac67fb17a5a71,pareto,0,0,16,True,False,False,False,1.0,0,0,100.0,,0.0,0.0,1.0,16.836236886894028,99.10440588571868,16.0,0.0,100.0,34
573ac67fb17a5a71,gt_distance,0,0,16,True,False,False,False,1.0,0,0,100.0,,0.0,0.0,1.0,10.823562739221328,99.10440588571868,16.0,0.0,100.0,34
573ac67fb17a5a71,old_pc,4,4,4,False,True,False,False,0.0,4,0,100.0,100.0,0.0,1.0,0.0,1.5599095350807146,99.10440588571868,16.0,12.0,100.0,34
da8c9449da6854ed,conditional_pc,16,16,16,False,True,True,True,0.0,16,0,96.01529997343472,96.01529997343472,0.0,1.0,0.0,1.4559492148313151,95.22050840118509,,,,34
da8c9449da6854ed,quality_only,16,16,16,False,True,True,True,0.0,16,0,96.01529997343472,96.01529997343472,0.0,1.0,0.0,1.4559492148313151,95.22050840118509,,,,34
da8c9449da6854ed,score,0,0,16,True,False,False,False,1.0,0,0,98.22710009801084,,0.0,0.0,1.0,21.203791159868963,95.22050840118509,16.0,0.0,98.22710009801084,34
da8c9449da6854ed,pareto,0,0,16,True,False,False,False,1.0,0,0,98.22710009801084,,0.0,0.0,1.0,21.203791159868963,95.22050840118509,16.0,0.0,98.22710009801084,34
da8c9449da6854ed,gt_distance,0,0,16,True,False,False,False,1.0,0,0,96.64820685735252,,0.0,0.0,1.0,5.723432601472662,95.22050840118509,16.0,0.0,96.64820685735252,34
da8c9449da6854ed,old_pc,1,1,1,False,False,False,False,0.0,1,0,96.17122295384829,96.17122295384829,0.0,1.0,0.0,1.4171547804066675,95.22050840118509,16.0,15.0,96.17122614846036,34
7f2409d7f6705308,conditional_pc,16,16,16,False,True,True,True,0.0,16,0,94.71340537417008,94.71340537417008,0.5,0.5,0.0,1.0293619105266958,94.50060284220211,,,,17
7f2409d7f6705308,quality_only,16,16,16,False,True,True,True,0.0,16,0,94.71340537417008,94.71340537417008,0.5,0.5,0.0,1.0293619105266958,94.50060284220211,,,,17
7f2409d7f6705308,score,0,0,16,True,False,False,False,1.0,0,0,96.39032642029666,,0.0,0.0,1.0,26.236989684607185,94.50060284220211,16.0,0.0,96.39032642029666,17
7f2409d7f6705308,pareto,0,0,16,True,False,False,False,1.0,0,0,96.39032642029666,,0.0,0.0,1.0,26.236989684607185,94.50060284220211,16.0,0.0,96.39032642029666,17
7f2409d7f6705308,gt_distance,1,1,16,False,False,False,False,0.9375,1,0,94.36332765918084,94.50998546202295,0.3125,0.5,0.1875,2.10340354985969,94.50060284220211,16.0,0.0,94.36332765918084,17
7f2409d7f6705308,old_pc,1,1,1,False,False,False,False,0.0,1,0,94.97407583553392,94.97407583553392,0.0,1.0,0.0,1.5470304962524992,94.50060284220211,16.0,15.0,94.97403712630864,17
94ae5d67804c539d,conditional_pc,16,16,16,False,True,True,True,0.0,16,0,91.00169728612155,91.00169728612155,0.625,0.375,0.0,1.042459145529968,90.5579622722028,,,,27
94ae5d67804c539d,quality_only,16,16,16,False,True,True,True,0.0,16,0,91.00169728612155,91.00169728612155,0.625,0.375,0.0,1.042459145529968,90.5579622722028,,,,27
94ae5d67804c539d,score,0,0,16,True,False,False,False,1.0,0,0,91.80339092496452,,0.0,0.0,1.0,15.672018734836929,90.5579622722028,16.0,0.0,91.80339092496452,27
94ae5d67804c539d,pareto,0,0,16,True,False,False,False,1.0,0,0,91.80339092496452,,0.0,0.0,1.0,15.672018734836929,90.5579622722028,16.0,0.0,91.80339092496452,27
94ae5d67804c539d,gt_distance,0,0,16,True,False,False,False,1.0,0,0,91.80339092496452,,0.0,0.0,1.0,15.672018734836929,90.5579622722028,16.0,0.0,91.80339092496452,27
94ae5d67804c539d,old_pc,1,1,1,False,False,False,False,0.0,1,0,91.46057819573704,91.46057819573704,0.0,1.0,0.0,1.58127239245436,90.5579622722028,16.0,15.0,91.46056519203836,27
4f9a94c1302e56d8,conditional_pc,16,16,16,False,True,True,True,0.0,16,0,88.75974802100002,88.75974802100002,0.5,0.5,0.0,1.0575330678174155,87.6231844329458,,,,28
4f9a94c1302e56d8,quality_only,16,16,16,False,True,True,True,0.0,16,0,88.75974802100002,88.75974802100002,0.5,0.5,0.0,1.0575330678174155,87.6231844329458,,,,28
4f9a94c1302e56d8,score,0,0,16,True,False,False,False,1.0,0,0,98.55362535519868,,0.0,0.0,1.0,34.369213484073526,87.6231844329458,16.0,0.0,98.55362535519868,28
4f9a94c1302e56d8,pareto,0,0,16,True,False,False,False,1.0,0,0,98.55362535519868,,0.0,0.0,1.0,34.369213484073526,87.6231844329458,16.0,0.0,98.55362535519868,28
4f9a94c1302e56d8,gt_distance,16,16,16,False,True,True,True,0.0,16,0,88.90652047792983,88.90652047792983,0.75,0.25,0.0,0.9881905844864968,87.6231844329458,16.0,0.0,88.90652047792983,28
4f9a94c1302e56d8,old_pc,1,1,1,False,False,False,False,0.0,1,0,89.7356882422983,89.7356882422983,0.0,1.0,0.0,1.318083418711502,87.6231844329458,16.0,15.0,89.73585524614617,28
ed54b128881a5278,conditional_pc,16,16,16,False,True,True,True,0.0,16,0,92.1052890394629,92.1052890394629,0.0,1.0,0.0,1.2778838478707022,91.57462564228692,,,,32
ed54b128881a5278,quality_only,16,16,16,False,True,True,True,0.0,16,0,92.1052890394629,92.1052890394629,0.0,1.0,0.0,1.2778838478707022,91.57462564228692,,,,32
ed54b128881a5278,score,0,0,16,True,False,False,False,1.0,0,0,93.67355380660425,,0.0,0.0,1.0,19.286627898757622,91.57462564228692,16.0,0.0,93.67355380660425,32
ed54b128881a5278,pareto,0,0,16,True,False,False,False,1.0,0,0,93.67355380660425,,0.0,0.0,1.0,19.286627898757622,91.57462564228692,16.0,0.0,93.67355380660425,32
ed54b128881a5278,gt_distance,9,9,16,False,True,True,False,0.4375,9,0,91.89785210941908,91.92437661508926,0.4375,0.125,0.4375,2.7637635302847534,91.57462564228692,16.0,0.0,91.89785210941908,32
ed54b128881a5278,old_pc,1,1,1,False,False,False,False,0.0,1,0,92.45405176328048,92.45405176328048,0.0,1.0,0.0,1.2806599737294042,91.57462564228692,16.0,15.0,92.45405332895102,32
21c8e0c8fe5f5495,conditional_pc,16,16,16,False,True,True,True,0.0,16,0,85.80357531124801,85.80357531124801,0.0,1.0,0.0,1.219954097948441,85.56460494731004,,,,32
21c8e0c8fe5f5495,quality_only,16,16,16,False,True,True,True,0.0,16,0,85.80357531124801,85.80357531124801,0.0,1.0,0.0,1.219954097948441,85.56460494731004,,,,32
21c8e0c8fe5f5495,score,0,0,16,True,False,False,False,1.0,0,0,87.47011229091268,,0.0,0.0,1.0,20.113613933970136,85.56460494731004,16.0,0.0,87.47011229091268,32
21c8e0c8fe5f5495,pareto,0,0,16,True,False,False,False,1.0,0,0,87.47011229091268,,0.0,0.0,1.0,20.113613933970136,85.56460494731004,16.0,0.0,87.47011229091268,32
21c8e0c8fe5f5495,gt_distance,0,0,16,True,False,False,False,1.0,0,0,86.61113752873766,,0.0,0.0,1.0,7.848916941564936,85.56460494731004,16.0,0.0,86.61113752873766,32
21c8e0c8fe5f5495,old_pc,1,1,1,False,False,False,False,0.0,1,0,85.95010217573304,85.95010217573304,0.0,1.0,0.0,1.0426614576669693,85.56460494731004,16.0,15.0,85.95006028234346,32
24ab9ae0499950e9,conditional_pc,16,16,16,False,True,True,True,0.0,16,0,87.15525212124032,87.15525212124032,0.0,1.0,0.0,1.3283525379970738,85.8634849222276,,,,80
24ab9ae0499950e9,quality_only,16,16,16,False,True,True,True,0.0,16,0,87.15525212124032,87.15525212124032,0.0,1.0,0.0,1.3283525379970738,85.8634849222276,,,,80
24ab9ae0499950e9,score,7,7,16,False,True,False,False,0.5625,7,0,87.25235890748098,87.17106270507176,0.0,0.4375,0.5625,2.0262325496741096,85.8634849222276,16.0,0.0,87.25235890748098,80
24ab9ae0499950e9,pareto,7,7,16,False,True,False,False,0.5625,7,0,87.25235890748098,87.17106270507176,0.0,0.4375,0.5625,2.0262325496741096,85.8634849222276,16.0,0.0,87.25235890748098,80
24ab9ae0499950e9,gt_distance,7,7,16,False,True,False,False,0.5625,7,0,87.25235890748098,87.17106270507176,0.0,0.4375,0.5625,2.0262325496741096,85.8634849222276,16.0,0.0,87.25235890748098,80
24ab9ae0499950e9,old_pc,1,1,1,False,False,False,False,0.0,1,0,87.19904352347888,87.19904352347888,0.0,1.0,0.0,1.4269756958498565,85.8634849222276,16.0,15.0,87.19904479465221,80
0d24b5cc9f005fe0,conditional_pc,16,16,16,False,True,True,True,0.0,16,0,98.51424015149448,98.51424015149448,0.5625,0.4375,0.0,1.063111424724586,98.0820599840353,,,,25
0d24b5cc9f005fe0,quality_only,16,16,16,False,True,True,True,0.0,16,0,98.51424015149448,98.51424015149448,0.5625,0.4375,0.0,1.063111424724586,98.0820599840353,,,,25
0d24b5cc9f005fe0,score,0,0,16,True,False,False,False,1.0,0,0,100.0,,0.0,0.0,1.0,15.692113743531468,98.0820599840353,16.0,0.0,100.0,25
0d24b5cc9f005fe0,pareto,0,0,16,True,False,False,False,1.0,0,0,100.0,,0.0,0.0,1.0,15.188194706345644,98.0820599840353,16.0,0.0,100.0,25
0d24b5cc9f005fe0,gt_distance,0,0,16,True,False,False,False,1.0,0,0,96.0579595397344,,0.0,0.0,1.0,17.149260626676696,98.0820599840353,16.0,0.0,96.0579595397344,25
0d24b5cc9f005fe0,old_pc,1,1,1,False,False,False,False,0.0,1,0,98.98886212699446,98.98886212699446,0.0,1.0,0.0,1.1796746480901752,98.0820599840353,16.0,15.0,98.98887806420096,25
c3cb403773505798,conditional_pc,16,16,16,False,True,True,True,0.0,16,0,97.7628956883408,97.7628956883408,0.0,1.0,0.0,1.2766920270658964,97.35036694044548,,,,29
c3cb403773505798,quality_only,16,16,16,False,True,True,True,0.0,16,0,97.7628956883408,97.7628956883408,0.0,1.0,0.0,1.2766920270658964,97.35036694044548,,,,29
c3cb403773505798,score,0,0,16,True,False,False,False,1.0,0,0,100.0,,0.0,0.0,1.0,19.55009860721613,97.35036694044548,16.0,0.0,100.0,29
c3cb403773505798,pareto,0,0,16,True,False,False,False,1.0,0,0,100.0,,0.0,0.0,1.0,19.23286981503638,97.35036694044548,16.0,0.0,100.0,29
c3cb403773505798,gt_distance,0,0,16,True,False,False,False,1.0,0,0,98.7351901282489,,0.0,0.0,1.0,5.944909956623734,97.35036694044548,16.0,0.0,98.7351901282489,29
c3cb403773505798,old_pc,1,1,1,False,False,False,False,0.0,1,0,98.14693005016268,98.14693005016268,0.0,1.0,0.0,1.315692173516656,97.35036694044548,16.0,15.0,98.14695894531744,29
b696a6cffd3a5700,conditional_pc,0,0,0,True,False,False,False,1.0,0,0,,,,,,,58.333333333333336,,,,0
b696a6cffd3a5700,quality_only,0,0,0,True,False,False,False,1.0,0,0,,,,,,,58.333333333333336,,,,0
b696a6cffd3a5700,score,0,0,16,True,False,False,False,1.0,0,0,100.0,,0.0,0.0,1.0,4.433315445393247,58.333333333333336,16.0,0.0,100.0,0
b696a6cffd3a5700,pareto,0,0,16,True,False,False,False,1.0,0,0,100.0,,0.0,0.0,1.0,7.211394637505409,58.333333333333336,16.0,0.0,100.0,0
b696a6cffd3a5700,gt_distance,0,0,16,True,False,False,False,1.0,0,0,100.0,,0.0,0.0,1.0,7.582785676800642,58.333333333333336,16.0,0.0,100.0,0
b696a6cffd3a5700,old_pc,0,0,1,True,False,False,False,1.0,0,0,100.0,,0.0,1.0,0.0,1.776148263806521,58.333333333333336,16.0,15.0,100.0,0
0a02ef840f2d5d8e,conditional_pc,16,16,16,False,True,True,True,0.0,16,0,95.02475084798776,95.02475084798776,0.0,1.0,0.0,1.2924526249211794,94.03565880529948,,,,28
0a02ef840f2d5d8e,quality_only,16,16,16,False,True,True,True,0.0,16,0,95.02475084798776,95.02475084798776,0.0,1.0,0.0,1.2924526249211794,94.03565880529948,,,,28
0a02ef840f2d5d8e,score,0,0,16,True,False,False,False,1.0,0,0,96.55358137181264,,0.0,0.0,1.0,12.5210218371218,94.03565880529948,16.0,0.0,96.55358137181264,28
0a02ef840f2d5d8e,pareto,0,0,16,True,False,False,False,1.0,0,0,96.55358137181264,,0.0,0.0,1.0,12.5210218371218,94.03565880529948,16.0,0.0,96.55358137181264,28
0a02ef840f2d5d8e,gt_distance,0,0,16,True,False,False,False,1.0,0,0,96.55358137181264,,0.0,0.0,1.0,12.5210218371218,94.03565880529948,16.0,0.0,96.55358137181264,28
0a02ef840f2d5d8e,old_pc,1,1,1,False,False,False,False,0.0,1,0,95.43980395371176,95.43980395371176,0.0,1.0,0.0,1.0037076651622132,94.03565880529948,16.0,15.0,95.43979554679538,28
ee0d56667d9755c2,conditional_pc,16,16,16,False,True,True,True,0.0,16,0,93.66094280862086,93.66094280862086,0.1875,0.8125,0.0,1.2922316147352435,93.27337145894964,,,,23
ee0d56667d9755c2,quality_only,16,16,16,False,True,True,True,0.0,16,0,93.66094280862087,93.66094280862087,0.1875,0.8125,0.0,1.2922316147352435,93.27337145894964,,,,23
ee0d56667d9755c2,score,0,0,16,True,False,False,False,1.0,0,0,95.22763723966897,,0.0,0.0,1.0,25.493259464259992,93.27337145894964,16.0,0.0,95.22763723966897,23
ee0d56667d9755c2,pareto,0,0,16,True,False,False,False,1.0,0,0,95.22763723966897,,0.0,0.0,1.0,25.493259464259992,93.27337145894964,16.0,0.0,95.22763723966897,23
ee0d56667d9755c2,gt_distance,0,0,16,True,False,False,False,1.0,0,0,94.91113415010936,,0.0,0.0,1.0,13.41114670546948,93.27337145894964,16.0,0.0,94.91113415010936,23
ee0d56667d9755c2,old_pc,1,1,1,False,False,False,False,0.0,1,0,93.97323744038565,93.97323744038565,0.0,1.0,0.0,1.448405481677695,93.27337145894964,16.0,15.0,93.97324850233048,23
575564a1b87c5502,conditional_pc,16,16,16,False,True,True,True,0.0,16,0,100.0,100.0,0.25,0.75,0.0,1.0921462711446124,100.0,,,,31
575564a1b87c5502,quality_only,16,16,16,False,True,True,True,0.0,16,0,100.0,100.0,0.25,0.75,0.0,1.0921462711446124,100.0,,,,31
575564a1b87c5502,score,0,0,16,True,False,False,False,1.0,0,0,100.0,,0.0,0.0,1.0,2.915562534087362,100.0,16.0,0.0,100.0,31
575564a1b87c5502,pareto,0,0,16,True,False,False,False,1.0,0,0,100.0,,0.0,0.0,1.0,16.691775627377474,100.0,16.0,0.0,100.0,31
575564a1b87c5502,gt_distance,0,0,16,True,False,False,False,1.0,0,0,100.0,,0.0,0.0,1.0,15.231396647581713,100.0,16.0,0.0,100.0,31
575564a1b87c5502,old_pc,16,16,16,False,True,True,True,0.0,16,0,100.0,100.0,0.25,0.75,0.0,1.0921462711446122,100.0,16.0,0.0,100.0,31
7e5d78b37ed653b1,conditional_pc,16,16,16,False,True,True,True,0.0,16,0,92.12003047180472,92.12003047180472,0.5,0.5,0.0,0.998520550699263,91.7529744668807,,,,18
7e5d78b37ed653b1,quality_only,16,16,16,False,True,True,True,0.0,16,0,92.12003047180472,92.12003047180472,0.5,0.5,0.0,0.9985205506992628,91.7529744668807,,,,18
7e5d78b37ed653b1,score,0,0,16,True,False,False,False,1.0,0,0,96.78552496836146,,0.0,0.0,1.0,46.6654129425576,91.7529744668807,16.0,0.0,96.78552496836146,18
7e5d78b37ed653b1,pareto,0,0,16,True,False,False,False,1.0,0,0,96.78552496836146,,0.0,0.0,1.0,46.6654129425576,91.7529744668807,16.0,0.0,96.78552496836146,18
7e5d78b37ed653b1,gt_distance,0,0,16,True,False,False,False,1.0,0,0,90.82718323412465,,0.0,0.0,1.0,8.494923226743033,91.7529744668807,16.0,0.0,90.82718323412465,18
7e5d78b37ed653b1,old_pc,1,1,1,False,False,False,False,0.0,1,0,92.2954847373639,92.2954847373639,0.0,1.0,0.0,1.0910564772729716,91.7529744668807,16.0,15.0,92.29550938458898,18
b003c9652cb05ffd,conditional_pc,16,16,16,False,True,True,True,0.0,16,0,100.0,100.0,0.0,1.0,0.0,1.4629152705824169,100.0,,,,86
b003c9652cb05ffd,quality_only,16,16,16,False,True,True,True,0.0,16,0,100.0,100.0,0.0,1.0,0.0,1.4629152705824169,100.0,,,,86
b003c9652cb05ffd,score,12,12,16,False,True,True,False,0.25,12,0,100.0,100.0,0.0,0.75,0.25,1.8802024621276747,100.0,16.0,0.0,100.0,86
b003c9652cb05ffd,pareto,3,3,16,False,False,False,False,0.8125,3,0,100.0,100.0,0.0,0.1875,0.8125,7.478232148078504,100.0,16.0,0.0,100.0,86
b003c9652cb05ffd,gt_distance,4,4,16,False,True,False,False,0.75,4,0,100.0,100.0,0.0625,0.1875,0.75,5.130143409459588,100.0,16.0,0.0,100.0,86
b003c9652cb05ffd,old_pc,16,16,16,False,True,True,True,0.0,16,0,100.0,100.0,0.0,1.0,0.0,1.4629152705824169,100.0,16.0,0.0,100.0,86
a9e5ed5e52b555bb,conditional_pc,16,16,16,False,True,True,True,0.0,16,0,99.88049261270451,99.88049261270451,0.0,1.0,0.0,1.1917916181047694,99.22921344492951,,,,23
a9e5ed5e52b555bb,quality_only,16,16,16,False,True,True,True,0.0,16,0,99.88049261270451,99.88049261270451,0.0,1.0,0.0,1.1917916181047694,99.22921344492951,,,,23
a9e5ed5e52b555bb,score,0,0,16,True,False,False,False,1.0,0,0,100.0,,0.0,0.0,1.0,21.928867354987744,99.22921344492951,16.0,0.0,100.0,23
a9e5ed5e52b555bb,pareto,1,1,16,False,False,False,False,0.9375,1,0,100.0,100.0,0.0,0.0625,0.9375,15.011173744882797,99.22921344492951,16.0,0.0,100.0,23
a9e5ed5e52b555bb,gt_distance,0,0,16,True,False,False,False,1.0,0,0,100.0,,0.0,0.0,1.0,19.88177727844157,99.22921344492951,16.0,0.0,100.0,23
a9e5ed5e52b555bb,old_pc,8,8,8,False,True,True,False,0.0,8,0,99.999054937244,99.999054937244,0.0,1.0,0.0,1.1963957105139875,99.22921344492951,16.0,8.0,99.99903826746812,23
a2c048ba29a85ad0,conditional_pc,16,16,16,False,True,True,True,0.0,16,0,91.37577208182128,91.37577208182128,0.0,1.0,0.0,1.1710510203854176,88.94096097793508,,,,29
a2c048ba29a85ad0,quality_only,16,16,16,False,True,True,True,0.0,16,0,91.37577208182128,91.37577208182128,0.0,1.0,0.0,1.1710510203854176,88.94096097793508,,,,29
a2c048ba29a85ad0,score,0,0,16,True,False,False,False,1.0,0,0,100.0,,0.0,0.0,1.0,15.40140754036003,88.94096097793508,16.0,0.0,100.0,29
a2c048ba29a85ad0,pareto,0,0,16,True,False,False,False,1.0,0,0,100.0,,0.0,0.0,1.0,15.856531282024964,88.94096097793508,16.0,0.0,100.0,29
a2c048ba29a85ad0,gt_distance,11,11,16,False,True,True,False,0.3125,11,0,92.98063335364311,91.91772593350684,0.25,0.4375,0.3125,2.020431227245598,88.94096097793508,16.0,0.0,92.98063335364311,29
a2c048ba29a85ad0,old_pc,1,1,1,False,False,False,False,0.0,1,0,93.40139017626858,93.40139017626858,0.0,1.0,0.0,1.4272090794478876,88.94096097793508,16.0,15.0,93.40033480070618,29
90cee81074335c3c,conditional_pc,16,16,16,False,True,True,True,0.0,16,0,95.3770447525612,95.3770447525612,0.0,1.0,0.0,1.3023185526728334,93.10428681229884,,,,33
90cee81074335c3c,quality_only,16,16,16,False,True,True,True,0.0,16,0,95.3770447525612,95.3770447525612,0.0,1.0,0.0,1.3023185526728334,93.10428681229884,,,,33
90cee81074335c3c,score,0,0,16,True,False,False,False,1.0,0,0,100.0,,0.0,0.0,1.0,21.654197682598262,93.10428681229884,16.0,0.0,100.0,33
90cee81074335c3c,pareto,0,0,16,True,False,False,False,1.0,0,0,100.0,,0.0,0.0,1.0,25.591991557485365,93.10428681229884,16.0,0.0,100.0,33
90cee81074335c3c,gt_distance,0,0,16,True,False,False,False,1.0,0,0,99.94159443827282,,0.0,0.0,1.0,14.579377423117691,93.10428681229884,16.0,0.0,99.94159443827282,33
90cee81074335c3c,old_pc,1,1,1,False,False,False,False,0.0,1,0,95.88448367762471,95.88448367762471,0.0,1.0,0.0,1.0210870863960633,93.10428681229884,16.0,15.0,95.88472082456,33
f40040c002375188,conditional_pc,16,16,16,False,True,True,True,0.0,16,0,97.17278249158645,97.17278249158645,0.4375,0.5625,0.0,1.0744343714030768,96.91668117191068,,,,20
f40040c002375188,quality_only,16,16,16,False,True,True,True,0.0,16,0,97.17278249158645,97.17278249158645,0.4375,0.5625,0.0,1.0744343714030768,96.91668117191068,,,,20
f40040c002375188,score,0,0,16,True,False,False,False,1.0,0,0,99.11396992610732,,0.0,0.0,1.0,38.09609491625739,96.91668117191068,16.0,0.0,99.11396992610732,20
f40040c002375188,pareto,0,0,16,True,False,False,False,1.0,0,0,99.11396992610732,,0.0,0.0,1.0,38.09609491625739,96.91668117191068,16.0,0.0,99.11396992610732,20
f40040c002375188,gt_distance,0,0,16,True,False,False,False,1.0,0,0,98.83381710130642,,0.0,0.0,1.0,18.545901140851225,96.91668117191068,16.0,0.0,98.83381710130642,20
f40040c002375188,old_pc,1,1,1,False,False,False,False,0.0,1,0,97.39823611496398,97.39823611496398,0.0,1.0,0.0,1.0948173555066412,96.91668117191068,16.0,15.0,97.3982559971915,20
7ff1d8c18a215751,conditional_pc,16,16,16,False,True,True,True,0.0,16,0,85.09508340961986,85.09508340961986,0.6875,0.3125,0.0,0.9766651185232544,84.05327201625585,,,,19
7ff1d8c18a215751,quality_only,16,16,16,False,True,True,True,0.0,16,0,85.09508340961986,85.09508340961986,0.6875,0.3125,0.0,0.9766651185232544,84.05327201625585,,,,19
7ff1d8c18a215751,score,0,0,16,True,False,False,False,1.0,0,0,97.77562112551456,,0.0,0.0,1.0,38.21449555441853,84.05327201625585,16.0,0.0,97.77562112551456,19
7ff1d8c18a215751,pareto,0,0,16,True,False,False,False,1.0,0,0,97.77562112551456,,0.0,0.0,1.0,38.21449555441853,84.05327201625585,16.0,0.0,97.77562112551456,19
7ff1d8c18a215751,gt_distance,14,14,16,False,True,True,False,0.125,14,0,85.0808143909433,85.12350578340934,0.625,0.25,0.125,1.2030590822381106,84.05327201625585,16.0,0.0,85.0808143909433,19
7ff1d8c18a215751,old_pc,1,1,1,False,False,False,False,0.0,1,0,86.31601667875564,86.31601667875564,0.0,1.0,0.0,1.0860695330178445,84.05327201625585,16.0,15.0,86.31613361876099,19
2eaf758421aa5190,conditional_pc,16,16,16,False,True,True,True,0.0,16,0,94.38063582549874,94.38063582549874,0.4375,0.5625,0.0,1.0939955383766846,92.95365307459682,,,,23
2eaf758421aa5190,quality_only,16,16,16,False,True,True,True,0.0,16,0,94.38063582549874,94.38063582549874,0.4375,0.5625,0.0,1.0939955383766846,92.95365307459682,,,,23
2eaf758421aa5190,score,0,0,16,True,False,False,False,1.0,0,0,100.0,,0.0,0.0,1.0,18.588807613153747,92.95365307459682,16.0,0.0,100.0,23
2eaf758421aa5190,pareto,0,0,16,True,False,False,False,1.0,0,0,100.0,,0.0,0.0,1.0,20.250481899287845,92.95365307459682,16.0,0.0,100.0,23
2eaf758421aa5190,gt_distance,0,0,16,True,False,False,False,1.0,0,0,99.90299447482136,,0.0,0.0,1.0,15.542977006850522,92.95365307459682,16.0,0.0,99.90299447482136,23
2eaf758421aa5190,old_pc,1,1,1,False,False,False,False,0.0,1,0,95.98908996071772,95.98908996071772,0.0,1.0,0.0,1.1861710108188834,92.95365307459682,16.0,15.0,95.98915344132595,23
4bfb866afaf35777,conditional_pc,16,16,16,False,True,True,True,0.0,16,0,100.0,100.0,0.0,1.0,0.0,1.171680289075272,100.0,,,,31
4bfb866afaf35777,quality_only,16,16,16,False,True,True,True,0.0,16,0,100.0,100.0,0.0,1.0,0.0,1.171680289075272,100.0,,,,31
4bfb866afaf35777,score,0,0,16,True,False,False,False,1.0,0,0,100.0,,0.0,0.0,1.0,13.193626389820407,100.0,16.0,0.0,100.0,31
4bfb866afaf35777,pareto,2,2,16,False,False,False,False,0.875,2,0,100.0,100.0,0.0,0.125,0.875,24.079131067404877,100.0,16.0,0.0,100.0,31
4bfb866afaf35777,gt_distance,2,2,16,False,False,False,False,0.875,2,0,100.0,100.0,0.0,0.125,0.875,24.079131067404877,100.0,16.0,0.0,100.0,31
4bfb866afaf35777,old_pc,16,16,16,False,True,True,True,0.0,16,0,100.0,100.0,0.0,1.0,0.0,1.171680289075272,100.0,16.0,0.0,100.0,31
