scene_id,split,benchmark,method,stage,variant,seed,round,sample_index,teacher_source,teacher_status,raw_source_file,aggregate_score,NC,DAC,DDC,EP,TTC,C,feasible,zero_score,initial_failure,recovered,new_failure,baseline_aggregate_score,transition_from_scalar,root_cause_group
00016f8b45c25a1d,navtest,NAVSIM v1,scalar GRPO,FF-PGRPO,scalar_grpo,,,0,,,outputs/navtest_hard_stable_zero658_recogdrive_stage3_vs_pdms914505_20260727/per_token_comparison.csv,0.0,1.0,0.0,0.0,0.0,1.0,1.0,False,True,True,False,False,0.0,baseline,DAC_all_fail
000d6961709c5904,navtest,NAVSIM v1,scalar GRPO,FF-PGRPO,scalar_grpo,,,0,,,outputs/navtest_hard_stable_zero658_recogdrive_stage3_vs_pdms914505_20260727/per_token_comparison.csv,0.5833333333333334,1.0,1.0,1.0,1.0,0.0,1.0,True,False,True,True,False,0.5833333333333334,baseline,NC_all_fail
00137a5ce92d591c,navtest,NAVSIM v1,scalar GRPO,FF-PGRPO,scalar_grpo,,,0,,,outputs/navtest_hard_stable_zero658_recogdrive_stage3_vs_pdms914505_20260727/per_token_comparison.csv,0.0,1.0,0.0,1.0,0.0,1.0,1.0,False,True,True,False,False,0.0,baseline,DAC_all_fail
00fcad6d092c5e8e,navtest,NAVSIM v1,scalar GRPO,FF-PGRPO,scalar_grpo,,,0,,,outputs/navtest_hard_stable_zero658_recogdrive_stage3_vs_pdms914505_20260727/per_token_comparison.csv,0.0,0.0,1.0,1.0,0.0,0.0,1.0,False,True,True,False,False,0.0,baseline,NC_all_fail
01876d7aa6f55554,navtest,NAVSIM v1,scalar GRPO,FF-PGRPO,scalar_grpo,,,0,,,outputs/navtest_hard_stable_zero658_recogdrive_stage3_vs_pdms914505_20260727/per_token_comparison.csv,0.0,1.0,0.0,1.0,0.0,1.0,1.0,False,True,True,False,False,0.0,baseline,DAC_all_fail
01e3dbb4fbcd5781,navtest,NAVSIM v1,scalar GRPO,FF-PGRPO,scalar_grpo,,,0,,,outputs/navtest_hard_stable_zero658_recogdrive_stage3_vs_pdms914505_20260727/per_token_comparison.csv,1.0,1.0,1.0,1.0,1.0,1.0,1.0,True,False,True,True,False,1.0,baseline,DAC_all_fail
022cc20c8dd45bc5,navtest,NAVSIM v1,scalar GRPO,FF-PGRPO,scalar_grpo,,,0,,,outputs/navtest_hard_stable_zero658_recogdrive_stage3_vs_pdms914505_20260727/per_token_comparison.csv,1.0,1.0,1.0,1.0,1.0,1.0,1.0,True,False,True,True,False,1.0,baseline,NC_all_fail
026e84581e0f5044,navtest,NAVSIM v1,scalar GRPO,FF-PGRPO,scalar_grpo,,,0,,,outputs/navtest_hard_stable_zero658_recogdrive_stage3_vs_pdms914505_20260727/per_token_comparison.csv,0.9457874371560534,1.0,1.0,1.0,0.869889849174528,1.0,1.0,True,False,True,True,False,0.9457874371560534,baseline,DAC_all_fail
0278f1a2ae3b5ae5,navtest,NAVSIM v1,scalar GRPO,FF-PGRPO,scalar_grpo,,,0,,,outputs/navtest_hard_stable_zero658_recogdrive_stage3_vs_pdms914505_20260727/per_token_comparison.csv,0.9299705322924426,1.0,1.0,1.0,0.8319292775018623,1.0,1.0,True,False,True,True,False,0.9299705322924426,baseline,DAC_all_fail
029585f0509d52b0,navtest,NAVSIM v1,scalar GRPO,FF-PGRPO,scalar_grpo,,,0,,,outputs/navtest_hard_stable_zero658_recogdrive_stage3_vs_pdms914505_20260727/per_token_comparison.csv,0.9151727433490432,1.0,1.0,1.0,0.7964145840377039,1.0,1.0,True,False,True,True,False,0.9151727433490432,baseline,DAC_all_fail
02cc0007d6755abc,navtest,NAVSIM v1,scalar GRPO,FF-PGRPO,scalar_grpo,,,0,,,outputs/navtest_hard_stable_zero658_recogdrive_stage3_vs_pdms914505_20260727/per_token_comparison.csv,0.9153102042544874,1.0,1.0,1.0,0.7967444902107697,1.0,1.0,True,False,True,True,False,0.9153102042544874,baseline,DAC_all_fail
02d9591fc6de53c8,navtest,NAVSIM v1,scalar GRPO,FF-PGRPO,scalar_grpo,,,0,,,outputs/navtest_hard_stable_zero658_recogdrive_stage3_vs_pdms914505_20260727/per_token_comparison.csv,0.9728912832762932,1.0,1.0,1.0,0.9349390798631034,1.0,1.0,True,False,True,True,False,0.9728912832762932,baseline,DAC_all_fail
02e3c13aa3975b02,navtest,NAVSIM v1,scalar GRPO,FF-PGRPO,scalar_grpo,,,0,,,outputs/navtest_hard_stable_zero658_recogdrive_stage3_vs_pdms914505_20260727/per_token_comparison.csv,0.9439475550832248,1.0,1.0,1.0,0.8654741321997395,1.0,1.0,True,False,True,True,False,0.9439475550832248,baseline,DAC_all_fail
02f75336f9f55e4f,navtest,NAVSIM v1,scalar GRPO,FF-PGRPO,scalar_grpo,,,0,,,outputs/navtest_hard_stable_zero658_recogdrive_stage3_vs_pdms914505_20260727/per_token_comparison.csv,0.5833333333333334,1.0,1.0,1.0,1.0,0.0,1.0,True,False,True,True,False,0.5833333333333334,baseline,DAC_all_fail
037b976caae85af5,navtest,NAVSIM v1,scalar GRPO,FF-PGRPO,scalar_grpo,,,0,,,outputs/navtest_hard_stable_zero658_recogdrive_stage3_vs_pdms914505_20260727/per_token_comparison.csv,0.8595598341173724,1.0,1.0,1.0,0.6629436018816935,1.0,1.0,True,False,True,True,False,0.8595598341173724,baseline,DAC_all_fail
03aa8a0576a25b63,navtest,NAVSIM v1,scalar GRPO,FF-PGRPO,scalar_grpo,,,0,,,outputs/navtest_hard_stable_zero658_recogdrive_stage3_vs_pdms914505_20260727/per_token_comparison.csv,0.0,1.0,0.0,1.0,0.0,1.0,1.0,False,True,True,False,False,0.0,baseline,DAC_all_fail
03d1885be4355a79,navtest,NAVSIM v1,scalar GRPO,FF-PGRPO,scalar_grpo,,,0,,,outputs/navtest_hard_stable_zero658_recogdrive_stage3_vs_pdms914505_20260727/per_token_comparison.csv,0.0,1.0,0.0,1.0,0.0,1.0,1.0,False,True,True,False,False,0.0,baseline,DAC_all_fail
043524c9126f5893,navtest,NAVSIM v1,scalar GRPO,FF-PGRPO,scalar_grpo,,,0,,,outputs/navtest_hard_stable_zero658_recogdrive_stage3_vs_pdms914505_20260727/per_token_comparison.csv,0.9336016790050486,1.0,1.0,1.0,0.8406440296121168,1.0,1.0,True,False,True,True,False,0.9336016790050486,baseline,DAC_all_fail
04f548a98d695310,navtest,NAVSIM v1,scalar GRPO,FF-PGRPO,scalar_grpo,,,0,,,outputs/navtest_hard_stable_zero658_recogdrive_stage3_vs_pdms914505_20260727/per_token_comparison.csv,0.0,0.0,1.0,1.0,0.0,0.0,1.0,False,True,True,False,False,0.0,baseline,NC_all_fail
04fbbb5817255f30,navtest,NAVSIM v1,scalar GRPO,FF-PGRPO,scalar_grpo,,,0,,,outputs/navtest_hard_stable_zero658_recogdrive_stage3_vs_pdms914505_20260727/per_token_comparison.csv,0.0,0.0,1.0,1.0,0.0,0.0,1.0,False,True,True,False,False,0.0,baseline,NC_all_fail
0614c017a1f65b80,navtest,NAVSIM v1,scalar GRPO,FF-PGRPO,scalar_grpo,,,0,,,outputs/navtest_hard_stable_zero658_recogdrive_stage3_vs_pdms914505_20260727/per_token_comparison.csv,0.0,1.0,0.0,1.0,0.0,1.0,1.0,False,True,True,False,False,0.0,baseline,DAC_all_fail
06279fdb46815c6c,navtest,NAVSIM v1,scalar GRPO,FF-PGRPO,scalar_grpo,,,0,,,outputs/navtest_hard_stable_zero658_recogdrive_stage3_vs_pdms914505_20260727/per_token_comparison.csv,0.0,0.0,1.0,1.0,0.0,0.0,1.0,False,True,True,False,False,0.0,baseline,NC_all_fail
0695553567185c3c,navtest,NAVSIM v1,scalar GRPO,FF-PGRPO,scalar_grpo,,,0,,,outputs/navtest_hard_stable_zero658_recogdrive_stage3_vs_pdms914505_20260727/per_token_comparison.csv,0.0,0.0,1.0,1.0,0.0,0.0,1.0,False,True,True,False,False,0.0,baseline,NC_all_fail
0747dcc3a9b7501f,navtest,NAVSIM v1,scalar GRPO,FF-PGRPO,scalar_grpo,,,0,,,outputs/navtest_hard_stable_zero658_recogdrive_stage3_vs_pdms914505_20260727/per_token_comparison.csv,0.0,0.5,0.0,1.0,0.0,0.0,1.0,False,True,True,False,False,0.0,baseline,DAC_all_fail
07c46d77aba054ec,navtest,NAVSIM v1,scalar GRPO,FF-PGRPO,scalar_grpo,,,0,,,outputs/navtest_hard_stable_zero658_recogdrive_stage3_vs_pdms914505_20260727/per_token_comparison.csv,0.0,0.0,1.0,0.5,0.0,0.0,1.0,False,True,True,False,False,0.0,baseline,NC_all_fail
082ea12d7b2355cb,navtest,NAVSIM v1,scalar GRPO,FF-PGRPO,scalar_grpo,,,0,,,outputs/navtest_hard_stable_zero658_recogdrive_stage3_vs_pdms914505_20260727/per_token_comparison.csv,1.0,1.0,1.0,1.0,1.0,1.0,1.0,True,False,True,True,False,1.0,baseline,DAC_all_fail
09034d77d3b15c5a,navtest,NAVSIM v1,scalar GRPO,FF-PGRPO,scalar_grpo,,,0,,,outputs/navtest_hard_stable_zero658_recogdrive_stage3_vs_pdms914505_20260727/per_token_comparison.csv,0.0,1.0,0.0,1.0,0.0,1.0,1.0,False,True,True,False,False,0.0,baseline,DAC_all_fail
09d9a0cd32c25dee,navtest,NAVSIM v1,scalar GRPO,FF-PGRPO,scalar_grpo,,,0,,,outputs/navtest_hard_stable_zero658_recogdrive_stage3_vs_pdms914505_20260727/per_token_comparison.csv,0.0,1.0,0.0,1.0,0.0,1.0,1.0,False,True,True,False,False,0.0,baseline,DAC_all_fail
0ae4ce0255695d31,navtest,NAVSIM v1,scalar GRPO,FF-PGRPO,scalar_grpo,,,0,,,outputs/navtest_hard_stable_zero658_recogdrive_stage3_vs_pdms914505_20260727/per_token_comparison.csv,0.8049242824086634,1.0,1.0,1.0,0.5318182777807923,1.0,1.0,True,False,True,True,False,0.8049242824086634,baseline,DAC_all_fail
0c027fc454685c14,navtest,NAVSIM v1,scalar GRPO,FF-PGRPO,scalar_grpo,,,0,,,outputs/navtest_hard_stable_zero658_recogdrive_stage3_vs_pdms914505_20260727/per_token_comparison.csv,0.9519498127537566,1.0,1.0,1.0,0.8846795506090156,1.0,1.0,True,False,True,True,False,0.9519498127537566,baseline,DAC_all_fail
0c4f97d3255155e4,navtest,NAVSIM v1,scalar GRPO,FF-PGRPO,scalar_grpo,,,0,,,outputs/navtest_hard_stable_zero658_recogdrive_stage3_vs_pdms914505_20260727/per_token_comparison.csv,0.0,1.0,0.0,1.0,0.0,1.0,1.0,False,True,True,False,False,0.0,baseline,DAC_all_fail
0d63314a528159c9,navtest,NAVSIM v1,scalar GRPO,FF-PGRPO,scalar_grpo,,,0,,,outputs/navtest_hard_stable_zero658_recogdrive_stage3_vs_pdms914505_20260727/per_token_comparison.csv,0.9678667774050764,1.0,1.0,1.0,0.9228802657721832,1.0,1.0,True,False,True,True,False,0.9678667774050764,baseline,DAC_all_fail
0d74b112df715917,navtest,NAVSIM v1,scalar GRPO,FF-PGRPO,scalar_grpo,,,0,,,outputs/navtest_hard_stable_zero658_recogdrive_stage3_vs_pdms914505_20260727/per_token_comparison.csv,0.0,0.0,1.0,1.0,0.0,0.0,1.0,False,True,True,False,False,0.0,baseline,NC_all_fail
0e2f2cb6712550b7,navtest,NAVSIM v1,scalar GRPO,FF-PGRPO,scalar_grpo,,,0,,,outputs/navtest_hard_stable_zero658_recogdrive_stage3_vs_pdms914505_20260727/per_token_comparison.csv,1.0,1.0,1.0,1.0,1.0,1.0,1.0,True,False,True,True,False,1.0,baseline,DAC_all_fail
0e60a3a86ce2570d,navtest,NAVSIM v1,scalar GRPO,FF-PGRPO,scalar_grpo,,,0,,,outputs/navtest_hard_stable_zero658_recogdrive_stage3_vs_pdms914505_20260727/per_token_comparison.csv,0.7908353516829209,1.0,1.0,1.0,0.49800484403901,1.0,1.0,True,False,True,True,False,0.7908353516829209,baseline,DAC_all_fail
0eeeee655d415970,navtest,NAVSIM v1,scalar GRPO,FF-PGRPO,scalar_grpo,,,0,,,outputs/navtest_hard_stable_zero658_recogdrive_stage3_vs_pdms914505_20260727/per_token_comparison.csv,0.0,0.0,1.0,1.0,0.0,0.0,1.0,False,True,True,False,False,0.0,baseline,NC_all_fail
0f422a003dab525e,navtest,NAVSIM v1,scalar GRPO,FF-PGRPO,scalar_grpo,,,0,,,outputs/navtest_hard_stable_zero658_recogdrive_stage3_vs_pdms914505_20260727/per_token_comparison.csv,0.0,1.0,0.0,1.0,0.0,1.0,1.0,False,True,True,False,False,0.0,baseline,DAC_all_fail
0ffcae2811b257ee,navtest,NAVSIM v1,scalar GRPO,FF-PGRPO,scalar_grpo,,,0,,,outputs/navtest_hard_stable_zero658_recogdrive_stage3_vs_pdms914505_20260727/per_token_comparison.csv,0.0,0.0,0.0,1.0,0.0,0.0,1.0,False,True,True,False,False,0.0,baseline,NC_all_fail
10b9d1b254f35a74,navtest,NAVSIM v1,scalar GRPO,FF-PGRPO,scalar_grpo,,,0,,,outputs/navtest_hard_stable_zero658_recogdrive_stage3_vs_pdms914505_20260727/per_token_comparison.csv,0.0,0.0,0.0,1.0,0.0,0.0,1.0,False,True,True,False,False,0.0,baseline,NC_and_DAC_all_fail
10d0706cdc655c9f,navtest,NAVSIM v1,scalar GRPO,FF-PGRPO,scalar_grpo,,,0,,,outputs/navtest_hard_stable_zero658_recogdrive_stage3_vs_pdms914505_20260727/per_token_comparison.csv,0.9422754168604452,1.0,1.0,1.0,0.8614610004650685,1.0,1.0,True,False,True,True,False,0.9422754168604452,baseline,DAC_all_fail
112db94505025ec5,navtest,NAVSIM v1,scalar GRPO,FF-PGRPO,scalar_grpo,,,0,,,outputs/navtest_hard_stable_zero658_recogdrive_stage3_vs_pdms914505_20260727/per_token_comparison.csv,0.0,1.0,0.0,0.0,0.0,1.0,1.0,False,True,True,False,False,0.0,baseline,DAC_all_fail
113d448b6ea8555c,navtest,NAVSIM v1,scalar GRPO,FF-PGRPO,scalar_grpo,,,0,,,outputs/navtest_hard_stable_zero658_recogdrive_stage3_vs_pdms914505_20260727/per_token_comparison.csv,0.0,1.0,0.0,1.0,0.0,1.0,1.0,False,True,True,False,False,0.0,baseline,DAC_all_fail
1148c72f141c532d,navtest,NAVSIM v1,scalar GRPO,FF-PGRPO,scalar_grpo,,,0,,,outputs/navtest_hard_stable_zero658_recogdrive_stage3_vs_pdms914505_20260727/per_token_comparison.csv,0.0,0.0,0.0,1.0,0.0,0.0,1.0,False,True,True,False,False,0.0,baseline,NC_and_DAC_all_fail
117b147622605d6a,navtest,NAVSIM v1,scalar GRPO,FF-PGRPO,scalar_grpo,,,0,,,outputs/navtest_hard_stable_zero658_recogdrive_stage3_vs_pdms914505_20260727/per_token_comparison.csv,0.979063704931407,1.0,1.0,1.0,0.9497528918353768,1.0,1.0,True,False,True,True,False,0.979063704931407,baseline,NC_all_fail
132307b3c1a55f97,navtest,NAVSIM v1,scalar GRPO,FF-PGRPO,scalar_grpo,,,0,,,outputs/navtest_hard_stable_zero658_recogdrive_stage3_vs_pdms914505_20260727/per_token_comparison.csv,1.0,1.0,1.0,1.0,1.0,1.0,1.0,True,False,True,True,False,1.0,baseline,DAC_all_fail
13310ca9a7715154,navtest,NAVSIM v1,scalar GRPO,FF-PGRPO,scalar_grpo,,,0,,,outputs/navtest_hard_stable_zero658_recogdrive_stage3_vs_pdms914505_20260727/per_token_comparison.csv,0.8348413093158361,1.0,1.0,1.0,0.6036191423580067,1.0,1.0,True,False,True,True,False,0.8348413093158361,baseline,DAC_all_fail
1347c91c511a5918,navtest,NAVSIM v1,scalar GRPO,FF-PGRPO,scalar_grpo,,,0,,,outputs/navtest_hard_stable_zero658_recogdrive_stage3_vs_pdms914505_20260727/per_token_comparison.csv,0.0,1.0,0.0,1.0,0.0,1.0,1.0,False,True,True,False,False,0.0,baseline,DAC_all_fail
137f854539c45fe1,navtest,NAVSIM v1,scalar GRPO,FF-PGRPO,scalar_grpo,,,0,,,outputs/navtest_hard_stable_zero658_recogdrive_stage3_vs_pdms914505_20260727/per_token_comparison.csv,1.0,1.0,1.0,1.0,1.0,1.0,1.0,True,False,True,True,False,1.0,baseline,DAC_all_fail
13cd1cf21a4f5acb,navtest,NAVSIM v1,scalar GRPO,FF-PGRPO,scalar_grpo,,,0,,,outputs/navtest_hard_stable_zero658_recogdrive_stage3_vs_pdms914505_20260727/per_token_comparison.csv,0.912474271742592,1.0,1.0,1.0,0.7899382521822202,1.0,1.0,True,False,True,True,False,0.912474271742592,baseline,DAC_all_fail
13fa82d6564e5bac,navtest,NAVSIM v1,scalar GRPO,FF-PGRPO,scalar_grpo,,,0,,,outputs/navtest_hard_stable_zero658_recogdrive_stage3_vs_pdms914505_20260727/per_token_comparison.csv,0.0,1.0,0.0,1.0,0.0,1.0,1.0,False,True,True,False,False,0.0,baseline,DAC_all_fail
14297ef551f652d3,navtest,NAVSIM v1,scalar GRPO,FF-PGRPO,scalar_grpo,,,0,,,outputs/navtest_hard_stable_zero658_recogdrive_stage3_vs_pdms914505_20260727/per_token_comparison.csv,1.0,1.0,1.0,1.0,1.0,1.0,1.0,True,False,True,True,False,1.0,baseline,DAC_all_fail
143989e6ed115458,navtest,NAVSIM v1,scalar GRPO,FF-PGRPO,scalar_grpo,,,0,,,outputs/navtest_hard_stable_zero658_recogdrive_stage3_vs_pdms914505_20260727/per_token_comparison.csv,0.9304885700363936,1.0,1.0,1.0,0.8331725680873444,1.0,1.0,True,False,True,True,False,0.9304885700363936,baseline,DAC_all_fail
144116b6c1e35d3e,navtest,NAVSIM v1,scalar GRPO,FF-PGRPO,scalar_grpo,,,0,,,outputs/navtest_hard_stable_zero658_recogdrive_stage3_vs_pdms914505_20260727/per_token_comparison.csv,0.9684739606091336,1.0,1.0,1.0,0.9243375054619206,1.0,1.0,True,False,True,True,False,0.9684739606091336,baseline,DAC_all_fail
14b270ee5a395ea9,navtest,NAVSIM v1,scalar GRPO,FF-PGRPO,scalar_grpo,,,0,,,outputs/navtest_hard_stable_zero658_recogdrive_stage3_vs_pdms914505_20260727/per_token_comparison.csv,0.9835132183922556,1.0,1.0,1.0,0.9604317241414136,1.0,1.0,True,False,True,True,False,0.9835132183922556,baseline,DAC_all_fail
150505a546335d5d,navtest,NAVSIM v1,scalar GRPO,FF-PGRPO,scalar_grpo,,,0,,,outputs/navtest_hard_stable_zero658_recogdrive_stage3_vs_pdms914505_20260727/per_token_comparison.csv,0.0,1.0,0.0,1.0,0.0,1.0,1.0,False,True,True,False,False,0.0,baseline,DAC_all_fail
157ad2289b20545e,navtest,NAVSIM v1,scalar GRPO,FF-PGRPO,scalar_grpo,,,0,,,outputs/navtest_hard_stable_zero658_recogdrive_stage3_vs_pdms914505_20260727/per_token_comparison.csv,0.0,1.0,0.0,0.0,0.0,1.0,1.0,False,True,True,False,False,0.0,baseline,DAC_all_fail
159972aee8265c33,navtest,NAVSIM v1,scalar GRPO,FF-PGRPO,scalar_grpo,,,0,,,outputs/navtest_hard_stable_zero658_recogdrive_stage3_vs_pdms914505_20260727/per_token_comparison.csv,1.0,1.0,1.0,1.0,1.0,1.0,1.0,True,False,True,True,False,1.0,baseline,DAC_all_fail
159b8a11bd775e91,navtest,NAVSIM v1,scalar GRPO,FF-PGRPO,scalar_grpo,,,0,,,outputs/navtest_hard_stable_zero658_recogdrive_stage3_vs_pdms914505_20260727/per_token_comparison.csv,0.0,0.0,1.0,1.0,0.0,0.0,1.0,False,True,True,False,False,0.0,baseline,NC_all_fail
1766fa78fd10576e,navtest,NAVSIM v1,scalar GRPO,FF-PGRPO,scalar_grpo,,,0,,,outputs/navtest_hard_stable_zero658_recogdrive_stage3_vs_pdms914505_20260727/per_token_comparison.csv,1.0,1.0,1.0,1.0,1.0,1.0,1.0,True,False,True,True,False,1.0,baseline,NC_all_fail
177b58cd935356f2,navtest,NAVSIM v1,scalar GRPO,FF-PGRPO,scalar_grpo,,,0,,,outputs/navtest_hard_stable_zero658_recogdrive_stage3_vs_pdms914505_20260727/per_token_comparison.csv,0.5833333333333334,1.0,1.0,1.0,1.0,0.0,1.0,True,False,True,True,False,0.5833333333333334,baseline,NC_all_fail
17aa66edae0e5214,navtest,NAVSIM v1,scalar GRPO,FF-PGRPO,scalar_grpo,,,0,,,outputs/navtest_hard_stable_zero658_recogdrive_stage3_vs_pdms914505_20260727/per_token_comparison.csv,0.0,1.0,0.0,1.0,0.0,1.0,1.0,False,True,True,False,False,0.0,baseline,DAC_all_fail
18492b6ce9905b13,navtest,NAVSIM v1,scalar GRPO,FF-PGRPO,scalar_grpo,,,0,,,outputs/navtest_hard_stable_zero658_recogdrive_stage3_vs_pdms914505_20260727/per_token_comparison.csv,0.9431001494596608,1.0,1.0,1.0,0.863440358703186,1.0,1.0,True,False,True,True,False,0.9431001494596608,baseline,DAC_all_fail
184c11a8cc875403,navtest,NAVSIM v1,scalar GRPO,FF-PGRPO,scalar_grpo,,,0,,,outputs/navtest_hard_stable_zero658_recogdrive_stage3_vs_pdms914505_20260727/per_token_comparison.csv,0.9583362237343752,1.0,1.0,1.0,0.9000069369625004,1.0,1.0,True,False,True,True,False,0.9583362237343752,baseline,DAC_all_fail
18649e595e7b51ab,navtest,NAVSIM v1,scalar GRPO,FF-PGRPO,scalar_grpo,,,0,,,outputs/navtest_hard_stable_zero658_recogdrive_stage3_vs_pdms914505_20260727/per_token_comparison.csv,1.0,1.0,1.0,1.0,1.0,1.0,1.0,True,False,True,True,False,1.0,baseline,DAC_all_fail
19611832f7595b10,navtest,NAVSIM v1,scalar GRPO,FF-PGRPO,scalar_grpo,,,0,,,outputs/navtest_hard_stable_zero658_recogdrive_stage3_vs_pdms914505_20260727/per_token_comparison.csv,1.0,1.0,1.0,1.0,1.0,1.0,1.0,True,False,True,True,False,1.0,baseline,DAC_all_fail
196cb93444b35dd7,navtest,NAVSIM v1,scalar GRPO,FF-PGRPO,scalar_grpo,,,0,,,outputs/navtest_hard_stable_zero658_recogdrive_stage3_vs_pdms914505_20260727/per_token_comparison.csv,0.8334424069795586,1.0,1.0,1.0,0.6002617767509408,1.0,1.0,True,False,True,True,False,0.8334424069795586,baseline,DAC_all_fail
1975d15fde2955ff,navtest,NAVSIM v1,scalar GRPO,FF-PGRPO,scalar_grpo,,,0,,,outputs/navtest_hard_stable_zero658_recogdrive_stage3_vs_pdms914505_20260727/per_token_comparison.csv,0.0,0.0,1.0,0.0,0.0,0.0,1.0,False,True,True,False,False,0.0,baseline,NC_all_fail
1979ed31b57b59ea,navtest,NAVSIM v1,scalar GRPO,FF-PGRPO,scalar_grpo,,,0,,,outputs/navtest_hard_stable_zero658_recogdrive_stage3_vs_pdms914505_20260727/per_token_comparison.csv,0.0,0.0,1.0,1.0,0.0,0.0,1.0,False,True,True,False,False,0.0,baseline,NC_all_fail
1981a85eb4ba5001,navtest,NAVSIM v1,scalar GRPO,FF-PGRPO,scalar_grpo,,,0,,,outputs/navtest_hard_stable_zero658_recogdrive_stage3_vs_pdms914505_20260727/per_token_comparison.csv,0.0,0.0,1.0,0.0,0.0,0.0,1.0,False,True,True,False,False,0.0,baseline,NC_all_fail
19a79abcf14059d2,navtest,NAVSIM v1,scalar GRPO,FF-PGRPO,scalar_grpo,,,0,,,outputs/navtest_hard_stable_zero658_recogdrive_stage3_vs_pdms914505_20260727/per_token_comparison.csv,0.0,0.0,1.0,1.0,0.0,0.0,1.0,False,True,True,False,False,0.0,baseline,NC_all_fail
19d7afdb02055502,navtest,NAVSIM v1,scalar GRPO,FF-PGRPO,scalar_grpo,,,0,,,outputs/navtest_hard_stable_zero658_recogdrive_stage3_vs_pdms914505_20260727/per_token_comparison.csv,0.9329925500639318,1.0,1.0,1.0,0.8391821201534365,1.0,1.0,True,False,True,True,False,0.9329925500639318,baseline,DAC_all_fail
19f8a93df08452b5,navtest,NAVSIM v1,scalar GRPO,FF-PGRPO,scalar_grpo,,,0,,,outputs/navtest_hard_stable_zero658_recogdrive_stage3_vs_pdms914505_20260727/per_token_comparison.csv,0.8947101805986634,1.0,1.0,1.0,0.7473044334367921,1.0,1.0,True,False,True,True,False,0.8947101805986634,baseline,DAC_all_fail
1a0605b15ce0596b,navtest,NAVSIM v1,scalar GRPO,FF-PGRPO,scalar_grpo,,,0,,,outputs/navtest_hard_stable_zero658_recogdrive_stage3_vs_pdms914505_20260727/per_token_comparison.csv,0.0,0.0,1.0,1.0,0.0,0.0,1.0,False,True,True,False,False,0.0,baseline,NC_all_fail
1a37d69ab5805f15,navtest,NAVSIM v1,scalar GRPO,FF-PGRPO,scalar_grpo,,,0,,,outputs/navtest_hard_stable_zero658_recogdrive_stage3_vs_pdms914505_20260727/per_token_comparison.csv,0.9748479727330214,1.0,1.0,1.0,0.9396351345592516,1.0,1.0,True,False,True,True,False,0.9748479727330214,baseline,DAC_all_fail
1a4d88c3ccc6586d,navtest,NAVSIM v1,scalar GRPO,FF-PGRPO,scalar_grpo,,,0,,,outputs/navtest_hard_stable_zero658_recogdrive_stage3_vs_pdms914505_20260727/per_token_comparison.csv,0.0,1.0,0.0,1.0,0.0,1.0,1.0,False,True,True,False,False,0.0,baseline,DAC_all_fail
1a5351601d8f52da,navtest,NAVSIM v1,scalar GRPO,FF-PGRPO,scalar_grpo,,,0,,,outputs/navtest_hard_stable_zero658_recogdrive_stage3_vs_pdms914505_20260727/per_token_comparison.csv,0.9488638791716412,1.0,1.0,1.0,0.877273310011939,1.0,1.0,True,False,True,True,False,0.9488638791716412,baseline,NC_all_fail
1b4499d988b052ce,navtest,NAVSIM v1,scalar GRPO,FF-PGRPO,scalar_grpo,,,0,,,outputs/navtest_hard_stable_zero658_recogdrive_stage3_vs_pdms914505_20260727/per_token_comparison.csv,0.0,0.0,1.0,1.0,0.0,0.0,1.0,False,True,True,False,False,0.0,baseline,NC_all_fail
1b5521472b795718,navtest,NAVSIM v1,scalar GRPO,FF-PGRPO,scalar_grpo,,,0,,,outputs/navtest_hard_stable_zero658_recogdrive_stage3_vs_pdms914505_20260727/per_token_comparison.csv,1.0,1.0,1.0,1.0,1.0,1.0,1.0,True,False,True,True,False,1.0,baseline,NC_all_fail
1c77ba7488d35c52,navtest,NAVSIM v1,scalar GRPO,FF-PGRPO,scalar_grpo,,,0,,,outputs/navtest_hard_stable_zero658_recogdrive_stage3_vs_pdms914505_20260727/per_token_comparison.csv,0.9245508074403396,1.0,1.0,1.0,0.8189219378568149,1.0,1.0,True,False,True,True,False,0.9245508074403396,baseline,DAC_all_fail
1e1913cd8d035225,navtest,NAVSIM v1,scalar GRPO,FF-PGRPO,scalar_grpo,,,0,,,outputs/navtest_hard_stable_zero658_recogdrive_stage3_vs_pdms914505_20260727/per_token_comparison.csv,1.0,1.0,1.0,1.0,1.0,1.0,1.0,True,False,True,True,False,1.0,baseline,NC_all_fail
1e2e250cbb555fe6,navtest,NAVSIM v1,scalar GRPO,FF-PGRPO,scalar_grpo,,,0,,,outputs/navtest_hard_stable_zero658_recogdrive_stage3_vs_pdms914505_20260727/per_token_comparison.csv,0.0,1.0,0.0,1.0,0.0,1.0,1.0,False,True,True,False,False,0.0,baseline,DAC_all_fail
1e4df42d4cea5416,navtest,NAVSIM v1,scalar GRPO,FF-PGRPO,scalar_grpo,,,0,,,outputs/navtest_hard_stable_zero658_recogdrive_stage3_vs_pdms914505_20260727/per_token_comparison.csv,0.5833333333333334,1.0,1.0,1.0,1.0,0.0,1.0,True,False,True,True,False,0.5833333333333334,baseline,NC_all_fail
1e60548b4c00538a,navtest,NAVSIM v1,scalar GRPO,FF-PGRPO,scalar_grpo,,,0,,,outputs/navtest_hard_stable_zero658_recogdrive_stage3_vs_pdms914505_20260727/per_token_comparison.csv,0.0,1.0,0.0,1.0,0.0,1.0,1.0,False,True,True,False,False,0.0,baseline,DAC_all_fail
1ea152f7056659a9,navtest,NAVSIM v1,scalar GRPO,FF-PGRPO,scalar_grpo,,,0,,,outputs/navtest_hard_stable_zero658_recogdrive_stage3_vs_pdms914505_20260727/per_token_comparison.csv,0.0,1.0,0.0,1.0,0.0,1.0,1.0,False,True,True,False,False,0.0,baseline,DAC_all_fail
1ebd95c73644569f,navtest,NAVSIM v1,scalar GRPO,FF-PGRPO,scalar_grpo,,,0,,,outputs/navtest_hard_stable_zero658_recogdrive_stage3_vs_pdms914505_20260727/per_token_comparison.csv,0.0,1.0,0.0,1.0,0.0,1.0,1.0,False,True,True,False,False,0.0,baseline,DAC_all_fail
1f174dcc44335ad6,navtest,NAVSIM v1,scalar GRPO,FF-PGRPO,scalar_grpo,,,0,,,outputs/navtest_hard_stable_zero658_recogdrive_stage3_vs_pdms914505_20260727/per_token_comparison.csv,0.9470945832326864,1.0,1.0,1.0,0.8730269997584473,1.0,1.0,True,False,True,True,False,0.9470945832326864,baseline,DAC_all_fail
1f1c016bd3715dc2,navtest,NAVSIM v1,scalar GRPO,FF-PGRPO,scalar_grpo,,,0,,,outputs/navtest_hard_stable_zero658_recogdrive_stage3_vs_pdms914505_20260727/per_token_comparison.csv,0.9668946152456704,1.0,1.0,1.0,0.9205470765896088,1.0,1.0,True,False,True,True,False,0.9668946152456704,baseline,DAC_all_fail
200c447283ed50eb,navtest,NAVSIM v1,scalar GRPO,FF-PGRPO,scalar_grpo,,,0,,,outputs/navtest_hard_stable_zero658_recogdrive_stage3_vs_pdms914505_20260727/per_token_comparison.csv,0.0,1.0,0.0,1.0,0.0,1.0,1.0,False,True,True,False,False,0.0,baseline,DAC_all_fail
206322cf0cf45186,navtest,NAVSIM v1,scalar GRPO,FF-PGRPO,scalar_grpo,,,0,,,outputs/navtest_hard_stable_zero658_recogdrive_stage3_vs_pdms914505_20260727/per_token_comparison.csv,1.0,1.0,1.0,1.0,1.0,1.0,1.0,True,False,True,True,False,1.0,baseline,NC_all_fail
20728d3e677b593d,navtest,NAVSIM v1,scalar GRPO,FF-PGRPO,scalar_grpo,,,0,,,outputs/navtest_hard_stable_zero658_recogdrive_stage3_vs_pdms914505_20260727/per_token_comparison.csv,0.0,1.0,0.0,1.0,0.0,1.0,1.0,False,True,True,False,False,0.0,baseline,DAC_all_fail
2135b76284735f17,navtest,NAVSIM v1,scalar GRPO,FF-PGRPO,scalar_grpo,,,0,,,outputs/navtest_hard_stable_zero658_recogdrive_stage3_vs_pdms914505_20260727/per_token_comparison.csv,0.9541915879095764,1.0,1.0,0.0,0.8900598109829835,1.0,1.0,True,False,True,True,False,0.9541915879095764,baseline,DAC_all_fail
21b8742127e7523c,navtest,NAVSIM v1,scalar GRPO,FF-PGRPO,scalar_grpo,,,0,,,outputs/navtest_hard_stable_zero658_recogdrive_stage3_vs_pdms914505_20260727/per_token_comparison.csv,0.9576240098052778,1.0,1.0,1.0,0.898297623532667,1.0,1.0,True,False,True,True,False,0.9576240098052778,baseline,DAC_all_fail
21bc638f113e5f63,navtest,NAVSIM v1,scalar GRPO,FF-PGRPO,scalar_grpo,,,0,,,outputs/navtest_hard_stable_zero658_recogdrive_stage3_vs_pdms914505_20260727/per_token_comparison.csv,0.0,0.0,1.0,1.0,0.0,0.0,1.0,False,True,True,False,False,0.0,baseline,NC_all_fail
22021c2141625fce,navtest,NAVSIM v1,scalar GRPO,FF-PGRPO,scalar_grpo,,,0,,,outputs/navtest_hard_stable_zero658_recogdrive_stage3_vs_pdms914505_20260727/per_token_comparison.csv,0.8844045174606808,1.0,1.0,1.0,0.7225708419056338,1.0,1.0,True,False,True,True,False,0.8844045174606808,baseline,DAC_all_fail
22c1a51ffc1f5022,navtest,NAVSIM v1,scalar GRPO,FF-PGRPO,scalar_grpo,,,0,,,outputs/navtest_hard_stable_zero658_recogdrive_stage3_vs_pdms914505_20260727/per_token_comparison.csv,0.5833333333333334,1.0,1.0,1.0,1.0,0.0,1.0,True,False,True,True,False,0.5833333333333334,baseline,NC_all_fail
22ec7d1614785b35,navtest,NAVSIM v1,scalar GRPO,FF-PGRPO,scalar_grpo,,,0,,,outputs/navtest_hard_stable_zero658_recogdrive_stage3_vs_pdms914505_20260727/per_token_comparison.csv,0.0,1.0,0.0,1.0,0.0,1.0,1.0,False,True,True,False,False,0.0,baseline,DAC_all_fail
2380261642d25251,navtest,NAVSIM v1,scalar GRPO,FF-PGRPO,scalar_grpo,,,0,,,outputs/navtest_hard_stable_zero658_recogdrive_stage3_vs_pdms914505_20260727/per_token_comparison.csv,1.0,1.0,1.0,1.0,1.0,1.0,1.0,True,False,True,True,False,1.0,baseline,DAC_all_fail
2389414c94075d6a,navtest,NAVSIM v1,scalar GRPO,FF-PGRPO,scalar_grpo,,,0,,,outputs/navtest_hard_stable_zero658_recogdrive_stage3_vs_pdms914505_20260727/per_token_comparison.csv,0.93629103151711,1.0,1.0,1.0,0.8470984756410634,1.0,1.0,True,False,True,True,False,0.93629103151711,baseline,DAC_all_fail
2391f12d7e6a5e7f,navtest,NAVSIM v1,scalar GRPO,FF-PGRPO,scalar_grpo,,,0,,,outputs/navtest_hard_stable_zero658_recogdrive_stage3_vs_pdms914505_20260727/per_token_comparison.csv,0.799672523708208,1.0,1.0,1.0,0.519214056899699,1.0,1.0,True,False,True,True,False,0.799672523708208,baseline,DAC_all_fail
23d71fb39b0456f5,navtest,NAVSIM v1,scalar GRPO,FF-PGRPO,scalar_grpo,,,0,,,outputs/navtest_hard_stable_zero658_recogdrive_stage3_vs_pdms914505_20260727/per_token_comparison.csv,0.97283170965127,1.0,1.0,1.0,0.9347961031630482,1.0,1.0,True,False,True,True,False,0.97283170965127,baseline,DAC_all_fail
2422d2b260235078,navtest,NAVSIM v1,scalar GRPO,FF-PGRPO,scalar_grpo,,,0,,,outputs/navtest_hard_stable_zero658_recogdrive_stage3_vs_pdms914505_20260727/per_token_comparison.csv,0.0,1.0,0.0,1.0,0.0,1.0,1.0,False,True,True,False,False,0.0,baseline,DAC_all_fail
247490a783f25c47,navtest,NAVSIM v1,scalar GRPO,FF-PGRPO,scalar_grpo,,,0,,,outputs/navtest_hard_stable_zero658_recogdrive_stage3_vs_pdms914505_20260727/per_token_comparison.csv,0.0,1.0,0.0,1.0,0.0,1.0,1.0,False,True,True,False,False,0.0,baseline,DAC_all_fail
24edcd5e5b7f546a,navtest,NAVSIM v1,scalar GRPO,FF-PGRPO,scalar_grpo,,,0,,,outputs/navtest_hard_stable_zero658_recogdrive_stage3_vs_pdms914505_20260727/per_token_comparison.csv,0.5833333333333334,1.0,1.0,1.0,1.0,0.0,1.0,True,False,True,True,False,0.5833333333333334,baseline,NC_all_fail
25000ee050145f13,navtest,NAVSIM v1,scalar GRPO,FF-PGRPO,scalar_grpo,,,0,,,outputs/navtest_hard_stable_zero658_recogdrive_stage3_vs_pdms914505_20260727/per_token_comparison.csv,0.910571169938394,1.0,1.0,1.0,0.7853708078521456,1.0,1.0,True,False,True,True,False,0.910571169938394,baseline,DAC_all_fail
2575048779565f0b,navtest,NAVSIM v1,scalar GRPO,FF-PGRPO,scalar_grpo,,,0,,,outputs/navtest_hard_stable_zero658_recogdrive_stage3_vs_pdms914505_20260727/per_token_comparison.csv,0.0,1.0,0.0,0.0,0.0,1.0,1.0,False,True,True,False,False,0.0,baseline,DAC_all_fail
258fd15174fb5e47,navtest,NAVSIM v1,scalar GRPO,FF-PGRPO,scalar_grpo,,,0,,,outputs/navtest_hard_stable_zero658_recogdrive_stage3_vs_pdms914505_20260727/per_token_comparison.csv,0.850818480824842,1.0,1.0,1.0,0.6419643539796209,1.0,1.0,True,False,True,True,False,0.850818480824842,baseline,DAC_all_fail
25b719c231d85e56,navtest,NAVSIM v1,scalar GRPO,FF-PGRPO,scalar_grpo,,,0,,,outputs/navtest_hard_stable_zero658_recogdrive_stage3_vs_pdms914505_20260727/per_token_comparison.csv,0.9674833471407176,1.0,1.0,1.0,0.9219600331377223,1.0,1.0,True,False,True,True,False,0.9674833471407176,baseline,DAC_all_fail
25e9d76574075cee,navtest,NAVSIM v1,scalar GRPO,FF-PGRPO,scalar_grpo,,,0,,,outputs/navtest_hard_stable_zero658_recogdrive_stage3_vs_pdms914505_20260727/per_token_comparison.csv,0.0,1.0,0.0,1.0,0.0,1.0,1.0,False,True,True,False,False,0.0,baseline,DAC_all_fail
2615f45588965f4c,navtest,NAVSIM v1,scalar GRPO,FF-PGRPO,scalar_grpo,,,0,,,outputs/navtest_hard_stable_zero658_recogdrive_stage3_vs_pdms914505_20260727/per_token_comparison.csv,0.0,0.0,1.0,0.5,0.0,0.0,1.0,False,True,True,False,False,0.0,baseline,NC_all_fail
262333f372975eef,navtest,NAVSIM v1,scalar GRPO,FF-PGRPO,scalar_grpo,,,0,,,outputs/navtest_hard_stable_zero658_recogdrive_stage3_vs_pdms914505_20260727/per_token_comparison.csv,0.0,1.0,0.0,1.0,0.0,0.0,1.0,False,True,True,False,False,0.0,baseline,DAC_all_fail
26a1ceab4d455a77,navtest,NAVSIM v1,scalar GRPO,FF-PGRPO,scalar_grpo,,,0,,,outputs/navtest_hard_stable_zero658_recogdrive_stage3_vs_pdms914505_20260727/per_token_comparison.csv,1.0,1.0,1.0,1.0,1.0,1.0,1.0,True,False,True,True,False,1.0,baseline,DAC_all_fail
26e5d2127cf9563d,navtest,NAVSIM v1,scalar GRPO,FF-PGRPO,scalar_grpo,,,0,,,outputs/navtest_hard_stable_zero658_recogdrive_stage3_vs_pdms914505_20260727/per_token_comparison.csv,0.0,0.0,1.0,1.0,0.0,0.0,1.0,False,True,True,False,False,0.0,baseline,NC_all_fail
2731fa425acf52f4,navtest,NAVSIM v1,scalar GRPO,FF-PGRPO,scalar_grpo,,,0,,,outputs/navtest_hard_stable_zero658_recogdrive_stage3_vs_pdms914505_20260727/per_token_comparison.csv,0.0,1.0,0.0,1.0,0.0,1.0,1.0,False,True,True,False,False,0.0,baseline,DAC_all_fail
277f191c94b952f3,navtest,NAVSIM v1,scalar GRPO,FF-PGRPO,scalar_grpo,,,0,,,outputs/navtest_hard_stable_zero658_recogdrive_stage3_vs_pdms914505_20260727/per_token_comparison.csv,0.0,0.0,0.0,1.0,0.0,0.0,1.0,False,True,True,False,False,0.0,baseline,NC_and_DAC_all_fail
2807cd605f1156da,navtest,NAVSIM v1,scalar GRPO,FF-PGRPO,scalar_grpo,,,0,,,outputs/navtest_hard_stable_zero658_recogdrive_stage3_vs_pdms914505_20260727/per_token_comparison.csv,1.0,1.0,1.0,1.0,1.0,1.0,1.0,True,False,True,True,False,1.0,baseline,DAC_all_fail
2882be3ae16b50e3,navtest,NAVSIM v1,scalar GRPO,FF-PGRPO,scalar_grpo,,,0,,,outputs/navtest_hard_stable_zero658_recogdrive_stage3_vs_pdms914505_20260727/per_token_comparison.csv,0.0,0.0,1.0,1.0,0.0,0.0,1.0,False,True,True,False,False,0.0,baseline,NC_all_fail
29a13686ed375688,navtest,NAVSIM v1,scalar GRPO,FF-PGRPO,scalar_grpo,,,0,,,outputs/navtest_hard_stable_zero658_recogdrive_stage3_vs_pdms914505_20260727/per_token_comparison.csv,0.0,1.0,0.0,1.0,0.0,1.0,1.0,False,True,True,False,False,0.0,baseline,DAC_all_fail
29ba983123655159,navtest,NAVSIM v1,scalar GRPO,FF-PGRPO,scalar_grpo,,,0,,,outputs/navtest_hard_stable_zero658_recogdrive_stage3_vs_pdms914505_20260727/per_token_comparison.csv,0.9493779049493868,1.0,1.0,1.0,0.8785069718785281,1.0,1.0,True,False,True,True,False,0.9493779049493868,baseline,DAC_all_fail
2a48beb84af65349,navtest,NAVSIM v1,scalar GRPO,FF-PGRPO,scalar_grpo,,,0,,,outputs/navtest_hard_stable_zero658_recogdrive_stage3_vs_pdms914505_20260727/per_token_comparison.csv,0.0,1.0,0.0,1.0,0.0,1.0,1.0,False,True,True,False,False,0.0,baseline,DAC_all_fail
2ad650691b5d58f0,navtest,NAVSIM v1,scalar GRPO,FF-PGRPO,scalar_grpo,,,0,,,outputs/navtest_hard_stable_zero658_recogdrive_stage3_vs_pdms914505_20260727/per_token_comparison.csv,0.9079438613961832,1.0,1.0,1.0,0.7790652673508398,1.0,1.0,True,False,True,True,False,0.9079438613961832,baseline,DAC_all_fail
2b04c510144e5545,navtest,NAVSIM v1,scalar GRPO,FF-PGRPO,scalar_grpo,,,0,,,outputs/navtest_hard_stable_zero658_recogdrive_stage3_vs_pdms914505_20260727/per_token_comparison.csv,0.0,1.0,0.0,1.0,0.0,1.0,1.0,False,True,True,False,False,0.0,baseline,DAC_all_fail
2b052ebbd7ec543b,navtest,NAVSIM v1,scalar GRPO,FF-PGRPO,scalar_grpo,,,0,,,outputs/navtest_hard_stable_zero658_recogdrive_stage3_vs_pdms914505_20260727/per_token_comparison.csv,1.0,1.0,1.0,0.0,1.0,1.0,1.0,True,False,True,True,False,1.0,baseline,DAC_all_fail
2b482f615de15efb,navtest,NAVSIM v1,scalar GRPO,FF-PGRPO,scalar_grpo,,,0,,,outputs/navtest_hard_stable_zero658_recogdrive_stage3_vs_pdms914505_20260727/per_token_comparison.csv,0.0,0.0,1.0,1.0,0.0,1.0,1.0,False,True,True,False,False,0.0,baseline,NC_all_fail
2b9bb7ffb9cf5da8,navtest,NAVSIM v1,scalar GRPO,FF-PGRPO,scalar_grpo,,,0,,,outputs/navtest_hard_stable_zero658_recogdrive_stage3_vs_pdms914505_20260727/per_token_comparison.csv,0.0,0.0,1.0,1.0,0.0,0.0,1.0,False,True,True,False,False,0.0,baseline,NC_all_fail
2c14c850f6645147,navtest,NAVSIM v1,scalar GRPO,FF-PGRPO,scalar_grpo,,,0,,,outputs/navtest_hard_stable_zero658_recogdrive_stage3_vs_pdms914505_20260727/per_token_comparison.csv,1.0,1.0,1.0,1.0,1.0,1.0,1.0,True,False,True,True,False,1.0,baseline,DAC_all_fail
2c337eb368fb54ca,navtest,NAVSIM v1,scalar GRPO,FF-PGRPO,scalar_grpo,,,0,,,outputs/navtest_hard_stable_zero658_recogdrive_stage3_vs_pdms914505_20260727/per_token_comparison.csv,0.0,1.0,0.0,1.0,0.0,1.0,1.0,False,True,True,False,False,0.0,baseline,DAC_all_fail
2c5ed5662dfb5ee9,navtest,NAVSIM v1,scalar GRPO,FF-PGRPO,scalar_grpo,,,0,,,outputs/navtest_hard_stable_zero658_recogdrive_stage3_vs_pdms914505_20260727/per_token_comparison.csv,0.5833333333333334,1.0,1.0,1.0,1.0,0.0,1.0,True,False,True,True,False,0.5833333333333334,baseline,NC_all_fail
2c7e5f987d5752c7,navtest,NAVSIM v1,scalar GRPO,FF-PGRPO,scalar_grpo,,,0,,,outputs/navtest_hard_stable_zero658_recogdrive_stage3_vs_pdms914505_20260727/per_token_comparison.csv,0.0,1.0,0.0,1.0,0.0,1.0,1.0,False,True,True,False,False,0.0,baseline,DAC_all_fail
2c9ea4fc0e8e5ef2,navtest,NAVSIM v1,scalar GRPO,FF-PGRPO,scalar_grpo,,,0,,,outputs/navtest_hard_stable_zero658_recogdrive_stage3_vs_pdms914505_20260727/per_token_comparison.csv,0.9144648978873304,1.0,1.0,1.0,0.7947157549295927,1.0,1.0,True,False,True,True,False,0.9144648978873304,baseline,DAC_all_fail
2cc421e9b3fd5c17,navtest,NAVSIM v1,scalar GRPO,FF-PGRPO,scalar_grpo,,,0,,,outputs/navtest_hard_stable_zero658_recogdrive_stage3_vs_pdms914505_20260727/per_token_comparison.csv,0.9298882948455912,1.0,1.0,1.0,0.8317319076294188,1.0,1.0,True,False,True,True,False,0.9298882948455912,baseline,DAC_all_fail
2d0517c112625a09,navtest,NAVSIM v1,scalar GRPO,FF-PGRPO,scalar_grpo,,,0,,,outputs/navtest_hard_stable_zero658_recogdrive_stage3_vs_pdms914505_20260727/per_token_comparison.csv,1.0,1.0,1.0,1.0,1.0,1.0,1.0,True,False,True,True,False,1.0,baseline,DAC_all_fail
2d7bc87644e85744,navtest,NAVSIM v1,scalar GRPO,FF-PGRPO,scalar_grpo,,,0,,,outputs/navtest_hard_stable_zero658_recogdrive_stage3_vs_pdms914505_20260727/per_token_comparison.csv,0.9725748529380775,1.0,1.0,1.0,0.9341796470513865,1.0,1.0,True,False,True,True,False,0.9725748529380775,baseline,DAC_all_fail
2ea6bdf1e8905fd8,navtest,NAVSIM v1,scalar GRPO,FF-PGRPO,scalar_grpo,,,0,,,outputs/navtest_hard_stable_zero658_recogdrive_stage3_vs_pdms914505_20260727/per_token_comparison.csv,0.8259228957333834,1.0,1.0,1.0,0.5822149497601201,1.0,1.0,True,False,True,True,False,0.8259228957333834,baseline,DAC_all_fail
2f05406bcdd55a21,navtest,NAVSIM v1,scalar GRPO,FF-PGRPO,scalar_grpo,,,0,,,outputs/navtest_hard_stable_zero658_recogdrive_stage3_vs_pdms914505_20260727/per_token_comparison.csv,0.5833333333333334,1.0,1.0,1.0,1.0,0.0,1.0,True,False,True,True,False,0.5833333333333334,baseline,NC_all_fail
2f6ef141a25657e5,navtest,NAVSIM v1,scalar GRPO,FF-PGRPO,scalar_grpo,,,0,,,outputs/navtest_hard_stable_zero658_recogdrive_stage3_vs_pdms914505_20260727/per_token_comparison.csv,0.9299252288776216,1.0,1.0,1.0,0.8318205493062916,1.0,1.0,True,False,True,True,False,0.9299252288776216,baseline,DAC_all_fail
3038555c47555d08,navtest,NAVSIM v1,scalar GRPO,FF-PGRPO,scalar_grpo,,,0,,,outputs/navtest_hard_stable_zero658_recogdrive_stage3_vs_pdms914505_20260727/per_token_comparison.csv,0.0,1.0,0.0,1.0,0.0,1.0,1.0,False,True,True,False,False,0.0,baseline,DAC_all_fail
303d7a8f1262569e,navtest,NAVSIM v1,scalar GRPO,FF-PGRPO,scalar_grpo,,,0,,,outputs/navtest_hard_stable_zero658_recogdrive_stage3_vs_pdms914505_20260727/per_token_comparison.csv,0.0,1.0,0.0,0.5,0.0,0.0,1.0,False,True,True,False,False,0.0,baseline,DAC_all_fail
303d9d8e1bbf5053,navtest,NAVSIM v1,scalar GRPO,FF-PGRPO,scalar_grpo,,,0,,,outputs/navtest_hard_stable_zero658_recogdrive_stage3_vs_pdms914505_20260727/per_token_comparison.csv,1.0,1.0,1.0,1.0,1.0,1.0,1.0,True,False,True,True,False,1.0,baseline,DAC_all_fail
303e7dd5717f54cd,navtest,NAVSIM v1,scalar GRPO,FF-PGRPO,scalar_grpo,,,0,,,outputs/navtest_hard_stable_zero658_recogdrive_stage3_vs_pdms914505_20260727/per_token_comparison.csv,0.0,1.0,0.0,1.0,0.0,1.0,1.0,False,True,True,False,False,0.0,baseline,DAC_all_fail
308e246a1d995edd,navtest,NAVSIM v1,scalar GRPO,FF-PGRPO,scalar_grpo,,,0,,,outputs/navtest_hard_stable_zero658_recogdrive_stage3_vs_pdms914505_20260727/per_token_comparison.csv,1.0,1.0,1.0,1.0,1.0,1.0,1.0,True,False,True,True,False,1.0,baseline,DAC_all_fail
30d5d8dfd52451a9,navtest,NAVSIM v1,scalar GRPO,FF-PGRPO,scalar_grpo,,,0,,,outputs/navtest_hard_stable_zero658_recogdrive_stage3_vs_pdms914505_20260727/per_token_comparison.csv,0.5833333333333334,1.0,1.0,1.0,1.0,0.0,1.0,True,False,True,True,False,0.5833333333333334,baseline,NC_all_fail
312d2bf03023521a,navtest,NAVSIM v1,scalar GRPO,FF-PGRPO,scalar_grpo,,,0,,,outputs/navtest_hard_stable_zero658_recogdrive_stage3_vs_pdms914505_20260727/per_token_comparison.csv,0.9313352996909235,1.0,1.0,1.0,0.8352047192582166,1.0,1.0,True,False,True,True,False,0.9313352996909235,baseline,DAC_all_fail
3137903199f35224,navtest,NAVSIM v1,scalar GRPO,FF-PGRPO,scalar_grpo,,,0,,,outputs/navtest_hard_stable_zero658_recogdrive_stage3_vs_pdms914505_20260727/per_token_comparison.csv,0.0,1.0,0.0,1.0,0.0,1.0,1.0,False,True,True,False,False,0.0,baseline,DAC_all_fail
3151813685fe5b1d,navtest,NAVSIM v1,scalar GRPO,FF-PGRPO,scalar_grpo,,,0,,,outputs/navtest_hard_stable_zero658_recogdrive_stage3_vs_pdms914505_20260727/per_token_comparison.csv,0.9340162339778624,1.0,1.0,1.0,0.8416389615468693,1.0,1.0,True,False,True,True,False,0.9340162339778624,baseline,DAC_all_fail
31f2d9d9334d5a06,navtest,NAVSIM v1,scalar GRPO,FF-PGRPO,scalar_grpo,,,0,,,outputs/navtest_hard_stable_zero658_recogdrive_stage3_vs_pdms914505_20260727/per_token_comparison.csv,0.9512532476186796,1.0,1.0,1.0,0.883007794284831,1.0,1.0,True,False,True,True,False,0.9512532476186796,baseline,DAC_all_fail
324cb0d226a45b91,navtest,NAVSIM v1,scalar GRPO,FF-PGRPO,scalar_grpo,,,0,,,outputs/navtest_hard_stable_zero658_recogdrive_stage3_vs_pdms914505_20260727/per_token_comparison.csv,0.0,1.0,0.0,1.0,0.0,1.0,1.0,False,True,True,False,False,0.0,baseline,DAC_all_fail
3296619ed0855e31,navtest,NAVSIM v1,scalar GRPO,FF-PGRPO,scalar_grpo,,,0,,,outputs/navtest_hard_stable_zero658_recogdrive_stage3_vs_pdms914505_20260727/per_token_comparison.csv,0.0,1.0,0.0,1.0,0.0,1.0,1.0,False,True,True,False,False,0.0,baseline,DAC_all_fail
32dd24533788546c,navtest,NAVSIM v1,scalar GRPO,FF-PGRPO,scalar_grpo,,,0,,,outputs/navtest_hard_stable_zero658_recogdrive_stage3_vs_pdms914505_20260727/per_token_comparison.csv,1.0,1.0,1.0,1.0,1.0,1.0,1.0,True,False,True,True,False,1.0,baseline,DAC_all_fail
33423262feb656a3,navtest,NAVSIM v1,scalar GRPO,FF-PGRPO,scalar_grpo,,,0,,,outputs/navtest_hard_stable_zero658_recogdrive_stage3_vs_pdms914505_20260727/per_token_comparison.csv,0.955323063287304,1.0,1.0,1.0,0.8927753518895293,1.0,1.0,True,False,True,True,False,0.955323063287304,baseline,DAC_all_fail
33ee6f1f594d50ca,navtest,NAVSIM v1,scalar GRPO,FF-PGRPO,scalar_grpo,,,0,,,outputs/navtest_hard_stable_zero658_recogdrive_stage3_vs_pdms914505_20260727/per_token_comparison.csv,1.0,1.0,1.0,1.0,1.0,1.0,1.0,True,False,True,True,False,1.0,baseline,DAC_all_fail
3420dd4340635018,navtest,NAVSIM v1,scalar GRPO,FF-PGRPO,scalar_grpo,,,0,,,outputs/navtest_hard_stable_zero658_recogdrive_stage3_vs_pdms914505_20260727/per_token_comparison.csv,0.0,0.0,1.0,1.0,0.0,0.0,1.0,False,True,True,False,False,0.0,baseline,NC_all_fail
3466b16cf2c95855,navtest,NAVSIM v1,scalar GRPO,FF-PGRPO,scalar_grpo,,,0,,,outputs/navtest_hard_stable_zero658_recogdrive_stage3_vs_pdms914505_20260727/per_token_comparison.csv,0.8382312365435727,1.0,1.0,1.0,0.6117549677045745,1.0,1.0,True,False,True,True,False,0.8382312365435727,baseline,DAC_all_fail
348680e464e15fa2,navtest,NAVSIM v1,scalar GRPO,FF-PGRPO,scalar_grpo,,,0,,,outputs/navtest_hard_stable_zero658_recogdrive_stage3_vs_pdms914505_20260727/per_token_comparison.csv,0.0,1.0,0.0,1.0,0.0,1.0,1.0,False,True,True,False,False,0.0,baseline,DAC_all_fail
34ed4880444350af,navtest,NAVSIM v1,scalar GRPO,FF-PGRPO,scalar_grpo,,,0,,,outputs/navtest_hard_stable_zero658_recogdrive_stage3_vs_pdms914505_20260727/per_token_comparison.csv,0.0,1.0,0.0,1.0,0.0,1.0,1.0,False,True,True,False,False,0.0,baseline,DAC_all_fail
3502b30911d75ed8,navtest,NAVSIM v1,scalar GRPO,FF-PGRPO,scalar_grpo,,,0,,,outputs/navtest_hard_stable_zero658_recogdrive_stage3_vs_pdms914505_20260727/per_token_comparison.csv,0.0,1.0,0.0,1.0,0.0,1.0,1.0,False,True,True,False,False,0.0,baseline,DAC_all_fail
35b810aad36b553a,navtest,NAVSIM v1,scalar GRPO,FF-PGRPO,scalar_grpo,,,0,,,outputs/navtest_hard_stable_zero658_recogdrive_stage3_vs_pdms914505_20260727/per_token_comparison.csv,1.0,1.0,1.0,1.0,1.0,1.0,1.0,True,False,True,True,False,1.0,baseline,DAC_all_fail
35f226ec4cac52fc,navtest,NAVSIM v1,scalar GRPO,FF-PGRPO,scalar_grpo,,,0,,,outputs/navtest_hard_stable_zero658_recogdrive_stage3_vs_pdms914505_20260727/per_token_comparison.csv,0.0,0.0,1.0,1.0,0.0,0.0,1.0,False,True,True,False,False,0.0,baseline,NC_all_fail
3651c6423caa5145,navtest,NAVSIM v1,scalar GRPO,FF-PGRPO,scalar_grpo,,,0,,,outputs/navtest_hard_stable_zero658_recogdrive_stage3_vs_pdms914505_20260727/per_token_comparison.csv,1.0,1.0,1.0,1.0,1.0,1.0,1.0,True,False,True,True,False,1.0,baseline,NC_all_fail
36c6d1ea21015e5f,navtest,NAVSIM v1,scalar GRPO,FF-PGRPO,scalar_grpo,,,0,,,outputs/navtest_hard_stable_zero658_recogdrive_stage3_vs_pdms914505_20260727/per_token_comparison.csv,0.9385228393531224,1.0,1.0,1.0,0.8524548144474939,1.0,1.0,True,False,True,True,False,0.9385228393531224,baseline,DAC_all_fail
373abe824b3052a0,navtest,NAVSIM v1,scalar GRPO,FF-PGRPO,scalar_grpo,,,0,,,outputs/navtest_hard_stable_zero658_recogdrive_stage3_vs_pdms914505_20260727/per_token_comparison.csv,0.0,0.0,1.0,1.0,0.0,0.0,1.0,False,True,True,False,False,0.0,baseline,NC_all_fail
3761f5d0d74d55eb,navtest,NAVSIM v1,scalar GRPO,FF-PGRPO,scalar_grpo,,,0,,,outputs/navtest_hard_stable_zero658_recogdrive_stage3_vs_pdms914505_20260727/per_token_comparison.csv,0.5833333333333334,1.0,1.0,1.0,1.0,0.0,1.0,True,False,True,True,False,0.5833333333333334,baseline,DAC_all_fail
3770407dcc67520c,navtest,NAVSIM v1,scalar GRPO,FF-PGRPO,scalar_grpo,,,0,,,outputs/navtest_hard_stable_zero658_recogdrive_stage3_vs_pdms914505_20260727/per_token_comparison.csv,0.8903185783008931,1.0,1.0,1.0,0.7367645879221435,1.0,1.0,True,False,True,True,False,0.8903185783008931,baseline,DAC_all_fail
37b96c1d86665204,navtest,NAVSIM v1,scalar GRPO,FF-PGRPO,scalar_grpo,,,0,,,outputs/navtest_hard_stable_zero658_recogdrive_stage3_vs_pdms914505_20260727/per_token_comparison.csv,0.0,1.0,0.0,1.0,0.0,1.0,1.0,False,True,True,False,False,0.0,baseline,DAC_all_fail
37c8a00c76905ffe,navtest,NAVSIM v1,scalar GRPO,FF-PGRPO,scalar_grpo,,,0,,,outputs/navtest_hard_stable_zero658_recogdrive_stage3_vs_pdms914505_20260727/per_token_comparison.csv,0.5092509869440606,1.0,1.0,1.0,0.8222023686657454,0.0,1.0,True,False,True,True,False,0.5092509869440606,baseline,DAC_all_fail
3808a6ba716d5da1,navtest,NAVSIM v1,scalar GRPO,FF-PGRPO,scalar_grpo,,,0,,,outputs/navtest_hard_stable_zero658_recogdrive_stage3_vs_pdms914505_20260727/per_token_comparison.csv,0.0,0.0,1.0,1.0,0.0,0.0,1.0,False,True,True,False,False,0.0,baseline,NC_all_fail
384def2e3f9657f6,navtest,NAVSIM v1,scalar GRPO,FF-PGRPO,scalar_grpo,,,0,,,outputs/navtest_hard_stable_zero658_recogdrive_stage3_vs_pdms914505_20260727/per_token_comparison.csv,0.0,0.0,1.0,1.0,0.0,0.0,1.0,False,True,True,False,False,0.0,baseline,NC_all_fail
389bfba2e25f581b,navtest,NAVSIM v1,scalar GRPO,FF-PGRPO,scalar_grpo,,,0,,,outputs/navtest_hard_stable_zero658_recogdrive_stage3_vs_pdms914505_20260727/per_token_comparison.csv,0.9660140571294844,1.0,1.0,1.0,0.9184337371107628,1.0,1.0,True,False,True,True,False,0.9660140571294844,baseline,NC_all_fail
38b4ff11393c5dec,navtest,NAVSIM v1,scalar GRPO,FF-PGRPO,scalar_grpo,,,0,,,outputs/navtest_hard_stable_zero658_recogdrive_stage3_vs_pdms914505_20260727/per_token_comparison.csv,0.0,0.0,1.0,1.0,0.0,0.0,1.0,False,True,True,False,False,0.0,baseline,NC_all_fail
38d08753fa4651c2,navtest,NAVSIM v1,scalar GRPO,FF-PGRPO,scalar_grpo,,,0,,,outputs/navtest_hard_stable_zero658_recogdrive_stage3_vs_pdms914505_20260727/per_token_comparison.csv,0.5833333333333334,1.0,1.0,1.0,1.0,0.0,1.0,True,False,True,True,False,0.5833333333333334,baseline,NC_all_fail
38f1e14586bd51e3,navtest,NAVSIM v1,scalar GRPO,FF-PGRPO,scalar_grpo,,,0,,,outputs/navtest_hard_stable_zero658_recogdrive_stage3_vs_pdms914505_20260727/per_token_comparison.csv,0.0,1.0,0.0,1.0,0.0,1.0,1.0,False,True,True,False,False,0.0,baseline,DAC_all_fail
3921f38b62d55f1a,navtest,NAVSIM v1,scalar GRPO,FF-PGRPO,scalar_grpo,,,0,,,outputs/navtest_hard_stable_zero658_recogdrive_stage3_vs_pdms914505_20260727/per_token_comparison.csv,0.0,0.0,1.0,1.0,0.0,0.0,1.0,False,True,True,False,False,0.0,baseline,NC_all_fail
39cbed62434a528b,navtest,NAVSIM v1,scalar GRPO,FF-PGRPO,scalar_grpo,,,0,,,outputs/navtest_hard_stable_zero658_recogdrive_stage3_vs_pdms914505_20260727/per_token_comparison.csv,0.0,0.0,1.0,1.0,0.0,0.0,1.0,False,True,True,False,False,0.0,baseline,NC_all_fail
3ad6a3f7a0f155f8,navtest,NAVSIM v1,scalar GRPO,FF-PGRPO,scalar_grpo,,,0,,,outputs/navtest_hard_stable_zero658_recogdrive_stage3_vs_pdms914505_20260727/per_token_comparison.csv,0.9477675862265684,1.0,1.0,1.0,0.8746422069437646,1.0,1.0,True,False,True,True,False,0.9477675862265684,baseline,DAC_all_fail
3ae3cf56296b5861,navtest,NAVSIM v1,scalar GRPO,FF-PGRPO,scalar_grpo,,,0,,,outputs/navtest_hard_stable_zero658_recogdrive_stage3_vs_pdms914505_20260727/per_token_comparison.csv,1.0,1.0,1.0,1.0,1.0,1.0,1.0,True,False,True,True,False,1.0,baseline,NC_all_fail
3b0cda86b999528c,navtest,NAVSIM v1,scalar GRPO,FF-PGRPO,scalar_grpo,,,0,,,outputs/navtest_hard_stable_zero658_recogdrive_stage3_vs_pdms914505_20260727/per_token_comparison.csv,0.8920889582052999,1.0,1.0,1.0,0.74101349969272,1.0,1.0,True,False,True,True,False,0.8920889582052999,baseline,DAC_all_fail
3b2f051d7b9553e9,navtest,NAVSIM v1,scalar GRPO,FF-PGRPO,scalar_grpo,,,0,,,outputs/navtest_hard_stable_zero658_recogdrive_stage3_vs_pdms914505_20260727/per_token_comparison.csv,1.0,1.0,1.0,1.0,1.0,1.0,1.0,True,False,True,True,False,1.0,baseline,NC_all_fail
3b3627c7892d5b5e,navtest,NAVSIM v1,scalar GRPO,FF-PGRPO,scalar_grpo,,,0,,,outputs/navtest_hard_stable_zero658_recogdrive_stage3_vs_pdms914505_20260727/per_token_comparison.csv,0.9624540150204736,1.0,1.0,1.0,0.9098896360491364,1.0,1.0,True,False,True,True,False,0.9624540150204736,baseline,DAC_all_fail
3b8bc6ec37105767,navtest,NAVSIM v1,scalar GRPO,FF-PGRPO,scalar_grpo,,,0,,,outputs/navtest_hard_stable_zero658_recogdrive_stage3_vs_pdms914505_20260727/per_token_comparison.csv,0.0,1.0,0.0,1.0,0.0,1.0,1.0,False,True,True,False,False,0.0,baseline,DAC_all_fail
3c3991ec8d7a5507,navtest,NAVSIM v1,scalar GRPO,FF-PGRPO,scalar_grpo,,,0,,,outputs/navtest_hard_stable_zero658_recogdrive_stage3_vs_pdms914505_20260727/per_token_comparison.csv,0.0,1.0,0.0,0.0,0.0,1.0,1.0,False,True,True,False,False,0.0,baseline,DAC_all_fail
3c542be991515ccd,navtest,NAVSIM v1,scalar GRPO,FF-PGRPO,scalar_grpo,,,0,,,outputs/navtest_hard_stable_zero658_recogdrive_stage3_vs_pdms914505_20260727/per_token_comparison.csv,0.0,1.0,0.0,1.0,0.0,1.0,1.0,False,True,True,False,False,0.0,baseline,DAC_all_fail
3cfa3f1b82885efa,navtest,NAVSIM v1,scalar GRPO,FF-PGRPO,scalar_grpo,,,0,,,outputs/navtest_hard_stable_zero658_recogdrive_stage3_vs_pdms914505_20260727/per_token_comparison.csv,1.0,1.0,1.0,1.0,1.0,1.0,1.0,True,False,True,True,False,1.0,baseline,NC_all_fail
3cfcca572cdc5b75,navtest,NAVSIM v1,scalar GRPO,FF-PGRPO,scalar_grpo,,,0,,,outputs/navtest_hard_stable_zero658_recogdrive_stage3_vs_pdms914505_20260727/per_token_comparison.csv,0.0,1.0,0.0,0.5,0.0,1.0,1.0,False,True,True,False,False,0.0,baseline,DAC_all_fail
3e09a3c33726545c,navtest,NAVSIM v1,scalar GRPO,FF-PGRPO,scalar_grpo,,,0,,,outputs/navtest_hard_stable_zero658_recogdrive_stage3_vs_pdms914505_20260727/per_token_comparison.csv,0.0,0.0,1.0,1.0,0.0,0.0,1.0,False,True,True,False,False,0.0,baseline,NC_all_fail
3e44ba1b6a675c54,navtest,NAVSIM v1,scalar GRPO,FF-PGRPO,scalar_grpo,,,0,,,outputs/navtest_hard_stable_zero658_recogdrive_stage3_vs_pdms914505_20260727/per_token_comparison.csv,0.8955043847970803,1.0,1.0,1.0,0.7492105235129924,1.0,1.0,True,False,True,True,False,0.8955043847970803,baseline,DAC_all_fail
3e4c9c9e67545b03,navtest,NAVSIM v1,scalar GRPO,FF-PGRPO,scalar_grpo,,,0,,,outputs/navtest_hard_stable_zero658_recogdrive_stage3_vs_pdms914505_20260727/per_token_comparison.csv,0.9181711434917808,1.0,1.0,1.0,0.8036107443802742,1.0,1.0,True,False,True,True,False,0.9181711434917808,baseline,DAC_all_fail
3f31d5d096f957c9,navtest,NAVSIM v1,scalar GRPO,FF-PGRPO,scalar_grpo,,,0,,,outputs/navtest_hard_stable_zero658_recogdrive_stage3_vs_pdms914505_20260727/per_token_comparison.csv,0.0,1.0,0.0,1.0,0.0,1.0,1.0,False,True,True,False,False,0.0,baseline,DAC_all_fail
3f56f99e2cf15355,navtest,NAVSIM v1,scalar GRPO,FF-PGRPO,scalar_grpo,,,0,,,outputs/navtest_hard_stable_zero658_recogdrive_stage3_vs_pdms914505_20260727/per_token_comparison.csv,0.5683666954942714,1.0,1.0,1.0,0.9640800691862514,0.0,1.0,True,False,True,True,False,0.5683666954942714,baseline,NC_all_fail
3f80c1a045a056e4,navtest,NAVSIM v1,scalar GRPO,FF-PGRPO,scalar_grpo,,,0,,,outputs/navtest_hard_stable_zero658_recogdrive_stage3_vs_pdms914505_20260727/per_token_comparison.csv,0.953433913500232,1.0,1.0,1.0,0.888241392400557,1.0,1.0,True,False,True,True,False,0.953433913500232,baseline,DAC_all_fail
3ffbf8596e7655ec,navtest,NAVSIM v1,scalar GRPO,FF-PGRPO,scalar_grpo,,,0,,,outputs/navtest_hard_stable_zero658_recogdrive_stage3_vs_pdms914505_20260727/per_token_comparison.csv,0.9936886895864436,1.0,1.0,1.0,0.9848528550074648,1.0,1.0,True,False,True,True,False,0.9936886895864436,baseline,NC_all_fail
407b876e623a5c51,navtest,NAVSIM v1,scalar GRPO,FF-PGRPO,scalar_grpo,,,0,,,outputs/navtest_hard_stable_zero658_recogdrive_stage3_vs_pdms914505_20260727/per_token_comparison.csv,0.8333333333333334,1.0,1.0,1.0,1.0,1.0,0.0,True,False,True,True,False,0.8333333333333334,baseline,NC_all_fail
4161016e65df5b37,navtest,NAVSIM v1,scalar GRPO,FF-PGRPO,scalar_grpo,,,0,,,outputs/navtest_hard_stable_zero658_recogdrive_stage3_vs_pdms914505_20260727/per_token_comparison.csv,0.9646906228996216,1.0,1.0,1.0,0.915257494959092,1.0,1.0,True,False,True,True,False,0.9646906228996216,baseline,DAC_all_fail
43162b00fe4550b8,navtest,NAVSIM v1,scalar GRPO,FF-PGRPO,scalar_grpo,,,0,,,outputs/navtest_hard_stable_zero658_recogdrive_stage3_vs_pdms914505_20260727/per_token_comparison.csv,0.9545156054711172,1.0,1.0,1.0,0.8908374531306814,1.0,1.0,True,False,True,True,False,0.9545156054711172,baseline,DAC_all_fail
433a4b88d64350dd,navtest,NAVSIM v1,scalar GRPO,FF-PGRPO,scalar_grpo,,,0,,,outputs/navtest_hard_stable_zero658_recogdrive_stage3_vs_pdms914505_20260727/per_token_comparison.csv,0.9506718597685108,1.0,1.0,1.0,0.881612463444426,1.0,1.0,True,False,True,True,False,0.9506718597685108,baseline,DAC_all_fail
450df2d719cb5c88,navtest,NAVSIM v1,scalar GRPO,FF-PGRPO,scalar_grpo,,,0,,,outputs/navtest_hard_stable_zero658_recogdrive_stage3_vs_pdms914505_20260727/per_token_comparison.csv,0.0,1.0,0.0,1.0,0.0,1.0,1.0,False,True,True,False,False,0.0,baseline,DAC_all_fail
45d6c16000b75270,navtest,NAVSIM v1,scalar GRPO,FF-PGRPO,scalar_grpo,,,0,,,outputs/navtest_hard_stable_zero658_recogdrive_stage3_vs_pdms914505_20260727/per_token_comparison.csv,1.0,1.0,1.0,1.0,1.0,1.0,1.0,True,False,True,True,False,1.0,baseline,DAC_all_fail
46e5a6cf37de5493,navtest,NAVSIM v1,scalar GRPO,FF-PGRPO,scalar_grpo,,,0,,,outputs/navtest_hard_stable_zero658_recogdrive_stage3_vs_pdms914505_20260727/per_token_comparison.csv,0.0,0.0,1.0,1.0,0.0,0.0,1.0,False,True,True,False,False,0.0,baseline,NC_all_fail
47e3bbbd82b2583b,navtest,NAVSIM v1,scalar GRPO,FF-PGRPO,scalar_grpo,,,0,,,outputs/navtest_hard_stable_zero658_recogdrive_stage3_vs_pdms914505_20260727/per_token_comparison.csv,0.0,1.0,0.0,1.0,0.0,0.0,1.0,False,True,True,False,False,0.0,baseline,DAC_all_fail
47f9e40a21f7510a,navtest,NAVSIM v1,scalar GRPO,FF-PGRPO,scalar_grpo,,,0,,,outputs/navtest_hard_stable_zero658_recogdrive_stage3_vs_pdms914505_20260727/per_token_comparison.csv,0.0,1.0,0.0,1.0,0.0,1.0,1.0,False,True,True,False,False,0.0,baseline,DAC_all_fail
480f8beca45f53cd,navtest,NAVSIM v1,scalar GRPO,FF-PGRPO,scalar_grpo,,,0,,,outputs/navtest_hard_stable_zero658_recogdrive_stage3_vs_pdms914505_20260727/per_token_comparison.csv,0.0,1.0,0.0,1.0,0.0,1.0,1.0,False,True,True,False,False,0.0,baseline,DAC_all_fail
495a149c042a5636,navtest,NAVSIM v1,scalar GRPO,FF-PGRPO,scalar_grpo,,,0,,,outputs/navtest_hard_stable_zero658_recogdrive_stage3_vs_pdms914505_20260727/per_token_comparison.csv,0.0,0.0,1.0,1.0,0.0,0.0,1.0,False,True,True,False,False,0.0,baseline,NC_all_fail
49f205ebb9d559c2,navtest,NAVSIM v1,scalar GRPO,FF-PGRPO,scalar_grpo,,,0,,,outputs/navtest_hard_stable_zero658_recogdrive_stage3_vs_pdms914505_20260727/per_token_comparison.csv,0.0,1.0,0.0,1.0,0.0,1.0,1.0,False,True,True,False,False,0.0,baseline,DAC_all_fail
4a46ef99ddf55b8d,navtest,NAVSIM v1,scalar GRPO,FF-PGRPO,scalar_grpo,,,0,,,outputs/navtest_hard_stable_zero658_recogdrive_stage3_vs_pdms914505_20260727/per_token_comparison.csv,1.0,1.0,1.0,1.0,1.0,1.0,1.0,True,False,True,True,False,1.0,baseline,DAC_all_fail
4a4a11299e125c20,navtest,NAVSIM v1,scalar GRPO,FF-PGRPO,scalar_grpo,,,0,,,outputs/navtest_hard_stable_zero658_recogdrive_stage3_vs_pdms914505_20260727/per_token_comparison.csv,0.0,1.0,0.0,1.0,0.0,1.0,1.0,False,True,True,False,False,0.0,baseline,DAC_all_fail
4a919f7ea2f65200,navtest,NAVSIM v1,scalar GRPO,FF-PGRPO,scalar_grpo,,,0,,,outputs/navtest_hard_stable_zero658_recogdrive_stage3_vs_pdms914505_20260727/per_token_comparison.csv,0.0,1.0,0.0,1.0,0.0,1.0,1.0,False,True,True,False,False,0.0,baseline,DAC_all_fail
4abb45d9ee1a5c5c,navtest,NAVSIM v1,scalar GRPO,FF-PGRPO,scalar_grpo,,,0,,,outputs/navtest_hard_stable_zero658_recogdrive_stage3_vs_pdms914505_20260727/per_token_comparison.csv,0.0,0.0,1.0,1.0,0.0,0.0,1.0,False,True,True,False,False,0.0,baseline,NC_all_fail
4ae7296f92115e83,navtest,NAVSIM v1,scalar GRPO,FF-PGRPO,scalar_grpo,,,0,,,outputs/navtest_hard_stable_zero658_recogdrive_stage3_vs_pdms914505_20260727/per_token_comparison.csv,0.9638454882529568,1.0,1.0,1.0,0.9132291718070962,1.0,1.0,True,False,True,True,False,0.9638454882529568,baseline,DAC_all_fail
4ae996307c6d5733,navtest,NAVSIM v1,scalar GRPO,FF-PGRPO,scalar_grpo,,,0,,,outputs/navtest_hard_stable_zero658_recogdrive_stage3_vs_pdms914505_20260727/per_token_comparison.csv,0.8406734866597539,1.0,1.0,1.0,0.6176163679834095,1.0,1.0,True,False,True,True,False,0.8406734866597539,baseline,DAC_all_fail
4b4a268bee4c5ab5,navtest,NAVSIM v1,scalar GRPO,FF-PGRPO,scalar_grpo,,,0,,,outputs/navtest_hard_stable_zero658_recogdrive_stage3_vs_pdms914505_20260727/per_token_comparison.csv,1.0,1.0,1.0,1.0,1.0,1.0,1.0,True,False,True,True,False,1.0,baseline,DAC_all_fail
4c3547b853675e66,navtest,NAVSIM v1,scalar GRPO,FF-PGRPO,scalar_grpo,,,0,,,outputs/navtest_hard_stable_zero658_recogdrive_stage3_vs_pdms914505_20260727/per_token_comparison.csv,0.9045451573350188,1.0,1.0,1.0,0.7709083776040453,1.0,1.0,True,False,True,True,False,0.9045451573350188,baseline,DAC_all_fail
4d31d76919495557,navtest,NAVSIM v1,scalar GRPO,FF-PGRPO,scalar_grpo,,,0,,,outputs/navtest_hard_stable_zero658_recogdrive_stage3_vs_pdms914505_20260727/per_token_comparison.csv,0.0,1.0,0.0,1.0,0.0,1.0,1.0,False,True,True,False,False,0.0,baseline,DAC_all_fail
4de864abe4f255bd,navtest,NAVSIM v1,scalar GRPO,FF-PGRPO,scalar_grpo,,,0,,,outputs/navtest_hard_stable_zero658_recogdrive_stage3_vs_pdms914505_20260727/per_token_comparison.csv,0.5833333333333334,1.0,1.0,1.0,1.0,0.0,1.0,True,False,True,True,False,0.5833333333333334,baseline,DAC_all_fail
4f08dd3299925309,navtest,NAVSIM v1,scalar GRPO,FF-PGRPO,scalar_grpo,,,0,,,outputs/navtest_hard_stable_zero658_recogdrive_stage3_vs_pdms914505_20260727/per_token_comparison.csv,0.9714407362072954,1.0,1.0,1.0,0.9314577668975088,1.0,1.0,True,False,True,True,False,0.9714407362072954,baseline,DAC_all_fail
4f466c389dce58e4,navtest,NAVSIM v1,scalar GRPO,FF-PGRPO,scalar_grpo,,,0,,,outputs/navtest_hard_stable_zero658_recogdrive_stage3_vs_pdms914505_20260727/per_token_comparison.csv,0.0,1.0,0.0,1.0,0.0,1.0,1.0,False,True,True,False,False,0.0,baseline,DAC_all_fail
4fbe9cf1d64d58ef,navtest,NAVSIM v1,scalar GRPO,FF-PGRPO,scalar_grpo,,,0,,,outputs/navtest_hard_stable_zero658_recogdrive_stage3_vs_pdms914505_20260727/per_token_comparison.csv,1.0,1.0,1.0,1.0,1.0,1.0,1.0,True,False,True,True,False,1.0,baseline,NC_all_fail
505e82147a375933,navtest,NAVSIM v1,scalar GRPO,FF-PGRPO,scalar_grpo,,,0,,,outputs/navtest_hard_stable_zero658_recogdrive_stage3_vs_pdms914505_20260727/per_token_comparison.csv,0.5833333333333334,1.0,1.0,1.0,1.0,0.0,1.0,True,False,True,True,False,0.5833333333333334,baseline,NC_all_fail
50eebed7d9655bb5,navtest,NAVSIM v1,scalar GRPO,FF-PGRPO,scalar_grpo,,,0,,,outputs/navtest_hard_stable_zero658_recogdrive_stage3_vs_pdms914505_20260727/per_token_comparison.csv,1.0,1.0,1.0,1.0,1.0,1.0,1.0,True,False,True,True,False,1.0,baseline,DAC_all_fail
514964ba4d115d35,navtest,NAVSIM v1,scalar GRPO,FF-PGRPO,scalar_grpo,,,0,,,outputs/navtest_hard_stable_zero658_recogdrive_stage3_vs_pdms914505_20260727/per_token_comparison.csv,0.0,1.0,0.0,1.0,0.0,1.0,1.0,False,True,True,False,False,0.0,baseline,DAC_all_fail
515b2946ba2457b5,navtest,NAVSIM v1,scalar GRPO,FF-PGRPO,scalar_grpo,,,0,,,outputs/navtest_hard_stable_zero658_recogdrive_stage3_vs_pdms914505_20260727/per_token_comparison.csv,0.0,1.0,0.0,1.0,0.0,1.0,1.0,False,True,True,False,False,0.0,baseline,DAC_all_fail
51bf8103b6cd5b4c,navtest,NAVSIM v1,scalar GRPO,FF-PGRPO,scalar_grpo,,,0,,,outputs/navtest_hard_stable_zero658_recogdrive_stage3_vs_pdms914505_20260727/per_token_comparison.csv,0.936183134162368,1.0,1.0,1.0,0.8468395219896834,1.0,1.0,True,False,True,True,False,0.936183134162368,baseline,DAC_all_fail
522894525b4e5168,navtest,NAVSIM v1,scalar GRPO,FF-PGRPO,scalar_grpo,,,0,,,outputs/navtest_hard_stable_zero658_recogdrive_stage3_vs_pdms914505_20260727/per_token_comparison.csv,0.8874217094661399,1.0,1.0,1.0,0.7298121027187356,1.0,1.0,True,False,True,True,False,0.8874217094661399,baseline,DAC_all_fail
529d2e20dc615c3b,navtest,NAVSIM v1,scalar GRPO,FF-PGRPO,scalar_grpo,,,0,,,outputs/navtest_hard_stable_zero658_recogdrive_stage3_vs_pdms914505_20260727/per_token_comparison.csv,0.0,0.0,1.0,1.0,0.0,0.0,1.0,False,True,True,False,False,0.0,baseline,NC_all_fail
52c6827af61d5b87,navtest,NAVSIM v1,scalar GRPO,FF-PGRPO,scalar_grpo,,,0,,,outputs/navtest_hard_stable_zero658_recogdrive_stage3_vs_pdms914505_20260727/per_token_comparison.csv,0.0,0.0,1.0,1.0,0.0,0.0,1.0,False,True,True,False,False,0.0,baseline,NC_all_fail
52f07f442baa5fe5,navtest,NAVSIM v1,scalar GRPO,FF-PGRPO,scalar_grpo,,,0,,,outputs/navtest_hard_stable_zero658_recogdrive_stage3_vs_pdms914505_20260727/per_token_comparison.csv,0.7846716906776307,1.0,1.0,1.0,0.4832120576263137,1.0,1.0,True,False,True,True,False,0.7846716906776307,baseline,NC_all_fail
535d4220196452ed,navtest,NAVSIM v1,scalar GRPO,FF-PGRPO,scalar_grpo,,,0,,,outputs/navtest_hard_stable_zero658_recogdrive_stage3_vs_pdms914505_20260727/per_token_comparison.csv,0.0,1.0,0.0,1.0,0.0,1.0,1.0,False,True,True,False,False,0.0,baseline,DAC_all_fail
5368a45f74ed5f66,navtest,NAVSIM v1,scalar GRPO,FF-PGRPO,scalar_grpo,,,0,,,outputs/navtest_hard_stable_zero658_recogdrive_stage3_vs_pdms914505_20260727/per_token_comparison.csv,1.0,1.0,1.0,1.0,1.0,1.0,1.0,True,False,True,True,False,1.0,baseline,DAC_all_fail
54292820fab05539,navtest,NAVSIM v1,scalar GRPO,FF-PGRPO,scalar_grpo,,,0,,,outputs/navtest_hard_stable_zero658_recogdrive_stage3_vs_pdms914505_20260727/per_token_comparison.csv,0.0,0.0,1.0,1.0,0.0,0.0,1.0,False,True,True,False,False,0.0,baseline,NC_all_fail
54fbc5743190519c,navtest,NAVSIM v1,scalar GRPO,FF-PGRPO,scalar_grpo,,,0,,,outputs/navtest_hard_stable_zero658_recogdrive_stage3_vs_pdms914505_20260727/per_token_comparison.csv,0.0,0.0,1.0,0.5,0.0,0.0,1.0,False,True,True,False,False,0.0,baseline,NC_all_fail
5593db2f64115fbf,navtest,NAVSIM v1,scalar GRPO,FF-PGRPO,scalar_grpo,,,0,,,outputs/navtest_hard_stable_zero658_recogdrive_stage3_vs_pdms914505_20260727/per_token_comparison.csv,0.5833333333333334,1.0,1.0,1.0,1.0,0.0,1.0,True,False,True,True,False,0.5833333333333334,baseline,NC_all_fail
566cac9a7c0358ce,navtest,NAVSIM v1,scalar GRPO,FF-PGRPO,scalar_grpo,,,0,,,outputs/navtest_hard_stable_zero658_recogdrive_stage3_vs_pdms914505_20260727/per_token_comparison.csv,0.9209976635281452,1.0,1.0,1.0,0.8103943924675485,1.0,1.0,True,False,True,True,False,0.9209976635281452,baseline,DAC_all_fail
57b605b889505738,navtest,NAVSIM v1,scalar GRPO,FF-PGRPO,scalar_grpo,,,0,,,outputs/navtest_hard_stable_zero658_recogdrive_stage3_vs_pdms914505_20260727/per_token_comparison.csv,1.0,1.0,1.0,1.0,1.0,1.0,1.0,True,False,True,True,False,1.0,baseline,DAC_all_fail
583e9cc4115258e4,navtest,NAVSIM v1,scalar GRPO,FF-PGRPO,scalar_grpo,,,0,,,outputs/navtest_hard_stable_zero658_recogdrive_stage3_vs_pdms914505_20260727/per_token_comparison.csv,0.5833333333333334,1.0,1.0,1.0,1.0,0.0,1.0,True,False,True,True,False,0.5833333333333334,baseline,NC_all_fail
58a10d0c924050cf,navtest,NAVSIM v1,scalar GRPO,FF-PGRPO,scalar_grpo,,,0,,,outputs/navtest_hard_stable_zero658_recogdrive_stage3_vs_pdms914505_20260727/per_token_comparison.csv,0.0,0.0,1.0,1.0,0.0,0.0,1.0,False,True,True,False,False,0.0,baseline,NC_all_fail
58dcca6583f6599e,navtest,NAVSIM v1,scalar GRPO,FF-PGRPO,scalar_grpo,,,0,,,outputs/navtest_hard_stable_zero658_recogdrive_stage3_vs_pdms914505_20260727/per_token_comparison.csv,1.0,1.0,1.0,1.0,1.0,1.0,1.0,True,False,True,True,False,1.0,baseline,NC_all_fail
594e39f9024a5835,navtest,NAVSIM v1,scalar GRPO,FF-PGRPO,scalar_grpo,,,0,,,outputs/navtest_hard_stable_zero658_recogdrive_stage3_vs_pdms914505_20260727/per_token_comparison.csv,0.9362799831118664,1.0,1.0,1.0,0.847071959468479,1.0,1.0,True,False,True,True,False,0.9362799831118664,baseline,DAC_all_fail
595909c413ac56dd,navtest,NAVSIM v1,scalar GRPO,FF-PGRPO,scalar_grpo,,,0,,,outputs/navtest_hard_stable_zero658_recogdrive_stage3_vs_pdms914505_20260727/per_token_comparison.csv,1.0,1.0,1.0,1.0,1.0,1.0,1.0,True,False,True,True,False,1.0,baseline,DAC_all_fail
59928d37e9245bf3,navtest,NAVSIM v1,scalar GRPO,FF-PGRPO,scalar_grpo,,,0,,,outputs/navtest_hard_stable_zero658_recogdrive_stage3_vs_pdms914505_20260727/per_token_comparison.csv,1.0,1.0,1.0,1.0,1.0,1.0,1.0,True,False,True,True,False,1.0,baseline,DAC_all_fail
59bf40c427da5eb1,navtest,NAVSIM v1,scalar GRPO,FF-PGRPO,scalar_grpo,,,0,,,outputs/navtest_hard_stable_zero658_recogdrive_stage3_vs_pdms914505_20260727/per_token_comparison.csv,0.8176587530170193,1.0,1.0,1.0,0.5623810072408465,1.0,1.0,True,False,True,True,False,0.8176587530170193,baseline,DAC_all_fail
5a3613f60fb454d4,navtest,NAVSIM v1,scalar GRPO,FF-PGRPO,scalar_grpo,,,0,,,outputs/navtest_hard_stable_zero658_recogdrive_stage3_vs_pdms914505_20260727/per_token_comparison.csv,0.5511495808072532,1.0,1.0,1.0,0.9227589939374078,0.0,1.0,True,False,True,True,False,0.5511495808072532,baseline,DAC_all_fail
5a41a7f756c551ce,navtest,NAVSIM v1,scalar GRPO,FF-PGRPO,scalar_grpo,,,0,,,outputs/navtest_hard_stable_zero658_recogdrive_stage3_vs_pdms914505_20260727/per_token_comparison.csv,0.975493908516472,1.0,1.0,1.0,0.9411853804395328,1.0,1.0,True,False,True,True,False,0.975493908516472,baseline,DAC_all_fail
5b61b9072cad5dbc,navtest,NAVSIM v1,scalar GRPO,FF-PGRPO,scalar_grpo,,,0,,,outputs/navtest_hard_stable_zero658_recogdrive_stage3_vs_pdms914505_20260727/per_token_comparison.csv,1.0,1.0,1.0,1.0,1.0,1.0,1.0,True,False,True,True,False,1.0,baseline,DAC_all_fail
5be54baed8b35bd7,navtest,NAVSIM v1,scalar GRPO,FF-PGRPO,scalar_grpo,,,0,,,outputs/navtest_hard_stable_zero658_recogdrive_stage3_vs_pdms914505_20260727/per_token_comparison.csv,1.0,1.0,1.0,1.0,1.0,1.0,1.0,True,False,True,True,False,1.0,baseline,DAC_all_fail
5c084920ee285003,navtest,NAVSIM v1,scalar GRPO,FF-PGRPO,scalar_grpo,,,0,,,outputs/navtest_hard_stable_zero658_recogdrive_stage3_vs_pdms914505_20260727/per_token_comparison.csv,0.907225920899734,1.0,1.0,1.0,0.7773422101593619,1.0,1.0,True,False,True,True,False,0.907225920899734,baseline,DAC_all_fail
5c4d8dfcb0aa5541,navtest,NAVSIM v1,scalar GRPO,FF-PGRPO,scalar_grpo,,,0,,,outputs/navtest_hard_stable_zero658_recogdrive_stage3_vs_pdms914505_20260727/per_token_comparison.csv,0.8091212820520747,1.0,1.0,1.0,0.5418910769249792,1.0,1.0,True,False,True,True,False,0.8091212820520747,baseline,DAC_all_fail
5cdf559f99b859a4,navtest,NAVSIM v1,scalar GRPO,FF-PGRPO,scalar_grpo,,,0,,,outputs/navtest_hard_stable_zero658_recogdrive_stage3_vs_pdms914505_20260727/per_token_comparison.csv,0.0,0.0,1.0,1.0,0.0,0.0,1.0,False,True,True,False,False,0.0,baseline,NC_all_fail
5d12ad55fdd858e1,navtest,NAVSIM v1,scalar GRPO,FF-PGRPO,scalar_grpo,,,0,,,outputs/navtest_hard_stable_zero658_recogdrive_stage3_vs_pdms914505_20260727/per_token_comparison.csv,0.9355277292619836,1.0,1.0,1.0,0.845266550228761,1.0,1.0,True,False,True,True,False,0.9355277292619836,baseline,DAC_all_fail
5d2ee89308f958be,navtest,NAVSIM v1,scalar GRPO,FF-PGRPO,scalar_grpo,,,0,,,outputs/navtest_hard_stable_zero658_recogdrive_stage3_vs_pdms914505_20260727/per_token_comparison.csv,0.8930953226024677,1.0,1.0,1.0,0.7434287742459225,1.0,1.0,True,False,True,True,False,0.8930953226024677,baseline,DAC_all_fail
5d7c7edca69d5e73,navtest,NAVSIM v1,scalar GRPO,FF-PGRPO,scalar_grpo,,,0,,,outputs/navtest_hard_stable_zero658_recogdrive_stage3_vs_pdms914505_20260727/per_token_comparison.csv,0.0,0.0,1.0,0.0,0.0,0.0,1.0,False,True,True,False,False,0.0,baseline,NC_all_fail
5d7e99b7eea65475,navtest,NAVSIM v1,scalar GRPO,FF-PGRPO,scalar_grpo,,,0,,,outputs/navtest_hard_stable_zero658_recogdrive_stage3_vs_pdms914505_20260727/per_token_comparison.csv,0.974418888105692,1.0,1.0,1.0,0.938605331453661,1.0,1.0,True,False,True,True,False,0.974418888105692,baseline,DAC_all_fail
5d87c059eba15807,navtest,NAVSIM v1,scalar GRPO,FF-PGRPO,scalar_grpo,,,0,,,outputs/navtest_hard_stable_zero658_recogdrive_stage3_vs_pdms914505_20260727/per_token_comparison.csv,0.9702343320146148,1.0,1.0,1.0,0.9285623968350754,1.0,1.0,True,False,True,True,False,0.9702343320146148,baseline,DAC_all_fail
5dae1d43c2e55113,navtest,NAVSIM v1,scalar GRPO,FF-PGRPO,scalar_grpo,,,0,,,outputs/navtest_hard_stable_zero658_recogdrive_stage3_vs_pdms914505_20260727/per_token_comparison.csv,0.970374776383052,1.0,1.0,1.0,0.928899463319325,1.0,1.0,True,False,True,True,False,0.970374776383052,baseline,DAC_all_fail
5e279bb4bb105df9,navtest,NAVSIM v1,scalar GRPO,FF-PGRPO,scalar_grpo,,,0,,,outputs/navtest_hard_stable_zero658_recogdrive_stage3_vs_pdms914505_20260727/per_token_comparison.csv,0.942291729037676,1.0,1.0,1.0,0.8615001496904221,1.0,1.0,True,False,True,True,False,0.942291729037676,baseline,DAC_all_fail
5e74b6a61b715f47,navtest,NAVSIM v1,scalar GRPO,FF-PGRPO,scalar_grpo,,,0,,,outputs/navtest_hard_stable_zero658_recogdrive_stage3_vs_pdms914505_20260727/per_token_comparison.csv,0.0,0.0,1.0,1.0,0.0,0.0,1.0,False,True,True,False,False,0.0,baseline,NC_all_fail
5f859ab2a2205477,navtest,NAVSIM v1,scalar GRPO,FF-PGRPO,scalar_grpo,,,0,,,outputs/navtest_hard_stable_zero658_recogdrive_stage3_vs_pdms914505_20260727/per_token_comparison.csv,0.8317142021152425,1.0,1.0,1.0,0.5961140850765819,1.0,1.0,True,False,True,True,False,0.8317142021152425,baseline,DAC_all_fail
60021a9f6c585c16,navtest,NAVSIM v1,scalar GRPO,FF-PGRPO,scalar_grpo,,,0,,,outputs/navtest_hard_stable_zero658_recogdrive_stage3_vs_pdms914505_20260727/per_token_comparison.csv,1.0,1.0,1.0,1.0,1.0,1.0,1.0,True,False,True,True,False,1.0,baseline,DAC_all_fail
6074e965781b510e,navtest,NAVSIM v1,scalar GRPO,FF-PGRPO,scalar_grpo,,,0,,,outputs/navtest_hard_stable_zero658_recogdrive_stage3_vs_pdms914505_20260727/per_token_comparison.csv,1.0,1.0,1.0,1.0,1.0,1.0,1.0,True,False,True,True,False,1.0,baseline,DAC_all_fail
607b63930d2855da,navtest,NAVSIM v1,scalar GRPO,FF-PGRPO,scalar_grpo,,,0,,,outputs/navtest_hard_stable_zero658_recogdrive_stage3_vs_pdms914505_20260727/per_token_comparison.csv,0.0,1.0,0.0,0.0,0.0,0.0,1.0,False,True,True,False,False,0.0,baseline,DAC_all_fail
607fd9c5903d5376,navtest,NAVSIM v1,scalar GRPO,FF-PGRPO,scalar_grpo,,,0,,,outputs/navtest_hard_stable_zero658_recogdrive_stage3_vs_pdms914505_20260727/per_token_comparison.csv,1.0,1.0,1.0,1.0,1.0,1.0,1.0,True,False,True,True,False,1.0,baseline,DAC_all_fail
60a62673dd78534c,navtest,NAVSIM v1,scalar GRPO,FF-PGRPO,scalar_grpo,,,0,,,outputs/navtest_hard_stable_zero658_recogdrive_stage3_vs_pdms914505_20260727/per_token_comparison.csv,0.9067300068988722,1.0,1.0,1.0,0.7761520165572932,1.0,1.0,True,False,True,True,False,0.9067300068988722,baseline,DAC_all_fail
60af77348f6257b6,navtest,NAVSIM v1,scalar GRPO,FF-PGRPO,scalar_grpo,,,0,,,outputs/navtest_hard_stable_zero658_recogdrive_stage3_vs_pdms914505_20260727/per_token_comparison.csv,0.8045777496066119,1.0,1.0,1.0,0.5309865990558682,1.0,1.0,True,False,True,True,False,0.8045777496066119,baseline,DAC_all_fail
60e98c18f487568c,navtest,NAVSIM v1,scalar GRPO,FF-PGRPO,scalar_grpo,,,0,,,outputs/navtest_hard_stable_zero658_recogdrive_stage3_vs_pdms914505_20260727/per_token_comparison.csv,0.0,1.0,0.0,1.0,0.0,1.0,1.0,False,True,True,False,False,0.0,baseline,DAC_all_fail
60f8e416f5f457b3,navtest,NAVSIM v1,scalar GRPO,FF-PGRPO,scalar_grpo,,,0,,,outputs/navtest_hard_stable_zero658_recogdrive_stage3_vs_pdms914505_20260727/per_token_comparison.csv,0.924549238197303,1.0,1.0,1.0,0.818918171673527,1.0,1.0,True,False,True,True,False,0.924549238197303,baseline,DAC_all_fail
60fe616f485b5589,navtest,NAVSIM v1,scalar GRPO,FF-PGRPO,scalar_grpo,,,0,,,outputs/navtest_hard_stable_zero658_recogdrive_stage3_vs_pdms914505_20260727/per_token_comparison.csv,0.9547062543088426,1.0,1.0,1.0,0.8912950103412223,1.0,1.0,True,False,True,True,False,0.9547062543088426,baseline,NC_and_DAC_all_fail
613c9ac33f6951ca,navtest,NAVSIM v1,scalar GRPO,FF-PGRPO,scalar_grpo,,,0,,,outputs/navtest_hard_stable_zero658_recogdrive_stage3_vs_pdms914505_20260727/per_token_comparison.csv,0.9415789940947108,1.0,1.0,1.0,0.8597895858273065,1.0,1.0,True,False,True,True,False,0.9415789940947108,baseline,DAC_all_fail
61984566807c5b11,navtest,NAVSIM v1,scalar GRPO,FF-PGRPO,scalar_grpo,,,0,,,outputs/navtest_hard_stable_zero658_recogdrive_stage3_vs_pdms914505_20260727/per_token_comparison.csv,0.0,0.0,1.0,1.0,0.0,0.0,1.0,False,True,True,False,False,0.0,baseline,NC_all_fail
61a236d173ef5055,navtest,NAVSIM v1,scalar GRPO,FF-PGRPO,scalar_grpo,,,0,,,outputs/navtest_hard_stable_zero658_recogdrive_stage3_vs_pdms914505_20260727/per_token_comparison.csv,0.0,0.0,1.0,1.0,0.0,0.0,1.0,False,True,True,False,False,0.0,baseline,NC_all_fail
61b15ca533845a97,navtest,NAVSIM v1,scalar GRPO,FF-PGRPO,scalar_grpo,,,0,,,outputs/navtest_hard_stable_zero658_recogdrive_stage3_vs_pdms914505_20260727/per_token_comparison.csv,0.985160647840439,1.0,1.0,1.0,0.9643855548170536,1.0,1.0,True,False,True,True,False,0.985160647840439,baseline,DAC_all_fail
61d8eb4fd2395520,navtest,NAVSIM v1,scalar GRPO,FF-PGRPO,scalar_grpo,,,0,,,outputs/navtest_hard_stable_zero658_recogdrive_stage3_vs_pdms914505_20260727/per_token_comparison.csv,0.8864775510192008,1.0,1.0,1.0,0.7275461224460822,1.0,1.0,True,False,True,True,False,0.8864775510192008,baseline,DAC_all_fail
624602ce65455c07,navtest,NAVSIM v1,scalar GRPO,FF-PGRPO,scalar_grpo,,,0,,,outputs/navtest_hard_stable_zero658_recogdrive_stage3_vs_pdms914505_20260727/per_token_comparison.csv,0.0,0.0,1.0,1.0,0.0,0.0,1.0,False,True,True,False,False,0.0,baseline,NC_all_fail
62b0d1b0d5b35c44,navtest,NAVSIM v1,scalar GRPO,FF-PGRPO,scalar_grpo,,,0,,,outputs/navtest_hard_stable_zero658_recogdrive_stage3_vs_pdms914505_20260727/per_token_comparison.csv,0.0,0.0,0.0,1.0,0.0,0.0,1.0,False,True,True,False,False,0.0,baseline,NC_and_DAC_all_fail
635495c0e2295c4d,navtest,NAVSIM v1,scalar GRPO,FF-PGRPO,scalar_grpo,,,0,,,outputs/navtest_hard_stable_zero658_recogdrive_stage3_vs_pdms914505_20260727/per_token_comparison.csv,0.0,0.0,1.0,1.0,0.0,0.0,1.0,False,True,True,False,False,0.0,baseline,NC_all_fail
63d6fbc938bc58cb,navtest,NAVSIM v1,scalar GRPO,FF-PGRPO,scalar_grpo,,,0,,,outputs/navtest_hard_stable_zero658_recogdrive_stage3_vs_pdms914505_20260727/per_token_comparison.csv,0.0,1.0,0.0,1.0,0.0,1.0,1.0,False,True,True,False,False,0.0,baseline,DAC_all_fail
63ec67c4a58a5e5b,navtest,NAVSIM v1,scalar GRPO,FF-PGRPO,scalar_grpo,,,0,,,outputs/navtest_hard_stable_zero658_recogdrive_stage3_vs_pdms914505_20260727/per_token_comparison.csv,0.0,1.0,0.0,1.0,0.0,1.0,1.0,False,True,True,False,False,0.0,baseline,DAC_all_fail
63fd66d1098f5c53,navtest,NAVSIM v1,scalar GRPO,FF-PGRPO,scalar_grpo,,,0,,,outputs/navtest_hard_stable_zero658_recogdrive_stage3_vs_pdms914505_20260727/per_token_comparison.csv,0.0,1.0,0.0,1.0,0.0,1.0,1.0,False,True,True,False,False,0.0,baseline,DAC_all_fail
643b177aa4235fe7,navtest,NAVSIM v1,scalar GRPO,FF-PGRPO,scalar_grpo,,,0,,,outputs/navtest_hard_stable_zero658_recogdrive_stage3_vs_pdms914505_20260727/per_token_comparison.csv,1.0,1.0,1.0,1.0,1.0,1.0,1.0,True,False,True,True,False,1.0,baseline,DAC_all_fail
648b875dc34259c2,navtest,NAVSIM v1,scalar GRPO,FF-PGRPO,scalar_grpo,,,0,,,outputs/navtest_hard_stable_zero658_recogdrive_stage3_vs_pdms914505_20260727/per_token_comparison.csv,0.0,1.0,0.0,1.0,0.0,1.0,1.0,False,True,True,False,False,0.0,baseline,DAC_all_fail
65676c8917335c2c,navtest,NAVSIM v1,scalar GRPO,FF-PGRPO,scalar_grpo,,,0,,,outputs/navtest_hard_stable_zero658_recogdrive_stage3_vs_pdms914505_20260727/per_token_comparison.csv,0.0,1.0,0.0,1.0,0.0,1.0,1.0,False,True,True,False,False,0.0,baseline,DAC_all_fail
65a5be18fdb7508d,navtest,NAVSIM v1,scalar GRPO,FF-PGRPO,scalar_grpo,,,0,,,outputs/navtest_hard_stable_zero658_recogdrive_stage3_vs_pdms914505_20260727/per_token_comparison.csv,0.0,1.0,0.0,1.0,0.0,1.0,1.0,False,True,True,False,False,0.0,baseline,DAC_all_fail
664106f910475a53,navtest,NAVSIM v1,scalar GRPO,FF-PGRPO,scalar_grpo,,,0,,,outputs/navtest_hard_stable_zero658_recogdrive_stage3_vs_pdms914505_20260727/per_token_comparison.csv,0.9436192133668864,1.0,1.0,1.0,0.8646861120805276,1.0,1.0,True,False,True,True,False,0.9436192133668864,baseline,DAC_all_fail
667afe1f010351c5,navtest,NAVSIM v1,scalar GRPO,FF-PGRPO,scalar_grpo,,,0,,,outputs/navtest_hard_stable_zero658_recogdrive_stage3_vs_pdms914505_20260727/per_token_comparison.csv,0.0,0.0,1.0,1.0,0.0,0.0,1.0,False,True,True,False,False,0.0,baseline,NC_all_fail
6704953640e55b83,navtest,NAVSIM v1,scalar GRPO,FF-PGRPO,scalar_grpo,,,0,,,outputs/navtest_hard_stable_zero658_recogdrive_stage3_vs_pdms914505_20260727/per_token_comparison.csv,0.0,1.0,0.0,1.0,0.0,1.0,1.0,False,True,True,False,False,0.0,baseline,DAC_all_fail
6743ebcc6f5259b8,navtest,NAVSIM v1,scalar GRPO,FF-PGRPO,scalar_grpo,,,0,,,outputs/navtest_hard_stable_zero658_recogdrive_stage3_vs_pdms914505_20260727/per_token_comparison.csv,0.8914310339091948,1.0,1.0,0.0,0.7394344813820675,1.0,1.0,True,False,True,True,False,0.8914310339091948,baseline,DAC_all_fail
67abcf0964415891,navtest,NAVSIM v1,scalar GRPO,FF-PGRPO,scalar_grpo,,,0,,,outputs/navtest_hard_stable_zero658_recogdrive_stage3_vs_pdms914505_20260727/per_token_comparison.csv,0.0,0.0,1.0,1.0,0.0,0.0,1.0,False,True,True,False,False,0.0,baseline,NC_all_fail
67b05cf704325e6b,navtest,NAVSIM v1,scalar GRPO,FF-PGRPO,scalar_grpo,,,0,,,outputs/navtest_hard_stable_zero658_recogdrive_stage3_vs_pdms914505_20260727/per_token_comparison.csv,0.9327695611804404,1.0,1.0,1.0,0.838646946833057,1.0,1.0,True,False,True,True,False,0.9327695611804404,baseline,DAC_all_fail
6801df96fcdd5bd9,navtest,NAVSIM v1,scalar GRPO,FF-PGRPO,scalar_grpo,,,0,,,outputs/navtest_hard_stable_zero658_recogdrive_stage3_vs_pdms914505_20260727/per_token_comparison.csv,0.9741249347300012,1.0,1.0,1.0,0.9378998433520028,1.0,1.0,True,False,True,True,False,0.9741249347300012,baseline,DAC_all_fail
681dc1d77f125936,navtest,NAVSIM v1,scalar GRPO,FF-PGRPO,scalar_grpo,,,0,,,outputs/navtest_hard_stable_zero658_recogdrive_stage3_vs_pdms914505_20260727/per_token_comparison.csv,0.0,1.0,0.0,1.0,0.0,1.0,1.0,False,True,True,False,False,0.0,baseline,DAC_all_fail
68b83d28894e5bc1,navtest,NAVSIM v1,scalar GRPO,FF-PGRPO,scalar_grpo,,,0,,,outputs/navtest_hard_stable_zero658_recogdrive_stage3_vs_pdms914505_20260727/per_token_comparison.csv,0.0,0.0,1.0,1.0,0.0,0.0,1.0,False,True,True,False,False,0.0,baseline,NC_all_fail
6919975cab1c5345,navtest,NAVSIM v1,scalar GRPO,FF-PGRPO,scalar_grpo,,,0,,,outputs/navtest_hard_stable_zero658_recogdrive_stage3_vs_pdms914505_20260727/per_token_comparison.csv,0.0,1.0,0.0,1.0,0.0,0.0,1.0,False,True,True,False,False,0.0,baseline,NC_and_DAC_all_fail
692bea45f3de5fd0,navtest,NAVSIM v1,scalar GRPO,FF-PGRPO,scalar_grpo,,,0,,,outputs/navtest_hard_stable_zero658_recogdrive_stage3_vs_pdms914505_20260727/per_token_comparison.csv,0.5132896387605975,1.0,1.0,1.0,0.8318951330254339,0.0,1.0,True,False,True,True,False,0.5132896387605975,baseline,DAC_all_fail
697882c22eb65ca7,navtest,NAVSIM v1,scalar GRPO,FF-PGRPO,scalar_grpo,,,0,,,outputs/navtest_hard_stable_zero658_recogdrive_stage3_vs_pdms914505_20260727/per_token_comparison.csv,0.5252440194651946,1.0,1.0,1.0,0.860585646716467,0.0,1.0,True,False,True,True,False,0.5252440194651946,baseline,DAC_all_fail
697c73f258ef5745,navtest,NAVSIM v1,scalar GRPO,FF-PGRPO,scalar_grpo,,,0,,,outputs/navtest_hard_stable_zero658_recogdrive_stage3_vs_pdms914505_20260727/per_token_comparison.csv,0.9207601538941168,1.0,1.0,0.5,0.8098243693458804,1.0,1.0,True,False,True,True,False,0.9207601538941168,baseline,DAC_all_fail
6ae2bcc5c2c050e4,navtest,NAVSIM v1,scalar GRPO,FF-PGRPO,scalar_grpo,,,0,,,outputs/navtest_hard_stable_zero658_recogdrive_stage3_vs_pdms914505_20260727/per_token_comparison.csv,1.0,1.0,1.0,1.0,1.0,1.0,1.0,True,False,True,True,False,1.0,baseline,NC_all_fail
6b19d4325f075ad0,navtest,NAVSIM v1,scalar GRPO,FF-PGRPO,scalar_grpo,,,0,,,outputs/navtest_hard_stable_zero658_recogdrive_stage3_vs_pdms914505_20260727/per_token_comparison.csv,0.0,1.0,0.0,1.0,0.0,1.0,1.0,False,True,True,False,False,0.0,baseline,DAC_all_fail
6b8daf3b57175e70,navtest,NAVSIM v1,scalar GRPO,FF-PGRPO,scalar_grpo,,,0,,,outputs/navtest_hard_stable_zero658_recogdrive_stage3_vs_pdms914505_20260727/per_token_comparison.csv,1.0,1.0,1.0,1.0,1.0,1.0,1.0,True,False,True,True,False,1.0,baseline,DAC_all_fail
6c84787939055fe8,navtest,NAVSIM v1,scalar GRPO,FF-PGRPO,scalar_grpo,,,0,,,outputs/navtest_hard_stable_zero658_recogdrive_stage3_vs_pdms914505_20260727/per_token_comparison.csv,0.9996709812053128,1.0,1.0,1.0,0.9992103548927506,1.0,1.0,True,False,True,True,False,0.9996709812053128,baseline,DAC_all_fail
6d4f69f0aabc5c4e,navtest,NAVSIM v1,scalar GRPO,FF-PGRPO,scalar_grpo,,,0,,,outputs/navtest_hard_stable_zero658_recogdrive_stage3_vs_pdms914505_20260727/per_token_comparison.csv,0.8865111623281279,1.0,1.0,1.0,0.7276267895875069,1.0,1.0,True,False,True,True,False,0.8865111623281279,baseline,DAC_all_fail
6dfba05513f05909,navtest,NAVSIM v1,scalar GRPO,FF-PGRPO,scalar_grpo,,,0,,,outputs/navtest_hard_stable_zero658_recogdrive_stage3_vs_pdms914505_20260727/per_token_comparison.csv,0.8184928203395073,1.0,1.0,1.0,0.5643827688148174,1.0,1.0,True,False,True,True,False,0.8184928203395073,baseline,DAC_all_fail
6e5a14ce293c5ae8,navtest,NAVSIM v1,scalar GRPO,FF-PGRPO,scalar_grpo,,,0,,,outputs/navtest_hard_stable_zero658_recogdrive_stage3_vs_pdms914505_20260727/per_token_comparison.csv,1.0,1.0,1.0,1.0,1.0,1.0,1.0,True,False,True,True,False,1.0,baseline,DAC_all_fail
6ed328b05b54553e,navtest,NAVSIM v1,scalar GRPO,FF-PGRPO,scalar_grpo,,,0,,,outputs/navtest_hard_stable_zero658_recogdrive_stage3_vs_pdms914505_20260727/per_token_comparison.csv,0.9505634386196088,1.0,1.0,1.0,0.8813522526870615,1.0,1.0,True,False,True,True,False,0.9505634386196088,baseline,DAC_all_fail
700237dffc2d5be7,navtest,NAVSIM v1,scalar GRPO,FF-PGRPO,scalar_grpo,,,0,,,outputs/navtest_hard_stable_zero658_recogdrive_stage3_vs_pdms914505_20260727/per_token_comparison.csv,0.0,1.0,0.0,1.0,0.0,1.0,1.0,False,True,True,False,False,0.0,baseline,DAC_all_fail
70322003ab525a2e,navtest,NAVSIM v1,scalar GRPO,FF-PGRPO,scalar_grpo,,,0,,,outputs/navtest_hard_stable_zero658_recogdrive_stage3_vs_pdms914505_20260727/per_token_comparison.csv,0.0,1.0,0.0,1.0,0.0,1.0,1.0,False,True,True,False,False,0.0,baseline,DAC_all_fail
706cc8e44dbd557d,navtest,NAVSIM v1,scalar GRPO,FF-PGRPO,scalar_grpo,,,0,,,outputs/navtest_hard_stable_zero658_recogdrive_stage3_vs_pdms914505_20260727/per_token_comparison.csv,0.0,1.0,0.0,1.0,0.0,1.0,1.0,False,True,True,False,False,0.0,baseline,DAC_all_fail
70bf5f0d100d580f,navtest,NAVSIM v1,scalar GRPO,FF-PGRPO,scalar_grpo,,,0,,,outputs/navtest_hard_stable_zero658_recogdrive_stage3_vs_pdms914505_20260727/per_token_comparison.csv,1.0,1.0,1.0,1.0,1.0,1.0,1.0,True,False,True,True,False,1.0,baseline,NC_all_fail
718c914ede2f5229,navtest,NAVSIM v1,scalar GRPO,FF-PGRPO,scalar_grpo,,,0,,,outputs/navtest_hard_stable_zero658_recogdrive_stage3_vs_pdms914505_20260727/per_token_comparison.csv,0.9311732703820286,1.0,1.0,1.0,0.8348158489168687,1.0,1.0,True,False,True,True,False,0.9311732703820286,baseline,DAC_all_fail
71ae69a9499e559c,navtest,NAVSIM v1,scalar GRPO,FF-PGRPO,scalar_grpo,,,0,,,outputs/navtest_hard_stable_zero658_recogdrive_stage3_vs_pdms914505_20260727/per_token_comparison.csv,0.9037346953439336,1.0,1.0,1.0,0.7689632688254409,1.0,1.0,True,False,True,True,False,0.9037346953439336,baseline,DAC_all_fail
72be63ed04f15f97,navtest,NAVSIM v1,scalar GRPO,FF-PGRPO,scalar_grpo,,,0,,,outputs/navtest_hard_stable_zero658_recogdrive_stage3_vs_pdms914505_20260727/per_token_comparison.csv,0.0,1.0,0.0,1.0,0.0,1.0,1.0,False,True,True,False,False,0.0,baseline,DAC_all_fail
73872fdc28995ad6,navtest,NAVSIM v1,scalar GRPO,FF-PGRPO,scalar_grpo,,,0,,,outputs/navtest_hard_stable_zero658_recogdrive_stage3_vs_pdms914505_20260727/per_token_comparison.csv,0.0,1.0,0.0,1.0,0.0,1.0,1.0,False,True,True,False,False,0.0,baseline,DAC_all_fail
73eda22129255831,navtest,NAVSIM v1,scalar GRPO,FF-PGRPO,scalar_grpo,,,0,,,outputs/navtest_hard_stable_zero658_recogdrive_stage3_vs_pdms914505_20260727/per_token_comparison.csv,0.0,1.0,0.0,1.0,0.0,1.0,1.0,False,True,True,False,False,0.0,baseline,DAC_all_fail
741d60ca8b7b5cb4,navtest,NAVSIM v1,scalar GRPO,FF-PGRPO,scalar_grpo,,,0,,,outputs/navtest_hard_stable_zero658_recogdrive_stage3_vs_pdms914505_20260727/per_token_comparison.csv,0.4028149169900119,1.0,1.0,1.0,0.5667558007760285,0.0,1.0,True,False,True,True,False,0.4028149169900119,baseline,NC_all_fail
742456f4f1c65425,navtest,NAVSIM v1,scalar GRPO,FF-PGRPO,scalar_grpo,,,0,,,outputs/navtest_hard_stable_zero658_recogdrive_stage3_vs_pdms914505_20260727/per_token_comparison.csv,0.0,0.0,0.0,1.0,0.0,0.0,1.0,False,True,True,False,False,0.0,baseline,NC_and_DAC_all_fail
755461a5329554de,navtest,NAVSIM v1,scalar GRPO,FF-PGRPO,scalar_grpo,,,0,,,outputs/navtest_hard_stable_zero658_recogdrive_stage3_vs_pdms914505_20260727/per_token_comparison.csv,0.0,1.0,0.0,0.0,0.0,1.0,1.0,False,True,True,False,False,0.0,baseline,DAC_all_fail
75b6813b1f4556ce,navtest,NAVSIM v1,scalar GRPO,FF-PGRPO,scalar_grpo,,,0,,,outputs/navtest_hard_stable_zero658_recogdrive_stage3_vs_pdms914505_20260727/per_token_comparison.csv,1.0,1.0,1.0,1.0,1.0,1.0,1.0,True,False,True,True,False,1.0,baseline,DAC_all_fail
764bbbaf51f85bd8,navtest,NAVSIM v1,scalar GRPO,FF-PGRPO,scalar_grpo,,,0,,,outputs/navtest_hard_stable_zero658_recogdrive_stage3_vs_pdms914505_20260727/per_token_comparison.csv,0.0,1.0,0.0,0.5,0.0,1.0,1.0,False,True,True,False,False,0.0,baseline,DAC_all_fail
7686d88b5ae4513e,navtest,NAVSIM v1,scalar GRPO,FF-PGRPO,scalar_grpo,,,0,,,outputs/navtest_hard_stable_zero658_recogdrive_stage3_vs_pdms914505_20260727/per_token_comparison.csv,0.0,0.0,1.0,1.0,0.0,0.0,1.0,False,True,True,False,False,0.0,baseline,NC_all_fail
76a0c83f0b6453a0,navtest,NAVSIM v1,scalar GRPO,FF-PGRPO,scalar_grpo,,,0,,,outputs/navtest_hard_stable_zero658_recogdrive_stage3_vs_pdms914505_20260727/per_token_comparison.csv,1.0,1.0,1.0,1.0,1.0,1.0,1.0,True,False,True,True,False,1.0,baseline,NC_all_fail
76d3db995c9e5946,navtest,NAVSIM v1,scalar GRPO,FF-PGRPO,scalar_grpo,,,0,,,outputs/navtest_hard_stable_zero658_recogdrive_stage3_vs_pdms914505_20260727/per_token_comparison.csv,0.9086073289209284,1.0,1.0,1.0,0.7806575894102281,1.0,1.0,True,False,True,True,False,0.9086073289209284,baseline,DAC_all_fail
77412f2abf325814,navtest,NAVSIM v1,scalar GRPO,FF-PGRPO,scalar_grpo,,,0,,,outputs/navtest_hard_stable_zero658_recogdrive_stage3_vs_pdms914505_20260727/per_token_comparison.csv,0.8790221838924905,1.0,1.0,1.0,0.7096532413419775,1.0,1.0,True,False,True,True,False,0.8790221838924905,baseline,DAC_all_fail
7777f9476f1e5bb0,navtest,NAVSIM v1,scalar GRPO,FF-PGRPO,scalar_grpo,,,0,,,outputs/navtest_hard_stable_zero658_recogdrive_stage3_vs_pdms914505_20260727/per_token_comparison.csv,0.9052811573285756,1.0,1.0,1.0,0.772674777588581,1.0,1.0,True,False,True,True,False,0.9052811573285756,baseline,DAC_all_fail
77ee60147e0e55b7,navtest,NAVSIM v1,scalar GRPO,FF-PGRPO,scalar_grpo,,,0,,,outputs/navtest_hard_stable_zero658_recogdrive_stage3_vs_pdms914505_20260727/per_token_comparison.csv,0.9563721080741368,1.0,1.0,1.0,0.8952930593779282,1.0,1.0,True,False,True,True,False,0.9563721080741368,baseline,DAC_all_fail
78beb0eba954535e,navtest,NAVSIM v1,scalar GRPO,FF-PGRPO,scalar_grpo,,,0,,,outputs/navtest_hard_stable_zero658_recogdrive_stage3_vs_pdms914505_20260727/per_token_comparison.csv,0.0,0.0,1.0,1.0,0.0,0.0,1.0,False,True,True,False,False,0.0,baseline,NC_all_fail
78c26c7e63c3534c,navtest,NAVSIM v1,scalar GRPO,FF-PGRPO,scalar_grpo,,,0,,,outputs/navtest_hard_stable_zero658_recogdrive_stage3_vs_pdms914505_20260727/per_token_comparison.csv,0.8053958831362255,1.0,1.0,1.0,0.5329501195269413,1.0,1.0,True,False,True,True,False,0.8053958831362255,baseline,DAC_all_fail
7900d1167dfe5c24,navtest,NAVSIM v1,scalar GRPO,FF-PGRPO,scalar_grpo,,,0,,,outputs/navtest_hard_stable_zero658_recogdrive_stage3_vs_pdms914505_20260727/per_token_comparison.csv,1.0,1.0,1.0,1.0,1.0,1.0,1.0,True,False,True,True,False,1.0,baseline,DAC_all_fail
7956c9ed4b855859,navtest,NAVSIM v1,scalar GRPO,FF-PGRPO,scalar_grpo,,,0,,,outputs/navtest_hard_stable_zero658_recogdrive_stage3_vs_pdms914505_20260727/per_token_comparison.csv,0.0,1.0,0.0,1.0,0.0,1.0,1.0,False,True,True,False,False,0.0,baseline,DAC_all_fail
7964bed69f7e597e,navtest,NAVSIM v1,scalar GRPO,FF-PGRPO,scalar_grpo,,,0,,,outputs/navtest_hard_stable_zero658_recogdrive_stage3_vs_pdms914505_20260727/per_token_comparison.csv,1.0,1.0,1.0,1.0,1.0,1.0,1.0,True,False,True,True,False,1.0,baseline,DAC_all_fail
79a151c333745253,navtest,NAVSIM v1,scalar GRPO,FF-PGRPO,scalar_grpo,,,0,,,outputs/navtest_hard_stable_zero658_recogdrive_stage3_vs_pdms914505_20260727/per_token_comparison.csv,0.0,0.0,1.0,1.0,0.0,0.0,1.0,False,True,True,False,False,0.0,baseline,NC_all_fail
79e011726ebe5aa0,navtest,NAVSIM v1,scalar GRPO,FF-PGRPO,scalar_grpo,,,0,,,outputs/navtest_hard_stable_zero658_recogdrive_stage3_vs_pdms914505_20260727/per_token_comparison.csv,0.0,1.0,0.0,0.5,0.0,1.0,1.0,False,True,True,False,False,0.0,baseline,DAC_all_fail
7a7e8074ee5c5389,navtest,NAVSIM v1,scalar GRPO,FF-PGRPO,scalar_grpo,,,0,,,outputs/navtest_hard_stable_zero658_recogdrive_stage3_vs_pdms914505_20260727/per_token_comparison.csv,0.0,0.0,1.0,1.0,0.0,0.0,1.0,False,True,True,False,False,0.0,baseline,NC_all_fail
7ac6ec682a515136,navtest,NAVSIM v1,scalar GRPO,FF-PGRPO,scalar_grpo,,,0,,,outputs/navtest_hard_stable_zero658_recogdrive_stage3_vs_pdms914505_20260727/per_token_comparison.csv,0.0,0.0,1.0,1.0,0.0,0.0,1.0,False,True,True,False,False,0.0,baseline,NC_all_fail
7ae00644dbef537f,navtest,NAVSIM v1,scalar GRPO,FF-PGRPO,scalar_grpo,,,0,,,outputs/navtest_hard_stable_zero658_recogdrive_stage3_vs_pdms914505_20260727/per_token_comparison.csv,0.0,0.0,1.0,1.0,0.0,0.0,1.0,False,True,True,False,False,0.0,baseline,NC_all_fail
7af0e9b8a12056e8,navtest,NAVSIM v1,scalar GRPO,FF-PGRPO,scalar_grpo,,,0,,,outputs/navtest_hard_stable_zero658_recogdrive_stage3_vs_pdms914505_20260727/per_token_comparison.csv,0.9775930596790812,1.0,1.0,1.0,0.9462233432297952,1.0,1.0,True,False,True,True,False,0.9775930596790812,baseline,DAC_all_fail
7b22018666ac5b0e,navtest,NAVSIM v1,scalar GRPO,FF-PGRPO,scalar_grpo,,,0,,,outputs/navtest_hard_stable_zero658_recogdrive_stage3_vs_pdms914505_20260727/per_token_comparison.csv,0.0,1.0,0.0,1.0,0.0,1.0,1.0,False,True,True,False,False,0.0,baseline,DAC_all_fail
7b281124be57507a,navtest,NAVSIM v1,scalar GRPO,FF-PGRPO,scalar_grpo,,,0,,,outputs/navtest_hard_stable_zero658_recogdrive_stage3_vs_pdms914505_20260727/per_token_comparison.csv,0.8829629631547474,1.0,1.0,1.0,0.7191111115713938,1.0,1.0,True,False,True,True,False,0.8829629631547474,baseline,DAC_all_fail
7b4383b378035cb7,navtest,NAVSIM v1,scalar GRPO,FF-PGRPO,scalar_grpo,,,0,,,outputs/navtest_hard_stable_zero658_recogdrive_stage3_vs_pdms914505_20260727/per_token_comparison.csv,0.0,1.0,0.0,1.0,0.0,1.0,1.0,False,True,True,False,False,0.0,baseline,DAC_all_fail
7cb9260c8be35c5c,navtest,NAVSIM v1,scalar GRPO,FF-PGRPO,scalar_grpo,,,0,,,outputs/navtest_hard_stable_zero658_recogdrive_stage3_vs_pdms914505_20260727/per_token_comparison.csv,0.0,1.0,0.0,1.0,0.0,1.0,1.0,False,True,True,False,False,0.0,baseline,NC_and_DAC_all_fail
7cf4a1ba9b6054f9,navtest,NAVSIM v1,scalar GRPO,FF-PGRPO,scalar_grpo,,,0,,,outputs/navtest_hard_stable_zero658_recogdrive_stage3_vs_pdms914505_20260727/per_token_comparison.csv,1.0,1.0,1.0,1.0,1.0,1.0,1.0,True,False,True,True,False,1.0,baseline,DAC_all_fail
7da863f64a5f5e90,navtest,NAVSIM v1,scalar GRPO,FF-PGRPO,scalar_grpo,,,0,,,outputs/navtest_hard_stable_zero658_recogdrive_stage3_vs_pdms914505_20260727/per_token_comparison.csv,0.0,1.0,0.0,1.0,0.0,1.0,1.0,False,True,True,False,False,0.0,baseline,DAC_all_fail
7df960d73e50560b,navtest,NAVSIM v1,scalar GRPO,FF-PGRPO,scalar_grpo,,,0,,,outputs/navtest_hard_stable_zero658_recogdrive_stage3_vs_pdms914505_20260727/per_token_comparison.csv,1.0,1.0,1.0,1.0,1.0,1.0,1.0,True,False,True,True,False,1.0,baseline,NC_all_fail
7e052b9f5ca25531,navtest,NAVSIM v1,scalar GRPO,FF-PGRPO,scalar_grpo,,,0,,,outputs/navtest_hard_stable_zero658_recogdrive_stage3_vs_pdms914505_20260727/per_token_comparison.csv,0.8851357066129822,1.0,1.0,1.0,0.7243256958711574,1.0,1.0,True,False,True,True,False,0.8851357066129822,baseline,DAC_all_fail
7e21aeb3afc2592b,navtest,NAVSIM v1,scalar GRPO,FF-PGRPO,scalar_grpo,,,0,,,outputs/navtest_hard_stable_zero658_recogdrive_stage3_vs_pdms914505_20260727/per_token_comparison.csv,0.0,1.0,0.0,1.0,0.0,1.0,1.0,False,True,True,False,False,0.0,baseline,DAC_all_fail
7e6d49b500545236,navtest,NAVSIM v1,scalar GRPO,FF-PGRPO,scalar_grpo,,,0,,,outputs/navtest_hard_stable_zero658_recogdrive_stage3_vs_pdms914505_20260727/per_token_comparison.csv,0.5833333333333334,1.0,1.0,1.0,1.0,0.0,1.0,True,False,True,True,False,0.5833333333333334,baseline,NC_all_fail
810b73ca95975db9,navtest,NAVSIM v1,scalar GRPO,FF-PGRPO,scalar_grpo,,,0,,,outputs/navtest_hard_stable_zero658_recogdrive_stage3_vs_pdms914505_20260727/per_token_comparison.csv,0.9935331920455964,1.0,1.0,1.0,0.9844796609094316,1.0,1.0,True,False,True,True,False,0.9935331920455964,baseline,DAC_all_fail
819d4bdcb0855118,navtest,NAVSIM v1,scalar GRPO,FF-PGRPO,scalar_grpo,,,0,,,outputs/navtest_hard_stable_zero658_recogdrive_stage3_vs_pdms914505_20260727/per_token_comparison.csv,0.9498539606774878,1.0,1.0,1.0,0.8796495056259708,1.0,1.0,True,False,True,True,False,0.9498539606774878,baseline,DAC_all_fail
8209b6700b535e8e,navtest,NAVSIM v1,scalar GRPO,FF-PGRPO,scalar_grpo,,,0,,,outputs/navtest_hard_stable_zero658_recogdrive_stage3_vs_pdms914505_20260727/per_token_comparison.csv,0.0,0.0,0.0,1.0,0.0,0.0,1.0,False,True,True,False,False,0.0,baseline,DAC_all_fail
8224a14715c2577b,navtest,NAVSIM v1,scalar GRPO,FF-PGRPO,scalar_grpo,,,0,,,outputs/navtest_hard_stable_zero658_recogdrive_stage3_vs_pdms914505_20260727/per_token_comparison.csv,0.0,1.0,0.0,1.0,0.0,1.0,1.0,False,True,True,False,False,0.0,baseline,DAC_all_fail
82c913dd14e05a84,navtest,NAVSIM v1,scalar GRPO,FF-PGRPO,scalar_grpo,,,0,,,outputs/navtest_hard_stable_zero658_recogdrive_stage3_vs_pdms914505_20260727/per_token_comparison.csv,0.5833333333333334,1.0,1.0,1.0,1.0,0.0,1.0,True,False,True,True,False,0.5833333333333334,baseline,NC_all_fail
82ee38a271b15bb1,navtest,NAVSIM v1,scalar GRPO,FF-PGRPO,scalar_grpo,,,0,,,outputs/navtest_hard_stable_zero658_recogdrive_stage3_vs_pdms914505_20260727/per_token_comparison.csv,1.0,1.0,1.0,1.0,1.0,1.0,1.0,True,False,True,True,False,1.0,baseline,DAC_all_fail
83e42a2487695ac5,navtest,NAVSIM v1,scalar GRPO,FF-PGRPO,scalar_grpo,,,0,,,outputs/navtest_hard_stable_zero658_recogdrive_stage3_vs_pdms914505_20260727/per_token_comparison.csv,0.8093609783319579,1.0,1.0,1.0,0.5424663479966988,1.0,1.0,True,False,True,True,False,0.8093609783319579,baseline,DAC_all_fail
8671b777d49e5dea,navtest,NAVSIM v1,scalar GRPO,FF-PGRPO,scalar_grpo,,,0,,,outputs/navtest_hard_stable_zero658_recogdrive_stage3_vs_pdms914505_20260727/per_token_comparison.csv,0.9829648140025942,1.0,1.0,1.0,0.959115553606226,1.0,1.0,True,False,True,True,False,0.9829648140025942,baseline,NC_all_fail
875f14a6967d5192,navtest,NAVSIM v1,scalar GRPO,FF-PGRPO,scalar_grpo,,,0,,,outputs/navtest_hard_stable_zero658_recogdrive_stage3_vs_pdms914505_20260727/per_token_comparison.csv,0.967947439160986,1.0,1.0,1.0,0.9230738539863668,1.0,1.0,True,False,True,True,False,0.967947439160986,baseline,DAC_all_fail
87b2c0e49070537f,navtest,NAVSIM v1,scalar GRPO,FF-PGRPO,scalar_grpo,,,0,,,outputs/navtest_hard_stable_zero658_recogdrive_stage3_vs_pdms914505_20260727/per_token_comparison.csv,0.9304194171234044,1.0,1.0,1.0,0.83300660109617,1.0,1.0,True,False,True,True,False,0.9304194171234044,baseline,DAC_all_fail
87eae54f57ea5690,navtest,NAVSIM v1,scalar GRPO,FF-PGRPO,scalar_grpo,,,0,,,outputs/navtest_hard_stable_zero658_recogdrive_stage3_vs_pdms914505_20260727/per_token_comparison.csv,0.957417286702345,1.0,1.0,1.0,0.8978014880856282,1.0,1.0,True,False,True,True,False,0.957417286702345,baseline,DAC_all_fail
87f7b4b94e2b5264,navtest,NAVSIM v1,scalar GRPO,FF-PGRPO,scalar_grpo,,,0,,,outputs/navtest_hard_stable_zero658_recogdrive_stage3_vs_pdms914505_20260727/per_token_comparison.csv,0.0,1.0,0.0,0.0,0.0,1.0,1.0,False,True,True,False,False,0.0,baseline,DAC_all_fail
89e9fbdf25415d68,navtest,NAVSIM v1,scalar GRPO,FF-PGRPO,scalar_grpo,,,0,,,outputs/navtest_hard_stable_zero658_recogdrive_stage3_vs_pdms914505_20260727/per_token_comparison.csv,0.0,1.0,0.0,0.0,0.0,1.0,1.0,False,True,True,False,False,0.0,baseline,DAC_all_fail
8aa8e3e16c035d5e,navtest,NAVSIM v1,scalar GRPO,FF-PGRPO,scalar_grpo,,,0,,,outputs/navtest_hard_stable_zero658_recogdrive_stage3_vs_pdms914505_20260727/per_token_comparison.csv,1.0,1.0,1.0,1.0,1.0,1.0,1.0,True,False,True,True,False,1.0,baseline,NC_and_DAC_all_fail
8ba3e54303a352c8,navtest,NAVSIM v1,scalar GRPO,FF-PGRPO,scalar_grpo,,,0,,,outputs/navtest_hard_stable_zero658_recogdrive_stage3_vs_pdms914505_20260727/per_token_comparison.csv,0.0,0.0,1.0,1.0,0.0,0.0,1.0,False,True,True,False,False,0.0,baseline,NC_all_fail
8bc0584436b25488,navtest,NAVSIM v1,scalar GRPO,FF-PGRPO,scalar_grpo,,,0,,,outputs/navtest_hard_stable_zero658_recogdrive_stage3_vs_pdms914505_20260727/per_token_comparison.csv,1.0,1.0,1.0,1.0,1.0,1.0,1.0,True,False,True,True,False,1.0,baseline,DAC_all_fail
8cec7d21f7dc540b,navtest,NAVSIM v1,scalar GRPO,FF-PGRPO,scalar_grpo,,,0,,,outputs/navtest_hard_stable_zero658_recogdrive_stage3_vs_pdms914505_20260727/per_token_comparison.csv,0.0,1.0,0.0,1.0,0.0,1.0,1.0,False,True,True,False,False,0.0,baseline,DAC_all_fail
8d06ea883e7853a9,navtest,NAVSIM v1,scalar GRPO,FF-PGRPO,scalar_grpo,,,0,,,outputs/navtest_hard_stable_zero658_recogdrive_stage3_vs_pdms914505_20260727/per_token_comparison.csv,0.9586554961493676,1.0,1.0,1.0,0.9007731907584828,1.0,1.0,True,False,True,True,False,0.9586554961493676,baseline,DAC_all_fail
8d21608fa8c354f1,navtest,NAVSIM v1,scalar GRPO,FF-PGRPO,scalar_grpo,,,0,,,outputs/navtest_hard_stable_zero658_recogdrive_stage3_vs_pdms914505_20260727/per_token_comparison.csv,0.9727510397733512,1.0,1.0,1.0,0.9346024954560426,1.0,1.0,True,False,True,True,False,0.9727510397733512,baseline,DAC_all_fail
8e04fd5e1613597a,navtest,NAVSIM v1,scalar GRPO,FF-PGRPO,scalar_grpo,,,0,,,outputs/navtest_hard_stable_zero658_recogdrive_stage3_vs_pdms914505_20260727/per_token_comparison.csv,0.9856814235511808,1.0,1.0,1.0,0.9656354165228344,1.0,1.0,True,False,True,True,False,0.9856814235511808,baseline,DAC_all_fail
8e393929643f5c97,navtest,NAVSIM v1,scalar GRPO,FF-PGRPO,scalar_grpo,,,0,,,outputs/navtest_hard_stable_zero658_recogdrive_stage3_vs_pdms914505_20260727/per_token_comparison.csv,0.9862766430811176,1.0,1.0,1.0,0.9670639433946822,1.0,1.0,True,False,True,True,False,0.9862766430811176,baseline,DAC_all_fail
8e9e20dde3ed5f0d,navtest,NAVSIM v1,scalar GRPO,FF-PGRPO,scalar_grpo,,,0,,,outputs/navtest_hard_stable_zero658_recogdrive_stage3_vs_pdms914505_20260727/per_token_comparison.csv,0.9977078425816108,1.0,1.0,1.0,0.9944988221958664,1.0,1.0,True,False,True,True,False,0.9977078425816108,baseline,DAC_all_fail
8f0f0f9061b35356,navtest,NAVSIM v1,scalar GRPO,FF-PGRPO,scalar_grpo,,,0,,,outputs/navtest_hard_stable_zero658_recogdrive_stage3_vs_pdms914505_20260727/per_token_comparison.csv,0.9830160894546358,1.0,1.0,1.0,0.959238614691126,1.0,1.0,True,False,True,True,False,0.9830160894546358,baseline,NC_all_fail
8f5610a77c3257f9,navtest,NAVSIM v1,scalar GRPO,FF-PGRPO,scalar_grpo,,,0,,,outputs/navtest_hard_stable_zero658_recogdrive_stage3_vs_pdms914505_20260727/per_token_comparison.csv,0.0,1.0,0.0,1.0,0.0,1.0,1.0,False,True,True,False,False,0.0,baseline,DAC_all_fail
8f67b84df6b75bd1,navtest,NAVSIM v1,scalar GRPO,FF-PGRPO,scalar_grpo,,,0,,,outputs/navtest_hard_stable_zero658_recogdrive_stage3_vs_pdms914505_20260727/per_token_comparison.csv,0.0,1.0,0.0,1.0,0.0,1.0,1.0,False,True,True,False,False,0.0,baseline,DAC_all_fail
8f8ccbd6ffcb54b9,navtest,NAVSIM v1,scalar GRPO,FF-PGRPO,scalar_grpo,,,0,,,outputs/navtest_hard_stable_zero658_recogdrive_stage3_vs_pdms914505_20260727/per_token_comparison.csv,0.9634987750053992,1.0,1.0,1.0,0.912397060012958,1.0,1.0,True,False,True,True,False,0.9634987750053992,baseline,DAC_all_fail
8fdb21d863c5504b,navtest,NAVSIM v1,scalar GRPO,FF-PGRPO,scalar_grpo,,,0,,,outputs/navtest_hard_stable_zero658_recogdrive_stage3_vs_pdms914505_20260727/per_token_comparison.csv,0.0,1.0,0.0,1.0,0.0,1.0,1.0,False,True,True,False,False,0.0,baseline,DAC_all_fail
8ff80000e9a05eca,navtest,NAVSIM v1,scalar GRPO,FF-PGRPO,scalar_grpo,,,0,,,outputs/navtest_hard_stable_zero658_recogdrive_stage3_vs_pdms914505_20260727/per_token_comparison.csv,1.0,1.0,1.0,1.0,1.0,1.0,1.0,True,False,True,True,False,1.0,baseline,NC_all_fail
919ee41f5fa65358,navtest,NAVSIM v1,scalar GRPO,FF-PGRPO,scalar_grpo,,,0,,,outputs/navtest_hard_stable_zero658_recogdrive_stage3_vs_pdms914505_20260727/per_token_comparison.csv,0.0,1.0,0.0,1.0,0.0,1.0,1.0,False,True,True,False,False,0.0,baseline,DAC_all_fail
91c7e207e3395557,navtest,NAVSIM v1,scalar GRPO,FF-PGRPO,scalar_grpo,,,0,,,outputs/navtest_hard_stable_zero658_recogdrive_stage3_vs_pdms914505_20260727/per_token_comparison.csv,0.9382091150101436,1.0,1.0,1.0,0.8517018760243448,1.0,1.0,True,False,True,True,False,0.9382091150101436,baseline,DAC_all_fail
923e4fcf3daa57f8,navtest,NAVSIM v1,scalar GRPO,FF-PGRPO,scalar_grpo,,,0,,,outputs/navtest_hard_stable_zero658_recogdrive_stage3_vs_pdms914505_20260727/per_token_comparison.csv,0.0,1.0,0.0,0.5,0.0,1.0,1.0,False,True,True,False,False,0.0,baseline,DAC_all_fail
925e046dba2f525f,navtest,NAVSIM v1,scalar GRPO,FF-PGRPO,scalar_grpo,,,0,,,outputs/navtest_hard_stable_zero658_recogdrive_stage3_vs_pdms914505_20260727/per_token_comparison.csv,0.0,1.0,0.0,1.0,0.0,1.0,1.0,False,True,True,False,False,0.0,baseline,DAC_all_fail
927aa2c8ef7d5b5c,navtest,NAVSIM v1,scalar GRPO,FF-PGRPO,scalar_grpo,,,0,,,outputs/navtest_hard_stable_zero658_recogdrive_stage3_vs_pdms914505_20260727/per_token_comparison.csv,0.0,0.0,1.0,1.0,0.0,0.0,1.0,False,True,True,False,False,0.0,baseline,NC_all_fail
92aea46cab86531b,navtest,NAVSIM v1,scalar GRPO,FF-PGRPO,scalar_grpo,,,0,,,outputs/navtest_hard_stable_zero658_recogdrive_stage3_vs_pdms914505_20260727/per_token_comparison.csv,1.0,1.0,1.0,1.0,1.0,1.0,1.0,True,False,True,True,False,1.0,baseline,DAC_all_fail
92beafb962d457db,navtest,NAVSIM v1,scalar GRPO,FF-PGRPO,scalar_grpo,,,0,,,outputs/navtest_hard_stable_zero658_recogdrive_stage3_vs_pdms914505_20260727/per_token_comparison.csv,0.0,0.0,1.0,1.0,0.0,0.0,1.0,False,True,True,False,False,0.0,baseline,NC_all_fail
932f0bf1d23b5ba7,navtest,NAVSIM v1,scalar GRPO,FF-PGRPO,scalar_grpo,,,0,,,outputs/navtest_hard_stable_zero658_recogdrive_stage3_vs_pdms914505_20260727/per_token_comparison.csv,1.0,1.0,1.0,1.0,1.0,1.0,1.0,True,False,True,True,False,1.0,baseline,DAC_all_fail
939be40082d9515a,navtest,NAVSIM v1,scalar GRPO,FF-PGRPO,scalar_grpo,,,0,,,outputs/navtest_hard_stable_zero658_recogdrive_stage3_vs_pdms914505_20260727/per_token_comparison.csv,0.0,1.0,0.0,1.0,0.0,1.0,1.0,False,True,True,False,False,0.0,baseline,DAC_all_fail
93e2a76b34b559fc,navtest,NAVSIM v1,scalar GRPO,FF-PGRPO,scalar_grpo,,,0,,,outputs/navtest_hard_stable_zero658_recogdrive_stage3_vs_pdms914505_20260727/per_token_comparison.csv,0.0,1.0,0.0,1.0,0.0,1.0,1.0,False,True,True,False,False,0.0,baseline,DAC_all_fail
94817f3d96fe5072,navtest,NAVSIM v1,scalar GRPO,FF-PGRPO,scalar_grpo,,,0,,,outputs/navtest_hard_stable_zero658_recogdrive_stage3_vs_pdms914505_20260727/per_token_comparison.csv,1.0,1.0,1.0,1.0,1.0,1.0,1.0,True,False,True,True,False,1.0,baseline,DAC_all_fail
94ac0f71d5615e4c,navtest,NAVSIM v1,scalar GRPO,FF-PGRPO,scalar_grpo,,,0,,,outputs/navtest_hard_stable_zero658_recogdrive_stage3_vs_pdms914505_20260727/per_token_comparison.csv,0.5525226822461387,1.0,1.0,1.0,0.9260544373907328,0.0,1.0,True,False,True,True,False,0.5525226822461387,baseline,DAC_all_fail
94b9b31c975a5796,navtest,NAVSIM v1,scalar GRPO,FF-PGRPO,scalar_grpo,,,0,,,outputs/navtest_hard_stable_zero658_recogdrive_stage3_vs_pdms914505_20260727/per_token_comparison.csv,0.9545224229136045,1.0,1.0,1.0,0.8908538149926508,1.0,1.0,True,False,True,True,False,0.9545224229136045,baseline,DAC_all_fail
94c6fd3f9ec85914,navtest,NAVSIM v1,scalar GRPO,FF-PGRPO,scalar_grpo,,,0,,,outputs/navtest_hard_stable_zero658_recogdrive_stage3_vs_pdms914505_20260727/per_token_comparison.csv,0.9242062334693324,1.0,1.0,1.0,0.818094960326398,1.0,1.0,True,False,True,True,False,0.9242062334693324,baseline,DAC_all_fail
94d209006f485164,navtest,NAVSIM v1,scalar GRPO,FF-PGRPO,scalar_grpo,,,0,,,outputs/navtest_hard_stable_zero658_recogdrive_stage3_vs_pdms914505_20260727/per_token_comparison.csv,0.0,1.0,0.0,0.5,0.0,1.0,1.0,False,True,True,False,False,0.0,baseline,DAC_all_fail
963ea50b7eb2554b,navtest,NAVSIM v1,scalar GRPO,FF-PGRPO,scalar_grpo,,,0,,,outputs/navtest_hard_stable_zero658_recogdrive_stage3_vs_pdms914505_20260727/per_token_comparison.csv,1.0,1.0,1.0,1.0,1.0,1.0,1.0,True,False,True,True,False,1.0,baseline,DAC_all_fail
96c003cecfbd5a91,navtest,NAVSIM v1,scalar GRPO,FF-PGRPO,scalar_grpo,,,0,,,outputs/navtest_hard_stable_zero658_recogdrive_stage3_vs_pdms914505_20260727/per_token_comparison.csv,0.0,1.0,0.0,1.0,0.0,1.0,1.0,False,True,True,False,False,0.0,baseline,DAC_all_fail
973f0873af40574e,navtest,NAVSIM v1,scalar GRPO,FF-PGRPO,scalar_grpo,,,0,,,outputs/navtest_hard_stable_zero658_recogdrive_stage3_vs_pdms914505_20260727/per_token_comparison.csv,0.0,1.0,0.0,1.0,0.0,1.0,1.0,False,True,True,False,False,0.0,baseline,DAC_all_fail
979fc47b4f245a9c,navtest,NAVSIM v1,scalar GRPO,FF-PGRPO,scalar_grpo,,,0,,,outputs/navtest_hard_stable_zero658_recogdrive_stage3_vs_pdms914505_20260727/per_token_comparison.csv,1.0,1.0,1.0,1.0,1.0,1.0,1.0,True,False,True,True,False,1.0,baseline,DAC_all_fail
986b3349c460538b,navtest,NAVSIM v1,scalar GRPO,FF-PGRPO,scalar_grpo,,,0,,,outputs/navtest_hard_stable_zero658_recogdrive_stage3_vs_pdms914505_20260727/per_token_comparison.csv,0.9200327390319064,1.0,1.0,1.0,0.8080785736765752,1.0,1.0,True,False,True,True,False,0.9200327390319064,baseline,DAC_all_fail
98c7a48dd75052ab,navtest,NAVSIM v1,scalar GRPO,FF-PGRPO,scalar_grpo,,,0,,,outputs/navtest_hard_stable_zero658_recogdrive_stage3_vs_pdms914505_20260727/per_token_comparison.csv,0.0,0.0,1.0,1.0,0.0,0.0,1.0,False,True,True,False,False,0.0,baseline,NC_all_fail
98e3abe2a38c5156,navtest,NAVSIM v1,scalar GRPO,FF-PGRPO,scalar_grpo,,,0,,,outputs/navtest_hard_stable_zero658_recogdrive_stage3_vs_pdms914505_20260727/per_token_comparison.csv,0.0,1.0,0.0,1.0,0.0,1.0,1.0,False,True,True,False,False,0.0,baseline,DAC_all_fail
99127f15fd9b5847,navtest,NAVSIM v1,scalar GRPO,FF-PGRPO,scalar_grpo,,,0,,,outputs/navtest_hard_stable_zero658_recogdrive_stage3_vs_pdms914505_20260727/per_token_comparison.csv,0.0,1.0,0.0,1.0,0.0,1.0,1.0,False,True,True,False,False,0.0,baseline,DAC_all_fail
9952eefa82585b83,navtest,NAVSIM v1,scalar GRPO,FF-PGRPO,scalar_grpo,,,0,,,outputs/navtest_hard_stable_zero658_recogdrive_stage3_vs_pdms914505_20260727/per_token_comparison.csv,0.9733474018942068,1.0,1.0,1.0,0.9360337645460958,1.0,1.0,True,False,True,True,False,0.9733474018942068,baseline,DAC_all_fail
997fb38ac5d75864,navtest,NAVSIM v1,scalar GRPO,FF-PGRPO,scalar_grpo,,,0,,,outputs/navtest_hard_stable_zero658_recogdrive_stage3_vs_pdms914505_20260727/per_token_comparison.csv,0.0,1.0,0.0,0.0,0.0,0.0,1.0,False,True,True,False,False,0.0,baseline,DAC_all_fail
9a15d775514e5018,navtest,NAVSIM v1,scalar GRPO,FF-PGRPO,scalar_grpo,,,0,,,outputs/navtest_hard_stable_zero658_recogdrive_stage3_vs_pdms914505_20260727/per_token_comparison.csv,0.8468924779662724,1.0,1.0,1.0,0.632541947119054,1.0,1.0,True,False,True,True,False,0.8468924779662724,baseline,DAC_all_fail
9a23e7bc52e657c3,navtest,NAVSIM v1,scalar GRPO,FF-PGRPO,scalar_grpo,,,0,,,outputs/navtest_hard_stable_zero658_recogdrive_stage3_vs_pdms914505_20260727/per_token_comparison.csv,0.9968511976780788,1.0,1.0,1.0,0.9924428744273892,1.0,1.0,True,False,True,True,False,0.9968511976780788,baseline,DAC_all_fail
9adad5bdab6b52fa,navtest,NAVSIM v1,scalar GRPO,FF-PGRPO,scalar_grpo,,,0,,,outputs/navtest_hard_stable_zero658_recogdrive_stage3_vs_pdms914505_20260727/per_token_comparison.csv,0.8554010538076205,1.0,1.0,1.0,0.6529625291382891,1.0,1.0,True,False,True,True,False,0.8554010538076205,baseline,DAC_all_fail
9b0a5826d2d357d8,navtest,NAVSIM v1,scalar GRPO,FF-PGRPO,scalar_grpo,,,0,,,outputs/navtest_hard_stable_zero658_recogdrive_stage3_vs_pdms914505_20260727/per_token_comparison.csv,0.8862030026634611,1.0,1.0,1.0,0.7268872063923065,1.0,1.0,True,False,True,True,False,0.8862030026634611,baseline,DAC_all_fail
9b7be67193ae5772,navtest,NAVSIM v1,scalar GRPO,FF-PGRPO,scalar_grpo,,,0,,,outputs/navtest_hard_stable_zero658_recogdrive_stage3_vs_pdms914505_20260727/per_token_comparison.csv,0.9444877519097616,1.0,1.0,1.0,0.8667706045834279,1.0,1.0,True,False,True,True,False,0.9444877519097616,baseline,DAC_all_fail
9bbaed3bac735053,navtest,NAVSIM v1,scalar GRPO,FF-PGRPO,scalar_grpo,,,0,,,outputs/navtest_hard_stable_zero658_recogdrive_stage3_vs_pdms914505_20260727/per_token_comparison.csv,1.0,1.0,1.0,1.0,1.0,1.0,1.0,True,False,True,True,False,1.0,baseline,DAC_all_fail
9c1f46770f2655b1,navtest,NAVSIM v1,scalar GRPO,FF-PGRPO,scalar_grpo,,,0,,,outputs/navtest_hard_stable_zero658_recogdrive_stage3_vs_pdms914505_20260727/per_token_comparison.csv,0.0,1.0,0.0,1.0,0.0,0.0,1.0,False,True,True,False,False,0.0,baseline,DAC_all_fail
9c62f0bf33fd542d,navtest,NAVSIM v1,scalar GRPO,FF-PGRPO,scalar_grpo,,,0,,,outputs/navtest_hard_stable_zero658_recogdrive_stage3_vs_pdms914505_20260727/per_token_comparison.csv,0.0,1.0,0.0,1.0,0.0,1.0,1.0,False,True,True,False,False,0.0,baseline,DAC_all_fail
9c63c33c198e5aa9,navtest,NAVSIM v1,scalar GRPO,FF-PGRPO,scalar_grpo,,,0,,,outputs/navtest_hard_stable_zero658_recogdrive_stage3_vs_pdms914505_20260727/per_token_comparison.csv,0.9321749447354049,1.0,1.0,1.0,0.8372198673649712,1.0,1.0,True,False,True,True,False,0.9321749447354049,baseline,DAC_all_fail
9cf612ff6e4f5bd5,navtest,NAVSIM v1,scalar GRPO,FF-PGRPO,scalar_grpo,,,0,,,outputs/navtest_hard_stable_zero658_recogdrive_stage3_vs_pdms914505_20260727/per_token_comparison.csv,1.0,1.0,1.0,1.0,1.0,1.0,1.0,True,False,True,True,False,1.0,baseline,NC_all_fail
9d9762d42ff5561d,navtest,NAVSIM v1,scalar GRPO,FF-PGRPO,scalar_grpo,,,0,,,outputs/navtest_hard_stable_zero658_recogdrive_stage3_vs_pdms914505_20260727/per_token_comparison.csv,0.0,1.0,0.0,0.5,0.0,1.0,1.0,False,True,True,False,False,0.0,baseline,DAC_all_fail
9de4d5414a4a50c4,navtest,NAVSIM v1,scalar GRPO,FF-PGRPO,scalar_grpo,,,0,,,outputs/navtest_hard_stable_zero658_recogdrive_stage3_vs_pdms914505_20260727/per_token_comparison.csv,0.9672111569942968,1.0,1.0,1.0,0.921306776786312,1.0,1.0,True,False,True,True,False,0.9672111569942968,baseline,DAC_all_fail
9e787f2f65a85f08,navtest,NAVSIM v1,scalar GRPO,FF-PGRPO,scalar_grpo,,,0,,,outputs/navtest_hard_stable_zero658_recogdrive_stage3_vs_pdms914505_20260727/per_token_comparison.csv,0.9801059814702808,1.0,1.0,1.0,0.9522543555286735,1.0,1.0,True,False,True,True,False,0.9801059814702808,baseline,DAC_all_fail
9ed1a37904015782,navtest,NAVSIM v1,scalar GRPO,FF-PGRPO,scalar_grpo,,,0,,,outputs/navtest_hard_stable_zero658_recogdrive_stage3_vs_pdms914505_20260727/per_token_comparison.csv,0.9721244919317216,1.0,1.0,1.0,0.9330987806361324,1.0,1.0,True,False,True,True,False,0.9721244919317216,baseline,DAC_all_fail
9f03709a3c1e5725,navtest,NAVSIM v1,scalar GRPO,FF-PGRPO,scalar_grpo,,,0,,,outputs/navtest_hard_stable_zero658_recogdrive_stage3_vs_pdms914505_20260727/per_token_comparison.csv,0.0,1.0,0.0,1.0,0.0,1.0,1.0,False,True,True,False,False,0.0,baseline,DAC_all_fail
9f1b6ff3a4865c8a,navtest,NAVSIM v1,scalar GRPO,FF-PGRPO,scalar_grpo,,,0,,,outputs/navtest_hard_stable_zero658_recogdrive_stage3_vs_pdms914505_20260727/per_token_comparison.csv,0.0,1.0,0.0,1.0,0.0,1.0,1.0,False,True,True,False,False,0.0,baseline,DAC_all_fail
a0024513b78656f1,navtest,NAVSIM v1,scalar GRPO,FF-PGRPO,scalar_grpo,,,0,,,outputs/navtest_hard_stable_zero658_recogdrive_stage3_vs_pdms914505_20260727/per_token_comparison.csv,1.0,1.0,1.0,1.0,1.0,1.0,1.0,True,False,True,True,False,1.0,baseline,NC_and_DAC_all_fail
a009893e14c75fd0,navtest,NAVSIM v1,scalar GRPO,FF-PGRPO,scalar_grpo,,,0,,,outputs/navtest_hard_stable_zero658_recogdrive_stage3_vs_pdms914505_20260727/per_token_comparison.csv,0.9636524786845247,1.0,1.0,1.0,0.9127659488428596,1.0,1.0,True,False,True,True,False,0.9636524786845247,baseline,DAC_all_fail
a02d58c7e9ee50f5,navtest,NAVSIM v1,scalar GRPO,FF-PGRPO,scalar_grpo,,,0,,,outputs/navtest_hard_stable_zero658_recogdrive_stage3_vs_pdms914505_20260727/per_token_comparison.csv,0.0,0.0,1.0,1.0,0.0,0.0,1.0,False,True,True,False,False,0.0,baseline,NC_all_fail
a0801105ad8b5ad3,navtest,NAVSIM v1,scalar GRPO,FF-PGRPO,scalar_grpo,,,0,,,outputs/navtest_hard_stable_zero658_recogdrive_stage3_vs_pdms914505_20260727/per_token_comparison.csv,0.9386067402974184,1.0,1.0,1.0,0.8526561767138044,1.0,1.0,True,False,True,True,False,0.9386067402974184,baseline,DAC_all_fail
a0da100b0dcb543c,navtest,NAVSIM v1,scalar GRPO,FF-PGRPO,scalar_grpo,,,0,,,outputs/navtest_hard_stable_zero658_recogdrive_stage3_vs_pdms914505_20260727/per_token_comparison.csv,0.0,0.0,1.0,1.0,0.0,0.0,1.0,False,True,True,False,False,0.0,baseline,NC_all_fail
a0ff0b74063659a2,navtest,NAVSIM v1,scalar GRPO,FF-PGRPO,scalar_grpo,,,0,,,outputs/navtest_hard_stable_zero658_recogdrive_stage3_vs_pdms914505_20260727/per_token_comparison.csv,0.0,1.0,0.0,1.0,0.0,1.0,1.0,False,True,True,False,False,0.0,baseline,DAC_all_fail
a23ebe50e290544b,navtest,NAVSIM v1,scalar GRPO,FF-PGRPO,scalar_grpo,,,0,,,outputs/navtest_hard_stable_zero658_recogdrive_stage3_vs_pdms914505_20260727/per_token_comparison.csv,0.9276965504685633,1.0,1.0,1.0,0.8264717211245519,1.0,1.0,True,False,True,True,False,0.9276965504685633,baseline,DAC_all_fail
a26ee25cd4995271,navtest,NAVSIM v1,scalar GRPO,FF-PGRPO,scalar_grpo,,,0,,,outputs/navtest_hard_stable_zero658_recogdrive_stage3_vs_pdms914505_20260727/per_token_comparison.csv,0.0,0.5,0.0,1.0,0.0,0.0,1.0,False,True,True,False,False,0.0,baseline,DAC_all_fail
a2b2c80a9db75f5f,navtest,NAVSIM v1,scalar GRPO,FF-PGRPO,scalar_grpo,,,0,,,outputs/navtest_hard_stable_zero658_recogdrive_stage3_vs_pdms914505_20260727/per_token_comparison.csv,1.0,1.0,1.0,1.0,1.0,1.0,1.0,True,False,True,True,False,1.0,baseline,NC_all_fail
a36cdc9ebe595113,navtest,NAVSIM v1,scalar GRPO,FF-PGRPO,scalar_grpo,,,0,,,outputs/navtest_hard_stable_zero658_recogdrive_stage3_vs_pdms914505_20260727/per_token_comparison.csv,0.0,1.0,0.0,1.0,0.0,1.0,1.0,False,True,True,False,False,0.0,baseline,DAC_all_fail
a41bdf91223654f7,navtest,NAVSIM v1,scalar GRPO,FF-PGRPO,scalar_grpo,,,0,,,outputs/navtest_hard_stable_zero658_recogdrive_stage3_vs_pdms914505_20260727/per_token_comparison.csv,0.0,1.0,0.0,1.0,0.0,1.0,1.0,False,True,True,False,False,0.0,baseline,DAC_all_fail
a422962469ff5d27,navtest,NAVSIM v1,scalar GRPO,FF-PGRPO,scalar_grpo,,,0,,,outputs/navtest_hard_stable_zero658_recogdrive_stage3_vs_pdms914505_20260727/per_token_comparison.csv,1.0,1.0,1.0,1.0,1.0,1.0,1.0,True,False,True,True,False,1.0,baseline,DAC_all_fail
a42cc34c8a985b67,navtest,NAVSIM v1,scalar GRPO,FF-PGRPO,scalar_grpo,,,0,,,outputs/navtest_hard_stable_zero658_recogdrive_stage3_vs_pdms914505_20260727/per_token_comparison.csv,0.904091613806468,1.0,1.0,0.0,0.7698198731355234,1.0,1.0,True,False,True,True,False,0.904091613806468,baseline,DAC_all_fail
a4ab5ff4ba7259f9,navtest,NAVSIM v1,scalar GRPO,FF-PGRPO,scalar_grpo,,,0,,,outputs/navtest_hard_stable_zero658_recogdrive_stage3_vs_pdms914505_20260727/per_token_comparison.csv,0.9550802522031048,1.0,1.0,1.0,0.8921926052874513,1.0,1.0,True,False,True,True,False,0.9550802522031048,baseline,DAC_all_fail
a4ba9521736a59f9,navtest,NAVSIM v1,scalar GRPO,FF-PGRPO,scalar_grpo,,,0,,,outputs/navtest_hard_stable_zero658_recogdrive_stage3_vs_pdms914505_20260727/per_token_comparison.csv,1.0,1.0,1.0,1.0,1.0,1.0,1.0,True,False,True,True,False,1.0,baseline,DAC_all_fail
a4f4a240e54e56b2,navtest,NAVSIM v1,scalar GRPO,FF-PGRPO,scalar_grpo,,,0,,,outputs/navtest_hard_stable_zero658_recogdrive_stage3_vs_pdms914505_20260727/per_token_comparison.csv,1.0,1.0,1.0,1.0,1.0,1.0,1.0,True,False,True,True,False,1.0,baseline,DAC_all_fail
a59bd481d324594a,navtest,NAVSIM v1,scalar GRPO,FF-PGRPO,scalar_grpo,,,0,,,outputs/navtest_hard_stable_zero658_recogdrive_stage3_vs_pdms914505_20260727/per_token_comparison.csv,0.9465129987473878,1.0,1.0,1.0,0.8716311969937306,1.0,1.0,True,False,True,True,False,0.9465129987473878,baseline,DAC_all_fail
a5db7f072b0a58d4,navtest,NAVSIM v1,scalar GRPO,FF-PGRPO,scalar_grpo,,,0,,,outputs/navtest_hard_stable_zero658_recogdrive_stage3_vs_pdms914505_20260727/per_token_comparison.csv,0.0,1.0,0.0,1.0,0.0,1.0,1.0,False,True,True,False,False,0.0,baseline,DAC_all_fail
a65896c3c7be51ca,navtest,NAVSIM v1,scalar GRPO,FF-PGRPO,scalar_grpo,,,0,,,outputs/navtest_hard_stable_zero658_recogdrive_stage3_vs_pdms914505_20260727/per_token_comparison.csv,0.970662205937388,1.0,1.0,1.0,0.9295892942497314,1.0,1.0,True,False,True,True,False,0.970662205937388,baseline,DAC_all_fail
a6b34e50b7995664,navtest,NAVSIM v1,scalar GRPO,FF-PGRPO,scalar_grpo,,,0,,,outputs/navtest_hard_stable_zero658_recogdrive_stage3_vs_pdms914505_20260727/per_token_comparison.csv,1.0,1.0,1.0,1.0,1.0,1.0,1.0,True,False,True,True,False,1.0,baseline,NC_all_fail
a6fd750fe57d5bb9,navtest,NAVSIM v1,scalar GRPO,FF-PGRPO,scalar_grpo,,,0,,,outputs/navtest_hard_stable_zero658_recogdrive_stage3_vs_pdms914505_20260727/per_token_comparison.csv,0.9497418134892244,1.0,1.0,1.0,0.8793803523741385,1.0,1.0,True,False,True,True,False,0.9497418134892244,baseline,DAC_all_fail
a70f950103b558b9,navtest,NAVSIM v1,scalar GRPO,FF-PGRPO,scalar_grpo,,,0,,,outputs/navtest_hard_stable_zero658_recogdrive_stage3_vs_pdms914505_20260727/per_token_comparison.csv,0.0,1.0,0.0,1.0,0.0,1.0,1.0,False,True,True,False,False,0.0,baseline,DAC_all_fail
a780d35138495c38,navtest,NAVSIM v1,scalar GRPO,FF-PGRPO,scalar_grpo,,,0,,,outputs/navtest_hard_stable_zero658_recogdrive_stage3_vs_pdms914505_20260727/per_token_comparison.csv,1.0,1.0,1.0,1.0,1.0,1.0,1.0,True,False,True,True,False,1.0,baseline,NC_all_fail
a7d3e71b8ca456a9,navtest,NAVSIM v1,scalar GRPO,FF-PGRPO,scalar_grpo,,,0,,,outputs/navtest_hard_stable_zero658_recogdrive_stage3_vs_pdms914505_20260727/per_token_comparison.csv,0.0,0.0,1.0,1.0,0.0,0.0,1.0,False,True,True,False,False,0.0,baseline,NC_all_fail
a8245437ee3d5dd7,navtest,NAVSIM v1,scalar GRPO,FF-PGRPO,scalar_grpo,,,0,,,outputs/navtest_hard_stable_zero658_recogdrive_stage3_vs_pdms914505_20260727/per_token_comparison.csv,0.8861609359968968,1.0,1.0,1.0,0.7267862463925524,1.0,1.0,True,False,True,True,False,0.8861609359968968,baseline,DAC_all_fail
a85f6afede71548f,navtest,NAVSIM v1,scalar GRPO,FF-PGRPO,scalar_grpo,,,0,,,outputs/navtest_hard_stable_zero658_recogdrive_stage3_vs_pdms914505_20260727/per_token_comparison.csv,0.9120545281633328,1.0,1.0,1.0,0.7889308675919989,1.0,1.0,True,False,True,True,False,0.9120545281633328,baseline,DAC_all_fail
a8a34f54618050f6,navtest,NAVSIM v1,scalar GRPO,FF-PGRPO,scalar_grpo,,,0,,,outputs/navtest_hard_stable_zero658_recogdrive_stage3_vs_pdms914505_20260727/per_token_comparison.csv,0.0,1.0,0.0,1.0,0.0,1.0,1.0,False,True,True,False,False,0.0,baseline,DAC_all_fail
a96b1d87c73555b9,navtest,NAVSIM v1,scalar GRPO,FF-PGRPO,scalar_grpo,,,0,,,outputs/navtest_hard_stable_zero658_recogdrive_stage3_vs_pdms914505_20260727/per_token_comparison.csv,0.0,1.0,0.0,1.0,0.0,1.0,1.0,False,True,True,False,False,0.0,baseline,DAC_all_fail
a97ceb2edd0251f9,navtest,NAVSIM v1,scalar GRPO,FF-PGRPO,scalar_grpo,,,0,,,outputs/navtest_hard_stable_zero658_recogdrive_stage3_vs_pdms914505_20260727/per_token_comparison.csv,0.0,1.0,0.0,1.0,0.0,1.0,1.0,False,True,True,False,False,0.0,baseline,DAC_all_fail
a9956fd52aa15f39,navtest,NAVSIM v1,scalar GRPO,FF-PGRPO,scalar_grpo,,,0,,,outputs/navtest_hard_stable_zero658_recogdrive_stage3_vs_pdms914505_20260727/per_token_comparison.csv,0.0,0.0,1.0,1.0,0.0,0.0,1.0,False,True,True,False,False,0.0,baseline,NC_all_fail
a9af1e73c9575428,navtest,NAVSIM v1,scalar GRPO,FF-PGRPO,scalar_grpo,,,0,,,outputs/navtest_hard_stable_zero658_recogdrive_stage3_vs_pdms914505_20260727/per_token_comparison.csv,0.93994617389809,1.0,1.0,1.0,0.8558708173554161,1.0,1.0,True,False,True,True,False,0.93994617389809,baseline,DAC_all_fail
a9c1456b9deb5184,navtest,NAVSIM v1,scalar GRPO,FF-PGRPO,scalar_grpo,,,0,,,outputs/navtest_hard_stable_zero658_recogdrive_stage3_vs_pdms914505_20260727/per_token_comparison.csv,0.9281864143768636,1.0,1.0,1.0,0.8276473945044724,1.0,1.0,True,False,True,True,False,0.9281864143768636,baseline,DAC_all_fail
a9c368a110585b1a,navtest,NAVSIM v1,scalar GRPO,FF-PGRPO,scalar_grpo,,,0,,,outputs/navtest_hard_stable_zero658_recogdrive_stage3_vs_pdms914505_20260727/per_token_comparison.csv,0.0,0.0,1.0,1.0,0.0,0.0,1.0,False,True,True,False,False,0.0,baseline,NC_all_fail
ab19982dd5cd57ac,navtest,NAVSIM v1,scalar GRPO,FF-PGRPO,scalar_grpo,,,0,,,outputs/navtest_hard_stable_zero658_recogdrive_stage3_vs_pdms914505_20260727/per_token_comparison.csv,0.0,0.0,1.0,1.0,0.0,0.0,1.0,False,True,True,False,False,0.0,baseline,NC_all_fail
ab94d64d31ea5435,navtest,NAVSIM v1,scalar GRPO,FF-PGRPO,scalar_grpo,,,0,,,outputs/navtest_hard_stable_zero658_recogdrive_stage3_vs_pdms914505_20260727/per_token_comparison.csv,1.0,1.0,1.0,1.0,1.0,1.0,1.0,True,False,True,True,False,1.0,baseline,DAC_all_fail
ab9d0f7542805d20,navtest,NAVSIM v1,scalar GRPO,FF-PGRPO,scalar_grpo,,,0,,,outputs/navtest_hard_stable_zero658_recogdrive_stage3_vs_pdms914505_20260727/per_token_comparison.csv,0.0,0.0,1.0,1.0,0.0,0.0,1.0,False,True,True,False,False,0.0,baseline,NC_all_fail
abb2ccc5501c58f3,navtest,NAVSIM v1,scalar GRPO,FF-PGRPO,scalar_grpo,,,0,,,outputs/navtest_hard_stable_zero658_recogdrive_stage3_vs_pdms914505_20260727/per_token_comparison.csv,0.8001538695659498,1.0,1.0,1.0,0.5203692869582796,1.0,1.0,True,False,True,True,False,0.8001538695659498,baseline,DAC_all_fail
abbfc957d5545f53,navtest,NAVSIM v1,scalar GRPO,FF-PGRPO,scalar_grpo,,,0,,,outputs/navtest_hard_stable_zero658_recogdrive_stage3_vs_pdms914505_20260727/per_token_comparison.csv,0.8515938573467393,1.0,1.0,1.0,0.6438252576321746,1.0,1.0,True,False,True,True,False,0.8515938573467393,baseline,DAC_all_fail
ac0fb7997f4e5106,navtest,NAVSIM v1,scalar GRPO,FF-PGRPO,scalar_grpo,,,0,,,outputs/navtest_hard_stable_zero658_recogdrive_stage3_vs_pdms914505_20260727/per_token_comparison.csv,0.0,0.0,1.0,1.0,0.0,0.0,1.0,False,True,True,False,False,0.0,baseline,NC_all_fail
ac328bbd087d5cf2,navtest,NAVSIM v1,scalar GRPO,FF-PGRPO,scalar_grpo,,,0,,,outputs/navtest_hard_stable_zero658_recogdrive_stage3_vs_pdms914505_20260727/per_token_comparison.csv,0.9120680023157084,1.0,1.0,1.0,0.7889632055577003,1.0,1.0,True,False,True,True,False,0.9120680023157084,baseline,DAC_all_fail
ac7167da1d1a5342,navtest,NAVSIM v1,scalar GRPO,FF-PGRPO,scalar_grpo,,,0,,,outputs/navtest_hard_stable_zero658_recogdrive_stage3_vs_pdms914505_20260727/per_token_comparison.csv,1.0,1.0,1.0,1.0,1.0,1.0,1.0,True,False,True,True,False,1.0,baseline,DAC_all_fail
ada00fe35a595d6b,navtest,NAVSIM v1,scalar GRPO,FF-PGRPO,scalar_grpo,,,0,,,outputs/navtest_hard_stable_zero658_recogdrive_stage3_vs_pdms914505_20260727/per_token_comparison.csv,1.0,1.0,1.0,1.0,1.0,1.0,1.0,True,False,True,True,False,1.0,baseline,DAC_all_fail
ae821f2ac8d55180,navtest,NAVSIM v1,scalar GRPO,FF-PGRPO,scalar_grpo,,,0,,,outputs/navtest_hard_stable_zero658_recogdrive_stage3_vs_pdms914505_20260727/per_token_comparison.csv,0.0,0.0,1.0,1.0,0.0,0.0,1.0,False,True,True,False,False,0.0,baseline,NC_all_fail
af0e1a3043ba51c6,navtest,NAVSIM v1,scalar GRPO,FF-PGRPO,scalar_grpo,,,0,,,outputs/navtest_hard_stable_zero658_recogdrive_stage3_vs_pdms914505_20260727/per_token_comparison.csv,1.0,1.0,1.0,1.0,1.0,1.0,1.0,True,False,True,True,False,1.0,baseline,DAC_all_fail
af0e2b61cba953de,navtest,NAVSIM v1,scalar GRPO,FF-PGRPO,scalar_grpo,,,0,,,outputs/navtest_hard_stable_zero658_recogdrive_stage3_vs_pdms914505_20260727/per_token_comparison.csv,0.8307092868086331,1.0,1.0,1.0,0.5937022883407196,1.0,1.0,True,False,True,True,False,0.8307092868086331,baseline,DAC_all_fail
af94f29d37e55b02,navtest,NAVSIM v1,scalar GRPO,FF-PGRPO,scalar_grpo,,,0,,,outputs/navtest_hard_stable_zero658_recogdrive_stage3_vs_pdms914505_20260727/per_token_comparison.csv,0.9539487705122324,1.0,1.0,1.0,0.8894770492293572,1.0,1.0,True,False,True,True,False,0.9539487705122324,baseline,DAC_all_fail
b022550645ac5dbf,navtest,NAVSIM v1,scalar GRPO,FF-PGRPO,scalar_grpo,,,0,,,outputs/navtest_hard_stable_zero658_recogdrive_stage3_vs_pdms914505_20260727/per_token_comparison.csv,0.9258794146536924,1.0,1.0,1.0,0.8221105951688619,1.0,1.0,True,False,True,True,False,0.9258794146536924,baseline,DAC_all_fail
b031a0b55ab951f8,navtest,NAVSIM v1,scalar GRPO,FF-PGRPO,scalar_grpo,,,0,,,outputs/navtest_hard_stable_zero658_recogdrive_stage3_vs_pdms914505_20260727/per_token_comparison.csv,0.938727522433356,1.0,1.0,1.0,0.8529460538400541,1.0,1.0,True,False,True,True,False,0.938727522433356,baseline,DAC_all_fail
b11d39291cd55ed7,navtest,NAVSIM v1,scalar GRPO,FF-PGRPO,scalar_grpo,,,0,,,outputs/navtest_hard_stable_zero658_recogdrive_stage3_vs_pdms914505_20260727/per_token_comparison.csv,0.9692437429594732,1.0,1.0,1.0,0.9261849831027356,1.0,1.0,True,False,True,True,False,0.9692437429594732,baseline,NC_all_fail
b1520b6af9705191,navtest,NAVSIM v1,scalar GRPO,FF-PGRPO,scalar_grpo,,,0,,,outputs/navtest_hard_stable_zero658_recogdrive_stage3_vs_pdms914505_20260727/per_token_comparison.csv,0.0,0.0,1.0,1.0,0.0,0.0,1.0,False,True,True,False,False,0.0,baseline,NC_all_fail
b2229456008c518d,navtest,NAVSIM v1,scalar GRPO,FF-PGRPO,scalar_grpo,,,0,,,outputs/navtest_hard_stable_zero658_recogdrive_stage3_vs_pdms914505_20260727/per_token_comparison.csv,0.8950896097071115,1.0,1.0,1.0,0.7482150632970677,1.0,1.0,True,False,True,True,False,0.8950896097071115,baseline,DAC_all_fail
b3edadc19d8a5812,navtest,NAVSIM v1,scalar GRPO,FF-PGRPO,scalar_grpo,,,0,,,outputs/navtest_hard_stable_zero658_recogdrive_stage3_vs_pdms914505_20260727/per_token_comparison.csv,0.0,1.0,0.0,1.0,0.0,1.0,1.0,False,True,True,False,False,0.0,baseline,DAC_all_fail
b462af5600bf5f88,navtest,NAVSIM v1,scalar GRPO,FF-PGRPO,scalar_grpo,,,0,,,outputs/navtest_hard_stable_zero658_recogdrive_stage3_vs_pdms914505_20260727/per_token_comparison.csv,1.0,1.0,1.0,1.0,1.0,1.0,1.0,True,False,True,True,False,1.0,baseline,DAC_all_fail
b4914b3d729357d1,navtest,NAVSIM v1,scalar GRPO,FF-PGRPO,scalar_grpo,,,0,,,outputs/navtest_hard_stable_zero658_recogdrive_stage3_vs_pdms914505_20260727/per_token_comparison.csv,1.0,1.0,1.0,1.0,1.0,1.0,1.0,True,False,True,True,False,1.0,baseline,DAC_all_fail
b5025be9867f503e,navtest,NAVSIM v1,scalar GRPO,FF-PGRPO,scalar_grpo,,,0,,,outputs/navtest_hard_stable_zero658_recogdrive_stage3_vs_pdms914505_20260727/per_token_comparison.csv,0.0,1.0,0.0,1.0,0.0,1.0,1.0,False,True,True,False,False,0.0,baseline,DAC_all_fail
b5a8b9b436b05bad,navtest,NAVSIM v1,scalar GRPO,FF-PGRPO,scalar_grpo,,,0,,,outputs/navtest_hard_stable_zero658_recogdrive_stage3_vs_pdms914505_20260727/per_token_comparison.csv,0.0,0.0,1.0,1.0,0.0,0.0,1.0,False,True,True,False,False,0.0,baseline,NC_all_fail
b5b57305df6f5b99,navtest,NAVSIM v1,scalar GRPO,FF-PGRPO,scalar_grpo,,,0,,,outputs/navtest_hard_stable_zero658_recogdrive_stage3_vs_pdms914505_20260727/per_token_comparison.csv,0.0,0.0,1.0,1.0,0.0,0.0,1.0,False,True,True,False,False,0.0,baseline,NC_all_fail
b5b8d20688385790,navtest,NAVSIM v1,scalar GRPO,FF-PGRPO,scalar_grpo,,,0,,,outputs/navtest_hard_stable_zero658_recogdrive_stage3_vs_pdms914505_20260727/per_token_comparison.csv,1.0,1.0,1.0,1.0,1.0,1.0,1.0,True,False,True,True,False,1.0,baseline,NC_and_DAC_all_fail
b60afdbc7cc65971,navtest,NAVSIM v1,scalar GRPO,FF-PGRPO,scalar_grpo,,,0,,,outputs/navtest_hard_stable_zero658_recogdrive_stage3_vs_pdms914505_20260727/per_token_comparison.csv,1.0,1.0,1.0,1.0,1.0,1.0,1.0,True,False,True,True,False,1.0,baseline,DAC_all_fail
b619e01b47775ec5,navtest,NAVSIM v1,scalar GRPO,FF-PGRPO,scalar_grpo,,,0,,,outputs/navtest_hard_stable_zero658_recogdrive_stage3_vs_pdms914505_20260727/per_token_comparison.csv,0.9325778445294836,1.0,1.0,1.0,0.8381868268707608,1.0,1.0,True,False,True,True,False,0.9325778445294836,baseline,DAC_all_fail
b628faa4178d5eaf,navtest,NAVSIM v1,scalar GRPO,FF-PGRPO,scalar_grpo,,,0,,,outputs/navtest_hard_stable_zero658_recogdrive_stage3_vs_pdms914505_20260727/per_token_comparison.csv,0.0,1.0,0.0,1.0,0.0,1.0,1.0,False,True,True,False,False,0.0,baseline,DAC_all_fail
b6b5f3cc01a05f83,navtest,NAVSIM v1,scalar GRPO,FF-PGRPO,scalar_grpo,,,0,,,outputs/navtest_hard_stable_zero658_recogdrive_stage3_vs_pdms914505_20260727/per_token_comparison.csv,0.0,1.0,0.0,1.0,0.0,1.0,1.0,False,True,True,False,False,0.0,baseline,DAC_all_fail
b7215e8a4eb6552a,navtest,NAVSIM v1,scalar GRPO,FF-PGRPO,scalar_grpo,,,0,,,outputs/navtest_hard_stable_zero658_recogdrive_stage3_vs_pdms914505_20260727/per_token_comparison.csv,0.946574220991757,1.0,1.0,1.0,0.8717781303802171,1.0,1.0,True,False,True,True,False,0.946574220991757,baseline,DAC_all_fail
b770bd5be66d5339,navtest,NAVSIM v1,scalar GRPO,FF-PGRPO,scalar_grpo,,,0,,,outputs/navtest_hard_stable_zero658_recogdrive_stage3_vs_pdms914505_20260727/per_token_comparison.csv,0.4799736667596396,1.0,1.0,1.0,0.7519368002231351,0.0,1.0,True,False,True,True,False,0.4799736667596396,baseline,NC_all_fail
b87c15c9f6cf54eb,navtest,NAVSIM v1,scalar GRPO,FF-PGRPO,scalar_grpo,,,0,,,outputs/navtest_hard_stable_zero658_recogdrive_stage3_vs_pdms914505_20260727/per_token_comparison.csv,0.5833333333333334,1.0,1.0,1.0,1.0,0.0,1.0,True,False,True,True,False,0.5833333333333334,baseline,NC_all_fail
b8cf57333fc65efe,navtest,NAVSIM v1,scalar GRPO,FF-PGRPO,scalar_grpo,,,0,,,outputs/navtest_hard_stable_zero658_recogdrive_stage3_vs_pdms914505_20260727/per_token_comparison.csv,0.0,1.0,0.0,1.0,0.0,1.0,1.0,False,True,True,False,False,0.0,baseline,DAC_all_fail
b96dd2fae674571c,navtest,NAVSIM v1,scalar GRPO,FF-PGRPO,scalar_grpo,,,0,,,outputs/navtest_hard_stable_zero658_recogdrive_stage3_vs_pdms914505_20260727/per_token_comparison.csv,0.8876457705064258,1.0,1.0,1.0,0.7303498492154221,1.0,1.0,True,False,True,True,False,0.8876457705064258,baseline,DAC_all_fail
b9d14f59883a5496,navtest,NAVSIM v1,scalar GRPO,FF-PGRPO,scalar_grpo,,,0,,,outputs/navtest_hard_stable_zero658_recogdrive_stage3_vs_pdms914505_20260727/per_token_comparison.csv,0.9381326825875064,1.0,1.0,1.0,0.8515184382100152,1.0,1.0,True,False,True,True,False,0.9381326825875064,baseline,DAC_all_fail
b9f4efacc7695435,navtest,NAVSIM v1,scalar GRPO,FF-PGRPO,scalar_grpo,,,0,,,outputs/navtest_hard_stable_zero658_recogdrive_stage3_vs_pdms914505_20260727/per_token_comparison.csv,0.9884271659427556,1.0,1.0,1.0,0.9722251982626132,1.0,1.0,True,False,True,True,False,0.9884271659427556,baseline,DAC_all_fail
ba09d23c78b95a66,navtest,NAVSIM v1,scalar GRPO,FF-PGRPO,scalar_grpo,,,0,,,outputs/navtest_hard_stable_zero658_recogdrive_stage3_vs_pdms914505_20260727/per_token_comparison.csv,0.9865685119285192,1.0,1.0,1.0,0.967764428628446,1.0,1.0,True,False,True,True,False,0.9865685119285192,baseline,NC_all_fail
ba13a6004a0c5f8d,navtest,NAVSIM v1,scalar GRPO,FF-PGRPO,scalar_grpo,,,0,,,outputs/navtest_hard_stable_zero658_recogdrive_stage3_vs_pdms914505_20260727/per_token_comparison.csv,0.0,1.0,0.0,1.0,0.0,1.0,1.0,False,True,True,False,False,0.0,baseline,DAC_all_fail
ba7d6b30a3a15384,navtest,NAVSIM v1,scalar GRPO,FF-PGRPO,scalar_grpo,,,0,,,outputs/navtest_hard_stable_zero658_recogdrive_stage3_vs_pdms914505_20260727/per_token_comparison.csv,0.0,1.0,0.0,1.0,0.0,1.0,1.0,False,True,True,False,False,0.0,baseline,DAC_all_fail
bb5b44d240945ed0,navtest,NAVSIM v1,scalar GRPO,FF-PGRPO,scalar_grpo,,,0,,,outputs/navtest_hard_stable_zero658_recogdrive_stage3_vs_pdms914505_20260727/per_token_comparison.csv,0.5833333333333334,1.0,1.0,1.0,1.0,0.0,1.0,True,False,True,True,False,0.5833333333333334,baseline,NC_all_fail
bba5d587cab25dfa,navtest,NAVSIM v1,scalar GRPO,FF-PGRPO,scalar_grpo,,,0,,,outputs/navtest_hard_stable_zero658_recogdrive_stage3_vs_pdms914505_20260727/per_token_comparison.csv,0.0,1.0,0.0,1.0,0.0,1.0,1.0,False,True,True,False,False,0.0,baseline,DAC_all_fail
bbb2fd3f27635227,navtest,NAVSIM v1,scalar GRPO,FF-PGRPO,scalar_grpo,,,0,,,outputs/navtest_hard_stable_zero658_recogdrive_stage3_vs_pdms914505_20260727/per_token_comparison.csv,0.0,1.0,0.0,1.0,0.0,1.0,1.0,False,True,True,False,False,0.0,baseline,DAC_all_fail
bc667a4fc0f454d7,navtest,NAVSIM v1,scalar GRPO,FF-PGRPO,scalar_grpo,,,0,,,outputs/navtest_hard_stable_zero658_recogdrive_stage3_vs_pdms914505_20260727/per_token_comparison.csv,0.0,0.0,1.0,1.0,0.0,0.0,1.0,False,True,True,False,False,0.0,baseline,NC_all_fail
bc73190196b358f6,navtest,NAVSIM v1,scalar GRPO,FF-PGRPO,scalar_grpo,,,0,,,outputs/navtest_hard_stable_zero658_recogdrive_stage3_vs_pdms914505_20260727/per_token_comparison.csv,0.0,0.0,1.0,1.0,0.0,0.0,1.0,False,True,True,False,False,0.0,baseline,NC_all_fail
bd1e37aab1c7530f,navtest,NAVSIM v1,scalar GRPO,FF-PGRPO,scalar_grpo,,,0,,,outputs/navtest_hard_stable_zero658_recogdrive_stage3_vs_pdms914505_20260727/per_token_comparison.csv,0.0,0.0,1.0,1.0,0.0,0.0,1.0,False,True,True,False,False,0.0,baseline,NC_all_fail
bd3e71c7666156ee,navtest,NAVSIM v1,scalar GRPO,FF-PGRPO,scalar_grpo,,,0,,,outputs/navtest_hard_stable_zero658_recogdrive_stage3_vs_pdms914505_20260727/per_token_comparison.csv,0.0,1.0,0.0,1.0,0.0,1.0,1.0,False,True,True,False,False,0.0,baseline,DAC_all_fail
bd4be260be50516f,navtest,NAVSIM v1,scalar GRPO,FF-PGRPO,scalar_grpo,,,0,,,outputs/navtest_hard_stable_zero658_recogdrive_stage3_vs_pdms914505_20260727/per_token_comparison.csv,1.0,1.0,1.0,1.0,1.0,1.0,1.0,True,False,True,True,False,1.0,baseline,DAC_all_fail
bd5e1c226cca5d3e,navtest,NAVSIM v1,scalar GRPO,FF-PGRPO,scalar_grpo,,,0,,,outputs/navtest_hard_stable_zero658_recogdrive_stage3_vs_pdms914505_20260727/per_token_comparison.csv,0.0,0.0,1.0,1.0,0.0,0.0,1.0,False,True,True,False,False,0.0,baseline,NC_all_fail
bd9abb7104dc5408,navtest,NAVSIM v1,scalar GRPO,FF-PGRPO,scalar_grpo,,,0,,,outputs/navtest_hard_stable_zero658_recogdrive_stage3_vs_pdms914505_20260727/per_token_comparison.csv,0.9209238973974871,1.0,1.0,1.0,0.810217353753969,1.0,1.0,True,False,True,True,False,0.9209238973974871,baseline,DAC_all_fail
bdad96248e575296,navtest,NAVSIM v1,scalar GRPO,FF-PGRPO,scalar_grpo,,,0,,,outputs/navtest_hard_stable_zero658_recogdrive_stage3_vs_pdms914505_20260727/per_token_comparison.csv,0.0,1.0,0.0,1.0,0.0,1.0,1.0,False,True,True,False,False,0.0,baseline,DAC_all_fail
bdf4ea0b653c5677,navtest,NAVSIM v1,scalar GRPO,FF-PGRPO,scalar_grpo,,,0,,,outputs/navtest_hard_stable_zero658_recogdrive_stage3_vs_pdms914505_20260727/per_token_comparison.csv,0.0,1.0,0.0,0.0,0.0,1.0,1.0,False,True,True,False,False,0.0,baseline,DAC_all_fail
be6f90f06bc35be3,navtest,NAVSIM v1,scalar GRPO,FF-PGRPO,scalar_grpo,,,0,,,outputs/navtest_hard_stable_zero658_recogdrive_stage3_vs_pdms914505_20260727/per_token_comparison.csv,0.0,1.0,0.0,1.0,0.0,1.0,1.0,False,True,True,False,False,0.0,baseline,DAC_all_fail
bedf9db2d7b15abd,navtest,NAVSIM v1,scalar GRPO,FF-PGRPO,scalar_grpo,,,0,,,outputs/navtest_hard_stable_zero658_recogdrive_stage3_vs_pdms914505_20260727/per_token_comparison.csv,1.0,1.0,1.0,1.0,1.0,1.0,1.0,True,False,True,True,False,1.0,baseline,DAC_all_fail
bf68c079985650d9,navtest,NAVSIM v1,scalar GRPO,FF-PGRPO,scalar_grpo,,,0,,,outputs/navtest_hard_stable_zero658_recogdrive_stage3_vs_pdms914505_20260727/per_token_comparison.csv,0.8670186498207278,1.0,1.0,1.0,0.680844759569747,1.0,1.0,True,False,True,True,False,0.8670186498207278,baseline,DAC_all_fail
c020f63dbf0d59a6,navtest,NAVSIM v1,scalar GRPO,FF-PGRPO,scalar_grpo,,,0,,,outputs/navtest_hard_stable_zero658_recogdrive_stage3_vs_pdms914505_20260727/per_token_comparison.csv,0.9283129630701756,1.0,1.0,1.0,0.8279511113684217,1.0,1.0,True,False,True,True,False,0.9283129630701756,baseline,DAC_all_fail
c0deb9fb709b5a64,navtest,NAVSIM v1,scalar GRPO,FF-PGRPO,scalar_grpo,,,0,,,outputs/navtest_hard_stable_zero658_recogdrive_stage3_vs_pdms914505_20260727/per_token_comparison.csv,0.0,1.0,0.0,1.0,0.0,1.0,1.0,False,True,True,False,False,0.0,baseline,DAC_all_fail
c0f364f8ed645542,navtest,NAVSIM v1,scalar GRPO,FF-PGRPO,scalar_grpo,,,0,,,outputs/navtest_hard_stable_zero658_recogdrive_stage3_vs_pdms914505_20260727/per_token_comparison.csv,0.945109773663068,1.0,1.0,1.0,0.868263456791363,1.0,1.0,True,False,True,True,False,0.945109773663068,baseline,DAC_all_fail
c1553b5b161e5db1,navtest,NAVSIM v1,scalar GRPO,FF-PGRPO,scalar_grpo,,,0,,,outputs/navtest_hard_stable_zero658_recogdrive_stage3_vs_pdms914505_20260727/per_token_comparison.csv,0.0,1.0,0.0,1.0,0.0,1.0,1.0,False,True,True,False,False,0.0,baseline,DAC_all_fail
c16f84d1251552af,navtest,NAVSIM v1,scalar GRPO,FF-PGRPO,scalar_grpo,,,0,,,outputs/navtest_hard_stable_zero658_recogdrive_stage3_vs_pdms914505_20260727/per_token_comparison.csv,0.0,1.0,0.0,1.0,0.0,0.0,1.0,False,True,True,False,False,0.0,baseline,DAC_all_fail
c1839a3333695317,navtest,NAVSIM v1,scalar GRPO,FF-PGRPO,scalar_grpo,,,0,,,outputs/navtest_hard_stable_zero658_recogdrive_stage3_vs_pdms914505_20260727/per_token_comparison.csv,0.0,1.0,0.0,1.0,0.0,1.0,1.0,False,True,True,False,False,0.0,baseline,DAC_all_fail
c195a8cb7ccb59fd,navtest,NAVSIM v1,scalar GRPO,FF-PGRPO,scalar_grpo,,,0,,,outputs/navtest_hard_stable_zero658_recogdrive_stage3_vs_pdms914505_20260727/per_token_comparison.csv,0.8224588356052965,1.0,1.0,1.0,0.5739012054527116,1.0,1.0,True,False,True,True,False,0.8224588356052965,baseline,DAC_all_fail
c20a7d6f7c9e5379,navtest,NAVSIM v1,scalar GRPO,FF-PGRPO,scalar_grpo,,,0,,,outputs/navtest_hard_stable_zero658_recogdrive_stage3_vs_pdms914505_20260727/per_token_comparison.csv,0.8814650221141768,1.0,1.0,1.0,0.7155160530740243,1.0,1.0,True,False,True,True,False,0.8814650221141768,baseline,DAC_all_fail
c2aa6f44aad45549,navtest,NAVSIM v1,scalar GRPO,FF-PGRPO,scalar_grpo,,,0,,,outputs/navtest_hard_stable_zero658_recogdrive_stage3_vs_pdms914505_20260727/per_token_comparison.csv,0.9953964570959276,1.0,1.0,1.0,0.9889514970302264,1.0,1.0,True,False,True,True,False,0.9953964570959276,baseline,DAC_all_fail
c30bc48417bf5354,navtest,NAVSIM v1,scalar GRPO,FF-PGRPO,scalar_grpo,,,0,,,outputs/navtest_hard_stable_zero658_recogdrive_stage3_vs_pdms914505_20260727/per_token_comparison.csv,0.9360807757598324,1.0,1.0,1.0,0.8465938618235977,1.0,1.0,True,False,True,True,False,0.9360807757598324,baseline,DAC_all_fail
c35e290a671a5084,navtest,NAVSIM v1,scalar GRPO,FF-PGRPO,scalar_grpo,,,0,,,outputs/navtest_hard_stable_zero658_recogdrive_stage3_vs_pdms914505_20260727/per_token_comparison.csv,0.0,0.0,1.0,1.0,0.0,0.0,1.0,False,True,True,False,False,0.0,baseline,NC_all_fail
c35f0df7bfdb5140,navtest,NAVSIM v1,scalar GRPO,FF-PGRPO,scalar_grpo,,,0,,,outputs/navtest_hard_stable_zero658_recogdrive_stage3_vs_pdms914505_20260727/per_token_comparison.csv,1.0,1.0,1.0,1.0,1.0,1.0,1.0,True,False,True,True,False,1.0,baseline,NC_all_fail
c3ace87d2f985eaa,navtest,NAVSIM v1,scalar GRPO,FF-PGRPO,scalar_grpo,,,0,,,outputs/navtest_hard_stable_zero658_recogdrive_stage3_vs_pdms914505_20260727/per_token_comparison.csv,0.0,0.0,1.0,1.0,0.0,0.0,1.0,False,True,True,False,False,0.0,baseline,NC_all_fail
c3cdc9086b1a55f6,navtest,NAVSIM v1,scalar GRPO,FF-PGRPO,scalar_grpo,,,0,,,outputs/navtest_hard_stable_zero658_recogdrive_stage3_vs_pdms914505_20260727/per_token_comparison.csv,0.8511071850303459,1.0,1.0,1.0,0.6426572440728301,1.0,1.0,True,False,True,True,False,0.8511071850303459,baseline,DAC_all_fail
c40e41ba1a285e0d,navtest,NAVSIM v1,scalar GRPO,FF-PGRPO,scalar_grpo,,,0,,,outputs/navtest_hard_stable_zero658_recogdrive_stage3_vs_pdms914505_20260727/per_token_comparison.csv,1.0,1.0,1.0,1.0,1.0,1.0,1.0,True,False,True,True,False,1.0,baseline,DAC_all_fail
c44755b18af45385,navtest,NAVSIM v1,scalar GRPO,FF-PGRPO,scalar_grpo,,,0,,,outputs/navtest_hard_stable_zero658_recogdrive_stage3_vs_pdms914505_20260727/per_token_comparison.csv,0.0,1.0,0.0,1.0,0.0,1.0,1.0,False,True,True,False,False,0.0,baseline,DAC_all_fail
c4884a363f805a18,navtest,NAVSIM v1,scalar GRPO,FF-PGRPO,scalar_grpo,,,0,,,outputs/navtest_hard_stable_zero658_recogdrive_stage3_vs_pdms914505_20260727/per_token_comparison.csv,0.0,1.0,0.0,1.0,0.0,1.0,1.0,False,True,True,False,False,0.0,baseline,DAC_all_fail
c5510354351d5d5e,navtest,NAVSIM v1,scalar GRPO,FF-PGRPO,scalar_grpo,,,0,,,outputs/navtest_hard_stable_zero658_recogdrive_stage3_vs_pdms914505_20260727/per_token_comparison.csv,1.0,1.0,1.0,1.0,1.0,1.0,1.0,True,False,True,True,False,1.0,baseline,NC_all_fail
c5b585ddf50d5f1f,navtest,NAVSIM v1,scalar GRPO,FF-PGRPO,scalar_grpo,,,0,,,outputs/navtest_hard_stable_zero658_recogdrive_stage3_vs_pdms914505_20260727/per_token_comparison.csv,1.0,1.0,1.0,1.0,1.0,1.0,1.0,True,False,True,True,False,1.0,baseline,NC_all_fail
c5ff90667143574a,navtest,NAVSIM v1,scalar GRPO,FF-PGRPO,scalar_grpo,,,0,,,outputs/navtest_hard_stable_zero658_recogdrive_stage3_vs_pdms914505_20260727/per_token_comparison.csv,0.0,0.0,1.0,1.0,0.0,0.0,1.0,False,True,True,False,False,0.0,baseline,NC_all_fail
c7c04f1581855ac4,navtest,NAVSIM v1,scalar GRPO,FF-PGRPO,scalar_grpo,,,0,,,outputs/navtest_hard_stable_zero658_recogdrive_stage3_vs_pdms914505_20260727/per_token_comparison.csv,0.993770867308308,1.0,1.0,1.0,0.985050081539939,1.0,1.0,True,False,True,True,False,0.993770867308308,baseline,NC_all_fail
c7c9121707745be3,navtest,NAVSIM v1,scalar GRPO,FF-PGRPO,scalar_grpo,,,0,,,outputs/navtest_hard_stable_zero658_recogdrive_stage3_vs_pdms914505_20260727/per_token_comparison.csv,0.0,0.0,1.0,1.0,0.0,0.0,1.0,False,True,True,False,False,0.0,baseline,NC_all_fail
c80072cd3e165a71,navtest,NAVSIM v1,scalar GRPO,FF-PGRPO,scalar_grpo,,,0,,,outputs/navtest_hard_stable_zero658_recogdrive_stage3_vs_pdms914505_20260727/per_token_comparison.csv,0.0,1.0,0.0,1.0,0.0,1.0,1.0,False,True,True,False,False,0.0,baseline,DAC_all_fail
c8629b9dd63e56ad,navtest,NAVSIM v1,scalar GRPO,FF-PGRPO,scalar_grpo,,,0,,,outputs/navtest_hard_stable_zero658_recogdrive_stage3_vs_pdms914505_20260727/per_token_comparison.csv,0.0,1.0,0.0,1.0,0.0,1.0,1.0,False,True,True,False,False,0.0,baseline,DAC_all_fail
c91c301500e95244,navtest,NAVSIM v1,scalar GRPO,FF-PGRPO,scalar_grpo,,,0,,,outputs/navtest_hard_stable_zero658_recogdrive_stage3_vs_pdms914505_20260727/per_token_comparison.csv,0.5833333333333334,1.0,1.0,1.0,1.0,0.0,1.0,True,False,True,True,False,0.5833333333333334,baseline,NC_all_fail
c9fb5f51480b5ff8,navtest,NAVSIM v1,scalar GRPO,FF-PGRPO,scalar_grpo,,,0,,,outputs/navtest_hard_stable_zero658_recogdrive_stage3_vs_pdms914505_20260727/per_token_comparison.csv,0.0,1.0,0.0,1.0,0.0,1.0,1.0,False,True,True,False,False,0.0,baseline,DAC_all_fail
ca000fa91efb560c,navtest,NAVSIM v1,scalar GRPO,FF-PGRPO,scalar_grpo,,,0,,,outputs/navtest_hard_stable_zero658_recogdrive_stage3_vs_pdms914505_20260727/per_token_comparison.csv,1.0,1.0,1.0,1.0,1.0,1.0,1.0,True,False,True,True,False,1.0,baseline,DAC_all_fail
ca58b2e039305479,navtest,NAVSIM v1,scalar GRPO,FF-PGRPO,scalar_grpo,,,0,,,outputs/navtest_hard_stable_zero658_recogdrive_stage3_vs_pdms914505_20260727/per_token_comparison.csv,0.9311064185127496,1.0,1.0,1.0,0.8346554044305993,1.0,1.0,True,False,True,True,False,0.9311064185127496,baseline,DAC_all_fail
ca8a417f32d859ba,navtest,NAVSIM v1,scalar GRPO,FF-PGRPO,scalar_grpo,,,0,,,outputs/navtest_hard_stable_zero658_recogdrive_stage3_vs_pdms914505_20260727/per_token_comparison.csv,0.0,0.0,1.0,1.0,0.0,0.0,1.0,False,True,True,False,False,0.0,baseline,DAC_all_fail
cace9e6345445eee,navtest,NAVSIM v1,scalar GRPO,FF-PGRPO,scalar_grpo,,,0,,,outputs/navtest_hard_stable_zero658_recogdrive_stage3_vs_pdms914505_20260727/per_token_comparison.csv,0.9451526469806965,1.0,1.0,1.0,0.8683663527536718,1.0,1.0,True,False,True,True,False,0.9451526469806965,baseline,DAC_all_fail
cb2db72bfca85119,navtest,NAVSIM v1,scalar GRPO,FF-PGRPO,scalar_grpo,,,0,,,outputs/navtest_hard_stable_zero658_recogdrive_stage3_vs_pdms914505_20260727/per_token_comparison.csv,0.845246531231452,1.0,1.0,1.0,0.6285916749554847,1.0,1.0,True,False,True,True,False,0.845246531231452,baseline,DAC_all_fail
cb8b1f36617c50d4,navtest,NAVSIM v1,scalar GRPO,FF-PGRPO,scalar_grpo,,,0,,,outputs/navtest_hard_stable_zero658_recogdrive_stage3_vs_pdms914505_20260727/per_token_comparison.csv,0.0,1.0,0.0,1.0,0.0,1.0,1.0,False,True,True,False,False,0.0,baseline,DAC_all_fail
cba63a3ef5bc51b3,navtest,NAVSIM v1,scalar GRPO,FF-PGRPO,scalar_grpo,,,0,,,outputs/navtest_hard_stable_zero658_recogdrive_stage3_vs_pdms914505_20260727/per_token_comparison.csv,0.0,0.0,1.0,1.0,0.0,0.0,1.0,False,True,True,False,False,0.0,baseline,NC_all_fail
cbcd554895c75231,navtest,NAVSIM v1,scalar GRPO,FF-PGRPO,scalar_grpo,,,0,,,outputs/navtest_hard_stable_zero658_recogdrive_stage3_vs_pdms914505_20260727/per_token_comparison.csv,0.946673584496604,1.0,1.0,1.0,0.8720166027918493,1.0,1.0,True,False,True,True,False,0.946673584496604,baseline,DAC_all_fail
cbdda157b6705786,navtest,NAVSIM v1,scalar GRPO,FF-PGRPO,scalar_grpo,,,0,,,outputs/navtest_hard_stable_zero658_recogdrive_stage3_vs_pdms914505_20260727/per_token_comparison.csv,0.9111605413582552,1.0,1.0,1.0,0.7867852992598126,1.0,1.0,True,False,True,True,False,0.9111605413582552,baseline,DAC_all_fail
cbe3a6c80bfb5327,navtest,NAVSIM v1,scalar GRPO,FF-PGRPO,scalar_grpo,,,0,,,outputs/navtest_hard_stable_zero658_recogdrive_stage3_vs_pdms914505_20260727/per_token_comparison.csv,1.0,1.0,1.0,1.0,1.0,1.0,1.0,True,False,True,True,False,1.0,baseline,NC_all_fail
cc6022c226c15d80,navtest,NAVSIM v1,scalar GRPO,FF-PGRPO,scalar_grpo,,,0,,,outputs/navtest_hard_stable_zero658_recogdrive_stage3_vs_pdms914505_20260727/per_token_comparison.csv,1.0,1.0,1.0,1.0,1.0,1.0,1.0,True,False,True,True,False,1.0,baseline,DAC_all_fail
cc652b7870745fa5,navtest,NAVSIM v1,scalar GRPO,FF-PGRPO,scalar_grpo,,,0,,,outputs/navtest_hard_stable_zero658_recogdrive_stage3_vs_pdms914505_20260727/per_token_comparison.csv,0.0,1.0,0.0,1.0,0.0,1.0,1.0,False,True,True,False,False,0.0,baseline,DAC_all_fail
cc86bfa114035604,navtest,NAVSIM v1,scalar GRPO,FF-PGRPO,scalar_grpo,,,0,,,outputs/navtest_hard_stable_zero658_recogdrive_stage3_vs_pdms914505_20260727/per_token_comparison.csv,0.0,1.0,0.0,1.0,0.0,1.0,1.0,False,True,True,False,False,0.0,baseline,DAC_all_fail
ccd74f5377b85a36,navtest,NAVSIM v1,scalar GRPO,FF-PGRPO,scalar_grpo,,,0,,,outputs/navtest_hard_stable_zero658_recogdrive_stage3_vs_pdms914505_20260727/per_token_comparison.csv,0.0,0.0,1.0,1.0,0.0,0.0,1.0,False,True,True,False,False,0.0,baseline,NC_all_fail
cd284af1ade75426,navtest,NAVSIM v1,scalar GRPO,FF-PGRPO,scalar_grpo,,,0,,,outputs/navtest_hard_stable_zero658_recogdrive_stage3_vs_pdms914505_20260727/per_token_comparison.csv,0.9496900359341532,1.0,1.0,1.0,0.8792560862419677,1.0,1.0,True,False,True,True,False,0.9496900359341532,baseline,DAC_all_fail
cd72b9f6b03f5f41,navtest,NAVSIM v1,scalar GRPO,FF-PGRPO,scalar_grpo,,,0,,,outputs/navtest_hard_stable_zero658_recogdrive_stage3_vs_pdms914505_20260727/per_token_comparison.csv,0.5833333333333334,1.0,1.0,1.0,1.0,0.0,1.0,True,False,True,True,False,0.5833333333333334,baseline,NC_all_fail
cd8518ca186155f9,navtest,NAVSIM v1,scalar GRPO,FF-PGRPO,scalar_grpo,,,0,,,outputs/navtest_hard_stable_zero658_recogdrive_stage3_vs_pdms914505_20260727/per_token_comparison.csv,1.0,1.0,1.0,1.0,1.0,1.0,1.0,True,False,True,True,False,1.0,baseline,DAC_all_fail
cda41068b4b65ae0,navtest,NAVSIM v1,scalar GRPO,FF-PGRPO,scalar_grpo,,,0,,,outputs/navtest_hard_stable_zero658_recogdrive_stage3_vs_pdms914505_20260727/per_token_comparison.csv,0.9142403399245852,1.0,1.0,1.0,0.7941768158190047,1.0,1.0,True,False,True,True,False,0.9142403399245852,baseline,DAC_all_fail
cdc9d2e591cc552c,navtest,NAVSIM v1,scalar GRPO,FF-PGRPO,scalar_grpo,,,0,,,outputs/navtest_hard_stable_zero658_recogdrive_stage3_vs_pdms914505_20260727/per_token_comparison.csv,1.0,1.0,1.0,1.0,1.0,1.0,1.0,True,False,True,True,False,1.0,baseline,DAC_all_fail
cdf234c4f4c35156,navtest,NAVSIM v1,scalar GRPO,FF-PGRPO,scalar_grpo,,,0,,,outputs/navtest_hard_stable_zero658_recogdrive_stage3_vs_pdms914505_20260727/per_token_comparison.csv,0.0,1.0,0.0,1.0,0.0,1.0,1.0,False,True,True,False,False,0.0,baseline,DAC_all_fail
cf05c9f4f6e55af3,navtest,NAVSIM v1,scalar GRPO,FF-PGRPO,scalar_grpo,,,0,,,outputs/navtest_hard_stable_zero658_recogdrive_stage3_vs_pdms914505_20260727/per_token_comparison.csv,0.9107727688593904,1.0,1.0,1.0,0.7858546452625368,1.0,1.0,True,False,True,True,False,0.9107727688593904,baseline,NC_all_fail
cf0aec572cdd543e,navtest,NAVSIM v1,scalar GRPO,FF-PGRPO,scalar_grpo,,,0,,,outputs/navtest_hard_stable_zero658_recogdrive_stage3_vs_pdms914505_20260727/per_token_comparison.csv,0.5833333333333334,1.0,1.0,1.0,1.0,0.0,1.0,True,False,True,True,False,0.5833333333333334,baseline,NC_all_fail
cf1ba57897845189,navtest,NAVSIM v1,scalar GRPO,FF-PGRPO,scalar_grpo,,,0,,,outputs/navtest_hard_stable_zero658_recogdrive_stage3_vs_pdms914505_20260727/per_token_comparison.csv,0.9277770498277956,1.0,1.0,1.0,0.8266649195867095,1.0,1.0,True,False,True,True,False,0.9277770498277956,baseline,DAC_all_fail
d01fec804cd45644,navtest,NAVSIM v1,scalar GRPO,FF-PGRPO,scalar_grpo,,,0,,,outputs/navtest_hard_stable_zero658_recogdrive_stage3_vs_pdms914505_20260727/per_token_comparison.csv,0.8412668449481688,1.0,1.0,1.0,0.6190404278756053,1.0,1.0,True,False,True,True,False,0.8412668449481688,baseline,DAC_all_fail
d02d0643d42c5d91,navtest,NAVSIM v1,scalar GRPO,FF-PGRPO,scalar_grpo,,,0,,,outputs/navtest_hard_stable_zero658_recogdrive_stage3_vs_pdms914505_20260727/per_token_comparison.csv,0.0,1.0,0.0,1.0,0.0,1.0,1.0,False,True,True,False,False,0.0,baseline,DAC_all_fail
d14ccafb937a543a,navtest,NAVSIM v1,scalar GRPO,FF-PGRPO,scalar_grpo,,,0,,,outputs/navtest_hard_stable_zero658_recogdrive_stage3_vs_pdms914505_20260727/per_token_comparison.csv,0.0,1.0,0.0,0.5,0.0,0.0,1.0,False,True,True,False,False,0.0,baseline,DAC_all_fail
d1bae9e7d9785598,navtest,NAVSIM v1,scalar GRPO,FF-PGRPO,scalar_grpo,,,0,,,outputs/navtest_hard_stable_zero658_recogdrive_stage3_vs_pdms914505_20260727/per_token_comparison.csv,0.0,1.0,0.0,1.0,0.0,1.0,1.0,False,True,True,False,False,0.0,baseline,DAC_all_fail
d2777b7b71325a67,navtest,NAVSIM v1,scalar GRPO,FF-PGRPO,scalar_grpo,,,0,,,outputs/navtest_hard_stable_zero658_recogdrive_stage3_vs_pdms914505_20260727/per_token_comparison.csv,0.9403330107220236,1.0,1.0,1.0,0.856799225732856,1.0,1.0,True,False,True,True,False,0.9403330107220236,baseline,DAC_all_fail
d2937fdb8d605a73,navtest,NAVSIM v1,scalar GRPO,FF-PGRPO,scalar_grpo,,,0,,,outputs/navtest_hard_stable_zero658_recogdrive_stage3_vs_pdms914505_20260727/per_token_comparison.csv,0.9180511047540948,1.0,1.0,1.0,0.8033226514098273,1.0,1.0,True,False,True,True,False,0.9180511047540948,baseline,DAC_all_fail
d360ce59cdc15efc,navtest,NAVSIM v1,scalar GRPO,FF-PGRPO,scalar_grpo,,,0,,,outputs/navtest_hard_stable_zero658_recogdrive_stage3_vs_pdms914505_20260727/per_token_comparison.csv,0.0,1.0,0.0,1.0,0.0,1.0,1.0,False,True,True,False,False,0.0,baseline,DAC_all_fail
d37e71f395695c6f,navtest,NAVSIM v1,scalar GRPO,FF-PGRPO,scalar_grpo,,,0,,,outputs/navtest_hard_stable_zero658_recogdrive_stage3_vs_pdms914505_20260727/per_token_comparison.csv,0.9693732288234947,1.0,1.0,1.0,0.9264957491763876,1.0,1.0,True,False,True,True,False,0.9693732288234947,baseline,DAC_all_fail
d3d9e16508ae5756,navtest,NAVSIM v1,scalar GRPO,FF-PGRPO,scalar_grpo,,,0,,,outputs/navtest_hard_stable_zero658_recogdrive_stage3_vs_pdms914505_20260727/per_token_comparison.csv,0.0,1.0,0.0,1.0,0.0,1.0,1.0,False,True,True,False,False,0.0,baseline,DAC_all_fail
d44d886053b15b23,navtest,NAVSIM v1,scalar GRPO,FF-PGRPO,scalar_grpo,,,0,,,outputs/navtest_hard_stable_zero658_recogdrive_stage3_vs_pdms914505_20260727/per_token_comparison.csv,0.0,1.0,0.0,0.0,0.0,1.0,1.0,False,True,True,False,False,0.0,baseline,DAC_all_fail
d497c1998ba75bb9,navtest,NAVSIM v1,scalar GRPO,FF-PGRPO,scalar_grpo,,,0,,,outputs/navtest_hard_stable_zero658_recogdrive_stage3_vs_pdms914505_20260727/per_token_comparison.csv,0.8842447832893142,1.0,1.0,1.0,0.7221874798943542,1.0,1.0,True,False,True,True,False,0.8842447832893142,baseline,DAC_all_fail
d5a5e1b5588b56d5,navtest,NAVSIM v1,scalar GRPO,FF-PGRPO,scalar_grpo,,,0,,,outputs/navtest_hard_stable_zero658_recogdrive_stage3_vs_pdms914505_20260727/per_token_comparison.csv,0.9704331676718964,1.0,1.0,1.0,0.9290396024125516,1.0,1.0,True,False,True,True,False,0.9704331676718964,baseline,DAC_all_fail
d5bf13024f755ee4,navtest,NAVSIM v1,scalar GRPO,FF-PGRPO,scalar_grpo,,,0,,,outputs/navtest_hard_stable_zero658_recogdrive_stage3_vs_pdms914505_20260727/per_token_comparison.csv,0.9395286670423314,1.0,1.0,1.0,0.8548688009015957,1.0,1.0,True,False,True,True,False,0.9395286670423314,baseline,DAC_all_fail
d61fe42422225edf,navtest,NAVSIM v1,scalar GRPO,FF-PGRPO,scalar_grpo,,,0,,,outputs/navtest_hard_stable_zero658_recogdrive_stage3_vs_pdms914505_20260727/per_token_comparison.csv,1.0,1.0,1.0,1.0,1.0,1.0,1.0,True,False,True,True,False,1.0,baseline,DAC_all_fail
d637ce98fc5353be,navtest,NAVSIM v1,scalar GRPO,FF-PGRPO,scalar_grpo,,,0,,,outputs/navtest_hard_stable_zero658_recogdrive_stage3_vs_pdms914505_20260727/per_token_comparison.csv,0.9999548303864232,1.0,1.0,1.0,0.9998915929274154,1.0,1.0,True,False,True,True,False,0.9999548303864232,baseline,DAC_all_fail
d64a3964875f5b41,navtest,NAVSIM v1,scalar GRPO,FF-PGRPO,scalar_grpo,,,0,,,outputs/navtest_hard_stable_zero658_recogdrive_stage3_vs_pdms914505_20260727/per_token_comparison.csv,1.0,1.0,1.0,1.0,1.0,1.0,1.0,True,False,True,True,False,1.0,baseline,DAC_all_fail
d68601dbb9d45f6b,navtest,NAVSIM v1,scalar GRPO,FF-PGRPO,scalar_grpo,,,0,,,outputs/navtest_hard_stable_zero658_recogdrive_stage3_vs_pdms914505_20260727/per_token_comparison.csv,1.0,1.0,1.0,1.0,1.0,1.0,1.0,True,False,True,True,False,1.0,baseline,DAC_all_fail
d6b5646287065fa8,navtest,NAVSIM v1,scalar GRPO,FF-PGRPO,scalar_grpo,,,0,,,outputs/navtest_hard_stable_zero658_recogdrive_stage3_vs_pdms914505_20260727/per_token_comparison.csv,0.0,1.0,0.0,1.0,0.0,1.0,1.0,False,True,True,False,False,0.0,baseline,DAC_all_fail
d715fbc6ea0551f8,navtest,NAVSIM v1,scalar GRPO,FF-PGRPO,scalar_grpo,,,0,,,outputs/navtest_hard_stable_zero658_recogdrive_stage3_vs_pdms914505_20260727/per_token_comparison.csv,1.0,1.0,1.0,1.0,1.0,1.0,1.0,True,False,True,True,False,1.0,baseline,DAC_all_fail
d7928caf300452e2,navtest,NAVSIM v1,scalar GRPO,FF-PGRPO,scalar_grpo,,,0,,,outputs/navtest_hard_stable_zero658_recogdrive_stage3_vs_pdms914505_20260727/per_token_comparison.csv,0.880221471209031,1.0,1.0,1.0,0.7125315309016744,1.0,1.0,True,False,True,True,False,0.880221471209031,baseline,DAC_all_fail
d796c1764d575153,navtest,NAVSIM v1,scalar GRPO,FF-PGRPO,scalar_grpo,,,0,,,outputs/navtest_hard_stable_zero658_recogdrive_stage3_vs_pdms914505_20260727/per_token_comparison.csv,0.0,0.0,1.0,1.0,0.0,0.0,1.0,False,True,True,False,False,0.0,baseline,NC_all_fail
d7c74666773f5575,navtest,NAVSIM v1,scalar GRPO,FF-PGRPO,scalar_grpo,,,0,,,outputs/navtest_hard_stable_zero658_recogdrive_stage3_vs_pdms914505_20260727/per_token_comparison.csv,0.0,1.0,0.0,1.0,0.0,1.0,1.0,False,True,True,False,False,0.0,baseline,DAC_all_fail
d7f6204c325d53fe,navtest,NAVSIM v1,scalar GRPO,FF-PGRPO,scalar_grpo,,,0,,,outputs/navtest_hard_stable_zero658_recogdrive_stage3_vs_pdms914505_20260727/per_token_comparison.csv,1.0,1.0,1.0,1.0,1.0,1.0,1.0,True,False,True,True,False,1.0,baseline,DAC_all_fail
d7fdaa2d555c5272,navtest,NAVSIM v1,scalar GRPO,FF-PGRPO,scalar_grpo,,,0,,,outputs/navtest_hard_stable_zero658_recogdrive_stage3_vs_pdms914505_20260727/per_token_comparison.csv,0.5284691326339753,1.0,1.0,1.0,0.8683259183215407,0.0,1.0,True,False,True,True,False,0.5284691326339753,baseline,NC_all_fail
d8320bd0be9a50b3,navtest,NAVSIM v1,scalar GRPO,FF-PGRPO,scalar_grpo,,,0,,,outputs/navtest_hard_stable_zero658_recogdrive_stage3_vs_pdms914505_20260727/per_token_comparison.csv,0.0,0.0,0.0,1.0,0.0,0.0,1.0,False,True,True,False,False,0.0,baseline,DAC_all_fail
d84b338d48335e67,navtest,NAVSIM v1,scalar GRPO,FF-PGRPO,scalar_grpo,,,0,,,outputs/navtest_hard_stable_zero658_recogdrive_stage3_vs_pdms914505_20260727/per_token_comparison.csv,0.8995265760762615,1.0,1.0,1.0,0.7588637825830277,1.0,1.0,True,False,True,True,False,0.8995265760762615,baseline,DAC_all_fail
d89c9a87852151d1,navtest,NAVSIM v1,scalar GRPO,FF-PGRPO,scalar_grpo,,,0,,,outputs/navtest_hard_stable_zero658_recogdrive_stage3_vs_pdms914505_20260727/per_token_comparison.csv,0.9203921599768852,1.0,1.0,1.0,0.8089411839445241,1.0,1.0,True,False,True,True,False,0.9203921599768852,baseline,DAC_all_fail
d8f68111f5145cc9,navtest,NAVSIM v1,scalar GRPO,FF-PGRPO,scalar_grpo,,,0,,,outputs/navtest_hard_stable_zero658_recogdrive_stage3_vs_pdms914505_20260727/per_token_comparison.csv,1.0,1.0,1.0,1.0,1.0,1.0,1.0,True,False,True,True,False,1.0,baseline,DAC_all_fail
d91f0c28683e52da,navtest,NAVSIM v1,scalar GRPO,FF-PGRPO,scalar_grpo,,,0,,,outputs/navtest_hard_stable_zero658_recogdrive_stage3_vs_pdms914505_20260727/per_token_comparison.csv,0.5833333333333334,1.0,1.0,1.0,1.0,0.0,1.0,True,False,True,True,False,0.5833333333333334,baseline,NC_all_fail
d925879cb467504c,navtest,NAVSIM v1,scalar GRPO,FF-PGRPO,scalar_grpo,,,0,,,outputs/navtest_hard_stable_zero658_recogdrive_stage3_vs_pdms914505_20260727/per_token_comparison.csv,0.0,0.0,1.0,1.0,0.0,0.0,1.0,False,True,True,False,False,0.0,baseline,NC_all_fail
d9422fc7065e5b62,navtest,NAVSIM v1,scalar GRPO,FF-PGRPO,scalar_grpo,,,0,,,outputs/navtest_hard_stable_zero658_recogdrive_stage3_vs_pdms914505_20260727/per_token_comparison.csv,0.0,1.0,0.0,1.0,0.0,1.0,1.0,False,True,True,False,False,0.0,baseline,DAC_all_fail
d94860755c1f5594,navtest,NAVSIM v1,scalar GRPO,FF-PGRPO,scalar_grpo,,,0,,,outputs/navtest_hard_stable_zero658_recogdrive_stage3_vs_pdms914505_20260727/per_token_comparison.csv,0.9702619898689564,1.0,1.0,1.0,0.9286287756854952,1.0,1.0,True,False,True,True,False,0.9702619898689564,baseline,NC_all_fail
d9eeceb896445e10,navtest,NAVSIM v1,scalar GRPO,FF-PGRPO,scalar_grpo,,,0,,,outputs/navtest_hard_stable_zero658_recogdrive_stage3_vs_pdms914505_20260727/per_token_comparison.csv,0.0,1.0,0.0,1.0,0.0,1.0,1.0,False,True,True,False,False,0.0,baseline,DAC_all_fail
da56fca2caff52e4,navtest,NAVSIM v1,scalar GRPO,FF-PGRPO,scalar_grpo,,,0,,,outputs/navtest_hard_stable_zero658_recogdrive_stage3_vs_pdms914505_20260727/per_token_comparison.csv,0.0,1.0,0.0,1.0,0.0,0.0,1.0,False,True,True,False,False,0.0,baseline,DAC_all_fail
da928b52410d5da6,navtest,NAVSIM v1,scalar GRPO,FF-PGRPO,scalar_grpo,,,0,,,outputs/navtest_hard_stable_zero658_recogdrive_stage3_vs_pdms914505_20260727/per_token_comparison.csv,0.0,1.0,0.0,1.0,0.0,1.0,1.0,False,True,True,False,False,0.0,baseline,DAC_all_fail
dac5a6aa183b5e73,navtest,NAVSIM v1,scalar GRPO,FF-PGRPO,scalar_grpo,,,0,,,outputs/navtest_hard_stable_zero658_recogdrive_stage3_vs_pdms914505_20260727/per_token_comparison.csv,0.0,1.0,0.0,1.0,0.0,1.0,1.0,False,True,True,False,False,0.0,baseline,DAC_all_fail
dadfddb20a29587d,navtest,NAVSIM v1,scalar GRPO,FF-PGRPO,scalar_grpo,,,0,,,outputs/navtest_hard_stable_zero658_recogdrive_stage3_vs_pdms914505_20260727/per_token_comparison.csv,0.0,1.0,0.0,1.0,0.0,1.0,1.0,False,True,True,False,False,0.0,baseline,DAC_all_fail
daf38cecd5045cf6,navtest,NAVSIM v1,scalar GRPO,FF-PGRPO,scalar_grpo,,,0,,,outputs/navtest_hard_stable_zero658_recogdrive_stage3_vs_pdms914505_20260727/per_token_comparison.csv,0.5833333333333334,1.0,1.0,0.5,1.0,0.0,1.0,True,False,True,True,False,0.5833333333333334,baseline,NC_all_fail
dc26fde28bc65ef6,navtest,NAVSIM v1,scalar GRPO,FF-PGRPO,scalar_grpo,,,0,,,outputs/navtest_hard_stable_zero658_recogdrive_stage3_vs_pdms914505_20260727/per_token_comparison.csv,0.0,1.0,0.0,1.0,0.0,1.0,1.0,False,True,True,False,False,0.0,baseline,DAC_all_fail
dcb6ca8a732551eb,navtest,NAVSIM v1,scalar GRPO,FF-PGRPO,scalar_grpo,,,0,,,outputs/navtest_hard_stable_zero658_recogdrive_stage3_vs_pdms914505_20260727/per_token_comparison.csv,0.0,1.0,0.0,1.0,0.0,1.0,1.0,False,True,True,False,False,0.0,baseline,DAC_all_fail
dd07f89bea6f5147,navtest,NAVSIM v1,scalar GRPO,FF-PGRPO,scalar_grpo,,,0,,,outputs/navtest_hard_stable_zero658_recogdrive_stage3_vs_pdms914505_20260727/per_token_comparison.csv,0.9630551242687252,1.0,1.0,1.0,0.9113322982449408,1.0,1.0,True,False,True,True,False,0.9630551242687252,baseline,DAC_all_fail
dd162898ecf351d4,navtest,NAVSIM v1,scalar GRPO,FF-PGRPO,scalar_grpo,,,0,,,outputs/navtest_hard_stable_zero658_recogdrive_stage3_vs_pdms914505_20260727/per_token_comparison.csv,0.0,0.0,1.0,1.0,0.0,0.0,1.0,False,True,True,False,False,0.0,baseline,NC_all_fail
dd6f3d80501c5026,navtest,NAVSIM v1,scalar GRPO,FF-PGRPO,scalar_grpo,,,0,,,outputs/navtest_hard_stable_zero658_recogdrive_stage3_vs_pdms914505_20260727/per_token_comparison.csv,0.9727473552184106,1.0,1.0,1.0,0.9345936525241856,1.0,1.0,True,False,True,True,False,0.9727473552184106,baseline,DAC_all_fail
dd79f9aa92105761,navtest,NAVSIM v1,scalar GRPO,FF-PGRPO,scalar_grpo,,,0,,,outputs/navtest_hard_stable_zero658_recogdrive_stage3_vs_pdms914505_20260727/per_token_comparison.csv,0.9342648320480548,1.0,1.0,1.0,0.8422355969153317,1.0,1.0,True,False,True,True,False,0.9342648320480548,baseline,DAC_all_fail
de1662269d685ce0,navtest,NAVSIM v1,scalar GRPO,FF-PGRPO,scalar_grpo,,,0,,,outputs/navtest_hard_stable_zero658_recogdrive_stage3_vs_pdms914505_20260727/per_token_comparison.csv,0.0,1.0,0.0,0.0,0.0,0.0,1.0,False,True,True,False,False,0.0,baseline,DAC_all_fail
de64687e89f25285,navtest,NAVSIM v1,scalar GRPO,FF-PGRPO,scalar_grpo,,,0,,,outputs/navtest_hard_stable_zero658_recogdrive_stage3_vs_pdms914505_20260727/per_token_comparison.csv,0.9045872089005206,1.0,1.0,1.0,0.7710093013612491,1.0,1.0,True,False,True,True,False,0.9045872089005206,baseline,DAC_all_fail
dfa220d6e64f5d84,navtest,NAVSIM v1,scalar GRPO,FF-PGRPO,scalar_grpo,,,0,,,outputs/navtest_hard_stable_zero658_recogdrive_stage3_vs_pdms914505_20260727/per_token_comparison.csv,1.0,1.0,1.0,1.0,1.0,1.0,1.0,True,False,True,True,False,1.0,baseline,NC_and_DAC_all_fail
dffc6ff890745dbe,navtest,NAVSIM v1,scalar GRPO,FF-PGRPO,scalar_grpo,,,0,,,outputs/navtest_hard_stable_zero658_recogdrive_stage3_vs_pdms914505_20260727/per_token_comparison.csv,0.9181805868401928,1.0,1.0,1.0,0.8036334084164626,1.0,1.0,True,False,True,True,False,0.9181805868401928,baseline,DAC_all_fail
e0dbf07da5c55877,navtest,NAVSIM v1,scalar GRPO,FF-PGRPO,scalar_grpo,,,0,,,outputs/navtest_hard_stable_zero658_recogdrive_stage3_vs_pdms914505_20260727/per_token_comparison.csv,0.9709256368392596,1.0,1.0,1.0,0.9302215284142232,1.0,1.0,True,False,True,True,False,0.9709256368392596,baseline,DAC_all_fail
e14d9a1990535a29,navtest,NAVSIM v1,scalar GRPO,FF-PGRPO,scalar_grpo,,,0,,,outputs/navtest_hard_stable_zero658_recogdrive_stage3_vs_pdms914505_20260727/per_token_comparison.csv,0.0,1.0,0.0,1.0,0.0,1.0,1.0,False,True,True,False,False,0.0,baseline,DAC_all_fail
e1b3e5e086a05ff9,navtest,NAVSIM v1,scalar GRPO,FF-PGRPO,scalar_grpo,,,0,,,outputs/navtest_hard_stable_zero658_recogdrive_stage3_vs_pdms914505_20260727/per_token_comparison.csv,0.0,1.0,0.0,1.0,0.0,1.0,1.0,False,True,True,False,False,0.0,baseline,NC_and_DAC_all_fail
e36849f8d9e15ce8,navtest,NAVSIM v1,scalar GRPO,FF-PGRPO,scalar_grpo,,,0,,,outputs/navtest_hard_stable_zero658_recogdrive_stage3_vs_pdms914505_20260727/per_token_comparison.csv,0.9345089080148063,1.0,1.0,1.0,0.8428213792355354,1.0,1.0,True,False,True,True,False,0.9345089080148063,baseline,NC_all_fail
e393bc5cafe95872,navtest,NAVSIM v1,scalar GRPO,FF-PGRPO,scalar_grpo,,,0,,,outputs/navtest_hard_stable_zero658_recogdrive_stage3_vs_pdms914505_20260727/per_token_comparison.csv,0.0,1.0,0.0,1.0,0.0,1.0,1.0,False,True,True,False,False,0.0,baseline,DAC_all_fail
e39a79ae2ceb5829,navtest,NAVSIM v1,scalar GRPO,FF-PGRPO,scalar_grpo,,,0,,,outputs/navtest_hard_stable_zero658_recogdrive_stage3_vs_pdms914505_20260727/per_token_comparison.csv,0.9659261697861088,1.0,1.0,1.0,0.9182228074866606,1.0,1.0,True,False,True,True,False,0.9659261697861088,baseline,DAC_all_fail
e3aa32e033635c8d,navtest,NAVSIM v1,scalar GRPO,FF-PGRPO,scalar_grpo,,,0,,,outputs/navtest_hard_stable_zero658_recogdrive_stage3_vs_pdms914505_20260727/per_token_comparison.csv,0.8920735514114077,1.0,1.0,1.0,0.7409765233873783,1.0,1.0,True,False,True,True,False,0.8920735514114077,baseline,DAC_all_fail
e41740b9529753af,navtest,NAVSIM v1,scalar GRPO,FF-PGRPO,scalar_grpo,,,0,,,outputs/navtest_hard_stable_zero658_recogdrive_stage3_vs_pdms914505_20260727/per_token_comparison.csv,1.0,1.0,1.0,1.0,1.0,1.0,1.0,True,False,True,True,False,1.0,baseline,NC_all_fail
e45aa663bd0756d9,navtest,NAVSIM v1,scalar GRPO,FF-PGRPO,scalar_grpo,,,0,,,outputs/navtest_hard_stable_zero658_recogdrive_stage3_vs_pdms914505_20260727/per_token_comparison.csv,0.8808415271461684,1.0,1.0,1.0,0.7140196651508043,1.0,1.0,True,False,True,True,False,0.8808415271461684,baseline,DAC_all_fail
e46762b07ca45b74,navtest,NAVSIM v1,scalar GRPO,FF-PGRPO,scalar_grpo,,,0,,,outputs/navtest_hard_stable_zero658_recogdrive_stage3_vs_pdms914505_20260727/per_token_comparison.csv,0.0,1.0,0.0,1.0,0.0,1.0,1.0,False,True,True,False,False,0.0,baseline,DAC_all_fail
e5b0b2c83a395163,navtest,NAVSIM v1,scalar GRPO,FF-PGRPO,scalar_grpo,,,0,,,outputs/navtest_hard_stable_zero658_recogdrive_stage3_vs_pdms914505_20260727/per_token_comparison.csv,0.0,0.0,1.0,1.0,0.0,0.0,1.0,False,True,True,False,False,0.0,baseline,NC_all_fail
e5c10d26102f51e3,navtest,NAVSIM v1,scalar GRPO,FF-PGRPO,scalar_grpo,,,0,,,outputs/navtest_hard_stable_zero658_recogdrive_stage3_vs_pdms914505_20260727/per_token_comparison.csv,1.0,1.0,1.0,1.0,1.0,1.0,1.0,True,False,True,True,False,1.0,baseline,DAC_all_fail
e6077696f29b54ca,navtest,NAVSIM v1,scalar GRPO,FF-PGRPO,scalar_grpo,,,0,,,outputs/navtest_hard_stable_zero658_recogdrive_stage3_vs_pdms914505_20260727/per_token_comparison.csv,0.0,0.0,1.0,1.0,0.0,0.0,1.0,False,True,True,False,False,0.0,baseline,NC_all_fail
e62a5092735359ee,navtest,NAVSIM v1,scalar GRPO,FF-PGRPO,scalar_grpo,,,0,,,outputs/navtest_hard_stable_zero658_recogdrive_stage3_vs_pdms914505_20260727/per_token_comparison.csv,0.0,1.0,0.0,1.0,0.0,1.0,1.0,False,True,True,False,False,0.0,baseline,DAC_all_fail
e6dc564e1a3a588e,navtest,NAVSIM v1,scalar GRPO,FF-PGRPO,scalar_grpo,,,0,,,outputs/navtest_hard_stable_zero658_recogdrive_stage3_vs_pdms914505_20260727/per_token_comparison.csv,0.9143009838519296,1.0,1.0,1.0,0.7943223612446306,1.0,1.0,True,False,True,True,False,0.9143009838519296,baseline,DAC_all_fail
e6e2b0d2f0495557,navtest,NAVSIM v1,scalar GRPO,FF-PGRPO,scalar_grpo,,,0,,,outputs/navtest_hard_stable_zero658_recogdrive_stage3_vs_pdms914505_20260727/per_token_comparison.csv,0.9572628313545184,1.0,1.0,1.0,0.8974307952508443,1.0,1.0,True,False,True,True,False,0.9572628313545184,baseline,DAC_all_fail
e721852571e5573b,navtest,NAVSIM v1,scalar GRPO,FF-PGRPO,scalar_grpo,,,0,,,outputs/navtest_hard_stable_zero658_recogdrive_stage3_vs_pdms914505_20260727/per_token_comparison.csv,0.98514013609216,1.0,1.0,1.0,0.9643363266211842,1.0,1.0,True,False,True,True,False,0.98514013609216,baseline,DAC_all_fail
e76485315c2c5028,navtest,NAVSIM v1,scalar GRPO,FF-PGRPO,scalar_grpo,,,0,,,outputs/navtest_hard_stable_zero658_recogdrive_stage3_vs_pdms914505_20260727/per_token_comparison.csv,1.0,1.0,1.0,1.0,1.0,1.0,1.0,True,False,True,True,False,1.0,baseline,NC_all_fail
e7ae612e880e5d5f,navtest,NAVSIM v1,scalar GRPO,FF-PGRPO,scalar_grpo,,,0,,,outputs/navtest_hard_stable_zero658_recogdrive_stage3_vs_pdms914505_20260727/per_token_comparison.csv,0.0,1.0,0.0,1.0,0.0,1.0,1.0,False,True,True,False,False,0.0,baseline,DAC_all_fail
e7cfffa4e8dd53a8,navtest,NAVSIM v1,scalar GRPO,FF-PGRPO,scalar_grpo,,,0,,,outputs/navtest_hard_stable_zero658_recogdrive_stage3_vs_pdms914505_20260727/per_token_comparison.csv,1.0,1.0,1.0,1.0,1.0,1.0,1.0,True,False,True,True,False,1.0,baseline,DAC_all_fail
e89a30bba6345ada,navtest,NAVSIM v1,scalar GRPO,FF-PGRPO,scalar_grpo,,,0,,,outputs/navtest_hard_stable_zero658_recogdrive_stage3_vs_pdms914505_20260727/per_token_comparison.csv,0.0,1.0,0.0,1.0,0.0,1.0,1.0,False,True,True,False,False,0.0,baseline,DAC_all_fail
ebffacdb3be25252,navtest,NAVSIM v1,scalar GRPO,FF-PGRPO,scalar_grpo,,,0,,,outputs/navtest_hard_stable_zero658_recogdrive_stage3_vs_pdms914505_20260727/per_token_comparison.csv,0.0,0.0,1.0,1.0,0.0,1.0,1.0,False,True,True,False,False,0.0,baseline,NC_all_fail
ec372e5b0ad7504f,navtest,NAVSIM v1,scalar GRPO,FF-PGRPO,scalar_grpo,,,0,,,outputs/navtest_hard_stable_zero658_recogdrive_stage3_vs_pdms914505_20260727/per_token_comparison.csv,0.0,1.0,0.0,0.5,0.0,1.0,1.0,False,True,True,False,False,0.0,baseline,DAC_all_fail
ed98d12e4c99536d,navtest,NAVSIM v1,scalar GRPO,FF-PGRPO,scalar_grpo,,,0,,,outputs/navtest_hard_stable_zero658_recogdrive_stage3_vs_pdms914505_20260727/per_token_comparison.csv,0.0,0.0,1.0,0.5,0.0,0.0,1.0,False,True,True,False,False,0.0,baseline,NC_all_fail
eda3453c6d5355e0,navtest,NAVSIM v1,scalar GRPO,FF-PGRPO,scalar_grpo,,,0,,,outputs/navtest_hard_stable_zero658_recogdrive_stage3_vs_pdms914505_20260727/per_token_comparison.csv,0.0,1.0,0.0,1.0,0.0,1.0,1.0,False,True,True,False,False,0.0,baseline,DAC_all_fail
ee492610c55b5440,navtest,NAVSIM v1,scalar GRPO,FF-PGRPO,scalar_grpo,,,0,,,outputs/navtest_hard_stable_zero658_recogdrive_stage3_vs_pdms914505_20260727/per_token_comparison.csv,1.0,1.0,1.0,1.0,1.0,1.0,1.0,True,False,True,True,False,1.0,baseline,NC_all_fail
ee6d63d4e8b35518,navtest,NAVSIM v1,scalar GRPO,FF-PGRPO,scalar_grpo,,,0,,,outputs/navtest_hard_stable_zero658_recogdrive_stage3_vs_pdms914505_20260727/per_token_comparison.csv,1.0,1.0,1.0,1.0,1.0,1.0,1.0,True,False,True,True,False,1.0,baseline,NC_all_fail
ef41e9c7f99d5d85,navtest,NAVSIM v1,scalar GRPO,FF-PGRPO,scalar_grpo,,,0,,,outputs/navtest_hard_stable_zero658_recogdrive_stage3_vs_pdms914505_20260727/per_token_comparison.csv,0.0,1.0,0.0,1.0,0.0,1.0,1.0,False,True,True,False,False,0.0,baseline,DAC_all_fail
ef91e3538f775238,navtest,NAVSIM v1,scalar GRPO,FF-PGRPO,scalar_grpo,,,0,,,outputs/navtest_hard_stable_zero658_recogdrive_stage3_vs_pdms914505_20260727/per_token_comparison.csv,0.967237078274135,1.0,1.0,1.0,0.921368987857924,1.0,1.0,True,False,True,True,False,0.967237078274135,baseline,DAC_all_fail
efca142f8d93518b,navtest,NAVSIM v1,scalar GRPO,FF-PGRPO,scalar_grpo,,,0,,,outputs/navtest_hard_stable_zero658_recogdrive_stage3_vs_pdms914505_20260727/per_token_comparison.csv,0.9600114461343028,1.0,1.0,1.0,0.9040274707223268,1.0,1.0,True,False,True,True,False,0.9600114461343028,baseline,DAC_all_fail
f08f205e15975d97,navtest,NAVSIM v1,scalar GRPO,FF-PGRPO,scalar_grpo,,,0,,,outputs/navtest_hard_stable_zero658_recogdrive_stage3_vs_pdms914505_20260727/per_token_comparison.csv,0.0,1.0,0.0,1.0,0.0,1.0,1.0,False,True,True,False,False,0.0,baseline,DAC_all_fail
f14e7ed78b5d55b4,navtest,NAVSIM v1,scalar GRPO,FF-PGRPO,scalar_grpo,,,0,,,outputs/navtest_hard_stable_zero658_recogdrive_stage3_vs_pdms914505_20260727/per_token_comparison.csv,0.0,1.0,0.0,1.0,0.0,1.0,1.0,False,True,True,False,False,0.0,baseline,DAC_all_fail
f2033bf66332541b,navtest,NAVSIM v1,scalar GRPO,FF-PGRPO,scalar_grpo,,,0,,,outputs/navtest_hard_stable_zero658_recogdrive_stage3_vs_pdms914505_20260727/per_token_comparison.csv,0.0,0.0,1.0,1.0,0.0,0.0,1.0,False,True,True,False,False,0.0,baseline,NC_all_fail
f2592c08589e5398,navtest,NAVSIM v1,scalar GRPO,FF-PGRPO,scalar_grpo,,,0,,,outputs/navtest_hard_stable_zero658_recogdrive_stage3_vs_pdms914505_20260727/per_token_comparison.csv,0.9123543377319212,1.0,1.0,1.0,0.789650410556611,1.0,1.0,True,False,True,True,False,0.9123543377319212,baseline,DAC_all_fail
f2695c7680505b79,navtest,NAVSIM v1,scalar GRPO,FF-PGRPO,scalar_grpo,,,0,,,outputs/navtest_hard_stable_zero658_recogdrive_stage3_vs_pdms914505_20260727/per_token_comparison.csv,0.9576930474366464,1.0,1.0,1.0,0.8984633138479515,1.0,1.0,True,False,True,True,False,0.9576930474366464,baseline,DAC_all_fail
f289e368449b517b,navtest,NAVSIM v1,scalar GRPO,FF-PGRPO,scalar_grpo,,,0,,,outputs/navtest_hard_stable_zero658_recogdrive_stage3_vs_pdms914505_20260727/per_token_comparison.csv,0.0,0.5,0.0,1.0,0.0,0.0,1.0,False,True,True,False,False,0.0,baseline,DAC_all_fail
f2909a9ad9cb552e,navtest,NAVSIM v1,scalar GRPO,FF-PGRPO,scalar_grpo,,,0,,,outputs/navtest_hard_stable_zero658_recogdrive_stage3_vs_pdms914505_20260727/per_token_comparison.csv,0.0,1.0,0.0,1.0,0.0,1.0,1.0,False,True,True,False,False,0.0,baseline,DAC_all_fail
f29d6171f46b551d,navtest,NAVSIM v1,scalar GRPO,FF-PGRPO,scalar_grpo,,,0,,,outputs/navtest_hard_stable_zero658_recogdrive_stage3_vs_pdms914505_20260727/per_token_comparison.csv,0.9481202227726284,1.0,1.0,1.0,0.875488534654308,1.0,1.0,True,False,True,True,False,0.9481202227726284,baseline,DAC_all_fail
f2d64d93a1915c8b,navtest,NAVSIM v1,scalar GRPO,FF-PGRPO,scalar_grpo,,,0,,,outputs/navtest_hard_stable_zero658_recogdrive_stage3_vs_pdms914505_20260727/per_token_comparison.csv,0.9645384893935864,1.0,1.0,1.0,0.9148923745446074,1.0,1.0,True,False,True,True,False,0.9645384893935864,baseline,DAC_all_fail
f37c90e977e856c8,navtest,NAVSIM v1,scalar GRPO,FF-PGRPO,scalar_grpo,,,0,,,outputs/navtest_hard_stable_zero658_recogdrive_stage3_vs_pdms914505_20260727/per_token_comparison.csv,1.0,1.0,1.0,1.0,1.0,1.0,1.0,True,False,True,True,False,1.0,baseline,DAC_all_fail
f470121c6add5665,navtest,NAVSIM v1,scalar GRPO,FF-PGRPO,scalar_grpo,,,0,,,outputs/navtest_hard_stable_zero658_recogdrive_stage3_vs_pdms914505_20260727/per_token_comparison.csv,0.0,0.0,1.0,1.0,0.0,0.0,1.0,False,True,True,False,False,0.0,baseline,NC_all_fail
f49e8b1837cd5b23,navtest,NAVSIM v1,scalar GRPO,FF-PGRPO,scalar_grpo,,,0,,,outputs/navtest_hard_stable_zero658_recogdrive_stage3_vs_pdms914505_20260727/per_token_comparison.csv,0.9146190450001314,1.0,1.0,1.0,0.7950857080003153,1.0,1.0,True,False,True,True,False,0.9146190450001314,baseline,DAC_all_fail
f4da372227475285,navtest,NAVSIM v1,scalar GRPO,FF-PGRPO,scalar_grpo,,,0,,,outputs/navtest_hard_stable_zero658_recogdrive_stage3_vs_pdms914505_20260727/per_token_comparison.csv,1.0,1.0,1.0,1.0,1.0,1.0,1.0,True,False,True,True,False,1.0,baseline,NC_all_fail
f512480c969a5eab,navtest,NAVSIM v1,scalar GRPO,FF-PGRPO,scalar_grpo,,,0,,,outputs/navtest_hard_stable_zero658_recogdrive_stage3_vs_pdms914505_20260727/per_token_comparison.csv,0.0,0.0,1.0,1.0,0.0,0.0,1.0,False,True,True,False,False,0.0,baseline,NC_all_fail
f57582f9a7dc511c,navtest,NAVSIM v1,scalar GRPO,FF-PGRPO,scalar_grpo,,,0,,,outputs/navtest_hard_stable_zero658_recogdrive_stage3_vs_pdms914505_20260727/per_token_comparison.csv,0.0,1.0,0.0,1.0,0.0,1.0,1.0,False,True,True,False,False,0.0,baseline,DAC_all_fail
f6195258cc20552f,navtest,NAVSIM v1,scalar GRPO,FF-PGRPO,scalar_grpo,,,0,,,outputs/navtest_hard_stable_zero658_recogdrive_stage3_vs_pdms914505_20260727/per_token_comparison.csv,0.0,0.0,1.0,1.0,0.0,0.0,1.0,False,True,True,False,False,0.0,baseline,NC_all_fail
f6b2a416f38d5609,navtest,NAVSIM v1,scalar GRPO,FF-PGRPO,scalar_grpo,,,0,,,outputs/navtest_hard_stable_zero658_recogdrive_stage3_vs_pdms914505_20260727/per_token_comparison.csv,0.0,0.0,1.0,1.0,0.0,0.0,1.0,False,True,True,False,False,0.0,baseline,NC_all_fail
f70c1fa8bbfc5d77,navtest,NAVSIM v1,scalar GRPO,FF-PGRPO,scalar_grpo,,,0,,,outputs/navtest_hard_stable_zero658_recogdrive_stage3_vs_pdms914505_20260727/per_token_comparison.csv,0.0,0.0,1.0,1.0,0.0,0.0,1.0,False,True,True,False,False,0.0,baseline,NC_all_fail
f72ccf055618500a,navtest,NAVSIM v1,scalar GRPO,FF-PGRPO,scalar_grpo,,,0,,,outputs/navtest_hard_stable_zero658_recogdrive_stage3_vs_pdms914505_20260727/per_token_comparison.csv,0.9312149414185038,1.0,1.0,1.0,0.8349158594044093,1.0,1.0,True,False,True,True,False,0.9312149414185038,baseline,DAC_all_fail
f8682fec1c2e5c59,navtest,NAVSIM v1,scalar GRPO,FF-PGRPO,scalar_grpo,,,0,,,outputs/navtest_hard_stable_zero658_recogdrive_stage3_vs_pdms914505_20260727/per_token_comparison.csv,0.0,1.0,0.0,1.0,0.0,1.0,1.0,False,True,True,False,False,0.0,baseline,DAC_all_fail
f8b10bcaa98a53e8,navtest,NAVSIM v1,scalar GRPO,FF-PGRPO,scalar_grpo,,,0,,,outputs/navtest_hard_stable_zero658_recogdrive_stage3_vs_pdms914505_20260727/per_token_comparison.csv,0.0,0.0,1.0,1.0,0.0,0.0,1.0,False,True,True,False,False,0.0,baseline,NC_all_fail
f8b8b8ee49205def,navtest,NAVSIM v1,scalar GRPO,FF-PGRPO,scalar_grpo,,,0,,,outputs/navtest_hard_stable_zero658_recogdrive_stage3_vs_pdms914505_20260727/per_token_comparison.csv,0.9801108062281448,1.0,1.0,1.0,0.9522659349475474,1.0,1.0,True,False,True,True,False,0.9801108062281448,baseline,DAC_all_fail
f9bce7199ad8555d,navtest,NAVSIM v1,scalar GRPO,FF-PGRPO,scalar_grpo,,,0,,,outputs/navtest_hard_stable_zero658_recogdrive_stage3_vs_pdms914505_20260727/per_token_comparison.csv,0.9611079115111096,1.0,1.0,1.0,0.9066589876266632,1.0,1.0,True,False,True,True,False,0.9611079115111096,baseline,DAC_all_fail
f9ed38d9ddfa531e,navtest,NAVSIM v1,scalar GRPO,FF-PGRPO,scalar_grpo,,,0,,,outputs/navtest_hard_stable_zero658_recogdrive_stage3_vs_pdms914505_20260727/per_token_comparison.csv,0.0,1.0,0.0,1.0,0.0,1.0,1.0,False,True,True,False,False,0.0,baseline,DAC_all_fail
fb188ed7e53552c5,navtest,NAVSIM v1,scalar GRPO,FF-PGRPO,scalar_grpo,,,0,,,outputs/navtest_hard_stable_zero658_recogdrive_stage3_vs_pdms914505_20260727/per_token_comparison.csv,1.0,1.0,1.0,1.0,1.0,1.0,1.0,True,False,True,True,False,1.0,baseline,DAC_all_fail
fb311858e737556d,navtest,NAVSIM v1,scalar GRPO,FF-PGRPO,scalar_grpo,,,0,,,outputs/navtest_hard_stable_zero658_recogdrive_stage3_vs_pdms914505_20260727/per_token_comparison.csv,0.874135033027287,1.0,1.0,0.0,0.6979240792654888,1.0,1.0,True,False,True,True,False,0.874135033027287,baseline,DAC_all_fail
fb6e02b5752e5754,navtest,NAVSIM v1,scalar GRPO,FF-PGRPO,scalar_grpo,,,0,,,outputs/navtest_hard_stable_zero658_recogdrive_stage3_vs_pdms914505_20260727/per_token_comparison.csv,0.0,0.0,1.0,1.0,0.0,0.0,1.0,False,True,True,False,False,0.0,baseline,NC_all_fail
fc1800501fa157a7,navtest,NAVSIM v1,scalar GRPO,FF-PGRPO,scalar_grpo,,,0,,,outputs/navtest_hard_stable_zero658_recogdrive_stage3_vs_pdms914505_20260727/per_token_comparison.csv,0.969713386270156,1.0,1.0,1.0,0.9273121270483744,1.0,1.0,True,False,True,True,False,0.969713386270156,baseline,DAC_all_fail
fc7b8441f81b5296,navtest,NAVSIM v1,scalar GRPO,FF-PGRPO,scalar_grpo,,,0,,,outputs/navtest_hard_stable_zero658_recogdrive_stage3_vs_pdms914505_20260727/per_token_comparison.csv,0.0,1.0,0.0,1.0,0.0,1.0,1.0,False,True,True,False,False,0.0,baseline,DAC_all_fail
fdba4d15c05554e1,navtest,NAVSIM v1,scalar GRPO,FF-PGRPO,scalar_grpo,,,0,,,outputs/navtest_hard_stable_zero658_recogdrive_stage3_vs_pdms914505_20260727/per_token_comparison.csv,0.9781865951275434,1.0,1.0,1.0,0.947647828306104,1.0,1.0,True,False,True,True,False,0.9781865951275434,baseline,DAC_all_fail
fddb0bdd1d7f53e0,navtest,NAVSIM v1,scalar GRPO,FF-PGRPO,scalar_grpo,,,0,,,outputs/navtest_hard_stable_zero658_recogdrive_stage3_vs_pdms914505_20260727/per_token_comparison.csv,0.8574352153502778,1.0,1.0,1.0,0.6578445168406666,1.0,1.0,True,False,True,True,False,0.8574352153502778,baseline,DAC_all_fail
fe9a137303a9521c,navtest,NAVSIM v1,scalar GRPO,FF-PGRPO,scalar_grpo,,,0,,,outputs/navtest_hard_stable_zero658_recogdrive_stage3_vs_pdms914505_20260727/per_token_comparison.csv,0.0,1.0,0.0,1.0,0.0,1.0,1.0,False,True,True,False,False,0.0,baseline,DAC_all_fail
fe9e76e6cac35fba,navtest,NAVSIM v1,scalar GRPO,FF-PGRPO,scalar_grpo,,,0,,,outputs/navtest_hard_stable_zero658_recogdrive_stage3_vs_pdms914505_20260727/per_token_comparison.csv,0.0,0.0,1.0,1.0,0.0,0.0,1.0,False,True,True,False,False,0.0,baseline,NC_all_fail
ff412420037b524a,navtest,NAVSIM v1,scalar GRPO,FF-PGRPO,scalar_grpo,,,0,,,outputs/navtest_hard_stable_zero658_recogdrive_stage3_vs_pdms914505_20260727/per_token_comparison.csv,0.5833333333333334,1.0,1.0,1.0,1.0,0.0,1.0,True,False,True,True,False,0.5833333333333334,baseline,DAC_all_fail
ffb2d865d42e57c0,navtest,NAVSIM v1,scalar GRPO,FF-PGRPO,scalar_grpo,,,0,,,outputs/navtest_hard_stable_zero658_recogdrive_stage3_vs_pdms914505_20260727/per_token_comparison.csv,0.9849806683198096,1.0,1.0,1.0,0.9639536039675431,1.0,1.0,True,False,True,True,False,0.9849806683198096,baseline,DAC_all_fail
ffb89fa44ab351b9,navtest,NAVSIM v1,scalar GRPO,FF-PGRPO,scalar_grpo,,,0,,,outputs/navtest_hard_stable_zero658_recogdrive_stage3_vs_pdms914505_20260727/per_token_comparison.csv,0.9239374834748618,1.0,1.0,1.0,0.8174499603396684,1.0,1.0,True,False,True,True,False,0.9239374834748618,baseline,DAC_all_fail
00016f8b45c25a1d,navtest,NAVSIM v1,AMPT,FF-PGRPO,paper_recovery_checkpoint,,,0,,,outputs/navtest_hard_stable_zero658_recogdrive_stage3_vs_pdms914505_20260727/per_token_comparison.csv,0.0,1.0,0.0,0.0,0.0,1.0,1.0,False,True,True,False,False,0.0,zero_to_zero,DAC_all_fail
000d6961709c5904,navtest,NAVSIM v1,AMPT,FF-PGRPO,paper_recovery_checkpoint,,,0,,,outputs/navtest_hard_stable_zero658_recogdrive_stage3_vs_pdms914505_20260727/per_token_comparison.csv,0.5833333333333334,1.0,1.0,1.0,1.0,0.0,1.0,True,False,True,True,False,0.5833333333333334,positive_to_positive,NC_all_fail
00137a5ce92d591c,navtest,NAVSIM v1,AMPT,FF-PGRPO,paper_recovery_checkpoint,,,0,,,outputs/navtest_hard_stable_zero658_recogdrive_stage3_vs_pdms914505_20260727/per_token_comparison.csv,0.0,1.0,0.0,1.0,0.0,1.0,1.0,False,True,True,False,False,0.0,zero_to_zero,DAC_all_fail
00fcad6d092c5e8e,navtest,NAVSIM v1,AMPT,FF-PGRPO,paper_recovery_checkpoint,,,0,,,outputs/navtest_hard_stable_zero658_recogdrive_stage3_vs_pdms914505_20260727/per_token_comparison.csv,1.0,1.0,1.0,1.0,1.0,1.0,1.0,True,False,True,True,False,0.0,zero_to_positive,NC_all_fail
01876d7aa6f55554,navtest,NAVSIM v1,AMPT,FF-PGRPO,paper_recovery_checkpoint,,,0,,,outputs/navtest_hard_stable_zero658_recogdrive_stage3_vs_pdms914505_20260727/per_token_comparison.csv,0.0,1.0,0.0,1.0,0.0,1.0,1.0,False,True,True,False,False,0.0,zero_to_zero,DAC_all_fail
01e3dbb4fbcd5781,navtest,NAVSIM v1,AMPT,FF-PGRPO,paper_recovery_checkpoint,,,0,,,outputs/navtest_hard_stable_zero658_recogdrive_stage3_vs_pdms914505_20260727/per_token_comparison.csv,1.0,1.0,1.0,1.0,1.0,1.0,1.0,True,False,True,True,False,1.0,positive_to_positive,DAC_all_fail
022cc20c8dd45bc5,navtest,NAVSIM v1,AMPT,FF-PGRPO,paper_recovery_checkpoint,,,0,,,outputs/navtest_hard_stable_zero658_recogdrive_stage3_vs_pdms914505_20260727/per_token_comparison.csv,1.0,1.0,1.0,1.0,1.0,1.0,1.0,True,False,True,True,False,1.0,positive_to_positive,NC_all_fail
026e84581e0f5044,navtest,NAVSIM v1,AMPT,FF-PGRPO,paper_recovery_checkpoint,,,0,,,outputs/navtest_hard_stable_zero658_recogdrive_stage3_vs_pdms914505_20260727/per_token_comparison.csv,0.9602930625742454,1.0,1.0,1.0,0.9047033501781888,1.0,1.0,True,False,True,True,False,0.9457874371560534,positive_to_positive,DAC_all_fail
0278f1a2ae3b5ae5,navtest,NAVSIM v1,AMPT,FF-PGRPO,paper_recovery_checkpoint,,,0,,,outputs/navtest_hard_stable_zero658_recogdrive_stage3_vs_pdms914505_20260727/per_token_comparison.csv,0.9461469575306124,1.0,1.0,1.0,0.8707526980734698,1.0,1.0,True,False,True,True,False,0.9299705322924426,positive_to_positive,DAC_all_fail
029585f0509d52b0,navtest,NAVSIM v1,AMPT,FF-PGRPO,paper_recovery_checkpoint,,,0,,,outputs/navtest_hard_stable_zero658_recogdrive_stage3_vs_pdms914505_20260727/per_token_comparison.csv,0.9155699117521852,1.0,1.0,1.0,0.7973677882052445,1.0,1.0,True,False,True,True,False,0.9151727433490432,positive_to_positive,DAC_all_fail
02cc0007d6755abc,navtest,NAVSIM v1,AMPT,FF-PGRPO,paper_recovery_checkpoint,,,0,,,outputs/navtest_hard_stable_zero658_recogdrive_stage3_vs_pdms914505_20260727/per_token_comparison.csv,0.924965032954325,1.0,1.0,1.0,0.8199160790903801,1.0,1.0,True,False,True,True,False,0.9153102042544874,positive_to_positive,DAC_all_fail
02d9591fc6de53c8,navtest,NAVSIM v1,AMPT,FF-PGRPO,paper_recovery_checkpoint,,,0,,,outputs/navtest_hard_stable_zero658_recogdrive_stage3_vs_pdms914505_20260727/per_token_comparison.csv,0.996873223646069,1.0,1.0,1.0,0.9924957367505656,1.0,1.0,True,False,True,True,False,0.9728912832762932,positive_to_positive,DAC_all_fail
02e3c13aa3975b02,navtest,NAVSIM v1,AMPT,FF-PGRPO,paper_recovery_checkpoint,,,0,,,outputs/navtest_hard_stable_zero658_recogdrive_stage3_vs_pdms914505_20260727/per_token_comparison.csv,0.9580785240262486,1.0,1.0,1.0,0.8993884576629966,1.0,1.0,True,False,True,True,False,0.9439475550832248,positive_to_positive,DAC_all_fail
02f75336f9f55e4f,navtest,NAVSIM v1,AMPT,FF-PGRPO,paper_recovery_checkpoint,,,0,,,outputs/navtest_hard_stable_zero658_recogdrive_stage3_vs_pdms914505_20260727/per_token_comparison.csv,0.5833333333333334,1.0,1.0,1.0,1.0,0.0,1.0,True,False,True,True,False,0.5833333333333334,positive_to_positive,DAC_all_fail
037b976caae85af5,navtest,NAVSIM v1,AMPT,FF-PGRPO,paper_recovery_checkpoint,,,0,,,outputs/navtest_hard_stable_zero658_recogdrive_stage3_vs_pdms914505_20260727/per_token_comparison.csv,0.8624681173229627,1.0,1.0,1.0,0.6699234815751104,1.0,1.0,True,False,True,True,False,0.8595598341173724,positive_to_positive,DAC_all_fail
03aa8a0576a25b63,navtest,NAVSIM v1,AMPT,FF-PGRPO,paper_recovery_checkpoint,,,0,,,outputs/navtest_hard_stable_zero658_recogdrive_stage3_vs_pdms914505_20260727/per_token_comparison.csv,0.9633726605310858,1.0,1.0,1.0,0.912094385274606,1.0,1.0,True,False,True,True,False,0.0,zero_to_positive,DAC_all_fail
03d1885be4355a79,navtest,NAVSIM v1,AMPT,FF-PGRPO,paper_recovery_checkpoint,,,0,,,outputs/navtest_hard_stable_zero658_recogdrive_stage3_vs_pdms914505_20260727/per_token_comparison.csv,0.920522079360754,1.0,1.0,1.0,0.8092529904658095,1.0,1.0,True,False,True,True,False,0.0,zero_to_positive,DAC_all_fail
043524c9126f5893,navtest,NAVSIM v1,AMPT,FF-PGRPO,paper_recovery_checkpoint,,,0,,,outputs/navtest_hard_stable_zero658_recogdrive_stage3_vs_pdms914505_20260727/per_token_comparison.csv,0.9401828573035056,1.0,1.0,1.0,0.8564388575284131,1.0,1.0,True,False,True,True,False,0.9336016790050486,positive_to_positive,DAC_all_fail
04f548a98d695310,navtest,NAVSIM v1,AMPT,FF-PGRPO,paper_recovery_checkpoint,,,0,,,outputs/navtest_hard_stable_zero658_recogdrive_stage3_vs_pdms914505_20260727/per_token_comparison.csv,0.5833333333333334,1.0,1.0,1.0,1.0,0.0,1.0,True,False,True,True,False,0.0,zero_to_positive,NC_all_fail
04fbbb5817255f30,navtest,NAVSIM v1,AMPT,FF-PGRPO,paper_recovery_checkpoint,,,0,,,outputs/navtest_hard_stable_zero658_recogdrive_stage3_vs_pdms914505_20260727/per_token_comparison.csv,0.0,0.0,1.0,1.0,0.0,0.0,1.0,False,True,True,False,False,0.0,zero_to_zero,NC_all_fail
0614c017a1f65b80,navtest,NAVSIM v1,AMPT,FF-PGRPO,paper_recovery_checkpoint,,,0,,,outputs/navtest_hard_stable_zero658_recogdrive_stage3_vs_pdms914505_20260727/per_token_comparison.csv,0.0,1.0,0.0,1.0,0.0,1.0,1.0,False,True,True,False,False,0.0,zero_to_zero,DAC_all_fail
06279fdb46815c6c,navtest,NAVSIM v1,AMPT,FF-PGRPO,paper_recovery_checkpoint,,,0,,,outputs/navtest_hard_stable_zero658_recogdrive_stage3_vs_pdms914505_20260727/per_token_comparison.csv,0.0,0.0,1.0,1.0,0.0,0.0,1.0,False,True,True,False,False,0.0,zero_to_zero,NC_all_fail
0695553567185c3c,navtest,NAVSIM v1,AMPT,FF-PGRPO,paper_recovery_checkpoint,,,0,,,outputs/navtest_hard_stable_zero658_recogdrive_stage3_vs_pdms914505_20260727/per_token_comparison.csv,0.0,0.0,1.0,1.0,0.0,0.0,1.0,False,True,True,False,False,0.0,zero_to_zero,NC_all_fail
0747dcc3a9b7501f,navtest,NAVSIM v1,AMPT,FF-PGRPO,paper_recovery_checkpoint,,,0,,,outputs/navtest_hard_stable_zero658_recogdrive_stage3_vs_pdms914505_20260727/per_token_comparison.csv,0.0,1.0,0.0,0.5,0.0,0.0,1.0,False,True,True,False,False,0.0,zero_to_zero,DAC_all_fail
07c46d77aba054ec,navtest,NAVSIM v1,AMPT,FF-PGRPO,paper_recovery_checkpoint,,,0,,,outputs/navtest_hard_stable_zero658_recogdrive_stage3_vs_pdms914505_20260727/per_token_comparison.csv,0.0,0.0,1.0,0.5,0.0,0.0,1.0,False,True,True,False,False,0.0,zero_to_zero,NC_all_fail
082ea12d7b2355cb,navtest,NAVSIM v1,AMPT,FF-PGRPO,paper_recovery_checkpoint,,,0,,,outputs/navtest_hard_stable_zero658_recogdrive_stage3_vs_pdms914505_20260727/per_token_comparison.csv,1.0,1.0,1.0,1.0,1.0,1.0,1.0,True,False,True,True,False,1.0,positive_to_positive,DAC_all_fail
09034d77d3b15c5a,navtest,NAVSIM v1,AMPT,FF-PGRPO,paper_recovery_checkpoint,,,0,,,outputs/navtest_hard_stable_zero658_recogdrive_stage3_vs_pdms914505_20260727/per_token_comparison.csv,0.0,1.0,0.0,1.0,0.0,1.0,1.0,False,True,True,False,False,0.0,zero_to_zero,DAC_all_fail
09d9a0cd32c25dee,navtest,NAVSIM v1,AMPT,FF-PGRPO,paper_recovery_checkpoint,,,0,,,outputs/navtest_hard_stable_zero658_recogdrive_stage3_vs_pdms914505_20260727/per_token_comparison.csv,0.936093243648138,1.0,1.0,1.0,0.8466237847555315,1.0,1.0,True,False,True,True,False,0.0,zero_to_positive,DAC_all_fail
0ae4ce0255695d31,navtest,NAVSIM v1,AMPT,FF-PGRPO,paper_recovery_checkpoint,,,0,,,outputs/navtest_hard_stable_zero658_recogdrive_stage3_vs_pdms914505_20260727/per_token_comparison.csv,0.7859152410018283,1.0,1.0,1.0,0.4861965784043877,1.0,1.0,True,False,True,True,False,0.8049242824086634,positive_to_positive,DAC_all_fail
0c027fc454685c14,navtest,NAVSIM v1,AMPT,FF-PGRPO,paper_recovery_checkpoint,,,0,,,outputs/navtest_hard_stable_zero658_recogdrive_stage3_vs_pdms914505_20260727/per_token_comparison.csv,0.95097741920571,1.0,1.0,1.0,0.8823458060937039,1.0,1.0,True,False,True,True,False,0.9519498127537566,positive_to_positive,DAC_all_fail
0c4f97d3255155e4,navtest,NAVSIM v1,AMPT,FF-PGRPO,paper_recovery_checkpoint,,,0,,,outputs/navtest_hard_stable_zero658_recogdrive_stage3_vs_pdms914505_20260727/per_token_comparison.csv,0.8713999963860602,1.0,1.0,1.0,0.6913599913265448,1.0,1.0,True,False,True,True,False,0.0,zero_to_positive,DAC_all_fail
0d63314a528159c9,navtest,NAVSIM v1,AMPT,FF-PGRPO,paper_recovery_checkpoint,,,0,,,outputs/navtest_hard_stable_zero658_recogdrive_stage3_vs_pdms914505_20260727/per_token_comparison.csv,0.9671341187396896,1.0,1.0,1.0,0.9211218849752552,1.0,1.0,True,False,True,True,False,0.9678667774050764,positive_to_positive,DAC_all_fail
0d74b112df715917,navtest,NAVSIM v1,AMPT,FF-PGRPO,paper_recovery_checkpoint,,,0,,,outputs/navtest_hard_stable_zero658_recogdrive_stage3_vs_pdms914505_20260727/per_token_comparison.csv,0.5833333333333334,1.0,1.0,1.0,1.0,0.0,1.0,True,False,True,True,False,0.0,zero_to_positive,NC_all_fail
0e2f2cb6712550b7,navtest,NAVSIM v1,AMPT,FF-PGRPO,paper_recovery_checkpoint,,,0,,,outputs/navtest_hard_stable_zero658_recogdrive_stage3_vs_pdms914505_20260727/per_token_comparison.csv,1.0,1.0,1.0,1.0,1.0,1.0,1.0,True,False,True,True,False,1.0,positive_to_positive,DAC_all_fail
0e60a3a86ce2570d,navtest,NAVSIM v1,AMPT,FF-PGRPO,paper_recovery_checkpoint,,,0,,,outputs/navtest_hard_stable_zero658_recogdrive_stage3_vs_pdms914505_20260727/per_token_comparison.csv,0.770431286779577,1.0,1.0,1.0,0.4490350882709847,1.0,1.0,True,False,True,True,False,0.7908353516829209,positive_to_positive,DAC_all_fail
0eeeee655d415970,navtest,NAVSIM v1,AMPT,FF-PGRPO,paper_recovery_checkpoint,,,0,,,outputs/navtest_hard_stable_zero658_recogdrive_stage3_vs_pdms914505_20260727/per_token_comparison.csv,0.0,0.0,1.0,1.0,0.0,0.0,1.0,False,True,True,False,False,0.0,zero_to_zero,NC_all_fail
0f422a003dab525e,navtest,NAVSIM v1,AMPT,FF-PGRPO,paper_recovery_checkpoint,,,0,,,outputs/navtest_hard_stable_zero658_recogdrive_stage3_vs_pdms914505_20260727/per_token_comparison.csv,0.9481751796145494,1.0,1.0,1.0,0.8756204310749187,1.0,1.0,True,False,True,True,False,0.0,zero_to_positive,DAC_all_fail
0ffcae2811b257ee,navtest,NAVSIM v1,AMPT,FF-PGRPO,paper_recovery_checkpoint,,,0,,,outputs/navtest_hard_stable_zero658_recogdrive_stage3_vs_pdms914505_20260727/per_token_comparison.csv,0.0,0.0,0.0,1.0,0.0,0.0,1.0,False,True,True,False,False,0.0,zero_to_zero,NC_all_fail
10b9d1b254f35a74,navtest,NAVSIM v1,AMPT,FF-PGRPO,paper_recovery_checkpoint,,,0,,,outputs/navtest_hard_stable_zero658_recogdrive_stage3_vs_pdms914505_20260727/per_token_comparison.csv,0.0,0.0,1.0,1.0,0.0,0.0,1.0,False,True,True,False,False,0.0,zero_to_zero,NC_and_DAC_all_fail
10d0706cdc655c9f,navtest,NAVSIM v1,AMPT,FF-PGRPO,paper_recovery_checkpoint,,,0,,,outputs/navtest_hard_stable_zero658_recogdrive_stage3_vs_pdms914505_20260727/per_token_comparison.csv,0.9614286090713028,1.0,1.0,1.0,0.9074286617711268,1.0,1.0,True,False,True,True,False,0.9422754168604452,positive_to_positive,DAC_all_fail
112db94505025ec5,navtest,NAVSIM v1,AMPT,FF-PGRPO,paper_recovery_checkpoint,,,0,,,outputs/navtest_hard_stable_zero658_recogdrive_stage3_vs_pdms914505_20260727/per_token_comparison.csv,0.0,1.0,0.0,0.0,0.0,1.0,1.0,False,True,True,False,False,0.0,zero_to_zero,DAC_all_fail
113d448b6ea8555c,navtest,NAVSIM v1,AMPT,FF-PGRPO,paper_recovery_checkpoint,,,0,,,outputs/navtest_hard_stable_zero658_recogdrive_stage3_vs_pdms914505_20260727/per_token_comparison.csv,0.0,1.0,0.0,1.0,0.0,1.0,1.0,False,True,True,False,False,0.0,zero_to_zero,DAC_all_fail
1148c72f141c532d,navtest,NAVSIM v1,AMPT,FF-PGRPO,paper_recovery_checkpoint,,,0,,,outputs/navtest_hard_stable_zero658_recogdrive_stage3_vs_pdms914505_20260727/per_token_comparison.csv,0.5833333333333334,1.0,1.0,1.0,1.0,0.0,1.0,True,False,True,True,False,0.0,zero_to_positive,NC_and_DAC_all_fail
117b147622605d6a,navtest,NAVSIM v1,AMPT,FF-PGRPO,paper_recovery_checkpoint,,,0,,,outputs/navtest_hard_stable_zero658_recogdrive_stage3_vs_pdms914505_20260727/per_token_comparison.csv,0.9397413632167168,1.0,1.0,1.0,0.8553792717201205,1.0,1.0,True,False,True,True,False,0.979063704931407,positive_to_positive,NC_all_fail
132307b3c1a55f97,navtest,NAVSIM v1,AMPT,FF-PGRPO,paper_recovery_checkpoint,,,0,,,outputs/navtest_hard_stable_zero658_recogdrive_stage3_vs_pdms914505_20260727/per_token_comparison.csv,1.0,1.0,1.0,1.0,1.0,1.0,1.0,True,False,True,True,False,1.0,positive_to_positive,DAC_all_fail
13310ca9a7715154,navtest,NAVSIM v1,AMPT,FF-PGRPO,paper_recovery_checkpoint,,,0,,,outputs/navtest_hard_stable_zero658_recogdrive_stage3_vs_pdms914505_20260727/per_token_comparison.csv,0.8105392432914998,1.0,1.0,1.0,0.5452941838995998,1.0,1.0,True,False,True,True,False,0.8348413093158361,positive_to_positive,DAC_all_fail
1347c91c511a5918,navtest,NAVSIM v1,AMPT,FF-PGRPO,paper_recovery_checkpoint,,,0,,,outputs/navtest_hard_stable_zero658_recogdrive_stage3_vs_pdms914505_20260727/per_token_comparison.csv,0.964178900693628,1.0,1.0,1.0,0.9140293616647068,1.0,1.0,True,False,True,True,False,0.0,zero_to_positive,DAC_all_fail
137f854539c45fe1,navtest,NAVSIM v1,AMPT,FF-PGRPO,paper_recovery_checkpoint,,,0,,,outputs/navtest_hard_stable_zero658_recogdrive_stage3_vs_pdms914505_20260727/per_token_comparison.csv,1.0,1.0,1.0,1.0,1.0,1.0,1.0,True,False,True,True,False,1.0,positive_to_positive,DAC_all_fail
13cd1cf21a4f5acb,navtest,NAVSIM v1,AMPT,FF-PGRPO,paper_recovery_checkpoint,,,0,,,outputs/navtest_hard_stable_zero658_recogdrive_stage3_vs_pdms914505_20260727/per_token_comparison.csv,0.931002245998632,1.0,1.0,1.0,0.834405390396717,1.0,1.0,True,False,True,True,False,0.912474271742592,positive_to_positive,DAC_all_fail
13fa82d6564e5bac,navtest,NAVSIM v1,AMPT,FF-PGRPO,paper_recovery_checkpoint,,,0,,,outputs/navtest_hard_stable_zero658_recogdrive_stage3_vs_pdms914505_20260727/per_token_comparison.csv,0.0,1.0,0.0,1.0,0.0,1.0,1.0,False,True,True,False,False,0.0,zero_to_zero,DAC_all_fail
14297ef551f652d3,navtest,NAVSIM v1,AMPT,FF-PGRPO,paper_recovery_checkpoint,,,0,,,outputs/navtest_hard_stable_zero658_recogdrive_stage3_vs_pdms914505_20260727/per_token_comparison.csv,1.0,1.0,1.0,1.0,1.0,1.0,1.0,True,False,True,True,False,1.0,positive_to_positive,DAC_all_fail
143989e6ed115458,navtest,NAVSIM v1,AMPT,FF-PGRPO,paper_recovery_checkpoint,,,0,,,outputs/navtest_hard_stable_zero658_recogdrive_stage3_vs_pdms914505_20260727/per_token_comparison.csv,0.9509709891187996,1.0,1.0,1.0,0.8823303738851195,1.0,1.0,True,False,True,True,False,0.9304885700363936,positive_to_positive,DAC_all_fail
144116b6c1e35d3e,navtest,NAVSIM v1,AMPT,FF-PGRPO,paper_recovery_checkpoint,,,0,,,outputs/navtest_hard_stable_zero658_recogdrive_stage3_vs_pdms914505_20260727/per_token_comparison.csv,0.9764391652971014,1.0,1.0,1.0,0.9434539967130432,1.0,1.0,True,False,True,True,False,0.9684739606091336,positive_to_positive,DAC_all_fail
14b270ee5a395ea9,navtest,NAVSIM v1,AMPT,FF-PGRPO,paper_recovery_checkpoint,,,0,,,outputs/navtest_hard_stable_zero658_recogdrive_stage3_vs_pdms914505_20260727/per_token_comparison.csv,0.9905350537999958,1.0,1.0,1.0,0.97728412911999,1.0,1.0,True,False,True,True,False,0.9835132183922556,positive_to_positive,DAC_all_fail
150505a546335d5d,navtest,NAVSIM v1,AMPT,FF-PGRPO,paper_recovery_checkpoint,,,0,,,outputs/navtest_hard_stable_zero658_recogdrive_stage3_vs_pdms914505_20260727/per_token_comparison.csv,0.9086794643897256,1.0,1.0,1.0,0.7808307145353419,1.0,1.0,True,False,True,True,False,0.0,zero_to_positive,DAC_all_fail
157ad2289b20545e,navtest,NAVSIM v1,AMPT,FF-PGRPO,paper_recovery_checkpoint,,,0,,,outputs/navtest_hard_stable_zero658_recogdrive_stage3_vs_pdms914505_20260727/per_token_comparison.csv,1.0,1.0,1.0,0.0,1.0,1.0,1.0,True,False,True,True,False,0.0,zero_to_positive,DAC_all_fail
159972aee8265c33,navtest,NAVSIM v1,AMPT,FF-PGRPO,paper_recovery_checkpoint,,,0,,,outputs/navtest_hard_stable_zero658_recogdrive_stage3_vs_pdms914505_20260727/per_token_comparison.csv,1.0,1.0,1.0,1.0,1.0,1.0,1.0,True,False,True,True,False,1.0,positive_to_positive,DAC_all_fail
159b8a11bd775e91,navtest,NAVSIM v1,AMPT,FF-PGRPO,paper_recovery_checkpoint,,,0,,,outputs/navtest_hard_stable_zero658_recogdrive_stage3_vs_pdms914505_20260727/per_token_comparison.csv,0.0,0.0,1.0,1.0,0.0,0.0,1.0,False,True,True,False,False,0.0,zero_to_zero,NC_all_fail
1766fa78fd10576e,navtest,NAVSIM v1,AMPT,FF-PGRPO,paper_recovery_checkpoint,,,0,,,outputs/navtest_hard_stable_zero658_recogdrive_stage3_vs_pdms914505_20260727/per_token_comparison.csv,1.0,1.0,1.0,1.0,1.0,1.0,1.0,True,False,True,True,False,1.0,positive_to_positive,NC_all_fail
177b58cd935356f2,navtest,NAVSIM v1,AMPT,FF-PGRPO,paper_recovery_checkpoint,,,0,,,outputs/navtest_hard_stable_zero658_recogdrive_stage3_vs_pdms914505_20260727/per_token_comparison.csv,0.967939056100552,1.0,1.0,1.0,0.9230537346413252,1.0,1.0,True,False,True,True,False,0.5833333333333334,positive_to_positive,NC_all_fail
17aa66edae0e5214,navtest,NAVSIM v1,AMPT,FF-PGRPO,paper_recovery_checkpoint,,,0,,,outputs/navtest_hard_stable_zero658_recogdrive_stage3_vs_pdms914505_20260727/per_token_comparison.csv,0.0,1.0,0.0,1.0,0.0,1.0,1.0,False,True,True,False,False,0.0,zero_to_zero,DAC_all_fail
18492b6ce9905b13,navtest,NAVSIM v1,AMPT,FF-PGRPO,paper_recovery_checkpoint,,,0,,,outputs/navtest_hard_stable_zero658_recogdrive_stage3_vs_pdms914505_20260727/per_token_comparison.csv,0.9553735630864798,1.0,1.0,1.0,0.8928965514075515,1.0,1.0,True,False,True,True,False,0.9431001494596608,positive_to_positive,DAC_all_fail
184c11a8cc875403,navtest,NAVSIM v1,AMPT,FF-PGRPO,paper_recovery_checkpoint,,,0,,,outputs/navtest_hard_stable_zero658_recogdrive_stage3_vs_pdms914505_20260727/per_token_comparison.csv,0.9771609276465216,1.0,1.0,1.0,0.9451862263516516,1.0,1.0,True,False,True,True,False,0.9583362237343752,positive_to_positive,DAC_all_fail
18649e595e7b51ab,navtest,NAVSIM v1,AMPT,FF-PGRPO,paper_recovery_checkpoint,,,0,,,outputs/navtest_hard_stable_zero658_recogdrive_stage3_vs_pdms914505_20260727/per_token_comparison.csv,1.0,1.0,1.0,1.0,1.0,1.0,1.0,True,False,True,True,False,1.0,positive_to_positive,DAC_all_fail
19611832f7595b10,navtest,NAVSIM v1,AMPT,FF-PGRPO,paper_recovery_checkpoint,,,0,,,outputs/navtest_hard_stable_zero658_recogdrive_stage3_vs_pdms914505_20260727/per_token_comparison.csv,1.0,1.0,1.0,1.0,1.0,1.0,1.0,True,False,True,True,False,1.0,positive_to_positive,DAC_all_fail
196cb93444b35dd7,navtest,NAVSIM v1,AMPT,FF-PGRPO,paper_recovery_checkpoint,,,0,,,outputs/navtest_hard_stable_zero658_recogdrive_stage3_vs_pdms914505_20260727/per_token_comparison.csv,0.8263199237655767,1.0,1.0,1.0,0.5831678170373841,1.0,1.0,True,False,True,True,False,0.8334424069795586,positive_to_positive,DAC_all_fail
1975d15fde2955ff,navtest,NAVSIM v1,AMPT,FF-PGRPO,paper_recovery_checkpoint,,,0,,,outputs/navtest_hard_stable_zero658_recogdrive_stage3_vs_pdms914505_20260727/per_token_comparison.csv,0.0,0.0,1.0,0.5,0.0,0.0,1.0,False,True,True,False,False,0.0,zero_to_zero,NC_all_fail
1979ed31b57b59ea,navtest,NAVSIM v1,AMPT,FF-PGRPO,paper_recovery_checkpoint,,,0,,,outputs/navtest_hard_stable_zero658_recogdrive_stage3_vs_pdms914505_20260727/per_token_comparison.csv,0.4558491345140319,1.0,1.0,1.0,0.6940379228336766,0.0,1.0,True,False,True,True,False,0.0,zero_to_positive,NC_all_fail
1981a85eb4ba5001,navtest,NAVSIM v1,AMPT,FF-PGRPO,paper_recovery_checkpoint,,,0,,,outputs/navtest_hard_stable_zero658_recogdrive_stage3_vs_pdms914505_20260727/per_token_comparison.csv,0.0,0.0,1.0,0.0,0.0,0.0,1.0,False,True,True,False,False,0.0,zero_to_zero,NC_all_fail
19a79abcf14059d2,navtest,NAVSIM v1,AMPT,FF-PGRPO,paper_recovery_checkpoint,,,0,,,outputs/navtest_hard_stable_zero658_recogdrive_stage3_vs_pdms914505_20260727/per_token_comparison.csv,0.0,0.0,1.0,1.0,0.0,0.0,1.0,False,True,True,False,False,0.0,zero_to_zero,NC_all_fail
19d7afdb02055502,navtest,NAVSIM v1,AMPT,FF-PGRPO,paper_recovery_checkpoint,,,0,,,outputs/navtest_hard_stable_zero658_recogdrive_stage3_vs_pdms914505_20260727/per_token_comparison.csv,0.9453172298622924,1.0,1.0,1.0,0.8687613516695019,1.0,1.0,True,False,True,True,False,0.9329925500639318,positive_to_positive,DAC_all_fail
19f8a93df08452b5,navtest,NAVSIM v1,AMPT,FF-PGRPO,paper_recovery_checkpoint,,,0,,,outputs/navtest_hard_stable_zero658_recogdrive_stage3_vs_pdms914505_20260727/per_token_comparison.csv,0.9211466784359934,1.0,1.0,1.0,0.8107520282463843,1.0,1.0,True,False,True,True,False,0.8947101805986634,positive_to_positive,DAC_all_fail
1a0605b15ce0596b,navtest,NAVSIM v1,AMPT,FF-PGRPO,paper_recovery_checkpoint,,,0,,,outputs/navtest_hard_stable_zero658_recogdrive_stage3_vs_pdms914505_20260727/per_token_comparison.csv,0.0,0.0,1.0,1.0,0.0,0.0,1.0,False,True,True,False,False,0.0,zero_to_zero,NC_all_fail
1a37d69ab5805f15,navtest,NAVSIM v1,AMPT,FF-PGRPO,paper_recovery_checkpoint,,,0,,,outputs/navtest_hard_stable_zero658_recogdrive_stage3_vs_pdms914505_20260727/per_token_comparison.csv,0.9812714960872722,1.0,1.0,1.0,0.9550515906094532,1.0,1.0,True,False,True,True,False,0.9748479727330214,positive_to_positive,DAC_all_fail
1a4d88c3ccc6586d,navtest,NAVSIM v1,AMPT,FF-PGRPO,paper_recovery_checkpoint,,,0,,,outputs/navtest_hard_stable_zero658_recogdrive_stage3_vs_pdms914505_20260727/per_token_comparison.csv,0.0,1.0,0.0,1.0,0.0,1.0,1.0,False,True,True,False,False,0.0,zero_to_zero,DAC_all_fail
1a5351601d8f52da,navtest,NAVSIM v1,AMPT,FF-PGRPO,paper_recovery_checkpoint,,,0,,,outputs/navtest_hard_stable_zero658_recogdrive_stage3_vs_pdms914505_20260727/per_token_comparison.csv,0.9555881689966186,1.0,1.0,1.0,0.8934116055918846,1.0,1.0,True,False,True,True,False,0.9488638791716412,positive_to_positive,NC_all_fail
1b4499d988b052ce,navtest,NAVSIM v1,AMPT,FF-PGRPO,paper_recovery_checkpoint,,,0,,,outputs/navtest_hard_stable_zero658_recogdrive_stage3_vs_pdms914505_20260727/per_token_comparison.csv,0.0,0.0,1.0,1.0,0.0,0.0,1.0,False,True,True,False,False,0.0,zero_to_zero,NC_all_fail
1b5521472b795718,navtest,NAVSIM v1,AMPT,FF-PGRPO,paper_recovery_checkpoint,,,0,,,outputs/navtest_hard_stable_zero658_recogdrive_stage3_vs_pdms914505_20260727/per_token_comparison.csv,1.0,1.0,1.0,1.0,1.0,1.0,1.0,True,False,True,True,False,1.0,positive_to_positive,NC_all_fail
1c77ba7488d35c52,navtest,NAVSIM v1,AMPT,FF-PGRPO,paper_recovery_checkpoint,,,0,,,outputs/navtest_hard_stable_zero658_recogdrive_stage3_vs_pdms914505_20260727/per_token_comparison.csv,0.9061890172749626,1.0,1.0,1.0,0.7748536414599101,1.0,1.0,True,False,True,True,False,0.9245508074403396,positive_to_positive,DAC_all_fail
1e1913cd8d035225,navtest,NAVSIM v1,AMPT,FF-PGRPO,paper_recovery_checkpoint,,,0,,,outputs/navtest_hard_stable_zero658_recogdrive_stage3_vs_pdms914505_20260727/per_token_comparison.csv,0.9756409990424754,1.0,1.0,1.0,0.9415383977019408,1.0,1.0,True,False,True,True,False,1.0,positive_to_positive,NC_all_fail
1e2e250cbb555fe6,navtest,NAVSIM v1,AMPT,FF-PGRPO,paper_recovery_checkpoint,,,0,,,outputs/navtest_hard_stable_zero658_recogdrive_stage3_vs_pdms914505_20260727/per_token_comparison.csv,0.964633162131852,1.0,1.0,1.0,0.9151195891164444,1.0,1.0,True,False,True,True,False,0.0,zero_to_positive,DAC_all_fail
1e4df42d4cea5416,navtest,NAVSIM v1,AMPT,FF-PGRPO,paper_recovery_checkpoint,,,0,,,outputs/navtest_hard_stable_zero658_recogdrive_stage3_vs_pdms914505_20260727/per_token_comparison.csv,0.0,0.0,1.0,1.0,0.0,0.0,1.0,False,True,True,False,False,0.5833333333333334,positive_to_zero,NC_all_fail
1e60548b4c00538a,navtest,NAVSIM v1,AMPT,FF-PGRPO,paper_recovery_checkpoint,,,0,,,outputs/navtest_hard_stable_zero658_recogdrive_stage3_vs_pdms914505_20260727/per_token_comparison.csv,0.0,1.0,0.0,1.0,0.0,1.0,1.0,False,True,True,False,False,0.0,zero_to_zero,DAC_all_fail
1ea152f7056659a9,navtest,NAVSIM v1,AMPT,FF-PGRPO,paper_recovery_checkpoint,,,0,,,outputs/navtest_hard_stable_zero658_recogdrive_stage3_vs_pdms914505_20260727/per_token_comparison.csv,0.0,1.0,0.0,1.0,0.0,1.0,1.0,False,True,True,False,False,0.0,zero_to_zero,DAC_all_fail
1ebd95c73644569f,navtest,NAVSIM v1,AMPT,FF-PGRPO,paper_recovery_checkpoint,,,0,,,outputs/navtest_hard_stable_zero658_recogdrive_stage3_vs_pdms914505_20260727/per_token_comparison.csv,0.8164979565442657,1.0,1.0,1.0,0.559595095706238,1.0,1.0,True,False,True,True,False,0.0,zero_to_positive,DAC_all_fail
1f174dcc44335ad6,navtest,NAVSIM v1,AMPT,FF-PGRPO,paper_recovery_checkpoint,,,0,,,outputs/navtest_hard_stable_zero658_recogdrive_stage3_vs_pdms914505_20260727/per_token_comparison.csv,0.9823174653048468,1.0,1.0,1.0,0.9575619167316324,1.0,1.0,True,False,True,True,False,0.9470945832326864,positive_to_positive,DAC_all_fail
1f1c016bd3715dc2,navtest,NAVSIM v1,AMPT,FF-PGRPO,paper_recovery_checkpoint,,,0,,,outputs/navtest_hard_stable_zero658_recogdrive_stage3_vs_pdms914505_20260727/per_token_comparison.csv,0.9531330568478306,1.0,1.0,1.0,0.8875193364347933,1.0,1.0,True,False,True,True,False,0.9668946152456704,positive_to_positive,DAC_all_fail
200c447283ed50eb,navtest,NAVSIM v1,AMPT,FF-PGRPO,paper_recovery_checkpoint,,,0,,,outputs/navtest_hard_stable_zero658_recogdrive_stage3_vs_pdms914505_20260727/per_token_comparison.csv,0.0,1.0,0.0,1.0,0.0,1.0,1.0,False,True,True,False,False,0.0,zero_to_zero,DAC_all_fail
206322cf0cf45186,navtest,NAVSIM v1,AMPT,FF-PGRPO,paper_recovery_checkpoint,,,0,,,outputs/navtest_hard_stable_zero658_recogdrive_stage3_vs_pdms914505_20260727/per_token_comparison.csv,1.0,1.0,1.0,1.0,1.0,1.0,1.0,True,False,True,True,False,1.0,positive_to_positive,NC_all_fail
20728d3e677b593d,navtest,NAVSIM v1,AMPT,FF-PGRPO,paper_recovery_checkpoint,,,0,,,outputs/navtest_hard_stable_zero658_recogdrive_stage3_vs_pdms914505_20260727/per_token_comparison.csv,0.0,1.0,0.0,1.0,0.0,1.0,1.0,False,True,True,False,False,0.0,zero_to_zero,DAC_all_fail
2135b76284735f17,navtest,NAVSIM v1,AMPT,FF-PGRPO,paper_recovery_checkpoint,,,0,,,outputs/navtest_hard_stable_zero658_recogdrive_stage3_vs_pdms914505_20260727/per_token_comparison.csv,0.9538943258981468,1.0,1.0,1.0,0.8893463821555521,1.0,1.0,True,False,True,True,False,0.9541915879095764,positive_to_positive,DAC_all_fail
21b8742127e7523c,navtest,NAVSIM v1,AMPT,FF-PGRPO,paper_recovery_checkpoint,,,0,,,outputs/navtest_hard_stable_zero658_recogdrive_stage3_vs_pdms914505_20260727/per_token_comparison.csv,0.9773395109283168,1.0,1.0,1.0,0.94561482622796,1.0,1.0,True,False,True,True,False,0.9576240098052778,positive_to_positive,DAC_all_fail
21bc638f113e5f63,navtest,NAVSIM v1,AMPT,FF-PGRPO,paper_recovery_checkpoint,,,0,,,outputs/navtest_hard_stable_zero658_recogdrive_stage3_vs_pdms914505_20260727/per_token_comparison.csv,0.0,0.0,1.0,1.0,0.0,0.0,1.0,False,True,True,False,False,0.0,zero_to_zero,NC_all_fail
22021c2141625fce,navtest,NAVSIM v1,AMPT,FF-PGRPO,paper_recovery_checkpoint,,,0,,,outputs/navtest_hard_stable_zero658_recogdrive_stage3_vs_pdms914505_20260727/per_token_comparison.csv,0.8866674610826849,1.0,1.0,1.0,0.7280019065984438,1.0,1.0,True,False,True,True,False,0.8844045174606808,positive_to_positive,DAC_all_fail
22c1a51ffc1f5022,navtest,NAVSIM v1,AMPT,FF-PGRPO,paper_recovery_checkpoint,,,0,,,outputs/navtest_hard_stable_zero658_recogdrive_stage3_vs_pdms914505_20260727/per_token_comparison.csv,0.5833333333333334,1.0,1.0,1.0,1.0,0.0,1.0,True,False,True,True,False,0.5833333333333334,positive_to_positive,NC_all_fail
22ec7d1614785b35,navtest,NAVSIM v1,AMPT,FF-PGRPO,paper_recovery_checkpoint,,,0,,,outputs/navtest_hard_stable_zero658_recogdrive_stage3_vs_pdms914505_20260727/per_token_comparison.csv,0.0,1.0,0.0,1.0,0.0,1.0,1.0,False,True,True,False,False,0.0,zero_to_zero,DAC_all_fail
2380261642d25251,navtest,NAVSIM v1,AMPT,FF-PGRPO,paper_recovery_checkpoint,,,0,,,outputs/navtest_hard_stable_zero658_recogdrive_stage3_vs_pdms914505_20260727/per_token_comparison.csv,1.0,1.0,1.0,1.0,1.0,1.0,1.0,True,False,True,True,False,1.0,positive_to_positive,DAC_all_fail
2389414c94075d6a,navtest,NAVSIM v1,AMPT,FF-PGRPO,paper_recovery_checkpoint,,,0,,,outputs/navtest_hard_stable_zero658_recogdrive_stage3_vs_pdms914505_20260727/per_token_comparison.csv,0.9548518182199528,1.0,1.0,1.0,0.8916443637278864,1.0,1.0,True,False,True,True,False,0.93629103151711,positive_to_positive,DAC_all_fail
2391f12d7e6a5e7f,navtest,NAVSIM v1,AMPT,FF-PGRPO,paper_recovery_checkpoint,,,0,,,outputs/navtest_hard_stable_zero658_recogdrive_stage3_vs_pdms914505_20260727/per_token_comparison.csv,0.8018758386748757,1.0,1.0,1.0,0.5245020128197015,1.0,1.0,True,False,True,True,False,0.799672523708208,positive_to_positive,DAC_all_fail
23d71fb39b0456f5,navtest,NAVSIM v1,AMPT,FF-PGRPO,paper_recovery_checkpoint,,,0,,,outputs/navtest_hard_stable_zero658_recogdrive_stage3_vs_pdms914505_20260727/per_token_comparison.csv,1.0,1.0,1.0,1.0,1.0,1.0,1.0,True,False,True,True,False,0.97283170965127,positive_to_positive,DAC_all_fail
2422d2b260235078,navtest,NAVSIM v1,AMPT,FF-PGRPO,paper_recovery_checkpoint,,,0,,,outputs/navtest_hard_stable_zero658_recogdrive_stage3_vs_pdms914505_20260727/per_token_comparison.csv,1.0,1.0,1.0,1.0,1.0,1.0,1.0,True,False,True,True,False,0.0,zero_to_positive,DAC_all_fail
247490a783f25c47,navtest,NAVSIM v1,AMPT,FF-PGRPO,paper_recovery_checkpoint,,,0,,,outputs/navtest_hard_stable_zero658_recogdrive_stage3_vs_pdms914505_20260727/per_token_comparison.csv,0.9827021001581264,1.0,1.0,1.0,0.958485040379503,1.0,1.0,True,False,True,True,False,0.0,zero_to_positive,DAC_all_fail
24edcd5e5b7f546a,navtest,NAVSIM v1,AMPT,FF-PGRPO,paper_recovery_checkpoint,,,0,,,outputs/navtest_hard_stable_zero658_recogdrive_stage3_vs_pdms914505_20260727/per_token_comparison.csv,1.0,1.0,1.0,1.0,1.0,1.0,1.0,True,False,True,True,False,0.5833333333333334,positive_to_positive,NC_all_fail
25000ee050145f13,navtest,NAVSIM v1,AMPT,FF-PGRPO,paper_recovery_checkpoint,,,0,,,outputs/navtest_hard_stable_zero658_recogdrive_stage3_vs_pdms914505_20260727/per_token_comparison.csv,0.0,1.0,0.0,1.0,0.0,1.0,1.0,False,True,True,False,False,0.910571169938394,positive_to_zero,DAC_all_fail
2575048779565f0b,navtest,NAVSIM v1,AMPT,FF-PGRPO,paper_recovery_checkpoint,,,0,,,outputs/navtest_hard_stable_zero658_recogdrive_stage3_vs_pdms914505_20260727/per_token_comparison.csv,0.0,1.0,0.0,0.0,0.0,1.0,1.0,False,True,True,False,False,0.0,zero_to_zero,DAC_all_fail
258fd15174fb5e47,navtest,NAVSIM v1,AMPT,FF-PGRPO,paper_recovery_checkpoint,,,0,,,outputs/navtest_hard_stable_zero658_recogdrive_stage3_vs_pdms914505_20260727/per_token_comparison.csv,0.8494394801995105,1.0,1.0,1.0,0.6386547524788253,1.0,1.0,True,False,True,True,False,0.850818480824842,positive_to_positive,DAC_all_fail
25b719c231d85e56,navtest,NAVSIM v1,AMPT,FF-PGRPO,paper_recovery_checkpoint,,,0,,,outputs/navtest_hard_stable_zero658_recogdrive_stage3_vs_pdms914505_20260727/per_token_comparison.csv,1.0,1.0,1.0,1.0,1.0,1.0,1.0,True,False,True,True,False,0.9674833471407176,positive_to_positive,DAC_all_fail
25e9d76574075cee,navtest,NAVSIM v1,AMPT,FF-PGRPO,paper_recovery_checkpoint,,,0,,,outputs/navtest_hard_stable_zero658_recogdrive_stage3_vs_pdms914505_20260727/per_token_comparison.csv,0.0,1.0,0.0,1.0,0.0,1.0,1.0,False,True,True,False,False,0.0,zero_to_zero,DAC_all_fail
2615f45588965f4c,navtest,NAVSIM v1,AMPT,FF-PGRPO,paper_recovery_checkpoint,,,0,,,outputs/navtest_hard_stable_zero658_recogdrive_stage3_vs_pdms914505_20260727/per_token_comparison.csv,1.0,1.0,1.0,0.5,1.0,1.0,1.0,True,False,True,True,False,0.0,zero_to_positive,NC_all_fail
262333f372975eef,navtest,NAVSIM v1,AMPT,FF-PGRPO,paper_recovery_checkpoint,,,0,,,outputs/navtest_hard_stable_zero658_recogdrive_stage3_vs_pdms914505_20260727/per_token_comparison.csv,0.0,1.0,0.0,1.0,0.0,0.0,1.0,False,True,True,False,False,0.0,zero_to_zero,DAC_all_fail
26a1ceab4d455a77,navtest,NAVSIM v1,AMPT,FF-PGRPO,paper_recovery_checkpoint,,,0,,,outputs/navtest_hard_stable_zero658_recogdrive_stage3_vs_pdms914505_20260727/per_token_comparison.csv,1.0,1.0,1.0,1.0,1.0,1.0,1.0,True,False,True,True,False,1.0,positive_to_positive,DAC_all_fail
26e5d2127cf9563d,navtest,NAVSIM v1,AMPT,FF-PGRPO,paper_recovery_checkpoint,,,0,,,outputs/navtest_hard_stable_zero658_recogdrive_stage3_vs_pdms914505_20260727/per_token_comparison.csv,0.0,0.0,1.0,1.0,0.0,0.0,1.0,False,True,True,False,False,0.0,zero_to_zero,NC_all_fail
2731fa425acf52f4,navtest,NAVSIM v1,AMPT,FF-PGRPO,paper_recovery_checkpoint,,,0,,,outputs/navtest_hard_stable_zero658_recogdrive_stage3_vs_pdms914505_20260727/per_token_comparison.csv,0.0,1.0,0.0,1.0,0.0,1.0,1.0,False,True,True,False,False,0.0,zero_to_zero,DAC_all_fail
277f191c94b952f3,navtest,NAVSIM v1,AMPT,FF-PGRPO,paper_recovery_checkpoint,,,0,,,outputs/navtest_hard_stable_zero658_recogdrive_stage3_vs_pdms914505_20260727/per_token_comparison.csv,0.0,0.0,0.0,1.0,0.0,0.0,1.0,False,True,True,False,False,0.0,zero_to_zero,NC_and_DAC_all_fail
2807cd605f1156da,navtest,NAVSIM v1,AMPT,FF-PGRPO,paper_recovery_checkpoint,,,0,,,outputs/navtest_hard_stable_zero658_recogdrive_stage3_vs_pdms914505_20260727/per_token_comparison.csv,1.0,1.0,1.0,1.0,1.0,1.0,1.0,True,False,True,True,False,1.0,positive_to_positive,DAC_all_fail
2882be3ae16b50e3,navtest,NAVSIM v1,AMPT,FF-PGRPO,paper_recovery_checkpoint,,,0,,,outputs/navtest_hard_stable_zero658_recogdrive_stage3_vs_pdms914505_20260727/per_token_comparison.csv,0.0,0.0,1.0,1.0,0.0,0.0,1.0,False,True,True,False,False,0.0,zero_to_zero,NC_all_fail
29a13686ed375688,navtest,NAVSIM v1,AMPT,FF-PGRPO,paper_recovery_checkpoint,,,0,,,outputs/navtest_hard_stable_zero658_recogdrive_stage3_vs_pdms914505_20260727/per_token_comparison.csv,0.0,1.0,0.0,0.0,0.0,1.0,1.0,False,True,True,False,False,0.0,zero_to_zero,DAC_all_fail
29ba983123655159,navtest,NAVSIM v1,AMPT,FF-PGRPO,paper_recovery_checkpoint,,,0,,,outputs/navtest_hard_stable_zero658_recogdrive_stage3_vs_pdms914505_20260727/per_token_comparison.csv,0.9506116660041388,1.0,1.0,1.0,0.8814679984099336,1.0,1.0,True,False,True,True,False,0.9493779049493868,positive_to_positive,DAC_all_fail
2a48beb84af65349,navtest,NAVSIM v1,AMPT,FF-PGRPO,paper_recovery_checkpoint,,,0,,,outputs/navtest_hard_stable_zero658_recogdrive_stage3_vs_pdms914505_20260727/per_token_comparison.csv,0.9283919341009208,1.0,1.0,1.0,0.82814064184221,1.0,1.0,True,False,True,True,False,0.0,zero_to_positive,DAC_all_fail
2ad650691b5d58f0,navtest,NAVSIM v1,AMPT,FF-PGRPO,paper_recovery_checkpoint,,,0,,,outputs/navtest_hard_stable_zero658_recogdrive_stage3_vs_pdms914505_20260727/per_token_comparison.csv,0.915790564358864,1.0,1.0,1.0,0.7978973544612733,1.0,1.0,True,False,True,True,False,0.9079438613961832,positive_to_positive,DAC_all_fail
2b04c510144e5545,navtest,NAVSIM v1,AMPT,FF-PGRPO,paper_recovery_checkpoint,,,0,,,outputs/navtest_hard_stable_zero658_recogdrive_stage3_vs_pdms914505_20260727/per_token_comparison.csv,0.0,1.0,0.0,1.0,0.0,1.0,1.0,False,True,True,False,False,0.0,zero_to_zero,DAC_all_fail
2b052ebbd7ec543b,navtest,NAVSIM v1,AMPT,FF-PGRPO,paper_recovery_checkpoint,,,0,,,outputs/navtest_hard_stable_zero658_recogdrive_stage3_vs_pdms914505_20260727/per_token_comparison.csv,1.0,1.0,1.0,0.0,1.0,1.0,1.0,True,False,True,True,False,1.0,positive_to_positive,DAC_all_fail
2b482f615de15efb,navtest,NAVSIM v1,AMPT,FF-PGRPO,paper_recovery_checkpoint,,,0,,,outputs/navtest_hard_stable_zero658_recogdrive_stage3_vs_pdms914505_20260727/per_token_comparison.csv,0.0,0.0,1.0,1.0,0.0,1.0,1.0,False,True,True,False,False,0.0,zero_to_zero,NC_all_fail
2b9bb7ffb9cf5da8,navtest,NAVSIM v1,AMPT,FF-PGRPO,paper_recovery_checkpoint,,,0,,,outputs/navtest_hard_stable_zero658_recogdrive_stage3_vs_pdms914505_20260727/per_token_comparison.csv,0.0,0.0,1.0,1.0,0.0,0.0,1.0,False,True,True,False,False,0.0,zero_to_zero,NC_all_fail
2c14c850f6645147,navtest,NAVSIM v1,AMPT,FF-PGRPO,paper_recovery_checkpoint,,,0,,,outputs/navtest_hard_stable_zero658_recogdrive_stage3_vs_pdms914505_20260727/per_token_comparison.csv,1.0,1.0,1.0,1.0,1.0,1.0,1.0,True,False,True,True,False,1.0,positive_to_positive,DAC_all_fail
2c337eb368fb54ca,navtest,NAVSIM v1,AMPT,FF-PGRPO,paper_recovery_checkpoint,,,0,,,outputs/navtest_hard_stable_zero658_recogdrive_stage3_vs_pdms914505_20260727/per_token_comparison.csv,0.0,1.0,0.0,1.0,0.0,1.0,1.0,False,True,True,False,False,0.0,zero_to_zero,DAC_all_fail
2c5ed5662dfb5ee9,navtest,NAVSIM v1,AMPT,FF-PGRPO,paper_recovery_checkpoint,,,0,,,outputs/navtest_hard_stable_zero658_recogdrive_stage3_vs_pdms914505_20260727/per_token_comparison.csv,0.9187461956744276,1.0,1.0,1.0,0.8049908696186264,1.0,1.0,True,False,True,True,False,0.5833333333333334,positive_to_positive,NC_all_fail
2c7e5f987d5752c7,navtest,NAVSIM v1,AMPT,FF-PGRPO,paper_recovery_checkpoint,,,0,,,outputs/navtest_hard_stable_zero658_recogdrive_stage3_vs_pdms914505_20260727/per_token_comparison.csv,0.0,1.0,0.0,1.0,0.0,1.0,1.0,False,True,True,False,False,0.0,zero_to_zero,DAC_all_fail
2c9ea4fc0e8e5ef2,navtest,NAVSIM v1,AMPT,FF-PGRPO,paper_recovery_checkpoint,,,0,,,outputs/navtest_hard_stable_zero658_recogdrive_stage3_vs_pdms914505_20260727/per_token_comparison.csv,0.8849543202624174,1.0,1.0,1.0,0.7238903686298018,1.0,1.0,True,False,True,True,False,0.9144648978873304,positive_to_positive,DAC_all_fail
2cc421e9b3fd5c17,navtest,NAVSIM v1,AMPT,FF-PGRPO,paper_recovery_checkpoint,,,0,,,outputs/navtest_hard_stable_zero658_recogdrive_stage3_vs_pdms914505_20260727/per_token_comparison.csv,0.9347788271649836,1.0,1.0,1.0,0.8434691851959605,1.0,1.0,True,False,True,True,False,0.9298882948455912,positive_to_positive,DAC_all_fail
2d0517c112625a09,navtest,NAVSIM v1,AMPT,FF-PGRPO,paper_recovery_checkpoint,,,0,,,outputs/navtest_hard_stable_zero658_recogdrive_stage3_vs_pdms914505_20260727/per_token_comparison.csv,1.0,1.0,1.0,1.0,1.0,1.0,1.0,True,False,True,True,False,1.0,positive_to_positive,DAC_all_fail
2d7bc87644e85744,navtest,NAVSIM v1,AMPT,FF-PGRPO,paper_recovery_checkpoint,,,0,,,outputs/navtest_hard_stable_zero658_recogdrive_stage3_vs_pdms914505_20260727/per_token_comparison.csv,0.9364770823566204,1.0,1.0,1.0,0.8475449976558888,1.0,1.0,True,False,True,True,False,0.9725748529380775,positive_to_positive,DAC_all_fail
2ea6bdf1e8905fd8,navtest,NAVSIM v1,AMPT,FF-PGRPO,paper_recovery_checkpoint,,,0,,,outputs/navtest_hard_stable_zero658_recogdrive_stage3_vs_pdms914505_20260727/per_token_comparison.csv,0.7909853878352934,1.0,1.0,1.0,0.4983649308047042,1.0,1.0,True,False,True,True,False,0.8259228957333834,positive_to_positive,DAC_all_fail
2f05406bcdd55a21,navtest,NAVSIM v1,AMPT,FF-PGRPO,paper_recovery_checkpoint,,,0,,,outputs/navtest_hard_stable_zero658_recogdrive_stage3_vs_pdms914505_20260727/per_token_comparison.csv,0.5833333333333334,1.0,1.0,1.0,1.0,0.0,1.0,True,False,True,True,False,0.5833333333333334,positive_to_positive,NC_all_fail
2f6ef141a25657e5,navtest,NAVSIM v1,AMPT,FF-PGRPO,paper_recovery_checkpoint,,,0,,,outputs/navtest_hard_stable_zero658_recogdrive_stage3_vs_pdms914505_20260727/per_token_comparison.csv,0.9278867656867188,1.0,1.0,1.0,0.8269282376481252,1.0,1.0,True,False,True,True,False,0.9299252288776216,positive_to_positive,DAC_all_fail
3038555c47555d08,navtest,NAVSIM v1,AMPT,FF-PGRPO,paper_recovery_checkpoint,,,0,,,outputs/navtest_hard_stable_zero658_recogdrive_stage3_vs_pdms914505_20260727/per_token_comparison.csv,0.0,0.5,0.0,1.0,0.0,0.0,1.0,False,True,True,False,False,0.0,zero_to_zero,DAC_all_fail
303d7a8f1262569e,navtest,NAVSIM v1,AMPT,FF-PGRPO,paper_recovery_checkpoint,,,0,,,outputs/navtest_hard_stable_zero658_recogdrive_stage3_vs_pdms914505_20260727/per_token_comparison.csv,0.0,1.0,0.0,0.5,0.0,1.0,1.0,False,True,True,False,False,0.0,zero_to_zero,DAC_all_fail
303d9d8e1bbf5053,navtest,NAVSIM v1,AMPT,FF-PGRPO,paper_recovery_checkpoint,,,0,,,outputs/navtest_hard_stable_zero658_recogdrive_stage3_vs_pdms914505_20260727/per_token_comparison.csv,1.0,1.0,1.0,1.0,1.0,1.0,1.0,True,False,True,True,False,1.0,positive_to_positive,DAC_all_fail
303e7dd5717f54cd,navtest,NAVSIM v1,AMPT,FF-PGRPO,paper_recovery_checkpoint,,,0,,,outputs/navtest_hard_stable_zero658_recogdrive_stage3_vs_pdms914505_20260727/per_token_comparison.csv,0.0,1.0,0.0,0.5,0.0,0.0,1.0,False,True,True,False,False,0.0,zero_to_zero,DAC_all_fail
308e246a1d995edd,navtest,NAVSIM v1,AMPT,FF-PGRPO,paper_recovery_checkpoint,,,0,,,outputs/navtest_hard_stable_zero658_recogdrive_stage3_vs_pdms914505_20260727/per_token_comparison.csv,1.0,1.0,1.0,1.0,1.0,1.0,1.0,True,False,True,True,False,1.0,positive_to_positive,DAC_all_fail
30d5d8dfd52451a9,navtest,NAVSIM v1,AMPT,FF-PGRPO,paper_recovery_checkpoint,,,0,,,outputs/navtest_hard_stable_zero658_recogdrive_stage3_vs_pdms914505_20260727/per_token_comparison.csv,1.0,1.0,1.0,1.0,1.0,1.0,1.0,True,False,True,True,False,0.5833333333333334,positive_to_positive,NC_all_fail
312d2bf03023521a,navtest,NAVSIM v1,AMPT,FF-PGRPO,paper_recovery_checkpoint,,,0,,,outputs/navtest_hard_stable_zero658_recogdrive_stage3_vs_pdms914505_20260727/per_token_comparison.csv,0.9731164926510713,1.0,1.0,1.0,0.935479582362571,1.0,1.0,True,False,True,True,False,0.9313352996909235,positive_to_positive,DAC_all_fail
3137903199f35224,navtest,NAVSIM v1,AMPT,FF-PGRPO,paper_recovery_checkpoint,,,0,,,outputs/navtest_hard_stable_zero658_recogdrive_stage3_vs_pdms914505_20260727/per_token_comparison.csv,0.0,1.0,0.0,1.0,0.0,1.0,1.0,False,True,True,False,False,0.0,zero_to_zero,DAC_all_fail
3151813685fe5b1d,navtest,NAVSIM v1,AMPT,FF-PGRPO,paper_recovery_checkpoint,,,0,,,outputs/navtest_hard_stable_zero658_recogdrive_stage3_vs_pdms914505_20260727/per_token_comparison.csv,0.977318349375234,1.0,1.0,1.0,0.945564038500562,1.0,1.0,True,False,True,True,False,0.9340162339778624,positive_to_positive,DAC_all_fail
31f2d9d9334d5a06,navtest,NAVSIM v1,AMPT,FF-PGRPO,paper_recovery_checkpoint,,,0,,,outputs/navtest_hard_stable_zero658_recogdrive_stage3_vs_pdms914505_20260727/per_token_comparison.csv,0.9604848276072024,1.0,1.0,1.0,0.9051635862572858,1.0,1.0,True,False,True,True,False,0.9512532476186796,positive_to_positive,DAC_all_fail
324cb0d226a45b91,navtest,NAVSIM v1,AMPT,FF-PGRPO,paper_recovery_checkpoint,,,0,,,outputs/navtest_hard_stable_zero658_recogdrive_stage3_vs_pdms914505_20260727/per_token_comparison.csv,0.0,1.0,0.0,1.0,0.0,1.0,1.0,False,True,True,False,False,0.0,zero_to_zero,DAC_all_fail
3296619ed0855e31,navtest,NAVSIM v1,AMPT,FF-PGRPO,paper_recovery_checkpoint,,,0,,,outputs/navtest_hard_stable_zero658_recogdrive_stage3_vs_pdms914505_20260727/per_token_comparison.csv,1.0,1.0,1.0,1.0,1.0,1.0,1.0,True,False,True,True,False,0.0,zero_to_positive,DAC_all_fail
32dd24533788546c,navtest,NAVSIM v1,AMPT,FF-PGRPO,paper_recovery_checkpoint,,,0,,,outputs/navtest_hard_stable_zero658_recogdrive_stage3_vs_pdms914505_20260727/per_token_comparison.csv,1.0,1.0,1.0,1.0,1.0,1.0,1.0,True,False,True,True,False,1.0,positive_to_positive,DAC_all_fail
33423262feb656a3,navtest,NAVSIM v1,AMPT,FF-PGRPO,paper_recovery_checkpoint,,,0,,,outputs/navtest_hard_stable_zero658_recogdrive_stage3_vs_pdms914505_20260727/per_token_comparison.csv,0.9692477156922976,1.0,1.0,1.0,0.926194517661514,1.0,1.0,True,False,True,True,False,0.955323063287304,positive_to_positive,DAC_all_fail
33ee6f1f594d50ca,navtest,NAVSIM v1,AMPT,FF-PGRPO,paper_recovery_checkpoint,,,0,,,outputs/navtest_hard_stable_zero658_recogdrive_stage3_vs_pdms914505_20260727/per_token_comparison.csv,1.0,1.0,1.0,1.0,1.0,1.0,1.0,True,False,True,True,False,1.0,positive_to_positive,DAC_all_fail
3420dd4340635018,navtest,NAVSIM v1,AMPT,FF-PGRPO,paper_recovery_checkpoint,,,0,,,outputs/navtest_hard_stable_zero658_recogdrive_stage3_vs_pdms914505_20260727/per_token_comparison.csv,0.0,0.0,1.0,1.0,0.0,0.0,1.0,False,True,True,False,False,0.0,zero_to_zero,NC_all_fail
3466b16cf2c95855,navtest,NAVSIM v1,AMPT,FF-PGRPO,paper_recovery_checkpoint,,,0,,,outputs/navtest_hard_stable_zero658_recogdrive_stage3_vs_pdms914505_20260727/per_token_comparison.csv,0.8715051488040014,1.0,1.0,1.0,0.6916123571296032,1.0,1.0,True,False,True,True,False,0.8382312365435727,positive_to_positive,DAC_all_fail
348680e464e15fa2,navtest,NAVSIM v1,AMPT,FF-PGRPO,paper_recovery_checkpoint,,,0,,,outputs/navtest_hard_stable_zero658_recogdrive_stage3_vs_pdms914505_20260727/per_token_comparison.csv,0.0,1.0,0.0,1.0,0.0,1.0,1.0,False,True,True,False,False,0.0,zero_to_zero,DAC_all_fail
34ed4880444350af,navtest,NAVSIM v1,AMPT,FF-PGRPO,paper_recovery_checkpoint,,,0,,,outputs/navtest_hard_stable_zero658_recogdrive_stage3_vs_pdms914505_20260727/per_token_comparison.csv,1.0,1.0,1.0,1.0,1.0,1.0,1.0,True,False,True,True,False,0.0,zero_to_positive,DAC_all_fail
3502b30911d75ed8,navtest,NAVSIM v1,AMPT,FF-PGRPO,paper_recovery_checkpoint,,,0,,,outputs/navtest_hard_stable_zero658_recogdrive_stage3_vs_pdms914505_20260727/per_token_comparison.csv,0.7931307950311915,1.0,1.0,1.0,0.5035139080748596,1.0,1.0,True,False,True,True,False,0.0,zero_to_positive,DAC_all_fail
35b810aad36b553a,navtest,NAVSIM v1,AMPT,FF-PGRPO,paper_recovery_checkpoint,,,0,,,outputs/navtest_hard_stable_zero658_recogdrive_stage3_vs_pdms914505_20260727/per_token_comparison.csv,1.0,1.0,1.0,1.0,1.0,1.0,1.0,True,False,True,True,False,1.0,positive_to_positive,DAC_all_fail
35f226ec4cac52fc,navtest,NAVSIM v1,AMPT,FF-PGRPO,paper_recovery_checkpoint,,,0,,,outputs/navtest_hard_stable_zero658_recogdrive_stage3_vs_pdms914505_20260727/per_token_comparison.csv,0.0,0.0,1.0,1.0,0.0,0.0,1.0,False,True,True,False,False,0.0,zero_to_zero,NC_all_fail
3651c6423caa5145,navtest,NAVSIM v1,AMPT,FF-PGRPO,paper_recovery_checkpoint,,,0,,,outputs/navtest_hard_stable_zero658_recogdrive_stage3_vs_pdms914505_20260727/per_token_comparison.csv,1.0,1.0,1.0,1.0,1.0,1.0,1.0,True,False,True,True,False,1.0,positive_to_positive,NC_all_fail
36c6d1ea21015e5f,navtest,NAVSIM v1,AMPT,FF-PGRPO,paper_recovery_checkpoint,,,0,,,outputs/navtest_hard_stable_zero658_recogdrive_stage3_vs_pdms914505_20260727/per_token_comparison.csv,0.965143921590866,1.0,1.0,1.0,0.9163454118180788,1.0,1.0,True,False,True,True,False,0.9385228393531224,positive_to_positive,DAC_all_fail
373abe824b3052a0,navtest,NAVSIM v1,AMPT,FF-PGRPO,paper_recovery_checkpoint,,,0,,,outputs/navtest_hard_stable_zero658_recogdrive_stage3_vs_pdms914505_20260727/per_token_comparison.csv,0.0,0.0,1.0,1.0,0.0,0.0,1.0,False,True,True,False,False,0.0,zero_to_zero,NC_all_fail
3761f5d0d74d55eb,navtest,NAVSIM v1,AMPT,FF-PGRPO,paper_recovery_checkpoint,,,0,,,outputs/navtest_hard_stable_zero658_recogdrive_stage3_vs_pdms914505_20260727/per_token_comparison.csv,0.5833333333333334,1.0,1.0,1.0,1.0,0.0,1.0,True,False,True,True,False,0.5833333333333334,positive_to_positive,DAC_all_fail
3770407dcc67520c,navtest,NAVSIM v1,AMPT,FF-PGRPO,paper_recovery_checkpoint,,,0,,,outputs/navtest_hard_stable_zero658_recogdrive_stage3_vs_pdms914505_20260727/per_token_comparison.csv,0.9013650365314992,1.0,1.0,1.0,0.7632760876755983,1.0,1.0,True,False,True,True,False,0.8903185783008931,positive_to_positive,DAC_all_fail
37b96c1d86665204,navtest,NAVSIM v1,AMPT,FF-PGRPO,paper_recovery_checkpoint,,,0,,,outputs/navtest_hard_stable_zero658_recogdrive_stage3_vs_pdms914505_20260727/per_token_comparison.csv,0.0,1.0,0.0,1.0,0.0,1.0,1.0,False,True,True,False,False,0.0,zero_to_zero,DAC_all_fail
37c8a00c76905ffe,navtest,NAVSIM v1,AMPT,FF-PGRPO,paper_recovery_checkpoint,,,0,,,outputs/navtest_hard_stable_zero658_recogdrive_stage3_vs_pdms914505_20260727/per_token_comparison.csv,0.4319137239255564,1.0,1.0,1.0,0.6365929374213355,0.0,1.0,True,False,True,True,False,0.5092509869440606,positive_to_positive,DAC_all_fail
3808a6ba716d5da1,navtest,NAVSIM v1,AMPT,FF-PGRPO,paper_recovery_checkpoint,,,0,,,outputs/navtest_hard_stable_zero658_recogdrive_stage3_vs_pdms914505_20260727/per_token_comparison.csv,0.980206065382252,1.0,1.0,1.0,0.9524945569174048,1.0,1.0,True,False,True,True,False,0.0,zero_to_positive,NC_all_fail
384def2e3f9657f6,navtest,NAVSIM v1,AMPT,FF-PGRPO,paper_recovery_checkpoint,,,0,,,outputs/navtest_hard_stable_zero658_recogdrive_stage3_vs_pdms914505_20260727/per_token_comparison.csv,0.0,0.0,1.0,1.0,0.0,0.0,1.0,False,True,True,False,False,0.0,zero_to_zero,NC_all_fail
389bfba2e25f581b,navtest,NAVSIM v1,AMPT,FF-PGRPO,paper_recovery_checkpoint,,,0,,,outputs/navtest_hard_stable_zero658_recogdrive_stage3_vs_pdms914505_20260727/per_token_comparison.csv,0.9689980745717132,1.0,1.0,1.0,0.9255953789721116,1.0,1.0,True,False,True,True,False,0.9660140571294844,positive_to_positive,NC_all_fail
38b4ff11393c5dec,navtest,NAVSIM v1,AMPT,FF-PGRPO,paper_recovery_checkpoint,,,0,,,outputs/navtest_hard_stable_zero658_recogdrive_stage3_vs_pdms914505_20260727/per_token_comparison.csv,0.0,0.0,1.0,1.0,0.0,0.0,1.0,False,True,True,False,False,0.0,zero_to_zero,NC_all_fail
38d08753fa4651c2,navtest,NAVSIM v1,AMPT,FF-PGRPO,paper_recovery_checkpoint,,,0,,,outputs/navtest_hard_stable_zero658_recogdrive_stage3_vs_pdms914505_20260727/per_token_comparison.csv,1.0,1.0,1.0,1.0,1.0,1.0,1.0,True,False,True,True,False,0.5833333333333334,positive_to_positive,NC_all_fail
38f1e14586bd51e3,navtest,NAVSIM v1,AMPT,FF-PGRPO,paper_recovery_checkpoint,,,0,,,outputs/navtest_hard_stable_zero658_recogdrive_stage3_vs_pdms914505_20260727/per_token_comparison.csv,0.0,1.0,0.0,1.0,0.0,1.0,1.0,False,True,True,False,False,0.0,zero_to_zero,DAC_all_fail
3921f38b62d55f1a,navtest,NAVSIM v1,AMPT,FF-PGRPO,paper_recovery_checkpoint,,,0,,,outputs/navtest_hard_stable_zero658_recogdrive_stage3_vs_pdms914505_20260727/per_token_comparison.csv,0.5828086142495317,1.0,1.0,1.0,0.998740674198876,0.0,1.0,True,False,True,True,False,0.0,zero_to_positive,NC_all_fail
39cbed62434a528b,navtest,NAVSIM v1,AMPT,FF-PGRPO,paper_recovery_checkpoint,,,0,,,outputs/navtest_hard_stable_zero658_recogdrive_stage3_vs_pdms914505_20260727/per_token_comparison.csv,0.0,0.0,1.0,1.0,0.0,0.0,1.0,False,True,True,False,False,0.0,zero_to_zero,NC_all_fail
3ad6a3f7a0f155f8,navtest,NAVSIM v1,AMPT,FF-PGRPO,paper_recovery_checkpoint,,,0,,,outputs/navtest_hard_stable_zero658_recogdrive_stage3_vs_pdms914505_20260727/per_token_comparison.csv,0.9648047119581552,1.0,1.0,1.0,0.9155313086995726,1.0,1.0,True,False,True,True,False,0.9477675862265684,positive_to_positive,DAC_all_fail
3ae3cf56296b5861,navtest,NAVSIM v1,AMPT,FF-PGRPO,paper_recovery_checkpoint,,,0,,,outputs/navtest_hard_stable_zero658_recogdrive_stage3_vs_pdms914505_20260727/per_token_comparison.csv,1.0,1.0,1.0,1.0,1.0,1.0,1.0,True,False,True,True,False,1.0,positive_to_positive,NC_all_fail
3b0cda86b999528c,navtest,NAVSIM v1,AMPT,FF-PGRPO,paper_recovery_checkpoint,,,0,,,outputs/navtest_hard_stable_zero658_recogdrive_stage3_vs_pdms914505_20260727/per_token_comparison.csv,0.8946946935251914,1.0,1.0,1.0,0.7472672644604591,1.0,1.0,True,False,True,True,False,0.8920889582052999,positive_to_positive,DAC_all_fail
3b2f051d7b9553e9,navtest,NAVSIM v1,AMPT,FF-PGRPO,paper_recovery_checkpoint,,,0,,,outputs/navtest_hard_stable_zero658_recogdrive_stage3_vs_pdms914505_20260727/per_token_comparison.csv,0.9324590851303008,1.0,1.0,1.0,0.8379018043127215,1.0,1.0,True,False,True,True,False,1.0,positive_to_positive,NC_all_fail
3b3627c7892d5b5e,navtest,NAVSIM v1,AMPT,FF-PGRPO,paper_recovery_checkpoint,,,0,,,outputs/navtest_hard_stable_zero658_recogdrive_stage3_vs_pdms914505_20260727/per_token_comparison.csv,0.9727525792922488,1.0,1.0,1.0,0.9346061903013966,1.0,1.0,True,False,True,True,False,0.9624540150204736,positive_to_positive,DAC_all_fail
3b8bc6ec37105767,navtest,NAVSIM v1,AMPT,FF-PGRPO,paper_recovery_checkpoint,,,0,,,outputs/navtest_hard_stable_zero658_recogdrive_stage3_vs_pdms914505_20260727/per_token_comparison.csv,0.0,1.0,0.0,1.0,0.0,1.0,1.0,False,True,True,False,False,0.0,zero_to_zero,DAC_all_fail
3c3991ec8d7a5507,navtest,NAVSIM v1,AMPT,FF-PGRPO,paper_recovery_checkpoint,,,0,,,outputs/navtest_hard_stable_zero658_recogdrive_stage3_vs_pdms914505_20260727/per_token_comparison.csv,0.0,1.0,0.0,0.0,0.0,1.0,1.0,False,True,True,False,False,0.0,zero_to_zero,DAC_all_fail
3c542be991515ccd,navtest,NAVSIM v1,AMPT,FF-PGRPO,paper_recovery_checkpoint,,,0,,,outputs/navtest_hard_stable_zero658_recogdrive_stage3_vs_pdms914505_20260727/per_token_comparison.csv,0.0,1.0,0.0,1.0,0.0,1.0,1.0,False,True,True,False,False,0.0,zero_to_zero,DAC_all_fail
3cfa3f1b82885efa,navtest,NAVSIM v1,AMPT,FF-PGRPO,paper_recovery_checkpoint,,,0,,,outputs/navtest_hard_stable_zero658_recogdrive_stage3_vs_pdms914505_20260727/per_token_comparison.csv,1.0,1.0,1.0,1.0,1.0,1.0,1.0,True,False,True,True,False,1.0,positive_to_positive,NC_all_fail
3cfcca572cdc5b75,navtest,NAVSIM v1,AMPT,FF-PGRPO,paper_recovery_checkpoint,,,0,,,outputs/navtest_hard_stable_zero658_recogdrive_stage3_vs_pdms914505_20260727/per_token_comparison.csv,0.0,1.0,0.0,0.0,0.0,1.0,1.0,False,True,True,False,False,0.0,zero_to_zero,DAC_all_fail
3e09a3c33726545c,navtest,NAVSIM v1,AMPT,FF-PGRPO,paper_recovery_checkpoint,,,0,,,outputs/navtest_hard_stable_zero658_recogdrive_stage3_vs_pdms914505_20260727/per_token_comparison.csv,0.0,0.0,1.0,1.0,0.0,0.0,1.0,False,True,True,False,False,0.0,zero_to_zero,NC_all_fail
3e44ba1b6a675c54,navtest,NAVSIM v1,AMPT,FF-PGRPO,paper_recovery_checkpoint,,,0,,,outputs/navtest_hard_stable_zero658_recogdrive_stage3_vs_pdms914505_20260727/per_token_comparison.csv,0.895800221127308,1.0,1.0,1.0,0.749920530705539,1.0,1.0,True,False,True,True,False,0.8955043847970803,positive_to_positive,DAC_all_fail
3e4c9c9e67545b03,navtest,NAVSIM v1,AMPT,FF-PGRPO,paper_recovery_checkpoint,,,0,,,outputs/navtest_hard_stable_zero658_recogdrive_stage3_vs_pdms914505_20260727/per_token_comparison.csv,0.9040731239235312,1.0,1.0,1.0,0.7697754974164753,1.0,1.0,True,False,True,True,False,0.9181711434917808,positive_to_positive,DAC_all_fail
3f31d5d096f957c9,navtest,NAVSIM v1,AMPT,FF-PGRPO,paper_recovery_checkpoint,,,0,,,outputs/navtest_hard_stable_zero658_recogdrive_stage3_vs_pdms914505_20260727/per_token_comparison.csv,0.0,1.0,0.0,1.0,0.0,1.0,1.0,False,True,True,False,False,0.0,zero_to_zero,DAC_all_fail
3f56f99e2cf15355,navtest,NAVSIM v1,AMPT,FF-PGRPO,paper_recovery_checkpoint,,,0,,,outputs/navtest_hard_stable_zero658_recogdrive_stage3_vs_pdms914505_20260727/per_token_comparison.csv,0.919904449708188,1.0,1.0,1.0,0.8077706792996513,1.0,1.0,True,False,True,True,False,0.5683666954942714,positive_to_positive,NC_all_fail
3f80c1a045a056e4,navtest,NAVSIM v1,AMPT,FF-PGRPO,paper_recovery_checkpoint,,,0,,,outputs/navtest_hard_stable_zero658_recogdrive_stage3_vs_pdms914505_20260727/per_token_comparison.csv,0.9767845329317744,1.0,1.0,1.0,0.9442828790362586,1.0,1.0,True,False,True,True,False,0.953433913500232,positive_to_positive,DAC_all_fail
3ffbf8596e7655ec,navtest,NAVSIM v1,AMPT,FF-PGRPO,paper_recovery_checkpoint,,,0,,,outputs/navtest_hard_stable_zero658_recogdrive_stage3_vs_pdms914505_20260727/per_token_comparison.csv,0.9485089345528328,1.0,1.0,1.0,0.8764214429267991,1.0,1.0,True,False,True,True,False,0.9936886895864436,positive_to_positive,NC_all_fail
407b876e623a5c51,navtest,NAVSIM v1,AMPT,FF-PGRPO,paper_recovery_checkpoint,,,0,,,outputs/navtest_hard_stable_zero658_recogdrive_stage3_vs_pdms914505_20260727/per_token_comparison.csv,0.0,0.0,1.0,1.0,0.0,1.0,1.0,False,True,True,False,False,0.8333333333333334,positive_to_zero,NC_all_fail
4161016e65df5b37,navtest,NAVSIM v1,AMPT,FF-PGRPO,paper_recovery_checkpoint,,,0,,,outputs/navtest_hard_stable_zero658_recogdrive_stage3_vs_pdms914505_20260727/per_token_comparison.csv,0.9841102054102092,1.0,1.0,1.0,0.9618644929845018,1.0,1.0,True,False,True,True,False,0.9646906228996216,positive_to_positive,DAC_all_fail
43162b00fe4550b8,navtest,NAVSIM v1,AMPT,FF-PGRPO,paper_recovery_checkpoint,,,0,,,outputs/navtest_hard_stable_zero658_recogdrive_stage3_vs_pdms914505_20260727/per_token_comparison.csv,0.9581064036002678,1.0,1.0,1.0,0.8994553686406428,1.0,1.0,True,False,True,True,False,0.9545156054711172,positive_to_positive,DAC_all_fail
433a4b88d64350dd,navtest,NAVSIM v1,AMPT,FF-PGRPO,paper_recovery_checkpoint,,,0,,,outputs/navtest_hard_stable_zero658_recogdrive_stage3_vs_pdms914505_20260727/per_token_comparison.csv,0.9351117698926296,1.0,1.0,1.0,0.8442682477423115,1.0,1.0,True,False,True,True,False,0.9506718597685108,positive_to_positive,DAC_all_fail
450df2d719cb5c88,navtest,NAVSIM v1,AMPT,FF-PGRPO,paper_recovery_checkpoint,,,0,,,outputs/navtest_hard_stable_zero658_recogdrive_stage3_vs_pdms914505_20260727/per_token_comparison.csv,1.0,1.0,1.0,1.0,1.0,1.0,1.0,True,False,True,True,False,0.0,zero_to_positive,DAC_all_fail
45d6c16000b75270,navtest,NAVSIM v1,AMPT,FF-PGRPO,paper_recovery_checkpoint,,,0,,,outputs/navtest_hard_stable_zero658_recogdrive_stage3_vs_pdms914505_20260727/per_token_comparison.csv,1.0,1.0,1.0,1.0,1.0,1.0,1.0,True,False,True,True,False,1.0,positive_to_positive,DAC_all_fail
46e5a6cf37de5493,navtest,NAVSIM v1,AMPT,FF-PGRPO,paper_recovery_checkpoint,,,0,,,outputs/navtest_hard_stable_zero658_recogdrive_stage3_vs_pdms914505_20260727/per_token_comparison.csv,0.0,0.0,1.0,1.0,0.0,0.0,1.0,False,True,True,False,False,0.0,zero_to_zero,NC_all_fail
47e3bbbd82b2583b,navtest,NAVSIM v1,AMPT,FF-PGRPO,paper_recovery_checkpoint,,,0,,,outputs/navtest_hard_stable_zero658_recogdrive_stage3_vs_pdms914505_20260727/per_token_comparison.csv,0.0,1.0,0.0,1.0,0.0,1.0,1.0,False,True,True,False,False,0.0,zero_to_zero,DAC_all_fail
47f9e40a21f7510a,navtest,NAVSIM v1,AMPT,FF-PGRPO,paper_recovery_checkpoint,,,0,,,outputs/navtest_hard_stable_zero658_recogdrive_stage3_vs_pdms914505_20260727/per_token_comparison.csv,1.0,1.0,1.0,1.0,1.0,1.0,1.0,True,False,True,True,False,0.0,zero_to_positive,DAC_all_fail
480f8beca45f53cd,navtest,NAVSIM v1,AMPT,FF-PGRPO,paper_recovery_checkpoint,,,0,,,outputs/navtest_hard_stable_zero658_recogdrive_stage3_vs_pdms914505_20260727/per_token_comparison.csv,0.0,1.0,0.0,0.5,0.0,1.0,1.0,False,True,True,False,False,0.0,zero_to_zero,DAC_all_fail
495a149c042a5636,navtest,NAVSIM v1,AMPT,FF-PGRPO,paper_recovery_checkpoint,,,0,,,outputs/navtest_hard_stable_zero658_recogdrive_stage3_vs_pdms914505_20260727/per_token_comparison.csv,0.0,0.0,1.0,1.0,0.0,0.0,1.0,False,True,True,False,False,0.0,zero_to_zero,NC_all_fail
49f205ebb9d559c2,navtest,NAVSIM v1,AMPT,FF-PGRPO,paper_recovery_checkpoint,,,0,,,outputs/navtest_hard_stable_zero658_recogdrive_stage3_vs_pdms914505_20260727/per_token_comparison.csv,0.9243981813438994,1.0,1.0,1.0,0.8185556352253585,1.0,1.0,True,False,True,True,False,0.0,zero_to_positive,DAC_all_fail
4a46ef99ddf55b8d,navtest,NAVSIM v1,AMPT,FF-PGRPO,paper_recovery_checkpoint,,,0,,,outputs/navtest_hard_stable_zero658_recogdrive_stage3_vs_pdms914505_20260727/per_token_comparison.csv,1.0,1.0,1.0,1.0,1.0,1.0,1.0,True,False,True,True,False,1.0,positive_to_positive,DAC_all_fail
4a4a11299e125c20,navtest,NAVSIM v1,AMPT,FF-PGRPO,paper_recovery_checkpoint,,,0,,,outputs/navtest_hard_stable_zero658_recogdrive_stage3_vs_pdms914505_20260727/per_token_comparison.csv,0.9185877887287048,1.0,1.0,1.0,0.8046106929488916,1.0,1.0,True,False,True,True,False,0.0,zero_to_positive,DAC_all_fail
4a919f7ea2f65200,navtest,NAVSIM v1,AMPT,FF-PGRPO,paper_recovery_checkpoint,,,0,,,outputs/navtest_hard_stable_zero658_recogdrive_stage3_vs_pdms914505_20260727/per_token_comparison.csv,1.0,1.0,1.0,1.0,1.0,1.0,1.0,True,False,True,True,False,0.0,zero_to_positive,DAC_all_fail
4abb45d9ee1a5c5c,navtest,NAVSIM v1,AMPT,FF-PGRPO,paper_recovery_checkpoint,,,0,,,outputs/navtest_hard_stable_zero658_recogdrive_stage3_vs_pdms914505_20260727/per_token_comparison.csv,0.0,0.0,1.0,0.5,0.0,0.0,1.0,False,True,True,False,False,0.0,zero_to_zero,NC_all_fail
4ae7296f92115e83,navtest,NAVSIM v1,AMPT,FF-PGRPO,paper_recovery_checkpoint,,,0,,,outputs/navtest_hard_stable_zero658_recogdrive_stage3_vs_pdms914505_20260727/per_token_comparison.csv,1.0,1.0,1.0,1.0,1.0,1.0,1.0,True,False,True,True,False,0.9638454882529568,positive_to_positive,DAC_all_fail
4ae996307c6d5733,navtest,NAVSIM v1,AMPT,FF-PGRPO,paper_recovery_checkpoint,,,0,,,outputs/navtest_hard_stable_zero658_recogdrive_stage3_vs_pdms914505_20260727/per_token_comparison.csv,0.8381146869310704,1.0,1.0,1.0,0.6114752486345689,1.0,1.0,True,False,True,True,False,0.8406734866597539,positive_to_positive,DAC_all_fail
4b4a268bee4c5ab5,navtest,NAVSIM v1,AMPT,FF-PGRPO,paper_recovery_checkpoint,,,0,,,outputs/navtest_hard_stable_zero658_recogdrive_stage3_vs_pdms914505_20260727/per_token_comparison.csv,0.0,1.0,0.0,1.0,0.0,1.0,1.0,False,True,True,False,False,1.0,positive_to_zero,DAC_all_fail
4c3547b853675e66,navtest,NAVSIM v1,AMPT,FF-PGRPO,paper_recovery_checkpoint,,,0,,,outputs/navtest_hard_stable_zero658_recogdrive_stage3_vs_pdms914505_20260727/per_token_comparison.csv,0.91948878829582,1.0,1.0,1.0,0.8067730919099685,1.0,1.0,True,False,True,True,False,0.9045451573350188,positive_to_positive,DAC_all_fail
4d31d76919495557,navtest,NAVSIM v1,AMPT,FF-PGRPO,paper_recovery_checkpoint,,,0,,,outputs/navtest_hard_stable_zero658_recogdrive_stage3_vs_pdms914505_20260727/per_token_comparison.csv,0.0,1.0,0.0,1.0,0.0,1.0,1.0,False,True,True,False,False,0.0,zero_to_zero,DAC_all_fail
4de864abe4f255bd,navtest,NAVSIM v1,AMPT,FF-PGRPO,paper_recovery_checkpoint,,,0,,,outputs/navtest_hard_stable_zero658_recogdrive_stage3_vs_pdms914505_20260727/per_token_comparison.csv,0.0,1.0,0.0,1.0,0.0,0.0,1.0,False,True,True,False,False,0.5833333333333334,positive_to_zero,DAC_all_fail
4f08dd3299925309,navtest,NAVSIM v1,AMPT,FF-PGRPO,paper_recovery_checkpoint,,,0,,,outputs/navtest_hard_stable_zero658_recogdrive_stage3_vs_pdms914505_20260727/per_token_comparison.csv,0.9794553282351472,1.0,1.0,1.0,0.9506927877643532,1.0,1.0,True,False,True,True,False,0.9714407362072954,positive_to_positive,DAC_all_fail
4f466c389dce58e4,navtest,NAVSIM v1,AMPT,FF-PGRPO,paper_recovery_checkpoint,,,0,,,outputs/navtest_hard_stable_zero658_recogdrive_stage3_vs_pdms914505_20260727/per_token_comparison.csv,0.9361304611148364,1.0,1.0,1.0,0.8467131066756076,1.0,1.0,True,False,True,True,False,0.0,zero_to_positive,DAC_all_fail
4fbe9cf1d64d58ef,navtest,NAVSIM v1,AMPT,FF-PGRPO,paper_recovery_checkpoint,,,0,,,outputs/navtest_hard_stable_zero658_recogdrive_stage3_vs_pdms914505_20260727/per_token_comparison.csv,0.5833333333333334,1.0,1.0,1.0,1.0,0.0,1.0,True,False,True,True,False,1.0,positive_to_positive,NC_all_fail
505e82147a375933,navtest,NAVSIM v1,AMPT,FF-PGRPO,paper_recovery_checkpoint,,,0,,,outputs/navtest_hard_stable_zero658_recogdrive_stage3_vs_pdms914505_20260727/per_token_comparison.csv,0.9581484440056082,1.0,1.0,1.0,0.8995562656134597,1.0,1.0,True,False,True,True,False,0.5833333333333334,positive_to_positive,NC_all_fail
50eebed7d9655bb5,navtest,NAVSIM v1,AMPT,FF-PGRPO,paper_recovery_checkpoint,,,0,,,outputs/navtest_hard_stable_zero658_recogdrive_stage3_vs_pdms914505_20260727/per_token_comparison.csv,0.0,1.0,0.0,1.0,0.0,1.0,1.0,False,True,True,False,False,1.0,positive_to_zero,DAC_all_fail
514964ba4d115d35,navtest,NAVSIM v1,AMPT,FF-PGRPO,paper_recovery_checkpoint,,,0,,,outputs/navtest_hard_stable_zero658_recogdrive_stage3_vs_pdms914505_20260727/per_token_comparison.csv,0.9214781073725264,1.0,1.0,1.0,0.8115474576940631,1.0,1.0,True,False,True,True,False,0.0,zero_to_positive,DAC_all_fail
515b2946ba2457b5,navtest,NAVSIM v1,AMPT,FF-PGRPO,paper_recovery_checkpoint,,,0,,,outputs/navtest_hard_stable_zero658_recogdrive_stage3_vs_pdms914505_20260727/per_token_comparison.csv,0.0,1.0,0.0,1.0,0.0,1.0,1.0,False,True,True,False,False,0.0,zero_to_zero,DAC_all_fail
51bf8103b6cd5b4c,navtest,NAVSIM v1,AMPT,FF-PGRPO,paper_recovery_checkpoint,,,0,,,outputs/navtest_hard_stable_zero658_recogdrive_stage3_vs_pdms914505_20260727/per_token_comparison.csv,0.9277585179716166,1.0,1.0,1.0,0.82662044313188,1.0,1.0,True,False,True,True,False,0.936183134162368,positive_to_positive,DAC_all_fail
522894525b4e5168,navtest,NAVSIM v1,AMPT,FF-PGRPO,paper_recovery_checkpoint,,,0,,,outputs/navtest_hard_stable_zero658_recogdrive_stage3_vs_pdms914505_20260727/per_token_comparison.csv,0.8741779093959624,1.0,1.0,1.0,0.6980269825503097,1.0,1.0,True,False,True,True,False,0.8874217094661399,positive_to_positive,DAC_all_fail
529d2e20dc615c3b,navtest,NAVSIM v1,AMPT,FF-PGRPO,paper_recovery_checkpoint,,,0,,,outputs/navtest_hard_stable_zero658_recogdrive_stage3_vs_pdms914505_20260727/per_token_comparison.csv,0.5833333333333334,1.0,1.0,1.0,1.0,0.0,1.0,True,False,True,True,False,0.0,zero_to_positive,NC_all_fail
52c6827af61d5b87,navtest,NAVSIM v1,AMPT,FF-PGRPO,paper_recovery_checkpoint,,,0,,,outputs/navtest_hard_stable_zero658_recogdrive_stage3_vs_pdms914505_20260727/per_token_comparison.csv,0.0,0.0,1.0,1.0,0.0,0.0,1.0,False,True,True,False,False,0.0,zero_to_zero,NC_all_fail
52f07f442baa5fe5,navtest,NAVSIM v1,AMPT,FF-PGRPO,paper_recovery_checkpoint,,,0,,,outputs/navtest_hard_stable_zero658_recogdrive_stage3_vs_pdms914505_20260727/per_token_comparison.csv,0.7534545534763808,1.0,1.0,1.0,0.4082909283433139,1.0,1.0,True,False,True,True,False,0.7846716906776307,positive_to_positive,NC_all_fail
535d4220196452ed,navtest,NAVSIM v1,AMPT,FF-PGRPO,paper_recovery_checkpoint,,,0,,,outputs/navtest_hard_stable_zero658_recogdrive_stage3_vs_pdms914505_20260727/per_token_comparison.csv,0.0,1.0,0.0,1.0,0.0,1.0,1.0,False,True,True,False,False,0.0,zero_to_zero,DAC_all_fail
5368a45f74ed5f66,navtest,NAVSIM v1,AMPT,FF-PGRPO,paper_recovery_checkpoint,,,0,,,outputs/navtest_hard_stable_zero658_recogdrive_stage3_vs_pdms914505_20260727/per_token_comparison.csv,1.0,1.0,1.0,1.0,1.0,1.0,1.0,True,False,True,True,False,1.0,positive_to_positive,DAC_all_fail
54292820fab05539,navtest,NAVSIM v1,AMPT,FF-PGRPO,paper_recovery_checkpoint,,,0,,,outputs/navtest_hard_stable_zero658_recogdrive_stage3_vs_pdms914505_20260727/per_token_comparison.csv,0.9011958303922656,1.0,1.0,1.0,0.762869992941437,1.0,1.0,True,False,True,True,False,0.0,zero_to_positive,NC_all_fail
54fbc5743190519c,navtest,NAVSIM v1,AMPT,FF-PGRPO,paper_recovery_checkpoint,,,0,,,outputs/navtest_hard_stable_zero658_recogdrive_stage3_vs_pdms914505_20260727/per_token_comparison.csv,0.5587531947532592,1.0,1.0,1.0,0.9410076674078222,0.0,1.0,True,False,True,True,False,0.0,zero_to_positive,NC_all_fail
5593db2f64115fbf,navtest,NAVSIM v1,AMPT,FF-PGRPO,paper_recovery_checkpoint,,,0,,,outputs/navtest_hard_stable_zero658_recogdrive_stage3_vs_pdms914505_20260727/per_token_comparison.csv,0.5833333333333334,1.0,1.0,1.0,1.0,0.0,1.0,True,False,True,True,False,0.5833333333333334,positive_to_positive,NC_all_fail
566cac9a7c0358ce,navtest,NAVSIM v1,AMPT,FF-PGRPO,paper_recovery_checkpoint,,,0,,,outputs/navtest_hard_stable_zero658_recogdrive_stage3_vs_pdms914505_20260727/per_token_comparison.csv,0.9069882786904846,1.0,1.0,0.5,0.7767718688571631,1.0,1.0,True,False,True,True,False,0.9209976635281452,positive_to_positive,DAC_all_fail
57b605b889505738,navtest,NAVSIM v1,AMPT,FF-PGRPO,paper_recovery_checkpoint,,,0,,,outputs/navtest_hard_stable_zero658_recogdrive_stage3_vs_pdms914505_20260727/per_token_comparison.csv,1.0,1.0,1.0,1.0,1.0,1.0,1.0,True,False,True,True,False,1.0,positive_to_positive,DAC_all_fail
583e9cc4115258e4,navtest,NAVSIM v1,AMPT,FF-PGRPO,paper_recovery_checkpoint,,,0,,,outputs/navtest_hard_stable_zero658_recogdrive_stage3_vs_pdms914505_20260727/per_token_comparison.csv,0.5833333333333334,1.0,1.0,1.0,1.0,0.0,1.0,True,False,True,True,False,0.5833333333333334,positive_to_positive,NC_all_fail
58a10d0c924050cf,navtest,NAVSIM v1,AMPT,FF-PGRPO,paper_recovery_checkpoint,,,0,,,outputs/navtest_hard_stable_zero658_recogdrive_stage3_vs_pdms914505_20260727/per_token_comparison.csv,0.0,0.0,1.0,1.0,0.0,0.0,1.0,False,True,True,False,False,0.0,zero_to_zero,NC_all_fail
58dcca6583f6599e,navtest,NAVSIM v1,AMPT,FF-PGRPO,paper_recovery_checkpoint,,,0,,,outputs/navtest_hard_stable_zero658_recogdrive_stage3_vs_pdms914505_20260727/per_token_comparison.csv,0.9728772194090368,1.0,1.0,1.0,0.9349053265816883,1.0,1.0,True,False,True,True,False,1.0,positive_to_positive,NC_all_fail
594e39f9024a5835,navtest,NAVSIM v1,AMPT,FF-PGRPO,paper_recovery_checkpoint,,,0,,,outputs/navtest_hard_stable_zero658_recogdrive_stage3_vs_pdms914505_20260727/per_token_comparison.csv,0.9614961862117488,1.0,1.0,1.0,0.907590846908197,1.0,1.0,True,False,True,True,False,0.9362799831118664,positive_to_positive,DAC_all_fail
595909c413ac56dd,navtest,NAVSIM v1,AMPT,FF-PGRPO,paper_recovery_checkpoint,,,0,,,outputs/navtest_hard_stable_zero658_recogdrive_stage3_vs_pdms914505_20260727/per_token_comparison.csv,1.0,1.0,1.0,1.0,1.0,1.0,1.0,True,False,True,True,False,1.0,positive_to_positive,DAC_all_fail
59928d37e9245bf3,navtest,NAVSIM v1,AMPT,FF-PGRPO,paper_recovery_checkpoint,,,0,,,outputs/navtest_hard_stable_zero658_recogdrive_stage3_vs_pdms914505_20260727/per_token_comparison.csv,0.0,1.0,0.0,1.0,0.0,1.0,1.0,False,True,True,False,False,1.0,positive_to_zero,DAC_all_fail
59bf40c427da5eb1,navtest,NAVSIM v1,AMPT,FF-PGRPO,paper_recovery_checkpoint,,,0,,,outputs/navtest_hard_stable_zero658_recogdrive_stage3_vs_pdms914505_20260727/per_token_comparison.csv,0.8119402371437657,1.0,1.0,1.0,0.5486565691450376,1.0,1.0,True,False,True,True,False,0.8176587530170193,positive_to_positive,DAC_all_fail
5a3613f60fb454d4,navtest,NAVSIM v1,AMPT,FF-PGRPO,paper_recovery_checkpoint,,,0,,,outputs/navtest_hard_stable_zero658_recogdrive_stage3_vs_pdms914505_20260727/per_token_comparison.csv,0.5637498552715846,1.0,1.0,1.0,0.9529996526518032,0.0,1.0,True,False,True,True,False,0.5511495808072532,positive_to_positive,DAC_all_fail
5a41a7f756c551ce,navtest,NAVSIM v1,AMPT,FF-PGRPO,paper_recovery_checkpoint,,,0,,,outputs/navtest_hard_stable_zero658_recogdrive_stage3_vs_pdms914505_20260727/per_token_comparison.csv,0.986718835042646,1.0,1.0,1.0,0.9681252041023504,1.0,1.0,True,False,True,True,False,0.975493908516472,positive_to_positive,DAC_all_fail
5b61b9072cad5dbc,navtest,NAVSIM v1,AMPT,FF-PGRPO,paper_recovery_checkpoint,,,0,,,outputs/navtest_hard_stable_zero658_recogdrive_stage3_vs_pdms914505_20260727/per_token_comparison.csv,1.0,1.0,1.0,1.0,1.0,1.0,1.0,True,False,True,True,False,1.0,positive_to_positive,DAC_all_fail
5be54baed8b35bd7,navtest,NAVSIM v1,AMPT,FF-PGRPO,paper_recovery_checkpoint,,,0,,,outputs/navtest_hard_stable_zero658_recogdrive_stage3_vs_pdms914505_20260727/per_token_comparison.csv,1.0,1.0,1.0,1.0,1.0,1.0,1.0,True,False,True,True,False,1.0,positive_to_positive,DAC_all_fail
5c084920ee285003,navtest,NAVSIM v1,AMPT,FF-PGRPO,paper_recovery_checkpoint,,,0,,,outputs/navtest_hard_stable_zero658_recogdrive_stage3_vs_pdms914505_20260727/per_token_comparison.csv,0.8934752874941126,1.0,1.0,1.0,0.7443406899858704,1.0,1.0,True,False,True,True,False,0.907225920899734,positive_to_positive,DAC_all_fail
5c4d8dfcb0aa5541,navtest,NAVSIM v1,AMPT,FF-PGRPO,paper_recovery_checkpoint,,,0,,,outputs/navtest_hard_stable_zero658_recogdrive_stage3_vs_pdms914505_20260727/per_token_comparison.csv,0.8189634811817034,1.0,1.0,1.0,0.565512354836088,1.0,1.0,True,False,True,True,False,0.8091212820520747,positive_to_positive,DAC_all_fail
5cdf559f99b859a4,navtest,NAVSIM v1,AMPT,FF-PGRPO,paper_recovery_checkpoint,,,0,,,outputs/navtest_hard_stable_zero658_recogdrive_stage3_vs_pdms914505_20260727/per_token_comparison.csv,0.0,0.0,1.0,1.0,0.0,0.0,1.0,False,True,True,False,False,0.0,zero_to_zero,NC_all_fail
5d12ad55fdd858e1,navtest,NAVSIM v1,AMPT,FF-PGRPO,paper_recovery_checkpoint,,,0,,,outputs/navtest_hard_stable_zero658_recogdrive_stage3_vs_pdms914505_20260727/per_token_comparison.csv,0.9335417364915658,1.0,1.0,1.0,0.8405001675797577,1.0,1.0,True,False,True,True,False,0.9355277292619836,positive_to_positive,DAC_all_fail
5d2ee89308f958be,navtest,NAVSIM v1,AMPT,FF-PGRPO,paper_recovery_checkpoint,,,0,,,outputs/navtest_hard_stable_zero658_recogdrive_stage3_vs_pdms914505_20260727/per_token_comparison.csv,0.9104128476975998,1.0,1.0,1.0,0.7849908344742393,1.0,1.0,True,False,True,True,False,0.8930953226024677,positive_to_positive,DAC_all_fail
5d7c7edca69d5e73,navtest,NAVSIM v1,AMPT,FF-PGRPO,paper_recovery_checkpoint,,,0,,,outputs/navtest_hard_stable_zero658_recogdrive_stage3_vs_pdms914505_20260727/per_token_comparison.csv,0.0,0.0,1.0,0.0,0.0,0.0,1.0,False,True,True,False,False,0.0,zero_to_zero,NC_all_fail
5d7e99b7eea65475,navtest,NAVSIM v1,AMPT,FF-PGRPO,paper_recovery_checkpoint,,,0,,,outputs/navtest_hard_stable_zero658_recogdrive_stage3_vs_pdms914505_20260727/per_token_comparison.csv,0.9599887420764563,1.0,1.0,1.0,0.903972980983495,1.0,1.0,True,False,True,True,False,0.974418888105692,positive_to_positive,DAC_all_fail
5d87c059eba15807,navtest,NAVSIM v1,AMPT,FF-PGRPO,paper_recovery_checkpoint,,,0,,,outputs/navtest_hard_stable_zero658_recogdrive_stage3_vs_pdms914505_20260727/per_token_comparison.csv,1.0,1.0,1.0,1.0,1.0,1.0,1.0,True,False,True,True,False,0.9702343320146148,positive_to_positive,DAC_all_fail
5dae1d43c2e55113,navtest,NAVSIM v1,AMPT,FF-PGRPO,paper_recovery_checkpoint,,,0,,,outputs/navtest_hard_stable_zero658_recogdrive_stage3_vs_pdms914505_20260727/per_token_comparison.csv,0.9820603962138412,1.0,1.0,1.0,0.9569449509132192,1.0,1.0,True,False,True,True,False,0.970374776383052,positive_to_positive,DAC_all_fail
5e279bb4bb105df9,navtest,NAVSIM v1,AMPT,FF-PGRPO,paper_recovery_checkpoint,,,0,,,outputs/navtest_hard_stable_zero658_recogdrive_stage3_vs_pdms914505_20260727/per_token_comparison.csv,0.9326904400091292,1.0,1.0,1.0,0.8384570560219099,1.0,1.0,True,False,True,True,False,0.942291729037676,positive_to_positive,DAC_all_fail
5e74b6a61b715f47,navtest,NAVSIM v1,AMPT,FF-PGRPO,paper_recovery_checkpoint,,,0,,,outputs/navtest_hard_stable_zero658_recogdrive_stage3_vs_pdms914505_20260727/per_token_comparison.csv,0.0,0.0,1.0,1.0,0.0,0.0,1.0,False,True,True,False,False,0.0,zero_to_zero,NC_all_fail
5f859ab2a2205477,navtest,NAVSIM v1,AMPT,FF-PGRPO,paper_recovery_checkpoint,,,0,,,outputs/navtest_hard_stable_zero658_recogdrive_stage3_vs_pdms914505_20260727/per_token_comparison.csv,0.8322354536364744,1.0,1.0,1.0,0.5973650887275386,1.0,1.0,True,False,True,True,False,0.8317142021152425,positive_to_positive,DAC_all_fail
60021a9f6c585c16,navtest,NAVSIM v1,AMPT,FF-PGRPO,paper_recovery_checkpoint,,,0,,,outputs/navtest_hard_stable_zero658_recogdrive_stage3_vs_pdms914505_20260727/per_token_comparison.csv,1.0,1.0,1.0,1.0,1.0,1.0,1.0,True,False,True,True,False,1.0,positive_to_positive,DAC_all_fail
6074e965781b510e,navtest,NAVSIM v1,AMPT,FF-PGRPO,paper_recovery_checkpoint,,,0,,,outputs/navtest_hard_stable_zero658_recogdrive_stage3_vs_pdms914505_20260727/per_token_comparison.csv,1.0,1.0,1.0,1.0,1.0,1.0,1.0,True,False,True,True,False,1.0,positive_to_positive,DAC_all_fail
607b63930d2855da,navtest,NAVSIM v1,AMPT,FF-PGRPO,paper_recovery_checkpoint,,,0,,,outputs/navtest_hard_stable_zero658_recogdrive_stage3_vs_pdms914505_20260727/per_token_comparison.csv,0.0,1.0,0.0,0.0,0.0,0.0,1.0,False,True,True,False,False,0.0,zero_to_zero,DAC_all_fail
607fd9c5903d5376,navtest,NAVSIM v1,AMPT,FF-PGRPO,paper_recovery_checkpoint,,,0,,,outputs/navtest_hard_stable_zero658_recogdrive_stage3_vs_pdms914505_20260727/per_token_comparison.csv,1.0,1.0,1.0,1.0,1.0,1.0,1.0,True,False,True,True,False,1.0,positive_to_positive,DAC_all_fail
60a62673dd78534c,navtest,NAVSIM v1,AMPT,FF-PGRPO,paper_recovery_checkpoint,,,0,,,outputs/navtest_hard_stable_zero658_recogdrive_stage3_vs_pdms914505_20260727/per_token_comparison.csv,0.9226786019371248,1.0,1.0,1.0,0.8144286446490994,1.0,1.0,True,False,True,True,False,0.9067300068988722,positive_to_positive,DAC_all_fail
60af77348f6257b6,navtest,NAVSIM v1,AMPT,FF-PGRPO,paper_recovery_checkpoint,,,0,,,outputs/navtest_hard_stable_zero658_recogdrive_stage3_vs_pdms914505_20260727/per_token_comparison.csv,0.7822924842812674,1.0,1.0,1.0,0.4775019622750416,1.0,1.0,True,False,True,True,False,0.8045777496066119,positive_to_positive,DAC_all_fail
60e98c18f487568c,navtest,NAVSIM v1,AMPT,FF-PGRPO,paper_recovery_checkpoint,,,0,,,outputs/navtest_hard_stable_zero658_recogdrive_stage3_vs_pdms914505_20260727/per_token_comparison.csv,0.0,1.0,0.0,1.0,0.0,1.0,1.0,False,True,True,False,False,0.0,zero_to_zero,DAC_all_fail
60f8e416f5f457b3,navtest,NAVSIM v1,AMPT,FF-PGRPO,paper_recovery_checkpoint,,,0,,,outputs/navtest_hard_stable_zero658_recogdrive_stage3_vs_pdms914505_20260727/per_token_comparison.csv,0.9396811540946404,1.0,1.0,1.0,0.8552347698271368,1.0,1.0,True,False,True,True,False,0.924549238197303,positive_to_positive,DAC_all_fail
60fe616f485b5589,navtest,NAVSIM v1,AMPT,FF-PGRPO,paper_recovery_checkpoint,,,0,,,outputs/navtest_hard_stable_zero658_recogdrive_stage3_vs_pdms914505_20260727/per_token_comparison.csv,0.9544416800936316,1.0,1.0,1.0,0.8906600322247157,1.0,1.0,True,False,True,True,False,0.9547062543088426,positive_to_positive,NC_and_DAC_all_fail
613c9ac33f6951ca,navtest,NAVSIM v1,AMPT,FF-PGRPO,paper_recovery_checkpoint,,,0,,,outputs/navtest_hard_stable_zero658_recogdrive_stage3_vs_pdms914505_20260727/per_token_comparison.csv,0.9221700634821408,1.0,1.0,1.0,0.8132081523571375,1.0,1.0,True,False,True,True,False,0.9415789940947108,positive_to_positive,DAC_all_fail
61984566807c5b11,navtest,NAVSIM v1,AMPT,FF-PGRPO,paper_recovery_checkpoint,,,0,,,outputs/navtest_hard_stable_zero658_recogdrive_stage3_vs_pdms914505_20260727/per_token_comparison.csv,0.0,0.0,1.0,1.0,0.0,0.0,1.0,False,True,True,False,False,0.0,zero_to_zero,NC_all_fail
61a236d173ef5055,navtest,NAVSIM v1,AMPT,FF-PGRPO,paper_recovery_checkpoint,,,0,,,outputs/navtest_hard_stable_zero658_recogdrive_stage3_vs_pdms914505_20260727/per_token_comparison.csv,0.0,0.0,1.0,1.0,0.0,0.0,1.0,False,True,True,False,False,0.0,zero_to_zero,NC_all_fail
61b15ca533845a97,navtest,NAVSIM v1,AMPT,FF-PGRPO,paper_recovery_checkpoint,,,0,,,outputs/navtest_hard_stable_zero658_recogdrive_stage3_vs_pdms914505_20260727/per_token_comparison.csv,1.0,1.0,1.0,1.0,1.0,1.0,1.0,True,False,True,True,False,0.985160647840439,positive_to_positive,DAC_all_fail
61d8eb4fd2395520,navtest,NAVSIM v1,AMPT,FF-PGRPO,paper_recovery_checkpoint,,,0,,,outputs/navtest_hard_stable_zero658_recogdrive_stage3_vs_pdms914505_20260727/per_token_comparison.csv,0.8926298525450068,1.0,1.0,1.0,0.7423116461080163,1.0,1.0,True,False,True,True,False,0.8864775510192008,positive_to_positive,DAC_all_fail
624602ce65455c07,navtest,NAVSIM v1,AMPT,FF-PGRPO,paper_recovery_checkpoint,,,0,,,outputs/navtest_hard_stable_zero658_recogdrive_stage3_vs_pdms914505_20260727/per_token_comparison.csv,0.5833333333333334,1.0,1.0,1.0,1.0,0.0,1.0,True,False,True,True,False,0.0,zero_to_positive,NC_all_fail
62b0d1b0d5b35c44,navtest,NAVSIM v1,AMPT,FF-PGRPO,paper_recovery_checkpoint,,,0,,,outputs/navtest_hard_stable_zero658_recogdrive_stage3_vs_pdms914505_20260727/per_token_comparison.csv,0.0,0.0,0.0,1.0,0.0,0.0,1.0,False,True,True,False,False,0.0,zero_to_zero,NC_and_DAC_all_fail
635495c0e2295c4d,navtest,NAVSIM v1,AMPT,FF-PGRPO,paper_recovery_checkpoint,,,0,,,outputs/navtest_hard_stable_zero658_recogdrive_stage3_vs_pdms914505_20260727/per_token_comparison.csv,0.0,0.0,1.0,1.0,0.0,0.0,1.0,False,True,True,False,False,0.0,zero_to_zero,NC_all_fail
63d6fbc938bc58cb,navtest,NAVSIM v1,AMPT,FF-PGRPO,paper_recovery_checkpoint,,,0,,,outputs/navtest_hard_stable_zero658_recogdrive_stage3_vs_pdms914505_20260727/per_token_comparison.csv,0.0,1.0,0.0,1.0,0.0,1.0,1.0,False,True,True,False,False,0.0,zero_to_zero,DAC_all_fail
63ec67c4a58a5e5b,navtest,NAVSIM v1,AMPT,FF-PGRPO,paper_recovery_checkpoint,,,0,,,outputs/navtest_hard_stable_zero658_recogdrive_stage3_vs_pdms914505_20260727/per_token_comparison.csv,0.0,1.0,0.0,1.0,0.0,1.0,1.0,False,True,True,False,False,0.0,zero_to_zero,DAC_all_fail
63fd66d1098f5c53,navtest,NAVSIM v1,AMPT,FF-PGRPO,paper_recovery_checkpoint,,,0,,,outputs/navtest_hard_stable_zero658_recogdrive_stage3_vs_pdms914505_20260727/per_token_comparison.csv,0.7601939795929967,1.0,1.0,1.0,0.4244655510231924,1.0,1.0,True,False,True,True,False,0.0,zero_to_positive,DAC_all_fail
643b177aa4235fe7,navtest,NAVSIM v1,AMPT,FF-PGRPO,paper_recovery_checkpoint,,,0,,,outputs/navtest_hard_stable_zero658_recogdrive_stage3_vs_pdms914505_20260727/per_token_comparison.csv,1.0,1.0,1.0,1.0,1.0,1.0,1.0,True,False,True,True,False,1.0,positive_to_positive,DAC_all_fail
648b875dc34259c2,navtest,NAVSIM v1,AMPT,FF-PGRPO,paper_recovery_checkpoint,,,0,,,outputs/navtest_hard_stable_zero658_recogdrive_stage3_vs_pdms914505_20260727/per_token_comparison.csv,0.0,1.0,0.0,1.0,0.0,1.0,1.0,False,True,True,False,False,0.0,zero_to_zero,DAC_all_fail
65676c8917335c2c,navtest,NAVSIM v1,AMPT,FF-PGRPO,paper_recovery_checkpoint,,,0,,,outputs/navtest_hard_stable_zero658_recogdrive_stage3_vs_pdms914505_20260727/per_token_comparison.csv,1.0,1.0,1.0,1.0,1.0,1.0,1.0,True,False,True,True,False,0.0,zero_to_positive,DAC_all_fail
65a5be18fdb7508d,navtest,NAVSIM v1,AMPT,FF-PGRPO,paper_recovery_checkpoint,,,0,,,outputs/navtest_hard_stable_zero658_recogdrive_stage3_vs_pdms914505_20260727/per_token_comparison.csv,0.8293396760466017,1.0,1.0,1.0,0.5904152225118441,1.0,1.0,True,False,True,True,False,0.0,zero_to_positive,DAC_all_fail
664106f910475a53,navtest,NAVSIM v1,AMPT,FF-PGRPO,paper_recovery_checkpoint,,,0,,,outputs/navtest_hard_stable_zero658_recogdrive_stage3_vs_pdms914505_20260727/per_token_comparison.csv,0.9145255554778188,1.0,1.0,1.0,0.7948613331467652,1.0,1.0,True,False,True,True,False,0.9436192133668864,positive_to_positive,DAC_all_fail
667afe1f010351c5,navtest,NAVSIM v1,AMPT,FF-PGRPO,paper_recovery_checkpoint,,,0,,,outputs/navtest_hard_stable_zero658_recogdrive_stage3_vs_pdms914505_20260727/per_token_comparison.csv,0.0,0.0,1.0,1.0,0.0,0.0,1.0,False,True,True,False,False,0.0,zero_to_zero,NC_all_fail
6704953640e55b83,navtest,NAVSIM v1,AMPT,FF-PGRPO,paper_recovery_checkpoint,,,0,,,outputs/navtest_hard_stable_zero658_recogdrive_stage3_vs_pdms914505_20260727/per_token_comparison.csv,1.0,1.0,1.0,1.0,1.0,1.0,1.0,True,False,True,True,False,0.0,zero_to_positive,DAC_all_fail
6743ebcc6f5259b8,navtest,NAVSIM v1,AMPT,FF-PGRPO,paper_recovery_checkpoint,,,0,,,outputs/navtest_hard_stable_zero658_recogdrive_stage3_vs_pdms914505_20260727/per_token_comparison.csv,0.8933477553208323,1.0,1.0,0.0,0.7440346127699975,1.0,1.0,True,False,True,True,False,0.8914310339091948,positive_to_positive,DAC_all_fail
67abcf0964415891,navtest,NAVSIM v1,AMPT,FF-PGRPO,paper_recovery_checkpoint,,,0,,,outputs/navtest_hard_stable_zero658_recogdrive_stage3_vs_pdms914505_20260727/per_token_comparison.csv,1.0,1.0,1.0,1.0,1.0,1.0,1.0,True,False,True,True,False,0.0,zero_to_positive,NC_all_fail
67b05cf704325e6b,navtest,NAVSIM v1,AMPT,FF-PGRPO,paper_recovery_checkpoint,,,0,,,outputs/navtest_hard_stable_zero658_recogdrive_stage3_vs_pdms914505_20260727/per_token_comparison.csv,0.930200074372376,1.0,1.0,1.0,0.8324801784937021,1.0,1.0,True,False,True,True,False,0.9327695611804404,positive_to_positive,DAC_all_fail
6801df96fcdd5bd9,navtest,NAVSIM v1,AMPT,FF-PGRPO,paper_recovery_checkpoint,,,0,,,outputs/navtest_hard_stable_zero658_recogdrive_stage3_vs_pdms914505_20260727/per_token_comparison.csv,0.9876251789428188,1.0,1.0,1.0,0.9703004294627656,1.0,1.0,True,False,True,True,False,0.9741249347300012,positive_to_positive,DAC_all_fail
681dc1d77f125936,navtest,NAVSIM v1,AMPT,FF-PGRPO,paper_recovery_checkpoint,,,0,,,outputs/navtest_hard_stable_zero658_recogdrive_stage3_vs_pdms914505_20260727/per_token_comparison.csv,0.0,1.0,0.0,1.0,0.0,1.0,1.0,False,True,True,False,False,0.0,zero_to_zero,DAC_all_fail
68b83d28894e5bc1,navtest,NAVSIM v1,AMPT,FF-PGRPO,paper_recovery_checkpoint,,,0,,,outputs/navtest_hard_stable_zero658_recogdrive_stage3_vs_pdms914505_20260727/per_token_comparison.csv,0.5284223806526395,1.0,1.0,1.0,0.8682137135663347,0.0,1.0,True,False,True,True,False,0.0,zero_to_positive,NC_all_fail
6919975cab1c5345,navtest,NAVSIM v1,AMPT,FF-PGRPO,paper_recovery_checkpoint,,,0,,,outputs/navtest_hard_stable_zero658_recogdrive_stage3_vs_pdms914505_20260727/per_token_comparison.csv,0.0,1.0,0.0,0.5,0.0,0.0,1.0,False,True,True,False,False,0.0,zero_to_zero,NC_and_DAC_all_fail
692bea45f3de5fd0,navtest,NAVSIM v1,AMPT,FF-PGRPO,paper_recovery_checkpoint,,,0,,,outputs/navtest_hard_stable_zero658_recogdrive_stage3_vs_pdms914505_20260727/per_token_comparison.csv,0.5024940350396315,1.0,1.0,1.0,0.8059856840951156,0.0,1.0,True,False,True,True,False,0.5132896387605975,positive_to_positive,DAC_all_fail
697882c22eb65ca7,navtest,NAVSIM v1,AMPT,FF-PGRPO,paper_recovery_checkpoint,,,0,,,outputs/navtest_hard_stable_zero658_recogdrive_stage3_vs_pdms914505_20260727/per_token_comparison.csv,0.9319254011658616,1.0,1.0,1.0,0.8366209627980677,1.0,1.0,True,False,True,True,False,0.5252440194651946,positive_to_positive,DAC_all_fail
697c73f258ef5745,navtest,NAVSIM v1,AMPT,FF-PGRPO,paper_recovery_checkpoint,,,0,,,outputs/navtest_hard_stable_zero658_recogdrive_stage3_vs_pdms914505_20260727/per_token_comparison.csv,0.9131790177362968,1.0,1.0,1.0,0.7916296425671124,1.0,1.0,True,False,True,True,False,0.9207601538941168,positive_to_positive,DAC_all_fail
6ae2bcc5c2c050e4,navtest,NAVSIM v1,AMPT,FF-PGRPO,paper_recovery_checkpoint,,,0,,,outputs/navtest_hard_stable_zero658_recogdrive_stage3_vs_pdms914505_20260727/per_token_comparison.csv,1.0,1.0,1.0,1.0,1.0,1.0,1.0,True,False,True,True,False,1.0,positive_to_positive,NC_all_fail
6b19d4325f075ad0,navtest,NAVSIM v1,AMPT,FF-PGRPO,paper_recovery_checkpoint,,,0,,,outputs/navtest_hard_stable_zero658_recogdrive_stage3_vs_pdms914505_20260727/per_token_comparison.csv,0.0,1.0,0.0,1.0,0.0,1.0,1.0,False,True,True,False,False,0.0,zero_to_zero,DAC_all_fail
6b8daf3b57175e70,navtest,NAVSIM v1,AMPT,FF-PGRPO,paper_recovery_checkpoint,,,0,,,outputs/navtest_hard_stable_zero658_recogdrive_stage3_vs_pdms914505_20260727/per_token_comparison.csv,1.0,1.0,1.0,1.0,1.0,1.0,1.0,True,False,True,True,False,1.0,positive_to_positive,DAC_all_fail
6c84787939055fe8,navtest,NAVSIM v1,AMPT,FF-PGRPO,paper_recovery_checkpoint,,,0,,,outputs/navtest_hard_stable_zero658_recogdrive_stage3_vs_pdms914505_20260727/per_token_comparison.csv,0.0,1.0,0.0,1.0,0.0,1.0,1.0,False,True,True,False,False,0.9996709812053128,positive_to_zero,DAC_all_fail
6d4f69f0aabc5c4e,navtest,NAVSIM v1,AMPT,FF-PGRPO,paper_recovery_checkpoint,,,0,,,outputs/navtest_hard_stable_zero658_recogdrive_stage3_vs_pdms914505_20260727/per_token_comparison.csv,0.9033938667099,1.0,1.0,1.0,0.7681452801037599,1.0,1.0,True,False,True,True,False,0.8865111623281279,positive_to_positive,DAC_all_fail
6dfba05513f05909,navtest,NAVSIM v1,AMPT,FF-PGRPO,paper_recovery_checkpoint,,,0,,,outputs/navtest_hard_stable_zero658_recogdrive_stage3_vs_pdms914505_20260727/per_token_comparison.csv,0.8026026053769932,1.0,1.0,1.0,0.526246252904784,1.0,1.0,True,False,True,True,False,0.8184928203395073,positive_to_positive,DAC_all_fail
6e5a14ce293c5ae8,navtest,NAVSIM v1,AMPT,FF-PGRPO,paper_recovery_checkpoint,,,0,,,outputs/navtest_hard_stable_zero658_recogdrive_stage3_vs_pdms914505_20260727/per_token_comparison.csv,1.0,1.0,1.0,1.0,1.0,1.0,1.0,True,False,True,True,False,1.0,positive_to_positive,DAC_all_fail
6ed328b05b54553e,navtest,NAVSIM v1,AMPT,FF-PGRPO,paper_recovery_checkpoint,,,0,,,outputs/navtest_hard_stable_zero658_recogdrive_stage3_vs_pdms914505_20260727/per_token_comparison.csv,0.9614446230043754,1.0,1.0,1.0,0.9074670952105012,1.0,1.0,True,False,True,True,False,0.9505634386196088,positive_to_positive,DAC_all_fail
700237dffc2d5be7,navtest,NAVSIM v1,AMPT,FF-PGRPO,paper_recovery_checkpoint,,,0,,,outputs/navtest_hard_stable_zero658_recogdrive_stage3_vs_pdms914505_20260727/per_token_comparison.csv,0.0,1.0,0.0,1.0,0.0,1.0,1.0,False,True,True,False,False,0.0,zero_to_zero,DAC_all_fail
70322003ab525a2e,navtest,NAVSIM v1,AMPT,FF-PGRPO,paper_recovery_checkpoint,,,0,,,outputs/navtest_hard_stable_zero658_recogdrive_stage3_vs_pdms914505_20260727/per_token_comparison.csv,0.0,1.0,0.0,1.0,0.0,1.0,1.0,False,True,True,False,False,0.0,zero_to_zero,DAC_all_fail
706cc8e44dbd557d,navtest,NAVSIM v1,AMPT,FF-PGRPO,paper_recovery_checkpoint,,,0,,,outputs/navtest_hard_stable_zero658_recogdrive_stage3_vs_pdms914505_20260727/per_token_comparison.csv,0.0,1.0,0.0,0.0,0.0,1.0,1.0,False,True,True,False,False,0.0,zero_to_zero,DAC_all_fail
70bf5f0d100d580f,navtest,NAVSIM v1,AMPT,FF-PGRPO,paper_recovery_checkpoint,,,0,,,outputs/navtest_hard_stable_zero658_recogdrive_stage3_vs_pdms914505_20260727/per_token_comparison.csv,1.0,1.0,1.0,1.0,1.0,1.0,1.0,True,False,True,True,False,1.0,positive_to_positive,NC_all_fail
718c914ede2f5229,navtest,NAVSIM v1,AMPT,FF-PGRPO,paper_recovery_checkpoint,,,0,,,outputs/navtest_hard_stable_zero658_recogdrive_stage3_vs_pdms914505_20260727/per_token_comparison.csv,0.9566859822739048,1.0,1.0,1.0,0.8960463574573713,1.0,1.0,True,False,True,True,False,0.9311732703820286,positive_to_positive,DAC_all_fail
71ae69a9499e559c,navtest,NAVSIM v1,AMPT,FF-PGRPO,paper_recovery_checkpoint,,,0,,,outputs/navtest_hard_stable_zero658_recogdrive_stage3_vs_pdms914505_20260727/per_token_comparison.csv,0.8999835463448056,1.0,1.0,1.0,0.7599605112275335,1.0,1.0,True,False,True,True,False,0.9037346953439336,positive_to_positive,DAC_all_fail
72be63ed04f15f97,navtest,NAVSIM v1,AMPT,FF-PGRPO,paper_recovery_checkpoint,,,0,,,outputs/navtest_hard_stable_zero658_recogdrive_stage3_vs_pdms914505_20260727/per_token_comparison.csv,1.0,1.0,1.0,1.0,1.0,1.0,1.0,True,False,True,True,False,0.0,zero_to_positive,DAC_all_fail
73872fdc28995ad6,navtest,NAVSIM v1,AMPT,FF-PGRPO,paper_recovery_checkpoint,,,0,,,outputs/navtest_hard_stable_zero658_recogdrive_stage3_vs_pdms914505_20260727/per_token_comparison.csv,0.0,1.0,0.0,1.0,0.0,1.0,1.0,False,True,True,False,False,0.0,zero_to_zero,DAC_all_fail
73eda22129255831,navtest,NAVSIM v1,AMPT,FF-PGRPO,paper_recovery_checkpoint,,,0,,,outputs/navtest_hard_stable_zero658_recogdrive_stage3_vs_pdms914505_20260727/per_token_comparison.csv,0.9781525489427662,1.0,1.0,1.0,0.947566117462639,1.0,1.0,True,False,True,True,False,0.0,zero_to_positive,DAC_all_fail
741d60ca8b7b5cb4,navtest,NAVSIM v1,AMPT,FF-PGRPO,paper_recovery_checkpoint,,,0,,,outputs/navtest_hard_stable_zero658_recogdrive_stage3_vs_pdms914505_20260727/per_token_comparison.csv,0.3930392908195068,1.0,1.0,1.0,0.5432942979668164,0.0,1.0,True,False,True,True,False,0.4028149169900119,positive_to_positive,NC_all_fail
742456f4f1c65425,navtest,NAVSIM v1,AMPT,FF-PGRPO,paper_recovery_checkpoint,,,0,,,outputs/navtest_hard_stable_zero658_recogdrive_stage3_vs_pdms914505_20260727/per_token_comparison.csv,1.0,1.0,1.0,1.0,1.0,1.0,1.0,True,False,True,True,False,0.0,zero_to_positive,NC_and_DAC_all_fail
755461a5329554de,navtest,NAVSIM v1,AMPT,FF-PGRPO,paper_recovery_checkpoint,,,0,,,outputs/navtest_hard_stable_zero658_recogdrive_stage3_vs_pdms914505_20260727/per_token_comparison.csv,0.0,1.0,0.0,0.5,0.0,1.0,1.0,False,True,True,False,False,0.0,zero_to_zero,DAC_all_fail
75b6813b1f4556ce,navtest,NAVSIM v1,AMPT,FF-PGRPO,paper_recovery_checkpoint,,,0,,,outputs/navtest_hard_stable_zero658_recogdrive_stage3_vs_pdms914505_20260727/per_token_comparison.csv,1.0,1.0,1.0,1.0,1.0,1.0,1.0,True,False,True,True,False,1.0,positive_to_positive,DAC_all_fail
764bbbaf51f85bd8,navtest,NAVSIM v1,AMPT,FF-PGRPO,paper_recovery_checkpoint,,,0,,,outputs/navtest_hard_stable_zero658_recogdrive_stage3_vs_pdms914505_20260727/per_token_comparison.csv,0.0,1.0,0.0,0.0,0.0,1.0,1.0,False,True,True,False,False,0.0,zero_to_zero,DAC_all_fail
7686d88b5ae4513e,navtest,NAVSIM v1,AMPT,FF-PGRPO,paper_recovery_checkpoint,,,0,,,outputs/navtest_hard_stable_zero658_recogdrive_stage3_vs_pdms914505_20260727/per_token_comparison.csv,0.0,0.0,1.0,1.0,0.0,0.0,1.0,False,True,True,False,False,0.0,zero_to_zero,NC_all_fail
76a0c83f0b6453a0,navtest,NAVSIM v1,AMPT,FF-PGRPO,paper_recovery_checkpoint,,,0,,,outputs/navtest_hard_stable_zero658_recogdrive_stage3_vs_pdms914505_20260727/per_token_comparison.csv,1.0,1.0,1.0,1.0,1.0,1.0,1.0,True,False,True,True,False,1.0,positive_to_positive,NC_all_fail
76d3db995c9e5946,navtest,NAVSIM v1,AMPT,FF-PGRPO,paper_recovery_checkpoint,,,0,,,outputs/navtest_hard_stable_zero658_recogdrive_stage3_vs_pdms914505_20260727/per_token_comparison.csv,0.9269606878497836,1.0,1.0,1.0,0.8247056508394802,1.0,1.0,True,False,True,True,False,0.9086073289209284,positive_to_positive,DAC_all_fail
77412f2abf325814,navtest,NAVSIM v1,AMPT,FF-PGRPO,paper_recovery_checkpoint,,,0,,,outputs/navtest_hard_stable_zero658_recogdrive_stage3_vs_pdms914505_20260727/per_token_comparison.csv,0.8848289681862164,1.0,1.0,1.0,0.7235895236469194,1.0,1.0,True,False,True,True,False,0.8790221838924905,positive_to_positive,DAC_all_fail
7777f9476f1e5bb0,navtest,NAVSIM v1,AMPT,FF-PGRPO,paper_recovery_checkpoint,,,0,,,outputs/navtest_hard_stable_zero658_recogdrive_stage3_vs_pdms914505_20260727/per_token_comparison.csv,0.9023548633348514,1.0,1.0,1.0,0.7656516720036431,1.0,1.0,True,False,True,True,False,0.9052811573285756,positive_to_positive,DAC_all_fail
77ee60147e0e55b7,navtest,NAVSIM v1,AMPT,FF-PGRPO,paper_recovery_checkpoint,,,0,,,outputs/navtest_hard_stable_zero658_recogdrive_stage3_vs_pdms914505_20260727/per_token_comparison.csv,0.5182031008152702,1.0,1.0,1.0,0.8436874419566484,0.0,1.0,True,False,True,True,False,0.9563721080741368,positive_to_positive,DAC_all_fail
78beb0eba954535e,navtest,NAVSIM v1,AMPT,FF-PGRPO,paper_recovery_checkpoint,,,0,,,outputs/navtest_hard_stable_zero658_recogdrive_stage3_vs_pdms914505_20260727/per_token_comparison.csv,1.0,1.0,1.0,1.0,1.0,1.0,1.0,True,False,True,True,False,0.0,zero_to_positive,NC_all_fail
78c26c7e63c3534c,navtest,NAVSIM v1,AMPT,FF-PGRPO,paper_recovery_checkpoint,,,0,,,outputs/navtest_hard_stable_zero658_recogdrive_stage3_vs_pdms914505_20260727/per_token_comparison.csv,0.7837861925037016,1.0,1.0,1.0,0.4810868620088839,1.0,1.0,True,False,True,True,False,0.8053958831362255,positive_to_positive,DAC_all_fail
7900d1167dfe5c24,navtest,NAVSIM v1,AMPT,FF-PGRPO,paper_recovery_checkpoint,,,0,,,outputs/navtest_hard_stable_zero658_recogdrive_stage3_vs_pdms914505_20260727/per_token_comparison.csv,1.0,1.0,1.0,1.0,1.0,1.0,1.0,True,False,True,True,False,1.0,positive_to_positive,DAC_all_fail
7956c9ed4b855859,navtest,NAVSIM v1,AMPT,FF-PGRPO,paper_recovery_checkpoint,,,0,,,outputs/navtest_hard_stable_zero658_recogdrive_stage3_vs_pdms914505_20260727/per_token_comparison.csv,0.0,1.0,0.0,1.0,0.0,1.0,1.0,False,True,True,False,False,0.0,zero_to_zero,DAC_all_fail
7964bed69f7e597e,navtest,NAVSIM v1,AMPT,FF-PGRPO,paper_recovery_checkpoint,,,0,,,outputs/navtest_hard_stable_zero658_recogdrive_stage3_vs_pdms914505_20260727/per_token_comparison.csv,0.0,1.0,0.0,1.0,0.0,1.0,1.0,False,True,True,False,False,1.0,positive_to_zero,DAC_all_fail
79a151c333745253,navtest,NAVSIM v1,AMPT,FF-PGRPO,paper_recovery_checkpoint,,,0,,,outputs/navtest_hard_stable_zero658_recogdrive_stage3_vs_pdms914505_20260727/per_token_comparison.csv,0.9017847274810444,1.0,1.0,1.0,0.7642833459545065,1.0,1.0,True,False,True,True,False,0.0,zero_to_positive,NC_all_fail
79e011726ebe5aa0,navtest,NAVSIM v1,AMPT,FF-PGRPO,paper_recovery_checkpoint,,,0,,,outputs/navtest_hard_stable_zero658_recogdrive_stage3_vs_pdms914505_20260727/per_token_comparison.csv,0.0,1.0,0.0,0.5,0.0,1.0,1.0,False,True,True,False,False,0.0,zero_to_zero,DAC_all_fail
7a7e8074ee5c5389,navtest,NAVSIM v1,AMPT,FF-PGRPO,paper_recovery_checkpoint,,,0,,,outputs/navtest_hard_stable_zero658_recogdrive_stage3_vs_pdms914505_20260727/per_token_comparison.csv,0.5543677485084538,1.0,1.0,1.0,0.9304825964202892,0.0,1.0,True,False,True,True,False,0.0,zero_to_positive,NC_all_fail
7ac6ec682a515136,navtest,NAVSIM v1,AMPT,FF-PGRPO,paper_recovery_checkpoint,,,0,,,outputs/navtest_hard_stable_zero658_recogdrive_stage3_vs_pdms914505_20260727/per_token_comparison.csv,0.0,0.0,1.0,1.0,0.0,0.0,1.0,False,True,True,False,False,0.0,zero_to_zero,NC_all_fail
7ae00644dbef537f,navtest,NAVSIM v1,AMPT,FF-PGRPO,paper_recovery_checkpoint,,,0,,,outputs/navtest_hard_stable_zero658_recogdrive_stage3_vs_pdms914505_20260727/per_token_comparison.csv,0.0,0.0,1.0,1.0,0.0,0.0,1.0,False,True,True,False,False,0.0,zero_to_zero,NC_all_fail
7af0e9b8a12056e8,navtest,NAVSIM v1,AMPT,FF-PGRPO,paper_recovery_checkpoint,,,0,,,outputs/navtest_hard_stable_zero658_recogdrive_stage3_vs_pdms914505_20260727/per_token_comparison.csv,0.9771021004939282,1.0,1.0,1.0,0.9450450411854276,1.0,1.0,True,False,True,True,False,0.9775930596790812,positive_to_positive,DAC_all_fail
7b22018666ac5b0e,navtest,NAVSIM v1,AMPT,FF-PGRPO,paper_recovery_checkpoint,,,0,,,outputs/navtest_hard_stable_zero658_recogdrive_stage3_vs_pdms914505_20260727/per_token_comparison.csv,0.9777995604066296,1.0,1.0,1.0,0.9467189449759112,1.0,1.0,True,False,True,True,False,0.0,zero_to_positive,DAC_all_fail
7b281124be57507a,navtest,NAVSIM v1,AMPT,FF-PGRPO,paper_recovery_checkpoint,,,0,,,outputs/navtest_hard_stable_zero658_recogdrive_stage3_vs_pdms914505_20260727/per_token_comparison.csv,0.8619845335628398,1.0,1.0,1.0,0.6687628805508156,1.0,1.0,True,False,True,True,False,0.8829629631547474,positive_to_positive,DAC_all_fail
7b4383b378035cb7,navtest,NAVSIM v1,AMPT,FF-PGRPO,paper_recovery_checkpoint,,,0,,,outputs/navtest_hard_stable_zero658_recogdrive_stage3_vs_pdms914505_20260727/per_token_comparison.csv,0.0,1.0,0.0,1.0,0.0,1.0,1.0,False,True,True,False,False,0.0,zero_to_zero,DAC_all_fail
7cb9260c8be35c5c,navtest,NAVSIM v1,AMPT,FF-PGRPO,paper_recovery_checkpoint,,,0,,,outputs/navtest_hard_stable_zero658_recogdrive_stage3_vs_pdms914505_20260727/per_token_comparison.csv,0.0,1.0,0.0,1.0,0.0,1.0,1.0,False,True,True,False,False,0.0,zero_to_zero,NC_and_DAC_all_fail
7cf4a1ba9b6054f9,navtest,NAVSIM v1,AMPT,FF-PGRPO,paper_recovery_checkpoint,,,0,,,outputs/navtest_hard_stable_zero658_recogdrive_stage3_vs_pdms914505_20260727/per_token_comparison.csv,0.9955216257480938,1.0,1.0,1.0,0.9892519017954248,1.0,1.0,True,False,True,True,False,1.0,positive_to_positive,DAC_all_fail
7da863f64a5f5e90,navtest,NAVSIM v1,AMPT,FF-PGRPO,paper_recovery_checkpoint,,,0,,,outputs/navtest_hard_stable_zero658_recogdrive_stage3_vs_pdms914505_20260727/per_token_comparison.csv,0.0,1.0,0.0,1.0,0.0,1.0,1.0,False,True,True,False,False,0.0,zero_to_zero,DAC_all_fail
7df960d73e50560b,navtest,NAVSIM v1,AMPT,FF-PGRPO,paper_recovery_checkpoint,,,0,,,outputs/navtest_hard_stable_zero658_recogdrive_stage3_vs_pdms914505_20260727/per_token_comparison.csv,0.0,0.0,1.0,1.0,0.0,0.0,1.0,False,True,True,False,False,1.0,positive_to_zero,NC_all_fail
7e052b9f5ca25531,navtest,NAVSIM v1,AMPT,FF-PGRPO,paper_recovery_checkpoint,,,0,,,outputs/navtest_hard_stable_zero658_recogdrive_stage3_vs_pdms914505_20260727/per_token_comparison.csv,0.8767801457509273,1.0,1.0,1.0,0.7042723498022255,1.0,1.0,True,False,True,True,False,0.8851357066129822,positive_to_positive,DAC_all_fail
7e21aeb3afc2592b,navtest,NAVSIM v1,AMPT,FF-PGRPO,paper_recovery_checkpoint,,,0,,,outputs/navtest_hard_stable_zero658_recogdrive_stage3_vs_pdms914505_20260727/per_token_comparison.csv,0.0,1.0,0.0,1.0,0.0,1.0,1.0,False,True,True,False,False,0.0,zero_to_zero,DAC_all_fail
7e6d49b500545236,navtest,NAVSIM v1,AMPT,FF-PGRPO,paper_recovery_checkpoint,,,0,,,outputs/navtest_hard_stable_zero658_recogdrive_stage3_vs_pdms914505_20260727/per_token_comparison.csv,1.0,1.0,1.0,1.0,1.0,1.0,1.0,True,False,True,True,False,0.5833333333333334,positive_to_positive,NC_all_fail
810b73ca95975db9,navtest,NAVSIM v1,AMPT,FF-PGRPO,paper_recovery_checkpoint,,,0,,,outputs/navtest_hard_stable_zero658_recogdrive_stage3_vs_pdms914505_20260727/per_token_comparison.csv,0.978995814848072,1.0,1.0,1.0,0.9495899556353724,1.0,1.0,True,False,True,True,False,0.9935331920455964,positive_to_positive,DAC_all_fail
819d4bdcb0855118,navtest,NAVSIM v1,AMPT,FF-PGRPO,paper_recovery_checkpoint,,,0,,,outputs/navtest_hard_stable_zero658_recogdrive_stage3_vs_pdms914505_20260727/per_token_comparison.csv,0.9624849188376656,1.0,1.0,1.0,0.909963805210398,1.0,1.0,True,False,True,True,False,0.9498539606774878,positive_to_positive,DAC_all_fail
8209b6700b535e8e,navtest,NAVSIM v1,AMPT,FF-PGRPO,paper_recovery_checkpoint,,,0,,,outputs/navtest_hard_stable_zero658_recogdrive_stage3_vs_pdms914505_20260727/per_token_comparison.csv,0.0,1.0,0.0,1.0,0.0,0.0,1.0,False,True,True,False,False,0.0,zero_to_zero,DAC_all_fail
8224a14715c2577b,navtest,NAVSIM v1,AMPT,FF-PGRPO,paper_recovery_checkpoint,,,0,,,outputs/navtest_hard_stable_zero658_recogdrive_stage3_vs_pdms914505_20260727/per_token_comparison.csv,0.9456006328043206,1.0,1.0,1.0,0.8694415187303695,1.0,1.0,True,False,True,True,False,0.0,zero_to_positive,DAC_all_fail
82c913dd14e05a84,navtest,NAVSIM v1,AMPT,FF-PGRPO,paper_recovery_checkpoint,,,0,,,outputs/navtest_hard_stable_zero658_recogdrive_stage3_vs_pdms914505_20260727/per_token_comparison.csv,0.0,0.0,1.0,1.0,0.0,0.0,1.0,False,True,True,False,False,0.5833333333333334,positive_to_zero,NC_all_fail
82ee38a271b15bb1,navtest,NAVSIM v1,AMPT,FF-PGRPO,paper_recovery_checkpoint,,,0,,,outputs/navtest_hard_stable_zero658_recogdrive_stage3_vs_pdms914505_20260727/per_token_comparison.csv,1.0,1.0,1.0,1.0,1.0,1.0,1.0,True,False,True,True,False,1.0,positive_to_positive,DAC_all_fail
83e42a2487695ac5,navtest,NAVSIM v1,AMPT,FF-PGRPO,paper_recovery_checkpoint,,,0,,,outputs/navtest_hard_stable_zero658_recogdrive_stage3_vs_pdms914505_20260727/per_token_comparison.csv,0.7881136301573634,1.0,1.0,1.0,0.491472712377672,1.0,1.0,True,False,True,True,False,0.8093609783319579,positive_to_positive,DAC_all_fail
8671b777d49e5dea,navtest,NAVSIM v1,AMPT,FF-PGRPO,paper_recovery_checkpoint,,,0,,,outputs/navtest_hard_stable_zero658_recogdrive_stage3_vs_pdms914505_20260727/per_token_comparison.csv,0.9475088346128068,1.0,1.0,1.0,0.874021203070736,1.0,1.0,True,False,True,True,False,0.9829648140025942,positive_to_positive,NC_all_fail
875f14a6967d5192,navtest,NAVSIM v1,AMPT,FF-PGRPO,paper_recovery_checkpoint,,,0,,,outputs/navtest_hard_stable_zero658_recogdrive_stage3_vs_pdms914505_20260727/per_token_comparison.csv,0.9930777470616562,1.0,1.0,1.0,0.9833865929479748,1.0,1.0,True,False,True,True,False,0.967947439160986,positive_to_positive,DAC_all_fail
87b2c0e49070537f,navtest,NAVSIM v1,AMPT,FF-PGRPO,paper_recovery_checkpoint,,,0,,,outputs/navtest_hard_stable_zero658_recogdrive_stage3_vs_pdms914505_20260727/per_token_comparison.csv,0.8590647186402082,1.0,1.0,1.0,0.6617553247364995,1.0,1.0,True,False,True,True,False,0.9304194171234044,positive_to_positive,DAC_all_fail
87eae54f57ea5690,navtest,NAVSIM v1,AMPT,FF-PGRPO,paper_recovery_checkpoint,,,0,,,outputs/navtest_hard_stable_zero658_recogdrive_stage3_vs_pdms914505_20260727/per_token_comparison.csv,0.9692717401563486,1.0,1.0,1.0,0.9262521763752368,1.0,1.0,True,False,True,True,False,0.957417286702345,positive_to_positive,DAC_all_fail
87f7b4b94e2b5264,navtest,NAVSIM v1,AMPT,FF-PGRPO,paper_recovery_checkpoint,,,0,,,outputs/navtest_hard_stable_zero658_recogdrive_stage3_vs_pdms914505_20260727/per_token_comparison.csv,0.9867615158075802,1.0,1.0,0.0,0.9682276379381926,1.0,1.0,True,False,True,True,False,0.0,zero_to_positive,DAC_all_fail
89e9fbdf25415d68,navtest,NAVSIM v1,AMPT,FF-PGRPO,paper_recovery_checkpoint,,,0,,,outputs/navtest_hard_stable_zero658_recogdrive_stage3_vs_pdms914505_20260727/per_token_comparison.csv,0.0,1.0,0.0,0.0,0.0,1.0,1.0,False,True,True,False,False,0.0,zero_to_zero,DAC_all_fail
8aa8e3e16c035d5e,navtest,NAVSIM v1,AMPT,FF-PGRPO,paper_recovery_checkpoint,,,0,,,outputs/navtest_hard_stable_zero658_recogdrive_stage3_vs_pdms914505_20260727/per_token_comparison.csv,1.0,1.0,1.0,1.0,1.0,1.0,1.0,True,False,True,True,False,1.0,positive_to_positive,NC_and_DAC_all_fail
8ba3e54303a352c8,navtest,NAVSIM v1,AMPT,FF-PGRPO,paper_recovery_checkpoint,,,0,,,outputs/navtest_hard_stable_zero658_recogdrive_stage3_vs_pdms914505_20260727/per_token_comparison.csv,0.0,0.0,1.0,1.0,0.0,0.0,1.0,False,True,True,False,False,0.0,zero_to_zero,NC_all_fail
8bc0584436b25488,navtest,NAVSIM v1,AMPT,FF-PGRPO,paper_recovery_checkpoint,,,0,,,outputs/navtest_hard_stable_zero658_recogdrive_stage3_vs_pdms914505_20260727/per_token_comparison.csv,1.0,1.0,1.0,1.0,1.0,1.0,1.0,True,False,True,True,False,1.0,positive_to_positive,DAC_all_fail
8cec7d21f7dc540b,navtest,NAVSIM v1,AMPT,FF-PGRPO,paper_recovery_checkpoint,,,0,,,outputs/navtest_hard_stable_zero658_recogdrive_stage3_vs_pdms914505_20260727/per_token_comparison.csv,0.0,1.0,0.0,1.0,0.0,1.0,1.0,False,True,True,False,False,0.0,zero_to_zero,DAC_all_fail
8d06ea883e7853a9,navtest,NAVSIM v1,AMPT,FF-PGRPO,paper_recovery_checkpoint,,,0,,,outputs/navtest_hard_stable_zero658_recogdrive_stage3_vs_pdms914505_20260727/per_token_comparison.csv,0.9740201269602272,1.0,1.0,1.0,0.937648304704545,1.0,1.0,True,False,True,True,False,0.9586554961493676,positive_to_positive,DAC_all_fail
8d21608fa8c354f1,navtest,NAVSIM v1,AMPT,FF-PGRPO,paper_recovery_checkpoint,,,0,,,outputs/navtest_hard_stable_zero658_recogdrive_stage3_vs_pdms914505_20260727/per_token_comparison.csv,0.8562438457591611,1.0,1.0,1.0,0.6549852298219869,1.0,1.0,True,False,True,True,False,0.9727510397733512,positive_to_positive,DAC_all_fail
8e04fd5e1613597a,navtest,NAVSIM v1,AMPT,FF-PGRPO,paper_recovery_checkpoint,,,0,,,outputs/navtest_hard_stable_zero658_recogdrive_stage3_vs_pdms914505_20260727/per_token_comparison.csv,0.9835171387478594,1.0,1.0,1.0,0.9604411329948628,1.0,1.0,True,False,True,True,False,0.9856814235511808,positive_to_positive,DAC_all_fail
8e393929643f5c97,navtest,NAVSIM v1,AMPT,FF-PGRPO,paper_recovery_checkpoint,,,0,,,outputs/navtest_hard_stable_zero658_recogdrive_stage3_vs_pdms914505_20260727/per_token_comparison.csv,0.954438869237083,1.0,1.0,1.0,0.8906532861689993,1.0,1.0,True,False,True,True,False,0.9862766430811176,positive_to_positive,DAC_all_fail
8e9e20dde3ed5f0d,navtest,NAVSIM v1,AMPT,FF-PGRPO,paper_recovery_checkpoint,,,0,,,outputs/navtest_hard_stable_zero658_recogdrive_stage3_vs_pdms914505_20260727/per_token_comparison.csv,0.9960191945794078,1.0,1.0,1.0,0.9904460669905788,1.0,1.0,True,False,True,True,False,0.9977078425816108,positive_to_positive,DAC_all_fail
8f0f0f9061b35356,navtest,NAVSIM v1,AMPT,FF-PGRPO,paper_recovery_checkpoint,,,0,,,outputs/navtest_hard_stable_zero658_recogdrive_stage3_vs_pdms914505_20260727/per_token_comparison.csv,1.0,1.0,1.0,1.0,1.0,1.0,1.0,True,False,True,True,False,0.9830160894546358,positive_to_positive,NC_all_fail
8f5610a77c3257f9,navtest,NAVSIM v1,AMPT,FF-PGRPO,paper_recovery_checkpoint,,,0,,,outputs/navtest_hard_stable_zero658_recogdrive_stage3_vs_pdms914505_20260727/per_token_comparison.csv,0.0,1.0,0.0,1.0,0.0,1.0,1.0,False,True,True,False,False,0.0,zero_to_zero,DAC_all_fail
8f67b84df6b75bd1,navtest,NAVSIM v1,AMPT,FF-PGRPO,paper_recovery_checkpoint,,,0,,,outputs/navtest_hard_stable_zero658_recogdrive_stage3_vs_pdms914505_20260727/per_token_comparison.csv,0.0,1.0,0.0,1.0,0.0,1.0,1.0,False,True,True,False,False,0.0,zero_to_zero,DAC_all_fail
8f8ccbd6ffcb54b9,navtest,NAVSIM v1,AMPT,FF-PGRPO,paper_recovery_checkpoint,,,0,,,outputs/navtest_hard_stable_zero658_recogdrive_stage3_vs_pdms914505_20260727/per_token_comparison.csv,0.9472512759703734,1.0,1.0,1.0,0.8734030623288962,1.0,1.0,True,False,True,True,False,0.9634987750053992,positive_to_positive,DAC_all_fail
8fdb21d863c5504b,navtest,NAVSIM v1,AMPT,FF-PGRPO,paper_recovery_checkpoint,,,0,,,outputs/navtest_hard_stable_zero658_recogdrive_stage3_vs_pdms914505_20260727/per_token_comparison.csv,0.0,1.0,0.0,1.0,0.0,1.0,1.0,False,True,True,False,False,0.0,zero_to_zero,DAC_all_fail
8ff80000e9a05eca,navtest,NAVSIM v1,AMPT,FF-PGRPO,paper_recovery_checkpoint,,,0,,,outputs/navtest_hard_stable_zero658_recogdrive_stage3_vs_pdms914505_20260727/per_token_comparison.csv,1.0,1.0,1.0,1.0,1.0,1.0,1.0,True,False,True,True,False,1.0,positive_to_positive,NC_all_fail
919ee41f5fa65358,navtest,NAVSIM v1,AMPT,FF-PGRPO,paper_recovery_checkpoint,,,0,,,outputs/navtest_hard_stable_zero658_recogdrive_stage3_vs_pdms914505_20260727/per_token_comparison.csv,0.0,1.0,0.0,1.0,0.0,1.0,1.0,False,True,True,False,False,0.0,zero_to_zero,DAC_all_fail
91c7e207e3395557,navtest,NAVSIM v1,AMPT,FF-PGRPO,paper_recovery_checkpoint,,,0,,,outputs/navtest_hard_stable_zero658_recogdrive_stage3_vs_pdms914505_20260727/per_token_comparison.csv,0.9579974883644518,1.0,1.0,1.0,0.8991939720746841,1.0,1.0,True,False,True,True,False,0.9382091150101436,positive_to_positive,DAC_all_fail
923e4fcf3daa57f8,navtest,NAVSIM v1,AMPT,FF-PGRPO,paper_recovery_checkpoint,,,0,,,outputs/navtest_hard_stable_zero658_recogdrive_stage3_vs_pdms914505_20260727/per_token_comparison.csv,0.0,1.0,0.0,1.0,0.0,1.0,1.0,False,True,True,False,False,0.0,zero_to_zero,DAC_all_fail
925e046dba2f525f,navtest,NAVSIM v1,AMPT,FF-PGRPO,paper_recovery_checkpoint,,,0,,,outputs/navtest_hard_stable_zero658_recogdrive_stage3_vs_pdms914505_20260727/per_token_comparison.csv,0.9914213666503544,1.0,1.0,1.0,0.9794112799608508,1.0,1.0,True,False,True,True,False,0.0,zero_to_positive,DAC_all_fail
927aa2c8ef7d5b5c,navtest,NAVSIM v1,AMPT,FF-PGRPO,paper_recovery_checkpoint,,,0,,,outputs/navtest_hard_stable_zero658_recogdrive_stage3_vs_pdms914505_20260727/per_token_comparison.csv,0.0,0.0,1.0,1.0,0.0,0.0,1.0,False,True,True,False,False,0.0,zero_to_zero,NC_all_fail
92aea46cab86531b,navtest,NAVSIM v1,AMPT,FF-PGRPO,paper_recovery_checkpoint,,,0,,,outputs/navtest_hard_stable_zero658_recogdrive_stage3_vs_pdms914505_20260727/per_token_comparison.csv,1.0,1.0,1.0,1.0,1.0,1.0,1.0,True,False,True,True,False,1.0,positive_to_positive,DAC_all_fail
92beafb962d457db,navtest,NAVSIM v1,AMPT,FF-PGRPO,paper_recovery_checkpoint,,,0,,,outputs/navtest_hard_stable_zero658_recogdrive_stage3_vs_pdms914505_20260727/per_token_comparison.csv,0.0,0.0,1.0,1.0,0.0,0.0,1.0,False,True,True,False,False,0.0,zero_to_zero,NC_all_fail
932f0bf1d23b5ba7,navtest,NAVSIM v1,AMPT,FF-PGRPO,paper_recovery_checkpoint,,,0,,,outputs/navtest_hard_stable_zero658_recogdrive_stage3_vs_pdms914505_20260727/per_token_comparison.csv,1.0,1.0,1.0,1.0,1.0,1.0,1.0,True,False,True,True,False,1.0,positive_to_positive,DAC_all_fail
939be40082d9515a,navtest,NAVSIM v1,AMPT,FF-PGRPO,paper_recovery_checkpoint,,,0,,,outputs/navtest_hard_stable_zero658_recogdrive_stage3_vs_pdms914505_20260727/per_token_comparison.csv,0.0,1.0,0.0,1.0,0.0,1.0,1.0,False,True,True,False,False,0.0,zero_to_zero,DAC_all_fail
93e2a76b34b559fc,navtest,NAVSIM v1,AMPT,FF-PGRPO,paper_recovery_checkpoint,,,0,,,outputs/navtest_hard_stable_zero658_recogdrive_stage3_vs_pdms914505_20260727/per_token_comparison.csv,0.0,1.0,0.0,1.0,0.0,1.0,1.0,False,True,True,False,False,0.0,zero_to_zero,DAC_all_fail
94817f3d96fe5072,navtest,NAVSIM v1,AMPT,FF-PGRPO,paper_recovery_checkpoint,,,0,,,outputs/navtest_hard_stable_zero658_recogdrive_stage3_vs_pdms914505_20260727/per_token_comparison.csv,1.0,1.0,1.0,1.0,1.0,1.0,1.0,True,False,True,True,False,1.0,positive_to_positive,DAC_all_fail
94ac0f71d5615e4c,navtest,NAVSIM v1,AMPT,FF-PGRPO,paper_recovery_checkpoint,,,0,,,outputs/navtest_hard_stable_zero658_recogdrive_stage3_vs_pdms914505_20260727/per_token_comparison.csv,0.9825231763828456,1.0,1.0,1.0,0.9580556233188298,1.0,1.0,True,False,True,True,False,0.5525226822461387,positive_to_positive,DAC_all_fail
94b9b31c975a5796,navtest,NAVSIM v1,AMPT,FF-PGRPO,paper_recovery_checkpoint,,,0,,,outputs/navtest_hard_stable_zero658_recogdrive_stage3_vs_pdms914505_20260727/per_token_comparison.csv,0.9724304943444187,1.0,1.0,1.0,0.9338331864266052,1.0,1.0,True,False,True,True,False,0.9545224229136045,positive_to_positive,DAC_all_fail
94c6fd3f9ec85914,navtest,NAVSIM v1,AMPT,FF-PGRPO,paper_recovery_checkpoint,,,0,,,outputs/navtest_hard_stable_zero658_recogdrive_stage3_vs_pdms914505_20260727/per_token_comparison.csv,0.9309585858889156,1.0,1.0,1.0,0.8343006061333974,1.0,1.0,True,False,True,True,False,0.9242062334693324,positive_to_positive,DAC_all_fail
94d209006f485164,navtest,NAVSIM v1,AMPT,FF-PGRPO,paper_recovery_checkpoint,,,0,,,outputs/navtest_hard_stable_zero658_recogdrive_stage3_vs_pdms914505_20260727/per_token_comparison.csv,0.0,1.0,0.0,1.0,0.0,1.0,1.0,False,True,True,False,False,0.0,zero_to_zero,DAC_all_fail
963ea50b7eb2554b,navtest,NAVSIM v1,AMPT,FF-PGRPO,paper_recovery_checkpoint,,,0,,,outputs/navtest_hard_stable_zero658_recogdrive_stage3_vs_pdms914505_20260727/per_token_comparison.csv,1.0,1.0,1.0,1.0,1.0,1.0,1.0,True,False,True,True,False,1.0,positive_to_positive,DAC_all_fail
96c003cecfbd5a91,navtest,NAVSIM v1,AMPT,FF-PGRPO,paper_recovery_checkpoint,,,0,,,outputs/navtest_hard_stable_zero658_recogdrive_stage3_vs_pdms914505_20260727/per_token_comparison.csv,0.939331546371943,1.0,1.0,1.0,0.8543957112926636,1.0,1.0,True,False,True,True,False,0.0,zero_to_positive,DAC_all_fail
973f0873af40574e,navtest,NAVSIM v1,AMPT,FF-PGRPO,paper_recovery_checkpoint,,,0,,,outputs/navtest_hard_stable_zero658_recogdrive_stage3_vs_pdms914505_20260727/per_token_comparison.csv,0.0,1.0,0.0,1.0,0.0,1.0,1.0,False,True,True,False,False,0.0,zero_to_zero,DAC_all_fail
979fc47b4f245a9c,navtest,NAVSIM v1,AMPT,FF-PGRPO,paper_recovery_checkpoint,,,0,,,outputs/navtest_hard_stable_zero658_recogdrive_stage3_vs_pdms914505_20260727/per_token_comparison.csv,1.0,1.0,1.0,1.0,1.0,1.0,1.0,True,False,True,True,False,1.0,positive_to_positive,DAC_all_fail
986b3349c460538b,navtest,NAVSIM v1,AMPT,FF-PGRPO,paper_recovery_checkpoint,,,0,,,outputs/navtest_hard_stable_zero658_recogdrive_stage3_vs_pdms914505_20260727/per_token_comparison.csv,0.923018759238181,1.0,1.0,1.0,0.8152450221716343,1.0,1.0,True,False,True,True,False,0.9200327390319064,positive_to_positive,DAC_all_fail
98c7a48dd75052ab,navtest,NAVSIM v1,AMPT,FF-PGRPO,paper_recovery_checkpoint,,,0,,,outputs/navtest_hard_stable_zero658_recogdrive_stage3_vs_pdms914505_20260727/per_token_comparison.csv,1.0,1.0,1.0,1.0,1.0,1.0,1.0,True,False,True,True,False,0.0,zero_to_positive,NC_all_fail
98e3abe2a38c5156,navtest,NAVSIM v1,AMPT,FF-PGRPO,paper_recovery_checkpoint,,,0,,,outputs/navtest_hard_stable_zero658_recogdrive_stage3_vs_pdms914505_20260727/per_token_comparison.csv,0.0,1.0,0.0,1.0,0.0,1.0,1.0,False,True,True,False,False,0.0,zero_to_zero,DAC_all_fail
99127f15fd9b5847,navtest,NAVSIM v1,AMPT,FF-PGRPO,paper_recovery_checkpoint,,,0,,,outputs/navtest_hard_stable_zero658_recogdrive_stage3_vs_pdms914505_20260727/per_token_comparison.csv,1.0,1.0,1.0,1.0,1.0,1.0,1.0,True,False,True,True,False,0.0,zero_to_positive,DAC_all_fail
9952eefa82585b83,navtest,NAVSIM v1,AMPT,FF-PGRPO,paper_recovery_checkpoint,,,0,,,outputs/navtest_hard_stable_zero658_recogdrive_stage3_vs_pdms914505_20260727/per_token_comparison.csv,0.990056443605349,1.0,1.0,1.0,0.9761354646528372,1.0,1.0,True,False,True,True,False,0.9733474018942068,positive_to_positive,DAC_all_fail
997fb38ac5d75864,navtest,NAVSIM v1,AMPT,FF-PGRPO,paper_recovery_checkpoint,,,0,,,outputs/navtest_hard_stable_zero658_recogdrive_stage3_vs_pdms914505_20260727/per_token_comparison.csv,0.0,1.0,0.0,0.0,0.0,0.0,1.0,False,True,True,False,False,0.0,zero_to_zero,DAC_all_fail
9a15d775514e5018,navtest,NAVSIM v1,AMPT,FF-PGRPO,paper_recovery_checkpoint,,,0,,,outputs/navtest_hard_stable_zero658_recogdrive_stage3_vs_pdms914505_20260727/per_token_comparison.csv,0.8397700213928091,1.0,1.0,1.0,0.6154480513427418,1.0,1.0,True,False,True,True,False,0.8468924779662724,positive_to_positive,DAC_all_fail
9a23e7bc52e657c3,navtest,NAVSIM v1,AMPT,FF-PGRPO,paper_recovery_checkpoint,,,0,,,outputs/navtest_hard_stable_zero658_recogdrive_stage3_vs_pdms914505_20260727/per_token_comparison.csv,1.0,1.0,1.0,1.0,1.0,1.0,1.0,True,False,True,True,False,0.9968511976780788,positive_to_positive,DAC_all_fail
9adad5bdab6b52fa,navtest,NAVSIM v1,AMPT,FF-PGRPO,paper_recovery_checkpoint,,,0,,,outputs/navtest_hard_stable_zero658_recogdrive_stage3_vs_pdms914505_20260727/per_token_comparison.csv,0.8767706964011673,1.0,1.0,1.0,0.7042496713628016,1.0,1.0,True,False,True,True,False,0.8554010538076205,positive_to_positive,DAC_all_fail
9b0a5826d2d357d8,navtest,NAVSIM v1,AMPT,FF-PGRPO,paper_recovery_checkpoint,,,0,,,outputs/navtest_hard_stable_zero658_recogdrive_stage3_vs_pdms914505_20260727/per_token_comparison.csv,0.8962120805503431,1.0,1.0,1.0,0.7509089933208233,1.0,1.0,True,False,True,True,False,0.8862030026634611,positive_to_positive,DAC_all_fail
9b7be67193ae5772,navtest,NAVSIM v1,AMPT,FF-PGRPO,paper_recovery_checkpoint,,,0,,,outputs/navtest_hard_stable_zero658_recogdrive_stage3_vs_pdms914505_20260727/per_token_comparison.csv,0.960304733006517,1.0,1.0,1.0,0.9047313592156409,1.0,1.0,True,False,True,True,False,0.9444877519097616,positive_to_positive,DAC_all_fail
9bbaed3bac735053,navtest,NAVSIM v1,AMPT,FF-PGRPO,paper_recovery_checkpoint,,,0,,,outputs/navtest_hard_stable_zero658_recogdrive_stage3_vs_pdms914505_20260727/per_token_comparison.csv,1.0,1.0,1.0,1.0,1.0,1.0,1.0,True,False,True,True,False,1.0,positive_to_positive,DAC_all_fail
9c1f46770f2655b1,navtest,NAVSIM v1,AMPT,FF-PGRPO,paper_recovery_checkpoint,,,0,,,outputs/navtest_hard_stable_zero658_recogdrive_stage3_vs_pdms914505_20260727/per_token_comparison.csv,0.4618567138072049,1.0,1.0,1.0,0.7084561131372918,0.0,1.0,True,False,True,True,False,0.0,zero_to_positive,DAC_all_fail
9c62f0bf33fd542d,navtest,NAVSIM v1,AMPT,FF-PGRPO,paper_recovery_checkpoint,,,0,,,outputs/navtest_hard_stable_zero658_recogdrive_stage3_vs_pdms914505_20260727/per_token_comparison.csv,0.0,1.0,0.0,1.0,0.0,1.0,1.0,False,True,True,False,False,0.0,zero_to_zero,DAC_all_fail
9c63c33c198e5aa9,navtest,NAVSIM v1,AMPT,FF-PGRPO,paper_recovery_checkpoint,,,0,,,outputs/navtest_hard_stable_zero658_recogdrive_stage3_vs_pdms914505_20260727/per_token_comparison.csv,0.9621505477783638,1.0,1.0,1.0,0.9091613146680732,1.0,1.0,True,False,True,True,False,0.9321749447354049,positive_to_positive,DAC_all_fail
9cf612ff6e4f5bd5,navtest,NAVSIM v1,AMPT,FF-PGRPO,paper_recovery_checkpoint,,,0,,,outputs/navtest_hard_stable_zero658_recogdrive_stage3_vs_pdms914505_20260727/per_token_comparison.csv,1.0,1.0,1.0,1.0,1.0,1.0,1.0,True,False,True,True,False,1.0,positive_to_positive,NC_all_fail
9d9762d42ff5561d,navtest,NAVSIM v1,AMPT,FF-PGRPO,paper_recovery_checkpoint,,,0,,,outputs/navtest_hard_stable_zero658_recogdrive_stage3_vs_pdms914505_20260727/per_token_comparison.csv,0.0,1.0,0.0,0.5,0.0,1.0,1.0,False,True,True,False,False,0.0,zero_to_zero,DAC_all_fail
9de4d5414a4a50c4,navtest,NAVSIM v1,AMPT,FF-PGRPO,paper_recovery_checkpoint,,,0,,,outputs/navtest_hard_stable_zero658_recogdrive_stage3_vs_pdms914505_20260727/per_token_comparison.csv,0.9862645215287816,1.0,1.0,1.0,0.9670348516690762,1.0,1.0,True,False,True,True,False,0.9672111569942968,positive_to_positive,DAC_all_fail
9e787f2f65a85f08,navtest,NAVSIM v1,AMPT,FF-PGRPO,paper_recovery_checkpoint,,,0,,,outputs/navtest_hard_stable_zero658_recogdrive_stage3_vs_pdms914505_20260727/per_token_comparison.csv,0.9984418614929884,1.0,1.0,1.0,0.9962604675831718,1.0,1.0,True,False,True,True,False,0.9801059814702808,positive_to_positive,DAC_all_fail
9ed1a37904015782,navtest,NAVSIM v1,AMPT,FF-PGRPO,paper_recovery_checkpoint,,,0,,,outputs/navtest_hard_stable_zero658_recogdrive_stage3_vs_pdms914505_20260727/per_token_comparison.csv,0.9888741349006483,1.0,1.0,1.0,0.9732979237615564,1.0,1.0,True,False,True,True,False,0.9721244919317216,positive_to_positive,DAC_all_fail
9f03709a3c1e5725,navtest,NAVSIM v1,AMPT,FF-PGRPO,paper_recovery_checkpoint,,,0,,,outputs/navtest_hard_stable_zero658_recogdrive_stage3_vs_pdms914505_20260727/per_token_comparison.csv,0.0,1.0,0.0,1.0,0.0,1.0,1.0,False,True,True,False,False,0.0,zero_to_zero,DAC_all_fail
9f1b6ff3a4865c8a,navtest,NAVSIM v1,AMPT,FF-PGRPO,paper_recovery_checkpoint,,,0,,,outputs/navtest_hard_stable_zero658_recogdrive_stage3_vs_pdms914505_20260727/per_token_comparison.csv,0.0,1.0,0.0,1.0,0.0,1.0,1.0,False,True,True,False,False,0.0,zero_to_zero,DAC_all_fail
a0024513b78656f1,navtest,NAVSIM v1,AMPT,FF-PGRPO,paper_recovery_checkpoint,,,0,,,outputs/navtest_hard_stable_zero658_recogdrive_stage3_vs_pdms914505_20260727/per_token_comparison.csv,0.5833333333333334,1.0,1.0,1.0,1.0,0.0,1.0,True,False,True,True,False,1.0,positive_to_positive,NC_and_DAC_all_fail
a009893e14c75fd0,navtest,NAVSIM v1,AMPT,FF-PGRPO,paper_recovery_checkpoint,,,0,,,outputs/navtest_hard_stable_zero658_recogdrive_stage3_vs_pdms914505_20260727/per_token_comparison.csv,0.0,1.0,0.0,1.0,0.0,1.0,1.0,False,True,True,False,False,0.9636524786845247,positive_to_zero,DAC_all_fail
a02d58c7e9ee50f5,navtest,NAVSIM v1,AMPT,FF-PGRPO,paper_recovery_checkpoint,,,0,,,outputs/navtest_hard_stable_zero658_recogdrive_stage3_vs_pdms914505_20260727/per_token_comparison.csv,0.0,0.0,1.0,1.0,0.0,0.0,1.0,False,True,True,False,False,0.0,zero_to_zero,NC_all_fail
a0801105ad8b5ad3,navtest,NAVSIM v1,AMPT,FF-PGRPO,paper_recovery_checkpoint,,,0,,,outputs/navtest_hard_stable_zero658_recogdrive_stage3_vs_pdms914505_20260727/per_token_comparison.csv,0.9555608789297536,1.0,1.0,1.0,0.8933461094314091,1.0,1.0,True,False,True,True,False,0.9386067402974184,positive_to_positive,DAC_all_fail
a0da100b0dcb543c,navtest,NAVSIM v1,AMPT,FF-PGRPO,paper_recovery_checkpoint,,,0,,,outputs/navtest_hard_stable_zero658_recogdrive_stage3_vs_pdms914505_20260727/per_token_comparison.csv,1.0,1.0,1.0,1.0,1.0,1.0,1.0,True,False,True,True,False,0.0,zero_to_positive,NC_all_fail
a0ff0b74063659a2,navtest,NAVSIM v1,AMPT,FF-PGRPO,paper_recovery_checkpoint,,,0,,,outputs/navtest_hard_stable_zero658_recogdrive_stage3_vs_pdms914505_20260727/per_token_comparison.csv,0.0,1.0,0.0,1.0,0.0,1.0,1.0,False,True,True,False,False,0.0,zero_to_zero,DAC_all_fail
a23ebe50e290544b,navtest,NAVSIM v1,AMPT,FF-PGRPO,paper_recovery_checkpoint,,,0,,,outputs/navtest_hard_stable_zero658_recogdrive_stage3_vs_pdms914505_20260727/per_token_comparison.csv,0.9634607817040594,1.0,1.0,1.0,0.9123058760897426,1.0,1.0,True,False,True,True,False,0.9276965504685633,positive_to_positive,DAC_all_fail
a26ee25cd4995271,navtest,NAVSIM v1,AMPT,FF-PGRPO,paper_recovery_checkpoint,,,0,,,outputs/navtest_hard_stable_zero658_recogdrive_stage3_vs_pdms914505_20260727/per_token_comparison.csv,0.5527005712623908,1.0,1.0,1.0,0.926481371029738,0.0,1.0,True,False,True,True,False,0.0,zero_to_positive,DAC_all_fail
a2b2c80a9db75f5f,navtest,NAVSIM v1,AMPT,FF-PGRPO,paper_recovery_checkpoint,,,0,,,outputs/navtest_hard_stable_zero658_recogdrive_stage3_vs_pdms914505_20260727/per_token_comparison.csv,1.0,1.0,1.0,1.0,1.0,1.0,1.0,True,False,True,True,False,1.0,positive_to_positive,NC_all_fail
a36cdc9ebe595113,navtest,NAVSIM v1,AMPT,FF-PGRPO,paper_recovery_checkpoint,,,0,,,outputs/navtest_hard_stable_zero658_recogdrive_stage3_vs_pdms914505_20260727/per_token_comparison.csv,0.0,1.0,0.0,1.0,0.0,1.0,1.0,False,True,True,False,False,0.0,zero_to_zero,DAC_all_fail
a41bdf91223654f7,navtest,NAVSIM v1,AMPT,FF-PGRPO,paper_recovery_checkpoint,,,0,,,outputs/navtest_hard_stable_zero658_recogdrive_stage3_vs_pdms914505_20260727/per_token_comparison.csv,0.0,1.0,0.0,1.0,0.0,1.0,1.0,False,True,True,False,False,0.0,zero_to_zero,DAC_all_fail
a422962469ff5d27,navtest,NAVSIM v1,AMPT,FF-PGRPO,paper_recovery_checkpoint,,,0,,,outputs/navtest_hard_stable_zero658_recogdrive_stage3_vs_pdms914505_20260727/per_token_comparison.csv,1.0,1.0,1.0,1.0,1.0,1.0,1.0,True,False,True,True,False,1.0,positive_to_positive,DAC_all_fail
a42cc34c8a985b67,navtest,NAVSIM v1,AMPT,FF-PGRPO,paper_recovery_checkpoint,,,0,,,outputs/navtest_hard_stable_zero658_recogdrive_stage3_vs_pdms914505_20260727/per_token_comparison.csv,0.8999369688774222,1.0,1.0,0.0,0.7598487253058136,1.0,1.0,True,False,True,True,False,0.904091613806468,positive_to_positive,DAC_all_fail
a4ab5ff4ba7259f9,navtest,NAVSIM v1,AMPT,FF-PGRPO,paper_recovery_checkpoint,,,0,,,outputs/navtest_hard_stable_zero658_recogdrive_stage3_vs_pdms914505_20260727/per_token_comparison.csv,0.966993005498233,1.0,1.0,1.0,0.9207832131957592,1.0,1.0,True,False,True,True,False,0.9550802522031048,positive_to_positive,DAC_all_fail
a4ba9521736a59f9,navtest,NAVSIM v1,AMPT,FF-PGRPO,paper_recovery_checkpoint,,,0,,,outputs/navtest_hard_stable_zero658_recogdrive_stage3_vs_pdms914505_20260727/per_token_comparison.csv,1.0,1.0,1.0,1.0,1.0,1.0,1.0,True,False,True,True,False,1.0,positive_to_positive,DAC_all_fail
a4f4a240e54e56b2,navtest,NAVSIM v1,AMPT,FF-PGRPO,paper_recovery_checkpoint,,,0,,,outputs/navtest_hard_stable_zero658_recogdrive_stage3_vs_pdms914505_20260727/per_token_comparison.csv,1.0,1.0,1.0,1.0,1.0,1.0,1.0,True,False,True,True,False,1.0,positive_to_positive,DAC_all_fail
a59bd481d324594a,navtest,NAVSIM v1,AMPT,FF-PGRPO,paper_recovery_checkpoint,,,0,,,outputs/navtest_hard_stable_zero658_recogdrive_stage3_vs_pdms914505_20260727/per_token_comparison.csv,0.9577874856779842,1.0,1.0,1.0,0.8986899656271622,1.0,1.0,True,False,True,True,False,0.9465129987473878,positive_to_positive,DAC_all_fail
a5db7f072b0a58d4,navtest,NAVSIM v1,AMPT,FF-PGRPO,paper_recovery_checkpoint,,,0,,,outputs/navtest_hard_stable_zero658_recogdrive_stage3_vs_pdms914505_20260727/per_token_comparison.csv,0.9491688653980312,1.0,1.0,1.0,0.8780052769552746,1.0,1.0,True,False,True,True,False,0.0,zero_to_positive,DAC_all_fail
a65896c3c7be51ca,navtest,NAVSIM v1,AMPT,FF-PGRPO,paper_recovery_checkpoint,,,0,,,outputs/navtest_hard_stable_zero658_recogdrive_stage3_vs_pdms914505_20260727/per_token_comparison.csv,0.965365171844802,1.0,1.0,1.0,0.916876412427525,1.0,1.0,True,False,True,True,False,0.970662205937388,positive_to_positive,DAC_all_fail
a6b34e50b7995664,navtest,NAVSIM v1,AMPT,FF-PGRPO,paper_recovery_checkpoint,,,0,,,outputs/navtest_hard_stable_zero658_recogdrive_stage3_vs_pdms914505_20260727/per_token_comparison.csv,1.0,1.0,1.0,1.0,1.0,1.0,1.0,True,False,True,True,False,1.0,positive_to_positive,NC_all_fail
a6fd750fe57d5bb9,navtest,NAVSIM v1,AMPT,FF-PGRPO,paper_recovery_checkpoint,,,0,,,outputs/navtest_hard_stable_zero658_recogdrive_stage3_vs_pdms914505_20260727/per_token_comparison.csv,0.9849513443089708,1.0,1.0,1.0,0.9638832263415296,1.0,1.0,True,False,True,True,False,0.9497418134892244,positive_to_positive,DAC_all_fail
a70f950103b558b9,navtest,NAVSIM v1,AMPT,FF-PGRPO,paper_recovery_checkpoint,,,0,,,outputs/navtest_hard_stable_zero658_recogdrive_stage3_vs_pdms914505_20260727/per_token_comparison.csv,0.9253575148830084,1.0,1.0,1.0,0.8208580357192201,1.0,1.0,True,False,True,True,False,0.0,zero_to_positive,DAC_all_fail
a780d35138495c38,navtest,NAVSIM v1,AMPT,FF-PGRPO,paper_recovery_checkpoint,,,0,,,outputs/navtest_hard_stable_zero658_recogdrive_stage3_vs_pdms914505_20260727/per_token_comparison.csv,1.0,1.0,1.0,1.0,1.0,1.0,1.0,True,False,True,True,False,1.0,positive_to_positive,NC_all_fail
a7d3e71b8ca456a9,navtest,NAVSIM v1,AMPT,FF-PGRPO,paper_recovery_checkpoint,,,0,,,outputs/navtest_hard_stable_zero658_recogdrive_stage3_vs_pdms914505_20260727/per_token_comparison.csv,0.0,0.0,1.0,1.0,0.0,0.0,1.0,False,True,True,False,False,0.0,zero_to_zero,NC_all_fail
a8245437ee3d5dd7,navtest,NAVSIM v1,AMPT,FF-PGRPO,paper_recovery_checkpoint,,,0,,,outputs/navtest_hard_stable_zero658_recogdrive_stage3_vs_pdms914505_20260727/per_token_comparison.csv,0.8880533496545252,1.0,1.0,1.0,0.7313280391708606,1.0,1.0,True,False,True,True,False,0.8861609359968968,positive_to_positive,DAC_all_fail
a85f6afede71548f,navtest,NAVSIM v1,AMPT,FF-PGRPO,paper_recovery_checkpoint,,,0,,,outputs/navtest_hard_stable_zero658_recogdrive_stage3_vs_pdms914505_20260727/per_token_comparison.csv,0.9092373436631402,1.0,1.0,1.0,0.7821696247915365,1.0,1.0,True,False,True,True,False,0.9120545281633328,positive_to_positive,DAC_all_fail
a8a34f54618050f6,navtest,NAVSIM v1,AMPT,FF-PGRPO,paper_recovery_checkpoint,,,0,,,outputs/navtest_hard_stable_zero658_recogdrive_stage3_vs_pdms914505_20260727/per_token_comparison.csv,0.0,1.0,0.0,1.0,0.0,1.0,1.0,False,True,True,False,False,0.0,zero_to_zero,DAC_all_fail
a96b1d87c73555b9,navtest,NAVSIM v1,AMPT,FF-PGRPO,paper_recovery_checkpoint,,,0,,,outputs/navtest_hard_stable_zero658_recogdrive_stage3_vs_pdms914505_20260727/per_token_comparison.csv,0.0,1.0,0.0,1.0,0.0,1.0,1.0,False,True,True,False,False,0.0,zero_to_zero,DAC_all_fail
a97ceb2edd0251f9,navtest,NAVSIM v1,AMPT,FF-PGRPO,paper_recovery_checkpoint,,,0,,,outputs/navtest_hard_stable_zero658_recogdrive_stage3_vs_pdms914505_20260727/per_token_comparison.csv,1.0,1.0,1.0,1.0,1.0,1.0,1.0,True,False,True,True,False,0.0,zero_to_positive,DAC_all_fail
a9956fd52aa15f39,navtest,NAVSIM v1,AMPT,FF-PGRPO,paper_recovery_checkpoint,,,0,,,outputs/navtest_hard_stable_zero658_recogdrive_stage3_vs_pdms914505_20260727/per_token_comparison.csv,0.5833333333333334,1.0,1.0,1.0,1.0,0.0,1.0,True,False,True,True,False,0.0,zero_to_positive,NC_all_fail
a9af1e73c9575428,navtest,NAVSIM v1,AMPT,FF-PGRPO,paper_recovery_checkpoint,,,0,,,outputs/navtest_hard_stable_zero658_recogdrive_stage3_vs_pdms914505_20260727/per_token_comparison.csv,0.9733591811258692,1.0,1.0,1.0,0.9360620347020864,1.0,1.0,True,False,True,True,False,0.93994617389809,positive_to_positive,DAC_all_fail
a9c1456b9deb5184,navtest,NAVSIM v1,AMPT,FF-PGRPO,paper_recovery_checkpoint,,,0,,,outputs/navtest_hard_stable_zero658_recogdrive_stage3_vs_pdms914505_20260727/per_token_comparison.csv,0.9680504474987548,1.0,1.0,1.0,0.9233210739970116,1.0,1.0,True,False,True,True,False,0.9281864143768636,positive_to_positive,DAC_all_fail
a9c368a110585b1a,navtest,NAVSIM v1,AMPT,FF-PGRPO,paper_recovery_checkpoint,,,0,,,outputs/navtest_hard_stable_zero658_recogdrive_stage3_vs_pdms914505_20260727/per_token_comparison.csv,0.0,0.0,1.0,0.5,0.0,0.0,1.0,False,True,True,False,False,0.0,zero_to_zero,NC_all_fail
ab19982dd5cd57ac,navtest,NAVSIM v1,AMPT,FF-PGRPO,paper_recovery_checkpoint,,,0,,,outputs/navtest_hard_stable_zero658_recogdrive_stage3_vs_pdms914505_20260727/per_token_comparison.csv,0.0,0.0,1.0,1.0,0.0,0.0,1.0,False,True,True,False,False,0.0,zero_to_zero,NC_all_fail
ab94d64d31ea5435,navtest,NAVSIM v1,AMPT,FF-PGRPO,paper_recovery_checkpoint,,,0,,,outputs/navtest_hard_stable_zero658_recogdrive_stage3_vs_pdms914505_20260727/per_token_comparison.csv,1.0,1.0,1.0,1.0,1.0,1.0,1.0,True,False,True,True,False,1.0,positive_to_positive,DAC_all_fail
ab9d0f7542805d20,navtest,NAVSIM v1,AMPT,FF-PGRPO,paper_recovery_checkpoint,,,0,,,outputs/navtest_hard_stable_zero658_recogdrive_stage3_vs_pdms914505_20260727/per_token_comparison.csv,0.5833333333333334,1.0,1.0,1.0,1.0,0.0,1.0,True,False,True,True,False,0.0,zero_to_positive,NC_all_fail
abb2ccc5501c58f3,navtest,NAVSIM v1,AMPT,FF-PGRPO,paper_recovery_checkpoint,,,0,,,outputs/navtest_hard_stable_zero658_recogdrive_stage3_vs_pdms914505_20260727/per_token_comparison.csv,0.8069129016085839,1.0,1.0,1.0,0.5365909638606013,1.0,1.0,True,False,True,True,False,0.8001538695659498,positive_to_positive,DAC_all_fail
abbfc957d5545f53,navtest,NAVSIM v1,AMPT,FF-PGRPO,paper_recovery_checkpoint,,,0,,,outputs/navtest_hard_stable_zero658_recogdrive_stage3_vs_pdms914505_20260727/per_token_comparison.csv,0.0,1.0,0.0,1.0,0.0,1.0,1.0,False,True,True,False,False,0.8515938573467393,positive_to_zero,DAC_all_fail
ac0fb7997f4e5106,navtest,NAVSIM v1,AMPT,FF-PGRPO,paper_recovery_checkpoint,,,0,,,outputs/navtest_hard_stable_zero658_recogdrive_stage3_vs_pdms914505_20260727/per_token_comparison.csv,0.0,0.0,1.0,1.0,0.0,0.0,1.0,False,True,True,False,False,0.0,zero_to_zero,NC_all_fail
ac328bbd087d5cf2,navtest,NAVSIM v1,AMPT,FF-PGRPO,paper_recovery_checkpoint,,,0,,,outputs/navtest_hard_stable_zero658_recogdrive_stage3_vs_pdms914505_20260727/per_token_comparison.csv,0.91720988504425,1.0,1.0,1.0,0.8013037241062,1.0,1.0,True,False,True,True,False,0.9120680023157084,positive_to_positive,DAC_all_fail
ac7167da1d1a5342,navtest,NAVSIM v1,AMPT,FF-PGRPO,paper_recovery_checkpoint,,,0,,,outputs/navtest_hard_stable_zero658_recogdrive_stage3_vs_pdms914505_20260727/per_token_comparison.csv,1.0,1.0,1.0,1.0,1.0,1.0,1.0,True,False,True,True,False,1.0,positive_to_positive,DAC_all_fail
ada00fe35a595d6b,navtest,NAVSIM v1,AMPT,FF-PGRPO,paper_recovery_checkpoint,,,0,,,outputs/navtest_hard_stable_zero658_recogdrive_stage3_vs_pdms914505_20260727/per_token_comparison.csv,0.9345167189665397,1.0,1.0,1.0,0.8428401255196953,1.0,1.0,True,False,True,True,False,1.0,positive_to_positive,DAC_all_fail
ae821f2ac8d55180,navtest,NAVSIM v1,AMPT,FF-PGRPO,paper_recovery_checkpoint,,,0,,,outputs/navtest_hard_stable_zero658_recogdrive_stage3_vs_pdms914505_20260727/per_token_comparison.csv,0.9620887642132332,1.0,1.0,1.0,0.90901303411176,1.0,1.0,True,False,True,True,False,0.0,zero_to_positive,NC_all_fail
af0e1a3043ba51c6,navtest,NAVSIM v1,AMPT,FF-PGRPO,paper_recovery_checkpoint,,,0,,,outputs/navtest_hard_stable_zero658_recogdrive_stage3_vs_pdms914505_20260727/per_token_comparison.csv,1.0,1.0,1.0,1.0,1.0,1.0,1.0,True,False,True,True,False,1.0,positive_to_positive,DAC_all_fail
af0e2b61cba953de,navtest,NAVSIM v1,AMPT,FF-PGRPO,paper_recovery_checkpoint,,,0,,,outputs/navtest_hard_stable_zero658_recogdrive_stage3_vs_pdms914505_20260727/per_token_comparison.csv,0.814683494707376,1.0,1.0,1.0,0.5552403872977023,1.0,1.0,True,False,True,True,False,0.8307092868086331,positive_to_positive,DAC_all_fail
af94f29d37e55b02,navtest,NAVSIM v1,AMPT,FF-PGRPO,paper_recovery_checkpoint,,,0,,,outputs/navtest_hard_stable_zero658_recogdrive_stage3_vs_pdms914505_20260727/per_token_comparison.csv,0.971498598733776,1.0,1.0,1.0,0.9315966369610622,1.0,1.0,True,False,True,True,False,0.9539487705122324,positive_to_positive,DAC_all_fail
b022550645ac5dbf,navtest,NAVSIM v1,AMPT,FF-PGRPO,paper_recovery_checkpoint,,,0,,,outputs/navtest_hard_stable_zero658_recogdrive_stage3_vs_pdms914505_20260727/per_token_comparison.csv,0.0,1.0,0.0,1.0,0.0,1.0,1.0,False,True,True,False,False,0.9258794146536924,positive_to_zero,DAC_all_fail
b031a0b55ab951f8,navtest,NAVSIM v1,AMPT,FF-PGRPO,paper_recovery_checkpoint,,,0,,,outputs/navtest_hard_stable_zero658_recogdrive_stage3_vs_pdms914505_20260727/per_token_comparison.csv,0.9389130494159428,1.0,1.0,1.0,0.8533913185982626,1.0,1.0,True,False,True,True,False,0.938727522433356,positive_to_positive,DAC_all_fail
b11d39291cd55ed7,navtest,NAVSIM v1,AMPT,FF-PGRPO,paper_recovery_checkpoint,,,0,,,outputs/navtest_hard_stable_zero658_recogdrive_stage3_vs_pdms914505_20260727/per_token_comparison.csv,0.9427801226015948,1.0,1.0,1.0,0.862672294243828,1.0,1.0,True,False,True,True,False,0.9692437429594732,positive_to_positive,NC_all_fail
b1520b6af9705191,navtest,NAVSIM v1,AMPT,FF-PGRPO,paper_recovery_checkpoint,,,0,,,outputs/navtest_hard_stable_zero658_recogdrive_stage3_vs_pdms914505_20260727/per_token_comparison.csv,0.5833333333333334,1.0,1.0,1.0,1.0,0.0,1.0,True,False,True,True,False,0.0,zero_to_positive,NC_all_fail
b2229456008c518d,navtest,NAVSIM v1,AMPT,FF-PGRPO,paper_recovery_checkpoint,,,0,,,outputs/navtest_hard_stable_zero658_recogdrive_stage3_vs_pdms914505_20260727/per_token_comparison.csv,0.893223241873435,1.0,1.0,1.0,0.7437357804962442,1.0,1.0,True,False,True,True,False,0.8950896097071115,positive_to_positive,DAC_all_fail
b3edadc19d8a5812,navtest,NAVSIM v1,AMPT,FF-PGRPO,paper_recovery_checkpoint,,,0,,,outputs/navtest_hard_stable_zero658_recogdrive_stage3_vs_pdms914505_20260727/per_token_comparison.csv,0.9222609247297194,1.0,1.0,1.0,0.8134262193513265,1.0,1.0,True,False,True,True,False,0.0,zero_to_positive,DAC_all_fail
b462af5600bf5f88,navtest,NAVSIM v1,AMPT,FF-PGRPO,paper_recovery_checkpoint,,,0,,,outputs/navtest_hard_stable_zero658_recogdrive_stage3_vs_pdms914505_20260727/per_token_comparison.csv,1.0,1.0,1.0,1.0,1.0,1.0,1.0,True,False,True,True,False,1.0,positive_to_positive,DAC_all_fail
b4914b3d729357d1,navtest,NAVSIM v1,AMPT,FF-PGRPO,paper_recovery_checkpoint,,,0,,,outputs/navtest_hard_stable_zero658_recogdrive_stage3_vs_pdms914505_20260727/per_token_comparison.csv,1.0,1.0,1.0,1.0,1.0,1.0,1.0,True,False,True,True,False,1.0,positive_to_positive,DAC_all_fail
b5025be9867f503e,navtest,NAVSIM v1,AMPT,FF-PGRPO,paper_recovery_checkpoint,,,0,,,outputs/navtest_hard_stable_zero658_recogdrive_stage3_vs_pdms914505_20260727/per_token_comparison.csv,0.0,1.0,0.0,1.0,0.0,1.0,1.0,False,True,True,False,False,0.0,zero_to_zero,DAC_all_fail
b5a8b9b436b05bad,navtest,NAVSIM v1,AMPT,FF-PGRPO,paper_recovery_checkpoint,,,0,,,outputs/navtest_hard_stable_zero658_recogdrive_stage3_vs_pdms914505_20260727/per_token_comparison.csv,1.0,1.0,1.0,1.0,1.0,1.0,1.0,True,False,True,True,False,0.0,zero_to_positive,NC_all_fail
b5b57305df6f5b99,navtest,NAVSIM v1,AMPT,FF-PGRPO,paper_recovery_checkpoint,,,0,,,outputs/navtest_hard_stable_zero658_recogdrive_stage3_vs_pdms914505_20260727/per_token_comparison.csv,0.0,0.0,1.0,1.0,0.0,0.0,1.0,False,True,True,False,False,0.0,zero_to_zero,NC_all_fail
b5b8d20688385790,navtest,NAVSIM v1,AMPT,FF-PGRPO,paper_recovery_checkpoint,,,0,,,outputs/navtest_hard_stable_zero658_recogdrive_stage3_vs_pdms914505_20260727/per_token_comparison.csv,1.0,1.0,1.0,1.0,1.0,1.0,1.0,True,False,True,True,False,1.0,positive_to_positive,NC_and_DAC_all_fail
b60afdbc7cc65971,navtest,NAVSIM v1,AMPT,FF-PGRPO,paper_recovery_checkpoint,,,0,,,outputs/navtest_hard_stable_zero658_recogdrive_stage3_vs_pdms914505_20260727/per_token_comparison.csv,1.0,1.0,1.0,1.0,1.0,1.0,1.0,True,False,True,True,False,1.0,positive_to_positive,DAC_all_fail
b619e01b47775ec5,navtest,NAVSIM v1,AMPT,FF-PGRPO,paper_recovery_checkpoint,,,0,,,outputs/navtest_hard_stable_zero658_recogdrive_stage3_vs_pdms914505_20260727/per_token_comparison.csv,0.9289294013864874,1.0,1.0,1.0,0.8294305633275697,1.0,1.0,True,False,True,True,False,0.9325778445294836,positive_to_positive,DAC_all_fail
b628faa4178d5eaf,navtest,NAVSIM v1,AMPT,FF-PGRPO,paper_recovery_checkpoint,,,0,,,outputs/navtest_hard_stable_zero658_recogdrive_stage3_vs_pdms914505_20260727/per_token_comparison.csv,1.0,1.0,1.0,1.0,1.0,1.0,1.0,True,False,True,True,False,0.0,zero_to_positive,DAC_all_fail
b6b5f3cc01a05f83,navtest,NAVSIM v1,AMPT,FF-PGRPO,paper_recovery_checkpoint,,,0,,,outputs/navtest_hard_stable_zero658_recogdrive_stage3_vs_pdms914505_20260727/per_token_comparison.csv,0.8231955261070482,1.0,1.0,1.0,0.5756692626569153,1.0,1.0,True,False,True,True,False,0.0,zero_to_positive,DAC_all_fail
b7215e8a4eb6552a,navtest,NAVSIM v1,AMPT,FF-PGRPO,paper_recovery_checkpoint,,,0,,,outputs/navtest_hard_stable_zero658_recogdrive_stage3_vs_pdms914505_20260727/per_token_comparison.csv,0.9763403164214508,1.0,1.0,1.0,0.943216759411482,1.0,1.0,True,False,True,True,False,0.946574220991757,positive_to_positive,DAC_all_fail
b770bd5be66d5339,navtest,NAVSIM v1,AMPT,FF-PGRPO,paper_recovery_checkpoint,,,0,,,outputs/navtest_hard_stable_zero658_recogdrive_stage3_vs_pdms914505_20260727/per_token_comparison.csv,0.8649621160618716,1.0,1.0,1.0,0.6759090785484918,1.0,1.0,True,False,True,True,False,0.4799736667596396,positive_to_positive,NC_all_fail
b87c15c9f6cf54eb,navtest,NAVSIM v1,AMPT,FF-PGRPO,paper_recovery_checkpoint,,,0,,,outputs/navtest_hard_stable_zero658_recogdrive_stage3_vs_pdms914505_20260727/per_token_comparison.csv,0.5833333333333334,1.0,1.0,1.0,1.0,0.0,1.0,True,False,True,True,False,0.5833333333333334,positive_to_positive,NC_all_fail
b8cf57333fc65efe,navtest,NAVSIM v1,AMPT,FF-PGRPO,paper_recovery_checkpoint,,,0,,,outputs/navtest_hard_stable_zero658_recogdrive_stage3_vs_pdms914505_20260727/per_token_comparison.csv,0.0,1.0,0.0,1.0,0.0,1.0,1.0,False,True,True,False,False,0.0,zero_to_zero,DAC_all_fail
b96dd2fae674571c,navtest,NAVSIM v1,AMPT,FF-PGRPO,paper_recovery_checkpoint,,,0,,,outputs/navtest_hard_stable_zero658_recogdrive_stage3_vs_pdms914505_20260727/per_token_comparison.csv,0.8751855365080315,1.0,1.0,1.0,0.7004452876192757,1.0,1.0,True,False,True,True,False,0.8876457705064258,positive_to_positive,DAC_all_fail
b9d14f59883a5496,navtest,NAVSIM v1,AMPT,FF-PGRPO,paper_recovery_checkpoint,,,0,,,outputs/navtest_hard_stable_zero658_recogdrive_stage3_vs_pdms914505_20260727/per_token_comparison.csv,0.9297162476552312,1.0,1.0,1.0,0.8313189943725547,1.0,1.0,True,False,True,True,False,0.9381326825875064,positive_to_positive,DAC_all_fail
b9f4efacc7695435,navtest,NAVSIM v1,AMPT,FF-PGRPO,paper_recovery_checkpoint,,,0,,,outputs/navtest_hard_stable_zero658_recogdrive_stage3_vs_pdms914505_20260727/per_token_comparison.csv,1.0,1.0,1.0,1.0,1.0,1.0,1.0,True,False,True,True,False,0.9884271659427556,positive_to_positive,DAC_all_fail
ba09d23c78b95a66,navtest,NAVSIM v1,AMPT,FF-PGRPO,paper_recovery_checkpoint,,,0,,,outputs/navtest_hard_stable_zero658_recogdrive_stage3_vs_pdms914505_20260727/per_token_comparison.csv,0.94988516856257,1.0,1.0,1.0,0.879724404550168,1.0,1.0,True,False,True,True,False,0.9865685119285192,positive_to_positive,NC_all_fail
ba13a6004a0c5f8d,navtest,NAVSIM v1,AMPT,FF-PGRPO,paper_recovery_checkpoint,,,0,,,outputs/navtest_hard_stable_zero658_recogdrive_stage3_vs_pdms914505_20260727/per_token_comparison.csv,0.0,1.0,0.0,1.0,0.0,1.0,1.0,False,True,True,False,False,0.0,zero_to_zero,DAC_all_fail
ba7d6b30a3a15384,navtest,NAVSIM v1,AMPT,FF-PGRPO,paper_recovery_checkpoint,,,0,,,outputs/navtest_hard_stable_zero658_recogdrive_stage3_vs_pdms914505_20260727/per_token_comparison.csv,0.0,1.0,0.0,1.0,0.0,1.0,1.0,False,True,True,False,False,0.0,zero_to_zero,DAC_all_fail
bb5b44d240945ed0,navtest,NAVSIM v1,AMPT,FF-PGRPO,paper_recovery_checkpoint,,,0,,,outputs/navtest_hard_stable_zero658_recogdrive_stage3_vs_pdms914505_20260727/per_token_comparison.csv,0.0,0.0,1.0,1.0,0.0,0.0,1.0,False,True,True,False,False,0.5833333333333334,positive_to_zero,NC_all_fail
bba5d587cab25dfa,navtest,NAVSIM v1,AMPT,FF-PGRPO,paper_recovery_checkpoint,,,0,,,outputs/navtest_hard_stable_zero658_recogdrive_stage3_vs_pdms914505_20260727/per_token_comparison.csv,0.0,1.0,0.0,1.0,0.0,1.0,1.0,False,True,True,False,False,0.0,zero_to_zero,DAC_all_fail
bbb2fd3f27635227,navtest,NAVSIM v1,AMPT,FF-PGRPO,paper_recovery_checkpoint,,,0,,,outputs/navtest_hard_stable_zero658_recogdrive_stage3_vs_pdms914505_20260727/per_token_comparison.csv,0.0,1.0,0.0,1.0,0.0,1.0,1.0,False,True,True,False,False,0.0,zero_to_zero,DAC_all_fail
bc667a4fc0f454d7,navtest,NAVSIM v1,AMPT,FF-PGRPO,paper_recovery_checkpoint,,,0,,,outputs/navtest_hard_stable_zero658_recogdrive_stage3_vs_pdms914505_20260727/per_token_comparison.csv,0.3602558564211575,1.0,1.0,1.0,0.4646140554107782,0.0,1.0,True,False,True,True,False,0.0,zero_to_positive,NC_all_fail
bc73190196b358f6,navtest,NAVSIM v1,AMPT,FF-PGRPO,paper_recovery_checkpoint,,,0,,,outputs/navtest_hard_stable_zero658_recogdrive_stage3_vs_pdms914505_20260727/per_token_comparison.csv,0.0,0.0,1.0,1.0,0.0,0.0,1.0,False,True,True,False,False,0.0,zero_to_zero,NC_all_fail
bd1e37aab1c7530f,navtest,NAVSIM v1,AMPT,FF-PGRPO,paper_recovery_checkpoint,,,0,,,outputs/navtest_hard_stable_zero658_recogdrive_stage3_vs_pdms914505_20260727/per_token_comparison.csv,0.5833333333333334,1.0,1.0,1.0,1.0,0.0,1.0,True,False,True,True,False,0.0,zero_to_positive,NC_all_fail
bd3e71c7666156ee,navtest,NAVSIM v1,AMPT,FF-PGRPO,paper_recovery_checkpoint,,,0,,,outputs/navtest_hard_stable_zero658_recogdrive_stage3_vs_pdms914505_20260727/per_token_comparison.csv,0.8397063788507216,1.0,1.0,1.0,0.6152953092417319,1.0,1.0,True,False,True,True,False,0.0,zero_to_positive,DAC_all_fail
bd4be260be50516f,navtest,NAVSIM v1,AMPT,FF-PGRPO,paper_recovery_checkpoint,,,0,,,outputs/navtest_hard_stable_zero658_recogdrive_stage3_vs_pdms914505_20260727/per_token_comparison.csv,1.0,1.0,1.0,1.0,1.0,1.0,1.0,True,False,True,True,False,1.0,positive_to_positive,DAC_all_fail
bd5e1c226cca5d3e,navtest,NAVSIM v1,AMPT,FF-PGRPO,paper_recovery_checkpoint,,,0,,,outputs/navtest_hard_stable_zero658_recogdrive_stage3_vs_pdms914505_20260727/per_token_comparison.csv,0.9464867784611264,1.0,1.0,1.0,0.871568268306703,1.0,1.0,True,False,True,True,False,0.0,zero_to_positive,NC_all_fail
bd9abb7104dc5408,navtest,NAVSIM v1,AMPT,FF-PGRPO,paper_recovery_checkpoint,,,0,,,outputs/navtest_hard_stable_zero658_recogdrive_stage3_vs_pdms914505_20260727/per_token_comparison.csv,0.9297795075226754,1.0,1.0,1.0,0.831470818054421,1.0,1.0,True,False,True,True,False,0.9209238973974871,positive_to_positive,DAC_all_fail
bdad96248e575296,navtest,NAVSIM v1,AMPT,FF-PGRPO,paper_recovery_checkpoint,,,0,,,outputs/navtest_hard_stable_zero658_recogdrive_stage3_vs_pdms914505_20260727/per_token_comparison.csv,0.0,1.0,0.0,0.5,0.0,1.0,1.0,False,True,True,False,False,0.0,zero_to_zero,DAC_all_fail
bdf4ea0b653c5677,navtest,NAVSIM v1,AMPT,FF-PGRPO,paper_recovery_checkpoint,,,0,,,outputs/navtest_hard_stable_zero658_recogdrive_stage3_vs_pdms914505_20260727/per_token_comparison.csv,0.0,1.0,0.0,0.5,0.0,1.0,1.0,False,True,True,False,False,0.0,zero_to_zero,DAC_all_fail
be6f90f06bc35be3,navtest,NAVSIM v1,AMPT,FF-PGRPO,paper_recovery_checkpoint,,,0,,,outputs/navtest_hard_stable_zero658_recogdrive_stage3_vs_pdms914505_20260727/per_token_comparison.csv,0.0,0.0,0.0,1.0,0.0,0.0,1.0,False,True,True,False,False,0.0,zero_to_zero,DAC_all_fail
bedf9db2d7b15abd,navtest,NAVSIM v1,AMPT,FF-PGRPO,paper_recovery_checkpoint,,,0,,,outputs/navtest_hard_stable_zero658_recogdrive_stage3_vs_pdms914505_20260727/per_token_comparison.csv,1.0,1.0,1.0,1.0,1.0,1.0,1.0,True,False,True,True,False,1.0,positive_to_positive,DAC_all_fail
bf68c079985650d9,navtest,NAVSIM v1,AMPT,FF-PGRPO,paper_recovery_checkpoint,,,0,,,outputs/navtest_hard_stable_zero658_recogdrive_stage3_vs_pdms914505_20260727/per_token_comparison.csv,0.8702610413645414,1.0,1.0,1.0,0.6886264992748995,1.0,1.0,True,False,True,True,False,0.8670186498207278,positive_to_positive,DAC_all_fail
c020f63dbf0d59a6,navtest,NAVSIM v1,AMPT,FF-PGRPO,paper_recovery_checkpoint,,,0,,,outputs/navtest_hard_stable_zero658_recogdrive_stage3_vs_pdms914505_20260727/per_token_comparison.csv,0.9158292217362956,1.0,1.0,1.0,0.7979901321671092,1.0,1.0,True,False,True,True,False,0.9283129630701756,positive_to_positive,DAC_all_fail
c0deb9fb709b5a64,navtest,NAVSIM v1,AMPT,FF-PGRPO,paper_recovery_checkpoint,,,0,,,outputs/navtest_hard_stable_zero658_recogdrive_stage3_vs_pdms914505_20260727/per_token_comparison.csv,0.0,1.0,0.0,1.0,0.0,1.0,1.0,False,True,True,False,False,0.0,zero_to_zero,DAC_all_fail
c0f364f8ed645542,navtest,NAVSIM v1,AMPT,FF-PGRPO,paper_recovery_checkpoint,,,0,,,outputs/navtest_hard_stable_zero658_recogdrive_stage3_vs_pdms914505_20260727/per_token_comparison.csv,0.949205842579517,1.0,1.0,1.0,0.8780940221908409,1.0,1.0,True,False,True,True,False,0.945109773663068,positive_to_positive,DAC_all_fail
c1553b5b161e5db1,navtest,NAVSIM v1,AMPT,FF-PGRPO,paper_recovery_checkpoint,,,0,,,outputs/navtest_hard_stable_zero658_recogdrive_stage3_vs_pdms914505_20260727/per_token_comparison.csv,0.0,1.0,0.0,1.0,0.0,1.0,1.0,False,True,True,False,False,0.0,zero_to_zero,DAC_all_fail
c16f84d1251552af,navtest,NAVSIM v1,AMPT,FF-PGRPO,paper_recovery_checkpoint,,,0,,,outputs/navtest_hard_stable_zero658_recogdrive_stage3_vs_pdms914505_20260727/per_token_comparison.csv,0.9055145037170532,1.0,1.0,1.0,0.7732348089209276,1.0,1.0,True,False,True,True,False,0.0,zero_to_positive,DAC_all_fail
c1839a3333695317,navtest,NAVSIM v1,AMPT,FF-PGRPO,paper_recovery_checkpoint,,,0,,,outputs/navtest_hard_stable_zero658_recogdrive_stage3_vs_pdms914505_20260727/per_token_comparison.csv,1.0,1.0,1.0,1.0,1.0,1.0,1.0,True,False,True,True,False,0.0,zero_to_positive,DAC_all_fail
c195a8cb7ccb59fd,navtest,NAVSIM v1,AMPT,FF-PGRPO,paper_recovery_checkpoint,,,0,,,outputs/navtest_hard_stable_zero658_recogdrive_stage3_vs_pdms914505_20260727/per_token_comparison.csv,0.8190173189885718,1.0,1.0,1.0,0.5656415655725725,1.0,1.0,True,False,True,True,False,0.8224588356052965,positive_to_positive,DAC_all_fail
c20a7d6f7c9e5379,navtest,NAVSIM v1,AMPT,FF-PGRPO,paper_recovery_checkpoint,,,0,,,outputs/navtest_hard_stable_zero658_recogdrive_stage3_vs_pdms914505_20260727/per_token_comparison.csv,0.8843273528025719,1.0,1.0,1.0,0.7223856467261724,1.0,1.0,True,False,True,True,False,0.8814650221141768,positive_to_positive,DAC_all_fail
c2aa6f44aad45549,navtest,NAVSIM v1,AMPT,FF-PGRPO,paper_recovery_checkpoint,,,0,,,outputs/navtest_hard_stable_zero658_recogdrive_stage3_vs_pdms914505_20260727/per_token_comparison.csv,1.0,1.0,1.0,1.0,1.0,1.0,1.0,True,False,True,True,False,0.9953964570959276,positive_to_positive,DAC_all_fail
c30bc48417bf5354,navtest,NAVSIM v1,AMPT,FF-PGRPO,paper_recovery_checkpoint,,,0,,,outputs/navtest_hard_stable_zero658_recogdrive_stage3_vs_pdms914505_20260727/per_token_comparison.csv,0.9445030264731998,1.0,1.0,1.0,0.8668072635356796,1.0,1.0,True,False,True,True,False,0.9360807757598324,positive_to_positive,DAC_all_fail
c35e290a671a5084,navtest,NAVSIM v1,AMPT,FF-PGRPO,paper_recovery_checkpoint,,,0,,,outputs/navtest_hard_stable_zero658_recogdrive_stage3_vs_pdms914505_20260727/per_token_comparison.csv,0.0,0.0,1.0,1.0,0.0,0.0,1.0,False,True,True,False,False,0.0,zero_to_zero,NC_all_fail
c35f0df7bfdb5140,navtest,NAVSIM v1,AMPT,FF-PGRPO,paper_recovery_checkpoint,,,0,,,outputs/navtest_hard_stable_zero658_recogdrive_stage3_vs_pdms914505_20260727/per_token_comparison.csv,1.0,1.0,1.0,1.0,1.0,1.0,1.0,True,False,True,True,False,1.0,positive_to_positive,NC_all_fail
c3ace87d2f985eaa,navtest,NAVSIM v1,AMPT,FF-PGRPO,paper_recovery_checkpoint,,,0,,,outputs/navtest_hard_stable_zero658_recogdrive_stage3_vs_pdms914505_20260727/per_token_comparison.csv,0.0,0.0,1.0,1.0,0.0,0.0,1.0,False,True,True,False,False,0.0,zero_to_zero,NC_all_fail
c3cdc9086b1a55f6,navtest,NAVSIM v1,AMPT,FF-PGRPO,paper_recovery_checkpoint,,,0,,,outputs/navtest_hard_stable_zero658_recogdrive_stage3_vs_pdms914505_20260727/per_token_comparison.csv,0.8461872695161916,1.0,1.0,1.0,0.6308494468388599,1.0,1.0,True,False,True,True,False,0.8511071850303459,positive_to_positive,DAC_all_fail
c40e41ba1a285e0d,navtest,NAVSIM v1,AMPT,FF-PGRPO,paper_recovery_checkpoint,,,0,,,outputs/navtest_hard_stable_zero658_recogdrive_stage3_vs_pdms914505_20260727/per_token_comparison.csv,1.0,1.0,1.0,1.0,1.0,1.0,1.0,True,False,True,True,False,1.0,positive_to_positive,DAC_all_fail
c44755b18af45385,navtest,NAVSIM v1,AMPT,FF-PGRPO,paper_recovery_checkpoint,,,0,,,outputs/navtest_hard_stable_zero658_recogdrive_stage3_vs_pdms914505_20260727/per_token_comparison.csv,1.0,1.0,1.0,1.0,1.0,1.0,1.0,True,False,True,True,False,0.0,zero_to_positive,DAC_all_fail
c4884a363f805a18,navtest,NAVSIM v1,AMPT,FF-PGRPO,paper_recovery_checkpoint,,,0,,,outputs/navtest_hard_stable_zero658_recogdrive_stage3_vs_pdms914505_20260727/per_token_comparison.csv,0.0,1.0,0.0,1.0,0.0,1.0,1.0,False,True,True,False,False,0.0,zero_to_zero,DAC_all_fail
c5510354351d5d5e,navtest,NAVSIM v1,AMPT,FF-PGRPO,paper_recovery_checkpoint,,,0,,,outputs/navtest_hard_stable_zero658_recogdrive_stage3_vs_pdms914505_20260727/per_token_comparison.csv,1.0,1.0,1.0,1.0,1.0,1.0,1.0,True,False,True,True,False,1.0,positive_to_positive,NC_all_fail
c5b585ddf50d5f1f,navtest,NAVSIM v1,AMPT,FF-PGRPO,paper_recovery_checkpoint,,,0,,,outputs/navtest_hard_stable_zero658_recogdrive_stage3_vs_pdms914505_20260727/per_token_comparison.csv,1.0,1.0,1.0,1.0,1.0,1.0,1.0,True,False,True,True,False,1.0,positive_to_positive,NC_all_fail
c5ff90667143574a,navtest,NAVSIM v1,AMPT,FF-PGRPO,paper_recovery_checkpoint,,,0,,,outputs/navtest_hard_stable_zero658_recogdrive_stage3_vs_pdms914505_20260727/per_token_comparison.csv,0.0,0.0,1.0,1.0,0.0,0.0,1.0,False,True,True,False,False,0.0,zero_to_zero,NC_all_fail
c7c04f1581855ac4,navtest,NAVSIM v1,AMPT,FF-PGRPO,paper_recovery_checkpoint,,,0,,,outputs/navtest_hard_stable_zero658_recogdrive_stage3_vs_pdms914505_20260727/per_token_comparison.csv,0.924508765973172,1.0,1.0,1.0,0.8188210383356125,1.0,1.0,True,False,True,True,False,0.993770867308308,positive_to_positive,NC_all_fail
c7c9121707745be3,navtest,NAVSIM v1,AMPT,FF-PGRPO,paper_recovery_checkpoint,,,0,,,outputs/navtest_hard_stable_zero658_recogdrive_stage3_vs_pdms914505_20260727/per_token_comparison.csv,1.0,1.0,1.0,1.0,1.0,1.0,1.0,True,False,True,True,False,0.0,zero_to_positive,NC_all_fail
c80072cd3e165a71,navtest,NAVSIM v1,AMPT,FF-PGRPO,paper_recovery_checkpoint,,,0,,,outputs/navtest_hard_stable_zero658_recogdrive_stage3_vs_pdms914505_20260727/per_token_comparison.csv,0.8937897029061412,1.0,1.0,1.0,0.7450952869747388,1.0,1.0,True,False,True,True,False,0.0,zero_to_positive,DAC_all_fail
c8629b9dd63e56ad,navtest,NAVSIM v1,AMPT,FF-PGRPO,paper_recovery_checkpoint,,,0,,,outputs/navtest_hard_stable_zero658_recogdrive_stage3_vs_pdms914505_20260727/per_token_comparison.csv,0.0,1.0,0.0,1.0,0.0,1.0,1.0,False,True,True,False,False,0.0,zero_to_zero,DAC_all_fail
c91c301500e95244,navtest,NAVSIM v1,AMPT,FF-PGRPO,paper_recovery_checkpoint,,,0,,,outputs/navtest_hard_stable_zero658_recogdrive_stage3_vs_pdms914505_20260727/per_token_comparison.csv,1.0,1.0,1.0,1.0,1.0,1.0,1.0,True,False,True,True,False,0.5833333333333334,positive_to_positive,NC_all_fail
c9fb5f51480b5ff8,navtest,NAVSIM v1,AMPT,FF-PGRPO,paper_recovery_checkpoint,,,0,,,outputs/navtest_hard_stable_zero658_recogdrive_stage3_vs_pdms914505_20260727/per_token_comparison.csv,0.0,1.0,0.0,1.0,0.0,1.0,1.0,False,True,True,False,False,0.0,zero_to_zero,DAC_all_fail
ca000fa91efb560c,navtest,NAVSIM v1,AMPT,FF-PGRPO,paper_recovery_checkpoint,,,0,,,outputs/navtest_hard_stable_zero658_recogdrive_stage3_vs_pdms914505_20260727/per_token_comparison.csv,1.0,1.0,1.0,1.0,1.0,1.0,1.0,True,False,True,True,False,1.0,positive_to_positive,DAC_all_fail
ca58b2e039305479,navtest,NAVSIM v1,AMPT,FF-PGRPO,paper_recovery_checkpoint,,,0,,,outputs/navtest_hard_stable_zero658_recogdrive_stage3_vs_pdms914505_20260727/per_token_comparison.csv,0.9382878872823018,1.0,1.0,1.0,0.8518909294775245,1.0,1.0,True,False,True,True,False,0.9311064185127496,positive_to_positive,DAC_all_fail
ca8a417f32d859ba,navtest,NAVSIM v1,AMPT,FF-PGRPO,paper_recovery_checkpoint,,,0,,,outputs/navtest_hard_stable_zero658_recogdrive_stage3_vs_pdms914505_20260727/per_token_comparison.csv,0.0,0.0,1.0,1.0,0.0,0.0,1.0,False,True,True,False,False,0.0,zero_to_zero,DAC_all_fail
cace9e6345445eee,navtest,NAVSIM v1,AMPT,FF-PGRPO,paper_recovery_checkpoint,,,0,,,outputs/navtest_hard_stable_zero658_recogdrive_stage3_vs_pdms914505_20260727/per_token_comparison.csv,0.9676196239493848,1.0,1.0,1.0,0.9222870974785236,1.0,1.0,True,False,True,True,False,0.9451526469806965,positive_to_positive,DAC_all_fail
cb2db72bfca85119,navtest,NAVSIM v1,AMPT,FF-PGRPO,paper_recovery_checkpoint,,,0,,,outputs/navtest_hard_stable_zero658_recogdrive_stage3_vs_pdms914505_20260727/per_token_comparison.csv,0.8085375559060113,1.0,1.0,1.0,0.5404901341744269,1.0,1.0,True,False,True,True,False,0.845246531231452,positive_to_positive,DAC_all_fail
cb8b1f36617c50d4,navtest,NAVSIM v1,AMPT,FF-PGRPO,paper_recovery_checkpoint,,,0,,,outputs/navtest_hard_stable_zero658_recogdrive_stage3_vs_pdms914505_20260727/per_token_comparison.csv,0.0,1.0,0.0,1.0,0.0,1.0,1.0,False,True,True,False,False,0.0,zero_to_zero,DAC_all_fail
cba63a3ef5bc51b3,navtest,NAVSIM v1,AMPT,FF-PGRPO,paper_recovery_checkpoint,,,0,,,outputs/navtest_hard_stable_zero658_recogdrive_stage3_vs_pdms914505_20260727/per_token_comparison.csv,0.0,0.0,1.0,1.0,0.0,0.0,1.0,False,True,True,False,False,0.0,zero_to_zero,NC_all_fail
cbcd554895c75231,navtest,NAVSIM v1,AMPT,FF-PGRPO,paper_recovery_checkpoint,,,0,,,outputs/navtest_hard_stable_zero658_recogdrive_stage3_vs_pdms914505_20260727/per_token_comparison.csv,0.0,1.0,0.0,1.0,0.0,1.0,1.0,False,True,True,False,False,0.946673584496604,positive_to_zero,DAC_all_fail
cbdda157b6705786,navtest,NAVSIM v1,AMPT,FF-PGRPO,paper_recovery_checkpoint,,,0,,,outputs/navtest_hard_stable_zero658_recogdrive_stage3_vs_pdms914505_20260727/per_token_comparison.csv,0.9576980046567946,1.0,1.0,1.0,0.8984752111763068,1.0,1.0,True,False,True,True,False,0.9111605413582552,positive_to_positive,DAC_all_fail
cbe3a6c80bfb5327,navtest,NAVSIM v1,AMPT,FF-PGRPO,paper_recovery_checkpoint,,,0,,,outputs/navtest_hard_stable_zero658_recogdrive_stage3_vs_pdms914505_20260727/per_token_comparison.csv,1.0,1.0,1.0,1.0,1.0,1.0,1.0,True,False,True,True,False,1.0,positive_to_positive,NC_all_fail
cc6022c226c15d80,navtest,NAVSIM v1,AMPT,FF-PGRPO,paper_recovery_checkpoint,,,0,,,outputs/navtest_hard_stable_zero658_recogdrive_stage3_vs_pdms914505_20260727/per_token_comparison.csv,1.0,1.0,1.0,1.0,1.0,1.0,1.0,True,False,True,True,False,1.0,positive_to_positive,DAC_all_fail
cc652b7870745fa5,navtest,NAVSIM v1,AMPT,FF-PGRPO,paper_recovery_checkpoint,,,0,,,outputs/navtest_hard_stable_zero658_recogdrive_stage3_vs_pdms914505_20260727/per_token_comparison.csv,0.9392314942881832,1.0,1.0,1.0,0.8541555862916399,1.0,1.0,True,False,True,True,False,0.0,zero_to_positive,DAC_all_fail
cc86bfa114035604,navtest,NAVSIM v1,AMPT,FF-PGRPO,paper_recovery_checkpoint,,,0,,,outputs/navtest_hard_stable_zero658_recogdrive_stage3_vs_pdms914505_20260727/per_token_comparison.csv,0.0,1.0,0.0,1.0,0.0,1.0,1.0,False,True,True,False,False,0.0,zero_to_zero,DAC_all_fail
ccd74f5377b85a36,navtest,NAVSIM v1,AMPT,FF-PGRPO,paper_recovery_checkpoint,,,0,,,outputs/navtest_hard_stable_zero658_recogdrive_stage3_vs_pdms914505_20260727/per_token_comparison.csv,0.9208277233344558,1.0,1.0,1.0,0.809986536002694,1.0,1.0,True,False,True,True,False,0.0,zero_to_positive,NC_all_fail
cd284af1ade75426,navtest,NAVSIM v1,AMPT,FF-PGRPO,paper_recovery_checkpoint,,,0,,,outputs/navtest_hard_stable_zero658_recogdrive_stage3_vs_pdms914505_20260727/per_token_comparison.csv,0.9450033767811244,1.0,1.0,1.0,0.8680081042746984,1.0,1.0,True,False,True,True,False,0.9496900359341532,positive_to_positive,DAC_all_fail
cd72b9f6b03f5f41,navtest,NAVSIM v1,AMPT,FF-PGRPO,paper_recovery_checkpoint,,,0,,,outputs/navtest_hard_stable_zero658_recogdrive_stage3_vs_pdms914505_20260727/per_token_comparison.csv,0.0,0.0,1.0,1.0,0.0,0.0,1.0,False,True,True,False,False,0.5833333333333334,positive_to_zero,NC_all_fail
cd8518ca186155f9,navtest,NAVSIM v1,AMPT,FF-PGRPO,paper_recovery_checkpoint,,,0,,,outputs/navtest_hard_stable_zero658_recogdrive_stage3_vs_pdms914505_20260727/per_token_comparison.csv,1.0,1.0,1.0,1.0,1.0,1.0,1.0,True,False,True,True,False,1.0,positive_to_positive,DAC_all_fail
cda41068b4b65ae0,navtest,NAVSIM v1,AMPT,FF-PGRPO,paper_recovery_checkpoint,,,0,,,outputs/navtest_hard_stable_zero658_recogdrive_stage3_vs_pdms914505_20260727/per_token_comparison.csv,0.9343021167395764,1.0,1.0,1.0,0.8423250801749835,1.0,1.0,True,False,True,True,False,0.9142403399245852,positive_to_positive,DAC_all_fail
cdc9d2e591cc552c,navtest,NAVSIM v1,AMPT,FF-PGRPO,paper_recovery_checkpoint,,,0,,,outputs/navtest_hard_stable_zero658_recogdrive_stage3_vs_pdms914505_20260727/per_token_comparison.csv,1.0,1.0,1.0,1.0,1.0,1.0,1.0,True,False,True,True,False,1.0,positive_to_positive,DAC_all_fail
cdf234c4f4c35156,navtest,NAVSIM v1,AMPT,FF-PGRPO,paper_recovery_checkpoint,,,0,,,outputs/navtest_hard_stable_zero658_recogdrive_stage3_vs_pdms914505_20260727/per_token_comparison.csv,0.0,1.0,0.0,1.0,0.0,1.0,1.0,False,True,True,False,False,0.0,zero_to_zero,DAC_all_fail
cf05c9f4f6e55af3,navtest,NAVSIM v1,AMPT,FF-PGRPO,paper_recovery_checkpoint,,,0,,,outputs/navtest_hard_stable_zero658_recogdrive_stage3_vs_pdms914505_20260727/per_token_comparison.csv,0.8751850051107081,1.0,1.0,1.0,0.7004440122656993,1.0,1.0,True,False,True,True,False,0.9107727688593904,positive_to_positive,NC_all_fail
cf0aec572cdd543e,navtest,NAVSIM v1,AMPT,FF-PGRPO,paper_recovery_checkpoint,,,0,,,outputs/navtest_hard_stable_zero658_recogdrive_stage3_vs_pdms914505_20260727/per_token_comparison.csv,1.0,1.0,1.0,1.0,1.0,1.0,1.0,True,False,True,True,False,0.5833333333333334,positive_to_positive,NC_all_fail
cf1ba57897845189,navtest,NAVSIM v1,AMPT,FF-PGRPO,paper_recovery_checkpoint,,,0,,,outputs/navtest_hard_stable_zero658_recogdrive_stage3_vs_pdms914505_20260727/per_token_comparison.csv,0.9464185039638792,1.0,1.0,1.0,0.87140440951331,1.0,1.0,True,False,True,True,False,0.9277770498277956,positive_to_positive,DAC_all_fail
d01fec804cd45644,navtest,NAVSIM v1,AMPT,FF-PGRPO,paper_recovery_checkpoint,,,0,,,outputs/navtest_hard_stable_zero658_recogdrive_stage3_vs_pdms914505_20260727/per_token_comparison.csv,0.8287901731997541,1.0,1.0,1.0,0.5890964156794098,1.0,1.0,True,False,True,True,False,0.8412668449481688,positive_to_positive,DAC_all_fail
d02d0643d42c5d91,navtest,NAVSIM v1,AMPT,FF-PGRPO,paper_recovery_checkpoint,,,0,,,outputs/navtest_hard_stable_zero658_recogdrive_stage3_vs_pdms914505_20260727/per_token_comparison.csv,0.8915966229323277,1.0,1.0,1.0,0.7398318950375864,1.0,1.0,True,False,True,True,False,0.0,zero_to_positive,DAC_all_fail
d14ccafb937a543a,navtest,NAVSIM v1,AMPT,FF-PGRPO,paper_recovery_checkpoint,,,0,,,outputs/navtest_hard_stable_zero658_recogdrive_stage3_vs_pdms914505_20260727/per_token_comparison.csv,0.0,1.0,0.0,0.0,0.0,0.0,1.0,False,True,True,False,False,0.0,zero_to_zero,DAC_all_fail
d1bae9e7d9785598,navtest,NAVSIM v1,AMPT,FF-PGRPO,paper_recovery_checkpoint,,,0,,,outputs/navtest_hard_stable_zero658_recogdrive_stage3_vs_pdms914505_20260727/per_token_comparison.csv,0.0,1.0,0.0,1.0,0.0,1.0,1.0,False,True,True,False,False,0.0,zero_to_zero,DAC_all_fail
d2777b7b71325a67,navtest,NAVSIM v1,AMPT,FF-PGRPO,paper_recovery_checkpoint,,,0,,,outputs/navtest_hard_stable_zero658_recogdrive_stage3_vs_pdms914505_20260727/per_token_comparison.csv,0.9514651778451556,1.0,1.0,1.0,0.8835164268283734,1.0,1.0,True,False,True,True,False,0.9403330107220236,positive_to_positive,DAC_all_fail
d2937fdb8d605a73,navtest,NAVSIM v1,AMPT,FF-PGRPO,paper_recovery_checkpoint,,,0,,,outputs/navtest_hard_stable_zero658_recogdrive_stage3_vs_pdms914505_20260727/per_token_comparison.csv,0.9132075077755788,1.0,1.0,1.0,0.7916980186613892,1.0,1.0,True,False,True,True,False,0.9180511047540948,positive_to_positive,DAC_all_fail
d360ce59cdc15efc,navtest,NAVSIM v1,AMPT,FF-PGRPO,paper_recovery_checkpoint,,,0,,,outputs/navtest_hard_stable_zero658_recogdrive_stage3_vs_pdms914505_20260727/per_token_comparison.csv,0.0,1.0,0.0,1.0,0.0,1.0,1.0,False,True,True,False,False,0.0,zero_to_zero,DAC_all_fail
d37e71f395695c6f,navtest,NAVSIM v1,AMPT,FF-PGRPO,paper_recovery_checkpoint,,,0,,,outputs/navtest_hard_stable_zero658_recogdrive_stage3_vs_pdms914505_20260727/per_token_comparison.csv,0.9810630719948648,1.0,1.0,1.0,0.9545513727876755,1.0,1.0,True,False,True,True,False,0.9693732288234947,positive_to_positive,DAC_all_fail
d3d9e16508ae5756,navtest,NAVSIM v1,AMPT,FF-PGRPO,paper_recovery_checkpoint,,,0,,,outputs/navtest_hard_stable_zero658_recogdrive_stage3_vs_pdms914505_20260727/per_token_comparison.csv,0.0,1.0,0.0,1.0,0.0,1.0,1.0,False,True,True,False,False,0.0,zero_to_zero,DAC_all_fail
d44d886053b15b23,navtest,NAVSIM v1,AMPT,FF-PGRPO,paper_recovery_checkpoint,,,0,,,outputs/navtest_hard_stable_zero658_recogdrive_stage3_vs_pdms914505_20260727/per_token_comparison.csv,0.0,1.0,0.0,0.0,0.0,1.0,1.0,False,True,True,False,False,0.0,zero_to_zero,DAC_all_fail
d497c1998ba75bb9,navtest,NAVSIM v1,AMPT,FF-PGRPO,paper_recovery_checkpoint,,,0,,,outputs/navtest_hard_stable_zero658_recogdrive_stage3_vs_pdms914505_20260727/per_token_comparison.csv,0.0,1.0,0.0,1.0,0.0,1.0,1.0,False,True,True,False,False,0.8842447832893142,positive_to_zero,DAC_all_fail
d5a5e1b5588b56d5,navtest,NAVSIM v1,AMPT,FF-PGRPO,paper_recovery_checkpoint,,,0,,,outputs/navtest_hard_stable_zero658_recogdrive_stage3_vs_pdms914505_20260727/per_token_comparison.csv,0.9861647211813688,1.0,1.0,1.0,0.9667953308352852,1.0,1.0,True,False,True,True,False,0.9704331676718964,positive_to_positive,DAC_all_fail
d5bf13024f755ee4,navtest,NAVSIM v1,AMPT,FF-PGRPO,paper_recovery_checkpoint,,,0,,,outputs/navtest_hard_stable_zero658_recogdrive_stage3_vs_pdms914505_20260727/per_token_comparison.csv,0.9367838557975472,1.0,1.0,1.0,0.8482812539141127,1.0,1.0,True,False,True,True,False,0.9395286670423314,positive_to_positive,DAC_all_fail
d61fe42422225edf,navtest,NAVSIM v1,AMPT,FF-PGRPO,paper_recovery_checkpoint,,,0,,,outputs/navtest_hard_stable_zero658_recogdrive_stage3_vs_pdms914505_20260727/per_token_comparison.csv,1.0,1.0,1.0,1.0,1.0,1.0,1.0,True,False,True,True,False,1.0,positive_to_positive,DAC_all_fail
d637ce98fc5353be,navtest,NAVSIM v1,AMPT,FF-PGRPO,paper_recovery_checkpoint,,,0,,,outputs/navtest_hard_stable_zero658_recogdrive_stage3_vs_pdms914505_20260727/per_token_comparison.csv,0.9479686890413695,1.0,1.0,1.0,0.8751248536992866,1.0,1.0,True,False,True,True,False,0.9999548303864232,positive_to_positive,DAC_all_fail
d64a3964875f5b41,navtest,NAVSIM v1,AMPT,FF-PGRPO,paper_recovery_checkpoint,,,0,,,outputs/navtest_hard_stable_zero658_recogdrive_stage3_vs_pdms914505_20260727/per_token_comparison.csv,1.0,1.0,1.0,1.0,1.0,1.0,1.0,True,False,True,True,False,1.0,positive_to_positive,DAC_all_fail
d68601dbb9d45f6b,navtest,NAVSIM v1,AMPT,FF-PGRPO,paper_recovery_checkpoint,,,0,,,outputs/navtest_hard_stable_zero658_recogdrive_stage3_vs_pdms914505_20260727/per_token_comparison.csv,1.0,1.0,1.0,1.0,1.0,1.0,1.0,True,False,True,True,False,1.0,positive_to_positive,DAC_all_fail
d6b5646287065fa8,navtest,NAVSIM v1,AMPT,FF-PGRPO,paper_recovery_checkpoint,,,0,,,outputs/navtest_hard_stable_zero658_recogdrive_stage3_vs_pdms914505_20260727/per_token_comparison.csv,0.0,1.0,0.0,0.5,0.0,1.0,1.0,False,True,True,False,False,0.0,zero_to_zero,DAC_all_fail
d715fbc6ea0551f8,navtest,NAVSIM v1,AMPT,FF-PGRPO,paper_recovery_checkpoint,,,0,,,outputs/navtest_hard_stable_zero658_recogdrive_stage3_vs_pdms914505_20260727/per_token_comparison.csv,1.0,1.0,1.0,1.0,1.0,1.0,1.0,True,False,True,True,False,1.0,positive_to_positive,DAC_all_fail
d7928caf300452e2,navtest,NAVSIM v1,AMPT,FF-PGRPO,paper_recovery_checkpoint,,,0,,,outputs/navtest_hard_stable_zero658_recogdrive_stage3_vs_pdms914505_20260727/per_token_comparison.csv,0.8853143848019633,1.0,1.0,1.0,0.7247545235247119,1.0,1.0,True,False,True,True,False,0.880221471209031,positive_to_positive,DAC_all_fail
d796c1764d575153,navtest,NAVSIM v1,AMPT,FF-PGRPO,paper_recovery_checkpoint,,,0,,,outputs/navtest_hard_stable_zero658_recogdrive_stage3_vs_pdms914505_20260727/per_token_comparison.csv,1.0,1.0,1.0,1.0,1.0,1.0,1.0,True,False,True,True,False,0.0,zero_to_positive,NC_all_fail
d7c74666773f5575,navtest,NAVSIM v1,AMPT,FF-PGRPO,paper_recovery_checkpoint,,,0,,,outputs/navtest_hard_stable_zero658_recogdrive_stage3_vs_pdms914505_20260727/per_token_comparison.csv,0.0,1.0,0.0,1.0,0.0,1.0,1.0,False,True,True,False,False,0.0,zero_to_zero,DAC_all_fail
d7f6204c325d53fe,navtest,NAVSIM v1,AMPT,FF-PGRPO,paper_recovery_checkpoint,,,0,,,outputs/navtest_hard_stable_zero658_recogdrive_stage3_vs_pdms914505_20260727/per_token_comparison.csv,1.0,1.0,1.0,1.0,1.0,1.0,1.0,True,False,True,True,False,1.0,positive_to_positive,DAC_all_fail
d7fdaa2d555c5272,navtest,NAVSIM v1,AMPT,FF-PGRPO,paper_recovery_checkpoint,,,0,,,outputs/navtest_hard_stable_zero658_recogdrive_stage3_vs_pdms914505_20260727/per_token_comparison.csv,0.9528680946604547,1.0,1.0,1.0,0.8868834271850915,1.0,1.0,True,False,True,True,False,0.5284691326339753,positive_to_positive,NC_all_fail
d8320bd0be9a50b3,navtest,NAVSIM v1,AMPT,FF-PGRPO,paper_recovery_checkpoint,,,0,,,outputs/navtest_hard_stable_zero658_recogdrive_stage3_vs_pdms914505_20260727/per_token_comparison.csv,0.0,0.0,0.0,1.0,0.0,0.0,1.0,False,True,True,False,False,0.0,zero_to_zero,DAC_all_fail
d84b338d48335e67,navtest,NAVSIM v1,AMPT,FF-PGRPO,paper_recovery_checkpoint,,,0,,,outputs/navtest_hard_stable_zero658_recogdrive_stage3_vs_pdms914505_20260727/per_token_comparison.csv,0.9175433599138116,1.0,1.0,1.0,0.8021040637931477,1.0,1.0,True,False,True,True,False,0.8995265760762615,positive_to_positive,DAC_all_fail
d89c9a87852151d1,navtest,NAVSIM v1,AMPT,FF-PGRPO,paper_recovery_checkpoint,,,0,,,outputs/navtest_hard_stable_zero658_recogdrive_stage3_vs_pdms914505_20260727/per_token_comparison.csv,0.936105494060909,1.0,1.0,1.0,0.8466531857461818,1.0,1.0,True,False,True,True,False,0.9203921599768852,positive_to_positive,DAC_all_fail
d8f68111f5145cc9,navtest,NAVSIM v1,AMPT,FF-PGRPO,paper_recovery_checkpoint,,,0,,,outputs/navtest_hard_stable_zero658_recogdrive_stage3_vs_pdms914505_20260727/per_token_comparison.csv,0.9922882857815916,1.0,1.0,1.0,0.9814918858758196,1.0,1.0,True,False,True,True,False,1.0,positive_to_positive,DAC_all_fail
d91f0c28683e52da,navtest,NAVSIM v1,AMPT,FF-PGRPO,paper_recovery_checkpoint,,,0,,,outputs/navtest_hard_stable_zero658_recogdrive_stage3_vs_pdms914505_20260727/per_token_comparison.csv,0.5833333333333334,1.0,1.0,1.0,1.0,0.0,1.0,True,False,True,True,False,0.5833333333333334,positive_to_positive,NC_all_fail
d925879cb467504c,navtest,NAVSIM v1,AMPT,FF-PGRPO,paper_recovery_checkpoint,,,0,,,outputs/navtest_hard_stable_zero658_recogdrive_stage3_vs_pdms914505_20260727/per_token_comparison.csv,0.0,0.0,1.0,1.0,0.0,0.0,1.0,False,True,True,False,False,0.0,zero_to_zero,NC_all_fail
d9422fc7065e5b62,navtest,NAVSIM v1,AMPT,FF-PGRPO,paper_recovery_checkpoint,,,0,,,outputs/navtest_hard_stable_zero658_recogdrive_stage3_vs_pdms914505_20260727/per_token_comparison.csv,0.0,1.0,0.0,1.0,0.0,1.0,1.0,False,True,True,False,False,0.0,zero_to_zero,DAC_all_fail
d94860755c1f5594,navtest,NAVSIM v1,AMPT,FF-PGRPO,paper_recovery_checkpoint,,,0,,,outputs/navtest_hard_stable_zero658_recogdrive_stage3_vs_pdms914505_20260727/per_token_comparison.csv,1.0,1.0,1.0,1.0,1.0,1.0,1.0,True,False,True,True,False,0.9702619898689564,positive_to_positive,NC_all_fail
d9eeceb896445e10,navtest,NAVSIM v1,AMPT,FF-PGRPO,paper_recovery_checkpoint,,,0,,,outputs/navtest_hard_stable_zero658_recogdrive_stage3_vs_pdms914505_20260727/per_token_comparison.csv,0.9313293914711984,1.0,1.0,1.0,0.8351905395308764,1.0,1.0,True,False,True,True,False,0.0,zero_to_positive,DAC_all_fail
da56fca2caff52e4,navtest,NAVSIM v1,AMPT,FF-PGRPO,paper_recovery_checkpoint,,,0,,,outputs/navtest_hard_stable_zero658_recogdrive_stage3_vs_pdms914505_20260727/per_token_comparison.csv,0.4656026421717623,1.0,1.0,1.0,0.7174463412122295,0.0,1.0,True,False,True,True,False,0.0,zero_to_positive,DAC_all_fail
da928b52410d5da6,navtest,NAVSIM v1,AMPT,FF-PGRPO,paper_recovery_checkpoint,,,0,,,outputs/navtest_hard_stable_zero658_recogdrive_stage3_vs_pdms914505_20260727/per_token_comparison.csv,0.0,1.0,0.0,1.0,0.0,1.0,1.0,False,True,True,False,False,0.0,zero_to_zero,DAC_all_fail
dac5a6aa183b5e73,navtest,NAVSIM v1,AMPT,FF-PGRPO,paper_recovery_checkpoint,,,0,,,outputs/navtest_hard_stable_zero658_recogdrive_stage3_vs_pdms914505_20260727/per_token_comparison.csv,0.0,1.0,0.0,1.0,0.0,1.0,1.0,False,True,True,False,False,0.0,zero_to_zero,DAC_all_fail
dadfddb20a29587d,navtest,NAVSIM v1,AMPT,FF-PGRPO,paper_recovery_checkpoint,,,0,,,outputs/navtest_hard_stable_zero658_recogdrive_stage3_vs_pdms914505_20260727/per_token_comparison.csv,0.0,1.0,0.0,1.0,0.0,1.0,1.0,False,True,True,False,False,0.0,zero_to_zero,DAC_all_fail
daf38cecd5045cf6,navtest,NAVSIM v1,AMPT,FF-PGRPO,paper_recovery_checkpoint,,,0,,,outputs/navtest_hard_stable_zero658_recogdrive_stage3_vs_pdms914505_20260727/per_token_comparison.csv,1.0,1.0,1.0,0.5,1.0,1.0,1.0,True,False,True,True,False,0.5833333333333334,positive_to_positive,NC_all_fail
dc26fde28bc65ef6,navtest,NAVSIM v1,AMPT,FF-PGRPO,paper_recovery_checkpoint,,,0,,,outputs/navtest_hard_stable_zero658_recogdrive_stage3_vs_pdms914505_20260727/per_token_comparison.csv,0.0,1.0,0.0,1.0,0.0,1.0,1.0,False,True,True,False,False,0.0,zero_to_zero,DAC_all_fail
dcb6ca8a732551eb,navtest,NAVSIM v1,AMPT,FF-PGRPO,paper_recovery_checkpoint,,,0,,,outputs/navtest_hard_stable_zero658_recogdrive_stage3_vs_pdms914505_20260727/per_token_comparison.csv,0.0,1.0,0.0,1.0,0.0,1.0,1.0,False,True,True,False,False,0.0,zero_to_zero,DAC_all_fail
dd07f89bea6f5147,navtest,NAVSIM v1,AMPT,FF-PGRPO,paper_recovery_checkpoint,,,0,,,outputs/navtest_hard_stable_zero658_recogdrive_stage3_vs_pdms914505_20260727/per_token_comparison.csv,0.9705249944846744,1.0,1.0,1.0,0.9292599867632184,1.0,1.0,True,False,True,True,False,0.9630551242687252,positive_to_positive,DAC_all_fail
dd162898ecf351d4,navtest,NAVSIM v1,AMPT,FF-PGRPO,paper_recovery_checkpoint,,,0,,,outputs/navtest_hard_stable_zero658_recogdrive_stage3_vs_pdms914505_20260727/per_token_comparison.csv,1.0,1.0,1.0,1.0,1.0,1.0,1.0,True,False,True,True,False,0.0,zero_to_positive,NC_all_fail
dd6f3d80501c5026,navtest,NAVSIM v1,AMPT,FF-PGRPO,paper_recovery_checkpoint,,,0,,,outputs/navtest_hard_stable_zero658_recogdrive_stage3_vs_pdms914505_20260727/per_token_comparison.csv,0.9571229294803402,1.0,1.0,1.0,0.8970950307528163,1.0,1.0,True,False,True,True,False,0.9727473552184106,positive_to_positive,DAC_all_fail
dd79f9aa92105761,navtest,NAVSIM v1,AMPT,FF-PGRPO,paper_recovery_checkpoint,,,0,,,outputs/navtest_hard_stable_zero658_recogdrive_stage3_vs_pdms914505_20260727/per_token_comparison.csv,0.9408770172685628,1.0,1.0,1.0,0.8581048414445509,1.0,1.0,True,False,True,True,False,0.9342648320480548,positive_to_positive,DAC_all_fail
de1662269d685ce0,navtest,NAVSIM v1,AMPT,FF-PGRPO,paper_recovery_checkpoint,,,0,,,outputs/navtest_hard_stable_zero658_recogdrive_stage3_vs_pdms914505_20260727/per_token_comparison.csv,0.0,1.0,0.0,0.0,0.0,1.0,1.0,False,True,True,False,False,0.0,zero_to_zero,DAC_all_fail
de64687e89f25285,navtest,NAVSIM v1,AMPT,FF-PGRPO,paper_recovery_checkpoint,,,0,,,outputs/navtest_hard_stable_zero658_recogdrive_stage3_vs_pdms914505_20260727/per_token_comparison.csv,0.9170490871161564,1.0,1.0,1.0,0.8009178090787755,1.0,1.0,True,False,True,True,False,0.9045872089005206,positive_to_positive,DAC_all_fail
dfa220d6e64f5d84,navtest,NAVSIM v1,AMPT,FF-PGRPO,paper_recovery_checkpoint,,,0,,,outputs/navtest_hard_stable_zero658_recogdrive_stage3_vs_pdms914505_20260727/per_token_comparison.csv,1.0,1.0,1.0,1.0,1.0,1.0,1.0,True,False,True,True,False,1.0,positive_to_positive,NC_and_DAC_all_fail
dffc6ff890745dbe,navtest,NAVSIM v1,AMPT,FF-PGRPO,paper_recovery_checkpoint,,,0,,,outputs/navtest_hard_stable_zero658_recogdrive_stage3_vs_pdms914505_20260727/per_token_comparison.csv,0.9555532104667024,1.0,1.0,1.0,0.8933277051200853,1.0,1.0,True,False,True,True,False,0.9181805868401928,positive_to_positive,DAC_all_fail
e0dbf07da5c55877,navtest,NAVSIM v1,AMPT,FF-PGRPO,paper_recovery_checkpoint,,,0,,,outputs/navtest_hard_stable_zero658_recogdrive_stage3_vs_pdms914505_20260727/per_token_comparison.csv,1.0,1.0,1.0,1.0,1.0,1.0,1.0,True,False,True,True,False,0.9709256368392596,positive_to_positive,DAC_all_fail
e14d9a1990535a29,navtest,NAVSIM v1,AMPT,FF-PGRPO,paper_recovery_checkpoint,,,0,,,outputs/navtest_hard_stable_zero658_recogdrive_stage3_vs_pdms914505_20260727/per_token_comparison.csv,0.0,1.0,0.0,1.0,0.0,1.0,1.0,False,True,True,False,False,0.0,zero_to_zero,DAC_all_fail
e1b3e5e086a05ff9,navtest,NAVSIM v1,AMPT,FF-PGRPO,paper_recovery_checkpoint,,,0,,,outputs/navtest_hard_stable_zero658_recogdrive_stage3_vs_pdms914505_20260727/per_token_comparison.csv,0.0,1.0,0.0,1.0,0.0,1.0,1.0,False,True,True,False,False,0.0,zero_to_zero,NC_and_DAC_all_fail
e36849f8d9e15ce8,navtest,NAVSIM v1,AMPT,FF-PGRPO,paper_recovery_checkpoint,,,0,,,outputs/navtest_hard_stable_zero658_recogdrive_stage3_vs_pdms914505_20260727/per_token_comparison.csv,0.950958701072744,1.0,1.0,1.0,0.8823008825745855,1.0,1.0,True,False,True,True,False,0.9345089080148063,positive_to_positive,NC_all_fail
e393bc5cafe95872,navtest,NAVSIM v1,AMPT,FF-PGRPO,paper_recovery_checkpoint,,,0,,,outputs/navtest_hard_stable_zero658_recogdrive_stage3_vs_pdms914505_20260727/per_token_comparison.csv,0.0,1.0,0.0,1.0,0.0,1.0,1.0,False,True,True,False,False,0.0,zero_to_zero,DAC_all_fail
e39a79ae2ceb5829,navtest,NAVSIM v1,AMPT,FF-PGRPO,paper_recovery_checkpoint,,,0,,,outputs/navtest_hard_stable_zero658_recogdrive_stage3_vs_pdms914505_20260727/per_token_comparison.csv,0.982175863700339,1.0,1.0,1.0,0.9572220728808136,1.0,1.0,True,False,True,True,False,0.9659261697861088,positive_to_positive,DAC_all_fail
e3aa32e033635c8d,navtest,NAVSIM v1,AMPT,FF-PGRPO,paper_recovery_checkpoint,,,0,,,outputs/navtest_hard_stable_zero658_recogdrive_stage3_vs_pdms914505_20260727/per_token_comparison.csv,0.8841335608864872,1.0,1.0,1.0,0.7219205461275691,1.0,1.0,True,False,True,True,False,0.8920735514114077,positive_to_positive,DAC_all_fail
e41740b9529753af,navtest,NAVSIM v1,AMPT,FF-PGRPO,paper_recovery_checkpoint,,,0,,,outputs/navtest_hard_stable_zero658_recogdrive_stage3_vs_pdms914505_20260727/per_token_comparison.csv,1.0,1.0,1.0,1.0,1.0,1.0,1.0,True,False,True,True,False,1.0,positive_to_positive,NC_all_fail
e45aa663bd0756d9,navtest,NAVSIM v1,AMPT,FF-PGRPO,paper_recovery_checkpoint,,,0,,,outputs/navtest_hard_stable_zero658_recogdrive_stage3_vs_pdms914505_20260727/per_token_comparison.csv,0.8819364567969906,1.0,1.0,1.0,0.7166474963127778,1.0,1.0,True,False,True,True,False,0.8808415271461684,positive_to_positive,DAC_all_fail
e46762b07ca45b74,navtest,NAVSIM v1,AMPT,FF-PGRPO,paper_recovery_checkpoint,,,0,,,outputs/navtest_hard_stable_zero658_recogdrive_stage3_vs_pdms914505_20260727/per_token_comparison.csv,0.0,1.0,0.0,1.0,0.0,1.0,1.0,False,True,True,False,False,0.0,zero_to_zero,DAC_all_fail
e5b0b2c83a395163,navtest,NAVSIM v1,AMPT,FF-PGRPO,paper_recovery_checkpoint,,,0,,,outputs/navtest_hard_stable_zero658_recogdrive_stage3_vs_pdms914505_20260727/per_token_comparison.csv,0.0,0.0,1.0,1.0,0.0,0.0,1.0,False,True,True,False,False,0.0,zero_to_zero,NC_all_fail
e5c10d26102f51e3,navtest,NAVSIM v1,AMPT,FF-PGRPO,paper_recovery_checkpoint,,,0,,,outputs/navtest_hard_stable_zero658_recogdrive_stage3_vs_pdms914505_20260727/per_token_comparison.csv,1.0,1.0,1.0,1.0,1.0,1.0,1.0,True,False,True,True,False,1.0,positive_to_positive,DAC_all_fail
e6077696f29b54ca,navtest,NAVSIM v1,AMPT,FF-PGRPO,paper_recovery_checkpoint,,,0,,,outputs/navtest_hard_stable_zero658_recogdrive_stage3_vs_pdms914505_20260727/per_token_comparison.csv,0.0,0.0,1.0,1.0,0.0,0.0,1.0,False,True,True,False,False,0.0,zero_to_zero,NC_all_fail
e62a5092735359ee,navtest,NAVSIM v1,AMPT,FF-PGRPO,paper_recovery_checkpoint,,,0,,,outputs/navtest_hard_stable_zero658_recogdrive_stage3_vs_pdms914505_20260727/per_token_comparison.csv,0.0,1.0,0.0,1.0,0.0,1.0,1.0,False,True,True,False,False,0.0,zero_to_zero,DAC_all_fail
e6dc564e1a3a588e,navtest,NAVSIM v1,AMPT,FF-PGRPO,paper_recovery_checkpoint,,,0,,,outputs/navtest_hard_stable_zero658_recogdrive_stage3_vs_pdms914505_20260727/per_token_comparison.csv,0.9244093370819804,1.0,1.0,1.0,0.8185824089967525,1.0,1.0,True,False,True,True,False,0.9143009838519296,positive_to_positive,DAC_all_fail
e6e2b0d2f0495557,navtest,NAVSIM v1,AMPT,FF-PGRPO,paper_recovery_checkpoint,,,0,,,outputs/navtest_hard_stable_zero658_recogdrive_stage3_vs_pdms914505_20260727/per_token_comparison.csv,0.9504791210658586,1.0,1.0,1.0,0.8811498905580607,1.0,1.0,True,False,True,True,False,0.9572628313545184,positive_to_positive,DAC_all_fail
e721852571e5573b,navtest,NAVSIM v1,AMPT,FF-PGRPO,paper_recovery_checkpoint,,,0,,,outputs/navtest_hard_stable_zero658_recogdrive_stage3_vs_pdms914505_20260727/per_token_comparison.csv,1.0,1.0,1.0,1.0,1.0,1.0,1.0,True,False,True,True,False,0.98514013609216,positive_to_positive,DAC_all_fail
e76485315c2c5028,navtest,NAVSIM v1,AMPT,FF-PGRPO,paper_recovery_checkpoint,,,0,,,outputs/navtest_hard_stable_zero658_recogdrive_stage3_vs_pdms914505_20260727/per_token_comparison.csv,1.0,1.0,1.0,1.0,1.0,1.0,1.0,True,False,True,True,False,1.0,positive_to_positive,NC_all_fail
e7ae612e880e5d5f,navtest,NAVSIM v1,AMPT,FF-PGRPO,paper_recovery_checkpoint,,,0,,,outputs/navtest_hard_stable_zero658_recogdrive_stage3_vs_pdms914505_20260727/per_token_comparison.csv,0.8285451877212996,1.0,1.0,1.0,0.588508450531119,1.0,1.0,True,False,True,True,False,0.0,zero_to_positive,DAC_all_fail
e7cfffa4e8dd53a8,navtest,NAVSIM v1,AMPT,FF-PGRPO,paper_recovery_checkpoint,,,0,,,outputs/navtest_hard_stable_zero658_recogdrive_stage3_vs_pdms914505_20260727/per_token_comparison.csv,1.0,1.0,1.0,1.0,1.0,1.0,1.0,True,False,True,True,False,1.0,positive_to_positive,DAC_all_fail
e89a30bba6345ada,navtest,NAVSIM v1,AMPT,FF-PGRPO,paper_recovery_checkpoint,,,0,,,outputs/navtest_hard_stable_zero658_recogdrive_stage3_vs_pdms914505_20260727/per_token_comparison.csv,0.9571532466658756,1.0,1.0,1.0,0.897167791998101,1.0,1.0,True,False,True,True,False,0.0,zero_to_positive,DAC_all_fail
ebffacdb3be25252,navtest,NAVSIM v1,AMPT,FF-PGRPO,paper_recovery_checkpoint,,,0,,,outputs/navtest_hard_stable_zero658_recogdrive_stage3_vs_pdms914505_20260727/per_token_comparison.csv,0.0,0.0,1.0,1.0,0.0,1.0,1.0,False,True,True,False,False,0.0,zero_to_zero,NC_all_fail
ec372e5b0ad7504f,navtest,NAVSIM v1,AMPT,FF-PGRPO,paper_recovery_checkpoint,,,0,,,outputs/navtest_hard_stable_zero658_recogdrive_stage3_vs_pdms914505_20260727/per_token_comparison.csv,0.0,1.0,0.0,1.0,0.0,1.0,1.0,False,True,True,False,False,0.0,zero_to_zero,DAC_all_fail
ed98d12e4c99536d,navtest,NAVSIM v1,AMPT,FF-PGRPO,paper_recovery_checkpoint,,,0,,,outputs/navtest_hard_stable_zero658_recogdrive_stage3_vs_pdms914505_20260727/per_token_comparison.csv,0.0,0.0,1.0,0.5,0.0,0.0,1.0,False,True,True,False,False,0.0,zero_to_zero,NC_all_fail
eda3453c6d5355e0,navtest,NAVSIM v1,AMPT,FF-PGRPO,paper_recovery_checkpoint,,,0,,,outputs/navtest_hard_stable_zero658_recogdrive_stage3_vs_pdms914505_20260727/per_token_comparison.csv,0.976708911584716,1.0,1.0,1.0,0.9441013878033184,1.0,1.0,True,False,True,True,False,0.0,zero_to_positive,DAC_all_fail
ee492610c55b5440,navtest,NAVSIM v1,AMPT,FF-PGRPO,paper_recovery_checkpoint,,,0,,,outputs/navtest_hard_stable_zero658_recogdrive_stage3_vs_pdms914505_20260727/per_token_comparison.csv,1.0,1.0,1.0,1.0,1.0,1.0,1.0,True,False,True,True,False,1.0,positive_to_positive,NC_all_fail
ee6d63d4e8b35518,navtest,NAVSIM v1,AMPT,FF-PGRPO,paper_recovery_checkpoint,,,0,,,outputs/navtest_hard_stable_zero658_recogdrive_stage3_vs_pdms914505_20260727/per_token_comparison.csv,0.5833333333333334,1.0,1.0,1.0,1.0,0.0,1.0,True,False,True,True,False,1.0,positive_to_positive,NC_all_fail
ef41e9c7f99d5d85,navtest,NAVSIM v1,AMPT,FF-PGRPO,paper_recovery_checkpoint,,,0,,,outputs/navtest_hard_stable_zero658_recogdrive_stage3_vs_pdms914505_20260727/per_token_comparison.csv,0.0,1.0,0.0,1.0,0.0,1.0,1.0,False,True,True,False,False,0.0,zero_to_zero,DAC_all_fail
ef91e3538f775238,navtest,NAVSIM v1,AMPT,FF-PGRPO,paper_recovery_checkpoint,,,0,,,outputs/navtest_hard_stable_zero658_recogdrive_stage3_vs_pdms914505_20260727/per_token_comparison.csv,0.9734127358641204,1.0,1.0,1.0,0.9361905660738892,1.0,1.0,True,False,True,True,False,0.967237078274135,positive_to_positive,DAC_all_fail
efca142f8d93518b,navtest,NAVSIM v1,AMPT,FF-PGRPO,paper_recovery_checkpoint,,,0,,,outputs/navtest_hard_stable_zero658_recogdrive_stage3_vs_pdms914505_20260727/per_token_comparison.csv,0.0,1.0,0.0,1.0,0.0,1.0,1.0,False,True,True,False,False,0.9600114461343028,positive_to_zero,DAC_all_fail
f08f205e15975d97,navtest,NAVSIM v1,AMPT,FF-PGRPO,paper_recovery_checkpoint,,,0,,,outputs/navtest_hard_stable_zero658_recogdrive_stage3_vs_pdms914505_20260727/per_token_comparison.csv,0.985880115200348,1.0,1.0,1.0,0.966112276480835,1.0,1.0,True,False,True,True,False,0.0,zero_to_positive,DAC_all_fail
f14e7ed78b5d55b4,navtest,NAVSIM v1,AMPT,FF-PGRPO,paper_recovery_checkpoint,,,0,,,outputs/navtest_hard_stable_zero658_recogdrive_stage3_vs_pdms914505_20260727/per_token_comparison.csv,0.0,1.0,0.0,1.0,0.0,1.0,1.0,False,True,True,False,False,0.0,zero_to_zero,DAC_all_fail
f2033bf66332541b,navtest,NAVSIM v1,AMPT,FF-PGRPO,paper_recovery_checkpoint,,,0,,,outputs/navtest_hard_stable_zero658_recogdrive_stage3_vs_pdms914505_20260727/per_token_comparison.csv,0.0,0.0,1.0,1.0,0.0,0.0,1.0,False,True,True,False,False,0.0,zero_to_zero,NC_all_fail
f2592c08589e5398,navtest,NAVSIM v1,AMPT,FF-PGRPO,paper_recovery_checkpoint,,,0,,,outputs/navtest_hard_stable_zero658_recogdrive_stage3_vs_pdms914505_20260727/per_token_comparison.csv,0.90367160186682,1.0,1.0,1.0,0.7688118444803675,1.0,1.0,True,False,True,True,False,0.9123543377319212,positive_to_positive,DAC_all_fail
f2695c7680505b79,navtest,NAVSIM v1,AMPT,FF-PGRPO,paper_recovery_checkpoint,,,0,,,outputs/navtest_hard_stable_zero658_recogdrive_stage3_vs_pdms914505_20260727/per_token_comparison.csv,0.92927745128828,1.0,1.0,1.0,0.8302658830918722,1.0,1.0,True,False,True,True,False,0.9576930474366464,positive_to_positive,DAC_all_fail
f289e368449b517b,navtest,NAVSIM v1,AMPT,FF-PGRPO,paper_recovery_checkpoint,,,0,,,outputs/navtest_hard_stable_zero658_recogdrive_stage3_vs_pdms914505_20260727/per_token_comparison.csv,0.0,0.5,0.0,1.0,0.0,0.0,1.0,False,True,True,False,False,0.0,zero_to_zero,DAC_all_fail
f2909a9ad9cb552e,navtest,NAVSIM v1,AMPT,FF-PGRPO,paper_recovery_checkpoint,,,0,,,outputs/navtest_hard_stable_zero658_recogdrive_stage3_vs_pdms914505_20260727/per_token_comparison.csv,0.0,1.0,0.0,1.0,0.0,1.0,1.0,False,True,True,False,False,0.0,zero_to_zero,DAC_all_fail
f29d6171f46b551d,navtest,NAVSIM v1,AMPT,FF-PGRPO,paper_recovery_checkpoint,,,0,,,outputs/navtest_hard_stable_zero658_recogdrive_stage3_vs_pdms914505_20260727/per_token_comparison.csv,0.94456713769201,1.0,1.0,1.0,0.866961130460824,1.0,1.0,True,False,True,True,False,0.9481202227726284,positive_to_positive,DAC_all_fail
f2d64d93a1915c8b,navtest,NAVSIM v1,AMPT,FF-PGRPO,paper_recovery_checkpoint,,,0,,,outputs/navtest_hard_stable_zero658_recogdrive_stage3_vs_pdms914505_20260727/per_token_comparison.csv,0.9621323270659908,1.0,1.0,1.0,0.909117584958378,1.0,1.0,True,False,True,True,False,0.9645384893935864,positive_to_positive,DAC_all_fail
f37c90e977e856c8,navtest,NAVSIM v1,AMPT,FF-PGRPO,paper_recovery_checkpoint,,,0,,,outputs/navtest_hard_stable_zero658_recogdrive_stage3_vs_pdms914505_20260727/per_token_comparison.csv,1.0,1.0,1.0,1.0,1.0,1.0,1.0,True,False,True,True,False,1.0,positive_to_positive,DAC_all_fail
f470121c6add5665,navtest,NAVSIM v1,AMPT,FF-PGRPO,paper_recovery_checkpoint,,,0,,,outputs/navtest_hard_stable_zero658_recogdrive_stage3_vs_pdms914505_20260727/per_token_comparison.csv,0.0,0.0,1.0,1.0,0.0,0.0,1.0,False,True,True,False,False,0.0,zero_to_zero,NC_all_fail
f49e8b1837cd5b23,navtest,NAVSIM v1,AMPT,FF-PGRPO,paper_recovery_checkpoint,,,0,,,outputs/navtest_hard_stable_zero658_recogdrive_stage3_vs_pdms914505_20260727/per_token_comparison.csv,0.916864127374612,1.0,1.0,1.0,0.8004739056990685,1.0,1.0,True,False,True,True,False,0.9146190450001314,positive_to_positive,DAC_all_fail
f4da372227475285,navtest,NAVSIM v1,AMPT,FF-PGRPO,paper_recovery_checkpoint,,,0,,,outputs/navtest_hard_stable_zero658_recogdrive_stage3_vs_pdms914505_20260727/per_token_comparison.csv,1.0,1.0,1.0,1.0,1.0,1.0,1.0,True,False,True,True,False,1.0,positive_to_positive,NC_all_fail
f512480c969a5eab,navtest,NAVSIM v1,AMPT,FF-PGRPO,paper_recovery_checkpoint,,,0,,,outputs/navtest_hard_stable_zero658_recogdrive_stage3_vs_pdms914505_20260727/per_token_comparison.csv,0.0,0.0,1.0,1.0,0.0,0.0,1.0,False,True,True,False,False,0.0,zero_to_zero,NC_all_fail
f57582f9a7dc511c,navtest,NAVSIM v1,AMPT,FF-PGRPO,paper_recovery_checkpoint,,,0,,,outputs/navtest_hard_stable_zero658_recogdrive_stage3_vs_pdms914505_20260727/per_token_comparison.csv,0.9214719020043344,1.0,1.0,1.0,0.8115325648104023,1.0,1.0,True,False,True,True,False,0.0,zero_to_positive,DAC_all_fail
f6195258cc20552f,navtest,NAVSIM v1,AMPT,FF-PGRPO,paper_recovery_checkpoint,,,0,,,outputs/navtest_hard_stable_zero658_recogdrive_stage3_vs_pdms914505_20260727/per_token_comparison.csv,0.0,0.0,1.0,1.0,0.0,0.0,1.0,False,True,True,False,False,0.0,zero_to_zero,NC_all_fail
f6b2a416f38d5609,navtest,NAVSIM v1,AMPT,FF-PGRPO,paper_recovery_checkpoint,,,0,,,outputs/navtest_hard_stable_zero658_recogdrive_stage3_vs_pdms914505_20260727/per_token_comparison.csv,0.5833333333333334,1.0,1.0,1.0,1.0,0.0,1.0,True,False,True,True,False,0.0,zero_to_positive,NC_all_fail
f70c1fa8bbfc5d77,navtest,NAVSIM v1,AMPT,FF-PGRPO,paper_recovery_checkpoint,,,0,,,outputs/navtest_hard_stable_zero658_recogdrive_stage3_vs_pdms914505_20260727/per_token_comparison.csv,0.0,0.0,1.0,1.0,0.0,0.0,1.0,False,True,True,False,False,0.0,zero_to_zero,NC_all_fail
f72ccf055618500a,navtest,NAVSIM v1,AMPT,FF-PGRPO,paper_recovery_checkpoint,,,0,,,outputs/navtest_hard_stable_zero658_recogdrive_stage3_vs_pdms914505_20260727/per_token_comparison.csv,0.943494689895454,1.0,1.0,1.0,0.8643872557490893,1.0,1.0,True,False,True,True,False,0.9312149414185038,positive_to_positive,DAC_all_fail
f8682fec1c2e5c59,navtest,NAVSIM v1,AMPT,FF-PGRPO,paper_recovery_checkpoint,,,0,,,outputs/navtest_hard_stable_zero658_recogdrive_stage3_vs_pdms914505_20260727/per_token_comparison.csv,0.9392310297524188,1.0,1.0,1.0,0.8541544714058046,1.0,1.0,True,False,True,True,False,0.0,zero_to_positive,DAC_all_fail
f8b10bcaa98a53e8,navtest,NAVSIM v1,AMPT,FF-PGRPO,paper_recovery_checkpoint,,,0,,,outputs/navtest_hard_stable_zero658_recogdrive_stage3_vs_pdms914505_20260727/per_token_comparison.csv,1.0,1.0,1.0,1.0,1.0,1.0,1.0,True,False,True,True,False,0.0,zero_to_positive,NC_all_fail
f8b8b8ee49205def,navtest,NAVSIM v1,AMPT,FF-PGRPO,paper_recovery_checkpoint,,,0,,,outputs/navtest_hard_stable_zero658_recogdrive_stage3_vs_pdms914505_20260727/per_token_comparison.csv,1.0,1.0,1.0,1.0,1.0,1.0,1.0,True,False,True,True,False,0.9801108062281448,positive_to_positive,DAC_all_fail
f9bce7199ad8555d,navtest,NAVSIM v1,AMPT,FF-PGRPO,paper_recovery_checkpoint,,,0,,,outputs/navtest_hard_stable_zero658_recogdrive_stage3_vs_pdms914505_20260727/per_token_comparison.csv,0.9476530916980416,1.0,1.0,1.0,0.8743674200752998,1.0,1.0,True,False,True,True,False,0.9611079115111096,positive_to_positive,DAC_all_fail
f9ed38d9ddfa531e,navtest,NAVSIM v1,AMPT,FF-PGRPO,paper_recovery_checkpoint,,,0,,,outputs/navtest_hard_stable_zero658_recogdrive_stage3_vs_pdms914505_20260727/per_token_comparison.csv,0.9402826400444608,1.0,1.0,1.0,0.8566783361067059,1.0,1.0,True,False,True,True,False,0.0,zero_to_positive,DAC_all_fail
fb188ed7e53552c5,navtest,NAVSIM v1,AMPT,FF-PGRPO,paper_recovery_checkpoint,,,0,,,outputs/navtest_hard_stable_zero658_recogdrive_stage3_vs_pdms914505_20260727/per_token_comparison.csv,1.0,1.0,1.0,1.0,1.0,1.0,1.0,True,False,True,True,False,1.0,positive_to_positive,DAC_all_fail
fb311858e737556d,navtest,NAVSIM v1,AMPT,FF-PGRPO,paper_recovery_checkpoint,,,0,,,outputs/navtest_hard_stable_zero658_recogdrive_stage3_vs_pdms914505_20260727/per_token_comparison.csv,0.0,1.0,0.0,0.0,0.0,1.0,1.0,False,True,True,False,False,0.874135033027287,positive_to_zero,DAC_all_fail
fb6e02b5752e5754,navtest,NAVSIM v1,AMPT,FF-PGRPO,paper_recovery_checkpoint,,,0,,,outputs/navtest_hard_stable_zero658_recogdrive_stage3_vs_pdms914505_20260727/per_token_comparison.csv,0.0,0.0,1.0,1.0,0.0,0.0,1.0,False,True,True,False,False,0.0,zero_to_zero,NC_all_fail
fc1800501fa157a7,navtest,NAVSIM v1,AMPT,FF-PGRPO,paper_recovery_checkpoint,,,0,,,outputs/navtest_hard_stable_zero658_recogdrive_stage3_vs_pdms914505_20260727/per_token_comparison.csv,0.9695235116228608,1.0,1.0,1.0,0.926856427894866,1.0,1.0,True,False,True,True,False,0.969713386270156,positive_to_positive,DAC_all_fail
fc7b8441f81b5296,navtest,NAVSIM v1,AMPT,FF-PGRPO,paper_recovery_checkpoint,,,0,,,outputs/navtest_hard_stable_zero658_recogdrive_stage3_vs_pdms914505_20260727/per_token_comparison.csv,0.0,1.0,0.0,1.0,0.0,1.0,1.0,False,True,True,False,False,0.0,zero_to_zero,DAC_all_fail
fdba4d15c05554e1,navtest,NAVSIM v1,AMPT,FF-PGRPO,paper_recovery_checkpoint,,,0,,,outputs/navtest_hard_stable_zero658_recogdrive_stage3_vs_pdms914505_20260727/per_token_comparison.csv,0.9919364274944265,1.0,1.0,1.0,0.9806474259866232,1.0,1.0,True,False,True,True,False,0.9781865951275434,positive_to_positive,DAC_all_fail
fddb0bdd1d7f53e0,navtest,NAVSIM v1,AMPT,FF-PGRPO,paper_recovery_checkpoint,,,0,,,outputs/navtest_hard_stable_zero658_recogdrive_stage3_vs_pdms914505_20260727/per_token_comparison.csv,0.8709315858562693,1.0,1.0,1.0,0.6902358060550463,1.0,1.0,True,False,True,True,False,0.8574352153502778,positive_to_positive,DAC_all_fail
fe9a137303a9521c,navtest,NAVSIM v1,AMPT,FF-PGRPO,paper_recovery_checkpoint,,,0,,,outputs/navtest_hard_stable_zero658_recogdrive_stage3_vs_pdms914505_20260727/per_token_comparison.csv,0.0,1.0,0.0,1.0,0.0,1.0,1.0,False,True,True,False,False,0.0,zero_to_zero,DAC_all_fail
fe9e76e6cac35fba,navtest,NAVSIM v1,AMPT,FF-PGRPO,paper_recovery_checkpoint,,,0,,,outputs/navtest_hard_stable_zero658_recogdrive_stage3_vs_pdms914505_20260727/per_token_comparison.csv,0.0,0.0,1.0,1.0,0.0,0.0,1.0,False,True,True,False,False,0.0,zero_to_zero,NC_all_fail
ff412420037b524a,navtest,NAVSIM v1,AMPT,FF-PGRPO,paper_recovery_checkpoint,,,0,,,outputs/navtest_hard_stable_zero658_recogdrive_stage3_vs_pdms914505_20260727/per_token_comparison.csv,1.0,1.0,1.0,1.0,1.0,1.0,1.0,True,False,True,True,False,0.5833333333333334,positive_to_positive,DAC_all_fail
ffb2d865d42e57c0,navtest,NAVSIM v1,AMPT,FF-PGRPO,paper_recovery_checkpoint,,,0,,,outputs/navtest_hard_stable_zero658_recogdrive_stage3_vs_pdms914505_20260727/per_token_comparison.csv,1.0,1.0,1.0,1.0,1.0,1.0,1.0,True,False,True,True,False,0.9849806683198096,positive_to_positive,DAC_all_fail
ffb89fa44ab351b9,navtest,NAVSIM v1,AMPT,FF-PGRPO,paper_recovery_checkpoint,,,0,,,outputs/navtest_hard_stable_zero658_recogdrive_stage3_vs_pdms914505_20260727/per_token_comparison.csv,0.9291123630600804,1.0,1.0,1.0,0.8298696713441931,1.0,1.0,True,False,True,True,False,0.9239374834748618,positive_to_positive,DAC_all_fail
