token,distribution,p0,p5,p25,p50,p75,p95,p99,p100,count,exceeds_V1_self_max
23e39302332152b2,V1_IL_self_KNN,0.039346035569906235,0.04504703637212515,0.05275561287999153,0.05912742018699646,0.06784901395440102,0.10468740127980702,0.1730238676071165,0.22113843262195587,64,
23e39302332152b2,V1_candidate_KNN,0.0863660474872096,0.08989745541875312,0.11282125708352118,0.1284643124000413,0.6481380788192527,0.9026557030361821,1.304567544564225,1.6239611437363095,128,0.390625
23e39302332152b2,V2_IL_Q_to_R_KNN,0.030254071578383446,0.03824682869017124,0.04347448144108057,0.050817906856536865,0.05891651287674904,0.08192739523947234,0.11328947037458424,0.16807445883750916,128,
23e39302332152b2,V2_candidate_KNN,0.03624531944865631,0.04616501235494867,0.0771251041273443,0.11523657009992125,0.41354298372119813,0.7957163712002809,0.9329830335647631,0.9768816052980235,192,
23e39302332152b2,V2_Q_mahalanobis,1.879617372234369,2.2526045150999603,2.6759378752323495,3.176820160269709,3.5677094991896507,4.097984151450792,4.550032585055095,4.770993506530159,128,
411a748874035630,V1_IL_self_KNN,0.026616234332323074,0.03164216596633196,0.03633718378841877,0.04202880151569843,0.04826210159808397,0.07632779479026794,0.08747359298169607,0.10122165828943253,64,
411a748874035630,V1_candidate_KNN,0.18427592562203804,0.20748563601974473,0.23466826322956796,0.2615770012998415,0.3103274740542608,0.42052769106673865,0.44581379936776555,0.48461318542243104,128,1.0
411a748874035630,V2_IL_Q_to_R_KNN,0.02531106397509575,0.02788334432989359,0.03287664242088795,0.03704013675451279,0.04402596317231655,0.05486115179955958,0.09368363603949548,0.12992878258228302,128,
411a748874035630,V2_candidate_KNN,0.02654781742088222,0.035489168026686675,0.11396193087333037,0.20848980220836288,0.24400744637587274,0.36982352079433445,0.40886097240593317,0.42994081931788813,192,
411a748874035630,V2_Q_mahalanobis,1.6914520826755528,2.1386200608474706,2.6165901013420503,2.9656323913023757,3.2725057692801007,3.8147741701232993,4.447354799766405,4.600332603203205,128,
79ebfc1d85bf5a51,V1_IL_self_KNN,0.014424702152609825,0.016842023096978666,0.02097259648144245,0.02324326243251562,0.02763647260144353,0.03956968113780022,0.05439359106123441,0.07039419561624527,64,
79ebfc1d85bf5a51,V1_candidate_KNN,0.24355334291478115,0.2657477641334643,0.41756319431313416,0.5395013859204996,0.5768236700475946,0.6411897374741651,0.7046592325122578,0.7187964439021013,128,1.0
79ebfc1d85bf5a51,V2_IL_Q_to_R_KNN,0.014244860038161278,0.016649018693715333,0.018888444174081087,0.021885196678340435,0.024200753308832645,0.031545340456068514,0.0383843270689249,0.04002808779478073,128,
79ebfc1d85bf5a51,V2_candidate_KNN,0.017148094023023232,0.02011351116467415,0.12563093003281384,0.30854362708874017,0.5357132894331763,0.6130523931812925,0.668632331382135,0.74180479941208,192,
79ebfc1d85bf5a51,V2_Q_mahalanobis,1.4858584456146038,2.0709413028917987,2.5131750226084932,2.9206020592978854,3.2881972362942418,3.948440257574456,4.466923647968336,4.673882346153076,128,
40808270ce205b83,V1_IL_self_KNN,0.02493749000132084,0.027457721065729856,0.03407874796539545,0.03904908522963524,0.047853339463472366,0.061639201268553725,0.07967521198093891,0.08169727772474289,64,
40808270ce205b83,V1_candidate_KNN,0.21608508232934817,0.3163335021104854,0.3548403461902739,0.4511703451699861,0.6544051334569931,1.0913603013805033,1.2331504450091728,1.284733498315002,128,1.0
40808270ce205b83,V2_IL_Q_to_R_KNN,0.020209133625030518,0.023249970842152835,0.02758859982714057,0.03242647275328636,0.039645273238420486,0.05752838142216206,0.07513707734644415,0.0787309855222702,128,
40808270ce205b83,V2_candidate_KNN,0.02640540147221352,0.03158801588085827,0.15278675410807763,0.3270846053163961,0.4612024274911315,0.9579256212208072,1.1318131168664451,1.2382093435628192,192,
40808270ce205b83,V2_Q_mahalanobis,1.4342963625447538,2.025696540115981,2.575479991486543,2.903491629931477,3.3226146163786447,4.142843249644102,4.3639399649220625,4.956391270251935,128,
86208267d61253c0,V1_IL_self_KNN,0.029347863048315048,0.03344761524349451,0.03794520068913698,0.044464120641350746,0.05054669268429279,0.0815221220254898,0.1003501169383525,0.12102852016687393,64,
86208267d61253c0,V1_candidate_KNN,0.09873136476364483,0.10682261704696219,0.11908590584385387,0.264272527052007,0.5521193702191836,0.6204591473103364,0.6847262522970322,0.7172020284280342,128,0.71875
86208267d61253c0,V2_IL_Q_to_R_KNN,0.028001049533486366,0.03024267740547657,0.034801614470779896,0.03839034028351307,0.04344103764742613,0.05915781892836093,0.0813750917464495,0.13186445832252502,128,
86208267d61253c0,V2_candidate_KNN,0.03256862982184668,0.03779844061936047,0.09302310232300309,0.1318812883942747,0.29952404197087723,0.5806940856144127,0.6543658521951912,0.6772469847895166,192,
86208267d61253c0,V2_Q_mahalanobis,2.0234634390328554,2.293523885194165,2.7071300299204313,3.0910954434026596,3.553684480393727,4.072654782090918,4.349382616450492,4.537543718226051,128,
f8268857204e554e,V1_IL_self_KNN,0.03265316039323807,0.03910969272255897,0.04563058540225029,0.05092926509678364,0.0649439450353384,0.08900233693420884,0.10387465812265867,0.1202649474143982,64,
f8268857204e554e,V1_candidate_KNN,0.17779195686477772,0.2011330425360826,0.21502048264906584,0.24278428067524943,0.349155544957443,0.5902025432511903,0.6887413954116735,0.7893526482804992,128,1.0
f8268857204e554e,V2_IL_Q_to_R_KNN,0.030855422839522362,0.033635054528713224,0.03874779026955366,0.04315580427646637,0.04852381721138954,0.06590098701417442,0.0765309336781502,0.09306176751852036,128,
f8268857204e554e,V2_candidate_KNN,0.03257692379241269,0.039004073052943185,0.10977952237452249,0.2102304987943509,0.27081311062563,0.47755412337804737,0.6255041339580143,0.6839443851323217,192,
f8268857204e554e,V2_Q_mahalanobis,1.6381648332771503,1.8147687152555732,2.3993295332197144,2.7659253490097395,3.0806590942823755,3.5324080524216592,3.818709687001374,4.385556107190637,128,
1bf169a6aaf65858,V1_IL_self_KNN,0.026845848187804222,0.028028925694525243,0.03221701364964247,0.03603195771574974,0.04277157038450241,0.059430844150483594,0.06530327219516037,0.0707191601395607,64,
1bf169a6aaf65858,V1_candidate_KNN,0.05365623076560151,0.061551263068167605,0.07063759074841082,0.16450421623663475,0.40892406767384704,0.6666589690739635,0.7373868372917337,0.7569960650400859,128,0.7421875
1bf169a6aaf65858,V2_IL_Q_to_R_KNN,0.023597577586770058,0.026486992463469507,0.029115124605596066,0.031249046325683594,0.035672920756042004,0.04542850181460378,0.05979528114199642,0.06469082832336426,128,
1bf169a6aaf65858,V2_candidate_KNN,0.02499788427548029,0.029976758274282315,0.05452379578040168,0.0872037914094549,0.25039130329731035,0.6012981646646659,0.6613043631007454,0.7107064806366293,192,
1bf169a6aaf65858,V2_Q_mahalanobis,1.8943176814417149,2.314589869694122,2.635950880983704,2.942050459367575,3.4045636212323163,4.0690211742208096,4.330202076882707,4.399521623495972,128,
3764407c90d65df3,V1_IL_self_KNN,0.014309609308838844,0.014848153805360198,0.0171607774682343,0.019090360961854458,0.022551361937075853,0.0320187079720199,0.0749013308435676,0.13496068120002747,64,
3764407c90d65df3,V1_candidate_KNN,0.02806105368779595,0.08098797521999426,0.1471493284078278,0.2001087905076238,0.2605554158081259,0.298251394453443,0.31164591657164276,0.316882668173292,128,0.7578125
3764407c90d65df3,V2_IL_Q_to_R_KNN,0.011190837249159813,0.013378416420891881,0.01586296083405614,0.01747554261237383,0.02053892705589533,0.02704630056396125,0.0699259990453721,0.08422424644231796,128,
3764407c90d65df3,V2_candidate_KNN,0.013100346875230687,0.015473267962041059,0.04603976654070242,0.10129948647415943,0.1853075057072542,0.2691599825433544,0.29467551918394985,0.30048668189911965,192,
3764407c90d65df3,V2_Q_mahalanobis,1.2510911441868138,1.8800768852487635,2.320032560736203,2.649042667598458,3.024372296668788,3.4861988179998638,4.024104106160833,4.480909597541441,128,
38cfd81687975661,V1_IL_self_KNN,0.04720905423164368,0.04966777991503477,0.0633979607373476,0.06820066273212433,0.08774658106267452,0.112911082431674,0.13306947141885753,0.14562122523784637,64,
38cfd81687975661,V1_candidate_KNN,0.11222347490356321,0.15851822981192185,0.19292413735679617,0.38372559195939804,0.5799032256490784,1.9631950085796965,2.1623917528097825,2.2668288933009597,128,0.9609375
38cfd81687975661,V2_IL_Q_to_R_KNN,0.044531237334012985,0.048974342085421084,0.0573766240850091,0.06348472461104393,0.07187034748494625,0.09179871864616866,0.11851967595517636,0.1198926791548729,128,
38cfd81687975661,V2_candidate_KNN,0.04822545447324024,0.05762306539842477,0.11970435024645683,0.18622027920815099,0.43825195580382653,1.6837587452348253,2.06251583913713,2.1355467547860374,192,
38cfd81687975661,V2_Q_mahalanobis,1.5804253072360643,2.441661917610061,2.960545612368498,3.3451040903771654,3.8240674664911167,4.356814532407065,4.843694380685354,4.977232320179204,128,
42e6895442ab5601,V1_IL_self_KNN,0.018479561433196068,0.022415469214320183,0.02603328786790371,0.030678180046379566,0.04020674154162407,0.05915587581694125,0.08051192581653589,0.09312034398317337,64,
42e6895442ab5601,V1_candidate_KNN,0.09212446029599217,0.14833368262222724,0.21043170219836213,0.2974308258184321,0.48908025057948135,0.5709586886481713,0.601996188035714,0.6093684271803308,128,0.9921875
42e6895442ab5601,V2_IL_Q_to_R_KNN,0.018108190968632698,0.019660907611250878,0.022218686062842607,0.02641241531819105,0.030796424951404333,0.0525290975347161,0.07635560289025309,0.09435213357210159,128,
42e6895442ab5601,V2_candidate_KNN,0.015520205666733039,0.024052099492639964,0.11345764627344411,0.1859372806284033,0.30417761577779023,0.5318191660100244,0.589887616016586,0.6120689249502884,192,
42e6895442ab5601,V2_Q_mahalanobis,1.6501906214809343,1.90420933961857,2.278420525469283,2.658083840920666,3.0582845154079346,3.825838912426157,4.276806806699552,4.602764746547892,128,
b34272d337d350d2,V1_IL_self_KNN,0.02426936849951744,0.027661681547760962,0.03455400373786688,0.04138173349201679,0.04877103865146637,0.06337243523448703,0.09442231923341743,0.11634721606969833,64,
b34272d337d350d2,V1_candidate_KNN,0.2984724420120972,0.38641654139879134,0.47186060937644986,1.1824012087156506,1.3920740392707147,1.4574214342754885,1.5390719206620989,1.5685953608296783,128,1.0
b34272d337d350d2,V2_IL_Q_to_R_KNN,0.02450086735188961,0.026423844508826733,0.031013299245387316,0.03543789125978947,0.04394224099814892,0.059446258097887,0.06430737666785717,0.06771890074014664,128,
b34272d337d350d2,V2_candidate_KNN,0.026234646996382577,0.03219849995421985,0.2538060663546797,0.46341953901569866,1.1921476859061073,1.3941006633963449,1.4602172008526815,1.586525208191491,192,
b34272d337d350d2,V2_Q_mahalanobis,1.7581206802554412,2.087146150083354,2.509528303758108,2.897165675004575,3.262457908257396,3.8367938453967656,4.345173260118742,4.525092179196076,128,
b23ede9a183b5b71,V1_IL_self_KNN,0.025996500626206398,0.028955467510968447,0.034005564637482166,0.03826840780675411,0.045899211429059505,0.06221585925668477,0.07212099656462664,0.08347634971141815,64,
b23ede9a183b5b71,V1_candidate_KNN,0.17118921649049473,0.24046011470974302,0.2652874442669796,0.31335334853324737,0.3980275961495381,1.1036843773587892,1.2062884793610265,1.2275923753371976,128,1.0
b23ede9a183b5b71,V2_IL_Q_to_R_KNN,0.018355876207351685,0.0248127568513155,0.02898779883980751,0.03369048796594143,0.03858601860702038,0.05409369301050901,0.0684756424278021,0.08404083549976349,128,
b23ede9a183b5b71,V2_candidate_KNN,0.02030200289123798,0.03140045696127095,0.12251763665092681,0.2161400648317831,0.29488002392323087,0.8803356783378465,1.0981149296900998,1.1716376085616385,192,
b23ede9a183b5b71,V2_Q_mahalanobis,1.104898065590219,1.4808371736314405,2.0768520334037164,2.5094271722460353,2.821670442329608,3.2641780817876,3.969146454317665,4.139233250026563,128,
fff951eab9f45288,V1_IL_self_KNN,0.026787186041474342,0.028368277102708818,0.03433882538229227,0.039906201884150505,0.047319390811026096,0.0631134547293186,0.06970482572913166,0.07896292209625244,64,
fff951eab9f45288,V1_candidate_KNN,0.04661092342410441,0.06809095411825453,0.0869051107928493,0.11338099750854277,0.9094366721697337,1.0359321731666462,1.0564672021170012,1.0705630118258946,128,0.828125
fff951eab9f45288,V2_IL_Q_to_R_KNN,0.024096745997667313,0.02634674683213234,0.029601355083286762,0.034580230712890625,0.04010709095746279,0.06321962513029564,0.07843253277242186,0.08006088435649872,128,
fff951eab9f45288,V2_candidate_KNN,0.026272065971185466,0.0351558578691175,0.05630402726745259,0.08872550026694254,0.4633380301912177,1.0085565337578386,1.0459131188514186,1.0504030832359912,192,
fff951eab9f45288,V2_Q_mahalanobis,1.3199043561818604,2.222510795297589,2.5881285115695367,2.9290858727122457,3.297541773152101,3.8268580195076973,4.421445177444676,4.538512613773897,128,
4fa9113617d254d4,V1_IL_self_KNN,0.026489656418561935,0.028679601103067397,0.033026023767888546,0.03647219203412533,0.0426460187882185,0.07364599891006944,0.0914175989478826,0.10608470439910889,64,
4fa9113617d254d4,V1_candidate_KNN,0.0972355190149694,0.10200581232913424,0.129633200511918,0.1536076159092261,0.23149616571963594,0.37380065134492124,0.4420472319741627,0.5118423683216806,128,0.9296875
4fa9113617d254d4,V2_IL_Q_to_R_KNN,0.02112596109509468,0.022468445356935263,0.0261945896781981,0.02923724427819252,0.03507473412901163,0.045876423642039296,0.05302141945809126,0.06269972026348114,128,
4fa9113617d254d4,V2_candidate_KNN,0.02249645266562745,0.027975712483900714,0.05983573171186521,0.11239947111442256,0.14915199289963216,0.26606687298372994,0.3272698335877798,0.372945029967947,192,
4fa9113617d254d4,V2_Q_mahalanobis,1.4619881362621803,1.6823437597694186,2.0334182329881885,2.3179839771601847,2.6611123589969803,3.105257220090481,3.832332585364284,4.176398910460364,128,
988785170de957da,V1_IL_self_KNN,0.013467652723193169,0.016047111432999372,0.01819932321086526,0.021725161001086235,0.026179643347859383,0.04280023016035552,0.04856328137218951,0.05133696645498276,64,
988785170de957da,V1_candidate_KNN,0.067546743023752,0.07713279744257902,0.10485077348631677,0.20007980736535091,0.3178139502077917,0.3761289136454791,0.39916487492075425,0.406119716005212,128,1.0
988785170de957da,V2_IL_Q_to_R_KNN,0.012516727671027184,0.013544067740440369,0.015436624409630895,0.01769777573645115,0.021086174063384533,0.028211383149027824,0.06348636604845541,0.07621997594833374,128,
988785170de957da,V2_candidate_KNN,0.013817954338983557,0.015877954919803608,0.059693874958872586,0.09431051846999285,0.21212417207091205,0.3596045536042641,0.37846349744568614,0.3831669686821371,192,
988785170de957da,V2_Q_mahalanobis,1.4154302255306637,1.8300222975751177,2.2921673062622894,2.576946738955358,2.9652294127329784,3.6764240731016127,3.9827920601079683,4.021415479459819,128,
046b1cc13f0d5f9d,V1_IL_self_KNN,0.017852425575256348,0.019011460710316896,0.021984587889164686,0.025570464320480824,0.030186718329787254,0.04379300642758606,0.050469285622239096,0.054487258195877075,64,
046b1cc13f0d5f9d,V1_candidate_KNN,0.06421319597503465,0.25339139008623823,0.31723727013823577,0.3779837783045094,0.4851168225915413,0.5596806889754643,0.5838711998607228,0.5963760665555675,128,1.0
046b1cc13f0d5f9d,V2_IL_Q_to_R_KNN,0.012280827388167381,0.01468759453855455,0.01779478369280696,0.02012544870376587,0.02317284606397152,0.031992692500352846,0.05634589329361924,0.07713498175144196,128,
046b1cc13f0d5f9d,V2_candidate_KNN,0.014647645586772395,0.01750878885844905,0.11250927519508841,0.2906232333765874,0.3674244342851872,0.5163664606537777,0.5615307283652479,0.5770214843231698,192,
046b1cc13f0d5f9d,V2_Q_mahalanobis,1.360812807448481,1.7231402702908702,2.170352066524764,2.479246359714689,2.891708171905907,3.51810084760831,4.3560586011245475,5.061704588458454,128,
d7fbd35a0f315447,V1_IL_self_KNN,0.027301913127303123,0.030435970425605773,0.03402919415384531,0.03791492432355881,0.0421263063326478,0.06097993925213813,0.07378787867724895,0.07423773407936096,64,
d7fbd35a0f315447,V1_candidate_KNN,0.08678210278765584,0.12467576161594558,0.1531071392354887,0.20684144843826702,0.35355059881730333,0.4345407783533295,0.47645669174592437,0.5187751135089854,128,1.0
d7fbd35a0f315447,V2_IL_Q_to_R_KNN,0.022587716579437256,0.025637634750455617,0.030985412653535604,0.035604918375611305,0.03960324451327324,0.0600889017805457,0.08536985702812673,0.1266680806875229,128,
d7fbd35a0f315447,V2_candidate_KNN,0.023387497441776622,0.031096810391860887,0.07022085857120912,0.11576429007462241,0.2265395192734913,0.36745175165075245,0.3935485550616381,0.4709495241295367,192,
d7fbd35a0f315447,V2_Q_mahalanobis,1.9242976960691094,2.169077480273423,2.8094609913028292,3.153811216669471,3.57268885604581,4.316594400299374,4.980475143409897,5.677437485930642,128,
951957b841e05cfa,V1_IL_self_KNN,0.028460467234253883,0.030561574269086123,0.03404016699641943,0.03929634392261505,0.04559619724750519,0.062232671678066245,0.07641383558511732,0.08269713819026947,64,
951957b841e05cfa,V1_candidate_KNN,0.1728178505748653,0.2271383828825638,0.2503974908891649,0.3392120890349827,0.4158819100271004,0.5069302046099922,0.5741144129619686,0.610846316215782,128,1.0
951957b841e05cfa,V2_IL_Q_to_R_KNN,0.017198899760842323,0.0218239139765501,0.026255435775965452,0.031015602871775627,0.03577851038426161,0.05008788295090198,0.06434929043054581,0.0704943984746933,128,
951957b841e05cfa,V2_candidate_KNN,0.02175002102977582,0.032934086168084,0.14233666105783024,0.22580567629277576,0.3077833379248216,0.41945748429473045,0.47322461408810096,0.5538222818991304,192,
951957b841e05cfa,V2_Q_mahalanobis,1.7330140115264645,1.9320862919646975,2.2775456602476885,2.645733702097166,3.0256700757685535,3.6017426618078234,3.8697225687199177,4.16905167557665,128,
61db822891625c3b,V1_IL_self_KNN,0.01936979405581951,0.020382972713559867,0.027001905255019665,0.029877827502787113,0.03431831207126379,0.07142155021429053,0.09403277367353435,0.1037558913230896,64,
61db822891625c3b,V1_candidate_KNN,0.07034162082586592,0.08881880353627654,0.15359653211396854,0.19869542318929806,0.2979399143044138,0.4623515547309466,0.5143364596873307,0.5859229432777658,128,0.84375
61db822891625c3b,V2_IL_Q_to_R_KNN,0.014132333919405937,0.01789123797789216,0.02073056111112237,0.024247358553111553,0.027740327175706625,0.034425901435315605,0.0476778192818165,0.06932590901851654,128,
61db822891625c3b,V2_candidate_KNN,0.017192757461601336,0.020401118347342456,0.07333802942872003,0.12608554697895497,0.2123618486085695,0.43426674831042766,0.4594862416246477,0.5128993365698171,192,
61db822891625c3b,V2_Q_mahalanobis,1.219335326774379,1.6813575668881997,2.0349205833383217,2.3750760798295163,2.778363445963358,3.520601590640429,3.8141078931137846,4.24182115555855,128,
759e9e451eba5b47,V1_IL_self_KNN,0.030466770753264427,0.03150095660239458,0.03767315950244665,0.044784847646951675,0.05618130322545767,0.07077627703547477,0.11832952968776196,0.1924728900194168,64,
759e9e451eba5b47,V1_candidate_KNN,0.13227840239854613,0.15471548867791596,0.1757551134506901,0.22108193070010715,0.612463621530178,1.034591192961256,1.1299143656714603,1.1419052359764923,128,0.640625
759e9e451eba5b47,V2_IL_Q_to_R_KNN,0.024474212899804115,0.027465647831559182,0.03219245281070471,0.03565300814807415,0.04258701764047146,0.061512746103107925,0.09494157694280157,0.13703730702400208,128,
759e9e451eba5b47,V2_candidate_KNN,0.024390050671355985,0.03224290142794336,0.07917379527278114,0.15948690906102328,0.38821091706718935,0.9574489775379931,1.0887002373149992,1.134836385889028,192,
759e9e451eba5b47,V2_Q_mahalanobis,1.4135073275952839,1.9376790094617447,2.3455959177460666,2.646454609280367,2.9119865959233957,3.513793262789684,3.7353877462349345,3.9268293158473373,128,
9c05edf9d6e85716,V1_IL_self_KNN,0.020988326519727707,0.024148188810795546,0.027573477942496538,0.034390948712825775,0.04452430736273527,0.06552286073565476,0.09405705697834488,0.10285794734954834,64,
9c05edf9d6e85716,V1_candidate_KNN,0.07496103083689058,0.1005448371532494,0.11562902346084206,0.14618797275309836,0.42853959611129383,0.8300096812929993,0.8959195992457429,0.9464053612104083,128,0.9140625
9c05edf9d6e85716,V2_IL_Q_to_R_KNN,0.016911521553993225,0.017891679611057042,0.02109719393774867,0.024135864339768887,0.028085536789149046,0.045855441689491266,0.055370280891656895,0.0983225405216217,128,
9c05edf9d6e85716,V2_candidate_KNN,0.01718211085792109,0.02231370424775875,0.06595866255713373,0.11444607585058023,0.3000904490494295,0.7941993592970514,0.8895686748705575,0.9504811728881297,192,
9c05edf9d6e85716,V2_Q_mahalanobis,0.860073024665134,1.3764772925805087,1.8881818800866776,2.1839512733304405,2.4572146564668405,2.9663844244538997,3.503298835665609,3.653413181264337,128,
467bbee636b65c84,V1_IL_self_KNN,0.04176707938313484,0.04391592983156443,0.048006935976445675,0.051873067393898964,0.056251113303005695,0.06563804186880588,0.0772985745221376,0.08636742830276489,64,
467bbee636b65c84,V1_candidate_KNN,0.07753943314007437,0.10858889243638642,0.15148698321382975,0.26154952480857385,0.573397600238657,0.7805326212114875,0.7977228379092783,0.8042700370550865,128,0.9921875
467bbee636b65c84,V2_IL_Q_to_R_KNN,0.029999587684869766,0.03717606533318758,0.04172269441187382,0.045461567118763924,0.04937908798456192,0.05735378246754408,0.06410729587078096,0.06604085862636566,128,
467bbee636b65c84,V2_candidate_KNN,0.0368085910047988,0.04176563650540063,0.117623131887993,0.17957426524344922,0.37171919484799887,0.7383961261880175,0.7855867527797836,0.7970890073372991,192,
467bbee636b65c84,V2_Q_mahalanobis,2.112587778265128,2.468150494347105,3.0415329226813537,3.28875258321451,3.7620861216929713,4.213298028083129,4.691539774591732,4.912728579783676,128,
4f6409df56a85592,V1_IL_self_KNN,0.02492692321538925,0.027260046824812888,0.029601876623928547,0.03134944289922714,0.0352484043687582,0.03959923982620239,0.05621954806149003,0.06413468718528748,64,
4f6409df56a85592,V1_candidate_KNN,0.06188627523686385,0.07014333150419459,0.1110484319408733,0.1315052325773407,0.22532586514416447,0.28342446998247284,0.2908222290554126,0.4218629705382416,128,0.984375
4f6409df56a85592,V2_IL_Q_to_R_KNN,0.01823998987674713,0.02199010392650962,0.024812544696033,0.027745316736400127,0.03054489940404892,0.034517827443778515,0.04542922753840686,0.053678013384342194,128,
4f6409df56a85592,V2_candidate_KNN,0.021876757426864856,0.025126728895502562,0.05996400678192197,0.10169680112918081,0.14064585836468657,0.2560359450723102,0.29034501154029324,0.3957302240566983,192,
4f6409df56a85592,V2_Q_mahalanobis,2.157807226856855,2.366684629503189,2.7248572830969517,2.9667193350744867,3.326547095923736,3.846136088449295,4.295290974848349,4.383230304444724,128,
16ddb1838af755e3,V1_IL_self_KNN,0.017228934913873672,0.019550938718020917,0.02467388939112425,0.029224435798823833,0.03490457497537136,0.04432794153690337,0.0708890350908041,0.07143107801675797,64,
16ddb1838af755e3,V1_candidate_KNN,0.05404146691095328,0.061585886826144014,0.07398787440556755,0.09492456990902859,0.5822311784662375,0.9369938559538159,1.0156213086698256,1.0410999791254878,128,0.78125
16ddb1838af755e3,V2_IL_Q_to_R_KNN,0.01534861046820879,0.017461196519434452,0.019762545358389616,0.022665957920253277,0.027303153183311224,0.041248773224651814,0.05430869363248354,0.10050849616527557,128,
16ddb1838af755e3,V2_candidate_KNN,0.016112267704186625,0.01903872415693432,0.044486163317807394,0.0766977792308707,0.38510320901070716,0.8123477150359428,0.9600324361593133,1.007219950943489,192,
16ddb1838af755e3,V2_Q_mahalanobis,1.5774832057071104,1.816839165227623,2.337388485276365,2.7061924094877385,3.023683775292972,3.516128067894487,4.134460921030458,4.177405218228033,128,
2ce59f70a15b5ddf,V1_IL_self_KNN,0.030790165066719055,0.03631548341363668,0.04305376950651407,0.047212693840265274,0.056215982884168625,0.07463546805083746,0.09262663386762132,0.11698148399591446,64,
2ce59f70a15b5ddf,V1_candidate_KNN,0.08829423808166409,0.16866409273008875,0.19986685005033267,0.23388891378082138,0.3158290186561774,0.49300462734045736,0.5568460658398688,0.6024332024173162,128,0.9921875
2ce59f70a15b5ddf,V2_IL_Q_to_R_KNN,0.02571866475045681,0.02969530876725912,0.034097759053111076,0.037184469401836395,0.046180568635463715,0.06204054169356823,0.08150770939886576,0.11431865394115448,128,
2ce59f70a15b5ddf,V2_candidate_KNN,0.0300531728715288,0.03608467414168847,0.10572091112153773,0.17446488200965457,0.24190842286971873,0.3691684421610433,0.4944110477179125,0.5041575317225545,192,
2ce59f70a15b5ddf,V2_Q_mahalanobis,1.645189144572578,2.024951636844682,2.4034479510307363,2.7136925861199797,3.010906626833254,3.5570965052035834,4.015644414139655,4.063247516387325,128,
461fb854eaa3583e,V1_IL_self_KNN,0.03667397052049637,0.03963530510663986,0.04882224090397358,0.05777329206466675,0.06783371791243553,0.09520216584205625,0.13761705532670002,0.1838265210390091,64,
461fb854eaa3583e,V1_candidate_KNN,0.19695881635835263,0.21141023613052334,0.4200765724263539,2.280874509333872,2.3468101993038144,2.458755478760429,2.506100511538452,2.5232368879424767,128,1.0
461fb854eaa3583e,V2_IL_Q_to_R_KNN,0.02980155311524868,0.032975354231894016,0.036996154114603996,0.0402818787842989,0.0496879480779171,0.06849152222275734,0.10027933076024066,0.11285722255706787,128,
461fb854eaa3583e,V2_candidate_KNN,0.03211461245526352,0.03910042389918406,0.1572601075539041,0.518819233816882,2.259599622640337,2.4327968760407304,2.4844835392498488,2.6078141192779847,192,
461fb854eaa3583e,V2_Q_mahalanobis,1.559355481601536,1.8602811280241265,2.202202288951984,2.489208580125411,2.937697942421683,3.5276060716742106,3.800601760640791,4.151287927987576,128,
8b800af555d35794,V1_IL_self_KNN,0.022556042298674583,0.023651324026286603,0.028221348766237497,0.03160879574716091,0.03772752732038498,0.061236487515270686,0.0861850687116384,0.09636138379573822,64,
8b800af555d35794,V1_candidate_KNN,0.07032088363889968,0.07849430065522309,0.12237685970318675,0.2225653060866732,0.3487030311766784,0.5294072994590626,0.5410242105487335,0.5549380831573923,128,0.828125
8b800af555d35794,V2_IL_Q_to_R_KNN,0.01612761802971363,0.020025959145277737,0.02201738813892007,0.0248586842790246,0.029467998538166285,0.040644996426999556,0.05779644865542655,0.06711553037166595,128,
8b800af555d35794,V2_candidate_KNN,0.017342418000207492,0.02423514227585939,0.056022152762259574,0.1266799892217162,0.27024816339498947,0.5084128407091427,0.5276470552701604,0.550354598127242,192,
8b800af555d35794,V2_Q_mahalanobis,1.4246401893123064,1.8978339906060275,2.2968293073358117,2.6316782450466825,2.9508128527272044,3.667026321480345,4.243807035782921,4.394657483197282,128,
2ab1b3941f7153cb,V1_IL_self_KNN,0.015083760023117065,0.016549143847078084,0.02033765846863389,0.026233485899865627,0.03107930440455675,0.057626830041408526,0.08481591947376727,0.08701111376285553,64,
2ab1b3941f7153cb,V1_candidate_KNN,0.03895198450284591,0.047413795647357544,0.07785621217355594,0.2861012230505615,0.3367859414456763,0.45425225828769455,0.577303223025034,0.6246371782454005,128,0.6796875
2ab1b3941f7153cb,V2_IL_Q_to_R_KNN,0.013389910571277142,0.015169269405305386,0.018819833640009165,0.021466474048793316,0.025952233467251062,0.042327976599335654,0.09260301053524018,0.10926780849695206,128,
2ab1b3941f7153cb,V2_candidate_KNN,0.013419134037195501,0.019171226105730653,0.043022049556049845,0.10447395043921086,0.2671037007372399,0.3707099818704187,0.4595558139079885,0.5827601718118836,192,
2ab1b3941f7153cb,V2_Q_mahalanobis,1.0987934350013902,1.5623403373636353,2.0283793338790526,2.2431188365605577,2.7368190399858463,3.450820105734182,5.585498806240261,7.731141394320891,128,
4bc510a669d8549f,V1_IL_self_KNN,0.025596505030989647,0.02806656276807189,0.033647676929831505,0.03958265483379364,0.047626872546970844,0.06253539901226758,0.09803017027676102,0.10588689893484116,64,
4bc510a669d8549f,V1_candidate_KNN,0.10926106653128527,0.12279083166430983,0.1875862346587715,0.23991322977679228,0.3202184402777071,0.437142500249339,0.4633243065899394,0.5013369257525282,128,1.0
4bc510a669d8549f,V2_IL_Q_to_R_KNN,0.021951356902718544,0.02368406755849719,0.028269863687455654,0.0322240199893713,0.0375269977375865,0.05650664679706096,0.0667777343839407,0.07039140164852142,128,
4bc510a669d8549f,V2_candidate_KNN,0.022145447445994275,0.029281317965786743,0.08243203528505633,0.14658982256192027,0.22941991575805387,0.3893075554563311,0.44185714489931033,0.48351714962823794,192,
4bc510a669d8549f,V2_Q_mahalanobis,1.3295921357116933,1.9400892338189937,2.3184648282604283,2.591561753955415,3.120315807558854,3.71699248860508,4.237243998650475,4.95016260969132,128,
3387bab95d41528a,V1_IL_self_KNN,0.024177495390176773,0.029701832309365274,0.035794153809547424,0.03956106677651405,0.049734316766262054,0.07023458555340764,0.09698435544967651,0.09754495322704315,64,
3387bab95d41528a,V1_candidate_KNN,0.35369354810082365,0.3672378079242194,0.42777956495569286,0.8689691817110765,0.9099051466416019,0.999618179330953,1.0140661318358017,1.0324851481766335,128,1.0
3387bab95d41528a,V2_IL_Q_to_R_KNN,0.023316120728850365,0.027051224000751974,0.03067751880735159,0.03397650271654129,0.039279491640627384,0.050080357678234565,0.061579419821500794,0.07590902596712112,128,
3387bab95d41528a,V2_candidate_KNN,0.025917314412691017,0.032210368947955134,0.20566315309577465,0.40280540268225534,0.8910553291418704,0.9884299199613626,1.018325436603285,1.0989265613555648,192,
3387bab95d41528a,V2_Q_mahalanobis,1.5976694475186217,2.109093700802082,2.511075728473784,2.793581270826217,3.1750737197656638,3.8594611510664167,4.092155263743947,4.131178871319172,128,
e5acc98f52f458cc,V1_IL_self_KNN,0.03484939783811569,0.03658889662474394,0.041662758216261864,0.04609835147857666,0.05482546519488096,0.07426578737795353,0.1228075084090232,0.14399537444114685,64,
e5acc98f52f458cc,V1_candidate_KNN,0.1068056800491382,0.12972241328883144,0.17368175270668523,0.2430372816338947,0.4959599360964209,0.9689734529225589,1.0060684340465367,1.0210713954744142,128,0.8828125
e5acc98f52f458cc,V2_IL_Q_to_R_KNN,0.024652760475873947,0.029636879451572895,0.034666324965655804,0.04045601934194565,0.04999099392443895,0.06937695033848285,0.07507772713899613,0.08013446629047394,128,
e5acc98f52f458cc,V2_candidate_KNN,0.024591313793361186,0.03541716810773591,0.09147285218657819,0.16301365207578705,0.33549870151675537,0.8838051150876086,0.9470932217866403,0.9706216451289867,192,
e5acc98f52f458cc,V2_Q_mahalanobis,1.3366196453658583,1.9643753005180333,2.4232640646748282,2.9031846481116723,3.2486363617594995,3.996787581657666,4.1688979127714285,4.479489366312723,128,
3e9026530c475726,V1_IL_self_KNN,0.031560808420181274,0.03498475719243288,0.04238752368837595,0.04472312144935131,0.056709798984229565,0.08159294426441192,0.09251178495585914,0.10183336585760117,64,
3e9026530c475726,V1_candidate_KNN,0.07731612161208519,0.09391816674455367,0.17914432220076695,0.24666955070161556,0.43391802569156884,0.9949363904930535,1.0728968631749551,1.205855350296087,128,0.8515625
3e9026530c475726,V2_IL_Q_to_R_KNN,0.027141043916344643,0.03044191747903824,0.034745038487017155,0.03809877298772335,0.04356769099831581,0.06778306029736993,0.08087389886379243,0.09293657541275024,128,
3e9026530c475726,V2_candidate_KNN,0.02478101698966586,0.035256173489611145,0.0946285961797373,0.19197879100870952,0.35871571993896595,0.9172537897536011,1.0077851184825104,1.1697954873256193,192,
3e9026530c475726,V2_Q_mahalanobis,1.8017131872386025,2.1688037691926496,2.617559781998933,2.944415851423656,3.275428773017027,4.0272210024286945,4.39877359210338,4.6047927267699995,128,
2ae0a44cc4de5c4a,V1_IL_self_KNN,0.02808060310781002,0.029917943477630615,0.0352002028375864,0.041921431198716164,0.049842339009046555,0.06100272610783577,0.06461140118539331,0.06921763718128204,64,
2ae0a44cc4de5c4a,V1_candidate_KNN,0.1186239683786197,0.14314286301914506,0.1538020187352088,0.19564220649407232,0.5175586859432074,0.7844875670097238,0.879625251864137,0.9935065508719003,128,1.0
2ae0a44cc4de5c4a,V2_IL_Q_to_R_KNN,0.021693464368581772,0.02369868624955416,0.027958013117313385,0.03327524662017822,0.04048949293792248,0.06728264987468718,0.08071767628192901,0.21503059566020966,128,
2ae0a44cc4de5c4a,V2_candidate_KNN,0.02020734463620328,0.030472499679475816,0.08312194781722033,0.14629384165025983,0.29875604714464343,0.6507346647240605,0.7441916074596648,0.8188880642711288,192,
2ae0a44cc4de5c4a,V2_Q_mahalanobis,1.3696145400866349,1.7088181157888902,2.1896930384505247,2.746591600291193,3.278801670086772,4.675918493173834,8.365965561028343,9.415042050325258,128,
cc94486698ff58d1,V1_IL_self_KNN,0.026703855022788048,0.03013764452189207,0.03328770212829113,0.03776130452752113,0.0459912046790123,0.06210014782845972,0.0947256141901015,0.12224788963794708,64,
cc94486698ff58d1,V1_candidate_KNN,0.05861489780786315,0.07980269009446592,0.08876199693055985,0.09832515993768398,0.6071976562846277,0.7118574722138632,0.7614943083722993,0.8184595808578248,128,0.4453125
cc94486698ff58d1,V2_IL_Q_to_R_KNN,0.021543171256780624,0.026409690268337727,0.029849051032215357,0.033007390797138214,0.0375930517911911,0.05173601247370241,0.08638874251395479,0.09855423122644424,128,
cc94486698ff58d1,V2_candidate_KNN,0.023551932665357538,0.032277915442414755,0.055976706155402296,0.0848682929466273,0.3581479959083558,0.6870374608357718,0.771128833006391,0.835950999642398,192,
cc94486698ff58d1,V2_Q_mahalanobis,1.6798023525921881,1.983666601759727,2.503026628469563,2.894704412488988,3.1958724459847154,3.956966037790926,4.273404066154017,4.722337639580969,128,
969763763ce754a4,V1_IL_self_KNN,0.023433133959770203,0.02460211319848895,0.02972990646958351,0.03343026712536812,0.03907938953489065,0.0477769998833537,0.09502531953155989,0.10892703384160995,64,
969763763ce754a4,V1_candidate_KNN,0.09392280395791934,0.10128469150364199,0.11394743720866267,0.22437588856406449,0.31785407044720937,0.5937345523990185,0.6429757297083815,0.667241675034939,128,0.859375
969763763ce754a4,V2_IL_Q_to_R_KNN,0.018207430839538574,0.022332390863448383,0.02511410228908062,0.029000514186918736,0.03348170593380928,0.04378327857702969,0.054749249964952486,0.10075683891773224,128,
969763763ce754a4,V2_candidate_KNN,0.020904432445043187,0.026740069479725112,0.06980911335850531,0.11243621066977236,0.2371105866671533,0.5601198750904852,0.6211581967002854,0.65858414053017,192,
969763763ce754a4,V2_Q_mahalanobis,1.6424201839501986,2.243124864166311,2.7644779507057446,3.1687977325058387,3.5771553787077073,4.1678580756953885,4.737590367025527,5.286905569801164,128,
ff6ab495a139534e,V1_IL_self_KNN,0.02467709220945835,0.0267794668674469,0.031457215547561646,0.0350606981664896,0.04048627521842718,0.048253694176673884,0.07668957687914371,0.07781338691711426,64,
ff6ab495a139534e,V1_candidate_KNN,0.11464510197160867,0.13464179089420883,0.16025946164237242,0.2608697706948965,0.6897059504787745,1.2664945070220108,1.3003297058215688,1.3012970021363626,128,1.0
ff6ab495a139534e,V2_IL_Q_to_R_KNN,0.02276071533560753,0.023427731823176146,0.027344415429979563,0.030771094374358654,0.03266710601747036,0.04519787561148404,0.0516738323867321,0.058972883969545364,128,
ff6ab495a139534e,V2_candidate_KNN,0.02305256375746432,0.02756619186815605,0.11172234198510915,0.18825176047009892,0.5047924524004824,1.1714565698941555,1.2827853030953595,1.2887233409108638,192,
ff6ab495a139534e,V2_Q_mahalanobis,2.237767363264949,2.465154365058815,2.961481214802655,3.248173047313405,3.6618813746429266,4.087973530188317,4.69773245228172,4.929498965353928,128,
70248e0bb43a503b,V1_IL_self_KNN,0.03686073422431946,0.0404420230537653,0.04497034288942814,0.04961184784770012,0.05799880437552929,0.0923805154860019,0.13655255369842043,0.15791256725788116,64,
70248e0bb43a503b,V1_candidate_KNN,0.04647764794041171,0.06301553792133968,0.15859062721331663,0.21935918861167797,0.4341918994357008,0.9171208181963632,1.0485500411068094,1.1319440817769788,128,0.75
70248e0bb43a503b,V2_IL_Q_to_R_KNN,0.026825997978448868,0.034084288589656356,0.03914176672697067,0.04363011755049229,0.04910355340689421,0.05851772669702768,0.07686764433979988,0.09536950290203094,128,
70248e0bb43a503b,V2_candidate_KNN,0.034358643927088255,0.03955803364666839,0.06012794691788106,0.1647548852487571,0.29591863414224306,0.8391757561524466,0.9912461998629752,1.1130099776992524,192,
70248e0bb43a503b,V2_Q_mahalanobis,1.7160655627599917,2.314598730580574,2.7607733401412555,3.075896701919411,3.393384209145374,3.9061355969955343,4.602050710591451,5.056407680362064,128,
2a2403c9b08b53ac,V1_IL_self_KNN,0.050762563943862915,0.058228602074086665,0.07332963682711124,0.08269160240888596,0.09237346798181534,0.1196477562189101,0.170906728953123,0.1900627613067627,64,
2a2403c9b08b53ac,V1_candidate_KNN,0.18126014351569447,0.21518198858951249,0.2701574594899705,0.3299090470908966,0.4198481331047646,1.0581453950669297,1.6718100241803413,1.728995455280406,128,0.9921875
2a2403c9b08b53ac,V2_IL_Q_to_R_KNN,0.045192331075668335,0.050092744454741475,0.05807448737323284,0.06430785730481148,0.07497177831828594,0.09930595904588699,0.11997149556875233,0.1305525302886963,128,
2a2403c9b08b53ac,V2_candidate_KNN,0.04761276419896333,0.058273287542990285,0.13113875122046048,0.2577113477743875,0.3621563434189681,0.9409818447901531,1.4307299338761326,1.6894899361274773,192,
2a2403c9b08b53ac,V2_Q_mahalanobis,1.75049930638303,2.238018291269597,2.668327629424949,3.0597165000613056,3.5041366903664866,4.241451512549298,5.082524488410173,5.581137273942504,128,
854169aa74e95251,V1_IL_self_KNN,0.029295939952135086,0.030891531240195037,0.037030101753771305,0.042084116488695145,0.048749011009931564,0.06212438493967054,0.10256989359855637,0.13932748138904572,64,
854169aa74e95251,V1_candidate_KNN,0.2543561556114036,0.30133311317392636,0.8889018786847774,1.0340399533199571,1.0997522984224135,1.3387478645534265,1.3751870466432103,1.3953207515436685,128,1.0
854169aa74e95251,V2_IL_Q_to_R_KNN,0.021662434563040733,0.02501706313341856,0.030656781047582626,0.03407675959169865,0.03942750860005617,0.05967165790498254,0.07483770452439786,0.08670111000537872,128,
854169aa74e95251,V2_candidate_KNN,0.022004004075377236,0.02960832494709949,0.24762893174082362,0.6440787851999972,0.984188139785598,1.2482372471182106,1.3189838109656649,1.3429700216585785,192,
854169aa74e95251,V2_Q_mahalanobis,1.629511833724166,2.109267438532953,2.471593105908351,2.8252552628524845,3.161715984910841,3.7489159676262465,4.059626723150742,4.178063874191154,128,
93a9927586995095,V1_IL_self_KNN,0.016674254089593887,0.017603121977299453,0.019420848693698645,0.02082309126853943,0.02379551250487566,0.037819545716047266,0.05816570360213517,0.062255799770355225,64,
93a9927586995095,V1_candidate_KNN,0.045564637319328256,0.06614808535734175,0.1854522352114583,0.2570981653571125,0.4566682695297268,0.6223562084148418,0.6410955806102157,0.6512182124233328,128,0.96875
93a9927586995095,V2_IL_Q_to_R_KNN,0.012291030958294868,0.01372468345798552,0.015478992369025946,0.017460452392697334,0.019228998105973005,0.026557389274239535,0.04777881633490326,0.05201156064867973,128,
93a9927586995095,V2_candidate_KNN,0.014299612278355467,0.018497358362355852,0.07400021104709077,0.18419846144337343,0.29753114963483274,0.5985236740905672,0.6174848598417673,0.6377934675418451,192,
93a9927586995095,V2_Q_mahalanobis,1.7726734205868102,2.109389817215659,2.530627376735546,2.8427029270549333,3.200761970598883,3.474848285408973,3.8488131242177253,4.3366048783245725,128,
af62d866653053f6,V1_IL_self_KNN,0.031370293349027634,0.03643580973148346,0.04445180110633373,0.049136463552713394,0.05560937337577343,0.06710998117923736,0.08309094630181788,0.08706251531839371,64,
af62d866653053f6,V1_candidate_KNN,0.2555178942021749,0.29300894913049635,0.35497525092721316,0.46283474231477284,0.6490083637790038,0.6924564082384345,0.7102779876325872,0.7450077615986437,128,1.0
af62d866653053f6,V2_IL_Q_to_R_KNN,0.02320699766278267,0.03051586439833045,0.03489049896597862,0.03929588571190834,0.04550596699118614,0.05804085172712802,0.06731961853802206,0.07045221328735352,128,
af62d866653053f6,V2_candidate_KNN,0.026600121917121605,0.0374114362407044,0.15581829425231392,0.34220428428700367,0.451321557652854,0.6617773950729084,0.699969780120303,0.7381492162134046,192,
af62d866653053f6,V2_Q_mahalanobis,2.122612565915849,2.403632280204837,2.9507261811097885,3.3034097129024085,3.5702211263474846,4.148464733580972,4.768609879821927,4.889737281545803,128,
17d296a87fb45380,V1_IL_self_KNN,0.028695959597826004,0.03149756733328104,0.04046532139182091,0.04588537849485874,0.05706294532865286,0.07761604450643061,0.11573590852320192,0.12181135267019272,64,
17d296a87fb45380,V1_candidate_KNN,0.13689449480888374,0.17013839133254643,0.22403594655794803,0.24333978733703082,0.5130166414858445,1.729637708023532,2.0104440348234838,2.0512626885344787,128,1.0
17d296a87fb45380,V2_IL_Q_to_R_KNN,0.02352193370461464,0.02695833519101143,0.03224258217960596,0.0379811767488718,0.050256422720849514,0.07513969130814074,0.08280207388103009,0.11984076350927353,128,
17d296a87fb45380,V2_candidate_KNN,0.02183606794200546,0.02984431215148919,0.12582591911485203,0.19449669732504382,0.38196207637984425,1.6233803177731734,1.8828323676826786,2.0127910570016643,192,
17d296a87fb45380,V2_Q_mahalanobis,1.7548026420212197,1.8722908288066686,2.4463969704138853,2.83029152813366,3.230570404056868,3.8137968895990957,4.2331047336131995,5.046523766461444,128,
5370751917315916,V1_IL_self_KNN,0.024310391396284103,0.026765488553792238,0.037223462015390396,0.041677242144942284,0.05368572846055031,0.07921698763966557,0.09369596071541308,0.09735145419836044,64,
5370751917315916,V1_candidate_KNN,0.12030866878957625,0.13476331376168352,0.17653070705667825,0.2440096177517783,0.34496208640931053,0.5173928038674647,0.5906571942024904,0.5955196320230138,128,1.0
5370751917315916,V2_IL_Q_to_R_KNN,0.022424200549721718,0.024651126842945813,0.030193143989890814,0.03407297655940056,0.04239032045006752,0.05988528933376072,0.07030790060758592,0.07644174993038177,128,
5370751917315916,V2_candidate_KNN,0.026125884295949496,0.03145377934529024,0.10152369584008332,0.17155472985498588,0.24918279083414363,0.440866714011144,0.5238877578749653,0.5524319093308516,192,
5370751917315916,V2_Q_mahalanobis,1.2534753288344647,1.8014602990697726,2.2824579448210884,2.6420933904256567,2.9895582361203803,3.535091810338377,4.046394388366517,4.744243646208564,128,
adaf33e4ba555709,V1_IL_self_KNN,0.0155719593167305,0.01732230046764016,0.01976391114294529,0.023906564339995384,0.029665852431207895,0.04707776196300981,0.08301812507212157,0.09393112361431122,64,
adaf33e4ba555709,V1_candidate_KNN,0.1947341800875598,0.2470432928764672,0.36264818121138076,0.4242207373435607,0.49745168575482246,0.5773820533483658,0.5964647636301107,0.6207354385249703,128,1.0
adaf33e4ba555709,V2_IL_Q_to_R_KNN,0.01378960907459259,0.016623858269304036,0.01909185154363513,0.021452187560498714,0.02470287960022688,0.035308979079127306,0.08605879440903667,0.12052993476390839,128,
adaf33e4ba555709,V2_candidate_KNN,0.016209863534233267,0.019638402080888715,0.10706379722660643,0.29071831282204164,0.396054699717788,0.5344078041629328,0.5771026005107711,0.6064979594098457,192,
adaf33e4ba555709,V2_Q_mahalanobis,1.6524615222111863,1.951507429701772,2.3768647538794596,2.711367188607232,3.03630544783772,3.6603106816113895,4.109693711023095,5.988151457296662,128,
1aa0acb229945e9b,V1_IL_self_KNN,0.030484816059470177,0.03337817080318928,0.03772682324051857,0.04308823682367802,0.05123630817979574,0.07525535896420477,0.08330435678362846,0.08365944772958755,64,
1aa0acb229945e9b,V1_candidate_KNN,0.19273371825136007,0.23785610114133962,0.2786347883195426,0.31005591855317605,0.380241196893889,0.7359646891569002,0.8527689674129774,0.9052130076963486,128,1.0
1aa0acb229945e9b,V2_IL_Q_to_R_KNN,0.026438632979989052,0.027143851947039367,0.03171454928815365,0.035905031487345695,0.046584660187363625,0.0583862980827689,0.07555084317922593,0.10760481655597687,128,
1aa0acb229945e9b,V2_candidate_KNN,0.025604474964128494,0.032221554632824195,0.1251753489491516,0.25601852422615823,0.3219081214074705,0.6094819041517643,0.7528123461234509,0.8391583182010379,192,
1aa0acb229945e9b,V2_Q_mahalanobis,1.5648218134391056,2.0682552383567634,2.47231864601009,2.8573305061684238,3.1834578828445155,3.9804294390931214,4.309899782479084,4.961833929418863,128,
fad9e78a17825042,V1_IL_self_KNN,0.023877467960119247,0.02525498028844595,0.03056891029700637,0.033742813393473625,0.04197504371404648,0.06725881658494469,0.13202656634151907,0.20037826895713806,64,
fad9e78a17825042,V1_candidate_KNN,0.09851191270166812,0.11423985055161007,0.13932499629995945,0.2900449036894801,0.7565052277644514,1.0097446730471726,1.0457062617840287,1.0661555768313307,128,0.578125
fad9e78a17825042,V2_IL_Q_to_R_KNN,0.017174463719129562,0.019157211203128098,0.022512289229780436,0.02521840762346983,0.02947732387110591,0.041963121853768826,0.07734041847288611,0.09288181364536285,128,
fad9e78a17825042,V2_candidate_KNN,0.018175956004363513,0.024780373662983045,0.10555960317130314,0.19352971804330482,0.4704669325749837,0.9185743842296354,0.9982173274179946,1.030002310101058,192,
fad9e78a17825042,V2_Q_mahalanobis,1.001371970444603,1.3094728924928865,1.7446657364409386,2.0547160653277117,2.3681866250496686,2.823709133779811,3.2572896895994856,3.5210166696108556,128,
4eaf32face4b5ece,V1_IL_self_KNN,0.030218828469514847,0.03372617308050394,0.0388753330335021,0.046441711485385895,0.055327994748950005,0.07679959200322627,0.10778772205114362,0.1139632910490036,64,
4eaf32face4b5ece,V1_candidate_KNN,0.21424138551519153,0.2613976975962029,0.28611833483224713,0.3433982003256133,0.3781799519996818,0.4179329512096065,0.42856657245637525,0.4302771307209376,128,1.0
4eaf32face4b5ece,V2_IL_Q_to_R_KNN,0.024005301296710968,0.027937114890664815,0.03388127405196428,0.03841588646173477,0.046068789437413216,0.07904408909380435,0.10165643364191056,0.1674516648054123,128,
4eaf32face4b5ece,V2_candidate_KNN,0.028009335216062158,0.03321635064880384,0.1265071271805857,0.25758503716583286,0.3298452089640489,0.39986819177726957,0.41842225589272747,0.42892565267013777,192,
4eaf32face4b5ece,V2_Q_mahalanobis,2.0095978271385957,2.2970111588076105,2.85289793039009,3.2178735029810133,3.677750383142465,4.386318847592366,4.804137839157596,4.858098106024328,128,
2db045daf25c5bb7,V1_IL_self_KNN,0.023553723469376564,0.027254741825163364,0.03243322018533945,0.03759319521486759,0.04705842863768339,0.07821394875645626,0.12652728661894785,0.15598627924919128,64,
2db045daf25c5bb7,V1_candidate_KNN,0.2549904950058998,0.2748422972051978,0.30749730405568226,0.35615589480050897,0.4133416308817517,0.6991301856462456,0.7659193934805243,0.7840707546542685,128,1.0
2db045daf25c5bb7,V2_IL_Q_to_R_KNN,0.021390244364738464,0.023171493783593178,0.026823432184755802,0.03028142172843218,0.03577977325767279,0.0503173442557454,0.057573043070733555,0.0710187777876854,128,
2db045daf25c5bb7,V2_candidate_KNN,0.021865182495140183,0.028184138691002465,0.1300236051560177,0.2705606102251751,0.34132020368869936,0.662098235765285,0.7793914615115757,0.798123342732806,192,
2db045daf25c5bb7,V2_Q_mahalanobis,1.7112652794094734,2.0683875697490035,2.3821846041904267,2.6717107902416948,3.008415335859061,3.5294865999370364,4.060189738405789,4.1802883326327605,128,
b23f3d728c08529f,V1_IL_self_KNN,0.041728246957063675,0.04619425460696221,0.052853395231068134,0.05856708809733391,0.064433753490448,0.07617957442998885,0.09021766960620872,0.11028991639614105,64,
b23f3d728c08529f,V1_candidate_KNN,0.1220895947294978,0.13628747586996437,0.15771419662581465,0.1921547558175169,0.24447283284442958,0.29367181647414964,0.33222703977954693,0.33826146665609247,128,1.0
b23f3d728c08529f,V2_IL_Q_to_R_KNN,0.035799816250801086,0.03863096293061972,0.042822410352528095,0.047959430143237114,0.05940690543502569,0.0878154456615448,0.11016283676028256,0.16372080147266388,128,
b23f3d728c08529f,V2_candidate_KNN,0.03710702505458535,0.043570563354163885,0.08313454059551839,0.14634336940969744,0.1833334299921671,0.26691209584433206,0.287193853358723,0.3101143874269113,192,
b23f3d728c08529f,V2_Q_mahalanobis,1.8372408034960281,2.159115060319025,2.813540079618817,3.340235861991691,3.6783300686303075,4.3283897250458665,4.80188326316196,5.1899074319198535,128,
dc76a771066b5553,V1_IL_self_KNN,0.02474937215447426,0.02950340062379837,0.036005997098982334,0.04058459587395191,0.04801823664456606,0.07150320485234259,0.10131736725568764,0.119411900639534,64,
dc76a771066b5553,V1_candidate_KNN,0.11454627052721071,0.17556187447234398,0.2111759184582991,0.2464915262332805,0.5549077766082801,1.7262340481325766,1.8621264210556863,2.0938203628371443,128,0.9921875
dc76a771066b5553,V2_IL_Q_to_R_KNN,0.016860052943229675,0.022803526930511,0.029419698752462864,0.03366357646882534,0.04125471878796816,0.05523081701248883,0.07700695641338827,0.1013169139623642,128,
dc76a771066b5553,V2_candidate_KNN,0.02393228180364849,0.02899459786742264,0.11777762047722862,0.19444732265995862,0.4534173125045196,1.6495184878183657,1.8107882014552665,2.070665858843875,192,
dc76a771066b5553,V2_Q_mahalanobis,1.2376139184922346,1.7025630815146153,2.2436676785143153,2.6753958951263686,3.0285751829287073,3.6716204151898664,4.3182911748755926,4.4630314166433624,128,
d76b0458667c59a2,V1_IL_self_KNN,0.012629399076104164,0.01397431930527091,0.015475166728720069,0.017853244207799435,0.02002335898578167,0.02482490250840782,0.0391331404447555,0.05185215547680855,64,
d76b0458667c59a2,V1_candidate_KNN,0.07453413018409563,0.08230953115246067,0.1191656232823899,0.15681936853936412,0.4309465029542591,0.5740980300421671,0.5812384704760394,0.5932330188961888,128,1.0
d76b0458667c59a2,V2_IL_Q_to_R_KNN,0.010914037935435772,0.01217864714562893,0.013631434412673116,0.01493780454620719,0.01648754719644785,0.02173899468034505,0.028230831213295473,0.06307464838027954,128,
d76b0458667c59a2,V2_candidate_KNN,0.012474740043448614,0.013909354579805197,0.06787781742152668,0.1244162707486343,0.2541034243384819,0.5580935296640235,0.5814475371789751,0.5936939935264084,192,
d76b0458667c59a2,V2_Q_mahalanobis,1.9159848047848007,2.3137591164265925,3.029313940297425,3.4289080354799415,3.918318172031304,4.9065905643103696,5.692191870222201,5.800357357296604,128,
8cf3b1868b2f5262,V1_IL_self_KNN,0.03154325485229492,0.03244933728128672,0.03725799452513456,0.04145774245262146,0.04622620344161987,0.07014076411724084,0.1121754971146582,0.15061651170253754,64,
8cf3b1868b2f5262,V1_candidate_KNN,0.29068087193678965,0.3504284678591073,0.4356589979966744,0.4854740966613691,0.5422642174194274,0.5918061738057174,0.6571651168061025,0.6964995418343941,128,1.0
8cf3b1868b2f5262,V2_IL_Q_to_R_KNN,0.021644817665219307,0.02518942570313811,0.028928238432854414,0.03269602358341217,0.03691223729401827,0.0457853615283966,0.055593455880880355,0.06615616381168365,128,
8cf3b1868b2f5262,V2_candidate_KNN,0.022778910985575378,0.029336116286126635,0.14073199665175617,0.33088347517709055,0.4329583082230001,0.4860899045810564,0.5663221844964135,0.5900119453990447,192,
8cf3b1868b2f5262,V2_Q_mahalanobis,1.284070071163296,1.8699936813671396,2.340652591402606,2.6076202970557056,2.898873552280022,3.509970524541264,3.7399707736641057,3.8945097647194142,128,
990bd9b32e5d5f60,V1_IL_self_KNN,0.017652112990617752,0.01925684977322817,0.023759780917316675,0.028033629059791565,0.03145929146558046,0.05481076985597601,0.07115803331136701,0.07564014941453934,64,
990bd9b32e5d5f60,V1_candidate_KNN,0.06878531019167548,0.07489047836228847,0.08947662974851849,0.12098921718323977,0.26252188764423035,0.3262577040898874,0.44664108800886754,0.5283606098203066,128,0.9375
990bd9b32e5d5f60,V2_IL_Q_to_R_KNN,0.01335608959197998,0.01581139862537384,0.020054419990628958,0.02365518920123577,0.028582827653735876,0.03724130280315876,0.04436830662190916,0.052537865936756134,128,
990bd9b32e5d5f60,V2_candidate_KNN,0.015411426198267764,0.019912373055117498,0.050203881355745016,0.10214838669545831,0.177641534956982,0.27785092739334183,0.3031169117392251,0.35856549119617304,192,
990bd9b32e5d5f60,V2_Q_mahalanobis,1.1687442738366498,1.4567794326880354,1.853889110345948,2.1650122723924055,2.423572940374235,3.084126044357217,3.432447711820109,4.01052582520953,128,
6320ecb991675a39,V1_IL_self_KNN,0.030103158205747604,0.03445327151566744,0.04190671257674694,0.04607797786593437,0.05692274775356054,0.07730373330414295,0.1174032264202833,0.12181951105594635,64,
6320ecb991675a39,V1_candidate_KNN,0.11557986911890486,0.1444434968837397,0.17586772978026774,0.2635834308889033,0.4322862754658647,1.5525430285235209,1.67640384893929,1.7242974461050593,128,0.984375
6320ecb991675a39,V2_IL_Q_to_R_KNN,0.028418535366654396,0.030138527601957323,0.034272913821041584,0.03815195709466934,0.0439353222027421,0.061532006971538065,0.09128110013902198,0.11204773187637329,128,
6320ecb991675a39,V2_candidate_KNN,0.03055042445226579,0.03513615259992329,0.11533955007394758,0.1851896801830824,0.3620419503717404,1.3778992086632058,1.5644479185898952,1.6895986646495715,192,
6320ecb991675a39,V2_Q_mahalanobis,1.7397536488296814,2.236001267986063,2.692022545054799,3.086580688102016,3.3990879737049227,3.9569770428037296,4.308688605961923,4.477649467617332,128,
66243e185353563a,V1_IL_self_KNN,0.035487379878759384,0.038043683767318724,0.04397124610841274,0.04832015372812748,0.059062279760837555,0.08334501236677168,0.09393661938607692,0.0953100398182869,64,
66243e185353563a,V1_candidate_KNN,0.24087015846905008,0.33497782061230597,0.37973173139391836,0.41885809609710983,0.7121238227019749,0.7740325303052634,0.813548113797903,0.8433888755816398,128,1.0
66243e185353563a,V2_IL_Q_to_R_KNN,0.02742007002234459,0.030636541545391083,0.03467478509992361,0.03852922096848488,0.043477365747094154,0.060800624825060365,0.08837911084294323,0.10694722831249237,128,
66243e185353563a,V2_candidate_KNN,0.0249662801694456,0.03631763715596484,0.20011328100811793,0.39144719395366023,0.4649096570154484,0.7462706055740456,0.795854132859126,0.8187774563730399,192,
66243e185353563a,V2_Q_mahalanobis,1.9307949400569804,2.2972327328304227,2.8316391399759206,3.159310278631153,3.4852221194952544,4.071184839596439,4.519577208696861,5.161387688149824,128,
cde84b97e6505437,V1_IL_self_KNN,0.018740227445960045,0.021556246932595967,0.024975457694381475,0.02836335450410843,0.03498626686632633,0.05433004628866909,0.07145248256623744,0.07205776125192642,64,
cde84b97e6505437,V1_candidate_KNN,0.061022641010870224,0.07065688553797957,0.10622674147473325,0.1766054484186867,0.29115882471723475,0.5497458858901811,0.6834905770228397,0.7641734049830076,128,0.9375
cde84b97e6505437,V2_IL_Q_to_R_KNN,0.013989279046654701,0.016743606049567462,0.020086643286049366,0.02308761514723301,0.026293788570910692,0.037279743514955034,0.04737272754311562,0.07643086463212967,128,
cde84b97e6505437,V2_candidate_KNN,0.015176160070659089,0.022062942439778042,0.06339061699836501,0.1081991149102485,0.2293493139886011,0.43287907757813443,0.5733131425248419,0.678656597363069,192,
cde84b97e6505437,V2_Q_mahalanobis,1.313460555151313,1.4870830054132187,1.9055375962864114,2.2296724025764063,2.6645457493949185,3.1786910384128344,3.4018727200474173,3.655452734679468,128,
d968f9c81b945be1,V1_IL_self_KNN,0.02110215462744236,0.022470412030816077,0.025432925671339035,0.029582425020635128,0.03804141469299793,0.07861410379409788,0.09536723293364038,0.11750730127096176,64,
d968f9c81b945be1,V1_candidate_KNN,0.06202441386515456,0.0706795734809691,0.09458074748562004,0.11206415497766875,0.1507894244804274,0.41398942934006394,0.5120257974030517,0.5660814075342265,128,0.390625
d968f9c81b945be1,V2_IL_Q_to_R_KNN,0.013319037854671478,0.017332644388079643,0.02042449126020074,0.024100927636027336,0.02737384056672454,0.039576097391545766,0.04597037665545941,0.12840516865253448,128,
d968f9c81b945be1,V2_candidate_KNN,0.01816415435601445,0.021993644290531987,0.045940332014969346,0.08768896925464356,0.11465866491741182,0.33066933575474844,0.470514741693492,0.5496697979239207,192,
d968f9c81b945be1,V2_Q_mahalanobis,1.2815940594763702,1.7634011416122484,2.2027502483650236,2.5715707235334504,2.8861317257973154,3.3214577862692534,3.485929253234648,4.397405644220678,128,
0a87bb919dbb58b6,V1_IL_self_KNN,0.015820059925317764,0.01680112276226282,0.021125640254467726,0.025067521259188652,0.03095896728336811,0.04604898691177366,0.06893393829464908,0.08077343553304672,64,
0a87bb919dbb58b6,V1_candidate_KNN,0.14523389045892748,0.17843563738726595,0.21052983142976073,0.2880321751397284,0.5726646217727838,0.6532015289012963,0.677427017557653,0.7199120063060612,128,1.0
0a87bb919dbb58b6,V2_IL_Q_to_R_KNN,0.013494822196662426,0.014708737889304758,0.017524777445942163,0.020038018003106117,0.02425978658720851,0.03391013704240321,0.047745742015540646,0.0510975643992424,128,
0a87bb919dbb58b6,V2_candidate_KNN,0.014740119329340851,0.01983723918553275,0.08961867948853758,0.20092815298831818,0.3477088665075003,0.5849861796433727,0.6195103335379035,0.6870852896197895,192,
0a87bb919dbb58b6,V2_Q_mahalanobis,1.0931620345712676,1.6985818737198024,2.188858640971683,2.485797052529977,2.905282529830645,3.710854321654602,3.9674361770966224,5.4696972300728905,128,
fe5811497ace53af,V1_IL_self_KNN,0.022318143397569656,0.02567824712023139,0.028974574990570545,0.03132781945168972,0.03946808259934187,0.05048605408519506,0.08879439435899254,0.09776461124420166,64,
fe5811497ace53af,V1_candidate_KNN,0.12050507631705665,0.130216619617445,0.1746165417072537,0.2267727300206967,0.26872821036793715,0.6281565507110084,0.7175171779939968,1.7449714223442414,128,1.0
fe5811497ace53af,V2_IL_Q_to_R_KNN,0.01815161481499672,0.02054983135312796,0.024769838899374008,0.026850867085158825,0.032383994199335575,0.05376364346593612,0.08373381890356552,0.0957033634185791,128,
fe5811497ace53af,V2_candidate_KNN,0.016807960607230943,0.02197286524940763,0.09732903182131274,0.16014804399389837,0.23804713651384204,0.5609652294980876,1.0695700827700316,1.717482623861337,192,
fe5811497ace53af,V2_Q_mahalanobis,1.6700715580899337,1.9045473946825884,2.2547070441607424,2.568858481806391,2.911768879612831,3.5802034423480498,3.878568408530286,3.901544981179957,128,
1734440b807a58ef,V1_IL_self_KNN,0.025440823286771774,0.027628128416836262,0.03322552051395178,0.03958528861403465,0.05011057201772928,0.07645484954118727,0.1148152451217174,0.12923753261566162,64,
1734440b807a58ef,V1_candidate_KNN,0.16443199200751737,0.18965408205610948,0.23940609267200702,0.3977763013356964,0.5489516228272819,1.3176358111100677,1.4909511138104259,3.4051567210418163,128,1.0
1734440b807a58ef,V2_IL_Q_to_R_KNN,0.024324554949998856,0.025171057879924776,0.030693961307406425,0.034058406949043274,0.04049896728247404,0.05651689227670431,0.0918330383300782,0.11681796610355377,128,
1734440b807a58ef,V2_candidate_KNN,0.02512999143057103,0.032710860857881684,0.12148482090023177,0.22552808262635538,0.4586234673880735,1.204169650545142,2.093446082192208,3.374941327825776,192,
1734440b807a58ef,V2_Q_mahalanobis,1.5743416923101412,2.0996123028853293,2.4299474761421154,2.8820471812886623,3.2213128832471525,3.9752902760053566,4.676711378246093,5.092492471976965,128,
480434fc72d455af,V1_IL_self_KNN,0.028913158923387527,0.029649664554744957,0.03531916160136461,0.04261986166238785,0.05990763567388058,0.07598522566258907,0.09397215835750101,0.09837550669908524,64,
480434fc72d455af,V1_candidate_KNN,0.12862037824507824,0.13761662173644598,0.23522768047881257,0.2627749517801733,0.9940876983315281,1.1679304162870885,1.235785539980279,1.2474233264892138,128,1.0
480434fc72d455af,V2_IL_Q_to_R_KNN,0.023342696949839592,0.028314702026546002,0.03469340410083532,0.03973330557346344,0.051168608479201794,0.07840453945100305,0.08743784390389919,0.12817874550819397,128,
480434fc72d455af,V2_candidate_KNN,0.029377050999831268,0.03967434208790083,0.09189757736453856,0.20357752624986847,0.5078901528670733,1.0389993791806305,1.1833499419673816,1.2278694060892659,192,
480434fc72d455af,V2_Q_mahalanobis,1.440397710372205,1.8169006286429865,2.242269861773888,2.7258522625554233,3.1268438072330818,3.533235632155136,3.9868824996149987,4.2372868805903,128,
cb8e247140d55ab2,V1_IL_self_KNN,0.018929561600089073,0.020538071636110544,0.02438166458159685,0.02851300686597824,0.03242160100489855,0.056556912325322596,0.0691286814212799,0.07075833529233932,64,
cb8e247140d55ab2,V1_candidate_KNN,0.06387145541706311,0.2851333077533983,0.3409725910271084,0.404538014450848,0.4612053427489373,0.5288305732340941,0.5652345730164169,0.5909845915341354,128,0.9921875
cb8e247140d55ab2,V2_IL_Q_to_R_KNN,0.015728045254945755,0.016670071240514516,0.02100260555744171,0.02387242019176483,0.02835034392774105,0.04385071303695439,0.06632693320512772,0.10550466924905777,128,
cb8e247140d55ab2,V2_candidate_KNN,0.015064651220185965,0.021799555034525485,0.10839209143907709,0.2950013394247322,0.4109282792901944,0.471328032281703,0.5452653020739748,0.554835871544048,192,
cb8e247140d55ab2,V2_Q_mahalanobis,1.5856199318663573,1.8088689367835158,2.1508567340141638,2.4971032488783838,2.9380218554602453,3.876804709696318,4.960079002188762,6.51959804186945,128,
095770e79ccf5d82,V1_IL_self_KNN,0.04084077849984169,0.04213300216943026,0.04882341902703047,0.05713121220469475,0.06676039099693298,0.09793635495007035,0.12843216791749,0.13130009174346924,64,
095770e79ccf5d82,V1_candidate_KNN,0.2118525884229104,0.2486113734472295,0.27478672385634034,0.30422345882982116,0.3444188256330448,0.48570688441063525,0.5179348612988549,0.6005362604637126,128,1.0
095770e79ccf5d82,V2_IL_Q_to_R_KNN,0.031872548162937164,0.03813471999019384,0.04589536041021347,0.05191018059849739,0.06112393829971552,0.07916401028633117,0.08485208839178086,0.11171305179595947,128,
095770e79ccf5d82,V2_candidate_KNN,0.03566871486029251,0.04313616019448356,0.1237515168693186,0.2307184492718916,0.2760473437683112,0.40452922498520544,0.48305066928081863,0.5581403929471314,192,
095770e79ccf5d82,V2_Q_mahalanobis,1.5739027136240482,2.355922932351251,2.709675236925542,3.0638226254379504,3.4640760661997367,3.992776018664721,4.368529183925901,4.952878322021592,128,
d7f25a0ac141583a,V1_IL_self_KNN,0.023474182933568954,0.025889931432902812,0.031883521005511284,0.03502756915986538,0.04286641161888838,0.05780529137700796,0.073398200944066,0.08590557426214218,64,
d7f25a0ac141583a,V1_candidate_KNN,0.05852556847836854,0.0773186256275465,0.0988643921383848,0.23070310197513916,0.40350976908824215,0.5364813508236678,0.638108089271766,0.6592006286088287,128,0.8203125
d7f25a0ac141583a,V2_IL_Q_to_R_KNN,0.021830540150403976,0.022913274727761744,0.02649962715804577,0.029562032781541348,0.03401222359389067,0.03954237252473831,0.06054066020995386,0.08278289437294006,128,
d7f25a0ac141583a,V2_candidate_KNN,0.020999198848151854,0.02790487195935646,0.0701169816710909,0.11313646738093561,0.26045678655806515,0.516018060527677,0.6385351620329183,0.6785637866004423,192,
d7f25a0ac141583a,V2_Q_mahalanobis,1.4186060638847784,2.2053668351148943,2.6326160704435524,2.859445877474687,3.2144060953951024,3.8433913764505356,3.996006648294631,4.058744420228051,128,
4b0df2804f165dda,V1_IL_self_KNN,0.020932799205183983,0.024597252905368804,0.030768803786486387,0.03539309836924076,0.04533008765429258,0.07906249202787871,0.08748351559042927,0.09668072313070297,64,
4b0df2804f165dda,V1_candidate_KNN,0.0502368231957146,0.05605955653457982,0.06713493762807372,0.09033756214062799,0.7586450469608047,1.3823023183829106,1.451602867759308,1.4681503273767924,128,0.46875
4b0df2804f165dda,V2_IL_Q_to_R_KNN,0.019065221771597862,0.022350752167403697,0.02533441223204136,0.02910384815186262,0.03517238702625036,0.05455050971359014,0.07162277370691301,0.07648702710866928,128,
4b0df2804f165dda,V2_candidate_KNN,0.02208994501924751,0.02598484297072372,0.04318853632140778,0.06933603372368499,0.4743188272032392,1.2342333707178568,1.3868712877888143,1.4110552182036007,192,
4b0df2804f165dda,V2_Q_mahalanobis,0.9653882792022271,1.6768169021500714,2.145756028068786,2.506949386128933,2.8315456394246272,3.4005107577912903,3.7174759271010136,3.7722545899146285,128,
ab6ba1da1dd8592b,V1_IL_self_KNN,0.031188851222395897,0.03233675062656403,0.03504425100982189,0.03869134373962879,0.04343639127910137,0.06533547230064865,0.09622538171708571,0.12757009267807007,64,
ab6ba1da1dd8592b,V1_candidate_KNN,0.17765681840201078,0.20263026483853105,0.25890662121529984,0.32975282478874657,0.4342239803136643,0.5162032622803624,0.5415469890731844,0.5466434749749072,128,1.0
ab6ba1da1dd8592b,V2_IL_Q_to_R_KNN,0.025183653458952904,0.027442976273596285,0.03180535417050123,0.03539313189685345,0.04159584455192089,0.05639346987009046,0.0633224730193615,0.09409575164318085,128,
ab6ba1da1dd8592b,V2_candidate_KNN,0.029230998138502984,0.032187846990836266,0.10645038726331954,0.21223234181017336,0.3229741214208441,0.4881200837194793,0.5225258469056107,0.531512521286098,192,
ab6ba1da1dd8592b,V2_Q_mahalanobis,2.150747180039237,2.4650231341251376,2.7992388036863893,3.175657571151434,3.608348985403564,4.007217650723588,4.103708448076974,4.154204956576167,128,
3feb7781f83754a7,V1_IL_self_KNN,0.026344571262598038,0.029057440161705018,0.03244669269770384,0.03760583698749542,0.04390286933630705,0.05957419183105229,0.07511949390172958,0.07872644811868668,64,
3feb7781f83754a7,V1_candidate_KNN,0.0728377443342795,0.1292658238101598,0.17057947465367698,0.23118993438897412,0.32169075646389333,0.4363487478363001,0.5272180548542423,0.5490483605812566,128,0.9921875
3feb7781f83754a7,V2_IL_Q_to_R_KNN,0.019978759810328484,0.023888701386749745,0.0274613737128675,0.03253544308245182,0.03947599418461323,0.047453600540757174,0.06263142894953494,0.06823192536830902,128,
3feb7781f83754a7,V2_candidate_KNN,0.02186144441534394,0.027986528188562506,0.0888390702934702,0.15284121933948186,0.2262817317368721,0.36087489085688496,0.4585766580660661,0.4818317514233973,192,
3feb7781f83754a7,V2_Q_mahalanobis,1.344048284732044,1.6267756368455806,2.1948480322029624,2.4743257551142657,2.8054316613979284,3.1733302861236052,3.392617872169883,3.753849052893783,128,
6f471ee76c595c92,V1_IL_self_KNN,0.01804731786251068,0.01849277215078473,0.020907266065478325,0.022314781323075294,0.025926231406629086,0.04130595121532678,0.09399219803512071,0.15539111196994781,64,
6f471ee76c595c92,V1_candidate_KNN,0.027666017442155,0.03547859204671299,0.05361854921861228,0.1415019340222053,0.3442054617849753,0.38272211149387814,0.4201784940351322,0.43753906753107685,128,0.4296875
6f471ee76c595c92,V2_IL_Q_to_R_KNN,0.014483774080872536,0.01640738472342491,0.01911466522142291,0.020894168876111507,0.023521482944488525,0.03355429209768772,0.05499723054468638,0.059621334075927734,128,
6f471ee76c595c92,V2_candidate_KNN,0.0149988465845972,0.01986359628493875,0.0328928447027631,0.07860412796201378,0.20003791658816392,0.3602620092745779,0.37453742994892936,0.3954822977349327,192,
6f471ee76c595c92,V2_Q_mahalanobis,1.317004293785913,1.742714468631297,2.229192057462031,2.560305509477627,2.929844848044271,3.4176517244109954,3.9087027557791654,4.52830949297439,128,
32516745ea1b59ef,V1_IL_self_KNN,0.03164583444595337,0.03668886721134186,0.04321812745183706,0.051040858030319214,0.060534024611115456,0.08346702717244621,0.1060523985326289,0.13094046711921692,64,
32516745ea1b59ef,V1_candidate_KNN,0.09862668525822546,0.11338312068062162,0.23544965417986297,0.31483367011838037,0.6360115348343096,0.6920488874596038,0.7246095805341621,0.7352683071650972,128,0.859375
32516745ea1b59ef,V2_IL_Q_to_R_KNN,0.029750829562544823,0.03303581401705742,0.03897255379706621,0.04480116814374924,0.05564309563487768,0.07154478468000888,0.08367146901786329,0.08968593925237656,128,
32516745ea1b59ef,V2_candidate_KNN,0.03478005341864778,0.04116927615124079,0.07691042053820057,0.2159577284001608,0.39261707977236104,0.6705196533463161,0.7154008648879386,0.7282881328494197,192,
32516745ea1b59ef,V2_Q_mahalanobis,1.9150492253991283,2.1408022418584634,2.586783518217144,2.994174758398599,3.3923005387739145,3.9668075339915703,4.208413918411275,4.606200542514734,128,
a65dd6d24f575771,V1_IL_self_KNN,0.01989303156733513,0.02146337553858757,0.026273757219314575,0.03148991800844669,0.03823203220963478,0.06879665739834308,0.07892626263201233,0.08847849071025848,64,
a65dd6d24f575771,V1_candidate_KNN,0.1764128418774887,0.20585413141515732,0.3701387036705416,0.7286602244559616,0.8051310123049371,0.8565011543942407,0.8882148237423039,0.8982669967766697,128,1.0
a65dd6d24f575771,V2_IL_Q_to_R_KNN,0.015093309804797173,0.01703884722664952,0.01995303062722087,0.02306589763611555,0.028839567210525274,0.03865721840411424,0.043738637231290345,0.04990345239639282,128,
a65dd6d24f575771,V2_candidate_KNN,0.01638251088457029,0.021902332464561358,0.1436751795588585,0.33565419386845696,0.6769443350108739,0.7913581994201403,0.8336794251078061,0.8475096583128463,192,
a65dd6d24f575771,V2_Q_mahalanobis,1.0059932432961554,1.3861109728892456,1.913003593599024,2.2760465389670514,2.717695441873863,3.1678615788215394,3.5466644521562123,3.883309853336653,128,
9ce305abb88f5ad0,V1_IL_self_KNN,0.038091305643320084,0.041522932983934877,0.04504664335399866,0.04949141480028629,0.055941514670848846,0.0852091211825609,0.09722527056932447,0.10294012725353241,64,
9ce305abb88f5ad0,V1_candidate_KNN,0.27930167380462745,0.30194657076749565,0.3484277104211832,0.43265044089663396,0.6810540319239856,0.8969488525995932,0.9674461532656998,1.0781129539807792,128,1.0
9ce305abb88f5ad0,V2_IL_Q_to_R_KNN,0.031060706824064255,0.03466753456741571,0.040917472913861275,0.04499800130724907,0.05012793932110071,0.06290451437234879,0.09227626375854026,0.11460870504379272,128,
9ce305abb88f5ad0,V2_candidate_KNN,0.033165413668127426,0.04192196030784303,0.18537619523377893,0.3324913507588173,0.4674184289033097,0.8194959757305377,0.9234996601989967,1.041408203967817,192,
9ce305abb88f5ad0,V2_Q_mahalanobis,2.0325166357528963,2.6279111770684582,3.1467503586085237,3.557267269016573,3.8641451353925027,4.403108149644838,4.802356985966836,5.282087851398556,128,
7af6867add5b5f2c,V1_IL_self_KNN,0.0234567541629076,0.025604211911559104,0.028242929838597775,0.03305588662624359,0.03984845615923405,0.055422380939126006,0.09417874544858923,0.11952398717403412,64,
7af6867add5b5f2c,V1_candidate_KNN,0.22214654591813385,0.24597411655171444,0.3308028765679223,0.3790760481429354,0.8067236844899317,1.365956834645667,1.4483923485764745,1.508699607013839,128,1.0
7af6867add5b5f2c,V2_IL_Q_to_R_KNN,0.018864089623093605,0.02249291492626071,0.027207951061427593,0.029748551547527313,0.03495283517986536,0.04745856374502181,0.05720444545149805,0.0584566704928875,128,
7af6867add5b5f2c,V2_candidate_KNN,0.017262959629567132,0.02675900385528523,0.17211769232474883,0.2943589026787388,0.5297130163248381,1.2786577448479832,1.3653142150372517,1.4555128160764617,192,
7af6867add5b5f2c,V2_Q_mahalanobis,1.7986002512362453,1.9156868679898809,2.2848230657939608,2.605076712602422,2.902162594800328,3.2840950281880246,3.5635465032462004,3.6192579743049382,128,
b65e09c4d8125da0,V1_IL_self_KNN,0.032028067857027054,0.03362162299454212,0.03953871224075556,0.044901834800839424,0.05042836535722017,0.06687531173229218,0.08058118261396882,0.08875097334384918,64,
b65e09c4d8125da0,V1_candidate_KNN,0.418005792404759,0.4833300403373068,0.5559570301149119,0.6077516504719286,0.697417665007539,1.0082458955043405,1.0602320815341693,1.1386145135402876,128,1.0
b65e09c4d8125da0,V2_IL_Q_to_R_KNN,0.025260884314775467,0.029641492385417224,0.033615367487072945,0.037895066663622856,0.04436227586120367,0.05618340130895376,0.06547008700668812,0.07215647399425507,128,
b65e09c4d8125da0,V2_candidate_KNN,0.02755638539694415,0.034575467017095865,0.20307546123794715,0.4571594928676285,0.5670296590667913,0.9114530500036169,1.0567246719604002,1.1365401363795584,192,
b65e09c4d8125da0,V2_Q_mahalanobis,2.132058349831397,2.380394434731877,2.627725999908189,2.9578722248524922,3.5023955049584643,3.922796809554691,4.3884657601254355,4.557078976590369,128,
cbe1e93e188f5490,V1_IL_self_KNN,0.0471227690577507,0.057823380641639235,0.06644779443740845,0.07470644637942314,0.08976899273693562,0.11125309988856312,0.12018425494432444,0.13225486874580383,64,
cbe1e93e188f5490,V1_candidate_KNN,0.13125238256632482,0.15781923014593052,0.17583957477130877,0.2647811505681591,0.5215680487026015,0.5767855309716315,0.6100747411993733,0.6282213756890868,128,0.9921875
cbe1e93e188f5490,V2_IL_Q_to_R_KNN,0.044012974947690964,0.04687922559678555,0.05550437979400158,0.0628681369125843,0.07234067656099796,0.1008731003850698,0.1370263528078795,0.15089967846870422,128,
cbe1e93e188f5490,V2_candidate_KNN,0.03674299573240461,0.05696378465172212,0.13359455095444583,0.18798965619848945,0.32974756323477283,0.5403493944224828,0.5904383218449325,0.6132461888642474,192,
cbe1e93e188f5490,V2_Q_mahalanobis,1.643395682436272,1.8253863759865854,2.3034537860294737,2.7026816003060388,3.184425821858052,3.6460436617766647,3.9693153459925785,7.038122215819169,128,
6ca6a1a4f3dc5d85,V1_IL_self_KNN,0.01662411168217659,0.019119029864668846,0.021876598242670298,0.02653066348284483,0.03438092116266489,0.04480039831250905,0.05999959740787736,0.08091409504413605,64,
6ca6a1a4f3dc5d85,V1_candidate_KNN,0.12552423297157422,0.14220401230697213,0.17336589350133627,0.2880783077138375,0.42320057855263543,0.6149867255313008,0.6281179865720237,0.634106035837439,128,1.0
6ca6a1a4f3dc5d85,V2_IL_Q_to_R_KNN,0.01495351642370224,0.016548868641257285,0.01865250524133444,0.020999250933527946,0.024093741085380316,0.03378473203629254,0.04522239647805691,0.05439726263284683,128,
6ca6a1a4f3dc5d85,V2_candidate_KNN,0.014346975626575637,0.020997267423976923,0.1103413900793501,0.1670412739086357,0.30575083762540545,0.5888321995370921,0.6279911317151876,0.6383889655975363,192,
6ca6a1a4f3dc5d85,V2_Q_mahalanobis,1.4877214388459643,1.7131049707329753,2.277381702927677,2.5801882537652467,2.9955155415713857,3.585493705507841,3.7709528148726537,4.39564027414783,128,
0ee58e583be85ffb,V1_IL_self_KNN,0.03189665079116821,0.03374376967549324,0.042177917435765266,0.05007127486169338,0.05435612238943577,0.07505305260419845,0.09320323690772053,0.10218546539545059,64,
0ee58e583be85ffb,V1_candidate_KNN,0.0458885061770191,0.06416532176138641,0.11549324506362425,0.16786382750124135,0.2118401878212351,0.8182235339550927,0.9239563330691802,0.9825875963805968,128,0.796875
0ee58e583be85ffb,V2_IL_Q_to_R_KNN,0.02650989033281803,0.03130373675376177,0.03569106850773096,0.03952857106924057,0.047848896123468876,0.061236113496124726,0.08018214702606204,0.10433981567621231,128,
0ee58e583be85ffb,V2_candidate_KNN,0.029372683509808966,0.03641412228364583,0.052169159992063986,0.09727630186622518,0.16883255478530693,0.7207895512393053,0.8299991293931837,0.9583658791831345,192,
0ee58e583be85ffb,V2_Q_mahalanobis,1.6281545429906448,2.3009396603985177,2.6686033059320544,3.005674990479179,3.4131135262838472,3.8884406068112036,4.2264318588490095,4.236029813606031,128,
a28a2771a9fa5c1d,V1_IL_self_KNN,0.042332932353019714,0.04514788556843996,0.04991231020539999,0.055701933801174164,0.06078300718218088,0.08570013158023351,0.09447217844426631,0.09614317119121552,64,
a28a2771a9fa5c1d,V1_candidate_KNN,0.12434076830510632,0.15608481326040183,0.20296007417847395,0.23563342459953224,0.30294231512049385,0.4092907814161365,0.439769795852998,0.45874741145597336,128,1.0
a28a2771a9fa5c1d,V2_IL_Q_to_R_KNN,0.038566067814826965,0.04199507087469101,0.04698915593326092,0.05081222392618656,0.05758967623114586,0.07295833937823767,0.08661289125680925,0.09548266977071762,128,
a28a2771a9fa5c1d,V2_candidate_KNN,0.040690157292387806,0.048693604833444495,0.09030423480790059,0.17042706335151628,0.22270297714618384,0.37399927116561227,0.41031482529309526,0.42236981011659874,192,
a28a2771a9fa5c1d,V2_Q_mahalanobis,2.279963153488864,2.489470618386675,2.955983715348359,3.405057143121282,3.9005406750703595,4.408064711774189,4.534535452444594,5.00293444998096,128,
488e4248a8985e5a,V1_IL_self_KNN,0.02061556838452816,0.020982614532113076,0.023071476258337498,0.02529155369848013,0.030007544439285994,0.04860588386654844,0.06393033124506473,0.06519491970539093,64,
488e4248a8985e5a,V1_candidate_KNN,0.06516754420142026,0.07455337680645863,0.10272676534641999,0.17281992267198226,0.2765679361709311,0.44458711451311916,0.5460618456515002,0.6503251957774521,128,0.9921875
488e4248a8985e5a,V2_IL_Q_to_R_KNN,0.01387053169310093,0.01649453565478325,0.019564218819141388,0.021527941338717937,0.025075812824070454,0.0325569961220026,0.03429002717137337,0.04049612209200859,128,
488e4248a8985e5a,V2_candidate_KNN,0.014863372008025361,0.02037958428574374,0.05985787969084815,0.10619181775807353,0.18118011686879737,0.34294317953138703,0.39700758640597256,0.4263585703150767,192,
488e4248a8985e5a,V2_Q_mahalanobis,1.4864415190206017,1.8496847458872283,2.239807919196986,2.537707699715715,2.858180534232585,3.321330446597012,3.6060636830778354,3.876415976952033,128,
0beb530925b9514b,V1_IL_self_KNN,0.01813795045018196,0.01933141564950347,0.024407992605119944,0.02751046884804964,0.03338594175875187,0.05051903799176212,0.09830062560737132,0.10069073736667633,64,
0beb530925b9514b,V1_candidate_KNN,0.04519663429453018,0.047205448125048365,0.06159791946424285,0.09547732584510868,0.2558425914155884,0.5603964610335044,0.6453417072037747,0.6528187694465435,128,0.4609375
0beb530925b9514b,V2_IL_Q_to_R_KNN,0.012440408580005169,0.01588113410398364,0.019887614995241165,0.023287893272936344,0.028890003450214863,0.03781812340021132,0.10081971034407643,0.13120311498641968,128,
0beb530925b9514b,V2_candidate_KNN,0.015860535298171496,0.020293923331447503,0.039518322410978586,0.06456123159607197,0.19411361112873884,0.507333035650813,0.5712799163059639,0.6455441685601496,192,
0beb530925b9514b,V2_Q_mahalanobis,1.0614924539108361,1.546462300404293,1.956524749879522,2.357021073350148,2.739207543328144,3.31298997981372,3.6186136584294766,4.9386482306014114,128,
29b53c57c19b57fe,V1_IL_self_KNN,0.02670877054333687,0.02887689359486103,0.03233128692954779,0.03923575580120087,0.046564964577555656,0.06746528185904024,0.07721830815076826,0.08342324197292328,64,
29b53c57c19b57fe,V1_candidate_KNN,0.07423808274220453,0.09646123346961154,0.12540413874791453,0.17646610464595763,0.7883859564831276,0.9599262786314918,1.0309056871139344,1.0568460809287648,128,0.984375
29b53c57c19b57fe,V2_IL_Q_to_R_KNN,0.02184608206152916,0.025312161725014447,0.030102624092251062,0.03392707370221615,0.04156449902802706,0.05764280445873737,0.08401934646070004,0.09502606093883514,128,
29b53c57c19b57fe,V2_candidate_KNN,0.022575918540725444,0.030823052931384515,0.0848948744719521,0.1450765902675743,0.45197792637017875,0.9113664528859559,1.0004676305269542,1.0660105999645353,192,
29b53c57c19b57fe,V2_Q_mahalanobis,1.4899947813515386,2.1578792474694293,2.735635276033567,3.1144928757352894,3.5457645498921915,4.195922929823108,4.688819001586121,4.9268653136960046,128,
2639525675535145,V1_IL_self_KNN,0.0358099490404129,0.03707632720470429,0.04064048174768686,0.04468170925974846,0.05390430614352226,0.07187048718333243,0.08104264505207534,0.09090369194746017,64,
2639525675535145,V1_candidate_KNN,0.06958887739560937,0.0794832780122446,0.1002685207101802,0.12280565271604323,0.47398419494195515,0.6916420653552715,0.7693254892333516,0.7853325302212831,128,0.8046875
2639525675535145,V2_IL_Q_to_R_KNN,0.023201817646622658,0.026885449327528475,0.03254976589232683,0.036545008420944214,0.043590936809778214,0.05823488477617502,0.07475038178265096,0.07832366228103638,128,
2639525675535145,V2_candidate_KNN,0.025695743963822022,0.03146737852112776,0.06026020013711446,0.11085770152179819,0.27126668987142205,0.5622788679666129,0.6803387073503834,0.738889661757577,192,
2639525675535145,V2_Q_mahalanobis,1.5560730962434564,2.063000781649832,2.532448989591483,2.8585229098653517,3.2294107883837273,3.768466751208925,4.056983848823853,4.2022159737388325,128,
9a83782a2cf85611,V1_IL_self_KNN,0.037350766360759735,0.04394668936729431,0.0511486129835248,0.05847157537937164,0.071928009390831,0.09093463979661462,0.1310975712537765,0.14153657853603363,64,
9a83782a2cf85611,V1_candidate_KNN,0.08016045915805656,0.10632436110245506,0.14469671915842608,0.18040236703784013,0.5862436301470859,0.7316092501411028,0.8207337357542984,1.34710957870313,128,0.7578125
9a83782a2cf85611,V2_IL_Q_to_R_KNN,0.030316853895783424,0.03693828824907541,0.043813384138047695,0.047278834506869316,0.05659817066043615,0.0746654476970434,0.08812272407114509,0.11313595622777939,128,
9a83782a2cf85611,V2_candidate_KNN,0.036396945651667026,0.04410087765980489,0.09141177940845555,0.13417999583903,0.39815334001034736,0.6823126043036868,0.8326438640093725,1.3318525122007605,192,
9a83782a2cf85611,V2_Q_mahalanobis,1.6569125671283698,2.0513088658331293,2.5005530467261945,2.79876307199305,3.099737962959436,3.767220376117174,4.1620335371764074,4.357630969167657,128,
cd01f21ff39d541a,V1_IL_self_KNN,0.0115665839985013,0.011667158175259828,0.013860512524843216,0.01585684809833765,0.02027518441900611,0.04578563347458839,0.06010495468974107,0.07469423115253448,64,
cd01f21ff39d541a,V1_candidate_KNN,0.10428797004776266,0.15278683775631158,0.18462313903685332,0.2364412643728599,0.37837248909562127,0.5198011210656451,0.5548083878516002,0.5624068226940705,128,1.0
cd01f21ff39d541a,V2_IL_Q_to_R_KNN,0.008767384104430676,0.010130235180258752,0.012244796147570014,0.013514939695596695,0.01586945215240121,0.02049062531441449,0.027597067207098026,0.056894153356552124,128,
cd01f21ff39d541a,V2_candidate_KNN,0.009452992775172293,0.012032890666314836,0.11963414967183462,0.19396268229831679,0.2905015734058164,0.5108941262143926,0.5587957183036508,0.5660057571826643,192,
cd01f21ff39d541a,V2_Q_mahalanobis,0.8421402313146643,1.7305802896946962,2.110595593116554,2.4757658476760755,2.7775626997006198,3.281756398817633,3.743327718237886,4.25154224802672,128,
facaaf8c0e8c5c65,V1_IL_self_KNN,0.024073243141174316,0.0264164075255394,0.0300264204852283,0.03420390188694,0.03976007364690304,0.06177451834082603,0.08404974132776259,0.08652545511722565,64,
facaaf8c0e8c5c65,V1_candidate_KNN,0.06481026040669537,0.07921346030812458,0.13752619722274864,0.2196263964077932,0.2590644019908983,0.3482079016521584,0.40168597434502334,0.43726407563660497,128,0.8671875
facaaf8c0e8c5c65,V2_IL_Q_to_R_KNN,0.020457083359360695,0.021905511524528264,0.02578772185370326,0.02861187607049942,0.03199336491525173,0.03854594677686691,0.05056898955255749,0.07458062469959259,128,
facaaf8c0e8c5c65,V2_candidate_KNN,0.0197109532690684,0.025641949809641396,0.06709945614844183,0.12564451180206684,0.21849846964161262,0.2796068929557666,0.3355369573379694,0.3880962300927145,192,
facaaf8c0e8c5c65,V2_Q_mahalanobis,1.7059111153539692,1.9583994179265705,2.471961172207699,2.9125001810568794,3.2705742651032437,3.8182622235604513,4.153004085153167,4.792720938578509,128,
88757fb00fda507b,V1_IL_self_KNN,0.03197372704744339,0.03358574341982603,0.035579354502260685,0.03843888267874718,0.04182034730911255,0.05839995909482236,0.08919642537832251,0.11143825203180313,64,
88757fb00fda507b,V1_candidate_KNN,0.10194315429905035,0.12279075468933663,0.13743042725506,0.1928836769614492,1.0298800786728868,1.3700356398396674,2.5697083900411473,3.1452282282596364,128,0.984375
88757fb00fda507b,V2_IL_Q_to_R_KNN,0.021733498200774193,0.026595918275415898,0.02970327390357852,0.032690880820155144,0.0375309931114316,0.04463692177087067,0.04845255021005869,0.04895470663905144,128,
88757fb00fda507b,V2_candidate_KNN,0.025838104973406262,0.03064684026618185,0.10624863397807137,0.1740258762058548,0.8184890672581098,1.3342512046792028,2.516963489904236,3.0965463051923465,192,
88757fb00fda507b,V2_Q_mahalanobis,1.7257346440717294,2.174151116975213,2.6111005429931446,2.9811193689300075,3.361086005991807,3.964773350737967,4.208106847766905,4.312442600938461,128,
e9f4daa7d910568c,V1_IL_self_KNN,0.046876855194568634,0.05108800455927849,0.05965047795325518,0.06725652515888214,0.08174552582204342,0.11731881164014332,0.15402659192681306,0.17020872235298157,64,
e9f4daa7d910568c,V1_candidate_KNN,0.16705725995818446,0.20364899069861642,0.4403667942196011,0.7946678464755685,0.9368503846552013,1.092892840053115,1.177442653920359,1.210671151081854,128,0.9921875
e9f4daa7d910568c,V2_IL_Q_to_R_KNN,0.037125132977962494,0.04363309647887945,0.05024400446563959,0.05795898474752903,0.06695042178034782,0.08977885693311691,0.10640936836600305,0.11165744066238403,128,
e9f4daa7d910568c,V2_candidate_KNN,0.037314783011779665,0.05399669785427553,0.1903162561690175,0.46615530632316493,0.8628769094942788,1.0614929406187046,1.1475993202198513,1.2031829858957794,192,
e9f4daa7d910568c,V2_Q_mahalanobis,1.715020542054096,1.9828430054361847,2.4651792610099283,2.897411974308184,3.2655784339661706,4.088162059929535,4.519449072557253,4.86418802594209,128,
d6bb0cea4dbd5b44,V1_IL_self_KNN,0.02411297895014286,0.025865363143384456,0.031539647839963436,0.03538845479488373,0.03979378379881382,0.05375455506145952,0.0962256874889134,0.12911558151245117,64,
d6bb0cea4dbd5b44,V1_candidate_KNN,0.386559145818901,0.4485474186607761,0.5799789304912863,0.6511876298265775,0.6849820773691583,0.7470264135712835,0.8007621317182099,0.8068464546711794,128,1.0
d6bb0cea4dbd5b44,V2_IL_Q_to_R_KNN,0.01951236091554165,0.02266045631840825,0.02733049262315035,0.03012048453092575,0.03545250277966261,0.04269414301961659,0.05739858839660886,0.06218136474490166,128,
d6bb0cea4dbd5b44,V2_candidate_KNN,0.02061369054546927,0.028649764568327504,0.20730826525854854,0.4810417872737758,0.6306625688026688,0.7051519777348355,0.78053654127816,0.8199025329845865,192,
d6bb0cea4dbd5b44,V2_Q_mahalanobis,1.971993415621405,2.48894119739461,2.86918211652595,3.196656998219587,3.4043413815655366,4.106284856555056,4.639879235581224,4.9742421008831705,128,
efad2708409b5834,V1_IL_self_KNN,0.0135576743632555,0.014647777238860727,0.016659033484756947,0.019773641601204872,0.024605856277048588,0.03985295407474041,0.07759421423077582,0.08034069836139679,64,
efad2708409b5834,V1_candidate_KNN,0.13350141179315034,0.1890932038963208,0.23606982833893247,0.32887404916458485,0.39002233501892447,0.48252353150337324,0.5084259492216465,0.5254129126532929,128,1.0
efad2708409b5834,V2_IL_Q_to_R_KNN,0.010491082444787025,0.011716316267848016,0.013695055851712823,0.01574081927537918,0.018749617505818605,0.02557816272601485,0.033859131783247,0.06623155623674393,128,
efad2708409b5834,V2_candidate_KNN,0.011164563169599037,0.014178286119289884,0.10983665604398793,0.2087203961434917,0.3102164980854182,0.4247951192100221,0.4814264384314047,0.5004064783194575,192,
efad2708409b5834,V2_Q_mahalanobis,1.3061656503047878,1.8381213789692192,2.36061702131175,2.667364443444721,3.0564103580607496,3.4857608317673905,3.6739293505888164,4.686291904979922,128,
3a4cfdd4bfa55a5e,V1_IL_self_KNN,0.016230706125497818,0.01857057921588421,0.025633577723056078,0.029442520812153816,0.035178184509277344,0.0534788304939866,0.08385140947997564,0.09815122932195663,64,
3a4cfdd4bfa55a5e,V1_candidate_KNN,0.09196651235570999,0.09592477564903286,0.10507288453138033,0.15526876651170357,0.3957778349656265,0.4686979635092766,0.5336555307777333,0.978312540451309,128,0.890625
3a4cfdd4bfa55a5e,V2_IL_Q_to_R_KNN,0.015504379756748676,0.018156555388122796,0.021792377345263958,0.025463756173849106,0.02911902731284499,0.042955353856086724,0.0669064156338573,0.09058420360088348,128,
3a4cfdd4bfa55a5e,V2_candidate_KNN,0.015967075889558598,0.02246701484978334,0.07663045015053024,0.10922579362527027,0.2588341665320481,0.46793040756538035,0.6014035331781485,0.9646316124523068,192,
3a4cfdd4bfa55a5e,V2_Q_mahalanobis,1.6080324543548528,2.0331389290152475,2.341238765035122,2.652340729980055,3.0940318807029215,3.712914613663276,3.819164954754227,4.253208191814237,128,
e926ec6a69cc575c,V1_IL_self_KNN,0.037982404232025146,0.04224319402128458,0.04914718307554722,0.05699270963668823,0.06618659198284149,0.0789980135858059,0.1341890482604503,0.14904895424842834,64,
e926ec6a69cc575c,V1_candidate_KNN,0.13065878980112672,0.15274202644434984,0.18136621091004237,0.2987549183551441,0.43683585920144236,0.6053219077967417,0.8056398218643213,0.8887401504328309,128,0.9765625
e926ec6a69cc575c,V2_IL_Q_to_R_KNN,0.031098607927560806,0.0351553026586771,0.04072691407054663,0.04574759304523468,0.0561569444835186,0.0792412307113409,0.11046986877918245,0.11314637959003448,128,
e926ec6a69cc575c,V2_candidate_KNN,0.030899745554499248,0.041418523589662075,0.12938112663294377,0.19404515247473678,0.34602286702106544,0.5440298869528134,0.7633044641202403,0.8838191892822993,192,
e926ec6a69cc575c,V2_Q_mahalanobis,1.8527515037154236,2.1219330766232765,2.5475332937534816,2.879986851363543,3.32868833622267,3.969421313836868,4.643651116770966,4.81460951119931,128,
b6093d9c703e54b1,V1_IL_self_KNN,0.029913445934653282,0.031168232299387456,0.036387897096574306,0.04187748022377491,0.0448212344199419,0.057478234358131874,0.10409649118781071,0.1497863084077835,64,
b6093d9c703e54b1,V1_candidate_KNN,0.15293150633954947,0.17412253594034754,0.2574964927336156,0.29652362409046334,0.3241580165651509,0.398823253296841,0.42494255777203865,0.45846462531498283,128,1.0
b6093d9c703e54b1,V2_IL_Q_to_R_KNN,0.022989194840192795,0.02552838046103716,0.02950469870120287,0.03322601318359375,0.0380676444619894,0.05200447682291269,0.08013172999024394,0.0977620929479599,128,
b6093d9c703e54b1,V2_candidate_KNN,0.022632851025534813,0.03009199192207922,0.1202715987160342,0.2030368736887016,0.2833822947324052,0.33187274283018164,0.4341649697690315,0.4500103636394881,192,
b6093d9c703e54b1,V2_Q_mahalanobis,1.5202302362764983,1.8840953987374656,2.2210654800571428,2.4847460920932365,2.8274115778818407,3.7420734611478736,4.214654011157525,4.421234743513682,128,
d58eb13402485ae7,V1_IL_self_KNN,0.020417258143424988,0.02300685364753008,0.02512947842478752,0.02945904154330492,0.03521833103150129,0.05888439193367958,0.09238563455641265,0.10616626590490341,64,
d58eb13402485ae7,V1_candidate_KNN,0.10539809731195586,0.13630310618328717,0.16237364332424975,0.1985025871947284,0.3205010558481097,0.446527455940191,0.47902459732610214,0.49385503358635746,128,0.9921875
d58eb13402485ae7,V2_IL_Q_to_R_KNN,0.017328660935163498,0.01880806442350149,0.02226009126752615,0.025613710284233093,0.029700834769755602,0.0387615080922842,0.048710306324064756,0.06049785017967224,128,
d58eb13402485ae7,V2_candidate_KNN,0.01786562758747121,0.02141077813572282,0.08059242477944804,0.14691383042175887,0.1987162060597729,0.42596827253238745,0.45223765718447273,0.4637443726448808,192,
d58eb13402485ae7,V2_Q_mahalanobis,1.2208208181038653,1.76160237876655,2.16150277732117,2.4535073723112877,2.8726079747249447,3.2908884403470537,3.6545227722940674,3.889825018688039,128,
f1aa5d5ed7c65114,V1_IL_self_KNN,0.052209775894880295,0.05665891375392675,0.0646890439093113,0.07202069461345673,0.0824925284832716,0.14058603793382632,0.18612472832202903,0.20376881957054138,64,
f1aa5d5ed7c65114,V1_candidate_KNN,0.24805856329886442,0.2571171407187503,0.3341991898821244,0.3713314382362159,0.4292865825002806,0.7487563343144363,0.8667849068603327,0.8830971168099552,128,1.0
f1aa5d5ed7c65114,V2_IL_Q_to_R_KNN,0.04174206778407097,0.048660733923316005,0.05540671106427908,0.06198876351118088,0.06942158937454224,0.08692964352667329,0.13744974747300157,0.19249871373176575,128,
f1aa5d5ed7c65114,V2_candidate_KNN,0.04773595980751549,0.055867258227833845,0.14897605272677633,0.281166524710872,0.3494612620584604,0.6661343845775045,0.7876177210415778,0.8509603096238484,192,
f1aa5d5ed7c65114,V2_Q_mahalanobis,1.934565375966641,2.285071727931124,2.678495727018077,3.0636276747814897,3.2880580524143914,3.8859779393302185,4.432865328093366,4.450819743785209,128,
4ea3d4068eda5cc5,V1_IL_self_KNN,0.03059667907655239,0.03424871023744345,0.04022430907934904,0.04528561048209667,0.05796739459037781,0.08891797512769696,0.11979974314570423,0.12922212481498718,64,
4ea3d4068eda5cc5,V1_candidate_KNN,0.18851610338587507,0.2970833322356436,0.34272123108451374,0.3803948026786103,0.442115381750996,1.1419134644712512,1.2932802699714143,1.3314024824035666,128,1.0
4ea3d4068eda5cc5,V2_IL_Q_to_R_KNN,0.021742012351751328,0.030763188283890488,0.03532367944717407,0.040436550974845886,0.04629505146294832,0.069721183180809,0.08779134213924412,0.09356455504894257,128,
4ea3d4068eda5cc5,V2_candidate_KNN,0.02883118663037184,0.035140643264737134,0.13526363494632185,0.3074706347913865,0.3911533464188911,0.988676921660321,1.1668848908008151,1.2971858818811468,192,
4ea3d4068eda5cc5,V2_Q_mahalanobis,1.7154701790307907,2.2504476462398606,2.654832236931372,3.1760079770027008,3.588237854197626,4.220147323850927,4.768061720993753,4.781369570450482,128,
6c0dbda0d8e45ae9,V1_IL_self_KNN,0.02415148727595806,0.026874444261193276,0.031969678588211536,0.03512094169855118,0.03806808311492205,0.05362415760755539,0.05821526993066072,0.0583515539765358,64,
6c0dbda0d8e45ae9,V1_candidate_KNN,0.030387549680433536,0.046398150622112146,0.061990340291614994,0.16595863969543728,0.37172061808907547,0.4949640274967464,0.5074684646456292,0.5125702014702206,128,0.8046875
6c0dbda0d8e45ae9,V2_IL_Q_to_R_KNN,0.018631810322403908,0.02361746020615101,0.02650806261226535,0.029330169782042503,0.03319965396076441,0.044819612242281426,0.07988950535655023,0.11868610233068466,128,
6c0dbda0d8e45ae9,V2_candidate_KNN,0.02216998210431525,0.026074029906841496,0.03923366784625864,0.0831758285956722,0.18700292380081343,0.4535449652441484,0.4807459677341957,0.49938804513912505,192,
6c0dbda0d8e45ae9,V2_Q_mahalanobis,1.0552576561764169,1.9567454209906596,2.4975502894055377,2.7346217778169564,3.1251406412976057,3.7065725735509387,4.427514608939893,4.610942143586942,128,
b4322d76ebf8569f,V1_IL_self_KNN,0.04534703865647316,0.047113445773720744,0.05217951536178589,0.05765099264681339,0.06977874599397182,0.0865660585463047,0.11235769860446443,0.1369297057390213,64,
b4322d76ebf8569f,V1_candidate_KNN,0.18427843168921276,0.22962993471739931,0.24945693380131723,0.3281512302606122,0.42129415042937884,1.3127038842188399,1.5414772076784575,1.635805642457374,128,1.0
b4322d76ebf8569f,V2_IL_Q_to_R_KNN,0.02912822924554348,0.0369789520278573,0.04214837681502104,0.04832884483039379,0.055994678288698196,0.07432217597961421,0.08229825198650362,0.10885266959667206,128,
b4322d76ebf8569f,V2_candidate_KNN,0.034584891073376756,0.04460430004853894,0.14892581207804012,0.24389075816302988,0.3494468483987002,1.1876953726136141,1.4291040582801544,1.5840176726532669,192,
b4322d76ebf8569f,V2_Q_mahalanobis,1.600937072184388,2.258814477649222,2.7678005843490427,3.1257572593678513,3.5006806528373833,4.066746824869392,4.386191683371793,4.558752370239484,128,
acfc271e3c3d58fa,V1_IL_self_KNN,0.03929861634969711,0.041631176322698596,0.046010266058146954,0.051426755264401436,0.05931870732456446,0.09533060342073432,0.13312373265624042,0.14611664414405823,64,
acfc271e3c3d58fa,V1_candidate_KNN,0.14309591632910706,0.1552784018846458,0.3379714798481837,0.41860836624297937,0.5017695599185931,0.7504875778945326,0.9302954893307462,0.9627239842424341,128,0.984375
acfc271e3c3d58fa,V2_IL_Q_to_R_KNN,0.02503582462668419,0.029925287514925004,0.03601312544196844,0.042401524260640144,0.05128638446331024,0.07479340434074401,0.10085561819374572,0.11628474295139313,128,
acfc271e3c3d58fa,V2_candidate_KNN,0.026138232011771807,0.03675741031413756,0.1478896512504818,0.30987253904867307,0.42330822989880923,0.594620084074857,0.7637251738007248,0.8558504584130061,192,
acfc271e3c3d58fa,V2_Q_mahalanobis,1.0380756387658798,1.504747870089377,2.047707484191385,2.3708510208903504,2.700981461226892,3.411087264121159,3.6019119923353795,3.7585959728107414,128,
b222df74b8155735,V1_IL_self_KNN,0.03781968355178833,0.04091353937983513,0.050971513614058495,0.06892992928624153,0.084433414041996,0.11357835642993447,0.1485106194019316,0.18816259503364563,64,
b222df74b8155735,V1_candidate_KNN,0.14198747925189062,0.1525235584330862,0.23417389551246615,0.34289809087930223,0.406800501003461,0.5562400241289471,0.576306472128265,0.6621853294408141,128,0.8515625
b222df74b8155735,V2_IL_Q_to_R_KNN,0.03953889012336731,0.042904403619468214,0.05145322345197201,0.059155672788619995,0.06890861317515373,0.09462151639163494,0.13254357308149348,0.15530343353748322,128,
b222df74b8155735,V2_candidate_KNN,0.0426881994296848,0.051814888324096794,0.11202326022438996,0.20817222942843688,0.2854300068806336,0.43153982198226026,0.4592427325048944,0.4697700193837863,192,
b222df74b8155735,V2_Q_mahalanobis,1.350613623636357,1.7750707168457092,2.264178386958603,2.599744392921514,3.0063753246481513,3.63013323987411,3.752008158668876,3.9170193770259294,128,
415d6cd62f3b5c1c,V1_IL_self_KNN,0.018911655992269516,0.0198462606407702,0.022574831265956163,0.026028772816061974,0.03311812411993742,0.04539489094167947,0.07617740720510478,0.08737601339817047,64,
415d6cd62f3b5c1c,V1_candidate_KNN,0.10948428638946228,0.15344249628629889,0.20678254178256394,0.29920546949839444,0.44374838330991373,0.5125040765314471,0.5828089534552408,0.6163765360296376,128,1.0
415d6cd62f3b5c1c,V2_IL_Q_to_R_KNN,0.014514562673866749,0.0166575176641345,0.019462757278233767,0.0211698180064559,0.023973436560481787,0.03402543682605027,0.05528562560677529,0.09373820573091507,128,
415d6cd62f3b5c1c,V2_candidate_KNN,0.015277144002988125,0.020046770052181195,0.10169238402729552,0.18147050601391737,0.3246951172685472,0.44774313756646356,0.4990652627937358,0.5575338824908351,192,
415d6cd62f3b5c1c,V2_Q_mahalanobis,1.2009331850131832,1.6551496680230133,2.110039979608799,2.4159090798741025,2.8261955124846296,3.2972060835738644,3.685791583281219,4.13937020237238,128,
b28e9b2fa67452a7,V1_IL_self_KNN,0.035964302718639374,0.04043235275894404,0.04884856753051281,0.05537290684878826,0.0703210923820734,0.09295804165303703,0.11625484958291052,0.12044268846511841,64,
b28e9b2fa67452a7,V1_candidate_KNN,0.07349243241093348,0.09780654328238278,0.15760726768903943,0.21957873958406285,0.3698086224719197,1.1472306229559526,1.3376292956454578,1.3497090968055179,128,0.8359375
b28e9b2fa67452a7,V2_IL_Q_to_R_KNN,0.02868332900106907,0.032400047220289704,0.04077877849340439,0.04673685505986214,0.05577644519507885,0.08349706456065172,0.1007509259134531,0.1021251231431961,128,
b28e9b2fa67452a7,V2_candidate_KNN,0.03307908930499315,0.048222501037806474,0.12254987242940193,0.16608578872263144,0.3203369161035525,0.9992222171330434,1.173668761411564,1.3282492491563622,192,
b28e9b2fa67452a7,V2_Q_mahalanobis,1.4846554931805938,1.935922624279279,2.543316822149609,2.8695594216936606,3.327479626251421,4.175119468002189,4.792967815775411,4.870385222119547,128,
bd8dea7f7efc5343,V1_IL_self_KNN,0.02720908261835575,0.028980239387601615,0.03280146047472954,0.038202423602342606,0.0450320690870285,0.05468880124390124,0.08055521585047236,0.10453225672245026,64,
bd8dea7f7efc5343,V1_candidate_KNN,0.034321274756823936,0.05072475133459519,0.13680786124048977,0.195720437463844,0.26555164160657224,0.48527830033458613,0.6233260013259069,0.7282465802214426,128,0.8046875
bd8dea7f7efc5343,V2_IL_Q_to_R_KNN,0.022215083241462708,0.023451855499297382,0.026900263037532568,0.03065657615661621,0.03567017242312431,0.05573032442480323,0.0767722012102604,0.08719292283058167,128,
bd8dea7f7efc5343,V2_candidate_KNN,0.0210710864712326,0.02680062965879027,0.06780283155892361,0.1250868782136378,0.20691570715906013,0.4629158766823318,0.5514984677006003,0.6281762350147772,192,
bd8dea7f7efc5343,V2_Q_mahalanobis,1.5019594814991728,1.9630873846533194,2.3735973703625,2.7461113753760085,3.1865352672104392,3.788084171374267,4.565997494521573,5.35766081407366,128,
8224627048195e4f,V1_IL_self_KNN,0.02027241326868534,0.02202289057895541,0.02579783136025071,0.02813857886940241,0.03205838426947594,0.04055087789893149,0.05763725899159908,0.059053562581539154,64,
8224627048195e4f,V1_candidate_KNN,0.12135031692719478,0.1321433346731835,0.19064616854519875,0.25657956062736526,0.29738345596792126,0.3677209390676493,0.3982552101668883,0.5141167025657698,128,1.0
8224627048195e4f,V2_IL_Q_to_R_KNN,0.01569977030158043,0.018113819416612387,0.020695680286735296,0.0232938751578331,0.026571395806968212,0.032835086435079576,0.046606973484158556,0.05391182750463486,128,
8224627048195e4f,V2_candidate_KNN,0.014918432565970741,0.021386050570533104,0.07366558881160203,0.16860997167683026,0.23774528585789967,0.338285898214599,0.37415833337328874,0.48091455821833035,192,
8224627048195e4f,V2_Q_mahalanobis,1.7142521300065026,2.017266200031304,2.4873819320011994,2.814928208322157,3.0515992846357336,3.671047467264574,4.241702672836772,4.424849432953663,128,
3225bfcbea245dd7,V1_IL_self_KNN,0.026125174015760422,0.03012268878519535,0.03565388172864914,0.039640069007873535,0.049225675873458385,0.07600532956421376,0.1311728779226539,0.19461162388324738,64,
3225bfcbea245dd7,V1_candidate_KNN,0.10630928579607588,0.11662494470037568,0.14054261096232878,0.1827899519849241,0.3299507409332792,0.430682052470994,0.43730118773744625,0.4499689994718502,128,0.46875
3225bfcbea245dd7,V2_IL_Q_to_R_KNN,0.02402133122086525,0.026637890189886094,0.030889069195836782,0.035518236458301544,0.0415573650971055,0.0727837983518838,0.09195410147309309,0.11235986649990082,128,
3225bfcbea245dd7,V2_candidate_KNN,0.02694716548310111,0.029946400332545343,0.0751277361795436,0.12124866113909163,0.22724790680542,0.4098006532793373,0.4265614822334833,0.44379415611816064,192,
3225bfcbea245dd7,V2_Q_mahalanobis,1.343260885647952,1.9786646726392692,2.283913233646684,2.7797828336765944,3.0959920660535687,3.619783166730758,4.156106513003233,4.3081256788780475,128,
114a9052bd6851a2,V1_IL_self_KNN,0.028312494978308678,0.02981361411511898,0.03308270499110222,0.038408223539590836,0.04448549449443817,0.051497861184179775,0.07324062231928101,0.09723074734210968,64,
114a9052bd6851a2,V1_candidate_KNN,0.07554028246865988,0.0828294640557159,0.10181860343675828,0.13541968694257328,0.5256312488976495,0.7197393520209703,0.7428202443872047,0.8084470794501322,128,0.7890625
114a9052bd6851a2,V2_IL_Q_to_R_KNN,0.021538076922297478,0.025204000622034074,0.02832910930737853,0.03138421103358269,0.03569197468459606,0.04644677732139825,0.09638336062431342,0.12116465717554092,128,
114a9052bd6851a2,V2_candidate_KNN,0.02349568238887178,0.02931804625738328,0.07332715046783042,0.11564312287500639,0.29621955307617776,0.6701028769774201,0.7382083406763161,0.7559804592125527,192,
114a9052bd6851a2,V2_Q_mahalanobis,1.6179530796177835,2.155400364629229,2.5805406196636977,2.9728335877200687,3.3664485481393642,3.6604101971829577,3.866684434621253,4.025185382317622,128,
f80fe289f8135602,V1_IL_self_KNN,0.026973813772201538,0.030050243809819223,0.03450173698365688,0.039613816887140274,0.04796005319803953,0.07329359017312526,0.11304202429950219,0.15856309235095978,64,
f80fe289f8135602,V1_candidate_KNN,0.0919026519014124,0.13318309486470772,0.1539412035937608,0.1831086738210524,0.5177000039138738,1.3402202129018448,1.3737620453135013,1.3922395938129224,128,0.7265625
f80fe289f8135602,V2_IL_Q_to_R_KNN,0.02002725377678871,0.022890952602028846,0.026962516363710165,0.03174799308180809,0.03687491733580828,0.059656242467462976,0.0805463781952858,0.08682191371917725,128,
f80fe289f8135602,V2_candidate_KNN,0.023732844175351667,0.030300327046460393,0.1035337295362167,0.15100555362769164,0.35758779124745904,1.2248128117597659,1.3461715608556417,1.377395999284569,192,
f80fe289f8135602,V2_Q_mahalanobis,1.5745198641059068,2.2147997506449757,2.5896220617269536,3.0524358974701915,3.669117462070602,4.026686771318415,4.263287758664067,4.714947912227173,128,
983b7ed08a4b5a88,V1_IL_self_KNN,0.024584081023931503,0.02557495441287756,0.02899244101718068,0.035127926617860794,0.042437320575118065,0.056382901035249226,0.10530033878982048,0.15346165001392365,64,
983b7ed08a4b5a88,V1_candidate_KNN,0.07948889751231696,0.10147337315038016,0.13493262206155887,0.3222913094430966,0.4060340246144636,0.54072157025776,0.5764488719953531,0.6910430223677386,128,0.6484375
983b7ed08a4b5a88,V2_IL_Q_to_R_KNN,0.018629221245646477,0.0206854029558599,0.023423642851412296,0.0265059694647789,0.031552874483168125,0.041047725081443776,0.08095349330455082,0.14704647660255432,128,
983b7ed08a4b5a88,V2_candidate_KNN,0.017852722849782687,0.024557432927570764,0.0746779093475661,0.13407452564752878,0.2939637015564166,0.4786433999024796,0.5042527655776109,0.5459319157358594,192,
983b7ed08a4b5a88,V2_Q_mahalanobis,1.3469816154882772,1.6260748090665051,2.149592253703026,2.4950273788505166,2.8463935136917,3.406767579619619,3.5885808076096035,3.7345112761702786,128,
34dd4c6fb6245b9a,V1_IL_self_KNN,0.024745594710111618,0.026235617324709894,0.030280263628810644,0.033366285264492035,0.042303672060370445,0.07406119219958782,0.08372223794460296,0.08587901294231415,64,
34dd4c6fb6245b9a,V1_candidate_KNN,0.15242581770712665,0.21591091998711667,0.288709856363036,0.4091178347789421,0.552096535410118,0.6553728345730262,0.6794078121194291,0.6896940167650771,128,1.0
34dd4c6fb6245b9a,V2_IL_Q_to_R_KNN,0.020212899893522263,0.02315567210316658,0.027031357865780592,0.029065712355077267,0.03371627256274223,0.04579834286123513,0.0571252004057169,0.062214888632297516,128,
34dd4c6fb6245b9a,V2_candidate_KNN,0.020683681058128296,0.02503693351126592,0.11001361415552366,0.24798215404400065,0.36656546063916284,0.578567930702385,0.6150062667201679,0.6442148253091413,192,
34dd4c6fb6245b9a,V2_Q_mahalanobis,1.6024819421641285,1.8834755011714661,2.467348192057498,2.7489815359811116,3.1572937712594396,3.7840890397870894,4.2315315613443625,4.612028541635129,128,
5895d1e3cb355fb9,V1_IL_self_KNN,0.025234226137399673,0.02662173882126808,0.03118551056832075,0.03561782464385033,0.040148704312741756,0.0641912324354052,0.1542242614924907,0.17491038143634796,64,
5895d1e3cb355fb9,V1_candidate_KNN,0.11213687746089425,0.12410832565108583,0.15622058208602702,0.17501371264993426,0.7741680880422438,1.2014389003941186,1.2928159206649765,1.9144350511403398,128,0.5
5895d1e3cb355fb9,V2_IL_Q_to_R_KNN,0.02124479040503502,0.022101991530507802,0.02596303541213274,0.02900506742298603,0.03450032416731119,0.0451168306171894,0.05365757226943971,0.06857848167419434,128,
5895d1e3cb355fb9,V2_candidate_KNN,0.022038451177677974,0.027536384586085046,0.08435697876716412,0.16868555335783406,0.48072692966680375,1.1069868840946508,1.2007031120967768,1.268461080137572,192,
5895d1e3cb355fb9,V2_Q_mahalanobis,1.481758721383713,1.9119415512283413,2.4768907662159516,2.809700691132819,3.1943630873172757,3.7063783177114233,3.931612115820506,4.188787743942942,128,
14b505fe90ef5fb8,V1_IL_self_KNN,0.018914949148893356,0.02031406620517373,0.025230607483536005,0.028278141282498837,0.032392097637057304,0.048449197597801655,0.0634218682348728,0.07080549746751785,64,
14b505fe90ef5fb8,V1_candidate_KNN,0.17345047981645623,0.2198386562856654,0.3028742132704761,0.4242327055569636,0.51030607304497,0.5486415793673445,0.5582536883292346,0.5689095939712822,128,1.0
14b505fe90ef5fb8,V2_IL_Q_to_R_KNN,0.017520973458886147,0.019452747888863087,0.02175986487418413,0.023678849451243877,0.026539883576333523,0.04155663102865217,0.053403288945555696,0.060791272670030594,128,
14b505fe90ef5fb8,V2_candidate_KNN,0.017558885081419402,0.02173337820887121,0.1245546065486208,0.2797914771583929,0.40762266452716367,0.5136203216745242,0.5282444985367213,0.5595291897198157,192,
14b505fe90ef5fb8,V2_Q_mahalanobis,1.843962801889661,2.423220366493559,2.8007045013160132,3.0914194385472937,3.4735557212595007,4.082205690884553,4.813968385606982,5.468403634485238,128,
1ce58516c7675036,V1_IL_self_KNN,0.044566161930561066,0.0476361807435751,0.05218399129807949,0.06095695681869984,0.07227445766329765,0.09600613452494143,0.11025296129286288,0.11296780407428741,64,
1ce58516c7675036,V1_candidate_KNN,0.36663773455688525,0.4374815319763773,0.6071595796109772,1.0939277025514902,1.1903130952233536,1.2215192423307082,1.2400221814147818,1.2568660684087953,128,1.0
1ce58516c7675036,V2_IL_Q_to_R_KNN,0.03668425232172012,0.040359188616275785,0.04563274420797825,0.05143401958048344,0.058402604423463345,0.08640604950487611,0.11617480859160424,0.12785401940345764,128,
1ce58516c7675036,V2_candidate_KNN,0.04094744591900983,0.04712394648056012,0.2693473862662587,0.5337652645052324,1.0802436824745965,1.1908132688929403,1.2389474083033412,1.2625082199213284,192,
1ce58516c7675036,V2_Q_mahalanobis,1.5431395091080566,2.405488532878471,2.9052143303863547,3.3106224355318847,3.6915595282231357,4.340352940380758,4.575024700752889,4.596638154067955,128,
b1e88b8722105d53,V1_IL_self_KNN,0.02033819630742073,0.02400136962532997,0.026583101600408554,0.028778801672160625,0.03300576005131006,0.0427681827917695,0.060745604410767484,0.07808555662631989,64,
b1e88b8722105d53,V1_candidate_KNN,0.08906520188077922,0.09271363604571632,0.15751162165452753,0.23307405685015642,0.30034122896324555,0.518280814287176,0.5436334166492442,0.5661434927907127,128,1.0
b1e88b8722105d53,V2_IL_Q_to_R_KNN,0.019660603255033493,0.020646123494952918,0.0229686270467937,0.024910894222557545,0.028042909689247608,0.033150086924433705,0.0467169070988894,0.05086153745651245,128,
b1e88b8722105d53,V2_candidate_KNN,0.018444621625324883,0.0248255908189547,0.08427581447977717,0.13663957666671284,0.2383463168804547,0.45818680262055406,0.5239980144480955,0.5534080209269903,192,
b1e88b8722105d53,V2_Q_mahalanobis,1.8567201231810522,2.1775007332658425,2.5800555232094537,2.9465716284789893,3.282237564956368,3.8285899762011817,4.27885241549894,4.503202760909536,128,
410fac99463459e6,V1_IL_self_KNN,0.01583576574921608,0.01946425111964345,0.02399643324315548,0.02718721702694893,0.031096348073333502,0.038658801838755606,0.052660891786217655,0.06150049716234207,64,
410fac99463459e6,V1_candidate_KNN,0.039571851480653966,0.332299818453182,0.3712292593163904,0.4020396097705974,0.4927036390539207,0.6059034674759902,0.6536533521233846,0.671612668927725,128,0.9921875
410fac99463459e6,V2_IL_Q_to_R_KNN,0.012633834965527058,0.015196597017347813,0.017952166497707367,0.021312860772013664,0.0260327011346817,0.04210987426340579,0.06319500487297776,0.07146462798118591,128,
410fac99463459e6,V2_candidate_KNN,0.015495756529764104,0.01975901015377669,0.14229303938449156,0.3186130048559543,0.37410764931327284,0.5012104946531274,0.5430272716607097,0.6031808329353578,192,
410fac99463459e6,V2_Q_mahalanobis,1.5503274238091487,1.8791534895922026,2.38703587849065,2.7142711812323386,3.128566195932437,3.608278711188791,4.097784032083451,5.516696111714841,128,
5207306ed1a05de8,V1_IL_self_KNN,0.009996664710342884,0.011821575416252016,0.013150235638022423,0.014175805728882551,0.01604272937402129,0.021759219467639916,0.045862859413027715,0.0583634078502655,64,
5207306ed1a05de8,V1_candidate_KNN,0.03918700789030001,0.043954430913485235,0.06227912684049707,0.07835106268148093,0.4046931185814102,0.4901316340387174,0.5062929578017071,0.5138316278966004,128,0.8046875
5207306ed1a05de8,V2_IL_Q_to_R_KNN,0.010228271596133709,0.010433048522099853,0.011611905647441745,0.012734185438603163,0.01380827953107655,0.015799763053655623,0.018259881362318993,0.023362446576356888,128,
5207306ed1a05de8,V2_candidate_KNN,0.010100832118330575,0.011587861347207387,0.03570881000196803,0.06019244967886971,0.22961173764557108,0.45261758087703813,0.500577972244915,0.5140625328917385,192,
5207306ed1a05de8,V2_Q_mahalanobis,2.263716926518533,2.5154243441345447,3.0843647903937113,3.4396588441248124,3.797800676887559,4.453377409970901,5.110082155899836,5.1878392539972005,128,
8ba3bff293265674,V1_IL_self_KNN,0.02050652541220188,0.021775297913700344,0.024842293933033943,0.02824749331921339,0.03392559476196766,0.062101852893829336,0.07893105655908583,0.0833793580532074,64,
8ba3bff293265674,V1_candidate_KNN,0.07654125349312087,0.1050990127971528,0.1339134935512129,0.16013079108959508,0.5393147458090493,0.8705438360338587,0.9175160653996352,0.9222020807595472,128,0.9921875
8ba3bff293265674,V2_IL_Q_to_R_KNN,0.01581304892897606,0.018328674603253603,0.020908021833747625,0.023285753093659878,0.02718886313959956,0.039726741425693005,0.09228954613208783,0.1424068808555603,128,
8ba3bff293265674,V2_candidate_KNN,0.014894500049949282,0.021284166613271423,0.07046268968584508,0.13643985128749953,0.33448995259093384,0.8038432732088896,0.9081367608070309,0.9138155558326215,192,
8ba3bff293265674,V2_Q_mahalanobis,1.8174806020787702,2.195692586385894,2.532247237023979,2.8943176065183076,3.3354246564612113,3.9532288768054387,4.13344723402132,4.5673553089303285,128,
69560676d53a56c9,V1_IL_self_KNN,0.028149794787168503,0.03022715765982866,0.03563312068581581,0.04144730418920517,0.047337789088487625,0.06399164609611034,0.08774421967566008,0.09910108894109726,64,
69560676d53a56c9,V1_candidate_KNN,0.6871454246422118,0.7640388466083812,1.0547723563532712,1.195048039503277,1.2471310378968434,1.29353680488035,1.4322413268624883,2.480979460152544,128,1.0
69560676d53a56c9,V2_IL_Q_to_R_KNN,0.025895273312926292,0.028659779578447342,0.03258708771318197,0.03603574074804783,0.04140515998005867,0.0622147498652339,0.07606255933642392,0.0889618769288063,128,
69560676d53a56c9,V2_candidate_KNN,0.024558038838177774,0.03230230394508967,0.3249042734518276,0.7927662207828838,1.2074117878361412,1.2715330259438735,1.3337089150063122,1.458149391813763,192,
69560676d53a56c9,V2_Q_mahalanobis,1.8899333938068341,2.196902401551178,2.693398601366043,3.0747170204746173,3.345862056431348,4.090323282739174,4.481259638579894,4.547039065541637,128,
cef0adbb58ad5ca1,V1_IL_self_KNN,0.025030042976140976,0.028165650926530363,0.03524339850991964,0.039165111258625984,0.04826172813773155,0.06745382733643054,0.08801600351929662,0.09520111978054047,64,
cef0adbb58ad5ca1,V1_candidate_KNN,0.23091514214408854,0.28334654812652826,0.32459999221715424,0.3623445774381573,0.5257005360445036,0.6227692867807998,0.6664700161857653,0.6925823173714349,128,1.0
cef0adbb58ad5ca1,V2_IL_Q_to_R_KNN,0.019256452098488808,0.021822532638907433,0.02538020396605134,0.028835530392825603,0.03414263390004635,0.04238943140953779,0.06404218912124642,0.07503791153430939,128,
cef0adbb58ad5ca1,V2_candidate_KNN,0.01764323611091102,0.026450274875185625,0.13575238401707437,0.28640046849710354,0.4463212210856204,0.6305531540332694,0.7131006902575024,0.8036147455357809,192,
cef0adbb58ad5ca1,V2_Q_mahalanobis,1.0917780779109292,1.6222369876428075,2.1386627922422172,2.5830671128565585,2.8509665517401572,3.5513498634657137,3.934324763340251,4.048104889847492,128,
c5dcabed55395a6e,V1_IL_self_KNN,0.030438339337706566,0.033494535647332666,0.03697035741060972,0.0424646008759737,0.059497944079339504,0.0780393999069929,0.08145514689385891,0.08201219141483307,64,
c5dcabed55395a6e,V1_candidate_KNN,0.34742605600174314,0.37609421688281924,1.0067865810659336,1.0754856322647321,1.1241063394949986,1.3336089428988838,1.424566735109902,1.5548450187074045,128,1.0
c5dcabed55395a6e,V2_IL_Q_to_R_KNN,0.02207796648144722,0.025769172608852385,0.030465344432741404,0.03474227152764797,0.041245054453611374,0.05272682253271338,0.06713171545416119,0.07367159426212311,128,
c5dcabed55395a6e,V2_candidate_KNN,0.02564332123229244,0.0333551253826345,0.2608205435996943,0.7529079006232791,1.0747309841973398,1.2104884333543255,1.348534172250523,1.422380472932329,192,
c5dcabed55395a6e,V2_Q_mahalanobis,1.4080525231166845,1.8118401877673684,2.3069891195468375,2.613252939685851,2.9003648515819545,3.436676051743931,3.9675971457471975,3.983445226568685,128,
8b839595c4105c65,V1_IL_self_KNN,0.03203970938920975,0.03754281438887119,0.044361284002661705,0.048788540065288544,0.05504931788891554,0.08088728152215478,0.08811590887606141,0.09420083463191986,64,
8b839595c4105c65,V1_candidate_KNN,0.07100240891972089,0.07913871793397773,0.16514592122716226,0.2371284648980716,0.31006007081244447,0.45227265598253397,0.5073711671776447,0.5295923869126395,128,0.8671875
8b839595c4105c65,V2_IL_Q_to_R_KNN,0.031157737597823143,0.034757261350750926,0.038750254549086094,0.043897295370697975,0.0492920046672225,0.06758419089019298,0.08256609417498113,0.0947548896074295,128,
8b839595c4105c65,V2_candidate_KNN,0.034186821733635686,0.03791155613748678,0.09727017761715158,0.16153781973011017,0.2477238571985425,0.39615200997906896,0.4323794299998567,0.44842069928946177,192,
8b839595c4105c65,V2_Q_mahalanobis,1.4807846138578058,2.092965251165251,2.5878647292015824,2.893323679500549,3.3171726686792153,3.981000199381856,4.283230129847595,4.490648751228581,128,
f32a0e56a5b75884,V1_IL_self_KNN,0.045290958136320114,0.04871053826063872,0.05666748154908419,0.06771425530314445,0.07992813177406788,0.11359335817396639,0.1608006453514099,0.1664959192276001,64,
f32a0e56a5b75884,V1_candidate_KNN,0.1632142786752362,0.2504351027539787,0.30628619239094135,0.3983358351182505,0.5076598590889154,0.6811286952267591,0.7998317921539723,1.2779012071549392,128,0.9921875
f32a0e56a5b75884,V2_IL_Q_to_R_KNN,0.03807569295167923,0.043019949644804004,0.0518474243581295,0.05761452205479145,0.0676385685801506,0.08199662603437899,0.107320573180914,0.1305258572101593,128,
f32a0e56a5b75884,V2_candidate_KNN,0.03736749510569468,0.0571535454950713,0.14982678779119682,0.26121475366136726,0.39966348631139,0.6071464013016182,0.6952640159649287,1.3112087764308313,192,
f32a0e56a5b75884,V2_Q_mahalanobis,1.6453899947071888,2.1710899818547147,2.5924719190413104,3.0049510363072365,3.3531405044114586,4.1283459157096924,4.350894410872007,4.4718683914451836,128,
972eb434cfd159e8,V1_IL_self_KNN,0.013322904706001282,0.015001342864707112,0.018072638660669327,0.020221978425979614,0.025739086791872978,0.041786183416843405,0.06225822146981949,0.07474885880947113,64,
972eb434cfd159e8,V1_candidate_KNN,0.1261716055355142,0.191514115207496,0.252036940519213,0.2975713314854366,0.35890957393957484,0.4281387985200595,0.4777700032400493,0.484431935957825,128,1.0
972eb434cfd159e8,V2_IL_Q_to_R_KNN,0.011762367561459541,0.012398017942905426,0.01509995386004448,0.01662141177803278,0.019857142586261034,0.027754038199782356,0.04825599897652871,0.06083259731531143,128,
972eb434cfd159e8,V2_candidate_KNN,0.011390351192027127,0.014362296201728556,0.09420205758437009,0.2166393206300336,0.2833516878487693,0.3886420840241439,0.4586666188081812,0.4798624324457622,192,
972eb434cfd159e8,V2_Q_mahalanobis,1.3845246233632011,1.625190371096818,2.2719216207611628,2.580294962485332,3.0301437883145197,3.5333892783143517,3.833282468339285,4.541916984482727,128,
505c44ea52485f9d,V1_IL_self_KNN,0.0276560690253973,0.03001098334789276,0.03288077004253864,0.03838631510734558,0.04753745812922716,0.058728064037859434,0.08216167196631431,0.08312420547008514,64,
505c44ea52485f9d,V1_candidate_KNN,0.058813346792876156,0.06139851341617349,0.10811746742989742,0.17641312222199945,0.2861299860976815,1.2959059477627877,1.42106780447461,1.4935204309037677,128,0.8125
505c44ea52485f9d,V2_IL_Q_to_R_KNN,0.022299673408269882,0.025559197831898927,0.030372140929102898,0.03401016443967819,0.038434240967035294,0.050265742652118195,0.06820116028189659,0.0720231756567955,128,
505c44ea52485f9d,V2_candidate_KNN,0.022218256088862028,0.02954058580180528,0.0551341040275403,0.10628015356360873,0.2292286595883649,1.0636245097274086,1.2449795193281363,1.3040353923484274,192,
505c44ea52485f9d,V2_Q_mahalanobis,1.5246902349676505,1.9620334755077846,2.657176031120974,3.1109041445247385,3.5678067507964553,4.017967838391558,4.336052761585112,4.615171420392879,128,
c0b07b38110a556f,V1_IL_self_KNN,0.012603101320564747,0.013364273309707641,0.01685909740626812,0.019079494290053844,0.02382483519613743,0.03903295379132032,0.063585161678493,0.07046085596084595,64,
c0b07b38110a556f,V1_candidate_KNN,0.048388657584479036,0.06879332814214338,0.10731404176270085,0.14896401036117773,0.38403740214889925,0.5131041937266088,0.5385285009071785,0.556323546788394,128,0.9375
c0b07b38110a556f,V2_IL_Q_to_R_KNN,0.010427476838231087,0.012390110827982425,0.013858175370842218,0.015796465799212456,0.01830741949379444,0.025475871004164215,0.04314225643873215,0.06272821128368378,128,
c0b07b38110a556f,V2_candidate_KNN,0.011621117266853583,0.014978141779789586,0.05253368763526405,0.11019622235761803,0.2299956718018203,0.5021994001551022,0.5364981325584254,0.5605122783045917,192,
c0b07b38110a556f,V2_Q_mahalanobis,1.5898095643084442,1.7764624893325307,2.1125468699671615,2.431811380303131,2.8078974122297184,3.5600205968298733,3.9191691453703648,4.1434818903399355,128,
7fe310f364355e2d,V1_IL_self_KNN,0.04250432178378105,0.04683611299842596,0.060871764086186886,0.06757663562893867,0.07414036989212036,0.0907568845897913,0.09716160744428634,0.09740925580263138,64,
7fe310f364355e2d,V1_candidate_KNN,0.40024757242915676,0.44808957917889186,0.6577640234159929,0.8236193764825331,2.5824449737987325,5.839400908191451,5.852649938303844,5.893331964330376,128,1.0
7fe310f364355e2d,V2_IL_Q_to_R_KNN,0.03599546104669571,0.04144080821424723,0.05073354486376047,0.05765911005437374,0.0672126803547144,0.09933569766581052,0.12535145565867428,0.13739944994449615,128,
7fe310f364355e2d,V2_candidate_KNN,0.0359995645748451,0.05447927514345159,0.23404072367744103,0.5297091738398367,0.9645794208773021,5.807596145901659,5.865869992118647,6.00302185683214,192,
7fe310f364355e2d,V2_Q_mahalanobis,1.688143521895543,2.0791443064691615,2.5349736300591057,2.870114110969128,3.316492275524003,3.724508127498107,4.311422596596755,4.924667665976221,128,
efdd48896e7a5f15,V1_IL_self_KNN,0.044195447117090225,0.044877742417156696,0.052244110964238644,0.060099463909864426,0.06936242058873177,0.12400728240609162,0.15117402955889692,0.17628008127212524,64,
efdd48896e7a5f15,V1_candidate_KNN,0.09447039183841985,0.12248536764588228,0.1510876732382346,0.18126948160219564,0.23459753244375345,0.7163235628783009,0.8307558338129394,0.8866465608988332,128,0.5625
efdd48896e7a5f15,V2_IL_Q_to_R_KNN,0.03157801181077957,0.03523163218051195,0.0416049063205719,0.04806811548769474,0.057808997109532356,0.08079129569232464,0.1145015291124583,0.1318970024585724,128,
efdd48896e7a5f15,V2_candidate_KNN,0.035682628046177806,0.04337523677993063,0.10238277265835977,0.15795210389430772,0.2084671494998902,0.617664495000482,0.7283080610439289,0.8323945069411376,192,
efdd48896e7a5f15,V2_Q_mahalanobis,1.229884616788077,1.6935571096758626,2.268872479711598,2.5915236381475113,3.0037015259325144,3.7706772091492953,4.173281699022013,5.180731915022193,128,
e47d448a999b5595,V1_IL_self_KNN,0.017666544765233994,0.020299034100025894,0.02520189294591546,0.026779010891914368,0.0323563227429986,0.05505778621882194,0.06715282499790191,0.06825203448534012,64,
e47d448a999b5595,V1_candidate_KNN,0.16014199358457165,0.2017016708841288,0.23103587690617416,0.2555726549535783,0.31887050127101957,0.4762357855436878,0.542590969155063,0.6344069543555888,128,1.0
e47d448a999b5595,V2_IL_Q_to_R_KNN,0.013868680223822594,0.015179375745356083,0.018473907839506865,0.0213305139914155,0.0246125771664083,0.038047683238983124,0.04579544767737389,0.05739842727780342,128,
e47d448a999b5595,V2_candidate_KNN,0.014860472388480173,0.0187082713826425,0.09112925950542572,0.2087142111772561,0.25950484549497066,0.39117159730657697,0.49315152886945396,0.5402423896183937,192,
e47d448a999b5595,V2_Q_mahalanobis,1.3922874520987654,1.7526525472875174,2.081933659969084,2.511987395900068,2.929354947179872,3.475900056259153,3.8774095855781767,4.1236164478855155,128,
6c0b6e4fdf005a81,V1_IL_self_KNN,0.025470584630966187,0.02749922266229987,0.030803488567471504,0.03841423988342285,0.04453477542847395,0.08636938855051994,0.1845226258039473,0.22287282347679138,64,
6c0b6e4fdf005a81,V1_candidate_KNN,0.09621646028793543,0.11236955588534586,0.1454162858180916,0.16021079006749406,0.3918682443518991,0.6238339920406135,0.6781022667107323,0.7064012710535131,128,0.390625
6c0b6e4fdf005a81,V2_IL_Q_to_R_KNN,0.020117636770009995,0.02252292949706316,0.028205801732838154,0.031989697366952896,0.03894503880292177,0.06230427902191875,0.09026772171258934,0.11785707622766495,128,
6c0b6e4fdf005a81,V2_candidate_KNN,0.02009735651638829,0.027573060875508773,0.07474357665268913,0.11504291291026561,0.2443798806548945,0.517825496902879,0.5857961376293476,0.6454716770961434,192,
6c0b6e4fdf005a81,V2_Q_mahalanobis,1.0417658893988757,1.5894731944258564,2.0233541416224723,2.4071617071043994,2.7108389279357126,3.232159803551403,3.6284710151355095,4.2556057552913815,128,
071d2ff38b4855ed,V1_IL_self_KNN,0.023342126980423927,0.02664066944271326,0.030954986345022917,0.033542999997735023,0.03838538844138384,0.056724830716848355,0.068343423679471,0.07211290299892426,64,
071d2ff38b4855ed,V1_candidate_KNN,0.055168465434834404,0.05822775943021488,0.10903481306018084,0.13044942283606253,0.822881906202347,0.9755878577753359,1.074629142278808,1.1419714301963895,128,0.859375
071d2ff38b4855ed,V2_IL_Q_to_R_KNN,0.019840914756059647,0.02320259138941765,0.02617591479793191,0.02924161497503519,0.03459015116095543,0.04607561342418194,0.05005245570093394,0.10227783769369125,128,
071d2ff38b4855ed,V2_candidate_KNN,0.0244170193535068,0.02899366203090818,0.05552675690159568,0.11039945835395629,0.42870728987761253,0.8767241597696145,0.93011184606093,0.957461327736634,192,
071d2ff38b4855ed,V2_Q_mahalanobis,1.7770447175528605,2.144648729730025,2.6870026490193184,2.964548519105632,3.3252751492512425,3.9504733339996476,4.110099604914102,4.196293642539567,128,
b450f88783c15dea,V1_IL_self_KNN,0.02006051316857338,0.021548056229948997,0.02389503689482808,0.028281415812671185,0.03343110904097557,0.04418798033148049,0.05940820522606365,0.07785044610500336,64,
b450f88783c15dea,V1_candidate_KNN,0.03641060395168775,0.043526480340783665,0.05285884861569833,0.09852982343009709,0.6658180771074328,1.663257468538105,1.720708691698479,1.736431380917106,128,0.59375
b450f88783c15dea,V2_IL_Q_to_R_KNN,0.018436800688505173,0.019476705137640236,0.02219078689813614,0.024912684224545956,0.029231349006295204,0.036920412816107265,0.042302945628762245,0.05078338459134102,128,
b450f88783c15dea,V2_candidate_KNN,0.015338048744431992,0.02341074057366921,0.038689377268047644,0.06343497980248089,0.45480780375258856,1.5717252479113824,1.6922164633699366,1.7176863736811652,192,
b450f88783c15dea,V2_Q_mahalanobis,1.641804605599225,1.9367323803000907,2.3202625509907318,2.6575746303858674,2.9904816418025404,3.474582312860318,3.814786308892391,4.388890461570501,128,
7b3902956ebc561d,V1_IL_self_KNN,0.041009701788425446,0.04262471105903387,0.04775242693722248,0.05467385984957218,0.06582021713256836,0.07973384484648705,0.10869796276092529,0.10962866246700287,64,
7b3902956ebc561d,V1_candidate_KNN,0.1312495686912391,0.13744856704897462,0.16439510088201298,0.22525597312311352,0.33918269127002587,0.7626624944001721,0.9390924320377768,1.033969911011821,128,1.0
7b3902956ebc561d,V2_IL_Q_to_R_KNN,0.03593561798334122,0.039540802501142024,0.04291421826928854,0.047159139066934586,0.05641324445605278,0.07657548971474169,0.10860081113874914,0.13965138792991638,128,
7b3902956ebc561d,V2_candidate_KNN,0.03611562836768547,0.04510705861993885,0.09719985075139825,0.14752759341112212,0.2127193551681158,0.48978024268580683,0.7479227070900291,0.8967770781857853,192,
7b3902956ebc561d,V2_Q_mahalanobis,1.6767110806442345,1.9091701952635387,2.3110376526625545,2.638542374258682,3.015030975048768,3.551155962314281,3.930035673908466,4.215029706023115,128,
dc73cea57e105ebd,V1_IL_self_KNN,0.025364035740494728,0.030161087587475776,0.03456735238432884,0.03739103302359581,0.044168924912810326,0.0624832779169082,0.08405952811241145,0.09532773494720459,64,
dc73cea57e105ebd,V1_candidate_KNN,0.10721852414131763,0.1157406009407067,0.14841686922304437,0.17421562493490372,0.3754510902696838,0.8112198911009171,0.8403259732298659,0.8455092549764135,128,1.0
dc73cea57e105ebd,V2_IL_Q_to_R_KNN,0.019496599212288857,0.022576283290982248,0.027289023622870445,0.029871642589569092,0.03545549884438515,0.04303859304636716,0.04998084269464017,0.06274934858083725,128,
dc73cea57e105ebd,V2_candidate_KNN,0.019768419163421508,0.02880407393413312,0.08268560310728588,0.13851811847742815,0.2933378422122277,0.7217512330929217,0.8237112102177603,0.8289261446556004,192,
dc73cea57e105ebd,V2_Q_mahalanobis,1.8033202876320993,1.9438458757557018,2.4250812023353454,2.7693691888891045,3.0984241322846513,3.6852626304765113,3.904748140403133,3.964490841474552,128,
b87bd020396b5670,V1_IL_self_KNN,0.02505362592637539,0.02720430539920926,0.031878440640866756,0.03583834134042263,0.04764627851545811,0.08148512095212927,0.14105915501713745,0.15703561902046204,64,
b87bd020396b5670,V1_candidate_KNN,0.1661841190275133,0.2216891782494526,0.30195355197389157,0.3217949656376453,0.3834854164136556,0.46463315047592113,0.4752511122328508,0.47669524616172954,128,1.0
b87bd020396b5670,V2_IL_Q_to_R_KNN,0.020964374765753746,0.023264303617179394,0.027309269178658724,0.030430268496274948,0.034229385666549206,0.0455852150917053,0.07614478446543224,0.08172092586755753,128,
b87bd020396b5670,V2_candidate_KNN,0.021698979353345173,0.027275329725390488,0.11263284447792818,0.2468185800797825,0.3215630034774236,0.4345773780887325,0.45443741886700256,0.4567853939167896,192,
b87bd020396b5670,V2_Q_mahalanobis,1.145025197440534,1.4363615303832509,1.9493050816287085,2.293959287897371,2.7235208473451245,3.254333099221331,3.5642181461304623,3.6298810927189376,128,
ba1a894e5a6350d2,V1_IL_self_KNN,0.0269786324352026,0.029462951980531216,0.0331744784489274,0.03864562697708607,0.04661971237510443,0.05717095416039227,0.0675428664684295,0.08360332250595093,64,
ba1a894e5a6350d2,V1_candidate_KNN,0.06749226957897389,0.07220190322161422,0.08747956119034271,0.10897274281511936,0.2865266870140247,0.42170927831309335,0.5167394770633545,0.6535932360424835,128,0.8203125
ba1a894e5a6350d2,V2_IL_Q_to_R_KNN,0.022407885640859604,0.025223716162145138,0.028180590830743313,0.032363640144467354,0.03698365576565266,0.04665009584277867,0.060045805349946066,0.07301995903253555,128,
ba1a894e5a6350d2,V2_candidate_KNN,0.026292848807433426,0.03003497480786816,0.05575169341924052,0.08405791240647809,0.155595357120173,0.3411662457980253,0.45308894651193077,0.46838690687026274,192,
ba1a894e5a6350d2,V2_Q_mahalanobis,1.6368555637957003,2.0753636123319836,2.515674431567928,2.829962128051913,3.127485178199067,3.871109379419641,4.381995272081482,5.47392873553917,128,
ddbfb3b2a05c5918,V1_IL_self_KNN,0.04576629772782326,0.04871022794395685,0.055083729326725006,0.061300987377762794,0.07479223608970642,0.11420724056661125,0.15640497431159017,0.16395923495292664,64,
ddbfb3b2a05c5918,V1_candidate_KNN,0.3985889926992915,0.41580212244719206,0.513089856209221,0.586523678251521,0.7293490537732733,0.7959739445646593,0.885210738395749,0.9292623281938699,128,1.0
ddbfb3b2a05c5918,V2_IL_Q_to_R_KNN,0.03721587732434273,0.044040548615157604,0.05233527813106775,0.05807972885668278,0.06986873969435692,0.09052809216082094,0.11068990737199784,0.1447547972202301,128,
ddbfb3b2a05c5918,V2_candidate_KNN,0.040503623344319686,0.05349230699754481,0.1717943952394631,0.4038360554766819,0.5829145225756206,0.7216190909630305,0.7827687555572591,0.9037240356939147,192,
ddbfb3b2a05c5918,V2_Q_mahalanobis,1.7241407579735435,2.2161573896425812,2.6826930208098507,3.05621045575087,3.505399675443329,3.944026650581442,4.138647478534909,4.245787361892248,128,
a93ffd0f36b65714,V1_IL_self_KNN,0.014881320297718048,0.016859249956905843,0.019203024450689554,0.023810571059584618,0.028286620043218136,0.049741489812731715,0.07157423026859758,0.07729540020227432,64,
a93ffd0f36b65714,V1_candidate_KNN,0.024456587500695178,0.02806757350743832,0.10448399299918991,0.1627280879794621,0.3234297056887658,0.3619083360195771,0.4859489079318927,0.5003663023228924,128,0.8046875
a93ffd0f36b65714,V2_IL_Q_to_R_KNN,0.012382330372929573,0.013744513131678104,0.016401583794504404,0.01899750903248787,0.02360296994447708,0.03546515814960002,0.0472008976712823,0.053986191749572754,128,
a93ffd0f36b65714,V2_candidate_KNN,0.011989606325498925,0.017627401071548063,0.03561684124557527,0.09970364943612592,0.1884697960215113,0.3402051719044993,0.3604502425979495,0.38489938189655354,192,
a93ffd0f36b65714,V2_Q_mahalanobis,1.2545964646868346,1.5794814919791191,1.9588604998356538,2.2695379741237813,2.6036404694328272,3.1851821192323384,3.7749820598886283,3.9903664257284057,128,
2b2663b56a6555a2,V1_IL_self_KNN,0.032132863998413086,0.03444905821233988,0.037828193977475166,0.04310617782175541,0.05087445955723524,0.059991336800158016,0.07026464715600013,0.07233130931854248,64,
2b2663b56a6555a2,V1_candidate_KNN,0.12100434849166535,0.14911268829390936,0.25123773236467983,0.30580943320438425,0.36705020376110553,0.856517686604631,0.9243290352928234,0.9554743312113956,128,1.0
2b2663b56a6555a2,V2_IL_Q_to_R_KNN,0.02527223899960518,0.02784165581688285,0.03223487641662359,0.037181224673986435,0.04765618685632944,0.07136254273355006,0.08132334090769293,0.1003781408071518,128,
2b2663b56a6555a2,V2_candidate_KNN,0.0272985628854301,0.03241947637244764,0.10724175588310003,0.24677948114560505,0.3308017584231855,0.7467295434393417,0.8774299902791456,0.9364860194554137,192,
2b2663b56a6555a2,V2_Q_mahalanobis,1.4987256292857238,1.9570208404177396,2.64948144638422,2.9681973149550456,3.3742604949379555,3.99960671457316,4.299395924069503,4.614432749809123,128,
f9b32e71bedb5996,V1_IL_self_KNN,0.019910814240574837,0.020868440810590982,0.024946310091763735,0.029493932612240314,0.03457850310951471,0.04694551900029181,0.060393896847963285,0.07273794710636139,64,
f9b32e71bedb5996,V1_candidate_KNN,0.1068744958002397,0.13794178729683054,0.17088014627578815,0.2005742980110254,0.2703228703481336,0.78554955150132,0.8660024451917534,0.9061778906959905,128,1.0
f9b32e71bedb5996,V2_IL_Q_to_R_KNN,0.018185053020715714,0.020357473101466895,0.02331249788403511,0.025874353013932705,0.030341797042638063,0.03830053079873323,0.0429399873316288,0.07049478590488434,128,
f9b32e71bedb5996,V2_candidate_KNN,0.017206924291223065,0.023746477043782722,0.07785488568647264,0.1433962901989499,0.20790788575413705,0.6011585076583422,0.6883657542107634,0.7873501959485418,192,
f9b32e71bedb5996,V2_Q_mahalanobis,1.5801550344963646,1.7502743627692003,2.2735267451616012,2.6114671711653084,2.9026346348564815,3.374193503881667,3.718487723157826,3.736614239676922,128,
886df3cce3a95a83,V1_IL_self_KNN,0.018430765718221664,0.019171534664928915,0.021926121786236763,0.024533499032258987,0.02897612564265728,0.06815655510872581,0.09485574074089524,0.1006300076842308,64,
886df3cce3a95a83,V1_candidate_KNN,0.13516707075274811,0.21043493922394776,0.2593228211640316,0.306101002633371,0.37125459287103346,0.6710597760406252,0.7197183122679105,1.2396665254874903,128,1.0
886df3cce3a95a83,V2_IL_Q_to_R_KNN,0.016239624470472336,0.01674358732998371,0.01912866812199354,0.021267211996018887,0.024641185998916626,0.03185170218348503,0.03501560505479575,0.04830195754766464,128,
886df3cce3a95a83,V2_candidate_KNN,0.01456198254358813,0.018741847961034508,0.09796586393090281,0.23794116466452328,0.31467995115441627,0.6309126361731766,0.7776730919122924,1.2358342018442565,192,
886df3cce3a95a83,V2_Q_mahalanobis,1.3459178385831343,1.8580111010709048,2.3919210203680956,2.727384218313703,3.127204202210366,3.5679152428757885,3.9250853052557337,3.9450461031525847,128,
160a7c3cbeee5f8b,V1_IL_self_KNN,0.048790931701660156,0.049211475811898706,0.053010850213468075,0.05790289305150509,0.06520410068333149,0.09184462539851665,0.10731281094253063,0.10868431627750397,64,
160a7c3cbeee5f8b,V1_candidate_KNN,0.32245720007035733,0.36009104049766233,0.41984483508685894,0.5122684829111022,0.5751919747769283,0.6460912351123719,0.6825316208207722,0.6928576186331499,128,1.0
160a7c3cbeee5f8b,V2_IL_Q_to_R_KNN,0.03317274898290634,0.03662020340561867,0.04230306297540665,0.049206579104065895,0.0594487814232707,0.08185231424868106,0.14062391117215167,0.17529168725013733,128,
160a7c3cbeee5f8b,V2_candidate_KNN,0.036472960816352415,0.04665997188371934,0.17655424847437706,0.37253690922105254,0.5066651965800297,0.6048481314840578,0.646014464752415,0.705427979142135,192,
160a7c3cbeee5f8b,V2_Q_mahalanobis,1.8495227959472547,2.181995252021113,2.586293494221998,3.0582291433149122,3.427068724262924,4.05924134640121,4.844789348065176,4.970606170966606,128,
24fab0f19fd35cd6,V1_IL_self_KNN,0.030426468700170517,0.03278068602085114,0.04029803443700075,0.04462064430117607,0.05150746274739504,0.0770028606057167,0.11483752585947508,0.12682008743286133,64,
24fab0f19fd35cd6,V1_candidate_KNN,0.20277108455463208,0.2388484548340482,0.30070806415560236,0.39074914676204886,0.466204238643281,0.5785208846797034,0.7530292122569947,0.7738404364218525,128,1.0
24fab0f19fd35cd6,V2_IL_Q_to_R_KNN,0.025795836001634598,0.028841300681233407,0.03365802951157093,0.03700156882405281,0.04182397108525038,0.05787472743541002,0.10160421818494797,0.10693733394145966,128,
24fab0f19fd35cd6,V2_candidate_KNN,0.028871152442169645,0.032890329072523074,0.11652738712122519,0.25173701219471734,0.38150003198497606,0.5303836728527683,0.726387512142034,0.7758778517508939,192,
24fab0f19fd35cd6,V2_Q_mahalanobis,1.785767020105499,2.1530000336778743,2.7161373583436488,3.086391220801895,3.572739977516404,4.265884439088013,5.430773357918794,6.070981655412625,128,
b63b325909a058c9,V1_IL_self_KNN,0.021384701132774353,0.021975315641611814,0.02713043661788106,0.029802399687469006,0.03960893955081701,0.0520122494548559,0.07113403320312499,0.07331684976816177,64,
b63b325909a058c9,V1_candidate_KNN,0.11527414070793292,0.12821620650280355,0.1553214913586443,0.20358680326846768,0.3165099114350905,0.3890042013928637,0.4541251431754136,0.46358179226636426,128,1.0
b63b325909a058c9,V2_IL_Q_to_R_KNN,0.01695794239640236,0.018773160129785537,0.022021304350346327,0.025531073100864887,0.02916783606633544,0.04268644638359545,0.05450454853475095,0.10309109836816788,128,
b63b325909a058c9,V2_candidate_KNN,0.01767108631794632,0.025887202280004122,0.08215496154011663,0.1333401632641263,0.23032809402937013,0.35994160865158203,0.42626992166554367,0.44316867284827544,192,
b63b325909a058c9,V2_Q_mahalanobis,1.294638571169128,1.705816840306638,2.2795287036816427,2.726663210667845,3.093463001702277,3.688931438514639,4.214020632135124,4.5952974951624705,128,
9b500f26b0f8560e,V1_IL_self_KNN,0.035164229571819305,0.04013792462646961,0.04778114799410105,0.05273919180035591,0.05942422617226839,0.07543404251337049,0.10155198685824868,0.10885345935821533,64,
9b500f26b0f8560e,V1_candidate_KNN,0.0822086043186729,0.1389491952087343,0.19044588362649004,0.21742611171153997,0.6634256949729482,1.0648016255845725,1.1778698235898648,1.207035673771489,128,0.9921875
9b500f26b0f8560e,V2_IL_Q_to_R_KNN,0.02801615558564663,0.03329996019601822,0.03792531229555607,0.04182078875601292,0.05198396183550358,0.06884163245558737,0.08662599079310897,0.08858714252710342,128,
9b500f26b0f8560e,V2_candidate_KNN,0.031381377703974964,0.037896519559205255,0.10299928792127507,0.17060588003674734,0.3613824493594853,0.8751076463549907,1.0481517481735734,1.1638721226432878,192,
9b500f26b0f8560e,V2_Q_mahalanobis,1.7481240296360958,2.0766801240013493,2.4509332883994737,2.8023926336708507,3.192606134172869,3.7427420517018164,4.142964962598696,4.309811288810944,128,
c9ba785129c35b36,V1_IL_self_KNN,0.02113742008805275,0.021796378958970308,0.025260637514293194,0.028556945733726025,0.033498398028314114,0.05477528944611549,0.09309933640062795,0.12731242179870605,64,
c9ba785129c35b36,V1_candidate_KNN,0.07993077655431789,0.08880588119766719,0.09743138376521802,0.12493871704592456,0.28456174678005836,0.4297583758308351,0.47784399163174784,0.49033549154438905,128,0.484375
c9ba785129c35b36,V2_IL_Q_to_R_KNN,0.014815869741141796,0.016994437389075755,0.021206777077168226,0.026014821603894234,0.030776144936680794,0.046182522922754266,0.09039788722991945,0.2593805193901062,128,
c9ba785129c35b36,V2_candidate_KNN,0.015478696006097428,0.020818166698918502,0.05886770341703933,0.10125233874051173,0.21098174919819912,0.3735057165800462,0.41920668314534554,0.4635192881714241,192,
c9ba785129c35b36,V2_Q_mahalanobis,1.0570280645338104,1.5441177024953396,2.006713878399665,2.3467243466575765,2.6540486636537173,3.2645805245389585,4.566271329046956,4.82755739382032,128,
aac1853286fb586a,V1_IL_self_KNN,0.02828611060976982,0.03310785833746195,0.038240632973611355,0.04385566711425781,0.04956137202680111,0.0722455505281686,0.10724207408726213,0.11336883157491684,64,
aac1853286fb586a,V1_candidate_KNN,0.0713923303240295,0.09406031302485715,0.18904326076423572,0.27178714515376223,0.47864525746661146,1.4636261979779683,1.6159909411899425,1.6559835625636719,128,0.8125
aac1853286fb586a,V2_IL_Q_to_R_KNN,0.023571927100419998,0.02733539268374443,0.03189780656248331,0.03745217248797417,0.04394953325390816,0.059217541851103304,0.06528352342545987,0.09313368797302246,128,
aac1853286fb586a,V2_candidate_KNN,0.0249303165838312,0.0361897431949801,0.09232890722719586,0.18432667156843652,0.33898083292819714,1.2905665549224132,1.4669874336880975,1.5775516424689922,192,
aac1853286fb586a,V2_Q_mahalanobis,1.7791531576286443,2.0288198543861453,2.525304861194129,2.930172488259873,3.1772031959169285,3.8756281192896953,4.314459234981014,5.39796575433725,128,
022fef6d66485384,V1_IL_self_KNN,0.02129799872636795,0.02520142002031207,0.029555742628872395,0.033285364508628845,0.042397117242217064,0.057762777991592865,0.09457340352237203,0.14558471739292145,64,
022fef6d66485384,V1_candidate_KNN,0.04406565716573165,0.04934071213179232,0.08208814227727244,0.13347267973668883,0.5348808733707048,0.7506550486049623,0.8320792346571465,0.9169094623958924,128,0.4375
022fef6d66485384,V2_IL_Q_to_R_KNN,0.018206637352705002,0.0205481119453907,0.024942131713032722,0.02985233534127474,0.035361324436962605,0.05064768716692924,0.07140569157898433,0.10740010440349579,128,
022fef6d66485384,V2_candidate_KNN,0.01815155481672851,0.025052308440294737,0.04428810130100365,0.08337224557542658,0.30642029434933415,0.674226616136236,0.7699183589027494,0.9227197819279969,192,
022fef6d66485384,V2_Q_mahalanobis,1.1221332974183644,1.711428229660917,2.2368365153308036,2.6313972093415208,2.9411631971175716,3.4413638098376325,3.776024817324327,3.9307356205659243,128,
51480b09db315e89,V1_IL_self_KNN,0.026787087321281433,0.027464296761900188,0.03172416053712368,0.03641853854060173,0.045185175724327564,0.06190340314060449,0.06605466820299626,0.0673186182975769,64,
51480b09db315e89,V1_candidate_KNN,0.0661018930480424,0.08779617382662155,0.11508642190477736,0.15997942341295723,0.4086467622319884,0.5807935914876239,0.6460959037889569,0.6644484393919999,128,0.9921875
51480b09db315e89,V2_IL_Q_to_R_KNN,0.022418087348341942,0.02514602467417717,0.02816067822277546,0.03166797757148743,0.037230958230793476,0.05038707312196493,0.0568986574932933,0.0711083859205246,128,
51480b09db315e89,V2_candidate_KNN,0.022909034341863692,0.029506109799819137,0.06090433501172027,0.13524289026759426,0.25677240456320727,0.4659913195809984,0.5256418324056151,0.5485051390301096,192,
51480b09db315e89,V2_Q_mahalanobis,1.3664173446872898,1.704763856416049,2.1489511971734867,2.534203388093339,2.968540210874455,3.451761210434649,3.8072484434825604,4.563749547135196,128,
5d3ce016a8a256cf,V1_IL_self_KNN,0.03871496021747589,0.03981799520552158,0.04528428986668587,0.050691356882452965,0.06144989840686321,0.08163153566420076,0.11030851930379856,0.13867229223251343,64,
5d3ce016a8a256cf,V1_candidate_KNN,0.1825392056529702,0.210962651218189,0.2521160295170501,0.3593789895085281,0.4401448744013062,0.9524449414916678,1.0511867828253425,1.1796183397529023,128,1.0
5d3ce016a8a256cf,V2_IL_Q_to_R_KNN,0.025238117203116417,0.03337648045271635,0.038695307448506355,0.043097278103232384,0.051903869956731796,0.07039789818227288,0.07676757887005807,0.1000421792268753,128,
5d3ce016a8a256cf,V2_candidate_KNN,0.032359529679060084,0.03837294445478028,0.132037713322555,0.24750642331091244,0.36247167347765824,0.7757431440837834,0.9152784468641263,0.9883959336551822,192,
5d3ce016a8a256cf,V2_Q_mahalanobis,1.6338108001015903,1.8398484331412224,2.2252475392873645,2.6245005408916127,3.0333397593519553,3.4196429364719414,3.959130943492982,4.813536978022994,128,
60691b9dd3355992,V1_IL_self_KNN,0.03965682536363602,0.04398571122437715,0.05075595062226057,0.05872073583304882,0.0685280803591013,0.08230005241930483,0.10379140630364418,0.10479637235403061,64,
60691b9dd3355992,V1_candidate_KNN,0.11642044582203141,0.12949783142025847,0.21417557313118285,0.31391724605728255,0.511952841437325,0.9620422716238245,0.9978998555812074,1.0409722747216068,128,1.0
60691b9dd3355992,V2_IL_Q_to_R_KNN,0.038537681102752686,0.04155692346394062,0.0475628599524498,0.052764683961868286,0.059235827066004276,0.07559754289686678,0.10848509065806872,0.12100239098072052,128,
60691b9dd3355992,V2_candidate_KNN,0.034633111402900575,0.04483724135392209,0.10784431230648275,0.20597957115461618,0.35617603670528275,0.9165538466250985,0.9712949325061294,1.0257460716690678,192,
60691b9dd3355992,V2_Q_mahalanobis,1.960781105187561,2.4567187321977557,2.924871589583936,3.2925963854638733,3.622657470904064,4.496641062735526,4.7999508873883565,5.640775568428796,128,
0056ae51961f5a18,V1_IL_self_KNN,0.013587383553385735,0.018117276951670647,0.021369081921875477,0.02547257114201784,0.029719875659793615,0.04478372670710085,0.049933185316622254,0.05098555237054825,64,
0056ae51961f5a18,V1_candidate_KNN,0.04077986078178391,0.05635326872254687,0.11050569961312076,0.17026390300919525,0.39986685447294534,0.4644101568959358,0.49356216841423917,0.5047826866420511,128,0.9765625
0056ae51961f5a18,V2_IL_Q_to_R_KNN,0.01281979214400053,0.0152551110368222,0.018588964361697435,0.020790993236005306,0.025111026130616665,0.05119294915348288,0.09852435305714612,0.11025360971689224,128,
0056ae51961f5a18,V2_candidate_KNN,0.01186534491523548,0.018654641791412237,0.051677778764382405,0.1130130795377407,0.23779687453081327,0.44912728497820004,0.4751039157682952,0.47916870584850935,192,
0056ae51961f5a18,V2_Q_mahalanobis,1.8531129453138364,2.0325909570429275,2.4774256871919436,2.7271168616225623,3.301591326480181,4.0197376165826775,4.692953386702603,4.908044785304987,128,
80d5ce364722516b,V1_IL_self_KNN,0.02877836301922798,0.03006544793024659,0.03597903624176979,0.04158050939440727,0.05129615031182766,0.06472798064351082,0.09944950960576518,0.13980820775032043,64,
80d5ce364722516b,V1_candidate_KNN,0.588705608552001,0.6296934296609554,0.8015228195998132,0.9833075924995891,1.023211873483632,1.1417913158424589,1.182113529650946,1.461341773688574,128,1.0
80d5ce364722516b,V2_IL_Q_to_R_KNN,0.022118963301181793,0.026286724116653205,0.02974211983382702,0.03298438340425491,0.039598315954208374,0.054198150895535945,0.07634302988648416,0.08149012923240662,128,
80d5ce364722516b,V2_candidate_KNN,0.028612790363384967,0.03290987952357951,0.25453334081732976,0.6536534954343571,0.9299108288864567,1.0658084835002255,1.117981806360473,1.1254426822733592,192,
80d5ce364722516b,V2_Q_mahalanobis,1.8058483533253578,2.2250057468965463,2.557484398181025,2.963514405117117,3.3506186529548847,3.9834537484882433,4.152831542031431,4.446365261347992,128,
f0ff3b146af85463,V1_IL_self_KNN,0.027916038408875465,0.02945440514013171,0.032832068391144276,0.03800365887582302,0.04648392740637064,0.05913222059607505,0.1019714010506867,0.1378546953201294,64,
f0ff3b146af85463,V1_candidate_KNN,0.04312242017982691,0.0721567733177161,0.10758153948726097,0.1591856837131077,0.4837412195582722,1.103003952024976,1.2312299785777014,1.3078161414678586,128,0.59375
f0ff3b146af85463,V2_IL_Q_to_R_KNN,0.02124601975083351,0.02364682676270604,0.02666689222678542,0.02946557756513357,0.033429824747145176,0.04315326157957315,0.05829818408936263,0.06742598116397858,128,
f0ff3b146af85463,V2_candidate_KNN,0.023281656061766874,0.029742422676428258,0.05812670033189493,0.1056493557037853,0.32564678885517995,0.9309833226322469,1.0830413977447777,1.0934542431977767,192,
f0ff3b146af85463,V2_Q_mahalanobis,1.1899644755995762,1.7668081463967722,2.234877920637264,2.5798572319428885,2.8643197190452447,3.350012533191863,3.8135199800985955,4.391531273029616,128,
6f2a7bf7cf275dd3,V1_IL_self_KNN,0.02332255430519581,0.02501532854512334,0.027774245012551546,0.031105265952646732,0.03478219732642174,0.042075124569237225,0.08116076640784733,0.09964939206838608,64,
6f2a7bf7cf275dd3,V1_candidate_KNN,0.27715318050251275,0.337427560416617,0.4256530277531752,0.489131044363615,0.5548180405002032,0.634872755124479,0.6851742531209143,0.6934698861646496,128,1.0
6f2a7bf7cf275dd3,V2_IL_Q_to_R_KNN,0.016562433913350105,0.019444433320313693,0.02254071133211255,0.024530532769858837,0.02775442972779274,0.04057089388370512,0.0699886187165976,0.08486797660589218,128,
6f2a7bf7cf275dd3,V2_candidate_KNN,0.019494258981204597,0.02401216127203838,0.18435488003393113,0.41547216366580564,0.4993814203490638,0.5998674105177141,0.6583641656840823,0.6872868339672212,192,
6f2a7bf7cf275dd3,V2_Q_mahalanobis,2.0470546625252295,2.2180549451914056,2.594082339385262,2.8815635317030446,3.2199144816178813,3.9507069172686,4.248915532556571,4.4178781743243265,128,
1090fdb8b57850f6,V1_IL_self_KNN,0.03120521828532219,0.03612537384033203,0.041006503626704216,0.04593965597450733,0.05118971038609743,0.06536454781889915,0.09586209788918494,0.097553551197052,64,
1090fdb8b57850f6,V1_candidate_KNN,0.05726167133298725,0.06611187195531106,0.1078763129369899,0.13639594496322466,0.28821420967986927,0.9043108338860664,1.0882628442486753,1.1250424793900204,128,0.78125
1090fdb8b57850f6,V2_IL_Q_to_R_KNN,0.02738652564585209,0.02951257536187768,0.0342647535726428,0.03822853043675423,0.04292717855423689,0.054655416123569,0.07438180260360244,0.08058176189661026,128,
1090fdb8b57850f6,V2_candidate_KNN,0.029617403583458747,0.03398886568544476,0.06402159658136072,0.11047516962468781,0.22970372982893467,0.7456336442496759,0.9556819710033994,1.045111716203238,192,
1090fdb8b57850f6,V2_Q_mahalanobis,1.9566699889533208,2.280156756111212,2.8659308804610113,3.1541594176027186,3.5668566557360624,4.040165172881019,4.565250408000504,4.718303135039496,128,
a3fa79234a9d5d7d,V1_IL_self_KNN,0.038863588124513626,0.041341116279363634,0.048907456919550896,0.058192312717437744,0.06776533462107182,0.08986329697072504,0.14772645130753512,0.1582830399274826,64,
a3fa79234a9d5d7d,V1_candidate_KNN,0.08640321791463285,0.11260180595367951,0.20370264680161054,0.2689183067083266,0.4017195091000238,1.1019632595670128,1.6799004620768838,1.9373559792621933,128,0.7890625
a3fa79234a9d5d7d,V2_IL_Q_to_R_KNN,0.02681029960513115,0.03479216452687979,0.04053686186671257,0.0478315744549036,0.05778804887086153,0.07282443828880786,0.09777551978826524,0.11285147815942764,128,
a3fa79234a9d5d7d,V2_candidate_KNN,0.027609865080883245,0.04233582861903288,0.09483150766473605,0.1773096811042349,0.3016816939241126,0.9647627392875979,1.0631099836490618,1.0876306441349708,192,
a3fa79234a9d5d7d,V2_Q_mahalanobis,1.4914279446713419,2.0779154232346455,2.5378635403376,2.8633411879942274,3.2994662628114595,3.9528470079878546,4.477412273379923,4.82077928833897,128,
36c6cbf6c8a25415,V1_IL_self_KNN,0.021516436710953712,0.022055005095899107,0.02674437453970313,0.031052907928824425,0.03663036227226257,0.06151618324220174,0.09390760168433188,0.09697580337524414,64,
36c6cbf6c8a25415,V1_candidate_KNN,0.04238536230262609,0.04646246438420545,0.05275791943816144,0.06564506527688574,0.6777211786929633,1.0491431389245967,1.120991139855896,1.1426045018408686,128,0.421875
36c6cbf6c8a25415,V2_IL_Q_to_R_KNN,0.017262885347008705,0.020750602055341006,0.023730555549263954,0.026018572971224785,0.03153315745294094,0.04493321031332014,0.06820678427815441,0.24537131190299988,128,
36c6cbf6c8a25415,V2_candidate_KNN,0.01970455730314426,0.022863349030191625,0.04344425137355856,0.05981335469730827,0.4073407220761276,0.8898641249124114,0.9843632772790374,1.0463973908997812,192,
36c6cbf6c8a25415,V2_Q_mahalanobis,1.4136062328814543,1.8036892090644039,2.2060027904062265,2.5153061722590193,2.892183499838067,3.4056305607409576,3.651898582679246,4.752111248477739,128,
8fe647ed2b7a5aee,V1_IL_self_KNN,0.02730461023747921,0.02942570224404335,0.03514246828854084,0.042087728157639503,0.0488547645509243,0.06829499006271361,0.07466006129980086,0.07637397944927216,64,
8fe647ed2b7a5aee,V1_candidate_KNN,0.0392355890558397,0.11215775731032801,0.18969950760064797,0.23370224111772722,0.3322789410981287,0.6473658779984611,1.4827618951858599,1.796615120203762,128,0.984375
8fe647ed2b7a5aee,V2_IL_Q_to_R_KNN,0.02239781990647316,0.026156266033649445,0.029215671122074127,0.03396349959075451,0.038599916733801365,0.06096483543515202,0.13412133470177673,0.19532442092895508,128,
8fe647ed2b7a5aee,V2_candidate_KNN,0.022718410149235313,0.031599642073212364,0.09539329321413573,0.1779174181681421,0.2722942022439627,0.6367884305407621,1.1249112491759687,1.7675562110949663,192,
8fe647ed2b7a5aee,V2_Q_mahalanobis,1.4115283649579262,1.9510122699253576,2.497833907389193,2.87811200236399,3.2273962190993717,3.9666637982563246,5.937801906765612,7.3248146869503765,128,
5abdbfe1845e59c5,V1_IL_self_KNN,0.016845302656292915,0.017349037155508996,0.019535913597792387,0.022690003737807274,0.029294798150658607,0.03795305006206035,0.04049236446619033,0.04119676351547241,64,
5abdbfe1845e59c5,V1_candidate_KNN,0.03354085677446169,0.040577523352006095,0.06149536700891724,0.265707157796954,0.42697275155277464,0.7375530866278949,0.772486784843814,0.79417462247064,128,0.9375
5abdbfe1845e59c5,V2_IL_Q_to_R_KNN,0.011334186419844627,0.013472872273996473,0.01656782580539584,0.01846578624099493,0.021998525131493807,0.030651294160634262,0.036599274724721916,0.044040583074092865,128,
5abdbfe1845e59c5,V2_candidate_KNN,0.013237185296488202,0.016457258003010976,0.03290457371299048,0.07857574718938769,0.3086159761189155,0.6690547521461434,0.7201974965267265,0.7594972773419222,192,
5abdbfe1845e59c5,V2_Q_mahalanobis,1.3345614839301387,1.7273890254532378,2.0801715740595634,2.3865414779046725,2.806424997843833,3.2497743833303656,3.730217524335116,4.174753549051296,128,
4af11dadd34359fe,V1_IL_self_KNN,0.03968612477183342,0.04186846986413002,0.04994376469403505,0.056931301951408386,0.06656487286090851,0.09426612444221968,0.12673114910721772,0.13970109820365906,64,
4af11dadd34359fe,V1_candidate_KNN,0.15894577470199783,0.24540111159651412,0.2942993027730084,0.3754607095428505,0.44067136984619465,0.5291595713293685,0.5581643944431667,0.5764293665103368,128,1.0
4af11dadd34359fe,V2_IL_Q_to_R_KNN,0.029777711257338524,0.03439479433000088,0.04120120499283075,0.04862566106021404,0.05677497200667858,0.07385457754135132,0.0958287034928799,0.1066662073135376,128,
4af11dadd34359fe,V2_candidate_KNN,0.031848896318990697,0.04031145400225328,0.1442749638958205,0.2885396117782114,0.3773520822821019,0.4761215469924095,0.5073261004673866,0.5261919594718638,192,
4af11dadd34359fe,V2_Q_mahalanobis,1.4358577911636097,2.006344509292351,2.3439107344385155,2.7402237641921916,3.084705085281009,3.655762078618362,4.402276935652664,4.617556923237763,128,
ad25b37aaad95a6b,V1_IL_self_KNN,0.03365464136004448,0.03588277362287044,0.04370610509067774,0.051058050245046616,0.0618890505284071,0.09200317002832889,0.12559559911489473,0.1591760218143463,64,
ad25b37aaad95a6b,V1_candidate_KNN,0.1337919522716288,0.1459807375562745,0.19308008955015593,0.22597184165905093,0.4023542019315452,1.3017124332780539,1.4436695692459942,1.5247283880707339,128,0.859375
ad25b37aaad95a6b,V2_IL_Q_to_R_KNN,0.028053507208824158,0.03256825394928455,0.037933128885924816,0.042267657816410065,0.0514998072758317,0.0703784964978695,0.10605281017720707,0.13864560425281525,128,
ad25b37aaad95a6b,V2_candidate_KNN,0.02754458082391033,0.039574231091771085,0.11473797496275585,0.19555845263681243,0.3341859602487731,1.121720225577842,1.3195993672323003,1.5166925170910543,192,
ad25b37aaad95a6b,V2_Q_mahalanobis,1.5846031712590507,1.9780991688034808,2.445692096344499,2.8802443669251074,3.2329509129708613,3.787948262019609,4.02720429107877,4.51516571586272,128,
d5201097ad6e5d67,V1_IL_self_KNN,0.025121401995420456,0.02973335413262248,0.03746935073286295,0.041179537773132324,0.04833333659917116,0.058130617067217824,0.06681681923568247,0.06867742538452148,64,
d5201097ad6e5d67,V1_candidate_KNN,0.05414277669352152,0.05698778620708165,0.09082735897592446,0.10668589029600672,0.528299805796311,0.6586795757194569,0.7090572549584788,0.7331445749064854,128,0.8125
d5201097ad6e5d67,V2_IL_Q_to_R_KNN,0.02497898042201996,0.02775832833722234,0.03198807127773762,0.03512675687670708,0.038924556225538254,0.04858396276831625,0.05710237853229048,0.06260831654071808,128,
d5201097ad6e5d67,V2_candidate_KNN,0.023001273262652465,0.03093109012839871,0.05078560506379859,0.0956115420173716,0.2939820354357172,0.5781625779490358,0.6350671287778195,0.6721482199220125,192,
d5201097ad6e5d67,V2_Q_mahalanobis,1.5097855828521718,2.250880559747043,2.724845952264895,3.0476134343912795,3.4321259040356487,3.9629523654213314,4.33109634113186,4.888809848546795,128,
f96a48c3bcd45c50,V1_IL_self_KNN,0.04034234955906868,0.04062871914356947,0.04735637083649635,0.05324791371822357,0.06792891211807728,0.08432596772909164,0.10713963314890856,0.1197361946105957,64,
f96a48c3bcd45c50,V1_candidate_KNN,0.16994245568241234,0.32997419098928454,0.36287698569864496,0.41463182747850197,0.4830745747398706,0.5712445068786562,0.6165500859537554,0.6366923853806311,128,1.0
f96a48c3bcd45c50,V2_IL_Q_to_R_KNN,0.025041664019227028,0.031638899631798265,0.03657075762748718,0.04185609519481659,0.05332866311073303,0.08030919507145881,0.09554540060460573,0.11636044085025787,128,
f96a48c3bcd45c50,V2_candidate_KNN,0.027930626679384285,0.03690814465213371,0.15929884272265682,0.32823889139357676,0.41605631454376907,0.558648413837319,0.6291008357695085,0.6376678690127286,192,
f96a48c3bcd45c50,V2_Q_mahalanobis,1.3773601102873896,2.1053744854018213,2.507225524825925,2.78849866064558,3.2106249552855406,3.8309396161496934,4.5969081922358725,4.97180663474273,128,
3f36d5316f0d5a94,V1_IL_self_KNN,0.03490824997425079,0.03583235833793878,0.03912543971091509,0.044808320701122284,0.05529432091861963,0.08919418230652805,0.14674958541989316,0.1693916767835617,64,
3f36d5316f0d5a94,V1_candidate_KNN,0.35841014812149924,0.40438704926763513,0.5565226232505242,0.5927156492446881,0.62528368148949,0.6792111383993965,0.722615214028218,0.7455302963160957,128,1.0
3f36d5316f0d5a94,V2_IL_Q_to_R_KNN,0.02635945938527584,0.029173964448273183,0.033151986077427864,0.038590701296925545,0.0457153869792819,0.06086130216717718,0.07708151720464232,0.10663563013076782,128,
3f36d5316f0d5a94,V2_candidate_KNN,0.025675842041216042,0.03491315077063593,0.1688703606532287,0.452768824850536,0.6074545000933493,0.7017598282735853,0.7615893764754927,0.8199446166992967,192,
3f36d5316f0d5a94,V2_Q_mahalanobis,1.5998990246814029,1.947604070769619,2.377700529229434,2.719684381922237,3.085964515800896,3.7202672804225614,3.865251742302083,4.3599805400387,128,
b6bba53a1bef520e,V1_IL_self_KNN,0.021970342844724655,0.026500980742275713,0.029884412419050932,0.035610947757959366,0.04326526168733835,0.07197502441704272,0.08219948627054689,0.08822648972272873,64,
b6bba53a1bef520e,V1_candidate_KNN,0.35867190360053336,0.37887911876937497,0.46567518547566755,0.5252903407908511,0.6238156316392318,1.1948548253849416,1.2826689726962563,1.3534511031685443,128,1.0
b6bba53a1bef520e,V2_IL_Q_to_R_KNN,0.018084926530718803,0.021721404697746038,0.025965106673538685,0.0299438638612628,0.03690955601632595,0.04734842032194137,0.05860064998269083,0.12060081958770752,128,
b6bba53a1bef520e,V2_candidate_KNN,0.018306441041411443,0.02657854442351678,0.19206179881746455,0.39317860097018575,0.5153470316068999,1.0031237172796437,1.2346830783939258,1.3209179682046401,192,
b6bba53a1bef520e,V2_Q_mahalanobis,1.5443489796793965,1.8983897705457549,2.343113102376229,2.650329638891213,3.092265493618582,3.518913739610749,3.912588092506163,4.318081418005042,128,
7b840b044a6a5e8d,V1_IL_self_KNN,0.02562829852104187,0.026843431312590836,0.03133678110316396,0.03564240597188473,0.04138406552374363,0.049127731472253786,0.05894206579774616,0.0635276511311531,64,
7b840b044a6a5e8d,V1_candidate_KNN,0.12333593620432,0.13731026528746343,0.17212471766009452,0.21252126589404102,0.7588403326986604,0.9684528240574094,1.4927845939148494,2.0699330393502526,128,1.0
7b840b044a6a5e8d,V2_IL_Q_to_R_KNN,0.020473215728998184,0.023848088830709456,0.027730548288673162,0.030572066083550453,0.034372393041849136,0.04383802171796558,0.05290829349309207,0.056383706629276276,128,
7b840b044a6a5e8d,V2_candidate_KNN,0.022158526439861093,0.02946522209995165,0.13098597399489192,0.18657186425994088,0.5966636615883572,0.9181204937957184,1.6093769465423056,2.007470210731392,192,
7b840b044a6a5e8d,V2_Q_mahalanobis,1.8399569966457743,2.1603237751251365,2.5403369891778436,2.9185528555274063,3.292393362682023,4.00760330106056,4.344824799193974,4.568472208025729,128,
22a09b0100175b62,V1_IL_self_KNN,0.03910260647535324,0.040455601550638674,0.050073026679456234,0.05923622287809849,0.0729485023766756,0.08833067864179606,0.15509313568472854,0.17168965935707092,64,
22a09b0100175b62,V1_candidate_KNN,0.20565580186912719,0.2436118879004668,0.4886210225455321,0.6658937979726168,0.8132760190844142,0.9051265509385439,0.9361803081777034,0.9380388491856639,128,1.0
22a09b0100175b62,V2_IL_Q_to_R_KNN,0.031417518854141235,0.03699830714613199,0.04161148704588413,0.048087116330862045,0.056147295981645584,0.0805325601249933,0.09056296303868294,0.09957049787044525,128,
22a09b0100175b62,V2_candidate_KNN,0.03481046423711583,0.04198431771192999,0.17440983167245794,0.4117142544388934,0.6533810801083257,0.8598552593103765,0.9090043136679458,0.9193533747316687,192,
22a09b0100175b62,V2_Q_mahalanobis,1.1655439972961912,1.7743962016524542,2.237224381595834,2.4683766748816707,2.8854032087971895,3.369711533905044,3.5805768255773645,3.9273870960622013,128,
39fd3f2e5f005306,V1_IL_self_KNN,0.010595852509140968,0.012025691522285343,0.01586708566173911,0.01856439933180809,0.022213888820260763,0.029506746586412183,0.03676390059292313,0.04471687227487564,64,
39fd3f2e5f005306,V1_candidate_KNN,0.07320410121068519,0.19079221769145743,0.23036573091225088,0.290482849142112,0.3730314484040173,0.44427027656032386,0.4630085515766325,0.46736436453891317,128,1.0
39fd3f2e5f005306,V2_IL_Q_to_R_KNN,0.010103129781782627,0.011998319951817393,0.01387178641743958,0.015215310733765364,0.018202790059149265,0.023388152010738836,0.028100268170237554,0.03902413696050644,128,
39fd3f2e5f005306,V2_candidate_KNN,0.01200162043924691,0.013919966288430199,0.08593608932805506,0.18710960410133096,0.27190251632153206,0.42927233738168175,0.4493000484158675,0.4606631059599852,192,
39fd3f2e5f005306,V2_Q_mahalanobis,1.8453279370433324,2.2570844527721694,2.6314694780406445,3.058643348316206,3.457181547392711,4.514312713095153,4.827866086531063,5.207903374507545,128,
497e7be0400158a9,V1_IL_self_KNN,0.02636772021651268,0.02756375540047884,0.031080057378858328,0.03476995602250099,0.04124747682362795,0.04997636880725622,0.08030676595866676,0.08918141573667526,64,
497e7be0400158a9,V1_candidate_KNN,0.10713469293831683,0.13588682723545786,0.19334410696197335,0.30829996950443633,0.5828507564709063,1.3432547757884323,1.5283948195820207,1.5831037127605843,128,1.0
497e7be0400158a9,V2_IL_Q_to_R_KNN,0.01945044845342636,0.023105903714895248,0.026448809541761875,0.02928317617624998,0.03686091862618923,0.04805473964661359,0.061005277894437354,0.10219516605138779,128,
497e7be0400158a9,V2_candidate_KNN,0.022909530758528925,0.028055714701767286,0.11810397038639062,0.19559123205507872,0.4209528677139394,1.2203456078402017,1.3516516686642779,1.5382096138371426,192,
497e7be0400158a9,V2_Q_mahalanobis,1.6683692673641617,1.8425183585214864,2.3711250787324856,2.706055719012728,3.063324091556502,3.559629005175891,3.788504161372826,4.038163244117239,128,
6a53dd2411825857,V1_IL_self_KNN,0.03286295384168625,0.03862415347248316,0.043837910518050194,0.052385494112968445,0.058823646046221256,0.06521410197019577,0.08313290804624555,0.08942405879497528,64,
6a53dd2411825857,V1_candidate_KNN,0.1703836229024148,0.2188876583050845,0.2574470672633018,0.328463676328518,0.5798587426477313,1.205950517883035,1.3095346992529415,1.3294030711267333,128,1.0
6a53dd2411825857,V2_IL_Q_to_R_KNN,0.026922866702079773,0.030744653567671774,0.03525403328239918,0.03975993953645229,0.045239681378006935,0.059885932877659795,0.08165132261812691,0.10484872758388519,128,
6a53dd2411825857,V2_candidate_KNN,0.030069632351181885,0.03601630496312895,0.14189316668735377,0.2563683055728013,0.4756593473943996,1.0974072952877283,1.2540159210525397,1.2979943628492578,192,
6a53dd2411825857,V2_Q_mahalanobis,1.7800852709195956,2.0827951454550475,2.5512812877175883,2.8734949238604175,3.2392528929520736,3.744672239359357,4.399309484944994,4.821312501933281,128,
fb9dcf5b46d65616,V1_IL_self_KNN,0.032888323068618774,0.03614351693540812,0.04863189533352852,0.05873892642557621,0.06940670125186443,0.09964206032454964,0.12320208042860023,0.1445142775774002,64,
fb9dcf5b46d65616,V1_candidate_KNN,0.07646287256312931,0.0861026223725248,0.09599485801092739,0.22089716075056767,0.7785945688485483,0.9504866809893832,1.0149891435844036,1.0245033830291568,128,0.578125
fb9dcf5b46d65616,V2_IL_Q_to_R_KNN,0.02523830160498619,0.03386138789355755,0.041563031263649464,0.04973222687840462,0.055982029996812344,0.07645033337175847,0.1128433173894884,0.16996094584465027,128,
fb9dcf5b46d65616,V2_candidate_KNN,0.031209353226096404,0.04332163450757338,0.07345218361103611,0.12025662157284758,0.4430971425857032,0.8478685842977922,0.9765303079630964,1.0220189091636,192,
fb9dcf5b46d65616,V2_Q_mahalanobis,1.6423123676551887,2.085162372038957,2.5110872047142863,2.8863648799619437,3.3284793192007713,3.7338928599898145,4.4300045134281545,4.626905418040046,128,
39fe00229f7b5ac4,V1_IL_self_KNN,0.039870552718639374,0.042607738822698596,0.05037649441510439,0.0632752925157547,0.07063373178243637,0.10351150520145887,0.12065784797072408,0.1263299435377121,64,
39fe00229f7b5ac4,V1_candidate_KNN,0.11087738256231194,0.15252224544988338,0.19859640925291744,0.27347477311039803,0.6652967645442842,0.7830690618163576,0.8487744179013468,0.8641389291938228,128,0.9921875
39fe00229f7b5ac4,V2_IL_Q_to_R_KNN,0.028220828622579575,0.03449800126254558,0.04162176884710789,0.0473775714635849,0.053799581713974476,0.07378632314503193,0.09552517332136634,0.1563388854265213,128,
39fe00229f7b5ac4,V2_candidate_KNN,0.030615233916696027,0.044519100438988685,0.1369325813688844,0.1982200145473092,0.40478563249936045,0.7520038445988999,0.8355863138738706,0.853585801291622,192,
39fe00229f7b5ac4,V2_Q_mahalanobis,1.5717582291799934,2.1209700195695405,2.6123328365155687,2.957613172442813,3.413628745799256,4.130176930033322,4.725822068692978,5.168299976701709,128,
63dcb963cece5b7d,V1_IL_self_KNN,0.03820003196597099,0.04095589388161898,0.04715857934206724,0.05159003660082817,0.06145430821925402,0.0904813129454851,0.10831389814615247,0.11623778194189072,64,
63dcb963cece5b7d,V1_candidate_KNN,0.24760107125995848,0.31534131835861545,0.34845987986674243,0.3732683509109681,0.7969254107616307,1.1907987321405842,1.2783092401779503,1.3765254867621395,128,1.0
63dcb963cece5b7d,V2_IL_Q_to_R_KNN,0.03068828023970127,0.035646204836666584,0.040289745666086674,0.04561739228665829,0.051915972493588924,0.06768857985734938,0.07890748180449011,0.08086027950048447,128,
63dcb963cece5b7d,V2_candidate_KNN,0.0323363354108524,0.04149991977413664,0.2012719480486862,0.31643114766600194,0.5145974863845957,1.0314618796333894,1.1843596672036987,1.324813268011295,192,
63dcb963cece5b7d,V2_Q_mahalanobis,1.9259447452105896,2.155049164996344,2.6595829360791874,3.014925816437777,3.3408208534544257,4.083329716275095,4.653237883732611,4.715198103954872,128,
88f9b4f87b6b5bd5,V1_IL_self_KNN,0.032959919422864914,0.033512987010180954,0.04057246819138527,0.04561310261487961,0.05562437046319246,0.0875442493706941,0.11231194764375678,0.133022278547287,64,
88f9b4f87b6b5bd5,V1_candidate_KNN,0.09874416149322891,0.14933494575350872,0.19379973407348586,0.25405412112837794,0.5808071462676746,1.494106672036181,1.6199734256892249,3.354490433511505,128,0.9765625
88f9b4f87b6b5bd5,V2_IL_Q_to_R_KNN,0.0252530574798584,0.029023622255772354,0.03358442708849907,0.03671712428331375,0.043406594544649124,0.06772484928369521,0.09235667578876024,0.09666144847869873,128,
88f9b4f87b6b5bd5,V2_candidate_KNN,0.025939187821513325,0.03511560727846892,0.10486300618388651,0.19266701371748585,0.46197641592078975,1.40972352335697,1.491763971738256,1.603212475831724,192,
88f9b4f87b6b5bd5,V2_Q_mahalanobis,1.011364192807339,2.100080212093999,2.522276446745594,2.862806169724456,3.135098845790437,3.6401253485878966,4.11509616762195,4.493519100970286,128,
90f5bf5743cf5df0,V1_IL_self_KNN,0.012998905964195728,0.015478102723136544,0.01701496308669448,0.0218878835439682,0.02785852737724781,0.03354232758283615,0.06746948964893806,0.0947565883398056,64,
90f5bf5743cf5df0,V1_candidate_KNN,0.07556425907686205,0.20018589432678233,0.26702913675706147,0.3017326950355685,0.41537071219610094,0.4790890071644962,0.48677440583830495,0.5141205694916589,128,0.9921875
90f5bf5743cf5df0,V2_IL_Q_to_R_KNN,0.01160602830350399,0.014131490932777524,0.015852900221943855,0.01754882000386715,0.019977874122560024,0.02759162643924355,0.03861953467130662,0.04554448276758194,128,
90f5bf5743cf5df0,V2_candidate_KNN,0.013316716865638855,0.015436679580434185,0.07729815233071126,0.22827855600639904,0.29657007371743527,0.42385943217723654,0.4646989469186983,0.49365307762361327,192,
90f5bf5743cf5df0,V2_Q_mahalanobis,1.539653028180349,2.0349326765694054,2.411882297630784,2.7529801288227715,3.0946149056285077,3.62908327884417,4.178045456039967,5.468024152637717,128,
52caccf1b3b95e4e,V1_IL_self_KNN,0.024758230894804,0.027338332030922174,0.03452257812023163,0.043392982333898544,0.04972203355282545,0.06343561112880707,0.08054293766617769,0.09407033026218414,64,
52caccf1b3b95e4e,V1_candidate_KNN,0.0705574947298003,0.10236670389010032,0.1592317476667843,0.18591010692160725,0.3855975093555033,0.7986995784290017,0.9043700867365185,0.9660414049600469,128,0.96875
52caccf1b3b95e4e,V2_IL_Q_to_R_KNN,0.025128165259957314,0.026289462484419344,0.0322042154148221,0.03582417406141758,0.04140837211161852,0.053511249460279936,0.07983870096504696,0.09283462911844254,128,
52caccf1b3b95e4e,V2_candidate_KNN,0.027115003411923355,0.033308444322386964,0.07478188453765586,0.13254197919702507,0.26858530734569724,0.6440406012503901,0.7983059085953471,0.9429054334945407,192,
52caccf1b3b95e4e,V2_Q_mahalanobis,1.4081859325097295,1.8224596460652445,2.3110417388449225,2.7301538915053243,3.113866240928353,3.5756597973785587,3.9345123160062467,4.407518838503433,128,
1b064a029c0e513a,V1_IL_self_KNN,0.02271590754389763,0.024711379315704107,0.029603164177387953,0.033795446157455444,0.0368505734950304,0.061923585459589925,0.09429322034120555,0.10611303150653839,64,
1b064a029c0e513a,V1_candidate_KNN,0.11166226973716264,0.16125129276625214,0.19357997390291884,0.2549983410146546,0.34043556953466025,0.4485570927625698,0.5516539128765672,0.58307793185151,128,1.0
1b064a029c0e513a,V2_IL_Q_to_R_KNN,0.01739581860601902,0.021609485056251286,0.025705721229314804,0.028420615009963512,0.03219524584710598,0.04666287265717979,0.05731735337525609,0.1077999696135521,128,
1b064a029c0e513a,V2_candidate_KNN,0.020715106433825178,0.02485565624790107,0.09842804792318216,0.1723746996194045,0.24925340642858837,0.39823048805763644,0.46804341070284367,0.559385112192732,192,
1b064a029c0e513a,V2_Q_mahalanobis,1.2192673237872038,1.9126594476434648,2.2987596079508346,2.620052991502911,3.0158818704272488,3.608328685664795,3.906612906753933,4.222858911873686,128,
50790f7ba9405c67,V1_IL_self_KNN,0.027820613235235214,0.030434126686304807,0.03455616347491741,0.03961080498993397,0.04987220745533705,0.08339466042816633,0.10409579947590825,0.11333994567394257,64,
50790f7ba9405c67,V1_candidate_KNN,0.16151842809455458,0.1708194000661889,0.1906508959616415,0.20547942011789966,0.23275590494991055,0.30531535684768557,0.32369993210613995,0.33359690475859133,128,1.0
50790f7ba9405c67,V2_IL_Q_to_R_KNN,0.020386064425110817,0.025900801178067923,0.03036260325461626,0.035684460774064064,0.04312843456864357,0.06094501260668038,0.08298858985304833,0.08655726909637451,128,
50790f7ba9405c67,V2_candidate_KNN,0.025622619700133596,0.030860264554849658,0.07786975051672546,0.16710569573704442,0.20297111822263106,0.26600436561155494,0.3212862891658293,0.3377459004639465,192,
50790f7ba9405c67,V2_Q_mahalanobis,1.4268597451335483,2.001835437685121,2.488320673093179,2.9769751478048905,3.469681510798834,4.078406116803533,4.495672438010953,5.130256376538834,128,
0bc3c50e1292529c,V1_IL_self_KNN,0.02379198744893074,0.026727779023349284,0.032674225978553295,0.0390289556235075,0.05341905262321234,0.07852147668600082,0.1492894510179756,0.199664905667305,64,
0bc3c50e1292529c,V1_candidate_KNN,0.051469353014906814,0.05944163015164759,0.07012811204640282,0.11903270256019213,0.3070896589080757,0.49151243896770547,0.5108635406640352,0.5308659268579927,128,0.375
0bc3c50e1292529c,V2_IL_Q_to_R_KNN,0.016019126400351524,0.019418598618358374,0.024877475574612617,0.02868102490901947,0.034186926670372486,0.061474890261888446,0.1270376206934452,0.14181670546531677,128,
0bc3c50e1292529c,V2_candidate_KNN,0.02088459599870318,0.02707497899407388,0.04911248909245598,0.07830162125736734,0.21679423576330736,0.47942893049874385,0.4885958640677828,0.505499392707659,192,
0bc3c50e1292529c,V2_Q_mahalanobis,1.2477136853300295,1.4665983300256438,1.778391288386092,2.1384415848642817,2.4883832765799303,3.023991719126056,3.6759489874809708,4.009337042497412,128,
ad906e8bb5375747,V1_IL_self_KNN,0.028253907337784767,0.030433594062924386,0.0373831782490015,0.04493829794228077,0.05229872278869152,0.08348281756043424,0.14663569211959834,0.15938100218772888,64,
ad906e8bb5375747,V1_candidate_KNN,0.11448167944083523,0.13503097990216717,0.15443545165589406,0.1762787436110526,0.36668272835594085,0.967515719102043,1.0974063452882603,1.2168445472353415,128,0.6640625
ad906e8bb5375747,V2_IL_Q_to_R_KNN,0.024144213646650314,0.029137062653899194,0.03341877739876509,0.03801330737769604,0.04656198062002659,0.0610397972166538,0.07396119624376297,0.09080015122890472,128,
ad906e8bb5375747,V2_candidate_KNN,0.02870701909445597,0.034496455570517365,0.091297683091104,0.12832626678173603,0.28400942423400577,0.7839368790165233,0.9464027296103217,1.1667111110979733,192,
ad906e8bb5375747,V2_Q_mahalanobis,1.481095804731011,1.8014138964983184,2.2613067412508485,2.6612021257769705,3.00084401634615,3.3978670035484604,4.029519736321536,4.19804073566375,128,
0a76d212e8fe5898,V1_IL_self_KNN,0.021322041749954224,0.024486037716269494,0.02936004986986518,0.03386598266661167,0.043406061828136444,0.06113379895687102,0.09220826879143709,0.1052669882774353,64,
0a76d212e8fe5898,V1_candidate_KNN,0.13726306672534838,0.17699647871127253,0.2285646561288281,0.3524677540811063,0.5530532598107196,1.0355035759452447,1.1016289082709882,1.1111346872889736,128,1.0
0a76d212e8fe5898,V2_IL_Q_to_R_KNN,0.02188127115368843,0.023593617137521505,0.02729556104168296,0.030630649998784065,0.03526374790817499,0.04942898172885178,0.06048873763531447,0.09958489239215851,128,
0a76d212e8fe5898,V2_candidate_KNN,0.024483778160198817,0.02927008452489104,0.11311642705644033,0.2087287485227648,0.3997575662807947,0.9339797367458724,0.9990301930596547,1.0725643716732853,192,
0a76d212e8fe5898,V2_Q_mahalanobis,1.4958001538939878,1.8065441361066232,2.2845546277315845,2.6937980177976577,3.061212516233853,3.4873546944998477,3.991109094470465,4.079833206854605,128,
77d96cb44005501c,V1_IL_self_KNN,0.03355612978339195,0.03698231540620327,0.043432148173451424,0.0503807682543993,0.058055538684129715,0.07635869234800337,0.09123499095439902,0.11345650255680084,64,
77d96cb44005501c,V1_candidate_KNN,0.10119697931656146,0.14090510415191163,0.18041791817298147,0.22858027122944657,0.3684613965326715,1.0249587824786957,1.085496889201369,1.2056203102886098,128,0.9921875
77d96cb44005501c,V2_IL_Q_to_R_KNN,0.026676464825868607,0.030123536195605993,0.037232521921396255,0.042392048984766006,0.048392015509307384,0.058474176377058026,0.06908066518604755,0.09500651061534882,128,
77d96cb44005501c,V2_candidate_KNN,0.02779394504894911,0.037489183763579265,0.11011263058247002,0.16912704950973878,0.2654564169030182,0.88177932109921,1.0097042610853577,1.1523653315576898,192,
77d96cb44005501c,V2_Q_mahalanobis,1.751991237254864,2.1749683097652475,2.6963880251589982,3.0519894149124687,3.47030298751347,3.9565498849275285,4.304303145802279,4.632864902176988,128,
12ed1a1d4ae657d1,V1_IL_self_KNN,0.017283866181969643,0.018759160488843917,0.021514146123081446,0.025274227373301983,0.027553902938961983,0.033442318253219125,0.048876436725258765,0.06316229701042175,64,
12ed1a1d4ae657d1,V1_candidate_KNN,0.05494809675711172,0.05834227265882854,0.09142303016765543,0.11674731796418977,0.4303830299589294,0.4803045195175951,0.5153539292709616,0.5266574564734876,128,0.8828125
12ed1a1d4ae657d1,V2_IL_Q_to_R_KNN,0.015759708359837532,0.017161681968718766,0.01962572382763028,0.021604160778224468,0.024646238423883915,0.032005430757999394,0.042532919533550755,0.06230570003390312,128,
12ed1a1d4ae657d1,V2_candidate_KNN,0.016630053237932624,0.02087694457239394,0.05129269748393474,0.09280260172768127,0.23499590159814968,0.4563354649994363,0.4774021372577769,0.5053519075455662,192,
12ed1a1d4ae657d1,V2_Q_mahalanobis,1.7372316200856484,2.19087268097492,2.546178341519864,2.8697496324876406,3.201020645188559,3.790536380486792,4.6196467701255415,5.029587336270014,128,
a3e94bd829b75673,V1_IL_self_KNN,0.03020089492201805,0.033150247484445575,0.03799759317189455,0.04584137350320816,0.053763506934046745,0.0692351534962654,0.07415296852588651,0.07973354309797287,64,
a3e94bd829b75673,V1_candidate_KNN,0.14946901556319592,0.17878252636275554,0.24563915454339197,0.2686062805079019,0.36714072280372223,0.49560338090381295,0.6558762205052578,0.7342965123636189,128,1.0
a3e94bd829b75673,V2_IL_Q_to_R_KNN,0.023464679718017578,0.02659968249499798,0.03177831042557955,0.0366958174854517,0.04330429341644049,0.06156401373445986,0.06875518523156643,0.06903893500566483,128,
a3e94bd829b75673,V2_candidate_KNN,0.021212619855317933,0.033934075114901596,0.10716993226350154,0.1867086762990116,0.24652301790997666,0.3837362006346144,0.4439440462695024,0.5920378066669274,192,
a3e94bd829b75673,V2_Q_mahalanobis,1.19972430969021,1.6968614027035709,2.022497717211713,2.400074919702627,2.947983218962009,3.4123295287112865,3.795052469295556,4.372026139294001,128,
d7d94b48775a52d4,V1_IL_self_KNN,0.048178113996982574,0.051505498215556146,0.05920014437288046,0.06719699874520302,0.07360867038369179,0.0945784222334623,0.10117419898509977,0.10521550476551056,64,
d7d94b48775a52d4,V1_candidate_KNN,0.16443399019746413,0.18406358686022348,0.20644536052299597,0.24029466157011298,0.32560410862169337,0.6289894699155099,0.6870314991229031,0.743875672119934,128,1.0
d7d94b48775a52d4,V2_IL_Q_to_R_KNN,0.03768198937177658,0.04651135113090277,0.05345966853201389,0.05845078267157078,0.06536050513386726,0.08825441785156725,0.09803714245557787,0.11491284519433975,128,
d7d94b48775a52d4,V2_candidate_KNN,0.04102476723351829,0.05545282732256314,0.1135578455788165,0.1959732463193951,0.24579622084965094,0.45930996066615776,0.5623958952111849,0.6618561816151138,192,
d7d94b48775a52d4,V2_Q_mahalanobis,1.7950132317771135,2.2620921877535167,2.6629714753419536,2.982778778184238,3.4059090446754756,3.9618520989803776,4.307352192585287,4.37034260133967,128,
7640be138ae05408,V1_IL_self_KNN,0.028014037758111954,0.029432443808764218,0.045838008634746075,0.05542614124715328,0.06218655314296484,0.09857789538800715,0.12339838437736034,0.12395069748163223,64,
7640be138ae05408,V1_candidate_KNN,0.10239778166008211,0.117384840560762,0.13929743150244048,0.18080187609350012,0.32881016190655177,0.6669485807461488,0.675308060047814,0.7229741846045616,128,0.8515625
7640be138ae05408,V2_IL_Q_to_R_KNN,0.0259675495326519,0.029045939911156893,0.03482099808752537,0.039251307025551796,0.04762961529195309,0.06862941756844515,0.08550126068294049,0.08807895332574844,128,
7640be138ae05408,V2_candidate_KNN,0.02745294098897665,0.03360751266457832,0.08021419682523698,0.13998734480326913,0.23289307942987628,0.6152441035928653,0.6695420524206208,0.7317819890728041,192,
7640be138ae05408,V2_Q_mahalanobis,1.3325836146842869,2.1026377169933883,2.586612827718827,2.847360844475752,3.246141001701096,4.242429621539439,4.500688695404246,5.207318757701303,128,
f82c33508e915106,V1_IL_self_KNN,0.05140901729464531,0.05247851815074682,0.06104096490889788,0.07064405456185341,0.07951074279844761,0.11014293432235717,0.137861553132534,0.1427178829908371,64,
f82c33508e915106,V1_candidate_KNN,0.20226938250533366,0.24476347647509436,0.2845652342284173,0.7450038509145529,0.7992866513100401,0.8650588103397026,0.8799382914506904,0.9145653369396263,128,1.0
f82c33508e915106,V2_IL_Q_to_R_KNN,0.037151992321014404,0.041310361959040164,0.0504502858966589,0.057819630950689316,0.06924092583358288,0.08762262277305126,0.1036637182533741,0.10855786502361298,128,
f82c33508e915106,V2_candidate_KNN,0.04049855829631787,0.0542827700138685,0.14172215176681785,0.2826795726958817,0.633720347764721,0.7213929515417888,0.7589992041824614,0.7754951246867483,192,
f82c33508e915106,V2_Q_mahalanobis,1.845729179302998,2.1896157245515497,2.651871797437344,3.017728887888423,3.4188860871583144,4.006519249951721,4.267911132000767,5.034446662508619,128,
3138ce4847ee5007,V1_IL_self_KNN,0.026977960020303726,0.029130073450505733,0.03751804679632187,0.04215863533318043,0.05008520372211933,0.057899730838835234,0.07372647002339358,0.08531604707241058,64,
3138ce4847ee5007,V1_candidate_KNN,0.7170644723134986,0.7434608891215929,0.8091150364533795,0.8832221576739434,0.9563192244781823,1.4569673627709183,1.563708995079541,1.6550456808625427,128,1.0
3138ce4847ee5007,V2_IL_Q_to_R_KNN,0.021695390343666077,0.02476684395223856,0.028244085144251585,0.032978421077132225,0.03745678160339594,0.0495336243882775,0.06762998804450035,0.08192962408065796,128,
3138ce4847ee5007,V2_candidate_KNN,0.021315458687702432,0.029872242364162454,0.31415756876891826,0.737550953071926,0.8453757299004354,1.3440658026743686,1.4993809506283944,1.652798245039362,192,
3138ce4847ee5007,V2_Q_mahalanobis,1.5560268353244127,1.8880824278590882,2.3730268905097915,2.715905952607313,3.218297733107484,3.6848918004787765,3.931764562119986,4.1038890954299525,128,
25822d3d04305af8,V1_IL_self_KNN,0.036400340497493744,0.03920061495155096,0.042206753976643085,0.04825582168996334,0.05684216972440481,0.09774742685258375,0.11989430926740162,0.13981632888317108,64,
25822d3d04305af8,V1_candidate_KNN,0.17190472201441692,0.23690955995663238,0.2796823510524422,0.35164180984832333,0.40248723224325095,0.5581007820966398,0.6060436419561688,0.6326897458916314,128,1.0
25822d3d04305af8,V2_IL_Q_to_R_KNN,0.024594280868768692,0.03232672195881605,0.03749238792806864,0.043549567461013794,0.04850993026047945,0.0694756992161274,0.08628249451518062,0.09990209341049194,128,
25822d3d04305af8,V2_candidate_KNN,0.03232378585248739,0.038523521772138615,0.12845467185871332,0.2604353490645535,0.35578405692563975,0.4694711313955789,0.5795929796234457,0.6080876777556619,192,
25822d3d04305af8,V2_Q_mahalanobis,2.0827333718231955,2.446077680739327,2.8850520581611847,3.1883057052707544,3.675268970402469,4.433272933775796,5.038592759373734,5.143403697349523,128,
ba642ba3c9a65fe7,V1_IL_self_KNN,0.03870393708348274,0.043909783102571966,0.04829622991383076,0.05362772382795811,0.0621877983212471,0.08606817685067654,0.09532344341278076,0.09702168405056,64,
ba642ba3c9a65fe7,V1_candidate_KNN,0.08623579006553839,0.12927008229610318,0.1727411751081008,0.1937377288307145,0.2319850144242988,0.6372996494613319,0.7942587899010533,0.8418419939771866,128,0.9765625
ba642ba3c9a65fe7,V2_IL_Q_to_R_KNN,0.03357856720685959,0.03853264041244984,0.04367735330015421,0.04805472865700722,0.055351823568344116,0.07940650135278701,0.08990236870944501,0.11354465782642365,128,
ba642ba3c9a65fe7,V2_candidate_KNN,0.029603631841264178,0.04362996408754786,0.08590069088814509,0.14031807026755616,0.1784926710418,0.5529945514003152,0.6763091908908072,0.7719919314718968,192,
ba642ba3c9a65fe7,V2_Q_mahalanobis,1.5289664996283536,1.9275131062917599,2.492003333680977,2.8141426354064105,3.1474765924591415,3.650829774054043,4.003776940688425,4.319733027347491,128,
e34f51206f0e53db,V1_IL_self_KNN,0.023313261568546295,0.025723956152796747,0.030671014916151762,0.037527671083807945,0.043004123494029045,0.0541031867265701,0.08376826114952556,0.10603801161050797,64,
e34f51206f0e53db,V1_candidate_KNN,0.11226253575801129,0.12190253471964944,0.192935238798037,0.250059899837114,0.27618146693123447,0.32409963361899324,0.37566424196240705,0.4229933235787867,128,1.0
e34f51206f0e53db,V2_IL_Q_to_R_KNN,0.0190520491451025,0.02255190974101424,0.02539018727838993,0.02936195582151413,0.036088086664676666,0.053142110444605345,0.06772594980895524,0.09162501245737076,128,
e34f51206f0e53db,V2_candidate_KNN,0.021948411852588966,0.029048747820494516,0.0839527149423839,0.17453566291527978,0.2610370195827525,0.31517453061178996,0.39972024310549403,0.44219779297573203,192,
e34f51206f0e53db,V2_Q_mahalanobis,1.5979564568639677,1.9880945797940441,2.5134551843029254,2.7858358792216484,3.2195243423693602,4.140658825952871,5.725372035349053,6.405274549248381,128,
5da31ca5ce165787,V1_IL_self_KNN,0.031495533883571625,0.035458111017942426,0.04019324108958244,0.045452892780303955,0.05193521548062563,0.08093462102115152,0.11364764608442779,0.12481625378131866,64,
5da31ca5ce165787,V1_candidate_KNN,0.06678914732283577,0.09257587466323514,0.13597023177710543,0.20440226659830807,0.237114727506954,0.29120583205763534,0.3207422226617906,0.36275510189946925,128,0.78125
5da31ca5ce165787,V2_IL_Q_to_R_KNN,0.029029274359345436,0.03249203450977802,0.03637710679322481,0.039459941908717155,0.04382380377501249,0.05664700586348772,0.06868860930204393,0.07216666638851166,128,
5da31ca5ce165787,V2_candidate_KNN,0.029879227445406175,0.03624792985348635,0.07586350807206706,0.11224527564131773,0.17081269746952818,0.22971179928879207,0.25514804837329186,0.2777093913986516,192,
5da31ca5ce165787,V2_Q_mahalanobis,2.3304419936993885,2.5456999519933627,2.9433225404879595,3.1423918185408466,3.4646006382375054,4.102458316423043,4.551559036417912,4.706021162539975,128,
9a90853892925989,V1_IL_self_KNN,0.02316410467028618,0.02751356512308121,0.03204260300844908,0.035284750163555145,0.04074816033244133,0.05461148750036953,0.09279042124748223,0.11073927581310272,64,
9a90853892925989,V1_candidate_KNN,0.04410462749203827,0.048748927916756654,0.06514281805391864,0.08005702208617686,0.2559151544126289,0.41426309006836276,0.43737296638713163,0.4541316076472631,128,0.40625
9a90853892925989,V2_IL_Q_to_R_KNN,0.017052846029400826,0.021334366872906685,0.027121612802147865,0.031174995005130768,0.038368187844753265,0.051199962198734274,0.07113436881452805,0.08228158950805664,128,
9a90853892925989,V2_candidate_KNN,0.020244893969146815,0.027117280108481162,0.03946068018791746,0.056237283866037976,0.16191870987402923,0.3871210545953005,0.41414536845774597,0.43171980064247784,192,
9a90853892925989,V2_Q_mahalanobis,1.4397333869368785,1.8068557796274718,2.1446455742711485,2.5560843817338625,2.984063101851781,3.6301300083221975,4.031638936799256,4.213917500885867,128,
09c3d9dbca6455e5,V1_IL_self_KNN,0.019107842817902565,0.021852986980229618,0.03002223465591669,0.03649608790874481,0.042092195712029934,0.06040578819811344,0.10722754180431342,0.16629604995250702,64,
09c3d9dbca6455e5,V1_candidate_KNN,0.04154316857612909,0.05418032798421196,0.06456391961625658,0.22868767328093376,0.3833887691052381,0.5109094428999874,0.5525628053644217,0.5786125516963958,128,0.5703125
09c3d9dbca6455e5,V2_IL_Q_to_R_KNN,0.017331285402178764,0.019029693864285945,0.02267352119088173,0.025998283177614212,0.030285723507404327,0.04727036338299513,0.05659667480736971,0.06275611370801926,128,
09c3d9dbca6455e5,V2_candidate_KNN,0.01850321434391042,0.023723191310797753,0.04566053875352253,0.10423501271241611,0.22623313873170214,0.46390831692513346,0.5252665655332065,0.5394244962781395,192,
09c3d9dbca6455e5,V2_Q_mahalanobis,0.9389005472279222,1.2869847208047283,1.6017264279515533,1.9169299641943947,2.2559253996977717,2.7548876091740104,3.0923427662162233,3.5529951458884765,128,
42231e5449d3576a,V1_IL_self_KNN,0.03444830700755119,0.03801642060279846,0.04425548389554024,0.05194605328142643,0.06460287235677242,0.08071890473365781,0.08767795763909816,0.08934696018695831,64,
42231e5449d3576a,V1_candidate_KNN,0.21543481681109533,0.27207035602463503,0.31886095911036677,0.38900319815707185,0.45214231121997084,0.5810483914489324,0.9563739306019557,1.1638581874667828,128,1.0
42231e5449d3576a,V2_IL_Q_to_R_KNN,0.028919687494635582,0.03389832116663456,0.03949575126171112,0.043530648574233055,0.04806908965110779,0.06675432696938512,0.07348732225596906,0.09213066101074219,128,
42231e5449d3576a,V2_candidate_KNN,0.03153194374454572,0.0394620690177657,0.14519033446445806,0.3030205031658383,0.3818991474847861,0.4988776530275952,0.6218280295024782,0.9846653077170379,192,
42231e5449d3576a,V2_Q_mahalanobis,1.523060957632205,1.9524421643797185,2.539328069159393,2.8698585312306353,3.2226241110904525,3.867573796805782,4.862721635942832,4.965324760592712,128,
bf78c475adfb5eb1,V1_IL_self_KNN,0.019981971010565758,0.024975000973790885,0.032470135018229485,0.036177342757582664,0.0443839393556118,0.07481807619333267,0.0970074092596769,0.10598776489496231,64,
bf78c475adfb5eb1,V1_candidate_KNN,0.07912678416799226,0.12355690177802243,0.18086934131921545,0.22377655497044624,0.29457906675892764,0.4771426150241538,0.5229010790594448,0.5998736053129902,128,0.9921875
bf78c475adfb5eb1,V2_IL_Q_to_R_KNN,0.017082717269659042,0.02274729423224926,0.02702726610004902,0.03201610408723354,0.03843520022928715,0.0665119461715221,0.09540570259094246,0.10386083275079727,128,
bf78c475adfb5eb1,V2_candidate_KNN,0.019762584467238088,0.02654788899987982,0.0638393676875543,0.13299855005242806,0.19977807522262545,0.3948047980352178,0.48329679800713105,0.5069467211168446,192,
bf78c475adfb5eb1,V2_Q_mahalanobis,0.883555439936849,1.3688718555106256,1.959758403214578,2.3644746943348407,2.7715949864216207,3.677898420523774,4.380132905210304,5.4617548242318374,128,
2fbab9ffc3fe5a5d,V1_IL_self_KNN,0.03381134942173958,0.034574860148131846,0.03938350174576044,0.04604700952768326,0.05548534356057644,0.07835776060819623,0.0998816569894552,0.10605038702487946,64,
2fbab9ffc3fe5a5d,V1_candidate_KNN,0.09136594383712375,0.1207402478757359,0.19011385991308744,0.24668605589920545,0.49579341931116894,0.6242665167830134,0.6868629062235858,0.7344048490722593,128,0.96875
2fbab9ffc3fe5a5d,V2_IL_Q_to_R_KNN,0.02713746204972267,0.031151550821959972,0.035933226346969604,0.03874373994767666,0.042300344444811344,0.05591711979359387,0.06953320369124415,0.07333416491746902,128,
2fbab9ffc3fe5a5d,V2_candidate_KNN,0.031660335877739185,0.03579695810862069,0.10791018323751012,0.20032541504799461,0.29976553715463683,0.5591806969301811,0.6088881351595582,0.6981300284374402,192,
2fbab9ffc3fe5a5d,V2_Q_mahalanobis,1.907198530198808,2.343210978263982,2.8164227036263494,3.1152527298086037,3.478416396960541,4.071444275596837,4.564460069708252,5.211883541008433,128,
7fe6e7ce9cb7559d,V1_IL_self_KNN,0.034058231860399246,0.037526354938745496,0.04394714906811714,0.05049108900129795,0.058271258138120174,0.07676389664411541,0.11115906536579115,0.15491509437561035,64,
7fe6e7ce9cb7559d,V1_candidate_KNN,0.0488448815533762,0.07532887424783508,0.14686602148234987,0.1955948218652178,0.2863103732420959,0.46641248906761085,0.530043081965711,0.5557928370554966,128,0.7109375
7fe6e7ce9cb7559d,V2_IL_Q_to_R_KNN,0.026400357484817505,0.030659479647874834,0.03671405464410782,0.04094215855002403,0.04593295976519585,0.06510706562548872,0.0822681070864201,0.09583215415477753,128,
7fe6e7ce9cb7559d,V2_candidate_KNN,0.029916542680905666,0.03663706351404485,0.07320048659153527,0.1323622497129569,0.20552166288474213,0.3482838823759849,0.44993392095348783,0.5015756934025456,192,
7fe6e7ce9cb7559d,V2_Q_mahalanobis,1.3640310087664065,2.150610543943824,2.741424927720524,3.1039234180383355,3.5123773705135855,4.046422965866529,4.3842554278960435,4.577876728513021,128,
ebb4d3e033ae55e2,V1_IL_self_KNN,0.024407517164945602,0.026193765550851823,0.03445482440292835,0.038062933832407,0.042058104649186134,0.053671312890946864,0.05754633985459802,0.06347857415676117,64,
ebb4d3e033ae55e2,V1_candidate_KNN,0.04783937408305422,0.05235898862161208,0.060988339618036264,0.10231250371316437,0.2755688674082234,0.5432041931142004,0.6020882818017969,0.6234716380997519,128,0.6953125
ebb4d3e033ae55e2,V2_IL_Q_to_R_KNN,0.02495349571108818,0.026790615823119878,0.029690193012356758,0.03195466101169586,0.036327650770545006,0.04218234922736882,0.04727893084287644,0.047922395169734955,128,
ebb4d3e033ae55e2,V2_candidate_KNN,0.026304124544762175,0.03050591630779651,0.04702241322867841,0.07191885328591632,0.20948644401606414,0.5011988265045495,0.5898503477055463,0.6137993628433096,192,
ebb4d3e033ae55e2,V2_Q_mahalanobis,2.3976074459786547,2.7148467199085795,3.0976508059482013,3.385008535339792,3.7376725707075416,4.129786292020854,4.802945637069904,5.335138094011898,128,
f1d60841a46d53a5,V1_IL_self_KNN,0.035737425088882446,0.038007366470992565,0.042348356917500496,0.04697534628212452,0.053375424817204475,0.06683077104389666,0.08602325253188606,0.09757214784622192,64,
f1d60841a46d53a5,V1_candidate_KNN,0.07476590647665311,0.0840959459086409,0.10621229089489416,0.1308314208276479,0.6965671537099227,0.7900237822677001,1.1248046090288262,2.1891743086656614,128,0.8359375
f1d60841a46d53a5,V2_IL_Q_to_R_KNN,0.02590653859078884,0.031314355321228504,0.03643520548939705,0.0407190453261137,0.046186527237296104,0.07107630744576453,0.09308783151209356,0.13050606846809387,128,
f1d60841a46d53a5,V2_candidate_KNN,0.030959250483214816,0.03884213710729715,0.06731972619523685,0.1091708363703835,0.48685345325863755,0.7670176032742827,1.3611450701578134,2.163241188994457,192,
f1d60841a46d53a5,V2_Q_mahalanobis,1.6778774230116795,2.0500292234875954,2.5912447546878274,2.9305932952982876,3.319140401156251,4.020593923138912,4.545894764414328,5.014948749010723,128,
8419b5d5eab75027,V1_IL_self_KNN,0.02627822756767273,0.02866776566952467,0.03496958687901497,0.03857707418501377,0.04535791091620922,0.06786057762801648,0.08131623737514018,0.0842137560248375,64,
8419b5d5eab75027,V1_candidate_KNN,0.07537012313229643,0.10328294938783722,0.1480867889814775,0.18531247373707932,0.3917872221227699,0.6069019176358799,0.6931636918449297,0.7551595887917399,128,0.96875
8419b5d5eab75027,V2_IL_Q_to_R_KNN,0.019016196951270103,0.024675719998776914,0.029180051758885384,0.03216762840747833,0.03821892291307449,0.05554108116775751,0.06909709937870503,0.07654649019241333,128,
8419b5d5eab75027,V2_candidate_KNN,0.025292110849717542,0.030070659774807242,0.0853273926641492,0.14553995067402126,0.25187396146524754,0.5105054823053295,0.6196180228498672,0.713375340284539,192,
8419b5d5eab75027,V2_Q_mahalanobis,1.5337962543269434,1.9198779634050334,2.417126863751487,2.8091839001582963,3.199507081786485,3.8833296918241937,4.336131264846743,4.598672104565333,128,
9c16cb6c4f94521c,V1_IL_self_KNN,0.020219704136252403,0.023168729059398173,0.026370949111878872,0.03020963817834854,0.03519862983375788,0.05459038484841581,0.08496891140937801,0.09497131407260895,64,
9c16cb6c4f94521c,V1_candidate_KNN,0.2045520398873796,0.22712120953975604,0.42040012632024687,0.536622201460622,0.6787942326199662,0.7946589714622803,0.8188936031028813,0.8227175350124993,128,1.0
9c16cb6c4f94521c,V2_IL_Q_to_R_KNN,0.01704321801662445,0.01954328827559948,0.023113220930099487,0.0265515074133873,0.030067855957895517,0.05258627086877817,0.08338824011385446,0.13606199622154236,128,
9c16cb6c4f94521c,V2_candidate_KNN,0.02045118475590172,0.02493992330846221,0.1574110503729558,0.36105132667465023,0.4996298480035413,0.749206842677647,0.8062583620327526,0.813626351887747,192,
9c16cb6c4f94521c,V2_Q_mahalanobis,1.3873592014319742,1.9319405290939844,2.3873046106799225,2.685729524952535,3.0340139691451884,3.600760282329778,3.8833168782314997,4.250901267109009,128,
35e2f788f41851c0,V1_IL_self_KNN,0.043837402015924454,0.045467400923371315,0.051855744794011116,0.05845990963280201,0.06832503154873848,0.08436165973544119,0.12543020084500306,0.14055868983268738,64,
35e2f788f41851c0,V1_candidate_KNN,0.08536560780503208,0.11846781313119639,0.1439830896258021,0.22305276861315476,1.2507730719602068,1.4746409380624006,1.5275567244590649,1.561138943726449,128,0.765625
35e2f788f41851c0,V2_IL_Q_to_R_KNN,0.03175744414329529,0.03502540681511164,0.04157174751162529,0.04929812066257,0.059839993715286255,0.08301609456539151,0.10686614543199544,0.14183056354522705,128,
35e2f788f41851c0,V2_candidate_KNN,0.032461694114903634,0.04369262697403693,0.09104822796973451,0.1554765067324818,0.7075361367012003,1.332577372732911,1.4714530665596428,1.5384077608176518,192,
35e2f788f41851c0,V2_Q_mahalanobis,2.0076512903810166,2.2024527383024517,2.5869784881614786,3.0169209498258187,3.388916207018402,3.868401444827246,4.0467852093277035,4.249866116687496,128,
54d3068f889b58ee,V1_IL_self_KNN,0.026491153985261917,0.03079580357298255,0.03507175296545029,0.039788343012332916,0.04882787819951773,0.06393465027213094,0.06830118805170059,0.06840090453624725,64,
54d3068f889b58ee,V1_candidate_KNN,0.09351004575698321,0.11963420320061205,0.1429174264172696,0.17493951744703284,0.6843444970528716,0.7830471069374122,0.8556303454097417,0.937957284080186,128,1.0
54d3068f889b58ee,V2_IL_Q_to_R_KNN,0.020566217601299286,0.023548022750765084,0.028432596009224653,0.03216497786343098,0.037811167538166046,0.05441189147531986,0.07780321143567565,0.0876559317111969,128,
54d3068f889b58ee,V2_candidate_KNN,0.019593836690465202,0.03144081070404856,0.08475254735836814,0.14654438877606152,0.4588473221950683,0.7340398353803916,0.8236430130668505,0.9116813839160594,192,
54d3068f889b58ee,V2_Q_mahalanobis,1.1544198673471098,1.76234203479095,2.149954563349675,2.438677754583062,2.742886454488749,3.3265946852753885,4.246748096185403,4.496971376446873,128,
e1ee982450c85213,V1_IL_self_KNN,0.034005023539066315,0.04101113844662905,0.04765702225267887,0.0535002276301384,0.0680522471666336,0.11497437059879288,0.16089102685451487,0.21365375816822052,64,
e1ee982450c85213,V1_candidate_KNN,0.10621073652427535,0.1366264851005059,0.17843913574734885,0.23476464707706685,0.37302137505823724,0.4725450125451246,0.5752849586416554,0.5964972163109497,128,0.578125
e1ee982450c85213,V2_IL_Q_to_R_KNN,0.02670842409133911,0.028939740173518656,0.03557268716394901,0.04348725639283657,0.0525025287643075,0.08713956139981746,0.15689188167452825,0.16573290526866913,128,
e1ee982450c85213,V2_candidate_KNN,0.028565965128035033,0.03891939133736314,0.10439633784430247,0.17023130029593975,0.2708910857572029,0.47113802783316283,0.5494000304816401,0.6171465827878719,192,
e1ee982450c85213,V2_Q_mahalanobis,1.3472140038531808,1.7993357905995495,2.304463219554138,2.798738218023585,3.2599525804988367,3.722605742739433,4.408525466220417,4.539298254399281,128,
4a8b4dff75c15a8a,V1_IL_self_KNN,0.029740771278738976,0.030929782520979644,0.03681327309459448,0.041573548689484596,0.046541422605514526,0.0694812480360269,0.09515041694045065,0.1009707823395729,64,
4a8b4dff75c15a8a,V1_candidate_KNN,0.06520040558832932,0.06946093103155482,0.09257775480649487,0.15107287579306125,0.5718129282565355,0.8352352415370478,0.8758584077172553,0.9055212628025643,128,0.65625
4a8b4dff75c15a8a,V2_IL_Q_to_R_KNN,0.025658220052719116,0.029781922046095134,0.035296350717544556,0.03926505893468857,0.04847113974392414,0.06286761760711669,0.07072744093835355,0.12623220682144165,128,
4a8b4dff75c15a8a,V2_candidate_KNN,0.025486469752375136,0.03349502373381631,0.05954202071547398,0.0962027743040996,0.34323814773489,0.7777139586374473,0.8533998851112709,0.8697373789507925,192,
4a8b4dff75c15a8a,V2_Q_mahalanobis,1.1460722938169667,2.0919611222589247,2.6497931170375613,3.041364466831296,3.3678268334434454,4.026418103838566,4.457562928962188,4.662904802912461,128,
1819e1b106b354ad,V1_IL_self_KNN,0.03645757585763931,0.039782022126019,0.04430954623967409,0.050172511488199234,0.05770656932145357,0.08639970272779464,0.09468150496482848,0.09745700657367706,64,
1819e1b106b354ad,V1_candidate_KNN,0.06762745279321722,0.07089412726858585,0.1274566168251142,0.17499796585067293,0.8898037446610148,1.0053155068409902,1.098211729077522,1.1066396763821087,128,0.7890625
1819e1b106b354ad,V2_IL_Q_to_R_KNN,0.028103869408369064,0.03466110955923796,0.038865864276885986,0.04293755069375038,0.04689278732985258,0.059269708208739745,0.07999479919672015,0.09237968921661377,128,
1819e1b106b354ad,V2_candidate_KNN,0.03449173989343241,0.040845676582645304,0.06852158631673973,0.1289006041717543,0.4574104464905848,0.9217062089116668,0.9887015138028109,1.0573934339256368,192,
1819e1b106b354ad,V2_Q_mahalanobis,2.1311774819885034,2.304045153926532,2.764254720399143,3.02223973140242,3.4410392121835907,3.9739486832710322,4.240533421700766,4.354689667671322,128,
4ecdbea836725622,V1_IL_self_KNN,0.02173086814582348,0.023750085942447187,0.028087838552892208,0.03158404678106308,0.037188357673585415,0.06127379350364202,0.09219151623547069,0.11258169263601303,64,
4ecdbea836725622,V1_candidate_KNN,0.09302507909650762,0.0992709951119669,0.12223501942652723,0.1522801578236464,0.6381198150006672,0.7868322885171407,0.8798280119164547,0.9556520387431233,128,0.8125
4ecdbea836725622,V2_IL_Q_to_R_KNN,0.015464480035007,0.01987363360822201,0.024627762380987406,0.0274340882897377,0.03201529290527105,0.04239056464284657,0.06357482656836515,0.06997394561767578,128,
4ecdbea836725622,V2_candidate_KNN,0.018931429098042768,0.024195381219587187,0.07253412726575278,0.11994430497658286,0.3594696668709274,0.6971790373644373,0.8395863343337222,0.9169572381023089,192,
4ecdbea836725622,V2_Q_mahalanobis,1.397754099260458,1.6042177992161721,2.0089009004122476,2.467039842040246,2.8065081557027405,3.181969961652128,3.5953838875884903,4.4702999234305425,128,
b9bcc9d0efaf5c7e,V1_IL_self_KNN,0.009459626860916615,0.010994069837033748,0.012527930783107877,0.013816941529512405,0.01622227905318141,0.029570952150970695,0.040462075248360596,0.050208479166030884,64,
b9bcc9d0efaf5c7e,V1_candidate_KNN,0.07733631841473007,0.13358184838400533,0.17245036491284932,0.2591527444803025,0.3333662933962608,0.42328629809883406,0.4485776118400321,0.4611986873979047,128,1.0
b9bcc9d0efaf5c7e,V2_IL_Q_to_R_KNN,0.009332230314612389,0.010200973134487867,0.011357544688507915,0.012542806565761566,0.01505042682401836,0.019805848505347955,0.02162529103457928,0.02378854528069496,128,
b9bcc9d0efaf5c7e,V2_candidate_KNN,0.009782693260276183,0.01232432903535886,0.07684419041569976,0.14524006647840465,0.24199423207148502,0.39458831186620036,0.4289577111488719,0.4404021957242934,192,
b9bcc9d0efaf5c7e,V2_Q_mahalanobis,1.8735557967180394,2.045226851174983,2.4963551302290243,2.8513463782351387,3.2797032382194513,4.137353841725142,4.427667143102032,4.557943819027688,128,
253b856b49ef52d2,V1_IL_self_KNN,0.015449250116944313,0.016327349375933407,0.019015850499272346,0.022046281024813652,0.023887526709586382,0.043828675337135775,0.058319151476025524,0.07309155911207199,64,
253b856b49ef52d2,V1_candidate_KNN,0.028504906043222856,0.03208728066543465,0.05876075027336465,0.08189964346408163,0.28232165902322576,0.5366131021435487,0.618248766091635,0.6944120149012991,128,0.546875
253b856b49ef52d2,V2_IL_Q_to_R_KNN,0.012396849691867828,0.013057582918554545,0.015509704127907753,0.01786696817725897,0.020606961101293564,0.028467433899641025,0.03377244103699924,0.03844781965017319,128,
253b856b49ef52d2,V2_candidate_KNN,0.012444532849790378,0.015741683373224177,0.03062667135739373,0.06526011756219144,0.20934031463239722,0.499970892469248,0.57804282322064,0.6535115397837512,192,
253b856b49ef52d2,V2_Q_mahalanobis,1.1270766570154647,1.6634312595315934,2.1736326220805235,2.589125245375577,2.904006032214106,3.471393394724432,3.9234609485983785,4.211461372938915,128,
68e39232887c5e4a,V1_IL_self_KNN,0.042132217437028885,0.04340287260711193,0.04868844896554947,0.05767548270523548,0.07527681067585945,0.09628464579582213,0.1025674559175968,0.10447490215301514,64,
68e39232887c5e4a,V1_candidate_KNN,0.22194525555980854,0.28952821846951615,0.37101959321317685,0.4161244049501119,0.4852692286393937,0.5546575073575158,0.6936743633626622,1.2009847025829148,128,1.0
68e39232887c5e4a,V2_IL_Q_to_R_KNN,0.0340445451438427,0.03705397695302963,0.042459120973944664,0.04909646324813366,0.05870082601904869,0.08151324093341827,0.10435490936040885,0.12029390037059784,128,
68e39232887c5e4a,V2_candidate_KNN,0.03445554051995993,0.04391375932501084,0.17659270496222265,0.33380336002007216,0.4193536614137948,0.5139051442140575,0.758941473925882,1.2146921724301285,192,
68e39232887c5e4a,V2_Q_mahalanobis,1.4467959039533074,1.8161786042562027,2.201219520563623,2.5434234398357436,2.983283893588927,3.5041721426473194,3.99508423176765,4.222412529341691,128,
2e2bb8bb71265998,V1_IL_self_KNN,0.029727930203080177,0.0313075453042984,0.0350900087505579,0.03800877183675766,0.04341187048703432,0.05981788691133258,0.07724742799997325,0.09051578491926193,64,
2e2bb8bb71265998,V1_candidate_KNN,0.11152192302662675,0.12123660021427528,0.14056399988669332,0.9319662748857757,1.7650270321125179,6.446081135539736,6.686633346218574,6.742981410890815,128,1.0
2e2bb8bb71265998,V2_IL_Q_to_R_KNN,0.02223922125995159,0.025001615192741154,0.02892899699509144,0.0328007061034441,0.03772050607949495,0.0589584931731224,0.09024554282426836,0.10206522792577744,128,
2e2bb8bb71265998,V2_candidate_KNN,0.021701102277613515,0.029154104510975602,0.1268606378712493,0.2467861898856368,1.3361447358261664,6.082941632430045,6.439470971459711,6.595057394297537,192,
2e2bb8bb71265998,V2_Q_mahalanobis,1.5856820505791764,1.807452237270101,2.20316525300052,2.6049991296105315,3.034375989193782,3.4966732783661176,3.7563237850309523,4.134119418287564,128,
e34a1f5fb71c54da,V1_IL_self_KNN,0.03107098862528801,0.03209254182875156,0.0394018217921257,0.04340100847184658,0.04959402233362198,0.0669264871627092,0.12245935291051864,0.12379417568445206,64,
e34a1f5fb71c54da,V1_candidate_KNN,0.04307062861416909,0.04724246715792813,0.06551027645195374,0.12122351763831332,0.32841438818977964,0.4568043674826297,0.5258271430378656,0.5729079530816866,128,0.4765625
e34a1f5fb71c54da,V2_IL_Q_to_R_KNN,0.028048956766724586,0.029888391494750977,0.03407695982605219,0.03870818950235844,0.04340091813355684,0.05133562199771404,0.05706159945577385,0.06206066533923149,128,
e34a1f5fb71c54da,V2_candidate_KNN,0.02991952779621059,0.03379717443696621,0.04758301922778802,0.09237035797590601,0.20682498802579294,0.34262339759865085,0.4173218143463902,0.509973980860005,192,
e34a1f5fb71c54da,V2_Q_mahalanobis,1.4461041107310115,2.0025697147610937,2.6524686471397776,2.932402427404253,3.2274062680426567,3.8904544251975257,4.181739161520742,4.3397905465534965,128,
1d10ae25c61f50c4,V1_IL_self_KNN,0.02737533487379551,0.032600500248372556,0.036477250047028065,0.041699137538671494,0.05678026657551527,0.08668435066938399,0.10813866555690764,0.1107691079378128,64,
1d10ae25c61f50c4,V1_candidate_KNN,0.06406293108930208,0.07599703341081616,0.0869830151120474,0.13138436860904634,0.23842266399692408,0.512264526343593,0.5445945820412363,0.5587306145640423,128,0.6015625
1d10ae25c61f50c4,V2_IL_Q_to_R_KNN,0.026203462854027748,0.03048868728801608,0.03545798920094967,0.04000367969274521,0.04677909333258867,0.06801397502422328,0.08737890958786014,0.09356467425823212,128,
1d10ae25c61f50c4,V2_candidate_KNN,0.02722411490814052,0.03515750882070724,0.06478592439925088,0.09164064802181075,0.18454587331436398,0.47045875028865847,0.5347369655764952,0.5490699306644051,192,
1d10ae25c61f50c4,V2_Q_mahalanobis,1.6196806382787945,1.9530920439432264,2.486921909313286,2.8281413068540875,3.195414175146024,3.801241294034265,4.003022248980403,4.575121159179277,128,
2af1778054cf51a4,V1_IL_self_KNN,0.03714442253112793,0.039892499707639216,0.047418748028576374,0.055432284250855446,0.06437920406460762,0.0882784206420183,0.13202934041619277,0.19279110431671143,64,
2af1778054cf51a4,V1_candidate_KNN,0.1936007295984276,0.24951963873789962,0.34912599295089264,0.413078860063085,1.0726747022357077,1.8271652336122546,1.9281715634436956,1.9499234755796528,128,1.0
2af1778054cf51a4,V2_IL_Q_to_R_KNN,0.031466685235500336,0.03619723413139582,0.04256186820566654,0.04912214353680611,0.061510597355663776,0.08814083263278004,0.11600706674158578,0.12285055965185165,128,
2af1778054cf51a4,V2_candidate_KNN,0.03335960520305699,0.0463986732876363,0.1758278730293139,0.33204477633344254,0.7271898075267553,1.5934328482563669,1.8549326946792684,1.877460667362427,192,
2af1778054cf51a4,V2_Q_mahalanobis,1.779288969005138,2.1241284194120245,2.471254261200224,2.898661696644408,3.2981343226598168,3.756321489245078,3.9136570528687584,3.9466780804856088,128,
0f276bab4fa85df0,V1_IL_self_KNN,0.028646331280469894,0.03104553874582052,0.037313831970095634,0.04092428460717201,0.05148572660982609,0.06228159498423337,0.08258887328207491,0.08573652803897858,64,
0f276bab4fa85df0,V1_candidate_KNN,0.1590519434981225,0.2766677996207335,0.4955639291647419,0.6180493793981958,0.6891817366831798,0.9538273253127403,0.9911614346738347,1.0195132443375634,128,1.0
0f276bab4fa85df0,V2_IL_Q_to_R_KNN,0.02305181324481964,0.026076076738536357,0.03036972787231207,0.034259647130966187,0.04187280684709549,0.05521344877779482,0.06473045825958254,0.09534019976854324,128,
0f276bab4fa85df0,V2_candidate_KNN,0.023171033740968225,0.03576688301853444,0.1727003361486575,0.3729211280227692,0.6217020805629392,0.8796035982907071,0.9581470521247056,0.9988907831544166,192,
0f276bab4fa85df0,V2_Q_mahalanobis,1.2816943646310577,1.7306309537754345,2.1978365795648696,2.5067050465866867,2.8155809322123124,3.3759693920155724,3.9565867228962968,4.134048245394953,128,
6cc16446dbe45353,V1_IL_self_KNN,0.03562365844845772,0.03756503760814667,0.04275787714868784,0.04921715706586838,0.056239211931824684,0.0856857668608427,0.10042516477406022,0.10975556075572968,64,
6cc16446dbe45353,V1_candidate_KNN,0.07480925237076315,0.09021471667975316,0.10148644333389639,0.1323600003263703,0.5034849213126337,0.5824318658915939,0.6313858100689165,0.6657164168248367,128,0.640625
6cc16446dbe45353,V2_IL_Q_to_R_KNN,0.029026508331298828,0.032617559656500816,0.03742744401097298,0.04195797070860863,0.046743450686335564,0.05910760033875703,0.07796560183167459,0.08446232974529266,128,
6cc16446dbe45353,V2_candidate_KNN,0.03381750646471067,0.040370358091547015,0.0667274630608416,0.09404619572004769,0.28534631429215723,0.5467137667429619,0.6275582821502571,0.6653773983982062,192,
6cc16446dbe45353,V2_Q_mahalanobis,1.8430928260833692,2.1800823316003894,2.7116848463789394,3.05113885638303,3.2723631277844474,3.8989271911837147,4.17931309680604,4.512569901280322,128,
26043d2de718532d,V1_IL_self_KNN,0.03667469322681427,0.039540100283920764,0.04400017485022545,0.0535310972481966,0.06394350342452526,0.0994358044117689,0.1201052189618348,0.14575603604316711,64,
26043d2de718532d,V1_candidate_KNN,0.28493275892147774,0.3487748417093122,0.3906489580239568,0.4394327891366353,0.47896251135109463,0.775600605096549,0.8629821229809378,0.8686062955712872,128,1.0
26043d2de718532d,V2_IL_Q_to_R_KNN,0.028406377881765366,0.0330219492316246,0.03940386138856411,0.04555329121649265,0.0556154390797019,0.08017944209277628,0.09971507541835309,0.1118680015206337,128,
26043d2de718532d,V2_candidate_KNN,0.029387157131454966,0.0406963817534281,0.16030792162649865,0.33742502144121833,0.4265951804711849,0.6980813770679163,0.8367138217609291,0.8539481159593963,192,
26043d2de718532d,V2_Q_mahalanobis,1.4312366465511124,1.9421344568094367,2.394571349642637,2.7737119273663833,3.269458149825161,3.8205131602652176,4.210203235461822,4.636651012084573,128,
e72eb72ebdc25a8a,V1_IL_self_KNN,0.01868801936507225,0.019836379773914815,0.02222968405112624,0.025272157043218613,0.03246825374662876,0.042707969993352884,0.06700951121747492,0.07123565673828125,64,
e72eb72ebdc25a8a,V1_candidate_KNN,0.09209620816720099,0.16051300020910242,0.18414390176677065,0.2014730561463464,0.26819428599680245,0.3832234802436943,0.40503564567494965,0.41566491499043545,128,1.0
e72eb72ebdc25a8a,V2_IL_Q_to_R_KNN,0.013847844675183296,0.015723473578691482,0.019461352843791246,0.022024817764759064,0.02500363439321518,0.03332591969519853,0.040189223438501356,0.04829985275864601,128,
e72eb72ebdc25a8a,V2_candidate_KNN,0.015441314158412725,0.018500950882559136,0.08255520943565794,0.1363904080793008,0.1913731519492868,0.30657755666771686,0.3477127207378588,0.37566365141399594,192,
e72eb72ebdc25a8a,V2_Q_mahalanobis,1.2512708221029465,1.6431369799748246,1.9989642854692704,2.2897504520014325,2.701195352166706,3.0690369006003486,3.5524445137188936,3.7150999460132113,128,
c852239b5ac95394,V1_IL_self_KNN,0.037028513848781586,0.04037353452295065,0.04426878038793802,0.05343927443027496,0.06385640241205692,0.1016318671405315,0.15869697198271746,0.1702619343996048,64,
c852239b5ac95394,V1_candidate_KNN,0.12520952712074693,0.1491394931204471,0.2302643335948353,0.2545215659398152,0.3603942069625457,1.0561367253527967,1.282206197535326,1.3047708754521485,128,0.890625
c852239b5ac95394,V2_IL_Q_to_R_KNN,0.0315217450261116,0.034029980190098286,0.039399909786880016,0.04596800357103348,0.0542070334777236,0.08132163658738134,0.1072254918515683,0.13785666227340698,128,
c852239b5ac95394,V2_candidate_KNN,0.031906061915807006,0.037708216739098445,0.10623665225516787,0.19022708535745075,0.24835325350462034,0.9609294056444281,1.1677313868806234,1.25574733260068,192,
c852239b5ac95394,V2_Q_mahalanobis,1.169693315660068,1.6031986919964523,2.008202162379529,2.3699332203649224,2.77882801864515,3.4852006944682947,3.8618336244741056,4.464757763974352,128,
3c297001ef2d5acb,V1_IL_self_KNN,0.03244999796152115,0.03537993431091309,0.04505704250186682,0.053822267800569534,0.06343251466751099,0.07714557535946369,0.08468321323394774,0.08585435152053833,64,
3c297001ef2d5acb,V1_candidate_KNN,0.08494353841066955,0.09247421269287413,0.11374464285574801,0.2747056495758863,0.8754899789402086,1.1369741090170091,1.2061861201070798,1.2292017204230883,128,0.9921875
3c297001ef2d5acb,V2_IL_Q_to_R_KNN,0.03086313046514988,0.03427988886833191,0.03809087164700031,0.04102689400315285,0.050475990399718285,0.06749059222638606,0.0832208194583655,0.12421814352273941,128,
3c297001ef2d5acb,V2_candidate_KNN,0.030298793978361584,0.038166100182201776,0.07651594985478154,0.12391932808875449,0.47883510520327743,1.041030718940005,1.138970036389133,1.1933552640748695,192,
3c297001ef2d5acb,V2_Q_mahalanobis,1.6033748802118872,2.080843982539037,2.518457183846213,2.8125982233422615,3.2243722016219634,3.7764981892013636,4.1178853603664765,5.437235723453367,128,
123b77fa26425ac1,V1_IL_self_KNN,0.029316062107682228,0.03569146320223808,0.04032174404710531,0.04526323825120926,0.05202604457736015,0.08253076039254664,0.1027187286317348,0.11546198278665543,64,
123b77fa26425ac1,V1_candidate_KNN,0.08000675086817179,0.09561757496710051,0.12704951713648704,0.1833520888475565,0.3018077177801988,0.5201276919450272,0.6313542707999947,0.672724548547461,128,0.8046875
123b77fa26425ac1,V2_IL_Q_to_R_KNN,0.024982202798128128,0.030188065953552723,0.034733500331640244,0.0385640487074852,0.04401368089020252,0.06168992593884464,0.11140776656568052,0.11923648416996002,128,
123b77fa26425ac1,V2_candidate_KNN,0.030177103413222696,0.037116161732524786,0.07030932199212002,0.12289037868347946,0.23574337320523875,0.4783390808090102,0.6023422842044847,0.6329230833960396,192,
123b77fa26425ac1,V2_Q_mahalanobis,1.7751459817291073,2.007387279105876,2.524906684369332,2.959890348693847,3.4139450032451704,3.970812288968227,4.440286912345051,4.857255432107882,128,
f97414b6f4a15866,V1_IL_self_KNN,0.03929978981614113,0.04483121279627085,0.05042838957160711,0.05736403167247772,0.07622244767844677,0.1056876569986343,0.13715446949005125,0.14038076996803284,64,
f97414b6f4a15866,V1_candidate_KNN,0.14972793691622308,0.16398521284132447,0.236777431223018,0.2948144676757526,0.6309682082585086,0.7524801578062075,0.7781871992937197,0.8179458053267542,128,1.0
f97414b6f4a15866,V2_IL_Q_to_R_KNN,0.03242388367652893,0.03824613075703383,0.04324772022664547,0.049240438267588615,0.05847435723990202,0.08940166383981704,0.10440778285264972,0.13243019580841064,128,
f97414b6f4a15866,V2_candidate_KNN,0.035562520798767074,0.042224586086546764,0.14004705142523036,0.18515852813404668,0.36307956311281303,0.6775595722719137,0.7569315145770447,0.806608608486855,192,
f97414b6f4a15866,V2_Q_mahalanobis,1.7317356531421562,2.01744789867805,2.539004525371075,2.896435443116131,3.3223264512101176,3.8362147180408126,4.334280822191071,4.53798065975198,128,
957d3c9491ba5b5b,V1_IL_self_KNN,0.03482779860496521,0.03965288996696472,0.043727447278797626,0.04894381947815418,0.05372345540672541,0.08625277541577804,0.10510080136358735,0.11192578077316284,64,
957d3c9491ba5b5b,V1_candidate_KNN,0.11498718982871536,0.12118525696020999,0.1822673227071541,0.2070961472231006,0.8285490358887497,1.6293704826905933,1.7766034946591562,1.79636458145182,128,1.0
957d3c9491ba5b5b,V2_IL_Q_to_R_KNN,0.03069392777979374,0.03356738705188036,0.03859176766127348,0.04266008920967579,0.04947760608047247,0.06668539866805076,0.08422551184892656,0.09062324464321136,128,
957d3c9491ba5b5b,V2_candidate_KNN,0.033106027972642296,0.0411017066280954,0.08882622653678104,0.15562854920128616,0.5368561482228431,1.316335797660426,1.6203248864117774,1.6906842328829597,192,
957d3c9491ba5b5b,V2_Q_mahalanobis,2.0614231583143665,2.4353152907001014,2.8429659081465255,3.2102347185678948,3.6141627791457984,4.328058610919818,4.676257814419621,5.055927778676079,128,
0c9d055f4ccc5d64,V1_IL_self_KNN,0.031703829765319824,0.0334414916113019,0.039676347747445107,0.046441538259387016,0.055068676359951496,0.09502996020019035,0.13009725600481029,0.14244811236858368,64,
0c9d055f4ccc5d64,V1_candidate_KNN,0.5467833538299779,0.5869224732850118,0.822172618825489,1.2498574690319755,1.3634852210788022,1.414535987040106,1.453903469936001,1.4659155120025216,128,1.0
0c9d055f4ccc5d64,V2_IL_Q_to_R_KNN,0.02092451974749565,0.025687805097550153,0.0297156167216599,0.03438945673406124,0.042034066282212734,0.06496378369629383,0.0893544023483992,0.10024414956569672,128,
0c9d055f4ccc5d64,V2_candidate_KNN,0.024982489369373535,0.030616819061305197,0.30487392718302175,0.6889732660581667,1.2001990448345157,1.313730384722281,1.3637340209610185,1.4989757820268474,192,
0c9d055f4ccc5d64,V2_Q_mahalanobis,1.1689869316425399,1.3253634770245497,1.7278516290405825,2.137757197636257,2.471882436009568,3.1397477565256118,3.678546354403432,4.528460377727878,128,
cbaf3221997c55be,V1_IL_self_KNN,0.016495559364557266,0.01809931341558695,0.020380296278744936,0.023712572641670704,0.02761432947590947,0.0439060902222991,0.06081090990453958,0.06303676217794418,64,
cbaf3221997c55be,V1_candidate_KNN,0.04049564959665351,0.055915517243288644,0.08075987715473082,0.1470286266584072,0.20072035219137688,0.5040056652318791,0.5384516446990796,0.5479074076730899,128,0.90625
cbaf3221997c55be,V2_IL_Q_to_R_KNN,0.011711802333593369,0.014799904776737094,0.018356090411543846,0.0203122952952981,0.022553886752575636,0.03322509508579969,0.03926978688687087,0.08904512971639633,128,
cbaf3221997c55be,V2_candidate_KNN,0.01441459568507345,0.01748260035659542,0.04228321128057436,0.08544953253502441,0.16542148976214746,0.41390988435358,0.47426322826830986,0.49477242357856904,192,
cbaf3221997c55be,V2_Q_mahalanobis,1.3136792654185676,1.775664812342099,2.2196595390624037,2.5884592127171073,2.9660690872773907,3.8249529218161413,4.4932178490904855,6.5149412084322655,128,
a02463c8a92d56ce,V1_IL_self_KNN,0.028873328119516373,0.03415421321988106,0.038753961212933064,0.04484810121357441,0.05173459928482771,0.06790313199162483,0.13167175933718664,0.17204827070236206,64,
a02463c8a92d56ce,V1_candidate_KNN,0.07207460620149711,0.15572109382805502,0.1938863788875712,0.2504890092426487,0.3987862054512963,0.47820860067822724,0.5105696802016599,0.5309316993125186,128,0.8984375
a02463c8a92d56ce,V2_IL_Q_to_R_KNN,0.02052292227745056,0.02477345149964094,0.029590147081762552,0.033365556970238686,0.040033336728811264,0.07879075780510902,0.08871618919074538,0.13661137223243713,128,
a02463c8a92d56ce,V2_candidate_KNN,0.02191791999110934,0.029997173037525568,0.09057720616355813,0.14380510320515155,0.24074836815914613,0.4152435031773762,0.4894819965487456,0.5117379355867504,192,
a02463c8a92d56ce,V2_Q_mahalanobis,1.3234995649530594,1.812368423513626,2.2542707186973057,2.5621301521959676,2.751534132154065,3.323252524368828,3.649015454564916,4.1411989236055495,128,
d91a4c7d1d9e5647,V1_IL_self_KNN,0.016336727887392044,0.018806786462664603,0.02268430357798934,0.02661991212517023,0.03218936827033758,0.04491066914051771,0.09443728156387786,0.14467385411262512,64,
d91a4c7d1d9e5647,V1_candidate_KNN,0.03477747284639323,0.04741746994825894,0.0670827973540579,0.12114198495508507,0.581260164127396,0.7728049872335275,0.799668105317231,0.807055000850478,128,0.4609375
d91a4c7d1d9e5647,V2_IL_Q_to_R_KNN,0.01414084155112505,0.01763071333989501,0.021070688497275114,0.022897708229720592,0.024970036931335926,0.037760270573198786,0.0651026803255082,0.08069964498281479,128,
d91a4c7d1d9e5647,V2_candidate_KNN,0.01557270066220209,0.02055540939747914,0.04530307249848621,0.06831470832620302,0.3373441347509799,0.7043485862196553,0.7775716654298455,0.7975202823617862,192,
d91a4c7d1d9e5647,V2_Q_mahalanobis,1.3862334306296296,1.7063924559356525,2.173194914576052,2.533134058507315,3.024020325618894,3.546761974648487,4.6645776456378805,5.043506969193459,128,
742b1d2c6cf156c6,V1_IL_self_KNN,0.01759306527674198,0.019800188299268485,0.02379467897117138,0.028928112238645554,0.03354206494987011,0.041328216716647145,0.06083979208022344,0.08908914029598236,64,
742b1d2c6cf156c6,V1_candidate_KNN,0.06413879342823055,0.07151009286767666,0.08326099013741547,0.11902469660454826,0.5308768059632271,0.9648111131788866,1.0046740051019667,1.0523110578056913,128,0.6875
742b1d2c6cf156c6,V2_IL_Q_to_R_KNN,0.015147984027862549,0.017382827308028936,0.020109668374061584,0.02253772784024477,0.025833734311163425,0.034074715524911876,0.043429957330226907,0.04547416418790817,128,
742b1d2c6cf156c6,V2_candidate_KNN,0.016849366730284695,0.020663929679593292,0.05598944220829928,0.09409557531936068,0.346553475715823,0.8772490469336112,1.0077427317342913,1.0277245198507465,192,
742b1d2c6cf156c6,V2_Q_mahalanobis,1.7195257909210213,1.919236748085742,2.3334143290265152,2.639837334832393,3.1383376004443355,3.781062714786463,4.149696042303056,4.6463985876821186,128,
8b3e9121fd57540f,V1_IL_self_KNN,0.01723998226225376,0.01924819005653262,0.022856086492538452,0.02833050023764372,0.03492719307541847,0.048868459463119504,0.07091699749231334,0.08129346370697021,64,
8b3e9121fd57540f,V1_candidate_KNN,0.1982591604395437,0.2786526623944793,0.31576803483467664,0.34377996048803217,0.4348352913719914,0.5245005884800442,0.5578680345862322,0.5652965096772504,128,1.0
8b3e9121fd57540f,V2_IL_Q_to_R_KNN,0.013244522735476494,0.014514083974063396,0.01831524120643735,0.020817123353481293,0.02411177149042487,0.03424475640058516,0.04195738822221756,0.047883741557598114,128,
8b3e9121fd57540f,V2_candidate_KNN,0.015043176665164231,0.020310350397465607,0.09935284240222153,0.2774629381466426,0.3308630770967213,0.44330006187099386,0.4883855374683202,0.5245471556991681,192,
8b3e9121fd57540f,V2_Q_mahalanobis,0.9739462828149942,1.2422589513916433,1.7644984983944725,2.0625208413047393,2.4518064931335926,3.1705139628983035,4.245075553636103,5.957887990187145,128,
bdf3b83064235e17,V1_IL_self_KNN,0.022429456934332848,0.02309149783104658,0.02691146545112133,0.03051837347447872,0.03507813159376383,0.048530669696629024,0.06776523269712918,0.0840551108121872,64,
bdf3b83064235e17,V1_candidate_KNN,0.08507158565755815,0.12635957300655437,0.27505837319215387,0.36848636008963576,0.4427981523215879,0.5182591662478614,0.5471156552282341,0.5586822136045406,128,1.0
bdf3b83064235e17,V2_IL_Q_to_R_KNN,0.01524064876139164,0.019153357483446598,0.022051396314054728,0.025603358633816242,0.03126567415893078,0.04681986719369888,0.05414787158370018,0.06158556416630745,128,
bdf3b83064235e17,V2_candidate_KNN,0.018111406050087233,0.024093775399394713,0.09843494905412695,0.19608172262946644,0.32889256661947425,0.4475160025547612,0.4823647419589092,0.5125428413351032,192,
bdf3b83064235e17,V2_Q_mahalanobis,1.2146347626089984,1.4894779601961683,1.9434785994723809,2.2477386895396068,2.6757888081404793,3.2143172050606985,3.63684599991225,4.021968640040348,128,
ab000bda9ccf5150,V1_IL_self_KNN,0.017258919775485992,0.021654749382287265,0.029383601620793343,0.034381523728370667,0.04121212009340525,0.058123521320521815,0.08264661461114883,0.08372166007757187,64,
ab000bda9ccf5150,V1_candidate_KNN,0.03947655253261595,0.047049801724412255,0.08995360021361476,0.24156935868095675,0.406693981377952,0.45797414501030137,0.4770150917088747,0.48516466811853487,128,0.78125
ab000bda9ccf5150,V2_IL_Q_to_R_KNN,0.01574244350194931,0.017991136852651836,0.020782990846782923,0.02538579609245062,0.03129250044003129,0.06319595575332641,0.0969040784239769,0.09737493842840195,128,
ab000bda9ccf5150,V2_candidate_KNN,0.01655493663907738,0.022787084691210338,0.047624072635192666,0.10687169267590452,0.2713270748768281,0.4209098403215196,0.4575577712961831,0.4679265644777991,192,
ab000bda9ccf5150,V2_Q_mahalanobis,1.2154551038837809,1.3783448397307165,1.776556265564274,2.0947373581313453,2.646897894451315,3.71130952402933,5.674639495127913,6.166196451554831,128,
e165b9b4eb5f5cf4,V1_IL_self_KNN,0.020716378465294838,0.0215190046466887,0.028445066884160042,0.033913835883140564,0.03969952743500471,0.05211860388517376,0.060160767138004285,0.06488891690969467,64,
e165b9b4eb5f5cf4,V1_candidate_KNN,0.21566377180123314,0.2226716819967659,0.28349219208736437,0.80084437786618,1.005856462740285,1.0760325775145778,1.1109420917512673,1.2191178958981261,128,1.0
e165b9b4eb5f5cf4,V2_IL_Q_to_R_KNN,0.01877124235033989,0.020297325495630503,0.023089578840881586,0.025370421819388866,0.028053089044988155,0.03667961061000822,0.04382555622607471,0.046773262321949005,128,
e165b9b4eb5f5cf4,V2_candidate_KNN,0.02054635104488699,0.02470989313849415,0.13867412742905783,0.27474891807756946,0.8113867414817993,1.0504611620505193,1.0782743235690524,1.0818133815761795,192,
e165b9b4eb5f5cf4,V2_Q_mahalanobis,1.732417268406614,2.0876260639556374,2.482812226658098,2.7264767918084862,3.063205990499381,3.4901372929950027,5.105040437434343,6.114087339955331,128,
dcb23119258e58ec,V1_IL_self_KNN,0.02897503972053528,0.029479676764458417,0.032089791260659695,0.03630664944648743,0.04628241900354624,0.08001869916915884,0.12372961319982985,0.17496907711029053,64,
dcb23119258e58ec,V1_candidate_KNN,0.20565866084330975,0.2960482062194826,0.3507967412791336,0.43613881082678513,0.5194727337123906,1.3574053703833404,1.5448078095800917,1.5870770282917246,128,1.0
dcb23119258e58ec,V2_IL_Q_to_R_KNN,0.021300142630934715,0.02369461264461279,0.026613098569214344,0.030280912294983864,0.03493995778262615,0.047638221085071555,0.06295258425176145,0.06546477973461151,128,
dcb23119258e58ec,V2_candidate_KNN,0.022997330850913652,0.028828199741781295,0.14818436899617052,0.2938397420327934,0.4323402884639632,1.1759940830793747,1.3978037326332569,1.5424577575288367,192,
dcb23119258e58ec,V2_Q_mahalanobis,1.4727403271436363,2.023433170606678,2.39039793184196,2.7730654950931912,3.116036640909655,3.664843008548714,3.8879485657215116,3.9722211350837098,128,
f0328bdcd0e15d3a,V1_IL_self_KNN,0.022782620042562485,0.02469306038692594,0.02995907887816429,0.03746720217168331,0.047214790247380733,0.06947266571223733,0.11278116539120668,0.12621310353279114,64,
f0328bdcd0e15d3a,V1_candidate_KNN,0.05636244659398172,0.06926067980370734,0.1010656592959463,0.15420024761654416,0.5434414884897861,1.6323530571454323,1.8133353599811166,1.8283012010343267,128,0.6328125
f0328bdcd0e15d3a,V2_IL_Q_to_R_KNN,0.018812185153365135,0.022520477324724196,0.026073594111949205,0.031238489784300327,0.03726251237094402,0.060029807686805714,0.08309144280850891,0.1030542403459549,128,
f0328bdcd0e15d3a,V2_candidate_KNN,0.023638526685235056,0.031184064989035358,0.06753736086597835,0.11244320153921991,0.41701883485585256,1.4417870568645301,1.7137198701394216,1.8259939038596165,192,
f0328bdcd0e15d3a,V2_Q_mahalanobis,1.420824217508775,1.7105436862324033,2.106074268739341,2.5202577446660053,2.920578755958846,3.587651250312313,3.8163577319187274,4.024530376740229,128,
c6538928de9c552b,V1_IL_self_KNN,0.021083202213048935,0.022871328983455896,0.027808944694697857,0.03459089994430542,0.04393378458917141,0.09359932914376258,0.11256797224283216,0.12033774703741074,64,
c6538928de9c552b,V1_candidate_KNN,0.08743929733283155,0.10836557047873008,0.13280178671415682,0.18168215079012384,0.2894302873680737,0.5741330154534775,0.7449218240265687,0.7545282443183177,128,0.8984375
c6538928de9c552b,V2_IL_Q_to_R_KNN,0.01883186399936676,0.022564155515283346,0.027471962850540876,0.030619683675467968,0.03682279400527477,0.04448263514786958,0.06119215190410616,0.1867181360721588,128,
c6538928de9c552b,V2_candidate_KNN,0.019209710931014402,0.02505206592890473,0.07454450386563057,0.13229646893984126,0.23741820949306658,0.5606186509925312,0.735935474053318,0.7486639938218009,192,
c6538928de9c552b,V2_Q_mahalanobis,1.4794891735217781,1.9524409729362036,2.340128805308784,2.6466509902481454,2.989890086852977,3.631937875132993,4.284812198541663,4.442501585609977,128,
56da0490b78b5033,V1_IL_self_KNN,0.025235116481781006,0.026943916734308005,0.030130336992442608,0.03254956565797329,0.038728006184101105,0.05108985900878904,0.056939832940697654,0.06090531870722771,64,
56da0490b78b5033,V1_candidate_KNN,0.07042306202542342,0.13195690068629617,0.20535492483102039,0.2692331161311053,0.46493013838617747,0.5463648849773626,0.5684866754265725,0.5759106758285408,128,1.0
56da0490b78b5033,V2_IL_Q_to_R_KNN,0.0199391171336174,0.024684782326221465,0.02776207961142063,0.0298134358599782,0.03267440851777792,0.0415538914501667,0.0542773161828518,0.05949971079826355,128,
56da0490b78b5033,V2_candidate_KNN,0.023119351950554774,0.027780891221035352,0.12460027208577965,0.20594235698041147,0.32929338706352285,0.5124513355175638,0.5415756378796233,0.5678170577590096,192,
56da0490b78b5033,V2_Q_mahalanobis,1.7694415238622279,2.309643172243986,2.731958833453335,3.0410763710279003,3.345671461496205,3.8283682836814292,4.263893802341157,4.468359540022972,128,
8fc454e70d1554b7,V1_IL_self_KNN,0.023557405918836594,0.024829843174666168,0.02835278818383813,0.03208390064537525,0.037773558869957924,0.06284253802150477,0.09381433747708796,0.0974496379494667,64,
8fc454e70d1554b7,V1_candidate_KNN,0.05333211561065263,0.060573009556214474,0.07306000949913041,0.09616908627606671,0.359633234732824,0.4403741001297024,0.4811591183446311,0.4964385919684293,128,0.4921875
8fc454e70d1554b7,V2_IL_Q_to_R_KNN,0.017662426456809044,0.020184370782226325,0.022875981405377388,0.026495659723877907,0.03185502719134092,0.05807958617806429,0.078897020816803,0.09937456995248795,128,
8fc454e70d1554b7,V2_candidate_KNN,0.016935080955691646,0.023142103848880904,0.04333620238454171,0.07338115193841874,0.20095090810992947,0.39430713569212733,0.45768267573795113,0.47373624292042094,192,
8fc454e70d1554b7,V2_Q_mahalanobis,1.1021589182232059,1.4285174694940257,1.9899778373973418,2.2890793596805867,2.602592738291934,3.0505029485835506,3.6089120551403764,5.082366796053203,128,
3eceeb425c3a560b,V1_IL_self_KNN,0.015358755365014076,0.016403952986001967,0.018716132268309593,0.021413502283394337,0.027386581525206566,0.04814111571758981,0.05765984512865541,0.06485973298549652,64,
3eceeb425c3a560b,V1_candidate_KNN,0.1489433975347889,0.20284302927488357,0.2463049573312967,0.28445923690440555,0.4256882005807143,0.5092182635481363,0.5493235472332948,0.5608993872065631,128,1.0
3eceeb425c3a560b,V2_IL_Q_to_R_KNN,0.011560974642634392,0.013872845657169819,0.0162682319059968,0.018154116347432137,0.023174453992396593,0.03192269317805766,0.061567136347293855,0.06973405927419662,128,
3eceeb425c3a560b,V2_candidate_KNN,0.012421761048445955,0.016608904752581765,0.11277106935074742,0.20950091666718232,0.2915349282391846,0.4274023113147445,0.48015017832060924,0.49070113079794436,192,
3eceeb425c3a560b,V2_Q_mahalanobis,1.4883363748382492,1.7044242842079549,2.00853211794154,2.3429350042642962,2.760641150999075,3.4952271912072344,3.963841497248193,5.507056815509658,128,
5e7d1f34a80c5e46,V1_IL_self_KNN,0.03902816027402878,0.04527403712272644,0.048694681376218796,0.05676884204149246,0.07462598569691181,0.09791383184492586,0.13647742897272094,0.17747089266777039,64,
5e7d1f34a80c5e46,V1_candidate_KNN,0.26199027349934756,0.31917338523766714,0.6278081569992964,0.7686806014062535,0.8354094519991119,0.9079861664452101,0.946063574635887,0.9674971269043118,128,1.0
5e7d1f34a80c5e46,V2_IL_Q_to_R_KNN,0.035572413355112076,0.03890884201973677,0.047005812637507915,0.05403570644557476,0.05930665321648121,0.0758851312100887,0.08959236286580564,0.09076163917779922,128,
5e7d1f34a80c5e46,V2_candidate_KNN,0.03223065936922316,0.049368300944256926,0.21223383098655094,0.5068894742020973,0.7286983871215875,0.8545821237313616,0.8898870191348721,0.9297207912611526,192,
5e7d1f34a80c5e46,V2_Q_mahalanobis,1.4769129733916833,1.8016943902910538,2.352053591942712,2.6724159927722946,3.087131956353949,3.662941112421796,3.8440666607186635,3.887213030447752,128,
ef4f3026ae1b56a3,V1_IL_self_KNN,0.04013819247484207,0.041864107362926006,0.04646814800798893,0.053682541474699974,0.0589977391064167,0.07134205140173434,0.09962341539561745,0.10719664394855499,64,
ef4f3026ae1b56a3,V1_candidate_KNN,0.05341916145418231,0.06881879499427708,0.12008791501192827,0.1757910501413701,0.6838868778078266,1.70080073084816,1.7879971473114633,1.8149529159236628,128,0.765625
ef4f3026ae1b56a3,V2_IL_Q_to_R_KNN,0.030931895598769188,0.03523758575320244,0.04046330600976944,0.045431701466441154,0.05101660545915365,0.06422001272439956,0.07987699761986734,0.08316595107316971,128,
ef4f3026ae1b56a3,V2_candidate_KNN,0.032798517376474254,0.04103889480359188,0.05297257091698334,0.11596535900132966,0.4494614408630533,1.5261199890373667,1.7202557681198989,1.8020062977352136,192,
ef4f3026ae1b56a3,V2_Q_mahalanobis,2.0534108592572253,2.3248268908730396,2.804641065597453,3.129096433261217,3.5417221166340513,4.0064693297785405,4.335042982134355,4.562571631075431,128,
d92fd7e6c01d503b,V1_IL_self_KNN,0.030703440308570862,0.035121826082468034,0.03978809993714094,0.0450050663203001,0.04933360870927572,0.07112709470093247,0.08180845692753788,0.0913323387503624,64,
d92fd7e6c01d503b,V1_candidate_KNN,0.12450829741243521,0.13539196834870126,0.17719533004767335,0.19777757819123243,0.5309689647440884,1.2134891167208608,1.3705284118065173,1.3917193511967814,128,1.0
d92fd7e6c01d503b,V2_IL_Q_to_R_KNN,0.02595354989171028,0.029052545968443155,0.03330074064433575,0.03781219571828842,0.04478667117655277,0.0585196703672409,0.07550685666501522,0.09298080950975418,128,
d92fd7e6c01d503b,V2_candidate_KNN,0.024813907939964856,0.0317978626085657,0.08963088763308587,0.17265213412885233,0.32880952440871863,0.9657804689860978,1.274356030653494,1.3246508839132562,192,
d92fd7e6c01d503b,V2_Q_mahalanobis,1.1695068059118787,1.801416247588163,2.350718419811298,2.6999264015652886,3.1098015539309163,3.4961592824355265,3.8777035435193823,4.002541967397635,128,
1381f484e75c565a,V1_IL_self_KNN,0.02562858536839485,0.028083700221031904,0.03509989567101002,0.04151381924748421,0.048642260022461414,0.06291144192218778,0.0776092684268951,0.08734840154647827,64,
1381f484e75c565a,V1_candidate_KNN,0.04385965661348683,0.07784669686818382,0.09594536653198739,0.1347820750437017,0.23178921429040086,1.2241383305586477,1.2804821696553261,1.3634640130064333,128,0.8828125
1381f484e75c565a,V2_IL_Q_to_R_KNN,0.02035791613161564,0.023087947629392147,0.02662312425673008,0.029980341903865337,0.036359465681016445,0.055364875309169274,0.08642305232584478,0.09428905695676804,128,
1381f484e75c565a,V2_candidate_KNN,0.024283060977609194,0.027227790991532868,0.05283230778132091,0.09105279168995922,0.19588369975475267,1.1312866570654216,1.225585891542672,1.2818903893478257,192,
1381f484e75c565a,V2_Q_mahalanobis,1.8802674191900675,2.0607812326647106,2.446703257652432,2.95114398407617,3.233356123281416,3.7160818674762472,4.13639859468975,4.229673267679861,128,
7b79090489c95c0b,V1_IL_self_KNN,0.03613341972231865,0.041142624244093894,0.04798891022801399,0.0557311587035656,0.06307977437973022,0.09134724102914332,0.11153124600648877,0.11780230700969696,64,
7b79090489c95c0b,V1_candidate_KNN,0.17496704931063034,0.18975581872041722,0.28353680219794664,0.32420865313365477,0.7146279615097141,0.8270431964702031,0.8901448218339117,0.899142106655102,128,1.0
7b79090489c95c0b,V2_IL_Q_to_R_KNN,0.029255470260977745,0.03478105571120978,0.04012210853397846,0.0453459657728672,0.05280330218374729,0.0694884594529867,0.08591640852391724,0.09801074117422104,128,
7b79090489c95c0b,V2_candidate_KNN,0.03569172266501068,0.040322811291937294,0.13386824608216585,0.26593243309479103,0.40050310838677566,0.718384804861264,0.7619657927688,0.7965409121020948,192,
7b79090489c95c0b,V2_Q_mahalanobis,1.3994506026978761,2.053897061463441,2.5327309738381487,2.8852143312927807,3.1749177224948317,3.664982218101452,4.224878841415751,4.649382303740245,128,
f0d107fb359953ff,V1_IL_self_KNN,0.03040636144578457,0.03672185484319925,0.039923994801938534,0.04862458072602749,0.056022039614617825,0.0788274761289358,0.0863501340895891,0.09338301420211792,64,
f0d107fb359953ff,V1_candidate_KNN,0.32588374652209745,0.3614104940979739,0.6722899423831386,0.757383106968438,0.8667845702851447,0.9560169638350089,1.0127519092056123,1.0496080806221477,128,1.0
f0d107fb359953ff,V2_IL_Q_to_R_KNN,0.0254877470433712,0.02880199672654271,0.03309561964124441,0.03747732564806938,0.044760193675756454,0.06018943134695288,0.08253234356641774,0.08906695991754532,128,
f0d107fb359953ff,V2_candidate_KNN,0.027868750347154657,0.0330272649747624,0.20950503467986287,0.5293767244689986,0.7315365164317735,0.9043643569903063,0.9419371176976088,0.9968672606637691,192,
f0d107fb359953ff,V2_Q_mahalanobis,1.5189288530163567,2.129054742064322,2.6308503871648194,3.0117865424224535,3.321096692090791,3.873514679547947,4.099754107273,4.467303277698011,128,
e0c845f2d87555b3,V1_IL_self_KNN,0.021774042397737503,0.02281938986852765,0.028421978000551462,0.03408573754131794,0.038622284308075905,0.05859494619071478,0.07706382326781741,0.10026171058416367,64,
e0c845f2d87555b3,V1_candidate_KNN,0.10076634871693071,0.162267650479164,0.20476049245526473,0.27847617489858245,0.3723358568296092,0.5160238507449186,0.5582730093432248,0.5881917109372413,128,1.0
e0c845f2d87555b3,V2_IL_Q_to_R_KNN,0.01901884749531746,0.021778554562479256,0.025701815262436867,0.02987744938582182,0.035099875181913376,0.046568009071052074,0.05543604467064144,0.08634570240974426,128,
e0c845f2d87555b3,V2_candidate_KNN,0.021426339229076212,0.02668144047530054,0.10397649197054937,0.17871803313612095,0.2813485303204737,0.4750687518471703,0.5259160243744765,0.5300222781279731,192,
e0c845f2d87555b3,V2_Q_mahalanobis,1.476891327884261,2.212514272163622,2.6371129535383977,2.9923166834788617,3.3327792339876234,4.052395338657626,4.336335174941101,4.708032087557265,128,
9e454d3b139c5a3d,V1_IL_self_KNN,0.02743435464799404,0.030411302763968705,0.03547661006450653,0.039088523015379906,0.04630380216985941,0.06483188085258004,0.075910397991538,0.08735918253660202,64,
9e454d3b139c5a3d,V1_candidate_KNN,0.26369303205539885,0.2986762841185666,0.36104190221078936,0.40579184340912755,0.5123326773719925,1.3980005153086312,1.5144016385556411,1.656777388005396,128,1.0
9e454d3b139c5a3d,V2_IL_Q_to_R_KNN,0.020522264763712883,0.023693548701703548,0.027649047784507275,0.03254294954240322,0.03708290122449398,0.0473437126725912,0.05191459868103266,0.06750904023647308,128,
9e454d3b139c5a3d,V2_candidate_KNN,0.022115738580192803,0.030014999792602436,0.14916492046612384,0.3292278453338492,0.4340386695549651,1.2037144041231342,1.4214167627325949,1.6210014385916154,192,
9e454d3b139c5a3d,V2_Q_mahalanobis,1.5632759348212157,2.1113126267334623,2.6216392273207934,2.935911775454755,3.3009720377372362,3.716746457822785,4.080245223698451,4.221699586340608,128,
468894d189a75353,V1_IL_self_KNN,0.03806629031896591,0.03911911956965923,0.04396807961165905,0.05330671928822994,0.06024499051272869,0.07622672989964485,0.08452361173927782,0.08855446428060532,64,
468894d189a75353,V1_candidate_KNN,0.05693905665168062,0.06824163867933586,0.1502884856291109,0.19817219578733292,0.25596575536784694,0.3011167509593687,0.3194577584659397,0.3330130078151662,128,0.84375
468894d189a75353,V2_IL_Q_to_R_KNN,0.03141048923134804,0.03377407062798739,0.038484097458422184,0.04334891960024834,0.05090432986617088,0.06646580286324023,0.09482703484594827,0.10774308443069458,128,
468894d189a75353,V2_candidate_KNN,0.030620137373377238,0.03847197023554101,0.07911146794499455,0.13505534747651368,0.20218582433465007,0.2803710005966498,0.30940597971882244,0.33526839935122515,192,
468894d189a75353,V2_Q_mahalanobis,1.8769611179172399,2.296824270150547,2.7554467749376017,3.167854557091758,3.552962252307159,4.197061315284981,5.0996476811915015,5.290696209086398,128,
9252ad8efde85a85,V1_IL_self_KNN,0.034290313720703125,0.03735480960458517,0.043768477626144886,0.048109136521816254,0.060242957435548306,0.08640737272799014,0.12847878232598303,0.12969307601451874,64,
9252ad8efde85a85,V1_candidate_KNN,0.0883691735300703,0.10634856849898856,0.19477345044638944,0.23464324410250711,0.278084508525258,0.4077607510035291,0.5205501029905528,0.6277575653839315,128,0.828125
9252ad8efde85a85,V2_IL_Q_to_R_KNN,0.029190361499786377,0.032404682412743566,0.03712108265608549,0.04079129546880722,0.04713856056332588,0.0681812848895788,0.07598124064505102,0.1886606514453888,128,
9252ad8efde85a85,V2_candidate_KNN,0.02921789949028686,0.03730558461571234,0.08139324372901519,0.16973038578096836,0.24923563833940315,0.38074950417310427,0.44177834196151994,0.5404471869281332,192,
9252ad8efde85a85,V2_Q_mahalanobis,1.7489654818587603,2.223837221095929,2.6210072962349154,2.922336212283261,3.2522894771189295,3.8943027017136442,4.346075001608108,4.659748928692123,128,
d99a3bc24ff75a68,V1_IL_self_KNN,0.017217304557561874,0.018681798223406078,0.02078257780522108,0.023786955513060093,0.029018789529800415,0.03959681894630192,0.053038564659655056,0.06240732595324516,64,
d99a3bc24ff75a68,V1_candidate_KNN,0.0686868970005728,0.10611572934156599,0.2065200252564528,0.24618877305169323,0.7024051487110208,0.7418259023599674,0.7635965756469029,0.7769940659859111,128,1.0
d99a3bc24ff75a68,V2_IL_Q_to_R_KNN,0.014926940202713013,0.016710297018289567,0.01839379593729973,0.020897608250379562,0.022638583555817604,0.030133197084069252,0.03753679871559145,0.09372466057538986,128,
d99a3bc24ff75a68,V2_candidate_KNN,0.014712161472488156,0.019461801009117135,0.09386036292394448,0.1798703879525661,0.3825294581130106,0.7192993110378254,0.7578658180357125,0.7605710520027434,192,
d99a3bc24ff75a68,V2_Q_mahalanobis,1.6539818071188834,2.1116813474851033,2.5578198912586743,2.8686630576097407,3.338052221742238,3.8596224617411146,4.772321025128185,5.328481608610934,128,
1d45b9d20e9d5f92,V1_IL_self_KNN,0.015097072347998619,0.01583677949383855,0.017691961023956537,0.021012693643569946,0.02695557614788413,0.06331705525517456,0.09303381495177741,0.1035512238740921,64,
1d45b9d20e9d5f92,V1_candidate_KNN,0.038241820746859355,0.04304264356130775,0.08807571778838108,0.11227626561850881,0.33569785968728527,0.40025871053442674,0.45341864145099264,0.4789180782436425,128,0.5546875
1d45b9d20e9d5f92,V2_IL_Q_to_R_KNN,0.010866744443774223,0.012103058816865086,0.014631182886660099,0.017277950420975685,0.021304119378328323,0.03341818545013661,0.07041890002787116,0.08130516111850739,128,
1d45b9d20e9d5f92,V2_candidate_KNN,0.011691085244893294,0.015474966933464491,0.04534589589477827,0.09114906152638681,0.21889259467917546,0.3671324493623832,0.44025266708703653,0.4797280605907188,192,
1d45b9d20e9d5f92,V2_Q_mahalanobis,1.453902963994165,1.766877093472835,2.090786829031541,2.388051741909268,2.819082374022583,3.7336742239806693,5.341485903181204,8.514618077810022,128,
39fc09d325a05606,V1_IL_self_KNN,0.013985256664454937,0.015775296092033386,0.01818722765892744,0.022282827645540237,0.027379092760384083,0.040491458214819434,0.05595239311456679,0.05937977880239487,64,
39fc09d325a05606,V1_candidate_KNN,0.05999038350541976,0.06563730672788444,0.08509104275773705,0.11381309679528717,0.2935144941171964,0.4710039125703357,0.49695939258054017,0.5064042850104655,128,1.0
39fc09d325a05606,V2_IL_Q_to_R_KNN,0.011717197485268116,0.012470332719385625,0.014677659375593066,0.016554519534111023,0.021350377704948187,0.03039263514801858,0.060264912955462976,0.0856037512421608,128,
39fc09d325a05606,V2_candidate_KNN,0.01256636824212263,0.014698486802724692,0.05279289278461481,0.0835051123424246,0.18606090809818265,0.45538992335395234,0.4796063206148299,0.5022144367670716,192,
39fc09d325a05606,V2_Q_mahalanobis,1.400894987605023,1.5490891317154782,2.031985986856347,2.346446988155661,2.645866017315701,3.2666503937602727,3.7243651395043287,3.9261912496972413,128,
75341958391d5aba,V1_IL_self_KNN,0.03703623265028,0.04398539792746305,0.050468482077121735,0.05611485056579113,0.06879054382443428,0.11333581246435627,0.14186879351735115,0.14376850426197052,64,
75341958391d5aba,V1_candidate_KNN,0.259985246053187,0.3996100393429565,0.4578598864542745,0.49886794243342714,0.57731325895468,0.6625586172301613,0.7849487924085936,0.8693129622643372,128,1.0
75341958391d5aba,V2_IL_Q_to_R_KNN,0.032991550862789154,0.03957460690289736,0.04382305592298508,0.04899054951965809,0.05460501275956631,0.076302669942379,0.08196767017245293,0.126956507563591,128,
75341958391d5aba,V2_candidate_KNN,0.03873521716529658,0.04487687334394063,0.1777955151413843,0.3646934740501848,0.4526592510962394,0.6067030327540447,0.6560379507684095,0.8072652639718839,192,
75341958391d5aba,V2_Q_mahalanobis,1.4680416672136298,1.9563110551651353,2.549084806335511,3.0071673449215375,3.3135175226517566,3.841214608967541,4.2580853742370754,4.36772875308541,128,
e65ea4e886535732,V1_IL_self_KNN,0.019369352608919144,0.02229584092274308,0.025272317696362734,0.02837413176894188,0.034071837551891804,0.04692954216152427,0.05860094550997014,0.07203330844640732,64,
e65ea4e886535732,V1_candidate_KNN,0.08563028599763282,0.09153738365800965,0.15278914395971382,0.21857794300640424,0.28861587576571174,0.4417197013811877,0.5165211098773959,0.5299914043314384,128,1.0
e65ea4e886535732,V2_IL_Q_to_R_KNN,0.016712471842765808,0.018001656979322433,0.021451426669955254,0.02375696413218975,0.027704293839633465,0.035734324529767034,0.0720126093178988,0.10737726837396622,128,
e65ea4e886535732,V2_candidate_KNN,0.016445206465360726,0.02282962726632447,0.08174190599741099,0.12767188736007024,0.21137119490888867,0.38526433776403496,0.4627152793114896,0.5314774386802806,192,
e65ea4e886535732,V2_Q_mahalanobis,1.7999615233015278,2.051409732123765,2.4820767219853934,2.7849839656280935,3.0831576544004475,3.9601615994140564,4.922350421335162,9.209498934969595,128,
a9134306f1575f88,V1_IL_self_KNN,0.023071158677339554,0.024327775184065103,0.026928829960525036,0.033681850880384445,0.04183490760624409,0.05866984054446219,0.06574557587504384,0.07352230697870255,64,
a9134306f1575f88,V1_candidate_KNN,0.1313084540621665,0.1553029858412151,0.25636080609136463,0.3041235366124898,0.34990512471021856,0.4285551545590829,0.47504992459403755,0.489802612155823,128,1.0
a9134306f1575f88,V2_IL_Q_to_R_KNN,0.015934400260448456,0.020815716218203308,0.024830549955368042,0.027909012511372566,0.03385720681399107,0.044872857071459264,0.06146334484219552,0.09030001610517502,128,
a9134306f1575f88,V2_candidate_KNN,0.020940556122309155,0.02566357248275409,0.10452298623353208,0.21839034980261623,0.3034663554476073,0.40533340101604154,0.4719082030880268,0.49155726456018883,192,
a9134306f1575f88,V2_Q_mahalanobis,1.642943177609516,1.9349861863568816,2.37061905645081,2.693752669921903,3.09318910913888,3.763168779095591,3.9980722516365708,4.062415832057996,128,
3609537de0105997,V1_IL_self_KNN,0.029393404722213745,0.03250744584947825,0.03613594267517328,0.03922805190086365,0.04479667637497187,0.06246498897671699,0.0853976617008447,0.10168325901031494,64,
3609537de0105997,V1_candidate_KNN,0.18121338522216565,0.2679087908194298,0.3095641262736499,0.38663081658924264,0.44902056622661934,1.187731943541817,1.2958116252522527,2.291243096856935,128,1.0
3609537de0105997,V2_IL_Q_to_R_KNN,0.023657431825995445,0.025869904551655054,0.02994465082883835,0.034111278131604195,0.038819609209895134,0.05284839235246181,0.05961635340005161,0.0743546187877655,128,
3609537de0105997,V2_candidate_KNN,0.025917860067464854,0.031588080259142066,0.14423623918316114,0.2649894343723937,0.38121096941778304,1.0223913914287215,1.1880554563336705,1.2056784105291498,192,
3609537de0105997,V2_Q_mahalanobis,1.6020034816331656,2.062371984716199,2.641611712509878,2.9484735671921527,3.3620286214903556,3.8708234623929045,4.188812038023839,4.5152692830017225,128,
90c4cd28f0e55d46,V1_IL_self_KNN,0.022433707490563393,0.02751057017594576,0.03226267080754042,0.036880286410450935,0.04411405324935913,0.06318847946822641,0.09512558452785012,0.10328098386526108,64,
90c4cd28f0e55d46,V1_candidate_KNN,0.08197983935101309,0.09164599310996024,0.1530112036614476,0.2291118920323832,0.375805216898444,1.5416650571902544,1.6255378321184641,1.695888553579279,128,0.875
90c4cd28f0e55d46,V2_IL_Q_to_R_KNN,0.020243370905518532,0.023422270826995373,0.02836435241624713,0.031097360886633396,0.03732688166201115,0.04643147103488444,0.05813005298376084,0.06828292459249496,128,
90c4cd28f0e55d46,V2_candidate_KNN,0.021673846696831405,0.02881835715737368,0.07484691797454213,0.11951292967760299,0.2677476964973534,1.4502623688099947,1.5838691948542591,1.652851053249189,192,
90c4cd28f0e55d46,V2_Q_mahalanobis,1.1378502120275271,1.3743290026066575,1.9816550192043247,2.226454697247849,2.6321486334461013,3.2590846355112104,3.5307842341541997,4.11215806016776,128,
8a022198e6885aed,V1_IL_self_KNN,0.022822817787528038,0.02347456496208906,0.027940299827605486,0.0321299210190773,0.037788573652505875,0.05312604829668999,0.11413539282977556,0.1769501268863678,64,
8a022198e6885aed,V1_candidate_KNN,0.1267274883618463,0.19095466035066047,0.2158810916194116,0.6143811853874507,1.133487764286515,4.915035832775717,4.980724110804007,5.004482931885652,128,0.96875
8a022198e6885aed,V2_IL_Q_to_R_KNN,0.01683252491056919,0.01843991568312049,0.021661746315658092,0.024609136395156384,0.02742245327681303,0.03999320529401302,0.0705099606141449,0.0983697846531868,128,
8a022198e6885aed,V2_candidate_KNN,0.019596901812893697,0.02223051949509421,0.14509662330104092,0.24604267995621898,0.9147972627430404,4.652400253450974,4.877213934312491,4.94454372953515,192,
8a022198e6885aed,V2_Q_mahalanobis,1.0883728117654714,1.559203914713374,1.9236348335038667,2.322918950180066,2.548696750517475,3.0928356718753602,3.3357521347102357,3.41682264615779,128,
f6f213b156de552d,V1_IL_self_KNN,0.02858530916273594,0.030158766359090806,0.03400673530995846,0.03902692161500454,0.048269616439938545,0.06498317979276177,0.07399381332099436,0.07621271163225174,64,
f6f213b156de552d,V1_candidate_KNN,0.22196154656843467,0.3805204023329915,0.4428623393863528,0.5787114029467139,0.6547770972612538,1.3167659407357637,1.4342558225750677,1.5511673159409338,128,1.0
f6f213b156de552d,V2_IL_Q_to_R_KNN,0.021289916709065437,0.025998595729470254,0.03105099918320775,0.03570674732327461,0.04456698149442673,0.06046164482831954,0.0800154784321785,0.08787320554256439,128,
f6f213b156de552d,V2_candidate_KNN,0.024294155281129964,0.03252503209045652,0.22638261698438442,0.39255230171429345,0.5718780409217602,1.0775717315594486,1.27593801154028,1.3472734762857492,192,
f6f213b156de552d,V2_Q_mahalanobis,1.5357046386601867,2.192349205711896,2.735563800137812,3.0702453314449487,3.4717036905389005,4.0850489231408,4.17826827895979,4.3971313578254785,128,
1cb9fa36aea25d6a,V1_IL_self_KNN,0.03334416076540947,0.03718548007309437,0.04667354375123978,0.052527112886309624,0.06022154353559017,0.07344533465802668,0.11019623756408688,0.11983589828014374,64,
1cb9fa36aea25d6a,V1_candidate_KNN,0.052649949583145325,0.0820940189777483,0.09258078601422333,0.1892672564832255,0.6258021110177384,0.8322624571216083,0.9102979269256806,0.969942926003837,128,0.6015625
1cb9fa36aea25d6a,V2_IL_Q_to_R_KNN,0.029892563819885254,0.032879397831857206,0.03759857267141342,0.04296122305095196,0.04999434109777212,0.05882366970181465,0.0818281498551369,0.10894020646810532,128,
1cb9fa36aea25d6a,V2_candidate_KNN,0.03273863199976723,0.040349823086911846,0.059954456808255896,0.09785392415516522,0.3013858840776732,0.6771326325358222,0.7786602250763656,0.8310555325266028,192,
1cb9fa36aea25d6a,V2_Q_mahalanobis,1.0998081421894363,1.9458937180945384,2.6073239119058544,3.0266577625905127,3.332578831751256,3.875373324595319,4.4070406614538875,4.679012454708948,128,
e15983da12955abf,V1_IL_self_KNN,0.029743706807494164,0.03310936465859413,0.03773009870201349,0.04388272762298584,0.05273428000509739,0.06376768071204422,0.07467485949397085,0.08092499524354935,64,
e15983da12955abf,V1_candidate_KNN,0.04666207323887683,0.08977579056075137,0.1202206864257965,0.16474165550155112,1.0088055610473605,1.16572322175634,1.200346348360017,1.203392581509149,128,0.953125
e15983da12955abf,V2_IL_Q_to_R_KNN,0.024215150624513626,0.028310847375541924,0.032450455240905285,0.03570752032101154,0.04095658101141453,0.052115084044635274,0.06006240818649531,0.0682733878493309,128,
e15983da12955abf,V2_candidate_KNN,0.028917375988217076,0.0324647938277033,0.059230991256949674,0.10740444273547428,0.5133832027502232,1.1290615005699876,1.1895193463554852,1.1963551118376021,192,
e15983da12955abf,V2_Q_mahalanobis,2.1234143773976313,2.659337450082626,3.0654216675486463,3.416873409582071,3.723893681859985,4.283184900450319,4.451436872829439,4.522646084168203,128,
8635030755615376,V1_IL_self_KNN,0.01636030152440071,0.01859375908970833,0.02273061778396368,0.02625689096748829,0.03372600115835667,0.06648297384381284,0.07742232412099838,0.07809172570705414,64,
8635030755615376,V1_candidate_KNN,0.1292430014242148,0.14576863837452123,0.1558974408158432,0.20303881908394567,0.2867461314293363,0.5480286015505929,0.6204891210037123,0.6387228620084371,128,1.0
8635030755615376,V2_IL_Q_to_R_KNN,0.014725727029144764,0.016801948379725217,0.020505142863839865,0.02374955266714096,0.02815778600051999,0.03931925296783446,0.04803720321506263,0.05250673368573189,128,
8635030755615376,V2_candidate_KNN,0.014866272531576446,0.02108957526240928,0.07968331403714188,0.15177775268283167,0.23564762610467346,0.513065030332853,0.5654650847135915,0.6489217329450174,192,
8635030755615376,V2_Q_mahalanobis,1.536768878842639,1.8433344794905657,2.2280307691090484,2.551904813582861,2.975533124485302,4.072964633505857,4.959029016500344,6.012425971451522,128,
86fbc624ea435e56,V1_IL_self_KNN,0.03420570492744446,0.03696374874562025,0.041891563683748245,0.04573889449238777,0.0534276133403182,0.06899687126278875,0.08724124394357204,0.08958308398723602,64,
86fbc624ea435e56,V1_candidate_KNN,0.10184574880726409,0.11095475977387441,0.12573025508116048,0.29961651458949995,0.37258575935235316,0.5634968867028883,0.6532580373773863,0.6689328146310743,128,1.0
86fbc624ea435e56,V2_IL_Q_to_R_KNN,0.02571331523358822,0.03231748268008232,0.035077630542218685,0.03881055861711502,0.04246015474200249,0.05284367594867944,0.05596539050340653,0.058053284883499146,128,
86fbc624ea435e56,V2_candidate_KNN,0.0265744483236853,0.03536642132387404,0.0867052475542846,0.12557578167298666,0.27822286128313695,0.5223227453026213,0.5795216341307118,0.6474428727676733,192,
86fbc624ea435e56,V2_Q_mahalanobis,2.049957787578908,2.477481564392896,3.077724907660569,3.4297592378238706,3.7007148297292045,4.170247337297055,4.672674566723042,4.767895973601982,128,
66e564907f5f5601,V1_IL_self_KNN,0.06077650934457779,0.07055684477090836,0.08139880932867527,0.08941508084535599,0.10951288416981697,0.15235779359936713,0.18994851797819126,0.21757002174854279,64,
66e564907f5f5601,V1_candidate_KNN,0.474032262642002,0.5638421636578507,0.7841886603439965,0.8209478704355331,0.8937283664464575,1.1023180281355474,1.4448642779543093,1.6073276737660334,128,1.0
66e564907f5f5601,V2_IL_Q_to_R_KNN,0.05141179636120796,0.058882438205182554,0.07401432655751705,0.08583813160657883,0.1024329736828804,0.14413237050175665,0.19130544751882556,0.22860877215862274,128,
66e564907f5f5601,V2_candidate_KNN,0.04890805360339928,0.07595380014670375,0.298903818186315,0.5932868197344651,0.78297462001162,0.9265388102779499,1.2855481892492524,1.4827021023666633,192,
66e564907f5f5601,V2_Q_mahalanobis,1.434468021848723,1.9877127115400106,2.4374581634547674,2.9287865664198205,3.36437731224736,4.2819336487924105,5.005291250108104,5.340715000943948,128,
808ff2e869ff5d92,V1_IL_self_KNN,0.029204273596405983,0.03480812758207321,0.04102946259081364,0.045907046645879745,0.05376943852752447,0.071744392812252,0.10350291848182677,0.10630369186401367,64,
808ff2e869ff5d92,V1_candidate_KNN,0.2262208782402854,0.33225524766585124,0.3463697093202791,0.3624416427451922,0.44030661825407,0.8813218096353398,2.2526310426179625,2.9492960268778736,128,1.0
808ff2e869ff5d92,V2_IL_Q_to_R_KNN,0.0266743004322052,0.029910676553845404,0.0355406804010272,0.038556674495339394,0.04547404032200575,0.05955193527042864,0.07976877227425576,0.09240448474884033,128,
808ff2e869ff5d92,V2_candidate_KNN,0.029461986482822076,0.03932386937507923,0.18178809447378444,0.34490891620318415,0.39011588442976475,0.8324020665282106,1.7550289832633539,2.1427527271804365,192,
808ff2e869ff5d92,V2_Q_mahalanobis,1.7611792547332084,1.9330779155337505,2.4890606682361884,2.933800675475261,3.539047337955485,4.19452337792558,4.888000391386661,5.34077700868163,128,
1b53682e2df854e1,V1_IL_self_KNN,0.015412974171340466,0.01601773425936699,0.018185353372246027,0.020230809226632118,0.023332536220550537,0.03305927049368619,0.0483968891575932,0.06131434440612793,64,
1b53682e2df854e1,V1_candidate_KNN,0.03156424403038839,0.033828837133904596,0.05319349253544631,0.07404744487235532,0.27057595539810875,0.33218286459044166,0.4292344699443407,0.5594429078668769,128,0.6796875
1b53682e2df854e1,V2_IL_Q_to_R_KNN,0.011405455879867077,0.012912795972079038,0.014999633422121406,0.017441989853978157,0.02158328238874674,0.038350903801620005,0.05339336700737477,0.08482491970062256,128,
1b53682e2df854e1,V2_candidate_KNN,0.010201176749690594,0.01576671698704913,0.03139879758503479,0.059843802359615866,0.1672964724467444,0.28574256278456417,0.35468087098219675,0.416085120277243,192,
1b53682e2df854e1,V2_Q_mahalanobis,1.6734594308218582,1.8923044495076435,2.2777646375676,2.691640884962731,3.0640021106553865,3.7282847841658153,4.1078476465105025,4.306445268140429,128,
dd175b6e08565a4e,V1_IL_self_KNN,0.0241291131824255,0.02662390051409602,0.03015932021662593,0.035015588626265526,0.04204335901886225,0.04992754589766264,0.06765555385500188,0.0785321444272995,64,
dd175b6e08565a4e,V1_candidate_KNN,0.056285978791825106,0.0641981572761908,0.08546085552009962,0.31108769060392605,0.40840225412466014,1.46780188827144,1.5791749856052888,1.7825052078506407,128,0.8125
dd175b6e08565a4e,V2_IL_Q_to_R_KNN,0.022157233208417892,0.024847043678164482,0.028555880300700665,0.03285384550690651,0.038332016207277775,0.05650884583592413,0.09400032818317422,0.10169348865747452,128,
dd175b6e08565a4e,V2_candidate_KNN,0.021539629224140478,0.028702155736593855,0.05953141764976927,0.11570349432634917,0.31476770098241347,1.319378772956383,1.550807883689789,1.573833869999452,192,
dd175b6e08565a4e,V2_Q_mahalanobis,2.1029460804012916,2.2962535838020806,2.824550178678955,3.2025379053020786,3.5107483329957208,4.163078317736377,4.689730439929216,5.08477255232775,128,
8e475454489d5f5b,V1_IL_self_KNN,0.01872364804148674,0.020139134488999844,0.0260065495967865,0.03151501901447773,0.03532056882977486,0.05303045026957987,0.08486729234457016,0.08561863005161285,64,
8e475454489d5f5b,V1_candidate_KNN,0.0771697823961231,0.09083315821942851,0.10542825546985987,0.15141417471139712,0.7693804068250985,1.0206343886330485,1.057837758638355,1.0971801584433662,128,0.9765625
8e475454489d5f5b,V2_IL_Q_to_R_KNN,0.017398174852132797,0.018803736474364997,0.022189794573932886,0.024866892956197262,0.028104400727897882,0.04285920169204473,0.06385125514119867,0.08767031133174896,128,
8e475454489d5f5b,V2_candidate_KNN,0.021261190371194713,0.02389710122131501,0.07328335376299151,0.13347243727502642,0.4013532490894231,0.8970221030890485,1.020689426174662,1.0747327356787462,192,
8e475454489d5f5b,V2_Q_mahalanobis,1.5486195349564609,1.8999152702566267,2.2580052946805895,2.592567710784862,2.893250464370966,3.507796970684652,4.053837740945047,4.377866347207067,128,
dc2d27a848115b56,V1_IL_self_KNN,0.030478578060865402,0.034497540816664694,0.044368086382746696,0.04899805970489979,0.05890205409377813,0.0837089419364929,0.10721093527972689,0.13188233971595764,64,
dc2d27a848115b56,V1_candidate_KNN,0.07896246412967248,0.1016319754816355,0.14082808739430572,0.21909497541084236,0.4753361988848507,0.9761562574884766,1.0201312330486005,1.1110556593268324,128,0.78125
dc2d27a848115b56,V2_IL_Q_to_R_KNN,0.026396427303552628,0.030372656974941493,0.03559129685163498,0.040535422042012215,0.049693877808749676,0.07440443523228167,0.08059267960488796,0.08250788599252701,128,
dc2d27a848115b56,V2_candidate_KNN,0.024266045311640172,0.03567310839528325,0.08804544290525074,0.14693364624737,0.3128954181473953,0.7822583451825073,0.9330676483598911,1.0469790618478443,192,
dc2d27a848115b56,V2_Q_mahalanobis,1.677435423745653,1.8428136977900016,2.18915880740792,2.6022374900964707,2.9850550945750824,3.5868658387664705,3.884645248998352,4.247202636023521,128,
3783e56bc9ef5e85,V1_IL_self_KNN,0.028850266709923744,0.02993603553622961,0.033956559374928474,0.0379208792001009,0.04621889628469944,0.07017420046031472,0.08366540566086769,0.08492250740528107,64,
3783e56bc9ef5e85,V1_candidate_KNN,0.08068475868472716,0.08408080765210037,0.09698207085356902,0.11666415390833496,0.7938106108897428,0.9430291630508997,0.9919269365608074,1.0077659713247928,128,0.9296875
3783e56bc9ef5e85,V2_IL_Q_to_R_KNN,0.020458418875932693,0.024656655825674535,0.03088489780202508,0.03485584259033203,0.04009716771543026,0.0503977309912443,0.07555427148938185,0.08981750905513763,128,
3783e56bc9ef5e85,V2_candidate_KNN,0.022453572955397166,0.03118257365042738,0.06900874367729332,0.10254097367954146,0.4433545145537812,0.8589761053618127,0.9451073516273766,0.9945204430752799,192,
3783e56bc9ef5e85,V2_Q_mahalanobis,1.9931390397128903,2.1359711471099945,2.533093470084817,2.895790875131989,3.334964178201282,3.9747563742634564,4.545569507833511,4.75098674764688,128,
d45a215505f05382,V1_IL_self_KNN,0.01900959387421608,0.019926481042057277,0.023710960522294044,0.028406583704054356,0.03502666763961315,0.050386975146830076,0.08208747774362558,0.09619511663913727,64,
d45a215505f05382,V1_candidate_KNN,0.11585819833165904,0.16831290002685562,0.19104494686529488,0.21508994972505402,0.25078455110649644,0.37183358016002616,0.4057825613777429,0.46675005062153085,128,1.0
d45a215505f05382,V2_IL_Q_to_R_KNN,0.017457952722907066,0.018705408833920956,0.021359337959438562,0.024339440278708935,0.0291010532528162,0.036324133351445194,0.04929665144532921,0.06520585715770721,128,
d45a215505f05382,V2_candidate_KNN,0.017985322458928202,0.02414687684711558,0.09288637865611026,0.1809764123316473,0.23024016518950222,0.3368601246915048,0.3721145830444646,0.43324458658038034,192,
d45a215505f05382,V2_Q_mahalanobis,1.507326586659617,1.6961122672200428,2.1068195485504337,2.4752142421477332,2.9246165750548845,3.437009249845816,3.550034643672093,3.791298675116429,128,
4775f8e1a53d5c6f,V1_IL_self_KNN,0.030618911609053612,0.03355349972844124,0.03903317730873823,0.04338365979492664,0.05179103743284941,0.07598417699337004,0.13504468291997904,0.15146943926811218,64,
4775f8e1a53d5c6f,V1_candidate_KNN,0.11836808579939886,0.14170486309449534,0.16789774512308794,0.21980158429173008,0.35336228222944366,0.7168306166336774,0.7410360142221432,0.7595352304272991,128,0.875
4775f8e1a53d5c6f,V2_IL_Q_to_R_KNN,0.02180258184671402,0.027165443263947965,0.032111866399645805,0.03663034178316593,0.04440152645111084,0.06714457683265206,0.10670542672276498,0.14004769921302795,128,
4775f8e1a53d5c6f,V2_candidate_KNN,0.021053394078791702,0.03319838673372703,0.0889597370623988,0.16695951243638613,0.27569033559677314,0.677581621303677,0.7049131382860967,0.7176997367392624,192,
4775f8e1a53d5c6f,V2_Q_mahalanobis,1.2181736972487307,1.8982757150315037,2.5267845931165245,2.842782110080396,3.278090522593287,4.0747657965681245,5.260565882118381,6.098418871648923,128,
802c127f63f955ed,V1_IL_self_KNN,0.025595933198928833,0.02811234863474965,0.032946813851594925,0.03708074428141117,0.04291653446853161,0.057560392841696735,0.1282449735701082,0.18385767936706543,64,
802c127f63f955ed,V1_candidate_KNN,0.06894600978361938,0.08461785121451189,0.1096631193047813,0.16574341500980064,0.21900897081506382,0.341100601493626,0.9329931137558506,1.2922935589388258,128,0.4296875
802c127f63f955ed,V2_IL_Q_to_R_KNN,0.02361239492893219,0.025578618329018355,0.029355545062571764,0.032572269439697266,0.0368439881131053,0.049453475885093204,0.06719515308737757,0.07514610141515732,128,
802c127f63f955ed,V2_candidate_KNN,0.025466382376328138,0.02992654274196617,0.056834284173508956,0.11124755924936608,0.17681711436552197,0.2987398253558371,0.6592874572404726,1.0516354246836535,192,
802c127f63f955ed,V2_Q_mahalanobis,1.4858341002796918,2.3737967571955334,2.8691590113456944,3.2124879998739053,3.740204899492801,4.304160680270116,4.707767712156541,4.9581069152658594,128,
f102259e52d35ac5,V1_IL_self_KNN,0.046001236885786057,0.05041400324553251,0.06066055968403816,0.0703553780913353,0.08518536202609539,0.10962143912911414,0.12224967390298841,0.12725523114204407,64,
f102259e52d35ac5,V1_candidate_KNN,0.14342464804473382,0.21918096308539772,0.2650349245959458,0.3338873747860068,0.43152674318794804,1.0532062231972645,1.1562527478432512,1.2324091405394957,128,1.0
f102259e52d35ac5,V2_IL_Q_to_R_KNN,0.03989936038851738,0.04554066155105829,0.05453135073184967,0.06031178869307041,0.06930256448686123,0.09106248542666431,0.11885531462728982,0.2020701915025711,128,
f102259e52d35ac5,V2_candidate_KNN,0.04452083970555683,0.05480323385512094,0.1622095672846496,0.2399457550892751,0.3423084846673097,0.8826322669365442,1.0481314831861592,1.1087826711499662,192,
f102259e52d35ac5,V2_Q_mahalanobis,1.75210051792675,2.5026175630812966,2.800468550509847,3.1114924341380474,3.521362060213305,4.067829083281122,4.363995702367295,4.8733627857452735,128,
db5aa5f382f25aaa,V1_IL_self_KNN,0.025234296917915344,0.027510641142725945,0.03263011481612921,0.035802142694592476,0.04049702547490597,0.06952674724161623,0.12802097901701923,0.14146074652671814,64,
db5aa5f382f25aaa,V1_candidate_KNN,0.04205642060204081,0.046555436524369755,0.051748070408582494,0.06227843480404964,0.6350541209694733,1.0634605342001846,1.1002473017011978,1.104863885930469,128,0.40625
db5aa5f382f25aaa,V2_IL_Q_to_R_KNN,0.019976496696472168,0.022166872024536134,0.026166174095124006,0.02951519563794136,0.034391336143016815,0.04571200590580702,0.05781356200575829,0.060986436903476715,128,
db5aa5f382f25aaa,V2_candidate_KNN,0.020342467073153906,0.02727426077543602,0.03852352759159075,0.05061269609632735,0.4097079255671096,0.9849743968206471,1.0335470250720165,1.0586659764909137,192,
db5aa5f382f25aaa,V2_Q_mahalanobis,1.4179836794427279,1.6034801464562893,2.0690171846153134,2.350609694670964,2.7445197598106144,3.326006024987385,3.8025261532093673,4.0416657394634505,128,
598efc24965e57ba,V1_IL_self_KNN,0.03108382225036621,0.033680799044668676,0.04224743414670229,0.05156884901225567,0.062400887720286846,0.08475027643144128,0.08754397563636301,0.09064438194036484,64,
598efc24965e57ba,V1_candidate_KNN,0.08062642025293064,0.09039315758813526,0.10066916268129059,0.11983520105295956,0.29870906839033234,0.39209198251947625,0.4083180969356813,0.41059441294396937,128,0.9375
598efc24965e57ba,V2_IL_Q_to_R_KNN,0.02278965711593628,0.029000577330589295,0.034682667814195156,0.03932313248515129,0.04584699496626854,0.07908208519220351,0.09822948187589647,0.15400490164756775,128,
598efc24965e57ba,V2_candidate_KNN,0.02840783188849528,0.035808876937334644,0.06105243556629192,0.09532624714753858,0.17842521140890533,0.32864369907480995,0.3847422554766124,0.3923100084432338,192,
598efc24965e57ba,V2_Q_mahalanobis,1.6750354726728482,1.985240489405718,2.6241140830135388,2.901409693366774,3.3230199731217533,4.002332546459389,4.623428779798333,5.313175071953405,128,
3e83f47571b05337,V1_IL_self_KNN,0.05493304878473282,0.05888212975114584,0.06545818038284779,0.07339915633201599,0.08456442132592201,0.10565911978483196,0.12844944655895227,0.14291135966777802,64,
3e83f47571b05337,V1_candidate_KNN,0.2103912069824924,0.2678552566127268,0.31058611337398717,0.3788666754052366,0.5892941775646194,0.8190619367796296,0.9606573779008193,0.9798521100724551,128,1.0
3e83f47571b05337,V2_IL_Q_to_R_KNN,0.04371374100446701,0.04840240553021431,0.05526277329772711,0.061738574877381325,0.07103787921369076,0.09348639398813248,0.10722861960530283,0.13282686471939087,128,
3e83f47571b05337,V2_candidate_KNN,0.0413396547861994,0.05510575446057741,0.19012695924776876,0.2771348790075707,0.4008134473483272,0.7525308858976324,0.9024802921677432,0.9858998574264397,192,
3e83f47571b05337,V2_Q_mahalanobis,1.5138996458465295,2.0829457899249664,2.501621602869383,2.8654756291315033,3.342141601335656,3.848995571591469,4.374987335253568,4.619898480543759,128,
f36236f06fb556a0,V1_IL_self_KNN,0.036833055317401886,0.04071541000157595,0.047337629832327366,0.05853201262652874,0.06486852839589119,0.08781351149082181,0.09059326820075511,0.09223142266273499,64,
f36236f06fb556a0,V1_candidate_KNN,0.1908861048372799,0.2377678480542727,0.27185915248307985,0.3833892006508923,0.657981972493792,1.1519713086995316,1.2014990611224659,1.2797060428723461,128,1.0
f36236f06fb556a0,V2_IL_Q_to_R_KNN,0.03491725027561188,0.0388420332223177,0.04428804945200682,0.047797007486224174,0.0533266868442297,0.06947574168443679,0.08173054836690427,0.09995250403881073,128,
f36236f06fb556a0,V2_candidate_KNN,0.041037374076864586,0.046190817842373444,0.15148379210073148,0.2410878311675344,0.43240235186794734,0.9980886013308402,1.1446106360871022,1.1507318686812007,192,
f36236f06fb556a0,V2_Q_mahalanobis,1.814553871511471,2.1438893600197715,2.6222316686931104,3.006543789900541,3.3515614800792837,3.770723947100317,4.126588767571027,4.586625741952489,128,
ed717de405885939,V1_IL_self_KNN,0.034100908786058426,0.03562238644808531,0.04169635567814112,0.045480456203222275,0.05251783225685358,0.07206601016223428,0.08278131484985349,0.0897216647863388,64,
ed717de405885939,V1_candidate_KNN,0.4604219033120306,0.558930535757589,0.6177502245674165,0.6834286319574461,0.820937268265095,1.7770947010238385,1.9486699277376944,3.804627083786653,128,1.0
ed717de405885939,V2_IL_Q_to_R_KNN,0.025515059009194374,0.027214787155389785,0.03104190481826663,0.03549778275191784,0.04173427727073431,0.05740638896822928,0.0683174540102482,0.08575161546468735,128,
ed717de405885939,V2_candidate_KNN,0.027265943845814412,0.035544625982684125,0.2870331920810701,0.5600674668312853,0.7246546528688298,1.6289466136026522,2.33468536328405,3.768646501845152,192,
ed717de405885939,V2_Q_mahalanobis,1.462375682903616,1.968590734049961,2.492287955234965,2.90379735504262,3.2093803040543922,3.88922763688662,4.2069475796983955,4.997128665680571,128,
a8b0833c7a065b81,V1_IL_self_KNN,0.02109166420996189,0.023095055017620325,0.025735179893672466,0.029832616448402405,0.035258252173662186,0.0502562878653407,0.058012191802263254,0.05993355065584183,64,
a8b0833c7a065b81,V1_candidate_KNN,0.041713783404095504,0.056328116139970345,0.14872198472026374,0.22160488603672568,0.3247382935355679,0.39374388019023954,0.4834039361683238,0.5432149433918875,128,0.9375
a8b0833c7a065b81,V2_IL_Q_to_R_KNN,0.018444444984197617,0.02137769674882293,0.023271542508155107,0.02526061423122883,0.030840903986245394,0.042559623531997194,0.06683635391294962,0.1132112517952919,128,
a8b0833c7a065b81,V2_candidate_KNN,0.019581911371537475,0.025321255654712653,0.057007014684445516,0.1258957710969002,0.22568225961989374,0.3753921546845868,0.4035573642654138,0.5001415846831213,192,
a8b0833c7a065b81,V2_Q_mahalanobis,1.9288364267942768,2.2688468782648283,2.74846352236197,3.0538474986163475,3.4867470640523983,3.9981167026084816,4.625434160198718,5.018575549025396,128,
f426002d6e275e78,V1_IL_self_KNN,0.035578276962041855,0.03845193739980459,0.04529269691556692,0.05265948176383972,0.06705679558217525,0.08813575804233549,0.11540438726544376,0.1257619559764862,64,
f426002d6e275e78,V1_candidate_KNN,0.10654754835813027,0.15645070666422134,0.19124851735037765,0.23772331729861365,0.3523317512641595,0.7302547440700038,0.781225966479197,0.7859761632841261,128,0.9921875
f426002d6e275e78,V2_IL_Q_to_R_KNN,0.02987605705857277,0.03578157182782889,0.04202849790453911,0.04676574096083641,0.05431435350328684,0.07331391051411625,0.08682017825543882,0.09011676162481308,128,
f426002d6e275e78,V2_candidate_KNN,0.03330999527668812,0.043324116330425794,0.10048857510901248,0.16109716437597932,0.25830282140315963,0.6144717318875996,0.7010377550265521,0.7481148349749434,192,
f426002d6e275e78,V2_Q_mahalanobis,1.3778022967360446,2.1460909134652106,2.5518790789388586,2.8023946198854923,3.169532109606191,3.637183394282108,3.870716055217912,3.9802925037103396,128,
3382fe7a030150df,V1_IL_self_KNN,0.015006959438323975,0.01745521482080221,0.020278239622712135,0.024214507080614567,0.028596994932740927,0.03448975458741188,0.057284857481718035,0.06383733451366425,64,
3382fe7a030150df,V1_candidate_KNN,0.08331073834037421,0.12899195349883386,0.1915737481185426,0.27175885748334294,0.32690296495889964,0.44292081301698216,0.4557414852068518,0.48425645090716607,128,1.0
3382fe7a030150df,V2_IL_Q_to_R_KNN,0.012025827541947365,0.014150042226538062,0.01631944766268134,0.018348095007240772,0.020077924709767103,0.025695217959582805,0.03178836295381189,0.04362548515200615,128,
3382fe7a030150df,V2_candidate_KNN,0.013063670155081631,0.018225993872672475,0.08293379711167927,0.16243728567500135,0.2720035566084239,0.4120468651544604,0.4452945539293435,0.44816406003799936,192,
3382fe7a030150df,V2_Q_mahalanobis,1.4317393850183335,1.7160553552322777,2.065843157059034,2.351415984814604,2.6470552229258155,3.4273844554478567,3.760805910470822,4.04946045929309,128,
a0283fb79a975f2c,V1_IL_self_KNN,0.03885774314403534,0.04178967215120792,0.04742700792849064,0.05586046539247036,0.06875092536211014,0.08655863590538498,0.12478924557566634,0.14510075747966766,64,
a0283fb79a975f2c,V1_candidate_KNN,0.115725766414738,0.13807748285188443,0.2290770813416409,0.26847390920028225,0.5259567785366719,1.0985847850532626,1.1854304359024117,1.873678409849499,128,0.921875
a0283fb79a975f2c,V2_IL_Q_to_R_KNN,0.02928141877055168,0.03233157563954592,0.038483694195747375,0.04699551500380039,0.05571472737938166,0.07852248623967167,0.12235940419137481,0.19786688685417175,128,
a0283fb79a975f2c,V2_candidate_KNN,0.032900554690960246,0.04323223415069258,0.10928331345241715,0.23825351644422693,0.3812922499341601,0.9136676254260531,1.0805435926489306,1.0982015486004084,192,
a0283fb79a975f2c,V2_Q_mahalanobis,1.7647470121608246,1.9409153998949105,2.4377646308991205,2.7841078022824863,3.1349586231957964,3.8429225463021606,4.408210387943188,4.819448386893047,128,
45e7e76381d85846,V1_IL_self_KNN,0.037005554884672165,0.03868435509502888,0.043235632590949535,0.04774416238069534,0.054632759653031826,0.07502898164093494,0.08214000709354874,0.09225974231958389,64,
45e7e76381d85846,V1_candidate_KNN,0.08775557928853497,0.11495418362087118,0.1704095173980309,0.21883825045754313,0.27079896940212744,0.5011626637827552,0.6209052154595219,0.6840371206570345,128,0.984375
45e7e76381d85846,V2_IL_Q_to_R_KNN,0.02428974211215973,0.027199863735586405,0.033141668885946274,0.036912091076374054,0.04657858517020941,0.05784623716026544,0.06713218122720721,0.06941630691289902,128,
45e7e76381d85846,V2_candidate_KNN,0.024264237551872327,0.03058669260701365,0.09694752196736758,0.16404710959173185,0.24661901523791488,0.46622189069292846,0.6099113080223394,0.7304926140509141,192,
45e7e76381d85846,V2_Q_mahalanobis,1.6561069596753524,1.9298773659601784,2.325193338634958,2.6903221684790086,2.973619081973874,3.455428133392452,3.809551130730593,3.9085261635393507,128,
9cac2a2e22c25964,V1_IL_self_KNN,0.022549856454133987,0.024898445047438145,0.028850258328020573,0.0328668337315321,0.03690787684172392,0.04847403541207312,0.06616026200354096,0.07560040056705475,64,
9cac2a2e22c25964,V1_candidate_KNN,0.06862430669480131,0.10150790958950796,0.14031773598982497,0.2004822365919242,0.2652024283794117,0.4129379508477151,0.4322591050328182,0.4385814499384004,128,0.984375
9cac2a2e22c25964,V2_IL_Q_to_R_KNN,0.01884080097079277,0.020782546885311604,0.02370294788852334,0.026497282087802887,0.029923935420811176,0.03730008024722337,0.050309625342488326,0.05724579095840454,128,
9cac2a2e22c25964,V2_candidate_KNN,0.02167001938513118,0.024750739803452385,0.07126424439693581,0.13399853473780612,0.21999145879946297,0.3824023952068124,0.41361504564144147,0.42484413800406484,192,
9cac2a2e22c25964,V2_Q_mahalanobis,1.5305412917304757,2.3585410182704,2.8318152762043076,3.196809529535786,3.5140500851775727,4.047593813957868,4.29074255536921,4.627641880235621,128,
f86b2f13b23d5470,V1_IL_self_KNN,0.02820006012916565,0.032888695038855074,0.040343839675188065,0.04549355059862137,0.057303144596517086,0.10370999574661253,0.13113056622445574,0.1521003693342209,64,
f86b2f13b23d5470,V1_candidate_KNN,0.05996419495608751,0.10060514254016556,0.12747850966302998,0.27413250952155005,0.3345840386644203,0.6266698471201907,0.8145334390757247,0.8838868979903289,128,0.640625
f86b2f13b23d5470,V2_IL_Q_to_R_KNN,0.02625657618045807,0.029451018664985895,0.03422193322330713,0.04019703157246113,0.047176589258015156,0.06266243942081928,0.06994563385844231,0.08894435316324234,128,
f86b2f13b23d5470,V2_candidate_KNN,0.025444067467630015,0.03444768833362462,0.06569846246555341,0.12701072146165834,0.28904529010850233,0.5468015954189462,0.7355192479819107,0.8989370074668157,192,
f86b2f13b23d5470,V2_Q_mahalanobis,1.8508485958438998,2.2233072292531677,2.575751130989406,2.8802528407334314,3.229129951322898,3.8998210227450976,4.311793861655571,4.433573030941221,128,
6e5e2d80ec915e15,V1_IL_self_KNN,0.05315537378191948,0.053859507851302627,0.06157698482275009,0.06918923556804657,0.07946840301156044,0.11132881008088588,0.14029178932309144,0.1546010673046112,64,
6e5e2d80ec915e15,V1_candidate_KNN,0.255343667683667,0.3718219743981202,0.40561540398809076,0.4253777466028703,0.5037141415926447,0.843659381682259,0.9412516468428334,0.9764008629806835,128,1.0
6e5e2d80ec915e15,V2_IL_Q_to_R_KNN,0.044301968067884445,0.04977092165499926,0.05649703275412321,0.06288812309503555,0.07119276374578476,0.08474828414618968,0.10994716495275499,0.12304401397705078,128,
6e5e2d80ec915e15,V2_candidate_KNN,0.045951072210403246,0.05751804374000947,0.21322173482382842,0.3905428541172181,0.4533949435172891,0.7431319049022934,0.9061623833997736,0.9583527182269748,192,
6e5e2d80ec915e15,V2_Q_mahalanobis,2.350742063707591,2.8152689296163165,3.189349421916887,3.5120844851758095,3.9236535698578563,4.279372272879469,4.611057410890978,4.703266861336218,128,
b5d7c17fe5375141,V1_IL_self_KNN,0.01824316568672657,0.021619625482708217,0.027885951101779938,0.032441793009638786,0.037766640074551105,0.05703514032065865,0.08528220787644382,0.09744126349687576,64,
b5d7c17fe5375141,V1_candidate_KNN,0.26816863738301555,0.29288947317398395,0.41644746001927685,0.9301535730225221,1.0279690197490994,1.121430186795472,1.1891586946971238,1.1901656210345828,128,1.0
b5d7c17fe5375141,V2_IL_Q_to_R_KNN,0.015903756022453308,0.018693103175610303,0.0220190086401999,0.02472426276654005,0.028886650688946247,0.037371312640607356,0.0470794862136245,0.09458406269550323,128,
b5d7c17fe5375141,V2_candidate_KNN,0.01647094092741471,0.0214461970685559,0.17920211916779133,0.38442419799454686,0.9166884623729628,1.0636356739695827,1.1105611335514125,1.1510535243965765,192,
b5d7c17fe5375141,V2_Q_mahalanobis,1.236522743403755,1.5884808118016147,2.1450980637857144,2.4322442661026855,2.7846137188210034,3.4131330903033255,3.6518580493365267,4.757763817954716,128,
bae3d8ac0ee85cad,V1_IL_self_KNN,0.028560783714056015,0.03217299059033394,0.03603957127779722,0.042377620935440063,0.05749126151204109,0.06933977715671062,0.10401895068585851,0.15779083967208862,64,
bae3d8ac0ee85cad,V1_candidate_KNN,0.14466847309718806,0.20089828354154365,0.2301605493470254,0.253088851448079,0.4051053889483185,0.4831448853314031,0.517580703457835,0.5339858239653384,128,0.9921875
bae3d8ac0ee85cad,V2_IL_Q_to_R_KNN,0.02459319308400154,0.028069567307829855,0.03213744889944792,0.03779074363410473,0.044491179287433624,0.055579457990825164,0.10201422788202767,0.15567336976528168,128,
bae3d8ac0ee85cad,V2_candidate_KNN,0.023324622341254143,0.03274244178310821,0.09789516336562934,0.1939224413553518,0.2773877284480484,0.46424767665927813,0.49986676991498896,0.5312490249614591,192,
bae3d8ac0ee85cad,V2_Q_mahalanobis,1.4781550601512294,1.86940964154306,2.4570417056997376,2.817454625409101,3.390664931121041,4.015201455608409,4.494674582709743,5.670009655876204,128,
4833c4f6d87f5021,V1_IL_self_KNN,0.026060085743665695,0.028224805556237697,0.0343084242194891,0.042731963098049164,0.05137495789676905,0.061179866082966314,0.076140594407916,0.09241660684347153,64,
4833c4f6d87f5021,V1_candidate_KNN,0.19950428851218754,0.2348536864501295,0.26363687034969624,0.30176774829476727,0.40783587215948747,0.4771999393584454,0.5537843065778562,0.7740952124997076,128,1.0
4833c4f6d87f5021,V2_IL_Q_to_R_KNN,0.02127169445157051,0.027299289032816886,0.0333695225417614,0.03793926350772381,0.043277835473418236,0.058889818377792835,0.08455221600830563,0.09644154459238052,128,
4833c4f6d87f5021,V2_candidate_KNN,0.025588590925651238,0.03123424317159807,0.1205319179578048,0.22383547424746347,0.2819907294932703,0.44149975261076857,0.47123594144997905,0.4842972862391175,192,
4833c4f6d87f5021,V2_Q_mahalanobis,1.5678434833163533,2.081580881364391,2.5911867549273966,2.972489690069754,3.3952206968331664,4.243480209772559,4.9272843666815,5.05663639337767,128,
a507cbf8c4055960,V1_IL_self_KNN,0.017375458031892776,0.01860262146219611,0.02152604376897216,0.025126968510448933,0.030846513342112303,0.044062819145619846,0.059454913362860656,0.06506054848432541,64,
a507cbf8c4055960,V1_candidate_KNN,0.06298141177468282,0.06884749358168266,0.10757813520205206,0.22048160673498657,0.3351554351753392,0.5927703692822904,0.6183155324587988,0.6425242221678842,128,0.9765625
a507cbf8c4055960,V2_IL_Q_to_R_KNN,0.01359868049621582,0.015915589034557344,0.018729116301983595,0.020861297845840454,0.024251927621662617,0.03165020253509283,0.04634592272341256,0.054972268640995026,128,
a507cbf8c4055960,V2_candidate_KNN,0.015673257705504158,0.018899508951591447,0.06162289199162206,0.1222587849649241,0.2685262452628928,0.5492001441389027,0.5811267964761098,0.5925728373236222,192,
a507cbf8c4055960,V2_Q_mahalanobis,1.2584478076638683,1.5638998384794527,1.9827647221605027,2.261696643502221,2.5657220156775735,3.184981350870356,3.3526765984943507,3.7954816301568193,128,
331e21d3c8d65bae,V1_IL_self_KNN,0.024631235748529434,0.028099284414201973,0.033887555822730064,0.04263764247298241,0.054123819805681705,0.06477174311876296,0.07615668147802353,0.07748574018478394,64,
331e21d3c8d65bae,V1_candidate_KNN,0.044458099660519765,0.06149868009512751,0.147873655275801,0.20018507049572448,0.2508205331677009,0.29276824635051846,0.32158213024024696,0.36605490076428476,128,0.8515625
331e21d3c8d65bae,V2_IL_Q_to_R_KNN,0.018223658204078674,0.024600091204047204,0.027926922775804996,0.033610716462135315,0.039818381890654564,0.058505263179540606,0.09770415954291828,0.10634428262710571,128,
331e21d3c8d65bae,V2_candidate_KNN,0.02095422801970966,0.029359931225236807,0.06671583533896913,0.13205464346391085,0.2116159345818276,0.26091260360663204,0.30508187117226515,0.313617237007123,192,
331e21d3c8d65bae,V2_Q_mahalanobis,0.6030109657553351,1.2491690342120152,1.7183429372218704,2.01185482934319,2.461587137441143,3.0062763762057405,3.577591918410729,3.7424054833178944,128,
c5f7460ee0da513a,V1_IL_self_KNN,0.030550003051757812,0.03152106124907732,0.0371070122346282,0.043268075212836266,0.049928572960197926,0.07844095416367053,0.09118851892650122,0.10434053838253021,64,
c5f7460ee0da513a,V1_candidate_KNN,0.11378204395566689,0.12211205325582881,0.3858498996874278,0.4403938939265528,0.5290917995348565,0.7505387749882901,0.963817989116448,1.023660605093654,128,1.0
c5f7460ee0da513a,V2_IL_Q_to_R_KNN,0.028257519006729126,0.030907397996634244,0.03375054616481066,0.037080878391861916,0.040894233621656895,0.052383193001151074,0.06863670565187932,0.06958292424678802,128,
c5f7460ee0da513a,V2_candidate_KNN,0.027377644594453725,0.034554499176413934,0.1191852020135474,0.32113697808020514,0.45802381591905056,0.6441354721775633,0.8090002183044084,0.9769896152668605,192,
c5f7460ee0da513a,V2_Q_mahalanobis,1.8198141788860882,2.3247648653269035,2.7401632191025618,3.0150158464062473,3.389532278849008,3.7916202549353435,4.10629042281033,4.215868115352691,128,
7eb9b36921b25d5b,V1_IL_self_KNN,0.037094976752996445,0.039570533111691474,0.042984326370060444,0.048693034797906876,0.05669679492712021,0.07286111637949942,0.11496068753302074,0.17021366953849792,64,
7eb9b36921b25d5b,V1_candidate_KNN,0.08546341148720489,0.10102122143053636,0.11657176731211108,0.14153976738783025,0.23123876286061926,0.46869234918362135,0.48782982971236416,0.4991285966333427,128,0.40625
7eb9b36921b25d5b,V2_IL_Q_to_R_KNN,0.031023070216178894,0.03494896423071623,0.03859683312475681,0.043129509314894676,0.04784541670233011,0.05787095353007317,0.07056488197296863,0.07863256335258484,128,
7eb9b36921b25d5b,V2_candidate_KNN,0.030085132359372074,0.03747878842918692,0.06040915133509813,0.1046753248261343,0.1745766217445844,0.42288674352499833,0.4592646873277827,0.4826705017427836,192,
7eb9b36921b25d5b,V2_Q_mahalanobis,2.1299533150057224,2.4797899291440095,2.8262184104181216,3.208858815310172,3.5466477802214875,4.036710507176991,4.4564652841711405,4.78115783509629,128,
8d76cc7ca097546b,V1_IL_self_KNN,0.030258972197771072,0.03581292759627104,0.04136315640062094,0.049444593489170074,0.058195868507027626,0.09335870891809463,0.11563637085258957,0.12390687316656113,64,
8d76cc7ca097546b,V1_candidate_KNN,0.19394953635149498,0.24068206851355475,0.35249188774543133,0.4465787756656654,0.5370739774613432,0.8143998174827491,0.8878222773123232,0.942531024713919,128,1.0
8d76cc7ca097546b,V2_IL_Q_to_R_KNN,0.028269564732909203,0.030608876142650843,0.035006316378712654,0.03883843123912811,0.045011552050709724,0.05552928466349839,0.08587499715387835,0.1435685157775879,128,
8d76cc7ca097546b,V2_candidate_KNN,0.029791102068224662,0.036102148316007276,0.15200710606372758,0.31648017046116156,0.4555320491178962,0.7201237564676474,0.8231063023384628,0.8968265062282208,192,
8d76cc7ca097546b,V2_Q_mahalanobis,1.518652524207473,2.061833506992872,2.5408141430089493,2.832081842124521,3.243684748636676,3.7634472203329277,4.423669888239635,4.5356301380173845,128,
7b20cfb388a15b3d,V1_IL_self_KNN,0.020087173208594322,0.02304231021553278,0.025860600173473358,0.028686421923339367,0.03229656536132097,0.058429414778947794,0.116562062203884,0.1466134488582611,64,
7b20cfb388a15b3d,V1_candidate_KNN,0.07498024224454977,0.08389495609718384,0.14852986055408146,0.1765039393818274,0.4048921273938528,0.9362935853935956,0.9767117987738516,1.0839252366468277,128,0.7578125
7b20cfb388a15b3d,V2_IL_Q_to_R_KNN,0.01660536602139473,0.01819429835304618,0.02141343243420124,0.02353786490857601,0.029478318989276886,0.04121640026569365,0.06175414942204955,0.08567549288272858,128,
7b20cfb388a15b3d,V2_candidate_KNN,0.01566562812300095,0.021832349189692523,0.07307864574087802,0.1507002466148611,0.26796655457134366,0.8368719580599026,0.9731593738721827,1.0970462180308636,192,
7b20cfb388a15b3d,V2_Q_mahalanobis,1.070997928618019,1.6338674247578342,1.9962223809769417,2.3225868126113367,2.7277157552021167,3.3504306962530133,3.683320432135721,3.823099016234822,128,
87a04f063e505051,V1_IL_self_KNN,0.025045108050107956,0.028168412670493127,0.0317403357475996,0.03454611822962761,0.04132594354450703,0.06556271109729998,0.07835835613310337,0.07924535125494003,64,
87a04f063e505051,V1_candidate_KNN,0.07747484908666588,0.10831175234442257,0.15474288064846003,0.23444918632619002,0.42739889658339913,0.539826560603184,0.6162211259565011,0.6408810804299898,128,0.9921875
87a04f063e505051,V2_IL_Q_to_R_KNN,0.01906045712530613,0.022862045373767615,0.02512223646044731,0.028087399899959564,0.03288906253874302,0.04631873872131108,0.05164100006222727,0.05641475319862366,128,
87a04f063e505051,V2_candidate_KNN,0.018997491188323036,0.02671048547340038,0.08686473005729722,0.14202920638676758,0.255090189926737,0.49000332555211545,0.5650176296504714,0.6080023384618555,192,
87a04f063e505051,V2_Q_mahalanobis,1.4925427600620638,1.991451284786523,2.635485240613921,3.072828274976502,3.366077450209656,3.8148157399747964,4.471018594657878,4.8583295615569115,128,
e4fda5ede9c657f1,V1_IL_self_KNN,0.016970360651612282,0.01877285372465849,0.02116866549476981,0.025186924263834953,0.028450835030525923,0.052732479944825154,0.07511413343250745,0.09181776642799377,64,
e4fda5ede9c657f1,V1_candidate_KNN,0.04612564110385224,0.0656103525196339,0.08061659982535421,0.10371635806119811,0.3626416734041503,0.41832260158011725,0.45620788930469225,0.46054815068374566,128,0.5390625
e4fda5ede9c657f1,V2_IL_Q_to_R_KNN,0.015006521716713905,0.017735774535685776,0.020427547860890627,0.022703925147652626,0.026120441034436226,0.03509621005505322,0.05729455333203086,0.0678953155875206,128,
e4fda5ede9c657f1,V2_candidate_KNN,0.01555898302083974,0.020669861428044393,0.04755713818477041,0.07245125108098255,0.18988396868611293,0.3865796900660659,0.41603004389990184,0.4246889157962618,192,
e4fda5ede9c657f1,V2_Q_mahalanobis,1.5582295331911888,1.8864658985244103,2.3721138656867233,2.741209918958094,3.0535825817393243,3.547610620003086,4.048913970706518,4.181453985318288,128,
163693e2ba175db3,V1_IL_self_KNN,0.046973854303359985,0.04817135240882635,0.05710536055266857,0.06240954250097275,0.07442428916692734,0.10694560222327704,0.14202082753181444,0.173447385430336,64,
163693e2ba175db3,V1_candidate_KNN,0.09500512821465941,0.11516385100275404,0.1321232931286607,0.22110617445196046,0.39355747015149134,0.6152454305189025,0.6621199553583205,0.8174036094211881,128,0.6015625
163693e2ba175db3,V2_IL_Q_to_R_KNN,0.03474781662225723,0.03982913512736559,0.04670088645070791,0.051709890365600586,0.06461266614496708,0.09202388525009153,0.11779259659349925,0.15895943343639374,128,
163693e2ba175db3,V2_candidate_KNN,0.04155907230334493,0.04800082630832644,0.09319454564821412,0.12904934458825473,0.24917660149876825,0.551470460914008,0.6160263951287599,0.8095546960554308,192,
163693e2ba175db3,V2_Q_mahalanobis,1.3424003581514385,2.1940026343240135,2.588445475693555,3.0165441191443865,3.3919611399604213,4.134765040765664,4.514358129756505,4.740600910261469,128,
007505437ed45b53,V1_IL_self_KNN,0.028353285044431686,0.02974751302972436,0.036369060166180134,0.041317444294691086,0.04554433561861515,0.05770062170922756,0.08124130703508854,0.08190053701400757,64,
007505437ed45b53,V1_candidate_KNN,0.11292433519649689,0.11553387788216098,0.12260471606371574,0.13590716626752164,0.5447482446325221,0.6143399840518498,0.7121340050033532,0.7301441939609985,128,1.0
007505437ed45b53,V2_IL_Q_to_R_KNN,0.026282628998160362,0.028094191290438175,0.03087819181382656,0.0328911729156971,0.03670311160385609,0.05128987338393926,0.06854909211397173,0.07210160046815872,128,
007505437ed45b53,V2_candidate_KNN,0.02568035347713621,0.03220940165944797,0.07713534876481566,0.12325356892005931,0.30318528517536325,0.5725647854921823,0.6847039947779735,0.701998405861821,192,
007505437ed45b53,V2_Q_mahalanobis,2.279215316034141,2.5136221376041092,3.042813415791326,3.3881546319353943,3.6546981503540206,4.451274954169152,4.678609526511118,4.72075672163226,128,
b1199a48987b5f73,V1_IL_self_KNN,0.020707860589027405,0.02391802268102765,0.026304741390049458,0.029061421751976013,0.0349679933860898,0.05225311405956742,0.1126642908900974,0.16561201214790344,64,
b1199a48987b5f73,V1_candidate_KNN,0.07021333044509159,0.08138976672645369,0.14281187162172007,0.16810606454940918,0.3024901150499715,0.592076992634237,0.6244714531433341,0.6316209191830021,128,0.53125
b1199a48987b5f73,V2_IL_Q_to_R_KNN,0.016293060034513474,0.01867738589644432,0.021124461200088263,0.024749698117375374,0.028104775585234165,0.04030957911163568,0.059712609797716164,0.08820874989032745,128,
b1199a48987b5f73,V2_candidate_KNN,0.017158273563971795,0.023995893774069396,0.06191979571577564,0.13252595762983146,0.22698628806573337,0.505293929572861,0.6036884693515088,0.6308981955234467,192,
b1199a48987b5f73,V2_Q_mahalanobis,1.2580830288107065,1.567708688171,2.068973001887529,2.3920952430372004,2.7251590680530358,3.137310455667398,3.38021970654931,3.6868511768004297,128,
a1bcc195c8e85f37,V1_IL_self_KNN,0.02140367031097412,0.02343665361404419,0.02673945715650916,0.03235636651515961,0.04095965623855591,0.05539612863212822,0.06461285293102265,0.06509320437908173,64,
a1bcc195c8e85f37,V1_candidate_KNN,0.15875082944940858,0.19487133969377335,0.3341860423480518,0.4954699437526561,0.5817064276153925,0.7523897448718336,0.7978637112656561,0.8089920926759764,128,1.0
a1bcc195c8e85f37,V2_IL_Q_to_R_KNN,0.015825241804122925,0.019193541258573532,0.022754474077373743,0.025149165652692318,0.027374717872589827,0.03340783882886171,0.04103412814438344,0.06560969352722168,128,
a1bcc195c8e85f37,V2_candidate_KNN,0.019496457592915167,0.023101771860343265,0.12045272316253113,0.28238745215675687,0.47948019353158583,0.7119694873956341,0.7515709460785954,0.788548715024141,192,
a1bcc195c8e85f37,V2_Q_mahalanobis,1.341062869641296,1.6695562657161356,2.164674982622434,2.480375050858357,2.760264869438256,3.258868424002444,4.0522296503524995,4.550312558614166,128,
99c663a7b4e15514,V1_IL_self_KNN,0.018630336970090866,0.020652968902140856,0.025701900012791157,0.030956904403865337,0.03907072078436613,0.06805993951857088,0.08690405793488025,0.08803825080394745,64,
99c663a7b4e15514,V1_candidate_KNN,0.06412568371181852,0.17654833629126734,0.20278937726622248,0.24084630846235253,0.8223696385471713,1.0960925891693578,1.1595002743932572,1.1836333864966824,128,0.9921875
99c663a7b4e15514,V2_IL_Q_to_R_KNN,0.017252709716558456,0.018802625499665736,0.023286548908799887,0.026567423716187477,0.03022473305463791,0.04028645325452089,0.05925881706178194,0.12464916706085205,128,
99c663a7b4e15514,V2_candidate_KNN,0.019250081817778073,0.023374976935303556,0.09749968467523454,0.19223802630259673,0.4942205190770337,1.0507609173870431,1.1482395733484851,1.1798726106613686,192,
99c663a7b4e15514,V2_Q_mahalanobis,1.7968757414719316,1.9673131558330514,2.350687727336275,2.7173604111160263,3.10604570828905,3.7835461885543835,4.157851599658095,4.421507352227915,128,
2b9bcbd586b55042,V1_IL_self_KNN,0.014358395710587502,0.01501266248524189,0.019788087345659733,0.02303499635308981,0.029727199114859104,0.04973355252295731,0.06338257774710655,0.06360851228237152,64,
2b9bcbd586b55042,V1_candidate_KNN,0.05928345115112599,0.17885056211281336,0.2813151203756429,0.30655530468962067,0.3718635663989884,0.4536144605031653,0.47838711925849087,0.49631087884294783,128,0.984375
2b9bcbd586b55042,V2_IL_Q_to_R_KNN,0.013404120691120625,0.01578578669577837,0.017775768879801035,0.019946357235312462,0.022944111842662096,0.029602148756384845,0.036658443659543995,0.06988005340099335,128,
2b9bcbd586b55042,V2_candidate_KNN,0.013016576098830715,0.017841379943912945,0.06317401175099692,0.19388321626695126,0.28131538773780296,0.3567711457763992,0.4163178502853958,0.4425351466282056,192,
2b9bcbd586b55042,V2_Q_mahalanobis,1.3903955022899266,1.9013891497015005,2.325550246405485,2.541636043728751,2.8688284922030984,3.3585035710490136,3.853753734937948,4.040260188298878,128,
113b14c30cc25989,V1_IL_self_KNN,0.022346097975969315,0.024010645411908626,0.02709675347432494,0.031015777960419655,0.03765997290611267,0.05478104352951049,0.06963128790259361,0.07101784646511078,64,
113b14c30cc25989,V1_candidate_KNN,0.03443688162374042,0.03974538608791111,0.06602646130696871,0.1663725244687384,0.23579598614044012,0.335058025799308,0.41716904897831725,0.44746799528859904,128,0.6875
113b14c30cc25989,V2_IL_Q_to_R_KNN,0.01749204285442829,0.019118458405137064,0.02450823737308383,0.027976274490356445,0.032627920620143414,0.05136744659394025,0.06173126898705962,0.08125661313533783,128,
113b14c30cc25989,V2_candidate_KNN,0.01779557346593772,0.02466103836215736,0.04012429537856099,0.07202253764785957,0.1642360679786133,0.28158985116170043,0.3644057562385332,0.42093035534949397,192,
113b14c30cc25989,V2_Q_mahalanobis,1.5140931191397629,1.9129246380503129,2.2754842102810167,2.6716670898645836,3.134059563174655,3.5764850735598905,4.42076152146879,5.475152439121611,128,
b37b1679fd745ac9,V1_IL_self_KNN,0.012841789051890373,0.014089621230959892,0.017023826017975807,0.020054711028933525,0.02446795627474785,0.03950833659619093,0.07694843821227546,0.08862074464559555,64,
b37b1679fd745ac9,V1_candidate_KNN,0.06964643496683472,0.1646822910672382,0.21871589862881866,0.2729740735391104,0.3201071488200653,0.48675572951794815,0.4939321139586152,0.49636552457289007,128,0.9921875
b37b1679fd745ac9,V2_IL_Q_to_R_KNN,0.009337278082966805,0.011979572055861355,0.014091210905462503,0.01605193316936493,0.018173865973949432,0.02434651050716638,0.027891092449426655,0.09802166372537613,128,
b37b1679fd745ac9,V2_candidate_KNN,0.0112646617421006,0.014207889626334892,0.10480223465880013,0.17485472061819263,0.26815921115001196,0.43960484242374853,0.4537436797302319,0.45711028563116624,192,
b37b1679fd745ac9,V2_Q_mahalanobis,1.231246100897111,1.72473863005399,2.2212648376656583,2.490578834639348,2.861909893844887,3.357843174773986,3.633225380771983,4.143041484163882,128,
a4b7b2795e615efb,V1_IL_self_KNN,0.029201429337263107,0.03051072210073471,0.033239979296922684,0.03725942224264145,0.04310134146362543,0.056527025997638695,0.0773697094619274,0.08078180253505707,64,
a4b7b2795e615efb,V1_candidate_KNN,0.10792875978019287,0.12253623935202197,0.1370829475491659,0.1600823003148868,0.6796277685610459,1.0946187888986512,1.1961635892914295,1.6860139962442005,128,1.0
a4b7b2795e615efb,V2_IL_Q_to_R_KNN,0.024613749235868454,0.025933591928333045,0.028729026671499014,0.032869989052414894,0.03971365001052618,0.05578620862215756,0.06305810067802668,0.08023106306791306,128,
a4b7b2795e615efb,V2_candidate_KNN,0.02295458077742656,0.02949387462871391,0.0899571957844898,0.14606425748211066,0.49593297898211974,0.9977878983035093,1.1854796911834087,1.6440582504202443,192,
a4b7b2795e615efb,V2_Q_mahalanobis,1.9568043065408138,2.33821576890597,2.758038185145784,3.113080055509169,3.5732227361508366,4.239216737440262,4.365809250529164,4.955337300002563,128,
c75edb67a65b5a33,V1_IL_self_KNN,0.05030258744955063,0.05604841038584709,0.06581435352563858,0.0743948295712471,0.08550592139363289,0.11949214078485962,0.14090234696865078,0.15277418494224548,64,
c75edb67a65b5a33,V1_candidate_KNN,0.40448023971219127,0.4547444707483912,0.7445236147429255,1.232869203147722,1.449629943153321,1.4970030734685014,1.5272464451128303,1.5369075224474908,128,1.0
c75edb67a65b5a33,V2_IL_Q_to_R_KNN,0.044883184134960175,0.04928131215274334,0.05763388518244028,0.06538831442594528,0.07500992529094219,0.127477253973484,0.16408321112394333,0.18403522670269012,128,
c75edb67a65b5a33,V2_candidate_KNN,0.05254547745521086,0.06427261255685565,0.32846923879639,0.6863903807138967,1.1839822147051928,1.4318057794707484,1.450242923439785,1.4878973791746808,192,
c75edb67a65b5a33,V2_Q_mahalanobis,1.7841053218595646,2.4660144320336737,2.7236381136653756,3.09703633468127,3.50180578878977,4.042622425815583,4.3932157263606735,4.478469783119569,128,
fbec1eb4b33955e2,V1_IL_self_KNN,0.019501565024256706,0.02297689123079181,0.02800620347261429,0.032773662358522415,0.037577434442937374,0.0463341724127531,0.060117511376738465,0.08014936745166779,64,
fbec1eb4b33955e2,V1_candidate_KNN,0.03374385334665282,0.05883180599602877,0.08073604605436618,0.18376435162719096,0.2762881860415028,0.5957352011719446,0.6128866634873268,0.6323128320353544,128,0.75
fbec1eb4b33955e2,V2_IL_Q_to_R_KNN,0.01485280692577362,0.017234559822827577,0.021232735365629196,0.02422767784446478,0.030362385790795088,0.04870144091546535,0.05324263747781516,0.060055412352085114,128,
fbec1eb4b33955e2,V2_candidate_KNN,0.017763845138205444,0.023910504539138358,0.05609547472966907,0.09076980303755144,0.21581669983279916,0.5622776098383578,0.6029157724010961,0.6321975668787723,192,
fbec1eb4b33955e2,V2_Q_mahalanobis,0.894567649858237,1.3271301440564727,1.8039564733834539,2.1835748862588216,2.612192105036426,3.2497077489159842,3.6613228149298984,4.266449031738274,128,
c1ae700926d4577c,V1_IL_self_KNN,0.020074009895324707,0.02118118042126298,0.025910415686666965,0.028772255405783653,0.033345029689371586,0.04728185832500457,0.0779763094708322,0.11221709102392197,64,
c1ae700926d4577c,V1_candidate_KNN,0.040513157603159614,0.049147577162905944,0.0780495667824034,0.09462014293776363,0.8407690914139684,1.6866306955311232,1.8562236084018169,1.923974934610704,128,0.40625
c1ae700926d4577c,V2_IL_Q_to_R_KNN,0.015932654961943626,0.017977486364543438,0.01999777788296342,0.022455474361777306,0.026231924537569284,0.03599401004612443,0.04605245295912028,0.05452398583292961,128,
c1ae700926d4577c,V2_candidate_KNN,0.016011067503717266,0.020930863034014827,0.04555852010420164,0.0788094840600774,0.621504932714213,1.5989122909130267,1.8146779305284657,1.8877572036574068,192,
c1ae700926d4577c,V2_Q_mahalanobis,1.386403011985257,1.75049322158123,2.1011991787024886,2.4160172552528056,2.722530876005801,3.2147784122683656,3.9213328600842643,4.29532067060301,128,
eba5b88270db545e,V1_IL_self_KNN,0.020304447039961815,0.021819480881094932,0.02556849643588066,0.029908258467912674,0.034087641164660454,0.04992360044270749,0.07592229716479777,0.07812925428152084,64,
eba5b88270db545e,V1_candidate_KNN,0.19250808985128018,0.2024818733572125,0.4131189233462794,0.55391477214518,0.6219136973229245,0.7201775806252212,0.7570587793260343,0.7852742152148524,128,1.0
eba5b88270db545e,V2_IL_Q_to_R_KNN,0.014423510059714317,0.018537622410804033,0.020992554258555174,0.024301868863403797,0.029057647567242384,0.04295387659221887,0.05779037058353426,0.0872761607170105,128,
eba5b88270db545e,V2_candidate_KNN,0.019179221367853737,0.02474630025165265,0.1351709125506357,0.33319105248513403,0.5133911838293064,0.6678069097629068,0.7416986857169748,0.7684687251970166,192,
eba5b88270db545e,V2_Q_mahalanobis,1.3161993341367317,1.6189798774538333,2.264304016889116,2.6700355346218965,2.9896044447885384,3.7863790889832973,4.939811280347233,5.69156261538292,128,
0481ff72500154f2,V1_IL_self_KNN,0.03138501197099686,0.034426001459360124,0.04126777220517397,0.0487962830811739,0.06350710615515709,0.0880884476006031,0.09882015362381932,0.10694124549627304,64,
0481ff72500154f2,V1_candidate_KNN,0.21287830061512297,0.26179581248669465,0.28463244345725114,0.30375685168683836,0.3386692777386992,0.445364585770802,0.5725458757849506,0.6449836095115732,128,1.0
0481ff72500154f2,V2_IL_Q_to_R_KNN,0.029031902551651,0.03312743417918682,0.037793392315506935,0.042838484048843384,0.05325899925082922,0.10591510571539398,0.19095224395394358,0.2680252492427826,128,
0481ff72500154f2,V2_candidate_KNN,0.03129900965168071,0.035922054465909736,0.1420368155222985,0.2748841625704912,0.35498738115689876,0.4356024197119844,0.48928883312077615,0.5175787035786753,192,
0481ff72500154f2,V2_Q_mahalanobis,1.439972578059104,1.6772381418109237,2.0772009615981215,2.496089496605909,3.0484974961429274,3.887058791427451,4.207327451351655,4.463348424145273,128,
70d9d2c73e4155d4,V1_IL_self_KNN,0.03467731550335884,0.03799325190484524,0.04407954588532448,0.048299675807356834,0.05505859851837158,0.06825335174798965,0.08418076910078526,0.08487105369567871,64,
70d9d2c73e4155d4,V1_candidate_KNN,0.12849192304046506,0.14719851787571137,0.25433967717711187,0.5124105676924513,0.7655488022273258,1.025020589415785,1.0846301353568588,1.1554951172222423,128,1.0
70d9d2c73e4155d4,V2_IL_Q_to_R_KNN,0.030548114329576492,0.0331044951453805,0.0364692946895957,0.04086564667522907,0.0504247210919857,0.07360816560685633,0.0983959709107876,0.10234757512807846,128,
70d9d2c73e4155d4,V2_candidate_KNN,0.03117215778620234,0.03654556840500601,0.13968886333180924,0.2242323714533911,0.4997663302133942,0.9462686415593955,1.069597321013511,1.1415840582304928,192,
70d9d2c73e4155d4,V2_Q_mahalanobis,1.6782572812236412,2.3469797152275516,2.829831652036105,3.203445850377444,3.592592097227304,4.206216045759737,4.697139769370695,4.74186706848126,128,
685c110d6a615ff8,V1_IL_self_KNN,0.01610051840543747,0.017357131373137234,0.019135102164000273,0.021522310562431812,0.02551234047859907,0.036075511388480655,0.058573373407125366,0.08486010134220123,64,
685c110d6a615ff8,V1_candidate_KNN,0.20909777099942078,0.23061833486146502,0.2919945083819308,0.3621168690054513,0.429114964152321,0.4905232214256835,0.5340335947379448,0.5382994631412839,128,1.0
685c110d6a615ff8,V2_IL_Q_to_R_KNN,0.012654850259423256,0.013612138200551271,0.015794035978615284,0.018189987167716026,0.021186084020882845,0.029587193205952628,0.05317296069115401,0.07384354621171951,128,
685c110d6a615ff8,V2_candidate_KNN,0.013166534649630343,0.016830337545140187,0.10500513630423218,0.26442138055183584,0.37606547236325727,0.48322971706336204,0.5198271652995499,0.5265940667470934,192,
685c110d6a615ff8,V2_Q_mahalanobis,1.5884606980028346,1.899910386942126,2.448758882255323,2.9506066379312523,3.3735347290837288,3.9958878090658962,4.4338002580667215,4.639089805412005,128,
b1483be2f1e35882,V1_IL_self_KNN,0.018272370100021362,0.019291368871927263,0.024120428133755922,0.028197292238473892,0.03395887464284897,0.04470259677618741,0.05342053089290853,0.0632799044251442,64,
b1483be2f1e35882,V1_candidate_KNN,0.07710926390770241,0.08891836699465169,0.10745358353166465,0.14238507353134566,0.38681795106730565,0.44232017591338957,0.4613166234681069,0.47016307365840754,128,1.0
b1483be2f1e35882,V2_IL_Q_to_R_KNN,0.01610216312110424,0.017936906404793264,0.02092591766268015,0.02452578768134117,0.027243857737630606,0.037535298988223054,0.06416923601180324,0.07648081332445145,128,
b1483be2f1e35882,V2_candidate_KNN,0.018683477385818232,0.022689987628239237,0.05793155591329943,0.10258552198460966,0.22259444150776075,0.4172453614694797,0.4515428391233012,0.462459900393071,192,
b1483be2f1e35882,V2_Q_mahalanobis,1.3607963853109437,1.8222624260561826,2.323426621948437,2.6297907761008794,2.948048867603563,3.493403067233558,3.994564188089295,5.017989011476178,128,
de0fb293bb4859e7,V1_IL_self_KNN,0.01783801056444645,0.02084749545902014,0.022282179445028305,0.025659315288066864,0.03011905774474144,0.038914190977811805,0.0533316194638609,0.07529329508543015,64,
de0fb293bb4859e7,V1_candidate_KNN,0.04271971507805318,0.04454696807629533,0.08274732923888496,0.11230111005591606,0.3153094743974322,0.3783094557434544,0.6529290110112191,1.2498990933643763,128,0.7890625
de0fb293bb4859e7,V2_IL_Q_to_R_KNN,0.015039513818919659,0.017787704523652793,0.019693712703883648,0.021476339548826218,0.025017989333719015,0.03483101073652505,0.04432186271995307,0.04962631314992905,128,
de0fb293bb4859e7,V2_candidate_KNN,0.015875829202990806,0.02069097720692133,0.039934807339708105,0.0792967460100433,0.20452470030750494,0.3318427188265412,0.37095962905092644,0.45723558710234585,192,
de0fb293bb4859e7,V2_Q_mahalanobis,1.399816633738356,1.9557947541928955,2.3122515269095887,2.5893107467607916,2.948335199354343,3.436278212546815,3.8779996584221164,4.112351031358612,128,
335528f321b45d88,V1_IL_self_KNN,0.037669528275728226,0.0406145827844739,0.047626410610973835,0.05633775517344475,0.06660603359341621,0.08301979042589665,0.10399311982095237,0.11423969268798828,64,
335528f321b45d88,V1_candidate_KNN,0.07200526326756358,0.08298920771315127,0.09269176750899388,0.10207415277282145,0.2642467083263673,0.4155467608902492,0.4599303925945956,0.47403062594192813,128,0.421875
335528f321b45d88,V2_IL_Q_to_R_KNN,0.029401326552033424,0.034189936332404615,0.03969829436391592,0.04286834970116615,0.05091600865125656,0.06791950948536395,0.07355654262006284,0.08125986903905869,128,
335528f321b45d88,V2_candidate_KNN,0.031968012408691016,0.04001155224265998,0.06408959496105157,0.08966600930488741,0.18048381356879925,0.420811326032052,0.4915886831182729,0.5213134607439167,192,
335528f321b45d88,V2_Q_mahalanobis,1.8084002386142939,2.1607547765304664,2.6125395206097948,2.966112308023366,3.397545260938828,3.9941867862752525,4.43706279759075,4.681433885446106,128,
e5ba0fd6afc15419,V1_IL_self_KNN,0.047497380524873734,0.0534530121833086,0.06303919106721878,0.07188722118735313,0.08475983515381813,0.11326788812875743,0.16079506263136858,0.17496515810489655,64,
e5ba0fd6afc15419,V1_candidate_KNN,0.11867335222150681,0.12362448347932657,0.13734940845521026,0.18135413870825437,0.3915764913643543,0.9301693406500029,1.3395267412318943,1.7614722304919952,128,0.546875
e5ba0fd6afc15419,V2_IL_Q_to_R_KNN,0.03806748241186142,0.0433713473379612,0.051596966572105885,0.05886404775083065,0.06694114208221436,0.09064372330904005,0.1193608617782593,0.1289375126361847,128,
e5ba0fd6afc15419,V2_candidate_KNN,0.03773192804815727,0.05502813368551105,0.09768538270883997,0.13628367511590517,0.2737511088018521,0.827737820172618,0.9481411335519738,1.7326036879635154,192,
e5ba0fd6afc15419,V2_Q_mahalanobis,1.8197681667126413,2.1007311069254646,2.4964458779934127,2.9167216173225965,3.3534651451905955,3.9016583182426943,4.502869564929015,4.8353458631499295,128,
07bd6c8c7de152a6,V1_IL_self_KNN,0.02744167111814022,0.029120067972689866,0.0322044538334012,0.03705547749996185,0.043920958414673805,0.06832713969051835,0.10148798212409009,0.1284409761428833,64,
07bd6c8c7de152a6,V1_candidate_KNN,0.04889082511268572,0.06035022020541884,0.07769473510685741,0.10571469947497311,0.4218039571673133,0.5824281083427335,0.751608991282265,0.8296123673711655,128,0.4140625
07bd6c8c7de152a6,V2_IL_Q_to_R_KNN,0.02114834263920784,0.024221871793270112,0.027601728215813637,0.031082886271178722,0.034467305056750774,0.04356215726584196,0.05142288949340583,0.06753931194543839,128,
07bd6c8c7de152a6,V2_candidate_KNN,0.024452629726579196,0.029501668222882263,0.04518252373378002,0.07267422144276947,0.24367286152327178,0.43880400105082984,0.5730732563286489,0.7512687219037428,192,
07bd6c8c7de152a6,V2_Q_mahalanobis,1.4525549898530172,1.8177273548433366,2.150982922581433,2.4726582050037327,2.75824892096023,3.1576808628407784,3.5060040655395293,3.6899064164382565,128,
0b9f2aceebbf5003,V1_IL_self_KNN,0.029960155487060547,0.033541873842477796,0.03685971163213253,0.04103422723710537,0.04597359895706177,0.05526443626731633,0.06249212019145485,0.07125203311443329,64,
0b9f2aceebbf5003,V1_candidate_KNN,0.1489082311429307,0.2153421545462778,0.3155858695644753,0.41389690380825017,0.4525719769781599,0.5147399775762003,0.5527113711952573,0.5641092365515668,128,1.0
0b9f2aceebbf5003,V2_IL_Q_to_R_KNN,0.023512911051511765,0.028525823447853326,0.03304206486791372,0.037566304206848145,0.04446794651448727,0.05636026859283446,0.07774749532341958,0.07992205768823624,128,
0b9f2aceebbf5003,V2_candidate_KNN,0.028960893179381907,0.034461083873737045,0.11510909078092468,0.2387743612835606,0.3657934022385918,0.4485121513164319,0.47330080250104095,0.504874946076146,192,
0b9f2aceebbf5003,V2_Q_mahalanobis,1.6959470380759087,2.2251025823655692,2.670408977657079,3.014480319309032,3.498673392181249,4.067322718736926,4.773923273087494,5.3316315056187,128,
e8991ab64afb5db6,V1_IL_self_KNN,0.03535211458802223,0.03752953428775072,0.043452370911836624,0.04947599209845066,0.057467187754809856,0.08433471769094467,0.10643993280827996,0.11460554599761963,64,
e8991ab64afb5db6,V1_candidate_KNN,0.10961500276409278,0.12584304679447095,0.28717617832770714,0.36920270534083605,0.41836859683058136,0.49006654137410216,0.7768978306829111,2.4231039012956783,128,0.9921875
e8991ab64afb5db6,V2_IL_Q_to_R_KNN,0.026592399924993515,0.03115473557263613,0.03654628712683916,0.04110945016145706,0.047789065167307854,0.06031838282942771,0.09362316265702252,0.14336936175823212,128,
e8991ab64afb5db6,V2_candidate_KNN,0.02948067256759877,0.0379444830685493,0.12063089177278558,0.21922084885698673,0.35752934946646736,0.43898607707367193,0.7491352766737759,2.3996173915973396,192,
e8991ab64afb5db6,V2_Q_mahalanobis,1.410947435762081,2.1561472094532776,2.658048011095958,2.963121294451545,3.3448983191158117,4.176920202306671,4.795312749192473,5.791976313019408,128,
66c135a6ec7f53c4,V1_IL_self_KNN,0.029888147488236427,0.03210708778351545,0.037297775968909264,0.04179605841636658,0.04875124525278807,0.07017805092036719,0.09718435630202292,0.1010269895195961,64,
66c135a6ec7f53c4,V1_candidate_KNN,0.3159797941029415,0.34518185078900776,0.4474568773758668,0.6506660787748759,0.7923049165684289,1.0418983376688387,1.0845546783000546,1.0904469433768498,128,1.0
66c135a6ec7f53c4,V2_IL_Q_to_R_KNN,0.024636760354042053,0.028315863851457835,0.03361919429153204,0.03660179302096367,0.04291805997490883,0.055776935815811134,0.062228272557258615,0.06701420992612839,128,
66c135a6ec7f53c4,V2_candidate_KNN,0.027627846132459877,0.033521924546839825,0.19566176185411221,0.42141852255533274,0.6370664517214917,0.9908929781346879,1.0478301411171034,1.0724134628012705,192,
66c135a6ec7f53c4,V2_Q_mahalanobis,1.4595313472893798,2.121987294814331,2.45600916873114,2.769797017561904,3.1247745503443447,3.6068260199295703,4.227585347576632,4.459204551518298,128,
1fe597d0fb1454dc,V1_IL_self_KNN,0.037715014070272446,0.039709368348121644,0.04479361977428198,0.051666343584656715,0.06185605935752392,0.10422907024621964,0.13375121116638175,0.1578141450881958,64,
1fe597d0fb1454dc,V1_candidate_KNN,0.07153590697685405,0.08314593378943717,0.11462446053801635,0.19879175124542597,0.6695978496017163,0.9928841289445428,1.1298500730164562,1.5941239674972987,128,0.578125
1fe597d0fb1454dc,V2_IL_Q_to_R_KNN,0.030038932338356972,0.03362279757857323,0.04004920646548271,0.045892395079135895,0.05567803792655468,0.07410517856478689,0.09623071514070038,0.1304813176393509,128,
1fe597d0fb1454dc,V2_candidate_KNN,0.028630794569482605,0.043374265245326074,0.07760795367051225,0.11916809459026945,0.4803192296693072,0.94741965791405,1.1658632433507492,1.598316727804394,192,
1fe597d0fb1454dc,V2_Q_mahalanobis,1.6890385102933227,2.245115256789969,2.7503630252696407,3.10977585553262,3.481286481902556,4.387942680601429,4.605348007977818,4.690850077020379,128,
fefa00cc3fe65b70,V1_IL_self_KNN,0.014087471179664135,0.014513211511075498,0.01627426827326417,0.0180618017911911,0.022807219997048378,0.03137686243280768,0.037329244762659045,0.043506212532520294,64,
fefa00cc3fe65b70,V1_candidate_KNN,0.04545894301568746,0.07136323723156855,0.13652281621491902,0.20013108197581334,0.2493621085864682,0.4550526862475071,0.4960307982245078,0.5124031342222652,128,1.0
fefa00cc3fe65b70,V2_IL_Q_to_R_KNN,0.01200796291232109,0.013251841720193624,0.015023173065856099,0.01691379677504301,0.019387394655495882,0.02497593760490417,0.03697531413286927,0.060765933245420456,128,
fefa00cc3fe65b70,V2_candidate_KNN,0.012681104462741255,0.015212625801777525,0.05410431787970128,0.11103586945392221,0.2052012803007232,0.3805361666200449,0.4438189717465786,0.4816335660196881,192,
fefa00cc3fe65b70,V2_Q_mahalanobis,1.702487749756653,2.102513780760919,2.579002732997834,3.034045478156843,3.3588270448991784,3.9602665462831714,4.276089067960036,4.30862074568141,128,
fddb21da30bb54c2,V1_IL_self_KNN,0.02808319963514805,0.03023729231208563,0.03612457122653723,0.04315752349793911,0.0514600919559598,0.07286956980824469,0.09960790403187261,0.13135327398777008,64,
fddb21da30bb54c2,V1_candidate_KNN,0.07345082231214015,0.09469666303514546,0.1458935803534432,0.22721756953751476,0.5251199581629535,0.6631737619457382,0.6814610609459604,0.7085624761856468,128,0.7734375
fddb21da30bb54c2,V2_IL_Q_to_R_KNN,0.023234933614730835,0.025385679956525565,0.029377647675573826,0.033333662897348404,0.038268763571977615,0.05195032525807617,0.06704058602452283,0.09217505156993866,128,
fddb21da30bb54c2,V2_candidate_KNN,0.023286385967404403,0.030066813235181913,0.09107142512424654,0.16473709458149732,0.2850048828299935,0.6601436824416451,0.6707603754912387,0.7058676770383566,192,
fddb21da30bb54c2,V2_Q_mahalanobis,1.2717775903561468,1.8912088197564134,2.3469505422679937,2.5798198305508597,2.9507296191393118,3.784155674944866,4.1101081096644,4.215674290202882,128,
aceba8d21dfe5d03,V1_IL_self_KNN,0.03691466897726059,0.04674434270709753,0.05210066493600607,0.05793551541864872,0.06600920669734478,0.10515498481690873,0.156174572408199,0.22980651259422302,64,
aceba8d21dfe5d03,V1_candidate_KNN,0.21598690219457853,0.23983555026476966,0.2735499171158653,0.2929600285929691,0.6544771415014619,0.8441244654180186,0.8750438721628715,0.9160491633231693,128,0.9765625
aceba8d21dfe5d03,V2_IL_Q_to_R_KNN,0.03602241724729538,0.03959976676851511,0.04417549725621939,0.0487914253026247,0.05610234383493662,0.07068600617349148,0.09888435453176499,0.10962456464767456,128,
aceba8d21dfe5d03,V2_candidate_KNN,0.03737382685191739,0.04572839214628401,0.14940167525063192,0.24369896813847453,0.3727826436186274,0.8034646673834989,0.8451188141633834,0.8961807151896533,192,
aceba8d21dfe5d03,V2_Q_mahalanobis,1.850013819250412,2.1435832793249783,2.5424376183503044,2.858655444171717,3.2079504309410014,3.7977243601801747,4.536983187871422,4.580870831355246,128,
ac940ab1e16558e9,V1_IL_self_KNN,0.01032678410410881,0.011175572592765092,0.012709512142464519,0.014800410252064466,0.018667488358914852,0.0319260211661458,0.04971873566508286,0.06872279942035675,64,
ac940ab1e16558e9,V1_candidate_KNN,0.06382422705330802,0.09864008792068334,0.17652655601655626,0.26122605139912436,0.33550270162006235,0.4067534667020816,0.42852527977606947,0.47993905341475507,128,0.9921875
ac940ab1e16558e9,V2_IL_Q_to_R_KNN,0.009454706683754921,0.010114248795434832,0.011489666299894452,0.01282176747918129,0.015137286158278584,0.024708661530166844,0.03585544999688865,0.03967146947979927,128,
ac940ab1e16558e9,V2_candidate_KNN,0.009429114754658954,0.011132656264817931,0.08875976332776547,0.17250430337176276,0.2573847917559222,0.3809162427763351,0.4158581000922419,0.43381005310577025,192,
ac940ab1e16558e9,V2_Q_mahalanobis,1.4366618701383893,1.7558649367990509,2.266030185901738,2.640282945864504,2.9388027508456878,3.601171182086392,3.975211855463746,4.229604833539027,128,
4ac0a91fc4dd5ca9,V1_IL_self_KNN,0.04138745367527008,0.04454688597470522,0.05019322410225868,0.06033085845410824,0.07123414240777493,0.09758712165057659,0.13892133355140684,0.1453690528869629,64,
4ac0a91fc4dd5ca9,V1_candidate_KNN,0.2768993863597064,0.3992924552073231,0.49976122707818427,0.5966714252025774,0.6524195709684468,0.9992212081395809,2.1078227484433754,2.383392260798806,128,1.0
4ac0a91fc4dd5ca9,V2_IL_Q_to_R_KNN,0.03384134918451309,0.03787581361830235,0.042762926779687405,0.05031033046543598,0.06289878115057945,0.081113101541996,0.10167159117758277,0.10821639001369476,128,
4ac0a91fc4dd5ca9,V2_candidate_KNN,0.039460252128215606,0.044999766956450166,0.22651037696031096,0.4670023656383207,0.5918068657271789,0.9300510375181025,2.0078496328721585,2.3860091160104866,192,
4ac0a91fc4dd5ca9,V2_Q_mahalanobis,1.6855730179164639,1.8613814499921817,2.4916290994460706,2.9754120561057995,3.333616320127516,3.9699427015523736,4.492607990829187,4.610935546447101,128,
cdec4cc7781e5d4d,V1_IL_self_KNN,0.07839471101760864,0.08327563144266606,0.0907217338681221,0.10269413515925407,0.12157190591096878,0.17747977972030637,0.21572277516126623,0.2378034144639969,64,
cdec4cc7781e5d4d,V1_candidate_KNN,0.1287468396492996,0.1680195077985137,0.4282456023331578,0.5136160810564703,0.6216360728342875,0.8551604943242983,0.8832338248563654,0.935087774135062,128,0.84375
cdec4cc7781e5d4d,V2_IL_Q_to_R_KNN,0.0581342875957489,0.06254105698317289,0.07444267347455025,0.08911754563450813,0.10746730491518974,0.14124733582139012,0.21017271474003804,0.2195558100938797,128,
cdec4cc7781e5d4d,V2_candidate_KNN,0.05881357594379205,0.07187664145523426,0.14657152509987778,0.39351154834259305,0.505894771212911,0.7737344507860588,0.8238219971011247,0.8449051967435665,192,
cdec4cc7781e5d4d,V2_Q_mahalanobis,1.5121601602853008,1.766728234335506,2.2489015497586218,2.6467839720022868,2.974831761053777,3.7057382638193324,3.900484941594819,3.918473138455604,128,
01034b2411ce5ea0,V1_IL_self_KNN,0.027128249406814575,0.03093183832243085,0.03463147860020399,0.03935544565320015,0.0447784848511219,0.058193172514438625,0.07347055651247501,0.0735744833946228,64,
01034b2411ce5ea0,V1_candidate_KNN,0.05014429686633827,0.058081116148493275,0.06796637020247573,0.07454115573023383,0.8439428987300774,0.9303745392054669,0.9603747746665358,0.9749436103149932,128,0.5234375
01034b2411ce5ea0,V2_IL_Q_to_R_KNN,0.024413613602519035,0.028920630738139153,0.03265464585274458,0.0349558312445879,0.03828441258519888,0.04608405791223049,0.06419727332890038,0.07298415154218674,128,
01034b2411ce5ea0,V2_candidate_KNN,0.02654313228682207,0.030619655831938295,0.04225018706059025,0.06726117812668073,0.42453419913791823,0.8890133325045505,0.9382569544691614,0.9624840045743795,192,
01034b2411ce5ea0,V2_Q_mahalanobis,1.8005393992737981,2.661323012861144,3.1554157948300476,3.537928816546125,3.903805664475199,4.541841245880614,5.119919119244249,5.802799126352515,128,
fb7f5f4fd1a25f13,V1_IL_self_KNN,0.01074252836406231,0.011275188997387886,0.013557650847360492,0.01710180751979351,0.020800083875656128,0.031343669537454835,0.033778577484190456,0.036247797310352325,64,
fb7f5f4fd1a25f13,V1_candidate_KNN,0.0595255268200892,0.1042212729214551,0.20171065458571708,0.28028860151623153,0.3369914305269063,0.3817899298015141,0.4700145009863953,0.5293486488169847,128,1.0
fb7f5f4fd1a25f13,V2_IL_Q_to_R_KNN,0.010015343315899372,0.010944470250979065,0.012226084247231483,0.013772871345281601,0.016204881481826305,0.02374085122719406,0.04602413896471264,0.05810084193944931,128,
fb7f5f4fd1a25f13,V2_candidate_KNN,0.009190501761600372,0.012782850981664415,0.07941497781382116,0.18367725849376854,0.2911527394299181,0.3680234672676569,0.406067629238622,0.4996333652612286,192,
fb7f5f4fd1a25f13,V2_Q_mahalanobis,1.76419645332862,2.235996650905341,2.6510988916204474,2.982799355277882,3.2989575093781784,3.92782310381616,4.641068830271895,6.037673673839649,128,
dcea502e05ca5eb5,V1_IL_self_KNN,0.026179170235991478,0.027860972657799722,0.031280397437512875,0.03425135463476181,0.0385355819016695,0.06097802482545374,0.07941372498869888,0.09993578493595123,64,
dcea502e05ca5eb5,V1_candidate_KNN,0.06175381424243753,0.0672612641610774,0.12350888648312654,0.1862667573490248,0.4227624223629352,0.6929716183400103,0.7340779143601154,0.7481305144201355,128,0.796875
dcea502e05ca5eb5,V2_IL_Q_to_R_KNN,0.019327187910676003,0.022967012599110603,0.026575589552521706,0.03009808249771595,0.03518371190875769,0.04961573425680398,0.06575418733060362,0.08828151971101761,128,
dcea502e05ca5eb5,V2_candidate_KNN,0.0226061241406586,0.027589815343419664,0.05899482259650933,0.1564578160477695,0.2923617340174827,0.6008479846649081,0.7334944779212833,0.748487211788168,192,
dcea502e05ca5eb5,V2_Q_mahalanobis,1.6881942348950696,2.4919396930025033,3.1107796852554004,3.5158040961508044,3.96407239606122,4.432570207655156,4.766032021682538,5.198324364756132,128,
28b79e32839a543b,V1_IL_self_KNN,0.02443479560315609,0.02826222013682127,0.03186660446226597,0.03554362803697586,0.042155321687459946,0.05535906851291656,0.10810056120157217,0.16865497827529907,64,
28b79e32839a543b,V1_candidate_KNN,0.0932269617614639,0.1250253151400607,0.188739156285996,0.22598570899750148,0.3048741712561122,0.40496426888795717,0.4523396838648869,0.4556908991159389,128,0.828125
28b79e32839a543b,V2_IL_Q_to_R_KNN,0.02006029523909092,0.022402156330645084,0.02523914910852909,0.02827993594110012,0.032267079688608646,0.045108629576861854,0.08085235536098481,0.17655685544013977,128,
28b79e32839a543b,V2_candidate_KNN,0.020615728724436632,0.027939912660315307,0.07960672578268527,0.1568353437204645,0.2159208513893383,0.33440345438082,0.4323372816633238,0.4370339466284842,192,
28b79e32839a543b,V2_Q_mahalanobis,1.9135805661137384,2.2325303005322072,2.6272931181648094,2.890314281480851,3.266364547778599,3.8306147129066628,4.398461716543237,4.481319500662955,128,
2b07bad4bce156cd,V1_IL_self_KNN,0.023171309381723404,0.02506103478372097,0.029846786987036467,0.03359604254364967,0.03863659407943487,0.049023015052080135,0.056324978210031955,0.0643942803144455,64,
2b07bad4bce156cd,V1_candidate_KNN,0.03996137629916158,0.11441951406769009,0.15453196492994897,0.20835386380272536,0.5189651297519612,0.700399945210867,0.7549281460417552,0.7952486599867516,128,0.9921875
2b07bad4bce156cd,V2_IL_Q_to_R_KNN,0.01877625845372677,0.02052066344767809,0.022958509158343077,0.02583447005599737,0.031787327490746975,0.04376568533480165,0.07617623072117577,0.08801394701004028,128,
2b07bad4bce156cd,V2_candidate_KNN,0.018899860403298767,0.023294909782694714,0.08543950340506407,0.1247002308930022,0.2848972340351318,0.6672092227093596,0.7272785082241023,0.7831824368558633,192,
2b07bad4bce156cd,V2_Q_mahalanobis,1.6235082046857423,2.1757516843088793,2.543354025158063,2.9387177522530754,3.277263660490668,3.8810956500151725,3.98788574543529,4.087080887296516,128,
66d778b97714583a,V1_IL_self_KNN,0.023896794766187668,0.027092259284108876,0.029528079088777304,0.03386558033525944,0.04101867973804474,0.05774349737912416,0.11829512879252418,0.1579703390598297,64,
66d778b97714583a,V1_candidate_KNN,0.05746168117886613,0.06263495703383415,0.08618956486775194,0.1038913674360494,0.34068187477694256,0.47191819276630276,0.5288631870016915,0.6029699167716833,128,0.3984375
66d778b97714583a,V2_IL_Q_to_R_KNN,0.019192686304450035,0.021707856748253106,0.025327660609036684,0.028460919857025146,0.03496845159679651,0.04435090031474828,0.053761127367615714,0.06752301752567291,128,
66d778b97714583a,V2_candidate_KNN,0.01807153622519117,0.024472015949438583,0.042955367515939515,0.07457100904328831,0.18194617707228616,0.3636057225541316,0.43939456156756374,0.5040558123584773,192,
66d778b97714583a,V2_Q_mahalanobis,1.4762034058662492,1.8333865009917576,2.2678149371702814,2.547870158493474,2.797167557610355,3.4406372313563796,3.8730222121041646,4.619680468833034,128,
a8c9f51e547a5fed,V1_IL_self_KNN,0.026242729276418686,0.02896448550745845,0.03315057884901762,0.036845311522483826,0.04109085723757744,0.0620380083099007,0.09954513013362881,0.10608913004398346,64,
a8c9f51e547a5fed,V1_candidate_KNN,0.12219114542667091,0.20757611083518876,0.26533656325505006,0.3771955201216639,0.9510560482997814,1.5717160968221922,1.65622885342683,1.7823555245405582,128,1.0
a8c9f51e547a5fed,V2_IL_Q_to_R_KNN,0.022521760314702988,0.025050212908536196,0.030290262307971716,0.03359232656657696,0.038120005279779434,0.0506279407069087,0.07121970131993294,0.07618556171655655,128,
a8c9f51e547a5fed,V2_candidate_KNN,0.019259906324821375,0.0319808987676055,0.16106694603845617,0.26330392681465553,0.660704982824975,1.4305705830277857,1.560304671824822,1.7441152057072515,192,
a8c9f51e547a5fed,V2_Q_mahalanobis,1.8040074754260207,2.1542332924218437,2.5897394298494905,2.9195595139830344,3.286078269914478,3.92831821060358,4.486536493532493,4.68426699811788,128,
7a0635b7942859c6,V1_IL_self_KNN,0.03121616318821907,0.04025689754635096,0.049009290523827076,0.0574879664927721,0.0669793151319027,0.08341477587819095,0.09645910419523716,0.09698159247636795,64,
7a0635b7942859c6,V1_candidate_KNN,0.21485563161507035,0.3030620939250405,0.3676107046420148,0.42658754824201206,0.5061826918300023,1.0912052581792273,1.1706231809024794,1.1782353169263229,128,1.0
7a0635b7942859c6,V2_IL_Q_to_R_KNN,0.033345501869916916,0.036049721762537956,0.04088967014104128,0.04744838923215866,0.055976892821490765,0.07781287729740143,0.09096895582973959,0.10219378769397736,128,
7a0635b7942859c6,V2_candidate_KNN,0.03520229790188671,0.04203415788728159,0.16498168134876584,0.27669124434198306,0.35277197191019505,0.7769169890564006,1.001871471153347,1.0508564425412878,192,
7a0635b7942859c6,V2_Q_mahalanobis,1.6730855081230522,1.950754156674349,2.4009636428138226,2.7145201267794574,3.113011414531749,3.6294953423442817,3.9301960101068896,4.308858041670966,128,
84b13f58e18551a8,V1_IL_self_KNN,0.02414802834391594,0.025095344707369804,0.027842391282320023,0.030337726697325706,0.03360117319971323,0.047001552768051624,0.0594984645396471,0.060660332441329956,64,
84b13f58e18551a8,V1_candidate_KNN,0.05752549013283396,0.11108307157285761,0.14942249178154893,0.25759876664334713,0.38270115851020137,0.4667257187404779,0.48329168828515434,0.5114328649279081,128,0.9921875
84b13f58e18551a8,V2_IL_Q_to_R_KNN,0.0181585606187582,0.019882458448410033,0.022077820729464293,0.025205095298588276,0.029212542343884706,0.049715125747025,0.09969844922423365,0.11818848550319672,128,
84b13f58e18551a8,V2_candidate_KNN,0.0217698450668458,0.025353895227066436,0.11445096367775921,0.16380817581810364,0.2851428702078024,0.4562654865456694,0.4787157646300827,0.4890904307081808,192,
84b13f58e18551a8,V2_Q_mahalanobis,2.0353764298023616,2.2002065792406875,2.546398242061769,2.9445920283323304,3.2323016751361293,3.8098099014565148,4.193401300892333,4.247784722485008,128,
87ec42ef94f75f0c,V1_IL_self_KNN,0.03859756514430046,0.04420036356896162,0.04796597547829151,0.05225234106183052,0.06256708968430758,0.09221506044268607,0.10888562403619288,0.11263654381036758,64,
87ec42ef94f75f0c,V1_candidate_KNN,0.21675558475894308,0.2544849904522243,0.4666054989509858,1.4213056801441946,1.5201019498233346,1.5598991890729996,1.5932724253930541,1.605642029701615,128,1.0
87ec42ef94f75f0c,V2_IL_Q_to_R_KNN,0.03151824697852135,0.03605567067861557,0.04234045743942261,0.04778946936130524,0.056357997469604015,0.08216425627470013,0.09691303320229057,0.12587757408618927,128,
87ec42ef94f75f0c,V2_candidate_KNN,0.03511655062300148,0.0442861649141927,0.19318197907805695,0.47996154370906496,1.4142520602288495,1.526751170245268,1.566030515279704,1.588579733808175,192,
87ec42ef94f75f0c,V2_Q_mahalanobis,1.9378721914274755,2.1876192000765182,2.7317682577329974,3.0335580603921777,3.4136420260529388,3.954625056077064,4.366734679019545,4.697011716358785,128,
feae0b42dda25c87,V1_IL_self_KNN,0.017504936084151268,0.019678219687193632,0.022986351046711206,0.026153037324547768,0.030046017840504646,0.04190407190471886,0.059902876690029985,0.08698306977748871,64,
feae0b42dda25c87,V1_candidate_KNN,0.0413305362242898,0.04563445161034744,0.08106053990451148,0.10737450001482082,0.19653727631380222,0.333599057568771,0.42637671781819336,0.5342540312289992,128,0.65625
feae0b42dda25c87,V2_IL_Q_to_R_KNN,0.01360807754099369,0.015638161916285753,0.01963564706966281,0.022514897398650646,0.026222615037113428,0.03422722853720186,0.04502066127955917,0.06299454718828201,128,
feae0b42dda25c87,V2_candidate_KNN,0.015659040404973353,0.02084090326362796,0.03812806507341431,0.0817116162426629,0.15503380369744496,0.300340960425057,0.3505079814622375,0.5281499064184153,192,
feae0b42dda25c87,V2_Q_mahalanobis,1.486966943176572,1.6925274129153278,2.099652574387868,2.448417117397081,2.978495313438313,3.4574510379475205,3.8388493646410513,3.9378447173088187,128,
b663343f65cd5e92,V1_IL_self_KNN,0.03999271243810654,0.04573713950812817,0.054218532517552376,0.06054484099149704,0.06948065757751465,0.09754527285695073,0.1168008340895176,0.11690707504749298,64,
b663343f65cd5e92,V1_candidate_KNN,0.24481173719175509,0.31757778777701956,0.3753066117963008,0.5010666352821029,0.539185051301053,0.5880597107465694,0.6543933876677234,0.6695155933528788,128,1.0
b663343f65cd5e92,V2_IL_Q_to_R_KNN,0.027760643512010574,0.03852270673960447,0.04482503980398178,0.049831533804535866,0.0587923564016819,0.08139967359602451,0.10353436864912516,0.13582804799079895,128,
b663343f65cd5e92,V2_candidate_KNN,0.03798408337734324,0.044344636170408,0.1325671584696065,0.29807444146438333,0.428514091021096,0.5160957938476511,0.532699920465407,0.615239789719619,192,
b663343f65cd5e92,V2_Q_mahalanobis,1.847848339897046,2.198846110014805,2.635427408703374,3.0454354882880303,3.5026168279845202,4.217202358467341,4.8648288676391624,5.295048442123143,128,
71495dbc0a3255dc,V1_IL_self_KNN,0.03107091411948204,0.034537187591195104,0.03848951030522585,0.04367056488990784,0.05281142145395279,0.06130242459475994,0.08126940295100206,0.09730236232280731,64,
71495dbc0a3255dc,V1_candidate_KNN,0.06283674207281549,0.0944098070019981,0.11560616091178631,0.1760143870055124,0.7472662125230847,0.9108688290764273,0.9481075441466058,0.9868255673170706,128,0.9140625
71495dbc0a3255dc,V2_IL_Q_to_R_KNN,0.028355931863188744,0.032442846707999705,0.03783908300101757,0.04259381256997585,0.04662479367107153,0.060574340634047964,0.06639877311885359,0.07804711908102036,128,
71495dbc0a3255dc,V2_candidate_KNN,0.029791632221893648,0.03712815206039375,0.07599380380857117,0.11940806692814501,0.4408076045396413,0.806740541645166,0.8997461576000348,0.9676059261152691,192,
71495dbc0a3255dc,V2_Q_mahalanobis,1.9361875960090336,2.41215134984488,2.854735858010179,3.262899567763384,3.6849402789990995,4.154892006460513,4.521777897110931,5.001909277634823,128,
244f412a59375c65,V1_IL_self_KNN,0.0182143934071064,0.01913892664015293,0.02226196601986885,0.026358510367572308,0.031198750250041485,0.045681107603013506,0.0665326998382806,0.08745425939559937,64,
244f412a59375c65,V1_candidate_KNN,0.13553975870744817,0.15461355720292785,0.17645951326615222,0.2039365492635212,0.46548855355157154,0.7486385035492936,0.8007150094364573,0.8045281607529446,128,1.0
244f412a59375c65,V2_IL_Q_to_R_KNN,0.014010867103934288,0.01699979677796364,0.019661915954202414,0.02265479601919651,0.02649554144591093,0.03869500439614056,0.043640425093472004,0.0475473590195179,128,
244f412a59375c65,V2_candidate_KNN,0.015367517813115416,0.021761304969181057,0.0809727165785897,0.1690633426647704,0.29444405782146893,0.709603858185828,0.7370475245507871,0.7858545565033581,192,
244f412a59375c65,V2_Q_mahalanobis,1.1061029232318618,1.807861020311377,2.1481405652656953,2.4199877390964897,2.7354043542975637,3.3971006487870445,3.6790053206526205,4.04428817002878,128,
5c1f98237d1852b9,V1_IL_self_KNN,0.018231714144349098,0.020340973697602748,0.02431035554036498,0.02845753636211157,0.03350535687059164,0.038933206908404815,0.05056335374712943,0.05206214264035225,64,
5c1f98237d1852b9,V1_candidate_KNN,0.057791138939447054,0.06798707377023244,0.1310750089868813,0.1900559164332066,0.2321664337850876,0.3171051745861713,0.39853361098436246,0.4136922960888526,128,1.0
5c1f98237d1852b9,V2_IL_Q_to_R_KNN,0.01608777418732643,0.018511944636702537,0.02136387350037694,0.023478741757571697,0.02566908812150359,0.03109186198562383,0.04818701691925531,0.07043516635894775,128,
5c1f98237d1852b9,V2_candidate_KNN,0.016345632337825083,0.02153859690515362,0.05862839989066971,0.11365083363527825,0.1865989106803936,0.2920619892499188,0.357153079287207,0.38788120861861475,192,
5c1f98237d1852b9,V2_Q_mahalanobis,1.700312871468745,2.038547246929192,2.4885894038341334,2.7697983306042406,3.0998297865799467,3.5627267420376043,4.220115451758717,7.222920440780978,128,
9eddebd4be385650,V1_IL_self_KNN,0.03284981846809387,0.03484395500272512,0.038416326977312565,0.04306310974061489,0.04843510687351227,0.07580121271312232,0.08374200969934462,0.08878155052661896,64,
9eddebd4be385650,V1_candidate_KNN,0.08511579974568728,0.11450715815499146,0.14696223387945048,0.1781730024389204,0.6071188537946482,0.8531133824098768,0.894038099837344,0.9068831274300196,128,0.9921875
9eddebd4be385650,V2_IL_Q_to_R_KNN,0.024259820580482483,0.027044827584177256,0.03242081869393587,0.036124082282185555,0.041990709491074085,0.05236736126244067,0.060245654731988924,0.06630486994981766,128,
9eddebd4be385650,V2_candidate_KNN,0.029188374641706028,0.035376957544309556,0.0926257805141072,0.13975744603643622,0.37018807489613675,0.6979595782172584,0.8314284220028495,0.8715811820453137,192,
9eddebd4be385650,V2_Q_mahalanobis,1.71001479616747,1.9573924755355956,2.439681586884829,2.800408774567453,3.219916486389545,3.9097711716426886,4.206788962741041,4.278759833137718,128,
b53636b863815077,V1_IL_self_KNN,0.028765520080924034,0.032073316350579265,0.03748909384012222,0.039937445893883705,0.04537460021674633,0.056276600249111644,0.07911977834999558,0.08897969871759415,64,
b53636b863815077,V1_candidate_KNN,0.05511683581622377,0.13674439997708418,0.19222783310985592,0.26792791558174045,0.4838924969617295,0.6961130503795495,0.7744670904432722,0.9242110140846556,128,0.9921875
b53636b863815077,V2_IL_Q_to_R_KNN,0.02384602651000023,0.02744316728785634,0.03153782617300749,0.035955071449279785,0.039735485799610615,0.053975086659193025,0.08664624027907865,0.10684610903263092,128,
b53636b863815077,V2_candidate_KNN,0.025708181055337887,0.03293492972342037,0.13272792088815016,0.21199424042992693,0.3475017815201413,0.6178468964259944,0.7311305480234347,0.9026917595133552,192,
b53636b863815077,V2_Q_mahalanobis,2.1639095907854706,2.270061895088835,2.8021525035884305,3.113372238495171,3.331386972280247,3.907309194170917,4.178559261994848,4.782564847488186,128,
1ef92a1e554b567c,V1_IL_self_KNN,0.028176378458738327,0.029795067384839058,0.03279656358063221,0.03611031360924244,0.04262960143387318,0.053507178463041774,0.06841944646090262,0.08538627624511719,64,
1ef92a1e554b567c,V1_candidate_KNN,0.5265879052177578,0.5646569296196037,0.7801521194602419,0.9060301461438899,0.9807340580333557,1.084801648322911,1.1378007717322958,1.1921480350987441,128,1.0
1ef92a1e554b567c,V2_IL_Q_to_R_KNN,0.019868871197104454,0.023865962494164707,0.028474409598857164,0.032610801979899406,0.036348518915474415,0.04573223628103732,0.05825413785874847,0.07283468544483185,128,
1ef92a1e554b567c,V2_candidate_KNN,0.02519041599745179,0.03116629987476422,0.22922860031890163,0.5941049440723982,0.9132075605199558,1.024422284706773,1.0714078679917076,1.1123278197472761,192,
1ef92a1e554b567c,V2_Q_mahalanobis,1.6839505377670068,2.263600347071147,2.7489162935842764,3.0104881711103957,3.489856519179646,3.9045349913626515,4.752422210750501,5.133899212770936,128,
019cfd828c3f5b7c,V1_IL_self_KNN,0.03216499835252762,0.03492253236472607,0.038567290641367435,0.042454324662685394,0.05614208523184061,0.0907641567289828,0.10556684881448745,0.10770293325185776,64,
019cfd828c3f5b7c,V1_candidate_KNN,0.09394669727550603,0.15425545963035425,0.18462833458697575,0.21402788247476404,0.3959025484244031,1.1740741048595134,1.3156970493047793,1.4169701955863565,128,0.9921875
019cfd828c3f5b7c,V2_IL_Q_to_R_KNN,0.018832508474588394,0.027890635654330254,0.033676546066999435,0.03933694399893284,0.048363600857555866,0.07321192435920236,0.09445367932319647,0.11379466205835342,128,
019cfd828c3f5b7c,V2_candidate_KNN,0.0311079293970839,0.03481502742527258,0.11357916162475584,0.18452877762672176,0.30690540501521324,0.9712881050539351,1.2929253862944996,1.401465142387464,192,
019cfd828c3f5b7c,V2_Q_mahalanobis,1.4169414105029237,1.821253964060301,2.325683656837764,2.7525525334585783,3.1012220992434583,3.5557080068323086,3.80708639858092,3.8526017639432153,128,
55a649760430531d,V1_IL_self_KNN,0.04200055077672005,0.04781135655939579,0.057807340286672115,0.063044473528862,0.07468908093869686,0.10073548555374143,0.11871226981282232,0.12554898858070374,64,
55a649760430531d,V1_candidate_KNN,0.36088674450587466,0.39570562165239453,0.4552918534649515,0.58661094570351,0.6397106353393414,0.7208842556187133,0.7913938081208527,1.198677035260431,128,1.0
55a649760430531d,V2_IL_Q_to_R_KNN,0.03909139335155487,0.04125896971672773,0.046999961137771606,0.05303979851305485,0.06279251724481583,0.07653522491455078,0.11217329651117328,0.12198398262262344,128,
55a649760430531d,V2_candidate_KNN,0.039313117333836765,0.0498994652694511,0.18208304427522887,0.37868063025514864,0.5446090838503652,0.6094073997981592,0.6958516239645025,0.7581959864084763,192,
55a649760430531d,V2_Q_mahalanobis,1.678771165232713,2.0388934255444524,2.565812647629751,2.966534924510065,3.4313188650273316,4.175307385013585,4.446074056358591,4.620250315535569,128,
377d9bb5bb125691,V1_IL_self_KNN,0.016551505774259567,0.017059046775102615,0.019977930933237076,0.023640544153749943,0.02702556736767292,0.04801038615405559,0.06658555962145322,0.08187849819660187,64,
377d9bb5bb125691,V1_candidate_KNN,0.05119906259344227,0.06331747959423208,0.07583571045425648,0.08833236392761509,0.25944904401883234,0.4034533633294569,0.42241381587506754,0.45903666691568423,128,0.5859375
377d9bb5bb125691,V2_IL_Q_to_R_KNN,0.011523397639393806,0.014316221792250871,0.01660338370129466,0.018571282736957073,0.02202267199754715,0.03175751976668833,0.04407986015081406,0.06589531898498535,128,
377d9bb5bb125691,V2_candidate_KNN,0.012728625344553606,0.017815317870115414,0.04271549933374299,0.07082950714117044,0.18041073297794788,0.36418397998631075,0.40702891530361895,0.422102728887462,192,
377d9bb5bb125691,V2_Q_mahalanobis,1.3921379090004902,1.7326534318704068,2.1279282527801633,2.5418358537855594,2.934731383195643,3.4532559940322196,4.815943468868481,5.582615256427832,128,
a40383b62c8b5f0a,V1_IL_self_KNN,0.03140385076403618,0.03327867835760116,0.03772581182420254,0.04612199030816555,0.05487732868641615,0.10139353424310671,0.1200550827383995,0.12067003548145294,64,
a40383b62c8b5f0a,V1_candidate_KNN,0.07488851721811551,0.11237168072833119,0.15952043266655544,0.23197018676872594,0.39637045226920753,0.5256797925072934,0.5598276775989433,0.5694314898683694,128,0.8515625
a40383b62c8b5f0a,V2_IL_Q_to_R_KNN,0.026085004210472107,0.028234945517033337,0.03222477808594704,0.03649904578924179,0.043972170911729336,0.06281853951513766,0.07298809707164766,0.08833491057157516,128,
a40383b62c8b5f0a,V2_candidate_KNN,0.02640818221256569,0.034115230299219194,0.08507725215973996,0.1386397524595399,0.2314569206864044,0.44885567904416535,0.5591335958492994,0.5744129508515429,192,
a40383b62c8b5f0a,V2_Q_mahalanobis,1.510768751314238,2.1029705006007218,2.5716785731724157,2.884188757554385,3.1713427029039516,3.7061243585398977,4.540735424568896,4.6434772909817585,128,
6822dc0570565ef4,V1_IL_self_KNN,0.0244577806442976,0.02731669507920742,0.03496779315173626,0.038006117567420006,0.047009567730128765,0.07414142824709415,0.0981222600489854,0.1162157654762268,64,
6822dc0570565ef4,V1_candidate_KNN,0.15025979586298926,0.19745768489109583,0.23034179724324857,0.25694087141914834,0.3138348426703053,0.5352288121967154,0.6971468529519856,0.7684485812241185,128,1.0
6822dc0570565ef4,V2_IL_Q_to_R_KNN,0.02163522318005562,0.025809479970484973,0.02860426576808095,0.031909072771668434,0.03992093354463577,0.056767248548567274,0.11970933020114916,0.15715807676315308,128,
6822dc0570565ef4,V2_candidate_KNN,0.026075640100943754,0.0336246384274822,0.10410169243137668,0.22141073436517913,0.2921388144921029,0.4522598228590411,0.5560291118785918,0.7367182342551792,192,
6822dc0570565ef4,V2_Q_mahalanobis,1.680135424717797,2.05670926347384,2.3811409320991235,2.7232265670391804,3.081919445999133,3.6085039458145713,4.052115888773913,4.168809503209567,128,
6b5978b04dc85323,V1_IL_self_KNN,0.016324248164892197,0.01705494783818722,0.01900435285642743,0.022430244833230972,0.027012736070901155,0.046850509755313394,0.06118929680436849,0.06233499199151993,64,
6b5978b04dc85323,V1_candidate_KNN,0.04888745975811619,0.07560426686537762,0.09959983184435081,0.14372102294504135,0.2427679563181221,0.5045182488038458,0.55127840133472,0.561749443808689,128,0.96875
6b5978b04dc85323,V2_IL_Q_to_R_KNN,0.01199029665440321,0.014475682284682989,0.017152085434645414,0.019322270527482033,0.02316313935443759,0.03924715314060441,0.07210940718650821,0.12103190273046494,128,
6b5978b04dc85323,V2_candidate_KNN,0.013871476804655081,0.01757951184132363,0.05303316886382986,0.09596959614905722,0.18846541808088918,0.4476452546943811,0.5173111240948846,0.5456499223464204,192,
6b5978b04dc85323,V2_Q_mahalanobis,1.4832373822931528,1.852438011490161,2.2173096295719676,2.5389939132017947,2.913362167336467,3.437316087742237,3.6920461110635188,4.171884439978442,128,
28c5133d23575e81,V1_IL_self_KNN,0.03270871192216873,0.03701692130416632,0.042245691642165184,0.048068856820464134,0.054080440662801266,0.08103931769728658,0.10579022243618962,0.11574210971593857,64,
28c5133d23575e81,V1_candidate_KNN,0.2790013858600055,0.294113210555403,0.3550575813454962,0.37917393414879175,0.416532348177135,1.1016521630644553,1.284997085900284,1.4394896626833062,128,1.0
28c5133d23575e81,V2_IL_Q_to_R_KNN,0.024405766278505325,0.030894903279840947,0.037105063907802105,0.043360427021980286,0.05028765182942152,0.06782276518642902,0.08495222121477129,0.09215929359197617,128,
28c5133d23575e81,V2_candidate_KNN,0.024633525215387995,0.03961851497952978,0.16805560340549405,0.34382536252314566,0.4009829818636401,0.9458128114672579,1.161241674203333,1.4170635947390136,192,
28c5133d23575e81,V2_Q_mahalanobis,1.5641984109508664,2.024774453389793,2.448756512810478,2.8064019690695874,3.1396501700970454,3.916305044499036,4.2211300222752035,4.24897983620647,128,
0726ca723042500c,V1_IL_self_KNN,0.025191327556967735,0.02811057008802891,0.03418647404760122,0.03956400230526924,0.04629305563867092,0.05711968708783387,0.06449781477451325,0.0650196224451065,64,
0726ca723042500c,V1_candidate_KNN,0.02859683744074787,0.031142247475812106,0.0556289133508374,0.1017420306210996,0.330427642627841,0.37228038622282716,0.4297246852631219,0.43602263307955463,128,0.6328125
0726ca723042500c,V2_IL_Q_to_R_KNN,0.023406757041811943,0.025569944083690642,0.029056417755782604,0.03150186315178871,0.03627271391451359,0.04847360197454689,0.05699765495955946,0.08234655857086182,128,
0726ca723042500c,V2_candidate_KNN,0.023368319212592605,0.02626573870576266,0.0335730376363989,0.06313178009062816,0.2039073547291719,0.34323375668451134,0.41490406208866937,0.4493572581252382,192,
0726ca723042500c,V2_Q_mahalanobis,1.2130368747738196,2.1201724895958467,2.4959257250507485,2.845417048403787,3.2338653631821193,3.847010158821281,4.328548165315816,4.392814302716998,128,
e1b339d45b635f03,V1_IL_self_KNN,0.02437151037156582,0.025754827074706554,0.030293931253254414,0.03404617868363857,0.03953616600483656,0.05286781471222639,0.07153542600572108,0.07573387771844864,64,
e1b339d45b635f03,V1_candidate_KNN,0.23152834442150794,0.27605653336437863,0.36498865711073986,0.4319452538636719,0.5021712700860419,0.8581024497381079,0.9731888527663869,1.0666945946183624,128,1.0
e1b339d45b635f03,V2_IL_Q_to_R_KNN,0.020450953394174576,0.023522619809955358,0.02684041205793619,0.03008100390434265,0.03536546044051647,0.05110583957284687,0.06612107470631605,0.07271260023117065,128,
e1b339d45b635f03,V2_candidate_KNN,0.020462240626638137,0.02693608209788288,0.1677097864263658,0.2843066620231552,0.37203609893380724,0.715529591278606,0.8525358564783346,0.9925916949004365,192,
e1b339d45b635f03,V2_Q_mahalanobis,1.2877468639238867,1.8472671870860178,2.371292943746227,2.6914706049127335,2.9938937212778334,3.5720239792869073,3.7541425648033226,3.9998607383613964,128,
60e4b765d65a534a,V1_IL_self_KNN,0.04561058431863785,0.04913309179246426,0.05588453356176615,0.06258927285671234,0.07313963025808334,0.103498899936676,0.12544107228517523,0.15047888457775116,64,
60e4b765d65a534a,V1_candidate_KNN,0.1621823870679222,0.21709602112591686,0.23880870614523014,0.2907613363579056,0.46994724038110636,1.030968716741771,1.1026023259375417,1.198683982447043,128,1.0
60e4b765d65a534a,V2_IL_Q_to_R_KNN,0.03388318791985512,0.037081613391637805,0.04443898145109415,0.04897639714181423,0.05774553120136261,0.08599923215806483,0.10481428563594822,0.1479078084230423,128,
60e4b765d65a534a,V2_candidate_KNN,0.036721309331676846,0.046336483035481275,0.12021421663601126,0.19094723178217127,0.3284375224694376,0.8704251499706565,1.0662538162741508,1.1869754615465375,192,
60e4b765d65a534a,V2_Q_mahalanobis,1.521911752186647,2.096488454234381,2.7469337465549684,3.1687016369534566,3.6616830166383347,4.065160532099502,4.357001208270781,4.496971807319043,128,
cb8ed00b6b6e5650,V1_IL_self_KNN,0.021877262741327286,0.023872434068471192,0.027219737879931927,0.03314170241355896,0.0404489254578948,0.05620956551283595,0.06574641324579715,0.06711717694997787,64,
cb8ed00b6b6e5650,V1_candidate_KNN,0.057307833707673894,0.07104385978259602,0.08568033088429214,0.12221305415323341,0.6039185578362828,0.9547152051644784,1.0212804694376383,1.036007039222929,128,0.9765625
cb8ed00b6b6e5650,V2_IL_Q_to_R_KNN,0.016882918775081635,0.020028729271143676,0.02471931930631399,0.027365781366825104,0.03194564860314131,0.04114653635770081,0.056348181217908876,0.06639278680086136,128,
cb8ed00b6b6e5650,V2_candidate_KNN,0.020658835889133437,0.024675564109820376,0.05110068259211531,0.08764998564631038,0.36296798182043144,0.8632692577417497,0.9356602669534213,0.9792489893936311,192,
cb8ed00b6b6e5650,V2_Q_mahalanobis,1.3504395400188394,1.8385959016806095,2.2750832985144944,2.619564776930868,3.0856060761985606,3.6907880726311797,3.893371071728677,4.241680390084525,128,
f11aede9f6665b09,V1_IL_self_KNN,0.04582921415567398,0.04826753456145525,0.05811787396669388,0.06335608661174774,0.07172092981636524,0.08643788658082484,0.08834467619657516,0.08922691643238068,64,
f11aede9f6665b09,V1_candidate_KNN,0.08777669371112484,0.11795538848934507,0.14659960173807882,0.21160380989280878,0.7266245338242557,0.7855385519655825,0.8567504655289016,2.5227736327008072,128,0.9921875
f11aede9f6665b09,V2_IL_Q_to_R_KNN,0.041119612753391266,0.04456944111734629,0.049107568338513374,0.05387246981263161,0.061086040921509266,0.07275568284094333,0.08665514044463635,0.14525505900382996,128,
f11aede9f6665b09,V2_candidate_KNN,0.043151239091906324,0.04922522084965871,0.11558363146597732,0.17155781289522154,0.4286380348667539,0.7499278339408951,0.779954149772417,0.8022998677729763,192,
f11aede9f6665b09,V2_Q_mahalanobis,1.9592719344563652,2.4244635788544904,2.8443589191846015,3.3441334967277134,3.6997804790408697,4.259757680957509,4.746382939315446,5.212260813058368,128,
8ae2f982585058f2,V1_IL_self_KNN,0.029689237475395203,0.03469653874635696,0.038735480047762394,0.045131389051675797,0.05586809851229191,0.07830908000469204,0.10207616090774535,0.1041063517332077,64,
8ae2f982585058f2,V1_candidate_KNN,0.1953526673727664,0.21842700356768746,0.46738664315034795,0.5658363558247657,0.6741930532042906,0.7883157250398333,0.8742833225516946,0.8889994229295015,128,1.0
8ae2f982585058f2,V2_IL_Q_to_R_KNN,0.02285328507423401,0.02871382227167487,0.03367776330560446,0.03892345912754536,0.044273353181779385,0.0589709810912609,0.06628167569637301,0.07732723653316498,128,
8ae2f982585058f2,V2_candidate_KNN,0.03026531882893856,0.0362166553873034,0.15018783359126664,0.3513452842839685,0.49759093946321786,0.7000239714253157,0.8227736555675407,0.849743740094745,192,
8ae2f982585058f2,V2_Q_mahalanobis,1.3915867648363682,1.6401875752802297,2.2432231323403995,2.510082742178715,2.8061139280585667,3.236275159891217,3.5290077841291456,3.666208197659603,128,
ee81b62009285462,V1_IL_self_KNN,0.042293235659599304,0.046022541262209414,0.05752625595778227,0.06393009424209595,0.07318210415542126,0.1062942877411842,0.13001167260110366,0.16123884916305542,64,
ee81b62009285462,V1_candidate_KNN,0.16737663107557194,0.27382043742634404,0.35776242663629104,0.47538874281478793,0.6148629745448572,0.8108074480847001,1.7190158770553832,1.9446804226482388,128,1.0
ee81b62009285462,V2_IL_Q_to_R_KNN,0.03349394351243973,0.040105410106480124,0.04654022306203842,0.05362998507916927,0.06323479488492012,0.0929030407220125,0.14483448535203944,0.170502707362175,128,
ee81b62009285462,V2_candidate_KNN,0.03299731392341258,0.04451911386594606,0.1945517838875035,0.3130849571062642,0.4737587844398756,0.7822171408189545,1.245508719674669,1.9217254658016347,192,
ee81b62009285462,V2_Q_mahalanobis,1.0905313433404695,1.9698415111377454,2.4883156335395893,2.7640682070281937,3.2666493779652837,4.027025350511715,4.388114993094757,4.527350568785178,128,
8783e69e8b9d5d5c,V1_IL_self_KNN,0.036621350795030594,0.04174245297908783,0.05270231515169144,0.057435616850852966,0.06621462665498257,0.09301992207765578,0.10894410304725166,0.11809726804494858,64,
8783e69e8b9d5d5c,V1_candidate_KNN,0.17982638959426414,0.22734084803313753,0.36357669342449983,0.413324649239222,0.4381229041301488,0.5471856769238232,0.6467638692030971,0.6941739120996642,128,1.0
8783e69e8b9d5d5c,V2_IL_Q_to_R_KNN,0.029844004660844803,0.033696625381708145,0.03922403231263161,0.04547087848186493,0.055162413977086544,0.06756678111851215,0.0989741196483374,0.10236833244562149,128,
8783e69e8b9d5d5c,V2_candidate_KNN,0.0296877414276423,0.041280942862595,0.12966668559272126,0.29319347126850503,0.38968315609074844,0.5081916579368511,0.584114953048085,0.6591365673849949,192,
8783e69e8b9d5d5c,V2_Q_mahalanobis,1.5530295118004402,1.9451505585436166,2.382457347240304,2.811252290708051,3.148250185598806,3.781394419923771,4.172717417852845,5.068007902589178,128,
9566c9689988532d,V1_IL_self_KNN,0.021222984418272972,0.02394493892788887,0.02817960223183036,0.0321208368986845,0.03718897979706526,0.05954049210995431,0.06163191378116607,0.061999499797821045,64,
9566c9689988532d,V1_candidate_KNN,0.14309835254992745,0.2237506385293604,0.3434978481832438,0.3873826348569006,0.5118772594032712,0.6076422679639042,0.6621362581838955,0.6659099059479894,128,1.0
9566c9689988532d,V2_IL_Q_to_R_KNN,0.020501941442489624,0.021545246616005896,0.024676016066223383,0.026920449919998646,0.033784146420657635,0.053148345835506886,0.0965284986048937,0.13289904594421387,128,
9566c9689988532d,V2_candidate_KNN,0.020306618938130398,0.025499303426688307,0.14645097674709243,0.3222828534491066,0.39639768075828374,0.569170780752212,0.6389197192458658,0.6773274793411248,192,
9566c9689988532d,V2_Q_mahalanobis,1.8388715510130904,2.0725765781443015,2.447363188912254,2.787792020305333,3.1418778965723164,3.813276285752681,4.3126705845045965,4.811470549095943,128,
a49f197b94e15a20,V1_IL_self_KNN,0.02129809930920601,0.025112705212086438,0.031087305396795273,0.03702551871538162,0.04480190575122833,0.06029843445867298,0.07184287503361701,0.0724233090877533,64,
a49f197b94e15a20,V1_candidate_KNN,0.23404421059721453,0.33707404481220116,0.3635500258543567,0.40439831093835354,0.5118883472244118,1.6525684220797117,1.7568572955157797,5.468417401378289,128,1.0
a49f197b94e15a20,V2_IL_Q_to_R_KNN,0.020397167652845383,0.025265063066035508,0.03011958720162511,0.03341607749462128,0.038550722412765026,0.04969799220561978,0.07759328879415991,0.09039787948131561,128,
a49f197b94e15a20,V2_candidate_KNN,0.02558026038570173,0.031051824192757503,0.16250409203493918,0.33270884161454184,0.47055974434524006,1.616281378418122,3.36967558837215,5.444109475974939,192,
a49f197b94e15a20,V2_Q_mahalanobis,1.6366154991136275,2.1187766453167853,2.637846761927388,2.9320762171643846,3.298856381306531,3.7069814123523264,4.057559679857589,4.278517360949899,128,
d4b1d28cb67b5618,V1_IL_self_KNN,0.02747388742864132,0.03476539701223373,0.03908389713615179,0.050057798624038696,0.05694286525249481,0.0801686804741621,0.11734503969550118,0.1542675793170929,64,
d4b1d28cb67b5618,V1_candidate_KNN,0.14473774602947656,0.1775820680410393,0.21604954125076056,0.2927037530474972,0.3526610093360866,0.8423648369278613,1.0192060333017132,1.0607857639164342,128,0.9921875
d4b1d28cb67b5618,V2_IL_Q_to_R_KNN,0.02439216710627079,0.029471283592283726,0.035054040141403675,0.03993014805018902,0.04600067716091871,0.06696282401680942,0.10049894914031031,0.12800021469593048,128,
d4b1d28cb67b5618,V2_candidate_KNN,0.03087119563037145,0.037703892653853946,0.12162275850548118,0.21078680387765464,0.30708762032378234,0.7325340400631284,0.8917053478302817,0.9221793209771194,192,
d4b1d28cb67b5618,V2_Q_mahalanobis,1.3456835656550903,1.9272903112745625,2.334946632418654,2.6720740439981965,3.017008324582067,3.7817392518313655,4.886860761021118,5.312181992492492,128,
9fd73df50f1d5a2b,V1_IL_self_KNN,0.014107498340308666,0.014681423828005791,0.018530770670622587,0.023526733741164207,0.028682367876172066,0.03472827561199665,0.05296622045338152,0.0572480633854866,64,
9fd73df50f1d5a2b,V1_candidate_KNN,0.04004229650874785,0.04869698373376717,0.07249694688818403,0.09911458427716716,0.3383782459610812,0.5776837723696099,0.65152961952117,0.6530225261456797,128,0.859375
9fd73df50f1d5a2b,V2_IL_Q_to_R_KNN,0.010914193466305733,0.012930144648998975,0.014967045513913035,0.017852606251835823,0.021001086104661226,0.026284343283623456,0.030493405237793925,0.03310183435678482,128,
9fd73df50f1d5a2b,V2_candidate_KNN,0.010567181987533666,0.014997740505235698,0.041724464765075804,0.07510091302110858,0.26036073799978804,0.5299554823618766,0.6671013159583444,0.6708706527088835,192,
9fd73df50f1d5a2b,V2_Q_mahalanobis,1.22510627576291,1.5535696243618358,1.8008950837643125,2.2581456420499317,2.560904788239657,3.151718961826322,3.811940037372459,3.9133329074047674,128,
40bdcf910bed5013,V1_IL_self_KNN,0.019519757479429245,0.020568937715142965,0.024715745821595192,0.028187173418700695,0.033112010918557644,0.057661820948123894,0.07225507050752637,0.07844684273004532,64,
40bdcf910bed5013,V1_candidate_KNN,0.03166281786150045,0.03835795920608396,0.05144161319633999,0.1411637999543714,0.1996729041940037,0.3471731430245413,0.3570767912657621,0.36816766226340675,128,0.625
40bdcf910bed5013,V2_IL_Q_to_R_KNN,0.015501108951866627,0.017941467463970184,0.020729481242597103,0.023559577763080597,0.02650332683697343,0.036225264333188525,0.055662874504923854,0.05992244929075241,128,
40bdcf910bed5013,V2_candidate_KNN,0.015999294132343276,0.021199658936130426,0.03436026002340198,0.07097398024081361,0.1480518634255657,0.3349098542998688,0.34573963014680076,0.3639000640785974,192,
40bdcf910bed5013,V2_Q_mahalanobis,1.096255825885339,1.5481180974392483,2.0466129478242507,2.442504919787558,2.780813737845259,3.27930139847344,3.6353338248695297,3.819223177232405,128,
c72fac839d7b5bdf,V1_IL_self_KNN,0.03275974839925766,0.034183974750339984,0.03723642323166132,0.04089278727769852,0.052347167395055294,0.06102942097932099,0.07132874660193919,0.07489403337240219,64,
c72fac839d7b5bdf,V1_candidate_KNN,0.05537932005474115,0.060392135167254626,0.08179367050020567,0.1312364678629053,0.4729581901497071,0.6097724197066208,0.6757340085274277,0.6963894669950946,128,0.8046875
c72fac839d7b5bdf,V2_IL_Q_to_R_KNN,0.026055073365569115,0.030642615538090466,0.03318574372678995,0.03849939629435539,0.04532474745064974,0.06865848787128924,0.09255431860685351,0.1450413018465042,128,
c72fac839d7b5bdf,V2_candidate_KNN,0.02665447435150564,0.03361609216442146,0.05466556005712421,0.08238506745086438,0.23138111329332323,0.5628646240868469,0.6249084338820745,0.6792384871439969,192,
c72fac839d7b5bdf,V2_Q_mahalanobis,1.8141430133665062,2.3548313287903637,2.7954551184436687,3.1068566398479183,3.548693327853866,4.175460249828336,4.5683339967451495,5.37103507489052,128,
23cb188abddf5851,V1_IL_self_KNN,0.015781668946146965,0.017431697621941567,0.02298154542222619,0.030272629112005234,0.03626917488873005,0.05730005279183385,0.09073527857661245,0.09454886615276337,64,
23cb188abddf5851,V1_candidate_KNN,0.08870464325762054,0.11172960266377796,0.17692456432288373,0.2377443027801895,0.9775862744960202,1.4483480344159079,1.5250482543879667,1.5489975466082604,128,0.9765625
23cb188abddf5851,V2_IL_Q_to_R_KNN,0.016832459717988968,0.018491321057081223,0.02179847564548254,0.02569548413157463,0.03028832608833909,0.044276657328009596,0.07061687514185906,0.0748942419886589,128,
23cb188abddf5851,V2_candidate_KNN,0.0162837257471688,0.021292827303798376,0.045888109294403706,0.08576152675756268,0.5498419688675062,1.283738456257378,1.3454018874826077,1.3985976794561839,192,
23cb188abddf5851,V2_Q_mahalanobis,0.9399166143602172,1.458408238695203,1.6830451307234107,2.0394612487081423,2.454635407396027,3.1097242951569157,3.3177562843648447,3.5397181162169735,128,
a488a24ace4e5a0e,V1_IL_self_KNN,0.03938478231430054,0.04850613363087177,0.05138526111841202,0.05651411414146423,0.06558527238667011,0.09320003539323804,0.11713118642568587,0.11985483020544052,64,
a488a24ace4e5a0e,V1_candidate_KNN,0.30669715766468303,0.337694146751332,0.3602811262397181,0.3779528162600765,0.3980868259229192,0.4884661956829783,0.5519898096928298,0.5535228374081341,128,1.0
a488a24ace4e5a0e,V2_IL_Q_to_R_KNN,0.036302536725997925,0.03939814176410437,0.04706783127039671,0.05161631479859352,0.0631872471421957,0.08313778080046173,0.09269610360264778,0.10365192592144012,128,
a488a24ace4e5a0e,V2_candidate_KNN,0.039403902488191644,0.047604970006407996,0.1377401878426169,0.3169620117771854,0.3630854069235604,0.4468095012786621,0.5186991596121042,0.5661622261010744,192,
a488a24ace4e5a0e,V2_Q_mahalanobis,2.151261817287305,2.5193993742709977,2.999856534893272,3.3750293619409124,3.726441611590081,4.3325520403317075,5.190639612395808,5.675214305596262,128,
a2e11073e3025626,V1_IL_self_KNN,0.019467655569314957,0.0247768584638834,0.029025277588516474,0.03426363505423069,0.040427111089229584,0.07125502564012999,0.09292302265763283,0.09362829476594925,64,
a2e11073e3025626,V1_candidate_KNN,0.08644457595904048,0.09809105140377747,0.2626291030779482,0.3088163565483274,0.4849394106895725,0.5359188837781029,0.5812305595534752,0.6729305091227598,128,0.984375
a2e11073e3025626,V2_IL_Q_to_R_KNN,0.016017930582165718,0.018840231094509365,0.022300899028778076,0.026092857122421265,0.03206655569374561,0.05286891311407088,0.0753843877464533,0.07646822184324265,128,
a2e11073e3025626,V2_candidate_KNN,0.01725688958263736,0.023998151796088562,0.09115292426619238,0.23354486409381753,0.3117906432950376,0.4998603717391581,0.5225604041333254,0.6184830277943059,192,
a2e11073e3025626,V2_Q_mahalanobis,1.0684705152307845,1.3482255572013444,1.7627577951324878,2.1138992150422995,2.447093201848478,2.9908399039243,3.639529019342788,3.749393845860426,128,
56df5b5a7f8d5964,V1_IL_self_KNN,0.031791072338819504,0.03538515791296959,0.04107415582984686,0.045865315943956375,0.05326393712311983,0.07635509595274925,0.08946631401777262,0.10202156007289886,64,
56df5b5a7f8d5964,V1_candidate_KNN,0.05697107595999266,0.06850159289260062,0.07702693206453204,0.11816033222751361,0.31769225737528023,0.6566461842300252,0.78151578575488,0.8259305471827402,128,0.59375
56df5b5a7f8d5964,V2_IL_Q_to_R_KNN,0.027036089450120926,0.030487036053091287,0.03481335937976837,0.03999713249504566,0.045474727638065815,0.06292157191783189,0.0767912264913321,0.08306802809238434,128,
56df5b5a7f8d5964,V2_candidate_KNN,0.029799590552573234,0.035357177526894386,0.0546954295448245,0.08044752721458923,0.22811418734352962,0.5277933968366401,0.649706247624738,0.7231927421074957,192,
56df5b5a7f8d5964,V2_Q_mahalanobis,1.5956416331502954,1.8873399309306624,2.3525062403682404,2.7035115910119876,3.1116251888509803,3.911305950959604,4.144930713406045,4.285603139401239,128,
9f7eb558c5125bca,V1_IL_self_KNN,0.013030591420829296,0.014415416913107038,0.01734623033553362,0.019972764886915684,0.024883992969989777,0.039612593501806244,0.05783933781087395,0.06608891487121582,64,
9f7eb558c5125bca,V1_candidate_KNN,0.028501955765435648,0.03313714729336707,0.09527409198712575,0.11469142816969713,0.25247556632055645,0.3235841594234106,0.35493567792145775,0.3667043043192843,128,0.8046875
9f7eb558c5125bca,V2_IL_Q_to_R_KNN,0.011671616695821285,0.013136000465601682,0.015257762977853417,0.016938846558332443,0.019900361075997353,0.03377940151840448,0.05263970945030454,0.05594910308718681,128,
9f7eb558c5125bca,V2_candidate_KNN,0.012543786980695637,0.014576427225103258,0.03319793082380692,0.08508000453359685,0.1606907521191013,0.29419153834683187,0.3215169403787248,0.3431743460953768,192,
9f7eb558c5125bca,V2_Q_mahalanobis,1.3156041350965162,1.9913077174516538,2.4167898819173033,2.8091871490548064,3.0987321822027507,3.7431508477367754,4.198393267617836,4.323764055177393,128,
b7520d4aabdb522f,V1_IL_self_KNN,0.03996334224939346,0.04186955001205206,0.04653019178658724,0.05269987881183624,0.05772563349455595,0.07408530861139298,0.07701741762459277,0.07897106558084488,64,
b7520d4aabdb522f,V1_candidate_KNN,0.10085518587585991,0.11079462170964799,0.13590728869470817,0.18428161646440638,0.25737509489096544,0.5203025681900273,0.5683305067212195,0.6051290388324677,128,1.0
b7520d4aabdb522f,V2_IL_Q_to_R_KNN,0.03499388322234154,0.03683495223522186,0.041569522581994534,0.04401176981627941,0.04889171104878187,0.06925803758203983,0.11395807147026082,0.1296364963054657,128,
b7520d4aabdb522f,V2_candidate_KNN,0.03625465858986389,0.04369078328865241,0.07990659659613356,0.1159861369989468,0.17581091396792753,0.4398596211912645,0.546272354263982,0.5834013009288214,192,
b7520d4aabdb522f,V2_Q_mahalanobis,1.8494991459137857,2.3873337719505954,2.7360034197282395,3.157426410279438,3.505369764762302,4.026389245231462,4.334059696241121,4.408184758641912,128,
c97d721af0475e45,V1_IL_self_KNN,0.013232842087745667,0.015748979430645703,0.01831949083134532,0.02137388288974762,0.02926129288971424,0.039922584220767,0.06067909047007551,0.08443952351808548,64,
c97d721af0475e45,V1_candidate_KNN,0.03570645690856631,0.043733274773912915,0.0717638440307086,0.22303459383035856,0.42256005891018955,0.7080092021857398,0.7476493840582895,0.8365521381399311,128,0.6796875
c97d721af0475e45,V2_IL_Q_to_R_KNN,0.0130822928622365,0.014379941439256073,0.01653337338939309,0.018964149989187717,0.022351537365466356,0.03275092002004383,0.06377061937004334,0.08037547022104263,128,
c97d721af0475e45,V2_candidate_KNN,0.013359196311665567,0.01752753833206366,0.038870538765850976,0.09553015726222139,0.29040756361328285,0.5617418200066802,0.6858606456456756,0.6932730239802452,192,
c97d721af0475e45,V2_Q_mahalanobis,1.4302087213369568,1.6714528261592847,2.198871859689561,2.468286278472579,2.775880919977935,3.392261092316477,6.791401581248423,8.286694450642793,128,
2c87600ce5a15f76,V1_IL_self_KNN,0.015279415063560009,0.018429118581116198,0.021935375407338142,0.024256350472569466,0.03125879727303982,0.05098928995430466,0.0654992090910673,0.07127510011196136,64,
2c87600ce5a15f76,V1_candidate_KNN,0.04444443140991795,0.06256570716704872,0.09919719203523862,0.26114855465580655,0.31739472084636117,0.3879883056754258,0.42282468387782657,0.4884233786075388,128,0.859375
2c87600ce5a15f76,V2_IL_Q_to_R_KNN,0.011941774748265743,0.015314447367563844,0.016779703088104725,0.019410760141909122,0.024690200109034777,0.04472867399454117,0.05157631009817124,0.057263631373643875,128,
2c87600ce5a15f76,V2_candidate_KNN,0.01592816039303372,0.017628401651016493,0.06253601660685112,0.11215948755580288,0.25989390805647694,0.35939643224148005,0.40817528824806343,0.4751761347976219,192,
2c87600ce5a15f76,V2_Q_mahalanobis,1.1219269761624482,1.5870504141365587,1.9782056388073181,2.3448061393457738,2.8639501305122472,3.619215746459251,5.31206308781596,6.0004401351352445,128,
5d0d7322ddea55ce,V1_IL_self_KNN,0.016684290021657944,0.01814360832795501,0.0201961575075984,0.02415976021438837,0.02732208836823702,0.03896444886922835,0.04421723764389753,0.04514675214886665,64,
5d0d7322ddea55ce,V1_candidate_KNN,0.11704482362599829,0.14412466213855826,0.15706908743047548,0.1835991099316169,0.6190796014231212,0.811121007237451,0.8499553908845395,1.0027052428141523,128,1.0
5d0d7322ddea55ce,V2_IL_Q_to_R_KNN,0.01341036893427372,0.015215348359197379,0.01761227287352085,0.01969229895621538,0.021709611639380455,0.02694286871701479,0.038162081800401246,0.041245341300964355,128,
5d0d7322ddea55ce,V2_candidate_KNN,0.014587430548192299,0.01717131608911316,0.1317314473855363,0.16675944736152765,0.45256481046500485,0.7959568879758875,0.842313260266393,1.0252483133280184,192,
5d0d7322ddea55ce,V2_Q_mahalanobis,1.7544933202761772,2.0944751825815335,2.4546528716019136,2.7277320766102546,3.140583767107793,3.6301522199988123,3.83318931776723,4.2887221592145774,128,
fad3b25206405469,V1_IL_self_KNN,0.029843192547559738,0.03507617320865393,0.04447068274021149,0.051034655421972275,0.05731229763478041,0.08088834732770919,0.09788139373064035,0.11222652345895767,64,
fad3b25206405469,V1_candidate_KNN,0.3446515084728622,0.4166173110839381,0.5024612652291824,1.8556124406882915,1.951923442336493,2.0559498260096554,2.090091101536514,2.3600415518869275,128,1.0
fad3b25206405469,V2_IL_Q_to_R_KNN,0.025277236476540565,0.031536147184669974,0.03666128218173981,0.04194943606853485,0.048502338118851185,0.07252499200403689,0.08283182442188265,0.10133101046085358,128,
fad3b25206405469,V2_candidate_KNN,0.028237102692248477,0.03866839374341419,0.29125130678516886,0.505595170019318,1.7781060606385632,1.9549637535319222,1.989119881869705,2.022050705167081,192,
fad3b25206405469,V2_Q_mahalanobis,1.4413677631275081,1.9876895313282663,2.471551019702513,2.8062965930348973,3.2645857639628946,3.7046293388039273,3.8349760502819925,3.916717498684796,128,
117be7ce4bae59d9,V1_IL_self_KNN,0.021602977067232132,0.0235053401440382,0.02599362190812826,0.02839022222906351,0.033159940503537655,0.06989804506301879,0.07591273054480549,0.08356188237667084,64,
117be7ce4bae59d9,V1_candidate_KNN,0.20242312317930655,0.263154397505512,0.36423194020290117,0.4100335913075506,0.5768764021446706,0.6559698685963271,0.7279845109568612,0.7750870758538844,128,1.0
117be7ce4bae59d9,V2_IL_Q_to_R_KNN,0.01790354587137699,0.019721504487097263,0.022996341809630394,0.026309147477149963,0.03071580920368433,0.03968062400817871,0.04870365973562005,0.05500209331512451,128,
117be7ce4bae59d9,V2_candidate_KNN,0.019889868899819984,0.02567672741411171,0.15369665201287813,0.3056922435376702,0.38552503274999195,0.5487449766235523,0.6307866522645582,0.685024250678086,192,
117be7ce4bae59d9,V2_Q_mahalanobis,1.5280238094725438,1.812493255772661,2.251364902847743,2.6924719068573717,3.075104583213186,3.648913115990089,4.034380317718763,4.357316581429521,128,
36f37eab352d5150,V1_IL_self_KNN,0.027345988899469376,0.030755945295095444,0.03538029175251722,0.03995700925588608,0.04792041424661875,0.06673732399940488,0.0723903863877058,0.07399562746286392,64,
36f37eab352d5150,V1_candidate_KNN,0.05516474715508857,0.06093762786077381,0.08297813462294099,0.1053040187497365,0.38356556029929045,0.4458104804028634,0.4872756626624256,0.49249734691318564,128,0.8046875
36f37eab352d5150,V2_IL_Q_to_R_KNN,0.022416824474930763,0.02617059163749218,0.030693554785102606,0.03380020707845688,0.04030703194439411,0.05128741860389708,0.05993752371519807,0.08634470403194427,128,
36f37eab352d5150,V2_candidate_KNN,0.024304271486313596,0.032849684616076305,0.06154015758709912,0.08491885320512635,0.2147851029258005,0.4248857126547482,0.4736801598885723,0.48476111042423414,192,
36f37eab352d5150,V2_Q_mahalanobis,1.5297366135436599,2.1106190469401755,2.409874632831871,2.7228831559781357,3.188776504463304,3.8220009501285053,4.2149591781203455,4.271658033916681,128,
ada4bd96b21350f3,V1_IL_self_KNN,0.024588173255324364,0.02685713889077306,0.03169384878128767,0.035977160558104515,0.04263572674244642,0.05688512381166219,0.10146163582801812,0.11636443436145782,64,
ada4bd96b21350f3,V1_candidate_KNN,0.15221440869444205,0.1873500557423925,0.21494188699119193,0.24513589507267036,0.40902788224536474,0.47208912370102596,0.4961613621147582,0.5305987799072429,128,1.0
ada4bd96b21350f3,V2_IL_Q_to_R_KNN,0.020898854359984398,0.02310556946322322,0.026705472264438868,0.031761741265654564,0.03999398648738861,0.06331447847187513,0.11279329754412183,0.13254842162132263,128,
ada4bd96b21350f3,V2_candidate_KNN,0.020699014150742455,0.02861955756200001,0.10397832828180217,0.20219127437170886,0.25965106312427916,0.45023952447522575,0.4745275232643526,0.5196675779285373,192,
ada4bd96b21350f3,V2_Q_mahalanobis,0.9163662810208812,1.656672989565956,2.1618513377713793,2.505048398125846,3.0296217803122256,3.717094295702682,4.5799200252741805,4.926138170584646,128,
116f3217b5875595,V1_IL_self_KNN,0.02426481619477272,0.026908028591424226,0.037735652178525925,0.04467758908867836,0.05154014192521572,0.07910800017416472,0.1256432715058326,0.1423037350177765,64,
116f3217b5875595,V1_candidate_KNN,0.0915098504481858,0.10613854675420575,0.15011387837029433,0.19719633173004392,0.37190649981491597,0.5083686124112115,0.5985633120897024,0.6581501353234389,128,0.7890625
116f3217b5875595,V2_IL_Q_to_R_KNN,0.024715417996048927,0.028547815792262555,0.03372784238308668,0.038742268458008766,0.04562516137957573,0.05448016971349715,0.06527498017996552,0.09636051952838898,128,
116f3217b5875595,V2_candidate_KNN,0.03017494778602432,0.034197885662226715,0.08189238307808666,0.14274986071486512,0.22601231958341883,0.38220739460367426,0.45854200779763926,0.5117330507526868,192,
116f3217b5875595,V2_Q_mahalanobis,1.641013864105605,2.122588295114402,2.723046901046955,3.055203827807674,3.4125729188418683,3.8516963990233055,4.238742606561147,4.400851373110108,128,
2ce54722e81a5726,V1_IL_self_KNN,0.028038879856467247,0.03037562109529972,0.04055566247552633,0.044514721259474754,0.05580465402454138,0.07992369569838045,0.09450791835784912,0.09461767971515656,64,
2ce54722e81a5726,V1_candidate_KNN,0.09377943885801401,0.11360288687253603,0.13420595517768896,0.16083408039091232,0.42400849295865656,0.5718610334518941,0.6179603645534245,0.6356477908797226,128,0.9921875
2ce54722e81a5726,V2_IL_Q_to_R_KNN,0.02483503334224224,0.027804183773696423,0.03253274690359831,0.03602444380521774,0.043929848819971085,0.06583630256354807,0.07841806747019292,0.08397475630044937,128,
2ce54722e81a5726,V2_candidate_KNN,0.026760203927553898,0.0328022933151033,0.07795889128469691,0.14054367403534443,0.25377321847164813,0.4861053086480477,0.5861898667871217,0.6296300416401199,192,
2ce54722e81a5726,V2_Q_mahalanobis,1.4996014705898248,2.013133518320039,2.5414548337335057,2.939601547676526,3.343861093038542,3.9094629092678095,5.020099407129163,6.108135841209464,128,
f0e8b02b16cc5161,V1_IL_self_KNN,0.04912037402391434,0.05015827529132366,0.05730930995196104,0.06582077220082283,0.07398239523172379,0.09299441017210482,0.11536264158785342,0.11949016898870468,64,
f0e8b02b16cc5161,V1_candidate_KNN,0.08631694660523648,0.10219092656365009,0.1370153968979454,0.17453883735812858,0.3803430688657801,0.688423267454673,0.760820434262415,0.8378906115751553,128,0.8125
f0e8b02b16cc5161,V2_IL_Q_to_R_KNN,0.03469391167163849,0.038530176505446434,0.04555636178702116,0.0518623236566782,0.06341014802455902,0.08892229460179805,0.1073563731461764,0.11257223784923553,128,
f0e8b02b16cc5161,V2_candidate_KNN,0.037238595941184005,0.04892989142525054,0.09603691503417522,0.12494000381133055,0.2661616449678615,0.6384490925294543,0.7206474199894702,0.7546278718269485,192,
f0e8b02b16cc5161,V2_Q_mahalanobis,1.7059998912457945,2.0714994318958144,2.638396701049702,2.911235727657025,3.46200768160446,4.0522179661902396,4.251880133271634,4.3282154710308225,128,
4db513bb187a5415,V1_IL_self_KNN,0.03422432392835617,0.038653017953038216,0.04210998769849539,0.04740166664123535,0.054510222747921944,0.09624709077179422,0.10630678392946719,0.11101460456848145,64,
4db513bb187a5415,V1_candidate_KNN,0.24672179471261763,0.28961105965983286,0.47362994683998655,0.5155494011071214,0.6088038754617826,0.8612740525530276,0.8753198505813308,0.8820615995531476,128,1.0
4db513bb187a5415,V2_IL_Q_to_R_KNN,0.0259700920432806,0.029702796414494515,0.034055449068546295,0.03779678791761398,0.04350995272397995,0.05855758674442768,0.06905962027609353,0.08021041750907898,128,
4db513bb187a5415,V2_candidate_KNN,0.027100560773819067,0.035914929189484954,0.13673166420088384,0.35806199001060146,0.5053089213908906,0.8459203776042231,0.885863737989516,0.8962339466794527,192,
4db513bb187a5415,V2_Q_mahalanobis,1.7279057577980197,1.9293603503848566,2.469490025297838,2.7831020598000986,3.251278917677733,3.7496597405316736,4.004603443536421,4.071236568123098,128,
f679ed3e8e975575,V1_IL_self_KNN,0.026604145765304565,0.027262881677597762,0.031322664581239223,0.03510616905987263,0.041342285461723804,0.05542778037488458,0.07608697816729543,0.08225416392087936,64,
f679ed3e8e975575,V1_candidate_KNN,0.25020524428543955,0.2662801821939683,0.6019594823672036,0.6534180682878967,0.7283617345988602,0.9130519382535103,0.9697394107009248,0.9745791841909469,128,1.0
f679ed3e8e975575,V2_IL_Q_to_R_KNN,0.017282230779528618,0.020030990708619356,0.02344206301495433,0.026165524497628212,0.03191295452415943,0.04085451532155274,0.05798506505787375,0.08996617794036865,128,
f679ed3e8e975575,V2_candidate_KNN,0.020276991385118986,0.02564883337092547,0.1625143321378726,0.43585519561299046,0.6194296124343905,0.7553637040056215,0.8916433886792939,0.9009192635799634,192,
f679ed3e8e975575,V2_Q_mahalanobis,1.6517361439574292,1.86311441617856,2.1974177088121474,2.530778998632965,2.885421417100885,3.3044133289859023,3.8943905878544056,4.104996987582898,128,
bc9f53029a6b5c52,V1_IL_self_KNN,0.017949312925338745,0.019106269255280493,0.02203704323619604,0.026390845887362957,0.030452963430434465,0.0473312234506011,0.06888374712318168,0.10188047587871552,64,
bc9f53029a6b5c52,V1_candidate_KNN,0.10922045452172055,0.11407976218642761,0.1226825958518418,0.14759518967963384,0.23463934945024562,0.28515831463943553,0.3040631955792366,0.34367346513996744,128,1.0
bc9f53029a6b5c52,V2_IL_Q_to_R_KNN,0.014587539248168468,0.015809591859579086,0.018802756443619728,0.020649549551308155,0.02339370036497712,0.02862288914620876,0.03413786929100754,0.05022228881716728,128,
bc9f53029a6b5c52,V2_candidate_KNN,0.014851152826970753,0.018488355077530327,0.05515607615422343,0.11927268222174597,0.15331814678119143,0.27110152136721527,0.2834991356668614,0.304819112647804,192,
bc9f53029a6b5c52,V2_Q_mahalanobis,1.3017513423124198,1.9903347276374679,2.465220544027763,2.8054028261188995,3.1297497906931637,3.85550414779004,4.489937911629611,4.506887217350806,128,
8fcd3f59e5d35e62,V1_IL_self_KNN,0.018968705087900162,0.02084004506468773,0.02348754508420825,0.026872040703892708,0.03315547201782465,0.04167368225753307,0.0849597135931251,0.14417672157287598,64,
8fcd3f59e5d35e62,V1_candidate_KNN,0.059562615776765436,0.06954026931380461,0.12214597456555308,0.23021796581547327,0.6338403682567602,1.4068986607930811,1.4647274047747072,1.4706200141342198,128,0.671875
8fcd3f59e5d35e62,V2_IL_Q_to_R_KNN,0.015761326998472214,0.018546962272375823,0.020885510835796595,0.022987394593656063,0.02667206432670355,0.036197540909051897,0.051625389456748993,0.07491891086101532,128,
8fcd3f59e5d35e62,V2_candidate_KNN,0.01570908983144812,0.021203596231285947,0.06587452038518002,0.14836306914907293,0.4290216122382679,1.3189560227273067,1.4113035672646954,1.4422243299726536,192,
8fcd3f59e5d35e62,V2_Q_mahalanobis,1.5997735124540016,2.0756531163980294,2.5126912483677706,2.7892059452236224,3.171345738904162,3.8491753203168835,4.3508091727268425,4.498830854567874,128,
895b56e6e7d1506f,V1_IL_self_KNN,0.026999253779649734,0.029551420733332636,0.03676945809274912,0.04228922910988331,0.04800082463771105,0.062122646346688265,0.08527927227318281,0.09766047447919846,64,
895b56e6e7d1506f,V1_candidate_KNN,0.15013030440255315,0.17487633513749323,0.25921850209383984,0.3324928893983299,0.4244521927707647,0.8507894143766835,0.867570244471251,0.8986654778385947,128,1.0
895b56e6e7d1506f,V2_IL_Q_to_R_KNN,0.026603754609823227,0.02899736063554883,0.03220396861433983,0.03664545342326164,0.0404687849804759,0.05534198954701421,0.09846124701201922,0.13795538246631622,128,
895b56e6e7d1506f,V2_candidate_KNN,0.027376310203832088,0.03249652392723908,0.14424150844067818,0.2258278796156632,0.3416815552236928,0.8328493305384777,0.8582846020357764,0.8936112175710687,192,
895b56e6e7d1506f,V2_Q_mahalanobis,1.9302827801980216,2.4534669281417805,2.8963708464849494,3.3948243467291954,3.77791950290821,4.3751487792339505,5.052556599319527,5.571360609060047,128,
f22f6cb0966f5ddf,V1_IL_self_KNN,0.04028068110346794,0.04297510292381048,0.04749689903110266,0.05242102965712547,0.059604715555906296,0.08648596443235874,0.1183604376018047,0.1256549209356308,64,
f22f6cb0966f5ddf,V1_candidate_KNN,0.16356668666850133,0.21102702507708598,0.24792449688966198,0.345958336380162,0.44891564206948675,0.6180899545273606,0.6894879015669858,0.7069945368102912,128,1.0
f22f6cb0966f5ddf,V2_IL_Q_to_R_KNN,0.028468534350395203,0.03450189083814621,0.03831406682729721,0.04336673207581043,0.051764942705631256,0.0683111771941185,0.0796592812985182,0.0832652896642685,128,
f22f6cb0966f5ddf,V2_candidate_KNN,0.03069170748688622,0.037946699220968334,0.1348572273942616,0.2344206931558142,0.37151143065168307,0.5372053813181789,0.6411288795625756,0.6789055051981321,192,
f22f6cb0966f5ddf,V2_Q_mahalanobis,2.0820596008430594,2.4817499926419937,2.8811107432548835,3.263867109601164,3.6315415424402264,4.328450795801296,4.589013124936109,4.6384973369968385,128,
8d16e85f8f505b74,V1_IL_self_KNN,0.028420735150575638,0.0364211056381464,0.04326962027698755,0.04774469882249832,0.05457674525678158,0.06807813122868538,0.08645565323531622,0.10185272991657257,64,
8d16e85f8f505b74,V1_candidate_KNN,0.12036118741877873,0.13728994562019906,0.2268573283069105,0.2887229120162089,0.41740409713998483,1.6197377929605825,1.7864580598847675,3.363461880351347,128,1.0
8d16e85f8f505b74,V2_IL_Q_to_R_KNN,0.028303802013397217,0.030658668838441372,0.03717465326189995,0.04121588543057442,0.047701858915388584,0.05926907882094382,0.06769002467393875,0.10310518741607666,128,
8d16e85f8f505b74,V2_candidate_KNN,0.02435126723432,0.03917483037941267,0.09074567220194726,0.21549741904085254,0.3662468419562049,1.512995389013095,2.0445034835340876,3.2970999047847016,192,
8d16e85f8f505b74,V2_Q_mahalanobis,1.5423748396327408,2.1084294145329148,2.817525770348024,3.166872693142889,3.4707523851764637,4.020681734024115,4.6571373654414,4.682605844106659,128,
3e58b4e75b4d5910,V1_IL_self_KNN,0.0631946474313736,0.0698522724211216,0.07482453994452953,0.08663246408104897,0.10175183229148388,0.1579492092132568,0.1744124880433082,0.19276420772075653,64,
3e58b4e75b4d5910,V1_candidate_KNN,0.13081317114984192,0.15198243504499948,0.2009733282706783,0.2576363539701316,0.2921296256489031,0.6162469693819138,0.723751471756463,0.815732836451717,128,0.765625
3e58b4e75b4d5910,V2_IL_Q_to_R_KNN,0.050389695912599564,0.05593112055212259,0.0658543761819601,0.07395065948367119,0.08467289991676807,0.13379820846021148,0.18856992796063426,0.2034395933151245,128,
3e58b4e75b4d5910,V2_candidate_KNN,0.0544410410895495,0.06807613335628244,0.1174571042574453,0.1660347945254204,0.25965924934597134,0.5415044304114586,0.6835112019576993,0.7664102308120881,192,
3e58b4e75b4d5910,V2_Q_mahalanobis,2.0305748143566493,2.384610489910472,2.8233843089275226,3.2779201784663674,3.6484063677220653,4.051499264252662,4.868131355415677,7.091059258051513,128,
a68174740e5d53d2,V1_IL_self_KNN,0.025514056906104088,0.02897623283788562,0.03572987765073776,0.04470855928957462,0.05631380993872881,0.0739824030548334,0.14553118497133208,0.26030418276786804,64,
a68174740e5d53d2,V1_candidate_KNN,0.06839796718277451,0.07878535756108994,0.15138527069557367,0.19177425717036828,0.4032686100726534,1.289721544464257,1.3812307209611423,2.65823888215208,128,0.3828125
a68174740e5d53d2,V2_IL_Q_to_R_KNN,0.020251188427209854,0.025520435627549888,0.031235221773386,0.03638746403157711,0.04288875311613083,0.06674752384424208,0.10122692942619328,0.1092982292175293,128,
a68174740e5d53d2,V2_candidate_KNN,0.02590409378298869,0.030720892847563647,0.07189898030640632,0.14149442229455544,0.3318195550425585,1.1312752177909626,1.310137803082086,1.388762552272771,192,
a68174740e5d53d2,V2_Q_mahalanobis,1.1546557513359057,1.4815132334417074,1.8709221228736217,2.1849185670183386,2.560363144196784,3.142324510044412,3.5713889888697654,3.9782238482307166,128,
9c83725ca24453f5,V1_IL_self_KNN,0.017425088211894035,0.01869121864438057,0.022424383088946342,0.028587359003722668,0.03321628924459219,0.05595374032855027,0.07116756632924076,0.08101735264062881,64,
9c83725ca24453f5,V1_candidate_KNN,0.09061833915614678,0.1402917437149829,0.16394506548880683,0.18118425784693426,0.5107313493236583,0.75728544859847,0.7995893159466811,0.8162816145439995,128,1.0
9c83725ca24453f5,V2_IL_Q_to_R_KNN,0.012791603803634644,0.0156531416811049,0.018930011428892612,0.02136920392513275,0.0257622841745615,0.03295817989856004,0.038483500927686695,0.06077826768159866,128,
9c83725ca24453f5,V2_candidate_KNN,0.016181480318005675,0.020985147206964733,0.08748050617480196,0.16049130233989897,0.3352131802678306,0.6948625660202409,0.7930751770419048,0.8113531154874798,192,
9c83725ca24453f5,V2_Q_mahalanobis,1.3496515113720868,1.78124214238279,2.255185770881118,2.5580154839375204,2.9583893473482945,3.387960018941577,4.1845725444954835,4.516609239235896,128,
af80a080342354b5,V1_IL_self_KNN,0.022933589294552803,0.02697150418534875,0.032574476674199104,0.03745465353131294,0.04862889461219311,0.05974936727434396,0.08061630748212326,0.11113206297159195,64,
af80a080342354b5,V1_candidate_KNN,0.05625380643948873,0.08672370289812034,0.11115876676912965,0.15726109496120677,0.3192195406763852,0.37376835624278676,0.4046508878959099,0.46178474836920297,128,0.75
af80a080342354b5,V2_IL_Q_to_R_KNN,0.020710548385977745,0.02342185126617551,0.027094808872789145,0.03110526781529188,0.03807857912033796,0.05488501116633413,0.06349117629230024,0.1351323127746582,128,
af80a080342354b5,V2_candidate_KNN,0.022873623979362212,0.030119156715232104,0.06295251608600455,0.10189656184334506,0.21016523313888377,0.3548034346691913,0.38728851260804126,0.4339580036898423,192,
af80a080342354b5,V2_Q_mahalanobis,1.4450231842067625,1.9237982993970895,2.2729143387949238,2.57700530693469,3.0591896607440905,3.746222655474818,3.988080876622308,4.394590470965389,128,
7592a60634a65972,V1_IL_self_KNN,0.03607548028230667,0.04060898199677467,0.04593907669186592,0.05021991766989231,0.056995161809027195,0.06713965609669685,0.07601299837231631,0.08644493669271469,64,
7592a60634a65972,V1_candidate_KNN,0.11699663981098447,0.13793235387851194,0.18964917911859092,0.2487577189666143,0.6496460894638526,0.7830501574511146,0.8586902856154547,1.2014659606778966,128,1.0
7592a60634a65972,V2_IL_Q_to_R_KNN,0.029107656329870224,0.03158631436526775,0.035912555642426014,0.04131884686648846,0.04803400579839945,0.07584018893539904,0.09491852365434172,0.10294470936059952,128,
7592a60634a65972,V2_candidate_KNN,0.03292507814269226,0.03825937658491142,0.12712048000241405,0.18205922989684037,0.43556106641360237,0.7175290091895228,0.8165294841363838,1.1778549103794564,192,
7592a60634a65972,V2_Q_mahalanobis,1.8413713715990279,2.042595709939213,2.452497506146812,2.8483186654218757,3.2397585311690835,3.84851441488572,4.157639112712883,4.211071395136769,128,
312f7d68b7845c0f,V1_IL_self_KNN,0.025398051366209984,0.02728596208617091,0.030588570050895214,0.03420088067650795,0.0407478054985404,0.0783603973686695,0.10096627667546264,0.12261109054088593,64,
312f7d68b7845c0f,V1_candidate_KNN,0.08225384180132542,0.09537029163949794,0.11694554828540082,0.13767519129228153,0.2687371936597805,0.33328417877645905,0.4018165775623937,0.5116934083455018,128,0.671875
312f7d68b7845c0f,V2_IL_Q_to_R_KNN,0.019966697320342064,0.023179198894649745,0.027055255603045225,0.030928440392017365,0.03863656613975763,0.05537621974945068,0.07418821379542352,0.11186599731445312,128,
312f7d68b7845c0f,V2_candidate_KNN,0.02220055144556058,0.030451899901797513,0.07496070326744216,0.11365976593082336,0.20002732528791753,0.3136904638229509,0.4032146994288335,0.5319499639599983,192,
312f7d68b7845c0f,V2_Q_mahalanobis,1.337267291098494,2.059002054962925,2.4770128015909685,2.7987503923525887,3.1244830458915316,3.8840536694142087,4.160854536310561,4.77246569023551,128,
2ad520fb925f5ace,V1_IL_self_KNN,0.030366087332367897,0.034552577324211596,0.03835107386112213,0.04491318576037884,0.053176465444266796,0.06898997947573661,0.0780807720124721,0.09238620102405548,64,
2ad520fb925f5ace,V1_candidate_KNN,0.07820000298938883,0.08437329457218357,0.18354910465623112,0.2641245699273127,0.5999875390881355,1.1077089577411157,1.1807956976703757,1.2296268796655692,128,0.859375
2ad520fb925f5ace,V2_IL_Q_to_R_KNN,0.023645790293812752,0.027117456123232842,0.0307114296592772,0.036015210673213005,0.04085601959377527,0.056571516953408715,0.0713486883044243,0.07853652536869049,128,
2ad520fb925f5ace,V2_candidate_KNN,0.023660494464885863,0.033384534121348695,0.08361740761508514,0.18594029439505952,0.4065655453342592,0.9980481445275314,1.1349983459568074,1.2269201027099064,192,
2ad520fb925f5ace,V2_Q_mahalanobis,1.5171965689152986,1.9618028764840285,2.3274220246378854,2.6118317992382503,3.085569893768398,3.788846559416874,4.097592986210056,4.144339583542145,128,
d69754f18e1b5816,V1_IL_self_KNN,0.019197560846805573,0.020277995429933072,0.02323643257841468,0.026497654616832733,0.030363280791789293,0.048211746849119656,0.06853786494582886,0.08158380538225174,64,
d69754f18e1b5816,V1_candidate_KNN,0.06574854929119275,0.08369883427661814,0.11819110466006066,0.19406112061907438,0.4385208642630982,0.5476309829187633,0.6263102880857851,0.6984758615012188,128,0.953125
d69754f18e1b5816,V2_IL_Q_to_R_KNN,0.013051055371761322,0.01588105596601963,0.018691524863243103,0.021552287973463535,0.026070727966725826,0.03672122228890654,0.05468605831265451,0.07243437319993973,128,
d69754f18e1b5816,V2_candidate_KNN,0.015293014969695606,0.018538205307944054,0.07274991270210593,0.135383151802902,0.2887111332183175,0.49640275167425907,0.5517232340452938,0.612517684135713,192,
d69754f18e1b5816,V2_Q_mahalanobis,1.508866515984217,1.709926526870892,2.1686146253317036,2.5259000970775505,2.93734986003669,3.4030536730956786,4.019813766752887,4.388706761208403,128,
1514fa6cda205491,V1_IL_self_KNN,0.02940232679247856,0.031206503976136446,0.03607314173132181,0.039324406534433365,0.046813943423330784,0.06392577793449163,0.0947054598480462,0.12173060327768326,64,
1514fa6cda205491,V1_candidate_KNN,0.08310249594248381,0.13110327477233533,0.14553817955733567,0.16357072017869567,0.4323887849174851,0.7349318448939055,0.7525888401185625,0.7786880602911394,128,0.96875
1514fa6cda205491,V2_IL_Q_to_R_KNN,0.021861659362912178,0.025132013857364653,0.028989656828343868,0.03201773762702942,0.03690920025110245,0.05674378946423529,0.07555171974003319,0.08509211242198944,128,
1514fa6cda205491,V2_candidate_KNN,0.025397248629142898,0.032906021265732915,0.08409949689337924,0.13146860010789213,0.29579946083364156,0.697922048190942,0.7340606500558061,0.7692602781605411,192,
1514fa6cda205491,V2_Q_mahalanobis,1.7305523029512204,2.106598654166357,2.631525258642743,2.898039391604474,3.2403163979372085,3.71208381820582,4.297651447528551,4.921624522676177,128,
65c6face44dc5242,V1_IL_self_KNN,0.016169756650924683,0.01882993746548891,0.023570957593619823,0.025643184781074524,0.03208888974040747,0.042831913195550436,0.0466514030098915,0.05023205280303955,64,
65c6face44dc5242,V1_candidate_KNN,0.05355974680971345,0.06487926777747441,0.09921103255121816,0.1540753402169845,0.22998043715405292,0.2617823370666962,0.31213142403013266,0.3296119045491214,128,1.0
65c6face44dc5242,V2_IL_Q_to_R_KNN,0.014218616299331188,0.015609937999397517,0.018740604165941477,0.02151069324463606,0.02571299532428384,0.041134827025234695,0.04865003537386658,0.053157173097133636,128,
65c6face44dc5242,V2_candidate_KNN,0.01373298822980316,0.018782095958401506,0.05326243981628107,0.09358333730169885,0.15384466372434433,0.24223133762452176,0.26941845137397635,0.30527257893112003,192,
65c6face44dc5242,V2_Q_mahalanobis,1.1446161906684091,1.6406619956164812,2.073820771731518,2.424920783486403,2.751494745320233,3.3405573541936637,3.56333304695478,3.586356441921952,128,
116b808c2f825f23,V1_IL_self_KNN,0.05304967612028122,0.05875827725976705,0.07069365866482258,0.08060545474290848,0.10537663102149963,0.13546278923749924,0.19424524039030067,0.21421074867248535,64,
116b808c2f825f23,V1_candidate_KNN,0.11001360211224905,0.12338922302565832,0.16335284282418683,0.21633970502027994,0.24338291693865857,0.966134821154718,1.1537411175359664,1.1586912741172455,128,0.5234375
116b808c2f825f23,V2_IL_Q_to_R_KNN,0.04772280901670456,0.05256657544523478,0.06255999580025673,0.07128400728106499,0.08442981168627739,0.15356401279568663,0.22740612596273424,0.2610238194465637,128,
116b808c2f825f23,V2_candidate_KNN,0.05139560702615571,0.0621154527131235,0.1076837314281307,0.16667196303128123,0.22205356227269618,0.9190081268938012,1.1523068213788494,1.1669011882282847,192,
116b808c2f825f23,V2_Q_mahalanobis,1.634512410892224,1.9612868787077755,2.437196185243638,2.7506748094035514,3.1754562394900394,4.037227081733853,4.407552182645406,4.591990071804144,128,
0502652852d456e7,V1_IL_self_KNN,0.03443397209048271,0.03804810661822557,0.04134026914834976,0.045346612110733986,0.05221553426235914,0.07495374344289302,0.13082585662603363,0.1652096062898636,64,
0502652852d456e7,V1_candidate_KNN,0.20573374300962993,0.23936982824084183,0.27841818345664426,0.3193638082743453,0.5342415566835851,0.6225124983788377,0.6554896819477996,0.7247601563285053,128,1.0
0502652852d456e7,V2_IL_Q_to_R_KNN,0.026710933074355125,0.02872827844694257,0.034037888050079346,0.0400784183293581,0.04981271084398031,0.06190912183374166,0.08353612132370478,0.1000971570611,128,
0502652852d456e7,V2_candidate_KNN,0.026333947592411845,0.03456106334380665,0.14032056261380405,0.2525563465786969,0.36524610210829844,0.5803990046883852,0.6192745869157852,0.7012340549064933,192,
0502652852d456e7,V2_Q_mahalanobis,1.8823434056831305,2.413781261326687,2.9174844975776892,3.3888410703200638,3.771164215611657,4.452474294594292,4.890130974053261,5.01052722042124,128,
d139b76f0b1e5791,V1_IL_self_KNN,0.02974066138267517,0.03121709553524852,0.03878970164805651,0.04422546178102493,0.053572279401123524,0.07713712975382797,0.08152762837707997,0.08157628029584885,64,
d139b76f0b1e5791,V1_candidate_KNN,0.0606608299550949,0.07455968618799037,0.11675901813491567,0.13839977317674884,0.43794204638758416,1.113028649650045,1.1717885561637782,1.1916259510181468,128,0.90625
d139b76f0b1e5791,V2_IL_Q_to_R_KNN,0.026095960289239883,0.029421795345842838,0.03431329783052206,0.039709458127617836,0.046787045896053314,0.05876598469913006,0.06806878872215749,0.07714629173278809,128,
d139b76f0b1e5791,V2_candidate_KNN,0.02746229797543643,0.035334476462706634,0.07041546577517094,0.11409503033610335,0.2632670701829537,0.9612594615036303,1.12559997673535,1.1651148844218366,192,
d139b76f0b1e5791,V2_Q_mahalanobis,1.6852843192845353,1.9869469943094797,2.3630250238258905,2.6520945265517657,3.0123777510782155,3.5230182429953723,3.7719961782166314,4.037216031664297,128,
e6a85ef20b3054c4,V1_IL_self_KNN,0.02438363991677761,0.027251489460468292,0.03306281566619873,0.039956364780664444,0.052432915195822716,0.07272688671946523,0.08590640306472777,0.08793862164020538,64,
e6a85ef20b3054c4,V1_candidate_KNN,0.0736039750339527,0.09525222656605352,0.12036563626609469,0.14298326598785394,0.2680425451581247,0.5154120069710502,0.6176903210100514,1.4023671760598824,128,0.9765625
e6a85ef20b3054c4,V2_IL_Q_to_R_KNN,0.024316642433404922,0.02641579955816269,0.03181713167577982,0.035461148247122765,0.04075890500098467,0.0542902173474431,0.0641994971036911,0.08177365362644196,128,
e6a85ef20b3054c4,V2_candidate_KNN,0.023215618998441864,0.03222769320713197,0.07601174111033063,0.12588237705200853,0.22589326937113624,0.4882430711751144,0.8889427044277778,1.3993146156139429,192,
e6a85ef20b3054c4,V2_Q_mahalanobis,1.3409835013414801,2.0909494587172217,2.577707412688612,2.889357314127321,3.2444529156954864,3.7086542337699853,4.110131567943543,4.267216931097524,128,
d2b1e07b5d38547e,V1_IL_self_KNN,0.04106443002820015,0.04314233437180519,0.0492636039853096,0.05418724752962589,0.06275611184537411,0.11096112355589853,0.12255123265087604,0.12388322502374649,64,
d2b1e07b5d38547e,V1_candidate_KNN,0.07249930743835062,0.0946838601133375,0.15227266743424311,0.202538375373794,0.469137611225028,0.7034617262985668,0.8281644544312707,0.8504247769407935,128,0.8125
d2b1e07b5d38547e,V2_IL_Q_to_R_KNN,0.032223619520664215,0.03431166354566813,0.03958493284881115,0.044336870312690735,0.049674020148813725,0.06287263669073581,0.07794742695987227,0.09024450182914734,128,
d2b1e07b5d38547e,V2_candidate_KNN,0.029899180171907964,0.037917735598933466,0.08610545321337285,0.13597925243962022,0.32184616847386294,0.5518395402167086,0.6805718347541454,0.7922036139011406,192,
d2b1e07b5d38547e,V2_Q_mahalanobis,1.6508250569473404,2.0354400123278613,2.487908192844988,2.853764740013213,3.1919477987557974,3.6670755355689453,3.985408533198735,4.035123308089985,128,
56faab1d1228542e,V1_IL_self_KNN,0.028079569339752197,0.03201314527541399,0.039905235171318054,0.042705630883574486,0.04633570555597544,0.05769574865698813,0.07140883855521676,0.07803287357091904,64,
56faab1d1228542e,V1_candidate_KNN,0.09310110725060239,0.09675071324445178,0.1508331134188851,0.1846587383196049,0.4339379563147284,0.7713311495247878,0.8304381644057476,1.0881111479012398,128,1.0
56faab1d1228542e,V2_IL_Q_to_R_KNN,0.02420354261994362,0.029849465750157834,0.03351123258471489,0.03685794770717621,0.0422619991004467,0.048043095506727695,0.05874939214438203,0.07081212848424911,128,
56faab1d1228542e,V2_candidate_KNN,0.02799229901095221,0.03326743089824592,0.07288951290567276,0.17445733729362534,0.32251016659190135,0.707344850056201,0.7807512499318283,0.8231558173891147,192,
56faab1d1228542e,V2_Q_mahalanobis,1.8116012135381172,2.402348495559475,2.922822623306149,3.2228646364305327,3.6271935799209007,4.19473787664315,4.716288648479587,4.936391052545448,128,
a5aa2c07692a5f9b,V1_IL_self_KNN,0.028676602989435196,0.030018911231309175,0.03522271569818258,0.03898535668849945,0.04608054365962744,0.05892807934433222,0.09899964816868298,0.1177920326590538,64,
a5aa2c07692a5f9b,V1_candidate_KNN,0.12204841638071665,0.17556722127025548,0.26790118888472253,0.3166236855313852,0.4993701618737387,0.5488772139599437,0.5759645687568221,0.5802106449722177,128,1.0
a5aa2c07692a5f9b,V2_IL_Q_to_R_KNN,0.022350484505295753,0.027472776267677544,0.03167212661355734,0.03456087037920952,0.03871321026235819,0.05714656002819535,0.06346237253397705,0.0744812861084938,128,
a5aa2c07692a5f9b,V2_candidate_KNN,0.02750990649958519,0.0327923247423626,0.1133051668890414,0.20971417509030874,0.3110114449984783,0.5121639377511497,0.5347562453055922,0.5452509804955576,192,
a5aa2c07692a5f9b,V2_Q_mahalanobis,1.7599744932468009,2.1566945182440955,2.6546176085984903,3.0351152407109323,3.4429515475527506,4.108261641408372,4.265506613148476,4.341939398227137,128,
ccb3b418f0a45229,V1_IL_self_KNN,0.026682008057832718,0.02964438684284687,0.03366357181221247,0.03787157125771046,0.0469083683565259,0.05726256892085074,0.06990918569266794,0.07509267330169678,64,
ccb3b418f0a45229,V1_candidate_KNN,0.06391513654865102,0.0799126462034867,0.10480978665163192,0.1432843307569382,0.5231875625548293,0.7113723849527226,0.7545096995366382,0.7730681597137969,128,0.984375
ccb3b418f0a45229,V2_IL_Q_to_R_KNN,0.020144890993833542,0.025160763878375292,0.02907837461680174,0.03363005444407463,0.03923775255680084,0.06219427585601805,0.08221927568316467,0.09502486884593964,128,
ccb3b418f0a45229,V2_candidate_KNN,0.02241480250101786,0.029652440708742924,0.06475097811681271,0.09851676057785044,0.25807475160883414,0.6430567899393624,0.7017415569178087,0.725326999107218,192,
ccb3b418f0a45229,V2_Q_mahalanobis,1.3190934815075852,1.6156451893099615,2.1417341306758675,2.524728774264615,2.879702227831862,3.621577581778168,4.339906653843235,4.587530323597297,128,
9e326c77e25f526d,V1_IL_self_KNN,0.029907381162047386,0.031204723194241522,0.035937994718551636,0.03982798382639885,0.043146017007529736,0.05292537603527307,0.061079994365572925,0.062489379197359085,64,
9e326c77e25f526d,V1_candidate_KNN,0.11240689778230037,0.19281040777627279,0.21987069984283225,0.24603729490903226,0.5739832010213066,1.2034730290181117,1.3125988145625924,1.3189593723119952,128,1.0
9e326c77e25f526d,V2_IL_Q_to_R_KNN,0.02086351253092289,0.023525799438357354,0.027521297801285982,0.030767650343477726,0.03653171379119158,0.04506823103874921,0.06059505924582486,0.0812448263168335,128,
9e326c77e25f526d,V2_candidate_KNN,0.023295400691791656,0.029209294645737398,0.1080746805189386,0.21143346954093623,0.42114220479768877,1.0990063938023995,1.2974320986079477,1.3124526073396954,192,
9e326c77e25f526d,V2_Q_mahalanobis,1.4201456589520376,1.998847595404642,2.646369383773,3.021876777404972,3.3574619550622438,4.131672373515472,4.58023567608976,4.651854970935925,128,
a11285de52f553a7,V1_IL_self_KNN,0.017473336309194565,0.019011136423796416,0.021378766279667616,0.02731652371585369,0.03191568050533533,0.0614067994058132,0.071226510182023,0.08456084877252579,64,
a11285de52f553a7,V1_candidate_KNN,0.041115397001645085,0.043215607584824046,0.11355217261416947,0.24037807397609712,0.3082839081359685,0.5064626789088805,0.5933616901803453,0.6759926409554445,128,0.8046875
a11285de52f553a7,V2_IL_Q_to_R_KNN,0.013429616577923298,0.016934446152299644,0.019680379424244165,0.02195374947041273,0.026129957754164934,0.04165417850017544,0.08249710798263563,0.09582840651273727,128,
a11285de52f553a7,V2_candidate_KNN,0.015250021034238021,0.018826230339886164,0.04465078190545918,0.12586104188426878,0.23624797462426456,0.43766698997551096,0.5145312326165317,0.5464494205013015,192,
a11285de52f553a7,V2_Q_mahalanobis,1.460586701872792,1.7331589682158488,2.184529240389149,2.4823849573543737,3.0445048462105206,3.670467836135142,4.139873002714482,6.557181104719255,128,
b3b328a0d89255ea,V1_IL_self_KNN,0.030696576461195946,0.035252558439970015,0.041890740394592285,0.046768637374043465,0.060968114994466305,0.10925882533192634,0.14489256307482715,0.15672263503074646,64,
b3b328a0d89255ea,V1_candidate_KNN,0.14133789564886098,0.1724173880173331,0.5304754254123518,1.2211241365741743,1.413617146994614,1.539503625142785,1.547684215858614,1.5536381698306476,128,0.96875
b3b328a0d89255ea,V2_IL_Q_to_R_KNN,0.02760288678109646,0.030293614044785498,0.03655417449772358,0.04119552858173847,0.04776576440781355,0.06758255586028096,0.09105664752423764,0.12175538390874863,128,
b3b328a0d89255ea,V2_candidate_KNN,0.02904205304882826,0.03612875797574825,0.1522932662513101,0.511192133183262,1.308357470968251,1.5389808174813748,1.584931618177366,1.5920368959539886,192,
b3b328a0d89255ea,V2_Q_mahalanobis,1.899296013757227,2.2392974170074003,2.7015851496355823,3.082791411771244,3.4449269338171655,4.094996979597051,4.606898304192422,4.715952697874618,128,
ab7c0c62ea5d56df,V1_IL_self_KNN,0.03293810039758682,0.03356343768537044,0.04013595264405012,0.05154551565647125,0.06337877549231052,0.09532261490821835,0.12565720736980432,0.14415208995342255,64,
ab7c0c62ea5d56df,V1_candidate_KNN,0.13594562625334677,0.2208967816062893,0.27707645429982436,0.35815383105193543,0.41427813843596223,0.7165369858401918,0.8217932706485772,0.848055155529259,128,0.9921875
ab7c0c62ea5d56df,V2_IL_Q_to_R_KNN,0.02631939947605133,0.03169076628983021,0.03848401457071304,0.04350369982421398,0.05431879963725805,0.07514482438564299,0.09649970442056656,0.11626014858484268,128,
ab7c0c62ea5d56df,V2_candidate_KNN,0.03335381706826855,0.04254202618227479,0.1498200562820873,0.24867828979572046,0.3649537286948566,0.6339837135551499,0.78755228940099,0.8000175783472819,192,
ab7c0c62ea5d56df,V2_Q_mahalanobis,1.6621915986548428,1.8758202635820398,2.361779607868411,2.877979234991269,3.270144555211842,3.777852268791588,4.1767973924678135,4.346696497184136,128,
822b5a4a2e075ace,V1_IL_self_KNN,0.03081139549612999,0.03306529298424721,0.03973677381873131,0.04363155923783779,0.049167510122060776,0.06593258753418921,0.07020505271852015,0.07351981848478317,64,
822b5a4a2e075ace,V1_candidate_KNN,0.15657032737713417,0.1800914340933197,0.21237482198927785,0.41472008738954946,0.6998392523411353,0.9766372996007109,1.0669305354690461,1.0753186253516471,128,1.0
822b5a4a2e075ace,V2_IL_Q_to_R_KNN,0.024200240150094032,0.02865368016064167,0.032678548246622086,0.03647399693727493,0.043193298391997814,0.07076059095561503,0.09616051495075227,0.1035662442445755,128,
822b5a4a2e075ace,V2_candidate_KNN,0.027854209817926225,0.03308270694116124,0.1413290381420016,0.20851680515256,0.4528706185969774,0.8927805930658919,0.9951931908801283,1.063056470780874,192,
822b5a4a2e075ace,V2_Q_mahalanobis,2.361694661200049,2.5190820078042173,3.0415175948768383,3.278445939946807,3.7311370398014923,4.380807617727731,4.959557599792801,5.336151342564983,128,
6ee8095e2d8b599c,V1_IL_self_KNN,0.03154144063591957,0.03328802436590195,0.04401526693254709,0.05057155899703503,0.05928093288093805,0.07611428461968894,0.11106880776584147,0.11669261753559113,64,
6ee8095e2d8b599c,V1_candidate_KNN,0.1299203538336681,0.15499162028594354,0.25133143924311624,0.30696753218035,0.38168222748295755,0.555522131219458,0.5759327149463916,0.605178420208375,128,1.0
6ee8095e2d8b599c,V2_IL_Q_to_R_KNN,0.02748616598546505,0.032036122120916846,0.03661181963980198,0.04139965586364269,0.04813219141215086,0.06881774738430976,0.10251883476972581,0.16441848874092102,128,
6ee8095e2d8b599c,V2_candidate_KNN,0.03268763019393447,0.0390434616458713,0.10823320779404609,0.21890833851018549,0.2964333971268251,0.4931257692028696,0.5357757241428736,0.5727820757736883,192,
6ee8095e2d8b599c,V2_Q_mahalanobis,1.6030558188580477,1.9422229843895813,2.4202535926074957,2.7201857501902724,3.1956634240358026,3.7563419209604403,4.3939382315378746,5.094838950739581,128,
e536a7424867539d,V1_IL_self_KNN,0.017519081011414528,0.01857806583866477,0.021251210942864418,0.023787572979927063,0.027133867610245943,0.03514653909951448,0.04086142681539057,0.04513237997889519,64,
e536a7424867539d,V1_candidate_KNN,0.0529523498640444,0.1681806400981016,0.22512249697518766,0.25666710359186284,0.3311470933816479,0.37696019514604295,0.3941629656216758,0.40938757864167774,128,1.0
e536a7424867539d,V2_IL_Q_to_R_KNN,0.012624703347682953,0.014076037425547838,0.016694833990186453,0.018762271851301193,0.02262734342366457,0.029727126285433763,0.05051438916474584,0.061032962054014206,128,
e536a7424867539d,V2_candidate_KNN,0.014037549742677801,0.018386947003317798,0.08848449939262731,0.19100079172991552,0.25465749335402493,0.356028733222359,0.38762736134037956,0.405545287111104,192,
e536a7424867539d,V2_Q_mahalanobis,1.3589284232241567,2.027773884685143,2.5048530484010727,2.8615170187927896,3.3488891026213015,3.9194256434057335,4.313242538799662,4.4882338071126275,128,
228bc7a51ce85114,V1_IL_self_KNN,0.04253198951482773,0.045648468844592574,0.05241866875439882,0.059496376663446426,0.06912671402096748,0.08834162466228006,0.09317620605230331,0.09319762885570526,64,
228bc7a51ce85114,V1_candidate_KNN,0.09882523633979222,0.12523782718688603,0.22978418028629974,0.2987678899374484,0.4850685932719981,0.5950970237213663,0.6477555231771289,0.7290828506321383,128,1.0
228bc7a51ce85114,V2_IL_Q_to_R_KNN,0.03468133881688118,0.0399131091311574,0.046566824428737164,0.05176033824682236,0.059477563947439194,0.07596451751887796,0.09343754507601265,0.16204921901226044,128,
228bc7a51ce85114,V2_candidate_KNN,0.03355239388574173,0.0494887327533247,0.09180935580176644,0.1703022944744087,0.2689680054355886,0.4798259492809973,0.5652651694063727,0.6510668395239176,192,
228bc7a51ce85114,V2_Q_mahalanobis,1.359117881426161,1.7938695213811062,2.243287741609589,2.503868081354044,2.92822651084098,3.7101753962341255,4.094890049576965,4.2028287577849195,128,
b386322960ff5784,V1_IL_self_KNN,0.024164892733097076,0.026636544801294803,0.0318636754527688,0.03501182235777378,0.03979690745472908,0.05080417562276123,0.062026566788554165,0.06885027885437012,64,
b386322960ff5784,V1_candidate_KNN,0.46120643987827925,0.5135385979738868,0.7620713547780734,0.8231877785057027,0.8928528301702394,0.97770782994085,0.9937791513648264,0.9948391213139107,128,1.0
b386322960ff5784,V2_IL_Q_to_R_KNN,0.020570019260048866,0.022742685303092,0.027294560335576534,0.030622106045484543,0.03550316020846367,0.048358924686908715,0.06687257628887898,0.0728394016623497,128,
b386322960ff5784,V2_candidate_KNN,0.02022449931302925,0.027790183777138554,0.22036224977463326,0.5616601094846422,0.8089847767860693,0.9359767042019885,0.9882202822967675,0.9915344161745594,192,
b386322960ff5784,V2_Q_mahalanobis,1.6602206975897966,1.8263579477242435,2.2425529103182353,2.5909406770047982,3.0191652075398974,3.7138465240353935,4.252328877859223,4.419629647243716,128,
1779dc029c945352,V1_IL_self_KNN,0.03842293471097946,0.039655815437436105,0.04587871674448252,0.05757112428545952,0.06321429088711739,0.08123168163001536,0.12040649183094482,0.169219508767128,64,
1779dc029c945352,V1_candidate_KNN,0.1628959210939299,0.2155336405642006,0.3753253460725928,0.4434340111449319,0.5017883606666631,0.5751969579287418,0.630112681252431,0.7043998495970898,128,0.9921875
1779dc029c945352,V2_IL_Q_to_R_KNN,0.02868724800646305,0.0334999468177557,0.03906907234340906,0.04496157728135586,0.0529628973454237,0.07786714956164358,0.09804614879190926,0.10534374415874481,128,
1779dc029c945352,V2_candidate_KNN,0.0324541330704333,0.041635023010569545,0.14635859916499594,0.31112563733472653,0.4403708477650933,0.5114452615880207,0.6057985470291147,0.6761779676828775,192,
1779dc029c945352,V2_Q_mahalanobis,1.8019598371972034,1.9802150405536432,2.590229859517802,2.9032498124410555,3.434306495356711,4.0269416016293675,4.428972731717588,4.979488645634297,128,
e66f72e612d05320,V1_IL_self_KNN,0.014327478595077991,0.01580843245610595,0.0180766130797565,0.020829793997108936,0.023338281083852053,0.04318636562675237,0.05757626425474882,0.05811740830540657,64,
e66f72e612d05320,V1_candidate_KNN,0.03311527447704367,0.04233814649819904,0.06984086423133781,0.12408743538277577,0.31031158857354013,0.34759013103082465,0.3705938861443314,0.37167094546744905,128,0.796875
e66f72e612d05320,V2_IL_Q_to_R_KNN,0.01152394525706768,0.01404833998531103,0.01670570857822895,0.01812807098031044,0.020205847918987274,0.025548272766172882,0.04609712162986406,0.09244354814291,128,
e66f72e612d05320,V2_candidate_KNN,0.012978410443633273,0.016187560352221048,0.036009785764071364,0.0636588135684115,0.1868607176702839,0.3283006203855471,0.3464364158519838,0.36361258583959427,192,
e66f72e612d05320,V2_Q_mahalanobis,1.360204138202675,1.6946370499535737,2.125152276084549,2.4901076066161867,2.819155628171573,3.4651061480807277,4.1056622501865405,5.59446475519294,128,
8a7b81e3d8ec589e,V1_IL_self_KNN,0.023035716265439987,0.023931025993078947,0.031168073415756226,0.03567241132259369,0.040682803839445114,0.050198497623205184,0.06620610654354092,0.07479757070541382,64,
8a7b81e3d8ec589e,V1_candidate_KNN,0.5243917283047486,0.5784321344008531,0.7301940762320833,0.7724906968628676,0.8164126167547773,1.2795166547696155,1.3858168267041449,1.4394449399779166,128,1.0
8a7b81e3d8ec589e,V2_IL_Q_to_R_KNN,0.018416598439216614,0.02186986431479454,0.025606302544474602,0.029986904934048653,0.03835166711360216,0.060084242932498394,0.07121770940721038,0.07868938148021698,128,
8a7b81e3d8ec589e,V2_candidate_KNN,0.019787903728255056,0.027831090129550536,0.2817039555578387,0.6044459446768802,0.7600742231043945,1.1063409866438454,1.2819713465770188,1.3707650261680533,192,
8a7b81e3d8ec589e,V2_Q_mahalanobis,1.5301977914751144,1.95610086639805,2.3117427725879574,2.8137404863962283,3.236712620170881,3.6662161276429415,3.9339201903475614,3.961761291918846,128,
79d01df5793f5d1a,V1_IL_self_KNN,0.03819243609905243,0.040725016966462135,0.05296085402369499,0.059612711891531944,0.07387345470488071,0.10067363046109673,0.1262039570510387,0.1376127451658249,64,
79d01df5793f5d1a,V1_candidate_KNN,0.25086485578664713,0.33798539419968626,0.3768129833732087,0.42064608106445606,0.6175039589826742,0.9003287011717809,1.8777970444497394,1.902828786740375,128,1.0
79d01df5793f5d1a,V2_IL_Q_to_R_KNN,0.03407705947756767,0.038485617749392985,0.04736133944243193,0.05334700085222721,0.0609035873785615,0.09061878621578215,0.09697894848883154,0.11517506837844849,128,
79d01df5793f5d1a,V2_candidate_KNN,0.039500996061424834,0.04564790275628426,0.17813808747272228,0.33054231601680395,0.44953272429680086,0.6580062317952097,0.9748599546876119,1.8397528174884594,192,
79d01df5793f5d1a,V2_Q_mahalanobis,1.3085422899492527,2.0736002940276235,2.5432787870898657,2.8764576110566638,3.1905133076097787,3.8304317377993695,4.05710162128163,4.147641291361866,128,
78273a4b69465c1f,V1_IL_self_KNN,0.02476145327091217,0.02734332690015435,0.03731396980583668,0.04234770126640797,0.04856969881802797,0.06757675558328627,0.13556384265422797,0.19331814348697662,64,
78273a4b69465c1f,V1_candidate_KNN,0.09448518844311735,0.12639377944462835,0.1563713609992986,0.22997998921947524,0.27027577438986117,0.33520424058027576,0.37623915168512967,0.47520721970277346,128,0.625
78273a4b69465c1f,V2_IL_Q_to_R_KNN,0.022412147372961044,0.025089690182358026,0.029047322925180197,0.03331390209496021,0.041091062128543854,0.056095103174448,0.06534211151301862,0.0729190856218338,128,
78273a4b69465c1f,V2_candidate_KNN,0.025666689587297564,0.03264361853593436,0.07508434019168644,0.12972402927258636,0.21496081473679646,0.29619729449522686,0.3647824190194251,0.3821509510750443,192,
78273a4b69465c1f,V2_Q_mahalanobis,1.5557243291473004,1.7709180817193337,2.2827411079567623,2.6501963484213933,2.948675035889117,3.3449692687597254,3.878498978486867,4.382263847373003,128,
e9c9a2873a275365,V1_IL_self_KNN,0.017908383160829544,0.019551389198750258,0.022853365633636713,0.026363898999989033,0.030453131534159184,0.041682349704205986,0.07115998901426786,0.0870429277420044,64,
e9c9a2873a275365,V1_candidate_KNN,0.0754371249185251,0.08032007699059904,0.08961285692028081,0.15190822942138504,0.1862562350349386,0.3842696582886462,0.48048886961090104,0.4869224599255011,128,0.796875
e9c9a2873a275365,V2_IL_Q_to_R_KNN,0.015230938792228699,0.017174238059669732,0.019540100824087858,0.022205859422683716,0.025811010971665382,0.031746209040284155,0.04671817597001793,0.062269411981105804,128,
e9c9a2873a275365,V2_candidate_KNN,0.01647070293564917,0.018523658094736176,0.0410657027127459,0.08246126721129371,0.15269338693917783,0.3127980896114657,0.3922805651343559,0.4604742890404664,192,
e9c9a2873a275365,V2_Q_mahalanobis,1.389936792611519,1.8878459473468499,2.368077492549195,2.792988952079558,3.0763491826372897,3.4671957426922027,3.8961402263385216,4.216944593904974,128,
063ebdc4cd7e5bd9,V1_IL_self_KNN,0.040349382907152176,0.04426715523004532,0.046885146759450436,0.051055533811450005,0.05589693505316973,0.08355398774147031,0.10565207988023757,0.10634712874889374,64,
063ebdc4cd7e5bd9,V1_candidate_KNN,0.10012112690804346,0.11355926024726334,0.13648829137119967,0.19163595909758668,0.5517277061888564,1.4173160350875416,1.5133166909616496,1.530693405656712,128,0.984375
063ebdc4cd7e5bd9,V2_IL_Q_to_R_KNN,0.025339782238006592,0.029306036606431007,0.03551596216857433,0.043596403673291206,0.0534862419590354,0.07805258743464946,0.08596122056245806,0.09495802223682404,128,
063ebdc4cd7e5bd9,V2_candidate_KNN,0.03051542765641293,0.038494940426668435,0.1048552581642665,0.1419825928876518,0.3993262547814248,1.2194800353855748,1.430762327051275,1.4565203990053466,192,
063ebdc4cd7e5bd9,V2_Q_mahalanobis,1.3039646628527977,1.676351015893305,2.214607541453483,2.734693939175644,3.018689963310978,3.6915885675811073,3.8620848455669963,4.220037673242681,128,
40b18724a90f5919,V1_IL_self_KNN,0.028015291318297386,0.03130959570407867,0.036100173369050026,0.04262468032538891,0.05358495656400919,0.0858105514198541,0.1141416900604963,0.11959484964609146,64,
40b18724a90f5919,V1_candidate_KNN,0.18268005303632337,0.21550337986918816,0.289427464516311,0.3672109757507629,0.4426625367397756,0.48790821676951723,0.5290064217171302,0.5527537001334708,128,1.0
40b18724a90f5919,V2_IL_Q_to_R_KNN,0.02462855353951454,0.027415711805224417,0.03121776692569256,0.03555365838110447,0.04313146788626909,0.0572426225990057,0.07767242878675466,0.1033380851149559,128,
40b18724a90f5919,V2_candidate_KNN,0.025948251453323506,0.03154685280613348,0.13202935528986987,0.2247892617876721,0.3204291417155534,0.3981745408498893,0.45821170681697826,0.49330566932058434,192,
40b18724a90f5919,V2_Q_mahalanobis,1.8099582149011688,2.2321380269015743,2.5863406113058707,3.026307416248137,3.4835106175121258,4.135744356695363,4.440959809283498,5.620790743669391,128,
7f6ac29877365766,V1_IL_self_KNN,0.046587564051151276,0.053021283261477946,0.058612911961972713,0.06398724764585495,0.07494601979851723,0.10509669184684742,0.1214473459124565,0.1264018714427948,64,
7f6ac29877365766,V1_candidate_KNN,0.07508670055000792,0.0857203956858221,0.10323177389341912,0.1284830707959439,0.3935545692235629,1.2300376755450875,1.375197369081276,1.4170107789445587,128,0.5234375
7f6ac29877365766,V2_IL_Q_to_R_KNN,0.04101022332906723,0.04716053884476423,0.05295487865805626,0.05995563790202141,0.06552601233124733,0.07825403735041617,0.08937733352184296,0.09797640889883041,128,
7f6ac29877365766,V2_candidate_KNN,0.04343977974297773,0.05204633388973751,0.07428852318363945,0.10465483862508577,0.29824822224097014,1.1150202395421662,1.2921522696819472,1.387812961209327,192,
7f6ac29877365766,V2_Q_mahalanobis,1.7699484398075673,2.4593201044737545,2.829728620513787,3.267194576186634,3.5927654902626687,4.174175553400935,4.470499610422371,4.525917666087896,128,
2617f0cd70705817,V1_IL_self_KNN,0.022694595158100128,0.025928403623402117,0.032027166336774826,0.03771142102777958,0.046334680169820786,0.052065839432179926,0.07901325225830069,0.10098505020141602,64,
2617f0cd70705817,V1_candidate_KNN,0.04132516648722801,0.048929165932350416,0.0903703694079961,0.12172815490491645,0.48369179466856826,0.5779963865977533,0.633380019606741,0.6461011847375259,128,0.6484375
2617f0cd70705817,V2_IL_Q_to_R_KNN,0.020830193534493446,0.024623858742415905,0.028744762297719717,0.032663214951753616,0.03918408043682575,0.047292654402554035,0.07335283376276495,0.07627608627080917,128,
2617f0cd70705817,V2_candidate_KNN,0.023187490427942166,0.02855587187706775,0.04471460114623953,0.09122005904200155,0.26288493995348106,0.5161843579600085,0.5814177839224115,0.6032015097236583,192,
2617f0cd70705817,V2_Q_mahalanobis,1.8750242196990625,2.320032104074783,2.789383673883271,3.1471810285022768,3.589547822937725,3.946974825230248,4.520534164037694,4.581577575541785,128,
9356731128d95d59,V1_IL_self_KNN,0.026556730270385742,0.02768792835995555,0.03323783539235592,0.03988800570368767,0.046339538879692554,0.06307464279234408,0.07691761322319503,0.08762862533330917,64,
9356731128d95d59,V1_candidate_KNN,0.06690102506366984,0.10606281511298271,0.13251792155847614,0.1690415496495531,0.4995387448834664,1.092645547780958,1.1663302726283404,1.2640724082862527,128,0.9921875
9356731128d95d59,V2_IL_Q_to_R_KNN,0.022382626309990883,0.024782136920839547,0.029817445669323206,0.03381725773215294,0.038541135378181934,0.050266336649656296,0.06132722761482001,0.06479499489068985,128,
9356731128d95d59,V2_candidate_KNN,0.025326805071298593,0.03137375909041033,0.07635020916014423,0.13724374222749064,0.3271961783857479,0.9189694862623141,1.0815801204577038,1.1307521694912286,192,
9356731128d95d59,V2_Q_mahalanobis,1.692799896130758,2.3264615935216284,2.6968945888349,3.100610997552046,3.4313640048127056,3.7599737170969028,3.89729030131913,4.179532129327275,128,
d68f1142da63586f,V1_IL_self_KNN,0.03244834020733833,0.034542454220354554,0.03806666471064091,0.04370300844311714,0.04946393147110939,0.06641321182250975,0.10639284618198872,0.10727790743112564,64,
d68f1142da63586f,V1_candidate_KNN,0.33232861222731586,0.588518308492809,0.952344021946754,1.1270364602097893,1.252068665675122,1.3438124176092343,1.4314257084345179,1.5409768943869278,128,1.0
d68f1142da63586f,V2_IL_Q_to_R_KNN,0.021503593772649765,0.02657892685383558,0.032199363224208355,0.03678709454834461,0.04510876536369324,0.061824435740709276,0.07785808339715009,0.08758436888456345,128,
d68f1142da63586f,V2_candidate_KNN,0.02559852591698474,0.033764403584902986,0.3234876906779038,0.7428018053196337,1.070290448284641,1.1871607813147822,1.3532612259795853,1.4473387200131362,192,
d68f1142da63586f,V2_Q_mahalanobis,1.3397742113268838,1.5347690027229632,1.9985891682239767,2.3070075916248065,2.6521911187810026,3.118415654648737,3.961379820333593,4.298868211905646,128,
8c4982f5d16e51a8,V1_IL_self_KNN,0.01734163425862789,0.01926415916532278,0.022083767224103212,0.026292605325579643,0.028717672917991877,0.05622505266219369,0.10734216898679719,0.14293618500232697,64,
8c4982f5d16e51a8,V1_candidate_KNN,0.0976757594175941,0.10849412256695523,0.11924334288756273,0.17190887688754397,0.3796023226641321,0.4653449334849357,0.5721829729209497,0.6095453911020785,128,0.578125
8c4982f5d16e51a8,V2_IL_Q_to_R_KNN,0.01449044980108738,0.017049083858728407,0.019354371819645166,0.021685900166630745,0.02384204976260662,0.030214472115039824,0.045579862482845804,0.0685262531042099,128,
8c4982f5d16e51a8,V2_candidate_KNN,0.01451384595220966,0.019095456200538163,0.08080430644997957,0.12319621481899051,0.26706938282679127,0.4423592550306583,0.5236080105944967,0.6257201495099236,192,
8c4982f5d16e51a8,V2_Q_mahalanobis,1.5628177310939857,2.0111364097509012,2.4255278209009177,2.784150326401938,3.1765398260153077,3.5340070649785735,3.8754177966759427,4.311109427819916,128,
75b56424b7eb5ac6,V1_IL_self_KNN,0.0241340734064579,0.025227414909750223,0.029429664369672537,0.03230251185595989,0.041749401949346066,0.06352209951728575,0.08840385183691975,0.09683038294315338,64,
75b56424b7eb5ac6,V1_candidate_KNN,0.04986229885444525,0.055173072072107275,0.07859857174612792,0.09623618535702565,0.2695925625472323,0.3716943656989346,0.40022151016761826,0.4109712107542112,128,0.4765625
75b56424b7eb5ac6,V2_IL_Q_to_R_KNN,0.020059367641806602,0.021572606172412634,0.0237837634049356,0.02714632824063301,0.031018140725791454,0.04689816515892743,0.08355879195034506,0.09974837303161621,128,
75b56424b7eb5ac6,V2_candidate_KNN,0.019332501465221936,0.024795503267996028,0.04823321963004913,0.07263144449000945,0.1841126644217025,0.3380801208087236,0.40590615801239693,0.42066212206811304,192,
75b56424b7eb5ac6,V2_Q_mahalanobis,1.292153074348043,2.13959024843741,2.660853988674578,2.9417461466517985,3.2611591441919874,3.8754879083163116,4.095076043117281,4.500687382410285,128,
12264b570ba358e9,V1_IL_self_KNN,0.02619563415646553,0.031087910383939744,0.035622457042336464,0.04004390724003315,0.046548279002308846,0.06537084877490996,0.07621208012104032,0.08099302649497986,64,
12264b570ba358e9,V1_candidate_KNN,0.09244563878425185,0.10661657846634551,0.12143097673439451,0.13880079438305395,0.7817439118329276,0.9007820025617539,0.9453221761288354,0.9686792351885414,128,1.0
12264b570ba358e9,V2_IL_Q_to_R_KNN,0.023861262947320938,0.025830397848039865,0.02948119817301631,0.0322271641343832,0.037567528896033764,0.05073507037013767,0.07016558721661569,0.07055436074733734,128,
12264b570ba358e9,V2_candidate_KNN,0.025051845951940137,0.03227874158059367,0.07906965433465514,0.12467605175941167,0.4175205108545862,0.8692638958301016,0.9262195608806378,0.9694074839136839,192,
12264b570ba358e9,V2_Q_mahalanobis,1.9012572352934944,2.3122881590711555,2.753221485902995,3.0584079555368886,3.4345373000025026,3.858478674471358,4.111879091926845,4.887889388842792,128,
2320cdddd8465622,V1_IL_self_KNN,0.03634592518210411,0.040340648591518403,0.045700992457568645,0.05296959541738033,0.06671412102878094,0.09618686325848103,0.111551054418087,0.11198140680789948,64,
2320cdddd8465622,V1_candidate_KNN,0.20295024937052292,0.2410619101452025,0.5103200616219414,1.0059365503267124,1.1266265233188415,1.1642785517399312,1.2174232702229484,1.2637401591055106,128,1.0
2320cdddd8465622,V2_IL_Q_to_R_KNN,0.0334668830037117,0.0363924715667963,0.04026011656969786,0.046485818922519684,0.052997845225036144,0.062066047452390166,0.1014184239506722,0.10514812171459198,128,
2320cdddd8465622,V2_candidate_KNN,0.03333532123207196,0.04289751052940164,0.18793115648612713,0.46727321729762583,0.9792253970863819,1.0917468710384028,1.182512871692985,1.2780829847936985,192,
2320cdddd8465622,V2_Q_mahalanobis,1.2087422140064916,1.76225553340742,2.2171015205329336,2.5211831240905473,2.9603271271574383,3.299388040593466,4.230984613787179,5.4882910707767625,128,
5fec23f5a5d052cd,V1_IL_self_KNN,0.034243930131196976,0.04153333902359009,0.04937858413904905,0.05503532290458679,0.06251073908060789,0.07741415724158285,0.1262370263785123,0.1450113207101822,64,
5fec23f5a5d052cd,V1_candidate_KNN,0.14515414937343438,0.2468205398589174,0.3363540272113099,0.38876231929754557,0.4831123924667995,1.096954738220757,1.2285817564314718,1.2549589749051606,128,1.0
5fec23f5a5d052cd,V2_IL_Q_to_R_KNN,0.0218843724578619,0.03107332028448582,0.03764375206083059,0.043125277385115623,0.052902527153491974,0.07074066773056983,0.10801684446632868,0.11975617706775665,128,
5fec23f5a5d052cd,V2_candidate_KNN,0.02885630869057698,0.03751453543271854,0.14961543047416892,0.31197558408287157,0.40106852398529047,0.9616884139550179,1.1683164111495068,1.2328544394342782,192,
5fec23f5a5d052cd,V2_Q_mahalanobis,1.3106846831892933,1.7356889886242313,2.335803359346386,2.70329814470721,2.958862688538823,3.7386717071260804,4.368008660065829,5.236511338655903,128,
a3d8003852145a71,V1_IL_self_KNN,0.03959355875849724,0.047643557935953144,0.0589178130030632,0.06791700422763824,0.08109215274453163,0.12949372045695776,0.16227760046720496,0.1809297651052475,64,
a3d8003852145a71,V1_candidate_KNN,0.208407576087743,0.2362334841587291,0.2959771287650814,0.3604294749007433,0.4442120964812813,0.6874224163153311,0.900189771638371,1.952487362794378,128,1.0
a3d8003852145a71,V2_IL_Q_to_R_KNN,0.03925620764493942,0.04493047408759594,0.052363297902047634,0.05941671133041382,0.06779950112104416,0.08965647593140601,0.11107415251433854,0.11787562072277069,128,
a3d8003852145a71,V2_candidate_KNN,0.04388344016299789,0.052374095473057374,0.15314539227396712,0.2507480944402375,0.36727872908549236,0.7087370642051024,1.2044104149563324,1.938524728149708,192,
a3d8003852145a71,V2_Q_mahalanobis,1.7880908338138608,2.2303154446398867,2.693302346475158,3.041516752452741,3.407075891847236,3.997818941472924,4.506833682246257,4.768301421717063,128,
fadbd438f57e5612,V1_IL_self_KNN,0.033277399837970734,0.033970550447702405,0.03943508584052324,0.045620692893862724,0.05193945113569498,0.06477657333016394,0.08830878958106031,0.11405760049819946,64,
fadbd438f57e5612,V1_candidate_KNN,0.12544480615135215,0.13658206636318138,0.14601845998774535,0.1864238542124571,0.5583281340082602,1.263625541003627,1.3623879913591315,1.392031774413842,128,1.0
fadbd438f57e5612,V2_IL_Q_to_R_KNN,0.024893026798963547,0.026700171735137702,0.03236351255327463,0.03531799651682377,0.03978096600621939,0.060425673611462095,0.11167853124439728,0.13355349004268646,128,
fadbd438f57e5612,V2_candidate_KNN,0.02355727407383515,0.03057984245433099,0.09528135472949807,0.1446603849990264,0.3467495390172404,1.1196894753106716,1.2241231169127333,1.339936624307981,192,
fadbd438f57e5612,V2_Q_mahalanobis,1.5737016554733736,2.098487900339166,2.4617506465191368,2.8269001168722774,3.23316612157377,3.671390159571775,4.167838009751656,4.2216818748199385,128,
23ba8f4aee055e34,V1_IL_self_KNN,0.03916364535689354,0.04414135068655014,0.048325732350349426,0.05478936433792114,0.06102402228862047,0.09099295996129508,0.10146760962903498,0.10587054491043091,64,
23ba8f4aee055e34,V1_candidate_KNN,0.47267618593719407,0.5697098065165125,0.651852530280633,0.7289308704102725,0.8065501170430126,1.9765252943517257,2.2047226559500404,2.2336766998751383,128,1.0
23ba8f4aee055e34,V2_IL_Q_to_R_KNN,0.03366556391119957,0.037053003534674646,0.042398734018206596,0.0487996693700552,0.05719047877937555,0.07313436418771743,0.07996269561350346,0.09131263196468353,128,
23ba8f4aee055e34,V2_candidate_KNN,0.03700544747361327,0.04461362648735651,0.2791253641145454,0.6062774743096926,0.6822029063007733,1.306826802486044,2.1368024200054685,2.1731819995974724,192,
23ba8f4aee055e34,V2_Q_mahalanobis,1.7204780877226429,2.141546874406741,2.7848371972254182,3.1474595675856554,3.5043441026751805,3.9211768943657934,4.25917216969679,4.622232239084457,128,
edf80e77e2e65098,V1_IL_self_KNN,0.03825066611170769,0.041832254454493525,0.05605321004986763,0.06558186188340187,0.08443701639771461,0.10426514632999895,0.12048473626375192,0.13684561848640442,64,
edf80e77e2e65098,V1_candidate_KNN,0.28744537008076365,0.32510924666457797,0.3799744076660759,0.4471628191318637,0.6231524711483907,0.7636349132298708,0.7933503277581595,0.8055640723026031,128,1.0
edf80e77e2e65098,V2_IL_Q_to_R_KNN,0.040455594658851624,0.043429292552173135,0.05347677133977413,0.059311844408512115,0.07215337827801704,0.10850110426545141,0.1425789749622345,0.16604018211364746,128,
edf80e77e2e65098,V2_candidate_KNN,0.037821013653625446,0.048260355779480735,0.17512050746012756,0.34394457685828006,0.45326026640151984,0.6934231898013957,0.7744694004286787,0.7872630031507036,192,
edf80e77e2e65098,V2_Q_mahalanobis,1.7955327375170258,2.113912422117907,2.528825342040016,2.9238758033257373,3.270001975950229,3.8133166956173374,4.3989275105557475,4.471431234091524,128,
ec646e4956125fcf,V1_IL_self_KNN,0.052777718752622604,0.058993425033986566,0.0680246390402317,0.0766989178955555,0.09081604145467281,0.1592788569629192,0.2269409595429895,0.27906471490859985,64,
ec646e4956125fcf,V1_candidate_KNN,0.4487270661926079,0.5093004487219016,0.734707826043439,0.8328314312846388,1.0457039992000028,1.2351565070398702,1.346589121558137,1.405515062828258,128,1.0
ec646e4956125fcf,V2_IL_Q_to_R_KNN,0.04668320342898369,0.05040547028183937,0.05942502338439226,0.06536629050970078,0.07322565838694572,0.10579521991312502,0.13783651962876325,0.207858607172966,128,
ec646e4956125fcf,V2_candidate_KNN,0.05235542571419666,0.0607881154787582,0.32912556271408244,0.6421339210994277,0.8155548692539213,1.121957975448055,1.2571937848676735,1.3128556371096036,192,
ec646e4956125fcf,V2_Q_mahalanobis,1.7808668478151706,2.1091587802626566,2.63638116728565,2.9335332790697626,3.267175824283922,3.685044890509682,4.070941552410737,4.442244766858155,128,
9069684898175278,V1_IL_self_KNN,0.030714508146047592,0.03384070638567209,0.037779198959469795,0.040877290070056915,0.04744614660739899,0.08191632889211177,0.11040139615535728,0.13057135045528412,64,
9069684898175278,V1_candidate_KNN,0.09231304664137033,0.10326454523115279,0.11855139657661415,0.18389044667319418,1.0202241443969466,1.1769318749857465,1.2968853882388818,1.677042779291277,128,0.671875
9069684898175278,V2_IL_Q_to_R_KNN,0.02827521599829197,0.03052346771582961,0.03415913134813309,0.039111074060201645,0.04380871448665857,0.057905906997621055,0.07045564375817777,0.08306623995304108,128,
9069684898175278,V2_candidate_KNN,0.025445007606635872,0.03417986367628288,0.09167759149028368,0.12917150236056135,0.6977256456467013,1.1152028519662327,1.3074722797529617,1.6781606329488805,192,
9069684898175278,V2_Q_mahalanobis,1.7647787102868855,2.1547137077852856,2.563417237996752,2.9938132631597068,3.379609170199139,3.7654231730543715,3.8645380019465905,4.4195075665895285,128,
c83e41bd3afa534c,V1_IL_self_KNN,0.03204602375626564,0.03755510505288839,0.044071062467992306,0.054099058732390404,0.06677999347448349,0.10198237784206861,0.2083646413683885,0.36008140444755554,64,
c83e41bd3afa534c,V1_candidate_KNN,0.08313410482701232,0.093138696773854,0.14309943348016121,0.22767941482068643,0.394881183394204,0.5742715911218618,0.7101033555849755,0.7185704677277398,128,0.3203125
c83e41bd3afa534c,V2_IL_Q_to_R_KNN,0.02865351177752018,0.0328273082152009,0.038443390280008316,0.04369405657052994,0.053922589868307114,0.07176352068781852,0.09967394925653936,0.10739763081073761,128,
c83e41bd3afa534c,V2_candidate_KNN,0.028833328488851027,0.04135143269492606,0.07517072562432418,0.13188009086219032,0.305311024092228,0.5387941434933603,0.6595039899159735,0.6703647241853851,192,
c83e41bd3afa534c,V2_Q_mahalanobis,1.094345537926814,1.3436550723660556,1.832647448860331,2.1870042026474446,2.5286760328525624,3.0729016046633464,3.726278560082377,3.7818077650242734,128,
c3fa71763867515b,V1_IL_self_KNN,0.02274678274989128,0.027086563222110272,0.0317999143153429,0.035848191007971764,0.042259857058525085,0.05417535677552221,0.07684858307242387,0.0939408540725708,64,
c3fa71763867515b,V1_candidate_KNN,0.07867398348771289,0.11978936550301965,0.19230363936799594,0.28937127629774817,0.40896858433890426,0.516732268462283,0.5658090931331827,0.6171534559419001,128,0.9765625
c3fa71763867515b,V2_IL_Q_to_R_KNN,0.021351365372538567,0.023471719305962323,0.02657404262572527,0.02921219076961279,0.03500754665583372,0.05254200026392937,0.06305270567536357,0.1138860434293747,128,
c3fa71763867515b,V2_candidate_KNN,0.021038045670483146,0.0274033958639008,0.10706384932078825,0.18544959987953552,0.300332284699855,0.46517779915160534,0.528410847331969,0.566477813837578,192,
c3fa71763867515b,V2_Q_mahalanobis,2.1169467870619374,2.2590966727623147,2.8040254014212866,3.1808892969088927,3.6588245618231574,4.210579852788664,4.492472113458545,4.624617825457542,128,
43916f0a6f7f5717,V1_IL_self_KNN,0.0332760289311409,0.03648948036134243,0.04147344920784235,0.05035124532878399,0.05836700275540352,0.07636095210909842,0.0980054197460413,0.0987856388092041,64,
43916f0a6f7f5717,V1_candidate_KNN,0.12183521731376519,0.12576212174864548,0.14728350274444044,0.17664700697594624,0.5572861240964702,0.6772478304977669,1.1337413686956688,1.2144364758525505,128,1.0
43916f0a6f7f5717,V2_IL_Q_to_R_KNN,0.02807999588549137,0.033437547460198405,0.0395569559186697,0.04405966401100159,0.05035888124257326,0.06488893777132033,0.08114491909742357,0.13356168568134308,128,
43916f0a6f7f5717,V2_candidate_KNN,0.02939598513423879,0.03847730336297867,0.09135165435317029,0.15636433667321417,0.3664735289145678,0.5978079453753907,0.7126997023594868,1.1424978286543115,192,
43916f0a6f7f5717,V2_Q_mahalanobis,1.5084392146220786,2.2290391416136908,2.7570280092841966,3.1493229279527313,3.5103932643713702,4.197978972181513,4.594849277711638,4.800219416532388,128,
e8bd03529c905c16,V1_IL_self_KNN,0.03343159332871437,0.03468080461025238,0.04066201392561197,0.04931757412850857,0.05777287017554045,0.07796831466257569,0.10615807101130482,0.11342525482177734,64,
e8bd03529c905c16,V1_candidate_KNN,0.1582173812856727,0.21145644890240117,0.24965650883251056,0.3558751067881848,0.48142040934882596,0.5679286630168386,0.6463508241471828,1.9728259087632878,128,1.0
e8bd03529c905c16,V2_IL_Q_to_R_KNN,0.023868795484304428,0.029983554594218732,0.035642215982079506,0.04005016200244427,0.04689568653702736,0.07089410796761511,0.09325788043439391,0.1388700157403946,128,
e8bd03529c905c16,V2_candidate_KNN,0.02752826356836587,0.03747088387577477,0.1311937513997479,0.2362873852084851,0.3648600020941794,0.5145534271339516,0.5508328973449106,0.5639111587304766,192,
e8bd03529c905c16,V2_Q_mahalanobis,1.6365800909568136,2.268679585791762,2.6810623523628974,3.0137016558019827,3.318588089473383,3.9001012389932104,4.4546983103096505,4.899156252839623,128,
130e725a1594571f,V1_IL_self_KNN,0.04287124425172806,0.04838366862386465,0.0548135144636035,0.06493379920721054,0.07733610458672047,0.10238711349666117,0.14955221645534017,0.204338937997818,64,
130e725a1594571f,V1_candidate_KNN,0.12973659709110383,0.1483224547313536,0.20809943377648984,0.25676815228840605,0.32103574681384794,0.4351066798244099,0.5857227565059541,0.6154245179198385,128,0.7578125
130e725a1594571f,V2_IL_Q_to_R_KNN,0.036670081317424774,0.04106048103421926,0.049617853946983814,0.05471234954893589,0.06429821997880936,0.09536403380334375,0.12070674486458309,0.21186776459217072,128,
130e725a1594571f,V2_candidate_KNN,0.03965295943332724,0.05167983267128296,0.09877428672659325,0.16715621403615832,0.24500737652819754,0.3526553990469531,0.4411388594364547,0.532170411436096,192,
130e725a1594571f,V2_Q_mahalanobis,1.7783732084081845,2.0290106866386677,2.4880272571616517,2.833049819670962,3.1824760234398735,3.5252566145000688,4.064413374487579,4.352737903644358,128,
03d9c9a7f1655e53,V1_IL_self_KNN,0.02664419636130333,0.029248632490634918,0.03525594435632229,0.04081032797694206,0.04879490751773119,0.06749865300953387,0.07427423499524591,0.08145308494567871,64,
03d9c9a7f1655e53,V1_candidate_KNN,0.22178397704875613,0.3074317253028844,0.404624754462702,0.5353465362480415,0.6136532846981451,1.412718492484883,1.4751664784215106,1.4852244220226356,128,1.0
03d9c9a7f1655e53,V2_IL_Q_to_R_KNN,0.021790867671370506,0.02499102335423231,0.029775436501950026,0.03339123912155628,0.039502767845988274,0.0584187541157007,0.07051575653254988,0.08145759254693985,128,
03d9c9a7f1655e53,V2_candidate_KNN,0.024565235410155633,0.03206190710145971,0.18316390727291437,0.3356104009608525,0.528456712905139,1.2030267081276957,1.409013099234365,1.4343839307962618,192,
03d9c9a7f1655e53,V2_Q_mahalanobis,1.544274114092312,2.114302411128823,2.539991040273333,2.861400288376326,3.240690889701513,3.75217350374126,4.091723395017919,4.3250043502811115,128,
3c84060e9d245ad7,V1_IL_self_KNN,0.027257338166236877,0.029235258139669897,0.03256007004529238,0.03575684130191803,0.04655457194894552,0.06892436183989044,0.08466273039579392,0.08487318456172943,64,
3c84060e9d245ad7,V1_candidate_KNN,0.05095827409563282,0.05729771333001024,0.07485320796484086,0.11048023794355653,0.4236074158868979,0.5241420872755226,0.5608972809053311,0.5679919150742775,128,0.625
3c84060e9d245ad7,V2_IL_Q_to_R_KNN,0.02046375721693039,0.025515489932149648,0.029854336753487587,0.03283466212451458,0.03798604477196932,0.05349649116396903,0.07439614079892637,0.08866813033819199,128,
3c84060e9d245ad7,V2_candidate_KNN,0.025471775239299145,0.031557677644138506,0.053710872249432884,0.07092696234127151,0.2278796292060486,0.4914297662729651,0.5261814037479001,0.5648396911750145,192,
3c84060e9d245ad7,V2_Q_mahalanobis,1.7420635055338436,2.137783940326496,2.4295865950936895,2.7993389586327373,3.149061547681267,4.042137756865592,4.229487345846435,4.321835469434509,128,
440da7a31b255ef9,V1_IL_self_KNN,0.03157849237322807,0.03585398457944393,0.045089912600815296,0.05272694677114487,0.057981173507869244,0.0815053045749664,0.15632569268345817,0.19299928843975067,64,
440da7a31b255ef9,V1_candidate_KNN,0.22053696903485975,0.31234276351122997,0.34303879088099976,0.4039070829992935,0.8441548138377295,0.9707204539237608,1.0030248938685566,1.0458253599682183,128,1.0
440da7a31b255ef9,V2_IL_Q_to_R_KNN,0.028443926945328712,0.03233791440725327,0.038028971292078495,0.042388416826725006,0.048149208538234234,0.06476887129247189,0.08708319120109083,0.09045817703008652,128,
440da7a31b255ef9,V2_candidate_KNN,0.031023127475704383,0.03865818789326497,0.19903608060373912,0.3442999352965932,0.526832797472303,0.8939718531917148,0.9539299643382748,0.971390361505623,192,
440da7a31b255ef9,V2_Q_mahalanobis,1.4728109353098389,2.0649481044916285,2.5093936343712566,2.814671556724197,3.0912433379653854,3.7006657583387095,4.112882440180999,4.457142509771798,128,
8deb3aea4c075024,V1_IL_self_KNN,0.028208795934915543,0.03156264238059521,0.03856836445629597,0.044724974781274796,0.05380897782742977,0.07427809126675126,0.08943876124918453,0.1088394895195961,64,
8deb3aea4c075024,V1_candidate_KNN,0.12273056682305103,0.14215235897961495,0.3197264162154619,0.6080898351497751,0.6369352411747266,0.6895683035765403,0.7240268666231613,0.752425256639374,128,1.0
8deb3aea4c075024,V2_IL_Q_to_R_KNN,0.02716485597193241,0.028522804006934167,0.03299504239112139,0.03615055978298187,0.04000096395611763,0.04866532292217015,0.05880002405494453,0.10781605541706085,128,
8deb3aea4c075024,V2_candidate_KNN,0.026116997358132343,0.033416690333199606,0.11228472461656606,0.2962140374364788,0.5766206980272347,0.6395026770233335,0.7214487597361645,0.7874770233653763,192,
8deb3aea4c075024,V2_Q_mahalanobis,1.8480595326890434,2.1627990764656673,2.636058805748098,2.917462101070234,3.1619448019535845,3.6514088069106907,3.862148721586746,4.484556853474086,128,
fa72914538895375,V1_IL_self_KNN,0.025701891630887985,0.029911046102643012,0.03437040839344263,0.03786076419055462,0.04105966445058584,0.055585313029587226,0.07081173285841942,0.07176491618156433,64,
fa72914538895375,V1_candidate_KNN,0.0877631896738031,0.09242059881286507,0.12027774375378439,0.13492325165607177,0.4055531840365378,0.46625260649300565,0.5114789004100099,0.53458994978769,128,1.0
fa72914538895375,V2_IL_Q_to_R_KNN,0.023215901106595993,0.025088091660290957,0.027978521306067705,0.030259141698479652,0.03381064813584089,0.04099042937159538,0.046178905665874494,0.05147235468029976,128,
fa72914538895375,V2_candidate_KNN,0.026309288967675433,0.030625630925111585,0.06047847024640481,0.11257670421713048,0.22987562948857976,0.430371976441131,0.46339698106341715,0.4974015201220318,192,
fa72914538895375,V2_Q_mahalanobis,1.9761544963868825,2.383934246050197,2.9389278717117775,3.3201294888468116,3.706236009091283,4.109932621781752,4.32795840162357,4.462349393688153,128,
095453a7aea65260,V1_IL_self_KNN,0.02912166714668274,0.030895661469548943,0.03712076600641012,0.04322173818945885,0.053491304628551006,0.06865825951099395,0.09326370500028122,0.12269709259271622,64,
095453a7aea65260,V1_candidate_KNN,0.1373852935247487,0.1709421010428111,0.2817100115111621,0.3936630460710062,0.8967860486170373,1.3915597110952023,1.4204034801265173,1.530403464821179,128,1.0
095453a7aea65260,V2_IL_Q_to_R_KNN,0.02685261145234108,0.029964629374444485,0.03388433996587992,0.037032198160886765,0.04240168072283268,0.05726576130837199,0.06746168956160548,0.07439592480659485,128,
095453a7aea65260,V2_candidate_KNN,0.027205396719732888,0.036853713659044836,0.15780687197305124,0.2743386159240876,0.560836195580638,1.238573402555439,1.3703184357403582,1.5089769504644592,192,
095453a7aea65260,V2_Q_mahalanobis,1.7057661618125626,2.227564316184355,2.670336794104509,3.0834440995783448,3.443174726542725,4.015988998581501,4.316325049850825,4.459169273388774,128,
b5a136c8bff95db6,V1_IL_self_KNN,0.030103987082839012,0.031158985756337642,0.03417800460010767,0.03921891376376152,0.04701660294085741,0.0759242884814739,0.0985526119172573,0.10183887183666229,64,
b5a136c8bff95db6,V1_candidate_KNN,0.09549148098513707,0.105142032093048,0.1503022319226127,0.18689139839021943,0.4430317122522725,0.5202775689478163,0.5599352930731472,0.5659824628609422,128,0.984375
b5a136c8bff95db6,V2_IL_Q_to_R_KNN,0.018548905849456787,0.022420617192983626,0.02759574167430401,0.030557772144675255,0.03730687312781811,0.05121736247092485,0.06805647052824498,0.13736219704151154,128,
b5a136c8bff95db6,V2_candidate_KNN,0.020000648620360655,0.02535926474754505,0.07613661813537585,0.13672806176907293,0.25160834579015806,0.4728587417543279,0.5219626405075152,0.5457096735384326,192,
b5a136c8bff95db6,V2_Q_mahalanobis,1.3814427049095641,1.6609735629680666,2.09745238840342,2.456225234595305,2.7695225035762547,3.4501824131870995,3.8331426469979926,3.944103534205948,128,
16cf679d9cd35d85,V1_IL_self_KNN,0.027846192941069603,0.03187646269798279,0.03766357991844416,0.043737562373280525,0.0559094063937664,0.0732764258980751,0.1068727200478315,0.11585720628499985,64,
16cf679d9cd35d85,V1_candidate_KNN,0.051063252517361865,0.08068692870739798,0.18254596314037966,0.2478575682531379,0.6626413659339181,1.4768167878471772,1.5812905759006002,1.6041900115503225,128,0.828125
16cf679d9cd35d85,V2_IL_Q_to_R_KNN,0.02328512631356716,0.028103860095143318,0.032195101492106915,0.03699662163853645,0.042181878350675106,0.060682480596005915,0.07805199511349202,0.09801216423511505,128,
16cf679d9cd35d85,V2_candidate_KNN,0.027973571303158962,0.03564638402824879,0.08081027349897715,0.17060086631758203,0.4704150408145476,1.2548414915262645,1.4154887079258234,1.5391868360287064,192,
16cf679d9cd35d85,V2_Q_mahalanobis,1.6069981203836543,2.141061998408029,2.5783618982420533,2.869816283080042,3.306863047249624,3.9447929100800656,4.573182038089655,5.141946588455278,128,
0424e5fd9a5c5e60,V1_IL_self_KNN,0.025639787316322327,0.028895801026374103,0.03228440321981907,0.035678017884492874,0.040310402400791645,0.056242161989212024,0.06406582582741974,0.07005834579467773,64,
0424e5fd9a5c5e60,V1_candidate_KNN,0.07590067198639812,0.14132717994644328,0.17505796880740424,0.23087195152116302,0.7724757717144153,1.255032898580027,1.3651080406400817,2.7665899559906957,128,1.0
0424e5fd9a5c5e60,V2_IL_Q_to_R_KNN,0.019571561366319656,0.024771982058882713,0.028552520088851452,0.0323579628020525,0.03861202206462622,0.06331852935254571,0.08426876872777947,0.0898040160536766,128,
0424e5fd9a5c5e60,V2_candidate_KNN,0.02083923685266528,0.028447591320694257,0.09103592848575083,0.16726165420081457,0.5115807933020011,1.0947985537475715,1.2569625339711132,1.3673288725851527,192,
0424e5fd9a5c5e60,V2_Q_mahalanobis,1.8815251248730156,2.2565317350322682,2.7103017206061084,3.086206377181785,3.4926114779198247,4.136698751628887,4.485718242784173,5.234388916390213,128,
97de4a69dec65c80,V1_IL_self_KNN,0.03786159306764603,0.041145910136401655,0.04468481242656708,0.04821759648621082,0.05606159195303917,0.08092946074903011,0.11667532712221135,0.14460118114948273,64,
97de4a69dec65c80,V1_candidate_KNN,0.6863813989374238,0.7456498839451641,0.8640749014704339,0.9200609402103328,0.9683964004051373,1.1638659823605721,1.2675132946968588,1.3200545940826725,128,1.0
97de4a69dec65c80,V2_IL_Q_to_R_KNN,0.02712426707148552,0.03106312844902277,0.03708682395517826,0.041955552995204926,0.04668593034148216,0.05515034403651952,0.06480477087199689,0.0765589103102684,128,
97de4a69dec65c80,V2_candidate_KNN,0.028813426683717735,0.03741422817909804,0.3458048501418367,0.7901032056599054,0.9676179465641741,1.0866975273088262,1.2701886486613532,1.354087865013945,192,
97de4a69dec65c80,V2_Q_mahalanobis,1.6050852083780587,1.995218020563692,2.41894704992951,2.728479181961788,3.044947823820178,3.5236472990356873,3.8520658153031433,3.933986214706713,128,
e5a8e75d4450516b,V1_IL_self_KNN,0.047367341816425323,0.04901681896299124,0.05769741162657738,0.06971967965364456,0.07880628108978271,0.08849371001124381,0.11201032295823088,0.1334713250398636,64,
e5a8e75d4450516b,V1_candidate_KNN,0.11121558058459362,0.1204115749793233,0.1445168138025886,0.3000136132599973,0.4571030942096455,0.60341939168147,0.7606137838448882,0.7829376300225572,128,0.84375
e5a8e75d4450516b,V2_IL_Q_to_R_KNN,0.03430626541376114,0.04064863175153732,0.050271179527044296,0.05639535374939442,0.07039296813309193,0.09857929833233352,0.1125484182685614,0.14194495975971222,128,
e5a8e75d4450516b,V2_candidate_KNN,0.038414047997741355,0.04876710800670572,0.1036509294985257,0.14759241909701784,0.32534337787712886,0.5495746343788523,0.6925631706277526,0.7573787976267882,192,
e5a8e75d4450516b,V2_Q_mahalanobis,1.700014869288829,2.144995164517181,2.667467064759198,3.0104064112497753,3.3012872884221975,4.148354409145325,4.611078055763748,4.99390609151122,128,
4669e83db7965ed0,V1_IL_self_KNN,0.03438911586999893,0.03669659923762083,0.0400121221318841,0.04467712342739105,0.0538581907749176,0.08272452056407924,0.0901470310986042,0.09202321618795395,64,
4669e83db7965ed0,V1_candidate_KNN,0.10693094905043679,0.1572607020234133,0.20409050348565658,0.24258041749322404,0.5856437238721445,1.5355256817783858,1.6579560337663475,1.7123589380374433,128,1.0
4669e83db7965ed0,V2_IL_Q_to_R_KNN,0.026171356439590454,0.03055332861840725,0.03452977538108826,0.04043755680322647,0.0483975438401103,0.07255413196980953,0.09088198810815816,0.10194189846515656,128,
4669e83db7965ed0,V2_candidate_KNN,0.030771948890191518,0.037111461992196754,0.11551480165377953,0.21113135514290265,0.41230853512111254,1.3302535948277812,1.5778615336833408,1.670876159572683,192,
4669e83db7965ed0,V2_Q_mahalanobis,1.3900111646684141,2.0659695388737678,2.583167955162569,2.820756588146316,3.225450931673623,3.656851446129575,4.082120608038759,4.13985428814985,128,
00bbc908bd5758e6,V1_IL_self_KNN,0.02633916772902012,0.027956806216388942,0.03462052717804909,0.040406277403235435,0.04737476259469986,0.05744132194668053,0.06222506839781997,0.06773344427347183,64,
00bbc908bd5758e6,V1_candidate_KNN,0.07226988939609649,0.0838397330601965,0.10873453791200154,0.1681889158243038,0.35645667377217727,0.42838480464660533,0.4814258214044189,0.5005357690271214,128,1.0
00bbc908bd5758e6,V2_IL_Q_to_R_KNN,0.020772762596607208,0.026263821963220836,0.028996278531849384,0.03323823772370815,0.038604688830673695,0.05453403126448391,0.06605486005544664,0.0827677845954895,128,
00bbc908bd5758e6,V2_candidate_KNN,0.02315424944478428,0.029880600910893243,0.0629569954533298,0.10800371167685835,0.23036470367378817,0.3836683054516206,0.42067241451637927,0.46749654727834294,192,
00bbc908bd5758e6,V2_Q_mahalanobis,1.3520573042481594,1.93540466907088,2.2653661338832247,2.5653899804122897,2.9599715662239254,3.505565825150344,3.7418075163182434,4.091166133196183,128,
97f64f5b130055b0,V1_IL_self_KNN,0.027593543753027916,0.028583898209035397,0.031138446182012558,0.03336120396852493,0.03682444151490927,0.05414708293974399,0.12803280167281608,0.17811529338359833,64,
97f64f5b130055b0,V1_candidate_KNN,0.17749455852873386,0.19409697208740903,0.28247045854067476,0.4772346739496397,1.3282451735434244,5.137934730500432,5.415391138629178,5.4685311471647795,128,0.9921875
97f64f5b130055b0,V2_IL_Q_to_R_KNN,0.018819693475961685,0.02287112344056368,0.027422935236245394,0.030127220787107944,0.032678681425750256,0.04154906049370764,0.05761578794568783,0.07523305714130402,128,
97f64f5b130055b0,V2_candidate_KNN,0.022452298759355095,0.028147611274684535,0.16190923833582496,0.2955996175382282,0.9910512193047536,4.763290619710381,5.260557035561401,5.412752752891486,192,
97f64f5b130055b0,V2_Q_mahalanobis,1.492310741884485,1.9533892557903387,2.3388815123894835,2.662634264575791,3.0672913219767644,3.4489699457700396,3.7565577313761858,3.835361574093421,128,
101da9987c395ba4,V1_IL_self_KNN,0.029388800263404846,0.03982466608285904,0.0529472716152668,0.05890379287302494,0.06812991760671139,0.09634337462484836,0.1223308110982179,0.13728907704353333,64,
101da9987c395ba4,V1_candidate_KNN,0.1860742939983074,0.207296505979462,0.2734729143415996,0.3429095411123674,0.5403937262623693,0.8484388542488586,0.9170293870713073,1.3895956966269123,128,1.0
101da9987c395ba4,V2_IL_Q_to_R_KNN,0.033454637974500656,0.03804269693791866,0.045180030167102814,0.049791038036346436,0.05475911125540733,0.0746157214045524,0.10121238335967066,0.12594501674175262,128,
101da9987c395ba4,V2_candidate_KNN,0.03931290250358368,0.05002971193782192,0.14518133936631816,0.2231776509265265,0.3517085312824577,0.6626662485110185,0.7532131836364273,0.8580833083729071,192,
101da9987c395ba4,V2_Q_mahalanobis,1.6489606372538692,1.9057851368463332,2.4657809602641994,2.7826055380679926,3.1395202632035786,3.690036338852047,4.003979056367799,4.802125362821076,128,
e20db842c987530f,V1_IL_self_KNN,0.02612808346748352,0.031016373820602895,0.034122027456760406,0.03602531924843788,0.0398426428437233,0.050247208029031744,0.059306628182530366,0.0678241029381752,64,
e20db842c987530f,V1_candidate_KNN,0.09043361322549633,0.10937394772711405,0.1337328759011353,0.16004821364762006,0.6106476930935556,0.8459118453030362,0.8891788381005703,0.9970361267863017,128,1.0
e20db842c987530f,V2_IL_Q_to_R_KNN,0.021333010867238045,0.023291618376970292,0.026822539512068033,0.0306717436760664,0.03402437549084425,0.04497241247445344,0.05866291608661417,0.07573650777339935,128,
e20db842c987530f,V2_candidate_KNN,0.020522344008169345,0.02767448629912693,0.09460855941685083,0.13867355776176726,0.38798165977408605,0.7784175797107434,0.8524761110199468,0.869884983405702,192,
e20db842c987530f,V2_Q_mahalanobis,1.4864737478442998,2.1416283774261493,2.59407854613524,2.8671945348372185,3.150584803093023,3.711445843516446,3.8967213844632003,3.9410256314987677,128,
d14c834404a75404,V1_IL_self_KNN,0.024475019425153732,0.02732544131577015,0.0305188768543303,0.0327463373541832,0.03678742330521345,0.05329651292413473,0.07765795886516567,0.0851702094078064,64,
d14c834404a75404,V1_candidate_KNN,0.039865975710369116,0.05745313036789949,0.07545661353896733,0.1145901504042162,0.29868953752911775,0.44480023671498986,0.5546009505379291,0.8978884406921293,128,0.6796875
d14c834404a75404,V2_IL_Q_to_R_KNN,0.019836824387311935,0.022422236390411854,0.026315643917769194,0.030632766894996166,0.037338344380259514,0.05329594314098358,0.06651821099221707,0.15963001549243927,128,
d14c834404a75404,V2_candidate_KNN,0.020431882591774385,0.026402627905553578,0.04401218962794208,0.08793071090671233,0.21835733027827098,0.3735130482106981,0.4729379244382937,0.8862272825814319,192,
d14c834404a75404,V2_Q_mahalanobis,1.590083087228066,2.1207527530860895,2.7878246275492917,3.184605914364151,3.52350885772314,4.166510168084441,5.836187087116933,6.249895284608812,128,
b20465ed49f953d3,V1_IL_self_KNN,0.028941446915268898,0.031182369869202375,0.03470274247229099,0.03760457597672939,0.04680897481739521,0.05978472530841825,0.08145472474396229,0.08278288692235947,64,
b20465ed49f953d3,V1_candidate_KNN,0.055468260623940134,0.06404135176141416,0.09986778462113408,0.1467720646068487,0.846176532320122,1.080528659526007,1.163498517939706,1.1765342763674425,128,0.828125
b20465ed49f953d3,V2_IL_Q_to_R_KNN,0.021772369742393494,0.024822040181607007,0.029286061879247427,0.032899199053645134,0.038200230337679386,0.05191064700484275,0.06701342210173612,0.1049799695611,128,
b20465ed49f953d3,V2_candidate_KNN,0.025243180212910766,0.030249121396451466,0.059446356151117465,0.11040051107003707,0.48439653511375164,0.9303224951241121,1.0813820320635068,1.1461087686895188,192,
b20465ed49f953d3,V2_Q_mahalanobis,1.9320530089932084,2.2672023157631296,2.8449433032611866,3.223870656705444,3.571453888791018,4.1918493315677585,4.521084153079332,4.658506685734676,128,
f6741cbf60265367,V1_IL_self_KNN,0.018176745623350143,0.019318566471338273,0.021847772412002087,0.024380434304475784,0.02817150577902794,0.0350246811285615,0.04228521350771188,0.04321075230836868,64,
f6741cbf60265367,V1_candidate_KNN,0.054300669506848045,0.057606920296031,0.12148153362235574,0.23211959322525055,0.29421263749575455,0.4115504372479817,0.4347020136723066,0.4572777011832992,128,1.0
f6741cbf60265367,V2_IL_Q_to_R_KNN,0.014028521254658699,0.0177632094360888,0.020370542537420988,0.022604226134717464,0.024837663397192955,0.030313512682914726,0.05356967676430948,0.06105700135231018,128,
f6741cbf60265367,V2_candidate_KNN,0.014651188079998,0.020828473551082742,0.05923544211117079,0.12314669930619129,0.24296311034420082,0.35729426801533465,0.38775815005753816,0.41512595369816446,192,
f6741cbf60265367,V2_Q_mahalanobis,1.9544754960442896,2.1920382152613933,2.6284508467447365,2.975872486855227,3.3780424422943143,3.873907749479218,4.085983989108465,4.656382163791537,128,
4df92e2616c75be7,V1_IL_self_KNN,0.02344733104109764,0.025176570005714893,0.030472845304757357,0.04016658663749695,0.047712492756545544,0.055963591672480106,0.060116369388997545,0.06267527490854263,64,
4df92e2616c75be7,V1_candidate_KNN,0.06928365505235315,0.07889742733486517,0.09577347467050815,0.12038127376030727,0.6523793238754144,0.8024830087204062,0.8594218824882716,0.8740076336373571,128,1.0
4df92e2616c75be7,V2_IL_Q_to_R_KNN,0.022019246593117714,0.023557690624147653,0.02612547902390361,0.030404492281377316,0.035149102099239826,0.0467926988378167,0.05822759211063385,0.07943663746118546,128,
4df92e2616c75be7,V2_candidate_KNN,0.01995327457890713,0.025611441154501265,0.05672493099736652,0.08955124490914487,0.3455363374372936,0.7030993953129149,0.7893349610077625,0.8363867657485222,192,
4df92e2616c75be7,V2_Q_mahalanobis,1.738250622952551,1.972464576677365,2.4574952938733285,2.766442817837817,3.2459295021993864,3.785666260878835,4.1513763513149495,4.449198143647095,128,
b3a6f577c20d5eb3,V1_IL_self_KNN,0.033008042722940445,0.03672581724822521,0.042675796896219254,0.049200234934687614,0.06237016245722771,0.07224968709051609,0.09418981067836284,0.0964210256934166,64,
b3a6f577c20d5eb3,V1_candidate_KNN,0.20129643750109624,0.27247717647992603,0.3038501993147783,0.33605276209952295,0.3775630812945196,0.7671085891685129,0.838612969087094,0.8463042508728134,128,1.0
b3a6f577c20d5eb3,V2_IL_Q_to_R_KNN,0.027955228462815285,0.032577667757868765,0.037594069726765156,0.04222719557583332,0.04751548171043396,0.06156212165951728,0.07271135397255421,0.07788075506687164,128,
b3a6f577c20d5eb3,V2_candidate_KNN,0.03226256608677526,0.03827316820829991,0.12272697525729823,0.2502331866306424,0.32920645491953027,0.6636993783920214,0.8147528100349734,0.8251236221151753,192,
b3a6f577c20d5eb3,V2_Q_mahalanobis,1.9916299195748766,2.3339469989984596,2.9018046248793397,3.195538344490171,3.5879566322624994,4.063571046841832,4.709666180083193,5.002160589861472,128,
d7c39e8608e25e88,V1_IL_self_KNN,0.024054814130067825,0.024709748476743697,0.028669951483607292,0.033683208748698235,0.0390172703191638,0.056376522965729224,0.08302024666219934,0.11895723640918732,64,
d7c39e8608e25e88,V1_candidate_KNN,0.12416849554276017,0.1615236151128346,0.21190170373360745,0.2575387067158786,0.4942594438339369,0.7567927236334612,0.8392736983766479,0.8609471134711466,128,1.0
d7c39e8608e25e88,V2_IL_Q_to_R_KNN,0.018687894567847252,0.020200439915060996,0.022560028359293938,0.025762367993593216,0.031668360345065594,0.04309032205492258,0.04943084314465523,0.05592487007379532,128,
d7c39e8608e25e88,V2_candidate_KNN,0.018365546525137368,0.024404915204037193,0.12071752014630732,0.1968983675856657,0.31304874372589386,0.7006371630979025,0.774316819193871,0.84924245342122,192,
d7c39e8608e25e88,V2_Q_mahalanobis,1.3199925386915718,1.7876769848494611,2.1225534558756705,2.4420814039845444,2.8421607083485796,3.1997782814383275,3.4945286826274216,3.6341452241247367,128,
db42252e1f655f26,V1_IL_self_KNN,0.02363903447985649,0.026550882123410703,0.031665452755987644,0.03579260595142841,0.04476434085518122,0.06930586211383342,0.07436705261468886,0.07892729341983795,64,
db42252e1f655f26,V1_candidate_KNN,0.07474344010111862,0.09417923163537041,0.12481360571152078,0.1533380302072948,0.24027744261294792,0.4739983708196888,0.524594269334365,0.5402130472092276,128,0.9765625
db42252e1f655f26,V2_IL_Q_to_R_KNN,0.018516913056373596,0.022809994406998158,0.026277637109160423,0.029977083206176758,0.0350141916424036,0.04477754496037958,0.06561194114387044,0.08667118847370148,128,
db42252e1f655f26,V2_candidate_KNN,0.022968845105354956,0.02808761184555294,0.06544584021278106,0.1038692403931825,0.19571105753860482,0.44120132568337983,0.4933359599714826,0.5163426173066759,192,
db42252e1f655f26,V2_Q_mahalanobis,1.7674942900632455,2.039075693004924,2.3807541163954866,2.719989129062755,3.1331834289654443,3.710687121809498,4.020504854429813,5.3377182706552375,128,
b4375fa743295bd8,V1_IL_self_KNN,0.021733801811933517,0.024276993609964846,0.028429773170500994,0.03426245413720608,0.04228086117655039,0.05871728155761957,0.0655898732692003,0.07347895205020905,64,
b4375fa743295bd8,V1_candidate_KNN,0.07322286747326298,0.11961481111892974,0.15131683326935222,0.2904421054299555,0.4867049642906688,0.614152766515307,0.6825229683389316,0.7007268648736764,128,0.9921875
b4375fa743295bd8,V2_IL_Q_to_R_KNN,0.017789386212825775,0.018954759743064643,0.023035588208585978,0.02716416586190462,0.032319958321750164,0.0457651287317276,0.057340789623558534,0.06534655392169952,128,
b4375fa743295bd8,V2_candidate_KNN,0.020211544901776825,0.026620507291195472,0.09944727908719517,0.15012103717490277,0.3029904779641116,0.5815290848713882,0.6131946537491217,0.653329620207375,192,
b4375fa743295bd8,V2_Q_mahalanobis,1.1948270137091481,1.5526298940997445,2.0745544932889937,2.44455729836906,2.770890443618815,3.2959208859869893,3.5663972558124555,3.6762112692996953,128,
5b620dbb3b4d5892,V1_IL_self_KNN,0.02050170861184597,0.02151813916862011,0.026040653232485056,0.02903728000819683,0.03777473047375679,0.05253442004323002,0.0649502224102616,0.07225801050662994,64,
5b620dbb3b4d5892,V1_candidate_KNN,0.2068535283881249,0.22343991973050487,0.24879371909691442,0.30926388512373476,0.4080760052849383,0.5085663689114939,0.5388368706595874,0.5870468510090591,128,1.0
5b620dbb3b4d5892,V2_IL_Q_to_R_KNN,0.016015535220503807,0.018036265671253205,0.02224203711375594,0.02542395144701004,0.031327659264206886,0.05490714404731984,0.07046681351959709,0.0746123194694519,128,
5b620dbb3b4d5892,V2_candidate_KNN,0.013083210951101158,0.022417518112720768,0.0978504620328812,0.22478365464283187,0.30618043422726,0.47769819902741806,0.5559865008778693,0.66247386277849,192,
5b620dbb3b4d5892,V2_Q_mahalanobis,1.5103309280635167,1.7926545698514478,2.3163283390764344,2.7494605810388295,3.2660552857640135,4.278181908291418,6.834067644261142,8.708114479092034,128,
9a78f0e3d0335345,V1_IL_self_KNN,0.05514972284436226,0.0587977359071374,0.06750337034463882,0.07483120262622833,0.08920649625360966,0.11515624560415742,0.13487564310431477,0.14117656648159027,64,
9a78f0e3d0335345,V1_candidate_KNN,0.3187873768030628,0.34828210968967693,0.40510199028479615,0.45349177024074266,0.5483053538956824,1.4957884986044425,1.5786041396934165,1.642833867844469,128,1.0
9a78f0e3d0335345,V2_IL_Q_to_R_KNN,0.04122772812843323,0.0458794467151165,0.05392749235033989,0.05841946601867676,0.07214849628508091,0.09931379780173298,0.12295137830078604,0.14158029854297638,128,
9a78f0e3d0335345,V2_candidate_KNN,0.040050519446276654,0.054396097442213305,0.21781791641905607,0.36570299061240785,0.47247708737253036,1.4073549594823143,1.507789160330229,1.6161187374016859,192,
9a78f0e3d0335345,V2_Q_mahalanobis,1.7778646249275778,2.066693681684068,2.5439683710159566,2.849998458222302,3.26380119385297,3.7573614026731907,3.9254437307045813,4.347389147260903,128,
576835726a7c57d4,V1_IL_self_KNN,0.02006974257528782,0.021310603991150857,0.026050417218357325,0.03009274136275053,0.03778799716383219,0.05152565613389013,0.07521561071276653,0.10252580791711807,64,
576835726a7c57d4,V1_candidate_KNN,0.451751676732688,0.48912970742470485,0.6794942689859313,0.7400130922909172,0.9408669260692357,1.542950926363746,1.597729248114202,2.955005908464219,128,1.0
576835726a7c57d4,V2_IL_Q_to_R_KNN,0.014938121661543846,0.01698563536629081,0.019702067133039236,0.02236889861524105,0.025424922350794077,0.03444274812936783,0.041790024489164364,0.0505920834839344,128,
576835726a7c57d4,V2_candidate_KNN,0.016443004104620455,0.020743747864079516,0.3214137325708588,0.6589571214393031,0.8036006082092286,1.4872745615510212,1.8393028661333908,2.956750399404263,192,
576835726a7c57d4,V2_Q_mahalanobis,1.33548501214146,1.6534385502946398,2.0288660863015275,2.324242241792321,2.66271301781605,3.077096722089209,3.467085113357068,3.648716279857951,128,
23c842d3f001597a,V1_IL_self_KNN,0.01975223422050476,0.02137452522292733,0.024466627277433872,0.027489252388477325,0.03725042846053839,0.05542577616870403,0.06138898774981497,0.06551282107830048,64,
23c842d3f001597a,V1_candidate_KNN,0.061348717506096176,0.07453463152042009,0.12973615962185242,0.21244173985629883,0.3055641422479867,0.963064181565371,1.047166607594768,1.0581186072503028,128,0.9609375
23c842d3f001597a,V2_IL_Q_to_R_KNN,0.01673159748315811,0.018402897473424672,0.021805299911648035,0.024802803993225098,0.029706512112170458,0.03909838534891605,0.05168062184005977,0.05749955028295517,128,
23c842d3f001597a,V2_candidate_KNN,0.01633796406978324,0.021158740060843544,0.053329288919074194,0.11104628906920072,0.2502763335630846,0.7931372214381512,0.9426990020476821,1.0029821835581227,192,
23c842d3f001597a,V2_Q_mahalanobis,1.3946754927439338,1.670515437885629,2.208600494465103,2.4383125227851306,2.862135214653262,3.3575240707198875,3.779230669430206,4.651175762410496,128,
db4611f3cf8a5db7,V1_IL_self_KNN,0.03751418739557266,0.039668886177241805,0.04282331187278032,0.04867220111191273,0.057955372147262096,0.08945984579622744,0.1675172856450079,0.21384763717651367,64,
db4611f3cf8a5db7,V1_candidate_KNN,0.06571126869585861,0.072180835758979,0.08804213597884422,0.15155679781976772,0.22707749811331338,0.7265888448566559,0.9042750120657079,0.9201365165527037,128,0.265625
db4611f3cf8a5db7,V2_IL_Q_to_R_KNN,0.02581716701388359,0.030907099321484565,0.038133779540658,0.04198434390127659,0.04798757191747427,0.06482312493026256,0.08954669475555425,0.09644696861505508,128,
db4611f3cf8a5db7,V2_candidate_KNN,0.031478757996214815,0.03866227915344147,0.05740146707005605,0.08522746805010281,0.1959584771781023,0.5574368353965737,0.7075514256418411,0.8442265597063929,192,
db4611f3cf8a5db7,V2_Q_mahalanobis,1.421671839508879,1.9039319015436902,2.2193170721261803,2.6681595840430297,3.071377934308378,3.7209460014970146,4.095868393530091,4.171365135038782,128,
bed1f99d06215f1b,V1_IL_self_KNN,0.02621212601661682,0.027610909659415483,0.036194286309182644,0.04763585329055786,0.055633109994232655,0.08766280114650724,0.10450269497931002,0.10868735611438751,64,
bed1f99d06215f1b,V1_candidate_KNN,0.07691555610070337,0.0892171949176674,0.11609939863186657,0.18420799721670597,0.4741099422552315,0.9349685014023923,1.0565587240854142,1.0721743326911906,128,0.7734375
bed1f99d06215f1b,V2_IL_Q_to_R_KNN,0.022445309907197952,0.026390539947897196,0.03129471093416214,0.03513437323272228,0.04316593986004591,0.05886095352470874,0.07293989837169652,0.11492917686700821,128,
bed1f99d06215f1b,V2_candidate_KNN,0.02603761415795659,0.03416979157772961,0.08768819771322953,0.1372911276590424,0.38747477843977896,0.8675102639932138,1.0493573191624392,1.0762134738196165,192,
bed1f99d06215f1b,V2_Q_mahalanobis,1.5447716325162548,2.04669814760757,2.4739757031022496,2.8963146371114616,3.247518003022956,3.741339864749092,4.44084502062818,4.632891883755456,128,
770e1697a0255dc8,V1_IL_self_KNN,0.022803638130426407,0.026591229625046252,0.03271970525383949,0.038824839517474174,0.04952204134315252,0.06637871786952017,0.07954794779419891,0.09808114171028137,64,
770e1697a0255dc8,V1_candidate_KNN,0.06374936587299901,0.07004969073708069,0.08397202161869327,0.13418928379054681,0.3480446346444349,0.8424523610902315,0.9034797832766204,0.9200756833695607,128,0.640625
770e1697a0255dc8,V2_IL_Q_to_R_KNN,0.021792864426970482,0.026114326249808074,0.030099885538220406,0.03296445868909359,0.03757410030812025,0.05488893631845712,0.06946182124316694,0.10063199698925018,128,
770e1697a0255dc8,V2_candidate_KNN,0.023770056804967014,0.02945592290778359,0.061657897708408585,0.0908927360683765,0.24906353248800275,0.7545613398584432,0.8466794297777133,0.8998198537207867,192,
770e1697a0255dc8,V2_Q_mahalanobis,1.8488622453713763,2.1541603801209543,2.555941955055779,2.9726583987502293,3.3345499379352965,3.9364512483129603,4.44729229658383,4.668925911970475,128,
339d5c1111125971,V1_IL_self_KNN,0.03510574251413345,0.03838039170950651,0.043004791252315044,0.04644724726676941,0.051896034739911556,0.0714401809498667,0.1008201856911182,0.11297118663787842,64,
339d5c1111125971,V1_candidate_KNN,0.1476567022881606,0.1995875919886128,0.24917560627355617,0.2947230070610737,0.37271802409128285,0.77303893551643,0.9323983340828768,1.0962346799470322,128,1.0
339d5c1111125971,V2_IL_Q_to_R_KNN,0.025351693853735924,0.029853793792426586,0.034084864892065525,0.037798281759023666,0.042250994592905045,0.05291370507329702,0.06524662956595421,0.07009424269199371,128,
339d5c1111125971,V2_candidate_KNN,0.03020428042613061,0.035657195956220224,0.11815824324327785,0.21765558463820675,0.3053035960301984,0.6683619581816982,0.8561421744105814,1.0592449674860145,192,
339d5c1111125971,V2_Q_mahalanobis,2.060737663907981,2.533354706814067,2.963137059260923,3.27236697679425,3.692543684297049,4.471705551128966,4.803789932552575,6.030877056026228,128,
4a5cb683d82059f0,V1_IL_self_KNN,0.015372048132121563,0.016954651195555927,0.0193516593426466,0.02430934552103281,0.029231585562229156,0.07218921221792685,0.12077372863888733,0.1378042846918106,64,
4a5cb683d82059f0,V1_candidate_KNN,0.034683313009266734,0.03968921413795966,0.07310413759270958,0.164106865631794,0.31116134841878634,0.353434766852894,0.38216927751075247,0.39761270688350286,128,0.5546875
4a5cb683d82059f0,V2_IL_Q_to_R_KNN,0.011226453818380833,0.013911131210625172,0.017484817188233137,0.019084597006440163,0.022444393951445818,0.028184352349489915,0.03649570040404797,0.04385797679424286,128,
4a5cb683d82059f0,V2_candidate_KNN,0.012906062413820241,0.018390548152593254,0.0363903339158527,0.07790860778532344,0.20459017422607903,0.33367104308637363,0.37552600251984103,0.38914934553767483,192,
4a5cb683d82059f0,V2_Q_mahalanobis,1.3097112595270621,1.691588001374223,2.1730897725322142,2.5136936283733986,2.8133737153698957,3.225059995937109,3.4481087922322464,4.36154956400464,128,
6be7246860e057c8,V1_IL_self_KNN,0.021645456552505493,0.02727020587772131,0.034550671465694904,0.03919970244169235,0.04732064064592123,0.07598125413060185,0.10404503554105757,0.11019326746463776,64,
6be7246860e057c8,V1_candidate_KNN,0.04886864451595651,0.050383349894591985,0.09212887245416683,0.10632253920453177,0.5827758594026962,0.6640249728196266,0.7291822802806255,0.7543110019469076,128,0.4453125
6be7246860e057c8,V2_IL_Q_to_R_KNN,0.021182233467698097,0.023070213664323092,0.026830734219402075,0.031610094010829926,0.03656121343374252,0.053971381299197665,0.07396635167300704,0.1385471373796463,128,
6be7246860e057c8,V2_candidate_KNN,0.02129484914637519,0.025541199408895123,0.05489203880929762,0.08978838431980693,0.2838674688625705,0.6166978839855435,0.662688322721171,0.7183894891533176,192,
6be7246860e057c8,V2_Q_mahalanobis,1.4679075903566257,2.1267130607433757,2.653476586435655,3.145999044989602,3.634651692826069,4.627234917880925,4.7048144910080065,5.061093216354284,128,
4c31e06f0fc858a0,V1_IL_self_KNN,0.019383341073989868,0.020738941710442306,0.023721689358353615,0.027512884698808193,0.034086898900568485,0.05437816493213176,0.09765557117760176,0.1114329919219017,64,
4c31e06f0fc858a0,V1_candidate_KNN,0.06109915281746351,0.06585490065919357,0.07995098721741803,0.15307505184742903,0.2647606260569965,0.4443822637374413,0.5321281416371368,0.5694930858388925,128,0.6015625
4c31e06f0fc858a0,V2_IL_Q_to_R_KNN,0.01330807525664568,0.015245456900447606,0.018804552499204874,0.021743210963904858,0.029015472158789635,0.05279161408543584,0.07557756058871751,0.12053599208593369,128,
4c31e06f0fc858a0,V2_candidate_KNN,0.01390218181741954,0.01842259583723553,0.06361633435895776,0.10247992223617194,0.2041474852512111,0.38825991426606177,0.4657266755467523,0.5181505286417002,192,
4c31e06f0fc858a0,V2_Q_mahalanobis,1.2764986381686683,1.5765819060144823,2.0155512950958205,2.2928944707142835,2.6684569075960276,3.6504876660654757,6.132312879166744,7.376116545478834,128,
ac2dfd95a1e55c5e,V1_IL_self_KNN,0.03240468353033066,0.03515809401869774,0.04128268826752901,0.04758167080581188,0.054172427393496037,0.07743916139006612,0.10158276997506614,0.1118680015206337,64,
ac2dfd95a1e55c5e,V1_candidate_KNN,0.0859949671025925,0.11200881480692806,0.13531107117353913,0.19777132838780606,0.24476163730217843,0.5743149561390927,1.3085595538662251,1.6630606817834135,128,0.9453125
ac2dfd95a1e55c5e,V2_IL_Q_to_R_KNN,0.02641431614756584,0.03060467727482319,0.03600396495312452,0.0403814110904932,0.04554676357656717,0.06179634220898149,0.07267092779278755,0.08650822937488556,128,
ac2dfd95a1e55c5e,V2_candidate_KNN,0.029170629215289907,0.03822509672833867,0.07800933096831075,0.12401513659432728,0.20218223454102194,0.5608307708573655,1.2619906545322384,1.671163660311762,192,
ac2dfd95a1e55c5e,V2_Q_mahalanobis,2.075498457163756,2.430954332909938,2.9617437984761343,3.3556593886284465,3.7070217876588982,4.362473967631336,4.693977894096066,4.926199442762789,128,
664b084487e05ba0,V1_IL_self_KNN,0.020448122173547745,0.021281851921230555,0.02722185803577304,0.03165101073682308,0.03639310598373413,0.05111788772046565,0.06431374516338106,0.07423616200685501,64,
664b084487e05ba0,V1_candidate_KNN,0.10982120722633551,0.11920532543100845,0.15338497662031847,0.1867034113581964,0.6141605194602036,1.0609939306803864,1.1471200887186679,1.1774794468842436,128,1.0
664b084487e05ba0,V2_IL_Q_to_R_KNN,0.018917500972747803,0.019949170760810375,0.02300037071108818,0.025597904808819294,0.031601729802787304,0.039826179668307295,0.05254255667328836,0.05508115142583847,128,
664b084487e05ba0,V2_candidate_KNN,0.01642751370592071,0.02478931936148518,0.07103908463959835,0.14854880115321967,0.36433171122533403,0.8810440838691871,1.05589555724265,1.0808249591519006,192,
664b084487e05ba0,V2_Q_mahalanobis,1.4348559061937973,1.9068603886844258,2.390149505434427,2.6617800566891736,2.90989861375221,3.528800860817357,4.148478597995865,4.698877660002639,128,
b4206de96b755fb8,V1_IL_self_KNN,0.021559076383709908,0.024319949001073836,0.03168873768299818,0.03533593565225601,0.04406612180173397,0.05943418107926844,0.08317819736897933,0.11275889724493027,64,
b4206de96b755fb8,V1_candidate_KNN,0.07623787973994241,0.09000242711329988,0.10713141061955345,0.14013578662950704,0.3098221491474616,0.4938480663997276,0.552599064636586,0.587561815806428,128,0.6875
b4206de96b755fb8,V2_IL_Q_to_R_KNN,0.019902076572179794,0.022272246424108744,0.023816402535885572,0.02711185347288847,0.030767860356718302,0.03876900468021631,0.05499256707727913,0.06349978595972061,128,
b4206de96b755fb8,V2_candidate_KNN,0.021829508726241526,0.025224205112598087,0.07188447635618574,0.11986529977766247,0.23384989425309438,0.49927920165203615,0.5707156947975923,0.6182350905246178,192,
b4206de96b755fb8,V2_Q_mahalanobis,1.5059878773269104,1.7111723667726826,2.1825564923909417,2.5604061024080567,2.852057386652448,3.3935252619473726,3.9612979578912118,4.326063762135597,128,
2fd40c15042e53d4,V1_IL_self_KNN,0.023638227954506874,0.02478816984221339,0.02776124980300665,0.030365620739758015,0.03300940152257681,0.04184064697474241,0.06421002157032485,0.0769108384847641,64,
2fd40c15042e53d4,V1_candidate_KNN,0.054607887608969105,0.055819760927072484,0.18260415017507572,0.24706339576734987,0.3304637790695723,0.6656655872688715,0.7071253938066171,0.7161381637416354,128,0.8046875
2fd40c15042e53d4,V2_IL_Q_to_R_KNN,0.018982866778969765,0.021767719369381665,0.023992982227355242,0.026186494156718254,0.030535628087818623,0.039265615493059146,0.04951299555599691,0.05266719311475754,128,
2fd40c15042e53d4,V2_candidate_KNN,0.020755231113208174,0.02469891348337254,0.06165430543849407,0.16262325680705098,0.2534605180533879,0.6371458745873256,0.6785497397650305,0.7063455442893569,192,
2fd40c15042e53d4,V2_Q_mahalanobis,2.2149718588293066,2.4260388153381487,2.7108138233703105,3.040694717528668,3.5504790810179383,3.967564640568233,4.639971416389324,4.856978859844987,128,
fc2be4c9cc135538,V1_IL_self_KNN,0.020934009924530983,0.023089708760380745,0.025907796807587147,0.027675911784172058,0.03111888049170375,0.04146277718245983,0.07022993598133319,0.0869886726140976,64,
fc2be4c9cc135538,V1_candidate_KNN,0.05176006245873131,0.06837593624570652,0.09045005368223327,0.202510701482207,0.28567536032446034,0.3908647635983644,0.4238960956842254,0.4449920778686268,128,0.765625
fc2be4c9cc135538,V2_IL_Q_to_R_KNN,0.017484460026025772,0.019104509614408016,0.021601852029561996,0.02396358549594879,0.026584813836961985,0.033065283112227915,0.03609844319522382,0.03742028400301933,128,
fc2be4c9cc135538,V2_candidate_KNN,0.016389865138812448,0.021988501150841347,0.053948767789528666,0.08969491764403217,0.21275549483851441,0.3742843087524408,0.42110250995099296,0.44152179077746584,192,
fc2be4c9cc135538,V2_Q_mahalanobis,2.1955396409860763,2.452044999598597,2.975833215007511,3.2431278241795143,3.6296972950977606,4.2725346822077945,4.54227435933659,4.980957299570832,128,
9ac1e7123b245486,V1_IL_self_KNN,0.026637598872184753,0.02907689902931452,0.03353079315274954,0.03884020447731018,0.04721265658736229,0.06416752897202967,0.09391447059810153,0.11576465517282486,64,
9ac1e7123b245486,V1_candidate_KNN,0.24885134041294005,0.28182899052991806,0.4593771863607577,0.6364136976350976,0.6968962511760151,0.8166152150287879,0.8788797726820847,0.8962177927613177,128,1.0
9ac1e7123b245486,V2_IL_Q_to_R_KNN,0.022771744057536125,0.025341618154197932,0.028856070712208748,0.03289639577269554,0.037776825949549675,0.05778554491698741,0.10897519692778601,0.1305188089609146,128,
9ac1e7123b245486,V2_candidate_KNN,0.023393055788669622,0.029227208096418985,0.17354821164636422,0.3986769881147625,0.5980590795666473,0.7082903170944536,0.8069566227813936,0.8582731728702153,192,
9ac1e7123b245486,V2_Q_mahalanobis,1.3715071358261677,1.8062988761430714,2.3139243242678633,2.5870895722638556,2.9913535012912074,3.521454870047183,4.0678913763815485,4.611585252241799,128,
bca73d6fa8f85d39,V1_IL_self_KNN,0.01765839196741581,0.018718073051422833,0.022172385826706886,0.02364903036504984,0.02738920133560896,0.0413576567545533,0.05636405702680344,0.07034392654895782,64,
bca73d6fa8f85d39,V1_candidate_KNN,0.09054222983222852,0.1981214582557635,0.26367585137660365,0.30621824846140994,0.4337216314851784,0.5109179783208224,0.5501809634689883,0.555443013456849,128,1.0
bca73d6fa8f85d39,V2_IL_Q_to_R_KNN,0.01194801740348339,0.01588259506970644,0.01839611306786537,0.020350638777017593,0.022317067254334688,0.026975568290799855,0.03940201576799156,0.06179143115878105,128,
bca73d6fa8f85d39,V2_candidate_KNN,0.015097914462062729,0.018158641690958755,0.10404033014414993,0.2145791323905669,0.3009655884886502,0.4635929657446705,0.5070318155967026,0.5352392369710719,192,
bca73d6fa8f85d39,V2_Q_mahalanobis,1.0612447547499952,1.896568605478246,2.443706210154475,2.8018973679310575,3.1875621994478607,3.675995133721718,4.031642005462493,5.286421885464526,128,
f57d194633ae5571,V1_IL_self_KNN,0.016263447701931,0.01772621087729931,0.02314592758193612,0.02735540922731161,0.03483728040009737,0.05918921772390601,0.09845741473138327,0.11218144744634628,64,
f57d194633ae5571,V1_candidate_KNN,0.06072540488044542,0.06440212173236595,0.07883531969102883,0.11129646539590554,0.23765569786533094,0.3815374522348661,0.4527154002390191,0.540830914117987,128,0.5
f57d194633ae5571,V2_IL_Q_to_R_KNN,0.011954653076827526,0.01562027418985963,0.01928476057946682,0.02173067443072796,0.025043354835361242,0.03709519039839504,0.0499081187322736,0.09752201288938522,128,
f57d194633ae5571,V2_candidate_KNN,0.015547146660545985,0.020011370008690667,0.04914371050057882,0.07841876352841778,0.16788472266422327,0.31141980638731787,0.3937482379180546,0.49137199928426156,192,
f57d194633ae5571,V2_Q_mahalanobis,1.050794122813494,1.5331887597423042,1.968044666046366,2.3720843196935872,2.7543999775055044,3.319017214625848,3.736262272462229,4.4977801448189725,128,
99d1ae48071a5aec,V1_IL_self_KNN,0.02353631518781185,0.02456606263294816,0.028128114994615316,0.030979588627815247,0.036062147468328476,0.04506458044052122,0.08218449391424645,0.1095401793718338,64,
99d1ae48071a5aec,V1_candidate_KNN,0.17524460568341138,0.19474796086216142,0.2442524834144113,0.30000136423885726,0.39522028250714175,0.7683263078979824,0.8155427324739521,0.8745704787870086,128,1.0
99d1ae48071a5aec,V2_IL_Q_to_R_KNN,0.017885679379105568,0.020112520456314086,0.02327411202713847,0.025979885831475258,0.029957947321236134,0.03605314902961254,0.06838418133556844,0.07906024158000946,128,
99d1ae48071a5aec,V2_candidate_KNN,0.01922953622239789,0.0237196902705278,0.11933373246847445,0.2505639937403786,0.3559800947737432,0.6305330962756238,0.7337964089244952,0.8253804310823739,192,
99d1ae48071a5aec,V2_Q_mahalanobis,1.669945702688693,2.0777734986705596,2.4783214684686277,2.7925226474164804,3.2230439343524306,3.8038620462591357,4.0093988326560925,4.127420939504601,128,
008a9f9434c75b99,V1_IL_self_KNN,0.03671322017908096,0.03867180440574884,0.04234403185546398,0.04655778780579567,0.057956017553806305,0.08787970803678034,0.11498538747429844,0.12378008663654327,64,
008a9f9434c75b99,V1_candidate_KNN,0.07433292614514106,0.0800263712689717,0.16493897662399482,0.24856666134056282,0.33029237433433833,0.4114426631190504,0.4812034124600781,0.5274066016490695,128,0.765625
008a9f9434c75b99,V2_IL_Q_to_R_KNN,0.029106616973876953,0.0330041566863656,0.03727611433714628,0.040667762979865074,0.04487115237861872,0.05357898287475109,0.07851742472499618,0.08894684165716171,128,
008a9f9434c75b99,V2_candidate_KNN,0.030804060631900304,0.03825019925344291,0.07423829057214879,0.1428339669589749,0.24520257767162565,0.37278885779995397,0.44186658321329175,0.4714681735576236,192,
008a9f9434c75b99,V2_Q_mahalanobis,2.103220090221675,2.504998462051563,2.8468636901639273,3.126449844167776,3.57757943773172,4.110629398306789,4.57012310037822,4.663985665167401,128,
dc89cd046c135fae,V1_IL_self_KNN,0.02203182876110077,0.024311199598014355,0.02631160570308566,0.029954333789646626,0.037199114449322224,0.06195006649941201,0.07880898475646972,0.08091758191585541,64,
dc89cd046c135fae,V1_candidate_KNN,0.04330543193588808,0.06051121043995694,0.10470676741546202,0.16814776365134898,0.2207461769760043,0.41070584262521326,0.44397402938733715,0.45155170480348794,128,0.84375
dc89cd046c135fae,V2_IL_Q_to_R_KNN,0.018118496984243393,0.020104969292879103,0.023288561962544918,0.025541049428284168,0.028434913139790297,0.03661267794668674,0.05720981255173686,0.07018963992595673,128,
dc89cd046c135fae,V2_candidate_KNN,0.021090491499235937,0.024389167252433345,0.03852612919682791,0.10247861371062701,0.17653922087204205,0.35293256849128035,0.41325030176574257,0.42487438880387096,192,
dc89cd046c135fae,V2_Q_mahalanobis,1.3465334977990726,2.0371610073089785,2.570500937729057,2.945916268631251,3.2620626691463617,3.9797836358749876,4.629161858752813,5.09348555653455,128,
b5d3d18e7d115933,V1_IL_self_KNN,0.018556859344244003,0.02069049309939146,0.02265092357993126,0.025681741535663605,0.030971672385931015,0.040310310199856744,0.04863856028765436,0.05839148163795471,64,
b5d3d18e7d115933,V1_candidate_KNN,0.09460291193086083,0.10884189034120408,0.130413827581818,0.14510517614409094,0.5162214360375674,0.5604198814712654,0.587671781648631,0.6053400435300533,128,1.0
b5d3d18e7d115933,V2_IL_Q_to_R_KNN,0.015987766906619072,0.018484416138380765,0.021218929905444384,0.023344142362475395,0.026300082448869944,0.03489110693335533,0.052767105288803594,0.058566413819789886,128,
b5d3d18e7d115933,V2_candidate_KNN,0.01370617855122364,0.02076790381015289,0.06600534666793159,0.12663244030446003,0.2936319159128763,0.5306942765991701,0.5549429413286834,0.5742676334308097,192,
b5d3d18e7d115933,V2_Q_mahalanobis,1.714951875496343,2.042224559455339,2.468441134572688,2.8466929980491353,3.2470471666080742,3.587096805181271,3.7113330164836023,4.272194665471769,128,
7da1df98fb8e5af0,V1_IL_self_KNN,0.031933389604091644,0.0324121356010437,0.03681526333093643,0.04358574189245701,0.055772578343749046,0.07428833208978175,0.09116913132369515,0.09660317748785019,64,
7da1df98fb8e5af0,V1_candidate_KNN,0.09729887130981606,0.1387670671260265,0.17095932256530727,0.20181628821607667,0.2491090138917575,0.5356988927870096,0.6135871286407855,0.6448435657934329,128,1.0
7da1df98fb8e5af0,V2_IL_Q_to_R_KNN,0.025632673874497414,0.02779387841001153,0.033184503205120564,0.03835619240999222,0.04614290688186884,0.05561926681548357,0.0700524860620499,0.07561562955379486,128,
7da1df98fb8e5af0,V2_candidate_KNN,0.026295797521877724,0.03681407347795629,0.08963997001583661,0.13531899075633944,0.19297880550047306,0.40289785735157163,0.5615011075522783,0.6040783925363836,192,
7da1df98fb8e5af0,V2_Q_mahalanobis,1.2598550565379263,1.818983673703498,2.1959105395691423,2.6072882716607735,3.017747565077228,3.4546068938358148,3.876606541081388,3.981307143108556,128,
af816d6041dd5257,V1_IL_self_KNN,0.02176847495138645,0.023115614522248508,0.031553651206195354,0.03503352962434292,0.04177649412304163,0.054888871684670444,0.08785960264503943,0.1185716837644577,64,
af816d6041dd5257,V1_candidate_KNN,0.06631565337978837,0.07979548291608524,0.1255215576970188,0.18734478036440194,0.22020777223738686,0.6027453699117659,0.7150148476957681,0.7371947318958743,128,0.765625
af816d6041dd5257,V2_IL_Q_to_R_KNN,0.01872609555721283,0.020565628726035356,0.0247533000074327,0.028769781813025475,0.033331490121781826,0.04351888392120599,0.08389397665858278,0.09487306326627731,128,
af816d6041dd5257,V2_candidate_KNN,0.020323868078887326,0.025957734956486213,0.06639969786766714,0.1090753107184542,0.18233440587249938,0.5092119516420244,0.6266636476063999,0.7168964173548215,192,
af816d6041dd5257,V2_Q_mahalanobis,1.2373625215225996,1.6571644407128294,2.290165984938276,2.7074986164286963,3.0624720077685366,3.5870596215324935,4.076107620924535,4.61380007605032,128,
ec765c8fe97a51bd,V1_IL_self_KNN,0.0350436195731163,0.03804085161536932,0.046008030883967876,0.05559862405061722,0.06468984484672546,0.08199634142220019,0.11192712768912315,0.113085076212883,64,
ec765c8fe97a51bd,V1_candidate_KNN,0.4561365990830585,0.5613137742358163,0.6145881804719271,0.7012946933162667,0.8119298372683806,0.913950633306437,0.9948605010787183,1.0213266404624686,128,1.0
ec765c8fe97a51bd,V2_IL_Q_to_R_KNN,0.03097541257739067,0.03287158999592066,0.038969067856669426,0.04655814729630947,0.05636974237859249,0.07713813744485376,0.09066944964230061,0.11829622089862823,128,
ec765c8fe97a51bd,V2_candidate_KNN,0.0318356768352391,0.04456189866653535,0.2683789059072746,0.5440414164829703,0.6606470028541689,0.8564561728446808,0.9675430584258955,1.011179515852064,192,
ec765c8fe97a51bd,V2_Q_mahalanobis,1.844601518692011,2.0663869611554153,2.4770417695579185,2.9153136992632893,3.2537925254380884,3.7815611031831335,4.3003053488351455,4.4643714910794134,128,
4c188096aeb950bc,V1_IL_self_KNN,0.029691506177186966,0.033479181490838526,0.040978146716952324,0.04694719798862934,0.05786909721791744,0.08266338184475897,0.15153816044330592,0.16506531834602356,64,
4c188096aeb950bc,V1_candidate_KNN,0.15783316643381662,0.1957546429046258,0.23016467755132405,0.2574835957902554,0.6694651813991687,1.206082265813527,1.2298984648016946,1.2307854497036406,128,0.9921875
4c188096aeb950bc,V2_IL_Q_to_R_KNN,0.028736751526594162,0.03061363669112325,0.03503612894564867,0.03867040202021599,0.04670374747365713,0.0595231920480728,0.10876034796237956,0.2151903659105301,128,
4c188096aeb950bc,V2_candidate_KNN,0.028418266187833892,0.03488968738054725,0.13291153131777575,0.2008206637531053,0.48052670812756465,1.1139146277725045,1.19780142878635,1.2190702178276505,192,
4c188096aeb950bc,V2_Q_mahalanobis,1.4706178784874533,1.7989114365772256,2.2171844103852947,2.455172189966322,2.8600636962393517,3.4819109568990183,3.8771834205026225,3.9608724739639336,128,
392e034cb2a55053,V1_IL_self_KNN,0.02470565214753151,0.025682357512414454,0.02957378840073943,0.033261822536587715,0.03909282386302948,0.049205345846712586,0.054499471969902506,0.05675194784998894,64,
392e034cb2a55053,V1_candidate_KNN,0.14243207825404192,0.1680165644250335,0.36562516002193945,0.6646082907172777,0.8444114955581752,0.9266286288244528,0.9682738989015827,1.0274692881244885,128,1.0
392e034cb2a55053,V2_IL_Q_to_R_KNN,0.018361475318670273,0.021022483054548503,0.023681269492954016,0.026671119034290314,0.02984684845432639,0.040569092333316806,0.05053356170654299,0.055763982236385345,128,
392e034cb2a55053,V2_candidate_KNN,0.020261937861843365,0.02529353906296085,0.11620954627486016,0.3488483306537238,0.7380007832954414,0.9278223529174455,0.9990403734981832,1.1049843676483706,192,
392e034cb2a55053,V2_Q_mahalanobis,1.6184045700524683,2.2017972664115626,2.7907354470527537,3.117760722207928,3.4699222885659884,3.9572453740381066,4.214905911509914,4.254769418334564,128,
be6fe40f664154d7,V1_IL_self_KNN,0.024375876411795616,0.02685008617118001,0.029537352733314037,0.03313594497740269,0.03949896804988384,0.04865509793162345,0.06312955349683759,0.06796354055404663,64,
be6fe40f664154d7,V1_candidate_KNN,0.06716420086672,0.07302197788590492,0.08425878465500042,0.10046509222276884,0.7964119067569849,1.2327032922888197,2.7509078769767705,2.891809755116333,128,0.9921875
be6fe40f664154d7,V2_IL_Q_to_R_KNN,0.01763799600303173,0.02136659361422062,0.025267740711569786,0.02888268232345581,0.033926984295248985,0.05673270896077154,0.08422564737498765,0.12460825592279434,128,
be6fe40f664154d7,V2_candidate_KNN,0.019788919287644056,0.025811112398218327,0.06210286717600194,0.0867254156358623,0.5775984062116685,1.1663463323468568,2.3214446129542763,2.838108435065867,192,
be6fe40f664154d7,V2_Q_mahalanobis,1.5319199029417148,1.9144323534920253,2.3666073586212173,2.751930682309064,3.1123322919300334,3.9709760873387276,4.2306399546638715,5.2447615186309156,128,
a400f271c6cd51f6,V1_IL_self_KNN,0.023944441229104996,0.02531223986297846,0.03013736428692937,0.03458670154213905,0.04089353512972593,0.06677002552896733,0.09012951128184787,0.11153062433004379,64,
a400f271c6cd51f6,V1_candidate_KNN,0.2057265532169658,0.23702110975881696,0.3738267298085308,0.6958983877521299,0.7235348524499269,0.792835433838964,0.8151692415078338,0.8334195312047209,128,1.0
a400f271c6cd51f6,V2_IL_Q_to_R_KNN,0.019020358100533485,0.021267565060406925,0.025135820265859365,0.02768695168197155,0.03137861471623182,0.04454343058168887,0.06694220066070562,0.11087705940008163,128,
a400f271c6cd51f6,V2_candidate_KNN,0.020775753734037367,0.026213331070395716,0.16534822323787784,0.3619768699615213,0.6737736377985198,0.7332203624587624,0.7678706484724671,0.8775405210901626,192,
a400f271c6cd51f6,V2_Q_mahalanobis,1.547921899281014,2.0080950850060826,2.4289830884965125,2.754287902497352,3.052053166896674,3.6326764460120993,3.9643663510254625,5.072689847034278,128,
e93e621b5e14563f,V1_IL_self_KNN,0.03911932557821274,0.04498385339975357,0.050907621160149574,0.05981057696044445,0.07059881277382374,0.11018396615982044,0.1373710563778877,0.1381205916404724,64,
e93e621b5e14563f,V1_candidate_KNN,0.34688116017178616,0.3944236624195625,0.44640469291774676,0.4879267206641279,0.6860237256860667,0.77526126978435,0.8014011753187832,0.8079186799632962,128,1.0
e93e621b5e14563f,V2_IL_Q_to_R_KNN,0.03592338040471077,0.04037330094724893,0.04624594375491142,0.05349366366863251,0.06278623081743717,0.09082043692469594,0.11181793779134752,0.12650474905967712,128,
e93e621b5e14563f,V2_candidate_KNN,0.03238538083183038,0.04630310864502091,0.19732457636932987,0.41460718459838,0.5081431222917488,0.7197410072430573,0.7749581034468107,0.8288051461693341,192,
e93e621b5e14563f,V2_Q_mahalanobis,2.0190736713093433,2.28969680561997,2.753706793324657,3.2289339327798734,3.63925060301973,4.133484465301246,4.46978923214151,4.635251678428428,128,
2e976da85a8b5e5b,V1_IL_self_KNN,0.024519536644220352,0.0286842854693532,0.039197531528770924,0.046113479882478714,0.05557940527796745,0.06985213235020638,0.075774392709136,0.07851823419332504,64,
2e976da85a8b5e5b,V1_candidate_KNN,0.11860040925789361,0.13388260852812978,0.1552259595363357,0.20022462789472634,0.6518752325189865,1.8019136367157496,1.8919565605487019,1.9252920164131069,128,1.0
2e976da85a8b5e5b,V2_IL_Q_to_R_KNN,0.023950455710291862,0.02738122772425413,0.03163899201899767,0.03480658680200577,0.039893380366265774,0.05303440690040588,0.08504585936665544,0.16738849878311157,128,
2e976da85a8b5e5b,V2_candidate_KNN,0.02502383128065163,0.031207256254228252,0.09684317334981687,0.1596070926961015,0.44201634462362277,1.7041972170655522,1.9133770055957502,1.9527478161270628,192,
2e976da85a8b5e5b,V2_Q_mahalanobis,1.7621718628276795,2.1001605377920254,2.5257501493467105,2.88686267369256,3.3536805317867584,3.873244312869829,4.093599584764994,5.317318779995337,128,
2f4462b637dc5044,V1_IL_self_KNN,0.020613163709640503,0.021971977967768907,0.025027915369719267,0.031406959518790245,0.03902651369571686,0.059935226291418064,0.09164240486919879,0.09311863034963608,64,
2f4462b637dc5044,V1_candidate_KNN,0.091213943033808,0.17434330772299472,0.197490477478752,0.22117208828493762,0.30683729844800434,0.7541306496665022,0.8451454884731902,0.8756105495426624,128,0.9921875
2f4462b637dc5044,V2_IL_Q_to_R_KNN,0.015090728178620338,0.017605804745107888,0.021100145298987627,0.02365411352366209,0.026783195324242115,0.038005902431905256,0.0456477862223983,0.04798974096775055,128,
2f4462b637dc5044,V2_candidate_KNN,0.015487461452129753,0.020814683617982156,0.10461295830124463,0.18400630126784911,0.26756297435762016,0.6798106299085327,0.7653433399375008,0.8512636551444354,192,
2f4462b637dc5044,V2_Q_mahalanobis,1.6403211471930257,1.9002470450072182,2.2156083170097864,2.5128289515184097,2.8293519920434917,3.441257219618412,3.7182162642938676,4.427838028263966,128,
b548689d07d15535,V1_IL_self_KNN,0.033061616122722626,0.036096370220184325,0.04236637521535158,0.049432285130023956,0.06309822387993336,0.09078334122896192,0.14239059075713145,0.17661325633525848,64,
b548689d07d15535,V1_candidate_KNN,0.09473250255396837,0.11011853527905309,0.12895893391759938,0.1561957628126348,0.5935930123103982,1.4800802814364022,1.5883937383092979,1.6438402612242768,128,0.4140625
b548689d07d15535,V2_IL_Q_to_R_KNN,0.024285968393087387,0.030227858014404772,0.035757589153945446,0.04045248217880726,0.047717065550386906,0.06771375834941859,0.08721654623746872,0.08869227021932602,128,
b548689d07d15535,V2_candidate_KNN,0.030457506127366002,0.03727033543755459,0.07936992126734277,0.12605224409927385,0.4671953638201807,1.3286467506596216,1.604933121144089,1.6659671275335914,192,
b548689d07d15535,V2_Q_mahalanobis,1.6183825455844312,2.0234727263198655,2.683847308723726,3.1480035959672934,3.581514565916587,4.126924208448572,4.301813207742348,4.706332647839509,128,
f696561dbf6055df,V1_IL_self_KNN,0.03174838423728943,0.034523071348667146,0.03754701279103756,0.04323787800967693,0.04897682834416628,0.08449492976069449,0.10198657043278211,0.11695446819067001,64,
f696561dbf6055df,V1_candidate_KNN,0.09153331531621704,0.24249863420733253,0.3003752606570942,0.37424212513878574,0.43882053433061624,1.021774712972026,1.155662205998917,1.1746538008620484,128,0.9921875
f696561dbf6055df,V2_IL_Q_to_R_KNN,0.02140595205128193,0.02643137350678444,0.03177732974290848,0.03555835969746113,0.042476098984479904,0.055926258862018574,0.07756294757127767,0.0912870466709137,128,
f696561dbf6055df,V2_candidate_KNN,0.024176405777531863,0.031749383486573614,0.10424733782698067,0.21908148157206864,0.36070992055546675,0.901523941523585,1.080919775155055,1.1420554746106937,192,
f696561dbf6055df,V2_Q_mahalanobis,1.4927402934764082,1.9208532196958419,2.311784382961276,2.7048294297455433,3.04244735629453,3.6618470074823417,3.8778605529930883,3.9798508708064837,128,
7bb8d2878b1f53cb,V1_IL_self_KNN,0.018028004094958305,0.018996596988290548,0.02335852850228548,0.0283743841573596,0.03281542472541332,0.08969658315181712,0.13371240057051176,0.15120387077331543,64,
7bb8d2878b1f53cb,V1_candidate_KNN,0.08337157168205009,0.10827176700381494,0.1282686716838088,0.2038344422614004,0.6355894103020642,0.9171135659561307,0.9681261779878747,0.9907299076545509,128,0.6328125
7bb8d2878b1f53cb,V2_IL_Q_to_R_KNN,0.015719637274742126,0.017867452930659056,0.020856738556176424,0.02379954233765602,0.028243124950677156,0.0532220553606748,0.07398226521909243,0.0862543135881424,128,
7bb8d2878b1f53cb,V2_candidate_KNN,0.016357083238881336,0.021343378994912798,0.07030195938128797,0.13542566545309342,0.38152985861725713,0.8675455123809841,0.9545099950419543,0.9744671271489216,192,
7bb8d2878b1f53cb,V2_Q_mahalanobis,1.3565313829506012,1.9317386365835938,2.411360171518959,2.7129027125373364,3.051880399657705,3.8191172128007462,4.013389003790803,4.262029097441895,128,
bff852b39f62557d,V1_IL_self_KNN,0.02994602918624878,0.03158230539411307,0.038115715608000755,0.04260164499282837,0.050292544066905975,0.08450030311942099,0.12226677633821964,0.12363827228546143,64,
bff852b39f62557d,V1_candidate_KNN,0.2590824520811124,0.3510978754843995,0.42972961811608335,0.5339021585063952,0.736894400787929,1.2841991746706705,1.4447104578243384,1.4817220247756626,128,1.0
bff852b39f62557d,V2_IL_Q_to_R_KNN,0.025076568126678467,0.028473020158708097,0.0340180117636919,0.03939835913479328,0.04580671992152929,0.06123884394764899,0.08212395831942562,0.08780480921268463,128,
bff852b39f62557d,V2_candidate_KNN,0.029771446006202594,0.03624821800174222,0.17691986950282382,0.3544421255789005,0.5314105979448517,1.1648137964555358,1.3048230063492476,1.4346629787704082,192,
bff852b39f62557d,V2_Q_mahalanobis,1.71760008092847,2.095176408504538,2.5762135869717158,2.945832117017588,3.3559515571071037,3.9222074595704544,4.198673476822505,4.479781922183994,128,
b940d77be0d45ec9,V1_IL_self_KNN,0.053396034985780716,0.061222574673593044,0.07727624475955963,0.09311870858073235,0.10406318306922913,0.13451003655791283,0.2717310255765907,0.4661031663417816,64,
b940d77be0d45ec9,V1_candidate_KNN,0.1292834324890662,0.15381516120246413,0.18561402292613116,0.21124244654686547,0.4273788528323977,0.7404688547043501,0.8510466312379361,0.9180387772777184,128,0.21875
b940d77be0d45ec9,V2_IL_Q_to_R_KNN,0.05259586498141289,0.06042947843670845,0.0716702938079834,0.07999320328235626,0.09097428806126118,0.11956040039658541,0.14650955051183706,0.183379128575325,128,
b940d77be0d45ec9,V2_candidate_KNN,0.05436131077106415,0.07301693420457073,0.11392508297847528,0.15777947488934327,0.2846744432345419,0.5761445936931597,0.7538429994863801,0.8291438896655816,192,
b940d77be0d45ec9,V2_Q_mahalanobis,1.441653234291812,1.8183526457712218,2.3339000457359766,2.781057605396755,3.186425971849026,4.082023722325262,4.917627888509999,5.526340193354972,128,
5050ddd89f6850ea,V1_IL_self_KNN,0.046045221388339996,0.05242065265774727,0.05733268242329359,0.06340749561786652,0.07310141809284687,0.09555685073137282,0.11070574410259719,0.12075946480035782,64,
5050ddd89f6850ea,V1_candidate_KNN,0.09121931965864097,0.1034031931817592,0.1248493407247367,0.1474382730300266,0.2939334548464323,0.3857598048527397,0.4232537899754907,0.45230209590874626,128,0.7734375
5050ddd89f6850ea,V2_IL_Q_to_R_KNN,0.042162422090768814,0.045344462245702745,0.051482963375747204,0.05644437484443188,0.06385392136871815,0.08616493493318557,0.09828817255795003,0.09847290813922882,128,
5050ddd89f6850ea,V2_candidate_KNN,0.041645261491392235,0.05013202536100653,0.07295042096601281,0.10248771263855755,0.18685727041899797,0.36351904653432343,0.3982681187152161,0.4397382873639666,192,
5050ddd89f6850ea,V2_Q_mahalanobis,2.376755105210813,2.800950658482014,3.1408120278202443,3.5099205314486577,3.8952346458145892,4.62252418971952,5.260505897851397,5.356444116762278,128,
31c9a3082fa15d55,V1_IL_self_KNN,0.04013780876994133,0.04278933182358742,0.04858444910496473,0.05558403395116329,0.061960380524396896,0.08373569138348098,0.10790282048284998,0.1327957659959793,64,
31c9a3082fa15d55,V1_candidate_KNN,0.20580929896547895,0.22753165875207465,0.516789400494678,0.589186523003644,0.6663218904189496,0.9955075158917727,1.0814893673387227,1.1022844451326557,128,1.0
31c9a3082fa15d55,V2_IL_Q_to_R_KNN,0.02748534083366394,0.03272612821310759,0.038492919877171516,0.044923506677150726,0.05070548132061958,0.06585015133023261,0.08459505684673792,0.09550836682319641,128,
31c9a3082fa15d55,V2_candidate_KNN,0.03099311480090512,0.03999772104364412,0.1590412754045701,0.3890412374582851,0.5444279466924359,0.7898027121796262,1.0076913501075886,1.0483018338263936,192,
31c9a3082fa15d55,V2_Q_mahalanobis,1.8628932489410672,2.337122355113664,2.661700612331002,3.05631429491668,3.399821416147709,4.1689511833683195,4.359102233635683,4.753783014123799,128,
48f80f817e0656d9,V1_IL_self_KNN,0.025811702013015747,0.02879415461793542,0.03254200890660286,0.03787758946418762,0.0461430074647069,0.06502263508737087,0.08997911192476739,0.11581359058618546,64,
48f80f817e0656d9,V1_candidate_KNN,0.2537873457215796,0.2858966025744918,0.4203552329151653,0.4939888356979546,0.606000904246286,0.7607963018721904,0.7914821393927185,0.7993914006964884,128,1.0
48f80f817e0656d9,V2_IL_Q_to_R_KNN,0.01679009571671486,0.02303917007520795,0.02759572956711054,0.03175121918320656,0.040348101407289505,0.05297641158103942,0.08051992483437066,0.10008512437343597,128,
48f80f817e0656d9,V2_candidate_KNN,0.023592382618697182,0.02791525211543173,0.12668160170205317,0.3447784614169327,0.45841325940853467,0.6882939043642637,0.7918453820439765,0.8733011349527576,192,
48f80f817e0656d9,V2_Q_mahalanobis,1.3283266902602116,1.7666252262604982,2.2469394168118795,2.5747282340675,3.108591237985335,3.734478136017367,4.168016188420571,4.480393310408759,128,
602d680df54553a2,V1_IL_self_KNN,0.03357044979929924,0.03970192652195692,0.043382491916418076,0.04726852476596832,0.05642776098102331,0.083843532577157,0.11092076294124123,0.12053129822015762,64,
602d680df54553a2,V1_candidate_KNN,0.0795068806540474,0.08526246775364045,0.11308944957572914,0.15905064819818415,0.37095754239988177,0.49713533758185685,0.5401929406816592,0.5876456570590698,128,0.734375
602d680df54553a2,V2_IL_Q_to_R_KNN,0.03031030297279358,0.03183939550071955,0.03533203341066837,0.03978709876537323,0.0469000693410635,0.06633592024445531,0.09236597925424576,0.10267319530248642,128,
602d680df54553a2,V2_candidate_KNN,0.028065985111692383,0.03648799633952376,0.07282572175357617,0.10237786961826006,0.24584822458465033,0.4711128643085034,0.5090595173228601,0.5769849115996586,192,
602d680df54553a2,V2_Q_mahalanobis,1.606998497287744,1.9677035172524626,2.438056253729375,2.8387789777788135,3.229902765600257,3.8335503404339017,4.029713596297315,4.53197163309134,128,
cc8872f4a1fb5895,V1_IL_self_KNN,0.04380611330270767,0.04857455659657717,0.05311910714954138,0.06085500493645668,0.07055179961025715,0.09558150246739384,0.12999465927481638,0.1646517515182495,64,
cc8872f4a1fb5895,V1_candidate_KNN,0.2576485105171704,0.28163540976760526,0.3364584441662956,0.39218427682057566,0.43473777928536067,1.1654855465419611,1.2249847538498795,1.272547825046903,128,1.0
cc8872f4a1fb5895,V2_IL_Q_to_R_KNN,0.03488164767622948,0.03913195673376322,0.04650922957807779,0.05201621912419796,0.06337381899356842,0.09459647126495836,0.13486015439033514,0.18546518683433533,128,
cc8872f4a1fb5895,V2_candidate_KNN,0.039439240936069,0.04810669230117274,0.20782467954617606,0.31045466385666065,0.41657878168375284,1.0142706115850728,1.2222899576624828,1.2593205446367028,192,
cc8872f4a1fb5895,V2_Q_mahalanobis,1.7991477547532233,2.0835239965174086,2.6485403159433787,3.05663934942772,3.5524967551676663,4.085631992407565,4.530573025410219,4.81289406568729,128,
09d7ac879b745ba7,V1_IL_self_KNN,0.02141905389726162,0.022681763488799335,0.027501008473336697,0.03190692886710167,0.042400543577969074,0.05639133416116237,0.10156414709985254,0.10861203819513321,64,
09d7ac879b745ba7,V1_candidate_KNN,0.0390101232890024,0.04068698989756815,0.08746275514491222,0.12855310391645508,0.21279487923835433,0.4840384297943671,0.5451750224679878,0.5958394660723475,128,0.640625
09d7ac879b745ba7,V2_IL_Q_to_R_KNN,0.015419481322169304,0.01831124583259225,0.021376190707087517,0.024585187435150146,0.02999016735702753,0.04253591317683457,0.06378563869744541,0.07697363197803497,128,
09d7ac879b745ba7,V2_candidate_KNN,0.016332570636855226,0.0205538178926521,0.0406820153667503,0.08383361844080507,0.16634276410126272,0.40217834105263806,0.5017417621848104,0.5934319788567304,192,
09d7ac879b745ba7,V2_Q_mahalanobis,1.2096054314888214,1.5977219667545046,2.121340271941541,2.452758232884694,2.889494651622444,3.3794636309033588,3.912177603631038,4.158225388358494,128,
1f22c13b337250e8,V1_IL_self_KNN,0.00854507926851511,0.009176612133160233,0.010879135457798839,0.011802592314779758,0.012712818570435047,0.02070378335192798,0.026457417272031308,0.026743393391370773,64,
1f22c13b337250e8,V1_candidate_KNN,0.035773353534058416,0.05390636251279772,0.14248469313654144,0.19064524731212942,0.34788013676278634,0.4260783731979234,0.45522661182256496,0.4643215416446543,128,1.0
1f22c13b337250e8,V2_IL_Q_to_R_KNN,0.007652309723198414,0.008445854485034942,0.009300203993916512,0.010317837819457054,0.011594004230573773,0.015062574855983257,0.03826569475233562,0.04650728031992912,128,
1f22c13b337250e8,V2_candidate_KNN,0.007955937994178933,0.009807113459860193,0.05559972914437796,0.13893226830094776,0.21345172752317673,0.3814573172774421,0.427263129631173,0.4580509466103142,192,
1f22c13b337250e8,V2_Q_mahalanobis,1.8781194101073466,2.5833466483216116,2.90883307082683,3.4827385847751096,3.894754111886367,4.458015053124037,5.480885456948082,6.294184703637206,128,
df16f52f5bea51cc,V1_IL_self_KNN,0.03176812082529068,0.03207198157906532,0.03620623890310526,0.04172311723232269,0.04826239496469498,0.06784680187702176,0.08631396934390059,0.10683169215917587,64,
df16f52f5bea51cc,V1_candidate_KNN,0.1431407341378879,0.1998811035230322,0.22272458572915482,0.2941766287255194,0.40862648587709427,1.023055214504942,1.1828840054173055,1.2383984966807262,128,1.0
df16f52f5bea51cc,V2_IL_Q_to_R_KNN,0.02085319347679615,0.02697283513844013,0.030494242440909147,0.03418391942977905,0.038502924144268036,0.04640211369842291,0.05654825434088707,0.06516311317682266,128,
df16f52f5bea51cc,V2_candidate_KNN,0.025791652163846362,0.03125097477370667,0.1327296429986649,0.24086846486582525,0.3444219526369722,0.8530756278117916,0.999425781852709,1.0762237591529822,192,
df16f52f5bea51cc,V2_Q_mahalanobis,1.6601663911469307,2.0767267830029046,2.5536992906044045,2.8210867413608427,3.138959248081476,3.5779890117515336,3.8336966970681883,4.019758563435099,128,
de8c2538d4305d9d,V1_IL_self_KNN,0.024703575298190117,0.026733826752752064,0.02952891867607832,0.03356468677520752,0.040976524353027344,0.06084861755371093,0.09933505155146122,0.1000935286283493,64,
de8c2538d4305d9d,V1_candidate_KNN,0.18673089710179663,0.2109588103452847,0.22386582345825343,0.25048495151145755,0.510615241561854,1.129070181161528,1.3371285270726376,3.606565496509603,128,1.0
de8c2538d4305d9d,V2_IL_Q_to_R_KNN,0.018778763711452484,0.020291649922728538,0.02437480492517352,0.027874020859599113,0.03624812513589859,0.0543298194184899,0.07660246014595036,0.13128550350666046,128,
de8c2538d4305d9d,V2_candidate_KNN,0.01962961665569714,0.023599587855573093,0.12674176199116646,0.2294845109745412,0.39609752628689515,1.0016668298841123,1.1710740032274587,1.3427096209530156,192,
de8c2538d4305d9d,V2_Q_mahalanobis,1.6048754247790755,2.071674107554099,2.4332988173158228,2.801908073821417,3.1850656153017916,3.803357273980762,4.340846424118894,5.314920072136771,128,
9c7f841d11e6542d,V1_IL_self_KNN,0.03302180767059326,0.036043213121593,0.04561739321798086,0.051828308030962944,0.06188966613262892,0.0825977448374033,0.107259462326765,0.12044022232294083,64,
9c7f841d11e6542d,V1_candidate_KNN,0.12497583597538271,0.21560407080044086,0.25711510556801354,0.3103553585168911,0.4781589489564204,0.8927248868038378,0.9799596724222626,1.1304955582233536,128,1.0
9c7f841d11e6542d,V2_IL_Q_to_R_KNN,0.031689997762441635,0.03622310813516379,0.04141678288578987,0.046020111069083214,0.052004226483404636,0.07848546914756294,0.09134731478989125,0.10831250250339508,128,
9c7f841d11e6542d,V2_candidate_KNN,0.032096970001542324,0.04219451462605265,0.1441838060504252,0.24974497868559664,0.35340101216264574,0.8156279020038667,0.9060947504394743,0.969539120126554,192,
9c7f841d11e6542d,V2_Q_mahalanobis,1.6385500317530461,2.209659570271535,2.737446170724963,3.1968523755525284,3.5845586297577974,4.328263502628201,4.591569908104103,4.8656880737248285,128,
89a7b788217c5f67,V1_IL_self_KNN,0.02724624238908291,0.02970671635121107,0.032845331355929375,0.037865400314331055,0.04231330752372742,0.06970068924129007,0.08410175785422325,0.08564875274896622,64,
89a7b788217c5f67,V1_candidate_KNN,0.09625026536012474,0.10543273579974616,0.14069890937728535,0.2087864824251187,0.24646918943750123,0.5139284030168311,0.5658616256530987,0.5675611687148135,128,1.0
89a7b788217c5f67,V2_IL_Q_to_R_KNN,0.024295130744576454,0.025323276035487653,0.028512575197964907,0.03230956941843033,0.03634294029325247,0.04408019222319126,0.059874322526156924,0.07910780608654022,128,
89a7b788217c5f67,V2_candidate_KNN,0.023555425988251943,0.02923012585860792,0.09361252199973835,0.15819500679901918,0.25186205058317057,0.5260662523804214,0.5984045512733096,0.6044246926055609,192,
89a7b788217c5f67,V2_Q_mahalanobis,1.9405389040719216,2.221230622367474,2.681203527380077,3.026278356139051,3.4261704961762094,4.079084383077502,4.6170182628724366,4.7824507342572735,128,
3d53eff55b2855c2,V1_IL_self_KNN,0.0315222404897213,0.03708791192620993,0.04086214769631624,0.04761815257370472,0.05384986288845539,0.07324076704680914,0.08206458881497382,0.08581319451332092,64,
3d53eff55b2855c2,V1_candidate_KNN,0.05849754603086592,0.061743480449849,0.11557442660820219,0.2514095742370821,0.32653849780161803,0.5682126449987807,0.618598984799325,0.6544812292249946,128,0.8203125
3d53eff55b2855c2,V2_IL_Q_to_R_KNN,0.031120548024773598,0.03201285395771265,0.03705289401113987,0.0410730317234993,0.04994330741465092,0.06408624984323978,0.12805872216820732,0.15152712166309357,128,
3d53eff55b2855c2,V2_candidate_KNN,0.028412725597451206,0.036149386358788844,0.0701714536209401,0.1200525597076818,0.2394598554819003,0.5224291555078571,0.5745833555754113,0.6267764677643306,192,
3d53eff55b2855c2,V2_Q_mahalanobis,1.951073811986698,2.2487186835825184,2.6055782166595365,2.978667890874274,3.32200996423423,3.732870694538268,4.018529191611805,4.714619203764105,128,
8fb50dd1fb5552df,V1_IL_self_KNN,0.022279519587755203,0.023252979200333358,0.029214704409241676,0.03583155386149883,0.046893270686268806,0.07317044809460638,0.09517239466309546,0.0976964458823204,64,
8fb50dd1fb5552df,V1_candidate_KNN,0.048263774384353655,0.0630378939353285,0.08352584658458033,0.18605697711110797,0.22974869584570562,0.6040906027707419,0.6506703590150387,0.6625956413245353,128,0.640625
8fb50dd1fb5552df,V2_IL_Q_to_R_KNN,0.020877869799733162,0.023289283737540245,0.02678858768194914,0.02994579914957285,0.03459913469851017,0.044655240327119816,0.058962552621960665,0.06257528066635132,128,
8fb50dd1fb5552df,V2_candidate_KNN,0.022805140231061706,0.02736861414102313,0.05413681353205994,0.08705421884922658,0.19853324021408436,0.5141063163263245,0.6513108998584907,0.6672367885114274,192,
8fb50dd1fb5552df,V2_Q_mahalanobis,1.8776761269339515,2.2663991737463256,2.611194263333745,2.951339099009119,3.35683814037405,3.974134058527577,4.204605622858988,4.336840794022604,128,
1dda1a63c5735182,V1_IL_self_KNN,0.036682844161987305,0.03767018485814333,0.043250576592981815,0.04769663326442242,0.05483953282237053,0.09625735469162464,0.10571002162992951,0.11235648393630981,64,
1dda1a63c5735182,V1_candidate_KNN,0.12502585039176814,0.1474791387427127,0.20843564115279395,0.24924402450615285,0.5463622114565974,0.6270987878667785,0.6483495518670083,0.675786330874099,128,1.0
1dda1a63c5735182,V2_IL_Q_to_R_KNN,0.029908951371908188,0.03303424697369337,0.035838271491229534,0.04092644155025482,0.04814504645764828,0.06340651009231803,0.09033303782343867,0.09680946171283722,128,
1dda1a63c5735182,V2_candidate_KNN,0.031707480995043266,0.03843126060085765,0.10280545248105809,0.2131477179693979,0.3470760135510589,0.5843328583349583,0.6213461874830839,0.6328270686998486,192,
1dda1a63c5735182,V2_Q_mahalanobis,1.969791144025401,2.5184028226407476,3.070299788562373,3.4279337929558675,3.76691634565983,4.4351873028592355,4.851155403911059,5.329313428007671,128,
006cbccbfae95262,V1_IL_self_KNN,0.044548165053129196,0.047475640662014484,0.052559737116098404,0.056383660063147545,0.0704085472971201,0.10672043561935424,0.16237901106476763,0.21216197311878204,64,
006cbccbfae95262,V1_candidate_KNN,0.12977857207532728,0.14771099952308764,0.16123684033205724,0.20624539689047017,0.5058537089699546,0.6599068198693986,0.7077831627362685,0.7251771568535197,128,0.4765625
006cbccbfae95262,V2_IL_Q_to_R_KNN,0.03184036538004875,0.04041395429521799,0.04683332610875368,0.052108874544501305,0.060933588072657585,0.07379689812660216,0.08754893928766252,0.09585939347743988,128,
006cbccbfae95262,V2_candidate_KNN,0.03591284672126251,0.04574635744131348,0.10561800658489612,0.1576399184916005,0.2762438583006905,0.5947525518231283,0.7021136880356912,0.7211196791959965,192,
006cbccbfae95262,V2_Q_mahalanobis,1.7564120457266763,2.3310782285720193,2.649095004046087,3.0456582438597657,3.3971412481533823,4.195532737155768,4.555735332817613,4.807912022448972,128,
cea771061cb25651,V1_IL_self_KNN,0.01803670823574066,0.01917374674230814,0.02094981772825122,0.024311576038599014,0.02960470598191023,0.042236214317381365,0.05733124420046806,0.05793432146310806,64,
cea771061cb25651,V1_candidate_KNN,0.11945104445235026,0.16085062757067745,0.1820149405415492,0.22086832555836633,0.6238751306464637,1.2087075257658908,1.3822444177115938,2.0265847419016483,128,1.0
cea771061cb25651,V2_IL_Q_to_R_KNN,0.015137113630771637,0.016841307934373616,0.01915473537519574,0.02145075611770153,0.025847802869975567,0.03889164011925458,0.05281025577336551,0.06609350442886353,128,
cea771061cb25651,V2_candidate_KNN,0.01362238772867772,0.019096061474478388,0.13027347152230456,0.18489497532213933,0.47060336557225513,1.0820311193109817,1.2691375690808717,1.3551541489851375,192,
cea771061cb25651,V2_Q_mahalanobis,1.8462699932646833,2.213015041201297,2.610615228822178,2.9497721351632213,3.4829904162736414,4.008515706417078,4.555797750076659,4.70985761167457,128,
053ae221b0d351f5,V1_IL_self_KNN,0.025281254202127457,0.029471607878804207,0.034435562789440155,0.03762493655085564,0.0494469590485096,0.06898159123957154,0.07924581669270991,0.0804663673043251,64,
053ae221b0d351f5,V1_candidate_KNN,0.09806747492710585,0.10840197148176345,0.1285567139793938,0.20107314796546322,1.093190281432536,1.6565302152051757,1.7209898159404655,1.7469747721918778,128,1.0
053ae221b0d351f5,V2_IL_Q_to_R_KNN,0.02379719354212284,0.02665364360436797,0.030477863270789385,0.03640726953744888,0.04237900394946337,0.060875447094440455,0.06650469861924649,0.07088111340999603,128,
053ae221b0d351f5,V2_candidate_KNN,0.02664147249163587,0.03081085281328701,0.07433375945014499,0.1184393057396917,0.6749777786993869,1.5415661999617516,1.6553147626588711,1.6989829221730535,192,
053ae221b0d351f5,V2_Q_mahalanobis,1.6829529268683214,1.9924524881987946,2.5235362420046394,2.9993965048885958,3.3214872294470106,3.7634200504811184,4.0280942756468825,4.488056128768859,128,
edfca2d846ee5acf,V1_IL_self_KNN,0.019680730998516083,0.02098651984706521,0.025701540056616068,0.030090834014117718,0.034458890557289124,0.049214101582765575,0.09501984618604159,0.15514850616455078,64,
edfca2d846ee5acf,V1_candidate_KNN,0.03895150118357223,0.0429366551491526,0.058086552346593955,0.1245469950104292,0.39682892271588255,0.7442512647166051,0.8559340006581392,0.9574224386196886,128,0.4140625
edfca2d846ee5acf,V2_IL_Q_to_R_KNN,0.015745405107736588,0.018561567459255458,0.02149947453290224,0.024444167502224445,0.029768381733447313,0.05080025848001233,0.08312192864716057,0.09877902269363403,128,
edfca2d846ee5acf,V2_candidate_KNN,0.015560599091831306,0.021635621368102733,0.04241439407955052,0.070736401653961,0.2755206593233116,0.659349097000119,0.7788962211051655,0.8396984364112239,192,
edfca2d846ee5acf,V2_Q_mahalanobis,1.6556227279082345,2.1346292803937006,2.4739219030415995,2.8440307119094674,3.191238011083612,3.742978305725622,4.237880189674664,4.900633044223725,128,
278907212b495e23,V1_IL_self_KNN,0.04189347103238106,0.04324740394949913,0.05303862225264311,0.06655887141823769,0.08106916770339012,0.11194019392132752,0.15078118234872806,0.17941074073314667,64,
278907212b495e23,V1_candidate_KNN,0.2762201583756263,0.30667335219126574,0.5586052039660006,0.6108166378592553,0.6805622594390885,1.1271079931717127,1.293182574119544,1.342207615984714,128,1.0
278907212b495e23,V2_IL_Q_to_R_KNN,0.037506986409425735,0.04070757664740086,0.04869731888175011,0.055947329849004745,0.06412474252283573,0.07822740040719509,0.11540796816349033,0.12177973985671997,128,
278907212b495e23,V2_candidate_KNN,0.04221425762758593,0.04948464738803605,0.2166662532394666,0.4353523960846714,0.5451299516833231,0.8893988123462317,1.0641559990880491,1.2182306992659409,192,
278907212b495e23,V2_Q_mahalanobis,1.6722224874273486,2.1288003819809402,2.4723632991222475,2.7032265802917235,3.065860516147111,3.402302250362222,3.8907182535559093,4.067546025500802,128,
449f34ad438e59d2,V1_IL_self_KNN,0.02193526364862919,0.02329576052725315,0.02551903249695897,0.030358326621353626,0.039214372634887695,0.06914651915431022,0.08574198104441162,0.09594596177339554,64,
449f34ad438e59d2,V1_candidate_KNN,0.08091955273139148,0.09544189871967099,0.12005989211959177,0.2206338520135682,0.24872948306844384,0.30930869605503947,0.3388708662065057,0.38757110295855535,128,0.9453125
449f34ad438e59d2,V2_IL_Q_to_R_KNN,0.020487425848841667,0.021278882399201393,0.02426444785669446,0.026856109499931335,0.032284075394272804,0.04529120307415724,0.058303228802979,0.06069213151931763,128,
449f34ad438e59d2,V2_candidate_KNN,0.02201244614874446,0.025595290263520466,0.06828142038426255,0.10882706746008562,0.21011666932130857,0.2680420490470326,0.3090568371560281,0.3683881649496735,192,
449f34ad438e59d2,V2_Q_mahalanobis,1.5127709686519535,1.957966498871285,2.328484310472059,2.631007868879583,2.9568100642269717,3.713719983475783,4.8709815870312685,7.468145415822641,128,
8c1a989cd94c5c12,V1_IL_self_KNN,0.027840202674269676,0.033265854232013226,0.03872265573590994,0.0470156017690897,0.056230029091238976,0.08302005343139167,0.10544469594955443,0.10800330340862274,64,
8c1a989cd94c5c12,V1_candidate_KNN,0.08420236262641105,0.10793132043890559,0.13914757255147334,0.29919726036094496,0.4185848080408837,0.4631654620526869,0.5061698600505715,0.5588297417780479,128,0.9453125
8c1a989cd94c5c12,V2_IL_Q_to_R_KNN,0.026706337928771973,0.029063600488007067,0.033243704587221146,0.039713723585009575,0.04632095247507095,0.06181247234344482,0.06904119431972504,0.07578355818986893,128,
8c1a989cd94c5c12,V2_candidate_KNN,0.026372350799203435,0.033587664532877745,0.0970421148358725,0.12341357391489656,0.27427486770824794,0.42861439253868633,0.45304641995106537,0.4828910105757719,192,
8c1a989cd94c5c12,V2_Q_mahalanobis,1.8164919963125603,2.31375174514263,2.8635814586806014,3.1821617754905165,3.530161154173797,4.188463493226042,4.604897338683897,4.663850637473973,128,
48d4fcc3437755a8,V1_IL_self_KNN,0.02935226820409298,0.03171101305633783,0.03678874019533396,0.04401743970811367,0.05086093582212925,0.06747092865407464,0.10884573325514772,0.16171014308929443,64,
48d4fcc3437755a8,V1_candidate_KNN,0.17233683938620897,0.21395396667587246,0.38649101566191,0.45624852254373216,0.5284178243731054,1.0121357773012358,1.0768527860204462,1.1163208892672745,128,1.0
48d4fcc3437755a8,V2_IL_Q_to_R_KNN,0.023273922502994537,0.026183376647531988,0.029909432400017977,0.03426380455493927,0.04020452778786421,0.05888514760881657,0.08876559093594562,0.1042192131280899,128,
48d4fcc3437755a8,V2_candidate_KNN,0.023712960859921545,0.030104368107687372,0.11548502096569441,0.3480139750618849,0.4505302075635342,0.9319879783673458,1.0003450772016513,1.0623230852272925,192,
48d4fcc3437755a8,V2_Q_mahalanobis,1.5213631926442204,2.009275353909612,2.3653383807696087,2.6841542623536094,3.0445551659989203,3.816791868455542,4.301166730299487,4.36206152473835,128,
13f740d88bf75471,V1_IL_self_KNN,0.028627902269363403,0.031771390326321126,0.03899133112281561,0.04436046630144119,0.05756262689828873,0.07879665754735465,0.08815500095486638,0.09665963798761368,64,
13f740d88bf75471,V1_candidate_KNN,0.08047000361202361,0.0985501131695892,0.16071192654309088,0.22899046285205577,0.29133586774179515,0.44872980154681663,0.4801729098722329,0.8529100255811637,128,0.953125
13f740d88bf75471,V2_IL_Q_to_R_KNN,0.025969114154577255,0.028304578457027673,0.03313624486327171,0.0375160314142704,0.04390754736959934,0.06262598913162944,0.07062763519585134,0.07519550621509552,128,
13f740d88bf75471,V2_candidate_KNN,0.02701001572705672,0.03407239292858614,0.0849371539599093,0.14206490910461006,0.2384820235114728,0.38910004655264,0.44867639437924517,0.47186771000513905,192,
13f740d88bf75471,V2_Q_mahalanobis,1.7576460449654578,2.109230312905362,2.6843099856519412,3.048608338046402,3.5896094657186017,4.094130001794517,4.326657140313659,4.532171836982691,128,
8eb1bf4722515ad3,V1_IL_self_KNN,0.026676248759031296,0.03169476184993982,0.03911653906106949,0.04315637983381748,0.05166088789701462,0.05849174261093139,0.08790088951587677,0.08923612534999847,64,
8eb1bf4722515ad3,V1_candidate_KNN,0.07591053515910846,0.09962661564424996,0.1166042958150829,0.13432022260302834,0.42338554997541616,0.6539386613728877,0.7132891014000364,0.7243297972763297,128,0.984375
8eb1bf4722515ad3,V2_IL_Q_to_R_KNN,0.023706134408712387,0.028178851306438445,0.031920342706143856,0.03506464883685112,0.039758103899657726,0.04931788425892591,0.06048841007053854,0.0748898833990097,128,
8eb1bf4722515ad3,V2_candidate_KNN,0.029237552411071833,0.034049888411787334,0.06908804213843772,0.10866748022384959,0.27085679252785344,0.6160294969071853,0.6670029784698963,0.72000966804672,192,
8eb1bf4722515ad3,V2_Q_mahalanobis,1.7163005335240882,2.231493811998649,2.6323463073336524,3.026504467438472,3.478828623837283,4.164065331352267,4.807959989408825,5.217364085745622,128,
21249a2d4eb25ed6,V1_IL_self_KNN,0.040256720036268234,0.046141546219587326,0.059165988117456436,0.06346877664327621,0.08808738738298416,0.12273659221827983,0.1432831898331642,0.14541824162006378,64,
21249a2d4eb25ed6,V1_candidate_KNN,0.10629517047927388,0.13520058456874137,0.15854536253411453,0.21474311382583888,0.28717125489995,0.40195245181798694,0.5067206665948646,0.6231821279959757,128,0.8359375
21249a2d4eb25ed6,V2_IL_Q_to_R_KNN,0.03305111080408096,0.03912657424807549,0.04574846662580967,0.05106641538441181,0.06330950371921062,0.08871268741786477,0.11883522704243667,0.13170543313026428,128,
21249a2d4eb25ed6,V2_candidate_KNN,0.03364306234467383,0.04658298486462417,0.10376859665170132,0.152365629200381,0.2318837109714072,0.33570819712233824,0.4121017391766584,0.45030784734396817,192,
21249a2d4eb25ed6,V2_Q_mahalanobis,1.460179777032255,1.9318467141444948,2.4581181859271055,2.909067947736867,3.373546362604467,4.009626398545534,4.764080351783746,4.8136730826127145,128,
3d44a52acf525ec7,V1_IL_self_KNN,0.026677321642637253,0.027711918111890554,0.032622852362692356,0.03655732423067093,0.043035306967794895,0.055572438612580294,0.07343747965991496,0.07724181562662125,64,
3d44a52acf525ec7,V1_candidate_KNN,0.1018171134855714,0.15464744568514252,0.24429264357016586,0.30761049661439177,0.5879396187048984,0.6491359755625667,0.6935848535898492,0.7257129049184565,128,1.0
3d44a52acf525ec7,V2_IL_Q_to_R_KNN,0.01889999583363533,0.02380031356588006,0.027177030686289072,0.03042992204427719,0.03812918718904257,0.05163173843175171,0.06720968395471574,0.08717387914657593,128,
3d44a52acf525ec7,V2_candidate_KNN,0.021598677704734736,0.025738714085489233,0.07720480482406969,0.1814518758730757,0.33923556663424426,0.5649458471245578,0.6110193667066847,0.7462556355752908,192,
3d44a52acf525ec7,V2_Q_mahalanobis,1.595853396995611,2.110710987769017,2.537923923972037,2.8524366146778997,3.2694542527778245,3.7734228507045096,4.066896884828583,4.368893660470066,128,
9fad4614acc251d6,V1_IL_self_KNN,0.060454923659563065,0.06515001058578491,0.07286052219569683,0.0835675410926342,0.09308845736086369,0.12595791481435298,0.13913411006331441,0.14293061196804047,64,
9fad4614acc251d6,V1_candidate_KNN,0.08513232968259091,0.11821673967705924,0.15462232975831722,0.23247981502136328,0.29848353170899566,0.9941764570951163,1.0904222257755174,1.5169959816707257,128,0.796875
9fad4614acc251d6,V2_IL_Q_to_R_KNN,0.05162210389971733,0.06014473419636488,0.07102241180837154,0.07590990886092186,0.08316373266279697,0.10477046072483062,0.11796657197177411,0.12732616066932678,128,
9fad4614acc251d6,V2_candidate_KNN,0.057527829923802155,0.07100195429965062,0.10362680894625587,0.14148224738931514,0.23585616656995828,0.8933623533387212,1.0544330413776828,1.5069782996202974,192,
9fad4614acc251d6,V2_Q_mahalanobis,2.4034699631432845,2.734876762725525,3.370369784616292,3.8050544816638494,4.14117943502685,4.699863521426939,4.972077752272094,5.246663966944689,128,
727278e9914354b1,V1_IL_self_KNN,0.031326424330472946,0.03412208221852779,0.039852945134043694,0.04373781010508537,0.052323706448078156,0.07082086652517318,0.08251487195491787,0.0902671292424202,64,
727278e9914354b1,V1_candidate_KNN,0.11195109833776169,0.13675654600793735,0.18313623706772497,0.22842011285184627,0.2588930955581906,0.3423150831117879,0.4546105952570866,0.565425542487348,128,1.0
727278e9914354b1,V2_IL_Q_to_R_KNN,0.028358763083815575,0.03132055997848511,0.034540251828730106,0.039495786651968956,0.04620744660496712,0.06579441875219344,0.08667506039142611,0.11195895820856094,128,
727278e9914354b1,V2_candidate_KNN,0.025353941849801886,0.03722603001269817,0.08206252792056806,0.15066467239711676,0.21246640718422152,0.2751394231833525,0.33270989657448863,0.3491856764166453,192,
727278e9914354b1,V2_Q_mahalanobis,2.0644017979571507,2.2466640026617046,2.7556589921244936,3.050269696291625,3.4473751207058,4.096844122603502,4.64498923473149,5.116672023702767,128,
9d722cf10d7f5bd1,V1_IL_self_KNN,0.042665690183639526,0.047686286456882956,0.052145264111459255,0.05958184041082859,0.0712568499147892,0.09441335685551165,0.12633487179875372,0.1283600777387619,64,
9d722cf10d7f5bd1,V1_candidate_KNN,0.18722627409636666,0.20026857739619064,0.23404526078119564,0.2963995750656645,0.3371405903958741,0.505724871935198,0.5372330515930883,0.5772308797591024,128,1.0
9d722cf10d7f5bd1,V2_IL_Q_to_R_KNN,0.02694249153137207,0.03834924045950174,0.04444566462188959,0.05037485063076019,0.057976434007287025,0.07873481065034865,0.11905719138681894,0.16855314373970032,128,
9d722cf10d7f5bd1,V2_candidate_KNN,0.0345206136377548,0.04790696492223509,0.08970025026154405,0.173717801416576,0.2675285679417616,0.48112334193372325,0.5291152582974129,0.5746283295033366,192,
9d722cf10d7f5bd1,V2_Q_mahalanobis,1.5026434313211738,1.8579734833813326,2.4630791701737134,2.735737059758449,3.1205758525606173,3.5846739427846117,3.730727955872104,4.434541261418847,128,
14d0749e1fc85004,V1_IL_self_KNN,0.026714617386460304,0.030586861167103054,0.03695267532020807,0.044421497732400894,0.054691157303750515,0.06713081039488313,0.07424535915255547,0.07446205615997314,64,
14d0749e1fc85004,V1_candidate_KNN,0.11134670841700145,0.127019834076227,0.1990167709147228,0.3080774080631973,0.3972381526524501,0.596986667131289,0.6125948115352023,0.6132049992741577,128,1.0
14d0749e1fc85004,V2_IL_Q_to_R_KNN,0.022731907665729523,0.02586804758757353,0.029947596602141857,0.03478275239467621,0.041254584677517414,0.05372109189629552,0.07971312627196321,0.09453149139881134,128,
14d0749e1fc85004,V2_candidate_KNN,0.025399779472017707,0.03496284402547573,0.09703774817938858,0.1952189818909129,0.32610047744300924,0.5828232139073011,0.6293350009735387,0.651350256497133,192,
14d0749e1fc85004,V2_Q_mahalanobis,1.6948309684676433,1.9798289000322036,2.4340616065479224,2.904569356280245,3.29217895523687,4.00278617554616,4.249692374142938,4.371016873471381,128,
ee05069c50295595,V1_IL_self_KNN,0.03134408965706825,0.0327302023768425,0.03905028197914362,0.046958206221461296,0.058174421079456806,0.08246901519596574,0.12940429061651204,0.18871280550956726,64,
ee05069c50295595,V1_candidate_KNN,0.09991483225295308,0.11027224209295204,0.15807479977525482,0.1935537081345946,0.2942930782283411,0.5245815581845482,0.5626949826867265,0.5785142838111581,128,0.5546875
ee05069c50295595,V2_IL_Q_to_R_KNN,0.027241617441177368,0.0316412590444088,0.03594745695590973,0.04031567648053169,0.04912499338388443,0.07247602790594102,0.08431971602141858,0.10916360467672348,128,
ee05069c50295595,V2_candidate_KNN,0.029101320153631087,0.03846387231376886,0.09457953507814842,0.13779803123050124,0.21975736981205807,0.47474557798861067,0.5289467009120976,0.5458002359374108,192,
ee05069c50295595,V2_Q_mahalanobis,1.631836524277866,1.8771052774345314,2.400982804613647,2.773798636773697,3.185089283787445,3.848083532074478,4.457992346158135,5.421131697512125,128,
5e7dad82583e5536,V1_IL_self_KNN,0.04039330035448074,0.043575111962854865,0.04924877267330885,0.05513409338891506,0.06085031293332577,0.08224437907338139,0.09557948403060432,0.10700570046901703,64,
5e7dad82583e5536,V1_candidate_KNN,0.191812437821432,0.20276435082574665,0.21544531346750365,0.2855070133413659,0.48056890288574594,0.8017873649645829,0.8450591164694161,0.872849462008079,128,1.0
5e7dad82583e5536,V2_IL_Q_to_R_KNN,0.029236385598778725,0.035920238867402074,0.040640522725880146,0.04484833776950836,0.05396240670233965,0.07415575757622718,0.10118729569017897,0.11531807482242584,128,
5e7dad82583e5536,V2_candidate_KNN,0.03238042235676445,0.03907866506938821,0.13458318630742883,0.21541327264676333,0.3214468705656529,0.6551268733784045,0.7647424146905266,0.7987460305279599,192,
5e7dad82583e5536,V2_Q_mahalanobis,1.7608538869211692,2.324247477411007,2.6602418420073284,3.0881711491640838,3.4720479826791784,4.003345536504173,4.366496395587054,4.742691840035846,128,
2c772a570884587c,V1_IL_self_KNN,0.03477218747138977,0.0375748036429286,0.044094428420066833,0.05173871107399464,0.06394514441490173,0.08254077062010762,0.0994084464758634,0.1141732782125473,64,
2c772a570884587c,V1_candidate_KNN,0.07337930508580066,0.08004005183796266,0.09044214104603591,0.12184979734273074,0.45031178153005663,0.5695097884487371,0.6022042061848744,0.6068635356206945,128,0.5703125
2c772a570884587c,V2_IL_Q_to_R_KNN,0.02866056002676487,0.03405468557029963,0.04040559567511082,0.04554029740393162,0.05378231406211853,0.06521118879318237,0.08692177690565593,0.09493838250637054,128,
2c772a570884587c,V2_candidate_KNN,0.027821030138710023,0.03834001942250052,0.06080530745837819,0.09322798242342517,0.26331194706111366,0.504790723469323,0.5288822132896449,0.5615958714304814,192,
2c772a570884587c,V2_Q_mahalanobis,1.8183877592992377,2.215218569192015,2.7690919745429863,3.0225229627488477,3.3343889506160433,3.747503708553813,4.023652658104408,4.109492401316179,128,
aee904e6c2c35a90,V1_IL_self_KNN,0.017738813534379005,0.020104444585740566,0.023375531192868948,0.026476651430130005,0.03901944309473038,0.07225277014076706,0.10196717508137224,0.10975458472967148,64,
aee904e6c2c35a90,V1_candidate_KNN,0.058030238659551335,0.07179409140336879,0.08395325233908661,0.11368963752227766,0.6398059436006365,1.2974935185631988,1.4026050952025602,1.4202928686016068,128,0.5234375
aee904e6c2c35a90,V2_IL_Q_to_R_KNN,0.015004495158791542,0.01659955494105816,0.021369997411966324,0.02398141473531723,0.02739923633635044,0.04964943528175353,0.07357087977230549,0.09438812732696533,128,
aee904e6c2c35a90,V2_candidate_KNN,0.01741140453225765,0.021943926254891357,0.054345165655107656,0.0855822082271189,0.46319588402973233,1.2736230848649086,1.4119143312588023,1.4380129514948383,192,
aee904e6c2c35a90,V2_Q_mahalanobis,1.18113707239803,1.6841130188505826,2.097924016595147,2.4640202118044527,2.863654023451057,3.3181256743803353,4.034069463596244,4.076624184783614,128,
0264cfbeb1705e5f,V1_IL_self_KNN,0.029869932681322098,0.03147886656224728,0.04047079011797905,0.04596874490380287,0.053212858736515045,0.06950268894433974,0.09220562867820253,0.11548592150211334,64,
0264cfbeb1705e5f,V1_candidate_KNN,0.03846022206527793,0.05245357827652789,0.08025064445240714,0.1057702597232959,0.7436723894336688,1.5840720873496341,1.6941381051354054,1.7404848727355184,128,0.4296875
0264cfbeb1705e5f,V2_IL_Q_to_R_KNN,0.027230584993958473,0.029529126081615686,0.03346167039126158,0.039153240621089935,0.045457515865564346,0.06725115999579427,0.08390744842588904,0.0899333730340004,128,
0264cfbeb1705e5f,V2_candidate_KNN,0.02936079217489964,0.034563982337585474,0.04727013662295894,0.08124983366755344,0.471358797863011,1.3909247112910927,1.5358286613484582,1.6090660089521578,192,
0264cfbeb1705e5f,V2_Q_mahalanobis,1.534381795790703,2.0812852454110256,2.6315229717062447,3.0159643358518218,3.3324467415971863,3.899706353681522,4.081790634172589,4.7582561408328985,128,
279ff8e3850c54e2,V1_IL_self_KNN,0.0306153055280447,0.031557303853332996,0.038578227162361145,0.04326247423887253,0.0570884570479393,0.08382021971046916,0.13614137843251206,0.19444036483764648,64,
279ff8e3850c54e2,V1_candidate_KNN,0.04512209252991328,0.047744876070483035,0.08009664489651869,0.10564855882042513,0.5882320432035687,0.7081771527063278,0.7286035078895653,0.7366590460476259,128,0.375
279ff8e3850c54e2,V2_IL_Q_to_R_KNN,0.026103710755705833,0.02996752681210637,0.03464511223137379,0.03869151510298252,0.044328718446195126,0.07256314642727374,0.09014280803501609,0.10229925811290741,128,
279ff8e3850c54e2,V2_candidate_KNN,0.030969843034660393,0.03513993952061203,0.051732660990311916,0.07893841504791452,0.3364056159335524,0.6807515264876699,0.7337036146943131,0.7401977514962848,192,
279ff8e3850c54e2,V2_Q_mahalanobis,1.8286942766199332,2.2354089552328307,2.766833146334616,3.089652236111815,3.413954486688158,4.017706147432836,4.842211225079587,5.0131293415480425,128,
7c767d74b5fb5b5e,V1_IL_self_KNN,0.02701287344098091,0.029636186081916094,0.033637876622378826,0.04138181172311306,0.049481386318802834,0.06473153606057166,0.08081172622740268,0.08355255424976349,64,
7c767d74b5fb5b5e,V1_candidate_KNN,0.056645156658826926,0.08213593252616135,0.1847542990967818,0.2462901907434224,0.32433866937257416,0.45328227542839905,0.5403553950640009,0.9595971348356717,128,0.9375
7c767d74b5fb5b5e,V2_IL_Q_to_R_KNN,0.022036593407392502,0.02725003408268094,0.03191009629517794,0.034548308700323105,0.04051710292696953,0.06310218777507542,0.09118115283548832,0.10418955236673355,128,
7c767d74b5fb5b5e,V2_candidate_KNN,0.025590806067191774,0.031685244644167,0.08725208610350393,0.17889915660012254,0.2604253640656148,0.39017045662857897,0.5803746318538557,0.9311656335720487,192,
7c767d74b5fb5b5e,V2_Q_mahalanobis,1.596426886690257,2.018227349178197,2.543008727276836,2.866394651550539,3.3524635907256255,3.9709864074919614,4.251510995213621,4.501527226857484,128,
5daaf9b25cb558f9,V1_IL_self_KNN,0.03772106394171715,0.04096996113657951,0.04722216725349426,0.05552445165812969,0.06792342476546764,0.08445076420903204,0.1148079095035791,0.12449004501104355,64,
5daaf9b25cb558f9,V1_candidate_KNN,0.11294972472601683,0.1723177396190319,0.2273096005659068,0.2929430506065162,0.3402429116956911,0.5097669098028313,0.5391632735872356,0.563542759618928,128,0.984375
5daaf9b25cb558f9,V2_IL_Q_to_R_KNN,0.03316523879766464,0.0373873271048069,0.04177044425159693,0.049381956458091736,0.05721281562000513,0.07927427627146243,0.09186595834791661,0.09937490522861481,128,
5daaf9b25cb558f9,V2_candidate_KNN,0.03618418726653264,0.04254795157529611,0.1145473760254684,0.2022802628855367,0.29179086010723443,0.39555558206271957,0.47180150157907186,0.49706082873899027,192,
5daaf9b25cb558f9,V2_Q_mahalanobis,1.7665897716131727,2.5994346306365204,2.989036962570398,3.330968641769209,3.7039350012019234,4.475159737602249,4.985458946796105,5.18190945458033,128,
864f5df8a94a508e,V1_IL_self_KNN,0.023151790723204613,0.02382992459461093,0.025851585902273655,0.026866438798606396,0.030450589023530483,0.042629388906061626,0.052027815580368036,0.05333111435174942,64,
864f5df8a94a508e,V1_candidate_KNN,0.038157128997811304,0.0428228054442988,0.05238617808278075,0.06310776521302455,0.5617614806176663,0.616986462773323,0.6450164757254776,0.7487007037951315,128,0.6953125
864f5df8a94a508e,V2_IL_Q_to_R_KNN,0.015863241627812386,0.01865661172196269,0.021406992804259062,0.023263833485543728,0.025911355391144753,0.034244467318058,0.04587210573256019,0.050218503922224045,128,
864f5df8a94a508e,V2_candidate_KNN,0.016104803630433515,0.02130713470107869,0.037313465236486765,0.0545849154459946,0.35753800717456335,0.5992195582495768,0.6311963407349266,0.6734237309956608,192,
864f5df8a94a508e,V2_Q_mahalanobis,1.2443672252436342,1.7383748362152365,2.139504968181882,2.4114106473275276,2.774756860426531,3.3122544680970645,3.569239182060567,4.229353376423265,128,
df51d2fef8c25f56,V1_IL_self_KNN,0.032923005521297455,0.038884051889181134,0.04571704287081957,0.05145072937011719,0.059729354456067085,0.09275363273918624,0.10711409911513325,0.11530041694641113,64,
df51d2fef8c25f56,V1_candidate_KNN,0.12267457774278241,0.15270342173187507,0.2118802207955831,0.270488239852165,0.34141706760926116,0.41916480500664954,0.5117299456143733,0.5601876238696967,128,1.0
df51d2fef8c25f56,V2_IL_Q_to_R_KNN,0.03103024698793888,0.03491997439414263,0.03887378331273794,0.044304005801677704,0.05333980359137058,0.07727213725447654,0.09615194246172908,0.10112583637237549,128,
df51d2fef8c25f56,V2_candidate_KNN,0.033803305864557945,0.042823076754475164,0.11927416160157248,0.18858244824822257,0.2701814117286899,0.38353491404797546,0.471407872976385,0.5493517784015907,192,
df51d2fef8c25f56,V2_Q_mahalanobis,1.5264471075907489,1.9069183138695656,2.3516745470960014,2.8418732877194355,3.350947076252416,3.962411555595765,4.954236011146653,5.0256754854100265,128,
ac5b4b33a03c57fe,V1_IL_self_KNN,0.0351308211684227,0.03773597404360771,0.04299306124448776,0.04838278144598007,0.05622222553938627,0.07141692526638506,0.07834180481731891,0.07972116768360138,64,
ac5b4b33a03c57fe,V1_candidate_KNN,0.15841210651638493,0.19460645934948637,0.21317752981252483,0.3131743472982257,0.5276462949904158,0.6218070921522545,0.6749368444619448,0.6838003474789348,128,1.0
ac5b4b33a03c57fe,V2_IL_Q_to_R_KNN,0.026337167248129845,0.02890166491270065,0.03403758816421032,0.03784739412367344,0.04376998543739319,0.06358265914022922,0.07928262665867807,0.1350240409374237,128,
ac5b4b33a03c57fe,V2_candidate_KNN,0.027558761740883536,0.03671527954350408,0.12831473157198273,0.20904403649616485,0.32585916906414775,0.5479910322059376,0.6207771249974787,0.6705382949690044,192,
ac5b4b33a03c57fe,V2_Q_mahalanobis,1.571965383933595,2.0039290360093878,2.481110933750346,2.8350079092036156,3.2038313393080333,3.5662474929174444,3.8584439338979473,3.9572008104852956,128,
99adfd4cd925504d,V1_IL_self_KNN,0.034883659332990646,0.03603696525096893,0.04118345398455858,0.05101539380848408,0.05821412056684494,0.08808367699384682,0.14084743186831467,0.16349434852600098,64,
99adfd4cd925504d,V1_candidate_KNN,0.06048867778360306,0.06355864329195958,0.07199510514778934,0.17394924713297658,0.8083004354808883,0.9515127439041099,1.0187822943686466,1.0305274551149597,128,0.53125
99adfd4cd925504d,V2_IL_Q_to_R_KNN,0.02811351791024208,0.0333106130361557,0.04012908414006233,0.044825419783592224,0.05061736237257719,0.06710541918873786,0.11965656325221076,0.15332674980163574,128,
99adfd4cd925504d,V2_candidate_KNN,0.03165505301361728,0.03853924208654631,0.06462631233639964,0.11207085912241141,0.4508082936489939,0.9083818293209756,0.9767064472796342,1.0467030800560757,192,
99adfd4cd925504d,V2_Q_mahalanobis,1.5877370649083964,2.2922132120409353,2.761642871807828,3.191638023284297,3.630865969772015,4.279988505359157,4.490904406169387,4.57439838070817,128,
1cba0de871fc5bfb,V1_IL_self_KNN,0.00965598039329052,0.010988203668966889,0.012503454927355051,0.014435567427426577,0.015761245042085648,0.017509636376053093,0.026670983675867312,0.028474142774939537,64,
1cba0de871fc5bfb,V1_candidate_KNN,0.034087504610292016,0.046524706510454386,0.07782221864756948,0.12319195074671141,0.322680096835188,0.4467302403158283,0.4586626593395195,0.4827750341961787,128,1.0
1cba0de871fc5bfb,V2_IL_Q_to_R_KNN,0.008946003392338753,0.009996060188859702,0.011248682392761111,0.012562334537506104,0.014307391829788685,0.021514769736677406,0.03737167995423081,0.055830519646406174,128,
1cba0de871fc5bfb,V2_candidate_KNN,0.008952139156898024,0.011020969953133888,0.045563306255714066,0.08749645946479784,0.2069821087818277,0.4119494172160801,0.4527493590076482,0.45422699709550773,192,
1cba0de871fc5bfb,V2_Q_mahalanobis,1.2419328888816858,2.1293067251542346,2.5527540194745377,2.9456388242826534,3.275247662134153,3.895043396330685,4.154562088656842,4.230297486363575,128,
f84ac4472da55b91,V1_IL_self_KNN,0.025621894747018814,0.026585665810853244,0.030441536102443933,0.03459278866648674,0.04055243078619242,0.05406416226178403,0.06473620243370529,0.07513909041881561,64,
f84ac4472da55b91,V1_candidate_KNN,0.0658191250070368,0.07348516735037773,0.08379391043960491,0.15798954658224174,0.2592692157806181,0.38872968765899985,0.42180300009903704,0.4319424389074431,128,0.9375
f84ac4472da55b91,V2_IL_Q_to_R_KNN,0.02095431461930275,0.023566003423184156,0.02620801981538534,0.029347548261284828,0.03390788659453392,0.039889107830822466,0.04411729440093041,0.05396731570363045,128,
f84ac4472da55b91,V2_candidate_KNN,0.018254923730845633,0.0258074001989827,0.06803039019245136,0.09635342553513092,0.18739943580449664,0.37068516416678887,0.3937773427449407,0.42675816164602554,192,
f84ac4472da55b91,V2_Q_mahalanobis,1.3362409850987826,2.0248427832163927,2.5350932645441615,2.8709622723222186,3.270885216617176,3.823828394540674,4.095377442770167,4.352165575482908,128,
bcc74e9eaae05ca4,V1_IL_self_KNN,0.02675512433052063,0.028215335588902234,0.030299937818199396,0.03388882987201214,0.04258835781365633,0.06648615188896655,0.09450313597917542,0.13027818500995636,64,
bcc74e9eaae05ca4,V1_candidate_KNN,0.07708521318634873,0.08059843203132956,0.11472477402793728,0.15555407277105845,0.19870807808130522,0.43531610529834347,0.4830703236087939,0.613873880233125,128,0.6328125
bcc74e9eaae05ca4,V2_IL_Q_to_R_KNN,0.02198958583176136,0.02438735095784068,0.027006251271814108,0.030584401451051235,0.033793091773986816,0.0428477993234992,0.05880100563168532,0.0647125393152237,128,
bcc74e9eaae05ca4,V2_candidate_KNN,0.02230054336994524,0.02654624738998745,0.07081777043736437,0.11417175492144284,0.17819484837536298,0.4129197239757218,0.5015124151643737,0.620953258128244,192,
bcc74e9eaae05ca4,V2_Q_mahalanobis,2.2266837533408705,2.5060242910117916,2.913899757659054,3.216409422774941,3.5800063166703415,4.189960691626337,4.311275962688434,4.349504970361621,128,
4fe8a056f88154d5,V1_IL_self_KNN,0.03797685727477074,0.04360372759401798,0.047125437296926975,0.05151672847568989,0.057928428053855896,0.07549265846610068,0.1130025146901606,0.15089747309684753,64,
4fe8a056f88154d5,V1_candidate_KNN,0.11234887764936316,0.17407992222852903,0.27115834991278276,0.3203880382479217,0.40758216504887096,0.8655771964648998,0.9509958189808568,0.9886680948781628,128,0.984375
4fe8a056f88154d5,V2_IL_Q_to_R_KNN,0.03689701110124588,0.04029425755143166,0.044371187686920166,0.04848044738173485,0.054264217615127563,0.0684201844036579,0.08985974386334424,0.09372309595346451,128,
4fe8a056f88154d5,V2_candidate_KNN,0.03539524698894651,0.04521277230736657,0.14313730506410463,0.230844099293454,0.3256774944354066,0.7834843306778256,0.9378249792922081,0.9744730169043802,192,
4fe8a056f88154d5,V2_Q_mahalanobis,2.544922324856714,2.679837377291281,2.9864644626196757,3.3952562249565306,3.6754777010141617,4.336910351984312,4.903009669849123,5.039974491997861,128,
16ff52ac5d085cac,V1_IL_self_KNN,0.022043894976377487,0.02648106012493372,0.030941737350076437,0.03625445254147053,0.042622034437954426,0.05809019766747949,0.0671096273511648,0.07281259447336197,64,
16ff52ac5d085cac,V1_candidate_KNN,0.12106215177946864,0.14479492420061288,0.19138625212961158,0.30007158239573806,0.7704574252344617,1.3395493382008627,1.4947197783123047,1.5606763402417703,128,1.0
16ff52ac5d085cac,V2_IL_Q_to_R_KNN,0.021045900881290436,0.022868052870035172,0.027389913331717253,0.03003885969519615,0.0334079097956419,0.04177049603313206,0.07291847076267016,0.10928390175104141,128,
16ff52ac5d085cac,V2_candidate_KNN,0.02260920545321107,0.027205884233976452,0.11367268061307653,0.22508673083100098,0.4826262351799833,1.224750103073504,1.3714738033630243,1.4770143039758488,192,
16ff52ac5d085cac,V2_Q_mahalanobis,1.9672745672027794,2.2745787979184784,2.6117438332598972,2.929225542322978,3.3225898587856904,3.8606957223619163,4.042711246146051,4.068206311667542,128,
584a14a3e42050c4,V1_IL_self_KNN,0.02733939327299595,0.03011959819123149,0.03440500609576702,0.03888165391981602,0.04853957239538431,0.06785096004605291,0.10763866461813441,0.12820987403392792,64,
584a14a3e42050c4,V1_candidate_KNN,0.08323852719109277,0.10936704707130256,0.14158399787379689,0.21132972974060737,0.36930564854543363,0.5469646238177969,0.5671026104810123,0.6973232019258306,128,0.8125
584a14a3e42050c4,V2_IL_Q_to_R_KNN,0.022726524621248245,0.025505346339195968,0.02879986260086298,0.0315169058740139,0.037325126118957996,0.07649009227752684,0.10511571675539018,0.15680649876594543,128,
584a14a3e42050c4,V2_candidate_KNN,0.024073165951938404,0.02910143361190401,0.083503450717696,0.14729734538646572,0.23695828548319448,0.5163626921126911,0.5813314979934968,0.7262548083247765,192,
584a14a3e42050c4,V2_Q_mahalanobis,1.3612021565651138,1.8738217656869933,2.4479905928492864,2.806425346229866,3.2422931635133825,3.6759430132683266,4.172709236301829,4.269051527573704,128,
4a5834900788560a,V1_IL_self_KNN,0.02839013934135437,0.031038367561995982,0.03512156195938587,0.04056045599281788,0.048965941183269024,0.06856095232069491,0.08416898705065248,0.08884282410144806,64,
4a5834900788560a,V1_candidate_KNN,0.3638646253659832,0.41598649476842164,0.4618706190908501,0.5082404810876309,0.6521425301146646,1.2104742449992467,1.84430753959684,4.237908998030191,128,1.0
4a5834900788560a,V2_IL_Q_to_R_KNN,0.022784212604165077,0.025717038568109273,0.029458610340952873,0.033295560628175735,0.039893701672554016,0.05363218132406472,0.07230260923504832,0.08418689668178558,128,
4a5834900788560a,V2_candidate_KNN,0.023970609698928332,0.030553347824740364,0.20369019392620938,0.4248213785178375,0.4975313762090467,1.0595466334592472,1.2322046988706423,1.3802057298169956,192,
4a5834900788560a,V2_Q_mahalanobis,1.6330202566481518,2.1454947686200714,2.6505179997550203,3.0234127114649256,3.438384513383219,3.9578166877974823,4.15192574987402,4.170090675772009,128,
e6046882cf485f3a,V1_IL_self_KNN,0.022658342495560646,0.024230254255235194,0.029007671400904655,0.03311618231236935,0.03895978722721338,0.06851845197379587,0.1064081632345913,0.15027770400047302,64,
e6046882cf485f3a,V1_candidate_KNN,0.04854771917731828,0.12767919464542604,0.24187224220535958,0.38507001149666154,0.4981869116189622,0.9234567461720536,1.0091245951903334,1.1332235049289658,128,0.8359375
e6046882cf485f3a,V2_IL_Q_to_R_KNN,0.01761433482170105,0.021348327957093717,0.02501318557187915,0.028812650591135025,0.03448021784424782,0.05546899810433387,0.13479505367577102,0.15296635031700134,128,
e6046882cf485f3a,V2_candidate_KNN,0.01934110831823146,0.025862612650017804,0.09601837609528076,0.2180240133594299,0.353702662522413,0.8115598708928147,0.9783302415642544,1.1325048826345208,192,
e6046882cf485f3a,V2_Q_mahalanobis,1.5186164880425967,1.7683626361622018,2.4363706670085423,2.7950457768763943,3.1427530055065875,3.7971833568062743,4.366965305755815,6.595835872009708,128,
873f4bc746a55d13,V1_IL_self_KNN,0.05921599268913269,0.06251712329685688,0.06998365372419357,0.07567165419459343,0.08929000794887543,0.10461215302348137,0.11452837288379665,0.12440614402294159,64,
873f4bc746a55d13,V1_candidate_KNN,0.07795564319665504,0.10759679735616072,0.13841021497319056,0.23549635001820837,0.5913127325114037,0.7189608383188398,0.779618735586975,0.9829423328768924,128,0.8125
873f4bc746a55d13,V2_IL_Q_to_R_KNN,0.040378108620643616,0.04547130689024925,0.05265071149915457,0.060507602989673615,0.0692381951957941,0.09050359837710857,0.10592337980866433,0.12650980055332184,128,
873f4bc746a55d13,V2_candidate_KNN,0.045120851183416105,0.05780179912026509,0.10877996553816172,0.16209952764680385,0.33352224306684736,0.6842299082946296,0.7584061596943774,0.9971310389631057,192,
873f4bc746a55d13,V2_Q_mahalanobis,2.066168997418984,2.5889430669521927,3.0170378909275515,3.392948447576778,3.7569342228228413,4.5333974507113375,5.144780396472698,5.549217028878804,128,
96886b2d240e5275,V1_IL_self_KNN,0.025853702798485756,0.02942547304555774,0.03367060609161854,0.03683014027774334,0.046666089445352554,0.08943045958876596,0.11355225905776013,0.13865789771080017,64,
96886b2d240e5275,V1_candidate_KNN,0.033712353957570364,0.0391352883895322,0.07384053244593121,0.14478212220110026,0.2887134257712727,0.5054372108870535,0.5271426308245546,0.5409472316021866,128,0.5546875
96886b2d240e5275,V2_IL_Q_to_R_KNN,0.020208176225423813,0.02338336743414402,0.02729061571881175,0.030737869441509247,0.037627181969583035,0.06225655023008583,0.06961928747594358,0.13626378774642944,128,
96886b2d240e5275,V2_candidate_KNN,0.02288834544458038,0.02970393367865301,0.0401464123032937,0.08031518700996187,0.20197613913792634,0.43373889233181045,0.4857751106883237,0.49428415235095835,192,
96886b2d240e5275,V2_Q_mahalanobis,0.8560842216137998,1.877221385913955,2.3032682455996185,2.6073205010321967,3.0018692433711553,3.526635804314856,4.061015225159549,4.361576196359445,128,
190b153cfd3b5302,V1_IL_self_KNN,0.02024623565375805,0.02210400961339474,0.025813990272581577,0.031268500722944736,0.03821721859276295,0.06952957622706887,0.10151253081858155,0.10667073726654053,64,
190b153cfd3b5302,V1_candidate_KNN,0.03633204265405422,0.04148957039332787,0.08270122359713478,0.17226970477325798,0.268498752267013,0.3900480629274817,0.42650695865549115,0.43588117900350143,128,0.625
190b153cfd3b5302,V2_IL_Q_to_R_KNN,0.015925174579024315,0.01943062711507082,0.022657427936792374,0.02620527520775795,0.02983473101630807,0.04263628888875243,0.051240653134882456,0.06005845218896866,128,
190b153cfd3b5302,V2_candidate_KNN,0.01938848152837957,0.023285201303065578,0.03962376446063752,0.08439245374146226,0.17320278117004412,0.36326051266901405,0.41336158402344714,0.4326777013548916,192,
190b153cfd3b5302,V2_Q_mahalanobis,0.9947966961172106,1.5212817709652278,1.899738686432184,2.179104106091428,2.5467913738465877,3.132985675151946,4.08441200787169,4.4217889194995195,128,
e1b0455379fd5adf,V1_IL_self_KNN,0.03034660778939724,0.03195594195276499,0.03741072863340378,0.045852500945329666,0.05405878275632858,0.07250933274626732,0.0765649354457855,0.080970898270607,64,
e1b0455379fd5adf,V1_candidate_KNN,0.12563188737115794,0.13634043742158922,0.15388439440271978,0.21453393192556397,0.33540188449174224,0.8674201991663979,0.9889979159217475,1.063923822951946,128,1.0
e1b0455379fd5adf,V2_IL_Q_to_R_KNN,0.025311565026640892,0.02919568298384547,0.03515670262277126,0.040751099586486816,0.04722260031849146,0.06299431398510932,0.0689660008251667,0.09584556519985199,128,
e1b0455379fd5adf,V2_candidate_KNN,0.025754523296132297,0.03375220294243828,0.08578188803858863,0.14136308577837137,0.25508545174082015,0.7488875939097681,0.8245994302065132,0.9396149186044365,192,
e1b0455379fd5adf,V2_Q_mahalanobis,1.5750016129977844,2.218291510898286,2.744498975099709,3.122276668711611,3.4019228095361074,3.984697250792751,4.314149095716575,4.574807957305164,128,
a801ebe0c8a55faf,V1_IL_self_KNN,0.027757298201322556,0.03020058274269104,0.036482528783380985,0.04146638885140419,0.04975581355392933,0.0651624511927366,0.1030059053748846,0.10473375022411346,64,
a801ebe0c8a55faf,V1_candidate_KNN,0.1757516343174816,0.1998873489202462,0.27094270840831675,0.35072803309071554,0.42639993746086835,0.45559141677912157,0.5226865758570588,0.5679608599148913,128,1.0
a801ebe0c8a55faf,V2_IL_Q_to_R_KNN,0.020619915798306465,0.02396412380039692,0.02783669577911496,0.03452169895172119,0.04277383163571358,0.057687687315046754,0.08101109266281128,0.09877698123455048,128,
a801ebe0c8a55faf,V2_candidate_KNN,0.02266643079140614,0.029412268695435353,0.11265901856484141,0.2242220920238902,0.3456829987715413,0.42762592189627985,0.48215428489704376,0.5629277782419282,192,
a801ebe0c8a55faf,V2_Q_mahalanobis,1.6861477719329652,2.051635967344607,2.4208548899545224,2.7071399397588323,3.0459698700598725,4.126069237876555,4.9330738407990165,8.300731991399205,128,
8caca31e4dc357be,V1_IL_self_KNN,0.04886382445693016,0.05100190844386816,0.058756507001817226,0.06646768003702164,0.07267129048705101,0.09406686462461948,0.0975618477910757,0.0983528345823288,64,
8caca31e4dc357be,V1_candidate_KNN,0.1323816756588802,0.16286581291024615,0.18282015687704256,0.2789523038396701,0.41039296997977304,1.1245995647532212,1.21258954883777,1.2307481294305445,128,1.0
8caca31e4dc357be,V2_IL_Q_to_R_KNN,0.041426170617341995,0.04408931750804186,0.05018448829650879,0.05444230139255524,0.05949126463383436,0.08068282864987848,0.08870882138609887,0.10845456272363663,128,
8caca31e4dc357be,V2_candidate_KNN,0.038146289595313014,0.05027472571732967,0.12199695904643441,0.16721978998431228,0.30419590971115934,0.9996031158869828,1.1427827119295282,1.2231452704398005,192,
8caca31e4dc357be,V2_Q_mahalanobis,1.4502165793807378,2.3256345886397165,2.717616798243753,3.10593210182106,3.4778565250310978,4.196073264376826,4.5477134070164436,4.675971274375304,128,
a8263f179cca558d,V1_IL_self_KNN,0.013789480552077293,0.015259433537721634,0.01950313476845622,0.023473666049540043,0.02893217233940959,0.03951849360018967,0.050579865016043175,0.05251244455575943,64,
a8263f179cca558d,V1_candidate_KNN,0.056420670010853234,0.06324131394792003,0.07674061165299363,0.11587424936370347,0.5233616523742867,0.7131814144415507,0.7403056182931562,0.7565194005217277,128,1.0
a8263f179cca558d,V2_IL_Q_to_R_KNN,0.011670625768601894,0.013626936683431267,0.015595785342156887,0.0184976477175951,0.02248370135203004,0.03407438099384308,0.07694287132471814,0.10662597417831421,128,
a8263f179cca558d,V2_candidate_KNN,0.011705591367508986,0.014842015903490326,0.06238044428283539,0.09026031657055267,0.310981224181766,0.6617970804031615,0.7226600392691068,0.7426313319246164,192,
a8263f179cca558d,V2_Q_mahalanobis,0.8031787051609164,1.4790554029992955,2.0630351980222894,2.3679652433355525,2.6398376096337643,3.232703329220039,3.6621011942797206,3.7968875338362302,128,
22dddd249c8e5fe4,V1_IL_self_KNN,0.03929604962468147,0.0403106452897191,0.044242688454687595,0.04712440446019173,0.05241513438522816,0.06485395841300487,0.06753564268350601,0.06869078427553177,64,
22dddd249c8e5fe4,V1_candidate_KNN,0.1903272914480532,0.23435614194311147,0.2584759532230926,0.2912715098915841,0.8872578756698873,1.084698605188005,1.1331826233040905,1.3159374435731723,128,1.0
22dddd249c8e5fe4,V2_IL_Q_to_R_KNN,0.02816540002822876,0.03406520187854767,0.03781042620539665,0.041747214272618294,0.04551807977259159,0.055267265997827046,0.06436501588672401,0.08788181841373444,128,
22dddd249c8e5fe4,V2_candidate_KNN,0.030098583170464665,0.03750144319618286,0.14289833943675107,0.24558097261532422,0.4807510333413597,0.9895692229950638,1.0969501184716968,1.125100175093586,192,
22dddd249c8e5fe4,V2_Q_mahalanobis,1.9060594951450747,2.5899325956461023,3.169650742750282,3.613754292793346,3.907128034572758,4.396879582659514,4.621722644257373,5.122363924893177,128,
bcd578c19d9857ea,V1_IL_self_KNN,0.02538100816309452,0.028096991777420043,0.03357498720288277,0.035461097955703735,0.03889929689466953,0.05211905706673859,0.06837273396551602,0.08734239637851715,64,
bcd578c19d9857ea,V1_candidate_KNN,0.10022610163007525,0.1196463183306728,0.13747836917560102,0.22981419775441558,0.4284456904846669,0.5904593375676004,0.6362528046585921,0.6447330699335241,128,1.0
bcd578c19d9857ea,V2_IL_Q_to_R_KNN,0.02113502472639084,0.023453983198851346,0.026778788305819035,0.029441257007420063,0.0346804978325963,0.044960383325815194,0.051595679074525835,0.10095057636499405,128,
bcd578c19d9857ea,V2_candidate_KNN,0.022109023070514173,0.025140392530686964,0.08808669935647047,0.13428841003777225,0.2665146668153592,0.5432758904481017,0.5791313907849034,0.6186296227918372,192,
bcd578c19d9857ea,V2_Q_mahalanobis,1.786591232730518,2.2265673719927332,2.770503820311846,3.1285667236173254,3.6425455983953814,4.190274393491014,4.748660188040673,5.251792916678123,128,
c4c0b5cb93d85645,V1_IL_self_KNN,0.03536168113350868,0.039050860889256,0.04180928971618414,0.04593316279351711,0.058556812815368176,0.07509664483368396,0.08392344459891314,0.0955212265253067,64,
c4c0b5cb93d85645,V1_candidate_KNN,0.07533298342801335,0.0905563634267436,0.13513909312560723,0.21945142189388417,1.298933816469435,1.6024231349441145,1.7307444172008055,1.7562692743956396,128,0.8828125
c4c0b5cb93d85645,V2_IL_Q_to_R_KNN,0.031028753146529198,0.03209525216370821,0.03677624650299549,0.042760442942380905,0.04974474851042032,0.06120296977460383,0.077277429997921,0.08940419554710388,128,
c4c0b5cb93d85645,V2_candidate_KNN,0.029767061384228504,0.03774551222126705,0.07102061443218854,0.15427928026613158,0.8925067667497245,1.429412560891941,1.5800983019474653,1.727616830426268,192,
c4c0b5cb93d85645,V2_Q_mahalanobis,1.867604102853996,2.0434645921821932,2.559647311786417,2.917961137289028,3.222517813484927,3.99854039541088,4.497501126640956,4.668929474351442,128,
0fae6a22120d5bc2,V1_IL_self_KNN,0.01862175390124321,0.02004262963309884,0.021762377116829157,0.023764734156429768,0.027309525292366743,0.061520383507013304,0.07850202195346355,0.07999006658792496,64,
0fae6a22120d5bc2,V1_candidate_KNN,0.15921650961737227,0.27133422548509295,0.41757609432812953,0.4789780122138432,0.5544238108400016,0.7584275594466051,0.7870810746613346,0.7977813631769697,128,1.0
0fae6a22120d5bc2,V2_IL_Q_to_R_KNN,0.014571825042366982,0.017285884451121093,0.019733507186174393,0.022996164858341217,0.027319265995174646,0.03755680937319993,0.05314995076507334,0.05635657161474228,128,
0fae6a22120d5bc2,V2_candidate_KNN,0.01873800763391229,0.021582204941080926,0.1601912022081063,0.30153918177059613,0.4544259358010079,0.7298854384167631,0.7556464004222347,0.7853871204543423,192,
0fae6a22120d5bc2,V2_Q_mahalanobis,1.338152408535289,2.402974291316647,3.0362363259184635,3.4344943277949596,3.7893947715883876,4.6732643055375185,5.250899207010504,5.551495596592686,128,
9d67b6d20a0256c3,V1_IL_self_KNN,0.020275715738534927,0.022604996152222157,0.024638984352350235,0.028229162096977234,0.03560663852840662,0.06217541750520466,0.0710537278652191,0.07508348673582077,64,
9d67b6d20a0256c3,V1_candidate_KNN,0.23247407138315457,0.25094317222976803,0.33555345132789505,0.7437165051161234,0.8061610572281822,0.8663208407563611,0.9118548871880859,0.9294771416462488,128,1.0
9d67b6d20a0256c3,V2_IL_Q_to_R_KNN,0.015215158462524414,0.01719315191730857,0.020306517370045185,0.022769588977098465,0.02898792177438736,0.053216222114860996,0.06553637862205507,0.1441234052181244,128,
9d67b6d20a0256c3,V2_candidate_KNN,0.015164976316903778,0.021091044825633527,0.1535408155341794,0.33621762752300155,0.7745560804533914,0.8502744483396625,0.8872076408405231,0.9360103359611724,192,
9d67b6d20a0256c3,V2_Q_mahalanobis,1.3100980417483352,1.9219925353617098,2.451255498548731,2.835448568987842,3.2301806312491133,3.8204539415379055,4.406701169888676,5.192237456452579,128,
548d6bf7b63459e7,V1_IL_self_KNN,0.03383063152432442,0.035471128113567826,0.04321391228586435,0.05293722450733185,0.05978191737085581,0.0762915063649416,0.12468401797115794,0.14815406501293182,64,
548d6bf7b63459e7,V1_candidate_KNN,0.12838947040902168,0.15191394077304723,0.17437597657791046,0.22130556426395212,0.3023620809785478,0.4111342996538204,0.5020867416295328,0.5272360927951962,128,0.96875
548d6bf7b63459e7,V2_IL_Q_to_R_KNN,0.030336469411849976,0.03467742316424847,0.0393351074308157,0.04442416690289974,0.05169977806508541,0.06695536114275455,0.07993662469089031,0.08078659325838089,128,
548d6bf7b63459e7,V2_candidate_KNN,0.03275766935038209,0.04200118205001166,0.09929239948330057,0.15869684891998778,0.22771665275575806,0.34968353194621743,0.41013128466949056,0.5013376879317377,192,
548d6bf7b63459e7,V2_Q_mahalanobis,1.5978003513360615,2.089496823459675,2.588360141725814,2.923313472028276,3.338542507300504,3.8514581808246993,4.193246299912495,4.316649724127436,128,
0f44c6e6440654d0,V1_IL_self_KNN,0.027049005031585693,0.030359656922519206,0.03718685545027256,0.04228525049984455,0.045703938230872154,0.05773758944123982,0.07399128396064034,0.09782383590936661,64,
0f44c6e6440654d0,V1_candidate_KNN,0.056037256983335434,0.0886959465900387,0.11313926264541622,0.13657519422140557,0.5693080288604578,0.6203364745569355,0.657620960048582,1.381584435776956,128,0.8828125
0f44c6e6440654d0,V2_IL_Q_to_R_KNN,0.02535051666200161,0.02876685978844762,0.03143887408077717,0.03529810532927513,0.04170651827007532,0.05922565292567015,0.09165061123669155,0.09989181160926819,128,
0f44c6e6440654d0,V2_candidate_KNN,0.028833444889538058,0.03337608409207626,0.07219029062762262,0.11876868412093068,0.3347262053693493,0.5969998203083431,0.6296804560225818,1.3411525524973253,192,
0f44c6e6440654d0,V2_Q_mahalanobis,2.366632288274076,2.5761355617753074,3.088384546666305,3.399037060305462,3.8085326944766154,4.364598908696411,4.824203211291926,5.1612241274580715,128,
85fb576381c15527,V1_IL_self_KNN,0.030228620395064354,0.03556011989712715,0.038349928334355354,0.04413640685379505,0.05361380334943533,0.0740863140672445,0.0906626216322183,0.103349469602108,64,
85fb576381c15527,V1_candidate_KNN,0.19045821234139915,0.2081271640125558,0.2595090155008523,0.5362430337153106,0.6083252477955526,0.7416099715749658,0.7739721091373658,0.7756118022963803,128,1.0
85fb576381c15527,V2_IL_Q_to_R_KNN,0.026529725641012192,0.029779069032520054,0.033460479229688644,0.03836738504469395,0.04213735833764076,0.05476873181760309,0.06891977764666085,0.07178746163845062,128,
85fb576381c15527,V2_candidate_KNN,0.02812405030884199,0.035160450679794,0.11961104090707256,0.2373165849170965,0.49207034340820177,0.638408427478449,0.6968301730919458,0.7045884073831657,192,
85fb576381c15527,V2_Q_mahalanobis,1.5563837245771919,2.161558095751949,2.5189931325206576,2.7232207917347404,3.0965023450443168,3.507751929559047,3.7664171100305484,4.124156170712504,128,
d79d2c9951f35626,V1_IL_self_KNN,0.029500147327780724,0.031228445749729872,0.039080302231013775,0.045241085812449455,0.05132730957120657,0.06281554624438285,0.10635020859539508,0.10857979953289032,64,
d79d2c9951f35626,V1_candidate_KNN,0.1209082442282657,0.14430157146339107,0.1906795314130724,0.23266251678975555,0.46823103389775916,0.9387765546139967,1.0118848343305618,1.0804257465412668,128,1.0
d79d2c9951f35626,V2_IL_Q_to_R_KNN,0.027252143248915672,0.030192282516509295,0.03436415456235409,0.03849299997091293,0.043272556737065315,0.06654516085982322,0.0813940162211657,0.09781910479068756,128,
d79d2c9951f35626,V2_candidate_KNN,0.03165242788875007,0.035759699228247926,0.13019263545212556,0.17729943753114052,0.3693812056485595,0.788101452473425,0.9520162312791,0.9757592682467096,192,
d79d2c9951f35626,V2_Q_mahalanobis,2.0576140798172515,2.315945488747751,2.6311589239289432,3.0140872691990857,3.3331490974053644,3.8139399756688173,4.0228201565682,4.2098929030702426,128,
980c4467fdf156c4,V1_IL_self_KNN,0.045463431626558304,0.0497683010995388,0.05415047146379948,0.06424804031848907,0.07890022546052933,0.1147954128682613,0.1454110495746135,0.15816761553287506,64,
980c4467fdf156c4,V1_candidate_KNN,0.16612903934129825,0.19169793061298712,0.25045060212693226,0.2980206652842334,0.3742369942218924,0.8734298392206212,0.9571717742388767,0.9700191213632557,128,1.0
980c4467fdf156c4,V2_IL_Q_to_R_KNN,0.040135983377695084,0.04346184432506561,0.04882093146443367,0.05292121879756451,0.060721732676029205,0.08735157176852225,0.10588736243546014,0.12084732204675674,128,
980c4467fdf156c4,V2_candidate_KNN,0.034369273069396127,0.050753665817849875,0.15639633457444738,0.23698307474888342,0.3336537765517925,0.7780164319169095,0.9367762313108471,0.9787645591721077,192,
980c4467fdf156c4,V2_Q_mahalanobis,1.8567214750290746,2.21922444866266,2.6217503061773035,2.9371335399931455,3.2613692538304204,3.9156964727357098,4.218523797625041,4.85445250837446,128,
11ceee170b09535e,V1_IL_self_KNN,0.027998870238661766,0.030351298674941064,0.0355695653706789,0.04048899561166763,0.04667956382036209,0.062641360796988,0.07043694898486137,0.07122457027435303,64,
11ceee170b09535e,V1_candidate_KNN,0.4686480266263717,0.49973812656645106,0.8853467864359564,1.1488647009960178,1.3107972291103773,1.4259664116002915,1.4847623746760328,1.5567838592842607,128,1.0
11ceee170b09535e,V2_IL_Q_to_R_KNN,0.023482060059905052,0.0252528365701437,0.029757595155388117,0.03265445493161678,0.03809376619756222,0.05405333172529935,0.06555367738008501,0.07549967616796494,128,
11ceee170b09535e,V2_candidate_KNN,0.023609978561367574,0.02828953820404489,0.3070159969448312,0.7404099948261373,1.2048199354842128,1.4385258471609128,1.5306881892885567,1.6245703527642081,192,
11ceee170b09535e,V2_Q_mahalanobis,1.6991134288671252,2.075966313392464,2.4962650597860434,2.829988045331584,3.1509420627461875,3.717968603402482,3.8989904065017273,4.271438558683025,128,
c550cadc4a515e6b,V1_IL_self_KNN,0.02586841955780983,0.029165636468678712,0.03446800634264946,0.03918180428445339,0.0457009244710207,0.05607476923614739,0.07005755946040153,0.07080462574958801,64,
c550cadc4a515e6b,V1_candidate_KNN,0.07056117807511561,0.07417577683882813,0.09818451379025941,0.15781075784440285,0.9108163604969743,1.5016750843117108,1.6523066345130553,1.6782744527224343,128,0.9921875
c550cadc4a515e6b,V2_IL_Q_to_R_KNN,0.02491922676563263,0.02623370010405779,0.030032501555979252,0.033792225643992424,0.03883654158562422,0.05282926261425018,0.0777719323337079,0.1500900685787201,128,
c550cadc4a515e6b,V2_candidate_KNN,0.022988469646532367,0.03199231108017464,0.07352198701867792,0.11525806662533222,0.6049498063074007,1.306543604456664,1.473928633618389,1.6382133309673068,192,
c550cadc4a515e6b,V2_Q_mahalanobis,1.954835486823325,2.22412773587173,2.770952268356198,3.055941178545245,3.5246130980982,4.162860286121856,4.562821220612642,4.682814704261843,128,
4fdf21ae819f5cf9,V1_IL_self_KNN,0.03411787748336792,0.039641532488167285,0.045727796852588654,0.052620356902480125,0.059499782510101795,0.09564396739006036,0.14667031735181796,0.1772177517414093,64,
4fdf21ae819f5cf9,V1_candidate_KNN,0.07634142213180631,0.08612991223973832,0.16030745775645006,0.22446370869731763,0.28914549469154716,0.47955628785986265,0.5476899300448389,1.077913650779109,128,0.6640625
4fdf21ae819f5cf9,V2_IL_Q_to_R_KNN,0.02605048380792141,0.03195094801485539,0.04006428737193346,0.045529402792453766,0.05480464920401573,0.08283226862549782,0.10193690329790116,0.1459306925535202,128,
4fdf21ae819f5cf9,V2_candidate_KNN,0.02704430012733957,0.04007468826972811,0.07999348962974927,0.14749648602617899,0.2328766654376363,0.4489820287796943,0.5108270283141968,1.0443746225517745,192,
4fdf21ae819f5cf9,V2_Q_mahalanobis,1.5885268538082338,1.9741164199958063,2.456047356589434,2.8678697549227987,3.3980399359362132,4.2158183449734175,5.9444453255534855,7.197674627988549,128,
9af521b071b75ede,V1_IL_self_KNN,0.011475210078060627,0.012236608238890768,0.014020760077983141,0.016190814785659313,0.0206808322109282,0.031856046337634315,0.05818870577961204,0.06330295652151108,64,
9af521b071b75ede,V1_candidate_KNN,0.07943159304647142,0.08906872364648043,0.14199750048586005,0.27343119077172406,0.5222282052192455,0.5791211144012647,0.5920256887881374,0.630458085577858,128,1.0
9af521b071b75ede,V2_IL_Q_to_R_KNN,0.008786739781498909,0.011146372323855758,0.012882156763225794,0.014654361642897129,0.016854956280440092,0.02702421005815267,0.07831496942788373,0.10308468341827393,128,
9af521b071b75ede,V2_candidate_KNN,0.010842566669138843,0.013142841282506508,0.07005607231550835,0.15660629932269698,0.3296454784231029,0.5625479081371565,0.5853195463698047,0.6273946821539832,192,
9af521b071b75ede,V2_Q_mahalanobis,1.875219667071247,2.133915777607996,2.724048489101109,3.0177654826259053,3.415285430988784,4.2284652352925916,4.714135788589493,4.780979120735646,128,
94fd2d5eaaff5125,V1_IL_self_KNN,0.03151419013738632,0.03260782603174448,0.03920540865510702,0.045571357011795044,0.050852579064667225,0.06686672028154131,0.08638986133038996,0.09044227749109268,64,
94fd2d5eaaff5125,V1_candidate_KNN,0.2913032883229221,0.32193389062642724,0.3520586764895963,0.40296155371507514,0.6745363564696873,1.0462465574113726,1.1371298239522234,1.2070290147404488,128,1.0
94fd2d5eaaff5125,V2_IL_Q_to_R_KNN,0.027769815176725388,0.029389180615544318,0.03539696801453829,0.03980754874646664,0.04624979943037033,0.05859837364405393,0.07821107447147374,0.09061860293149948,128,
94fd2d5eaaff5125,V2_candidate_KNN,0.02808428190397509,0.03473951638959836,0.19092548451163238,0.33054014200690185,0.4795273572340407,0.9657691604218105,1.1030112088283894,1.183959618326597,192,
94fd2d5eaaff5125,V2_Q_mahalanobis,1.7333299999144667,2.061336331162182,2.569109184100885,2.8760308320173467,3.180989067926735,3.630095042935707,4.08756338429823,4.183949488005524,128,
3bfe55c892ef5093,V1_IL_self_KNN,0.031394630670547485,0.03670036196708679,0.04231886751949787,0.04806635342538357,0.05734692420810461,0.08262550644576545,0.1109735818207263,0.1362713873386383,64,
3bfe55c892ef5093,V1_candidate_KNN,0.07349429544114008,0.09886787696968706,0.13488077693496855,0.1689937776585104,0.3788659323378407,0.7996549929437312,1.0368671817275494,1.0576540086675965,128,0.75
3bfe55c892ef5093,V2_IL_Q_to_R_KNN,0.024694865569472313,0.026350540202111007,0.032214924693107605,0.03709019534289837,0.04460884630680084,0.05854938272386789,0.07991900540888312,0.09616155922412872,128,
3bfe55c892ef5093,V2_candidate_KNN,0.02636843380373747,0.0354816595189445,0.08089495444800728,0.14844977576170926,0.27566988064067616,0.6846022291578766,0.953541191708127,1.0799601748531487,192,
3bfe55c892ef5093,V2_Q_mahalanobis,1.6654726362394707,1.9561053288169166,2.429875139238764,2.805737446022794,3.0294728987744777,3.623817120887508,3.984305695079671,4.1928147337908275,128,
76c61e8e77975178,V1_IL_self_KNN,0.03009951114654541,0.03408777378499508,0.043391901068389416,0.05095360986888409,0.056565819308161736,0.06763455271720886,0.09425900176167479,0.1161898598074913,64,
76c61e8e77975178,V1_candidate_KNN,0.12153436546166818,0.1494837231387546,0.18367493135843566,0.22212350229742556,0.584418865060412,0.6831411937693542,0.7093907252622522,0.72711610809204,128,1.0
76c61e8e77975178,V2_IL_Q_to_R_KNN,0.026893120259046555,0.029918474797159433,0.03529213462024927,0.03928805887699127,0.0452948696911335,0.06202007401734589,0.0753521575033665,0.1122979149222374,128,
76c61e8e77975178,V2_candidate_KNN,0.027248491125358987,0.035040423416352516,0.09895983316070811,0.16739322515463004,0.32150882968008,0.6405119851058438,0.6887825433906887,0.7129427493255809,192,
76c61e8e77975178,V2_Q_mahalanobis,1.640433214449394,1.9473076600651575,2.381847706601489,2.839837735963717,3.1013841654364795,3.7163764769749643,4.262929278318616,4.589517405379524,128,
6aa0f931a89f5d9a,V1_IL_self_KNN,0.02554353140294552,0.02649238146841526,0.031767258420586586,0.03622034005820751,0.04225525073707104,0.05251480937004088,0.06638660889118904,0.0806463360786438,64,
6aa0f931a89f5d9a,V1_candidate_KNN,0.12705755973138255,0.13486794093581625,0.23055373244831914,0.27672213139690005,0.36619768213090753,0.45056460507984925,0.5097856038731879,0.6033158366352327,128,1.0
6aa0f931a89f5d9a,V2_IL_Q_to_R_KNN,0.01996493712067604,0.0225803604349494,0.0268756621517241,0.030516114085912704,0.036986496299505234,0.04798340536653995,0.06462178513407708,0.06873819977045059,128,
6aa0f931a89f5d9a,V2_candidate_KNN,0.02346004876600863,0.02929254513293713,0.10093184576520894,0.19165608421337849,0.2702694529680025,0.38400542955877115,0.45448958218957086,0.5592980138457799,192,
6aa0f931a89f5d9a,V2_Q_mahalanobis,1.6149691839899012,2.0417072893012373,2.587996857629877,2.97770263464012,3.318732939317041,3.8312396873457013,4.236433185210203,4.439636425697981,128,
7f3aa59671c45291,V1_IL_self_KNN,0.02090824767947197,0.023815308604389428,0.028272761031985283,0.03609165549278259,0.04935229383409023,0.06600483916699887,0.13799325130879866,0.16738103330135345,64,
7f3aa59671c45291,V1_candidate_KNN,0.08301706368034847,0.09341506779110338,0.11201640097453328,0.13974030625682402,0.23768516145778912,0.3957922232569649,0.43512306327608846,0.44380910402231005,128,0.4375
7f3aa59671c45291,V2_IL_Q_to_R_KNN,0.015713220462203026,0.01984516456723213,0.022951459046453238,0.025889677926898003,0.03142455033957958,0.05308281108736992,0.07950633883476257,0.11082033812999725,128,
7f3aa59671c45291,V2_candidate_KNN,0.015837312675530086,0.02610705798374941,0.05949943011424832,0.09697113855245759,0.17446441731203374,0.3736215856917801,0.4178187827634379,0.4230508049535053,192,
7f3aa59671c45291,V2_Q_mahalanobis,1.1007799476404012,1.4187332171099698,1.763942777393185,2.0398771879478295,2.4931156348083365,3.2127199660759316,4.231318134556635,5.113525234584121,128,
c17be2d2a6f65008,V1_IL_self_KNN,0.022513139992952347,0.02399331275373697,0.028334461618214846,0.03295247443020344,0.0396463368088007,0.07813338190317151,0.1416723734885452,0.19788262248039246,64,
c17be2d2a6f65008,V1_candidate_KNN,0.395558108252974,0.4362777713378092,0.5202202867971126,0.5542616974746171,0.6395883922520894,1.0840577335572157,1.228274457078971,1.2525163566530912,128,1.0
c17be2d2a6f65008,V2_IL_Q_to_R_KNN,0.01763494871556759,0.02049418883398175,0.023921188432723284,0.027931521646678448,0.035474980250000954,0.04562212023884058,0.05808512415736917,0.17094862461090088,128,
c17be2d2a6f65008,V2_candidate_KNN,0.01977744313746422,0.02364200486235132,0.21129558347516628,0.4475497854009918,0.5104069548586415,0.9465827571617026,1.089029792684986,1.2136722719243742,192,
c17be2d2a6f65008,V2_Q_mahalanobis,1.4779862549626621,1.6905853549994125,2.2657666925440636,2.6048860972978005,2.978869324186733,3.626171727372305,4.354471207656483,4.551246988652786,128,
f6d7cbb8505f5782,V1_IL_self_KNN,0.021129855886101723,0.02473138999193907,0.02943120338022709,0.03573385067284107,0.044393342919647694,0.06349094249308108,0.0842874743789434,0.09477715194225311,64,
f6d7cbb8505f5782,V1_candidate_KNN,0.09810087001717276,0.10963610986210451,0.2623948762276078,0.3342683809958451,0.37607579303091493,0.4155909520343228,0.436902585979159,0.44028840380195344,128,1.0
f6d7cbb8505f5782,V2_IL_Q_to_R_KNN,0.01798706315457821,0.020942731481045484,0.024903483223170042,0.03002107422798872,0.03645550366491079,0.04738276172429323,0.06707389868795872,0.07135173678398132,128,
f6d7cbb8505f5782,V2_candidate_KNN,0.019602571157318265,0.025079461781517536,0.07668982857920945,0.21509303676276453,0.3498046611733031,0.3858288812392468,0.42485568272576496,0.44126496904882606,192,
f6d7cbb8505f5782,V2_Q_mahalanobis,1.6474988652090647,2.015429831006575,2.408771142327316,2.743171024613023,3.0573014737622684,3.5778228137889814,4.021510132327939,4.573987235703984,128,
59b4fffb7aef599d,V1_IL_self_KNN,0.03832342475652695,0.04145658891648054,0.04481036867946386,0.04953365586698055,0.05552631802856922,0.06822582185268401,0.09047367222607129,0.10716237872838974,64,
59b4fffb7aef599d,V1_candidate_KNN,0.07899487215343085,0.10810516357262114,0.11623055464982679,0.12398616462576495,0.6789253379436545,0.8782727093404714,0.9731424578868034,0.9934740978356189,128,0.9609375
59b4fffb7aef599d,V2_IL_Q_to_R_KNN,0.033009786158800125,0.03588325846940279,0.039185626432299614,0.04295392706990242,0.048125239089131355,0.06390380002558231,0.07866153292357923,0.10535607486963272,128,
59b4fffb7aef599d,V2_candidate_KNN,0.03236444669943889,0.03952243519701369,0.0688058308674859,0.11524004473713297,0.36732330087672377,0.7292591978012081,0.8502255788881096,0.9488250597388934,192,
59b4fffb7aef599d,V2_Q_mahalanobis,2.14455188107373,2.639867561899205,3.070501007312575,3.439089694433509,3.66296613811343,4.196926500524913,4.6053384179572365,5.450652705905448,128,
5c722cde25ba50d9,V1_IL_self_KNN,0.014128181152045727,0.015834996569901706,0.01853659562766552,0.022060899063944817,0.02661495842039585,0.045291859470307824,0.05407506912946699,0.05939892679452896,64,
5c722cde25ba50d9,V1_candidate_KNN,0.07072442953901682,0.09662755617626066,0.12560495562685234,0.16833933149676936,0.6024721539910829,0.6767100241628232,0.7092334698681527,0.7521895124770235,128,1.0
5c722cde25ba50d9,V2_IL_Q_to_R_KNN,0.012144711799919605,0.014336004015058279,0.01714761881157756,0.01928377989679575,0.022217809222638607,0.03184922914952038,0.038225516155362134,0.038973547518253326,128,
5c722cde25ba50d9,V2_candidate_KNN,0.012877143021232326,0.018328168748311224,0.06676963211296011,0.12012315155552594,0.30224625795683346,0.6425759810700511,0.6658156224918905,0.6734461589031537,192,
5c722cde25ba50d9,V2_Q_mahalanobis,1.775660805904915,2.242318818026503,2.704808990493634,3.209393929168718,3.66713451493543,4.669544311699302,5.181925840671177,5.219623068201707,128,
248aeb1af182529b,V1_IL_self_KNN,0.020713787525892258,0.022014666628092528,0.024450802244246006,0.02925198432058096,0.03485056199133396,0.0643485408276318,0.09377715036273002,0.09695836156606674,64,
248aeb1af182529b,V1_candidate_KNN,0.06425546985713392,0.06857629001764044,0.14368386183550164,0.19708665459993685,0.22385202361507772,0.5398010160657607,0.6250775204423139,0.6309424065681404,128,0.8359375
248aeb1af182529b,V2_IL_Q_to_R_KNN,0.014959871768951416,0.017944376170635223,0.021053506527096033,0.0240391343832016,0.028411187697201967,0.0373315518721938,0.05931016728281978,0.07174117863178253,128,
248aeb1af182529b,V2_candidate_KNN,0.01614823183434686,0.021776127908887763,0.058158820466438756,0.13085799149500052,0.19925766694611377,0.485817260919116,0.5855037764832263,0.6029429813245487,192,
248aeb1af182529b,V2_Q_mahalanobis,1.870005491596911,2.089452668627553,2.5257887851297545,2.8485630824129884,3.1643813824638287,4.005548009682522,4.430504532855663,4.46553568323597,128,
8dff3247e7415c0d,V1_IL_self_KNN,0.025496548041701317,0.02661365261301398,0.02865813858807087,0.031855640932917595,0.03597350139170885,0.04616216849535703,0.050308198742568484,0.05257808417081833,64,
8dff3247e7415c0d,V1_candidate_KNN,0.11080569432671021,0.13880772616539108,0.3093498184157904,0.4839998701369098,0.7607176058835436,0.835412105874194,0.916479528922549,0.94589776038502,128,1.0
8dff3247e7415c0d,V2_IL_Q_to_R_KNN,0.015378515236079693,0.02060762597247958,0.02394740702584386,0.026577073149383068,0.02926716674119234,0.04225313831120726,0.07403033129870894,0.10541300475597382,128,
8dff3247e7415c0d,V2_candidate_KNN,0.022186510284918404,0.024897141630667814,0.12124874422898184,0.29330694627772297,0.48544925687391116,0.796849507205361,0.846818842188506,0.921419082593912,192,
8dff3247e7415c0d,V2_Q_mahalanobis,1.4750729457209881,2.119565271555926,2.601788754224752,2.9817771738845495,3.43998084543588,4.096683284837491,4.6156399463641495,4.828947629842632,128,
df244d376fd85a93,V1_IL_self_KNN,0.03739679977297783,0.039187153056263926,0.04602354858070612,0.054655347019433975,0.07020456902682781,0.09021747484803198,0.11170813739299773,0.11431567370891571,64,
df244d376fd85a93,V1_candidate_KNN,0.23832938861967778,0.29327596389565574,0.9650122776241081,1.0481355725383859,1.147697055555443,1.2163774974478208,1.2469096532618493,1.2495605215068406,128,1.0
df244d376fd85a93,V2_IL_Q_to_R_KNN,0.027489259839057922,0.03704794328659773,0.04081964958459139,0.04659901559352875,0.05545990262180567,0.06903296262025832,0.10205849207937717,0.10770516097545624,128,
df244d376fd85a93,V2_candidate_KNN,0.0347196668347879,0.04101762518449974,0.23739291685884206,0.6530572972342492,1.0127668421445637,1.1407816893592908,1.1849445181007123,1.1998920822075374,192,
df244d376fd85a93,V2_Q_mahalanobis,1.8233243778898962,2.130296286534563,2.5215507546765514,2.8329234644112944,3.223492054661237,3.749471630310517,4.113121910055043,4.420820484992443,128,
06f781885ea25f20,V1_IL_self_KNN,0.020860347896814346,0.023357895016670228,0.029444444924592972,0.03261829353868961,0.04172363132238388,0.05390812922269104,0.07718733660876737,0.11208029091358185,64,
06f781885ea25f20,V1_candidate_KNN,0.15593457746776948,0.21022400450523338,0.23810405226660003,0.28312784870272567,0.5096405446765329,0.6807977657375119,0.7899568464376439,0.8808703647652818,128,1.0
06f781885ea25f20,V2_IL_Q_to_R_KNN,0.01777859404683113,0.020979653112590313,0.023947036359459162,0.026379307731986046,0.02967120800167322,0.044099320843815806,0.07256351713091141,0.09975744783878326,128,
06f781885ea25f20,V2_candidate_KNN,0.020479262137127825,0.027932834880934725,0.10421663426188026,0.20389848159121393,0.2982870374110481,0.6347255354146102,0.7196567692589773,0.861211326637602,192,
06f781885ea25f20,V2_Q_mahalanobis,1.6168998831787005,2.044449171267239,2.611123551412281,2.9318178538334854,3.2386102834383994,3.8514220194485294,4.48229577755406,4.719619744075238,128,
dabc9a6d5e755758,V1_IL_self_KNN,0.024105455726385117,0.028152809105813505,0.03274828381836414,0.03734321519732475,0.04232041258364916,0.05822888743132352,0.0638506495207548,0.06979544460773468,64,
dabc9a6d5e755758,V1_candidate_KNN,0.04706123431863547,0.05569323192550744,0.1235020080855709,0.14696307568439845,0.6669063873230706,1.5922937824435694,1.741560399467641,1.7740508648714812,128,0.8046875
dabc9a6d5e755758,V2_IL_Q_to_R_KNN,0.01581842079758644,0.021091165859252213,0.02424214407801628,0.02829564642161131,0.03434152156114578,0.05125008709728712,0.07105842512100942,0.08528350293636322,128,
dabc9a6d5e755758,V2_candidate_KNN,0.02152260974153543,0.026452439015719625,0.048398571475532504,0.12242054038596531,0.4749133560028301,1.4301637973658299,1.6740868789000154,1.7488670354960216,192,
dabc9a6d5e755758,V2_Q_mahalanobis,1.3370768582308163,1.9626916364505933,2.2803877263236125,2.6335741156433095,3.0203239237845603,3.4073299779143054,3.6223528106607046,3.966908985473512,128,
666ee535a52a5acc,V1_IL_self_KNN,0.032885704189538956,0.035358631797134873,0.0407923674210906,0.048251062631607056,0.05476744845509529,0.08697763122618198,0.10374048903584479,0.10723038762807846,64,
666ee535a52a5acc,V1_candidate_KNN,0.13107001159009854,0.1421144678219853,0.17275881267399773,0.19113081740568183,0.27900184726726635,0.4682898428660268,0.541910380491774,0.6564528424820448,128,1.0
666ee535a52a5acc,V2_IL_Q_to_R_KNN,0.0255909264087677,0.02922332417219877,0.03404005616903305,0.039865296334028244,0.046834384091198444,0.06140709295868873,0.08265346176922327,0.09367918968200684,128,
666ee535a52a5acc,V2_candidate_KNN,0.024890046976352106,0.035521740298601,0.08635986082666564,0.16690097423047606,0.22166578098523865,0.41501211793958515,0.5122178052658605,0.657751963292531,192,
666ee535a52a5acc,V2_Q_mahalanobis,2.103051326619547,2.321564321782254,2.7645271048875304,3.236855323586382,3.63457794064001,4.209959368114847,4.488814541720783,4.82659936993438,128,
afe0ef0cd35b57f7,V1_IL_self_KNN,0.03491862490773201,0.039068357460200785,0.046534149907529354,0.05440754257142544,0.06956075131893158,0.08852257132530209,0.11455836877226824,0.1288880556821823,64,
afe0ef0cd35b57f7,V1_candidate_KNN,0.259923198454077,0.3060937712060993,0.3498232847223877,0.3937924411743349,0.5995630526064281,1.1893441556831155,1.2969641295449972,1.3103813069166605,128,1.0
afe0ef0cd35b57f7,V2_IL_Q_to_R_KNN,0.027770567685365677,0.03402646668255329,0.0417272849008441,0.047566063702106476,0.05609886720776558,0.08292147107422351,0.12932441100478184,0.16136236488819122,128,
afe0ef0cd35b57f7,V2_candidate_KNN,0.03099428726858546,0.04371295106335084,0.1569160597863369,0.3083155819441533,0.4818347422007718,1.0949491832204925,1.215152908566881,1.313332240165384,192,
afe0ef0cd35b57f7,V2_Q_mahalanobis,1.6991527589775226,2.284587739452179,2.7589143825335474,3.1206433946756555,3.5419884371262333,4.167910587777372,5.0421350292200495,5.265627926296383,128,
b7d4e7ebc5c75968,V1_IL_self_KNN,0.0348544716835022,0.03702154606580734,0.04222272802144289,0.04651879332959652,0.05464749597012997,0.06919777952134608,0.09140041761100288,0.10087332874536514,64,
b7d4e7ebc5c75968,V1_candidate_KNN,0.17541803840449438,0.18294070629353823,0.22690919401881376,0.2933815459509412,0.6455675019537195,1.257045450204335,1.4041536368444445,1.425719526768035,128,1.0
b7d4e7ebc5c75968,V2_IL_Q_to_R_KNN,0.027445662766695023,0.030899100471287966,0.03568529337644577,0.03986405394971371,0.04613841325044632,0.05856173448264598,0.07163672089576723,0.07561545073986053,128,
b7d4e7ebc5c75968,V2_candidate_KNN,0.028603451627537867,0.036103047807086196,0.1256865355953361,0.23946703704961717,0.4737700277515596,1.13208271334907,1.3341371030098816,1.4058956934202065,192,
b7d4e7ebc5c75968,V2_Q_mahalanobis,2.344325151155938,2.6205029548924714,2.9843304240245523,3.4077505698897053,3.839671915497785,4.288454196644097,4.658024561441826,4.733543108395699,128,
bc5eb52653bc5031,V1_IL_self_KNN,0.03009514883160591,0.033064207062125206,0.03671530168503523,0.040161022916436195,0.04372847545892,0.04885206632316112,0.07214441098272795,0.08752193301916122,64,
bc5eb52653bc5031,V1_candidate_KNN,0.49045967670675605,0.5422944857231572,0.6179337574848527,0.6684021991703031,0.7574190478839211,0.9267475538639394,0.9684587700358662,1.291201610583078,128,1.0
bc5eb52653bc5031,V2_IL_Q_to_R_KNN,0.02444523200392723,0.029171496350318193,0.03446642775088549,0.03854849189519882,0.042633749544620514,0.051962392590939994,0.07223117299377921,0.0898958221077919,128,
bc5eb52653bc5031,V2_candidate_KNN,0.02731654670702873,0.0351885577730715,0.25820372697021005,0.5596689680907851,0.6552791848018917,0.870497137489768,0.948973718969773,1.233986197449007,192,
bc5eb52653bc5031,V2_Q_mahalanobis,2.0802810956887927,2.294609034752125,2.862986869804521,3.301400026273264,3.617322503261566,4.014579275727814,4.316346829283846,5.677997853400085,128,
6793006a7d995092,V1_IL_self_KNN,0.03023354336619377,0.035037124529480934,0.042097385972738266,0.046016326174139977,0.05144564528018236,0.06116239000111817,0.06488164171576498,0.06950952112674713,64,
6793006a7d995092,V1_candidate_KNN,0.13963230762990742,0.18789499249170638,0.22894796993170952,0.3245628594374581,0.5865670123568755,0.7731237577411749,0.7884587843553507,0.8170583119318643,128,1.0
6793006a7d995092,V2_IL_Q_to_R_KNN,0.031286053359508514,0.032866806350648405,0.03729782812297344,0.04105423577129841,0.04606620594859123,0.060878239944577216,0.07635484978556635,0.08123752474784851,128,
6793006a7d995092,V2_candidate_KNN,0.028452439015312143,0.03615778371977984,0.13313920106693294,0.2126674882183584,0.35046937948111245,0.7439304581705688,0.7764003632411943,0.7879034736113423,192,
6793006a7d995092,V2_Q_mahalanobis,2.133337831210721,2.5632238579314257,3.1505610801181967,3.533057638449637,3.820780315306809,4.274164175178318,4.623097634223261,5.0277347492213815,128,
9e7acfb214dd58eb,V1_IL_self_KNN,0.02593296766281128,0.028547164518386126,0.03473549988120794,0.03862796165049076,0.04540902189910412,0.057217071950435634,0.07083050131797786,0.0824487954378128,64,
9e7acfb214dd58eb,V1_candidate_KNN,0.4028998945861327,0.4509440640781856,0.8627824315946953,1.1728389660841132,1.202352190002495,1.2624076651634788,1.3040115155627643,1.3568398900936915,128,1.0
9e7acfb214dd58eb,V2_IL_Q_to_R_KNN,0.02063228189945221,0.023223854787647723,0.026697424240410328,0.03089156188070774,0.0382601460441947,0.05134121738374233,0.0583074075356126,0.06733929365873337,128,
9e7acfb214dd58eb,V2_candidate_KNN,0.021197407894957537,0.02815264050435161,0.2745689001291364,0.7078949509211734,1.1535427298496648,1.208674369744703,1.2795720605551197,1.329170446651373,192,
9e7acfb214dd58eb,V2_Q_mahalanobis,1.4452556403625456,2.025380643745655,2.3773385624886454,2.6373446616911327,3.213859932838684,3.826601501728223,4.099900591105342,4.214641875917148,128,
6cda2f0cbda156bd,V1_IL_self_KNN,0.025019943714141846,0.027434588968753816,0.031816139817237854,0.0361283291131258,0.04136317037045956,0.05956320352852342,0.0733016238361597,0.0771937444806099,64,
6cda2f0cbda156bd,V1_candidate_KNN,0.06108295121767857,0.07527083387952987,0.144180888036016,0.18804921913075454,0.5361252522521339,0.6198171620921606,0.6337514750159218,0.642503349799421,128,0.90625
6cda2f0cbda156bd,V2_IL_Q_to_R_KNN,0.01802716590464115,0.021968932822346687,0.025619699619710445,0.028186623938381672,0.031393542885780334,0.0388261679559946,0.04241811055690051,0.0725441500544548,128,
6cda2f0cbda156bd,V2_candidate_KNN,0.022170690353207376,0.025621228189693552,0.05838064777475719,0.1455717904974013,0.2973270396933385,0.5860751227608463,0.6315638661478369,0.6365874145897168,192,
6cda2f0cbda156bd,V2_Q_mahalanobis,1.7036312012085328,2.0659266938702734,2.4277822999616343,2.833997915309915,3.111501481573066,3.58854653708625,3.998037305511244,4.033248752643862,128,
beea15c8657d59a2,V1_IL_self_KNN,0.03363829478621483,0.036180134303867816,0.04186526872217655,0.047984497621655464,0.054986522532999516,0.08245434276759625,0.0895857635140419,0.09014232456684113,64,
beea15c8657d59a2,V1_candidate_KNN,0.05863783778102686,0.09705924322888825,0.1561157805557643,0.19589978851135553,0.4496543945888513,0.7037436625770221,0.9850112849869923,1.5584282227252801,128,0.9609375
beea15c8657d59a2,V2_IL_Q_to_R_KNN,0.024431567639112473,0.03011902468279004,0.034524052403867245,0.03905118815600872,0.044832220301032066,0.061764112673699856,0.08550700865685944,0.12004252523183823,128,
beea15c8657d59a2,V2_candidate_KNN,0.02744514042982696,0.032900338573335575,0.0873381061964402,0.15995204209823755,0.3072347486505043,0.6678430832595297,0.7942616023456699,0.9681284390715353,192,
beea15c8657d59a2,V2_Q_mahalanobis,1.6861988137090873,2.370191775847122,2.660475716438988,2.9536218803493397,3.335245059425703,4.088267678640451,4.604579191791676,5.05241632907265,128,
1971c4278e675b9d,V1_IL_self_KNN,0.029771823436021805,0.03181988522410393,0.03842706233263016,0.04482603818178177,0.05493813939392567,0.1126690756529569,0.14888654872775062,0.18867546319961548,64,
1971c4278e675b9d,V1_candidate_KNN,0.2098999961020584,0.24984006567134381,0.29921812989948215,0.3560568465804671,0.4001413272655139,0.45191163996820843,0.4933185572159592,0.6063553677570525,128,1.0
1971c4278e675b9d,V2_IL_Q_to_R_KNN,0.024441901594400406,0.02671193741261959,0.03279863018542528,0.038061512634158134,0.04587351903319359,0.06542660631239411,0.0782632598280907,0.09853967279195786,128,
1971c4278e675b9d,V2_candidate_KNN,0.024770459179296468,0.031953406140659994,0.1313457162683886,0.2768896616496561,0.38160718011500133,0.46668000167232704,0.5668766657100314,0.6202080321446927,192,
1971c4278e675b9d,V2_Q_mahalanobis,1.4931227226090864,2.0064595224657245,2.4844584666597305,2.9603081172785517,3.591244487251765,4.182178135932489,4.704416080144673,5.273097317896455,128,
c7009bf1a2025be7,V1_IL_self_KNN,0.031375348567962646,0.03762907721102238,0.04491185862571001,0.0519542470574379,0.06109067518264055,0.0897682327777147,0.1087813114374876,0.1106763705611229,64,
c7009bf1a2025be7,V1_candidate_KNN,0.11931457514525694,0.1935247354635545,0.2258081448590529,0.3312566140876685,0.46980521174089107,0.7978548990051771,0.9105140072759671,0.9812857229006466,128,1.0
c7009bf1a2025be7,V2_IL_Q_to_R_KNN,0.02870318666100502,0.030930052883923052,0.03526297863572836,0.038919415324926376,0.04526212811470032,0.07089933082461357,0.09483813107013708,0.10378547012805939,128,
c7009bf1a2025be7,V2_candidate_KNN,0.030165633506838707,0.03755985953263824,0.12889863342632216,0.23172392689610682,0.36583741101764555,0.7167094347233955,0.843062784381424,0.9941455545096571,192,
c7009bf1a2025be7,V2_Q_mahalanobis,1.8438909958147007,2.1519354509090154,2.609319333733968,3.0705730192956384,3.4275241094206343,4.080139316297963,4.478365815920445,4.798070050818825,128,
c37c94fa634f5265,V1_IL_self_KNN,0.02898753061890602,0.03128442261368036,0.03608979471027851,0.03897135704755783,0.046180883422493935,0.06803854014724486,0.10515041120350344,0.1485753208398819,64,
c37c94fa634f5265,V1_candidate_KNN,0.5837141439605567,0.6232285031700495,0.7582339702179799,0.8272413794847819,0.8896240876666989,1.1730258638072062,1.2803493804734571,1.3540551425952296,128,1.0
c37c94fa634f5265,V2_IL_Q_to_R_KNN,0.022708728909492493,0.02718733884394169,0.031090455129742622,0.034895412623882294,0.03891116287559271,0.05446150917559861,0.06612012043595317,0.06992767751216888,128,
c37c94fa634f5265,V2_candidate_KNN,0.026462170337591052,0.03437158279123587,0.27049078486579137,0.6343941128388293,0.7996243236387918,1.0025612210346078,1.1779527014404496,1.240350778364308,192,
c37c94fa634f5265,V2_Q_mahalanobis,1.8493827527535538,2.05482610605188,2.554201387105323,2.9305141017338814,3.296196560925469,3.7830077976431173,3.9949682352836877,4.06897740603238,128,
caaf3bef91ac58a3,V1_IL_self_KNN,0.03754550963640213,0.03982704840600491,0.04467710945755243,0.05045531690120697,0.06212514452636242,0.08340004719793796,0.12596467643976197,0.1621166616678238,64,
caaf3bef91ac58a3,V1_candidate_KNN,0.10582532700513222,0.13563152667174527,0.15163183808950512,0.21796600721242826,0.5616331612660874,0.9790384063356203,1.0338605892194501,1.1004517381361674,128,0.640625
caaf3bef91ac58a3,V2_IL_Q_to_R_KNN,0.0313524529337883,0.03634778149425984,0.04064831789582968,0.04553861357271671,0.0505316611379385,0.06499620899558067,0.07856333442032337,0.07989247143268585,128,
caaf3bef91ac58a3,V2_candidate_KNN,0.03352792516888832,0.04195446330815759,0.10683991636137063,0.1649901398258789,0.32505507036105247,0.8733904291282512,0.9798593092552004,0.997255914148204,192,
caaf3bef91ac58a3,V2_Q_mahalanobis,1.8417526030411804,2.081493888956242,2.7569541282738665,3.0491395264680383,3.5329776817865164,4.051352767210267,4.660175227621172,4.980182656465921,128,
89c4479f74c05538,V1_IL_self_KNN,0.036217100918293,0.039054195024073125,0.04339906666427851,0.049883099272847176,0.06643128022551537,0.08034583181142803,0.09104508996009822,0.10210935771465302,64,
89c4479f74c05538,V1_candidate_KNN,0.04823503542885429,0.0569540995579169,0.1778516529735831,0.24586005359248364,0.2994540530840377,0.4571639044913126,0.4958599458674416,0.504147137596663,128,0.8125
89c4479f74c05538,V2_IL_Q_to_R_KNN,0.029439236968755722,0.03260191455483437,0.039639062248170376,0.04541979730129242,0.05160375498235226,0.06856616586446761,0.07812187768518926,0.0942966565489769,128,
89c4479f74c05538,V2_candidate_KNN,0.03175161381923461,0.04041223755032603,0.0641821604583548,0.15664004367942252,0.24670466332142243,0.40984526519990355,0.45877405114779224,0.4771973257976481,192,
89c4479f74c05538,V2_Q_mahalanobis,1.8181143962530129,2.1899849129459326,2.647961707608011,3.118944879847331,3.440592610036998,4.226012962906564,5.799832061350841,6.703822664016891,128,
7f35bb1a29c1549f,V1_IL_self_KNN,0.023203548043966293,0.025889226887375116,0.031069917604327202,0.036224691197276115,0.04347820207476616,0.05577406678348778,0.07078411296010013,0.08014737069606781,64,
7f35bb1a29c1549f,V1_candidate_KNN,0.09767805047622814,0.14414890457527046,0.1796098745935615,0.29227156432638957,0.3439218065375417,0.38239002005444267,0.4216671612112085,0.4410178043266283,128,1.0
7f35bb1a29c1549f,V2_IL_Q_to_R_KNN,0.01894482783973217,0.022048961743712424,0.026126953773200512,0.029425988905131817,0.036081534810364246,0.05168635919690131,0.06711476579308513,0.11343391239643097,128,
7f35bb1a29c1549f,V2_candidate_KNN,0.019419350144091137,0.028939708546959726,0.09026821246113323,0.1498362091965446,0.2710585139942036,0.3463831482158547,0.39214302072184704,0.4262283637479756,192,
7f35bb1a29c1549f,V2_Q_mahalanobis,1.6485045829116247,1.930076864307715,2.3592077780758864,2.79396941750389,3.21325358507716,3.6612943499709325,4.151591177077807,4.532500705937372,128,
b46befc3e5a756ec,V1_IL_self_KNN,0.0136945815756917,0.01422321735881269,0.015867013484239578,0.018630406819283962,0.020795483142137527,0.03532842546701425,0.0722392206639051,0.08178096264600754,64,
b46befc3e5a756ec,V1_candidate_KNN,0.03386617310167366,0.04451035751864448,0.10628882475723507,0.14735457763061904,0.3315768682545921,0.4008435409161465,0.43248984640007143,0.44912057517479004,128,0.8125
b46befc3e5a756ec,V2_IL_Q_to_R_KNN,0.010344413109123707,0.011853111814707518,0.01377207855693996,0.015542702283710241,0.017616333439946175,0.022462795954197638,0.03938037637621171,0.04670587182044983,128,
b46befc3e5a756ec,V2_candidate_KNN,0.010800494530237152,0.015036119995436144,0.04318888896669094,0.09196791220178063,0.17989070028803839,0.3737024514051862,0.39724110789582057,0.4330620432799269,192,
b46befc3e5a756ec,V2_Q_mahalanobis,1.46134297830419,1.676253523559574,2.0193289299838058,2.4558714451192034,2.8079395996732446,3.479601876988566,4.4436849980635085,4.809600681266065,128,
f06dec0352685bd7,V1_IL_self_KNN,0.04200485721230507,0.045342260412871836,0.052337223663926125,0.05904758349061012,0.07399750500917435,0.09992936886847018,0.14756554380059234,0.16971752047538757,64,
f06dec0352685bd7,V1_candidate_KNN,0.22963273344169605,0.24280800872477848,0.2603175066211662,0.3290279699816688,0.8315734932802853,1.3770103439847423,1.4641781879863736,1.4726109150385718,128,1.0
f06dec0352685bd7,V2_IL_Q_to_R_KNN,0.03445965796709061,0.03995719384402037,0.047467187978327274,0.05495856702327728,0.06223396863788366,0.07598072774708271,0.09474644623696805,0.10708560794591904,128,
f06dec0352685bd7,V2_candidate_KNN,0.03842679304748449,0.04825143554247269,0.15997976835226907,0.24586492509652974,0.5663286285743834,1.192419116221169,1.4000056414803117,1.4436883223050807,192,
f06dec0352685bd7,V2_Q_mahalanobis,1.5825563924410477,2.3802934951450223,2.8190584041266646,3.1960443208550826,3.6332821173653387,4.332708278896888,4.515036421723859,4.587858811301059,128,
9956d04c0d275e7d,V1_IL_self_KNN,0.030992191284894943,0.03393634278327227,0.03999399021267891,0.04359983466565609,0.05182640627026558,0.08002474084496497,0.09137680388987061,0.09894318878650665,64,
9956d04c0d275e7d,V1_candidate_KNN,0.05577820101677124,0.08130428717966245,0.13748619640525708,0.16925297947497905,0.25332076455974006,0.3165932753656786,0.375755351362801,1.5530571876643848,128,0.8515625
9956d04c0d275e7d,V2_IL_Q_to_R_KNN,0.023630360141396523,0.027487302012741566,0.03228335361927748,0.035514842718839645,0.041018820367753506,0.06285386290401215,0.07227883718907833,0.09804680943489075,128,
9956d04c0d275e7d,V2_candidate_KNN,0.025393691722878364,0.03173877203179107,0.07073765833018938,0.12680989912843804,0.19240044401918005,0.3002789359582244,0.9750217636126941,1.548019044960175,192,
9956d04c0d275e7d,V2_Q_mahalanobis,2.0837622459128817,2.4038401557851774,2.837735765694714,3.1681755003477967,3.576354028085322,4.2233031779238175,4.794409023132877,5.1097085295781435,128,
edb7e230c20f542a,V1_IL_self_KNN,0.02520165964961052,0.027001069393008947,0.029793367721140385,0.03482358902692795,0.044161622412502766,0.06688176766037938,0.10798574261367311,0.13478264212608337,64,
edb7e230c20f542a,V1_candidate_KNN,0.09040646049215786,0.09279193002206226,0.1073669869248367,0.13976575029200156,0.30538237543819485,0.3631277522687577,0.4494299717502755,0.4993995353119126,128,0.5390625
edb7e230c20f542a,V2_IL_Q_to_R_KNN,0.017488550394773483,0.021654016524553298,0.025255925953388214,0.02904107328504324,0.03401927277445793,0.04455940313637254,0.055307670310139695,0.05787596106529236,128,
edb7e230c20f542a,V2_candidate_KNN,0.023285985228743037,0.027542604796944217,0.06296871979724938,0.09932347964032479,0.160219511828837,0.31715704064113,0.3476190135289133,0.4246531812470642,192,
edb7e230c20f542a,V2_Q_mahalanobis,1.4556647507233813,1.7671938206547948,2.188437697690153,2.5001187366779396,2.817990402107635,3.3226271132860115,3.8115263403629336,3.8671977010620324,128,
bbe9d736a2595720,V1_IL_self_KNN,0.028798872604966164,0.031180622708052396,0.03539794869720936,0.04254965856671333,0.048101140186190605,0.059220717661082736,0.08145334899425502,0.09263231605291367,64,
bbe9d736a2595720,V1_candidate_KNN,0.30003694063002617,0.333966909500484,0.45311482628045896,0.5168165879759175,0.5850258099177629,0.6564806012004577,0.681648972203256,0.703431542130145,128,1.0
bbe9d736a2595720,V2_IL_Q_to_R_KNN,0.02380187436938286,0.027212787047028543,0.03212262410670519,0.03576626442372799,0.04052979964762926,0.054828477837145326,0.07851066224277022,0.09200815856456757,128,
bbe9d736a2595720,V2_candidate_KNN,0.028198883206992837,0.03431633983508159,0.1774040976243768,0.3782727027962726,0.5015605597930304,0.574044346416292,0.6214025835732612,0.702687832048023,192,
bbe9d736a2595720,V2_Q_mahalanobis,1.9002658971581317,2.27300912285358,2.6966662298209485,3.0156812086063307,3.4971073461284132,4.1028901639356,4.298435327453388,4.519197761328017,128,
8f7d5b80e1f85c3c,V1_IL_self_KNN,0.0305815227329731,0.03159333691000939,0.03826824948191643,0.043646350502967834,0.050601737573742867,0.06581162586808205,0.10184452697634692,0.11137329041957855,64,
8f7d5b80e1f85c3c,V1_candidate_KNN,0.23514668290886362,0.32414013831735894,0.3462576333052654,0.39092054508083274,0.5893281605714501,0.8959425201964001,1.0455011247375083,1.1381870269353667,128,1.0
8f7d5b80e1f85c3c,V2_IL_Q_to_R_KNN,0.024450840428471565,0.02801140956580639,0.03252513334155083,0.03734971396625042,0.04283573664724827,0.058721868693828574,0.08750901535153394,0.09748482704162598,128,
8f7d5b80e1f85c3c,V2_candidate_KNN,0.024338975379646792,0.03411910154345689,0.17780053389717715,0.33834006415674844,0.43858058533690475,0.8216659332442262,0.9883825689486874,1.1162441135602572,192,
8f7d5b80e1f85c3c,V2_Q_mahalanobis,1.5984816451148094,1.999018375101715,2.418948017073644,2.7493018289818707,3.091334103550629,3.568932836224668,3.8257907338442885,4.319069926311488,128,
3c9433a90ab05621,V1_IL_self_KNN,0.026182865723967552,0.02852807529270649,0.03490166459232569,0.039826247841119766,0.05237977206707001,0.08282407820224755,0.12338248521089552,0.1282065212726593,64,
3c9433a90ab05621,V1_candidate_KNN,0.14324117010533563,0.18792417400003017,0.22723616200084848,0.2886749103326559,0.40603926376761384,0.573736944916306,0.6240164742345383,0.6472194003751701,128,1.0
3c9433a90ab05621,V2_IL_Q_to_R_KNN,0.020568082109093666,0.02300594700500369,0.029239238239824772,0.03431118465960026,0.03824505861848593,0.050510488636791695,0.05873995799571277,0.06071891635656357,128,
3c9433a90ab05621,V2_candidate_KNN,0.01843897304263733,0.02621478661750298,0.0838698313290086,0.18868536346689468,0.25289437339596155,0.525065709985414,0.5922645916010383,0.6395494252429413,192,
3c9433a90ab05621,V2_Q_mahalanobis,1.4091156754905265,1.7554186850462015,2.131142844353172,2.4483926275449424,2.8750293213221494,3.3297537483580086,3.816753307473531,4.176465626525879,128,
b37c26e5cdf853d5,V1_IL_self_KNN,0.030243972316384315,0.031684769131243226,0.037677498534321785,0.04274217411875725,0.05694332346320152,0.08062167763710022,0.12253351405262938,0.1450977623462677,64,
b37c26e5cdf853d5,V1_candidate_KNN,0.12822288232804896,0.17453080571002608,0.2635468196897639,0.3170043625809965,0.3615389546970881,0.43555551333945675,0.4523086629393373,0.4557956982721964,128,0.984375
b37c26e5cdf853d5,V2_IL_Q_to_R_KNN,0.02440081536769867,0.030404304806143045,0.035240030847489834,0.039625467732548714,0.04688569717109203,0.06569241769611835,0.09288879178464424,0.11148323863744736,128,
b37c26e5cdf853d5,V2_candidate_KNN,0.029487705841892753,0.03739767915192405,0.10888009327150067,0.22242037294392,0.3274313824165468,0.44625736707232255,0.472791743398626,0.5114055049805958,192,
b37c26e5cdf853d5,V2_Q_mahalanobis,1.35315592637639,1.9700581401130906,2.4486365960517795,2.9144671804151,3.2071848008969166,3.6603842030699307,3.9715520422282804,4.103621777745575,128,
6dfe97d2aff95bf6,V1_IL_self_KNN,0.020460104569792747,0.02161796186119318,0.02490204107016325,0.030661096796393394,0.03500911686569452,0.056476246006786794,0.13104259669780718,0.16241395473480225,64,
6dfe97d2aff95bf6,V1_candidate_KNN,0.15140572761600055,0.2633626082711316,0.2966561123199536,0.4499297392294307,0.5538402996976548,0.6609489080784876,0.7318825707589658,0.7689497381451078,128,0.984375
6dfe97d2aff95bf6,V2_IL_Q_to_R_KNN,0.016392188146710396,0.01888392651453614,0.021853951271623373,0.024246915243566036,0.027837200555950403,0.04318581242114304,0.06660365059971812,0.1860751360654831,128,
6dfe97d2aff95bf6,V2_candidate_KNN,0.017874036190607668,0.02227245180057768,0.14802301782006955,0.30940476876648226,0.4574384602932494,0.62377360964737,0.6635573220644883,0.701574782745926,192,
6dfe97d2aff95bf6,V2_Q_mahalanobis,1.3888779102092847,1.9475366264362328,2.454553873828775,2.743864185752302,3.19882957374444,3.9579592041581537,5.032944343385485,5.349358466558584,128,
9e66bc21c0d4507d,V1_IL_self_KNN,0.020032677799463272,0.021339158434420823,0.025088582187891006,0.02904558926820755,0.03598705865442753,0.05271457619965075,0.08067257024347776,0.09520833194255829,64,
9e66bc21c0d4507d,V1_candidate_KNN,0.07382070384501456,0.10612826715599884,0.19312470992960673,0.28036494356057134,0.35627469097297837,0.4151877446577379,0.4341302003127136,0.44513813304611183,128,0.9765625
9e66bc21c0d4507d,V2_IL_Q_to_R_KNN,0.016991475597023964,0.019369088113307953,0.022424266207963228,0.024563522078096867,0.028110051061958075,0.03990961257368323,0.07793317809700978,0.10660271346569061,128,
9e66bc21c0d4507d,V2_candidate_KNN,0.017863517730853047,0.02350159721536204,0.08630494245641593,0.16452073438370923,0.25849579083681384,0.3915959702428927,0.41842796284077405,0.4223971961875506,192,
9e66bc21c0d4507d,V2_Q_mahalanobis,1.9399565343594665,2.1158924415322473,2.425777592606549,2.783319649178956,3.0793066948714043,3.8722601013820923,4.650422413936814,4.894307648235061,128,
121fdf5f01785268,V1_IL_self_KNN,0.013461165130138397,0.015870195161551238,0.018918323330581188,0.022775105200707912,0.026921987533569336,0.04129662942141294,0.08892701491713512,0.11734165996313095,64,
121fdf5f01785268,V1_candidate_KNN,0.1513713316164534,0.18128160858839434,0.21000831487098676,0.23469299586648662,0.2826651954785844,0.36011230685332624,0.3860219376708425,0.3910657011911165,128,1.0
121fdf5f01785268,V2_IL_Q_to_R_KNN,0.011653761379420757,0.014096848201006651,0.016367171425372362,0.018785799853503704,0.0238192742690444,0.04026941340416666,0.07497482679784301,0.12099254131317139,128,
121fdf5f01785268,V2_candidate_KNN,0.010868878729922704,0.01765224535926111,0.07577564489911608,0.18896133673682144,0.232329214455356,0.33806664291564015,0.36754863930259696,0.3877393933347214,192,
121fdf5f01785268,V2_Q_mahalanobis,1.3877795869192884,1.8013001178814825,2.270889920435909,2.6079308014127847,3.0774122324240945,3.7874458127417454,3.9686131004673673,4.24779951431513,128,
9349bacb4a225ae3,V1_IL_self_KNN,0.02910960651934147,0.030971868988126518,0.03755268082022667,0.043898310512304306,0.05050596967339516,0.0658054046332836,0.08105846889317028,0.09896495193243027,64,
9349bacb4a225ae3,V1_candidate_KNN,0.10268131328965999,0.12965664895081488,0.14504702204405792,0.16355807380314594,0.6064697367238834,1.3301008227296958,1.5696327210880008,4.1544628670659325,128,1.0
9349bacb4a225ae3,V2_IL_Q_to_R_KNN,0.023757195100188255,0.026519384142011403,0.02986227860674262,0.03401738405227661,0.0397326098755002,0.051746768318116663,0.08533234030008321,0.13058115541934967,128,
9349bacb4a225ae3,V2_candidate_KNN,0.023729496130982373,0.03115831678624397,0.08059896733254768,0.14812993578264083,0.4366819167742459,1.1881097363783517,1.3136914826823036,1.599388714449772,192,
9349bacb4a225ae3,V2_Q_mahalanobis,1.923606981784356,2.191674076087077,2.615198896970764,2.948929774113567,3.234979850848669,3.8562674926682883,4.41121655801261,4.6299575912912765,128,
704c2533b66353b5,V1_IL_self_KNN,0.029654288664460182,0.030802753940224647,0.03521790821105242,0.04338648542761803,0.051903219893574715,0.07291977964341634,0.08221153326332568,0.08232997357845306,64,
704c2533b66353b5,V1_candidate_KNN,0.07367266394163197,0.14291200248054048,0.1697298994621222,0.197483865509194,0.471242539835389,1.2418004673632286,1.3120351458417634,1.4266230878436845,128,0.9921875
704c2533b66353b5,V2_IL_Q_to_R_KNN,0.022864103317260742,0.028543566819280386,0.033034857362508774,0.036889079958200455,0.041025648824870586,0.06144558601081371,0.06839162863790989,0.06948377937078476,128,
704c2533b66353b5,V2_candidate_KNN,0.02326039831775733,0.033399580877576406,0.0930362699990483,0.16878399119111223,0.3349546321196699,1.051217418920781,1.2791664181348736,1.3096905898925886,192,
704c2533b66353b5,V2_Q_mahalanobis,1.4177120428986596,1.8983586950175164,2.304541009439046,2.7056689168922254,3.0260599616389827,3.5836136107601977,3.792818972609971,3.938604524058692,128,
4ffc3aacc76d5d43,V1_IL_self_KNN,0.017971988767385483,0.01995398001745343,0.024985793977975845,0.029440617188811302,0.03609049040824175,0.05661731194704769,0.06974809251725667,0.08864617347717285,64,
4ffc3aacc76d5d43,V1_candidate_KNN,0.3800943041957801,0.49686859299062397,0.5451087766812042,0.5896711238564603,0.6229729083590902,0.692200726180692,0.7195428728531915,0.7259454977108994,128,1.0
4ffc3aacc76d5d43,V2_IL_Q_to_R_KNN,0.01632039248943329,0.018088600039482115,0.021177316550165415,0.024564117193222046,0.029726654291152954,0.03867488503456115,0.04534589648246767,0.04849672690033913,128,
4ffc3aacc76d5d43,V2_candidate_KNN,0.016473954259921302,0.020791513497475437,0.21082644899001285,0.45488486700185593,0.5536898952933376,0.6153909812768528,0.6473586278778252,0.6618003534925172,192,
4ffc3aacc76d5d43,V2_Q_mahalanobis,1.2771799977972158,1.5803369301864951,2.1196010368152045,2.4343064195783493,2.8035640649460434,3.3887043123443936,3.8279857227335143,3.9668255726570805,128,
ea808fbdaf2a5375,V1_IL_self_KNN,0.028680691495537758,0.0351553475484252,0.04094556253403425,0.04800562933087349,0.05535272229462862,0.07528728954493999,0.108849022835493,0.13224954903125763,64,
ea808fbdaf2a5375,V1_candidate_KNN,0.08496678466094619,0.13815304591337052,0.18467000684946222,0.20516328959169844,0.2609417152640411,0.4529995866822551,0.4954701657604273,0.5162891504037372,128,0.953125
ea808fbdaf2a5375,V2_IL_Q_to_R_KNN,0.01931300200521946,0.02594948960468173,0.03024942660704255,0.0358789786696434,0.04302251897752285,0.05405406821519134,0.06573305744677785,0.08893369883298874,128,
ea808fbdaf2a5375,V2_candidate_KNN,0.02601938703807919,0.030873638869213148,0.09742115651971542,0.1604057563893056,0.21254886060286515,0.4027711344003374,0.4582152206408489,0.48198222230929944,192,
ea808fbdaf2a5375,V2_Q_mahalanobis,1.597713077296734,1.837017530044883,2.3519240014678506,2.8244614763118485,3.1614146894351802,3.6401109398747598,3.9961754558114464,4.287656364929768,128,
e47dc9b07dd857a3,V1_IL_self_KNN,0.0574369914829731,0.060017784126102924,0.06645309552550316,0.0779174417257309,0.08728366903960705,0.10922028124332424,0.12341476865112781,0.12547680735588074,64,
e47dc9b07dd857a3,V1_candidate_KNN,0.20257324049152414,0.2942105382140002,0.3664183407592062,0.4223258904998638,0.5881476712193393,0.7160966031109336,1.2951641642925695,1.7629515065931352,128,1.0
e47dc9b07dd857a3,V2_IL_Q_to_R_KNN,0.03893820941448212,0.046089721471071245,0.051590463146567345,0.058025093749165535,0.06853345222771168,0.10261618942022323,0.16715397968888296,0.17976269125938416,128,
e47dc9b07dd857a3,V2_candidate_KNN,0.039529249586281213,0.05366901796113412,0.20905011614598,0.35382206348774636,0.44483665227771074,0.7102121240107072,1.4323484963992477,1.763923463570053,192,
e47dc9b07dd857a3,V2_Q_mahalanobis,2.013155073761354,2.278780275606011,2.7048154009226377,3.0391946492889086,3.341692890458945,3.984399792439846,4.285002187110865,4.492201127054888,128,
0d38caf0c7c650e8,V1_IL_self_KNN,0.027382338419556618,0.030112519394606352,0.03758804965764284,0.044864559546113014,0.05289505794644356,0.06396329291164875,0.08900554597377774,0.09457983076572418,64,
0d38caf0c7c650e8,V1_candidate_KNN,0.09630877914117389,0.12021473999761936,0.13474079733356414,0.18520606642091086,0.44666467429552786,0.9251257352657819,1.7270601667594385,2.124206374233833,128,1.0
0d38caf0c7c650e8,V2_IL_Q_to_R_KNN,0.021930668503046036,0.02580961277708411,0.030186107382178307,0.03416754491627216,0.042230989784002304,0.056368157453835006,0.0701322636008263,0.10202527046203613,128,
0d38caf0c7c650e8,V2_candidate_KNN,0.02462645237931209,0.030502878169011063,0.08067867722166225,0.13043942269080105,0.30955523623814857,0.7696408820419188,0.9172695049201125,0.9560247470907818,192,
0d38caf0c7c650e8,V2_Q_mahalanobis,1.4414954460144105,2.037064588889906,2.4356902164238545,2.7571719208384375,3.0866221883046805,3.8675075972950097,4.509797847944209,4.725742828071362,128,
3ac61ac2f2b652b7,V1_IL_self_KNN,0.024957869201898575,0.02872832827270031,0.03530176728963852,0.04257696494460106,0.051623971201479435,0.0668269883841276,0.07727459639310837,0.07753251492977142,64,
3ac61ac2f2b652b7,V1_candidate_KNN,0.06175957067678987,0.10057253466799713,0.11607742889057662,0.14293839652126777,0.30727904302222336,0.5392991474896095,0.6108475825436218,0.6462301650620341,128,0.984375
3ac61ac2f2b652b7,V2_IL_Q_to_R_KNN,0.02267463505268097,0.026888785418123007,0.03073602356016636,0.03408425860106945,0.0391893470659852,0.056243426352739316,0.0694366616010666,0.09616853296756744,128,
3ac61ac2f2b652b7,V2_candidate_KNN,0.026006594257671545,0.03123334064515437,0.062043019278289084,0.1045268428576425,0.20829603763706606,0.45715940752487005,0.5082623027228472,0.6092977853055024,192,
3ac61ac2f2b652b7,V2_Q_mahalanobis,1.7243467921485442,1.9886960115128527,2.5161201157651405,2.8002664815932286,3.1140647199161506,3.6207083697173865,4.3189449994779885,4.785922225955972,128,
0d9f56cc8fa15657,V1_IL_self_KNN,0.012537732720375061,0.013989211153239011,0.016400208231061697,0.018535278737545013,0.0226252730935812,0.031755869463086124,0.038646203018724914,0.03916944935917854,64,
0d9f56cc8fa15657,V1_candidate_KNN,0.047545476320253854,0.058229829105942446,0.09320453275256091,0.22971508361105475,0.26991138604560316,0.36400914103907,0.4222202970994307,0.4285323446158581,128,1.0
0d9f56cc8fa15657,V2_IL_Q_to_R_KNN,0.009782547131180763,0.012046570517122745,0.014370498480275273,0.017011264339089394,0.019468799699097872,0.023056085873395204,0.03409672301262619,0.05252022668719292,128,
0d9f56cc8fa15657,V2_candidate_KNN,0.010393070688411474,0.01556541903952051,0.052171022086713835,0.0898055502045073,0.2074034447343025,0.2696998627366747,0.33840661647616405,0.351467085735251,192,
0d9f56cc8fa15657,V2_Q_mahalanobis,1.4829107583650558,1.8573820992504715,2.2905879146086177,2.6153521585794604,3.002201898541458,3.5383474346582973,3.820410060920586,4.948026476246874,128,
296345c58a77547f,V1_IL_self_KNN,0.017313867807388306,0.01838751630857587,0.020614898297935724,0.023680394515395164,0.027736468240618706,0.04698877241462468,0.062245140150189365,0.07016940414905548,64,
296345c58a77547f,V1_candidate_KNN,0.03880146674274142,0.050670620090730326,0.09959718513689975,0.15349313593614033,0.6989626735940242,1.721238937065711,1.7522904745391263,1.7654073218768942,128,0.8359375
296345c58a77547f,V2_IL_Q_to_R_KNN,0.010810846462845802,0.0145469362847507,0.01806717226281762,0.020705394446849823,0.02436931896954775,0.03233023900538681,0.04606226947158576,0.05673610046505928,128,
296345c58a77547f,V2_candidate_KNN,0.012989326109938495,0.018668066396673306,0.04221670688300316,0.10323020858077603,0.47646857606776327,1.6752431010201403,1.7618477412786309,1.785779012401567,192,
296345c58a77547f,V2_Q_mahalanobis,1.6374504093091855,1.844176707481847,2.3426399787334615,2.699536787639466,3.05311116565152,3.7542872245073613,5.317851216514547,6.790527009375789,128,
94e9664fcf2d5f9e,V1_IL_self_KNN,0.01641112193465233,0.017179939523339273,0.020571978762745857,0.025847461074590683,0.029955383855849504,0.037427041307091694,0.06409968219697465,0.08869780600070953,64,
94e9664fcf2d5f9e,V1_candidate_KNN,0.04721351275417392,0.05883491096470333,0.07081691038375001,0.10203449387246048,0.21081020060205213,0.3378317958995703,0.36653273140525033,0.3741424803475131,128,0.609375
94e9664fcf2d5f9e,V2_IL_Q_to_R_KNN,0.014109104871749878,0.016170916985720395,0.018415280152112246,0.02201620116829872,0.029000123031437397,0.039111366868019096,0.05629591442644597,0.057504069060087204,128,
94e9664fcf2d5f9e,V2_candidate_KNN,0.015015583989759319,0.019955207771314445,0.03981965970637964,0.07061467228313992,0.1507879279546765,0.29332791797891333,0.34102659269846086,0.3657224218516525,192,
94e9664fcf2d5f9e,V2_Q_mahalanobis,1.4121606169446441,1.8422670459532986,2.2319457367114626,2.6380289320089405,3.080609337701137,3.634621888872014,3.761390300015113,3.8078302404574615,128,
a880ac22dd045d21,V1_IL_self_KNN,0.014829334802925587,0.018424800131469965,0.02478516474366188,0.03033471293747425,0.04064234904944897,0.06269592270255084,0.08781264193356025,0.1154060810804367,64,
a880ac22dd045d21,V1_candidate_KNN,0.0597640397531166,0.07261684073056837,0.09239486996842468,0.10973701060378792,0.48577869172002097,0.7122769091302625,0.7236050918075635,0.7333669228388983,128,0.4609375
a880ac22dd045d21,V2_IL_Q_to_R_KNN,0.013736057095229626,0.016077445913106204,0.01903917035087943,0.022198782302439213,0.027678093407303095,0.038593732006847854,0.06263529669493437,0.07345626503229141,128,
a880ac22dd045d21,V2_candidate_KNN,0.015697241432429936,0.021167034808698804,0.04926480437623812,0.09780560327544771,0.27854598252787954,0.6677752724131798,0.7016101730534834,0.7191062735234697,192,
a880ac22dd045d21,V2_Q_mahalanobis,1.4485891314382566,1.6303090604934134,2.071539026989022,2.5161113604819043,2.857574313698903,3.4287558520108927,3.6766459597906156,3.991737898310156,128,
5b3770f00cb55569,V1_IL_self_KNN,0.02117340825498104,0.022333235200494527,0.024973338469862938,0.02828275877982378,0.034712658263742924,0.05778155811130998,0.09062295563519,0.09190171957015991,64,
5b3770f00cb55569,V1_candidate_KNN,0.09246672466728753,0.1262021820494804,0.18876021935782433,0.263406813144141,0.33960173753294576,0.43289551417793454,0.4639669423232731,0.47134796922724326,128,1.0
5b3770f00cb55569,V2_IL_Q_to_R_KNN,0.014686927199363708,0.01705928612500429,0.02029321063309908,0.022955026477575302,0.02686091186478734,0.03474359046667814,0.04598250661045315,0.049592792987823486,128,
5b3770f00cb55569,V2_candidate_KNN,0.014405907276064533,0.0221247506310822,0.07719445772298114,0.14968569203432697,0.25444882323230356,0.39202815329404256,0.42869124096614,0.4617650494958692,192,
5b3770f00cb55569,V2_Q_mahalanobis,0.7386686744564924,1.6395625748619294,2.094364680519578,2.4924422957248358,2.917451948146543,3.536320957453331,4.012570769352956,5.565824210584323,128,
36c5c837df3259f8,V1_IL_self_KNN,0.027917783707380295,0.03279291018843651,0.03896916378289461,0.04326639883220196,0.05453223455697298,0.08295251950621597,0.09659501135349273,0.09969957172870636,64,
36c5c837df3259f8,V1_candidate_KNN,0.19244864953397578,0.2868537129880249,0.31339459535669806,0.42463995662105763,0.5124376032284197,1.6676403873584513,1.7560652592268884,1.8022057127455695,128,1.0
36c5c837df3259f8,V2_IL_Q_to_R_KNN,0.02134012244641781,0.027039699628949164,0.03180288337171078,0.03582840785384178,0.04151596315205097,0.05982661638408899,0.07820252560079102,0.09062080085277557,128,
36c5c837df3259f8,V2_candidate_KNN,0.023656533150574473,0.0324969580272124,0.15486894946241078,0.28283422154245286,0.4342667574029413,1.473541129833648,1.7247301660703387,1.7601520351364635,192,
36c5c837df3259f8,V2_Q_mahalanobis,1.7706216022393126,2.0572594901752517,2.486283168433841,2.8539994065334886,3.3606762666815886,3.9471743692971106,4.2087438316151635,4.606715974812391,128,
665c2a0c88735b1f,V1_IL_self_KNN,0.03727836534380913,0.039276719093322754,0.04741427768021822,0.05296092852950096,0.06731013394892216,0.08705671243369577,0.11299924202263353,0.1160501092672348,64,
665c2a0c88735b1f,V1_candidate_KNN,0.160987296840283,0.22665685125876828,0.2527775671297072,0.28693628454632486,0.32991305018914646,0.4312324889769349,0.48751497097784136,0.49892089390695415,128,1.0
665c2a0c88735b1f,V2_IL_Q_to_R_KNN,0.02606406807899475,0.03266873359680176,0.039526673033833504,0.04426932707428932,0.049567339941859245,0.0654471680521965,0.09228072501719005,0.16534963250160217,128,
665c2a0c88735b1f,V2_candidate_KNN,0.03377602642240272,0.0407547693488956,0.11223317966654837,0.23643513965957233,0.2853307871471208,0.35571235204888496,0.4289624704421633,0.4394150587536972,192,
665c2a0c88735b1f,V2_Q_mahalanobis,1.3914758138124872,2.039737766336151,2.573100885001237,2.8604552556952347,3.4109992111486993,4.103586753449527,4.698553035450614,4.828221539925545,128,
24d4a97bf17f5883,V1_IL_self_KNN,0.009781134314835072,0.010537965968251229,0.011805016780272126,0.01292754802852869,0.01427538157440722,0.024773250613361573,0.042021232880651925,0.04781138151884079,64,
24d4a97bf17f5883,V1_candidate_KNN,0.02684982262355719,0.028480746738493688,0.11080855756963981,0.2107219675092935,0.3309136162969072,0.37749739031072554,0.4332106140517225,0.4485090197977627,128,0.84375
24d4a97bf17f5883,V2_IL_Q_to_R_KNN,0.006991981528699398,0.007916675508022308,0.009072873741388321,0.010226377751678228,0.01237250934354961,0.01674886411055921,0.03961247939616443,0.04687441140413284,128,
24d4a97bf17f5883,V2_candidate_KNN,0.00756390732731631,0.009008202145378931,0.03647315319738389,0.11088390034594697,0.21251840070717237,0.3656380024505294,0.38055152324469516,0.44052722878754896,192,
24d4a97bf17f5883,V2_Q_mahalanobis,1.884584288088261,2.229719739970874,2.7017041694203034,3.0165419949704204,3.484525066059689,4.286411059318409,5.31204766086557,7.331839981406311,128,
acb286057ba859da,V1_IL_self_KNN,0.031508803367614746,0.0355786357074976,0.04059554077684879,0.04717886075377464,0.05404311791062355,0.08100574091076847,0.11335874333977698,0.11581529676914215,64,
acb286057ba859da,V1_candidate_KNN,0.16057134360842656,0.2196965654269567,0.3736739814177642,0.4299351038414171,0.4750251170493636,0.913859829031655,1.0784146151668603,1.107481360166647,128,1.0
acb286057ba859da,V2_IL_Q_to_R_KNN,0.025473719462752342,0.029422347247600556,0.03440533112734556,0.03861313872039318,0.04533759970217943,0.05800066832453011,0.0700085312873125,0.09182560443878174,128,
acb286057ba859da,V2_candidate_KNN,0.027237207110231875,0.039318192437606335,0.12281456954180071,0.2949573937780119,0.3809012196140051,0.7385869371669486,0.964166838492849,1.0317792400630563,192,
acb286057ba859da,V2_Q_mahalanobis,1.5717437728841084,1.9779226888465267,2.4482445271887583,2.79452787920207,3.2454282241136863,3.7468199420087807,4.04884083104322,4.200503423998542,128,
4f0df6de49515352,V1_IL_self_KNN,0.05040474981069565,0.05139405038207769,0.05520646832883358,0.06311788782477379,0.07513404823839664,0.09762111455202101,0.11808772630989545,0.1341792792081833,64,
4f0df6de49515352,V1_candidate_KNN,0.1980813915662616,0.2505357929053934,0.30966036813577885,0.4008883777339276,0.4620288403885402,1.6486789149725527,1.700852741590761,1.7746376856236878,128,1.0
4f0df6de49515352,V2_IL_Q_to_R_KNN,0.03761894628405571,0.04540017060935497,0.04992847051471472,0.054778411984443665,0.06439723074436188,0.08934159241616724,0.12374078884720816,0.15449227392673492,128,
4f0df6de49515352,V2_candidate_KNN,0.042303407507501764,0.053126616006635215,0.1857475244195171,0.2883720945961036,0.4049124313184707,1.4305206807445945,1.6561220770380642,1.7485998514599892,192,
4f0df6de49515352,V2_Q_mahalanobis,1.54537315254171,2.1968722110732872,2.560345887929908,3.052535829468739,3.3881584124083752,4.005775510386385,4.447122344493887,4.546191273186699,128,
482b5439cb6c5350,V1_IL_self_KNN,0.02869478426873684,0.030677767284214497,0.03440974839031696,0.039252277463674545,0.048111407086253166,0.06541894562542436,0.1000169894099234,0.1367863118648529,64,
482b5439cb6c5350,V1_candidate_KNN,0.05927145637673854,0.09545216703177178,0.13076510066674302,0.18411284610127598,0.24338503792308713,0.34982818477048777,0.38125397675750816,0.3924671825907152,128,0.6953125
482b5439cb6c5350,V2_IL_Q_to_R_KNN,0.023387333378195763,0.027293616253882647,0.03167033474892378,0.03555915877223015,0.04314757231622934,0.05765104126185175,0.07110453307628632,0.07518553733825684,128,
482b5439cb6c5350,V2_candidate_KNN,0.02563683219553965,0.032352791430639107,0.058072155500983144,0.09232585185199338,0.16570528280316102,0.3062043582788262,0.34008801754314233,0.3592248602864849,192,
482b5439cb6c5350,V2_Q_mahalanobis,1.4815876139282356,1.8287099697136224,2.214100947700046,2.578515262982293,2.9216720945979606,3.736350389864261,4.254502452215078,4.314735190308024,128,
a84fec66330e5157,V1_IL_self_KNN,0.03184711933135986,0.03577730115503073,0.040455710142850876,0.048009369522333145,0.05795960780233145,0.07649816386401652,0.08559789672493934,0.088338203728199,64,
a84fec66330e5157,V1_candidate_KNN,0.08911264886389812,0.11027005049363246,0.12110175406476315,0.17549932231852428,0.3778425199049177,1.2086888420349309,1.376139529577481,1.4110472076444744,128,1.0
a84fec66330e5157,V2_IL_Q_to_R_KNN,0.024833621457219124,0.027699766401201486,0.03346545901149511,0.03813681937754154,0.045822303742170334,0.05927834156900643,0.08584437087178233,0.0904349833726883,128,
a84fec66330e5157,V2_candidate_KNN,0.030835425301713987,0.037152806301142594,0.09030545229293155,0.12118078367117924,0.29178646248911133,1.0561034660056914,1.142383423488569,1.2948537412054406,192,
a84fec66330e5157,V2_Q_mahalanobis,1.6876945610078669,1.9444178588956036,2.426289121619972,2.802576175669752,3.099530243413131,3.8333852069016148,4.364989622121219,4.5010557596382,128,
02ef12eeec9c5667,V1_IL_self_KNN,0.049593664705753326,0.050922258757054806,0.055876499973237514,0.06202726997435093,0.06776038929820061,0.09477752484381198,0.11257184699177736,0.12712302803993225,64,
02ef12eeec9c5667,V1_candidate_KNN,0.26251528747368236,0.3062861131376815,0.3833376865345245,0.4187816199404288,0.456823938862865,0.5078461898137662,0.522075701346954,0.5813367483362357,128,1.0
02ef12eeec9c5667,V2_IL_Q_to_R_KNN,0.033978842198848724,0.04031150918453932,0.047182790003716946,0.05472238548099995,0.06191134639084339,0.08200119249522683,0.10330594427883628,0.11920696496963501,128,
02ef12eeec9c5667,V2_candidate_KNN,0.03370693151084946,0.046382438291923504,0.1384157904082927,0.31546979011659415,0.3772128369129123,0.4611542877312377,0.5343467030407583,0.5387987951890734,192,
02ef12eeec9c5667,V2_Q_mahalanobis,2.0065205055728104,2.282817371652315,2.6620240856921145,3.1160217695834125,3.5557866879936575,4.026722102461373,4.28564071174551,4.585280817152197,128,
076f5a91273050e6,V1_IL_self_KNN,0.03550804406404495,0.04070200864225626,0.04745838884264231,0.05028351582586765,0.057828682474792004,0.07964281551539897,0.09443852014839646,0.10100642591714859,64,
076f5a91273050e6,V1_candidate_KNN,0.05408424579212212,0.058086194292866385,0.09668437156957857,0.21154061839954674,0.4883205833797546,0.5925621309663762,0.671610680625718,0.6846185311692164,128,0.6875
076f5a91273050e6,V2_IL_Q_to_R_KNN,0.03285742178559303,0.03634633217006922,0.04033397696912289,0.04434950090944767,0.050936044193804264,0.06225478183478117,0.06678866170346738,0.10202505439519882,128,
076f5a91273050e6,V2_candidate_KNN,0.03076959428913408,0.03978121709154183,0.05841973217531451,0.10953283141317278,0.26319703216260215,0.5226059502001591,0.6011729840266627,0.6263942670952123,192,
076f5a91273050e6,V2_Q_mahalanobis,2.159755025586139,2.4815632543893726,2.8944242446394908,3.311802272582903,3.83271528921205,4.518600101150577,4.690917494905024,4.737209139528598,128,
a566b5f3bd0c5522,V1_IL_self_KNN,0.029443180188536644,0.03363531772047281,0.03950994461774826,0.04587852954864502,0.05673037748783827,0.08307019248604773,0.10642609737813466,0.12197277694940567,64,
a566b5f3bd0c5522,V1_candidate_KNN,0.26578236152345963,0.30080771814319257,0.3427619043952933,0.6751891749021806,0.916931546280202,1.1007851716768626,1.1336321990099338,1.2022849871131036,128,1.0
a566b5f3bd0c5522,V2_IL_Q_to_R_KNN,0.026388544589281082,0.0296946388669312,0.034606111235916615,0.03895101137459278,0.046343917958438396,0.07180968783795834,0.07889502480626107,0.08106403797864914,128,
a566b5f3bd0c5522,V2_candidate_KNN,0.025327856379611526,0.037008368107398625,0.16970450591184433,0.31856669401523424,0.6198856796831851,1.0082781807494814,1.040603951502904,1.1368137409086956,192,
a566b5f3bd0c5522,V2_Q_mahalanobis,1.2158391306073848,1.8120786063937322,2.134120500039261,2.4332359367645067,2.9047173410369034,3.5846655462556605,3.92831418112871,4.549415990828918,128,
fe1348a14b7f5fda,V1_IL_self_KNN,0.030218351632356644,0.03152753282338381,0.037185853347182274,0.04366286285221577,0.051444520242512226,0.06335801035165786,0.08444890335202207,0.10832548141479492,64,
fe1348a14b7f5fda,V1_candidate_KNN,0.07049809023813,0.08076381213034912,0.11150005226452477,0.15931324380585243,0.4325995822122506,0.49410867553063054,0.5191413374932768,0.5260317576567128,128,0.8125
fe1348a14b7f5fda,V2_IL_Q_to_R_KNN,0.025565898045897484,0.02788889007642865,0.03260781802237034,0.03549669310450554,0.041296360082924366,0.05701251700520513,0.06521756418049336,0.08446185290813446,128,
fe1348a14b7f5fda,V2_candidate_KNN,0.02548378133985857,0.03300849668979714,0.06667340456845229,0.1174891077954188,0.24918774398569893,0.456071119200873,0.5091946117436362,0.5191168306826788,192,
fe1348a14b7f5fda,V2_Q_mahalanobis,1.877931839700269,2.4544406740675173,2.989888440631212,3.3548265862907485,3.7702706279067506,4.1243469522808685,4.317503326154603,4.496441851458671,128,
cf430322beb852ca,V1_IL_self_KNN,0.027733108028769493,0.029257570020854475,0.03456874564290047,0.04184333421289921,0.0473533570766449,0.06643780861049887,0.08582983955740928,0.08769864588975906,64,
cf430322beb852ca,V1_candidate_KNN,0.1394289840129252,0.15151166131872243,0.16589409519149223,0.1882317266743082,0.36359418581343494,0.43423298201235366,0.4541333998357089,0.4697315677956425,128,1.0
cf430322beb852ca,V2_IL_Q_to_R_KNN,0.01912744902074337,0.02605430595576763,0.029215463437139988,0.03368917666375637,0.040107982233166695,0.06933921538293361,0.087049971818924,0.11038044840097427,128,
cf430322beb852ca,V2_candidate_KNN,0.026221516033813723,0.033046675711524934,0.08877914252717063,0.16759711550153517,0.22804114702917788,0.3971637054983475,0.41987543058886945,0.4386217943476208,192,
cf430322beb852ca,V2_Q_mahalanobis,1.3584796685459979,1.7319733168235778,2.1892031295584617,2.4857592695690838,2.8565865220889175,3.6315257342877345,3.9693005003147803,5.083341254769792,128,
05986621844f54a2,V1_IL_self_KNN,0.03404834121465683,0.03619056828320026,0.042384399101138115,0.051113311201334,0.059816823340952396,0.08818976432085032,0.1025453589111566,0.11815601587295532,64,
05986621844f54a2,V1_candidate_KNN,0.6186511257498414,0.6662461025571984,0.800519324718393,0.8777001393912823,0.9404830948827535,1.1151251229929124,1.2255612703466126,1.2370799569769062,128,1.0
05986621844f54a2,V2_IL_Q_to_R_KNN,0.03180686756968498,0.0334671238437295,0.03751648589968681,0.041251130402088165,0.04651121515780687,0.0645010571926832,0.08811778582632544,0.09171334654092789,128,
05986621844f54a2,V2_candidate_KNN,0.031351801163440086,0.037883471435926366,0.27774593845205725,0.7048022508553745,0.8856240485223745,1.019128310955653,1.1289821109816738,1.207858872235764,192,
05986621844f54a2,V2_Q_mahalanobis,1.912179705896727,2.483188232766059,3.0090943338754657,3.321281311821524,3.7288665237435286,4.395818394421824,4.600073012398254,5.294850964107134,128,
37ab6257bb545b45,V1_IL_self_KNN,0.024138079956173897,0.02670295313000679,0.0321553610265255,0.03527497872710228,0.04013185761868954,0.05776517838239669,0.0898969981074332,0.11976750195026398,64,
37ab6257bb545b45,V1_candidate_KNN,0.05179238230990826,0.06020372372980477,0.07377837501434054,0.11547127773166496,0.49997620797810977,0.6960501817832226,0.9029861744246747,0.9374817081162228,128,0.4765625
37ab6257bb545b45,V2_IL_Q_to_R_KNN,0.016237372532486916,0.020659248251467942,0.025249287486076355,0.028917464427649975,0.0349544370546937,0.04750967752188444,0.05758766166865826,0.07920113950967789,128,
37ab6257bb545b45,V2_candidate_KNN,0.01878297418821177,0.02471767592663231,0.04745151013266159,0.07880921475032285,0.34096449791712424,0.645654761943118,0.7548767825202541,0.9172713964167079,192,
37ab6257bb545b45,V2_Q_mahalanobis,1.2977322872374157,1.8867546207520145,2.448854269663202,2.769239299934898,3.0956297563966504,3.6988944061806635,4.5948115954053215,4.860197506920125,128,
1526e5b224665c7e,V1_IL_self_KNN,0.024830497801303864,0.02651515053585172,0.033077473752200603,0.03954617120325565,0.04569540172815323,0.057974853739142414,0.10557264514267439,0.11880822479724884,64,
1526e5b224665c7e,V1_candidate_KNN,0.12338369251469214,0.1695946745895943,0.19513121434231803,0.27375024741880594,0.8042682709803504,2.0561829446034934,2.159968666049628,2.1795166173173977,128,1.0
1526e5b224665c7e,V2_IL_Q_to_R_KNN,0.02013620175421238,0.022820230666548015,0.02636848809197545,0.030033635906875134,0.03456601407378912,0.04850457608699798,0.07044682681560524,0.08698287606239319,128,
1526e5b224665c7e,V2_candidate_KNN,0.018919414206807917,0.025806978208932962,0.13467875990979597,0.1892130796017022,0.5369552563251759,1.8353063637977565,2.0848776101654463,2.135839797051615,192,
1526e5b224665c7e,V2_Q_mahalanobis,1.4614263986862652,1.8154197949444564,2.2349131364023203,2.5409734253058724,2.828431304613405,3.2590178580538387,3.6622448253897524,3.699221210505016,128,
66df470c3c2c5b62,V1_IL_self_KNN,0.029867272824048996,0.034735489264130594,0.03900277614593506,0.043279869481921196,0.05192923452705145,0.07916570454835886,0.10021917209029196,0.10281269252300262,64,
66df470c3c2c5b62,V1_candidate_KNN,0.07846255967142708,0.0870385207254035,0.09819365502399995,0.12473278572834577,0.3008355964521101,0.5120900678391751,0.5342516813506573,0.5726657648318889,128,0.6953125
66df470c3c2c5b62,V2_IL_Q_to_R_KNN,0.022679109126329422,0.026378385629504918,0.0335827749222517,0.036560747772455215,0.04221154376864433,0.05886104181408879,0.08607069283723838,0.10216076672077179,128,
66df470c3c2c5b62,V2_candidate_KNN,0.026541850829259687,0.031378710606120894,0.06144158020415621,0.09176544600613942,0.19077684196058523,0.4913697515052463,0.5523227925968709,0.5977885303017911,192,
66df470c3c2c5b62,V2_Q_mahalanobis,1.1746738683027451,2.029784094042447,2.5101253257141942,2.918408190083583,3.251511575862895,3.6880921796039474,4.04852284474885,4.3168926700225025,128,
ce800a53730f5ae7,V1_IL_self_KNN,0.02564469538629055,0.028261477686464788,0.03658515587449074,0.04385111480951309,0.052444797940552235,0.06542859002947807,0.08131962254643432,0.10211698710918427,64,
ce800a53730f5ae7,V1_candidate_KNN,0.12665187359420593,0.13942433591280695,0.15561308891837072,0.17189361600582992,0.24873021061523787,0.5414386883539075,0.6105887742748177,0.7847304898431176,128,1.0
ce800a53730f5ae7,V2_IL_Q_to_R_KNN,0.017467046156525612,0.024746366403996946,0.028512523975223303,0.03362167812883854,0.04017583839595318,0.05899295601993799,0.10941567942500136,0.1295352578163147,128,
ce800a53730f5ae7,V2_candidate_KNN,0.021309856599537824,0.030965474247719216,0.07770745375349604,0.14471889485478773,0.1987513756520666,0.47955646803853363,0.6009782210591792,0.7452486115945194,192,
ce800a53730f5ae7,V2_Q_mahalanobis,1.153508249771355,1.626474338790113,2.0674822267033384,2.430741790093104,2.822968155988895,3.5319747141433853,3.8294142613032895,4.099044393574513,128,
7ff20da52e205bf0,V1_IL_self_KNN,0.036677390336990356,0.04029978141188621,0.04504356998950243,0.05051027238368988,0.058778480626642704,0.06995980106294154,0.08701531261205671,0.09314920008182526,64,
7ff20da52e205bf0,V1_candidate_KNN,0.08779274499034954,0.10225457565136802,0.3176210986371279,0.3639177101296104,0.8048335649443081,1.1387403739736897,1.1815352973881814,1.210371236809296,128,0.9765625
7ff20da52e205bf0,V2_IL_Q_to_R_KNN,0.0280817449092865,0.03542368039488793,0.0408306997269392,0.04447340965270996,0.049536547623574734,0.06087872684001922,0.06570462673902512,0.11216671764850616,128,
7ff20da52e205bf0,V2_candidate_KNN,0.028427501672815148,0.039285697159525186,0.0595331582208758,0.24550094651429455,0.43684416503364176,0.9798224166471308,1.0673484850248098,1.124777248141885,192,
7ff20da52e205bf0,V2_Q_mahalanobis,2.2014431629988644,2.398450188986139,2.758601728639144,3.07326241332936,3.386775192235636,3.9207875524432443,4.192516521709508,4.395996827560452,128,
9c9fd38ec0485088,V1_IL_self_KNN,0.022931072860956192,0.026244402397423983,0.030334773939102888,0.03528693504631519,0.04364510625600815,0.07396263256669043,0.09199375703930855,0.0924074649810791,64,
9c9fd38ec0485088,V1_candidate_KNN,0.10319407162035643,0.16190065991318633,0.21009860838096603,0.3515189756686157,0.4880488533427931,0.9035298549020275,0.9383954701909676,0.93942764030378,128,1.0
9c9fd38ec0485088,V2_IL_Q_to_R_KNN,0.018918117508292198,0.021895955316722393,0.025835703127086163,0.028488950803875923,0.033900984562933445,0.04616629462689161,0.05731998652219773,0.06314966827630997,128,
9c9fd38ec0485088,V2_candidate_KNN,0.021100517743535264,0.028726716699940417,0.1245607928166991,0.19509136193138787,0.3693554168471051,0.797318874402587,0.892955036936802,0.8978194045226662,192,
9c9fd38ec0485088,V2_Q_mahalanobis,1.4360381144725962,1.708568298251225,2.144547357669966,2.476774052155103,2.790869853184228,3.2042351825119906,3.3651260256472906,3.6245194376234853,128,
ec90c27de29a594c,V1_IL_self_KNN,0.027257785201072693,0.028424580208957197,0.03250558488070965,0.03527069836854935,0.04020236060023308,0.057221259921789155,0.09114130608737463,0.10518778860569,64,
ec90c27de29a594c,V1_candidate_KNN,0.10677424069242492,0.12471941876551697,0.21418145581524237,0.2431728166251545,0.3630268295531298,0.41317176798999355,0.504152566012262,1.5798047193669789,128,1.0
ec90c27de29a594c,V2_IL_Q_to_R_KNN,0.02204059436917305,0.02280795183032751,0.026381823234260082,0.02876427862793207,0.032427022233605385,0.041260432824492446,0.0482536041736603,0.0593060627579689,128,
ec90c27de29a594c,V2_candidate_KNN,0.02159088138415697,0.027572459674160648,0.0864425308548018,0.19441427846401882,0.24850361563677936,0.38872504465527,0.4306226624614156,0.49430711334866084,192,
ec90c27de29a594c,V2_Q_mahalanobis,1.7699788645319294,2.26482164755724,2.6102427799625474,2.920614020257225,3.4117513054615416,3.9142586267867374,4.1430214981885545,4.345958520235511,128,
86c52dfec8425716,V1_IL_self_KNN,0.02727462351322174,0.028132141660898925,0.03178762551397085,0.03585347160696983,0.03997476305812597,0.05403642058372496,0.06391405396163462,0.06890693306922913,64,
86c52dfec8425716,V1_candidate_KNN,0.07671419760522555,0.09661854879774302,0.10907851765959334,0.18173890243452598,0.5449860863539767,0.9549366760210631,1.0616981148391131,1.2329847484834822,128,1.0
86c52dfec8425716,V2_IL_Q_to_R_KNN,0.019307449460029602,0.022585305199027062,0.026072929613292217,0.029286473989486694,0.035522921942174435,0.04458408746868371,0.05300997644662859,0.07358857989311218,128,
86c52dfec8425716,V2_candidate_KNN,0.021261028239503994,0.026987649000787328,0.07929577849648511,0.11877671646301421,0.34929419268577144,0.7840839908923086,0.9530991931946446,0.9605184100619709,192,
86c52dfec8425716,V2_Q_mahalanobis,1.4796494042645623,1.993413729055652,2.4101639167542674,2.7278118397779707,3.1023147824437234,3.9256570989781654,4.2421005213507765,4.852780899556969,128,
0f54c1a676a954ce,V1_IL_self_KNN,0.02048904076218605,0.021348622255027296,0.02552263718098402,0.029270649887621403,0.03850080259144306,0.05287223644554613,0.09069506093859665,0.10813204944133759,64,
0f54c1a676a954ce,V1_candidate_KNN,0.22546187161148254,0.3277187645482953,0.36967893722133865,0.4011800917049826,0.44139748669585466,0.4811791545011383,0.518450950306541,0.527689960870249,128,1.0
0f54c1a676a954ce,V2_IL_Q_to_R_KNN,0.017367379739880562,0.01955814501270652,0.02404516516253352,0.02632101345807314,0.030818337108939886,0.04149397592991585,0.05588796798139815,0.11262848228216171,128,
0f54c1a676a954ce,V2_candidate_KNN,0.018811190255935015,0.023631115385740593,0.13741402256497684,0.3208348075671358,0.3829833857173347,0.4547509042554154,0.4879547384726687,0.5570070790691185,192,
0f54c1a676a954ce,V2_Q_mahalanobis,1.5490526650499368,2.089442324013709,2.393973158267775,2.614940039317198,2.977243406922764,3.5384542763499667,4.056415182830011,4.664998964239379,128,
a86e7f16bd64596a,V1_IL_self_KNN,0.03903375566005707,0.0434134591370821,0.05090865585952997,0.05828171223402023,0.0688017625361681,0.11880908422172064,0.13888479530811304,0.15172281861305237,64,
a86e7f16bd64596a,V1_candidate_KNN,0.30896551739831246,0.3735548845328195,0.542369361158369,0.9671126200284397,1.0895935354695938,1.1826529805834118,1.2429815283773598,1.2604928338528292,128,1.0
a86e7f16bd64596a,V2_IL_Q_to_R_KNN,0.02856423892080784,0.03550182282924652,0.04230523854494095,0.04809509217739105,0.0544055737555027,0.0691048864275217,0.08501779325306418,0.08978695422410965,128,
a86e7f16bd64596a,V2_candidate_KNN,0.035689064955869605,0.04413747573496964,0.2172174152820111,0.4827418921636476,0.9830963834546553,1.1517384440788097,1.283546517999767,1.3155420638811126,192,
a86e7f16bd64596a,V2_Q_mahalanobis,1.57262217404889,1.963130605185295,2.5673568243001306,2.848899799252875,3.279156728042293,3.8583131550515666,4.003872485360692,4.471898135277807,128,
cb397fd17507594b,V1_IL_self_KNN,0.01717645302414894,0.017573730647563936,0.01989829959347844,0.022826174274086952,0.02878093672916293,0.042273288220167154,0.05840700674802064,0.06011129543185234,64,
cb397fd17507594b,V1_candidate_KNN,0.15137402817665943,0.16463007821168815,0.22991547456994732,0.25639282652925766,0.3008966530730832,0.5250222208400299,0.6397375882437836,1.1148168905140765,128,1.0
cb397fd17507594b,V2_IL_Q_to_R_KNN,0.013318422250449657,0.015330162039026618,0.01780874002724886,0.020452060736715794,0.02457478828728199,0.03433286529034375,0.048627186454832584,0.08899931609630585,128,
cb397fd17507594b,V2_candidate_KNN,0.015373099855449804,0.018120956757474903,0.11356339035916699,0.20148473369253672,0.2687856833767389,0.4899175052413439,0.6664772792298197,1.0598405361720693,192,
cb397fd17507594b,V2_Q_mahalanobis,1.1505985529593519,1.4510791073842777,1.955025049078241,2.287997647363035,2.6228299542417832,3.2909095958728685,4.151833967596501,4.594021833722707,128,
c84f1984d6e459d4,V1_IL_self_KNN,0.0420825257897377,0.04535379968583584,0.05210188403725624,0.05524848401546478,0.06227416731417179,0.08588309884071345,0.1514431664347647,0.19206461310386658,64,
c84f1984d6e459d4,V1_candidate_KNN,0.4384213825533577,0.5219399853609895,0.6343286695633137,0.810339182619933,0.9049096335726828,1.0545167596621146,1.1080530512225526,1.1092307858144275,128,1.0
c84f1984d6e459d4,V2_IL_Q_to_R_KNN,0.032884884625673294,0.035097754746675494,0.03998412936925888,0.0461739394813776,0.050763675943017006,0.06350662037730215,0.07315731249749663,0.07501519471406937,128,
c84f1984d6e459d4,V2_candidate_KNN,0.03193964221593955,0.04163437890426047,0.2210041069228753,0.5741416695510988,0.8782067502851768,1.023064477567037,1.1340340128278974,1.1364770165115912,192,
c84f1984d6e459d4,V2_Q_mahalanobis,2.072950841344556,2.5578033484095926,3.074607275765062,3.410573930117052,3.864900298443378,4.360289687407439,4.593660634206504,4.749745783617665,128,
8b744d45e7945aa5,V1_IL_self_KNN,0.011339016258716583,0.012679410073906184,0.013700678013265133,0.015670550987124443,0.019877003971487284,0.03517389465123411,0.05566912878304711,0.0763239711523056,64,
8b744d45e7945aa5,V1_candidate_KNN,0.024681833463198792,0.03718895054143034,0.06886625798682695,0.14340483777855195,0.3373158023879345,0.3811617122140365,0.40261146056973934,0.43331728038204237,128,0.71875
8b744d45e7945aa5,V2_IL_Q_to_R_KNN,0.008915667422115803,0.009989177621901036,0.011887910077348351,0.013658616226166487,0.015537840547040105,0.020578081253916025,0.023283554892987016,0.023814460262656212,128,
8b744d45e7945aa5,V2_candidate_KNN,0.0097542509337965,0.012716667105633924,0.038610449754943744,0.0965812518040679,0.20793001337945724,0.3607517378589632,0.3935083759230748,0.3989445538860986,192,
8b744d45e7945aa5,V2_Q_mahalanobis,2.0254362789722906,2.362939745956715,2.787828047165175,3.0633685185643142,3.5811221699534412,4.273134448689404,4.934743352247373,5.048464901549715,128,
68f3beae8cd25dba,V1_IL_self_KNN,0.03109823539853096,0.0326901625841856,0.0402003712952137,0.04912744648754597,0.05996167566627264,0.0902744881808757,0.12601088285446163,0.13682986795902252,64,
68f3beae8cd25dba,V1_candidate_KNN,0.1117260578713762,0.12898913607440782,0.1466484594561978,0.18125104052658533,0.3366218730886827,0.7677755913288751,0.9032324010149522,0.9766640582653452,128,0.90625
68f3beae8cd25dba,V2_IL_Q_to_R_KNN,0.027112822979688644,0.03301758952438831,0.036290042102336884,0.04060904122889042,0.047908611595630646,0.06695685535669327,0.09496348887681968,0.10889694839715958,128,
68f3beae8cd25dba,V2_candidate_KNN,0.03143044523330603,0.03784290696232976,0.08748532875555531,0.13761655526946592,0.2553284148690954,0.7085246779662399,0.9065705303462556,0.9911007220253578,192,
68f3beae8cd25dba,V2_Q_mahalanobis,1.4324330030173458,2.016522490716027,2.4986756621341932,2.8809940804157588,3.221694878457363,3.7675642634987594,4.191088964338764,4.358103844860837,128,
aff2feebf9cb5afb,V1_IL_self_KNN,0.01710999570786953,0.017894733883440494,0.020934527274221182,0.0243074968457222,0.028311751317232847,0.04857908077538007,0.09153838053345678,0.0984630435705185,64,
aff2feebf9cb5afb,V1_candidate_KNN,0.06680961911519792,0.11383192023184435,0.17548032836045876,0.34308475439134856,0.4471634591219045,0.6022558803718465,0.6152665796378467,0.6408485243923223,128,0.96875
aff2feebf9cb5afb,V2_IL_Q_to_R_KNN,0.013115787878632545,0.01622915081679821,0.01874720212072134,0.020805200561881065,0.02440311061218381,0.03396779652684926,0.0487878935784102,0.052454739809036255,128,
aff2feebf9cb5afb,V2_candidate_KNN,0.012836650970269708,0.01842240578812958,0.08850548496500868,0.151124361164823,0.3303628300889519,0.5740236526679086,0.6086123771445944,0.6287945293579847,192,
aff2feebf9cb5afb,V2_Q_mahalanobis,1.3051704244259839,1.5230746955822523,1.9682886266833568,2.2537021532493364,2.68484745515196,3.3436500008866026,4.108346824317296,5.706065969784238,128,
6e7bf5900d7f594f,V1_IL_self_KNN,0.040033161640167236,0.04076996631920338,0.04855279065668583,0.0530132707208395,0.061030094511806965,0.08391721807420252,0.1020403805375098,0.13116906583309174,64,
6e7bf5900d7f594f,V1_candidate_KNN,0.37885514432514755,0.4526123558040958,0.5157975400473745,0.5846886957905812,0.72435643523875,1.489409633040937,1.5839439501316652,2.9220999679563904,128,1.0
6e7bf5900d7f594f,V2_IL_Q_to_R_KNN,0.02970074489712715,0.03162182383239269,0.037489600479602814,0.042827973142266273,0.050262351520359516,0.06318106725811957,0.07493368551135067,0.0844927579164505,128,
6e7bf5900d7f594f,V2_candidate_KNN,0.031151133871857105,0.03574559874790136,0.23828482527539505,0.4704719476836252,0.6245060580257734,1.434821356392796,1.792674979187767,2.8899014745250327,192,
6e7bf5900d7f594f,V2_Q_mahalanobis,2.0256147068397174,2.1517312816095884,2.7568460084701827,3.1654111462473824,3.544134050659667,4.216712849116134,4.526323176908283,5.356872039906084,128,
7da6b01adf435bd5,V1_IL_self_KNN,0.029814371839165688,0.03312040250748396,0.03595361392945051,0.04132428765296936,0.04888186510652304,0.06979325264692307,0.11128438889980298,0.15662634372711182,64,
7da6b01adf435bd5,V1_candidate_KNN,0.1610594408178742,0.25528410179848154,0.3442852931727964,0.4419046701989518,0.5425257970730464,1.2169274811699788,1.3354183215909599,1.3521017953213064,128,1.0
7da6b01adf435bd5,V2_IL_Q_to_R_KNN,0.02502650022506714,0.027389123942703007,0.03454193379729986,0.03778880275785923,0.04247876815497875,0.050448454916477196,0.06251729402691127,0.07715757191181183,128,
7da6b01adf435bd5,V2_candidate_KNN,0.02648120523063202,0.03963662015229526,0.14242121707947997,0.2652925111959513,0.42951978085429954,1.0499301719168408,1.2097128373354824,1.2967739099225628,192,
7da6b01adf435bd5,V2_Q_mahalanobis,1.754043743510999,2.0712978192798652,2.566200437618602,2.8828861050521803,3.2482950085850857,3.64525563448912,4.225035667211366,4.648452148811131,128,
4934fe6008f8564b,V1_IL_self_KNN,0.03012009896337986,0.03173100985586643,0.037193842232227325,0.04602920822799206,0.05563254468142986,0.08592840544879433,0.11184959389269351,0.11457391828298569,64,
4934fe6008f8564b,V1_candidate_KNN,0.09160530764023889,0.12555423060400328,0.17973320312425367,0.29675949517480227,0.44780600511547863,0.7514116374205829,0.893635830343481,1.0021260840548105,128,0.9765625
4934fe6008f8564b,V2_IL_Q_to_R_KNN,0.026162266731262207,0.02891872376203537,0.035277058370411396,0.041460465639829636,0.046059281565248966,0.06304206438362597,0.08549802564084533,0.08847639709711075,128,
4934fe6008f8564b,V2_candidate_KNN,0.028680815567787354,0.03574765342789309,0.11103247862617209,0.17276745377023317,0.31642399806381744,0.5846373753678258,0.7682479119030811,0.9493909290899472,192,
4934fe6008f8564b,V2_Q_mahalanobis,1.6691295511523088,2.0541487179320423,2.407853894742737,2.8198300969713213,3.1751778515249813,3.654972336262268,3.990827750142939,4.603043517756793,128,
c0c2ed50261f54e5,V1_IL_self_KNN,0.033564336597919464,0.035223562456667426,0.03884528763592243,0.0427689254283905,0.049979351460933685,0.06278420351445674,0.06943372473120688,0.07243824005126953,64,
c0c2ed50261f54e5,V1_candidate_KNN,0.28322728897366756,0.311971749258675,0.34747339759014717,0.45975689339714865,0.527246563387814,1.0005502037700533,1.1017190613309196,1.1746122749951002,128,1.0
c0c2ed50261f54e5,V2_IL_Q_to_R_KNN,0.023709461092948914,0.029067059885710476,0.032797408290207386,0.03719572350382805,0.041879563592374325,0.05171338338404892,0.06157088421285153,0.06392263621091843,128,
c0c2ed50261f54e5,V2_candidate_KNN,0.02767528787308689,0.03447817098725671,0.1493729402012644,0.32286653517380726,0.45674856703125893,0.8286420098683692,1.0502432664719608,1.165331933843921,192,
c0c2ed50261f54e5,V2_Q_mahalanobis,1.8161084120854372,2.207580384373451,2.8244404154393004,3.098646364647208,3.4059239199670754,3.8782492366347414,4.221456040247001,4.570729285446748,128,
0cb726068f4d5c59,V1_IL_self_KNN,0.016215329989790916,0.01818459779024124,0.020190182141959667,0.022912653163075447,0.028300879523158073,0.03659989461302756,0.043750913999974717,0.04636003449559212,64,
0cb726068f4d5c59,V1_candidate_KNN,0.037286640665226745,0.04758534395055773,0.07610250524442491,0.19714305433234156,0.49665121373347,0.6098651872760782,0.6301044191479391,0.635039202377244,128,0.953125
0cb726068f4d5c59,V2_IL_Q_to_R_KNN,0.012365425936877728,0.01433214140124619,0.01701068878173828,0.019381639547646046,0.022910245694220066,0.028711656108498556,0.0431883266568184,0.0674106702208519,128,
0cb726068f4d5c59,V2_candidate_KNN,0.01303404205844605,0.017066753299298,0.04454259814625953,0.09521614917449495,0.25407222280652103,0.5646783085564269,0.5885593639824771,0.5948348867143574,192,
0cb726068f4d5c59,V2_Q_mahalanobis,1.8264688507360063,2.033718228346637,2.5506406394903283,2.88016281960118,3.340263016559579,4.048980481418871,4.1940609419778445,4.568964280796398,128,
fead2572a884512c,V1_IL_self_KNN,0.03196047618985176,0.035065213590860365,0.04338271822780371,0.05013124458491802,0.05929226987063885,0.08540082089602943,0.11059193111956117,0.11724139750003815,64,
fead2572a884512c,V1_candidate_KNN,0.13242365980394719,0.15341332746463693,0.16680401090496466,0.1844864881097441,0.40128249245198466,1.2142472474558086,1.3994868644739278,1.476772194380135,128,1.0
fead2572a884512c,V2_IL_Q_to_R_KNN,0.0229245126247406,0.030355347227305172,0.03496274631470442,0.038827162235975266,0.0460082208737731,0.0654655709862709,0.06927616097033025,0.0707625299692154,128,
fead2572a884512c,V2_candidate_KNN,0.026040259742319615,0.038095340159116114,0.0929928091601023,0.15113051153433504,0.29423843550459067,0.8921637720328017,1.1711479715014692,1.3290297914968505,192,
fead2572a884512c,V2_Q_mahalanobis,1.551482206546628,1.9121889947430917,2.2416640587889045,2.6459748940662076,3.129380269694218,3.766057305063125,3.9739338856247866,4.082472243590504,128,
c82e95254649534e,V1_IL_self_KNN,0.03898383304476738,0.041446151211857796,0.0449153408408165,0.04965759813785553,0.06122496258467436,0.07717751711606978,0.08276181079447269,0.08318018913269043,64,
c82e95254649534e,V1_candidate_KNN,0.09886595475982522,0.12876494531097252,0.18713888955861752,0.30315302555662876,0.41396515841220416,0.8208546607673958,0.8923057127571459,0.9705842223035145,128,1.0
c82e95254649534e,V2_IL_Q_to_R_KNN,0.03049750253558159,0.03420849610120058,0.0395865673199296,0.0451743733137846,0.054001870565116405,0.07223498784005641,0.09101038336753846,0.10286223888397217,128,
c82e95254649534e,V2_candidate_KNN,0.030094073412163545,0.040763465043089114,0.11541352020837764,0.18482203182834167,0.30243250176046643,0.6032831577885162,0.7896839127629331,0.8565056656604269,192,
c82e95254649534e,V2_Q_mahalanobis,1.699797363817678,2.023585675201944,2.6147769255872775,2.921551955835021,3.405633205566035,4.03619956002468,4.456810743460709,5.01856731662268,128,
2581d16dc1aa557e,V1_IL_self_KNN,0.02585466578602791,0.02814530869945884,0.030673344153910875,0.033648207783699036,0.03965562116354704,0.05454124733805655,0.07036100640892981,0.07474538683891296,64,
2581d16dc1aa557e,V1_candidate_KNN,0.061326383006299556,0.1153372656011988,0.19336275903083744,0.28511145806238103,0.35986365334724846,0.5599157535101679,0.652731631144106,0.6958725730466684,128,0.9921875
2581d16dc1aa557e,V2_IL_Q_to_R_KNN,0.01853562518954277,0.022804052289575338,0.026964817196130753,0.0296273035928607,0.03282447252422571,0.04119681119918822,0.05526734586805108,0.07906105369329453,128,
2581d16dc1aa557e,V2_candidate_KNN,0.020787467300195924,0.027825269923507583,0.06768939079686107,0.14746422237982915,0.28051343616865937,0.5288684172253908,0.6110962178279696,0.6749030130168988,192,
2581d16dc1aa557e,V2_Q_mahalanobis,2.0213294946792426,2.374761077116073,2.7449971508181954,3.069848844294798,3.475884115662753,4.037450927987144,4.770918332115784,5.6339914472400014,128,
74356ec7c3d15e10,V1_IL_self_KNN,0.037363432347774506,0.045506774075329305,0.05165427178144455,0.05741154961287975,0.06731746345758438,0.10969834737479686,0.15046315714716904,0.16811223328113556,64,
74356ec7c3d15e10,V1_candidate_KNN,0.09947640781190666,0.1612691381292634,0.20390853755681082,0.22687753246206233,0.3099149163852616,1.138985619542683,1.2576601988471923,1.3709642755954952,128,0.9375
74356ec7c3d15e10,V2_IL_Q_to_R_KNN,0.03237414360046387,0.038164000026881695,0.04291589930653572,0.04841206967830658,0.061125137843191624,0.08335593044757843,0.09030790612101555,0.10961081832647324,128,
74356ec7c3d15e10,V2_candidate_KNN,0.038696537032426544,0.047796417944857665,0.10877360329108728,0.1792912498711684,0.24388532651751335,1.0200623758612226,1.1208580402952417,1.2957411234108236,192,
74356ec7c3d15e10,V2_Q_mahalanobis,1.2135542065698548,2.004129801459448,2.3467111699607757,2.7745611362393436,3.158184932260218,3.7305903793726256,3.9052206731299797,3.9734806824432187,128,
a77cad5e29a5585e,V1_IL_self_KNN,0.043855756521224976,0.0491528645157814,0.05496533587574959,0.060648113489151,0.07619051076471806,0.10448062531650065,0.12740646652877316,0.16398778557777405,64,
a77cad5e29a5585e,V1_candidate_KNN,0.09895650094113115,0.11722289923721556,0.13210333286221648,0.39353816735793434,0.6879763162241723,1.1185275081099926,1.282203661766764,1.384178335553975,128,0.625
a77cad5e29a5585e,V2_IL_Q_to_R_KNN,0.03596700355410576,0.042227736115455626,0.048269085586071014,0.0545231606811285,0.06193370558321476,0.08569351881742476,0.10878068603575233,0.15851552784442902,128,
a77cad5e29a5585e,V2_candidate_KNN,0.03819114765236479,0.04755010571894033,0.07557208544748394,0.1441608761063497,0.4886018572309729,0.9988915099685474,1.1771076325538041,1.4148324866665092,192,
a77cad5e29a5585e,V2_Q_mahalanobis,2.025889501008787,2.1909943965316345,2.597127180345723,2.827273673848852,3.256259095760229,3.790434206291468,3.9738508653347333,4.234628238591665,128,
711cc9425e2f5aff,V1_IL_self_KNN,0.029750406742095947,0.032945428416132926,0.03554306924343109,0.040372978895902634,0.047687447629868984,0.06852486841380595,0.09125260263681409,0.09984754025936127,64,
711cc9425e2f5aff,V1_candidate_KNN,0.17648794092089834,0.20230803345140422,0.22521769458827973,0.24547569366163297,0.28995150794744606,0.42578217322715506,0.475807382441847,0.5111896120957863,128,1.0
711cc9425e2f5aff,V2_IL_Q_to_R_KNN,0.023269981145858765,0.027871154993772507,0.03222272079437971,0.03677565045654774,0.04372671153396368,0.05594512149691581,0.06304231353104114,0.10766386985778809,128,
711cc9425e2f5aff,V2_candidate_KNN,0.026367481045237857,0.03227936312467803,0.11811447762908327,0.18856965817806426,0.23304936535995568,0.351346317916741,0.4079915995047926,0.4677976493198335,192,
711cc9425e2f5aff,V2_Q_mahalanobis,1.5923561388770306,2.070295141963426,2.640929044381398,3.030175412255842,3.4900097629924764,4.18697044197519,4.463273313234524,4.591071861123282,128,
2314cd5f97c5596c,V1_IL_self_KNN,0.026735330000519753,0.029181862156838177,0.03340101707726717,0.0416047815233469,0.04982193000614643,0.06396053954958913,0.08931107349693768,0.10804476588964462,64,
2314cd5f97c5596c,V1_candidate_KNN,0.07295489669920327,0.08518762849133503,0.10862747458169497,0.13054960921252357,0.4405949825114429,0.8228166799334111,0.871111320993164,0.9260441469479206,128,0.75
2314cd5f97c5596c,V2_IL_Q_to_R_KNN,0.02381313219666481,0.026048827543854715,0.028774674981832504,0.033905861899256706,0.03724934812635183,0.04944544769823548,0.06915081866085532,0.07955954968929291,128,
2314cd5f97c5596c,V2_candidate_KNN,0.026286761055179166,0.031516567674097426,0.0684755172596661,0.10761563544493499,0.30269307883511826,0.7001620303739049,0.8380530516166343,0.9139206384615486,192,
2314cd5f97c5596c,V2_Q_mahalanobis,1.2060404018819593,2.2833512595211363,2.7198679633169784,3.0283529479183944,3.393083049652529,4.04213262142262,4.542853973104451,4.857170425616512,128,
dc932b3cf2ba5b1b,V1_IL_self_KNN,0.024407729506492615,0.025301687698811293,0.02902649389579892,0.03356943465769291,0.04042946174740791,0.052986685000359995,0.08774437375366675,0.11943677812814713,64,
dc932b3cf2ba5b1b,V1_candidate_KNN,0.05455758882872429,0.06108777600130354,0.07467771039165443,0.7867077303865514,1.5240594072127838,4.431935019487271,4.778866658434165,4.892465445629827,128,0.6171875
dc932b3cf2ba5b1b,V2_IL_Q_to_R_KNN,0.018413051962852478,0.02113092243671417,0.02418418088927865,0.027978519909083843,0.033747145906090736,0.04990466646850108,0.06326455064117913,0.08209260553121567,128,
dc932b3cf2ba5b1b,V2_candidate_KNN,0.01928697059725836,0.026186848710133267,0.052239699477347745,0.21069247226661802,1.0438698364277346,4.17095518068171,4.349600594766647,4.796690847367816,192,
dc932b3cf2ba5b1b,V2_Q_mahalanobis,1.3204382332604978,1.6837500490189319,2.218444273067879,2.6281760257008706,2.9929539982267857,3.5945271043890754,3.9680224037687464,4.383593422215212,128,
675f0d4dff9c5318,V1_IL_self_KNN,0.011864650063216686,0.014267692901194097,0.019841513130813837,0.02521857898682356,0.029614689759910107,0.04703566841781134,0.07535727769136419,0.09884575754404068,64,
675f0d4dff9c5318,V1_candidate_KNN,0.06275172348089796,0.10428556566783237,0.17177750331406816,0.22897512082949328,0.29137089251828463,0.32683784382490494,0.37161973258441044,0.542215765221717,128,0.9765625
675f0d4dff9c5318,V2_IL_Q_to_R_KNN,0.011004065163433552,0.012207459146156906,0.014948934316635132,0.01681617461144924,0.02139576757326722,0.031352035887539376,0.04653084009885789,0.05960806459188461,128,
675f0d4dff9c5318,V2_candidate_KNN,0.009589056197426112,0.014760450645827941,0.07480233262996604,0.15147730600473047,0.22732030267715458,0.3147324079582994,0.3370438135765542,0.5555393273307476,192,
675f0d4dff9c5318,V2_Q_mahalanobis,1.2501783373547843,1.6190943661689043,2.021634796241591,2.3777979046201883,2.71484590184293,3.483993999298151,4.437681297578368,4.656290950027068,128,
9fe72fe991c859f0,V1_IL_self_KNN,0.03021039068698883,0.033010749518871306,0.04010693822056055,0.04720364883542061,0.055050973780453205,0.07577405124902725,0.15986619055271115,0.2432870864868164,64,
9fe72fe991c859f0,V1_candidate_KNN,0.04646973968736776,0.05425800062582176,0.09938507090147856,0.1151841975958488,0.279223120240638,0.5360003740948803,0.596044169448557,0.6190128863121047,128,0.328125
9fe72fe991c859f0,V2_IL_Q_to_R_KNN,0.02649487927556038,0.029581992886960506,0.03644204046577215,0.042777251452207565,0.05349258333444595,0.06784546077251434,0.09501057900488388,0.1430235356092453,128,
9fe72fe991c859f0,V2_candidate_KNN,0.02434711399341121,0.03620018132288563,0.050860460642814825,0.10105171835546087,0.20221905257194522,0.45337361915640306,0.5288936199237866,0.5537156429072332,192,
9fe72fe991c859f0,V2_Q_mahalanobis,1.3853811751340783,1.678179761590051,2.253185887026862,2.6604983382669367,3.1487873700414983,3.9908295981825894,4.49367020226945,5.611293142848284,128,
f6a1a2760a7b57a4,V1_IL_self_KNN,0.035215675830841064,0.03919762093573809,0.04353244695812464,0.047629812732338905,0.05311644449830055,0.07786656059324734,0.09857296511530872,0.10993289947509766,64,
f6a1a2760a7b57a4,V1_candidate_KNN,0.3425055761753354,0.378882450644508,0.8433117738225078,0.8875567284493326,0.9788934349162941,1.201979322406284,1.2814506281905969,1.407064526873878,128,1.0
f6a1a2760a7b57a4,V2_IL_Q_to_R_KNN,0.02596219815313816,0.031157193519175053,0.03575198259204626,0.0401492714881897,0.04819136764854193,0.06062649823725222,0.08412893831729892,0.1390518993139267,128,
f6a1a2760a7b57a4,V2_candidate_KNN,0.030413178484047076,0.03554370154950915,0.25055129793836595,0.6359741138999523,0.8987607634966998,1.0760823654668206,1.2377196128094559,1.2979945859084145,192,
f6a1a2760a7b57a4,V2_Q_mahalanobis,1.9806673670175707,2.4356651118641364,2.9662687957839062,3.2571147889128342,3.7524683608793827,4.285639979659164,4.975128935185007,5.090317397925127,128,
6176348b971f52c5,V1_IL_self_KNN,0.02940521202981472,0.032329040206968786,0.037915194407105446,0.0436449758708477,0.051585462875664234,0.09641451239585876,0.11845216937363146,0.12255679070949554,64,
6176348b971f52c5,V1_candidate_KNN,0.11034199505331788,0.11725154255857066,0.14352298852861406,0.17911889812118864,0.3892425692576276,0.4616256247589603,0.5685850220182995,0.6419396350789768,128,0.8984375
6176348b971f52c5,V2_IL_Q_to_R_KNN,0.022883053869009018,0.028443101700395344,0.032943434081971645,0.0390304122120142,0.04531267285346985,0.05681628827005625,0.07886072404682641,0.08858921378850937,128,
6176348b971f52c5,V2_candidate_KNN,0.025245169298590157,0.03616068505444789,0.089205569653726,0.140272109010657,0.22449801479382367,0.3998723173697425,0.48021880945263706,0.5934477152941185,192,
6176348b971f52c5,V2_Q_mahalanobis,1.8339356920374215,2.1175037069915037,2.567308942547192,3.0352451675497076,3.4270937009026534,3.9857934530688306,4.592212640448622,4.914562888846457,128,
1decf76c77be59c8,V1_IL_self_KNN,0.036394186317920685,0.03812593575567007,0.04371756874024868,0.05099036358296871,0.060927484184503555,0.08085107915103433,0.10330878570675839,0.1289009153842926,64,
1decf76c77be59c8,V1_candidate_KNN,0.08436706064515694,0.10563220948551699,0.16111417958103447,0.2332653627101332,0.31146960062331747,0.7294509409445548,0.8187219265917708,0.8584192995131795,128,0.8125
1decf76c77be59c8,V2_IL_Q_to_R_KNN,0.02863128110766411,0.0322051303461194,0.035929400473833084,0.04033747687935829,0.04570055194199085,0.06251793690025806,0.0828206278383732,0.08472595363855362,128,
1decf76c77be59c8,V2_candidate_KNN,0.031110800869433585,0.035929502234990494,0.06810560864765534,0.14640685748109647,0.23823944793540933,0.5816001750617766,0.7959715123914514,0.8409770852944556,192,
1decf76c77be59c8,V2_Q_mahalanobis,1.6965322055006251,2.4852856401049555,2.8999481388216592,3.29475095286155,3.669634649043816,4.193387140067911,4.817159251276387,5.112607927204084,128,
91e6cce9eb7d5765,V1_IL_self_KNN,0.03774175047874451,0.04429790284484625,0.05348248314112425,0.06799422577023506,0.08610351011157036,0.11214757636189458,0.1897330078482624,0.28313085436820984,64,
91e6cce9eb7d5765,V1_candidate_KNN,0.16252066019599484,0.20370251992778715,0.24296666796131014,0.28658213958682044,0.6730519270459849,0.8762199800524763,0.9761943107708672,0.9924046676376139,128,0.515625
91e6cce9eb7d5765,V2_IL_Q_to_R_KNN,0.033928316086530685,0.037707806937396525,0.045195273123681545,0.05228066444396973,0.06662149354815483,0.10500001460313789,0.1458486311137677,0.15623094141483307,128,
91e6cce9eb7d5765,V2_candidate_KNN,0.030760900392168833,0.04611647422884344,0.14673033069378397,0.20487785832976735,0.44063329618042774,0.8450267446103964,0.9289750354646013,0.9942950873292846,192,
91e6cce9eb7d5765,V2_Q_mahalanobis,1.7625876714068378,2.046916734942607,2.397772545856146,2.8052128388738087,3.2667005547739363,3.739379051907596,4.324114678786098,4.395896988471183,128,
d360abe45ec55059,V1_IL_self_KNN,0.024700399488210678,0.025987908802926542,0.031959738582372665,0.039081668481230736,0.05172954872250557,0.06733905486762523,0.08124563388526437,0.085721455514431,64,
d360abe45ec55059,V1_candidate_KNN,0.09785830062026533,0.15756342997017875,0.2539323187264423,0.3385289637854023,0.3978755525739183,0.4870462523732484,0.6745811064154109,0.7090838092409966,128,1.0
d360abe45ec55059,V2_IL_Q_to_R_KNN,0.02394482120871544,0.026280027441680433,0.030178380198776722,0.03380949981510639,0.043932884000241756,0.07037707082927226,0.11599174611270428,0.15175089240074158,128,
d360abe45ec55059,V2_candidate_KNN,0.02764124352116696,0.030043864105868578,0.11899368986214952,0.18768063203638968,0.321638688570264,0.4249793879013172,0.5519275380733456,0.6602465707963834,192,
d360abe45ec55059,V2_Q_mahalanobis,1.1397355904357387,1.6606672702234466,2.1175046791251826,2.5818197737272444,2.931907841668075,3.4788178144795765,3.8557760650014896,4.450526582359167,128,
45cace6f6d275159,V1_IL_self_KNN,0.04834746941924095,0.05401757080107927,0.060218848288059235,0.0717238038778305,0.08139443397521973,0.12298800535500043,0.14491564899682996,0.1484757959842682,64,
45cace6f6d275159,V1_candidate_KNN,0.10858607080946467,0.14610482542348488,0.21233884294583583,0.3758481163582068,0.5143078916858861,0.9264005512515182,0.9769658258472063,0.9848295729599753,128,0.890625
45cace6f6d275159,V2_IL_Q_to_R_KNN,0.040067948400974274,0.04505652375519276,0.05133952759206295,0.05987350083887577,0.0706041119992733,0.10091216042637824,0.12426277495920658,0.13923999667167664,128,
45cace6f6d275159,V2_candidate_KNN,0.03860171336190504,0.054164048957913706,0.12221951771273024,0.2212901227074725,0.4002429868304761,0.7418016056103813,0.9288068418594019,0.9697545256294395,192,
45cace6f6d275159,V2_Q_mahalanobis,1.2975086294614235,2.3359089371244233,2.7748162519692805,3.138902503089131,3.4563864267621947,3.9559163041300005,4.455615533051797,5.276321959522206,128,
9551d9bffa515426,V1_IL_self_KNN,0.03151415288448334,0.035487920977175236,0.042038753628730774,0.047994669526815414,0.05561216548085213,0.08337814733386034,0.11244272172451014,0.12546102702617645,64,
9551d9bffa515426,V1_candidate_KNN,0.0701835306601902,0.07914696776850187,0.10603686551600686,0.13576834383498207,0.3789607432933292,0.5181570570924937,0.547470075236875,0.5534717751501083,128,0.578125
9551d9bffa515426,V2_IL_Q_to_R_KNN,0.026148775592446327,0.031057529896497727,0.03731782827526331,0.0430434625595808,0.04900022875517607,0.062291720137000066,0.07554377377033233,0.07683630287647247,128,
9551d9bffa515426,V2_candidate_KNN,0.029787507009360337,0.038282235443718705,0.06756673920972679,0.10014280599045419,0.22648963083282714,0.4862888732471036,0.5372402884164044,0.5512912013795745,192,
9551d9bffa515426,V2_Q_mahalanobis,1.4844571611711537,2.1817888640806005,2.6206787309403072,2.9985538362929214,3.4044670934181944,4.124275337669167,5.0473682816153715,5.688606452231201,128,
6f95e882286e5388,V1_IL_self_KNN,0.03794746845960617,0.04179040528833866,0.048020889051258564,0.056922672316432,0.06819881685078144,0.09707402773201465,0.13929661758244025,0.17073504626750946,64,
6f95e882286e5388,V1_candidate_KNN,0.11608791138815082,0.17852267932833077,0.22871858562254038,0.29274054296646745,0.41693967244345814,0.4671769069924665,0.5294453679633072,0.5393719553280616,128,0.953125
6f95e882286e5388,V2_IL_Q_to_R_KNN,0.032309431582689285,0.03857548795640468,0.04395854752510786,0.04927831143140793,0.05702383629977703,0.09027130082249638,0.11990419395267965,0.1284678876399994,128,
6f95e882286e5388,V2_candidate_KNN,0.03591079403587168,0.04237807493040341,0.12930834962138543,0.2308643295274658,0.28745615540164554,0.4344850340307168,0.4742386126820269,0.49771670572835847,192,
6f95e882286e5388,V2_Q_mahalanobis,1.2514116218048557,2.0311700063585802,2.464064581505014,2.8426366871343176,3.242851597188173,3.834101688416057,4.468890276868691,4.700199785019344,128,
fcc0457324f15902,V1_IL_self_KNN,0.037165187299251556,0.03831540923565626,0.04587115813046694,0.0564716849476099,0.06446069106459618,0.10089250691235062,0.11834515839815135,0.12831982970237732,64,
fcc0457324f15902,V1_candidate_KNN,0.10674986851062215,0.1606179137046123,0.1882087647991122,0.24696102066600967,0.3678159289952029,0.8494108519077163,1.4912564280779015,1.4930612605626545,128,0.9921875
fcc0457324f15902,V2_IL_Q_to_R_KNN,0.03287750110030174,0.03583849128335714,0.04080445505678654,0.04591123387217522,0.05425116699188948,0.074968583881855,0.08350340977311134,0.08453547954559326,128,
fcc0457324f15902,V2_candidate_KNN,0.030056849613343584,0.04040743089902004,0.11685023427203534,0.1821964269261038,0.3071418996447421,0.8332382446177264,1.4217271573137047,1.4273834966884722,192,
fcc0457324f15902,V2_Q_mahalanobis,1.4537956251699862,1.9853318855768514,2.518638956564282,2.8672608009265703,3.2078176920771044,3.7785726010799245,4.2081395175346525,4.314140040721074,128,
aa58d1ab2faa5746,V1_IL_self_KNN,0.017834194004535675,0.021292447205632926,0.02622602880001068,0.030571186915040016,0.03535323217511177,0.05283128730952739,0.06379299379885195,0.06728540360927582,64,
aa58d1ab2faa5746,V1_candidate_KNN,0.03627266187222811,0.043034796541828284,0.11322890817330594,0.17477656390726443,0.32339478441270475,0.36514433539243507,0.40797073724824556,0.4335577752766066,128,0.84375
aa58d1ab2faa5746,V2_IL_Q_to_R_KNN,0.014523318037390709,0.015944787487387656,0.02070028381422162,0.024537449702620506,0.02975578559562564,0.04279340654611587,0.052768826819956316,0.05950109288096428,128,
aa58d1ab2faa5746,V2_candidate_KNN,0.014353138218849242,0.020953250187028323,0.04357390294181068,0.1037365682273547,0.2022791033554141,0.3543118367954807,0.3741453010846182,0.43894287229635964,192,
aa58d1ab2faa5746,V2_Q_mahalanobis,1.2874258688432991,1.4914504095815346,2.0291875707523337,2.3915668386739393,2.8042635617629434,3.615550544357494,4.742858950263612,4.91972455452205,128,
5d711f77d42054d6,V1_IL_self_KNN,0.024188121780753136,0.02644041460007429,0.02981238951906562,0.03410155139863491,0.039936358109116554,0.04417279213666916,0.06439634174108505,0.06538329273462296,64,
5d711f77d42054d6,V1_candidate_KNN,0.13394814935285382,0.18121722362410858,0.2198544699914089,0.25656859603040416,0.7312850349731533,0.8922090934043639,0.9451352438315216,0.965436465398532,128,1.0
5d711f77d42054d6,V2_IL_Q_to_R_KNN,0.0176926888525486,0.0225850123912096,0.02691295277327299,0.030299024656414986,0.03666091337800026,0.056381878070533194,0.09713433548808102,0.10662977397441864,128,
5d711f77d42054d6,V2_candidate_KNN,0.021938829560751296,0.027755547566017336,0.11871996923272617,0.20046347047129667,0.3922888073243456,0.8254045815436268,0.8993520826137603,0.9234148892213213,192,
5d711f77d42054d6,V2_Q_mahalanobis,1.9143277783240775,2.2638044110901583,2.687011270807592,3.095523230634047,3.5111986516834564,3.945527922571965,4.295808041959157,4.893284230276418,128,
fa00af6ecc8a5cb4,V1_IL_self_KNN,0.04430749639868736,0.04735581409186125,0.054355429485440254,0.0614649448543787,0.0688522569835186,0.11308809258043764,0.18149028599262218,0.22704534232616425,64,
fa00af6ecc8a5cb4,V1_candidate_KNN,0.13450803608621265,0.1528542535230022,0.18046635456720747,0.2324528223641447,0.3358103318390738,0.6380105363524211,0.7702505498566486,0.8837735769535456,128,0.515625
fa00af6ecc8a5cb4,V2_IL_Q_to_R_KNN,0.03286558389663696,0.03921555522829294,0.0451867887750268,0.050985196605324745,0.06166641227900982,0.0955065220594406,0.1273938026279212,0.13626441359519958,128,
fa00af6ecc8a5cb4,V2_candidate_KNN,0.03557001342460897,0.044748535023256306,0.10027067865924848,0.14800251721448898,0.27349027197259823,0.5006360777765544,0.6891518703911462,0.8283379694377775,192,
fa00af6ecc8a5cb4,V2_Q_mahalanobis,1.2619635656061876,1.7531429309963653,2.332967176383198,2.6198804916466254,2.9528655803418706,3.4535087575060457,3.697440926550043,3.85105806346514,128,
bf6158f005f956ae,V1_IL_self_KNN,0.024796131998300552,0.02687538377940655,0.029933714773505926,0.03345200605690479,0.03989399690181017,0.08405035622417922,0.11701992593705644,0.14258509874343872,64,
bf6158f005f956ae,V1_candidate_KNN,0.11189289231573492,0.13402810311871818,0.16616224799917934,0.21592061566008228,0.7961148919538085,1.3777557622546217,1.4334110048332598,1.4583501714098468,128,0.8984375
bf6158f005f956ae,V2_IL_Q_to_R_KNN,0.017693152651190758,0.020790784154087305,0.024469060357660055,0.028707772493362427,0.03313817363232374,0.05003867987543342,0.0741208649426699,0.08072078227996826,128,
bf6158f005f956ae,V2_candidate_KNN,0.01790170477803049,0.02526045587902803,0.09785618849580974,0.1676295064398607,0.5287597569013314,1.2614374557117916,1.3912296540867766,1.4323725729080885,192,
bf6158f005f956ae,V2_Q_mahalanobis,1.2435833960988205,1.511000349919872,2.0030140189280714,2.363830288263408,2.628260067420036,3.1537527786833692,3.8387793663537706,4.066905549489192,128,
67b08ea8fc9956b0,V1_IL_self_KNN,0.022419800981879234,0.024999619368463753,0.029798715375363827,0.03708098456263542,0.04712132178246975,0.08141387514770028,0.10391754448413841,0.12198637425899506,64,
67b08ea8fc9956b0,V1_candidate_KNN,0.10113813857716414,0.10353516196764945,0.11111452259739502,0.2053695158734654,0.3262090239897901,0.41966494895823175,0.45908467950196363,0.4726177998608643,128,0.6640625
67b08ea8fc9956b0,V2_IL_Q_to_R_KNN,0.020315837115049362,0.022823237348347902,0.027131497859954834,0.03011941909790039,0.035620274022221565,0.05311415046453471,0.06124724254012108,0.06198544427752495,128,
67b08ea8fc9956b0,V2_candidate_KNN,0.023706478171601687,0.029076544843827084,0.06312690650548296,0.1150857243578339,0.22756240604738023,0.39787199854517813,0.4249871052391456,0.4375293382083491,192,
67b08ea8fc9956b0,V2_Q_mahalanobis,1.5030998000593296,1.7459559581643103,2.061048264879785,2.446798821354971,2.784465580433709,3.4116578008208127,3.6441033042877935,4.149545122107452,128,
5cfcccdb3e3c539b,V1_IL_self_KNN,0.023998776450753212,0.02642963845282793,0.030772863887250423,0.034106405451893806,0.041410766541957855,0.0774622458964586,0.09699519231915474,0.09758606553077698,64,
5cfcccdb3e3c539b,V1_candidate_KNN,0.07984147835485404,0.10377727990662752,0.12874223353459743,0.17281755024073422,0.4851276325231378,0.6389948875622238,0.6959651327832289,0.7277559773593969,128,0.9765625
5cfcccdb3e3c539b,V2_IL_Q_to_R_KNN,0.01766550913453102,0.022076999489217996,0.025060448795557022,0.02798023819923401,0.033481914550065994,0.042389605566859244,0.04649979762732983,0.04850006103515625,128,
5cfcccdb3e3c539b,V2_candidate_KNN,0.022143673303629027,0.02587472689432346,0.10418963281768168,0.1343301292893732,0.2966914287830751,0.6052793639274522,0.6932947407646407,0.7228661695693154,192,
5cfcccdb3e3c539b,V2_Q_mahalanobis,1.4353003825405375,1.7250038246785375,2.08122590294712,2.4279252962127646,2.7403367251439317,3.2988784562737505,3.4409692854246563,4.150795577407989,128,
288f0194b6d45858,V1_IL_self_KNN,0.04251667112112045,0.045263508521020415,0.04941504821181297,0.05434543639421463,0.062749944627285,0.0848374236375093,0.10540675796568388,0.11945672333240509,64,
288f0194b6d45858,V1_candidate_KNN,0.1323674309303097,0.14347627456038473,0.19870850635114365,0.22809801945941705,0.36126989761387146,0.5210854014929879,0.5590559161772238,1.595198409860571,128,1.0
288f0194b6d45858,V2_IL_Q_to_R_KNN,0.03261497989296913,0.035470396280288696,0.04078499414026737,0.04680659808218479,0.05590968485921621,0.08108771517872808,0.09062559485435487,0.11821760982275009,128,
288f0194b6d45858,V2_candidate_KNN,0.03433430920568343,0.04482542154725598,0.09561234035411152,0.1804234256544885,0.2542164772616522,0.49287290591508487,0.5262007413343042,1.5560005003178576,192,
288f0194b6d45858,V2_Q_mahalanobis,1.5294762909035733,2.3624900733631446,2.7884440798315855,3.1954149738984645,3.5438143918447724,4.385921590362382,4.774699959557826,5.109690050647177,128,
4094b79867cd5f7b,V1_IL_self_KNN,0.041596636176109314,0.04296596217900515,0.051554443314671516,0.061191292479634285,0.06711608543992043,0.0798557475209236,0.09515045106410976,0.10494198650121689,64,
4094b79867cd5f7b,V1_candidate_KNN,0.4011440765078529,0.5521799110480721,0.6920657038032332,1.0233558854773288,1.0904934660206531,1.2127971724841289,1.2579627504429156,1.2733894527190048,128,1.0
4094b79867cd5f7b,V2_IL_Q_to_R_KNN,0.03263135626912117,0.03600893020629883,0.043081134557724,0.04755927249789238,0.053720830008387566,0.06946339607238769,0.08221693277359009,0.08853961527347565,128,
4094b79867cd5f7b,V2_candidate_KNN,0.034980489526109784,0.042659578487594677,0.29576552878992923,0.6349569531126117,1.0477576586865336,1.1785076733579272,1.2510710081899754,1.2600968758848219,192,
4094b79867cd5f7b,V2_Q_mahalanobis,1.7624274646469473,2.4623310686722273,2.943664841631063,3.299843924490262,3.6693564567010375,4.252918987336256,4.63677030073099,4.866256328143426,128,
abd994ef714a595c,V1_IL_self_KNN,0.01491553895175457,0.01629471257328987,0.018427873495966196,0.02044722903519869,0.024205556139349937,0.04321226608008146,0.06526423919945949,0.08026868104934692,64,
abd994ef714a595c,V1_candidate_KNN,0.1685931184291583,0.1922074606895302,0.312539900494341,0.35887247221248075,0.5793029060854771,0.6284683591664861,0.6571788523705815,0.664253131570842,128,1.0
abd994ef714a595c,V2_IL_Q_to_R_KNN,0.01223908644169569,0.013562342338263988,0.015716965310275555,0.017515559680759907,0.02064573811367154,0.0268441597931087,0.030455449931323538,0.03897267207503319,128,
abd994ef714a595c,V2_candidate_KNN,0.013452149560891209,0.017862840456576823,0.13072871700685446,0.26556059948440996,0.3665029028078869,0.5683612748964866,0.6118536285413255,0.6230150921604248,192,
abd994ef714a595c,V2_Q_mahalanobis,1.5379999238899345,1.9609757925890468,2.2810403836186306,2.6455470135933687,3.011756701513282,3.5449292847229916,4.00234667375315,4.289818022195938,128,
4668501db7065e02,V1_IL_self_KNN,0.023545781150460243,0.025286397337913512,0.029174224473536015,0.03272780776023865,0.03569955378770828,0.0503859244287014,0.08630542390048501,0.09296903759241104,64,
4668501db7065e02,V1_candidate_KNN,0.09893095833228342,0.11384484001202685,0.16264529787798393,0.2462269310679305,0.36294970779057945,0.5503577791524789,0.6494472301084587,0.6730450453402383,128,1.0
4668501db7065e02,V2_IL_Q_to_R_KNN,0.014995547011494637,0.018068235367536545,0.022639079485088587,0.02611589804291725,0.03129767347127199,0.05013437364250419,0.07163365334272385,0.11210143566131592,128,
4668501db7065e02,V2_candidate_KNN,0.016002478229820462,0.023757961737828966,0.07323609605751483,0.1294584154001039,0.2672673608076779,0.506702476356968,0.6656944751379548,0.6970658327935447,192,
4668501db7065e02,V2_Q_mahalanobis,1.1728291173206684,1.4686396370879462,2.011714436326738,2.3573102431808888,2.7667420580509403,3.20742143035517,3.7652724729766365,3.867096794229353,128,
289087a782995ef0,V1_IL_self_KNN,0.031063374131917953,0.033955009654164314,0.04004709329456091,0.044977135956287384,0.05397762730717659,0.08675959892570959,0.12766830593347545,0.13989727199077606,64,
289087a782995ef0,V1_candidate_KNN,0.07219906436822157,0.07829856788636332,0.09574678201165313,0.14957812265235326,0.24873498076971823,0.4682293188703754,0.5487219137466257,0.5826348965856447,128,0.5625
289087a782995ef0,V2_IL_Q_to_R_KNN,0.025552457198500633,0.02939950758591294,0.03485848754644394,0.03934432193636894,0.046500722877681255,0.05746167656034231,0.06701496593654156,0.07392159849405289,128,
289087a782995ef0,V2_candidate_KNN,0.02438082367966423,0.03385974389770923,0.06422301729016729,0.09272444060843657,0.18207356172974104,0.33986654291492163,0.4864972787299918,0.5442886305581578,192,
289087a782995ef0,V2_Q_mahalanobis,1.4221164225850416,1.8350593425908732,2.3522061826709986,2.6913698452397354,3.092113184820042,3.573613741468791,4.288833420601307,4.9241827841660015,128,
0eea4103d56352dd,V1_IL_self_KNN,0.026786675676703453,0.02946607144549489,0.034551702439785004,0.039447931572794914,0.04612245224416256,0.06859592776745553,0.09714217990636824,0.10112287849187851,64,
0eea4103d56352dd,V1_candidate_KNN,0.037486327356683,0.047962163428779604,0.06719479008110174,0.09983007694256137,0.36936951621492337,0.45146819627137924,0.4986533292641897,0.4996497441370825,128,0.4921875
0eea4103d56352dd,V2_IL_Q_to_R_KNN,0.022844545543193817,0.027383771166205405,0.03093160269781947,0.033730555325746536,0.04008195921778679,0.06043977290391917,0.07899741642177106,0.08782026916742325,128,
0eea4103d56352dd,V2_candidate_KNN,0.02471147668779719,0.027613125281992935,0.04315422643263871,0.077035789090084,0.21472087110712446,0.4341084962801825,0.49245520057136877,0.49632073294507,192,
0eea4103d56352dd,V2_Q_mahalanobis,1.7540403779903049,2.3195987446447988,2.7883222601999895,3.239260327719469,3.7248533693312385,4.207034329168615,4.452918727606447,4.608796776259794,128,
b790a763e1ee538e,V1_IL_self_KNN,0.04293541982769966,0.04597817994654178,0.0534435398876667,0.060716716572642326,0.07494297996163368,0.1139136277139186,0.16980979502201057,0.2281218022108078,64,
b790a763e1ee538e,V1_candidate_KNN,0.2060073828244407,0.22722892538147166,0.4093496063275598,0.5408157671861289,0.9143124959598387,1.6697824800505034,2.2139270991546027,2.282414991609965,128,0.9375
b790a763e1ee538e,V2_IL_Q_to_R_KNN,0.04244478419423103,0.04456844832748175,0.05069238878786564,0.05889732204377651,0.06995437107980251,0.10418465584516522,0.12766305789351465,0.155233234167099,128,
b790a763e1ee538e,V2_candidate_KNN,0.04140199401492659,0.05508286029990091,0.20593555062235025,0.3591870785818982,0.6464661859032628,1.3415060148849882,2.22225577259473,2.2639347908736167,192,
b790a763e1ee538e,V2_Q_mahalanobis,1.7053160954672126,2.0327392241280644,2.581215759124423,3.056779477941234,3.5136843942823908,4.1752939333864845,4.676070279290872,4.752483380543947,128,
6ca255559e0350a5,V1_IL_self_KNN,0.026623398065567017,0.028425520472228526,0.0323643758893013,0.03685435466468334,0.04463827796280384,0.06398690156638621,0.07309726491570472,0.07698418945074081,64,
6ca255559e0350a5,V1_candidate_KNN,0.10683580779359318,0.12687244922595017,0.1685456233249238,0.21399804797356814,0.28618300692317195,1.0333273938543592,1.1867424207053001,2.5280391470474095,128,1.0
6ca255559e0350a5,V2_IL_Q_to_R_KNN,0.018959173932671547,0.022583088651299477,0.026588684879243374,0.029849404469132423,0.035185307264328,0.04765839651226997,0.06781359944492582,0.09777321666479111,128,
6ca255559e0350a5,V2_candidate_KNN,0.022690268112299017,0.027860005149077938,0.09751158682686022,0.17900436938408348,0.2597303393293401,0.9553606599856328,1.594676453270638,2.5464877508456722,192,
6ca255559e0350a5,V2_Q_mahalanobis,1.8010037227297062,2.0067894613453836,2.41585284060322,2.8300089575153873,3.2576427332533004,3.955841253442446,4.194105702114525,4.254037696531596,128,
6848c7497a065ae0,V1_IL_self_KNN,0.029832839965820312,0.03147263582795858,0.03435221407562494,0.03754888102412224,0.044087182730436325,0.06605501510202885,0.09704731881618497,0.10424147546291351,64,
6848c7497a065ae0,V1_candidate_KNN,0.14817818955953724,0.18159607469362252,0.2070300512857241,0.2574689238114243,0.7711394610571817,1.2806864313343873,2.1964080792740184,3.4315846784301955,128,1.0
6848c7497a065ae0,V2_IL_Q_to_R_KNN,0.021141786128282547,0.02458606045693159,0.028955365531146526,0.03200973570346832,0.03862038254737854,0.05098527017980814,0.05697077974677087,0.07426740229129791,128,
6848c7497a065ae0,V2_candidate_KNN,0.025298798913937316,0.03166119025197765,0.15836986954354537,0.23084096381608815,0.6164567358250105,1.1742373057661781,2.2945829151847326,3.3777967094482952,192,
6848c7497a065ae0,V2_Q_mahalanobis,1.7241543213746922,2.171201198435604,2.6778762818801107,3.042232488216537,3.4692332851305734,3.9973743827969312,4.454528548393121,4.859833184096427,128,
8a5bb66e9bb65101,V1_IL_self_KNN,0.020664149895310402,0.02229975312948227,0.03138956148177385,0.038127465173602104,0.04607253707945347,0.06028280928730965,0.08505999736487864,0.0873928815126419,64,
8a5bb66e9bb65101,V1_candidate_KNN,0.5238453599037467,0.5575496127922439,0.6177589657145981,0.6920141868013956,0.8173955547237873,1.0186464436418907,1.059846088686709,1.0678641408802967,128,1.0
8a5bb66e9bb65101,V2_IL_Q_to_R_KNN,0.021473336964845657,0.023458049353212117,0.02772615198045969,0.03155364841222763,0.034752550534904,0.052422075904905774,0.06449696727097035,0.07698696106672287,128,
8a5bb66e9bb65101,V2_candidate_KNN,0.019800447129270694,0.02855906320160103,0.2666368003149463,0.5537434712219725,0.7250150380270144,0.9574028491206779,1.0271408809301483,1.0351011929072598,192,
8a5bb66e9bb65101,V2_Q_mahalanobis,1.6204180937757027,1.8426372712440753,2.2640392479919695,2.560975087222361,2.9283591607248507,3.4202527489763312,3.807852184499,4.12467822931006,128,
4fa6a8e71f4a5984,V1_IL_self_KNN,0.04143426567316055,0.04506861101835966,0.05091926269233227,0.06014486216008663,0.06949927285313606,0.09860696271061892,0.11714241534471512,0.11838362365961075,64,
4fa6a8e71f4a5984,V1_candidate_KNN,0.10336569433830749,0.11223765135730791,0.13683442888197933,0.2599245194625849,0.37183460347831643,0.7000970887261043,0.9408238781782202,1.2176084506670972,128,0.9296875
4fa6a8e71f4a5984,V2_IL_Q_to_R_KNN,0.0341491661965847,0.03522363007068634,0.04262864030897617,0.049548065289855,0.058040305972099304,0.0732485245913267,0.09638176046311861,0.10313135385513306,128,
4fa6a8e71f4a5984,V2_candidate_KNN,0.028359598850705138,0.04130038387835522,0.08439940900228124,0.1640375292721034,0.25650941443566444,0.500658284576247,0.7381142153159387,1.0871937404287813,192,
4fa6a8e71f4a5984,V2_Q_mahalanobis,1.5378555149142032,1.734603113449015,2.161323430515619,2.515126424177608,2.851530925381517,3.377885616449099,3.6461339459937028,3.7445300008369427,128,
77ded26c7a9654ad,V1_IL_self_KNN,0.016174180433154106,0.016609413363039494,0.018274319358170033,0.020952820777893066,0.028494287747889757,0.03978553507477045,0.08208347477018829,0.09085291624069214,64,
77ded26c7a9654ad,V1_candidate_KNN,0.16485746696548137,0.1877092244123993,0.21382275195900013,0.2421747861416908,0.2708529709103765,0.3918330592180078,0.42916049960991093,0.4373724442944541,128,1.0
77ded26c7a9654ad,V2_IL_Q_to_R_KNN,0.011070169508457184,0.013546519540250301,0.015187474666163325,0.01799013651907444,0.01999740907922387,0.02656744923442602,0.035059492513537426,0.046694934368133545,128,
77ded26c7a9654ad,V2_candidate_KNN,0.012580214339282709,0.01582386787600981,0.09105891650388177,0.1933620032469145,0.24334202691108814,0.3352259866569908,0.4309162400393913,0.4520084226081892,192,
77ded26c7a9654ad,V2_Q_mahalanobis,1.4466495407958524,1.7477278843247295,2.1188346224509904,2.52141204584576,2.869751457556251,3.3168543544025675,3.5719357931958062,3.763332932407367,128,
5d83ddd5ec3c5326,V1_IL_self_KNN,0.015962552279233932,0.01836722530424595,0.021361185237765312,0.02470735553652048,0.029091606847941875,0.06601563636213527,0.07651363335549831,0.07825608551502228,64,
5d83ddd5ec3c5326,V1_candidate_KNN,0.06415061850494683,0.1031733003773441,0.1675930870893495,0.21368996130045737,0.26066250471842634,0.37956559768001874,0.38756401020163844,0.3884460272517347,128,0.984375
5d83ddd5ec3c5326,V2_IL_Q_to_R_KNN,0.01290821097791195,0.0150289093144238,0.017624028492718935,0.020360546186566353,0.024719141889363527,0.030877774767577644,0.03893886893987659,0.04219573736190796,128,
5d83ddd5ec3c5326,V2_candidate_KNN,0.014719933094822151,0.01906251604554001,0.05975109951864999,0.10787500595556718,0.19586441808378333,0.3635459330814239,0.38063594631167713,0.38418951962911496,192,
5d83ddd5ec3c5326,V2_Q_mahalanobis,1.3602275839786113,2.0124383988365873,2.3341444415272834,2.592896375734507,3.034271099553221,3.6517998894614023,4.077458398580971,4.326014806922259,128,
7a03013d34b355c1,V1_IL_self_KNN,0.014386954717338085,0.015476555051282048,0.017010854557156563,0.020403687842190266,0.024886994156986475,0.032110559660941354,0.04281452912837266,0.04574079066514969,64,
7a03013d34b355c1,V1_candidate_KNN,0.04581524099843524,0.05978885925974506,0.09859256520007631,0.1254593185894064,0.2067947622339963,0.30305499403743796,0.3197769108798418,0.389655801619807,128,1.0
7a03013d34b355c1,V2_IL_Q_to_R_KNN,0.010752049274742603,0.01195836323313415,0.014430824667215347,0.016558856703341007,0.019272339530289173,0.031440950743854036,0.07761132668703809,0.09291958808898926,128,
7a03013d34b355c1,V2_candidate_KNN,0.011158253866212935,0.015501312362820147,0.04997359122605874,0.09540872806886064,0.16897699383475495,0.29045921382502654,0.3224448085875006,0.3318918047451606,192,
7a03013d34b355c1,V2_Q_mahalanobis,1.187803736125999,1.7314362966223626,2.112138629161998,2.3462113552947708,2.828771496007075,3.230956224851,3.4935613354807007,3.5671210186459126,128,
0b2061c2aced52de,V1_IL_self_KNN,0.04405944421887398,0.04513078667223454,0.051454516127705574,0.055398667231202126,0.06156844459474087,0.09776717424392697,0.12783646523952477,0.14729543030261993,64,
0b2061c2aced52de,V1_candidate_KNN,0.22787564741192862,0.27762528957187055,0.3050491778685747,0.3257828485091824,0.4731752429274632,1.2610902431833069,1.3758344123614588,1.5076010535175872,128,1.0
0b2061c2aced52de,V2_IL_Q_to_R_KNN,0.027143944054841995,0.03168499525636435,0.036396699026227,0.04349723644554615,0.048422216437757015,0.07547938078641885,0.09768211081624038,0.10263592004776001,128,
0b2061c2aced52de,V2_candidate_KNN,0.030743072930035042,0.03725535599032743,0.13856584804788294,0.293830388306383,0.38744914901062305,1.1202937449468275,1.27736845472681,1.403937180688033,192,
0b2061c2aced52de,V2_Q_mahalanobis,1.8321029388314625,2.50473645518412,2.7696834091527616,3.1572765975117143,3.497647814964894,4.1401895667759065,4.522526158004741,4.7095627402188205,128,
945dcb42cd645cc2,V1_IL_self_KNN,0.021990183740854263,0.023763468768447638,0.027626378927379847,0.03369351848959923,0.03906875941902399,0.04698215983808039,0.0497139673680067,0.050880275666713715,64,
945dcb42cd645cc2,V1_candidate_KNN,0.03356795766070672,0.037989316855928566,0.06338643409154261,0.07719771863901918,1.0788569813516948,1.4889903024183766,1.554995061502443,1.570314944251286,128,0.8203125
945dcb42cd645cc2,V2_IL_Q_to_R_KNN,0.01795726642012596,0.020215468667447566,0.023495070170611143,0.026509285904467106,0.03211948461830616,0.045209321379661556,0.049206896498799335,0.05454991012811661,128,
945dcb42cd645cc2,V2_candidate_KNN,0.018245407550341073,0.022189026150028095,0.03149694868078049,0.06820718932073026,0.607812614816167,1.391244537872929,1.4768146714170465,1.5000689630199684,192,
945dcb42cd645cc2,V2_Q_mahalanobis,1.0663002865385687,1.7379662703816612,2.181187573131313,2.5244878425517436,2.7629526264587176,3.3078998356537,3.859610073480975,3.9539688436044815,128,
66d5a6841d835e3a,V1_IL_self_KNN,0.01780814304947853,0.01853839261457324,0.021371185313910246,0.025665207765996456,0.02956724027171731,0.06453913208097217,0.0892016442120074,0.120022252202034,64,
66d5a6841d835e3a,V1_candidate_KNN,0.020278126843237265,0.02651059789353212,0.07030686245690498,0.08875627552052229,0.5624543070149455,0.6526035177561178,0.6862716696814054,0.6943223594313199,128,0.3984375
66d5a6841d835e3a,V2_IL_Q_to_R_KNN,0.014815988950431347,0.016614004038274288,0.019123727921396494,0.021631136536598206,0.02426394261419773,0.03120144680142402,0.033356755487620834,0.038156889379024506,128,
66d5a6841d835e3a,V2_candidate_KNN,0.013070515987349868,0.01853886345596894,0.025323544794363377,0.06736451837002042,0.3034720767139689,0.6086296996580739,0.648913293987613,0.6798542995918062,192,
66d5a6841d835e3a,V2_Q_mahalanobis,1.1767970140869546,1.7550239757039732,2.272129850924693,2.5387568181500324,2.79021194337893,3.4021685709540317,3.949562482559131,4.232681411140057,128,
1035d1c56f0f5ba9,V1_IL_self_KNN,0.03874773904681206,0.040828435122966765,0.04739012382924557,0.05326046608388424,0.060807076282799244,0.08602637201547618,0.09672747001051898,0.10569743812084198,64,
1035d1c56f0f5ba9,V1_candidate_KNN,0.08329938714175457,0.11554973376168773,0.1292917563925425,0.2210061639498338,0.5657112127409436,1.4627218607864854,1.5354765107178723,1.5671949254619042,128,0.9765625
1035d1c56f0f5ba9,V2_IL_Q_to_R_KNN,0.033500585705041885,0.035618860833346845,0.03998464718461037,0.04582129418849945,0.05337285157293081,0.07172137536108494,0.08229579314589501,0.11037617921829224,128,
1035d1c56f0f5ba9,V2_candidate_KNN,0.028352180874274824,0.040729984927992444,0.08852768689586571,0.1286405112586832,0.37581618882323026,1.3231814092024128,1.4790501971923802,1.5399076929688191,192,
1035d1c56f0f5ba9,V2_Q_mahalanobis,1.3176349370267637,1.9833661912824845,2.432569573530135,2.8345315919813054,3.1462895485066444,3.688370324600139,4.289391739391704,4.7328242725183935,128,
98ad6d2817355b99,V1_IL_self_KNN,0.017904167994856834,0.022410967480391265,0.028497254475951195,0.033918144181370735,0.04458023887127638,0.09668771848082522,0.11061621136963366,0.11469265073537827,64,
98ad6d2817355b99,V1_candidate_KNN,0.1587026604039053,0.21570989580759228,0.2781616150036121,0.31679738831300364,0.39553826125442215,0.48109789073112386,0.5538932035760437,0.6649045577699729,128,1.0
98ad6d2817355b99,V2_IL_Q_to_R_KNN,0.0191018246114254,0.02182904090732336,0.02545254770666361,0.03038270492106676,0.03999968525022268,0.08142213039100168,0.10091898985207083,0.15601792931556702,128,
98ad6d2817355b99,V2_candidate_KNN,0.020653538621493116,0.026590331885735733,0.10621171118687786,0.24364857665930267,0.308311793656177,0.4542607574816018,0.5149520160535369,0.6543350106591717,192,
98ad6d2817355b99,V2_Q_mahalanobis,1.2306601188137576,1.5450895514622243,2.029044241357229,2.3778861327615433,2.657550154400519,3.5315904701494985,3.9877489531453105,4.128642737301785,128,
293fd2580df350a8,V1_IL_self_KNN,0.015515461564064026,0.017240164522081613,0.018555848859250546,0.019659471698105335,0.022145182359963655,0.0304220505990088,0.04152615807950493,0.049673568457365036,64,
293fd2580df350a8,V1_candidate_KNN,0.04940431019905452,0.1589713080234794,0.19875931477713543,0.29683873337047795,0.3814614090574805,0.5295268126615528,0.5583008563257891,0.5844971844866824,128,0.9921875
293fd2580df350a8,V2_IL_Q_to_R_KNN,0.01150178350508213,0.013502048887312412,0.01562903984449804,0.01783506665378809,0.02022297866642475,0.029805876594036815,0.052011820413172274,0.07332181930541992,128,
293fd2580df350a8,V2_candidate_KNN,0.013138807840199895,0.017659776935986755,0.08793401938236639,0.1780299042985934,0.2952214705853682,0.4834190716260759,0.5356140371705311,0.5822693673805409,192,
293fd2580df350a8,V2_Q_mahalanobis,1.7078267972253185,2.121531270166734,2.557808909892711,2.9329781039256506,3.3869129961101176,3.9626542817851083,4.418549508250742,5.369873572039413,128,
6864977b221059e4,V1_IL_self_KNN,0.017146052792668343,0.021214224956929685,0.025908426381647587,0.030048981308937073,0.035431183874607086,0.05957441385835404,0.16089534580707546,0.1744552105665207,64,
6864977b221059e4,V1_candidate_KNN,0.10567156549967631,0.1276307871777409,0.14554274105069714,0.1781264231229984,0.710378491746503,1.5646109566990105,1.631985544545,1.6632516695993627,128,0.515625
6864977b221059e4,V2_IL_Q_to_R_KNN,0.01706760749220848,0.019140916876494884,0.021819123532623053,0.024476870894432068,0.027524800039827824,0.041323975101113276,0.07814385168254383,0.09504782408475876,128,
6864977b221059e4,V2_candidate_KNN,0.01768671651158677,0.02190236430359156,0.10698257107012635,0.14085632159362793,0.4658701848662965,1.4401284115625035,1.5876061321943176,1.632111612965718,192,
6864977b221059e4,V2_Q_mahalanobis,1.340401388475936,1.7567048839523056,2.1464175539939796,2.4389154317219073,2.744829873259274,3.3586462118251807,3.6505026109462,3.8966501881122912,128,
161154cbf4245a3d,V1_IL_self_KNN,0.02582414448261261,0.03027043314650655,0.03562988992780447,0.039750710129737854,0.047817337326705456,0.07720590755343433,0.09001014322042461,0.09975703060626984,64,
161154cbf4245a3d,V1_candidate_KNN,0.11470564487090758,0.17033725620486617,0.213384074788284,0.2792697317752907,0.32302829910564046,0.4156956437663344,0.4322133436548599,0.4647435408471109,128,1.0
161154cbf4245a3d,V2_IL_Q_to_R_KNN,0.024209994822740555,0.02803130857646465,0.03260163124650717,0.03614881448447704,0.04132929816842079,0.05830872002989053,0.07245360426604748,0.07514158636331558,128,
161154cbf4245a3d,V2_candidate_KNN,0.027627116086846582,0.032332358928892684,0.09671615274276726,0.1720068198597568,0.2666432024779214,0.3685622101279927,0.4143583432477519,0.4466677115437016,192,
161154cbf4245a3d,V2_Q_mahalanobis,1.5936639693460735,2.2138917911069207,2.6624758886439044,3.187400970830092,3.5003188026674334,4.168404794379007,4.980124234519842,5.245778939314011,128,
023664205ae95402,V1_IL_self_KNN,0.021329021081328392,0.025118251889944078,0.03339868783950806,0.038230253383517265,0.04251892026513815,0.06408505178987979,0.08279004901647566,0.08884628117084503,64,
023664205ae95402,V1_candidate_KNN,0.03259878403697038,0.04135594415677382,0.059718371785435286,0.11154343035062021,0.33046609692637907,0.3723835953677651,0.39561861267074033,0.4061566817979584,128,0.5703125
023664205ae95402,V2_IL_Q_to_R_KNN,0.01852424629032612,0.02397762592881918,0.0286841643974185,0.03225011192262173,0.03792024217545986,0.0546308571472764,0.06948298394680023,0.0818505510687828,128,
023664205ae95402,V2_candidate_KNN,0.022961791773200572,0.029389478605584787,0.03998227681436505,0.0701216955958942,0.17419293514417294,0.360411763666041,0.3728537841528134,0.38309588495739516,192,
023664205ae95402,V2_Q_mahalanobis,1.374636217363447,1.7982546471123952,2.510634208386856,2.828978372706515,3.1085832921681726,3.6379903517159913,3.982828956910239,4.081597671876108,128,
cd07f4279fa35240,V1_IL_self_KNN,0.031513459980487823,0.0340609623119235,0.03807903826236725,0.04218685254454613,0.047359527088701725,0.0668615087866783,0.0945385684818028,0.12953627109527588,64,
cd07f4279fa35240,V1_candidate_KNN,0.07115095925432056,0.08086193219400378,0.09699949063829567,0.12851199149575282,0.8109199520527025,1.3226666854870028,1.3805031243037809,1.3877568052460085,128,0.484375
cd07f4279fa35240,V2_IL_Q_to_R_KNN,0.026081856340169907,0.0279038374312222,0.03285057004541159,0.03756987676024437,0.04338831640779972,0.057896654494106754,0.07906346134841451,0.10250017791986465,128,
cd07f4279fa35240,V2_candidate_KNN,0.026857335379055703,0.03331697003160642,0.066959565851691,0.10094851540009694,0.45779436631775805,1.1541357136138257,1.271755023121444,1.3251599184682068,192,
cd07f4279fa35240,V2_Q_mahalanobis,1.7351111479921186,2.1234044096834688,2.720319568522471,3.0211350257484435,3.5133251332970445,4.001619574089342,4.303777402536834,4.6099505033095705,128,
7ae1fa9094f355c5,V1_IL_self_KNN,0.03974531590938568,0.04244791883975267,0.050493993796408176,0.060390887781977654,0.0767623782157898,0.09490190260112284,0.1169633067399263,0.12425671517848969,64,
7ae1fa9094f355c5,V1_candidate_KNN,0.22508096347712966,0.31289022522772864,0.4198118540611596,0.5739806837609334,0.6437319038712235,0.9154744559294816,0.9711209536224691,2.0094167602043203,128,1.0
7ae1fa9094f355c5,V2_IL_Q_to_R_KNN,0.03376225382089615,0.03661741465330124,0.047047452069818974,0.05319259874522686,0.06209732964634895,0.08606910444796084,0.1025798608362675,0.12483897060155869,128,
7ae1fa9094f355c5,V2_candidate_KNN,0.03731730039638363,0.0483302719607936,0.21508978425328662,0.3846147849651106,0.5665698123399727,0.8348733456734937,1.2608083618042496,2.0267139852370457,192,
7ae1fa9094f355c5,V2_Q_mahalanobis,1.8816350981849808,2.123089519725135,2.577155219660361,2.9320118467351737,3.32063704141918,4.020992094216351,4.212497884808925,4.77052894506267,128,
b7b9f31751e459f0,V1_IL_self_KNN,0.011274187825620174,0.012924391822889448,0.017574938479810953,0.020948550663888454,0.02537897787988186,0.030749010387808078,0.04029961828142401,0.049258314073085785,64,
b7b9f31751e459f0,V1_candidate_KNN,0.07354996234879388,0.1216087642965946,0.19345946486781015,0.325954917652056,0.5165991237221846,0.6704498521235095,0.7163760634243813,0.7212087620800434,128,1.0
b7b9f31751e459f0,V2_IL_Q_to_R_KNN,0.011046030558645725,0.01230341661721468,0.014402840752154589,0.01679481565952301,0.021567925810813904,0.029709328245371567,0.03463235657662153,0.04334457218647003,128,
b7b9f31751e459f0,V2_candidate_KNN,0.01043004115727,0.01389401635038704,0.08034177584381794,0.1578955118375746,0.34472544822551754,0.5793045619153663,0.677664105217958,0.7063051790012325,192,
b7b9f31751e459f0,V2_Q_mahalanobis,1.4998904598665266,1.8168498446734904,2.2682045358966487,2.7352139753550273,3.1072108249457546,3.791714592203918,4.390466902896623,4.465322767895844,128,
94cf3d2feed759ac,V1_IL_self_KNN,0.027855997905135155,0.03171655666083097,0.03937955107539892,0.04329448752105236,0.04930634517222643,0.070271972194314,0.08517910741269585,0.09408745914697647,64,
94cf3d2feed759ac,V1_candidate_KNN,0.15596335565671104,0.2244895607127304,0.2940226363968237,0.3633860601020964,0.41644549184759666,0.4785063649849326,0.516585511409495,0.5191692031047157,128,1.0
94cf3d2feed759ac,V2_IL_Q_to_R_KNN,0.024130159988999367,0.02597622200846672,0.03105575917288661,0.03677303157746792,0.04277346096932888,0.0665217142552137,0.08707182645797733,0.09291162341833115,128,
94cf3d2feed759ac,V2_candidate_KNN,0.027436065026600308,0.032898334920042106,0.12610810514778778,0.2635947429033016,0.3430491413537621,0.43611554090033766,0.482295551564098,0.500434651437299,192,
94cf3d2feed759ac,V2_Q_mahalanobis,1.917454800995297,2.179839095048524,2.588574356332363,2.8776373223310125,3.477230133023037,4.270379367158148,4.546188121128889,5.450172126735588,128,
9f4e94fa77b555dd,V1_IL_self_KNN,0.014133009128272533,0.015720507875084878,0.018006833270192146,0.02429049462080002,0.028075180016458035,0.07679958995431642,0.11157576665282248,0.1152457594871521,64,
9f4e94fa77b555dd,V1_candidate_KNN,0.045411901407564924,0.07234576162758327,0.09337005785630656,0.21035323065359862,0.3182433815409604,0.43424512509730634,0.4902113392748676,0.6984868036770862,128,0.6328125
9f4e94fa77b555dd,V2_IL_Q_to_R_KNN,0.013376915827393532,0.014814184932038187,0.01707375142723322,0.01907739881426096,0.02303591463714838,0.04225109219551081,0.07255112960934648,0.14134839177131653,128,
9f4e94fa77b555dd,V2_candidate_KNN,0.014580954995263495,0.018251472401273134,0.06274011768118411,0.11909548648175847,0.23196399272851334,0.34954067889657847,0.4216553914917726,0.42617773203905135,192,
9f4e94fa77b555dd,V2_Q_mahalanobis,1.0837429494385904,1.4877266078238938,1.9164270356583168,2.267837538119273,2.523459930115097,3.0603132337261987,3.625827350632589,3.978210152610484,128,
5985ea459f145e5c,V1_IL_self_KNN,0.042339127510786057,0.04488573800772429,0.05409811995923519,0.06613219156861305,0.08031583577394485,0.09283412881195544,0.12678696222603314,0.14261595904827118,64,
5985ea459f145e5c,V1_candidate_KNN,0.13827578647028527,0.1574378798625549,0.18138264441207308,0.19758877866486307,0.42286136990371886,0.817198410971692,0.9016255792339902,0.9199049523841965,128,0.9921875
5985ea459f145e5c,V2_IL_Q_to_R_KNN,0.030061012133955956,0.03772246781736612,0.04739571548998356,0.05392960272729397,0.06310880742967129,0.0981061927974224,0.15568781480193153,0.2615838944911957,128,
5985ea459f145e5c,V2_candidate_KNN,0.03528486069457133,0.05234779734535974,0.10940361927898742,0.18311412044500575,0.31761656492284535,0.656132477542217,0.8111482334216608,0.8674451088391548,192,
5985ea459f145e5c,V2_Q_mahalanobis,1.5798745018339881,2.135907042686606,2.56122548040019,2.9081437066895717,3.280053480845514,4.124641295995876,4.883784709827417,5.119072591283198,128,
624789926abe5dac,V1_IL_self_KNN,0.03101431205868721,0.037837482430040835,0.047782656736671925,0.058303650468587875,0.06697876192629337,0.09739964716136455,0.12535993732511985,0.1512821912765503,64,
624789926abe5dac,V1_candidate_KNN,0.07576974986611676,0.08161587496431467,0.09175004262097432,0.14347857615351867,0.31888217215467796,0.46016414410158846,0.4982810436010729,0.5173663334626466,128,0.4765625
624789926abe5dac,V2_IL_Q_to_R_KNN,0.03482414782047272,0.039747413247823715,0.04475501272827387,0.05062470771372318,0.06077204551547766,0.08145060278475283,0.09922190159559251,0.10426332801580429,128,
624789926abe5dac,V2_candidate_KNN,0.033679700542676654,0.04324213512771909,0.07226950161896477,0.10003258122458594,0.19131334116373008,0.42358780127349843,0.4599330522701757,0.5238700648427204,192,
624789926abe5dac,V2_Q_mahalanobis,1.838240705520638,2.300740870236604,2.789734791121972,3.179238095365897,3.662451690354796,4.285621443421962,4.587740527552846,5.000731748814901,128,
adb657c849df5d9e,V1_IL_self_KNN,0.016300475224852562,0.017691452428698542,0.022239360958337784,0.026385223492980003,0.03126748837530613,0.05377275161445139,0.07164068982005115,0.08333839476108551,64,
adb657c849df5d9e,V1_candidate_KNN,0.084493379433769,0.19646319568080237,0.22721968995274158,0.29233931711149325,0.3370076802898509,0.3911998463173735,0.4313241739722924,0.43391379174900624,128,1.0
adb657c849df5d9e,V2_IL_Q_to_R_KNN,0.013576984405517578,0.014445722568780184,0.017387382686138153,0.01977645978331566,0.023688847664743662,0.032613175082951765,0.053017940223217014,0.10486941039562225,128,
adb657c849df5d9e,V2_candidate_KNN,0.014583579564376467,0.01856521169529266,0.08285211794140598,0.2081217297954745,0.2820617207186401,0.35931118603421536,0.3885474634980506,0.4151022662116686,192,
adb657c849df5d9e,V2_Q_mahalanobis,1.4538784429309128,1.7552969371487968,2.213832632194416,2.4305584953133774,2.890886099210956,3.4058047086329175,3.8516159540571966,3.8823137480832357,128,
095f95bdbf1054d0,V1_IL_self_KNN,0.015080216340720654,0.017298325151205062,0.019512595608830452,0.02300537284463644,0.025423760525882244,0.035618919506669046,0.04589135661721226,0.05413296818733215,64,
095f95bdbf1054d0,V1_candidate_KNN,0.1657890142868481,0.17572336768017022,0.27536058597510077,0.3081330954685566,0.36189256538096964,0.4259483667026737,0.471631781436536,0.5108375624156543,128,1.0
095f95bdbf1054d0,V2_IL_Q_to_R_KNN,0.013885599561035633,0.014773775450885296,0.0168619342148304,0.018353689461946487,0.02034526877105236,0.030276817269623276,0.033834506645798686,0.037003763020038605,128,
095f95bdbf1054d0,V2_candidate_KNN,0.013086570999586081,0.01808781633938434,0.08019038136200833,0.2240167311737224,0.31596229128328723,0.3927382753715309,0.4797085267982602,0.5235174358499369,192,
095f95bdbf1054d0,V2_Q_mahalanobis,1.3496081695645252,1.7940023335336994,2.157743831610799,2.512797716976638,2.895166629833604,3.533605516940838,3.9321583950667405,4.125590898108376,128,
d117940fcb945ac1,V1_IL_self_KNN,0.04146775230765343,0.04893229156732559,0.05916576739400625,0.07287789508700371,0.08448786288499832,0.11748575083911418,0.12708666369318958,0.1372094452381134,64,
d117940fcb945ac1,V1_candidate_KNN,0.3867523337130004,0.42204949332881253,0.4567399160463921,0.5474385318485124,0.6052491703914369,0.6656639583704844,0.750982836515852,0.8059480829921759,128,1.0
d117940fcb945ac1,V2_IL_Q_to_R_KNN,0.039682887494564056,0.04281013496220112,0.04921601712703705,0.05654512532055378,0.07290791347622871,0.09982076585292815,0.1324513210356236,0.1539715826511383,128,
d117940fcb945ac1,V2_candidate_KNN,0.03852226891905759,0.05182515933458274,0.2063064844715291,0.4050570492296701,0.5003674083222265,0.5994727403601031,0.6664085490845005,0.7473590295974955,192,
d117940fcb945ac1,V2_Q_mahalanobis,1.2895117831083867,1.6639871538385145,2.2922598915846257,2.620016608696134,3.137434918761759,4.0789761474464825,4.808965587862752,5.072244032948053,128,
ef023f6f394f5be8,V1_IL_self_KNN,0.03030114434659481,0.03380472660064697,0.03790217358618975,0.04666037671267986,0.053962343372404575,0.07656973116099826,0.08570666663348672,0.09063433855772018,64,
ef023f6f394f5be8,V1_candidate_KNN,0.11460476287055713,0.1423310286703034,0.1631748440774191,0.18614363656256444,0.6176712322979745,0.8540488279954171,0.9684697212906849,0.999128666669051,128,1.0
ef023f6f394f5be8,V2_IL_Q_to_R_KNN,0.026781469583511353,0.02851164052262902,0.032416253350675106,0.03577878884971142,0.040538763627409935,0.0566332338377833,0.0686751312017441,0.072626993060112,128,
ef023f6f394f5be8,V2_candidate_KNN,0.02836925639583221,0.03275213643993586,0.09803217820181602,0.1612327037899297,0.3919206616191356,0.7998134565395925,0.8900881102987503,0.9824646693434369,192,
ef023f6f394f5be8,V2_Q_mahalanobis,1.886631951120606,2.4256781483549674,2.939500284494414,3.3802814122113074,3.7059151075481864,4.436698040807787,4.80143062394782,4.854662880454433,128,
451631b82dd757e4,V1_IL_self_KNN,0.01697855070233345,0.018967750295996667,0.02234120247885585,0.026704231277108192,0.03173977881669998,0.04583253003656863,0.06887849938124412,0.08675824850797653,64,
451631b82dd757e4,V1_candidate_KNN,0.07369738359823189,0.08693820419082873,0.10983039788556764,0.15017059614417994,0.1910681400291508,0.29073756523905264,0.3372021965110197,0.4124156350804862,128,0.9453125
451631b82dd757e4,V2_IL_Q_to_R_KNN,0.015274283476173878,0.016906364727765324,0.019247657619416714,0.021468352526426315,0.025120071601122618,0.03528628833591937,0.04617337588220836,0.06216476112604141,128,
451631b82dd757e4,V2_candidate_KNN,0.015127528498980825,0.02009809894032048,0.05686532698163495,0.10739343127286877,0.1733088891638448,0.2849359533488233,0.3451767313919457,0.4247002746105083,192,
451631b82dd757e4,V2_Q_mahalanobis,1.3303016384271804,1.7432589903056235,2.184242640981336,2.484460842989596,2.8456929775150734,3.4490506974966046,3.7646458638698235,4.178421611820788,128,
b25e5caac7645be6,V1_IL_self_KNN,0.0209454707801342,0.021964361518621446,0.028372020926326513,0.03238995932042599,0.038929873146116734,0.05158795602619645,0.07860945820808408,0.08363576233386993,64,
b25e5caac7645be6,V1_candidate_KNN,0.09942594013712064,0.12099485859397244,0.1501149803179408,0.17423393002602203,0.2583646085912066,0.4715986732392576,0.5394686330004467,0.5804962786653405,128,1.0
b25e5caac7645be6,V2_IL_Q_to_R_KNN,0.01631748676300049,0.019247788842767476,0.022956174332648516,0.026750318706035614,0.031866530887782574,0.042168227210640896,0.06248449239879847,0.12075777351856232,128,
b25e5caac7645be6,V2_candidate_KNN,0.0166947882951153,0.024487508805761508,0.09132506979683294,0.1468106062929485,0.21005178946568834,0.4579782173863285,0.504919921288796,0.5505207232278649,192,
b25e5caac7645be6,V2_Q_mahalanobis,1.391339455204372,1.7098489554296197,2.0758551134601584,2.531225783689932,2.891358132324499,3.560711022386712,4.075483509362664,4.665236921684966,128,
277898ef740c5ab1,V1_IL_self_KNN,0.03323700278997421,0.036386924982070926,0.0392257459461689,0.044501472264528275,0.05294734239578247,0.07630221843719481,0.12151176050305365,0.12591210007667542,64,
277898ef740c5ab1,V1_candidate_KNN,0.05000608909534936,0.07155549477346816,0.09547591245675267,0.10943776218014883,0.277724830690695,0.4290100725920878,0.47087718668224954,0.5065474741203243,128,0.40625
277898ef740c5ab1,V2_IL_Q_to_R_KNN,0.023968081921339035,0.02830583993345499,0.03361181169748306,0.03830101154744625,0.044355436228215694,0.05818326566368341,0.07497474379837517,0.09035784006118774,128,
277898ef740c5ab1,V2_candidate_KNN,0.027579085552759147,0.034558460829704506,0.05856317830054625,0.08482023774952697,0.16529985428850488,0.3843700486004965,0.41399664283543386,0.4697250336730258,192,
277898ef740c5ab1,V2_Q_mahalanobis,1.4295790669228055,2.278620157364624,2.698014397200134,3.0550743552454,3.4418965083365833,4.263889724849706,4.920466135068529,5.574958948928113,128,
de94e95519d85f21,V1_IL_self_KNN,0.0173318050801754,0.018553094938397408,0.021005292423069477,0.025838680565357208,0.03152806404978037,0.05310988109558819,0.07640570819377894,0.08964376151561737,64,
de94e95519d85f21,V1_candidate_KNN,0.05106851981958869,0.05392152997769829,0.12383687297372407,0.22734159297953377,0.2914462928929402,0.49417063929739885,0.5065114369573811,0.5088984104328134,128,0.7890625
de94e95519d85f21,V2_IL_Q_to_R_KNN,0.0142607931047678,0.015463953977450729,0.01760858530178666,0.020034950226545334,0.022977933287620544,0.030219122394919397,0.03941825743764642,0.047248948365449905,128,
de94e95519d85f21,V2_candidate_KNN,0.0143840172317859,0.018667758926180528,0.05502379341235679,0.13487822458647802,0.22416712276445563,0.45707875983271723,0.505129693093608,0.5107587436066335,192,
de94e95519d85f21,V2_Q_mahalanobis,1.0026506636607386,1.5647065764092427,2.0081934214882073,2.2963136868301417,2.6457088431360787,3.31059061857129,3.4814223050647746,3.640889521779457,128,
cec9570f9fd3504b,V1_IL_self_KNN,0.05065053701400757,0.06186483539640904,0.07136520184576511,0.07913878560066223,0.09375327080488205,0.1099536433815956,0.12278357811272143,0.12443580478429794,64,
cec9570f9fd3504b,V1_candidate_KNN,0.14948399551618538,0.22266431784124252,0.25416269566755084,0.2910044667623163,0.6289699247127668,0.7986486364700012,1.4095473560633227,1.4438784468509769,128,1.0
cec9570f9fd3504b,V2_IL_Q_to_R_KNN,0.03880268335342407,0.048663772828876975,0.05704828631132841,0.06311215087771416,0.07397807203233242,0.1051745172590017,0.15258349776268018,0.16962015628814697,128,
cec9570f9fd3504b,V2_candidate_KNN,0.048218051103622095,0.056697866259155384,0.15587778355562512,0.24641392536814047,0.47801106005093275,0.7358948368621079,1.3428704837502219,1.3881553132413678,192,
cec9570f9fd3504b,V2_Q_mahalanobis,1.5694011353956359,2.1066681495862385,2.6369255482925515,3.1122258685917825,3.4037668913749624,4.099370808316368,4.771286645065247,4.822186248723018,128,
654a0ce9f6305cee,V1_IL_self_KNN,0.01115209236741066,0.011396595137193799,0.01234112260863185,0.013816556427627802,0.0162143362686038,0.024225099105387917,0.026817877180874344,0.0281832218170166,64,
654a0ce9f6305cee,V1_candidate_KNN,0.034850151228303296,0.039875109768051066,0.11942902576639626,0.18474128016105934,0.5108529759423426,0.5448487297982771,0.5661344211882338,0.5750209752935677,128,1.0
654a0ce9f6305cee,V2_IL_Q_to_R_KNN,0.008214065805077553,0.009268208732828498,0.010634337086230516,0.012048392556607723,0.014204282779246569,0.019036658573895686,0.027748247440904383,0.030340587720274925,128,
654a0ce9f6305cee,V2_candidate_KNN,0.009074525019672675,0.011480028905866873,0.04058323329322741,0.11031350283708138,0.25946075401707924,0.5282068511381904,0.5466964267010647,0.5657490393983073,192,
654a0ce9f6305cee,V2_Q_mahalanobis,2.0903209324034733,2.343659112948892,2.7306887224248406,3.1591621949573017,3.6340877790986816,4.68839722272111,5.066800061984542,5.82049677627242,128,
672173aac8685233,V1_IL_self_KNN,0.04050358384847641,0.042881654016673564,0.04922609310597181,0.05588058568537235,0.06714983843266964,0.10926175005733955,0.12359051369130608,0.1314031481742859,64,
672173aac8685233,V1_candidate_KNN,0.174733203669862,0.21024350412689896,0.23370103013805005,0.30025518849458077,0.494045657266631,0.6739977492902514,0.7092825714271942,1.5670637016299973,128,1.0
672173aac8685233,V2_IL_Q_to_R_KNN,0.030243616551160812,0.03482530415058136,0.03868652414530516,0.042678263038396835,0.05074470862746239,0.07136226519942282,0.108368402644992,0.14230018854141235,128,
672173aac8685233,V2_candidate_KNN,0.030811918720388104,0.039970477613363184,0.12689992650455262,0.23300223782902557,0.3723960362707649,0.638730916989468,0.6711523432709982,0.6797246406928691,192,
672173aac8685233,V2_Q_mahalanobis,2.0046635447390524,2.2662812464753928,2.842897621360918,3.170091492272804,3.7110959140395083,4.340331701972688,4.754262751379424,4.8654142488567,128,
74bf7898a5565ef7,V1_IL_self_KNN,0.016872908920049667,0.018440598994493483,0.020631965715438128,0.024881627410650253,0.028544860426336527,0.036560244672000405,0.0774972746521233,0.11147499084472656,64,
74bf7898a5565ef7,V1_candidate_KNN,0.06736184942351191,0.17696541844569588,0.23446598603348656,0.3597812608953571,0.6659629544830541,1.4602970251733218,1.5661572254046403,1.5721733282111958,128,0.984375
74bf7898a5565ef7,V2_IL_Q_to_R_KNN,0.013784286566078663,0.016510604228824378,0.018336533568799496,0.020324943587183952,0.022959657479077578,0.028771938290446986,0.05522791516035799,0.07647041231393814,128,
74bf7898a5565ef7,V2_candidate_KNN,0.014075689725956162,0.01847119410118557,0.1102118676437542,0.24179017866630376,0.5058274972357015,1.3293685255487986,1.5348717155544864,1.5429442570497787,192,
74bf7898a5565ef7,V2_Q_mahalanobis,1.4394067706518041,2.064475274624006,2.5255707532310447,2.846022270844519,3.226873019794224,3.728582477984319,4.756001959133815,5.275529595922461,128,
4393df900c6557cb,V1_IL_self_KNN,0.02950657531619072,0.03258803896605968,0.03927285596728325,0.04480502009391785,0.057414970360696316,0.07805800661444663,0.09078823804855346,0.09346886724233627,64,
4393df900c6557cb,V1_candidate_KNN,0.08857085085968025,0.11693054746420302,0.13816435145665895,0.16033811537160492,0.24317366724648626,0.2868924938388295,0.3331877830091444,0.40027422364912946,128,0.984375
4393df900c6557cb,V2_IL_Q_to_R_KNN,0.027133438736200333,0.029073012247681617,0.036022971384227276,0.04183318465948105,0.05030383914709091,0.06674138717353344,0.08263397566974168,0.0877845361828804,128,
4393df900c6557cb,V2_candidate_KNN,0.023959432105290907,0.03725502015169907,0.07492161886831594,0.1113443388745016,0.1633218651352508,0.26248397145826113,0.2990123400136045,0.3585850879873428,192,
4393df900c6557cb,V2_Q_mahalanobis,1.574718131509963,2.204452170297455,2.537755046250647,2.903580816524358,3.3954523942031267,3.9216255435272966,4.562881099917504,4.645927281053035,128,
059fb1d0f20e58d6,V1_IL_self_KNN,0.018192103132605553,0.021641093771904707,0.026728214230388403,0.029969527386128902,0.033379112370312214,0.043019582144916045,0.05740019422024484,0.06866538524627686,64,
059fb1d0f20e58d6,V1_candidate_KNN,0.1987094112519791,0.25103184021182406,0.4487508110804137,0.5539765890487003,0.6357105179262266,0.7063572856555145,0.7349304961262423,0.747329232450792,128,1.0
059fb1d0f20e58d6,V2_IL_Q_to_R_KNN,0.016863292083144188,0.019309267215430737,0.02252646256238222,0.02488590031862259,0.02842665556818247,0.03676188178360462,0.056870477646589306,0.10815651714801788,128,
059fb1d0f20e58d6,V2_candidate_KNN,0.01636817764788843,0.02431896697525438,0.14729303924894593,0.37088737751902523,0.5366127803313585,0.6313889632906526,0.6742289676709669,0.6835712380038528,192,
059fb1d0f20e58d6,V2_Q_mahalanobis,1.1424828347918097,1.9200044091574884,2.443168855389424,2.734759399520205,3.0104772593023426,3.5887434025747655,4.5145306237378655,4.689717021079437,128,
b76fdedd0d1d5f46,V1_IL_self_KNN,0.02242417447268963,0.023827512562274934,0.026209908071905375,0.030388248153030872,0.040701779536902905,0.05522816814482212,0.08025904595851897,0.08287559449672699,64,
b76fdedd0d1d5f46,V1_candidate_KNN,0.2264263540927939,0.29517978361664066,0.4256690829088435,0.5395923585659331,0.6061089216790625,0.6967467214902461,0.7209478839882628,0.7407389968544514,128,1.0
b76fdedd0d1d5f46,V2_IL_Q_to_R_KNN,0.015613528899848461,0.01741247307509184,0.020252801477909088,0.024907970800995827,0.031734353862702847,0.04585910737514494,0.07264910526573663,0.10882966220378876,128,
b76fdedd0d1d5f46,V2_candidate_KNN,0.016249054595228896,0.020768611625016194,0.16544731240163935,0.32498754577908484,0.5227570833553613,0.6764197990925619,0.7017273153103851,0.7399996479743425,192,
b76fdedd0d1d5f46,V2_Q_mahalanobis,1.2933736761953902,1.5017981010632377,1.8658884155530016,2.1871827988475134,2.5470533898287573,3.0666734602048336,3.2599305174915667,3.6446951293247962,128,
005a44fa33b55e7b,V1_IL_self_KNN,0.04127707704901695,0.043237029761075976,0.04621642082929611,0.05369916185736656,0.06803841888904572,0.09173580966889856,0.11016274176537987,0.11923806369304657,64,
005a44fa33b55e7b,V1_candidate_KNN,0.09686902538790357,0.11683345160201405,0.13811894543643055,0.1692762112992518,0.24857908569803194,0.4429636407739063,0.5010250304930745,0.7302551137916078,128,0.9140625
005a44fa33b55e7b,V2_IL_Q_to_R_KNN,0.031373608857393265,0.03675787840038538,0.042640093713998795,0.04820864647626877,0.05429507698863745,0.06985230483114717,0.11495424747467047,0.12106597423553467,128,
005a44fa33b55e7b,V2_candidate_KNN,0.0337765606617393,0.0466374217208551,0.08836205645036711,0.12214521725487777,0.18661503945775526,0.40425498877750804,0.47235198664389066,0.7264868970836972,192,
005a44fa33b55e7b,V2_Q_mahalanobis,1.9254454861119665,2.2328187528448638,2.8698945423090216,3.3407349248345257,3.7315132275850718,4.485307293366465,4.939463815648914,5.208130609541693,128,
cdf23d07ec42535e,V1_IL_self_KNN,0.02512861229479313,0.02861736621707678,0.0413267407566309,0.04794776998460293,0.05760669894516468,0.07759200781583785,0.10087563425302493,0.13064700365066528,64,
cdf23d07ec42535e,V1_candidate_KNN,0.04503092300093777,0.0600505340207561,0.08675515705330436,0.14196232782372317,0.24632887330686268,0.6588856705889374,0.7462178554043648,0.8081230772923853,128,0.546875
cdf23d07ec42535e,V2_IL_Q_to_R_KNN,0.025311093777418137,0.026733712386339904,0.03314756229519844,0.03764174319803715,0.045000930316746235,0.06045795436948537,0.09385714091360578,0.10627011954784393,128,
cdf23d07ec42535e,V2_candidate_KNN,0.029115243207988927,0.034571355112639264,0.054443606570123516,0.08337258691152084,0.20971630799222338,0.5611232943309198,0.7097820729083354,0.7290349765354025,192,
cdf23d07ec42535e,V2_Q_mahalanobis,1.7085353371528387,1.8806360363899488,2.33685422053709,2.732145876934334,3.2172097776791606,3.7982225609306446,4.036805208578619,4.7886846571357635,128,
5bb0b67e360f5a85,V1_IL_self_KNN,0.03745288401842117,0.04480308648198843,0.049371255561709404,0.05535709299147129,0.06346151046454906,0.09667780660092828,0.12477153569459914,0.1260862499475479,64,
5bb0b67e360f5a85,V1_candidate_KNN,0.19011438452367568,0.20146973203990215,0.25182984849691764,0.3133877202675617,0.3531083664744021,0.8036899836336906,0.901101455605724,0.9327140623574355,128,1.0
5bb0b67e360f5a85,V2_IL_Q_to_R_KNN,0.030587902292609215,0.036561400070786475,0.04351438116282225,0.04919344559311867,0.05517507344484329,0.08171743303537367,0.1307249888777734,0.144844651222229,128,
5bb0b67e360f5a85,V2_candidate_KNN,0.033410042475562285,0.04390540095859754,0.11530999536058567,0.2170961364508012,0.2947840674711752,0.6768411588245138,0.7592014658222621,0.8443481580511947,192,
5bb0b67e360f5a85,V2_Q_mahalanobis,1.3057232165237147,2.0413654727325974,2.4091423357291104,2.863247635021107,3.210479499916077,3.6427019975733033,3.8172999779287453,4.458443082615881,128,
d5b5493184c257bd,V1_IL_self_KNN,0.030060330405831337,0.03392770942300558,0.04495212435722351,0.050564832985401154,0.059460923075675964,0.08516861498355863,0.10158429853618142,0.10840859264135361,64,
d5b5493184c257bd,V1_candidate_KNN,0.06449997119171987,0.08000558902477868,0.09838008536086237,0.13636344959962718,0.4043931687501375,0.6891572637083764,0.8564688852553004,0.9411918546689133,128,0.65625
d5b5493184c257bd,V2_IL_Q_to_R_KNN,0.025375163182616234,0.03217497076839208,0.038961613550782204,0.0471012182533741,0.056792247109115124,0.07557941451668738,0.11546030715107919,0.12716062366962433,128,
d5b5493184c257bd,V2_candidate_KNN,0.029119948569719067,0.037161457256686264,0.07337188213514313,0.10304727553585,0.2601000703161211,0.6265696734603131,0.7149039325816127,0.8405617418644822,192,
d5b5493184c257bd,V2_Q_mahalanobis,1.4977531619032785,2.091253005938481,2.689587581972607,2.9633030849142865,3.441126813786575,4.133469849782225,4.50544386395318,4.689192467765014,128,
a85370bd50145fbc,V1_IL_self_KNN,0.04180406406521797,0.04393315818160772,0.0480561563745141,0.05236847698688507,0.06089549604803324,0.08085056506097313,0.11377164632081974,0.14459402859210968,64,
a85370bd50145fbc,V1_candidate_KNN,0.053898457367607254,0.06290448265223442,0.07004245714529408,0.08053222742445704,0.43329045972879165,0.7346950188064145,0.7811370438728552,0.7947364250095252,128,0.390625
a85370bd50145fbc,V2_IL_Q_to_R_KNN,0.033623866736888885,0.03839088026434183,0.04159903898835182,0.0470682829618454,0.051630412228405476,0.06516086608171463,0.06987031407654286,0.07959152013063431,128,
a85370bd50145fbc,V2_candidate_KNN,0.03653833037806296,0.04092594000741947,0.05419685600990737,0.06670414371515487,0.26998183815742627,0.6643561430202953,0.7574230754789881,0.786215496249413,192,
a85370bd50145fbc,V2_Q_mahalanobis,2.0895344350226277,2.662070144160198,3.0526879285158763,3.4898381363785194,3.8419810325853607,4.552949620428684,4.873522571442808,4.954945953720041,128,
6b0de122978c5d6c,V1_IL_self_KNN,0.04735098034143448,0.05183583032339811,0.05986650288105011,0.0699038952589035,0.07842879183590412,0.09761681780219077,0.11857982546091075,0.12745192646980286,64,
6b0de122978c5d6c,V1_candidate_KNN,0.076202800416305,0.0813351479279016,0.13083056892589032,0.15174204302018895,0.615765888510228,0.77945769226144,0.8376237229963961,0.8519162470450331,128,0.765625
6b0de122978c5d6c,V2_IL_Q_to_R_KNN,0.035383861511945724,0.04334630165249109,0.049149113707244396,0.058123206719756126,0.06724553182721138,0.10291748903691765,0.1412179069221021,0.21119752526283264,128,
6b0de122978c5d6c,V2_candidate_KNN,0.041754895487884205,0.048989831748088,0.07627198660250711,0.1308393179465752,0.3575833416608212,0.6707689424582448,0.8145041347394505,0.8414879261968029,192,
6b0de122978c5d6c,V2_Q_mahalanobis,2.0801984074973356,2.387407463945065,2.839012513199621,3.2679704726433396,3.7358658089109475,4.564873450633931,5.037555052297925,5.207554655049596,128,
9257645ceccb550b,V1_IL_self_KNN,0.03502219170331955,0.04151307474821806,0.0470742117613554,0.0527757853269577,0.06160200200974941,0.11309594251215443,0.14316554397344583,0.15685422718524933,64,
9257645ceccb550b,V1_candidate_KNN,0.21254602354161894,0.23115619236599663,0.2450067374651016,0.28675041770171916,0.3501613561249358,0.6068565186227749,0.644689638994575,0.6790924377726208,128,1.0
9257645ceccb550b,V2_IL_Q_to_R_KNN,0.03121965564787388,0.036635861918330195,0.04231204744428396,0.04836444370448589,0.054965585470199585,0.07713156752288339,0.1036373512446881,0.10930871963500977,128,
9257645ceccb550b,V2_candidate_KNN,0.038205047682941244,0.04289456980338028,0.1207384182716288,0.2228099300311951,0.28027631584010665,0.4896294779160764,0.57653681614275,0.6065946280865102,192,
9257645ceccb550b,V2_Q_mahalanobis,1.583096908523459,2.1221598617103226,2.523052599958828,2.957510757374373,3.2504663815530517,3.7951000210279395,4.111692496292316,4.225382926511557,128,
5d03327b42d153b1,V1_IL_self_KNN,0.03456771373748779,0.03843879718333483,0.04354947339743376,0.047238683328032494,0.05485272593796253,0.06938039772212504,0.1224130764603613,0.16808673739433289,64,
5d03327b42d153b1,V1_candidate_KNN,0.06398986574284052,0.0842894891253544,0.13118868812577855,0.17299888523248258,0.9259081175961847,1.09715372782817,1.1677117373226058,1.2013233014282585,128,0.515625
5d03327b42d153b1,V2_IL_Q_to_R_KNN,0.03083491325378418,0.032467176020145413,0.03658164571970701,0.04120025783777237,0.04608698934316635,0.06189676634967325,0.07634916059672832,0.08227284252643585,128,
5d03327b42d153b1,V2_candidate_KNN,0.02944510618435524,0.03686342710928516,0.08678351917627788,0.1322557772216988,0.47516695619789606,1.0386666152286534,1.1474447112121924,1.2007514949876266,192,
5d03327b42d153b1,V2_Q_mahalanobis,2.059537519120754,2.2110884583861687,2.712178865459386,3.0890245613959015,3.4687859128875203,3.9976702998159426,4.610757817953402,4.800660855431223,128,
f53ce90fba735a76,V1_IL_self_KNN,0.03198295086622238,0.03542259093374014,0.039576152339577675,0.04733205586671829,0.06082472950220108,0.08092854171991348,0.11033758349716656,0.1297275722026825,64,
f53ce90fba735a76,V1_candidate_KNN,0.1363405388802139,0.19003063351397084,0.21331177284388042,0.28619268196206415,0.48265019482634464,0.8244295417676929,0.8859279640987544,0.8915014755934554,128,1.0
f53ce90fba735a76,V2_IL_Q_to_R_KNN,0.027877066284418106,0.0336108697578311,0.03711147513240576,0.04029805585741997,0.04624490067362785,0.06653707846999163,0.11297456704080121,0.12977442145347595,128,
f53ce90fba735a76,V2_candidate_KNN,0.02942345776628199,0.036003552555719194,0.12295924091548169,0.16955780020581523,0.315711113074171,0.6892502857161558,0.8153375025072224,0.835047272427382,192,
f53ce90fba735a76,V2_Q_mahalanobis,1.7380244388088413,2.0360802776263194,2.464732301555468,2.759493405882351,3.101455874198398,3.671128300687714,4.081044362426979,4.46782632801317,128,
89ba731076de572c,V1_IL_self_KNN,0.0337718203663826,0.036426701582968235,0.04142540134489536,0.0490182600915432,0.06090716179460287,0.07301061712205408,0.07655415967106817,0.08083484321832657,64,
89ba731076de572c,V1_candidate_KNN,0.18772720482641803,0.26383967333431524,0.3352172661921633,0.3574630007728602,0.408937139461398,0.6864208601783394,0.7743212165516099,0.8381935403718721,128,1.0
89ba731076de572c,V2_IL_Q_to_R_KNN,0.025853756815195084,0.032125861197710034,0.03613968379795551,0.04051171988248825,0.04718365892767906,0.05393566135317087,0.06971096560359001,0.0748034417629242,128,
89ba731076de572c,V2_candidate_KNN,0.024224641560568517,0.037367370647655405,0.15171231093194357,0.28689614188694934,0.3371015895743621,0.5509223986016121,0.662053210332109,0.7331585424708049,192,
89ba731076de572c,V2_Q_mahalanobis,1.3274712295412323,2.134103383785529,2.540902104795296,2.948355772113578,3.3047714062536095,3.7127904809502277,3.9989839662353557,4.0758156114940975,128,
d49e1049666e5596,V1_IL_self_KNN,0.031587135046720505,0.036980482004582885,0.04399731010198593,0.05049281567335129,0.057710775174200535,0.07962207496166229,0.08907722942531109,0.08933518081903458,64,
d49e1049666e5596,V1_candidate_KNN,0.16852223401405314,0.17656780409849432,0.2325340573916278,0.2714868989791065,0.5236950626800462,0.6039900821335147,0.6693583973840007,0.6853483072558166,128,1.0
d49e1049666e5596,V2_IL_Q_to_R_KNN,0.03049558773636818,0.03378150295466185,0.03882218990474939,0.04303528182208538,0.04991255700588226,0.07596412152051922,0.09012184277176861,0.13225676119327545,128,
d49e1049666e5596,V2_candidate_KNN,0.033666516826791094,0.04083544095849736,0.12344815840853442,0.24344090480863517,0.36750816217960774,0.5707975356243821,0.635129979869957,0.6786241180152655,192,
d49e1049666e5596,V2_Q_mahalanobis,2.002805117503868,2.4118440158264987,2.9608846035547205,3.27728403497277,3.7939672534860462,4.447139942261702,4.815912469244671,5.008376524615142,128,
30e1141fbb1e5009,V1_IL_self_KNN,0.017624124884605408,0.019672166369855405,0.021809753961861134,0.02395094558596611,0.02623548125848174,0.03161711599677801,0.05261665310710659,0.07787779718637466,64,
30e1141fbb1e5009,V1_candidate_KNN,0.05692689952014677,0.06132832458563452,0.07687298795343755,0.09723389397964433,0.35149042808784703,0.5481111434446577,0.6551832796810735,0.6806292688614627,128,0.703125
30e1141fbb1e5009,V2_IL_Q_to_R_KNN,0.014621290378272533,0.01608164645731449,0.017918589990586042,0.01962278690189123,0.02253358718007803,0.028316638991236685,0.037812771946191794,0.057976700365543365,128,
30e1141fbb1e5009,V2_candidate_KNN,0.014958393648082541,0.017305143614316204,0.04239798086365595,0.07692888929636717,0.2363510033639428,0.48900931274253934,0.6271553902175777,0.6542041146366747,192,
30e1141fbb1e5009,V2_Q_mahalanobis,1.5264549292577532,2.043884664511113,2.6266473236852397,2.911135792566676,3.295136300602319,3.8538534253786056,4.2054786952661285,4.247518898450748,128,
377ceb5650355d8b,V1_IL_self_KNN,0.02754511870443821,0.029780928604304792,0.03314605448395014,0.03596939146518707,0.04111927468329668,0.0625096123665571,0.08913755945861339,0.0916885957121849,64,
377ceb5650355d8b,V1_candidate_KNN,0.09269350271400964,0.10195376577536555,0.11876678928425013,0.14385399437751487,0.5757850568985237,1.5354563695044863,3.4571690837297946,4.719520146731488,128,1.0
377ceb5650355d8b,V2_IL_Q_to_R_KNN,0.02231108769774437,0.026470047794282435,0.02966502821072936,0.0336934719234705,0.03810608200728893,0.0501448845490813,0.06572808999568226,0.1273166388273239,128,
377ceb5650355d8b,V2_candidate_KNN,0.02472215753758487,0.031182844237539392,0.07654128134403612,0.11283211547043759,0.46377628007990457,1.3849206137122168,2.5447218414178145,4.0811136335128175,192,
377ceb5650355d8b,V2_Q_mahalanobis,1.8399522797515961,2.293709432554296,2.8426419272543155,3.25898805836645,3.6640897519461975,3.9786133971638233,4.534213319540565,5.06675140034355,128,
93aa103155cd5295,V1_IL_self_KNN,0.025953125208616257,0.02749945716932416,0.0303104929625988,0.03451320342719555,0.0515097975730896,0.07012731619179248,0.12699735276401028,0.16242334246635437,64,
93aa103155cd5295,V1_candidate_KNN,0.11239825978810088,0.19586233123540692,0.25111598383890843,0.4799297133530921,0.5914036648771552,0.6528828726002514,0.6874437194777879,0.6936890425421067,128,0.984375
93aa103155cd5295,V2_IL_Q_to_R_KNN,0.019746804609894753,0.022359086945652962,0.026339521631598473,0.030857990495860577,0.03471187502145767,0.045111317001283166,0.0548373892530799,0.06026751548051834,128,
93aa103155cd5295,V2_candidate_KNN,0.019639288531189632,0.027046809926999992,0.14414889771788295,0.2527582507156484,0.4745575223161059,0.6255910229114847,0.6647358971596352,0.685524393068496,192,
93aa103155cd5295,V2_Q_mahalanobis,1.299617613209177,1.5739564618457709,1.8959601982814307,2.2443733309207143,2.5714638555870493,3.1933466025375266,3.4620795080640976,3.5408524746573438,128,
1dbae60fb78c532a,V1_IL_self_KNN,0.029017973691225052,0.030169338360428812,0.03700553346425295,0.042870428413152695,0.05787811242043972,0.07887676768004893,0.08704196393489835,0.091262087225914,64,
1dbae60fb78c532a,V1_candidate_KNN,0.15696163413579053,0.19004746420857485,0.30398698020801407,0.380954173757851,0.5663622505781354,0.7137626276669169,0.7533787549679066,0.7891186116628963,128,1.0
1dbae60fb78c532a,V2_IL_Q_to_R_KNN,0.024609871208667755,0.02884824378415942,0.03244381304830313,0.037341414019465446,0.04368430282920599,0.05866057630628347,0.06690658979117871,0.06857772916555405,128,
1dbae60fb78c532a,V2_candidate_KNN,0.027817784623812587,0.03290619935606114,0.13917354211580474,0.22505863196175205,0.35911400037108265,0.6229786643740771,0.6989959528307071,0.7024990896193731,192,
1dbae60fb78c532a,V2_Q_mahalanobis,1.5746327916567207,2.039724692940167,2.4684868568458582,2.8484513534589713,3.1689286403335513,3.9635950795119848,4.446466593172245,4.595390846146071,128,
50fefa46fcc855fb,V1_IL_self_KNN,0.024736259132623672,0.026048387680202723,0.02993349451571703,0.032625794410705566,0.03879948798567057,0.06018100474029779,0.10088844746351236,0.11560775339603424,64,
50fefa46fcc855fb,V1_candidate_KNN,0.08318212258034789,0.09879533338747559,0.13082512163107568,0.18581134982511913,0.3602641516297226,0.5101177323928234,0.5975228023403932,0.6462533093675342,128,0.84375
50fefa46fcc855fb,V2_IL_Q_to_R_KNN,0.022874299436807632,0.024601827282458542,0.026690776459872723,0.029643782414495945,0.034087819047272205,0.04772404097020626,0.06097720481455331,0.06849559396505356,128,
50fefa46fcc855fb,V2_candidate_KNN,0.02131943889421168,0.026268445993158314,0.07293303989433336,0.12885321186566856,0.22285432842448094,0.4355704508054932,0.5532686322725324,0.636061579406473,192,
50fefa46fcc855fb,V2_Q_mahalanobis,1.9026510398279666,2.019081909408997,2.3034338303316972,2.709703623019215,3.0682925093850506,3.583071186752378,3.9021484154589348,4.339829086122683,128,
baef6630583c5f87,V1_IL_self_KNN,0.02299405261874199,0.02468470660969615,0.02987070567905903,0.03786356374621391,0.04450170323252678,0.06559124439954758,0.0848803446441888,0.10588667541742325,64,
baef6630583c5f87,V1_candidate_KNN,0.06861242199937378,0.08053630612916629,0.10440991981404468,0.12481186565698883,0.22264618462488214,0.5395034974447195,0.6466678407132902,0.8062516130669763,128,0.71875
baef6630583c5f87,V2_IL_Q_to_R_KNN,0.021089017391204834,0.02410373529419303,0.02899714419618249,0.032073765993118286,0.0388149069622159,0.053423408418893814,0.07435731813311577,0.0932268276810646,128,
baef6630583c5f87,V2_candidate_KNN,0.023729436975200517,0.031200379067821422,0.05729115679285822,0.10419755644918957,0.191632056420925,0.3934540868379138,0.5418260519556845,0.7637052023654171,192,
baef6630583c5f87,V2_Q_mahalanobis,1.3940080926000005,1.7654154642062374,2.249482340847571,2.588282521105996,2.968992597313747,3.5061023218755607,3.853058592905313,4.046816663945731,128,
8b0773eaa2375bbf,V1_IL_self_KNN,0.017578374594449997,0.018890728987753392,0.021586754359304905,0.02540276013314724,0.029190802481025457,0.05582042466849088,0.08990383908152565,0.128574937582016,64,
8b0773eaa2375bbf,V1_candidate_KNN,0.07655252544882421,0.1425504475829466,0.16957941812076205,0.230856871414455,0.3789037492908127,0.7110478792427548,0.8145301870053775,2.0861272489243774,128,0.984375
8b0773eaa2375bbf,V2_IL_Q_to_R_KNN,0.014637542888522148,0.016334552969783544,0.018948125187307596,0.021550286561250687,0.024766997899860144,0.037869088165462,0.04867202408611777,0.07555973529815674,128,
8b0773eaa2375bbf,V2_candidate_KNN,0.016225020087044278,0.020026574912456966,0.11347686351985783,0.15445528184497284,0.2905705673507192,0.6129340436023117,0.6991645409577467,0.7408384413816804,192,
8b0773eaa2375bbf,V2_Q_mahalanobis,1.4991319038712203,1.9669670552793972,2.4234805887421795,2.779747662267737,3.1144851812599987,3.63468657210468,3.8999493340480034,4.04182720576531,128,
80e2038fd0555030,V1_IL_self_KNN,0.028301650658249855,0.030752623826265334,0.03733370918780565,0.04098003730177879,0.04501587897539139,0.09068924970924841,0.14949005939066393,0.1916332244873047,64,
80e2038fd0555030,V1_candidate_KNN,0.1220114376554966,0.13266115933185213,0.17101997071767533,0.23087313607377563,0.5037940783792542,0.8988073440765231,0.9919314687878238,1.021452057737862,128,0.703125
80e2038fd0555030,V2_IL_Q_to_R_KNN,0.02032570168375969,0.02637573713436723,0.031194233801215887,0.036266032606363297,0.04642813839018345,0.06507891602814198,0.08237202912569046,0.11284857988357544,128,
80e2038fd0555030,V2_candidate_KNN,0.020418165075735507,0.03136392285860158,0.10455745058693042,0.1682836495773783,0.3231044463705959,0.8157786472002059,0.9062652211445298,0.9930305975593278,192,
80e2038fd0555030,V2_Q_mahalanobis,1.629945465016951,1.9502639309913088,2.4278375050609844,2.8653252455352822,3.2301870828755854,3.6707235939940093,3.832983897095102,3.9532769635245857,128,
d341827e6b485782,V1_IL_self_KNN,0.021864082664251328,0.023229495156556368,0.02592193055897951,0.030843527987599373,0.03536009229719639,0.04174358062446117,0.05208068333566187,0.057472653687000275,64,
d341827e6b485782,V1_candidate_KNN,0.0707714076442327,0.07950246199942593,0.11001878015280957,0.1358523690251321,0.18278000972341543,0.5359910959462322,0.5630552581120818,0.5691200600266189,128,1.0
d341827e6b485782,V2_IL_Q_to_R_KNN,0.0161321721971035,0.018391160201281308,0.02076916815713048,0.023046130314469337,0.026710835751146078,0.03914952725172042,0.04744639851152897,0.052543967962265015,128,
d341827e6b485782,V2_candidate_KNN,0.014636257723036599,0.019810362450288877,0.0526209460259586,0.10940459768415112,0.1609485827949834,0.5030877399084253,0.5369785241457055,0.5584920119871022,192,
d341827e6b485782,V2_Q_mahalanobis,1.6080592554428674,1.9963176644721665,2.2911806429396426,2.662246777992459,2.906612192442863,3.540895541873072,4.189933552916469,4.542284347819319,128,
d6f1d7ade74c5d53,V1_IL_self_KNN,0.026413822546601295,0.027446912601590157,0.031016400083899498,0.03439324162900448,0.04656745493412018,0.06798435300588605,0.08473946027457709,0.09900486469268799,64,
d6f1d7ade74c5d53,V1_candidate_KNN,0.2801787236308919,0.3262331436142476,0.5089822282138635,0.6464377437464686,0.7519077535563636,1.1947350446899894,1.3085376573154568,1.331787732309033,128,1.0
d6f1d7ade74c5d53,V2_IL_Q_to_R_KNN,0.02189738117158413,0.024201144557446243,0.02851002151146531,0.03225136175751686,0.03909268509596586,0.055840567871928204,0.07189939469099045,0.1060561090707779,128,
d6f1d7ade74c5d53,V2_candidate_KNN,0.022365793355439836,0.027915162006467414,0.18979376036745077,0.432610058941825,0.6147041821793151,1.0649386677225914,1.1907188717737298,1.2475795633337683,192,
d6f1d7ade74c5d53,V2_Q_mahalanobis,1.5214763863332756,2.1571062450119385,2.608472914373429,2.966215216293467,3.341442048661932,3.8983688931536506,4.416389425833287,5.113034830886847,128,
0827c1c05e0e5596,V1_IL_self_KNN,0.037735797464847565,0.04314045943319798,0.047915564849972725,0.05544397234916687,0.06534873694181442,0.08246119059622287,0.1164642967283725,0.13388928771018982,64,
0827c1c05e0e5596,V1_candidate_KNN,0.11493364520265754,0.16526865158337603,0.2504011428284183,0.2907509131881735,0.32568648846948023,0.6031499462523001,0.712700427249073,0.7285974397284564,128,0.9921875
0827c1c05e0e5596,V2_IL_Q_to_R_KNN,0.03262592852115631,0.03751283846795559,0.04446271527558565,0.05061272531747818,0.05932111479341984,0.08136717528104778,0.12038707077503212,0.1269456297159195,128,
0827c1c05e0e5596,V2_candidate_KNN,0.03571746375404773,0.04329886698400781,0.13584354688912695,0.21766609204416676,0.2985375800401993,0.48761953516211365,0.6251387879822281,0.7225327404628343,192,
0827c1c05e0e5596,V2_Q_mahalanobis,1.6357228964570996,2.330112074640561,2.8758100163026588,3.203674281313629,3.573575794467691,4.213238986224203,4.353163677682511,4.42111312288514,128,
e9cd4fda706e5516,V1_IL_self_KNN,0.01690211519598961,0.018931183405220507,0.024531336966902018,0.026865249499678612,0.030758339911699295,0.04240921922028064,0.04851441364735365,0.04863498732447624,64,
e9cd4fda706e5516,V1_candidate_KNN,0.04414210756595037,0.05249203849527737,0.08062024877073663,0.13974520196540036,0.1701853417873161,0.2251080203522562,0.23986357515090279,0.24065208259219478,128,0.984375
e9cd4fda706e5516,V2_IL_Q_to_R_KNN,0.015696683898568153,0.017162236943840982,0.019561823457479477,0.021766752004623413,0.02521819807589054,0.033504725061357016,0.04532540168613199,0.058068253099918365,128,
e9cd4fda706e5516,V2_candidate_KNN,0.014565287961834539,0.019732652787487436,0.03861665534540601,0.06514823505964021,0.12480615502244104,0.21175169317594703,0.22719853528152792,0.2784682696256485,192,
e9cd4fda706e5516,V2_Q_mahalanobis,1.3161436409777052,1.6416963755406138,2.0543751824266003,2.414202335192745,2.7488761844648506,3.3045399699449014,3.568071048164909,4.140940937936037,128,
bae5037e472250dc,V1_IL_self_KNN,0.0270092636346817,0.028176992014050484,0.03216259274631739,0.036058997735381126,0.04793704114854336,0.061616138368844976,0.09450410857796653,0.13636213541030884,64,
bae5037e472250dc,V1_candidate_KNN,0.5525016547618208,0.6176436770516418,0.6772530753356734,0.7410066308058603,0.9916794592490041,1.4024263881207397,1.5281240036260892,1.5416990895907574,128,1.0
bae5037e472250dc,V2_IL_Q_to_R_KNN,0.02260870859026909,0.02486339583992958,0.031091684475541115,0.03538439981639385,0.03966721799224615,0.05295715238898991,0.07778792165219788,0.08150188624858856,128,
bae5037e472250dc,V2_candidate_KNN,0.025169146878123893,0.032528465257690965,0.29576481301934016,0.635593471577426,0.7524352644811665,1.3197511125005752,1.4295816515904103,1.4970668636570283,192,
bae5037e472250dc,V2_Q_mahalanobis,1.589768914941179,2.1786047858504958,2.45250958965735,2.7976200124744692,3.1546647883233963,3.5089472433749798,4.113725152750981,4.517110744277468,128,
3e7e4bd1053d5d92,V1_IL_self_KNN,0.04219146445393562,0.04367913268506527,0.04785793088376522,0.05352669581770897,0.06231862027198076,0.09265689887106414,0.14829120710492122,0.18057923018932343,64,
3e7e4bd1053d5d92,V1_candidate_KNN,0.35281121674130944,0.4105849309502697,0.5219016420524097,0.7360312985372053,0.8201820016674994,0.9617066655649132,0.9755090098355474,0.9872860578290809,128,1.0
3e7e4bd1053d5d92,V2_IL_Q_to_R_KNN,0.03080384060740471,0.033688024058938025,0.04009015019983053,0.04702225886285305,0.05532713979482651,0.07800356559455392,0.10660100542008881,0.12663301825523376,128,
3e7e4bd1053d5d92,V2_candidate_KNN,0.03130050526544439,0.04125795900237114,0.2082051129710316,0.46044902167080937,0.7083922859213401,0.88452302711838,0.9346657629644932,0.94656024863553,192,
3e7e4bd1053d5d92,V2_Q_mahalanobis,1.6067230975635194,2.1575400722532727,2.5872922506565326,2.9554342387946146,3.3465666983591382,3.9363646219110615,4.458769003143109,4.505836321972552,128,
bc6cd32ccb1b5427,V1_IL_self_KNN,0.02610304020345211,0.030817052256315945,0.035865237936377525,0.042242348194122314,0.05344244558364153,0.07536480911076066,0.12984689250588416,0.13055270910263062,64,
bc6cd32ccb1b5427,V1_candidate_KNN,0.08150346249916414,0.0858521208510346,0.10626892817922506,0.2243431814907733,0.3463907987231792,0.5987320912826847,0.6314135649495973,0.6497937944932064,128,0.671875
bc6cd32ccb1b5427,V2_IL_Q_to_R_KNN,0.02561454474925995,0.03043941594660282,0.034377153031527996,0.03804350085556507,0.04391590412706137,0.06143318880349397,0.06906030774116517,0.14773236215114594,128,
bc6cd32ccb1b5427,V2_candidate_KNN,0.022438535639427513,0.035941274746422815,0.07867732707528582,0.11316509933961427,0.24288443906342236,0.5179621919068523,0.5924504846925327,0.6617064318361197,192,
bc6cd32ccb1b5427,V2_Q_mahalanobis,1.6950197255434956,2.031173806845419,2.346829791030627,2.7498589233205135,3.227550151226024,3.9419638086484636,4.053503792347753,4.706492979436635,128,
a4c4b9cae9f356bb,V1_IL_self_KNN,0.019495991989970207,0.02276418060064316,0.029171730391681194,0.03450411930680275,0.03953860141336918,0.054805704019963736,0.06239460416138169,0.06934937834739685,64,
a4c4b9cae9f356bb,V1_candidate_KNN,0.3946403244639457,0.47751946405140205,0.5222308501719967,0.5907501660015801,0.6768279023426118,1.1546604937302787,1.206645215664556,2.000779659264392,128,1.0
a4c4b9cae9f356bb,V2_IL_Q_to_R_KNN,0.018201956525444984,0.021641317754983902,0.02570054354146123,0.03019101545214653,0.034165117889642715,0.03971181306988001,0.05520922604948282,0.10831892490386963,128,
a4c4b9cae9f356bb,V2_candidate_KNN,0.021157438261341022,0.026783901885751055,0.23214562457619353,0.45296462186487385,0.574818833718957,1.1098553988437556,1.2238792139914612,1.9683171248415914,192,
a4c4b9cae9f356bb,V2_Q_mahalanobis,1.5375266808223764,1.8298679283502368,2.446252064151003,2.8446493029577473,3.117014160891396,3.644098880995346,3.848236088068485,4.013399311751354,128,
1e8cca8760da5948,V1_IL_self_KNN,0.02433140203356743,0.02611481873318553,0.02927779173478484,0.03320561163127422,0.038654616102576256,0.06685667037963866,0.09054872259497636,0.10748177766799927,64,
1e8cca8760da5948,V1_candidate_KNN,0.07667233675168099,0.1010991333515007,0.1361690777793651,0.18226693288365503,0.6158703364331592,1.4687404381995974,1.6456737578664542,2.700670647915037,128,0.8671875
1e8cca8760da5948,V2_IL_Q_to_R_KNN,0.0183834508061409,0.020367327984422447,0.02485775388777256,0.03023952804505825,0.03769102320075035,0.051211396418511856,0.07046691808849578,0.08439024537801743,128,
1e8cca8760da5948,V2_candidate_KNN,0.020046798927043627,0.028048182443153862,0.07138112825742969,0.12362239493720811,0.5383218993928782,1.3954637727364243,1.6793361255090102,2.6927228380716306,192,
1e8cca8760da5948,V2_Q_mahalanobis,1.5550359425861957,1.9029079498112296,2.4834946313273583,2.8397120220336056,3.276300896175382,3.8228057052533915,4.3632138644714855,4.920679242155059,128,
c7e306be08105b70,V1_IL_self_KNN,0.015795741230249405,0.017363109905272723,0.019115527626127005,0.021724047139286995,0.02707056887447834,0.03474933132529258,0.04320594459772106,0.0527619794011116,64,
c7e306be08105b70,V1_candidate_KNN,0.10824367160481582,0.13970230603910108,0.21748102073848327,0.27322747965722005,0.30615746302634606,0.35325945139794096,0.3966872469498266,0.5106610183220306,128,1.0
c7e306be08105b70,V2_IL_Q_to_R_KNN,0.010853229090571404,0.013650408806279301,0.015504749957472086,0.01766486093401909,0.020552726928144693,0.06326298136264084,0.11606536269187945,0.13452574610710144,128,
c7e306be08105b70,V2_candidate_KNN,0.012783705034083728,0.016355350444986996,0.0691964920247824,0.1681708173786326,0.2665763821635654,0.33475560044257785,0.41210361224416703,0.5380984347110832,192,
c7e306be08105b70,V2_Q_mahalanobis,1.3462619650511178,2.1190217404681273,2.5366985511679614,2.901317311162672,3.249943929209166,4.019738674902926,4.516276137349313,5.183565987181886,128,
26e0f72c031b5f07,V1_IL_self_KNN,0.02878676913678646,0.031343580782413484,0.040921338833868504,0.04488074593245983,0.05168924946337938,0.06986674182116984,0.09331974424421786,0.09497369825839996,64,
26e0f72c031b5f07,V1_candidate_KNN,0.17510122567771078,0.19937116547081574,0.2347813029603934,0.29328435980106915,0.34892272091452975,0.45586956540907453,0.4973188221784225,0.5044772742054029,128,1.0
26e0f72c031b5f07,V2_IL_Q_to_R_KNN,0.026394540444016457,0.029916528798639774,0.0343761695548892,0.03899331949651241,0.044256407767534256,0.06026656460016965,0.08307060539722443,0.08672995865345001,128,
26e0f72c031b5f07,V2_candidate_KNN,0.02751710509089978,0.03708457986372675,0.10036134526938338,0.2099057228484703,0.2815689246573522,0.4020933690675982,0.4607602433641501,0.4635873884165248,192,
26e0f72c031b5f07,V2_Q_mahalanobis,1.8577688488024606,2.214054723448736,2.7655352309857926,3.098064324195479,3.34709935438453,4.096381656923823,4.465164740920983,4.703438484859364,128,
56e525076cab5f42,V1_IL_self_KNN,0.013259152881801128,0.015064061852172017,0.017216953448951244,0.019396809861063957,0.02205572836101055,0.02822586819529533,0.04606053743511433,0.058729518204927444,64,
56e525076cab5f42,V1_candidate_KNN,0.15700250129669058,0.1961171629762372,0.22468084611932682,0.30019965352953043,0.48440185724852436,0.5934365451835295,0.6147246366910706,0.6298827432248544,128,1.0
56e525076cab5f42,V2_IL_Q_to_R_KNN,0.01017872616648674,0.011580636678263544,0.013923729071393609,0.015733670443296432,0.0179828186519444,0.02383944923058152,0.034488641135394585,0.03831474110484123,128,
56e525076cab5f42,V2_candidate_KNN,0.010943065623119535,0.014142827037553924,0.11863700090627602,0.21661962287262193,0.33616462491120985,0.5357824630259442,0.5784695358995217,0.608916959399578,192,
56e525076cab5f42,V2_Q_mahalanobis,1.2191465355371744,1.7947246776650483,2.1285635810722088,2.457734956518419,2.8330982135200857,3.342750924637088,3.9293894687809483,4.231677897036611,128,
4ce4021236435fc2,V1_IL_self_KNN,0.03849169611930847,0.03943176940083504,0.04565149638801813,0.05243042670190334,0.06213035061955452,0.08064781799912452,0.09128357991576194,0.0937502533197403,64,
4ce4021236435fc2,V1_candidate_KNN,0.36537152231831616,0.37889566716395817,0.45621850032361255,0.5071630707303776,0.6223114076405433,1.1255070752702752,1.2266662181680736,1.273489689501034,128,1.0
4ce4021236435fc2,V2_IL_Q_to_R_KNN,0.021239211782813072,0.029458538442850114,0.03446019906550646,0.03866131603717804,0.04695778340101242,0.06208457127213475,0.07049997843801976,0.10760144144296646,128,
4ce4021236435fc2,V2_candidate_KNN,0.03030045066628473,0.036301039707784644,0.18582041617206968,0.4004618712333239,0.49562838973889173,0.9892843382229316,1.16518487355228,1.2344986356772545,192,
4ce4021236435fc2,V2_Q_mahalanobis,1.2270710982110666,1.791833419060377,2.322173743201845,2.6569160421767264,3.215921085569307,3.4953913286065603,4.412991869340759,4.995776973417221,128,
3ae8bec3c87f599a,V1_IL_self_KNN,0.017497658729553223,0.01914820447564125,0.02341591101139784,0.026490623131394386,0.03247633948922157,0.055736496113240705,0.08766016550362109,0.09245459735393524,64,
3ae8bec3c87f599a,V1_candidate_KNN,0.035899549708427306,0.04800895517920125,0.06450067377521754,0.8584205191617327,1.8431422294762672,6.18761224228107,6.4299567106407975,6.544041367178505,128,0.625
3ae8bec3c87f599a,V2_IL_Q_to_R_KNN,0.013987479731440544,0.016946764662861824,0.019172764383256435,0.021493511274456978,0.029109269846230745,0.03551313187927008,0.040766648054122924,0.04329457879066467,128,
3ae8bec3c87f599a,V2_candidate_KNN,0.016211427684933572,0.020721833475354647,0.0475497427430607,0.23155793584082096,1.2653491258893306,6.1086616344377624,6.334388731641114,6.54176923522517,192,
3ae8bec3c87f599a,V2_Q_mahalanobis,1.4077544393904262,1.8166154236591368,2.24608720281475,2.566736172252773,2.816198476845141,3.3435845211095443,3.6534754951107966,3.73102732852819,128,
de9dfb594099510e,V1_IL_self_KNN,0.02535264566540718,0.026966473925858735,0.03095309715718031,0.0386943593621254,0.04617753624916077,0.08177811093628391,0.11073966585099691,0.12497172504663467,64,
de9dfb594099510e,V1_candidate_KNN,0.1463609441357177,0.15853442869544251,0.19038677811616667,0.2107296279865164,0.4528779003365097,0.7225257237452372,0.795600607125404,0.8074062507321725,128,1.0
de9dfb594099510e,V2_IL_Q_to_R_KNN,0.01790769398212433,0.020366335567086936,0.02629936207085848,0.0305655924603343,0.03797650616616011,0.07711101062595842,0.11789213635027418,0.1306266486644745,128,
de9dfb594099510e,V2_candidate_KNN,0.021129286199406922,0.025948066094410263,0.09208558361444126,0.16389289516893402,0.29141713025732086,0.650752863992196,0.6893609359922239,0.76972493808937,192,
de9dfb594099510e,V2_Q_mahalanobis,1.545944841447271,1.8755055909097411,2.430355108062399,2.7649459118053965,3.138733265956575,3.5778368968633774,3.701092433190601,3.729383841723624,128,
ba1ace8df74d5f7b,V1_IL_self_KNN,0.045150239020586014,0.04906387496739626,0.058040499687194824,0.06704622134566307,0.08154810965061188,0.10341433994472025,0.11985252968966958,0.12715467810630798,64,
ba1ace8df74d5f7b,V1_candidate_KNN,0.08449542783426245,0.09107274540187776,0.1606220109614451,0.3189037467345801,0.7046769672812058,1.4221544006476654,1.5106685113469676,1.5428403008204035,128,0.8125
ba1ace8df74d5f7b,V2_IL_Q_to_R_KNN,0.038471996784210205,0.04114041831344366,0.04856988415122032,0.054234735667705536,0.06485889665782452,0.08758445084095001,0.13470001563429837,0.14071442186832428,128,
ba1ace8df74d5f7b,V2_candidate_KNN,0.03967786087275654,0.04881160848643874,0.09248888797374724,0.15711192990428652,0.49910161097791855,1.2576354409020218,1.4281820113987997,1.5192304788610653,192,
ba1ace8df74d5f7b,V2_Q_mahalanobis,1.6024258282015234,2.1582572219960983,2.572699855867351,2.960858488363619,3.461599568256029,4.118165594889745,5.0677768459577255,5.616963914497378,128,
502320eeaec55d1f,V1_IL_self_KNN,0.019038164988160133,0.022417977917939425,0.025300946552306414,0.027952841483056545,0.035770123824477196,0.06284098178148263,0.08172717913985247,0.0935153067111969,64,
502320eeaec55d1f,V1_candidate_KNN,0.2779038111020595,0.3177166828995823,0.36374860366216677,0.9095149131383029,1.0453732663905415,1.2101257063966802,1.2323335930754837,1.24152894871921,128,1.0
502320eeaec55d1f,V2_IL_Q_to_R_KNN,0.015775084495544434,0.018789255153387786,0.02170937741175294,0.02473925705999136,0.03202685248106718,0.04604063089936972,0.05846555512398484,0.06449930369853973,128,
502320eeaec55d1f,V2_candidate_KNN,0.014948962622769563,0.020771344382507422,0.18203671741382646,0.36103319270540724,0.8538649285074328,1.1021746396102057,1.1741224406817252,1.1845737719340552,192,
502320eeaec55d1f,V2_Q_mahalanobis,1.596900142232793,1.9717654433805034,2.4481988344959786,2.8709738438399723,3.253116990088748,3.8945888933883928,4.318853352613559,5.444926307664042,128,
2dd169c11ca55cf5,V1_IL_self_KNN,0.02578040584921837,0.028895232174545527,0.033708238042891026,0.04009953886270523,0.047323381528258324,0.07582479938864707,0.11821510031819343,0.11994250863790512,64,
2dd169c11ca55cf5,V1_candidate_KNN,0.12372617783933582,0.15579749405676718,0.18125749297422633,0.22625938981495525,0.49404185954665364,1.5044364178273422,1.6948574592366927,1.7406643744031427,128,1.0
2dd169c11ca55cf5,V2_IL_Q_to_R_KNN,0.021762439981102943,0.02401410145685077,0.029132040217518806,0.03321799449622631,0.03885612357407808,0.05484929364174604,0.09119448691606524,0.136090487241745,128,
2dd169c11ca55cf5,V2_candidate_KNN,0.021675313196735553,0.030302923679181786,0.09706190507230147,0.17254491183543869,0.3481617783990442,1.4022784284589809,1.5395630088676733,1.7349143815587733,192,
2dd169c11ca55cf5,V2_Q_mahalanobis,1.6149920955192059,1.9794903621176454,2.426252312921351,2.7422865565600585,3.1240373540646136,3.544742792295413,3.9952342410789203,4.093357903586087,128,
14bd7947aab75ae6,V1_IL_self_KNN,0.0321829579770565,0.03387113306671381,0.03856405522674322,0.04432065784931183,0.04941610340029001,0.0613869858905673,0.07056916974484918,0.07637876272201538,64,
14bd7947aab75ae6,V1_candidate_KNN,0.15430691066575417,0.19536601020385888,0.2676147221668831,0.29503284334241464,0.3319939115779818,0.3787362177825553,0.41736311653512115,0.5459286453168974,128,1.0
14bd7947aab75ae6,V2_IL_Q_to_R_KNN,0.027247989550232887,0.031424695067107676,0.03580291569232941,0.03941774554550648,0.04754840396344662,0.06128680445253847,0.06742407694458963,0.07698361575603485,128,
14bd7947aab75ae6,V2_candidate_KNN,0.02788000326735838,0.034337094841518326,0.09471853529560234,0.23294179076265226,0.2765171378880398,0.3511834319520665,0.42949810053792176,0.5334398535082925,192,
14bd7947aab75ae6,V2_Q_mahalanobis,1.7930978954336798,2.3511155061655638,2.732915881852617,3.05994470920058,3.426879428123202,4.01220250129844,4.675385541005777,4.838912410853475,128,
3acaadb297b15413,V1_IL_self_KNN,0.07326351851224899,0.07869665473699569,0.0977443978190422,0.10977625101804733,0.12172587402164936,0.1860687106847762,0.20819612681865685,0.22460107505321503,64,
3acaadb297b15413,V1_candidate_KNN,0.17095533165346674,0.2065710580540768,0.5015047874348705,0.6370869843221011,0.6648775874029103,0.7706200641660386,1.004546630339586,1.0522173057384339,128,0.8828125
3acaadb297b15413,V2_IL_Q_to_R_KNN,0.058921098709106445,0.07137199230492115,0.08780201524496078,0.09583110362291336,0.11083817295730114,0.14908307790756226,0.16104707404971125,0.3135615587234497,128,
3acaadb297b15413,V2_candidate_KNN,0.07496126192097792,0.09010983211012578,0.16796241778257023,0.35648314447314355,0.5619235701558901,0.6875913262438453,0.9115458794540192,0.9964566373841818,192,
3acaadb297b15413,V2_Q_mahalanobis,1.740490163333232,2.0898878721434726,2.581816031192476,2.9198502242006272,3.369424653713486,4.34556659394749,4.966425671434243,5.656065148845969,128,
4667b479001e52d3,V1_IL_self_KNN,0.02358212321996689,0.026504714135080577,0.029217874631285667,0.036407480016350746,0.042802791111171246,0.07236265428364268,0.10187496952712535,0.10380055755376816,64,
4667b479001e52d3,V1_candidate_KNN,0.11314337514363038,0.1250665147726495,0.13624214021767395,0.16246231841636816,0.34397395580062473,0.7031363197108988,0.807203712802952,0.8212850862010352,128,1.0
4667b479001e52d3,V2_IL_Q_to_R_KNN,0.018573153764009476,0.020265798829495908,0.024473750963807106,0.029534729197621346,0.03609034325927496,0.0506740877404809,0.06442501910030843,0.10052792727947235,128,
4667b479001e52d3,V2_candidate_KNN,0.021033712364519216,0.02745300070347509,0.07647919615518668,0.13177169067070482,0.2395521809565072,0.6262302420103631,0.771564743952015,0.8223625433587914,192,
4667b479001e52d3,V2_Q_mahalanobis,1.5155293208726297,1.6986114495398756,1.9885053619486852,2.399615136469306,2.8350182773611214,3.4677517842650745,3.679417872370828,3.766203350692594,128,
7f15d26426a65449,V1_IL_self_KNN,0.04404235631227493,0.04683196395635605,0.051026416942477226,0.05383320711553097,0.06097573786973953,0.07257207594811915,0.09296698443591594,0.09433402121067047,64,
7f15d26426a65449,V1_candidate_KNN,0.318674529744409,0.42068085033818686,0.45854380779677506,0.487345399508754,0.5584311754202294,0.8547341698076095,0.9541058196916237,1.6102309970221564,128,1.0
7f15d26426a65449,V2_IL_Q_to_R_KNN,0.03612574189901352,0.037789109721779825,0.04169336333870888,0.04632462561130524,0.05315683037042618,0.0655890818685293,0.07455279327929021,0.07774721831083298,128,
7f15d26426a65449,V2_candidate_KNN,0.036821110104190626,0.04369130585805719,0.1960812517323239,0.4384054113807225,0.5019130395683007,0.7566463640441572,0.8292821252747054,1.5590949851658962,192,
7f15d26426a65449,V2_Q_mahalanobis,2.140223736023694,2.511515566491732,3.081641118047627,3.4042158147534263,3.7318527828141814,4.183538793063919,4.6170886783651435,5.463969596843753,128,
70fb14aa330a5e1a,V1_IL_self_KNN,0.022508028894662857,0.02379168039187789,0.02781948447227478,0.0332552008330822,0.043304494582116604,0.06559333093464374,0.1153702674806117,0.13848011195659637,64,
70fb14aa330a5e1a,V1_candidate_KNN,0.041838489037135065,0.05294846225110651,0.22530981339414793,0.2721812576357836,0.41394091082543105,0.48260883322340287,0.5101884469086942,0.5270577802674495,128,0.8125
70fb14aa330a5e1a,V2_IL_Q_to_R_KNN,0.01892818696796894,0.02153145465999842,0.025195965077728033,0.029044277034699917,0.037391172721982,0.05189953204244375,0.07010635733604433,0.07280953973531723,128,
70fb14aa330a5e1a,V2_candidate_KNN,0.01950196411055245,0.023096486699597487,0.046506168469679046,0.12078342990771175,0.23661678711434597,0.46896910834522854,0.48861924027257964,0.5065152518360637,192,
70fb14aa330a5e1a,V2_Q_mahalanobis,0.7083882111686051,1.1350714426201678,1.6276295671095944,1.9480827389521536,2.3246187791469266,2.813964943348803,3.2012561316173835,3.5271428949456944,128,
390944a5467b51c5,V1_IL_self_KNN,0.012609136290848255,0.015127863874658943,0.01875295815989375,0.02152129728347063,0.024288485758006573,0.04795775376260274,0.0728087345510721,0.07812636345624924,64,
390944a5467b51c5,V1_candidate_KNN,0.03792324609946275,0.05706431239643533,0.09295514499711925,0.16728896284122774,0.20419892666959172,0.3250129708003066,0.3426537284036393,0.3495295470673311,128,0.8125
390944a5467b51c5,V2_IL_Q_to_R_KNN,0.009200173430144787,0.011648847116157412,0.014157619327306747,0.017440403811633587,0.021861135959625244,0.035620407387614225,0.046123169101774705,0.04897599294781685,128,
390944a5467b51c5,V2_candidate_KNN,0.011384912516144704,0.014920153549574672,0.05538986711421526,0.09287941029872612,0.1653448836014671,0.3134201790221096,0.3292834542214678,0.34172541260338246,192,
390944a5467b51c5,V2_Q_mahalanobis,1.2440500384390025,1.5008432040499988,1.946814275320593,2.234364376524253,2.699242874282113,3.3678100783299363,3.958226731120045,4.800224848805366,128,
de37d906807d5da4,V1_IL_self_KNN,0.026204992085695267,0.029199079424142838,0.03393033239990473,0.039922647178173065,0.050371273420751095,0.06539645232260226,0.1016099282354116,0.11228792369365692,64,
de37d906807d5da4,V1_candidate_KNN,0.15525015958571764,0.17648103953071914,0.2442032783285007,0.2804152023756934,0.4013653779821017,0.549783046451872,0.5749814913371781,0.5799623013902097,128,1.0
de37d906807d5da4,V2_IL_Q_to_R_KNN,0.015957418829202652,0.024912978615611793,0.031068536452949047,0.034281814470887184,0.040138390846550465,0.05524726938456294,0.08019905582070352,0.11044643074274063,128,
de37d906807d5da4,V2_candidate_KNN,0.025672247621905554,0.032254278079703574,0.13125742273353974,0.23569847698460203,0.30213965520953656,0.5363601702430947,0.5718349532226948,0.5783632077372507,192,
de37d906807d5da4,V2_Q_mahalanobis,1.5537084922684672,1.9793136863699614,2.4445221352368427,2.8600096584287487,3.2333943265776264,3.986890330218635,4.781459509046756,6.017257382659641,128,
9ed0f61a7d9551dd,V1_IL_self_KNN,0.030108457431197166,0.03351390287280083,0.03842496499419212,0.043440187349915504,0.05102755967527628,0.07165237367153167,0.09268461391329763,0.09982487559318542,64,
9ed0f61a7d9551dd,V1_candidate_KNN,0.06390793299300103,0.0739454286279605,0.13437620509805104,0.164799652799187,0.39720962891421435,0.6349768983776648,0.70172376801026,0.7964883207296998,128,0.796875
9ed0f61a7d9551dd,V2_IL_Q_to_R_KNN,0.025583427399396896,0.028626553248614073,0.03319834545254707,0.036681653931736946,0.042620692402124405,0.06041117254644632,0.07204431347548963,0.10846779495477676,128,
9ed0f61a7d9551dd,V2_candidate_KNN,0.02764593716057005,0.03199705387238966,0.07028499563381367,0.1253653529280202,0.23142456298956926,0.5496266812235893,0.6305572859862365,0.7442901874003309,192,
9ed0f61a7d9551dd,V2_Q_mahalanobis,1.3877614742874718,2.0521606673631103,2.6023160668551615,2.8860448125331923,3.2278461974569956,3.8958295487139436,4.046327616022925,4.117031665862349,128,
772bea477f415d7e,V1_IL_self_KNN,0.02843291684985161,0.0311572240665555,0.03438492305576801,0.03955699875950813,0.04961571283638477,0.09152690768241874,0.11062113970518109,0.11832232773303986,64,
772bea477f415d7e,V1_candidate_KNN,0.11415690122949651,0.13655955646691798,0.5506978357523363,0.8039941579329769,0.8519465618991084,1.1450655859411465,1.1786054338368357,1.1823752897083342,128,0.984375
772bea477f415d7e,V2_IL_Q_to_R_KNN,0.02021399699151516,0.022230133786797522,0.02661873959004879,0.030476875603199005,0.03631026763468981,0.07200703918933868,0.11737427003681664,0.23962564766407013,128,
772bea477f415d7e,V2_candidate_KNN,0.0242231867354141,0.02764380422257997,0.10947659224774334,0.49218499400383897,0.8528354289079926,1.1619816110371486,1.211526380267597,1.2199639350149187,192,
772bea477f415d7e,V2_Q_mahalanobis,1.2228178528446114,1.735651457944348,2.150215393460291,2.4862425244373254,2.8037175789731084,3.515614967764854,5.289453714781295,6.21788564593352,128,
cf05fb873d635a08,V1_IL_self_KNN,0.012112419120967388,0.015508749103173614,0.02071932889521122,0.027079522609710693,0.032082139514386654,0.059407134167849915,0.1259707164764403,0.16054069995880127,64,
cf05fb873d635a08,V1_candidate_KNN,0.27600070466799753,0.2991015476432374,0.3227684308954144,0.4166463711231162,0.4883701525689452,0.5528820675834027,0.5837556639778864,0.6077275198726532,128,1.0
cf05fb873d635a08,V2_IL_Q_to_R_KNN,0.012457162141799927,0.013869640929624439,0.016738968435674906,0.020179089158773422,0.023478226736187935,0.03010053941980004,0.041252573169767874,0.04955305904150009,128,
cf05fb873d635a08,V2_candidate_KNN,0.012346307182458383,0.018284428880356536,0.1210267270598241,0.29993249149511025,0.37411487043706104,0.4888273850875482,0.5315362918410006,0.5538699141894833,192,
cf05fb873d635a08,V2_Q_mahalanobis,1.0620545682093254,1.340404240906328,1.690898013762406,2.0317077757974147,2.3332747332686004,2.752953001655949,3.056099724447028,3.101625227984385,128,
6ef435e921f9538a,V1_IL_self_KNN,0.03117244876921177,0.03574553746730089,0.042242905125021935,0.047783730551600456,0.0542035736143589,0.06700510643422602,0.08454313226044169,0.1060774102807045,64,
6ef435e921f9538a,V1_candidate_KNN,0.08915995229655502,0.09434892859850898,0.11946930313526197,0.16557666722162728,0.40197170954371364,0.7755380658965871,0.8449790530223561,0.8621964667123432,128,0.828125
6ef435e921f9538a,V2_IL_Q_to_R_KNN,0.02706686593592167,0.030792173091322185,0.03561661299318075,0.04044913128018379,0.04558867681771517,0.0591818792745471,0.07687304235994821,0.09380591660737991,128,
6ef435e921f9538a,V2_candidate_KNN,0.029808005099316526,0.03546291104441375,0.08162056112893513,0.13511003443380287,0.26650356998256075,0.6742573217412924,0.7716780797100463,0.812404635484134,192,
6ef435e921f9538a,V2_Q_mahalanobis,1.6694630922456872,2.02931098437416,2.4778011609546207,2.7755832363562227,3.1305572103580013,3.6682354097252086,3.97330493622554,4.184866182312029,128,
e60a241cf8df5ae6,V1_IL_self_KNN,0.020387794822454453,0.023127801436930894,0.02730455342680216,0.029669176787137985,0.034378113225102425,0.052995617873966686,0.06616662885993714,0.0799161046743393,64,
e60a241cf8df5ae6,V1_candidate_KNN,0.047632168156128786,0.05187394210723525,0.06462749193382342,0.08265354001862532,0.3999044404066699,0.5634608247108118,0.6198944325470802,0.6530882690258977,128,0.53125
e60a241cf8df5ae6,V2_IL_Q_to_R_KNN,0.01630842685699463,0.01944757541641593,0.02296587498858571,0.02597193419933319,0.0298984507098794,0.03876846153289079,0.04636791739612819,0.05400937795639038,128,
e60a241cf8df5ae6,V2_candidate_KNN,0.016758903298171517,0.023547096904957963,0.04502652092087028,0.06768604218460286,0.22893143212881542,0.4745820653581307,0.531463980616389,0.5839830244587387,192,
e60a241cf8df5ae6,V2_Q_mahalanobis,1.5481411148954591,1.7895317960307766,2.2201577086140505,2.5887964451221874,2.9772262569274397,3.4245209992335113,3.6794120101034444,4.13705947451435,128,
430843d30f9258ed,V1_IL_self_KNN,0.03097812458872795,0.034901702590286736,0.04960392136126757,0.05708976462483406,0.07169475220143795,0.08759636022150516,0.11989862203598017,0.13207672536373138,64,
430843d30f9258ed,V1_candidate_KNN,0.08167290695718146,0.08954803181378114,0.18578060314458741,0.23429026459253482,0.32098924390228956,0.6158248073703593,0.7447411173475388,1.062922414394095,128,0.78125
430843d30f9258ed,V2_IL_Q_to_R_KNN,0.02759234607219696,0.034237729571759704,0.041561064310371876,0.04597211815416813,0.058675240725278854,0.07602037191390988,0.1227418164908887,0.16964992880821228,128,
430843d30f9258ed,V2_candidate_KNN,0.03233299986410106,0.0440573721040253,0.08135815471904535,0.15647188175041019,0.241395910273798,0.4430435134439509,0.5504768511176464,0.6606992301832759,192,
430843d30f9258ed,V2_Q_mahalanobis,1.666316129681157,1.8315608647217108,2.3143696827073574,2.66237771203713,3.059713285966961,3.54577274964543,3.9302218293849305,4.520562357460974,128,
05f01335f6e15d86,V1_IL_self_KNN,0.0342227928340435,0.03868227917701006,0.04617980867624283,0.050667235627770424,0.05771551467478275,0.07198023498058319,0.08247801333665845,0.08890996128320694,64,
05f01335f6e15d86,V1_candidate_KNN,0.10685809383351667,0.11736368211796498,0.1390507860539279,0.1901230646331975,0.29165138032581583,0.4986920081617375,0.5381500529072203,0.5634499348141395,128,1.0
05f01335f6e15d86,V2_IL_Q_to_R_KNN,0.02936377562582493,0.03250753358006477,0.038571580313146114,0.04179048724472523,0.04906967282295227,0.06886194199323653,0.09955064408481126,0.10681275278329849,128,
05f01335f6e15d86,V2_candidate_KNN,0.026106932557302377,0.03885718506056644,0.07979621906523189,0.12187805117362502,0.20240357108504373,0.47118435623004795,0.5302238599780206,0.5751153026776873,192,
05f01335f6e15d86,V2_Q_mahalanobis,1.641665771046874,2.24131847473516,2.742684975163601,3.082813767518418,3.466151450377445,4.109634416603148,4.450070827891307,4.878022451677224,128,
4be639c52c2656db,V1_IL_self_KNN,0.0087207006290555,0.009301183000206947,0.010955872014164925,0.012279510498046875,0.014019234804436564,0.018093108199536793,0.026556680500507353,0.026559900492429733,64,
4be639c52c2656db,V1_candidate_KNN,0.0440461975966956,0.09164804204826651,0.1372299427946519,0.258094244588534,0.3013471258407723,0.3754093411446838,0.41745977491496783,0.4772424779051825,128,1.0
4be639c52c2656db,V2_IL_Q_to_R_KNN,0.007771375589072704,0.008259765058755874,0.009256962919607759,0.0101291099563241,0.011772966245189309,0.01785901477560399,0.04087799899280076,0.07045942544937134,128,
4be639c52c2656db,V2_candidate_KNN,0.008015899036873234,0.009546481164736751,0.06818747254994786,0.13525268360887807,0.2536060904665237,0.3463733759387214,0.40295369450378205,0.41425000243910415,192,
4be639c52c2656db,V2_Q_mahalanobis,2.006048181650434,2.4795454759076585,3.04739435988933,3.4327073871009617,3.8674965571516338,4.634505449251093,4.806639995403732,6.602812624599038,128,
3f67a285648156d8,V1_IL_self_KNN,0.025342155247926712,0.026566960942000152,0.03318772464990616,0.03791137598454952,0.04418690036982298,0.05760421678423881,0.1009488058835267,0.12809155881404877,64,
3f67a285648156d8,V1_candidate_KNN,0.16045349959911656,0.22476099059443921,0.4706219267976391,0.6550032925456465,0.7212503688463081,0.838912368897164,0.890899010489112,0.9669724447795509,128,1.0
3f67a285648156d8,V2_IL_Q_to_R_KNN,0.018330290913581848,0.020834888983517885,0.024011324159801006,0.028459273278713226,0.03448799904435873,0.052965536341071116,0.06644820768386128,0.07198496907949448,128,
3f67a285648156d8,V2_candidate_KNN,0.02144001986283523,0.026612547026662957,0.17770734816421607,0.3694228536416429,0.594410437894354,0.7084970044662133,0.7659649610997912,0.8733247257572703,192,
3f67a285648156d8,V2_Q_mahalanobis,1.2410575364681726,1.4221043723527695,1.954171556373364,2.300268205964962,2.6521563729537325,3.2201187524795705,4.295020496912405,5.529471497885157,128,
d193c14478495b74,V1_IL_self_KNN,0.013397117145359516,0.016025923006236554,0.018323478288948536,0.020589347928762436,0.02505249995738268,0.037342661991715424,0.05308536082506174,0.06717679649591446,64,
d193c14478495b74,V1_candidate_KNN,0.04711830303670534,0.0554264776898149,0.08709034765255132,0.2285894321411115,0.30115839182471943,0.4452348221598791,0.521645165100248,0.5237079010145453,128,0.84375
d193c14478495b74,V2_IL_Q_to_R_KNN,0.011480310931801796,0.013503928389400245,0.01612805388867855,0.01780811231583357,0.01982284802943468,0.02697509527206419,0.04131749372929339,0.04546046257019043,128,
d193c14478495b74,V2_candidate_KNN,0.013307022632952237,0.016308134895454306,0.056642365860091956,0.11726014489691483,0.24440171864699767,0.4000991436776906,0.4398690681018787,0.5013280755800202,192,
d193c14478495b74,V2_Q_mahalanobis,1.7565394594411756,2.1011005635103333,2.479756624424261,2.7897554183277613,3.1625488638437913,3.822859216411721,4.692856038636544,5.092184598607776,128,
be62b590e24a520d,V1_IL_self_KNN,0.027558892965316772,0.030700817797333003,0.03961114678531885,0.045009203255176544,0.05889126379042864,0.07132711820304394,0.09468670614063736,0.1059241071343422,64,
be62b590e24a520d,V1_candidate_KNN,0.3764673255702279,0.5871390037151525,0.6314880629063062,0.7142497335868955,0.8008086015741553,1.1752234491062759,1.2577127144015203,1.2921031262461624,128,1.0
be62b590e24a520d,V2_IL_Q_to_R_KNN,0.024907466024160385,0.02875227862969041,0.0321236252784729,0.03516433201730251,0.04321061819791794,0.0605532320216298,0.0698024740815163,0.07900146394968033,128,
be62b590e24a520d,V2_candidate_KNN,0.028477884955312626,0.03491832334512514,0.2410395773046193,0.6077931961664851,0.7363729442281827,1.120571071159253,1.2511697710568306,1.2976982478579675,192,
be62b590e24a520d,V2_Q_mahalanobis,1.847642450587324,2.271571328621838,2.651794293963323,2.9176198085701035,3.2621420233371197,3.8447169242181336,4.424879293012924,4.531892687494728,128,
ee2a0378652e53d0,V1_IL_self_KNN,0.02031567320227623,0.022195515874773263,0.026483972556889057,0.03037848509848118,0.03446194250136614,0.053202970325946806,0.07586890999227751,0.1045418232679367,64,
ee2a0378652e53d0,V1_candidate_KNN,0.10943655055414774,0.12078190596710359,0.13260713436427765,0.17013161195904064,0.7001645382537143,1.111922640212337,1.1825830904321508,1.201788497063605,128,1.0
ee2a0378652e53d0,V2_IL_Q_to_R_KNN,0.013900412246584892,0.01818399429321289,0.02178938314318657,0.024434403516352177,0.030078584793955088,0.04473054017871617,0.06736739486455921,0.11943614482879639,128,
ee2a0378652e53d0,V2_candidate_KNN,0.01760558937371978,0.022573142227804637,0.08101071376312034,0.13429846927752587,0.37734770009971924,0.9649771833294504,1.0876997912098882,1.1140141634755187,192,
ee2a0378652e53d0,V2_Q_mahalanobis,1.3033075867468267,1.6549751181705472,2.0270563405958346,2.281268835270409,2.56251729553415,3.3076694969059415,3.428103405158999,4.007272811910604,128,
adf177418b8a5f6f,V1_IL_self_KNN,0.03370934724807739,0.0347000615671277,0.03884498309344053,0.04187327064573765,0.05091153923422098,0.06736097484827042,0.09938249446451658,0.11293909698724747,64,
adf177418b8a5f6f,V1_candidate_KNN,0.6003421539894677,0.6400692981117985,0.6944857897182078,0.80749202015573,0.8494148693290937,1.089464268115987,1.1719026368900396,1.2099071285095575,128,1.0
adf177418b8a5f6f,V2_IL_Q_to_R_KNN,0.02432803437113762,0.028830432798713446,0.033888242207467556,0.03832677751779556,0.044754620641469955,0.05963518191128967,0.07834493555128574,0.11166727542877197,128,
adf177418b8a5f6f,V2_candidate_KNN,0.026792570027332957,0.03900211954992208,0.2500571118664666,0.6186958682330699,0.7415380508235436,0.9006210004364401,1.0995292395132361,1.1724164323623871,192,
adf177418b8a5f6f,V2_Q_mahalanobis,1.5149650582263372,2.0420526560414283,2.559251911053381,2.999959950825045,3.3569637256795173,3.922905897195398,4.387404838101676,4.798167409999926,128,
8ba72029d7d75a0c,V1_IL_self_KNN,0.04066191241145134,0.04361028652638197,0.05186746083199978,0.05863286927342415,0.07325680553913116,0.10332292690873143,0.14619881592690925,0.1918928623199463,64,
8ba72029d7d75a0c,V1_candidate_KNN,0.0823145746700786,0.09825397898770001,0.130936137558326,0.15790733558153208,0.33577079031013635,0.38694172894463313,0.4041838204723311,1.003317631081797,128,0.4140625
8ba72029d7d75a0c,V2_IL_Q_to_R_KNN,0.02992672100663185,0.03539893571287393,0.041872257366776466,0.048633331432938576,0.056454094126820564,0.07833119332790374,0.10393780395388603,0.11568174511194229,128,
8ba72029d7d75a0c,V2_candidate_KNN,0.034581513307853,0.04142325565030357,0.07681758883186293,0.12351393444645999,0.20123370848279595,0.36191230505980876,0.38389421053222667,0.3920021033293314,192,
8ba72029d7d75a0c,V2_Q_mahalanobis,1.6579429147566485,2.047362809919031,2.4301936291269572,2.890163643932132,3.2536056402617435,4.025822225539542,4.672543861259818,4.7897173550994605,128,
a893fc739c0b567c,V1_IL_self_KNN,0.03930795192718506,0.043061799742281436,0.05103784240782261,0.057741373777389526,0.07126262597739697,0.09897029437124721,0.11753554180264465,0.13558849692344666,64,
a893fc739c0b567c,V1_candidate_KNN,0.06552525482472103,0.09274494000156693,0.11903356394337289,0.1643785247369452,0.4044894328217344,0.4442137344277636,0.49905586095211363,0.5168358158283335,128,0.6328125
a893fc739c0b567c,V2_IL_Q_to_R_KNN,0.03280935809016228,0.038519622199237345,0.044999584555625916,0.05080753564834595,0.05772799625992775,0.08504431135952467,0.10775752037763596,0.1335574835538864,128,
a893fc739c0b567c,V2_candidate_KNN,0.036863365905057156,0.04375451565324686,0.07746021019181028,0.12065759687696043,0.25583755720506374,0.42743624365034505,0.4473744120800967,0.4939425045905795,192,
a893fc739c0b567c,V2_Q_mahalanobis,1.5986981499377162,1.9697835524143854,2.4523566212096592,2.782050977127658,3.191465473546352,3.8800020494343683,4.8628153688397155,5.403697430929366,128,
ade775b8413358d6,V1_IL_self_KNN,0.04289930313825607,0.04705571122467518,0.0533757321536541,0.06067943014204502,0.07254298590123653,0.08847520574927327,0.10357343040406697,0.12174208462238312,64,
ade775b8413358d6,V1_candidate_KNN,0.3256588957806291,0.3602759612830456,0.520744068478357,1.4344977854177223,1.522567316074554,1.5957229990737558,2.161948305357312,2.774389919636381,128,1.0
ade775b8413358d6,V2_IL_Q_to_R_KNN,0.03398921340703964,0.03827873282134533,0.0453907223418355,0.049872761592268944,0.057439642027020454,0.07953592874109745,0.09036607831716538,0.11523284018039703,128,
ade775b8413358d6,V2_candidate_KNN,0.0351671042178501,0.047084262907852836,0.23009516601809157,0.5245348302853341,1.434695515188981,1.5793719292264201,1.7298615011156346,2.7733934635988815,192,
ade775b8413358d6,V2_Q_mahalanobis,1.6402858395523898,1.9573744594877553,2.3789861421320024,2.8090957752493906,3.1817162746069743,3.6698265722633523,3.943174002213179,4.2431161527576275,128,
cf26456f21fc55cc,V1_IL_self_KNN,0.023601215332746506,0.024723698012530805,0.028948836028575897,0.03274893760681152,0.0369845200330019,0.058164362236857364,0.10058371402323243,0.10774026811122894,64,
cf26456f21fc55cc,V1_candidate_KNN,0.10094017421012322,0.16308274838190118,0.20896136119053837,0.3588485543729075,0.5130357424510782,0.6208155170667633,0.6508702726706749,0.6530261465108878,128,0.9921875
cf26456f21fc55cc,V2_IL_Q_to_R_KNN,0.01609877683222294,0.01983039081096649,0.023020779713988304,0.02601936087012291,0.02939351601526141,0.044569088704884005,0.059752528481185445,0.07809112966060638,128,
cf26456f21fc55cc,V2_candidate_KNN,0.02008947119230682,0.024144772583960923,0.11762597245633971,0.18074746499749772,0.3245362076966943,0.5377150560400829,0.6033149570701986,0.6077786574461579,192,
cf26456f21fc55cc,V2_Q_mahalanobis,1.6962793298914232,1.8686423711937368,2.334247701589093,2.639526176220705,2.9742510518648224,3.4360761930959467,3.6589926207534513,3.844441460557749,128,
f5134ec4baf153c9,V1_IL_self_KNN,0.0234251506626606,0.025416298862546684,0.03172413166612387,0.03510161675512791,0.04540498927235603,0.06553709656000137,0.10545046411454675,0.10902945697307587,64,
f5134ec4baf153c9,V1_candidate_KNN,0.038766458453036376,0.04453858707250859,0.07557199079026593,0.09685082054717056,0.8925939333521352,1.3349920402429982,1.4227829697958772,3.0664639581375317,128,0.4375
f5134ec4baf153c9,V2_IL_Q_to_R_KNN,0.019026344642043114,0.020658636931329966,0.024706275202333927,0.027902129106223583,0.032059818506240845,0.04752476923167703,0.05488120373338462,0.0562279149889946,128,
f5134ec4baf153c9,V2_candidate_KNN,0.020045311551451967,0.026424806526676493,0.039228492844219566,0.08082039253165364,0.6644336625545372,1.2681198860490648,1.8872553084883683,3.019765697932003,192,
f5134ec4baf153c9,V2_Q_mahalanobis,1.079824071692781,1.679186356442037,2.243897097554613,2.537192841041408,2.871170169927234,3.4915719747862566,3.9515761916700085,4.533798020056264,128,
09961e24208b5972,V1_IL_self_KNN,0.02728007361292839,0.027848826441913842,0.034456681460142136,0.03878542222082615,0.046910014003515244,0.05843188147991896,0.07622997507452958,0.0931064784526825,64,
09961e24208b5972,V1_candidate_KNN,0.18181440508567798,0.20356400105477146,0.23832054483205692,0.3572975373954793,0.43674993755921454,0.697026348492942,0.7973462974413199,1.0042547241982251,128,1.0
09961e24208b5972,V2_IL_Q_to_R_KNN,0.019834840670228004,0.022649100795388222,0.027427629102021456,0.032131925225257874,0.03764445148408413,0.06454160660505293,0.08239688016474248,0.10179706662893295,128,
09961e24208b5972,V2_candidate_KNN,0.02302741183513083,0.029184763353709915,0.14540837328623624,0.2362740543171572,0.35790786741668834,0.6014372156927287,0.7173768460716852,0.9953654228947377,192,
09961e24208b5972,V2_Q_mahalanobis,1.4753450379989321,1.9914604255090054,2.4228745541979704,2.786661947019339,3.1608897960575595,3.7790226552659467,4.244224801097927,4.281092051459888,128,
7e6335968cbb5318,V1_IL_self_KNN,0.03032785654067993,0.03354719635099172,0.04091721121221781,0.04772687703371048,0.05443830695003271,0.06961941383779047,0.0809874266386032,0.08210794627666473,64,
7e6335968cbb5318,V1_candidate_KNN,0.5747798904028232,0.624037245743637,0.794433426956659,0.9846138993977991,1.0543318401916364,1.0984595746771169,1.2018822881120692,2.9637241816498676,128,1.0
7e6335968cbb5318,V2_IL_Q_to_R_KNN,0.02718169428408146,0.02923885453492403,0.0339427599683404,0.0396574717015028,0.045939769595861435,0.06061198934912681,0.0870385400950909,0.1416366696357727,128,
7e6335968cbb5318,V2_candidate_KNN,0.02538057300413844,0.037073009400247464,0.28025488534241416,0.6696243360574163,0.9452144927163347,1.020086064145645,1.1241253470555508,1.203262557895076,192,
7e6335968cbb5318,V2_Q_mahalanobis,1.6428802679825119,2.0253504711346553,2.5151880629114167,2.8419512746507305,3.160603285451193,3.7020942421739935,3.9613741833511136,4.04612339576485,128,
ac20d4e2400c58a9,V1_IL_self_KNN,0.02449602447450161,0.025094654131680726,0.028630486223846674,0.033771805465221405,0.04309116955846548,0.07125630136579268,0.09994641423225391,0.1284216195344925,64,
ac20d4e2400c58a9,V1_candidate_KNN,0.06907995468963163,0.08852779720256823,0.14871061598824015,0.1753580144823338,0.20404023618712402,0.36285421165683196,0.42080020082681874,0.42632505966744494,128,0.796875
ac20d4e2400c58a9,V2_IL_Q_to_R_KNN,0.02069181390106678,0.02179007660597563,0.025298751424998045,0.02854444645345211,0.031087707728147507,0.043283192254602906,0.048781384602189067,0.05402257293462753,128,
ac20d4e2400c58a9,V2_candidate_KNN,0.021586000192115436,0.026163100832300865,0.056317923441632785,0.12753630957771867,0.1743980157724747,0.3450615243872628,0.3945110259452084,0.4215534436657672,192,
ac20d4e2400c58a9,V2_Q_mahalanobis,1.2802302747669454,1.8709267756124175,2.235341135063895,2.506292725110155,2.8582502658894335,3.3067072484485998,3.7872365060594566,4.017253563887738,128,
f503e5d4f2815027,V1_IL_self_KNN,0.02285514399409294,0.02551997797563672,0.032012698240578175,0.03921003267168999,0.04974571522325277,0.07351571731269357,0.09892360508441925,0.10024209320545197,64,
f503e5d4f2815027,V1_candidate_KNN,0.03228390543649394,0.04091895560919662,0.05075765213942945,0.10086347868568366,0.49484179312467585,0.7126817309056827,0.7564047326341888,0.7615607486056255,128,0.5078125
f503e5d4f2815027,V2_IL_Q_to_R_KNN,0.022861966863274574,0.026126589532941582,0.029714387375861406,0.03380391001701355,0.039084735326468945,0.055951696261763564,0.07300548680126671,0.0931311622262001,128,
f503e5d4f2815027,V2_candidate_KNN,0.021809808024683807,0.028223355125352127,0.040427505960690155,0.06536505402396156,0.3047662849001668,0.6995033009674545,0.7750368742557016,0.7870742836807502,192,
f503e5d4f2815027,V2_Q_mahalanobis,1.7346349364755909,2.3075759155339024,2.7915814098598615,3.2756329275026186,3.727178259335279,4.160105599270506,4.584864782016532,4.91586568029596,128,
43df192ed9125ff3,V1_IL_self_KNN,0.013011720962822437,0.013315817574039102,0.01493640267290175,0.01642798539251089,0.019720022100955248,0.028560433164238928,0.03469533279538154,0.036759234964847565,64,
43df192ed9125ff3,V1_candidate_KNN,0.04566364177169537,0.04921313087523358,0.10331519687880149,0.26582011024585184,0.31470457832614085,0.3808855501276216,0.4539799171262715,0.5007771463299229,128,1.0
43df192ed9125ff3,V2_IL_Q_to_R_KNN,0.008358877152204514,0.010789860133081674,0.01282589603215456,0.014940246473997831,0.016908065415918827,0.022798663098365066,0.0369120875746012,0.04295368865132332,128,
43df192ed9125ff3,V2_candidate_KNN,0.013247550574068154,0.015431123290696496,0.04688274994759791,0.10791797344252285,0.24469928186008333,0.32430441787645364,0.37041605713667325,0.4481880150103918,192,
43df192ed9125ff3,V2_Q_mahalanobis,1.4471287110384978,2.0766614826760907,2.598642036115753,2.9768533781045283,3.587060034132395,4.303332821209765,4.861636096181852,4.989274341496479,128,
b63a589b5dcf521d,V1_IL_self_KNN,0.026819732040166855,0.02962027620524168,0.033465173095464706,0.039132919162511826,0.04240165837109089,0.06140186581760643,0.0707291058450937,0.07655370980501175,64,
b63a589b5dcf521d,V1_candidate_KNN,0.11702294499487469,0.13882864452958787,0.17782560465530317,0.3102632896048442,0.39815191431396746,0.5535357270607904,0.6188494898779354,0.6336646652848883,128,1.0
b63a589b5dcf521d,V2_IL_Q_to_R_KNN,0.01897699013352394,0.024673502147197723,0.028659350238740444,0.03454671613872051,0.041191368363797665,0.05666851364076138,0.06413249112665655,0.06485579162836075,128,
b63a589b5dcf521d,V2_candidate_KNN,0.02186038794992631,0.029505176714214966,0.10485264256134541,0.16582463454376606,0.25355173094634975,0.5153171656619472,0.5834741108756059,0.6379889643973162,192,
b63a589b5dcf521d,V2_Q_mahalanobis,1.4976012283683902,1.7968255135441624,2.217393189807391,2.589638632562488,2.9346220278300486,3.5915522977576173,4.323324685321985,4.540758360908871,128,
0996ce03d2325a75,V1_IL_self_KNN,0.03488792106509209,0.037312789261341094,0.04807715862989426,0.05592714063823223,0.06555267050862312,0.08842062689363954,0.11040235109627242,0.12408886104822159,64,
0996ce03d2325a75,V1_candidate_KNN,0.1945906494896789,0.20616028392448205,0.22058371392902615,0.3006773080944405,0.45105338648788706,0.8717024374025563,1.0223385116860404,1.1433867813034184,128,1.0
0996ce03d2325a75,V2_IL_Q_to_R_KNN,0.03403549641370773,0.03806237317621708,0.04393436573445797,0.05010518431663513,0.05636955238878727,0.0766542449593544,0.12476015612483034,0.13243703544139862,128,
0996ce03d2325a75,V2_candidate_KNN,0.037796746960744664,0.049469009028270255,0.12309910051697748,0.20310878629946036,0.33545823163444455,0.7349718769546509,0.9008310988685178,1.1042935245185377,192,
0996ce03d2325a75,V2_Q_mahalanobis,1.61667812486994,2.1005697582874503,2.6597702440536217,2.9989172989567683,3.3142476661831695,4.029971588475111,4.512500310240669,4.619732871256274,128,
5da5fed529065c9a,V1_IL_self_KNN,0.022466301918029785,0.023494118824601173,0.0271838684566319,0.032371511682868004,0.03840907756239176,0.05025194976478815,0.06322867125272745,0.07677742093801498,64,
5da5fed529065c9a,V1_candidate_KNN,0.06995916214130513,0.1327658495530871,0.18453712510005787,0.23020615638566366,0.37141327450873396,0.4717349943234688,0.5234185079957471,0.5435513835304656,128,0.9921875
5da5fed529065c9a,V2_IL_Q_to_R_KNN,0.01669224537909031,0.01906650923192501,0.022264942061156034,0.02488868683576584,0.029769548680633307,0.04142790995538234,0.05242409542202951,0.0831197127699852,128,
5da5fed529065c9a,V2_candidate_KNN,0.017896084766000624,0.022566815867899704,0.07523256837168059,0.14395358902639793,0.244231613237885,0.39113028762927216,0.42622951490587885,0.5126170877692164,192,
5da5fed529065c9a,V2_Q_mahalanobis,1.348527316554463,1.6814192232079588,2.1314870122340164,2.4713675140354874,2.9358486547914757,3.778325666973029,4.286670837717403,5.060057098483386,128,
4d4d070cb9095f94,V1_IL_self_KNN,0.029183367267251015,0.03167230561375618,0.03484782297164202,0.038635989651083946,0.04905318096280098,0.06709767244756222,0.10760748468339441,0.1113424077630043,64,
4d4d070cb9095f94,V1_candidate_KNN,0.327218799484066,0.4605651660103237,0.5673156529661515,0.6979993126946418,0.8687473487795248,1.4753163097962176,1.5844816785215265,1.6111913148028727,128,1.0
4d4d070cb9095f94,V2_IL_Q_to_R_KNN,0.02505350485444069,0.026715956814587116,0.03290274366736412,0.0370499063283205,0.041827126406133175,0.0592422544956207,0.08119727469980718,0.08885140717029572,128,
4d4d070cb9095f94,V2_candidate_KNN,0.027462345752114963,0.0315239141853123,0.22435087849376842,0.45430073171288105,0.758323921038708,1.200425511382046,1.4446630367962827,1.5051805734185515,192,
4d4d070cb9095f94,V2_Q_mahalanobis,1.6448310396864936,1.9293130848580922,2.3552425080778634,2.7370589998601935,3.0364863541151754,3.463161122610472,3.753289715477117,3.894970831954624,128,
14096d0f331a594a,V1_IL_self_KNN,0.049885012209415436,0.057049486041069034,0.06494338065385818,0.07209695875644684,0.08212843351066113,0.0995075203478336,0.11700419455766671,0.13237223029136658,64,
14096d0f331a594a,V1_candidate_KNN,0.09774493225446254,0.22285681363257234,0.266850236608392,0.32414148579999685,0.4139430302723817,1.0009269834365702,1.087960060126602,1.12782511806706,128,0.9921875
14096d0f331a594a,V2_IL_Q_to_R_KNN,0.044631507247686386,0.047313873656094074,0.053469907492399216,0.060550516471266747,0.0732470378279686,0.09482291638851165,0.1153230580687523,0.1467495858669281,128,
14096d0f331a594a,V2_candidate_KNN,0.04192588129768158,0.05552088165605564,0.15521676425992284,0.2807641741496619,0.3568333174327251,0.9581644728941024,1.0230654578262366,1.1057059190483698,192,
14096d0f331a594a,V2_Q_mahalanobis,2.3488572533495637,2.7407965458832604,3.1617835011726387,3.549414543646665,3.8895644713171156,4.721867960755254,5.132270476808245,6.07022135401059,128,
432cf993a4685755,V1_IL_self_KNN,0.020836805924773216,0.02190496837720275,0.025404293090105057,0.027921581640839577,0.032623318023979664,0.04446352738887071,0.0981389313191173,0.1602436900138855,64,
432cf993a4685755,V1_candidate_KNN,0.2687160679419051,0.2975932591609996,0.3699205805790219,0.48057648328913805,0.6457006176547349,0.9358118637677442,3.08654156318559,4.0805380883103695,128,1.0
432cf993a4685755,V2_IL_Q_to_R_KNN,0.013266709633171558,0.018709071353077887,0.021297253668308258,0.02430367935448885,0.029187907930463552,0.037480015866458403,0.05684899736195808,0.0797608494758606,128,
432cf993a4685755,V2_candidate_KNN,0.016835769605904168,0.022900556512809058,0.19811334623216528,0.35066020190140146,0.513835086291205,0.8337649287448399,2.3146054109604295,3.7210441676011,192,
432cf993a4685755,V2_Q_mahalanobis,1.1656792829400666,2.082743729145354,2.4911724893553746,2.7309650165656656,3.0566780753256446,3.6177251457070376,4.002023778622201,4.660025351339681,128,
c668fc93191352f5,V1_IL_self_KNN,0.029032494872808456,0.03128279894590378,0.03667699359357357,0.040870899334549904,0.04782420117408037,0.06009483262896537,0.07563230350613588,0.0908505767583847,64,
c668fc93191352f5,V1_candidate_KNN,0.14257206478852727,0.22481854467570733,0.25205187543365093,0.3776544325287019,0.8518544100005213,1.3306564500901157,1.4747903845987076,2.089137799038872,128,1.0
c668fc93191352f5,V2_IL_Q_to_R_KNN,0.02669161558151245,0.028721028845757245,0.03226096089929342,0.03674033097922802,0.042115180753171444,0.05701738502830266,0.06798463426530361,0.099593386054039,128,
c668fc93191352f5,V2_candidate_KNN,0.029305589224146767,0.03211964115131004,0.1309909904162763,0.23901645941601185,0.6385694668322188,1.2241874904915448,1.5231070982761352,2.106982312716784,192,
c668fc93191352f5,V2_Q_mahalanobis,1.8413620872964125,2.3949008152477105,2.863093189474142,3.2177025322666477,3.567024216176273,4.112200820259398,4.6010814624398995,4.672865088158764,128,
a73551f67ae95c4d,V1_IL_self_KNN,0.026280080899596214,0.02830924969166517,0.03186509106308222,0.03544205240905285,0.03968928009271622,0.05790940634906291,0.08354938015341756,0.09033086150884628,64,
a73551f67ae95c4d,V1_candidate_KNN,0.0467613753037047,0.053894627380914634,0.07402915738534731,0.12197625510424401,0.8467204124570431,1.305762551368634,1.3642084385072617,1.3827591821084124,128,0.6171875
a73551f67ae95c4d,V2_IL_Q_to_R_KNN,0.023482847958803177,0.02547969566658139,0.029373754281550646,0.032934073358774185,0.03654439467936754,0.04696747828274965,0.05654302950948477,0.09883984923362732,128,
a73551f67ae95c4d,V2_candidate_KNN,0.024501989101798093,0.02914166632322532,0.040898312999920236,0.07773353735030822,0.5324268503825291,1.2259961362264422,1.3095384323506836,1.3417327697000616,192,
a73551f67ae95c4d,V2_Q_mahalanobis,2.1036031644804445,2.249388710309909,2.7318058652681634,3.1429402236410953,3.584654293396199,4.051296401291895,4.257558248301433,4.52539848055622,128,
928010107cd35cdd,V1_IL_self_KNN,0.027450406923890114,0.028635154012590647,0.03290839400142431,0.03636409901082516,0.04201786685734987,0.05535184498876333,0.08703635804355134,0.11309613287448883,64,
928010107cd35cdd,V1_candidate_KNN,0.061943263299863306,0.0674992618554323,0.09403355514532602,0.1084969208706878,0.470592106073521,0.9517496604171489,1.004042813592821,1.0160256145079904,128,0.421875
928010107cd35cdd,V2_IL_Q_to_R_KNN,0.020694494247436523,0.02448925580829382,0.027988390531390905,0.030994534492492676,0.034177035093307495,0.04421323817223309,0.06134682126343252,0.1053105816245079,128,
928010107cd35cdd,V2_candidate_KNN,0.021092291606471313,0.02766232366748924,0.06241081040054422,0.0984991695994995,0.33889321405517897,0.8545095047383046,0.9993539996074904,1.0363871688317547,192,
928010107cd35cdd,V2_Q_mahalanobis,1.8673281924414138,2.351250175814673,2.881125460796272,3.2728238842240573,3.6161262988828162,4.186338694626915,4.585657490950798,5.061293952880246,128,
f4ab14a89bb7500e,V1_IL_self_KNN,0.049931831657886505,0.051250014826655386,0.06164437159895897,0.07153315097093582,0.08738881163299084,0.1137849815189838,0.13865326285362237,0.1581779420375824,64,
f4ab14a89bb7500e,V1_candidate_KNN,0.1038951249112553,0.12145018693241458,0.1592484153914499,0.20682174709500897,0.5629697804850322,0.8516255928086855,0.9527106868053627,0.993346543160855,128,0.75
f4ab14a89bb7500e,V2_IL_Q_to_R_KNN,0.04085898399353027,0.044797584600746634,0.050578407011926174,0.058443496003746986,0.06532263942062855,0.08442732840776443,0.1038482071459294,0.152562215924263,128,
f4ab14a89bb7500e,V2_candidate_KNN,0.039423097781159794,0.05333673387691111,0.10717165470245836,0.15766756394673156,0.3425144211381591,0.7241610323373138,0.8493576115213258,0.9013512045637174,192,
f4ab14a89bb7500e,V2_Q_mahalanobis,1.4645246685514584,2.218919664434356,2.6529181613844766,2.9202679440210995,3.3805659966725017,3.8168509611741666,4.088930241778987,4.14177555152599,128,
dc28a01b78d45b17,V1_IL_self_KNN,0.0260926540941,0.03128969883546233,0.034071726724505424,0.041994476690888405,0.04906512890011072,0.07201684415340423,0.08883262559771533,0.10047535598278046,64,
dc28a01b78d45b17,V1_candidate_KNN,0.26322665806653406,0.28644694454118064,0.3482349137167995,0.42792036184668114,0.5749640188757026,0.7150785008412572,0.755612399497698,0.8121193324221798,128,1.0
dc28a01b78d45b17,V2_IL_Q_to_R_KNN,0.025651579722762108,0.028612089343369007,0.0336847985163331,0.03823567368090153,0.046152359806001186,0.06330406107008457,0.08857410587370398,0.11071635782718658,128,
dc28a01b78d45b17,V2_candidate_KNN,0.02954478242447533,0.03790932229023784,0.1399514950408293,0.2837435728575918,0.3912902414308894,0.6338440703378266,0.6871780676314518,0.8089920888070008,192,
dc28a01b78d45b17,V2_Q_mahalanobis,1.6389019249761496,1.8738464214227584,2.4150800597114523,2.753041419393587,3.0904273925769727,3.6373352610974985,3.892511843353821,4.12187037877215,128,
3f159d73e87a5e06,V1_IL_self_KNN,0.023598412051796913,0.028396468516439198,0.03527653031051159,0.04132167994976044,0.04938227776437998,0.0823158405721186,0.12640257529914375,0.13490143418312073,64,
3f159d73e87a5e06,V1_candidate_KNN,0.05457861571537581,0.0740019339385685,0.08775716472601292,0.11717705880585076,0.6604330682955041,0.9717661987302766,1.0438819014386644,1.081491699667983,128,0.3984375
3f159d73e87a5e06,V2_IL_Q_to_R_KNN,0.025414446368813515,0.027633316721767186,0.031392249278724194,0.03471438214182854,0.039859420619904995,0.05276954323053358,0.06764366667717699,0.11516110599040985,128,
3f159d73e87a5e06,V2_candidate_KNN,0.028273848928672275,0.032216939661179896,0.05481273272174174,0.08582383251794326,0.41339286008514375,0.8838070249174195,1.0436470962032631,1.090043442163697,192,
3f159d73e87a5e06,V2_Q_mahalanobis,1.8782035011029188,2.4618618757118,2.894221885092765,3.194922574579947,3.609478148912566,4.2859187763101945,4.69783865492019,4.816308292400381,128,
bdfa1f8523c25328,V1_IL_self_KNN,0.021914582699537277,0.025125464983284475,0.031442003790289164,0.03645455650985241,0.040455942042171955,0.06981726661324493,0.09230350390076629,0.11305008083581924,64,
bdfa1f8523c25328,V1_candidate_KNN,0.3324711538017566,0.4015477863663491,0.46544031599440716,0.5182341859137702,0.5899504124702338,1.1135592315440768,1.1975026307582572,1.216835025951062,128,1.0
bdfa1f8523c25328,V2_IL_Q_to_R_KNN,0.019345741719007492,0.023310117796063422,0.026312475092709064,0.02952968329191208,0.033909983932971954,0.04049853719770908,0.05637026872485881,0.06122247129678726,128,
bdfa1f8523c25328,V2_candidate_KNN,0.024351312762213775,0.029940296756233963,0.21725203103579965,0.404572827060136,0.4740035773012085,1.0030516807998164,1.0854735912065843,1.1441221401915371,192,
bdfa1f8523c25328,V2_Q_mahalanobis,1.6998942541424,2.046125417705746,2.512641981066115,2.851313608631992,3.194311513733692,3.672455814850838,3.9433473896317093,4.178484410990555,128,
12115c5ca1215fb7,V1_IL_self_KNN,0.02465841732919216,0.02715195920318365,0.031137588433921337,0.03519443981349468,0.040603253059089184,0.05329773984849452,0.06760646440088745,0.07556052505970001,64,
12115c5ca1215fb7,V1_candidate_KNN,0.12271796457398368,0.196331918575744,0.27268143333779704,0.3391014390297912,0.7083022179767988,1.2308705084345446,1.3260606405669313,1.3975564588237976,128,1.0
12115c5ca1215fb7,V2_IL_Q_to_R_KNN,0.021340999752283096,0.024662277195602655,0.028080930467694998,0.031207296065986156,0.037027339451014996,0.04880160633474588,0.05821316745132208,0.0664861649274826,128,
12115c5ca1215fb7,V2_candidate_KNN,0.022448451197894348,0.02976202529643608,0.1368999061986932,0.23946716212772678,0.47745600536123267,1.0399721908321162,1.2190170651736096,1.351891374189999,192,
12115c5ca1215fb7,V2_Q_mahalanobis,1.4755877462983937,1.89020611740159,2.351373014291977,2.781036360752445,3.092463212315877,3.724202825491375,4.0196784839119175,4.141421618606507,128,
c402a7eb498a5736,V1_IL_self_KNN,0.018540341407060623,0.021077621448785066,0.023702592588961124,0.027707116678357124,0.032550184056162834,0.05578184016048908,0.05847760237753391,0.0586761012673378,64,
c402a7eb498a5736,V1_candidate_KNN,0.04585824249791012,0.054054156722314575,0.09604958377953493,0.1356183001702847,0.3406507977963402,0.4766671935173262,0.5133525167151056,0.8451890030009206,128,0.8828125
c402a7eb498a5736,V2_IL_Q_to_R_KNN,0.01653871312737465,0.018121120519936085,0.02053276915103197,0.023675115779042244,0.02993386797606945,0.043441469594836225,0.07652397938072694,0.08740468323230743,128,
c402a7eb498a5736,V2_candidate_KNN,0.014921479437341123,0.021112944804295597,0.04163297600246913,0.0945785924724517,0.22640635839414006,0.4416881640643132,0.49058189051339146,0.5109823439647928,192,
c402a7eb498a5736,V2_Q_mahalanobis,1.5835546253787371,1.903359432010207,2.387041252157391,2.6890449584829352,3.0769973612890427,3.9938677816986763,4.917990641914171,5.1528097725007,128,
c94d20755cae51cf,V1_IL_self_KNN,0.03238408640027046,0.03564761150628328,0.04033442959189415,0.046698642894625664,0.055266501381993294,0.08686016723513597,0.10812429241836058,0.13855251669883728,64,
c94d20755cae51cf,V1_candidate_KNN,0.4075846981387959,0.46190201780494944,0.5775046394148222,0.7714410663817588,0.8418611421021557,1.1343225738674638,1.1913214663958789,1.2134972954249068,128,1.0
c94d20755cae51cf,V2_IL_Q_to_R_KNN,0.02757648192346096,0.030163054540753364,0.03616217337548733,0.04240681044757366,0.04904231056571007,0.06363731585443018,0.09333424314856538,0.11489899456501007,128,
c94d20755cae51cf,V2_candidate_KNN,0.031749914391237685,0.040492872942813785,0.24738864607779568,0.5022555606577056,0.7334677860045138,0.9488632279765689,1.1390013771928993,1.163836459225117,192,
c94d20755cae51cf,V2_Q_mahalanobis,1.7133498294650216,2.235189241082755,2.6380903827191915,2.9437503618215786,3.272816349555762,3.7591174354489443,4.2165376705853115,4.498487425938442,128,
c44b12de78555426,V1_IL_self_KNN,0.021861260756850243,0.023733551613986492,0.028744026087224483,0.03362773731350899,0.03892385587096214,0.06816226430237286,0.09085209563374512,0.10989594459533691,64,
c44b12de78555426,V1_candidate_KNN,0.11353718223316778,0.12753520703466426,0.18662432181477265,0.2529314214364142,0.3003055378004395,0.47865401321001816,0.5510952038393693,0.5856815663660146,128,1.0
c44b12de78555426,V2_IL_Q_to_R_KNN,0.018244672566652298,0.020640765503048896,0.024069448467344046,0.02714940905570984,0.03083763225004077,0.03896715696901081,0.052060969173908254,0.11507777124643326,128,
c44b12de78555426,V2_candidate_KNN,0.01884441334213445,0.025197713719404914,0.10307572058552608,0.16941354657434154,0.24192531859954514,0.4163666646838962,0.4913040471419416,0.5610171592693312,192,
c44b12de78555426,V2_Q_mahalanobis,1.4181506069569703,1.9588584657996575,2.4093563877692508,2.7136256735172126,3.0819898673831716,3.6448812577524623,4.117106073072458,4.18091751011163,128,
50e0c2fe698655a9,V1_IL_self_KNN,0.022333061322569847,0.024195013754069804,0.02770217787474394,0.03096628189086914,0.037496128119528294,0.05665449853986498,0.0693302239477634,0.07857771217823029,64,
50e0c2fe698655a9,V1_candidate_KNN,0.13617797591412845,0.15974406023967172,0.21212541472290403,0.3098578979473332,0.6388130078621397,0.8735678225294355,0.9498650872465729,0.9762117409969393,128,1.0
50e0c2fe698655a9,V2_IL_Q_to_R_KNN,0.018741954118013382,0.021191104780882597,0.025203800294548273,0.027721638791263103,0.0328972889110446,0.04361141454428434,0.05034890063107014,0.057338498532772064,128,
50e0c2fe698655a9,V2_candidate_KNN,0.021770922813478533,0.02574453734139208,0.10454894794295734,0.21544784029012273,0.38391579457850894,0.7799489782307937,0.8892888830427831,0.9196434740840098,192,
50e0c2fe698655a9,V2_Q_mahalanobis,1.491332482759432,1.8876582854189798,2.5774096758841756,2.808287860966014,3.155098813860045,3.6570127341873264,3.912352623952075,3.946563881623879,128,
e91a2d26f30e5b34,V1_IL_self_KNN,0.025315459817647934,0.02696352293714881,0.03252100292593241,0.038442643359303474,0.04366395529359579,0.06556785572320217,0.11191596321761593,0.1492644101381302,64,
e91a2d26f30e5b34,V1_candidate_KNN,0.059358609279769436,0.06825314023879112,0.1512068972745002,0.30024267771734836,0.4665966416630828,0.5571066919663191,0.5989377658355515,0.6338991743957859,128,0.765625
e91a2d26f30e5b34,V2_IL_Q_to_R_KNN,0.017538603395223618,0.021267721150070428,0.0244566909968853,0.02767158206552267,0.031837587244808674,0.041866572387516496,0.0521413316205144,0.12162735313177109,128,
e91a2d26f30e5b34,V2_candidate_KNN,0.016723905788025996,0.022994856857082104,0.0707429926977354,0.16785022030566316,0.30927526555569906,0.5178555615023711,0.5762955814567368,0.6314016657406655,192,
e91a2d26f30e5b34,V2_Q_mahalanobis,1.2690171030295405,1.5532050845386551,1.944651134830349,2.3022751329463413,2.6313607594089627,3.1391451622539708,4.063745168943035,4.543009476820531,128,
c8b4c92530f15b8e,V1_IL_self_KNN,0.027088532224297523,0.03083955030888319,0.03658996522426605,0.042418332770466805,0.04812234174460173,0.0806543957442045,0.10107147522270674,0.11440731585025787,64,
c8b4c92530f15b8e,V1_candidate_KNN,0.11278644844148741,0.11778822772698373,0.14502928892592337,0.2089294878918207,0.36688347272383426,0.6817032379675733,0.7466541338417761,0.8421650009262118,128,0.9921875
c8b4c92530f15b8e,V2_IL_Q_to_R_KNN,0.02264196053147316,0.02516436344012618,0.02939554862678051,0.032870976254343987,0.03942946717143059,0.05309696272015571,0.06309380341321232,0.0641033798456192,128,
c8b4c92530f15b8e,V2_candidate_KNN,0.024436645190865528,0.030862320205349566,0.09845933622228267,0.15257046975555236,0.26017505952809106,0.5397024138933615,0.6725270227358571,0.7699138550694002,192,
c8b4c92530f15b8e,V2_Q_mahalanobis,1.1960437204896008,1.7278341556554255,2.1612220149145975,2.3907735189644,2.697586869670628,3.295936192103553,3.692341138894066,3.9091289556923643,128,
3d2dded3370e5d2f,V1_IL_self_KNN,0.024279236793518066,0.02593214754015207,0.03017761232331395,0.034016840159893036,0.042347454465925694,0.07197855375707148,0.08037087470293044,0.08037960529327393,64,
3d2dded3370e5d2f,V1_candidate_KNN,0.08447960398909689,0.1144667158772505,0.1353804646001222,0.16867298405167186,0.3107025989445155,1.1792996801416336,1.2674026473583377,1.4024873849522925,128,1.0
3d2dded3370e5d2f,V2_IL_Q_to_R_KNN,0.019085964187979698,0.021747432928532363,0.024474884383380413,0.028179770335555077,0.034010134637355804,0.0461820276454091,0.052495093308389196,0.06641644239425659,128,
3d2dded3370e5d2f,V2_candidate_KNN,0.02195227485115949,0.026953898217157105,0.07830305131242088,0.13375779529569123,0.260625203677106,0.9995865567775006,1.2391891013399299,1.3742005973102989,192,
3d2dded3370e5d2f,V2_Q_mahalanobis,1.5304242076269463,1.886212157342353,2.4353645386863447,2.7829721619020775,3.1365525794889244,3.740180213037403,4.001269837073549,4.316820509390711,128,
1361ba1955125852,V1_IL_self_KNN,0.028195643797516823,0.028639108687639237,0.031308937817811966,0.03610157407820225,0.040534211322665215,0.05537447948008774,0.07175278283655644,0.07283554971218109,64,
1361ba1955125852,V1_candidate_KNN,0.07230292031880715,0.08732766744170121,0.1183312249298611,0.13772249645008866,0.7714875442222289,1.6495294254124861,1.8763159680321233,4.883726123347757,128,0.9921875
1361ba1955125852,V2_IL_Q_to_R_KNN,0.01751798763871193,0.021355093363672494,0.025338443461805582,0.029029563069343567,0.033739084377884865,0.044678562507033344,0.060972898378968264,0.06625960022211075,128,
1361ba1955125852,V2_candidate_KNN,0.020799045691465217,0.02625047632795583,0.06819365661102364,0.11777034065482062,0.5624926484358983,1.4691535571468295,1.6682929054492006,1.9502991342906681,192,
1361ba1955125852,V2_Q_mahalanobis,1.7718590329668078,2.1043171218888888,2.514926725082343,2.9115559164179468,3.31232328137739,4.009757213398593,4.267383142928397,4.8252218362084385,128,
b78f23cd3a155154,V1_IL_self_KNN,0.020880812779068947,0.023453780449926853,0.027039365842938423,0.03225976042449474,0.045292073860764503,0.06433287933468818,0.08352846324443809,0.10391011089086533,64,
b78f23cd3a155154,V1_candidate_KNN,0.16334367715741074,0.16927492693348503,0.18947899107130328,0.21628266535002688,0.31132894009251655,0.40709514007840525,0.4947442370303627,0.502383111825397,128,1.0
b78f23cd3a155154,V2_IL_Q_to_R_KNN,0.01627029851078987,0.019125822372734545,0.022051917854696512,0.025585045106709003,0.02978050010278821,0.055651617608964414,0.11016658015549187,0.13139274716377258,128,
b78f23cd3a155154,V2_candidate_KNN,0.02008583264573714,0.02471630751487916,0.1310510219465879,0.20196785655357546,0.25840615658670874,0.4075512276183098,0.5116772443341069,0.5328648181022583,192,
b78f23cd3a155154,V2_Q_mahalanobis,1.1259992541006654,1.4130143626399008,1.875578736489162,2.1110073710766177,2.424176838281925,2.929546324484866,3.383298729622549,3.534520378518319,128,
25652aabb1615c8d,V1_IL_self_KNN,0.03497195616364479,0.03608322460204363,0.04174116253852844,0.048727767542004585,0.05605371482670307,0.07514337636530397,0.11086922511458386,0.1380840241909027,64,
25652aabb1615c8d,V1_candidate_KNN,0.13707225004507445,0.18992049791114515,0.29018445944942023,0.36603297455461353,0.5009936672653929,0.6091812623180644,0.6527786154016956,0.714997074919195,128,0.9921875
25652aabb1615c8d,V2_IL_Q_to_R_KNN,0.027454549446702003,0.031478330865502356,0.036773160099983215,0.04111839830875397,0.04733417369425297,0.06144030205905437,0.06637359388172627,0.08356883376836777,128,
25652aabb1615c8d,V2_candidate_KNN,0.032385712100139664,0.0389737780671285,0.13606302655941138,0.2537654156279852,0.3865776791850599,0.5721219753664384,0.6230737130350111,0.7031042821298124,192,
25652aabb1615c8d,V2_Q_mahalanobis,2.0633135959176037,2.4871715628114464,2.856787274386691,3.307771438201015,3.6882532338301526,4.1649509731427425,4.851305843429178,4.9967861332691506,128,
3623f8728153513d,V1_IL_self_KNN,0.02186364307999611,0.024884090572595597,0.031187287531793118,0.03685925342142582,0.04291332978755236,0.06693123616278167,0.1100759602338075,0.12589624524116516,64,
3623f8728153513d,V1_candidate_KNN,0.04272780044283352,0.06824660065281159,0.11887999086340711,0.1845381151677124,0.616940653544205,1.629150121471205,1.7316684551127832,1.8712704130722018,128,0.7109375
3623f8728153513d,V2_IL_Q_to_R_KNN,0.016940845176577568,0.0200921724550426,0.023996860720217228,0.02794838696718216,0.033530112355947495,0.05520342253148549,0.06873153492808344,0.09018559753894806,128,
3623f8728153513d,V2_candidate_KNN,0.01997115904326176,0.02680985205546607,0.06403768192352344,0.12870957947658496,0.43290247876994153,1.5181054877321334,1.7431027689764025,1.8951958153643282,192,
3623f8728153513d,V2_Q_mahalanobis,1.4853551673033132,1.7199911860009758,2.216938219366144,2.5428469704038457,2.868455919938854,3.573609206783084,4.134633280411397,4.335809737535425,128,
9288a151789f507b,V1_IL_self_KNN,0.026433845981955528,0.03051006319001317,0.03770109824836254,0.04244204796850681,0.052207873202860355,0.08222358934581277,0.12024122923612583,0.14788706600666046,64,
9288a151789f507b,V1_candidate_KNN,0.20057249553916728,0.23176128813249783,0.49220377126274,0.551330654766025,0.6294023395381094,0.7139849366661253,0.7943570498759964,0.8450787804924896,128,1.0
9288a151789f507b,V2_IL_Q_to_R_KNN,0.02205359749495983,0.025970180705189704,0.029732120223343372,0.03332863189280033,0.041501302272081375,0.054837769269943236,0.07070893108844759,0.11277413368225098,128,
9288a151789f507b,V2_candidate_KNN,0.026904621230807158,0.030854262561709152,0.15772168795635377,0.38004903733157436,0.5671339882942591,0.7013044072773844,0.7595801398269701,0.8258153285614986,192,
9288a151789f507b,V2_Q_mahalanobis,1.6401085150159342,1.9254842701335677,2.4594917911083107,2.855942316181905,3.1727821270319962,3.746895621152631,4.085091095063402,4.178886249469909,128,
e671280656f55009,V1_IL_self_KNN,0.03578899800777435,0.040869117341935636,0.04693730641156435,0.05228210426867008,0.059072425588965416,0.08705730251967904,0.10760577373206615,0.10940977185964584,64,
e671280656f55009,V1_candidate_KNN,0.1153234425532967,0.150207845277924,0.1844970058770809,0.20833573071017722,0.2661060410953059,1.2770892007160002,1.3924221475451009,1.4219763842347537,128,1.0
e671280656f55009,V2_IL_Q_to_R_KNN,0.03264206275343895,0.03621588535606861,0.04164300300180912,0.045315591618418694,0.0514318086206913,0.06731025502085684,0.08371442675590518,0.08835866302251816,128,
e671280656f55009,V2_candidate_KNN,0.0344476014511466,0.04304002932492163,0.0912655424720345,0.16856982188967645,0.22874380494862537,1.0819069761458404,1.2308456512186579,1.3679340423877537,192,
e671280656f55009,V2_Q_mahalanobis,2.124816986618532,2.417415325842999,2.837214478492003,3.1458574788723923,3.4920634368308257,4.0716460158217656,4.382811857932588,4.662263699018473,128,
48cf36e2f3e15071,V1_IL_self_KNN,0.02171594835817814,0.02277578990906477,0.02674324158579111,0.03391008637845516,0.040891312062740326,0.0646348938345909,0.10202939949929714,0.10435092449188232,64,
48cf36e2f3e15071,V1_candidate_KNN,0.37447744806001937,0.425712782540174,0.47724107346522515,0.614359022136569,0.6542289134077495,0.6998497023996609,0.7492409517470671,0.7656297685105711,128,1.0
48cf36e2f3e15071,V2_IL_Q_to_R_KNN,0.01542574167251587,0.018254304956644773,0.022330114617943764,0.02536839246749878,0.03037904016673565,0.04707520566880702,0.06450160682201386,0.06768319755792618,128,
48cf36e2f3e15071,V2_candidate_KNN,0.017108368021180157,0.023780522225460368,0.1740112725434015,0.4294661607972532,0.6164703996287121,0.6735152049449689,0.7403828329197882,0.8080667417211125,192,
48cf36e2f3e15071,V2_Q_mahalanobis,1.018058659179816,1.4209284161077778,1.8941431589816031,2.18071215291571,2.5711672064825177,3.053012539527799,3.257099052468255,3.3933866318697516,128,
4acdad2d68815972,V1_IL_self_KNN,0.038297273218631744,0.04539540577679872,0.051047942601144314,0.059681426733732224,0.07380789518356323,0.11383663602173319,0.1684144446253776,0.18142995238304138,64,
4acdad2d68815972,V1_candidate_KNN,0.12937989357342541,0.15896691973877972,0.1830311358798829,0.21601122797976863,0.3424628840112103,0.6973885825230232,0.8009225527171274,0.9213903801999018,128,0.7578125
4acdad2d68815972,V2_IL_Q_to_R_KNN,0.03313518315553665,0.03917616531252861,0.04652057122439146,0.05050518549978733,0.05875621363520622,0.0800976030528545,0.09740925587713718,0.09811268746852875,128,
4acdad2d68815972,V2_candidate_KNN,0.03352403724833696,0.04408933067296577,0.10374263715862857,0.1685600193496818,0.26409976932339424,0.641487343258584,0.7658382936376299,0.8088289199283002,192,
4acdad2d68815972,V2_Q_mahalanobis,1.3534355351209402,2.1153960763690978,2.4516922897487228,2.935536054597181,3.3370166542872877,3.9918743568091606,4.154424160111521,4.440162814763832,128,
b35fe1e3a6d857e7,V1_IL_self_KNN,0.038120873272418976,0.03917019162327051,0.04513126611709595,0.04987643472850323,0.05947665777057409,0.0823451105505228,0.08717830516397952,0.09062249958515167,64,
b35fe1e3a6d857e7,V1_candidate_KNN,0.14005719330115354,0.18065094504834037,0.2311486002174255,0.2808306506478562,0.32477569187928634,0.4052518196910147,0.4490156747592599,0.4872646923772049,128,1.0
b35fe1e3a6d857e7,V2_IL_Q_to_R_KNN,0.030490919947624207,0.03526544123888016,0.04039065819233656,0.04773859679698944,0.05754288751631975,0.07707941867411136,0.09625009171664715,0.10156281292438507,128,
b35fe1e3a6d857e7,V2_candidate_KNN,0.03237448072179673,0.044326850573330176,0.11746310464790827,0.18212574235794682,0.25285468207948764,0.3169772894796062,0.3408419091470467,0.36644757250144183,192,
b35fe1e3a6d857e7,V2_Q_mahalanobis,2.048305922036057,2.3417583504965007,2.7881478109490074,3.182246213720643,3.517804838854931,4.193424003840951,4.60173473606911,5.133458861943973,128,
095eafbb5c8f5b02,V1_IL_self_KNN,0.03611758351325989,0.0394236983731389,0.04672819375991821,0.05297507904469967,0.060586193576455116,0.08347010426223278,0.09261880673468112,0.0934806615114212,64,
095eafbb5c8f5b02,V1_candidate_KNN,0.24029182728691717,0.25899254618797946,0.30051438353968957,0.37641015421766105,0.6583085532306083,1.063186661893135,1.1069016017814415,1.1474267528080477,128,1.0
095eafbb5c8f5b02,V2_IL_Q_to_R_KNN,0.03222986310720444,0.03589463066309691,0.04118180554360151,0.045869747176766396,0.053219251334667206,0.06951937526464462,0.07910951249301434,0.09026437252759933,128,
095eafbb5c8f5b02,V2_candidate_KNN,0.034632224874240704,0.04129685784585475,0.16915112732966428,0.28995246367121774,0.47166559700844674,0.9740361503469834,1.02945305126237,1.0804272735608689,192,
095eafbb5c8f5b02,V2_Q_mahalanobis,1.8346899863250516,2.304154415828953,2.764452677467645,3.183194676554163,3.569666724400676,4.183421254702242,4.788162393984279,4.873192122385931,128,
6f3254ac0fb25c0e,V1_IL_self_KNN,0.031301915645599365,0.036076004058122633,0.03976332023739815,0.04583928920328617,0.05386993661522865,0.07425968647003171,0.07985946044325827,0.08343328535556793,64,
6f3254ac0fb25c0e,V1_candidate_KNN,0.08913413314191902,0.11493177846735055,0.15911984086650066,0.29166846826094683,0.4313528285049299,1.118065092031584,1.26033445264679,1.29880206805909,128,1.0
6f3254ac0fb25c0e,V2_IL_Q_to_R_KNN,0.025892164558172226,0.029638269636780023,0.03543067257851362,0.04193185083568096,0.05394069850444794,0.08078162595629688,0.12155093692243114,0.13861796259880066,128,
6f3254ac0fb25c0e,V2_candidate_KNN,0.026192340961815753,0.03632255958938956,0.08662601927392055,0.14886856417051125,0.33188447954512634,0.9729480104999062,1.2185828554552545,1.2574807311016332,192,
6f3254ac0fb25c0e,V2_Q_mahalanobis,1.4643985562080368,1.7760412479266814,2.2891337397865485,2.6618249415324735,2.960995832724131,3.5938860558045516,4.105525412606777,5.184463739446296,128,
846947c0d14c5705,V1_IL_self_KNN,0.045384958386421204,0.04686477445065975,0.052656819112598896,0.06278449669480324,0.07045412063598633,0.10377869084477419,0.1257181932777166,0.1320350617170334,64,
846947c0d14c5705,V1_candidate_KNN,0.13586831878158834,0.19985962415961264,0.27222330081927004,0.42884380412734147,0.48063370922356,0.5551622581458425,0.6123393739813108,0.6311358254039667,128,1.0
846947c0d14c5705,V2_IL_Q_to_R_KNN,0.03759119659662247,0.042011133208870885,0.04690124653279781,0.052838247269392014,0.0617286441847682,0.08149341121315955,0.10084402702748782,0.14634637534618378,128,
846947c0d14c5705,V2_candidate_KNN,0.04024985401054193,0.04718515165347575,0.11080126202442923,0.17643168560048167,0.32869621905353613,0.4768575200080907,0.5081987823684373,0.5207841595840516,192,
846947c0d14c5705,V2_Q_mahalanobis,1.318748819719582,1.7790242800909182,2.21488710870252,2.5609350074100052,2.8620545678171716,3.308083115814862,3.6751678465320126,3.8581166984483177,128,
da088bb9d4fb5d0e,V1_IL_self_KNN,0.03938541188836098,0.042120558023452756,0.049035780131816864,0.05998865328729153,0.07537292689085007,0.1357942625880241,0.16727281153202056,0.16728903353214264,64,
da088bb9d4fb5d0e,V1_candidate_KNN,0.4683490758940218,0.49889831735294154,0.6685709839358518,0.7100435126866884,0.824446295681208,0.93336013541844,1.000238078638687,1.0264003074679142,128,1.0
da088bb9d4fb5d0e,V2_IL_Q_to_R_KNN,0.030295168980956078,0.03923569098114967,0.04560830071568489,0.05251343548297882,0.0628792867064476,0.09417848847806445,0.1111063297092915,0.16724291443824768,128,
da088bb9d4fb5d0e,V2_candidate_KNN,0.03612194213083153,0.050232523978669,0.24889848424129435,0.5838284706725946,0.7471280060990051,0.8984932519002424,0.9583774199636957,1.0154147819564217,192,
da088bb9d4fb5d0e,V2_Q_mahalanobis,1.1038001582867087,2.0143884539432633,2.537059463830038,2.9459638884210984,3.3277235866316026,3.8908365594567758,4.342210936710742,4.537754656467166,128,
2d6b6f9cbf895767,V1_IL_self_KNN,0.017956573516130447,0.018466823268681765,0.022158770821988583,0.026663306169211864,0.03385333623737097,0.06100555546581741,0.09425367161631566,0.1392139494419098,64,
2d6b6f9cbf895767,V1_candidate_KNN,0.062021998183319105,0.20729698895628845,0.2667058617580641,0.29854673668685006,0.42733675138723093,0.4880748473002959,0.519741850017953,1.7359469801291323,128,0.984375
2d6b6f9cbf895767,V2_IL_Q_to_R_KNN,0.014587040059268475,0.01611354323104024,0.0184499635361135,0.021304063498973846,0.0260602836497128,0.039812107011675826,0.06028622757643469,0.07484758645296097,128,
2d6b6f9cbf895767,V2_candidate_KNN,0.014886190754621942,0.019310327129545897,0.10058367654103725,0.23181572373138615,0.29435636824998956,0.4522369120435373,1.066922307057438,1.710241584139587,192,
2d6b6f9cbf895767,V2_Q_mahalanobis,1.3712786278616023,1.6566832848738895,2.039314611008877,2.4065364863679903,2.7747578877865906,3.4369221409666664,3.9216553060743253,4.091222844251311,128,
2b6a3141bbd95909,V1_IL_self_KNN,0.014083290472626686,0.01602492779493332,0.01781936315819621,0.021082700230181217,0.025179723277688026,0.0368934191763401,0.04516882229596376,0.04604608938097954,64,
2b6a3141bbd95909,V1_candidate_KNN,0.097434542730728,0.12810573448600288,0.16815113410226523,0.2835419953640861,0.48125149673676276,0.5375909794832819,0.5763553102642396,0.580110248690809,128,1.0
2b6a3141bbd95909,V2_IL_Q_to_R_KNN,0.012007670477032661,0.015154537977650762,0.01772122597321868,0.020329908467829227,0.022282880265265703,0.03500839993357655,0.045901953317225005,0.06240643933415413,128,
2b6a3141bbd95909,V2_candidate_KNN,0.016508694997553384,0.018643000666223063,0.10285837107357555,0.1835757297485653,0.3177907613986991,0.5137197976143435,0.5482993701345562,0.5867400487526752,192,
2b6a3141bbd95909,V2_Q_mahalanobis,2.0057996254832826,2.267526287918385,2.7737428216743982,3.140473635889436,3.4492371092382643,4.1174578883919795,4.780817892241845,4.914534875819166,128,
c565fc593f9e5fad,V1_IL_self_KNN,0.035959817469120026,0.036724846065044406,0.042972370982170105,0.050581322982907295,0.058126079849898815,0.07797876447439192,0.1302752250432966,0.1820891946554184,64,
c565fc593f9e5fad,V1_candidate_KNN,0.08963163482682834,0.18611923648840775,0.22038019265317538,0.2531048013574557,0.28778726757059553,0.36515878789925693,0.43274835483193225,0.4808954934325472,128,0.953125
c565fc593f9e5fad,V2_IL_Q_to_R_KNN,0.027488211169838905,0.029103471245616675,0.03401010483503342,0.03868223540484905,0.04663716349750757,0.058082430250942695,0.0639104061573744,0.06590183079242706,128,
c565fc593f9e5fad,V2_candidate_KNN,0.027817955571646014,0.037957474127892125,0.11296474066864014,0.18180429881201765,0.24431149265588686,0.309489951956309,0.3592764266472893,0.38098595598034446,192,
c565fc593f9e5fad,V2_Q_mahalanobis,1.5264345702570057,2.0890231813608318,2.5989368975012823,2.929663617685593,3.298369206869033,4.06889365972477,4.648954846664424,4.815509549191661,128,
2b62f0fd336e5ce1,V1_IL_self_KNN,0.015130206942558289,0.016515343729406596,0.019056539982557297,0.021921880543231964,0.02629690431058407,0.038011071458458896,0.06886389069259162,0.08102257549762726,64,
2b62f0fd336e5ce1,V1_candidate_KNN,0.027174473431238022,0.03183036303466452,0.05650274294461396,0.1381308720806108,0.31444499119193314,0.46872008256311565,0.5251508701526135,0.5675400948721409,128,0.6171875
2b62f0fd336e5ce1,V2_IL_Q_to_R_KNN,0.012170298025012016,0.013129200786352158,0.01556647103279829,0.017933628521859646,0.021653924603015184,0.035316102765500526,0.08200467579066761,0.09233693033456802,128,
2b62f0fd336e5ce1,V2_candidate_KNN,0.013224749176857254,0.017283283537714782,0.03306059346837805,0.06726574328300429,0.19466425617440328,0.39373078589494653,0.48746386557271065,0.5565558643631661,192,
2b62f0fd336e5ce1,V2_Q_mahalanobis,1.6731937682060847,1.8463128004536034,2.221649980517628,2.5699413804445976,2.9182301438720204,3.645751617673093,4.203999976891605,4.711315251603662,128,
4521af05098b5726,V1_IL_self_KNN,0.03749120235443115,0.04456429500132799,0.05387443769723177,0.06290513649582863,0.0693580862134695,0.0841633629053831,0.11969624780118454,0.14577601850032806,64,
4521af05098b5726,V1_candidate_KNN,0.17663089064735665,0.22604510140469303,0.3142813107365943,0.44601675485888725,0.5177751097037273,0.8824316181846004,0.985427162298313,0.9923265202508279,128,1.0
4521af05098b5726,V2_IL_Q_to_R_KNN,0.03208417445421219,0.03737288061529398,0.04413739871233702,0.04964848421514034,0.06072850339114666,0.08878989480435846,0.10444622114300729,0.1059807762503624,128,
4521af05098b5726,V2_candidate_KNN,0.04084272350071022,0.0465057436563718,0.1830008327528762,0.29719131150176914,0.45145160323986766,0.8142107243846906,0.9513557082655963,0.9868623565521268,192,
4521af05098b5726,V2_Q_mahalanobis,1.8407610070825926,2.190064686680302,2.718897234996024,3.123721270633715,3.607927746806499,4.22413803276136,4.543541541716679,5.327114578321355,128,
4cf79f853daa5e18,V1_IL_self_KNN,0.022866055369377136,0.02570463055744767,0.03036767477169633,0.03315309248864651,0.03819462563842535,0.05761981345713138,0.09016167417168613,0.09916046261787415,64,
4cf79f853daa5e18,V1_candidate_KNN,0.10198043156986372,0.14888293388680615,0.18824044434464302,0.2336638793049951,0.32815841586852623,0.4117895033566014,0.46931031125774014,0.4856954612361076,128,1.0
4cf79f853daa5e18,V2_IL_Q_to_R_KNN,0.018427710980176926,0.02143183331936598,0.024246419314295053,0.027505087666213512,0.0338855991140008,0.04116168692708015,0.057911985777318487,0.061416469514369965,128,
4cf79f853daa5e18,V2_candidate_KNN,0.022006519910300854,0.025043516168158562,0.08473057854148981,0.15923704883809048,0.22154175377290622,0.3477434513308895,0.40269192197836023,0.44121124310802273,192,
4cf79f853daa5e18,V2_Q_mahalanobis,1.5224142287069231,2.041174737776989,2.459531424937652,2.789856403157353,3.052327114907897,3.5065879816522085,4.579319413454954,4.62565535740815,128,
91c9748ec36d552e,V1_IL_self_KNN,0.021674608811736107,0.02546461746096611,0.029891167767345905,0.03475444205105305,0.04258319083601236,0.06180155407637356,0.09238979637622824,0.11648006737232208,64,
91c9748ec36d552e,V1_candidate_KNN,0.20486512311856347,0.22848843399775184,0.2768523644382252,0.3402915015970841,0.38486674447575975,0.45762433833036126,0.508697732548519,0.519960188617073,128,1.0
91c9748ec36d552e,V2_IL_Q_to_R_KNN,0.018578995019197464,0.02214157171547413,0.02588776219636202,0.029455367475748062,0.03368671890348196,0.04527978878468275,0.0524334865808487,0.06127459928393364,128,
91c9748ec36d552e,V2_candidate_KNN,0.021033104890234862,0.026926210990064474,0.09369519161850785,0.24222110350382337,0.3289714589211976,0.40982899527587197,0.4538739346776904,0.5295891444752739,192,
91c9748ec36d552e,V2_Q_mahalanobis,1.5638650922162594,1.7896091835489154,2.20591965501101,2.5093205643846677,2.7429347197616045,3.199070999472,3.6479915824757287,5.215818844282256,128,
b74282046c9b5e26,V1_IL_self_KNN,0.025619471445679665,0.026872081309556962,0.03140453528612852,0.035761281847953796,0.043195318430662155,0.05764104165136814,0.0659122812002897,0.07281507551670074,64,
b74282046c9b5e26,V1_candidate_KNN,0.046873170787642936,0.05326576508594516,0.07355919564630756,0.15906105368747386,0.481393984984794,0.8029894400737729,0.8490330736969461,0.8558786876351021,128,0.75
b74282046c9b5e26,V2_IL_Q_to_R_KNN,0.020045259967446327,0.024072061758488417,0.027691376861184835,0.030128714628517628,0.03454042598605156,0.05143836010247468,0.06133355665951968,0.08223023265600204,128,
b74282046c9b5e26,V2_candidate_KNN,0.02414825745257705,0.02729845083093888,0.04967068013591698,0.09481132877452977,0.30737069157361063,0.7720615125953946,0.8393290414196668,0.8660944168372909,192,
b74282046c9b5e26,V2_Q_mahalanobis,2.2339172515791605,2.4998244058716104,3.1674470964739934,3.6491753692564424,4.150053684273116,4.854565616841129,5.121919147478361,5.178362114677078,128,
9b2f62944222523c,V1_IL_self_KNN,0.02376495860517025,0.02607735339552164,0.030277138110250235,0.033491240814328194,0.04261424206197262,0.06685320287942886,0.08366900622844695,0.0861005038022995,64,
9b2f62944222523c,V1_candidate_KNN,0.04222440042055305,0.053086851296712124,0.06424983895695849,0.1531376661151153,0.5602436274667131,0.6176892569854634,0.6341220035410255,0.6366323903099076,128,0.6171875
9b2f62944222523c,V2_IL_Q_to_R_KNN,0.018869349732995033,0.020329405274242162,0.024413217324763536,0.028474808670580387,0.032256392762064934,0.045638556033372864,0.053706459514796745,0.06008263677358627,128,
9b2f62944222523c,V2_candidate_KNN,0.023030841036184375,0.02653601700760666,0.04951075907774405,0.10208679349125188,0.28477710548739266,0.5942507389027111,0.6131243963091633,0.6204068838315462,192,
9b2f62944222523c,V2_Q_mahalanobis,1.3326284983456915,1.7646683461147166,2.1110079718390202,2.598821908827632,2.93114375984476,3.5055797385910807,3.790639509247548,3.925339939580013,128,
b4e37918a3075f27,V1_IL_self_KNN,0.016084227710962296,0.017503328435122967,0.02048614341765642,0.023464242927730083,0.027581126429140568,0.045021814666688406,0.057237556800246225,0.059662215411663055,64,
b4e37918a3075f27,V1_candidate_KNN,0.03344481596028669,0.039696346449660844,0.0663761369573598,0.10395500397274582,0.30726965949144275,0.508937821841494,0.5403211151884066,0.5496413452282074,128,0.8125
b4e37918a3075f27,V2_IL_Q_to_R_KNN,0.015505176968872547,0.01658867048099637,0.0188100328668952,0.02136324066668749,0.023272023536264896,0.02969867158681153,0.038344352506101145,0.08492161333560944,128,
b4e37918a3075f27,V2_candidate_KNN,0.013841531322001574,0.01912797509568686,0.03663993502179459,0.07230295857746302,0.20392880369389735,0.42596143443310575,0.4999299160246805,0.5098321644028534,192,
b4e37918a3075f27,V2_Q_mahalanobis,1.3926659594972877,1.8811525466192247,2.2783676646838513,2.5154712016234138,2.865972871220989,3.468881376340364,3.6932910059180117,5.248548265653845,128,
172b3176b06c5658,V1_IL_self_KNN,0.022440586239099503,0.025684765446931122,0.027496518567204475,0.030965247191488743,0.03294456470757723,0.03765226490795612,0.05682272553443904,0.06949323415756226,64,
172b3176b06c5658,V1_candidate_KNN,0.10738113871616166,0.12895391207044002,0.1462830964424334,0.2334104299886498,0.4344342105437973,0.7129023117719812,0.748057767416398,0.757025227778391,128,1.0
172b3176b06c5658,V2_IL_Q_to_R_KNN,0.01917610689997673,0.0212000897154212,0.024340524803847075,0.026265941560268402,0.028160669375211,0.036543365009129046,0.056612358205020454,0.0627225935459137,128,
172b3176b06c5658,V2_candidate_KNN,0.02037660891131806,0.023637155683979116,0.07313185504785655,0.1491412230672348,0.28332019515007845,0.5539189419412547,0.6984791008527412,0.7175602621955565,192,
172b3176b06c5658,V2_Q_mahalanobis,2.0112187977788185,2.4648203979728884,2.884335967584665,3.2078468467531893,3.5159062935158967,4.100414422096593,4.640935503785459,4.776201043346189,128,
29c1d95389d45573,V1_IL_self_KNN,0.030045295134186745,0.0349565401673317,0.03878966812044382,0.04227164573967457,0.046752952970564365,0.060981036536395514,0.08695612587034701,0.0882241502404213,64,
29c1d95389d45573,V1_candidate_KNN,0.11209467771979978,0.12062822391234956,0.1302691654224651,0.16700602766170763,0.3968607627179892,0.5357059084519868,0.6291435748048511,0.6406441740198013,128,1.0
29c1d95389d45573,V2_IL_Q_to_R_KNN,0.027173299342393875,0.031509597040712836,0.03398311510682106,0.03674599900841713,0.03983848076313734,0.050385642424225795,0.06863884225487714,0.07998951524496078,128,
29c1d95389d45573,V2_candidate_KNN,0.026716514206878032,0.03394537001441938,0.08107227405032669,0.12037797014328364,0.2136474430683729,0.4310441720905271,0.5001894820508818,0.5808847847704446,192,
29c1d95389d45573,V2_Q_mahalanobis,1.8151572637537676,2.280522083815079,2.7971557138977206,3.0489205404253577,3.4346198725690735,3.9725976599249915,4.332684485148884,4.379749304108844,128,
03925cda82c35516,V1_IL_self_KNN,0.03457457944750786,0.03744841907173395,0.04806242883205414,0.054732268676161766,0.061533848755061626,0.08963930159807205,0.09998871386051177,0.10358797013759613,64,
03925cda82c35516,V1_candidate_KNN,0.14952270848892707,0.1652626052335955,0.220368066714191,0.26989033007168506,0.8869354644082582,1.4922572680645103,1.6228568219205195,3.1186065525419013,128,1.0
03925cda82c35516,V2_IL_Q_to_R_KNN,0.02937290444970131,0.03211760930716991,0.03741250094026327,0.04345995746552944,0.05127046164125204,0.0905424274504183,0.1334434594213963,0.17051038146018982,128,
03925cda82c35516,V2_candidate_KNN,0.03174916507173109,0.03910598329765532,0.1268028688476648,0.22411040569851126,0.6727631963337719,1.4033433848956702,1.9234150955756488,3.0984389424232974,192,
03925cda82c35516,V2_Q_mahalanobis,1.5096871797424487,1.9629050576526723,2.486645739953027,2.8898868263213036,3.3023505154538193,4.266370372192085,4.6846949652985455,4.787604569168782,128,
8f24138692dc51a0,V1_IL_self_KNN,0.02751573547720909,0.031570231355726716,0.03712902590632439,0.03935289941728115,0.04418364726006985,0.0685746520757675,0.07767868258059024,0.07926388084888458,64,
8f24138692dc51a0,V1_candidate_KNN,0.13847727574132027,0.17105602689551028,0.23937673466429513,0.3734430802497411,0.6216660293696494,0.9286885061603232,0.9871922352622077,1.0153862984350954,128,1.0
8f24138692dc51a0,V2_IL_Q_to_R_KNN,0.023192714899778366,0.024264414515346288,0.02732515474781394,0.03224731981754303,0.0386746097356081,0.05511931907385585,0.0699561479687691,0.08127380907535553,128,
8f24138692dc51a0,V2_candidate_KNN,0.019258714122554494,0.02768289649202475,0.14360376645720274,0.25318447014817014,0.42498552820358476,0.8564005925939743,0.934155320071518,0.9725165005052461,192,
8f24138692dc51a0,V2_Q_mahalanobis,1.71164173583394,2.230228341610396,2.672372512341909,3.0389250859454773,3.429145626535445,4.073013622790866,4.368067848425751,4.450013170482494,128,
e4bc6fc5aeb15a9b,V1_IL_self_KNN,0.033490926027297974,0.03440664354711771,0.0411133524030447,0.04566027782857418,0.05060697440057993,0.08090970106422901,0.10073036305606359,0.11511345207691193,64,
e4bc6fc5aeb15a9b,V1_candidate_KNN,0.21213974941160307,0.28863835797447207,0.3431158355687911,0.425771781057643,0.5074551919104816,1.8150498607898358,1.8981003342394929,2.0068745815235287,128,1.0
e4bc6fc5aeb15a9b,V2_IL_Q_to_R_KNN,0.027383605018258095,0.02938662385568023,0.03276418801397085,0.03831257112324238,0.044493550434708595,0.06502387709915636,0.10231464110314854,0.11110778898000717,128,
e4bc6fc5aeb15a9b,V2_candidate_KNN,0.02786017139032314,0.034420956985698394,0.16305790276457105,0.2778372686030559,0.41127311332400257,1.6476576716992575,1.8557339512457673,1.9166037743828812,192,
e4bc6fc5aeb15a9b,V2_Q_mahalanobis,1.6809980135898557,1.9971371396114768,2.4797937976657116,2.8294486596928135,3.1644882314767866,3.7916658963798,4.135209865514148,4.309615005447021,128,
58e62444275353ac,V1_IL_self_KNN,0.022035881876945496,0.024018806405365467,0.026870607864111662,0.0306072561070323,0.04018803779035807,0.05133750457316637,0.06876216471195219,0.07281764596700668,64,
58e62444275353ac,V1_candidate_KNN,0.05922403724048029,0.06310725453282404,0.08341074326237317,0.14070404753964233,0.3586127204976578,0.4855018650046937,0.5488136730990073,0.5582759360907475,128,0.828125
58e62444275353ac,V2_IL_Q_to_R_KNN,0.019695919007062912,0.023291787877678872,0.026238391175866127,0.02965090610086918,0.03510122373700142,0.059891711547970704,0.08935752749443054,0.1125989779829979,128,
58e62444275353ac,V2_candidate_KNN,0.019416327956016784,0.02634934056454958,0.05734478681436111,0.08457403756377513,0.22516633520449064,0.46368355886096513,0.515400766518148,0.5462831766113456,192,
58e62444275353ac,V2_Q_mahalanobis,2.1032722272255233,2.2902162875366234,2.894348400618841,3.246069821823501,3.623961687222978,4.063158991572197,4.708364164273706,4.8203011385218995,128,
b4929fe228725c94,V1_IL_self_KNN,0.018167896196246147,0.02139813108369708,0.02579525811597705,0.030491161160171032,0.037923770025372505,0.06151365116238588,0.09358883790671811,0.12923915684223175,64,
b4929fe228725c94,V1_candidate_KNN,0.05532952901203105,0.06203237858543102,0.11211176274849677,0.1340963871194925,0.8635124365929392,1.216064672664531,1.2447050411245228,1.2606907519994832,128,0.5234375
b4929fe228725c94,V2_IL_Q_to_R_KNN,0.015598809346556664,0.017486936692148448,0.021625906694680452,0.0250945333391428,0.03177416231483221,0.04726233407855033,0.06645148359239104,0.10810969024896622,128,
b4929fe228725c94,V2_candidate_KNN,0.014804376215510933,0.022283263283714487,0.0490287830658733,0.10610708678657679,0.48793247425830116,1.10127386524237,1.2146635518340823,1.2332818532558976,192,
b4929fe228725c94,V2_Q_mahalanobis,1.2566496890427272,1.6487533259554479,2.1290567818144583,2.4756304329741416,2.922446263784347,3.5222557460542654,4.024144158261497,4.186318207599084,128,
9703fd67a8ba55e3,V1_IL_self_KNN,0.02717503346502781,0.029578731022775175,0.03737424872815609,0.045864423736929893,0.05619549099355936,0.07218996547162533,0.07827859990298745,0.08643634617328644,64,
9703fd67a8ba55e3,V1_candidate_KNN,0.12651820533995045,0.17693798049632115,0.2116289079851829,0.24313090492392725,0.46704221960096526,0.5156798156130667,0.558332563783456,0.668185484117478,128,1.0
9703fd67a8ba55e3,V2_IL_Q_to_R_KNN,0.022743623703718185,0.026333043817430735,0.030127799604088068,0.034915175288915634,0.04282854776829481,0.0632109653204679,0.0774229134619236,0.09529600292444229,128,
9703fd67a8ba55e3,V2_candidate_KNN,0.02321201545242521,0.033566731033572834,0.11350561544224114,0.1962318222387326,0.28484305189847003,0.48912674725399646,0.520993785373709,0.6432207667157369,192,
9703fd67a8ba55e3,V2_Q_mahalanobis,1.614881480419832,1.9961710380228677,2.4504001463448954,2.8084567623985306,3.177974504886504,3.9981313444470494,4.572754615163335,5.129911355417985,128,
21ef5641389c54b2,V1_IL_self_KNN,0.027663882821798325,0.03030129112303257,0.03482114244252443,0.039521198719739914,0.04579877573996782,0.06600261162966486,0.07401964478194711,0.07803813368082047,64,
21ef5641389c54b2,V1_candidate_KNN,0.25465533927423695,0.3517656366562293,0.3946798015085724,0.4726931302623315,0.731629452935701,0.8841942979385327,1.0240677795873088,1.1185702980712793,128,1.0
21ef5641389c54b2,V2_IL_Q_to_R_KNN,0.0260490532964468,0.02680710153654218,0.03188474290072918,0.03508419543504715,0.04181532934308052,0.05273681562393903,0.06132876738905907,0.10780587047338486,128,
21ef5641389c54b2,V2_candidate_KNN,0.026090958201572628,0.03366693206428958,0.17565089518789803,0.34407312606848034,0.47219388416602226,0.7412497099993076,0.9803469363822278,1.096426830868628,192,
21ef5641389c54b2,V2_Q_mahalanobis,1.4204765293426271,1.9005988507674845,2.4366058396569508,2.83138030436752,3.209846974170429,3.6714557447129144,3.906652986710663,4.223986805338141,128,
1672f5b30038519f,V1_IL_self_KNN,0.029103988781571388,0.034837059862911704,0.038926199078559875,0.043555404990911484,0.04823255818337202,0.05840180646628141,0.08377597697079181,0.08691390603780746,64,
1672f5b30038519f,V1_candidate_KNN,0.20096603065392027,0.24438918532549014,0.3018319523685493,0.3687328649677366,0.4754404993755063,0.9687294690076003,1.102150581307296,1.213663583210592,128,1.0
1672f5b30038519f,V2_IL_Q_to_R_KNN,0.020856987684965134,0.027713262103497983,0.03131481073796749,0.03479816019535065,0.043106576427817345,0.05784064568579196,0.07690616041421897,0.09094864130020142,128,
1672f5b30038519f,V2_candidate_KNN,0.026280695337037335,0.03242034722030557,0.16855457862043519,0.2803612403028719,0.3937755666725105,0.8663921022779736,1.0644907993191102,1.1895467256485937,192,
1672f5b30038519f,V2_Q_mahalanobis,1.9705194355894757,2.3461003205635595,2.9647434689771064,3.254228112958776,3.617652837255181,4.118014323096291,4.531043116323219,4.919341264888174,128,
50865b0784fc566d,V1_IL_self_KNN,0.028530564159154892,0.030966632440686225,0.03456874191761017,0.041259393095970154,0.04546475596725941,0.05913963206112385,0.08322372101247306,0.09441284090280533,64,
50865b0784fc566d,V1_candidate_KNN,0.1589489930538856,0.25964013175654715,0.33794065330906486,0.42779567057349155,0.48137990102596917,0.5791269778186239,0.6225024864158104,0.6330230792615295,128,1.0
50865b0784fc566d,V2_IL_Q_to_R_KNN,0.02502508834004402,0.02861603833734989,0.03292030934244394,0.03600514680147171,0.040184550918638706,0.049994032643735406,0.06498015809804207,0.06965209543704987,128,
50865b0784fc566d,V2_candidate_KNN,0.026316455255943692,0.03565279563338946,0.11982955266644554,0.23822145746234552,0.37851258924319603,0.5159772482711237,0.582677170513254,0.604531353341298,192,
50865b0784fc566d,V2_Q_mahalanobis,1.8710525327683092,2.2952683057606924,2.75812664356521,3.049476566827737,3.586927005860439,4.2519902830599845,4.833895011189893,5.109269830674893,128,
a4cf3a412034565a,V1_IL_self_KNN,0.027758007869124413,0.029872720409184695,0.03468444012105465,0.040832120925188065,0.056637417525053024,0.07458615824580192,0.08119403675198554,0.08183766901493073,64,
a4cf3a412034565a,V1_candidate_KNN,0.14843568179527183,0.17772845033577395,0.5251700191821221,0.6276946185963346,0.7414647874903872,0.7869840652298461,0.8826430303023348,0.8896045895674469,128,1.0
a4cf3a412034565a,V2_IL_Q_to_R_KNN,0.01895592175424099,0.025327050033956765,0.028174392879009247,0.03224680386483669,0.038496813736855984,0.05626821573823689,0.09676799573004254,0.1057206392288208,128,
a4cf3a412034565a,V2_candidate_KNN,0.022683895843162636,0.02989616319062753,0.1647211668550468,0.4338649428677928,0.6549585524789241,0.7531669830012894,0.810471317887224,0.9407491301386595,192,
a4cf3a412034565a,V2_Q_mahalanobis,1.4328573210481594,1.8663958549539674,2.385221066389448,2.7643617914107983,3.143973805314622,3.932972860137665,6.146700632248267,7.17211235635667,128,
1295232b65bf5f8d,V1_IL_self_KNN,0.02969694510102272,0.032404633983969686,0.03640965186059475,0.042830007150769234,0.050955755636096,0.06951556019484996,0.10073585018515581,0.11513175815343857,64,
1295232b65bf5f8d,V1_candidate_KNN,0.13081098545830477,0.14864618328629553,0.17678842920723625,0.21418244051628282,0.47516912006091583,0.6178261977137001,0.7120965746057523,0.7314412785601506,128,1.0
1295232b65bf5f8d,V2_IL_Q_to_R_KNN,0.024310823529958725,0.027357244584709405,0.030957704409956932,0.03589833714067936,0.04211229644715786,0.06420382745563982,0.07939242273569108,0.08822286874055862,128,
1295232b65bf5f8d,V2_candidate_KNN,0.026887222679857152,0.03327891469270125,0.10116077429696055,0.20358617962458814,0.3145050572157985,0.541025370331801,0.6102684471649098,0.689272297119497,192,
1295232b65bf5f8d,V2_Q_mahalanobis,1.731683280870265,2.049008574791032,2.537363930995741,2.9344994722724165,3.22328564066008,3.626367690557641,3.8840345992779874,3.907995685601192,128,
7ecb22e3bba55b12,V1_IL_self_KNN,0.022611243650317192,0.023312782775610684,0.029126896988600492,0.03445868007838726,0.04535606689751148,0.05940066687762737,0.07091011375188827,0.07296521961688995,64,
7ecb22e3bba55b12,V1_candidate_KNN,0.1430062124645966,0.2542309149323609,0.2882591878298585,0.3483563590761253,0.8385226354636565,1.8200738624980872,2.012765038376019,4.827837352385261,128,1.0
7ecb22e3bba55b12,V2_IL_Q_to_R_KNN,0.017975321039557457,0.022592593263834716,0.025739886332303286,0.02947868872433901,0.03428661171346903,0.04707052670419216,0.049257214441895486,0.05788452550768852,128,
7ecb22e3bba55b12,V2_candidate_KNN,0.01744388767045616,0.025753327594146013,0.1560636376929955,0.23053163942837812,0.7473496734828746,1.780059104156803,2.9823568644478122,4.8193995534231835,192,
7ecb22e3bba55b12,V2_Q_mahalanobis,1.7027997364699978,2.0546189933617103,2.5296890322317642,2.8410362496817028,3.2679579992436913,3.706103692077782,3.9266725834561456,3.9847055806463914,128,
6b7469c8e2195492,V1_IL_self_KNN,0.017100950703024864,0.01889786999672651,0.02234297338873148,0.02557104453444481,0.03008357435464859,0.03945064209401607,0.04266812793910503,0.0431261882185936,64,
6b7469c8e2195492,V1_candidate_KNN,0.06521267437694804,0.0736133940889319,0.12280738434111019,0.16659545370448547,0.21228617196557617,0.39897540689751804,0.4150845592930107,0.45234392264652235,128,1.0
6b7469c8e2195492,V2_IL_Q_to_R_KNN,0.01324089802801609,0.015878526959568262,0.019197286572307348,0.021878337487578392,0.02548190951347351,0.03595398850739002,0.059819379672408204,0.06904586404561996,128,
6b7469c8e2195492,V2_candidate_KNN,0.016557643467472297,0.019163026350460514,0.058560813339173165,0.10036881475886426,0.17600141297491417,0.3800710808865543,0.4161177183443422,0.461891328633046,192,
6b7469c8e2195492,V2_Q_mahalanobis,1.567339506785097,2.048674583027567,2.4415693060120613,2.7453121690766062,3.152571624274871,3.8909309804153245,4.186925395241127,4.327025506518366,128,
5ed66db305a55f73,V1_IL_self_KNN,0.016174977645277977,0.018178147450089454,0.022602164186537266,0.026807035319507122,0.03289413824677467,0.044207960925996305,0.05037303350865838,0.059090495109558105,64,
5ed66db305a55f73,V1_candidate_KNN,0.06095532885361397,0.0679524553113096,0.10000393703760478,0.1188504367576241,0.7443490179160366,0.970138780452201,1.0331639403110617,1.0729643253225472,128,1.0
5ed66db305a55f73,V2_IL_Q_to_R_KNN,0.01375541090965271,0.015610455675050617,0.01880711456760764,0.021684899926185608,0.02513410709798336,0.03332295957952737,0.0583026004210115,0.11626984924077988,128,
5ed66db305a55f73,V2_candidate_KNN,0.014716889768067981,0.01776019457590657,0.059228314386201485,0.11524670322717429,0.43300071338941665,0.8384844782630538,0.955530194815765,1.0321363516911184,192,
5ed66db305a55f73,V2_Q_mahalanobis,1.7115975714317366,1.8861434219839797,2.2672829496680973,2.5212635128985905,2.938930682528315,3.597310546769077,4.070290291743453,4.444703611309074,128,
0b8065082f3a5b3b,V1_IL_self_KNN,0.022157441824674606,0.02672560652717948,0.032780079171061516,0.03842749446630478,0.04410317912697792,0.06562893614172935,0.06853397391736507,0.06881875544786453,64,
0b8065082f3a5b3b,V1_candidate_KNN,0.0597834584007119,0.07142398045082896,0.09514451016158564,0.12332977423357089,0.32616505438191823,0.4252501881283,0.4526064598664209,0.6182294309138436,128,0.96875
0b8065082f3a5b3b,V2_IL_Q_to_R_KNN,0.01946517825126648,0.023595608584582806,0.02710694493725896,0.03081549610942602,0.0376260532066226,0.054026445373892756,0.06250901136547328,0.08689829707145691,128,
0b8065082f3a5b3b,V2_candidate_KNN,0.02095939309036259,0.025999821088256436,0.049642018384582334,0.08230542331727723,0.18764825029664303,0.3771047241593598,0.4119001310825783,0.4382673875845911,192,
0b8065082f3a5b3b,V2_Q_mahalanobis,1.7187864910147435,1.933246091549832,2.3297886861635932,2.7526267138270786,3.0845747418604104,3.664744276250122,3.930530731077049,3.984864229476502,128,
40d00a52b5345430,V1_IL_self_KNN,0.015333088114857674,0.01689103078097105,0.020926615223288536,0.02617853879928589,0.03287061955779791,0.0480307288467884,0.06838329754769792,0.0920218825340271,64,
40d00a52b5345430,V1_candidate_KNN,0.06103624217682478,0.07123485623716395,0.10507678441137612,0.17631494434269515,0.2714667411748058,0.42526231892350264,0.47211463635850665,1.0905295318338415,128,0.8125
40d00a52b5345430,V2_IL_Q_to_R_KNN,0.012240702286362648,0.013926489045843482,0.016219050157815218,0.018062139861285686,0.020947919227182865,0.03250573659315702,0.06019933283329014,0.08108119666576385,128,
40d00a52b5345430,V2_candidate_KNN,0.014713188394118809,0.017743961948343042,0.04540858002464979,0.10754458643857358,0.21241738152920764,0.3738048137241474,0.44295053199652124,1.0666405153523097,192,
40d00a52b5345430,V2_Q_mahalanobis,1.278567789689879,1.4868555793427294,1.953278353368376,2.3563952625245776,2.604195526140066,3.2262768651967244,3.4150180208917487,3.77920587013678,128,
2c274b54e82b55e7,V1_IL_self_KNN,0.024192938581109047,0.02590464474633336,0.03027847781777382,0.035770706832408905,0.03911374323070049,0.05483315177261828,0.12926701806485624,0.2003599852323532,64,
2c274b54e82b55e7,V1_candidate_KNN,0.09597514206431904,0.10592679872720823,0.12265660551305477,0.144557420193678,0.30748692650570564,0.38960907028376135,0.48500852284436263,1.6975850767028902,128,0.421875
2c274b54e82b55e7,V2_IL_Q_to_R_KNN,0.02150397002696991,0.02278602821752429,0.025838992558419704,0.02891910821199417,0.03565795347094536,0.05054565630853176,0.061187781393528,0.08332692831754684,128,
2c274b54e82b55e7,V2_candidate_KNN,0.022631323776985984,0.02849702976109059,0.068191987958229,0.11226631370514097,0.2164329158517502,0.3557158251724861,0.42097952566933355,0.5120150706952591,192,
2c274b54e82b55e7,V2_Q_mahalanobis,1.3134778481452822,1.8373291718929585,2.480871385822976,2.7877775325463334,3.175989532025392,3.7346623057240005,4.188446706672124,4.341893599480208,128,
2f7f18f806515128,V1_IL_self_KNN,0.03229064121842384,0.033356630243360996,0.040032546035945415,0.04705376923084259,0.05778039526194334,0.07879970520734782,0.1362098214030263,0.2062082588672638,64,
2f7f18f806515128,V1_candidate_KNN,0.05907306404042926,0.06293938905030863,0.09845901076176353,0.1677237881313282,0.2808384233619387,0.49854655917801827,0.5625254516924998,0.5802711607891368,128,0.375
2f7f18f806515128,V2_IL_Q_to_R_KNN,0.022687407210469246,0.027239741384983064,0.03235841728746891,0.03752508759498596,0.044801026582717896,0.06025443486869335,0.0823519690334797,0.10954320430755615,128,
2f7f18f806515128,V2_candidate_KNN,0.029769405310510033,0.033561762834946565,0.0598084761589488,0.10764498322002772,0.20518661695919643,0.4792319597413459,0.5532897070985788,0.5766700212238273,192,
2f7f18f806515128,V2_Q_mahalanobis,1.5394113380730565,1.9862748943218034,2.4134099810609144,2.9293253547507074,3.2615341573356775,4.255377551409956,5.013266825496997,5.217044276847016,128,
daaed109e7eb5f66,V1_IL_self_KNN,0.020284753292798996,0.021909614000469445,0.023765808437019587,0.026747961528599262,0.03540525399148464,0.050682125613093335,0.08438401930034153,0.10407692193984985,64,
daaed109e7eb5f66,V1_candidate_KNN,0.3128146848554767,0.3297188094510432,0.3684842112250764,0.6799382217451014,0.893884231504457,0.9508802971286692,0.9693797261952072,0.9752264019104462,128,1.0
daaed109e7eb5f66,V2_IL_Q_to_R_KNN,0.01580425724387169,0.018041571602225304,0.021329565439373255,0.024461250752210617,0.02838794467970729,0.04076272454112767,0.05015348419547082,0.07631723582744598,128,
daaed109e7eb5f66,V2_candidate_KNN,0.01834162301085444,0.02213066819836336,0.18827026597329383,0.35802696387030175,0.6542741224886772,0.9027586104034958,0.9206267152887824,0.9362373853805745,192,
daaed109e7eb5f66,V2_Q_mahalanobis,1.7073788363339342,1.8928938507787414,2.3675517073229693,2.696877862804723,3.0213801605949278,3.6290915926937184,4.079466440123653,5.154725209881741,128,
de9806cb0a2c53a3,V1_IL_self_KNN,0.02179139293730259,0.023575609549880028,0.02710942132398486,0.030988826416432858,0.03616995271295309,0.08275006562471382,0.12754986442625518,0.1378471404314041,64,
de9806cb0a2c53a3,V1_candidate_KNN,0.07139668327619318,0.10289732039119356,0.1254724081505793,0.17377370315340307,0.20545902188125714,0.6173758632424512,0.6926674146315313,0.7800050558037828,128,0.6640625
de9806cb0a2c53a3,V2_IL_Q_to_R_KNN,0.018448546528816223,0.021745673101395368,0.02456349227577448,0.027773271314799786,0.03193365316838026,0.05913145784288642,0.10590779937803754,0.17781437933444977,128,
de9806cb0a2c53a3,V2_candidate_KNN,0.020788948294935314,0.027268075905590567,0.07567173190374232,0.12021033069390631,0.18412052597607984,0.5980130110987412,0.71169788462762,0.7680096611480629,192,
de9806cb0a2c53a3,V2_Q_mahalanobis,1.4648535115871548,1.807052617130618,2.23069191021491,2.5997002618978637,2.9765445424506978,3.5197300837321657,4.029022117699418,5.157214011334452,128,
cd3f3ec4f0dc515f,V1_IL_self_KNN,0.04874196648597717,0.05267540942877531,0.06186224799603224,0.07106918841600418,0.08203120715916157,0.12254630029201491,0.14664618194103232,0.16937541961669922,64,
cd3f3ec4f0dc515f,V1_candidate_KNN,0.3316749551145393,0.38372657538728866,0.4712307534511692,0.9447880211252664,1.0013057098406666,1.0701361305925479,1.1883901366818668,1.2143792531845268,128,1.0
cd3f3ec4f0dc515f,V2_IL_Q_to_R_KNN,0.04061242938041687,0.0485985578969121,0.05559483449906111,0.062471481040120125,0.07164989411830902,0.09776915609836577,0.12632663398981095,0.18141582608222961,128,
cd3f3ec4f0dc515f,V2_candidate_KNN,0.048558961641327524,0.0560581594707662,0.22134654582215416,0.4269614578806049,0.924530374480269,1.0091649279244401,1.1399248927556065,1.214400456765442,192,
cd3f3ec4f0dc515f,V2_Q_mahalanobis,1.9183715646598376,2.4040144750082915,2.9359845798193094,3.2378262930039576,3.5874792205603008,4.182749997357718,4.733767652640829,4.999450323832678,128,
481b84c931245f5d,V1_IL_self_KNN,0.04308785870671272,0.04750014487653971,0.054490646347403526,0.06286851689219475,0.07362677156925201,0.1010405335575342,0.1484078773856162,0.17479151487350464,64,
481b84c931245f5d,V1_candidate_KNN,0.09929120610946876,0.16922964079462177,0.2131342452260629,0.32298027350899794,0.5741247956472298,1.6712606553594715,1.772512575368443,1.7944580635559504,128,0.9296875
481b84c931245f5d,V2_IL_Q_to_R_KNN,0.03487858176231384,0.039760831743478775,0.04662879463285208,0.054327741265296936,0.06669746898114681,0.09667086489498615,0.13405460111796863,0.17147019505500793,128,
481b84c931245f5d,V2_candidate_KNN,0.035253492692762026,0.04931005091934109,0.14100456406358897,0.22048024437213626,0.42520972229691845,1.5422339643590133,1.6807339054139914,1.7465528702954827,192,
481b84c931245f5d,V2_Q_mahalanobis,2.076438295505801,2.296433284125073,2.741358293684234,3.0486823436748685,3.4410118532538965,3.9341597150360523,4.210369550433443,4.669013108362292,128,
6aeb37c47f385f06,V1_IL_self_KNN,0.03324246406555176,0.03469827510416508,0.04039327800273895,0.04715367406606674,0.05448924843221903,0.07510781735181808,0.09408762484788895,0.0947459489107132,64,
6aeb37c47f385f06,V1_candidate_KNN,0.10610964188524677,0.11546418587905766,0.13167457135898306,0.15372233589416817,0.3003123799522143,0.68325676710258,0.7912077359029255,0.8813320207633625,128,1.0
6aeb37c47f385f06,V2_IL_Q_to_R_KNN,0.023403389379382133,0.027345795650035143,0.03230022918432951,0.03874874301254749,0.04763107746839523,0.0765655659139156,0.09090843558311466,0.16595569252967834,128,
6aeb37c47f385f06,V2_candidate_KNN,0.027492317151975143,0.0342590756207579,0.07554570274597736,0.12995468404789684,0.23544309165220345,0.6367947573266731,0.723101702977306,0.8741834720885524,192,
6aeb37c47f385f06,V2_Q_mahalanobis,1.4596679001358437,1.8307783062164604,2.453259816319796,2.871978182899655,3.298484821283929,4.23635893990805,5.029813373543794,5.398142132873677,128,
165b4475bd6b5188,V1_IL_self_KNN,0.019004106521606445,0.020190885476768016,0.023897864390164614,0.026149741373956203,0.03323077131062746,0.048063097149133656,0.06605085294693701,0.08513906598091125,64,
165b4475bd6b5188,V1_candidate_KNN,0.05702977253082433,0.06691926480192578,0.10043311437803767,0.13035050601929163,0.44544310592713676,0.724580829996216,0.834624712454025,0.8574596519421018,128,0.8359375
165b4475bd6b5188,V2_IL_Q_to_R_KNN,0.014877733774483204,0.01668977104127407,0.0211264593526721,0.022843589074909687,0.02560299914330244,0.03458586372435093,0.04427879221737385,0.06471046805381775,128,
165b4475bd6b5188,V2_candidate_KNN,0.014510502253753305,0.021207003998143202,0.048966077503256496,0.10214753345121097,0.3021670534346961,0.6111509717910915,0.7543828627129404,0.8187796270009216,192,
165b4475bd6b5188,V2_Q_mahalanobis,1.4928190839523097,1.7376896231282675,2.136195278263064,2.5831284900946914,2.925707060087447,3.410480702805226,3.5213553001378908,3.8893737048077437,128,
c5a1a4e21a4952b7,V1_IL_self_KNN,0.028453107923269272,0.031597410514950755,0.03798074834048748,0.04582623578608036,0.05050912871956825,0.06660037524998187,0.0872966186702251,0.09678144752979279,64,
c5a1a4e21a4952b7,V1_candidate_KNN,0.2789573987465432,0.31567403025118557,0.40259526194435713,0.4378752072860095,0.4579964600196543,0.49739681131828173,0.5381084270755431,0.5622574214664035,128,1.0
c5a1a4e21a4952b7,V2_IL_Q_to_R_KNN,0.022727061063051224,0.027132335491478442,0.03382462728768587,0.037586111575365067,0.04565586242824793,0.061216164939105484,0.08220516212284572,0.14112699031829834,128,
c5a1a4e21a4952b7,V2_candidate_KNN,0.02638516767238348,0.03261665034277071,0.12600177263712065,0.3106395009119809,0.4058913059310361,0.4678059811520262,0.5203835033041067,0.5879478312937338,192,
c5a1a4e21a4952b7,V2_Q_mahalanobis,1.7366954274201196,2.0993887305071484,2.625932288633288,3.0106714703803714,3.3256759631093056,4.226503829710103,4.692069434110974,4.741425997074793,128,
aac897560e0f5dab,V1_IL_self_KNN,0.02468927763402462,0.02782091684639454,0.03455014247447252,0.04109787568449974,0.048344590701162815,0.06417245380580423,0.07460145503282543,0.08453996479511261,64,
aac897560e0f5dab,V1_candidate_KNN,0.16392268880219912,0.21493981064498496,0.24282087771695834,0.26602853188794906,0.3548290532140575,1.127268039012456,1.2367629512331952,1.3017656220194056,128,1.0
aac897560e0f5dab,V2_IL_Q_to_R_KNN,0.023352863267064095,0.025361645221710204,0.029627172276377678,0.03296732157468796,0.04087900649756193,0.060887425579130634,0.07647790193557741,0.16058601438999176,128,
aac897560e0f5dab,V2_candidate_KNN,0.026287306352569283,0.0331057953379066,0.1146127467934964,0.18476064334257825,0.28106606325067457,0.889188321347635,1.0415309190505648,1.1149595051515235,192,
aac897560e0f5dab,V2_Q_mahalanobis,1.109372746330839,1.6893772318645688,2.1155436842034225,2.4219649719555507,2.877578961390843,3.363831311987071,4.353313463240291,4.577373192994561,128,
1e66e2bddb1d5b49,V1_IL_self_KNN,0.02883351407945156,0.03150153867900372,0.0365658039227128,0.042939282953739166,0.04679238796234131,0.058461591787636276,0.13255486920475934,0.19943247735500336,64,
1e66e2bddb1d5b49,V1_candidate_KNN,0.17528458621993911,0.2822489833107042,0.33506556246708846,0.4841031276489882,0.6126345256400065,0.6813713380725173,0.7162080223397557,0.7228284665952313,128,0.9921875
1e66e2bddb1d5b49,V2_IL_Q_to_R_KNN,0.02285316400229931,0.02635665498673916,0.030992879066616297,0.03476945124566555,0.04224419128149748,0.06125636342912911,0.08478916436433799,0.12812697887420654,128,
1e66e2bddb1d5b49,V2_candidate_KNN,0.022290014273736666,0.03248105280519544,0.14427556724853663,0.2441894462941689,0.446031610080251,0.5835783759287748,0.6029576645762801,0.626520557234711,192,
1e66e2bddb1d5b49,V2_Q_mahalanobis,1.612482491207328,1.8799586777679587,2.299890855205457,2.7402353833766933,3.21319464488974,4.004122077112064,4.24994216526093,4.809536611487179,128,
dfdc23aed4e95e49,V1_IL_self_KNN,0.01899736560881138,0.020098529756069183,0.023160648066550493,0.026472531259059906,0.035367743112146854,0.04667336717247961,0.052558818683028204,0.05621054768562317,64,
dfdc23aed4e95e49,V1_candidate_KNN,0.04894973885122132,0.0533403890263275,0.07215563990060939,0.10975999487341288,0.23851766933466365,0.511355618830411,0.5553464330015436,0.5647129508002131,128,0.890625
dfdc23aed4e95e49,V2_IL_Q_to_R_KNN,0.012774747796356678,0.01600529020652175,0.01904375059530139,0.02153453417122364,0.02562588406726718,0.045700686797499654,0.054136402122676376,0.05758306384086609,128,
dfdc23aed4e95e49,V2_candidate_KNN,0.014584901376294437,0.018341770550200195,0.0463978921831066,0.08011482501047182,0.18886589736571066,0.4843961409902537,0.5034880599968783,0.5234848228916784,192,
dfdc23aed4e95e49,V2_Q_mahalanobis,1.159486427197213,1.3134236278927138,1.8396133474557999,2.2204625903359565,2.612256871046506,3.2441932719688986,3.746399529765911,4.744159413720475,128,
49a1e581f3a35a49,V1_IL_self_KNN,0.01599596068263054,0.01699571795761585,0.020705381873995066,0.023202206008136272,0.026068671606481075,0.037930753454566,0.05303038630634545,0.057076238095760345,64,
49a1e581f3a35a49,V1_candidate_KNN,0.10861975891712738,0.14025957511865067,0.166176209420381,0.21260584929488868,0.2453659717502673,0.2823829114993356,0.31020209753721134,0.35619613426009133,128,1.0
49a1e581f3a35a49,V2_IL_Q_to_R_KNN,0.012482309713959694,0.014481022022664547,0.01694927830249071,0.018830198794603348,0.022006165236234665,0.03314916789531706,0.041404919698834426,0.058207593858242035,128,
49a1e581f3a35a49,V2_candidate_KNN,0.014543964346794874,0.017076343572410935,0.06853960676175017,0.12621268622964094,0.1854821589868907,0.25812760422874925,0.29114319549274964,0.32336231853768044,192,
49a1e581f3a35a49,V2_Q_mahalanobis,1.4178866900273874,1.6530346413419355,2.1123790957156237,2.412886229415327,2.8392656174628392,3.4621290974540506,5.2199360261191785,5.564036713950516,128,
9263d47ef82d5a88,V1_IL_self_KNN,0.028283357620239258,0.03016195259988308,0.033367463387548923,0.03810946270823479,0.04369029030203819,0.07354039587080471,0.09702879168093197,0.11666220426559448,64,
9263d47ef82d5a88,V1_candidate_KNN,0.6100155318190211,0.6319669849558373,0.8028686135118087,0.8496209483155712,0.892229118316111,1.384168663915455,1.5140133175163393,2.428362806499764,128,1.0
9263d47ef82d5a88,V2_IL_Q_to_R_KNN,0.02108129858970642,0.023533097468316555,0.028020722325891256,0.03152797184884548,0.03706683963537216,0.047029137238860125,0.05513462387025357,0.058903735131025314,128,
9263d47ef82d5a88,V2_candidate_KNN,0.02179867457497045,0.028566756808724666,0.3043779455607182,0.6583265963427355,0.8361682103087297,1.2362899634002282,1.442093218452911,1.4730646018730644,192,
9263d47ef82d5a88,V2_Q_mahalanobis,1.3961571407512856,1.7434396095949947,2.2801220109794897,2.628821387106999,2.9536796107035173,3.40292351539889,3.774046797962109,4.788035356588255,128,
c216554d4bd6519f,V1_IL_self_KNN,0.035988956689834595,0.039170374535024165,0.047855268232524395,0.05688722990453243,0.06814154796302319,0.09970132112503051,0.13368541032075879,0.14340496063232422,64,
c216554d4bd6519f,V1_candidate_KNN,0.17026937855176522,0.21446341742587274,0.24224159981530424,0.37528211564406255,0.46995841856733817,1.2356295351958937,1.2923931648550462,1.3493021028804455,128,1.0
c216554d4bd6519f,V2_IL_Q_to_R_KNN,0.03491641581058502,0.037543030269443986,0.04422851372510195,0.04939380846917629,0.05610234569758177,0.07821035571396351,0.08533870026469231,0.09665599465370178,128,
c216554d4bd6519f,V2_candidate_KNN,0.03540350793322661,0.04341856634104891,0.13415521523972765,0.21780877206948657,0.32855263413765684,0.9904707453338456,1.1365412176238938,1.1523526079500188,192,
c216554d4bd6519f,V2_Q_mahalanobis,1.6281676497328832,1.9917603012795573,2.4747421626889365,2.7437162320555064,3.0738356509117004,3.7256080001761127,4.161456762871935,4.582093796111641,128,
0354be0727e25157,V1_IL_self_KNN,0.025379881262779236,0.027867185324430464,0.035787444561719894,0.04167662188410759,0.04685812536627054,0.06121611036360263,0.0823783715814352,0.0839848518371582,64,
0354be0727e25157,V1_candidate_KNN,0.29067680944621355,0.37151461593553586,0.41508312654950597,0.4673651149956594,0.5681918367336087,0.7002534566819103,0.7549770106161031,0.7761720712897885,128,1.0
0354be0727e25157,V2_IL_Q_to_R_KNN,0.02414756268262863,0.026756346691399813,0.031163105741143227,0.03491845913231373,0.04070859495550394,0.05408401265740392,0.08076857879757887,0.08621014654636383,128,
0354be0727e25157,V2_candidate_KNN,0.026630338897638002,0.03066841274289385,0.15268467387050652,0.3494728197050155,0.4373687238967718,0.6291216951613725,0.7062448788382644,0.7337631566032625,192,
0354be0727e25157,V2_Q_mahalanobis,1.7012859012823183,2.1033162310319904,2.562930305237951,2.8715064799075583,3.2342589351326216,3.991122270737108,4.4984070396938565,6.23784845164299,128,
26dfdbfcecfe50bd,V1_IL_self_KNN,0.026678789407014847,0.029143728967756032,0.035913774743676186,0.040822505950927734,0.05471167340874672,0.07645848728716372,0.14457043468952144,0.23145785927772522,64,
26dfdbfcecfe50bd,V1_candidate_KNN,0.14678164149365763,0.18778364834102462,0.21454130731737098,0.28441739655961745,0.4487519810430752,0.7594875213852594,0.8187611873888623,0.896559267200977,128,0.65625
26dfdbfcecfe50bd,V2_IL_Q_to_R_KNN,0.022859783843159676,0.02649746332317591,0.029587350320070982,0.0332308653742075,0.03796714171767235,0.04821081217378378,0.062120668739080454,0.11894188821315765,128,
26dfdbfcecfe50bd,V2_candidate_KNN,0.02529794103732193,0.03191545401429796,0.1275298346015738,0.22723298044864082,0.35056187997981925,0.7451252444162552,0.8241334393223092,0.9304746668966036,192,
26dfdbfcecfe50bd,V2_Q_mahalanobis,1.9112973747600377,2.0602502864863577,2.391318696486612,2.701036328251052,3.0737321828094384,3.594107160053097,3.957639719134027,4.062843715463122,128,
cc3160abbcbb543a,V1_IL_self_KNN,0.044544048607349396,0.04791812691837549,0.05537236947566271,0.062338005751371384,0.07401175424456596,0.08475697301328182,0.10188982427120202,0.11698274314403534,64,
cc3160abbcbb543a,V1_candidate_KNN,0.33989563313563104,0.38631888943432674,0.5494699493403518,0.5841355798510137,0.6616123411856047,0.9022929732103703,1.0048727172999024,1.0770242104281056,128,1.0
cc3160abbcbb543a,V2_IL_Q_to_R_KNN,0.03671015053987503,0.040533771738409996,0.04708313662558794,0.05172538757324219,0.058273592963814735,0.06943494565784931,0.08426227614283566,0.10973876714706421,128,
cc3160abbcbb543a,V2_candidate_KNN,0.037998692398254964,0.048362900830083315,0.2204495370575349,0.4242260808949999,0.5693401163811049,0.7573334969666508,0.9280776377527729,1.029695865114836,192,
cc3160abbcbb543a,V2_Q_mahalanobis,2.0933621936165476,2.441976155285434,2.909610277688804,3.261485896016782,3.6949801203670827,4.163745118656629,5.031934812488334,5.127725022646238,128,
fc696e1d378654d4,V1_IL_self_KNN,0.02343594655394554,0.026040396466851235,0.029726942535489798,0.033959124237298965,0.038983916863799095,0.05329464320093392,0.062302034869790066,0.06470370292663574,64,
fc696e1d378654d4,V1_candidate_KNN,0.7482174815976305,0.8109297351527971,1.0610124407442463,1.803145718715523,1.861519335185287,1.9176032039974376,1.9570227523997794,1.973518837481367,128,1.0
fc696e1d378654d4,V2_IL_Q_to_R_KNN,0.019839409738779068,0.022353534772992133,0.026316529605537653,0.030795221216976643,0.034123542718589306,0.044274083152413365,0.059127568528056174,0.07640602439641953,128,
fc696e1d378654d4,V2_candidate_KNN,0.021028114678273303,0.026846555880640607,0.40931543412978294,0.9453686471234175,1.7538144069139643,1.8469466795495693,1.9103854829754237,1.9531133130816876,192,
fc696e1d378654d4,V2_Q_mahalanobis,1.743210026362293,2.1016638074125438,2.629783736593269,2.9366322169527717,3.2241946314950356,3.8466159483043767,4.4659125261232955,4.52623819433005,128,
3fa2f81cff025162,V1_IL_self_KNN,0.022681117057800293,0.027485276572406292,0.032733903266489506,0.03672746382653713,0.04365293122828007,0.05204201638698577,0.05662777259945867,0.062408287078142166,64,
3fa2f81cff025162,V1_candidate_KNN,0.13137905475651948,0.16543824530732423,0.17660152561024728,0.22993217848447234,0.3614747075774945,0.6449228805254368,0.7047642721810673,0.7340423060083985,128,1.0
3fa2f81cff025162,V2_IL_Q_to_R_KNN,0.01729169674217701,0.021593699231743813,0.02570499712601304,0.029494633898139,0.03354118764400482,0.040348340198397635,0.045369573459029214,0.05102316290140152,128,
3fa2f81cff025162,V2_candidate_KNN,0.019932741576262975,0.027084556327283203,0.09975962662086289,0.1746885351912224,0.2690070941020487,0.5724395985130196,0.6443145359336799,0.7042594400261691,192,
3fa2f81cff025162,V2_Q_mahalanobis,1.4706971059002394,1.8373359267129339,2.2432019624199353,2.5680771875788864,2.8680844524156854,3.3935172808098977,3.788387866470789,4.52193340293927,128,
1d0a4f1f6cbd5e38,V1_IL_self_KNN,0.015156721696257591,0.017389829829335214,0.01991084823384881,0.023811280727386475,0.028755773790180683,0.03642459753900766,0.0714344171434639,0.1198776513338089,64,
1d0a4f1f6cbd5e38,V1_candidate_KNN,0.05630593542520211,0.07510521800784402,0.12141759119607647,0.15766325318515734,0.21911378133987863,0.2569893404893673,0.2655352600041365,0.27770547489495795,128,0.765625
1d0a4f1f6cbd5e38,V2_IL_Q_to_R_KNN,0.013267668895423412,0.014053924987092615,0.01641869405284524,0.018311701714992523,0.021430526860058308,0.02910089893266558,0.04127111934125428,0.06413774937391281,128,
1d0a4f1f6cbd5e38,V2_candidate_KNN,0.01267785278660937,0.016853427641902303,0.05687365564762212,0.1026859322604545,0.15678408429258925,0.24720531303938562,0.26902355457674926,0.29943703541645006,192,
1d0a4f1f6cbd5e38,V2_Q_mahalanobis,1.0857766085908873,1.6838638777775916,2.1711968215454824,2.4666456089518354,2.747074072930559,3.39522911089749,3.5695331335422784,3.6744674593908573,128,
eff59f39f085525f,V1_IL_self_KNN,0.030024871230125427,0.033280692063272,0.038760956376791,0.042151907458901405,0.05526687577366829,0.07795211263000965,0.12457028493285152,0.18932369351387024,64,
eff59f39f085525f,V1_candidate_KNN,0.09077866470206447,0.11788985761113509,0.14600852384170585,0.20956292071799004,0.30441288024214086,0.5981036730273368,0.7571466510697263,0.8010396551824066,128,0.5703125
eff59f39f085525f,V2_IL_Q_to_R_KNN,0.02424684166908264,0.028761282656341793,0.03349374979734421,0.03884510695934296,0.043874217197299004,0.060880610719323144,0.07812431648373609,0.0899253711104393,128,
eff59f39f085525f,V2_candidate_KNN,0.026055269479412287,0.036123414728723144,0.09712127433897094,0.15207123044463353,0.25035634500143467,0.5441274101929297,0.6948757753363393,0.772820540323574,192,
eff59f39f085525f,V2_Q_mahalanobis,1.3596049930755296,1.8521089605152419,2.2728788422145665,2.638467347750207,3.0188489387945734,3.588685805295966,4.087715514931098,5.8626247120560375,128,
984be293f9195416,V1_IL_self_KNN,0.025064032524824142,0.02753831073641777,0.035035052336752415,0.04224497824907303,0.04868406616151333,0.06447023563086987,0.08776312343776224,0.09300954639911652,64,
984be293f9195416,V1_candidate_KNN,0.09198985957669685,0.15117095564872057,0.2035094257187139,0.2622864869736217,0.4576022971165932,0.5259790544586671,0.5631514488634719,0.5927318073807051,128,0.9921875
984be293f9195416,V2_IL_Q_to_R_KNN,0.02387387305498123,0.02563896831125021,0.030940879601985216,0.03558692894876003,0.04225866310298443,0.06577063985168934,0.08439128480851654,0.09083855897188187,128,
984be293f9195416,V2_candidate_KNN,0.027404298278503752,0.03348374004637829,0.10891619932915664,0.18630469449728193,0.27624216653744993,0.4899745053176839,0.53402033752732,0.548702775982221,192,
984be293f9195416,V2_Q_mahalanobis,1.421863598944976,2.404013985659656,2.773253140736146,3.173685554170585,3.490655720492656,4.149177645573631,4.651643296099825,5.230423320717188,128,
b235c02d47915476,V1_IL_self_KNN,0.02995271608233452,0.0333785654976964,0.03692300710827112,0.042702531442046165,0.053356993943452835,0.0653366934508085,0.09890945591032499,0.11574111878871918,64,
b235c02d47915476,V1_candidate_KNN,0.40776713807940224,0.5220332342005994,0.5511928759319924,0.5967568490770101,0.6751992638153956,1.5102853289750784,1.5837298476290118,3.2483106575931613,128,1.0
b235c02d47915476,V2_IL_Q_to_R_KNN,0.026452520862221718,0.03068303782492876,0.035241084173321724,0.04037864878773689,0.04646441154181957,0.05693746246397494,0.06787698112428191,0.06990526616573334,128,
b235c02d47915476,V2_candidate_KNN,0.030415564779431505,0.03513342612938675,0.2467233100222563,0.4625564770627253,0.56973625847228,1.3309665322227437,1.491889323669226,1.5430442374896685,192,
b235c02d47915476,V2_Q_mahalanobis,1.6327139882296242,2.1874543311945396,2.5826814438263126,2.897136690884476,3.1666625694698545,3.712627023860563,3.837848587669924,4.910714407186185,128,
3ac7810599d457a1,V1_IL_self_KNN,0.030986633151769638,0.03441798947751522,0.040551248006522655,0.04605836607515812,0.05306915007531643,0.059890155680477605,0.11082021996378896,0.11586669832468033,64,
3ac7810599d457a1,V1_candidate_KNN,0.07768733098585212,0.10458170389217882,0.1392018989172032,0.15212863587082712,0.19412728966041481,0.2932036927680628,0.31282476445432816,0.3368651094885567,128,0.859375
3ac7810599d457a1,V2_IL_Q_to_R_KNN,0.026814913377165794,0.030545709375292062,0.03504851087927818,0.04025381617248058,0.04829771164804697,0.06413690261542797,0.07440630942583086,0.08182929456233978,128,
3ac7810599d457a1,V2_candidate_KNN,0.027698366152174414,0.03605234621665995,0.0707832499339681,0.12164937361050268,0.16304002776768128,0.26510242860799865,0.30853595229145575,0.343354557281637,192,
3ac7810599d457a1,V2_Q_mahalanobis,1.55558825967867,2.0942553519298537,2.474250100818225,2.8473976730269213,3.3138549070807577,3.829734254445878,4.2709230856527824,4.810496156598448,128,
682378d23c335e89,V1_IL_self_KNN,0.02576446533203125,0.026968427840620278,0.030683530494570732,0.03599369525909424,0.040954433381557465,0.057336481474339965,0.0813743358105421,0.08263572305440903,64,
682378d23c335e89,V1_candidate_KNN,0.09490730075478664,0.10454507630555242,0.18742602223245547,0.24073382575745458,0.7688277420408501,1.8520074824707893,1.9794473197853397,2.0622373878005864,128,1.0
682378d23c335e89,V2_IL_Q_to_R_KNN,0.02017119526863098,0.022582550533115864,0.026071202009916306,0.029539629817008972,0.03558726329356432,0.05099706873297691,0.07745267949998381,0.09049675613641739,128,
682378d23c335e89,V2_candidate_KNN,0.020539782132603872,0.026755305049779653,0.1026244036584311,0.18820788341011796,0.5190005367266407,1.6210365219160436,1.8830335889962737,1.8935518521190429,192,
682378d23c335e89,V2_Q_mahalanobis,1.0498322493729755,1.935808355100322,2.3147333771572285,2.6562846582399997,3.002825936932541,3.5952291452758507,3.9990533619782034,4.442624747532701,128,
73b4b5fcc5e55858,V1_IL_self_KNN,0.023362666368484497,0.026366223115473986,0.03269709832966328,0.038320109248161316,0.049406157806515694,0.08582492582499979,0.10235304757952685,0.1164391040802002,64,
73b4b5fcc5e55858,V1_candidate_KNN,0.19260585054734292,0.20791397936887165,0.24217429646263683,0.28713304916553906,0.380685907786164,0.4568331572373414,0.4798727473350257,0.4855687584996228,128,1.0
73b4b5fcc5e55858,V2_IL_Q_to_R_KNN,0.02305431105196476,0.02562020756304264,0.02928613731637597,0.033150941133499146,0.03809913620352745,0.04764619041234255,0.0569498709216714,0.060237448662519455,128,
73b4b5fcc5e55858,V2_candidate_KNN,0.02249413883594163,0.02851950481662087,0.09340040057358996,0.20166579732365264,0.2775979474467869,0.38523551752963175,0.44591414354532694,0.509586927959759,192,
73b4b5fcc5e55858,V2_Q_mahalanobis,1.2147353853434038,1.5998458834012623,1.9468704722298344,2.2917178320398177,2.56992170663126,3.151631246378572,3.348970372075743,3.4292707335563204,128,
6f31d072740b5885,V1_IL_self_KNN,0.024956097826361656,0.02730393074452877,0.031738205812871456,0.03436555899679661,0.041861362755298615,0.06161164734512562,0.13107965320348736,0.1432632952928543,64,
6f31d072740b5885,V1_candidate_KNN,0.09571481388988516,0.20679101024972338,0.31193844467088666,0.35435936478946095,0.46006778421907496,0.6582064885426369,0.6827712440636303,0.7049960053900418,128,0.9921875
6f31d072740b5885,V2_IL_Q_to_R_KNN,0.022687459364533424,0.02493492066860199,0.028937955386936665,0.03262098878622055,0.0365841593593359,0.045865732803940774,0.04990145593881608,0.06850438565015793,128,
6f31d072740b5885,V2_candidate_KNN,0.02537508747329077,0.029895736691893424,0.08727528842344577,0.2290838837923802,0.33974343481552105,0.6093223536442539,0.6433618660816623,0.6648305541545113,192,
6f31d072740b5885,V2_Q_mahalanobis,2.0793129404302744,2.478582757729242,2.9124184983841728,3.218032430326359,3.603383332330812,4.155494300505295,4.424417780918941,4.476621183964448,128,
305b1bf4e7f45522,V1_IL_self_KNN,0.03650902956724167,0.03936679270118475,0.04317006655037403,0.04741756431758404,0.05947726592421532,0.09109396152198312,0.12268038406968106,0.14918038249015808,64,
305b1bf4e7f45522,V1_candidate_KNN,0.08963925513833315,0.16242420648454053,0.1984685579079478,0.2291510393099186,0.3889924725680371,0.5430741556790988,0.601964130559339,0.639475550515385,128,0.96875
305b1bf4e7f45522,V2_IL_Q_to_R_KNN,0.029296312481164932,0.031425495818257335,0.03681315016001463,0.041995944455266,0.05016492772847414,0.06785965599119663,0.0895570804178715,0.12321944534778595,128,
305b1bf4e7f45522,V2_candidate_KNN,0.027737205465334914,0.03879299265112252,0.1177533799136964,0.19435707009510308,0.2702197139133651,0.4763956465720224,0.579277357535635,0.6444448486489438,192,
305b1bf4e7f45522,V2_Q_mahalanobis,1.7138176003424022,2.093800980985082,2.728275692181212,3.2144419107224493,3.5687691973844498,4.018656388712564,4.338120646929776,4.416383204545193,128,
42d309d92a3a59c0,V1_IL_self_KNN,0.030101772397756577,0.03343716785311699,0.03801371902227402,0.04070032574236393,0.0496329702436924,0.07996378540992732,0.09558739580214021,0.10269652307033539,64,
42d309d92a3a59c0,V1_candidate_KNN,0.06236464451898428,0.07604893539886397,0.08311726453281813,0.1343566023105126,0.48420521294679747,0.7207357900147793,0.7366150760844802,0.7433476611897152,128,0.6171875
42d309d92a3a59c0,V2_IL_Q_to_R_KNN,0.025329086929559708,0.02921615680679679,0.03352299891412258,0.03696588985621929,0.04401328507810831,0.06010765973478555,0.06885468214750291,0.10536046326160431,128,
42d309d92a3a59c0,V2_candidate_KNN,0.02694839585085824,0.03370242722981898,0.06064669184543471,0.09029026992528866,0.28199546810599574,0.6710261220932849,0.7022308302788697,0.7127039958273492,192,
42d309d92a3a59c0,V2_Q_mahalanobis,1.7116265637154944,1.9920377036634351,2.449893950316154,2.7288175154114316,3.2090210204279632,3.6988756109140626,4.371671172994689,4.771436805496017,128,
af16ba268df55dca,V1_IL_self_KNN,0.025514742359519005,0.027375034894794224,0.030915248673409224,0.033650195226073265,0.03858182858675718,0.05539134442806239,0.10802750810980764,0.18746443092823029,64,
af16ba268df55dca,V1_candidate_KNN,0.215352455032356,0.23124363767926007,0.39222866276904483,0.4673063612829681,0.5849527188901946,0.6983159116323805,0.7536214958451465,0.8389599235304575,128,1.0
af16ba268df55dca,V2_IL_Q_to_R_KNN,0.02114272117614746,0.023938594665378333,0.02699071168899536,0.029971721582114697,0.03451218083500862,0.042604593001306056,0.06655969124287375,0.08888478577136993,128,
af16ba268df55dca,V2_candidate_KNN,0.021716356575669744,0.02747010528089025,0.1378788024492969,0.33715368967433235,0.4654663318788845,0.6505612965116063,0.6884240449902148,0.8029084865086844,192,
af16ba268df55dca,V2_Q_mahalanobis,1.8357879750884374,2.2429677707059237,2.5830643852981576,2.9623522615272657,3.30809460801976,3.7269568000002864,5.295169535536245,5.800863007664514,128,
2ae8ac90c0ae5c8d,V1_IL_self_KNN,0.034680478274822235,0.03556805104017258,0.04354789014905691,0.05232412740588188,0.05978998728096485,0.10133318789303301,0.12355088517069805,0.1509322226047516,64,
2ae8ac90c0ae5c8d,V1_candidate_KNN,0.11379676422938775,0.1253318039295489,0.16703767325446495,0.23254632806380082,0.47245491989802274,1.3495411214251123,1.4738888774426062,1.5213387352386702,128,0.8046875
2ae8ac90c0ae5c8d,V2_IL_Q_to_R_KNN,0.029399355873465538,0.03235552739351988,0.037317329086363316,0.042810194194316864,0.05254032742232084,0.07573829852044578,0.0948534370213747,0.17546211183071136,128,
2ae8ac90c0ae5c8d,V2_candidate_KNN,0.030082305422092587,0.038115050150240845,0.08722609725569784,0.16001262483252818,0.3636999863655843,1.1893501400261417,1.3632697479092009,1.4223773338466643,192,
2ae8ac90c0ae5c8d,V2_Q_mahalanobis,1.765210724396226,1.9778736381701614,2.527873200741349,3.0195435328379556,3.262331048183882,3.926468513680094,4.4592782654824346,4.822214949250511,128,
b512bc2c568d5b7a,V1_IL_self_KNN,0.023005172610282898,0.02441177787259221,0.027303007431328297,0.031008887104690075,0.03876571077853441,0.05752054695039985,0.07137482032179829,0.07865925878286362,64,
b512bc2c568d5b7a,V1_candidate_KNN,0.0738954179075855,0.09115815962095922,0.133147008330905,0.2381878432089549,0.31303613147918374,0.3761462851463582,0.4212314601302835,0.4709434769353356,128,0.9921875
b512bc2c568d5b7a,V2_IL_Q_to_R_KNN,0.015972942113876343,0.02011579116806388,0.02313958713784814,0.025069234892725945,0.029734226409345865,0.044370924122631536,0.05239705950021745,0.05894441157579422,128,
b512bc2c568d5b7a,V2_candidate_KNN,0.018178647658473285,0.023661462450763476,0.06206076027578904,0.12352190765831005,0.2169075292641335,0.3360174723298458,0.37262491723294955,0.38196603903810245,192,
b512bc2c568d5b7a,V2_Q_mahalanobis,0.9926025616672378,1.87777122177414,2.232496788876722,2.5957708087488776,2.8436677592263218,3.5172513610697873,3.989743317354262,4.080073006239223,128,
7405ff66092d51da,V1_IL_self_KNN,0.032446522265672684,0.03609350323677063,0.041911642998456955,0.045207979157567024,0.052887240424752235,0.06412821188569068,0.0912598847597837,0.10442358255386353,64,
7405ff66092d51da,V1_candidate_KNN,0.15696381009631127,0.21492198283200012,0.2936008538383357,0.4543092953765917,0.595612212074914,0.6157297081770581,0.6319957739762316,0.6503086310921763,128,1.0
7405ff66092d51da,V2_IL_Q_to_R_KNN,0.02846617065370083,0.031299627106636765,0.036332517862319946,0.04031870327889919,0.04557986278086901,0.06412128135561941,0.0819854874908924,0.13436506688594818,128,
7405ff66092d51da,V2_candidate_KNN,0.02612916702218232,0.03667887112691207,0.13140510735050315,0.26758911212200426,0.4696898290894281,0.5913694389445804,0.6299027903553395,0.703949896688815,192,
7405ff66092d51da,V2_Q_mahalanobis,1.411413295326865,1.9200787020573915,2.4030490916657246,2.719095594534,3.1453233612272617,3.6560478089488124,3.90678669486596,3.9610137536997603,128,
23724912b8f153f0,V1_IL_self_KNN,0.02561885677278042,0.030631542112678288,0.03419732488691807,0.03788250312209129,0.044535987079143524,0.0616012318059802,0.07104640305042265,0.07746686041355133,64,
23724912b8f153f0,V1_candidate_KNN,0.10506219580407469,0.15483725744209018,0.19724295392957092,0.21862076018178062,0.44758454308409046,0.7721753225963572,0.9083372265614149,0.9568124796246,128,1.0
23724912b8f153f0,V2_IL_Q_to_R_KNN,0.022533433511853218,0.025792738329619168,0.03035804582759738,0.035006046295166016,0.04176648333668709,0.05759073719382286,0.06740138672292234,0.08703945577144623,128,
23724912b8f153f0,V2_candidate_KNN,0.021898415914550023,0.03168760000749095,0.10881315820206866,0.17533167815510975,0.26855220311755423,0.562140186594907,0.8254625368056843,0.9109865033895174,192,
23724912b8f153f0,V2_Q_mahalanobis,1.5417690054899575,1.943961137025118,2.303819951697757,2.667594367877309,3.1288096605136593,3.5978644388604883,4.106051366847301,4.342564707709246,128,
6522fd9a31d25eb2,V1_IL_self_KNN,0.020681070163846016,0.02403624029830098,0.02840007981285453,0.031946152448654175,0.03632477205246687,0.056897965259850004,0.0650534539669752,0.06670553982257843,64,
6522fd9a31d25eb2,V1_candidate_KNN,0.04182008512037404,0.048101951217381644,0.06466480454378311,0.10716367875834465,0.4811122613895003,0.9357050045131274,1.014864365377537,2.2928096242799914,128,0.703125
6522fd9a31d25eb2,V2_IL_Q_to_R_KNN,0.018346982076764107,0.02103600148111582,0.02414625557139516,0.027010885067284107,0.02982189366593957,0.03668874874711037,0.046587294675409806,0.047329798340797424,128,
6522fd9a31d25eb2,V2_candidate_KNN,0.01870172339863835,0.02394639768358102,0.041290568593221055,0.07864896493332392,0.3792899770465392,0.873478312515035,1.4147362201219333,2.2720675604126477,192,
6522fd9a31d25eb2,V2_Q_mahalanobis,1.3138043625308815,1.564845689732348,2.1593592968643303,2.456877879767636,2.771295388662442,3.198460752446547,3.7980044723027793,4.022127329460956,128,
c6fcfafbbe7a59f8,V1_IL_self_KNN,0.0235464908182621,0.024545195046812296,0.026166768744587898,0.03027993720024824,0.039767601527273655,0.05275856405496596,0.07617184661328782,0.10028417408466339,64,
c6fcfafbbe7a59f8,V1_candidate_KNN,0.2603361838625625,0.3062598228040023,0.3592800809002645,0.3891393753723008,0.4730819498333228,1.0517720676021465,1.1284087483784775,1.1876457551709088,128,1.0
c6fcfafbbe7a59f8,V2_IL_Q_to_R_KNN,0.015128354541957378,0.01847588187083602,0.02202751161530614,0.024987826123833656,0.030084697529673576,0.04074452687054871,0.056079376488924054,0.06365492939949036,128,
c6fcfafbbe7a59f8,V2_candidate_KNN,0.017587277665132975,0.023119844994106502,0.15579015819651426,0.33949713818387,0.41232987497234097,0.9669814656440432,1.1066126864089707,1.1935114749988935,192,
c6fcfafbbe7a59f8,V2_Q_mahalanobis,1.2599314507329915,1.7991227429732213,2.277077324978812,2.6392385310495783,3.0674265113926236,3.5275895700630855,3.71581437694702,3.751749656970226,128,
5dbd0aba5f315388,V1_IL_self_KNN,0.01952379010617733,0.020450783241540194,0.025931118987500668,0.02949694823473692,0.03480838984251022,0.04548689462244508,0.07710139773786054,0.11220230907201767,64,
5dbd0aba5f315388,V1_candidate_KNN,0.15928685164707718,0.22642116591521308,0.2694895059698106,0.3171135804945724,0.37319241495541955,0.4395211636326257,0.45685535186683324,0.4701380868669835,128,1.0
5dbd0aba5f315388,V2_IL_Q_to_R_KNN,0.0140785351395607,0.016686030942946673,0.0197791769169271,0.023053769022226334,0.0274816257879138,0.03952482882887125,0.04552970327436925,0.046791691333055496,128,
5dbd0aba5f315388,V2_candidate_KNN,0.01660252802116808,0.02059906636161307,0.11108272965669773,0.19928344048286833,0.27833164538850197,0.41013963613884274,0.4392197842376149,0.4431175728460738,192,
5dbd0aba5f315388,V2_Q_mahalanobis,1.158371757768479,1.4630894083391295,1.825754645720807,2.113556562972234,2.442493983570882,2.8060050443583835,3.519434801312943,3.611051838151867,128,
958b596dd699594a,V1_IL_self_KNN,0.045107655227184296,0.053297312930226326,0.058602032251656055,0.06362468376755714,0.0748781319707632,0.10855920426547526,0.11932642117142678,0.11934013664722443,64,
958b596dd699594a,V1_candidate_KNN,0.20248161596880837,0.2363139640072586,0.4449080801154496,0.5784133334610293,0.6593682519058512,1.2666403039958847,1.3633975510804206,1.4390661844650945,128,1.0
958b596dd699594a,V2_IL_Q_to_R_KNN,0.03599017113447189,0.04281137958168983,0.05110025405883789,0.05855295620858669,0.06671545282006264,0.09510259777307509,0.11298374690115455,0.11999042332172394,128,
958b596dd699594a,V2_candidate_KNN,0.040710011018654166,0.05097316213308469,0.16096733868522567,0.3255181849887566,0.4776725729882251,0.9766131375038095,1.2293154263160955,1.3153591627829813,192,
958b596dd699594a,V2_Q_mahalanobis,1.1988776008779292,1.803097068713664,2.4667993361957836,2.7724127448532547,3.1684327142332505,3.682586113607577,4.0566817282226015,4.276375599024595,128,
350714230cb55761,V1_IL_self_KNN,0.036888595670461655,0.04144205693155527,0.04738285858184099,0.05289874039590359,0.060041382908821106,0.07813458107411857,0.11343082599341864,0.1268889605998993,64,
350714230cb55761,V1_candidate_KNN,0.16234212854338242,0.20873828444600923,0.26408781513210344,0.37755220823757396,0.4430344851321919,0.5249479917233965,0.5403799907530535,0.5512576066825026,128,1.0
350714230cb55761,V2_IL_Q_to_R_KNN,0.03164086863398552,0.03558865394443274,0.04193120636045933,0.04831473529338837,0.0555446483194828,0.07101344652473925,0.08332220859825615,0.11472515761852264,128,
350714230cb55761,V2_candidate_KNN,0.027303788451427023,0.03853280930965842,0.12305200069491809,0.23350317917103858,0.36619776230123136,0.48746739682219836,0.5212049559255043,0.5327506595455398,192,
350714230cb55761,V2_Q_mahalanobis,1.5466407205953845,1.9896757331968835,2.38807214366478,2.693797821726535,3.013442189858641,3.611643141907042,4.601431420551007,5.16754306911071,128,
775b0dd554395fa3,V1_IL_self_KNN,0.038234077394008636,0.041050884500145914,0.04735583905130625,0.055300138890743256,0.06448308192193508,0.08721125572919841,0.10477872066199777,0.11036141216754913,64,
775b0dd554395fa3,V1_candidate_KNN,0.23086883681454448,0.2835156453299056,0.43577297906824813,1.6899535244844075,1.8199808202303769,1.878191752362058,1.9007204537878715,1.903394366383813,128,1.0
775b0dd554395fa3,V2_IL_Q_to_R_KNN,0.029094696044921875,0.03377394806593657,0.040658432990312576,0.04719576798379421,0.05496921017765999,0.07276814244687557,0.09215089783072475,0.09791786223649979,128,
775b0dd554395fa3,V2_candidate_KNN,0.03199922421827512,0.040966943046711474,0.23095296654672576,0.4163888677934042,1.5769265194645472,1.741452316676632,1.776684137587703,1.787490518286381,192,
775b0dd554395fa3,V2_Q_mahalanobis,1.3183844501739876,1.7859201087263945,2.2160478268335018,2.475437535496563,3.00150550316674,3.4950975052689186,4.359293178029169,5.423263497228251,128,
635be215dc9d58c3,V1_IL_self_KNN,0.027813443914055824,0.02913708137348294,0.03329778462648392,0.0381323266774416,0.04922851640731096,0.07782429642975326,0.11820403411984443,0.12185478210449219,64,
635be215dc9d58c3,V1_candidate_KNN,0.059810443154593454,0.0812485771387621,0.11696923456007613,0.15334744041047266,0.36683131281020875,1.0667114529786206,1.2804620685214936,3.2182720713170596,128,0.734375
635be215dc9d58c3,V2_IL_Q_to_R_KNN,0.023966742679476738,0.025796990469098093,0.02900081593543291,0.03274860233068466,0.036749979481101036,0.04856215193867682,0.06153924766927958,0.06497297435998917,128,
635be215dc9d58c3,V2_candidate_KNN,0.021059453921442817,0.02762122657537773,0.06404610499420559,0.10014617525053245,0.31797254058212787,1.0255418249503214,1.9903490815386522,3.2064345488682795,192,
635be215dc9d58c3,V2_Q_mahalanobis,1.8784370739231862,2.162687546036223,2.452636087148535,2.7117612015936015,3.002894804772333,3.3886234376324964,3.47514841131102,3.903456593579918,128,
1499e758c6855a74,V1_IL_self_KNN,0.01542440615594387,0.0172997722402215,0.020489896647632122,0.024319621734321117,0.03044763393700123,0.041649829596281045,0.0545109361037612,0.0545734278857708,64,
1499e758c6855a74,V1_candidate_KNN,0.266208318026401,0.27911579267433856,0.4841100935817222,1.1028745975454508,1.2720434876358255,2.1836531887394868,2.5624350069436623,2.6023193777858267,128,1.0
1499e758c6855a74,V2_IL_Q_to_R_KNN,0.012144810520112514,0.015509236976504326,0.018220838624984026,0.021110955625772476,0.027101831510663033,0.044997471198439595,0.06426788255572323,0.07396896183490753,128,
1499e758c6855a74,V2_candidate_KNN,0.01473504264163011,0.01846873334047395,0.20343496802097838,0.49302951732337563,1.1867424035877885,1.6976486735575158,2.431130568101432,2.530821892794536,192,
1499e758c6855a74,V2_Q_mahalanobis,1.3882091263679677,1.7219792099930074,2.1482739164985434,2.4857282131570235,3.020806668108498,3.716143277361746,4.903673380866697,5.2434747229836995,128,
e9b0d4743b3f5256,V1_IL_self_KNN,0.07629308849573135,0.08152585104107857,0.09143649600446224,0.09757038205862045,0.10734808631241322,0.1376585304737091,0.16922940760850896,0.19195044040679932,64,
e9b0d4743b3f5256,V1_candidate_KNN,0.30861729811475835,0.3958648775065093,0.4448516595868636,0.615010559269848,0.836886000812358,1.0553094351870327,1.1313694115707176,1.1936193945316365,128,1.0
e9b0d4743b3f5256,V2_IL_Q_to_R_KNN,0.05938803032040596,0.07097140662372112,0.07956144958734512,0.0898532122373581,0.10168900713324547,0.12462692260742186,0.151566185951233,0.15938632190227509,128,
e9b0d4743b3f5256,V2_candidate_KNN,0.06759603854451768,0.08081247663742094,0.24566212585101024,0.4297766341317232,0.5926843353487437,0.8218221637072708,0.9518617324549918,1.0156652238241874,192,
e9b0d4743b3f5256,V2_Q_mahalanobis,1.8398914124637693,2.1449619578994863,2.6783939414868305,3.0193509332373116,3.5318342196783328,4.15237164038499,4.910148437164894,5.163404140340888,128,
3ff6652d6dec55da,V1_IL_self_KNN,0.012626169249415398,0.013173821475356817,0.016086312476545572,0.019481893628835678,0.02272293996065855,0.0344852590933442,0.052483369633555356,0.06620963662862778,64,
3ff6652d6dec55da,V1_candidate_KNN,0.04693686100135347,0.05601180259186877,0.07316856722775217,0.1783600308863011,0.2530734370114933,0.3921601692673177,0.4699785834245193,0.48685332890236993,128,0.8515625
3ff6652d6dec55da,V2_IL_Q_to_R_KNN,0.0103957150131464,0.011409962037578224,0.013026414904743433,0.015720365568995476,0.018377705942839384,0.031495512463152395,0.044350052364170583,0.054070282727479935,128,
3ff6652d6dec55da,V2_candidate_KNN,0.009487008640920235,0.013025480040735208,0.042726169338738705,0.07081848176129192,0.1752828600935698,0.30746530618022727,0.38360697695779666,0.45230541972569416,192,
3ff6652d6dec55da,V2_Q_mahalanobis,1.2250122926625588,1.5808476563005844,2.0057523685011125,2.30424771392481,2.8117914040593144,3.453096873851157,3.67623745160311,3.686978284859091,128,
3c30c0c940045ac2,V1_IL_self_KNN,0.02273973822593689,0.026666055247187615,0.03297088108956814,0.03777706064283848,0.045445180498063564,0.06303971428424117,0.08109446004033086,0.08943458646535873,64,
3c30c0c940045ac2,V1_candidate_KNN,0.06786678763218239,0.09964774990685522,0.12639605607745996,0.14824069221773278,0.7991868828777449,1.2964054667443403,1.3842575888164708,1.4889677790841553,128,0.984375
3c30c0c940045ac2,V2_IL_Q_to_R_KNN,0.021655265241861343,0.023601528350263835,0.026943789329379797,0.030837969854474068,0.03589685633778572,0.0521385323256254,0.05878303643316031,0.0951947420835495,128,
3c30c0c940045ac2,V2_candidate_KNN,0.023130136080022578,0.028587012144659404,0.07779327210227473,0.12954505000434946,0.529198615971922,1.2054522816573658,1.29841056679807,1.4725196262425828,192,
3c30c0c940045ac2,V2_Q_mahalanobis,1.3424344267789263,2.0046751660631044,2.4467830196095965,2.767311632006991,3.086889401363528,3.8006564301949446,4.16660337891317,4.425321262745308,128,
b9e0dc94c7725924,V1_IL_self_KNN,0.03784333914518356,0.038713214360177516,0.04396701604127884,0.05033682473003864,0.058021342381834984,0.06755011305212974,0.08997318387031548,0.10562082380056381,64,
b9e0dc94c7725924,V1_candidate_KNN,0.11368877198330388,0.14201803374643043,0.21105619305431778,0.2962121625627655,0.33574338610034143,0.6283321907683911,0.7465894578461256,0.7599168113142879,128,1.0
b9e0dc94c7725924,V2_IL_Q_to_R_KNN,0.032672327011823654,0.03502139151096344,0.039057073183357716,0.04329948499798775,0.047452615574002266,0.0619296433404088,0.06888802960515024,0.07272704690694809,128,
b9e0dc94c7725924,V2_candidate_KNN,0.03368525994792608,0.04178473820467715,0.09581725799013652,0.19131293451700782,0.276875870990113,0.5131221471887245,0.6860667875093678,0.7336376485426215,192,
b9e0dc94c7725924,V2_Q_mahalanobis,2.2694300159260226,2.5437640674337465,3.0186371635389353,3.4049575821739113,3.7618931671897733,4.270682315908534,4.549868894391123,4.636109803523775,128,
0506b1697fb05337,V1_IL_self_KNN,0.03753624111413956,0.041700882092118266,0.04673122428357601,0.054152851924300194,0.06168445758521557,0.079040091112256,0.11083593957126131,0.13619185984134674,64,
0506b1697fb05337,V1_candidate_KNN,0.1493080020011849,0.16691212645073678,0.29314257826448586,0.38019069896487856,0.5356775768764784,0.5924216878908367,0.6215379417947867,0.6360960460007848,128,1.0
0506b1697fb05337,V2_IL_Q_to_R_KNN,0.032761942595243454,0.03498380295932293,0.03932730946689844,0.043573422357439995,0.052882423624396324,0.06444329321384429,0.07669716775417328,0.082441546022892,128,
0506b1697fb05337,V2_candidate_KNN,0.03201852616118265,0.04283602837143578,0.1071578557501812,0.23683212418616634,0.38295035409013223,0.5563235385204428,0.588241718254365,0.6102943362531957,192,
0506b1697fb05337,V2_Q_mahalanobis,2.1123316787996584,2.385217861730376,2.8922326641823903,3.2102545600795063,3.755103294535463,4.597610269842537,5.281243516947329,5.376322784175586,128,
7cfa2141cf77549d,V1_IL_self_KNN,0.026347601786255836,0.029781883955001833,0.034283160232007504,0.03901048004627228,0.04389599431306124,0.0613863436505198,0.07574589684605595,0.08141521364450455,64,
7cfa2141cf77549d,V1_candidate_KNN,0.1023091928023618,0.20056455602321793,0.26138498202933935,0.30700075728193343,0.36490002710661884,0.5444734238495506,0.5892080530531337,0.6237056452898211,128,1.0
7cfa2141cf77549d,V2_IL_Q_to_R_KNN,0.021825354546308517,0.026895685214549304,0.02911485079675913,0.03234906867146492,0.03976939432322979,0.05638180468231438,0.06478003717958929,0.11385902017354965,128,
7cfa2141cf77549d,V2_candidate_KNN,0.023642607744678603,0.028577952737264052,0.12077819669872389,0.21191516662593773,0.30504267441219046,0.5241792884736487,0.561258156803236,0.6371945648521448,192,
7cfa2141cf77549d,V2_Q_mahalanobis,1.6617420911863565,2.0244360131204564,2.337723714858091,2.6843326292359433,3.1504059016611237,3.781873826916183,4.2934316873437215,4.52602232832007,128,
089107cd2d6354e0,V1_IL_self_KNN,0.025285888463258743,0.028112985007464886,0.031018801033496857,0.035347385331988335,0.04011933598667383,0.052193692140281196,0.07480746440589425,0.08105989545583725,64,
089107cd2d6354e0,V1_candidate_KNN,0.12307758185448044,0.1337286602462845,0.22281686095147818,0.2805528718218935,0.3626796138930535,0.4505244133788215,0.45821307821574003,0.4714014038136038,128,1.0
089107cd2d6354e0,V2_IL_Q_to_R_KNN,0.017499549314379692,0.02047441843897104,0.023746789433062077,0.0268699387088418,0.034107218496501446,0.048415981419384475,0.06375472694635391,0.07098947465419769,128,
089107cd2d6354e0,V2_candidate_KNN,0.01980185388331896,0.024292803002371636,0.12078971172233963,0.2021029740133648,0.28056138821013565,0.43081304873937404,0.46556445533805113,0.47927178401812237,192,
089107cd2d6354e0,V2_Q_mahalanobis,1.7586306788610313,1.9533112693784276,2.529352694001056,2.9475586979970703,3.307187488650375,4.073014781905391,4.4400745051841986,4.548022455334989,128,
b03c039a00bd5792,V1_IL_self_KNN,0.023815203458070755,0.026305956393480302,0.0301153426989913,0.03462032973766327,0.04297713562846184,0.05483187064528465,0.06588424004614349,0.07712216675281525,64,
b03c039a00bd5792,V1_candidate_KNN,0.1420319350130031,0.15179588751323123,0.16796275766466498,0.2037028025090624,0.27741786712151534,0.3589125288881125,0.48447457932252475,1.0113990985034662,128,1.0
b03c039a00bd5792,V2_IL_Q_to_R_KNN,0.01900283619761467,0.022371897008270025,0.02554568974301219,0.028474432416260242,0.0318421944975853,0.04040271081030369,0.046776465736329556,0.0543677881360054,128,
b03c039a00bd5792,V2_candidate_KNN,0.022659572558033404,0.02532492990685807,0.07772181514200766,0.15696880531474947,0.2038380319828398,0.3157199996325991,0.39104418200163527,1.0300876852444276,192,
b03c039a00bd5792,V2_Q_mahalanobis,1.718375757022602,2.153532205548029,2.4928530670261555,2.782596578433442,3.215056481183227,3.8083530149795837,4.278815775210243,4.488236383740924,128,
064bbfac76a95dae,V1_IL_self_KNN,0.020688973367214203,0.023002570122480394,0.026355843991041183,0.02966206520795822,0.03622617293149233,0.04616227075457571,0.06312985375523565,0.06768591701984406,64,
064bbfac76a95dae,V1_candidate_KNN,0.15070820559087733,0.20192803948771396,0.27862099658992767,0.38580803049701673,0.5043309023586384,0.5578936392530511,0.6043498698513694,0.6668174540042939,128,1.0
064bbfac76a95dae,V2_IL_Q_to_R_KNN,0.014502341859042645,0.01842642081901431,0.021366151049733162,0.023519322276115417,0.027305652387440205,0.03221168629825115,0.04025888420641424,0.04182635247707367,128,
064bbfac76a95dae,V2_candidate_KNN,0.018064897458302767,0.02391240490128993,0.09115498627771802,0.18583711042352874,0.33976814717956083,0.43614388705311136,0.49834487594998395,0.599136076790161,192,
064bbfac76a95dae,V2_Q_mahalanobis,1.2525642481944614,1.7109346050353254,2.0637664908967244,2.2678838001050803,2.5569627471484075,3.08145804476439,3.3012126362594074,3.37206730282744,128,
ad8019f55bc554de,V1_IL_self_KNN,0.012375948950648308,0.014153213286772371,0.019387767184525728,0.02201006468385458,0.02847062097862363,0.040110942535102355,0.07842996772378669,0.11504469066858292,64,
ad8019f55bc554de,V1_candidate_KNN,0.03693674960783232,0.1429468663547033,0.17757566440851558,0.21657606225939363,0.2346456304935176,0.25948297375166346,0.34797565428057936,0.38498576121455486,128,0.9765625
ad8019f55bc554de,V2_IL_Q_to_R_KNN,0.012678362429141998,0.013942283159121872,0.015915323048830032,0.018222147598862648,0.020414479076862335,0.0250050145201385,0.03853101834654812,0.05911508947610855,128,
ad8019f55bc554de,V2_candidate_KNN,0.011824876934117665,0.016243006339331297,0.06009104315806132,0.1495886982558991,0.2018230569961168,0.2467772257582451,0.3221682018749313,0.3684940788346692,192,
ad8019f55bc554de,V2_Q_mahalanobis,1.6174873572961053,1.8926266805460585,2.3052009645713323,2.600757029827097,3.073269089391917,3.4596931482845426,4.07975337555829,4.313295090557254,128,
073c4d0738b45047,V1_IL_self_KNN,0.02413240820169449,0.025530686415731908,0.03152768034487963,0.0347584281116724,0.04342789947986603,0.07634741701185697,0.09523397311568259,0.09986846148967743,64,
073c4d0738b45047,V1_candidate_KNN,0.20025722315895647,0.2925371613168831,0.38944488450139425,0.524927749078065,0.7377700458158041,1.600177608296854,1.7699983686266365,1.8744700686409181,128,1.0
073c4d0738b45047,V2_IL_Q_to_R_KNN,0.018253982067108154,0.023770684283226727,0.028359697200357914,0.03185095265507698,0.03683322295546532,0.061901732720434664,0.08645720019936563,0.09854863584041595,128,
073c4d0738b45047,V2_candidate_KNN,0.02321714798827441,0.03035724380733698,0.22165833630325305,0.34703860649086665,0.6037272921788704,1.470550330031032,1.7167750014208638,1.8257173582989263,192,
073c4d0738b45047,V2_Q_mahalanobis,1.5748175489882597,2.077820676282772,2.446314993023779,2.809517677704065,3.164607102576908,3.823317656723484,4.038232178362586,4.2115207347419235,128,
b29e1677139a5f6b,V1_IL_self_KNN,0.028850317001342773,0.0332986943423748,0.03973229695111513,0.045216118916869164,0.055872694589197636,0.0948177121579647,0.13574496835470198,0.1419251561164856,64,
b29e1677139a5f6b,V1_candidate_KNN,0.44788632857604355,0.5002348029188133,0.6451993046234845,0.6948780118468525,0.7412870545689327,0.7720911949064563,0.8220046286586313,0.8450180756037146,128,1.0
b29e1677139a5f6b,V2_IL_Q_to_R_KNN,0.028168421238660812,0.031754846684634686,0.03777245804667473,0.041857918724417686,0.04527897574007511,0.06267242729663847,0.07460700720548633,0.09247937798500061,128,
b29e1677139a5f6b,V2_candidate_KNN,0.0297908570567898,0.03855184513004943,0.2551773165943099,0.5794349874946901,0.7094176448748792,0.7776810341074016,0.8402029524025433,0.9429572895266667,192,
b29e1677139a5f6b,V2_Q_mahalanobis,1.874217742098946,2.171870717918042,2.638563829885791,3.0957324704224574,3.506448377006969,3.96988733691708,4.444168007887389,4.637556700206569,128,
c615107923dc5602,V1_IL_self_KNN,0.0401742160320282,0.04135656300932169,0.04748769849538803,0.05377240851521492,0.05960355047136545,0.07316759675741193,0.0882588782161474,0.09323345124721527,64,
c615107923dc5602,V1_candidate_KNN,0.07909475875876745,0.09612834729404886,0.1265609719871847,0.20892822630551533,0.2896857381588033,0.38041051465704007,0.4455910771641569,0.4605397418890618,128,0.953125
c615107923dc5602,V2_IL_Q_to_R_KNN,0.02989937737584114,0.03632661756128073,0.040853945538401604,0.0466417595744133,0.055304134264588356,0.08040730766952038,0.12205936282873156,0.1706245392560959,128,
c615107923dc5602,V2_candidate_KNN,0.033275752534390635,0.04185367384835644,0.07740443751020783,0.11654377750873578,0.19437426987110662,0.30375458541121714,0.3913902171045781,0.40999229920724883,192,
c615107923dc5602,V2_Q_mahalanobis,1.925703329613263,2.2699719840888886,2.7584012815521217,3.1450508335540013,3.5027285673877673,4.2878462161847875,4.732880774358644,4.868843911404735,128,
ffb15604a2a25cb8,V1_IL_self_KNN,0.03638315945863724,0.040219726786017415,0.045622928999364376,0.05141020007431507,0.060965956188738346,0.084705214202404,0.098789365068078,0.10921420156955719,64,
ffb15604a2a25cb8,V1_candidate_KNN,0.07598484154859941,0.11590856962572633,0.15317234321837514,0.22762038964325512,0.30988785937488894,0.46345653203436954,0.541508375690281,0.5725036512825008,128,0.96875
ffb15604a2a25cb8,V2_IL_Q_to_R_KNN,0.031035736203193665,0.03632912207394838,0.04134177230298519,0.04697350971400738,0.055273041129112244,0.07179978713393212,0.07946269601583482,0.08281126618385315,128,
ffb15604a2a25cb8,V2_candidate_KNN,0.0334849348405324,0.041168838931549184,0.10309578516887223,0.1393563993678037,0.2065743584291635,0.4090032006222223,0.48520184196774435,0.5244269887412639,192,
ffb15604a2a25cb8,V2_Q_mahalanobis,1.6232873906532745,2.138939746314818,2.484002282282228,2.961379548225194,3.32560612935452,4.101808219121491,4.83136899958,4.881675299863953,128,
4124b6e12f8b5f0d,V1_IL_self_KNN,0.040673334151506424,0.042609487473964695,0.05672588665038347,0.06237463280558586,0.07155364751815796,0.10885298959910866,0.12511399522423736,0.1446419507265091,64,
4124b6e12f8b5f0d,V1_candidate_KNN,0.14124970338847104,0.1630131818894527,0.24833119902491163,0.39149300401611065,0.6479798823899381,1.1021713021258606,1.6845096903949481,1.7960638875671204,128,0.9921875
4124b6e12f8b5f0d,V2_IL_Q_to_R_KNN,0.0366879403591156,0.042265021428465846,0.04964465834200382,0.05590428598225117,0.06829879432916641,0.09023598022758958,0.12313921533524991,0.13817167282104492,128,
4124b6e12f8b5f0d,V2_candidate_KNN,0.043302062817164165,0.05473545983153249,0.1425865063236942,0.30908463915527085,0.521925486195365,1.0386373899752939,1.59743476723939,1.8023016958503397,192,
4124b6e12f8b5f0d,V2_Q_mahalanobis,1.7585954266637955,2.073975314071543,2.6651665052824614,3.1172073251623007,3.475047091496979,3.924482717668554,4.181716359459903,4.470793826948402,128,
a3298b678d225d61,V1_IL_self_KNN,0.02335681952536106,0.024432184174656868,0.030489408411085606,0.03489220142364502,0.04299489315599203,0.07062345407903194,0.10148054704070077,0.13741376996040344,64,
a3298b678d225d61,V1_candidate_KNN,0.06891609526342667,0.09198181609823862,0.13184310729294832,0.25024821323729907,0.4022023406651428,1.0388098796551475,1.5210918403472637,3.4748334505935743,128,0.7109375
a3298b678d225d61,V2_IL_Q_to_R_KNN,0.021131614223122597,0.024798551760613918,0.02953786076977849,0.03362579084932804,0.041697158478200436,0.06085589025169609,0.07857359007000923,0.12567022442817688,128,
a3298b678d225d61,V2_candidate_KNN,0.023016352676300946,0.030654056590336567,0.07203362899584945,0.1315326606146428,0.3298268791983422,0.9431557394411157,1.176056151696546,3.500691693663002,192,
a3298b678d225d61,V2_Q_mahalanobis,1.9406944619587205,2.1500123048950663,2.5876314524272184,2.989166857663844,3.342141772791126,4.13433048407995,4.339343857664792,4.641730457994327,128,
e20b77b0ed075fb6,V1_IL_self_KNN,0.02823466993868351,0.03398532886058092,0.0404284643009305,0.04569406248629093,0.05391617584973574,0.07372615486383437,0.08357903078198432,0.08615326881408691,64,
e20b77b0ed075fb6,V1_candidate_KNN,0.07654396212245376,0.08311806921649606,0.0941298248655694,0.11799588268275213,0.6896194815184491,1.0557367089347296,1.1086960197278715,1.1366958456705236,128,0.8671875
e20b77b0ed075fb6,V2_IL_Q_to_R_KNN,0.023714616894721985,0.025515120197087526,0.032483809627592564,0.03839185833930969,0.04720666352659464,0.05980001371353863,0.07385014951229099,0.10439205169677734,128,
e20b77b0ed075fb6,V2_candidate_KNN,0.02403734813415625,0.03307266437516059,0.06368456848323692,0.09197124610255178,0.4241865381929532,0.9670296402300845,1.109321528460828,1.1364442115848192,192,
e20b77b0ed075fb6,V2_Q_mahalanobis,1.78729049114315,2.093577649680312,2.483609698983415,2.8804338035494452,3.409126748807971,3.7906047451403264,4.4598881252978355,4.936197392405007,128,
71452581394b54da,V1_IL_self_KNN,0.014830702915787697,0.015462114801630377,0.01850115554407239,0.021730035543441772,0.02619966072961688,0.049368783831596284,0.07184539660811418,0.08656052500009537,64,
71452581394b54da,V1_candidate_KNN,0.043134250996999454,0.05759977167726735,0.15129500743857072,0.2805472416524428,0.4158131296978638,0.6357564258971119,0.6642693840235171,0.6915841858571053,128,0.8203125
71452581394b54da,V2_IL_Q_to_R_KNN,0.012308042496442795,0.013192011136561632,0.015201089903712273,0.01744394749403,0.02029423788189888,0.026945519074797624,0.0708588550239802,0.08684173971414566,128,
71452581394b54da,V2_candidate_KNN,0.012100209245671744,0.015314173696580346,0.058191757319483554,0.14943277182824538,0.2536454128885889,0.6119801387287582,0.6452376572563168,0.6939796633883304,192,
71452581394b54da,V2_Q_mahalanobis,1.3173488050511157,1.6123732791190812,2.027631568314739,2.399384597522472,2.701561718231478,3.2648013378065146,3.461615585135096,3.6573471148069414,128,
54399d56e69f5a2c,V1_IL_self_KNN,0.021914878860116005,0.02342896768823266,0.034973944537341595,0.04174316115677357,0.0478855948895216,0.09037628807127468,0.10624555863440034,0.11418230831623077,64,
54399d56e69f5a2c,V1_candidate_KNN,0.05848828513571366,0.065085166734106,0.10967858890703808,0.14146846040751976,0.8012974698242631,1.7850733842632298,1.9905291132139604,2.094312968742509,128,0.6875
54399d56e69f5a2c,V2_IL_Q_to_R_KNN,0.020912358537316322,0.024161798506975175,0.02859788713976741,0.03252924233675003,0.04137884359806776,0.061216029711067675,0.07601471520960335,0.08341898769140244,128,
54399d56e69f5a2c,V2_candidate_KNN,0.01977441573227486,0.029607012531633902,0.05520833360141255,0.11572116766794702,0.5571765580810287,1.5750521362130527,1.8278410609738405,2.0338854223019984,192,
54399d56e69f5a2c,V2_Q_mahalanobis,1.3956726006251163,1.858732972794339,2.475683230081938,2.903413976991259,3.2678998669758403,3.8078481888314886,4.401854049536125,4.466080792569073,128,
2bdd7e6fdc0e5977,V1_IL_self_KNN,0.029887903481721878,0.031964429654181004,0.04053657315671444,0.04473724775016308,0.057081395760178566,0.07224141024053093,0.09707273751497268,0.09801875799894333,64,
2bdd7e6fdc0e5977,V1_candidate_KNN,0.0685571419630004,0.08881245895769928,0.10794915503239146,0.12220374419991491,0.23287231951561613,0.3236383584173299,0.3535777169194629,0.4383625434408972,128,0.8828125
2bdd7e6fdc0e5977,V2_IL_Q_to_R_KNN,0.023409228771924973,0.02728899586945772,0.031692421063780785,0.036193400621414185,0.041612932458519936,0.06723668240010736,0.09497074678540231,0.09644200652837753,128,
2bdd7e6fdc0e5977,V2_candidate_KNN,0.026336818279758645,0.03186977651220517,0.06430135427240097,0.10119889167936916,0.16725963901811444,0.2994354668989717,0.34767529817525195,0.36428375860671186,192,
2bdd7e6fdc0e5977,V2_Q_mahalanobis,1.626192223596977,1.950439009643333,2.5040249621462802,2.903868434366118,3.326640975227952,4.317263735446657,5.177639851097565,5.338822564333647,128,
2f875dc108ed572f,V1_IL_self_KNN,0.026757430285215378,0.031451371312141416,0.035256680101156235,0.04224812239408493,0.05022258870303631,0.06946437805891037,0.07630771882832049,0.07784610986709595,64,
2f875dc108ed572f,V1_candidate_KNN,0.05818895562753571,0.08035804357737804,0.12501820574800632,0.18599329075074694,0.3581620371429818,0.7018620751611199,0.760005684069032,0.764759250371694,128,0.96875
2f875dc108ed572f,V2_IL_Q_to_R_KNN,0.022407907992601395,0.026697331666946413,0.03131207451224327,0.03540424630045891,0.043575902469456196,0.05501475445926189,0.07970228128135208,0.09620214253664017,128,
2f875dc108ed572f,V2_candidate_KNN,0.024758662267127717,0.031095453227333047,0.06920029425572821,0.12179563808389199,0.2261267204305853,0.6773171879826729,0.743631318528552,0.7582555955753223,192,
2f875dc108ed572f,V2_Q_mahalanobis,1.7822648128058156,2.1164403308466295,2.5613714542840382,2.854960206038461,3.2679905732027796,3.7510421831977614,4.133208699732686,4.338342402888904,128,
91513086606a567e,V1_IL_self_KNN,0.02363041788339615,0.026629623770713807,0.030486342031508684,0.0325414203107357,0.03729284834116697,0.04980197679251432,0.07187664046883582,0.07239331305027008,64,
91513086606a567e,V1_candidate_KNN,0.04531919797953406,0.051350123228370854,0.059046869227510734,0.12503079052401697,0.3489873446957342,0.4417460335850015,0.4610937509063939,0.4801833175006128,128,0.625
91513086606a567e,V2_IL_Q_to_R_KNN,0.017342781648039818,0.021986528672277926,0.024681365583091974,0.027796064503490925,0.032483162358403206,0.04879268445074556,0.06802270241081716,0.07377703487873077,128,
91513086606a567e,V2_candidate_KNN,0.02236362727321181,0.02485582549529373,0.04894628079990614,0.07866416523290587,0.20650469217244155,0.42685145400983,0.45541067030925647,0.482592645310032,192,
91513086606a567e,V2_Q_mahalanobis,1.7405034654328886,2.069936523902116,2.617867623258574,3.1807542497409687,3.552534712559753,4.0804659356018576,4.535254345414745,4.803308765910664,128,
80dfd05ab759518f,V1_IL_self_KNN,0.033002763986587524,0.03569902312010527,0.04437223635613918,0.0481221042573452,0.055595519952476025,0.08311635963618752,0.10941547080874439,0.11873124539852142,64,
80dfd05ab759518f,V1_candidate_KNN,0.10155810466963833,0.10566913210832853,0.12484236210700625,0.1607572382424723,0.44128408004082076,0.6800162691280494,0.7399048835120405,0.7752918919805278,128,0.7890625
80dfd05ab759518f,V2_IL_Q_to_R_KNN,0.02847173437476158,0.031315684504807,0.03721513506025076,0.04117974638938904,0.04798663593828678,0.0660779260098934,0.08258531816303737,0.09651467949151993,128,
80dfd05ab759518f,V2_candidate_KNN,0.03205073142562729,0.03782692339466117,0.08923045293450785,0.12849699094537054,0.2771276875334132,0.5760824683871482,0.6688259049046418,0.7338658345555871,192,
80dfd05ab759518f,V2_Q_mahalanobis,1.4726618461557968,1.987716698444726,2.4176804920347457,2.839601630625083,3.1906240592047093,3.7534333596901828,3.9435670076587273,4.469458159332412,128,
d5e7dc43eb5c57cd,V1_IL_self_KNN,0.020364919677376747,0.021254697535187005,0.02571239462122321,0.03202209249138832,0.036741953343153,0.04533892571926116,0.06016618672758338,0.06701059639453888,64,
d5e7dc43eb5c57cd,V1_candidate_KNN,0.0487853721656043,0.05679998055141365,0.06975918041785181,0.16326956558134736,0.24207571983411094,0.5901064295775206,0.612119012300389,0.6211359240568939,128,0.8125
d5e7dc43eb5c57cd,V2_IL_Q_to_R_KNN,0.016136396676301956,0.018731168285012246,0.02156472811475396,0.024708843789994717,0.029027189128100872,0.03279285486787557,0.037565971463918706,0.05260216072201729,128,
d5e7dc43eb5c57cd,V2_candidate_KNN,0.017467688603656984,0.021649764577951522,0.04910317098729407,0.08459446435150364,0.17941765730482506,0.5642225400667391,0.5910531923125766,0.5931134239925179,192,
d5e7dc43eb5c57cd,V2_Q_mahalanobis,1.3300990500166407,1.9243887199386283,2.280457144164357,2.6827611977418284,3.0873672060307698,3.5581180665340364,3.9709733056846277,4.206321945980832,128,
13014abb5b115ee2,V1_IL_self_KNN,0.029382919892668724,0.03577348161488771,0.04297755751758814,0.04931648075580597,0.0573740117251873,0.07336051873862742,0.12674982264637946,0.12901370227336884,64,
13014abb5b115ee2,V1_candidate_KNN,0.1487911322634746,0.23130805926084322,0.27624614687454824,0.41348752656075394,0.5501012086336086,1.0981736704469833,1.1745312930982534,1.2050848598296704,128,1.0
13014abb5b115ee2,V2_IL_Q_to_R_KNN,0.026108672842383385,0.029637224785983563,0.035168700851500034,0.04096708633005619,0.046648078598082066,0.06852778978645797,0.0989667535573245,0.1078943982720375,128,
13014abb5b115ee2,V2_candidate_KNN,0.029246122762682007,0.034612519448583096,0.14825732269324562,0.27010130359692003,0.45349009370769783,0.9900336128454239,1.1971866220865632,1.2340013534640868,192,
13014abb5b115ee2,V2_Q_mahalanobis,1.6667864986240726,1.9897582703920396,2.574617732402615,2.937232839354805,3.225971971097028,3.7210135303792717,4.2404352289602985,4.866099032688898,128,
9430278b77c05446,V1_IL_self_KNN,0.021779343485832214,0.023115809261798858,0.02715994045138359,0.02883862517774105,0.03334891144186258,0.04919034447520971,0.09062782853841776,0.103513203561306,64,
9430278b77c05446,V1_candidate_KNN,0.07987575768434316,0.09089504033883429,0.13433373485864947,0.18045636605902635,0.29582510070922474,0.582757140609532,0.6281660718702483,0.661644892560338,128,0.84375
9430278b77c05446,V2_IL_Q_to_R_KNN,0.015796003863215446,0.01980528300628066,0.022491093259304762,0.024964540265500546,0.02919204067438841,0.03805627357214689,0.0462516137585044,0.06050620228052139,128,
9430278b77c05446,V2_candidate_KNN,0.01799335113128607,0.02304205040753486,0.0689998904463883,0.12556209950436237,0.23626264024002105,0.5224159404208798,0.6154512580946504,0.6552597702340691,192,
9430278b77c05446,V2_Q_mahalanobis,1.7385974832164472,2.0373869267722577,2.404170718285265,2.707203050848283,3.0742790960737345,3.541785989967526,4.296896924871578,4.475370610480426,128,
97e38fdccf915283,V1_IL_self_KNN,0.04933398216962814,0.05078015848994255,0.06063720304518938,0.06938524544239044,0.07808545604348183,0.10300476998090743,0.12443012170493602,0.12813958525657654,64,
97e38fdccf915283,V1_candidate_KNN,0.20694821023502175,0.23851961551224027,0.2724877551937314,0.3413417394399242,0.5618407658883663,0.6538795867578241,0.6967875910725959,0.7403849662323756,128,1.0
97e38fdccf915283,V2_IL_Q_to_R_KNN,0.03626697510480881,0.03940405044704676,0.04551102966070175,0.051722658798098564,0.06304200552403927,0.09908599853515623,0.12212197624146942,0.14246296882629395,128,
97e38fdccf915283,V2_candidate_KNN,0.03991788076975351,0.047174487707366396,0.1542773750077005,0.24099138500888528,0.32615261309582827,0.5763774844204101,0.6724140729639638,0.6993406656951364,192,
97e38fdccf915283,V2_Q_mahalanobis,1.4331046348606713,1.883436231262748,2.3393736510079886,2.7335624873837365,3.154210703016759,3.7899176533780827,4.424909148452432,4.5056579777355426,128,
8787fbb12fed5433,V1_IL_self_KNN,0.024272531270980835,0.031009043753147125,0.03517191577702761,0.03951992467045784,0.04569774400442839,0.05837324149906634,0.09249593362212175,0.10897533595561981,64,
8787fbb12fed5433,V1_candidate_KNN,0.09436205564422506,0.16211937269881682,0.1782342476354607,0.2110422565037104,0.2901560439860103,0.5077546154999427,0.6081763249913549,0.7358262638001338,128,0.9921875
8787fbb12fed5433,V2_IL_Q_to_R_KNN,0.02334507182240486,0.025607161689549685,0.030294102150946856,0.03283628448843956,0.03944869805127382,0.05610474348068237,0.07705028817057614,0.10767128318548203,128,
8787fbb12fed5433,V2_candidate_KNN,0.024861383722344966,0.030492516353542106,0.1060653310706686,0.17102615348138336,0.24892296991314278,0.37373119130668936,0.5225519788201306,0.669857448389702,192,
8787fbb12fed5433,V2_Q_mahalanobis,1.4472382199240887,1.8700335318805388,2.3087415548649957,2.6377428103788487,2.970109862407025,3.6985692496167775,4.097056433532276,4.32443698256679,128,
a460f60f07f05098,V1_IL_self_KNN,0.021018145605921745,0.022385683190077544,0.02558163460344076,0.028516712598502636,0.03714978136122227,0.0543564213439822,0.10138720691204048,0.15791209042072296,64,
a460f60f07f05098,V1_candidate_KNN,0.13746146759887717,0.14590198378276759,0.3193199663542108,0.40398241769115584,0.4284486400211922,0.4785109575471353,0.508756474789074,0.5737323044847982,128,0.9140625
a460f60f07f05098,V2_IL_Q_to_R_KNN,0.016966719180345535,0.018854350410401823,0.02167272474616766,0.024099155329167843,0.028281083796173334,0.04053986873477696,0.06975146546959878,0.07918430864810944,128,
a460f60f07f05098,V2_candidate_KNN,0.015388810741539732,0.022263945960645702,0.09985366078716126,0.25486370636588074,0.39897443063862204,0.44745501500618545,0.5204858943911393,0.5622240665326066,192,
a460f60f07f05098,V2_Q_mahalanobis,1.546230155092672,2.029981527501307,2.392021049052351,2.6975488173547677,3.009922242324833,3.7518974874368176,4.235154944161494,4.9906939539020145,128,
570334268a395022,V1_IL_self_KNN,0.05281984061002731,0.0573787422850728,0.06582237593829632,0.0748802199959755,0.09706377796828747,0.12786422222852706,0.19800192430615415,0.22291164100170135,64,
570334268a395022,V1_candidate_KNN,0.10552241803093762,0.12841731484065905,0.17028421070615296,0.2147450095806487,0.602948006926469,0.8083575723838409,1.0433880438055205,1.1532753343848703,128,0.46875
570334268a395022,V2_IL_Q_to_R_KNN,0.04039161279797554,0.048017469607293604,0.060521322302520275,0.06805948913097382,0.07785108499228954,0.11093717031180853,0.16473424911499024,0.241654634475708,128,
570334268a395022,V2_candidate_KNN,0.04671614129682096,0.058622964835658146,0.11123782641690982,0.16443855754578285,0.34580198273774737,0.6432204553035332,1.0094002542331497,1.1712189795350878,192,
570334268a395022,V2_Q_mahalanobis,1.5409849724734799,1.9889406895010169,2.4106482798096405,2.719408772984635,3.1374872373222265,3.814373635288394,4.343018954541718,4.764850184874638,128,
16a705e621675626,V1_IL_self_KNN,0.01643597148358822,0.01890320461243391,0.02133137872442603,0.024751891382038593,0.03150450438261032,0.05042971838265656,0.08036746613681305,0.10852072387933731,64,
16a705e621675626,V1_candidate_KNN,0.07114192218349524,0.10380148513082019,0.14650343964718576,0.20541326560049328,0.3258300435169169,0.46277550588648475,0.48966097735431124,0.5000033028708842,128,0.9296875
16a705e621675626,V2_IL_Q_to_R_KNN,0.012705731205642223,0.015446951007470488,0.017584990710020065,0.020198212005198002,0.023999613244086504,0.03765755966305732,0.07298808455467229,0.10542936623096466,128,
16a705e621675626,V2_candidate_KNN,0.014889890861636048,0.019069637972343487,0.07294630654877902,0.13487801496862672,0.208608394566623,0.4136871576132303,0.46188242467017365,0.4923020400480106,192,
16a705e621675626,V2_Q_mahalanobis,1.1971444708678733,1.577038478700918,2.031243884093166,2.3504958772358124,2.8015705824233867,3.6640257745940725,5.397204638091516,6.419591873216365,128,
377030639621540e,V1_IL_self_KNN,0.01523409504443407,0.015829679742455482,0.018572752363979816,0.020983382128179073,0.024073002859950066,0.03453526366502045,0.04368063170462843,0.05359622836112976,64,
377030639621540e,V1_candidate_KNN,0.07418817511991341,0.09512948140461253,0.10967393202046867,0.14058554319708688,0.22751294330006386,0.2795712291809945,0.3004397980687534,0.32472663700785875,128,1.0
377030639621540e,V2_IL_Q_to_R_KNN,0.01189915556460619,0.013493995415046811,0.015114696696400642,0.01677219197154045,0.019393727649003267,0.03116996809840202,0.0448853934183717,0.05573241040110588,128,
377030639621540e,V2_candidate_KNN,0.012912269714778523,0.015674080015138765,0.05592257501160979,0.10697025280655528,0.16596524429262838,0.26618159552044884,0.2884483858925967,0.331809418371915,192,
377030639621540e,V2_Q_mahalanobis,1.537844006238465,1.7673638727761112,2.316760959559592,2.7144866619480057,3.1266560176245335,3.761200079370989,3.997926782025005,4.348140301602801,128,
2e94974489245ae6,V1_IL_self_KNN,0.028451818972826004,0.03077669404447079,0.036440799944102764,0.04098121263086796,0.04799238033592701,0.07431698739528654,0.10026851370930664,0.1166187971830368,64,
2e94974489245ae6,V1_candidate_KNN,0.11905461600939773,0.1344879520862841,0.27537800524040995,0.35936709252092436,0.4368379089955558,0.6965029166804877,0.7740827962553023,0.8383953410865221,128,1.0
2e94974489245ae6,V2_IL_Q_to_R_KNN,0.024837931618094444,0.028084775991737844,0.03421406913548708,0.03944395296275616,0.04731593653559685,0.06506846807897089,0.09498325288295749,0.10365177690982819,128,
2e94974489245ae6,V2_candidate_KNN,0.028131110927515062,0.038744550247153675,0.12019483908733232,0.2014376978506039,0.3323430040990569,0.5847216705475545,0.6328772512782174,0.7672467420219935,192,
2e94974489245ae6,V2_Q_mahalanobis,1.9611721470309726,2.183932336837894,2.5961571941134403,2.9650758205780594,3.4751269495760644,3.902273710175665,4.4838657149332715,4.978990439582566,128,
dc2a30b4130f5ab4,V1_IL_self_KNN,0.03108285740017891,0.03241409994661808,0.03722855634987354,0.041448257863521576,0.048937720246613026,0.07121247500181196,0.07644718557596204,0.08178780972957611,64,
dc2a30b4130f5ab4,V1_candidate_KNN,0.19962498601079398,0.2168290880782678,0.41823051246007903,0.4826192294651041,0.5552526789877621,0.6964505304261641,0.7271488182999175,0.7871947276881717,128,1.0
dc2a30b4130f5ab4,V2_IL_Q_to_R_KNN,0.023733485490083694,0.026160889025777578,0.03061990113928914,0.03442482091486454,0.04023226071149111,0.05430750027298922,0.0719757487624884,0.08614133298397064,128,
dc2a30b4130f5ab4,V2_candidate_KNN,0.023822527639031643,0.03256076892683206,0.14970042718107576,0.3655958620158799,0.4805061330617427,0.627830684396334,0.6845584677335197,0.711350724741106,192,
dc2a30b4130f5ab4,V2_Q_mahalanobis,1.5253701079328292,1.872653141937867,2.1877421864241606,2.4681132948357902,2.7659097928852336,3.648465495639341,3.9924595554228155,6.049960511536918,128,
11f415ea61f95bbb,V1_IL_self_KNN,0.03094046376645565,0.03487293291836977,0.040657428093254566,0.046530887484550476,0.05347955133765936,0.07620413079857823,0.10289541870355601,0.11553476005792618,64,
11f415ea61f95bbb,V1_candidate_KNN,0.20798149674315689,0.23960338074250603,0.2675862725059194,0.2983929885775547,0.4496648169483747,0.7106014021962934,0.7564335726680849,0.7672555220591526,128,1.0
11f415ea61f95bbb,V2_IL_Q_to_R_KNN,0.025607546791434288,0.03231934830546379,0.036384452134370804,0.041139645501971245,0.04602096136659384,0.05643648114055394,0.0637218524888158,0.06479901820421219,128,
11f415ea61f95bbb,V2_candidate_KNN,0.029260843449892226,0.037707943838073264,0.12205120613269456,0.24474152075655498,0.3065629760208571,0.5607820073560241,0.7155298587859279,0.7632676851504335,192,
11f415ea61f95bbb,V2_Q_mahalanobis,1.9683865173890995,2.405122288448597,2.8068693543548515,3.176781105536274,3.548598149697402,4.079161335751367,4.366038162071233,4.42362402202591,128,
7fd57c3a03465a0a,V1_IL_self_KNN,0.035983484238386154,0.03759785369038582,0.04124984424561262,0.04675169847905636,0.057636674493551254,0.08153602220118045,0.1090154442191124,0.10957331955432892,64,
7fd57c3a03465a0a,V1_candidate_KNN,0.16630743195323539,0.2324257272125359,0.28199008394252956,0.45717651127744297,0.585054871867382,1.3994737611988914,1.470056851912933,1.4951654831879855,128,1.0
7fd57c3a03465a0a,V2_IL_Q_to_R_KNN,0.02344748005270958,0.028231778368353843,0.032577200792729855,0.03645160794258118,0.041852292604744434,0.05788720473647117,0.08731945268809796,0.09606070071458817,128,
7fd57c3a03465a0a,V2_candidate_KNN,0.026601255619217307,0.03427349349718142,0.14554848375622728,0.2501732377444054,0.46397156058602673,1.2258806309736356,1.4468521953072688,1.4700207084028665,192,
7fd57c3a03465a0a,V2_Q_mahalanobis,1.6665367979812395,1.8209841478368411,2.482598620128304,2.8047884991071985,3.1976918177239044,3.781580843853008,4.022570322285554,4.061458687243776,128,
bfabfb64124e5563,V1_IL_self_KNN,0.022056831046938896,0.024020594637840988,0.02619606163352728,0.030700603500008583,0.04076892230659723,0.06790587007999417,0.11312126994132976,0.16124950349330902,64,
bfabfb64124e5563,V1_candidate_KNN,0.07217865928188746,0.07426367396587769,0.08526385192730823,0.11754634088406715,0.20358335260407573,0.45228075283718305,0.46993024743001954,0.4881799931700053,128,0.3984375
bfabfb64124e5563,V2_IL_Q_to_R_KNN,0.02035343647003174,0.021948484517633916,0.024941284209489822,0.028057005256414413,0.031851885840296745,0.040758761763572675,0.046019333787262445,0.0558931827545166,128,
bfabfb64124e5563,V2_candidate_KNN,0.018839582090981834,0.02597040940211146,0.05395463062528396,0.08687899620880413,0.16183606381703897,0.3780051469307251,0.4365933904101039,0.45933814497844605,192,
bfabfb64124e5563,V2_Q_mahalanobis,1.7527724212608458,1.9956209450134297,2.361864663652704,2.7081238599303408,3.0726954833921454,3.732951385951959,5.3666726505389555,6.431569940466254,128,
0dff173b10b75b6a,V1_IL_self_KNN,0.0159128587692976,0.019759238138794898,0.02193049108609557,0.024349511601030827,0.029596772510558367,0.04308763742446897,0.060435680039226974,0.06964623928070068,64,
0dff173b10b75b6a,V1_candidate_KNN,0.16463618508176403,0.22454142103674346,0.32043828241866334,0.644839947332114,0.6936370024942522,0.7723081727442735,0.8101164273623201,0.8378583567847923,128,1.0
0dff173b10b75b6a,V2_IL_Q_to_R_KNN,0.01416807435452938,0.016196250077337028,0.017780133988708258,0.019883316941559315,0.022609757725149393,0.03439622651785612,0.03840302731841803,0.04968833178281784,128,
0dff173b10b75b6a,V2_candidate_KNN,0.015097087528383263,0.018277243830682344,0.1445955414426958,0.301169827746819,0.5970743694677697,0.6879411822175913,0.7417685235709713,0.7950433308415092,192,
0dff173b10b75b6a,V2_Q_mahalanobis,1.4981262576118721,1.944395901748941,2.248955152675732,2.6056405376142053,2.861959817544525,3.388539687616092,3.518993871263115,3.716327432431806,128,
efd13cf71f83504e,V1_IL_self_KNN,0.00806996040046215,0.008186363987624646,0.010535812703892589,0.012323603965342045,0.013920961180701852,0.02950257807970046,0.03350320978090165,0.03844604641199112,64,
efd13cf71f83504e,V1_candidate_KNN,0.05419017238277296,0.07761768550618348,0.19406714699584382,0.27625915960862546,0.41222960850667667,0.4694774740772247,0.5187802158414405,0.5322543290886892,128,1.0
efd13cf71f83504e,V2_IL_Q_to_R_KNN,0.007159081287682056,0.00784068638458848,0.009212875738739967,0.011145371943712234,0.013343696016818285,0.01800713799893856,0.022025686837732796,0.027956325560808182,128,
efd13cf71f83504e,V2_candidate_KNN,0.007226533459996904,0.00970828430294945,0.06418151100417332,0.1643120513988725,0.26946073498731304,0.44295055715014403,0.47353081276721626,0.5181410183335471,192,
efd13cf71f83504e,V2_Q_mahalanobis,1.2823004640127753,1.732245059122133,2.131174953154212,2.4438176116088783,3.012216122937306,3.9588816319057125,4.381110165014846,4.673467933535967,128,
86a8eb25b4045aba,V1_IL_self_KNN,0.03572174161672592,0.036793839745223524,0.04368794523179531,0.05081498622894287,0.058119380846619606,0.08373456373810768,0.0960893765091896,0.09775353968143463,64,
86a8eb25b4045aba,V1_candidate_KNN,0.3980510834732262,0.42366465069573844,0.4609998626630424,0.5362492956879177,0.7195474402013117,0.7753304943485385,0.8504538427172347,0.9172467100168106,128,1.0
86a8eb25b4045aba,V2_IL_Q_to_R_KNN,0.025149986147880554,0.031991316191852096,0.035352504812180996,0.042090872302651405,0.04951732698827982,0.07063353806734085,0.12258182860910903,0.13179334998130798,128,
86a8eb25b4045aba,V2_candidate_KNN,0.030076168997821878,0.04055090094701778,0.1761483550810125,0.3973790391600661,0.5117539321824353,0.6879080876408704,0.7378304881879959,0.8518971550844698,192,
86a8eb25b4045aba,V2_Q_mahalanobis,1.7033749506590339,2.03150633571428,2.6461665604983287,3.048603325044172,3.49894159295331,4.046076499115693,4.572195646543905,4.661686440002222,128,
04f77fbd6bf3505a,V1_IL_self_KNN,0.01503397710621357,0.017955240234732626,0.02101406129077077,0.026178253814578056,0.030595026444643736,0.04542233534157275,0.05567645970731971,0.06237860769033432,64,
04f77fbd6bf3505a,V1_candidate_KNN,0.05053659753102997,0.05458437568070747,0.06540762032317557,0.11556082335948775,0.6528259449885156,0.9573971381891297,1.016840834084401,1.0391470257839994,128,0.8046875
04f77fbd6bf3505a,V2_IL_Q_to_R_KNN,0.015907179564237595,0.017079981882125138,0.020186505746096373,0.022677108645439148,0.026232329662889242,0.033297451585531226,0.04847378902137281,0.06946807354688644,128,
04f77fbd6bf3505a,V2_candidate_KNN,0.016791653236378042,0.01980718428762786,0.045648086891024627,0.08415295759365715,0.3734084184923287,0.8704937312042391,0.9774861888369357,1.0001081272541565,192,
04f77fbd6bf3505a,V2_Q_mahalanobis,1.4057623224561742,1.999769311458744,2.420733606645593,2.737188368333534,3.235565335172712,3.9396976335138394,4.278344996962634,5.872360774723075,128,
69cd8ef1721f550d,V1_IL_self_KNN,0.02436934970319271,0.026971024367958306,0.0313480868935585,0.03670427016913891,0.04211863875389099,0.057416795566678,0.071545098721981,0.08290932327508926,64,
69cd8ef1721f550d,V1_candidate_KNN,0.049999014727227765,0.06345560392069081,0.18704510006162445,0.25603304350223205,0.289196062164818,0.34696860444538097,0.39947080261350854,0.42374863948899666,128,0.8671875
69cd8ef1721f550d,V2_IL_Q_to_R_KNN,0.021290568634867668,0.025466753356158733,0.029114176519215107,0.032745473086833954,0.03778227046132088,0.0690981566905975,0.08149352952837947,0.08962782472372055,128,
69cd8ef1721f550d,V2_candidate_KNN,0.022750280560990266,0.030374023644861612,0.07047281835091879,0.15744024792556388,0.2548458128614153,0.3193671688655973,0.3730320178628045,0.42140582758738027,192,
69cd8ef1721f550d,V2_Q_mahalanobis,1.8535945498929918,2.0317565016055528,2.557858226148317,2.8978063606296107,3.2926125521428933,3.979891943158685,4.1156342954528675,4.135114874721991,128,
738c5da7a06d554c,V1_IL_self_KNN,0.04580315202474594,0.046940579637885095,0.05301279667764902,0.05967521108686924,0.06884006597101688,0.09524616412818425,0.16310280427336665,0.2286643087863922,64,
738c5da7a06d554c,V1_candidate_KNN,0.3692888555473349,0.4564862045986207,0.49930598736322607,0.5663590563502845,0.6596837871305553,0.7091969858201144,1.074263051705641,1.7520507279087707,128,1.0
738c5da7a06d554c,V2_IL_Q_to_R_KNN,0.03739229962229729,0.042416040971875194,0.04865031782537699,0.05508406087756157,0.06251039821654558,0.08209022134542462,0.11260140582919123,0.1181252971291542,128,
738c5da7a06d554c,V2_candidate_KNN,0.037225900195424245,0.04903730106142096,0.21177481556397493,0.4583219036835896,0.5518927528219474,0.6753271480847804,1.0818696576904012,1.7232872843546807,192,
738c5da7a06d554c,V2_Q_mahalanobis,2.003146194780979,2.3660169023508715,2.970554644227139,3.2885558235480623,3.8247994379467283,4.262885545834515,4.528376230272347,4.5727416498419435,128,
a57d242401f951f5,V1_IL_self_KNN,0.024486441165208817,0.029089771024882794,0.03681129217147827,0.04438270442187786,0.05238647945225239,0.07382100149989126,0.09297482348978517,0.10086268186569214,64,
a57d242401f951f5,V1_candidate_KNN,0.19292954057973435,0.27868870782897115,0.32924956116426435,0.3666861253931757,0.4164671099330508,0.4859138867412639,0.5185656350889292,0.8388416550250973,128,1.0
a57d242401f951f5,V2_IL_Q_to_R_KNN,0.025362318381667137,0.029245374258607626,0.03210332617163658,0.034926608204841614,0.03870250564068556,0.05549198426306244,0.0811754605174065,0.08934349566698074,128,
a57d242401f951f5,V2_candidate_KNN,0.026936854832165253,0.032280192594381286,0.14051757747665608,0.29005440901121565,0.36004818320261156,0.45392642644002745,0.4734402232701914,0.5206441224075963,192,
a57d242401f951f5,V2_Q_mahalanobis,2.0381006342843158,2.398176601089657,2.828557586003509,3.2678995226265615,3.691004836914241,4.186357973824362,4.7928923374125665,4.897393704660904,128,
d57a735214e65851,V1_IL_self_KNN,0.0437239371240139,0.04509753435850143,0.05237753503024578,0.05875658430159092,0.06794814951717854,0.08682214915752409,0.1202093905955553,0.12138716131448746,64,
d57a735214e65851,V1_candidate_KNN,0.2116618547756998,0.22471591727332837,0.25468113087987115,0.276410311751625,0.3473318229366321,0.500422481411017,0.5929384450734871,0.6265113381373486,128,1.0
d57a735214e65851,V2_IL_Q_to_R_KNN,0.033814918249845505,0.04035077467560768,0.04634860064834356,0.05212891288101673,0.06245822086930275,0.10269737541675567,0.13717862710356718,0.14471641182899475,128,
d57a735214e65851,V2_candidate_KNN,0.038482101323148,0.04785554791162438,0.12715322811598562,0.2336976497751868,0.27663048066372514,0.37715687915976553,0.4792864311586373,0.5559283593521241,192,
d57a735214e65851,V2_Q_mahalanobis,1.533025343420671,2.0254578505019576,2.496451375524232,2.9681791940268583,3.3487662636451114,3.981849838637594,4.352413819222454,4.643665035129674,128,
9bbb66957b9d5e1c,V1_IL_self_KNN,0.021990815177559853,0.02323743626475334,0.02598957996815443,0.0291421664878726,0.03449049033224583,0.04276120830327272,0.05509047094732521,0.059964198619127274,64,
9bbb66957b9d5e1c,V1_candidate_KNN,0.12048779650994683,0.14051349996986542,0.21817659710183435,0.24713754230641916,0.27211594082588303,0.31969070425317425,0.3789598996048567,0.39614559435629604,128,1.0
9bbb66957b9d5e1c,V2_IL_Q_to_R_KNN,0.015436205081641674,0.01910739839076996,0.02239847555756569,0.024815005250275135,0.02785272477194667,0.03354944717139005,0.08029661655426026,0.10856065899133682,128,
9bbb66957b9d5e1c,V2_candidate_KNN,0.019289056971058163,0.02350779394233772,0.07063562190969805,0.16330600050286953,0.24117470899844695,0.30211269037773864,0.3683325854937654,0.4035199871778433,192,
9bbb66957b9d5e1c,V2_Q_mahalanobis,1.3584079647861393,2.047063507546806,2.407972305776174,2.713632499535602,2.988585773639901,3.6294622016762483,4.163113170868379,4.341781902601631,128,
ccb7a68f3e0a57fc,V1_IL_self_KNN,0.019540613517165184,0.020893582329154014,0.025592823047190905,0.034962935373187065,0.04571147449314594,0.06493541561067102,0.09851362034678446,0.13117912411689758,64,
ccb7a68f3e0a57fc,V1_candidate_KNN,0.05522781930825614,0.06798013556458356,0.11043938560052101,0.19434865756139869,0.2841500476066147,0.527217625581348,0.5520705097779858,0.5726413614521535,128,0.625
ccb7a68f3e0a57fc,V2_IL_Q_to_R_KNN,0.017482636496424675,0.020404939632862808,0.024429189041256905,0.027274576015770435,0.035499587655067444,0.06130264569073912,0.13472836926579476,0.15781797468662262,128,
ccb7a68f3e0a57fc,V2_candidate_KNN,0.01711785869576627,0.024794680356479838,0.05953102476310244,0.10565518528015064,0.211359863640951,0.480061445886087,0.5386963948295699,0.5774707886582252,192,
ccb7a68f3e0a57fc,V2_Q_mahalanobis,1.2172736681601584,1.5401546314958203,2.13579524391629,2.4864278587325837,2.8862561395454205,3.8825480301914674,4.184207351803238,4.2760300485256675,128,
05c91985246d58a6,V1_IL_self_KNN,0.023739108815789223,0.025393359642475844,0.031442481093108654,0.03634008765220642,0.04271105397492647,0.0652204405516386,0.085351810157299,0.09602703154087067,64,
05c91985246d58a6,V1_candidate_KNN,0.11070547940801775,0.13690601229339475,0.15496283767087654,0.19046334947957616,0.46067601100746003,0.8647673566454968,0.8838176172450889,0.8911440003294496,128,1.0
05c91985246d58a6,V2_IL_Q_to_R_KNN,0.019299183040857315,0.022704776842147112,0.025447480380535126,0.03038647025823593,0.03580877464264631,0.05541905388236045,0.0784255500510336,0.0880892351269722,128,
05c91985246d58a6,V2_candidate_KNN,0.02076429009278163,0.02933501944643829,0.08634153892679403,0.15496187581353005,0.28711958729615517,0.8358706147211243,0.875875984542883,0.8898006867638513,192,
05c91985246d58a6,V2_Q_mahalanobis,1.5820504297006723,1.8496229805312874,2.3231856490049103,2.64780790919738,3.1180319879252427,4.003582628972458,4.988737718312879,5.231580892844692,128,
2d1c26e4b5895e96,V1_IL_self_KNN,0.01552135031670332,0.01734534269198775,0.021195807494223118,0.023052962496876717,0.02679990464821458,0.03830072823911904,0.05939162172377109,0.05984748527407646,64,
2d1c26e4b5895e96,V1_candidate_KNN,0.09642618031951167,0.13473041009882722,0.19009683554207565,0.2446211962264192,0.32189928982234983,0.5403942518873028,0.608948447404395,0.6687192407368483,128,1.0
2d1c26e4b5895e96,V2_IL_Q_to_R_KNN,0.01169657427817583,0.014782038470730187,0.01764234947040677,0.020532000809907913,0.023944271728396416,0.03411204814910888,0.04536908455193045,0.047942258417606354,128,
2d1c26e4b5895e96,V2_candidate_KNN,0.014455972811916268,0.018122737489651188,0.0869045257809546,0.15451033115825713,0.24094842497266297,0.4101228858136261,0.49912191696661135,0.5686128705075192,192,
2d1c26e4b5895e96,V2_Q_mahalanobis,1.6132722311548284,2.0194691751604936,2.492218877625219,2.9615173370555534,3.3232304565712276,3.9185359898261347,4.181459653154367,4.659193203855533,128,
1f71cdf4e4c65299,V1_IL_self_KNN,0.018207401037216187,0.02010722104460001,0.0225652689114213,0.024974478408694267,0.02855780441313982,0.03309132326394319,0.04223911494016646,0.04616408795118332,64,
1f71cdf4e4c65299,V1_candidate_KNN,0.07713831213294856,0.09151501574538433,0.1108996412862541,0.21032822654872563,0.435710501963319,0.6018343511340633,0.6578857103203262,0.6615918781516203,128,1.0
1f71cdf4e4c65299,V2_IL_Q_to_R_KNN,0.013641908764839172,0.015968650393188,0.019022091291844845,0.02145873475819826,0.024628067389130592,0.031001354008913035,0.03684580314904453,0.051578689366579056,128,
1f71cdf4e4c65299,V2_candidate_KNN,0.014535803785368395,0.019478343016126498,0.06624709120123337,0.11677072420755394,0.2589009201789178,0.4902926976094419,0.5486783977094982,0.6001419992376185,192,
1f71cdf4e4c65299,V2_Q_mahalanobis,1.398220173391994,1.9029218674082122,2.4130246739894683,2.6543478974846484,3.000186510998701,3.5708381802609646,4.326584363067779,4.373147659292408,128,
1b7a2afa56df5d20,V1_IL_self_KNN,0.0279142614454031,0.02935154773294926,0.033225420862436295,0.037569329142570496,0.04523630905896425,0.06232147924602029,0.1102493263781069,0.15089130401611328,64,
1b7a2afa56df5d20,V1_candidate_KNN,0.07604375632298384,0.10319160312121828,0.1306547399160703,0.26522404464924876,0.36952839585065667,0.9510584803645837,1.015847190233747,1.0214047447783572,128,0.6640625
1b7a2afa56df5d20,V2_IL_Q_to_R_KNN,0.023009952157735825,0.02687493246048689,0.029940485954284668,0.033998824656009674,0.03957443777471781,0.05585555974394083,0.07352449879050259,0.07711927592754364,128,
1b7a2afa56df5d20,V2_candidate_KNN,0.02592696688454284,0.02986007213023598,0.07641991042479421,0.1303567383678054,0.27567733925273713,0.7995772471285167,0.9315984219457669,0.9501381835926903,192,
1b7a2afa56df5d20,V2_Q_mahalanobis,1.5932779198685416,1.9759394667082872,2.526008851162712,2.8569194845861356,3.2627861060462893,3.8486970614089206,4.24064039990825,4.297938172494742,128,
1f37959067985e67,V1_IL_self_KNN,0.02952481433749199,0.0339334337040782,0.038680290803313255,0.04658683389425278,0.05490359757095575,0.08479850403964519,0.1345459727942942,0.17452500760555267,64,
1f37959067985e67,V1_candidate_KNN,0.07190629657408845,0.26152561983914346,0.30211822868653365,0.3851420252417104,0.5072872196077064,1.3783174690422573,1.4933248460315565,1.5095993133681787,128,0.9921875
1f37959067985e67,V2_IL_Q_to_R_KNN,0.025418337434530258,0.029921127296984196,0.034074513241648674,0.03801393136382103,0.044729359447956085,0.06257714666426181,0.0678253772109747,0.07143113762140274,128,
1f37959067985e67,V2_candidate_KNN,0.027589711309284358,0.03452827428170401,0.14072192218942137,0.26866652957889975,0.3996801212831034,1.254549260273851,1.4200792544769887,1.480153562648195,192,
1f37959067985e67,V2_Q_mahalanobis,1.7266994189918956,2.1272306953450513,2.559682335890248,2.857337647625649,3.266726300837979,3.888631606713439,4.197507911859662,4.949376007436521,128,
f07db0b393fd522e,V1_IL_self_KNN,0.01936407946050167,0.020160315185785295,0.025079437531530857,0.030698688700795174,0.04103799071162939,0.05765054244548081,0.09968964174389824,0.13473829627037048,64,
f07db0b393fd522e,V1_candidate_KNN,0.08919507778935244,0.11831172578047486,0.1550835929061654,0.1929376214120281,0.2780417622948946,0.47945126572488994,0.4905279040943497,0.5027777478497688,128,0.890625
f07db0b393fd522e,V2_IL_Q_to_R_KNN,0.016071779653429985,0.019914713315665723,0.02314541209489107,0.025995906442403793,0.030479256995022297,0.03951731268316507,0.0615166350081563,0.07858796417713165,128,
f07db0b393fd522e,V2_candidate_KNN,0.018240069329175435,0.02343634857291645,0.0724668719974074,0.11196868017598362,0.20490940458983525,0.45061353675490656,0.47512091113589433,0.4808963092876466,192,
f07db0b393fd522e,V2_Q_mahalanobis,1.41290368907885,1.5855983934795006,2.0654775355309525,2.353095388033127,2.742740610544962,3.2082074832543093,3.261088903937393,3.924602031933927,128,
fa4cc4b0188c5b79,V1_IL_self_KNN,0.022700509056448936,0.025988720171153546,0.029558321926742792,0.03325052186846733,0.038608165457844734,0.05736844018101692,0.09144614748656749,0.09489001333713531,64,
fa4cc4b0188c5b79,V1_candidate_KNN,0.38547018136786165,0.4765312738127085,0.5809220725917184,0.6708836516535316,0.7653097310300283,1.5803083728260048,1.7002671666942257,4.446332365081451,128,1.0
fa4cc4b0188c5b79,V2_IL_Q_to_R_KNN,0.017993032932281494,0.01989343874156475,0.024655417539179325,0.028533575125038624,0.03392294328659773,0.05018063876777884,0.07965699814260008,0.09644166380167007,128,
fa4cc4b0188c5b79,V2_candidate_KNN,0.02202260101382324,0.026563852052164317,0.2762417814230062,0.49491820261316477,0.6748987175434695,1.5101132676120756,2.7539924753576575,4.442687277036315,192,
fa4cc4b0188c5b79,V2_Q_mahalanobis,1.8495899603282333,1.973413347719776,2.4696722845550543,2.8107070040781297,3.107961077252822,3.727891469489153,4.139140494631204,4.4639479094285885,128,
eb2ede89ad9b5a6e,V1_IL_self_KNN,0.03921214118599892,0.04181875381618738,0.045695835724473,0.05280749313533306,0.05877361632883549,0.07317745424807069,0.08687635943293566,0.10076848417520523,64,
eb2ede89ad9b5a6e,V1_candidate_KNN,0.07590139979078933,0.12807365277134156,0.14439865099927032,0.15882309222318325,0.39454423671429717,1.1190624808135938,1.2885828348427484,1.3541223584178024,128,0.984375
eb2ede89ad9b5a6e,V2_IL_Q_to_R_KNN,0.027862612158060074,0.03125691395252943,0.03712365962564945,0.04106639884412289,0.04610304068773985,0.06304536983370776,0.08346376717090609,0.1096196398139,128,
eb2ede89ad9b5a6e,V2_candidate_KNN,0.030264617981250647,0.03773569174530671,0.08673230228044623,0.1306468625658741,0.31501773159955143,1.0016207195840172,1.2389331822931513,1.2533092342863865,192,
eb2ede89ad9b5a6e,V2_Q_mahalanobis,1.9179995706207162,2.4208543849808857,2.9765179948098783,3.3292294544214602,3.643799944631575,4.209584477554457,4.516670392553177,4.69380926003616,128,
bc4345e13302535e,V1_IL_self_KNN,0.022269753739237785,0.02276151953265071,0.025805125012993813,0.028720666654407978,0.03447221964597702,0.047997564263641816,0.06268238723278041,0.07461973279714584,64,
bc4345e13302535e,V1_candidate_KNN,0.04686939247033586,0.05171702397310861,0.06916830440584383,0.09055856213680649,0.5977287270977728,0.6680953573361957,0.748530952701728,0.7549071027840607,128,0.640625
bc4345e13302535e,V2_IL_Q_to_R_KNN,0.01659632846713066,0.018346437253057957,0.021348022390156984,0.023662987165153027,0.0272889519110322,0.03881989307701587,0.055045944787561925,0.08981910347938538,128,
bc4345e13302535e,V2_candidate_KNN,0.015297454151306478,0.02190735545171635,0.04040014553168391,0.07499883906389351,0.3239549231456428,0.6304723851154065,0.6763274865567764,0.729904175000193,192,
bc4345e13302535e,V2_Q_mahalanobis,1.654152955423803,2.0567666253853485,2.619539276570653,2.9259611272256354,3.281079293698017,3.7848020073496675,4.012183517434159,4.230608777078301,128,
66568e650e4d57e7,V1_IL_self_KNN,0.010995106771588326,0.012241388112306595,0.015767632517963648,0.017928759567439556,0.02087345952168107,0.03441989775747059,0.05886724162846801,0.06669662147760391,64,
66568e650e4d57e7,V1_candidate_KNN,0.04415660380770168,0.051920993298334606,0.06879282077871023,0.18566151953335758,0.24534331764150352,0.30215123186266224,0.3464837782508439,0.3841334405903404,128,0.765625
66568e650e4d57e7,V2_IL_Q_to_R_KNN,0.010339165106415749,0.010832500085234642,0.013410437386482954,0.015141797717660666,0.01859903335571289,0.02631795778870582,0.05979326501488688,0.08834250271320343,128,
66568e650e4d57e7,V2_candidate_KNN,0.011824854067140855,0.014469926239472805,0.03882237422094298,0.0656350152968197,0.17671399948186084,0.2735351302033413,0.3165469442563076,0.35649803785911516,192,
66568e650e4d57e7,V2_Q_mahalanobis,1.5740759981952777,1.8551730297951117,2.2310158808675498,2.524957430415422,3.056821622063856,3.542489781081292,4.45115124309621,4.639146792975986,128,
74ae55238ee5525d,V1_IL_self_KNN,0.01895079016685486,0.021155081782490016,0.024979745969176292,0.028306755237281322,0.03474956005811691,0.04813612792640922,0.054539319835603214,0.059592705219984055,64,
74ae55238ee5525d,V1_candidate_KNN,0.048792004410246476,0.05144012342198658,0.11082248774534571,0.24602013431274816,0.32195099630223833,0.4580520497764801,0.4975584414574402,0.5344128904381206,128,0.8984375
74ae55238ee5525d,V2_IL_Q_to_R_KNN,0.014978398568928242,0.017334697023034095,0.020366123411804438,0.023253018967807293,0.027454263530671597,0.04571495801210402,0.09421204365789893,0.18367749452590942,128,
74ae55238ee5525d,V2_candidate_KNN,0.015564517730761614,0.020849700175750097,0.04857203878153147,0.10930145305613062,0.25308398779913993,0.4118450632762434,0.4737232302265373,0.5206811957724461,192,
74ae55238ee5525d,V2_Q_mahalanobis,1.5470823833238347,1.8998606326519047,2.393937625352363,2.8061093501329797,3.108899644471493,3.689896122703052,4.366210865423462,5.986296444279846,128,
a124b877d2b35519,V1_IL_self_KNN,0.03679238259792328,0.039265269227325914,0.04828353971242905,0.050845347344875336,0.06851363554596901,0.10152174681425094,0.121861911714077,0.12248016893863678,64,
a124b877d2b35519,V1_candidate_KNN,0.25909156421590523,0.30490663393628514,0.3471515310108192,0.36956895957753777,0.4049801282057299,0.439336952369637,0.4628176328815576,0.4920565894505904,128,1.0
a124b877d2b35519,V2_IL_Q_to_R_KNN,0.03537020832300186,0.036658434011042115,0.04266940988600254,0.04752069525420666,0.05501547083258629,0.06915937922894955,0.07300551503896714,0.07471050322055817,128,
a124b877d2b35519,V2_candidate_KNN,0.030897302635243106,0.03977999337004101,0.12776030218456202,0.30157385330554964,0.34615766910397294,0.39668815481269154,0.4436931654585016,0.5164503935086838,192,
a124b877d2b35519,V2_Q_mahalanobis,1.2421755155721257,2.2089455403425,2.680541551483454,2.984079836526256,3.473445846011677,4.3993854894054145,4.741223684825736,5.774193051425333,128,
1c6a5ee8a5785b0e,V1_IL_self_KNN,0.01166621781885624,0.012153789447620512,0.01358388620428741,0.015406355261802673,0.018102248199284077,0.03775307126343249,0.0664522928372025,0.08027096092700958,64,
1c6a5ee8a5785b0e,V1_candidate_KNN,0.022989654358362206,0.04581351424149672,0.14001790540199965,0.19367463529170947,0.4661162458148186,0.502137718547175,0.5084837622068205,0.5154584801971553,128,0.828125
1c6a5ee8a5785b0e,V2_IL_Q_to_R_KNN,0.0083819180727005,0.009801544435322284,0.011401822557672858,0.012819658499211073,0.014700951287522912,0.022948900237679457,0.033693468961864724,0.035325370728969574,128,
1c6a5ee8a5785b0e,V2_candidate_KNN,0.009621892464270126,0.012835389451086482,0.05581938523114807,0.14577313905168227,0.27029299556663616,0.48382545832540963,0.5101812921187225,0.5128042696934367,192,
1c6a5ee8a5785b0e,V2_Q_mahalanobis,1.7319987281216673,2.2742038088208427,2.8584975876412955,3.1482887652307596,3.6406384326522443,4.16984229369578,4.537959167140536,5.077711297095202,128,
ed47cee1c67e5d43,V1_IL_self_KNN,0.03868724778294563,0.04050362054258585,0.04761401005089283,0.054589612409472466,0.06060611270368099,0.07562944516539573,0.08556919768452642,0.09177913516759872,64,
ed47cee1c67e5d43,V1_candidate_KNN,0.058989563240639455,0.07817607138628667,0.17710055301776642,0.2800205916503263,0.3465965925855535,1.3731953722313874,1.5126136967377273,1.6657545134485694,128,0.8671875
ed47cee1c67e5d43,V2_IL_Q_to_R_KNN,0.029113689437508583,0.032087608426809314,0.03706310596317053,0.04143286123871803,0.04657694883644581,0.06466614082455635,0.08293629020452505,0.09557852894067764,128,
ed47cee1c67e5d43,V2_candidate_KNN,0.032247791820565676,0.03758042608210282,0.07745467853909588,0.1778697545798653,0.2818197148412174,1.0937011451827432,1.369169345462333,1.6207374628317148,192,
ed47cee1c67e5d43,V2_Q_mahalanobis,1.8854619486208106,2.1927586530508116,2.565225247035418,2.9577998490514936,3.3581628801996772,3.825449946505227,4.09663573108314,4.5230719820011185,128,
838c6ba50bd25cd5,V1_IL_self_KNN,0.034080080687999725,0.03647583089768887,0.044106156565248966,0.050863418728113174,0.06160904187709093,0.08122690245509147,0.09445869833230967,0.10735239088535309,64,
838c6ba50bd25cd5,V1_candidate_KNN,0.2758528949258257,0.3284737105045995,0.39597256904100686,0.5156595025401327,0.6373529961992398,0.9670608790068014,1.063594521075924,1.1743572133948228,128,1.0
838c6ba50bd25cd5,V2_IL_Q_to_R_KNN,0.026310676708817482,0.03222916685044765,0.03696058411151171,0.04177853651344776,0.04906732030212879,0.06563819944858551,0.07427050337195398,0.08919809013605118,128,
838c6ba50bd25cd5,V2_candidate_KNN,0.02832688654161386,0.03829368818729304,0.2367491285983236,0.4030543015532735,0.5271219141156332,0.8268130103157694,0.9676397666639572,1.110200225378183,192,
838c6ba50bd25cd5,V2_Q_mahalanobis,1.8320619659041375,2.012454080758615,2.4319980016301868,2.7746900188724233,3.189070908260722,3.551451749505965,4.205422173128884,4.44309604778562,128,
089b0ec6d7d35c09,V1_IL_self_KNN,0.03830482438206673,0.04145015683025122,0.04902407806366682,0.056247249245643616,0.06766887381672859,0.09710570499300952,0.11703768283128738,0.11909417808055878,64,
089b0ec6d7d35c09,V1_candidate_KNN,0.16504499025278213,0.18439736198089252,0.2384963606844959,0.2882185125661615,0.5128236468930364,0.7337620054808021,0.7974893967572872,0.8411525999203627,128,1.0
089b0ec6d7d35c09,V2_IL_Q_to_R_KNN,0.027913549914956093,0.03366722725331783,0.04022481478750706,0.047244561836123466,0.05896836332976818,0.08034583367407318,0.11926715724170214,0.13532719016075134,128,
089b0ec6d7d35c09,V2_candidate_KNN,0.030482754165620858,0.03869203949417111,0.14350578232221095,0.2237934639918981,0.30914416889310337,0.6626666393965881,0.7235684515041566,0.7773256977790692,192,
089b0ec6d7d35c09,V2_Q_mahalanobis,1.3797047832154083,1.7818145170544344,2.3191536933977264,2.667447529767687,3.015645456942476,3.641068897704578,3.8949919389070433,4.684094955318121,128,
9dedf462b1c0528f,V1_IL_self_KNN,0.03196946531534195,0.03477946110069752,0.04072718508541584,0.047594888135790825,0.0596805103123188,0.08344941772520541,0.10250657096505159,0.11711124330759048,64,
9dedf462b1c0528f,V1_candidate_KNN,0.11109411020071765,0.1270259372082577,0.15831515924333092,0.2166459973408824,0.5908883200840298,1.5723569071797432,1.74683877083317,1.7541507326522148,128,0.984375
9dedf462b1c0528f,V2_IL_Q_to_R_KNN,0.028017286211252213,0.030813744105398656,0.03562103118747473,0.04092575050890446,0.048175700940191746,0.06115493532270192,0.07420725703239443,0.09528037905693054,128,
9dedf462b1c0528f,V2_candidate_KNN,0.02916580350357844,0.037297776351529054,0.08957689893738824,0.15889505577282786,0.42725967263711706,1.4105549721151849,1.6453440857875212,1.7340563162791394,192,
9dedf462b1c0528f,V2_Q_mahalanobis,1.7856674306989402,2.065278927404816,2.406435735849226,2.867653448724002,3.3018819611759467,3.6742001558549453,4.011701209954779,4.219229691985761,128,
61987c90d8635129,V1_IL_self_KNN,0.03791222721338272,0.04422644656151533,0.053419009782373905,0.06588644906878471,0.08521746098995209,0.11761191897094249,0.16191440090537051,0.21419771015644073,64,
61987c90d8635129,V1_candidate_KNN,0.3092742191309005,0.3945038874606421,0.4868159255321071,0.5500337804582138,0.6316929711062139,0.6805596553806295,0.723093796887918,0.7566600903934726,128,1.0
61987c90d8635129,V2_IL_Q_to_R_KNN,0.033099960535764694,0.03909986037760973,0.04625725466758013,0.0541758444160223,0.062233831733465195,0.08822499364614483,0.11418997101485734,0.1391894817352295,128,
61987c90d8635129,V2_candidate_KNN,0.03952453174974284,0.0505516060875151,0.17212631396697436,0.3962528900970991,0.515640698024484,0.6478117634426936,0.6929510593798881,0.7255985538721627,192,
61987c90d8635129,V2_Q_mahalanobis,1.6943495617112265,2.1458874182530296,2.5359713411828446,2.9566775993441805,3.4184597027348467,4.066820404309677,4.796799693535318,5.182998724140304,128,
bbbae26a26605b08,V1_IL_self_KNN,0.024901533499360085,0.027679053507745265,0.03242331650108099,0.03570379875600338,0.042761788703501225,0.056747821159660795,0.0797459647804498,0.09432338923215866,64,
bbbae26a26605b08,V1_candidate_KNN,0.04687410369934395,0.05324969626483118,0.07360034031527544,0.12193733766679661,0.7447092679056095,1.5968461041333155,1.7075575351959806,1.7450740980829944,128,0.625
bbbae26a26605b08,V2_IL_Q_to_R_KNN,0.01868586242198944,0.022682217601686715,0.027958120219409466,0.03129957430064678,0.037432043813169,0.049325148202478866,0.06367356847971681,0.06817138195037842,128,
bbbae26a26605b08,V2_candidate_KNN,0.024074248712046147,0.028266215578250382,0.04866682995795973,0.08458874553943752,0.49087228358671475,1.4235280243527124,1.5735513475639178,1.6333029214127053,192,
bbbae26a26605b08,V2_Q_mahalanobis,1.4953120274520417,1.9198221337311177,2.3315127938213265,2.715158386949089,3.020509920792419,3.516044120532213,3.873835183206192,4.414079617482591,128,
8142f060944c56fd,V1_IL_self_KNN,0.02980039082467556,0.0322412608191371,0.03584981430321932,0.04016321338713169,0.0501579949632287,0.06436072811484336,0.09515993796288953,0.1303878277540207,64,
8142f060944c56fd,V1_candidate_KNN,0.05681863508908065,0.09584641248448757,0.16656476263171058,0.2193663308103045,0.2649322331265717,0.3606024934270536,0.4087941703965572,0.4151766067778464,128,0.8125
8142f060944c56fd,V2_IL_Q_to_R_KNN,0.02610735036432743,0.028494809474796056,0.031285304576158524,0.03494081646203995,0.041999731212854385,0.05440820176154372,0.07443076923489574,0.10354582965373993,128,
8142f060944c56fd,V2_candidate_KNN,0.028655479171495947,0.03285006387289229,0.07444981185566538,0.12513196975856014,0.1956774183197628,0.3305923871166145,0.38886215093044985,0.3974246475310971,192,
8142f060944c56fd,V2_Q_mahalanobis,1.7944340513915609,2.109275971138985,2.4653898228219266,2.7075851721003925,3.167174474556643,3.8964664252746335,4.436243873464404,5.284047638748695,128,
2c76b8e2d1d85701,V1_IL_self_KNN,0.0192311629652977,0.0213542097248137,0.028395330533385277,0.03564624302089214,0.04054528847336769,0.056536226719617826,0.06739823430776595,0.06888442486524582,64,
2c76b8e2d1d85701,V1_candidate_KNN,0.06877439046594366,0.10395175336880393,0.12011567030365636,0.22870493347514337,0.5818485564396364,1.0426219884795396,1.110006473386175,1.1224328187390231,128,0.9921875
2c76b8e2d1d85701,V2_IL_Q_to_R_KNN,0.01971186138689518,0.02279231371358037,0.025719079189002514,0.02881510928273201,0.03419123683124781,0.049561187811195846,0.06843846149742608,0.08393877744674683,128,
2c76b8e2d1d85701,V2_candidate_KNN,0.018968755426417374,0.026937939262132803,0.07513340589079182,0.12847356975585172,0.40606261568114166,0.9256455411401794,1.0532796851881077,1.0949351342095124,192,
2c76b8e2d1d85701,V2_Q_mahalanobis,1.6048183275831545,1.8794961688013934,2.3872159892851457,2.707139718966964,3.1181408041530982,3.566707214508303,4.004389694455076,4.1052945427053915,128,
8a0b4dd476055911,V1_IL_self_KNN,0.02943827584385872,0.03610298130661249,0.04181499406695366,0.04985794983804226,0.06289332173764706,0.10583359301090231,0.11451418332755565,0.11505267769098282,64,
8a0b4dd476055911,V1_candidate_KNN,0.1250495723565333,0.15884063206719914,0.2088230021968408,0.24879165517318597,0.3783288963185212,0.4926672501624387,0.5466535525385459,0.73817116032294,128,1.0
8a0b4dd476055911,V2_IL_Q_to_R_KNN,0.027892643585801125,0.032135578244924544,0.03880981542170048,0.046780940145254135,0.053843225352466106,0.07419219277799129,0.08699149146676065,0.11233546584844589,128,
8a0b4dd476055911,V2_candidate_KNN,0.02486133683821931,0.03958131076765746,0.11264065717283073,0.17429602623209664,0.2514740529461481,0.3869780328389847,0.4615134110835272,0.4946649768404403,192,
8a0b4dd476055911,V2_Q_mahalanobis,1.5015973410399037,1.7783708558407203,2.3614589635957146,2.8587032022394876,3.3068282114036327,4.015845101113825,5.171751395359558,6.089083452169429,128,
b8adc82de5ae50e2,V1_IL_self_KNN,0.028684398159384727,0.03132192175835371,0.0363647248595953,0.038948213681578636,0.043464427813887596,0.06792426649481052,0.11260231293737866,0.16937299072742462,64,
b8adc82de5ae50e2,V1_candidate_KNN,0.1419304083206761,0.16684879403873104,0.26961233499914566,0.36589023140175364,0.553026551897048,1.4364542912916785,1.5470382470183026,1.5748924451844057,128,0.921875
b8adc82de5ae50e2,V2_IL_Q_to_R_KNN,0.02274709939956665,0.02499341368675232,0.029881267342716455,0.03600248508155346,0.04266349412500858,0.05420518107712268,0.06944463312625886,0.07301205396652222,128,
b8adc82de5ae50e2,V2_candidate_KNN,0.02421361297394175,0.02996798327420256,0.1334080310716897,0.22238803187533657,0.3854071672594407,1.2006926214274833,1.3741979947848313,1.473348567794305,192,
b8adc82de5ae50e2,V2_Q_mahalanobis,1.558653442128077,1.8536663177512362,2.201750794034937,2.637007195383773,2.9902209528468453,3.370413237100776,3.7969637698047123,4.012547398479873,128,
025b2d4de25c5036,V1_IL_self_KNN,0.022391194477677345,0.0254786329343915,0.028863909188658,0.033395009115338326,0.03795138746500015,0.07974139694124448,0.09270914129912851,0.09838291257619858,64,
025b2d4de25c5036,V1_candidate_KNN,0.14432455577590542,0.1553396758052108,0.20073761854433766,0.2502502593622922,0.3136849993151808,0.41967304096191776,0.4547052537143709,0.4714073751482962,128,1.0
025b2d4de25c5036,V2_IL_Q_to_R_KNN,0.019611703231930733,0.020463523641228675,0.023701736237853765,0.026751026511192322,0.0317740747705102,0.03919058963656426,0.04425445184111597,0.047815270721912384,128,
025b2d4de25c5036,V2_candidate_KNN,0.019536409458952842,0.02459499162519558,0.10606506966206725,0.18132661899193564,0.2574741258042998,0.3843726391070568,0.415478144434868,0.44642663803033766,192,
025b2d4de25c5036,V2_Q_mahalanobis,1.5538127986579013,1.8744542024016706,2.422251911773409,2.8477149866052027,3.156260865158938,3.5855448150426645,3.8979252982608275,3.95562409774149,128,
9a7fc4d0041650fc,V1_IL_self_KNN,0.014211200177669525,0.015621851710602642,0.01895164931192994,0.02132913190871477,0.02490106225013733,0.037505198270082474,0.056004857830703234,0.06154670566320419,64,
9a7fc4d0041650fc,V1_candidate_KNN,0.07256010450444964,0.07860150284918613,0.1872628786531409,0.22999418141984773,0.2964235580879072,0.3996393842932178,0.7415878364087782,0.8652650025384265,128,1.0
9a7fc4d0041650fc,V2_IL_Q_to_R_KNN,0.011561553925275803,0.013035573437809944,0.014946374110877514,0.017591655254364014,0.023448690306395292,0.032508504018187515,0.04691886350512508,0.05156998708844185,128,
9a7fc4d0041650fc,V2_candidate_KNN,0.01059214818313538,0.014846601688890765,0.06698477758219679,0.15086332133260932,0.21192513477343045,0.3214402912603576,0.5889134450406298,0.8188143292774115,192,
9a7fc4d0041650fc,V2_Q_mahalanobis,1.294428343732294,1.560230912987892,2.041392204173185,2.3664712895837257,2.7371923215312677,3.2996915390925188,3.7886324231229556,4.025018494076641,128,
ad1af1160bd05ef7,V1_IL_self_KNN,0.02135278284549713,0.02343014646321535,0.02759035862982273,0.03858921118080616,0.04625645745545626,0.07022827938199043,0.09448930889368054,0.10277458280324936,64,
ad1af1160bd05ef7,V1_candidate_KNN,0.10588302349711927,0.12491549479297252,0.15909901147839137,0.19019691275877482,0.2973926800837601,0.7841555731460499,0.9278515889663456,0.9660178346363356,128,1.0
ad1af1160bd05ef7,V2_IL_Q_to_R_KNN,0.022784234955906868,0.024651389010250567,0.02924787811934948,0.03259073942899704,0.03883066587150097,0.06047410611063238,0.10566285923123366,0.12376539409160614,128,
ad1af1160bd05ef7,V2_candidate_KNN,0.022642003976608184,0.02970951797293836,0.0835487276625283,0.13499107760400025,0.2184219423636386,0.7037943080414371,0.8592827157101894,0.9487182828015183,192,
ad1af1160bd05ef7,V2_Q_mahalanobis,1.7436815672686015,1.9594025058058504,2.3536880439580896,2.8629906246366237,3.321652945726901,4.073135561681479,4.992403723297023,5.0824643244016565,128,
d4185f4edc7e54e5,V1_IL_self_KNN,0.022244028747081757,0.023584415670484304,0.02835297491401434,0.033861979842185974,0.047238223254680634,0.0644237646833062,0.07063336960971353,0.0769365131855011,64,
d4185f4edc7e54e5,V1_candidate_KNN,0.25344704510731564,0.2673330310271167,0.34592552712619706,0.3811889771940849,0.438010310847461,0.8591989415199426,1.0157196917530706,1.1149289779832103,128,1.0
d4185f4edc7e54e5,V2_IL_Q_to_R_KNN,0.017637452110648155,0.022501708753407002,0.025952872820198536,0.028265072964131832,0.03298841044306755,0.045030343718826756,0.0796620320528747,0.09753241389989853,128,
d4185f4edc7e54e5,V2_candidate_KNN,0.020760673274828084,0.028170180436181646,0.13408313888050402,0.27565100900464684,0.36568795845989394,0.7160562943707482,0.9167835672088154,0.9763973358515539,192,
d4185f4edc7e54e5,V2_Q_mahalanobis,1.726058737367581,2.0183913074968944,2.47056424027156,2.8294821128324585,3.1028071958819674,3.666275743915421,3.9281278076490573,4.232946900480763,128,
1b1311d50d47553f,V1_IL_self_KNN,0.02710220217704773,0.03011560207232833,0.03557720314711332,0.03987780027091503,0.051846456713974476,0.08130429014563553,0.09149412252008915,0.09229595214128494,64,
1b1311d50d47553f,V1_candidate_KNN,0.12205052352957282,0.17130644816104937,0.21697009791319158,0.29616465720708074,0.47531269317786795,1.2301583211355864,1.3803360127293867,1.4347523637774995,128,1.0
1b1311d50d47553f,V2_IL_Q_to_R_KNN,0.024631205946207047,0.02692362032830715,0.033321128226816654,0.03823452815413475,0.04466952849179506,0.0571123270317912,0.06984485104680062,0.07132028043270111,128,
1b1311d50d47553f,V2_candidate_KNN,0.023447233747268585,0.03329568404183144,0.10287696632844316,0.17578835668748077,0.3420312023517914,1.0659547757811514,1.181181582235162,1.2980391277501695,192,
1b1311d50d47553f,V2_Q_mahalanobis,1.5812193354584791,2.013720250876893,2.527648511622375,2.906757579437916,3.2755871196371364,3.871147914355256,4.150770664704767,4.231872723766187,128,
573ac67fb17a5a71,V1_IL_self_KNN,0.02048064023256302,0.02266191365197301,0.028289820533245802,0.032562730833888054,0.04076655860990286,0.061404742673039386,0.09529013365507123,0.10229174792766571,64,
573ac67fb17a5a71,V1_candidate_KNN,0.06053225582766979,0.07307872130193933,0.09644977971181704,0.15890183050632117,0.48369048126667036,0.9229827531938861,1.03563351141167,1.064829288865352,128,0.6875
573ac67fb17a5a71,V2_IL_Q_to_R_KNN,0.016755523160099983,0.01958252852782607,0.023831882514059544,0.02643690165132284,0.03280068188905716,0.05766653623431921,0.06940460070967676,0.07364263385534286,128,
573ac67fb17a5a71,V2_candidate_KNN,0.018245786382165497,0.02251613828442693,0.06373434320625403,0.10829624639494506,0.3056577403648502,0.7886927255799574,0.940207000597512,1.0285982123819797,192,
573ac67fb17a5a71,V2_Q_mahalanobis,1.3598298347122404,1.8308490674926905,2.22559430610394,2.5424265092104155,2.9787192289722326,3.651653103195356,3.9336427436388757,4.486270722957347,128,
da8c9449da6854ed,V1_IL_self_KNN,0.028420787304639816,0.032514681667089464,0.04429700784385204,0.05406218208372593,0.06852605007588863,0.10346671640872945,0.12385220959782596,0.1341858208179474,64,
da8c9449da6854ed,V1_candidate_KNN,0.09118185858731623,0.1069937411451761,0.13050330108595248,0.14705801950997444,0.1802197868957713,0.945906540709326,1.037421030321543,1.232481467208037,128,0.6875
da8c9449da6854ed,V2_IL_Q_to_R_KNN,0.022740686312317848,0.028892677649855612,0.03442766796797514,0.040153367444872856,0.047461059875786304,0.06813033074140545,0.08829028293490411,0.09454664587974548,128,
da8c9449da6854ed,V2_candidate_KNN,0.030249234126964803,0.035175510789223825,0.08478876675679962,0.11836557927081295,0.16196365581241834,0.8120450322445427,0.9958003827125563,1.1969555965989798,192,
da8c9449da6854ed,V2_Q_mahalanobis,0.9185860610833764,1.6211665353295641,1.961288957295217,2.330323262027685,2.727711165954045,3.2669350824631924,3.702730066980266,3.950367584619975,128,
7f2409d7f6705308,V1_IL_self_KNN,0.02636442705988884,0.0272170745767653,0.03419227432459593,0.04041227884590626,0.050646920688450336,0.06781041473150254,0.09717870287597172,0.11544151604175568,64,
7f2409d7f6705308,V1_candidate_KNN,0.23739170603159826,0.2756387472348363,0.37637837746044106,0.41007319209149856,0.4727779102221012,1.0087910267394957,1.0639282747878802,1.0889000454837663,128,1.0
7f2409d7f6705308,V2_IL_Q_to_R_KNN,0.02216610684990883,0.025053013768047094,0.029078993014991283,0.03332419879734516,0.04103005398064852,0.054334461875259844,0.07844024680554872,0.10243324935436249,128,
7f2409d7f6705308,V2_candidate_KNN,0.022452560632823727,0.03034443429979567,0.134030313591549,0.2875360491225213,0.40031824676202177,0.8765691922794027,1.067637249042596,1.1082339815582327,192,
7f2409d7f6705308,V2_Q_mahalanobis,1.5643073681184694,1.9469267580449867,2.578286030269747,2.899566057264752,3.303299729240596,3.6287564535278047,4.055420364324072,4.428517435436807,128,
94ae5d67804c539d,V1_IL_self_KNN,0.0202829297631979,0.020567571558058263,0.02399440435692668,0.028203746303915977,0.036091296933591366,0.05529610272496937,0.07157243400812147,0.07718725502490997,64,
94ae5d67804c539d,V1_candidate_KNN,0.10885408314997999,0.11572356223220998,0.17037221320417129,0.24352280979481278,0.2917712851057125,0.5650681865107704,0.6481434707534794,0.6635345961747234,128,1.0
94ae5d67804c539d,V2_IL_Q_to_R_KNN,0.016008451581001282,0.017698490153998138,0.02046869695186615,0.023252926766872406,0.02917121909558773,0.03933698125183582,0.05054931856691838,0.051491301506757736,128,
94ae5d67804c539d,V2_candidate_KNN,0.017024517446141686,0.020487223145230535,0.10580342350486578,0.1649423689084391,0.24991945229320284,0.43902662702767375,0.545454487639028,0.6044588434028082,192,
94ae5d67804c539d,V2_Q_mahalanobis,1.5097005277413642,1.6896838285284377,2.0714910829866664,2.484086252629898,2.771998957629909,3.316438179041703,3.5738125098925155,3.647621855333527,128,
4f9a94c1302e56d8,V1_IL_self_KNN,0.02347504161298275,0.026045268680900336,0.03112308494746685,0.03582320176064968,0.04019441641867161,0.059918048046529254,0.0831513692438601,0.11667579412460327,64,
4f9a94c1302e56d8,V1_candidate_KNN,0.17488089243586818,0.27804304534998564,0.30808436636016145,0.34443210884766795,0.7627528072106446,1.0461692532803297,1.137380925018668,1.1714428162602173,128,1.0
4f9a94c1302e56d8,V2_IL_Q_to_R_KNN,0.017393972724676132,0.02142189471051097,0.02452667010948062,0.027827543206512928,0.03219238854944706,0.050510108284652175,0.06586134329438209,0.12116168439388275,128,
4f9a94c1302e56d8,V2_candidate_KNN,0.019622714405023795,0.02630808208294859,0.16113280556119275,0.3135262026281387,0.47154195117372605,0.9377419683790214,1.0777799938821175,1.1601752120337765,192,
4f9a94c1302e56d8,V2_Q_mahalanobis,1.7296115414343562,2.188421646983173,2.5953314040167585,2.957777269301464,3.423793922168557,4.1662763110655465,4.616645941048164,4.816128755094405,128,
ed54b128881a5278,V1_IL_self_KNN,0.028496410697698593,0.03050274811685085,0.03662752080708742,0.04471155069768429,0.052971539087593555,0.08338095992803568,0.1167644583433866,0.1287359893321991,64,
ed54b128881a5278,V1_candidate_KNN,0.11457427296457537,0.15536448737179176,0.22623305231098362,0.28113998771301174,0.41193108006832346,0.9145975478435621,0.9991289867064187,1.0951100921877617,128,0.9765625
ed54b128881a5278,V2_IL_Q_to_R_KNN,0.022522972896695137,0.02857772000133991,0.034305631183087826,0.03965628892183304,0.05052234046161175,0.08000617623329159,0.12513322204351426,0.1437092274427414,128,
ed54b128881a5278,V2_candidate_KNN,0.029091460212446983,0.03801228686885218,0.10431350918236056,0.21065693064349136,0.32821038615966625,0.7483063348502781,0.9119794227370164,0.9423385941246532,192,
ed54b128881a5278,V2_Q_mahalanobis,1.4550772273955548,1.9201845136082858,2.3418227222572106,2.647239591339285,3.0956528086050943,3.722332263187992,3.9518152473005648,4.442106908684883,128,
21c8e0c8fe5f5495,V1_IL_self_KNN,0.033882759511470795,0.03729786835610867,0.04498392343521118,0.05172843858599663,0.0581954549998045,0.06567372940480708,0.0890450060367583,0.11846671998500824,64,
21c8e0c8fe5f5495,V1_candidate_KNN,0.03951197798650726,0.09347554055423826,0.13370095540070334,0.19923701102134644,0.39249410483832853,0.8676718145735395,0.955769523092734,0.9575141847714462,128,0.7890625
21c8e0c8fe5f5495,V2_IL_Q_to_R_KNN,0.02635284699499607,0.031134903710335494,0.036610000766813755,0.0399978868663311,0.04583241418004036,0.06225866805762051,0.08103843875229359,0.08195002377033234,128,
21c8e0c8fe5f5495,V2_candidate_KNN,0.025388457726340928,0.03608429902177954,0.0761192236444233,0.12730517585864232,0.295536734842855,0.7926259744518467,0.9279969298408305,0.9559409003126381,192,
21c8e0c8fe5f5495,V2_Q_mahalanobis,1.550848974686585,2.155543547572352,2.815648571511589,3.207111724661684,3.6745123065342105,4.223853446275759,4.325529915847974,4.520418939486526,128,
24ab9ae0499950e9,V1_IL_self_KNN,0.04046272113919258,0.04451340232044458,0.054264726117253304,0.06282408721745014,0.07435430772602558,0.10952192991971968,0.14925382941961285,0.1596147119998932,64,
24ab9ae0499950e9,V1_candidate_KNN,0.07666197924054341,0.08869227160206339,0.11234173452688893,0.14431570861730852,0.28670945170744094,0.4075098430644505,0.441239333085617,0.44690963070959205,128,0.4453125
24ab9ae0499950e9,V2_IL_Q_to_R_KNN,0.033658482134342194,0.03912513814866543,0.04584891628473997,0.053499335423111916,0.06151896994560957,0.08565649315714835,0.11642354376614099,0.1227237731218338,128,
24ab9ae0499950e9,V2_candidate_KNN,0.03457034309338347,0.04593221356667176,0.06710647405475495,0.1007383830826887,0.1929419392744468,0.3289681440815594,0.40927152115931237,0.4264422346370377,192,
24ab9ae0499950e9,V2_Q_mahalanobis,1.4602211280176502,2.0547557984084577,2.5790661138728117,2.964577462998922,3.439589962165036,3.9807922924701464,4.445157581157491,4.775683213894978,128,
0d24b5cc9f005fe0,V1_IL_self_KNN,0.042506732046604156,0.04431384764611721,0.04985392279922962,0.05543864890933037,0.06773593090474606,0.09440557248890397,0.12040352985262857,0.15327188372612,64,
0d24b5cc9f005fe0,V1_candidate_KNN,0.24232348978113336,0.3354669955094356,0.9274940281878048,1.19499169316216,1.2504695956728935,1.326659217891261,1.3911953081204464,1.4250472525125644,128,1.0
0d24b5cc9f005fe0,V2_IL_Q_to_R_KNN,0.03247411921620369,0.03831345103681087,0.04387541860342026,0.05104777589440346,0.06276736222207546,0.10443692468106744,0.13460272252559663,0.1933489292860031,128,
0d24b5cc9f005fe0,V2_candidate_KNN,0.03430248180387987,0.041270442473675534,0.25176601375516794,0.7285182317074487,1.187888718467062,1.298937886593829,1.3513776905270234,1.3973662411840049,192,
0d24b5cc9f005fe0,V2_Q_mahalanobis,1.9862169073219165,2.302087465034723,2.912503637350889,3.2681059308765716,3.7074387548219723,4.4795122355034085,5.074897635413045,5.225790619183744,128,
c3cb403773505798,V1_IL_self_KNN,0.039875149726867676,0.04188411515206099,0.05004459619522095,0.056609850376844406,0.06772132217884064,0.09646521806716914,0.1697072412073612,0.1754031628370285,64,
c3cb403773505798,V1_candidate_KNN,0.15604379847930033,0.176731701936674,0.1939347176807186,0.28706851783661763,0.45752130676893155,1.1794477259455045,1.3032947445418004,1.3254467331389719,128,0.9609375
c3cb403773505798,V2_IL_Q_to_R_KNN,0.0344633050262928,0.03841432146728039,0.043114825151860714,0.04933593608438969,0.059081511572003365,0.0749771375209093,0.09105568848550327,0.11670058965682983,128,
c3cb403773505798,V2_candidate_KNN,0.03291934015385957,0.04646329715015815,0.13149215679356457,0.19608622425228217,0.32136541126581,0.9481180674694218,1.0565128607335186,1.1794119554973004,192,
c3cb403773505798,V2_Q_mahalanobis,1.4610107226626396,1.9574149699134709,2.430387703239411,2.7813813462593644,3.1315056200068248,3.807423142432413,4.3507779495786165,4.506321338316372,128,
b696a6cffd3a5700,V1_IL_self_KNN,0.04428629204630852,0.049992102570831774,0.055514538660645485,0.06335524097084999,0.08496253564953804,0.11891484297811984,0.13115862295031547,0.1346479207277298,64,
b696a6cffd3a5700,V1_candidate_KNN,0.24645814893011025,0.3024318811202376,0.3420582538908833,0.3678357987279952,0.404118780933594,0.6025769732231022,0.656744933013319,0.7443128554811161,128,1.0
b696a6cffd3a5700,V2_IL_Q_to_R_KNN,0.03850625082850456,0.042064807005226613,0.04992914479225874,0.05722928233444691,0.0728488564491272,0.10192481800913808,0.17545633167028438,0.2207127809524536,128,
b696a6cffd3a5700,V2_candidate_KNN,0.03636693892611947,0.052818326825922794,0.15473635582664602,0.2470538896242425,0.3199131325542166,0.4225816515408553,0.5418672078798662,0.6398065471821681,192,
b696a6cffd3a5700,V2_Q_mahalanobis,1.1246078490838338,1.738736277303896,2.2558114804216673,2.642255734416223,3.049947032972111,3.728894377562013,3.951606045766514,4.150236973273892,128,
0a02ef840f2d5d8e,V1_IL_self_KNN,0.022256044670939445,0.02436244487762451,0.029605898074805737,0.03486381471157074,0.04573590029031038,0.06506481580436228,0.0947396015375852,0.10759802907705307,64,
0a02ef840f2d5d8e,V1_candidate_KNN,0.1523045057139119,0.1785667047542445,0.2282875333423488,0.279163322507214,0.3252478643871108,0.379302421114108,0.3954002572369405,0.4007994811239069,128,1.0
0a02ef840f2d5d8e,V2_IL_Q_to_R_KNN,0.018894832581281662,0.020854625292122363,0.025353285018354654,0.030298668891191483,0.0359426261857152,0.055742570571601334,0.06599895030260088,0.09051372110843658,128,
0a02ef840f2d5d8e,V2_candidate_KNN,0.02023849152649985,0.02823151508288603,0.10563090348544127,0.20320645047371894,0.29199607493043744,0.3869818998259652,0.41123539680420435,0.48051913827294596,192,
0a02ef840f2d5d8e,V2_Q_mahalanobis,1.129696667097336,1.6535217031719474,2.1291408087581853,2.4263195895332466,2.8311565022483984,3.3594463664576413,3.621891385676556,4.213992958264504,128,
ee0d56667d9755c2,V1_IL_self_KNN,0.021019866690039635,0.02254861732944846,0.026013154536485672,0.030532832257449627,0.0366110960021615,0.0474830225110054,0.061311797723174064,0.06952224671840668,64,
ee0d56667d9755c2,V1_candidate_KNN,0.08754314782296296,0.11467595104917121,0.15977688253600428,0.23406089350343418,0.3466531113932012,0.8533920197681861,0.9928492883213477,0.9980438409998559,128,1.0
ee0d56667d9755c2,V2_IL_Q_to_R_KNN,0.016181113198399544,0.019966073613613845,0.023852136451750994,0.026071895845234394,0.03145798109471798,0.04376407321542496,0.06914087697863579,0.07751075178384781,128,
ee0d56667d9755c2,V2_candidate_KNN,0.0211692723633846,0.024727167836713106,0.09433052719713449,0.14717612085700726,0.24998574352544262,0.7394221470264888,0.8282294924139937,0.947716767167188,192,
ee0d56667d9755c2,V2_Q_mahalanobis,1.0918369558284513,1.5887362293822744,2.127586683617351,2.525971381790198,2.982481836073181,3.490760282461998,3.7042083273110293,4.015593851256013,128,
575564a1b87c5502,V1_IL_self_KNN,0.012272246181964874,0.01443851818330586,0.017907765693962574,0.019973930902779102,0.02270693378522992,0.03939690347760914,0.05412408974021665,0.07480381429195404,64,
575564a1b87c5502,V1_candidate_KNN,0.03848240863479607,0.039786340435472176,0.19423747119819507,0.3290795971545245,0.46148687744957284,0.5615864448319947,0.5812298521142104,0.5845222943365778,128,0.8046875
575564a1b87c5502,V2_IL_Q_to_R_KNN,0.011118237860500813,0.013615255383774639,0.015335602685809135,0.017634606920182705,0.021464295219630003,0.0273784888908267,0.033583693560212874,0.05750448629260063,128,
575564a1b87c5502,V2_candidate_KNN,0.013137657799462573,0.014946797661128323,0.051404175990581016,0.18002629574192802,0.32119697041224926,0.5359106200972095,0.5768260190634233,0.5854510202670077,192,
575564a1b87c5502,V2_Q_mahalanobis,1.835060599702384,2.12318370054333,2.706992886060775,2.969759121398159,3.4617170035797757,4.421963620891209,4.892185753431601,5.324570521255485,128,
7e5d78b37ed653b1,V1_IL_self_KNN,0.023706311360001564,0.02512647183611989,0.028637954965233803,0.03310574218630791,0.038139200769364834,0.05070124883204698,0.06209010500460861,0.06770876795053482,64,
7e5d78b37ed653b1,V1_candidate_KNN,0.5176007284870152,0.6158548620211413,0.7238535630790358,0.7595977242287753,0.9176941162775404,1.4903746486458054,1.6276650777094028,1.6410203230032274,128,1.0
7e5d78b37ed653b1,V2_IL_Q_to_R_KNN,0.015660038217902184,0.02021526712924242,0.023605724330991507,0.027641160413622856,0.03417658060789108,0.04424162786453962,0.06091134171932938,0.07339662313461304,128,
7e5d78b37ed653b1,V2_candidate_KNN,0.01787537463953489,0.022507510043256188,0.28510689141715273,0.6281828440825692,0.7242310478449204,1.2251916988727678,1.4916210505859575,1.5265353805398698,192,
7e5d78b37ed653b1,V2_Q_mahalanobis,1.290047894719385,1.6162991931095732,2.041707604482239,2.3720484547925498,2.7610994296979094,3.1799949300578465,3.703178003318045,3.721727292555281,128,
b003c9652cb05ffd,V1_IL_self_KNN,0.021922651678323746,0.024742029886692763,0.02905070222914219,0.034409113228321075,0.04264760948717594,0.06626044437289236,0.09475974299013608,0.11179609596729279,64,
b003c9652cb05ffd,V1_candidate_KNN,0.04584891048623442,0.050558079903278895,0.06539398724962656,0.15925922500555464,0.30723603746062145,0.648054599258145,0.6948423448146593,0.7312797968068276,128,0.5625
b003c9652cb05ffd,V2_IL_Q_to_R_KNN,0.01822642795741558,0.0223514374345541,0.028204895090311766,0.03289822302758694,0.039201910607516766,0.0617971202358603,0.12110602013766786,0.13862639665603638,128,
b003c9652cb05ffd,V2_candidate_KNN,0.019932099475680858,0.02493602981845346,0.047323907046087396,0.08598251600469656,0.2249474326950838,0.6054287132446239,0.6568790975674518,0.7107034112748417,192,
b003c9652cb05ffd,V2_Q_mahalanobis,1.2773309402788822,1.7476669794480064,2.1447948235001775,2.5428638433014434,3.1910802032508983,3.7258197127464445,4.866368362159414,6.4037601560485555,128,
a9e5ed5e52b555bb,V1_IL_self_KNN,0.03050943650305271,0.03404647670686245,0.03887119051069021,0.044611938297748566,0.050979492254555225,0.07744820751249787,0.0977254744619131,0.09945279359817505,64,
a9e5ed5e52b555bb,V1_candidate_KNN,0.37918667479606555,0.44075192343774017,0.632490217405618,0.7267718138484058,0.8199239021459191,0.9922154607373108,1.0849251259695207,1.192334205559459,128,1.0
a9e5ed5e52b555bb,V2_IL_Q_to_R_KNN,0.023355763405561447,0.02839377885684371,0.0334751820191741,0.03695544973015785,0.044193532317876816,0.06094594728201626,0.10528556026518347,0.10839802026748657,128,
a9e5ed5e52b555bb,V2_candidate_KNN,0.02500290417217712,0.039081676982262704,0.21933623133827881,0.525415275807422,0.7542724063461432,0.8904301877105514,0.9966622130244681,1.034321115699571,192,
a9e5ed5e52b555bb,V2_Q_mahalanobis,1.8889323403860636,2.252959538263062,2.6228006285615026,2.976934402017136,3.320357742621066,3.986694198793598,4.190070783990431,4.605893963627062,128,
a2c048ba29a85ad0,V1_IL_self_KNN,0.033149152994155884,0.03402902316302061,0.04143622703850269,0.04551149904727936,0.05156858451664448,0.06508916430175303,0.11688223034143441,0.13295693695545197,64,
a2c048ba29a85ad0,V1_candidate_KNN,0.0629622136492359,0.09722905346391876,0.11886777580760217,0.1918649601370283,0.5480719809030793,0.6546539100998707,0.7386956077418961,1.1158633041608892,128,0.6015625
a2c048ba29a85ad0,V2_IL_Q_to_R_KNN,0.024187181144952774,0.027179675549268725,0.03222665470093489,0.03673679940402508,0.042509107850492,0.05913645289838314,0.09285882592201244,0.11254291236400604,128,
a2c048ba29a85ad0,V2_candidate_KNN,0.02745715438561099,0.034948625613604095,0.06799176358519975,0.12440342653129863,0.35709546088062993,0.6340508027848284,0.7154321127049568,1.1324244300888533,192,
a2c048ba29a85ad0,V2_Q_mahalanobis,2.0550081546257606,2.2520816751408685,2.666599433340208,3.069332617260944,3.46577238013738,3.9273844090725856,4.611124729935386,4.830012699445834,128,
90cee81074335c3c,V1_IL_self_KNN,0.01740346848964691,0.019904805812984705,0.025109199807047844,0.030336543917655945,0.037140310741961,0.0459234982728958,0.061902106925845135,0.06380638480186462,64,
90cee81074335c3c,V1_candidate_KNN,0.06540108300185958,0.07618604033044513,0.0886837874213017,0.12677706248708984,0.5283092554447211,0.9799911934894239,1.0368785589237965,1.0601766511870079,128,1.0
90cee81074335c3c,V2_IL_Q_to_R_KNN,0.017021553590893745,0.018507883697748185,0.020642473828047514,0.02376538421958685,0.028431518003344536,0.045190554670989515,0.05204530924558642,0.1516251415014267,128,
90cee81074335c3c,V2_candidate_KNN,0.01552129129053138,0.02177856493526155,0.05777856581654265,0.09300678371519752,0.3302556585617941,0.9186075692171097,0.9923293068036945,1.0355883429628214,192,
90cee81074335c3c,V2_Q_mahalanobis,1.1060080924715978,1.3361296491346628,1.8509320475448687,2.0616157953420577,2.3623222113415676,3.018264693994353,3.517629647143491,3.641792719877326,128,
f40040c002375188,V1_IL_self_KNN,0.023588765412569046,0.026655029412358998,0.02896740846335888,0.03503594361245632,0.04314405471086502,0.06208128482103347,0.08571941897273062,0.08981020748615265,64,
f40040c002375188,V1_candidate_KNN,0.222016951857265,0.23571320458976355,0.2569744289716333,0.2931116720574847,0.5011632957617979,1.1738076042537209,1.3094804812335428,1.3373648003753988,128,1.0
f40040c002375188,V2_IL_Q_to_R_KNN,0.01843167655169964,0.021432845294475554,0.02455379907041788,0.027349578216671944,0.0316380700096488,0.04164746794849634,0.053061038069427024,0.108908511698246,128,
f40040c002375188,V2_candidate_KNN,0.020455625557728566,0.02639219074949389,0.11943698934578759,0.26387475090517665,0.48134785501043276,1.0614292048564715,1.301644816907738,1.3443711700876546,192,
f40040c002375188,V2_Q_mahalanobis,1.921776115415865,2.1133781447134536,2.5786688676878855,2.857063916227444,3.2284416008247954,3.751849891070656,4.210374339391848,4.365342492827266,128,
7ff1d8c18a215751,V1_IL_self_KNN,0.02517395280301571,0.02626675143837929,0.029977507889270782,0.03295912966132164,0.03669378720223904,0.05897408537566658,0.07148803457617757,0.07677067071199417,64,
7ff1d8c18a215751,V1_candidate_KNN,0.17913800921993106,0.22968177943513635,0.30180048945505655,0.3717826193370424,0.7533158124569754,1.097136281028586,1.1760031851391124,2.599256646044637,128,1.0
7ff1d8c18a215751,V2_IL_Q_to_R_KNN,0.017929624766111374,0.02020031325519085,0.02291587693616748,0.02640627510845661,0.029714598320424557,0.04032096229493616,0.0558865760266781,0.05808735638856888,128,
7ff1d8c18a215751,V2_candidate_KNN,0.017434447264989432,0.02402380851716857,0.12250340381229355,0.2105036634517239,0.47713680927813884,0.9926064893717421,1.1078888356876138,1.1711741838880825,192,
7ff1d8c18a215751,V2_Q_mahalanobis,1.5091872002723652,1.7622287325667245,2.192508218561071,2.541665064157043,2.9400217107385545,3.4807095962717165,4.223949804757918,4.60279045468412,128,
2eaf758421aa5190,V1_IL_self_KNN,0.02304689772427082,0.02595594208687544,0.029232461471110582,0.03434918820858002,0.03838611114770174,0.052736276201903805,0.08494489789009083,0.11408047378063202,64,
2eaf758421aa5190,V1_candidate_KNN,0.12537532666231466,0.16010165706234555,0.22015949159428175,0.3119633934342087,0.6039356625699159,0.8351564633663131,0.8659274316542198,0.8869900597797635,128,1.0
2eaf758421aa5190,V2_IL_Q_to_R_KNN,0.02038678154349327,0.02315648403018713,0.026456971187144518,0.029524382203817368,0.035085505805909634,0.04815560281276702,0.08547396454960124,0.1070270761847496,128,
2eaf758421aa5190,V2_candidate_KNN,0.02311449908074371,0.027346306840117907,0.10507671141289823,0.1710190930924276,0.35075853743949525,0.7715144649425536,0.819358867682571,0.8426614955091998,192,
2eaf758421aa5190,V2_Q_mahalanobis,1.7583696968059042,1.9210494987167632,2.2095034317802082,2.5297551252336974,2.8530743679133193,3.447449253642304,3.7551743841761938,3.7897515858183763,128,
4bfb866afaf35777,V1_IL_self_KNN,0.011890484020113945,0.01230164165608585,0.014279222581535578,0.015713002532720566,0.01853362377732992,0.025714504066854695,0.045249240547418586,0.04702726751565933,64,
4bfb866afaf35777,V1_candidate_KNN,0.0390383414805849,0.1584672223850564,0.25017041375057847,0.33025966770081994,0.5257454313478713,0.572419673489902,0.5923473895827079,0.6029647286076019,128,0.984375
4bfb866afaf35777,V2_IL_Q_to_R_KNN,0.009734056890010834,0.010980522306635977,0.01280793291516602,0.014091997407376766,0.01692795054987073,0.025348250567913056,0.03935191009193662,0.05829223245382309,128,
4bfb866afaf35777,V2_candidate_KNN,0.01131322411509531,0.012970843192180783,0.12303878184500296,0.23336131843463132,0.3534085388706877,0.5534000657657066,0.5944543029429997,0.6084058202242343,192,
4bfb866afaf35777,V2_Q_mahalanobis,1.5256792226354612,1.8382675820627385,2.323562030842286,2.693624242578564,3.074374979044636,3.9310699244972955,4.405399327714312,5.1470198112601535,128,
