token,scene_token
4dba0d7ebbf95639,06227fe9977152e8
fb1d534ccf82583f,fcb7d313d4745ded
81917c1e1a9b5cdc,f816f2d019a556c3
866edd106b555de6,2134395ece28546c
c5bec7e4a75f5ca1,7ade0b2de2725c08
b664ff6d2c185e31,198965a39c865f16
c5b7c7d45f1d5ac1,dea91134ae6c5d0d
3ae2ab1099d65c2a,34fb2b855b865b2a
0747dcc3a9b7501f,dc71409882185123
7a61f0a7cbe15387,abca01be0e6a5767
8d0806dc9c865904,4cb4e1e99db3559c
c471f8a9626d5f11,978fc2ba973d5a43
114f66c4cf785eab,4c5c39df03515e15
8c2e3aa977d95da5,a3e82f3df4495f28
3789d42ea83f569d,f85a416fa42c5682
e36e9da57e1e5e32,b5ce55fce69c5543
23b4e574c41a57bd,8e094bf622b6556b
a92bb2331b0e5485,afe2512625985226
2649eb9e1a445b29,d9a3d904368c5c15
e59da7b4970654fd,57dee624900d56aa
7a3e0625f3c751ce,7e08aa901d8550e4
2cbf505c735c5c34,e91c9f527e6a544c
d0c86990fe0d5bc8,d89ab41c3ace58f0
3be6682bde7d5548,ff7562ffdfa95a50
29b1f4b4868f59e3,3487e5b0d0555e9d
0d63314a528159c9,cd7a9cc06e0e5bf8
b7784f3cdf6b5991,3ee3b99c478655c7
5b707d3c85dd5ff0,58be651cfd1552cf
7b263d7980f55503,2b89524393085a95
1cb1b58a3129563c,2387e512494d5d73
755461a5329554de,8ef14e72d1895c52
e76cb8b17f8f51f3,3de375f3bdbe55e4
dd671af93db454aa,5d1b0796a9e45fb9
cd177406e5b056d6,86145477d81f5ca7
c79ab4c1abcb56fa,40e641156d1c5c03
fa39ec6686705dac,5907695e9b4c5d94
03a97a30526b5c14,ed3b01d7758e53ae
f985ec5a35285901,41e04ef8335e588d
f2117260382b5d83,7c91e837d2cd5a75
1cf59919c4f15605,8101b5a4faf75d2e
d14f40d60d165b25,cbccabe7b8115f7b
f42258b638fc5b64,e89d56c099c15090
8704f4971e305ed3,32540489896e51b3
451f66014a765bce,1bd475f7b66751f7
e1c0081536575390,cec82145cee65013
7fdfa29d75525f46,225e4228d89c5c37
0b1a626ef31150b3,453b3001ecb25518
7ffee2481b68517c,d719be99cc8058a5
e05cdac678ea503c,9582cfb9de6a5d3e
cff46947b17c5415,45821cba1f2b520c
88ff8f6ad0ab5a77,7dc4cda58d975dce
dc47dc70547551f6,67a39516324b5239
0da11f45cc1b51ac,f48591115541597d
936037f7683c50e8,cba5e5dd1d855b8b
feb4ce395d4d54fb,69f8caa65f5b50b5
980db9371e6b52de,83bd1e3a717c529c
7956c9ed4b855859,28c334ca78bf51d9
d6bb49ff956f5b50,fa4e2109fd8c58a0
47510e3eddd950ad,8ee5eab5831659fc
bd5f0b15f9a65bf1,48fe06e6ee105bb9
88466abb967954e5,ebf3bbc2560a5f6b
0dc54a8c8203567b,8d6fc9f907fc5cfb
491a9b7a44225a75,bd5cf850fb9954be
b5155b952c645ce0,017eb1f5fc375563
d113b39be843564f,184b40fd1ab85f1a
7ef36a2139b45d9a,73af9961287a54c1
f9bce7199ad8555d,875bb8eb4cb15956
f004b5e4838455f3,6ba41f32485d5a63
392a50db492b536e,fc9203a624b95fe5
134651c94f73576f,02d79fb826a052b8
094551eaba7351f5,8c930566d92e56ec
d34d0398de585e6c,1481ccca03915ab1
9bebc9f8507c5cf4,70811526b49c52a0
b354451e4f8859f9,d1a195b2bd235d8f
5f3fbfc334c0579c,5cc08fe99dee59e4
454e63f98e365a3a,72bdf3527d8c51cb
76ec850d346b5ca7,fca16c1029365b23
11094634534c53fd,041dce99556f5e3a
b5e3abde704b54c8,31911ae0bba3509b
e23fdb8f34b35d20,51ddca8fe4255f34
4750f239602d5627,4aea5cf609f8543f
964c8941cfe558bb,940c794bcf865e33
3febbde773f15b51,6aac79b683ae5b62
8237f47b224952b4,f2e29112c9fe5168
6fe374eabe7b5dea,c8c7965671b15097
2eac5afe2036526c,95113c65edf15111
c86c1d9c6e9c58aa,f87d0f80acd55e38
0cb87152ed5e5ca1,bf5df2af80c85cc1
3c8a95ec33f45af6,19aa9586c72a5f3a
42c8571d47305166,ed3d1c5c5d495f87
42c1346e9b585c5b,931c4845f13f5907
c02bb4d7993e5bbb,dae767d3c80c5635
49a53d11de6d5b1d,e6ed5232237455f8
b5b7e0338624532b,22bed37da0b3550c
131c7298c6745bde,27a7399fe61f5e3f
7fdcd804a7a95b6c,8d192a7c73d05964
6c7142e6f9435ab6,31962978183f54d7
ac36d9e5cb0752d2,e84bbf0ad35a55a8
dbcb1f2c3979500d,c2d9a5f712e2512c
33aa90792d5855a7,0a0877b3eeb558fb
8b177f84759e56e0,82f19b437c095c85
dff44219172a5f99,a72d299451f65201
9fd28a8f6fd85254,68b0fbdf0cde5302
9790b7cbcd1a5203,78af92c2febc5845
2f7190c1da685537,5e71605d31f4590d
143234de18d5587f,3547159ecacb5136
94a5491ee69d5e27,e64b778dd3c05a67
2ca1cea5e7bf5219,6cb74416a3fe57a0
25cdf7dee0d25a66,b4d739f9822159af
37a2f90109f85bff,bb4d1b3008c0598c
1b7b7697be9c5dc5,fc817533c2185a0b
0994517bde3c5188,a3ceae019af55a31
247490a783f25c47,070536d8528854cb
ea85208e83eb57b6,fc9e2c080dae5d68
71dedbc865b25faf,509b7d294a4e56ca
03d4ec82e7ac5804,88183ea59c9c5d2c
36ee69ae43b85587,01c8f81194c4588d
d70c87fa9c59524a,8525cba67f665573
bef85b7ac1dc5207,945ef2ca37f257fd
77e18238b9d55c97,e527c391386a516f
932938d86cfc5d6f,86070dcf96755f6e
69938a4507ba5419,f3b2c147b50754ad
9de4d5414a4a50c4,c67eab7349715aac
0fa0e8a25eec5e1e,0511a134b4e55ab3
b8e377d0f7b95014,8fd5475a0f6b5bdb
eefe691a7cbb55c8,92729bb0f7e55c5b
ef65f88fc1a55fdc,a4f62582447a509b
3eaf6c916382509b,6547b432b4c1581b
1290e3066cbc5397,4b6b8b2e0aa75682
09a0456056555b0a,a314e4aced215f08
4d94decfbcd35ae6,e32b54261fe15714
82e565141eb55f88,4e62aba518915ed0
96704b3a6c235f12,ce79093413045034
048c19bd1b5954b3,0685e6377f835263
567469e556cf5e6b,1e1bc687e0175fca
67077701cdd85c9d,2f7ccc9e35495c1e
c95f789949355567,e04ab3fa161259a1
3ea7ba225643556d,c8cc7f75093d5304
150505a546335d5d,4e89648584fd58b0
7595830169065d37,9be222b341df5ea2
5d12ad55fdd858e1,4c63e06d0fa75169
fce43d129a9154a1,f8f3c6484d2a5a33
bb5b44d240945ed0,96e451c0e56352d8
18f8562c9bb55561,bc1d6e31a7f550ed
32f53a8cb63f55db,c7bb93b8fed25767
a06eec37a0f058b2,62dca8e5979e52ff
c4c2c95cc8a358d8,ec12a483c8b05fcf
15356a2c8fe1529f,5c7b201ac57d5d56
37769b4b04c65713,ee2551f728305314
59d306aa441a5665,9d76df284fec5c8a
5a918026bb9253a5,79b9966ad538505f
d02fff0452445952,6a49aac7512b59fb
9d13fadd8afc5833,3bee1cd8bb335d8d
28cd9541bc35593f,e7f233287fc4559e
9021c431095f520f,18be4ed6ef1e5ac2
5521dd071ee95c1a,0337bdc8a50d5a18
d02d0643d42c5d91,bf7d241c99915732
4d13950871eb5917,e756158ea54b5ae2
d7cc45e58d175329,58c3357487cd50be
1afdce6720e45022,fd4424d1f58958cb
45224683225b5617,c4f5521ef4625ae0
37ebe75f19b1549a,ebd40cfd06d25b91
eb822e0610545fd6,4ace5daf2c2f5f49
3f5c9cc5b40a5ff5,864387cd86c35192
27209d511a785510,3368a8f8c93e5d9c
a7c6cc3a1840584f,786992e6fb185d1b
0df6533b550c58c1,5864c81ddbb053f6
6e5ae240ac8a5862,e12142d7c3ed5b28
0c8b9f08bfa25dc2,827bc70cc1d150f1
a756084987b256e5,b96e845652d85df1
735587b14e39568c,35fd58844d0154d7
73e4db7c9a4d5076,67c2802310fa51a3
2070f12707d95924,17e9ab2e7a1f576d
b2ec50201ac25ada,e37da00ea40e55df
82c913dd14e05a84,06b0300bbe9c5840
939be40082d9515a,5267737202af5788
143989e6ed115458,4bd1601eee7256f0
8ddb6763987051ba,cba3f8716c035822
544d2652bcc551db,c31c068e35e055ff
326a8c0625d856cc,ee77e5754e795d18
ff32fea658445802,7a69ec2ac66e5ce4
49d613966f25569b,4a3575d2e7cd510d
c1133aca1539575e,19814f7fa6dd5891
1981a85eb4ba5001,ed5b60bac1ed59ee
611145a947d95451,89740e1d3c4b5e49
fe4459e9f02052d3,fde2b62a3bae515b
74c77891a7d45a15,a56fd0688dcf5489
e08a526c85475c4b,6e8d1690f3e75b22
198b7ec55c3b5a5c,0ffdeabd39a457af
a6fd750fe57d5bb9,4c7a22bc1dcc5b23
d929120b36a95db5,95a26f8c8a9c55be
ce3d0bc0b2d55876,0e69f3e4ccc253b7
e699fb1c75b95e57,1d63e99595835bc1
fe4b2cf4e9ad5b37,17568d403404572e
4acd373578e357d1,9134714a4e665a97
d1e0ebfac8cb510e,72b491a9d5da572a
c574d461642f5deb,8e73382ecc03558c
fb524406adde5e78,961742e3d8d750a4
cb5ec9cf4fb556c7,78e92aa046895e5c
b562ff054b765717,a6cded1cc3785d51
169ccb03f27e589d,a728fcf5aa9859e2
2fd50ca82a7a5df4,12d23332271157d6
112cdade50865f4e,44d1fb8af4a5513b
d78ce77ffdf75554,664a7fc9122b5f69
e56f85ee56395a99,65e11efc218956eb
263ad35a0e975eda,b6d299e288905f3f
534587f0abca573b,113194c975135566
3cf6bf2e7992584c,0dae0dd9783151e4
736e564340a8557f,5c09bf9101295a9f
cc652b7870745fa5,c7267ee0155b5892
6a4e62fc55535e82,b696d9bef8bb507d
a62a20e735805039,b1291c95a4635460
b53b172e95895a12,d9c6a90f54495d12
fd8d10736c675232,e6def17b05f4554a
f33a23766bcb55a6,197e56466ca054a7
e0190f0059145fc6,21074da0cef65369
669bad5f20bd5256,5d26d37980fd5191
51259bf89422548a,5f9347608fc05232
c6acf71b8b3b560c,d8a5631668b55600
a3f2ea7187975b13,30ecb33052e65cfd
e22b4bce822a51fb,d5207960d4445c8a
4ad7866306895cca,105428e6b1d95b4c
5146509d64145fcc,ae7f2528a42450e4
36383c82194a543d,e1268b34cf015ca2
7d4c548895955e0d,e250a7ab23b85ec0
7868ce187ae55819,2aa44c5caef4585d
1819bb47db9e59ff,a3a13a44bc3d57cc
a622ff338b425c28,fcb644946aa75666
2695738230ce5ad0,f84a0babc7705a89
f2655b7cd5d15a20,4f4da09be486559a
92e7b3a7f4d054f3,0bdb1adf0c395d03
df3d0104b7665474,66bdde0fc6e05a69
2c1c564733075187,df06d62818715c5c
93b50a6df30b5453,0b47102670dd5c3c
f2592c08589e5398,4e3fff79db3e58ea
695d7450eb3958c1,28e39fc202db59d3
378f82a326bd5875,1941cec782d25f8e
432dcd9a21c25043,06091d727eef540c
c772799eaf1f5ad1,e12058aed6915501
9adad5bdab6b52fa,cc1e9ecdb6d05f39
0ea5bbb7337d5a56,7f90968bde0f52b9
50202ba4b1b55f6b,f69d05e774fa5ee6
0a2f44ba3be05531,4c879cc94a285d03
6021973f81a75e0b,2866a6adb41251c2
0774f6d8e3185794,f00b5ceebb4d54e2
8166c5e0f62a5a19,b4857353bb775804
b5a8b9b436b05bad,9c3afe368c195672
a2c15720170d5507,c432c77c846e5784
8fbca2950de45a7c,ffd3d379ea8855a5
051d26c01f3653ba,459f51ce5b11578b
5ab779b8a0995778,8655a7d60902578d
55194edb46265f3d,8b9457fefd715466
2ee0fbae6edc5e0d,12c437de67835e8e
41bf372d03d95267,c6868017691d570f
249c1b68ba355e43,87b44675fc185369
a81fbf9466e05120,8f6ebe0f9a725f6a
160d02b02f4d5f77,edad02e7ab4f5988
4e52fd2c46fa5a3f,e13244eec5df535f
ba69db6d6eb15ceb,be9bc42453db5183
de85008572b15018,66efba6e0df25f17
87423b239de058c9,efa08f3f0a08564b
8f41a318d1a45310,8bfa562341415abd
e375b42cd83a5bf3,de0fff7178fe5783
1dae5903323e5214,8cc262b5de7a5abc
adc1a3a3dd1c501e,a130a42d7ff15af7
575453863ce05f35,5f8f981de1195819
4899341a782f5409,7a487f440bd554a6
748d7e95687d5d26,1930dc0b2a065e2b
4b43cd9b3d3f576c,9ebe9d164d385777
e1540b19efec5d97,f10558e67c925994
063f7dfe767d55aa,05012a6bf44e5a8e
da53dac7558e563d,3c34dcc4231150fc
e28e57068b0b5cf3,3bb0a928b16b54a9
110d0ce0345d5113,625ec9c63e23545e
ae124de305ca5cb1,cceb79334b475c34
d3cca8ce7e1458ad,2b8567f08ff95d49
34336b5c8ad1562e,df3682937e0b5373
7d59e0ea1e0d524b,a48fe11fab7f590a
bb2645c10ec25a6b,8a60381cba795076
990d981b1366595b,0590062da5d9528c
7eaba7fa332d55cd,f96cf86094525742
305eb53245715f7e,4d7fa387f50e5afd
f91b769af7815ea5,9ac7b0b1d65958ed
d2a2e2498d505b76,59df35a80f055242
7d22e4c9e8605ed2,59df35a80f055242
40c06c252a275c50,e7997314cb915919
05d6d7d83b97547c,d9228adfa9565bb4
be527ba55a8a548b,b2b3446a0b835f8c
128e9fbd01125cc7,8315145850fa5d29
6d585a6698f55c8b,965b030493825553
b1457b7279f75735,00c04ec4d9c25ca3
2b641a3ecff5580e,d0f1af434fb45f62
b81d52bf71365207,e6a28dd08357590b
8fc0b7212263588f,2efd658b9ea85397
39147f08f4645365,42c30b82e8b452d2
3f1682073dd950a3,af2eb2d3e324563d
20a6e330d8f1571b,305949f36ec257f1
9f1b6ff3a4865c8a,fab09816fba55d36
d1e46ac6cbe15c1e,ef48c8353c1d5d29
0dc4e0a3f0195741,9393ca45f73b5f6a
778dc72ff2ec5e94,34854ee8f8bd53ff
826112ca75e750af,34afc383b381516c
580004d79c9b53b8,75056893168c509b
1895b756b1b0539d,e7dd0392c4a6533f
b411a654aa215f1b,6ddc1dcdd1ce5c16
022de8051c3f5b83,784ba4bed9485483
3b4f49412be55b80,ef8f9d6243a954b3
002e450c6cba5895,f323816f971f557f
9e12f81268d75fbb,a5427bec8a255718
409ed084cde5554b,a867f099c0955439
12800b02eb685132,063afe3c9bfb5bb4
52de85cf514f5afd,4e7d3e942d785dc5
dc2d59ce7b1258cf,e9ed435f614d5f3a
f5dccbabc2f95bbd,c8f733ed153b59c6
a2d180a344d15054,d83979ac34a35661
26710ebfab6d528c,f45aa344fc825a54
d1c5fed75ec951fa,2e1513ccb65d591d
936c2cf5b8345663,d6995d54b9c95d94
21128a317e82595f,d0be0220d7515c9c
fc4bdb76d30553b0,c21bc9f7394153fb
e7da21c4ef4a5e3f,b29f4d8f4ff952b2
98045d12586d50b6,e39111b8f3c552c8
3fa1e0c2313358ba,e243071f373150fd
384def2e3f9657f6,fea379b14c5258b9
e91f2da06b8e517f,5b2226e6cec457fd
0b12ac5676875ade,2c0a9d54e8025dcd
f518d10b147c5398,0882832f14cd52a9
aaf90b3acdce5063,5ff17314b12455e0
687fa6fce3ab5f91,65105e67546750b3
d33aaa347f795d0b,0949bc0926425a35
7fef3d49daa652cb,18771df476145256
491dce963f7f5b57,2290c8cca7205289
a3399fc1f78b55f2,948f9c0a565c5914
ae90dd8267ce57a0,8bdf1fa1fbfa53c5
21cef59c18245d4c,c8e8c03811e65fab
82e84851ea985ba8,ac369198c2ff5409
d2d63c8eb7545fc1,7d1207a6c8555229
61c675d850d75cd1,605fa9b35440506f
4cf809416df6527e,69be59f6a4a4539f
6f045b164624549f,40e70a1336405513
59b4bb47cf6656cf,957f2345921b5988
bff155acea525206,9bceece7e6235b93
13f771febde65a66,aeedd9543eae5b1d
a92ed51516c358dc,451a6995a0635511
1f5144778210505c,2d7dc6e8d20359da
e8d9bf10ffc95001,e9f6a6428519561e
bf8c5276f9a6539d,dbbda8696c1b5537
a4717050e0c05d1e,14567a307b985c0e
98ae2c97a0375eaf,d3f6a2f339ed5569
f75d3314a8c85955,ec985e7f1d97530a
807c1ce92e235b11,09e659f80a135489
65ae67808d1f5de5,91621b4a27be5938
0367791336c3533e,8cdfba19ba5d5591
7a2abf5475ac59ca,dac2690e218d58da
6770ba617cae540e,c162146f31a250bb
3c93f87b0bb0561d,a15004b9084b57e6
a85f6afede71548f,1e3135f353515aa4
bf5be5d94ffa52f8,71de96be14e25282
b4914b3d729357d1,81b7c06a59415e5e
9f3da1c3d8b85947,32ff166852ec5c1d
110bec4c6d2153d7,30ec7dbdd44a5ddd
0aa8c67f04b75a41,5531828dfab15a78
dfeb840d983e55ca,5929e252373f5b39
d99103d5b5025654,682c6280f5f250b4
054054d63ad85fa3,e1ced2cc879955c7
4f67484c73e2503a,0db748a1ab6956e9
89df824d0cfd525e,88a020aa6dd75234
49119e0bd9335681,599076be97dd5e45
c8fa1980b26e5f46,d9d94553ab445639
0e5653822a7a56b3,0afbebfabaf15932
020dee65dab453bb,c5272f178cef5379
2113dcf1e88b598e,c448d5807e525e68
80ad06a7a2975213,6e34850a54bd56e3
93dab1bad99e58f7,b2ab7970c62e585b
f727c5fa1e735d2d,7a210c885eb251cd
41470fb14dab5d99,1547d132c4275317
0e6cae45fdd5536b,3848cc2cb09a5bea
418c618fc266506b,c90b47d7ed38545b
995f8bcf61f95fad,ebca52f9ca9d55ac
87dc5db673bd5b2b,6c3238b7de9d5f0a
bb249c2d0c8a568c,06227fe9977152e8
5ee6495d99475e62,fcb7d313d4745ded
3fe4d3672285579c,f816f2d019a556c3
c5af9333bf63510d,2134395ece28546c
76cd37d3370f5d04,7ade0b2de2725c08
65fc12f7836f58ed,d8c98cbe0fe25fe7
132d1ec43fc058e1,bf8acdc231c35995
56a45baf2fb55951,34fb2b855b865b2a
6b8b72c830b85a62,7334106f7e6950f9
6d605a6595d75fa9,abca01be0e6a5767
2f525b2a3cf35331,4cb4e1e99db3559c
c38319fd82be5bf0,978fc2ba973d5a43
ea9f070b56115301,4c5c39df03515e15
0d5b8da00d505be0,a3e82f3df4495f28
2035406a3a6955be,f85a416fa42c5682
01ff2ecc002851a1,b5ce55fce69c5543
38b08f2868a75306,a45d3d0f4b9255cc
f55316b2f9655692,afe2512625985226
16df188810315dc7,d9a3d904368c5c15
649c1659d8975ae3,86a714f774cc5df4
caaf011808a15c9e,7e08aa901d8550e4
a8159c45d59f5a5f,e91c9f527e6a544c
0480033cdea65921,d89ab41c3ace58f0
83242e2595a85111,ff7562ffdfa95a50
878f3ddae1b7550f,0b9c51872bd55fb1
b80d3fb49fc858d1,cd7a9cc06e0e5bf8
d05f1fb1af98505d,3ee3b99c478655c7
a5de46cebb7d5260,58be651cfd1552cf
27d74807a89a5268,46a2e9474a5a5eca
c73914d4fedc513f,2387e512494d5d73
c2f911300954542a,8ef14e72d1895c52
67e27e4b89325f31,3de375f3bdbe55e4
20403b65d87d5e5a,5d1b0796a9e45fb9
ea408ea92ea9549b,86145477d81f5ca7
aeea0bc96b5255e9,40e641156d1c5c03
60ae22c26d59572e,5907695e9b4c5d94
5da61ef9efda5191,ed3b01d7758e53ae
c3ed0328b37b586b,41e04ef8335e588d
398326681cd7500a,7c91e837d2cd5a75
7145c064885a53c4,8101b5a4faf75d2e
4196ab00e95e532d,cbccabe7b8115f7b
989a085ea31e50ba,e89d56c099c15090
e4b6a49b32545d95,32540489896e51b3
df0122d3b7d35eb9,1bd475f7b66751f7
1f248c6b5f2f5234,cec82145cee65013
3b0d8847b4a25a92,225e4228d89c5c37
e06567ac03815716,453b3001ecb25518
fc48d9805c955217,5a4aa4901a355f15
d93d307c5aeb5338,9582cfb9de6a5d3e
e61e8cbd0df957f0,45821cba1f2b520c
7da9641127dd514b,7dc4cda58d975dce
cb0905651ea35122,67a39516324b5239
3b5422b60c4f5c4b,f48591115541597d
71e87d45fe895277,cba5e5dd1d855b8b
fbd963d6b7e750a6,69f8caa65f5b50b5
faa12c2adc7c521f,83bd1e3a717c529c
61b15ca533845a97,28c334ca78bf51d9
ebffacdb3be25252,fa4e2109fd8c58a0
ce978770a87253c8,8ee5eab5831659fc
5a4811a0bde955b3,48fe06e6ee105bb9
9b3eda2685e75099,ebf3bbc2560a5f6b
9e522849163c53b8,8d6fc9f907fc5cfb
14576a845ffc521a,bd5cf850fb9954be
5ac5a4a182b859f7,017eb1f5fc375563
13ae6351239c5343,fb4562426bfa5a00
3b56d2b022d25026,d18dd6344b975b7d
db747c98e01c5b42,875bb8eb4cb15956
cfbf3f55398f5fc6,6ba41f32485d5a63
afa0bb26045b5981,fc9203a624b95fe5
86c622a3ec1255ee,02d79fb826a052b8
61c31afab34d5e94,8c930566d92e56ec
667360ba7d595e46,1481ccca03915ab1
21e98ee0ac165e2c,70811526b49c52a0
de31419c6502517b,d1a195b2bd235d8f
69610203b8c35c96,5cc08fe99dee59e4
f7103dfe59a959be,72bdf3527d8c51cb
3a84cbdfcbf554a6,fca16c1029365b23
8ee3467219fc5c8a,041dce99556f5e3a
6e344e75ca4e543e,31911ae0bba3509b
6062e3ace278511a,51ddca8fe4255f34
6c8d2b130c4d5288,4aea5cf609f8543f
ca62812a55ce5f0b,8ab18a5bd47c5a77
f3931b33198d5570,6aac79b683ae5b62
ec044ac1af1655be,f2e29112c9fe5168
5d3fbc3605fb5bb9,c8c7965671b15097
01329f4a29285dfe,fafe27003cb557e8
f49e8b1837cd5b23,f87d0f80acd55e38
2ca33fd04f805478,bf5df2af80c85cc1
2371a65f76025bfd,19aa9586c72a5f3a
3931a353a1f6520d,ed3d1c5c5d495f87
cdb1d43f01565d9c,931c4845f13f5907
d8acd89d5cc95e9a,dae767d3c80c5635
52d4fbbe8bd551dc,e6ed5232237455f8
86877e183c4e5864,22bed37da0b3550c
da365ed766db5a6a,27a7399fe61f5e3f
fab7537b12d254bd,cae64646254e53e7
0774f845fe6b5de3,31962978183f54d7
69acf2f6a20454a0,e84bbf0ad35a55a8
81d6a870aab05080,c2d9a5f712e2512c
abe4fa26de85552d,5da0100f150951f7
d88a725f8b125d74,82f19b437c095c85
43ef28a235035eac,a72d299451f65201
c84e6787935b5483,68b0fbdf0cde5302
eb890bda8eb75f6c,78af92c2febc5845
9ecb100495a5584e,5e71605d31f4590d
9696a32e868259e3,3547159ecacb5136
44699d8556a1519e,e64b778dd3c05a67
87bf38cb3c39548d,6cb74416a3fe57a0
026ee9bc920b5180,b4d739f9822159af
0e2f2cb6712550b7,bb4d1b3008c0598c
2cdba8acff3454a7,fc817533c2185a0b
331882a4388559b6,a3ceae019af55a31
f2b83fb414eb5cf0,070536d8528854cb
68513836ad24543b,fc9e2c080dae5d68
d0d94d5dca655084,509b7d294a4e56ca
ecd769043adc5346,88183ea59c9c5d2c
c23c39c3fedd5bfa,01c8f81194c4588d
667fff5344295416,8525cba67f665573
d1fdb156118a52ae,945ef2ca37f257fd
2567ec8e92d05eb6,e527c391386a516f
dd6f3d80501c5026,86070dcf96755f6e
06091e78878d510e,f3b2c147b50754ad
c40ede27ed35520b,c67eab7349715aac
4cdd4e33b01a52a8,0511a134b4e55ab3
be709e9a5d085f75,8fd5475a0f6b5bdb
1961d1075a085a1d,92729bb0f7e55c5b
cc7afdc5a1e95b5a,a4f62582447a509b
0d77009a20f25175,6547b432b4c1581b
784ddfd058865dcb,4b6b8b2e0aa75682
2360cd7b0fd85480,a314e4aced215f08
483faae37fd95b91,e32b54261fe15714
b27bfe84cc545daa,4e62aba518915ed0
2d151a8187f050bf,ce79093413045034
fd1e4ae4c102553c,0685e6377f835263
0e4dac4154695627,1e1bc687e0175fca
2c9ad43fb0cd5394,2f7ccc9e35495c1e
53a22c2f65fd57d5,e04ab3fa161259a1
6666f491ef505a49,c8cc7f75093d5304
d894554636eb52f4,4e89648584fd58b0
216d5205e9745145,9be222b341df5ea2
847ac59d6cce5bc4,4c63e06d0fa75169
ee9615c4b10d5ec9,3d71b03dbe205afb
529d2e20dc615c3b,96e451c0e56352d8
952dbeff58945400,0b2347f83d005b6d
254290b4b4a35869,c7bb93b8fed25767
4d5c4013a6db5819,62dca8e5979e52ff
baf744a3114f50d5,ec12a483c8b05fcf
cd3b8dce1faa577f,5c7b201ac57d5d56
2b156c54c8ce5645,ee2551f728305314
dde2ef92aa56546b,9d76df284fec5c8a
1c0c94dbcd5359fc,79b9966ad538505f
da026eb9dcf75339,6a49aac7512b59fb
2b352a08cb3b59ea,3bee1cd8bb335d8d
4cee76c8118b5609,e7f233287fc4559e
141d6f95ecf059c4,18be4ed6ef1e5ac2
20cc0fdb7e2d5c3f,0337bdc8a50d5a18
9c1f46770f2655b1,bf7d241c99915732
6a833f3690205bac,e756158ea54b5ae2
f0d1419c24b85651,58c3357487cd50be
9d1d720d0e2e511e,fd4424d1f58958cb
30765e467f6c5947,c4f5521ef4625ae0
b094018eef175a6b,ebd40cfd06d25b91
54e57dfcbf295398,4ace5daf2c2f5f49
559e3fe66db15d66,864387cd86c35192
62d339c4086d51ba,3368a8f8c93e5d9c
c37a081992495a0e,1c6b3892865f56b3
7fc1ce68acb7562c,f5ce76c0d70d5ba0
2bc2525a4ee95ef4,e12142d7c3ed5b28
bdfdf52ac60755a9,827bc70cc1d150f1
02ecdf935f895a86,b96e845652d85df1
21ce6f815188587a,35fd58844d0154d7
2428ecd565d05b50,67c2802310fa51a3
d5b37b79dde85eb1,17e9ab2e7a1f576d
5ea2a4ecc18752fa,e37da00ea40e55df
b42b3012c31c5b03,06b0300bbe9c5840
5016bf8ca2ee554c,5267737202af5788
b92ea560ae10562b,7c56367f5b9b55a0
74d72b3cd99d5ab4,cba3f8716c035822
f976da772a435bd5,c31c068e35e055ff
8396adcdedb55337,ee77e5754e795d18
ef0b98c7837e5e4a,7a69ec2ac66e5ce4
fe55e4c568a753a9,4a3575d2e7cd510d
1270261ff182534f,19814f7fa6dd5891
73939fc4dcdf57c4,ed5b60bac1ed59ee
c66027dcfef35daf,89740e1d3c4b5e49
06f604b0d4835371,fde2b62a3bae515b
fff973197a795e6a,a56fd0688dcf5489
562f38636f975be4,6e8d1690f3e75b22
4907817195ff5d6f,0ffdeabd39a457af
77f0818999145e8f,4c7a22bc1dcc5b23
4a71a24c376f5388,95a26f8c8a9c55be
6239cdb801bc51c2,0e69f3e4ccc253b7
f8b1bb7447c257dc,1d63e99595835bc1
80767d5d26ef52bf,17568d403404572e
d232efb9cc535426,9134714a4e665a97
3d37ed78124057a1,5ef198be86aa5513
b1906c6b8b8f5f56,8e73382ecc03558c
559c4c23eb5d565a,961742e3d8d750a4
cd34209eec085b73,ae9925274e485c94
ac47687039a75848,a6cded1cc3785d51
92d2f07fc6075f5d,a728fcf5aa9859e2
7f2a06cede325573,12d23332271157d6
831a14b3c0bb5c50,44d1fb8af4a5513b
34048f1ce51452d0,664a7fc9122b5f69
2b2484954fc85b54,65e11efc218956eb
c081afa672dc56a2,b6d299e288905f3f
e09425a247f752e5,113194c975135566
ee69970ae6f85870,0dae0dd9783151e4
9a38ba16ae8d57be,5c09bf9101295a9f
cc86bfa114035604,c7267ee0155b5892
4ac7a80ebf915458,b696d9bef8bb507d
1be3fd906c435f85,898e5d8d174659c6
7af7ff61308e5e5c,d9c6a90f54495d12
d0ae9b081c1857cf,e6def17b05f4554a
564bb94f846e5fe1,ce899915180756ad
96b5b1c350745a73,21074da0cef65369
1c1086a1254c5c9e,5d26d37980fd5191
fe41706ad44652b0,5f9347608fc05232
3eef6c6972dd538f,b0dc7a20f6c75ad7
90c5557d1eec55a0,30ecb33052e65cfd
f55fd99d0cd65b58,d5207960d4445c8a
7786cc7e34a05294,105428e6b1d95b4c
1b3de6f75c0559d8,ae7f2528a42450e4
d0672a5ab71d59fb,ae30fd99d40e5dd5
e721852571e5573b,e250a7ab23b85ec0
6e3c7a34388e5ae3,304410676a4f5087
2b3383daa2175aa8,a3a13a44bc3d57cc
d12c5ba59acf55a0,fcb644946aa75666
b7f26baef02d54ea,f84a0babc7705a89
9a15d775514e5018,4f4da09be486559a
76a07493339e5e81,0bdb1adf0c395d03
c65c265780365bb1,66bdde0fc6e05a69
2834297c33cd5d50,df06d62818715c5c
c2116c7a0b15556d,0b47102670dd5c3c
7e052b9f5ca25531,4e3fff79db3e58ea
e17906596dab5e6c,28e39fc202db59d3
ad34e2d0d3865530,1941cec782d25f8e
d61ed977dd8a5197,49819d10da9f5cbb
a9f639a57ac75fa5,e12058aed6915501
f0fb575adb8a5171,cc1e9ecdb6d05f39
f03f53f19c6254b8,7f90968bde0f52b9
82ab6983691a5599,f69d05e774fa5ee6
f253fd0891d3562a,251c6c695adc5f64
d409347e88455122,2866a6adb41251c2
bf8a9586c59551f2,f00b5ceebb4d54e2
2d741bb457ed5434,b4857353bb775804
6ad6e6d54e845206,9c3afe368c195672
518661c5f7625f5b,c432c77c846e5784
e6e99834855a5f10,10a8d3b187655bd7
4fbca0f4292355cb,459f51ce5b11578b
d11b9fcd004e5270,89bb3fdb9c1a5990
4e1da51967095494,8b9457fefd715466
5be54baed8b35bd7,12c437de67835e8e
11de8888bf235231,c6868017691d570f
94c3ef5a3168570a,87b44675fc185369
2e2cc58c9aa450e7,8f6ebe0f9a725f6a
d961ad586b625f55,edad02e7ab4f5988
ed76cdcd1c6c5078,e13244eec5df535f
4d4e4d899fd95487,be9bc42453db5183
bae48b8677205cad,d69bc70c913a52c7
ecaafd3b7f635e0d,efa08f3f0a08564b
7e35bd1fea5b50da,8bfa562341415abd
fc6dc98b89a95817,50cd7550bd035db8
bb25cbb49f9157ae,8cc262b5de7a5abc
b88e5601e3055bd8,a130a42d7ff15af7
d546193a3a28587f,5f8f981de1195819
e82216ae03b05bd4,7a487f440bd554a6
0ccd35e238885817,1930dc0b2a065e2b
a83d8c6015e85622,9ebe9d164d385777
55bb551a2aa85849,f10558e67c925994
6af6e8242e045406,05012a6bf44e5a8e
6f2459c4df665173,3c34dcc4231150fc
77ae9dba6f05550d,3bb0a928b16b54a9
d6b2af6a4fbd5a88,625ec9c63e23545e
e29b049a9bf3509c,64e1cc87865e563d
56780fc1a6bc53a8,2b8567f08ff95d49
75cfb9c37e425214,df3682937e0b5373
e9a71ddab0055f99,a48fe11fab7f590a
e453e4cb030955c7,8a60381cba795076
f51a75fadd695f06,0590062da5d9528c
a38cf6735cfc5f54,f96cf86094525742
1a6595a6c7cb5531,3176558966765cc0
d3d7a91aff375fc5,9ac7b0b1d65958ed
3978c2d5fb6e5f5a,59df35a80f055242
8551466c8066505e,da2b8693c569577a
08b8808b5cf351c3,e7997314cb915919
33a43f22312c570d,d9228adfa9565bb4
15b0967d1dab53f8,b2b3446a0b835f8c
76e72a3b44205ec0,f06a85162c8a5419
11d091d0bd985e5e,965b030493825553
96a252e16d1553e1,00c04ec4d9c25ca3
b793d920bf6f53cd,d0f1af434fb45f62
b1c410cdd06b5bb4,e6a28dd08357590b
1a8da8e47d235dbe,2efd658b9ea85397
c10c52fd674f5277,42c30b82e8b452d2
bc8aad9d72385289,af2eb2d3e324563d
d763dadacfd55928,404cc1f6b517515e
cace9e6345445eee,fab09816fba55d36
df4bbe0b4f6d5312,ef48c8353c1d5d29
6881586931a25031,9393ca45f73b5f6a
604f30d83d8652ae,34854ee8f8bd53ff
812a8e70ad07507d,34afc383b381516c
1dfce400c1ba574c,75056893168c509b
bee7eebe90dd5285,e7dd0392c4a6533f
04605629ea8a50cc,6ddc1dcdd1ce5c16
fa02f1587177551c,784ba4bed9485483
a89b31979d265539,ef8f9d6243a954b3
b17e8b3c64295431,f323816f971f557f
f233f263a7e75621,a5427bec8a255718
0ae7ba2fd0f95d17,a867f099c0955439
5d7e99b7eea65475,063afe3c9bfb5bb4
6884907db45c5cad,4e7d3e942d785dc5
2e21fba9a22851ae,348cc3fee1f85de1
bc60aa8501245df7,c8f733ed153b59c6
8224a14715c2577b,d83979ac34a35661
2615f45588965f4c,f45aa344fc825a54
69d75ac905035187,2e1513ccb65d591d
59504d2ffda35a72,d6995d54b9c95d94
0b99739b06c455bf,d0be0220d7515c9c
b1b2eb47b045566c,c21bc9f7394153fb
3651c6423caa5145,b29f4d8f4ff952b2
3d6f193fad315d97,e39111b8f3c552c8
30e29966db9156ee,e243071f373150fd
ab19982dd5cd57ac,fea379b14c5258b9
86536c24d4805ac7,5b2226e6cec457fd
6c62956221e4511e,2c0a9d54e8025dcd
fff690c93ca15495,0882832f14cd52a9
f231f20bdcb55426,5ff17314b12455e0
b556cea74b125dfa,65105e67546750b3
f407714273645434,0949bc0926425a35
840de743ab1c50cc,18771df476145256
f40f57ad82885f04,2290c8cca7205289
9056de7dce5a50d3,948f9c0a565c5914
e344674ba93250b5,8bdf1fa1fbfa53c5
8551111013245067,c8e8c03811e65fab
1108eba0b4415340,ac369198c2ff5409
0d145fab90475c8f,7d1207a6c8555229
641e208507255987,605fa9b35440506f
222a07b15e165f6f,69be59f6a4a4539f
6ea317e632e850f5,184ea946f7915327
a4cd60ef102957cb,957f2345921b5988
6f4f660648e15c84,9bceece7e6235b93
a55fdc98ef8057e5,aeedd9543eae5b1d
b435be7b7b1b5dd4,451a6995a0635511
6183ed1d16f05d11,2d7dc6e8d20359da
95329718628e5f7f,e9f6a6428519561e
534942a69dea5054,dbbda8696c1b5537
74308c04628b5879,14567a307b985c0e
d94860755c1f5594,d3f6a2f339ed5569
26e8589d8c485726,ec985e7f1d97530a
a35847734fc65508,09e659f80a135489
fe0c83d70ca456ae,91621b4a27be5938
56b80cb2ca2c5983,8cdfba19ba5d5591
06df6b00bdad5229,dac2690e218d58da
f1002f2d240c514e,c162146f31a250bb
eef98aae7e42579d,a15004b9084b57e6
83291306454c5e84,1e3135f353515aa4
063794d8842b5683,71de96be14e25282
6e5a14ce293c5ae8,81b7c06a59415e5e
d81e608168615b51,32ff166852ec5c1d
e67c2879271350c1,30ec7dbdd44a5ddd
614d5297c1a05a46,5531828dfab15a78
20472dd2ff805948,5929e252373f5b39
742ec95b24ee529c,682c6280f5f250b4
2bae2509df025832,e1ced2cc879955c7
d38070017e4e53c3,0db748a1ab6956e9
66ba432a760c586c,88a020aa6dd75234
3c448f4385bf58e1,599076be97dd5e45
6b3d5914f92b54d9,d9d94553ab445639
483042d5dc175e99,0afbebfabaf15932
66225fc71bd35554,c5272f178cef5379
a5ed322a79205030,c448d5807e525e68
0c38a8ace1f5548e,840e2015d800530e
071d69045acb5971,b2ab7970c62e585b
770c714d82535180,7a210c885eb251cd
1a0ce53e0a4755e5,1547d132c4275317
6de13c6c9af05cac,3848cc2cb09a5bea
3a43a45778b85666,c90b47d7ed38545b
77761cd0edf15867,ebca52f9ca9d55ac
66d152defe7b59e2,6c3238b7de9d5f0a
cb61b4237ad25a7c,06227fe9977152e8
c04902b5c32056e0,fcb7d313d4745ded
36a7254be1af5120,f816f2d019a556c3
e6e2b0d2f0495557,2134395ece28546c
1484455d33b85a75,7ade0b2de2725c08
c84b4ca798ca563a,d8c98cbe0fe25fe7
7eab8efaacef55bb,bf8acdc231c35995
2f9c4ea0c97450c6,34fb2b855b865b2a
e09bc42b58285147,7334106f7e6950f9
284fd1657c8659e1,abca01be0e6a5767
4f8fc653ac98588e,4cb4e1e99db3559c
a82d8d2d870a5280,978fc2ba973d5a43
be63bfa5c6445e0e,4c5c39df03515e15
23d0ae8aedf8537b,8a44f44d9b6d5f71
1fa7d30105dd5ebd,75525aad03215816
e6289d35e92c56b9,b5ce55fce69c5543
e8e49013253b5e7c,a45d3d0f4b9255cc
a48a9d9bb413549a,afe2512625985226
b36d274e71b3566b,d9a3d904368c5c15
e13b89a8813159df,86a714f774cc5df4
ba7d6b30a3a15384,7e08aa901d8550e4
b30ee22eca0a57ef,ba1afffef4e051bb
7683c293a5a55dce,828841ba462e5b19
594dba6254d4500b,ff7562ffdfa95a50
7d6f05aa48385ce8,0b9c51872bd55fb1
b7215e8a4eb6552a,cd7a9cc06e0e5bf8
918b6721bcf75d38,3ee3b99c478655c7
80a4b14aef3f5a52,4cde54b2e0445dc8
1a9a1f65b4cc5d1d,46a2e9474a5a5eca
934f7ab607405431,2387e512494d5d73
662ddec48b93598e,8ef14e72d1895c52
13848a5be84f5a4a,3de375f3bdbe55e4
1bee33a086b25a5f,5d1b0796a9e45fb9
fe37acae391d507c,86145477d81f5ca7
69742b86e6b25ecc,40e641156d1c5c03
120ef06f3e0b5990,5907695e9b4c5d94
c388df5240dd5f6c,ed3b01d7758e53ae
19d7afdb02055502,41e04ef8335e588d
1e0c13bae35a50b3,7c91e837d2cd5a75
4a9901b941be5695,8101b5a4faf75d2e
8b90b26a4deb5019,cbccabe7b8115f7b
ce01babf6dfb598e,e89d56c099c15090
55368b53e7ba5dda,32540489896e51b3
5f3da1e584905c8e,1bd475f7b66751f7
84a832f4cdbc5aef,cec82145cee65013
a66477a84cc05f05,94e54ac10711543f
a7f3d88fe5e5534e,453b3001ecb25518
aed7c50719f959a1,5a4aa4901a355f15
10ee9a1679d759e4,9582cfb9de6a5d3e
e40bf2ac511950c4,b171756ebe775c10
59402b7bd60b5da7,e97de88b92ed562e
055dff3e32835333,67a39516324b5239
883bb02a4f7c5f0a,f48591115541597d
b930ed8abf2b5e8d,cba5e5dd1d855b8b
96d9a24139ca5ad4,69f8caa65f5b50b5
e2ae05340dba502d,83bd1e3a717c529c
697c73f258ef5745,3dcc4d0f431158f9
887e4d57da835b12,3fb655239be35402
df8bff51c1d95e09,8ee5eab5831659fc
38a75ff02ee95756,88c4916b9a375df7
a0f695da4a815955,065054eb8df657be
78a98ffdcd4b558a,8d6fc9f907fc5cfb
191dc35423a85d10,bd5cf850fb9954be
26ffff4876f75eed,017eb1f5fc375563
43440ae761cd5a8e,fb4562426bfa5a00
d26786f5e54e53f3,d18dd6344b975b7d
ef34a4f536c5598c,875bb8eb4cb15956
af8dc1b01446555a,ed6cea0420005913
fd30ed65f94d51b2,fc9203a624b95fe5
1fb997ffe1de58f8,02d79fb826a052b8
36be99da12575896,8c930566d92e56ec
2ee44628526e524c,1481ccca03915ab1
910c4dd3f1ec51b1,70811526b49c52a0
2928cfbed3d15000,d1a195b2bd235d8f
a1665c3aeb8f551f,5cc08fe99dee59e4
7e5bb23808a850ca,72bdf3527d8c51cb
0d5496cc08dc50fe,fca16c1029365b23
8d9d0d3caa9b5905,041dce99556f5e3a
32399e644e53534a,31911ae0bba3509b
74707039ce5550d1,51ddca8fe4255f34
0c3f741051575a36,4aea5cf609f8543f
2e5e4be9579d568d,8ab18a5bd47c5a77
424cdafd92f25209,6aac79b683ae5b62
3a31f6e6819d5ab2,f2e29112c9fe5168
11f0b99dbce15be4,c8c7965671b15097
4201a91014c852a8,fafe27003cb557e8
67debdeae60b5fa4,3495b67b2cb85288
0eb72de48c875897,bf5df2af80c85cc1
4ddab8ee947255d9,19aa9586c72a5f3a
6545ea70cb285327,ed3d1c5c5d495f87
e2d33c999ca45ea7,931c4845f13f5907
00abc794f8ce5195,dae767d3c80c5635
be027cd33b835419,e6ed5232237455f8
e2fe44045eac5b89,eacdd788b61457ac
d10c269610375646,27a7399fe61f5e3f
9aad3780bef85c98,cae64646254e53e7
c6d6faaea8915ef2,31962978183f54d7
32af8f1654f057d7,e84bbf0ad35a55a8
f11cf1d1b58454d8,c2d9a5f712e2512c
3ea2b59016145c63,5da0100f150951f7
b197862351735b60,82f19b437c095c85
58169843acb45a62,a72d299451f65201
ca59ecba5722534c,68b0fbdf0cde5302
ce567ba416055525,78af92c2febc5845
7d80c95c24645b06,6204d9eff4de5f7a
7df960d73e50560b,3547159ecacb5136
150f1c76c75352cf,e64b778dd3c05a67
7d423cc4c7b9541a,6cb74416a3fe57a0
39c08e30ff9255ef,b4d739f9822159af
c70cfaf737215fca,bb4d1b3008c0598c
e0dbf07da5c55877,fc817533c2185a0b
20a276a12f2150c5,a3ceae019af55a31
d861e8c8589e5433,070536d8528854cb
4c5164f4b17d5581,fc9e2c080dae5d68
a5725e330a565f84,509b7d294a4e56ca
68e2e4227c355dd9,88183ea59c9c5d2c
a73ba1e90a735dad,01c8f81194c4588d
ea1302023ad258ff,8525cba67f665573
9e1a8204e14e56e1,945ef2ca37f257fd
21bc638f113e5f63,e527c391386a516f
50613cf56a8d5a38,86070dcf96755f6e
3e941f8f03c1512d,f3b2c147b50754ad
e742fc9deaac5321,c67eab7349715aac
b4f6a0719d2a5670,0511a134b4e55ab3
c82bebed0dac5691,8fd5475a0f6b5bdb
1e858b49f4a95ee8,1efcdc413cd05271
4745746f9a555951,a4f62582447a509b
961138ed0ca9525b,6547b432b4c1581b
9551ef5e14315cc0,4b6b8b2e0aa75682
bcdaa4a47f925ebb,a314e4aced215f08
d9eeceb896445e10,e32b54261fe15714
440364f63ee95043,4e62aba518915ed0
0a571473239f5c89,807e359e0a2355a9
5b8d892592635d5f,0685e6377f835263
d3cd01aa67de516f,1e1bc687e0175fca
b11b571fd6a35e9e,2f7ccc9e35495c1e
5a3a4277dc785511,e04ab3fa161259a1
8181a3050dfa51b4,c8cc7f75093d5304
00c893a01244562c,4e89648584fd58b0
85dd82b1048e5509,9be222b341df5ea2
718c914ede2f5229,4c63e06d0fa75169
ae07a1ea49135359,3d71b03dbe205afb
4fbe9cf1d64d58ef,96e451c0e56352d8
02379e524f105926,0b2347f83d005b6d
ac2bc045e07151a3,c7bb93b8fed25767
94625815a7b351b5,62dca8e5979e52ff
b287d1e7b2965ba1,ec12a483c8b05fcf
54d9604b5b265c99,5c7b201ac57d5d56
7d71a7025fde56f3,ee2551f728305314
ffd68c5733d35ebc,9d76df284fec5c8a
57be56626c61528e,79b9966ad538505f
a2f75428b992536c,6a49aac7512b59fb
9efa05c9731a51d8,3bee1cd8bb335d8d
b555e2488dc7531e,e7f233287fc4559e
c940e807dd6b53c8,18be4ed6ef1e5ac2
77dce92bdc8752d4,0337bdc8a50d5a18
37c8a00c76905ffe,bf7d241c99915732
3c99fcb4ef8c5382,e756158ea54b5ae2
65d05fc646de5ce6,58c3357487cd50be
e132b016eee85b16,fd4424d1f58958cb
07064359a6215354,c4f5521ef4625ae0
6d2b59f78d995d9c,9dfe368334c25dfb
71adcc94aa6856a6,4ace5daf2c2f5f49
4bc54773ae245d10,864387cd86c35192
26e6818bd14d52a5,3368a8f8c93e5d9c
c497ee89b6205eb8,1c6b3892865f56b3
b5efcbfe3c6f5888,f5ce76c0d70d5ba0
dcfc13ba3a4150a6,e12142d7c3ed5b28
6b678e4f19c05dea,827bc70cc1d150f1
2754e05ff9d35719,b96e845652d85df1
33fcb42a03535525,35fd58844d0154d7
1b3ed6f1e9b8574d,67c2802310fa51a3
b227439005885966,17e9ab2e7a1f576d
8d4601efa6b6581e,e37da00ea40e55df
206322cf0cf45186,06b0300bbe9c5840
a8db36bc378c599d,5267737202af5788
2d30620b507f5f7c,7c56367f5b9b55a0
054e4984e1b55ec9,cba3f8716c035822
6535e6022ba0547c,c31c068e35e055ff
bbde51f27b4455c2,ee77e5754e795d18
2a4db0773ca95ce5,7a69ec2ac66e5ce4
ec7ca545f4055a2b,4a3575d2e7cd510d
47b1e103c4f1584a,19814f7fa6dd5891
7084e524e59c50ab,26187bba08ab57f0
08dfae1bbef35bdc,89740e1d3c4b5e49
8993f8b000855b17,7df2d1de9696550c
78f8d55c59105b7b,a56fd0688dcf5489
a0e9cbedca0a56b7,e93d9e6b87b856c0
0c77bbb199f3589f,0ffdeabd39a457af
0ee1f95f55d95f7e,4c7a22bc1dcc5b23
1c5019f2bc6052d6,95a26f8c8a9c55be
9cdaa8f652bf5a27,0e69f3e4ccc253b7
9dcc18a23f4d57d8,1d63e99595835bc1
af0e1a3043ba51c6,17568d403404572e
73fe2f6dea43577f,9134714a4e665a97
cfc12b02334c5a15,5ef198be86aa5513
909655c780e152ac,1298961cbab55a6d
47af60921ec65144,961742e3d8d750a4
f938c73be4165c7f,ae9925274e485c94
b711cfd42ac55706,a6cded1cc3785d51
205cce163e5a5b46,a728fcf5aa9859e2
fb1c9ac223bf5bbe,12d23332271157d6
40660dbe143d52c1,44d1fb8af4a5513b
6e7339e7dc70532a,664a7fc9122b5f69
9e4febcde4875181,c74c55395c705c69
c4a4767fa7675875,b6d299e288905f3f
f0d6814d23245178,113194c975135566
df92aab39a395584,0dae0dd9783151e4
cdda15bd879d5a30,5c09bf9101295a9f
93c2bfeb7c885a2e,c7267ee0155b5892
d6fb4629926d57db,b696d9bef8bb507d
f70c1fa8bbfc5d77,898e5d8d174659c6
9020d65504e554b3,d9c6a90f54495d12
04a6f384cd2056c1,e6def17b05f4554a
a120ebfcfb775487,ce899915180756ad
dad522fc9c405963,21074da0cef65369
e0e228212a655d7f,5d26d37980fd5191
989ce8f4205654d3,ca23cd26c94a56d1
5af27ca0b8135d9d,b0dc7a20f6c75ad7
c710ccf4dffd58a7,30ecb33052e65cfd
2f421d857f32510e,d5207960d4445c8a
e6dde7de045154c3,105428e6b1d95b4c
77f45b5536f854bf,ae7f2528a42450e4
aed9613a27115d52,ae30fd99d40e5dd5
901b2d48b2ce5bf1,e250a7ab23b85ec0
a9c9765a005351b9,304410676a4f5087
852255373f315fb6,a3a13a44bc3d57cc
003a1fdca9505c09,fcb644946aa75666
569187407cd3517c,f84a0babc7705a89
d01fec804cd45644,4f4da09be486559a
cebd7d74024b5cce,0bdb1adf0c395d03
fb21dbec77535015,66bdde0fc6e05a69
24ce107c0e75533a,df06d62818715c5c
218ebafd6210550e,0b47102670dd5c3c
2ad17379a25d55d9,4e3fff79db3e58ea
c87dc623a8b3564d,28e39fc202db59d3
6c9e40634f705f56,1941cec782d25f8e
1753feeb7c0e552c,49819d10da9f5cbb
92079b2eb4675c0d,e12058aed6915501
cff12b59b73c537e,cc1e9ecdb6d05f39
a3e0421d08d25e5b,7f90968bde0f52b9
9b94fe18b9ea5b73,f69d05e774fa5ee6
57b2cc25579a5885,251c6c695adc5f64
e485bc6cdd285588,2866a6adb41251c2
6bb2c2106e435a57,f00b5ceebb4d54e2
0c5feb2794e9579c,b4857353bb775804
cf1ad202aadb5ee6,9c3afe368c195672
3d0c780c0aba552e,c432c77c846e5784
b75644dcc9ca58fe,10a8d3b187655bd7
d18b4bcf67b05c57,459f51ce5b11578b
447650d1d57c58b7,89bb3fdb9c1a5990
8564551c362e5f26,8b9457fefd715466
8f224f01713a5376,12c437de67835e8e
a861711ff302554b,c6868017691d570f
83873a51bef051ac,1065460e0a3e5064
86cb3350b50b570b,8f6ebe0f9a725f6a
247ba5f9646c5528,ad7651a61fa8524b
fe6db2d0c7025b8a,e13244eec5df535f
b7c371d55ca65cf8,be9bc42453db5183
e7b780eed68e5ce3,d69bc70c913a52c7
a5d3eca1660f5855,efa08f3f0a08564b
070b688b49225760,8bfa562341415abd
dabc9043dbb9560b,50cd7550bd035db8
a978cd72e68155b1,8cc262b5de7a5abc
c6c7e6c737cb5f4c,a130a42d7ff15af7
91aeae3843455c34,5f8f981de1195819
32f2729bfe435c65,7a487f440bd554a6
767f7fdfb0a356e0,1930dc0b2a065e2b
a2652d512cf35d1e,9ebe9d164d385777
2743a2f96269577c,f10558e67c925994
e393bc5cafe95872,05012a6bf44e5a8e
a3f82403e6945aa7,3c34dcc4231150fc
cca534b6970f5c8e,3bb0a928b16b54a9
ad4698e8271356b3,625ec9c63e23545e
0324b2d1ca2e5b6e,64e1cc87865e563d
2a764e45008651e0,2b8567f08ff95d49
6f07313e88ab56fd,df3682937e0b5373
667ea4f79faf5baa,a48fe11fab7f590a
cf7d3181a516574a,8a60381cba795076
60f8e416f5f457b3,0590062da5d9528c
774006a654915196,f96cf86094525742
2a359c1d62ed5843,3176558966765cc0
4413dc9f17ab56b0,9ac7b0b1d65958ed
47bfcc64021a518d,59df35a80f055242
7229dee5d2685deb,da2b8693c569577a
02b68b9cc51f506a,e7997314cb915919
ccd53fdd1b6e51b8,d9228adfa9565bb4
e905f33735985cfe,c6bbcb7d11945d35
76b708c365e45536,f06a85162c8a5419
f3f9b7c1f6e95b82,965b030493825553
53259c7d4d8952eb,00c04ec4d9c25ca3
e2acd907240850a3,d0f1af434fb45f62
fcb157cfb7785486,e6a28dd08357590b
171e0bea742d52d0,2efd658b9ea85397
19227b35432f567e,42c30b82e8b452d2
3e8e85cf14c65da8,305949f36ec257f1
83c7a6c3c0b15b36,404cc1f6b517515e
afd9edcb6d94521f,fab09816fba55d36
6fa0a76b37b558bd,ef48c8353c1d5d29
eb19160d56255b73,9393ca45f73b5f6a
ffb972d89b065422,34854ee8f8bd53ff
8a2df3fb1632552a,34afc383b381516c
cf9af12edb535bc0,75056893168c509b
f18158051cc457d8,e7dd0392c4a6533f
7fded53ec049537a,6ddc1dcdd1ce5c16
37d8b3ca81905645,784ba4bed9485483
41d8a2d6fa6853c5,ef8f9d6243a954b3
34f2427ba79a587b,f323816f971f557f
adb5cfe871c55445,a5427bec8a255718
46c8d578ddb55784,a867f099c0955439
34a6eb93916e5962,063afe3c9bfb5bb4
45e8b10f95925c47,4e7d3e942d785dc5
473a047c10f45ef3,348cc3fee1f85de1
c43312ea64bc5d28,c8f733ed153b59c6
a70f950103b558b9,d83979ac34a35661
f4458a9c09795afa,f45aa344fc825a54
6edc8f2bcb3054be,2e1513ccb65d591d
a28e9a19b6a05733,d6995d54b9c95d94
12030460794b563e,d0be0220d7515c9c
fa7793ced9cc559e,c21bc9f7394153fb
d6eda165241a53b9,b29f4d8f4ff952b2
c5ff90667143574a,e39111b8f3c552c8
eeeaf1937c015ab9,e243071f373150fd
a0da100b0dcb543c,fea379b14c5258b9
3545234b609d5f4a,5b2226e6cec457fd
47f8cc513134512b,2c0a9d54e8025dcd
3971312f7bb55ea2,0882832f14cd52a9
d3cbad95b20b5125,5ff17314b12455e0
14b4283d229a5e3d,65105e67546750b3
0f3cdfd8866b5915,8f6d77699c085afd
ba2ebab05dfd523e,3b63b218eaf2533f
70b9e5ded0b057d7,2290c8cca7205289
dca6a613dc2c5051,948f9c0a565c5914
89e8716cd98f54a0,8bdf1fa1fbfa53c5
7288ac3781fd51a8,c8e8c03811e65fab
396eba48b9c5529d,b48cfe030b295eec
0af3e039185d57f3,7d1207a6c8555229
33e4d8b62def5fbc,605fa9b35440506f
9d7b9273d56f5d02,69be59f6a4a4539f
3d86e3fc3499578f,184ea946f7915327
5379d354b9b95048,957f2345921b5988
a19a97133a285e39,9bceece7e6235b93
7d966991a14353b3,aeedd9543eae5b1d
7a5ad5a3fcd85c7a,451a6995a0635511
a622f6b5e06f52d0,2d7dc6e8d20359da
5a7acfd6f26553f9,e9f6a6428519561e
bf1f3fe1ca935bba,dbbda8696c1b5537
4417a92b5b1956b8,14567a307b985c0e
e658c60a7b705bea,d3f6a2f339ed5569
8a7750196bc65a14,ec985e7f1d97530a
badd4b6320d05d87,09e659f80a135489
4127ff2cfd615955,91621b4a27be5938
73c897c7de1454af,8cdfba19ba5d5591
5e9e8c31277d5edc,e014865f0d7a575c
aad72be88eab564c,c162146f31a250bb
8b3679b7c11d5ada,a15004b9084b57e6
922b13fe723c505a,1e3135f353515aa4
e0a645315de658bc,71de96be14e25282
35b810aad36b553a,81b7c06a59415e5e
5155241fdbbf57b3,32ff166852ec5c1d
862378e4a52553be,30ec7dbdd44a5ddd
551ce60633b65fd0,5531828dfab15a78
06cfef4de99d5ead,5929e252373f5b39
fa8c164985255698,682c6280f5f250b4
5491f2f619e25dfb,bec540067fae5447
14f10a29b9235b38,0db748a1ab6956e9
026e84581e0f5044,88a020aa6dd75234
2c439b29049252a7,599076be97dd5e45
a78e1f18f3b255d8,d9d94553ab445639
e26d9a5288165f2a,0afbebfabaf15932
94d74f87c8435b61,c5272f178cef5379
64a1d44d73015a60,c448d5807e525e68
ccf8ef537aa65a7a,840e2015d800530e
fa5edfd430ba550d,b2ab7970c62e585b
9f8764247caa5e71,7a210c885eb251cd
70ee383e3b335c16,9122eb919cd35b12
d54047580ffb5dba,3848cc2cb09a5bea
7dd7ec944ff15821,c90b47d7ed38545b
a8fb178e35d25d73,ebca52f9ca9d55ac
794584aa724a55f4,6c3238b7de9d5f0a
1ef49bbbadd55818,06227fe9977152e8
a669b18e5ecd575d,fcb7d313d4745ded
ba8e8393326d5652,f816f2d019a556c3
87eae54f57ea5690,2134395ece28546c
0a21cbc65e5b514f,34a572a1bc585357
9bafc41b5ee0547c,d8c98cbe0fe25fe7
f0b6499b393152be,c0578fd189c45e0f
4674e35da8425113,34fb2b855b865b2a
be3551ae467a579e,7334106f7e6950f9
ef89947a381a50bf,abca01be0e6a5767
ff9058bacb845910,4cb4e1e99db3559c
9858cb2db360536b,978fc2ba973d5a43
e5dd6a4462dd5e29,4c5c39df03515e15
8cafe946e9c752fc,8a44f44d9b6d5f71
25e2cda283355b76,75525aad03215816
6a101cae21b1532d,b5ce55fce69c5543
030c27139f7d57a4,a45d3d0f4b9255cc
cbadd750cbd6581b,afe2512625985226
55992af369b95456,d9a3d904368c5c15
f77c053616475084,86a714f774cc5df4
6bd6995e2a275d91,7e08aa901d8550e4
7779c453de865aff,ba1afffef4e051bb
3dd9fe57e28e5c54,2ed8eb62f925530f
eefc84cb86d45529,ff7562ffdfa95a50
aa4897ec11395ec8,0b9c51872bd55fb1
5c5a8066ceae51bc,cbe76b37bd9d566b
40688677dc5e5d16,3ee3b99c478655c7
3c58a86242fe5671,4cde54b2e0445dc8
4a557f1bfe3b5645,46a2e9474a5a5eca
93b0ff5c4c5c507e,2387e512494d5d73
581a74871330567f,8ef14e72d1895c52
887c38b0c24d5b51,3de375f3bdbe55e4
163c9ec0110e5384,5d1b0796a9e45fb9
354a67b9e10c562e,86145477d81f5ca7
6a9642ab1a745aac,40e641156d1c5c03
02902d180b405100,5907695e9b4c5d94
5209e1f6a97e592a,ed3b01d7758e53ae
6a5c90faa1cc5f03,41e04ef8335e588d
6795e4cf76f55755,7c91e837d2cd5a75
14ce4ee85a9c5471,8101b5a4faf75d2e
7ba76233a35553c2,cbccabe7b8115f7b
b87b792b9a025344,e89d56c099c15090
1f2b81cc64b45658,32540489896e51b3
08684d8a5d675f4a,1bd475f7b66751f7
b022d508550251bf,cec82145cee65013
7597912d2a175b46,94e54ac10711543f
05da61a9928e5ec1,a91358b1f0b256f0
8ce3ec49327d572e,5a4aa4901a355f15
277c6ebd67da5320,bef76e0fdd5c5969
89ec780cbf965fba,b171756ebe775c10
57af94e8290254bb,e97de88b92ed562e
948e6a45c7cd5837,67a39516324b5239
b3a00387265a5cdc,f48591115541597d
e3d7979e2cfb5441,cba5e5dd1d855b8b
b27e6e6bf91d59be,69f8caa65f5b50b5
87c6ef5053865368,83bd1e3a717c529c
af682242313853cb,3dcc4d0f431158f9
4d8c41cf686957d1,3fb655239be35402
41d49aa70484596d,8ee5eab5831659fc
e0dd84d2357d5ed8,88c4916b9a375df7
1bf4bffb864f5379,065054eb8df657be
dc145331696d5400,8d6fc9f907fc5cfb
c091585789c859db,bd5cf850fb9954be
566ee79ab35c5b14,017eb1f5fc375563
775e5b7f1b235e12,fb4562426bfa5a00
d91edafc567a5fcc,d18dd6344b975b7d
adccb045b1495f50,875bb8eb4cb15956
35119c815b1b59ef,ed6cea0420005913
aa41c7c6037e5950,fc9203a624b95fe5
8d5ac1ce6fb75faf,02d79fb826a052b8
2fdb40cf92e75107,8c930566d92e56ec
0f6aef2cc48d5621,1481ccca03915ab1
beb963305ad75bb3,70811526b49c52a0
c5dfe79ae983556a,d1a195b2bd235d8f
51d961409a285653,5cc08fe99dee59e4
c86e7d3c0dfb57bd,72bdf3527d8c51cb
8d83f07bed9d5f6a,fca16c1029365b23
aa4430320c3151e3,041dce99556f5e3a
d5a79b89fb985129,31911ae0bba3509b
c93008394b945625,51ddca8fe4255f34
ae01be6a753e5f98,4aea5cf609f8543f
3d744662757d5ca2,8ab18a5bd47c5a77
d651033bf05e5da3,584f5a8a2fa35893
d70e995b6ec6546a,f2e29112c9fe5168
92ec09fc760c5c4d,c8c7965671b15097
096d823b664e5972,fafe27003cb557e8
a460a03aab635f35,3495b67b2cb85288
db4f9f954c2e597f,bf5df2af80c85cc1
25e9d76574075cee,19aa9586c72a5f3a
d655ae3476c9530c,ed3d1c5c5d495f87
9f309ebf66645913,931c4845f13f5907
9897a102ee075dee,dae767d3c80c5635
3ef7a107ecc75162,e6ed5232237455f8
83ec4461559c5388,eacdd788b61457ac
243480f0f2545b3b,27a7399fe61f5e3f
d4ac0a1865ac5c25,cae64646254e53e7
a4ba9521736a59f9,31962978183f54d7
8d4dc358499159c9,e84bbf0ad35a55a8
16125101defb5b51,c2d9a5f712e2512c
bbd85b27fa465894,5da0100f150951f7
5b61b9072cad5dbc,bef003198ff25467
1ad96f74e72750db,a72d299451f65201
ade979d99d51517f,d978447dc3225c2e
60681597a59d5cf9,78af92c2febc5845
4dde36d102a4526b,6204d9eff4de5f7a
b5b57305df6f5b99,3547159ecacb5136
d50b69bed8f2570c,e64b778dd3c05a67
0d161d05f98354dc,6cb74416a3fe57a0
62b620262e1b5b25,b4d739f9822159af
a5a1e608305d53a8,bb4d1b3008c0598c
d496c44726c35e33,fc817533c2185a0b
e02f26d0eb0152e3,a3ceae019af55a31
131f0303c9e9582a,070536d8528854cb
1e4df42d4cea5416,fc9e2c080dae5d68
fe5bd33f199d5a64,90d737fd14645dfd
3770407dcc67520c,88183ea59c9c5d2c
cc9f9924e6f25e64,01c8f81194c4588d
ca4f746c0a4f5396,8525cba67f665573
66c2b2bf35745563,945ef2ca37f257fd
5027a61161365407,e527c391386a516f
4909b88b347c5764,86070dcf96755f6e
e360cb69b8a55a47,f3b2c147b50754ad
1fe885bcdf8d53de,c67eab7349715aac
4b22a759c31a52c5,0511a134b4e55ab3
595909c413ac56dd,8fd5475a0f6b5bdb
1fe5f6af95e15489,0ee0a907fb1a5d5e
af064082155f5dc0,a4f62582447a509b
b8bd18a1ccf45918,6547b432b4c1581b
2b052ebbd7ec543b,4b6b8b2e0aa75682
7dc47eb4f41e523d,a314e4aced215f08
77b99279c5265bab,e32b54261fe15714
7135ce0e5eea5907,4e62aba518915ed0
c12d0bb341fc59c0,807e359e0a2355a9
9191f3f8644d50cb,398dea0ebddf5f00
499f1df141b05d36,1e1bc687e0175fca
a20beaedf66b59f3,2f7ccc9e35495c1e
442b2cf63c6f570a,e04ab3fa161259a1
15faa071a7145ad6,c8cc7f75093d5304
bc1489ef42185fa1,4e89648584fd58b0
61573a0820cc553a,9be222b341df5ea2
d4e058ec6a795ef1,4c63e06d0fa75169
955af39177fe5ba1,775ef9fc879e5357
310d65ad9aee5366,96e451c0e56352d8
4e3f39fa6dfc5d12,0b2347f83d005b6d
01226863089b5e1d,c7bb93b8fed25767
b9400f20792f5936,62dca8e5979e52ff
661278fc8a9c57d3,527bd92d448c536a
7d74fbed5a8c534c,5c7b201ac57d5d56
829e3a1622565a63,ee2551f728305314
d58159872a0d58b7,9d76df284fec5c8a
7727bf26f5845499,79b9966ad538505f
97080182e9a455b3,6a49aac7512b59fb
e64d11cc39c753ba,3bee1cd8bb335d8d
873e80bc10d156ea,e7f233287fc4559e
d242cc91d5ef57b7,18be4ed6ef1e5ac2
a1848a01a20b5224,0337bdc8a50d5a18
73bc5ba81812539f,bf7d241c99915732
b6131f42e3c05ea1,e756158ea54b5ae2
fb8731e672c45a13,58c3357487cd50be
3a2875c07f035d2d,fd4424d1f58958cb
038e954a77a95537,c4f5521ef4625ae0
1371cce68aa95a4e,9dfe368334c25dfb
608f33b279a15cfc,4ace5daf2c2f5f49
4827434c5d3659cd,864387cd86c35192
06bdef9a9bbc5aaf,3368a8f8c93e5d9c
7eff17574e8d53d2,1c6b3892865f56b3
684ac2e9651d5e63,f5ce76c0d70d5ba0
685e5e9083185108,e12142d7c3ed5b28
a4c23fa815945fe3,9c51ce0d1a6952bf
3a161e0999b15823,b96e845652d85df1
cdf6bdc01f055c77,35fd58844d0154d7
d04049c3978354f0,67c2802310fa51a3
b1ae78ae6e005119,03b014cc7a3751e5
ab8af92e0bda5def,e37da00ea40e55df
a780d35138495c38,06b0300bbe9c5840
9f461cae559d5e15,5267737202af5788
bd09fe587b1a59e3,7c56367f5b9b55a0
a0f56a70905c527d,cba3f8716c035822
ba40b386e9cd5e73,c31c068e35e055ff
88ac42d0eaca5c57,ee77e5754e795d18
3d2adf8b0bb65492,7a69ec2ac66e5ce4
4e0667aa6ead5e7d,4a3575d2e7cd510d
f606d0e6eda7549a,19814f7fa6dd5891
b04bbf1d4ecf5f56,26187bba08ab57f0
82ef8b099fb55f0c,89740e1d3c4b5e49
49d00c5507175e01,7df2d1de9696550c
f1992f61c13e5998,a56fd0688dcf5489
6df712116b7353cc,e93d9e6b87b856c0
5066b57b01cb56ec,0ffdeabd39a457af
1d3700dc6c9950e0,4c7a22bc1dcc5b23
2eb7c4dc6ec65123,85334293d4e35895
0d9243e74a1a501a,cfcd479eb7ed536f
b8314864431a5665,1d63e99595835bc1
fb188ed7e53552c5,17568d403404572e
5d9e2570d7565e91,9134714a4e665a97
d745bef1cebc52e7,5ef198be86aa5513
a7ad6a154d2051bd,3221a78468665217
4d5a01dea92b5867,961742e3d8d750a4
dc2a5d567a8e5f17,ae9925274e485c94
08a80ada64475443,a6cded1cc3785d51
6b895016e28d513c,a728fcf5aa9859e2
0bab0d24762a596d,12d23332271157d6
6e190fde9f8958f1,44d1fb8af4a5513b
bc68d211a62d5c19,664a7fc9122b5f69
7abf60c1594953cf,c74c55395c705c69
4631b80af7fb5f2f,b6d299e288905f3f
616439dd808d57f1,113194c975135566
cf9a762e8aaa55b4,0dae0dd9783151e4
8eca6838e7c75493,5c09bf9101295a9f
32c74fb957e45651,c7267ee0155b5892
1a585b7022ed54df,b696d9bef8bb507d
f1ae86b9b6a75893,898e5d8d174659c6
dea63e35e7545f27,d9c6a90f54495d12
ef27f4eeb34e5b83,e6def17b05f4554a
79ecc8e6e5fa5dd5,ce899915180756ad
5d5cef2e5d6b5d6b,21074da0cef65369
8b93118c77d25b5d,2fc5393c4fa95049
61876d1f48505069,ca23cd26c94a56d1
b154733410575500,b0dc7a20f6c75ad7
91081d9b9b0452b9,30ecb33052e65cfd
59bb570b4290572d,d5207960d4445c8a
b1a1b2a18fa4504f,56578fc0fe46595a
bde076eb186a52d5,ae7f2528a42450e4
7780e502545a5df7,ae30fd99d40e5dd5
40ffdefe6d2f541a,e250a7ab23b85ec0
6b2cda5004dc5df9,304410676a4f5087
116aacf9868e5e4e,a3a13a44bc3d57cc
45ebc34cbe405c3e,fcb644946aa75666
8984fe1857e057b3,f84a0babc7705a89
13310ca9a7715154,4f4da09be486559a
098c8aa8816b5805,0bdb1adf0c395d03
0278f1a2ae3b5ae5,66bdde0fc6e05a69
b7c35b12755c5d44,df06d62818715c5c
7dd9388d605c50a1,0b47102670dd5c3c
72c1d1069773561d,4e3fff79db3e58ea
467a4f14137a5910,28e39fc202db59d3
e10bd715492150e3,1941cec782d25f8e
2d0334f7e7d75853,df16e8921a035e1a
fc0fc7649a335d27,3d40bd94c0035297
e56402797d665711,cc1e9ecdb6d05f39
2322850f71fa5c4d,7f90968bde0f52b9
f32d809c7175588c,f69d05e774fa5ee6
70645140f08352ca,251c6c695adc5f64
569a63e20e845d44,2866a6adb41251c2
0b0a92d14c3c508e,f00b5ceebb4d54e2
9e032298e808528a,b4857353bb775804
fb7d83b69f38539f,9c3afe368c195672
c60be3c852c55da2,c432c77c846e5784
e02db4e2c5ed5b76,10a8d3b187655bd7
ba9d1824bc8c5e7d,7608f0ad6b395241
0fb88262272f5110,89bb3fdb9c1a5990
5111244533fb5d1f,8b9457fefd715466
6de81a38cd7655dd,12c437de67835e8e
49bd1e2dd88457e3,c6868017691d570f
d5ea47f2ec1550b2,1065460e0a3e5064
1039f028cca95109,8f6ebe0f9a725f6a
bc93e095f13c54b2,ad7651a61fa8524b
b56a66ac853c56e9,e13244eec5df535f
ae46065dc9ce55b1,be9bc42453db5183
eee59dd716c05e1b,d69bc70c913a52c7
a4e50a4546d0513e,72addb7ed67c5402
cc8b8b4ae726592a,8bfa562341415abd
88d08f76270d5e37,50cd7550bd035db8
a067cd2e442c5a4a,8cc262b5de7a5abc
8b57a471e74e573f,a130a42d7ff15af7
c0b730b08f685ef3,5f8f981de1195819
806b014bc8c15160,fb4e9ad583f05680
960b735b1eac5dab,1930dc0b2a065e2b
36471f2ea86a54ba,9ebe9d164d385777
de62001a07db556c,f10558e67c925994
184c11a8cc875403,05012a6bf44e5a8e
b5e7acb62778580b,3c34dcc4231150fc
7d10959013575b2d,3bb0a928b16b54a9
e11b470ae6285663,625ec9c63e23545e
9157902936a456bf,64e1cc87865e563d
167063f69e8357d8,2b8567f08ff95d49
a67f68a6c9e85668,df3682937e0b5373
abb2ccc5501c58f3,a48fe11fab7f590a
0f83bb5cecbe56df,8a60381cba795076
40ee16c17fc05cfb,0590062da5d9528c
ed8384b107d95d89,f96cf86094525742
60216ba3ee9557d9,3176558966765cc0
f71f0d4ca6db5d40,9ac7b0b1d65958ed
c2ed826b31065c66,59df35a80f055242
66a0abcb3eac57df,da2b8693c569577a
9e2a2f6ba6705d0a,e7997314cb915919
ec5e157a5222534d,d9228adfa9565bb4
af194a8f1af65eb7,c6bbcb7d11945d35
3fb360a01b775e07,84dbe112503b57b8
03c0cf33d2105598,965b030493825553
9e8403c32a50530b,00c04ec4d9c25ca3
fd391501d37752ba,d0f1af434fb45f62
4826c59b43f6568a,e6a28dd08357590b
ed2466a660ba5661,2efd658b9ea85397
e9cb16355c1f5d9b,42c30b82e8b452d2
0ce170237acd51c2,305949f36ec257f1
ba02d873678c5cf9,404cc1f6b517515e
c773514392cc56ba,fab09816fba55d36
b31e39a660f1535f,ef48c8353c1d5d29
ffb2d865d42e57c0,9393ca45f73b5f6a
013fbdcd9db35b43,34854ee8f8bd53ff
8436ac812af859df,34afc383b381516c
f4da0138413c595a,cc2629674c025b88
626b5dc253965ecb,70d8a9deefa8519c
4d55f6c3a3dc58fe,b647914ba05e5377
90a14e5bd7cb5f47,784ba4bed9485483
a9c15f8aabb65b09,ef8f9d6243a954b3
8636c755aabe5792,f323816f971f557f
467191a24ffe57aa,a5427bec8a255718
d0884d449b2959fe,a867f099c0955439
e4673b6cec6b521a,063afe3c9bfb5bb4
6280a12d79b4518a,4e7d3e942d785dc5
83fd1c194c0c5441,81c070cdfbce5719
051b3ee34e3b59ec,920ccd25b3255e9b
ef35eef8e3ae56ef,d83979ac34a35661
40e9f6044a485b14,f45aa344fc825a54
702cb8df08c15df6,2e1513ccb65d591d
0ee2bbd11d4451c3,d6995d54b9c95d94
6a8087fb9f3e5751,d0be0220d7515c9c
85865789fb545e3c,c21bc9f7394153fb
6fdea0636809523e,b29f4d8f4ff952b2
26e5d2127cf9563d,e39111b8f3c552c8
cb71a934523a5d4a,e243071f373150fd
e4c83b8feafe5cb4,fea379b14c5258b9
4332fab190e05b95,1d679d02cb705164
071f7885a37e591f,2c0a9d54e8025dcd
8a6fbabba3745db9,0882832f14cd52a9
0613490d89e25d03,5ff17314b12455e0
56706b5fe8b4575f,65105e67546750b3
c01c5d45b97154d4,8f6d77699c085afd
24a036d6f97d5a50,3b63b218eaf2533f
962deb8ccdaf50e3,2290c8cca7205289
864e62539b8c58f9,948f9c0a565c5914
28871fc023c85fe6,8bdf1fa1fbfa53c5
bdc6855188a351ca,c8e8c03811e65fab
92c7b16cbf5a5d8c,b48cfe030b295eec
315ade412d0f5304,7d1207a6c8555229
e1e8aae3165c5652,605fa9b35440506f
f001f00535065622,69be59f6a4a4539f
5825e60bec9f59fb,184ea946f7915327
47cdeda07aeb5b19,957f2345921b5988
e3d3be1bc77e517e,9bceece7e6235b93
fc450a5080d458e1,83ef071db7c4537d
0d391852df3f5737,451a6995a0635511
0438474da1ac593d,2d7dc6e8d20359da
071b435a4f4057e0,e9f6a6428519561e
522b72a25cbb5ef9,dbbda8696c1b5537
81f1c631c7325b0f,14567a307b985c0e
c5510354351d5d5e,d3f6a2f339ed5569
23ca661f3d7754c7,ec985e7f1d97530a
76f053cb2f8851c7,09e659f80a135489
8ea9276bf0ee55f5,91621b4a27be5938
84c2b46556315af6,19236bdddfe95577
d32754e8c47e5771,e014865f0d7a575c
c5ff0a82eabb5b05,c162146f31a250bb
690fef019ad25dd6,a15004b9084b57e6
f2dd261c41755967,1e3135f353515aa4
7276ff87d3c2557c,71de96be14e25282
ec2200402d965ced,81b7c06a59415e5e
833189ada8fa5ba2,32ff166852ec5c1d
784c48e2a44c5036,30ec7dbdd44a5ddd
4175cdc49ec759f5,5531828dfab15a78
4a681a6497d35e68,5929e252373f5b39
bd2b1a4530a1538b,682c6280f5f250b4
e8a004bfab7d5034,bec540067fae5447
13d1fc5b0ccd5abb,0db748a1ab6956e9
38f1e14586bd51e3,88a020aa6dd75234
2318ebb3b64554fc,599076be97dd5e45
d33a0db0dd335837,d9d94553ab445639
a51ed55eaa9c54c9,0afbebfabaf15932
7f2edc964c6d5323,c5272f178cef5379
130e977c13995170,c448d5807e525e68
5e2b839cccb95921,840e2015d800530e
970cfee3bc7d5e3d,b2ab7970c62e585b
68d46e380acc5f56,7a210c885eb251cd
6250b1bc5d735d1a,78b957df52045394
2a34f4d0aefc5039,2e1639bf34b45aa7
c42697d5870e5dee,c90b47d7ed38545b
761985c4330555f2,ebca52f9ca9d55ac
a6c229d05cdb5016,6c3238b7de9d5f0a
18d63cca5ad554d2,06227fe9977152e8
115e8a71aafc5d3d,fcb7d313d4745ded
d89a663c15da5ce2,f816f2d019a556c3
a59bd481d324594a,2134395ece28546c
b7e61e7b15265bb9,34a572a1bc585357
0dc3dee5c8815a90,d8c98cbe0fe25fe7
9839d83635495727,c0578fd189c45e0f
511ba067a1835f86,34fb2b855b865b2a
875f14a6967d5192,7334106f7e6950f9
8ddef59113ee5c86,abca01be0e6a5767
c0649cc8913954cd,4cb4e1e99db3559c
667140c426e45393,978fc2ba973d5a43
4e811c006997541d,4c5c39df03515e15
10209c0e885f5162,8a44f44d9b6d5f71
26e5c3fb8af15012,4d16677dccd05aa8
9f03709a3c1e5725,b5ce55fce69c5543
fce6a1ea8fce5644,a45d3d0f4b9255cc
303948f28d5b52ab,afe2512625985226
1801a3d3fffc57f5,d9a3d904368c5c15
2352aa62dbbe58d2,86a714f774cc5df4
39cf3b9137615a6b,7e08aa901d8550e4
4cc313afb2665204,ba1afffef4e051bb
5403d4e6179a5354,2ed8eb62f925530f
5016d5a7a87a538d,ff7562ffdfa95a50
ae28b46a42d051a4,0b9c51872bd55fb1
ddf3383ec8965d9b,cbe76b37bd9d566b
a0be9e4c6cc15ec7,3ee3b99c478655c7
b133316a0e795993,ac9f458fef245f0a
93092fbeb57f5e9a,46a2e9474a5a5eca
dce197f508425f2b,2387e512494d5d73
20f93aa93fe05157,8ef14e72d1895c52
488dd191f7dc59a8,3de375f3bdbe55e4
092e56d3db8b5e24,5d1b0796a9e45fb9
d3a9acba43a05b83,86145477d81f5ca7
663c00bac2e05721,40e641156d1c5c03
46aea2dcb1485353,e580d04f3ef552ef
29c9d694a2a15357,ed3b01d7758e53ae
df5915c3464e569e,41e04ef8335e588d
747f309bac56509f,7c91e837d2cd5a75
9e9da0b49c475ca1,8101b5a4faf75d2e
56af8eae4788597f,cbccabe7b8115f7b
cf12097663665430,e89d56c099c15090
6a0cdff04e6b596e,32540489896e51b3
72cb0bed47ab5464,1bd475f7b66751f7
d91f0c28683e52da,cec82145cee65013
4495218e41b35f25,94e54ac10711543f
7f0cb33eb150567e,a91358b1f0b256f0
415b05ca44da5fbb,5a4aa4901a355f15
458e833803315b4f,bef76e0fdd5c5969
2c3e04a929b85f30,b171756ebe775c10
97b8b4204a2a5484,e97de88b92ed562e
40d24af6505f50c9,67a39516324b5239
1d538fa6a8825de1,f48591115541597d
7a7e8074ee5c5389,cba5e5dd1d855b8b
43c74ea303715baf,69f8caa65f5b50b5
71af26e14ba65545,83bd1e3a717c529c
f559d26401125dbe,3dcc4d0f431158f9
8671b777d49e5dea,3fb655239be35402
49d0c7d110f15c0e,8ee5eab5831659fc
150d706a5add549a,88c4916b9a375df7
feb7748995f55bdd,065054eb8df657be
b605703d3fb05725,8d6fc9f907fc5cfb
45e9a0bc222452bf,bd5cf850fb9954be
79e011726ebe5aa0,017eb1f5fc375563
23fb1660b6985e05,fb4562426bfa5a00
95effa16c4bb5c12,d18dd6344b975b7d
dac744da64d35664,875bb8eb4cb15956
58d40da0cce05d8c,ed6cea0420005913
40dcc0a979075ffd,fc9203a624b95fe5
6157537c48ab553d,02d79fb826a052b8
97e2daddecd557a4,8c930566d92e56ec
3fdefe546f3159fd,1481ccca03915ab1
0defa8939c9851ea,70811526b49c52a0
c8df3a922f9d5550,d1a195b2bd235d8f
2d305230053e5e19,5cc08fe99dee59e4
4655358777d95867,72bdf3527d8c51cb
c236972435215288,fca16c1029365b23
218adf8c450058eb,041dce99556f5e3a
b52b4358ca335eb9,31911ae0bba3509b
a7aa2b49e81b5d4f,51ddca8fe4255f34
59baf497f88254c8,4aea5cf609f8543f
1b54d7f77eca559b,8ab18a5bd47c5a77
307fee530f99569a,584f5a8a2fa35893
6840e07af4275492,f2e29112c9fe5168
8c156f5b675b5657,c8c7965671b15097
d3102c58562a5689,fafe27003cb557e8
ab51ce190cca5673,3495b67b2cb85288
36e1ce5794595e73,bf5df2af80c85cc1
8cec7d21f7dc540b,19aa9586c72a5f3a
ecc6f4f3dd735feb,ed3d1c5c5d495f87
e706a9c88e625828,931c4845f13f5907
d99e2e84c46f577d,dae767d3c80c5635
32648fe3eaa45ed1,22bed37da0b3550c
24179dca21ec5427,eacdd788b61457ac
c95348f67fa059ae,27a7399fe61f5e3f
85936ccd1b405f4c,cae64646254e53e7
44e882ff27ec5566,31962978183f54d7
33c321ae43da54c6,e84bbf0ad35a55a8
722ad5b3698c52c6,c2d9a5f712e2512c
40a69dc4d1f854a8,5da0100f150951f7
72b0f2dcaf1f59a1,bef003198ff25467
6761ba552b3759fa,69309b5b3e685b3e
4fb652e8a58f5623,d978447dc3225c2e
f51357fd3f59500a,63dfbf3cb8ce5310
da137494751e500f,986fb7485950534c
a02d58c7e9ee50f5,3547159ecacb5136
580dac44fa305877,e64b778dd3c05a67
dd149fc9cb395631,6cb74416a3fe57a0
1b471d7f756a5c7f,d2507efd1b3f5b8c
5e4da70ec09f5282,bb4d1b3008c0598c
d2440edd19d954b5,fc817533c2185a0b
8d3ac506e17050ba,9686e12ba6e65dac
31f2d9d9334d5a06,070536d8528854cb
cdab92d3f2d955db,fc9e2c080dae5d68
426cc213a80352f9,90d737fd14645dfd
3e53e34cb63f5d05,88183ea59c9c5d2c
674ebcb39a4d528f,01c8f81194c4588d
693ca321449e5a83,8525cba67f665573
a08215e27d775f96,c34e0b1200895c77
1e80c5febdd25875,e527c391386a516f
0b046094d70257ed,86070dcf96755f6e
aace7a7aeaf75f2c,f3b2c147b50754ad
985af967de8f5f3f,c67eab7349715aac
c28b41c8410f5465,0511a134b4e55ab3
d84b338d48335e67,8fd5475a0f6b5bdb
6a090fe8d71a5f38,0ee0a907fb1a5d5e
38d08753fa4651c2,a4f62582447a509b
a3d10c0a5a835300,6588c908bc9c58ad
66ccc68c8f755683,4b6b8b2e0aa75682
c35f0df7bfdb5140,a314e4aced215f08
3038555c47555d08,e32b54261fe15714
713c5a168c2452dc,4e62aba518915ed0
b8de09ba44a054df,807e359e0a2355a9
0eb7dda83bbe5fb2,398dea0ebddf5f00
a41a728fda515594,1e1bc687e0175fca
f9ed38d9ddfa531e,65b84f20da4e5a09
18492b6ce9905b13,e04ab3fa161259a1
6cdf58d03f8e5493,c8cc7f75093d5304
6af09cbf5d405f49,4e89648584fd58b0
c2f56a56716f55e3,7cbe61b2c80358e7
ab8f5b7368a45a6d,4c63e06d0fa75169
6c64511810415244,775ef9fc879e5357
6f0538a6ba9c5b7f,96e451c0e56352d8
5c934edce20758e5,550597914c98595d
bdb0f78978cd5307,c7bb93b8fed25767
49e3bfda06d45f7e,62dca8e5979e52ff
845cd9cda6335f6b,527bd92d448c536a
ab120237801f549a,5c7b201ac57d5d56
e859a9e666c15716,ee2551f728305314
c4f590c6b7e85691,9d76df284fec5c8a
2f4a5f8093b25fae,79b9966ad538505f
05d010f73fab576b,99b6d9b80fc45a0d
db723debaec15d81,3bee1cd8bb335d8d
1e0e26ffc2ae5b34,e7f233287fc4559e
d084fdb9e50258ba,18be4ed6ef1e5ac2
6fe17a5e4d755f59,a2209ec9cffe5a40
eb86e67498595966,bf7d241c99915732
2943657d55dc5d65,e756158ea54b5ae2
c2790319345a58cf,8da3da970a1b5347
7b13f467f23c5a2b,fd4424d1f58958cb
df36523fdaeb5882,c4f5521ef4625ae0
dfb58c90fd2e52fa,9dfe368334c25dfb
8a88b869e2ca552d,4ace5daf2c2f5f49
8af8486e96a45fa4,864387cd86c35192
76dd2e9ad6f753b8,62c85a13b9215ce5
31602c26eedc5f7e,1c6b3892865f56b3
dc9bf97cb9e151ad,f5ce76c0d70d5ba0
720c4f312c0f529e,e12142d7c3ed5b28
b1899626476e5293,9c51ce0d1a6952bf
92fe6ff13c005ee3,b96e845652d85df1
a20a0a34d5e859ed,35fd58844d0154d7
e8850900bade58f6,55863b877be85f64
847432a116d35db0,03b014cc7a3751e5
49b32cb088ae53fe,e37da00ea40e55df
27c1c1822dc75f7b,06b0300bbe9c5840
e7295df63d0751d2,69dab2fccd7453bb
b667e90bf3055cea,7c56367f5b9b55a0
be2d7d1ddb305428,cba3f8716c035822
4231dc0eadd75a2d,c31c068e35e055ff
39640455f50c544c,ee77e5754e795d18
d57dda19866556c3,7a69ec2ac66e5ce4
927222aceeaa52bb,4a3575d2e7cd510d
8051c60f20705909,be9b4424da2153cf
f3512ae175b45844,9186a2f72a345939
b821203c112455cb,85c90d1f8de9547e
8e9d920cd8595185,7df2d1de9696550c
454446c80b625c47,a56fd0688dcf5489
359f62a656b9586d,e93d9e6b87b856c0
5368a45f74ed5f66,0ffdeabd39a457af
dc8fc926ef0451f1,a3c5e38625e452b2
d3badb5f8c125e12,85334293d4e35895
f102658ad87c561f,cfcd479eb7ed536f
42a04da3bc0351e1,1d63e99595835bc1
295b050f45615ad6,6f7dbb81c8be5e85
5d78f0d383a95860,9134714a4e665a97
ae09c3f715ed58c7,5ef198be86aa5513
a7f7be23b6185470,3221a78468665217
7d24bd01f77c5d87,961742e3d8d750a4
7c0a753f5a2f5230,ae9925274e485c94
0c3c5692dcdd5bdc,a6cded1cc3785d51
3972714235c35bcc,a728fcf5aa9859e2
d615904971e05b5a,d85a10aa14be5e95
b61a78b163d654e0,44d1fb8af4a5513b
d0fccf42f606569a,664a7fc9122b5f69
68b2ef4a0f9d505e,052b6ee86f3a5a90
d1abb12015175373,b6d299e288905f3f
34787bf8b0d95f31,113194c975135566
5f4945f6b9b45024,0dae0dd9783151e4
340f9f95b1e459ab,47d9445ad08252c7
e00c640657fb5895,c7267ee0155b5892
7cbf7bab041151e1,b696d9bef8bb507d
b86c171d4a9d51e3,898e5d8d174659c6
bd9af5e4299b5fb6,d9c6a90f54495d12
a9fc9ff67fef5b5c,e6def17b05f4554a
9c63a8a78f3251d3,ce899915180756ad
7cead15dfaab593e,21074da0cef65369
70428e7a613e55cc,2fc5393c4fa95049
90f8fafcb5715404,ca23cd26c94a56d1
a7409a64ac2b5a94,b0dc7a20f6c75ad7
0cb51b0d4e285c55,30ecb33052e65cfd
2b201c0ffa245b8b,d5207960d4445c8a
ef72c411731f5e79,56578fc0fe46595a
08fc5ba619bc535c,ae7f2528a42450e4
17de441a1185528d,ae30fd99d40e5dd5
41f3712a30b956e6,e250a7ab23b85ec0
c5b585ddf50d5f1f,304410676a4f5087
7857a22b3bc85bb4,a3a13a44bc3d57cc
d20be65e3dc65738,fcb644946aa75666
c69d4cbd79ea52a0,f84a0babc7705a89
af0e2b61cba953de,4f4da09be486559a
02c8da231eb15ed2,0bdb1adf0c395d03
cf1ba57897845189,66bdde0fc6e05a69
c38eb1a738745b1e,4278293dfc1358ed
72720a5350e75184,0b47102670dd5c3c
c6be203c41a155e4,4e3fff79db3e58ea
1b613bcca44b5b29,28e39fc202db59d3
2497e961a13e50f8,1941cec782d25f8e
77f11643ced5562a,df16e8921a035e1a
b470096ee3425c5a,3d40bd94c0035297
76b1b05efba353fe,cc1e9ecdb6d05f39
2e1d4bde0a16514b,ccead163ff07511c
65858c2fe6b5501f,f69d05e774fa5ee6
073b782b57115061,251c6c695adc5f64
e9fcec80707952c3,2866a6adb41251c2
36e789a0e4035ad7,f00b5ceebb4d54e2
ddfeb4814eba5cf8,b4857353bb775804
7f62e2a838405444,9c3afe368c195672
c25c6a709afc5552,c432c77c846e5784
6f6d4e85ebdb5013,10a8d3b187655bd7
79ea5e55d0385928,7608f0ad6b395241
74cdabf6dd8e5052,89bb3fdb9c1a5990
a5f5f03bc998578d,f17b80b1202555bd
4cca4c982f9855c5,12c437de67835e8e
4a35a95ee57f5572,c6868017691d570f
b0b98b1a4d1552c7,1065460e0a3e5064
f7e52770089e5230,8f6ebe0f9a725f6a
290a914d4ef15443,64979410e69b584a
006e2728d7115fa7,e13244eec5df535f
6ac3f5626d2b555b,be9bc42453db5183
4014296da6f75079,d69bc70c913a52c7
ef300f8a9cf254bc,72addb7ed67c5402
f897914e6f0c52e5,8bfa562341415abd
60f2c00b9ced513f,50cd7550bd035db8
10ddf2c0942a5704,8cc262b5de7a5abc
4d48843c558b5807,a130a42d7ff15af7
1623cbaee7295b13,5f8f981de1195819
bc958ef21282524c,fb4e9ad583f05680
2f9b9537ea1c5018,5e5c670e2cc85681
1e921882661b5a6b,9ebe9d164d385777
2cae5f08e11a5dbd,f10558e67c925994
d45f18da371a5fe5,05012a6bf44e5a8e
e8d869b5752751a6,3c34dcc4231150fc
5a90354cbaa45cc2,4ac035f126e85654
1e751703427e5a3c,625ec9c63e23545e
e3893ed312f45501,007881027ffb5842
b27841ee318f5d92,6ecd0f50fef959b9
d9435ec2640f586f,df3682937e0b5373
4e19d097005e55b5,4a05f6dc424752eb
298fff3a2ae95293,8a60381cba795076
cd284af1ade75426,0590062da5d9528c
334ddbed40095e07,f96cf86094525742
0d0972c70bd955cc,3176558966765cc0
5802564fbfb558f8,637d600e70395997
82f70d5f3a11576d,59df35a80f055242
9a3778686fd058d2,c378e2932e845da2
dec6932758755596,e7997314cb915919
9dd982b0637453c2,d9228adfa9565bb4
b4a85f85ef7e532d,c6bbcb7d11945d35
2e8d3c1cd8b15c97,84dbe112503b57b8
575a40958ae65abd,20954f49a4e659af
a39ec7322394565f,00c04ec4d9c25ca3
2ccebcdb0da25be5,d0f1af434fb45f62
f17ee11904385731,e6a28dd08357590b
10d9d6d0ad405b9d,2efd658b9ea85397
f99a74d444e651d3,42c30b82e8b452d2
2030d3a5ed675084,305949f36ec257f1
0e713cce7ce35df0,404cc1f6b517515e
b11992c2f91d5188,fab09816fba55d36
b7e7604c72e051da,ef48c8353c1d5d29
d44241b93dc95d36,9393ca45f73b5f6a
13bae3f5ab31581d,34854ee8f8bd53ff
fc39a399fd24554b,34afc383b381516c
afe18a576559502d,cc2629674c025b88
d08ae5bc8a435f97,70d8a9deefa8519c
17a3e2d3cba55770,b647914ba05e5377
786f447064055cfd,784ba4bed9485483
bcc370e566845fc6,ef8f9d6243a954b3
842c341a579a525e,f323816f971f557f
bcf2a79dad3f56f2,a5427bec8a255718
73c8918f6d995213,a867f099c0955439
3a2b28ef68385d75,063afe3c9bfb5bb4
e8f5c2714bfe5213,4e7d3e942d785dc5
08e8092f5e66571f,81c070cdfbce5719
2914f532ca9e56ce,920ccd25b3255e9b
8354786ba35c5440,d83979ac34a35661
d89e9c599cf5571b,f45aa344fc825a54
597a23643be958dc,2e1513ccb65d591d
455f894b6e3b58ab,d6995d54b9c95d94
0bcebe354a715163,d0be0220d7515c9c
d1d48a8f642b5874,c21bc9f7394153fb
7f19b2fd14435b73,b29f4d8f4ff952b2
3d4616d64a4c5f53,e39111b8f3c552c8
575317389c085760,e243071f373150fd
3f56f99e2cf15355,fea379b14c5258b9
92838ad73bf95b3a,1d679d02cb705164
be87511d69ba58e7,2c0a9d54e8025dcd
da668c88a6ef562c,0882832f14cd52a9
9f8f670a268550e5,5ff17314b12455e0
50a5cd7410e85782,65105e67546750b3
56c652d4f2715e43,8f6d77699c085afd
dbb53601c8fb585f,3b63b218eaf2533f
e0b92501aa5051b1,2290c8cca7205289
024d012881be5995,948f9c0a565c5914
a75ca6ddabc1541b,8bdf1fa1fbfa53c5
1a1b315baec45bc3,c8e8c03811e65fab
3b88ba584a4a5d7e,b48cfe030b295eec
93d4ab80a0cf5f01,7d1207a6c8555229
fe5247f772d15ec0,605fa9b35440506f
d55aac327e4451ba,69be59f6a4a4539f
94e8a92d53635c38,184ea946f7915327
f5eb7105d1d358c5,957f2345921b5988
f40172a8fb1a54ee,9bceece7e6235b93
d74dbc89af495c84,83ef071db7c4537d
16d4835b75b05efb,451a6995a0635511
f0cdcc3967335c01,2d7dc6e8d20359da
6aaf052582e35b0c,e9f6a6428519561e
0334cae9f1ef56ae,08a798ed9cbc5d64
c1e76b8992fa5182,3dffed1404b95c14
3e41024d080454b5,d3f6a2f339ed5569
000926dda92d592d,ec985e7f1d97530a
f2e0d7e15fa253f0,af1071bb3ae25748
d9b79e606e595700,91621b4a27be5938
a9e8e0a755d758a1,19236bdddfe95577
58b0a1db2a145780,e014865f0d7a575c
bb6cf07ad4a350f6,c162146f31a250bb
2fb12c4c2eec5b8d,a15004b9084b57e6
8580d0bf545b5261,1e3135f353515aa4
345fc96fdf4c572b,71de96be14e25282
22ff5ba619a250b0,81b7c06a59415e5e
13ca5b247813585a,32ff166852ec5c1d
d68dba02509b50a3,30ec7dbdd44a5ddd
4e54c991bd0259cb,5531828dfab15a78
ad8ac16631a15da5,5929e252373f5b39
b6a62a2356885962,c5e8f64096515d9f
76f952632729540f,bec540067fae5447
ed77d7ff214f53aa,0db748a1ab6956e9
2a04d84433e6576f,88a020aa6dd75234
876278ea40b25284,599076be97dd5e45
f863be1a4d1d5e96,d9d94553ab445639
d6f52d0bbaf5523c,0afbebfabaf15932
3103614e29e25cd4,c5272f178cef5379
c38fcc20f071501a,c448d5807e525e68
3bb3a8f506bf5980,840e2015d800530e
5f2d040ee3bf5c6e,b2ab7970c62e585b
a9e622747fc45a0a,7a210c885eb251cd
625804443c0555ac,78b957df52045394
4b09402394995325,2e1639bf34b45aa7
9e28afceaa155cf4,c90b47d7ed38545b
de18caace4a351b6,ebca52f9ca9d55ac
177abd8780ad5476,6c3238b7de9d5f0a
a1d5046565c75d87,e1806fb0d2705e93
4d4ef3ee372d5afc,fcb7d313d4745ded
3ba2c46a8d445efd,f816f2d019a556c3
eadc0f19b54352ae,2134395ece28546c
f874757c4b46591b,34a572a1bc585357
f6f14df95f6c52af,d8c98cbe0fe25fe7
96a228d4d055523a,c0578fd189c45e0f
39a2b9bc296c5b76,34fb2b855b865b2a
84136b2623ef5618,7334106f7e6950f9
2be1cc28e5af523e,abca01be0e6a5767
796a327cace65d27,4cb4e1e99db3559c
4e021aea953652b9,978fc2ba973d5a43
0a50c123ca24584f,4c5c39df03515e15
263367576c285a2a,8a44f44d9b6d5f71
80cbc88e2410561e,4d16677dccd05aa8
b5025be9867f503e,b5ce55fce69c5543
3361cb5b061556d0,a45d3d0f4b9255cc
d3193f2f5983500f,afe2512625985226
ab313e9e217c581b,d9a3d904368c5c15
6b0d21782a3b5a22,86a714f774cc5df4
37b3d87596685948,7e08aa901d8550e4
91f7454802305af8,298a08b60f5156b8
a631fec170525388,2ed8eb62f925530f
2302da9c486d5e3b,ff7562ffdfa95a50
1809a28a46465129,0b9c51872bd55fb1
c052667192cb5ade,cbe76b37bd9d566b
d5bf13024f755ee4,3ee3b99c478655c7
3f38262eb4d55376,ac9f458fef245f0a
e7cfffa4e8dd53a8,46a2e9474a5a5eca
96dc22c0224255ca,9e4a67d0bfef5ccc
218d9b0348fe5687,8ef14e72d1895c52
50e5a63ba7ac5d51,4acfa6ce32d35a5a
9c0b17fc7987544e,5d1b0796a9e45fb9
5a73f6b4c9855899,86145477d81f5ca7
61c5308743b35db2,40e641156d1c5c03
a2ed8d7503b85e2d,e580d04f3ef552ef
b00afb2388cd5007,ed3b01d7758e53ae
f154d2accd365815,41e04ef8335e588d
9ebf7c0f1b4f5f39,7c91e837d2cd5a75
0059b8e52a3f55e8,8101b5a4faf75d2e
1a1fbb255ec55813,cbccabe7b8115f7b
dfb437fd895b5e96,e89d56c099c15090
d22135cc2a13514f,32540489896e51b3
f1b802f6e9a559af,a30f46b79c615373
850551ecc7a35ebf,cec82145cee65013
79596c3c8ac45e5e,94e54ac10711543f
45845be1b56d59c7,a91358b1f0b256f0
4c7c3a0a401d5f38,4f9ae1ef8b715082
79cfc07ef4645c81,bef76e0fdd5c5969
a9609780217c5831,b171756ebe775c10
94839be4b8c95789,e97de88b92ed562e
2dd8a04bcb735c5e,67a39516324b5239
542bec9a7d6e5c52,f48591115541597d
26cae32c50095246,cba5e5dd1d855b8b
714a2012b2a75d4f,69f8caa65f5b50b5
8e7906efc10a5e42,83bd1e3a717c529c
17b0992157365222,3dcc4d0f431158f9
e194e033ee72504a,3fb655239be35402
4b875117d12e5ef6,8ee5eab5831659fc
870da24dc798525e,88c4916b9a375df7
b51815625ee05f75,065054eb8df657be
54e010de01625177,8d6fc9f907fc5cfb
4e252b23d8935563,bd5cf850fb9954be
87f7b4b94e2b5264,017eb1f5fc375563
bf8fcd79b7fa532d,fb4562426bfa5a00
249478c83c155093,d18dd6344b975b7d
20ffc5c3de7c591a,875bb8eb4cb15956
b0546b8af0f95c05,ed6cea0420005913
8e7cc5d34d415b43,fc9203a624b95fe5
8364af67153a5193,02d79fb826a052b8
b8d4a8d9b16859d4,8c930566d92e56ec
afe83cb6c0ae5f67,1481ccca03915ab1
f14a3d3672035597,70811526b49c52a0
e16ed6e841ee58cd,056de234befb58b0
41d7b533797c5209,96f153b4a36a5b8b
d45773d48e4f5fb7,72bdf3527d8c51cb
0af464147919575d,fca16c1029365b23
70d3c6183c525745,041dce99556f5e3a
3b34e3fd5b9e5767,31911ae0bba3509b
0d3dd11b84c8518e,51ddca8fe4255f34
8794578fbb0e57f4,4aea5cf609f8543f
f674a05cc42b5d4a,8ab18a5bd47c5a77
62eac0a6b7e05fbf,8c4cdb755d3a5538
2422d2b260235078,f2e29112c9fe5168
eaee116f6fae5472,c8c7965671b15097
d754cb22172b5b75,fafe27003cb557e8
75c7777c6f415535,3495b67b2cb85288
225eb6e22af55972,e5e48dded6bf5b38
1ebd95c73644569f,19aa9586c72a5f3a
a73f7d7149c45478,ed3d1c5c5d495f87
5c9f7765dd945010,931c4845f13f5907
69baa41122b45e43,a7b3db808ca85c3e
9243ca15a76e552f,22bed37da0b3550c
f6a8d6a5c5b355d0,c6104b8df29357ea
4355d2853ef15044,27a7399fe61f5e3f
b84056c4268153fb,cae64646254e53e7
820636c082c1539b,31962978183f54d7
c8c9563dbe59572a,e84bbf0ad35a55a8
85005d733df9577f,c2d9a5f712e2512c
210a1c9ce3725a53,5da0100f150951f7
a2336870ff485514,bef003198ff25467
66f8bdd077ff5fc3,69309b5b3e685b3e
f4af3907bb665bf7,d978447dc3225c2e
512b6941e1335e0f,63dfbf3cb8ce5310
fa7f471f19aa5806,986fb7485950534c
f8b10bcaa98a53e8,3547159ecacb5136
1fbea664b0805a19,e64b778dd3c05a67
0e3f26bc3e1056ba,6cb74416a3fe57a0
f2a54a0461005d6c,d2507efd1b3f5b8c
669972d5c4c55872,bb4d1b3008c0598c
a0707360c69459d4,fc817533c2185a0b
48a547f135595df8,9686e12ba6e65dac
17607267e8155496,070536d8528854cb
1586b456d978588f,fc9e2c080dae5d68
55d102de4d6150f8,90d737fd14645dfd
c418551cd6285092,88183ea59c9c5d2c
0f3edc5110485b13,01c8f81194c4588d
67f7d1c129be5c4b,8525cba67f665573
33bae177e9c75992,c34e0b1200895c77
cd828def214c571e,e527c391386a516f
a9fb1181686753ec,86070dcf96755f6e
c65a7b2b6f8c527e,f3b2c147b50754ad
589acfd69c38539a,c67eab7349715aac
29ba983123655159,0511a134b4e55ab3
1f7fe5fcd7965b1c,8fd5475a0f6b5bdb
ee88f3dfa73a5f65,0ee0a907fb1a5d5e
d20a475e7b1956bf,a4f62582447a509b
5239e2cfe006568b,6588c908bc9c58ad
42a20478abeb54d5,4b6b8b2e0aa75682
1766fa78fd10576e,a314e4aced215f08
75d9973be85e50f0,80671ce5f48e5aff
8a8bf2275db85432,4e62aba518915ed0
6ce7347fb53b5d83,807e359e0a2355a9
4c771d89311d548a,398dea0ebddf5f00
d1d19175f88e5b2e,1e1bc687e0175fca
265a62af0b2954a5,65b84f20da4e5a09
312d2bf03023521a,e04ab3fa161259a1
3e68b96c1d745820,c8cc7f75093d5304
c473976e5a2f5111,31fe4863c81a5331
86d5685d21d15ee9,7cbe61b2c80358e7
7f00cbbc74695c32,f32a2416ab7e5f77
b1b1e99705dc5afc,775ef9fc879e5357
1e91e4b9af695706,96e451c0e56352d8
06db90857b4e575d,550597914c98595d
31ffaa640cf85134,c7bb93b8fed25767
41785a426b555ab9,62dca8e5979e52ff
c67995ef5ccc58c6,527bd92d448c536a
637b5b88f5a2566c,5c7b201ac57d5d56
7b5a966f89f35abe,ee2551f728305314
58863e0ecc6357c5,a46ca9b584255256
33f9f166f07350f1,79b9966ad538505f
24df13e119aa5d5d,99b6d9b80fc45a0d
82c9641923725260,3bee1cd8bb335d8d
9ec45037796f541c,e7f233287fc4559e
f67e431f781659eb,18be4ed6ef1e5ac2
21b63f3e9c025da2,a2209ec9cffe5a40
57177f12c7045c13,bf7d241c99915732
66b9427f41385b55,e756158ea54b5ae2
b6e039ab90075f16,8da3da970a1b5347
9d74f6f9b0a25c90,fd4424d1f58958cb
1b18327179f15a8f,d1005b8b31c156af
ddd3fc0cf919567b,9dfe368334c25dfb
aab517c2e5e75245,225dd89a5e8459f3
e617fe519ab754dc,864387cd86c35192
50e871f60296566b,62c85a13b9215ce5
ec398c5c12055eed,1c6b3892865f56b3
79984c4826f653fd,f5ce76c0d70d5ba0
066c0c3f45915cba,e12142d7c3ed5b28
59159c92e5d9571d,9c51ce0d1a6952bf
c65fbb9cff2a59e5,b96e845652d85df1
2adba5d32c3a560f,35fd58844d0154d7
7c49f7aca6c05e2a,55863b877be85f64
7feaf6410f1854a8,03b014cc7a3751e5
559c83269c035643,e37da00ea40e55df
f57f56e799be599f,06b0300bbe9c5840
a6d4b1f4870852a4,7c56367f5b9b55a0
7c57d68b038450cd,cba3f8716c035822
4d73f8250ae750ca,c31c068e35e055ff
371672ed85805daf,ee77e5754e795d18
a6b457a7eb6a5cde,7a69ec2ac66e5ce4
dbf083df3f5c55d7,4a3575d2e7cd510d
e1950bc54da65383,be9b4424da2153cf
e5e00457df055e1a,9186a2f72a345939
6bc3bf1ef6a85616,85c90d1f8de9547e
9c1e4098a32a5432,7df2d1de9696550c
6d540c863075575c,a56fd0688dcf5489
e9c2ed7aa8275015,e93d9e6b87b856c0
1b736bfe747b5987,e023879e25fd5106
d77a9c90baf35d87,a3c5e38625e452b2
0b57b00279885fd4,7f1c6d3c02e9523e
9248ce20618c5513,cfcd479eb7ed536f
9b5772aa3a955db1,1d63e99595835bc1
bdf4ea0b653c5677,6f7dbb81c8be5e85
eba929a6772254e4,9134714a4e665a97
9f191d1313c95362,5ef198be86aa5513
f8de050af1de5ced,3221a78468665217
29e7ffa0ba1f589b,961742e3d8d750a4
053895d2bfc754f3,ae9925274e485c94
74d1662073cd5fc1,a6cded1cc3785d51
ee86c71bc0765fd0,a728fcf5aa9859e2
2e393fad09985c87,d85a10aa14be5e95
008d6e3394a65c1f,44d1fb8af4a5513b
c9150b81da695ae9,664a7fc9122b5f69
4a839f2910c150c6,052b6ee86f3a5a90
013456829c0050ce,b6d299e288905f3f
09d424ddf3a558b3,113194c975135566
898e245e2b0056b0,fe0c6ee360cc55e2
1b3ae7a2d38d5c6c,47d9445ad08252c7
9b86b7cc0b41507b,c7267ee0155b5892
f91647b196dd5180,b696d9bef8bb507d
11d4b52fb458559f,898e5d8d174659c6
c7cd4edb7b455e9f,d9c6a90f54495d12
ef23fc3dea3551b5,e6def17b05f4554a
b14ac3255b3b520b,ce899915180756ad
b9d45c43c2fd5165,e388f3f69b8e5d10
cbe5bb78a9be547e,2fc5393c4fa95049
032ae6630661521a,ca23cd26c94a56d1
71357a4fc5c65199,b0dc7a20f6c75ad7
38db478c95eb5079,30ecb33052e65cfd
b3b9745591dd569c,d5207960d4445c8a
61766a0be9165cb7,56578fc0fe46595a
84cd08b147745635,0cc3fa48045e5454
1fc48e89034758e7,ae30fd99d40e5dd5
88f3df2443c55e59,5cfae3e3dbbc5320
87b8587f94c5549a,304410676a4f5087
ef1f8e45b9f05e4f,a3a13a44bc3d57cc
9c9b62965da75764,fcb644946aa75666
da848499bd6759c9,f84a0babc7705a89
6dfba05513f05909,4f4da09be486559a
3739c038002f57ca,0bdb1adf0c395d03
c020f63dbf0d59a6,66bdde0fc6e05a69
e9cfc98fdc09590a,4278293dfc1358ed
0d8754f6d53d5968,0b47102670dd5c3c
0a4752bc6c8b5174,4e3fff79db3e58ea
bf929b24f13b5c37,28e39fc202db59d3
b77b4b6eb149553f,1941cec782d25f8e
cd1304eac1a25f00,df16e8921a035e1a
a8ee480d197e56dd,3d40bd94c0035297
129c4e6b058a5f6d,cc1e9ecdb6d05f39
c6319bbc03fb57d0,ccead163ff07511c
5444d6dfc06559c3,f69d05e774fa5ee6
e56891a5170256f1,251c6c695adc5f64
815422a6d14358fc,2866a6adb41251c2
f952ad55ab565465,f00b5ceebb4d54e2
0dd23f4ea286544f,629f2e1d4f745bad
053d94cd59495804,4c826f00fda1552c
125839faad9a5f7d,c432c77c846e5784
200bc08880505a6e,10a8d3b187655bd7
d97108bcdab25c24,7608f0ad6b395241
f2acd82c43fd5490,89bb3fdb9c1a5990
8f105ffb008c5801,f17b80b1202555bd
82b415fbbc725562,12c437de67835e8e
d151becf4b395f13,c6868017691d570f
45b494315ca85268,1065460e0a3e5064
291d82d04ec359e0,8f6ebe0f9a725f6a
b7c8677392845e18,64979410e69b584a
bdb0947d0c835022,e13244eec5df535f
d9880e5e2cff5787,be9bc42453db5183
50a0fd7b031e5ca6,d69bc70c913a52c7
eb8fd3a2b08e5e52,186461eb7a0d56ec
19a718729d3a5e37,8bfa562341415abd
841f506a559f534f,50cd7550bd035db8
c0ea178930145138,8cc262b5de7a5abc
41da8ea7c14754d2,a130a42d7ff15af7
8ee20c966e7853c1,6b5e353d48645d46
71220ef085f459fc,fb4e9ad583f05680
2256b2a677aa5509,5e5c670e2cc85681
307f28eca5e25b39,9ebe9d164d385777
470d0eceeaf75102,f10558e67c925994
761d3f2365c25886,05012a6bf44e5a8e
3580cf9f59395963,3c34dcc4231150fc
3012e1628f7d5d3a,4ac035f126e85654
15bfed200b0d570e,625ec9c63e23545e
252522eebf5e5dc1,007881027ffb5842
2abac20522fb5014,6ecd0f50fef959b9
3f80c1a045a056e4,df3682937e0b5373
aafbe79abf625492,4a05f6dc424752eb
e9adc94d4e9c5fbb,8a60381cba795076
0fa603b5789956f1,fe317db26744580f
76df9fb807c9580a,f96cf86094525742
0386351e2a11529e,3176558966765cc0
bb783ab5850c5ee2,637d600e70395997
5d68b0c80cab59c4,59df35a80f055242
e072351fbbfd5765,c378e2932e845da2
80ae852346955098,d967955f9e925c13
8f82805b2edb5a25,d9228adfa9565bb4
5971a8d84ff45bfa,c6bbcb7d11945d35
2381f042c0855f20,84dbe112503b57b8
fdc126183c355692,20954f49a4e659af
1a1f73871bea5afa,8f3075a6f9be5645
300226e9649b51fd,d0f1af434fb45f62
6b96870196f95d29,e6a28dd08357590b
d12fdbd7f3265051,2efd658b9ea85397
d68ae36caae15586,42c30b82e8b452d2
8cee2a96b57d58ba,305949f36ec257f1
b2def33d6adc50fc,404cc1f6b517515e
be0064dac5f85957,4feef5086fd55ecc
2a6936d84bda531f,ef48c8353c1d5d29
14c2bb3737ab519c,05f308058daa5d4c
0c86ab0f851559e8,34854ee8f8bd53ff
ddc7d737df1957cb,34afc383b381516c
7bfd8ff8489158cc,cc2629674c025b88
352290f8ed8e572e,70d8a9deefa8519c
1ebc0b5378ab5caa,b647914ba05e5377
9d6eac20a6fb5cd9,784ba4bed9485483
e0e85d4fc9545225,ef8f9d6243a954b3
6e79ddf19ead53f1,f323816f971f557f
7e9f20074e1b5e68,a5427bec8a255718
b403192d3ea45397,a867f099c0955439
e1f58cff32225d3a,063afe3c9bfb5bb4
4b594a8e80915943,f0c99d1d7c145d6f
d9fdaff6c17659bc,cb612539b31055b4
48109ecc22f65d58,920ccd25b3255e9b
7b22018666ac5b0e,d83979ac34a35661
bebbdf5c01b85cf1,c31caa082a3652ef
cc1862b24d0157bb,54611ee4cfdd5106
3067f3d3d5a75989,d6995d54b9c95d94
9e24f7a402a85804,22d7d80201155af9
51fd85d11ea75120,c21bc9f7394153fb
35d07990fee95985,b29f4d8f4ff952b2
9e3c4f7d62315b95,e39111b8f3c552c8
f625dafc811b5c1f,e243071f373150fd
f1d33f8016b153ef,fea379b14c5258b9
76031bb4f8f7566d,1d679d02cb705164
2b3b9bb9f6525589,4e7bfc6d30fa50ed
948099bc138855b6,0882832f14cd52a9
fb351801ac245053,5ff17314b12455e0
dadaa10f428c501e,65105e67546750b3
5d1312c4f2aa5bbf,8f6d77699c085afd
e694febcad5b5185,3b63b218eaf2533f
65dbd10f84db5a53,2290c8cca7205289
c51ec68aa4fe5f05,948f9c0a565c5914
a1592a3b82bb5060,8bdf1fa1fbfa53c5
db601036b2fb58d7,c8e8c03811e65fab
282d1f01eef856f5,b48cfe030b295eec
75a8be89195651aa,7d1207a6c8555229
540098f126795a8c,605fa9b35440506f
5a064a908e64596b,37cdb1dfcaec56a3
fb8df4568d585efa,184ea946f7915327
23803695a4c1547c,957f2345921b5988
555226e5142f50ed,ca7b819357dc59d7
787484f52b4753b2,83ef071db7c4537d
4126aeb4289c593c,451a6995a0635511
b76b03503cf95c02,2d7dc6e8d20359da
150c33d5cd005743,e9f6a6428519561e
6ae88d39556d57ec,08a798ed9cbc5d64
3b10bf025bd65e4b,3dffed1404b95c14
440690fa94cb50d5,d3f6a2f339ed5569
a815da9bf45d5b15,ec985e7f1d97530a
ed95bd64d5a555c8,af1071bb3ae25748
d31b4eb761a15872,91621b4a27be5938
b2229456008c518d,19236bdddfe95577
f038fc7ffdab5bad,e014865f0d7a575c
22a9516d643c5e4b,c162146f31a250bb
cf1c7170df175256,bcd65de927ce57b9
08e025b8ab6253bc,07db615cde275e5d
42e65d558a9c5813,71de96be14e25282
0fde069313a35062,f8ba28ca74945acd
7c7dc37236745d94,32ff166852ec5c1d
6c81fef5b490580a,30ec7dbdd44a5ddd
be1a32191a715329,5531828dfab15a78
3968adecd59c551e,5929e252373f5b39
c5c7922b844d592f,c5e8f64096515d9f
12d4637822bb5f19,bec540067fae5447
92d21bb7692b5664,0db748a1ab6956e9
c354c8cf3c975581,88a020aa6dd75234
a98bfcdd7d6c5683,599076be97dd5e45
cd0fd62195e552da,d9d94553ab445639
4a46ef99ddf55b8d,0afbebfabaf15932
e7d6dc36775b52cc,c5272f178cef5379
02145ce72fd95a85,c448d5807e525e68
9b09b277214d5623,840e2015d800530e
666e41a5d36c50cc,b2ab7970c62e585b
f1e870d5d8275cac,409dab385a2954e7
26eeb11cbcd9593b,78b957df52045394
d8c1754607175755,2e1639bf34b45aa7
540ec2943ea050c9,c90b47d7ed38545b
983d04f21f6953f6,ebca52f9ca9d55ac
86ecfd85bd095b7f,6c3238b7de9d5f0a
2ad04beca6e65771,e1806fb0d2705e93
fd38927a12a152fa,fcb7d313d4745ded
62ebe5d1697f5b73,f816f2d019a556c3
c9ddc670b1195efd,2134395ece28546c
3a2616c871335ef4,34a572a1bc585357
4581d95a873c5679,d8c98cbe0fe25fe7
84ad97e1c9c85d4e,c0578fd189c45e0f
1d63ddad646b5496,315703ad24495d13
07d1a751018a526f,7334106f7e6950f9
226f50441ff35772,abca01be0e6a5767
07a369a8e34d541e,4cb4e1e99db3559c
ef9d931830115c03,101d3b84ca7258c1
c2cfb091173a5ca2,4c5c39df03515e15
3dc6b109b480502f,8a44f44d9b6d5f71
d55a7602f48e582b,4d16677dccd05aa8
536a4f2c870d5e58,b5ce55fce69c5543
bff12156468e5f16,a45d3d0f4b9255cc
6322316826a2547a,afe2512625985226
6246c97eee435b98,d9a3d904368c5c15
ba58a70fcf8e5c64,86a714f774cc5df4
190808cc16cc53af,53e56236ad285f53
a752896c43c2526e,298a08b60f5156b8
80722f66bc3b54c0,2ed8eb62f925530f
8ff8246f69f75f6a,ff7562ffdfa95a50
243fa5b33c1f5845,0b9c51872bd55fb1
0e2ed241aa315929,cbe76b37bd9d566b
13c76ba40a5e5987,3ee3b99c478655c7
535e19c081ec5c28,ac9f458fef245f0a
697882c22eb65ca7,46a2e9474a5a5eca
0751ef23000050f8,9e4a67d0bfef5ccc
fc8de9b657805f00,8ef14e72d1895c52
93b2aee4f638552e,4acfa6ce32d35a5a
0a08850db6e35ab7,5d1b0796a9e45fb9
5350e5a376c259f6,86145477d81f5ca7
f227c6775ba75451,e8ae67747762556d
508209397e8f5714,3398057095da567c
0d95350d8f3b516b,ed3b01d7758e53ae
bc8d49758c6b5612,41e04ef8335e588d
8379e27735535cc1,7c91e837d2cd5a75
5777bfe33e865897,8101b5a4faf75d2e
2e883a72b2895d7c,cbccabe7b8115f7b
ab807bda4fdd5274,8c017295d1c55e59
d31d38e1a2305147,c035a201e0425db3
9b7eb62d80db55e7,a30f46b79c615373
1a1aa689c53951ba,cec82145cee65013
013d05a439b95210,94e54ac10711543f
56da58294b3d53c5,2edeffc6b6015102
c687799dac8d5aa2,9d33efff24b65b68
a728ab8233415a86,bef76e0fdd5c5969
8d293b5028e555a3,b171756ebe775c10
6a5a73243cbe5f1d,e97de88b92ed562e
a6b34e50b7995664,856782890a575b3d
c7d7e1aa241a56a7,f48591115541597d
c24424805c075539,cba5e5dd1d855b8b
9468f5ec72415a29,69f8caa65f5b50b5
237b75204e495145,83bd1e3a717c529c
94e4d365aeec5cec,3dcc4d0f431158f9
578adc6dc97d510f,3fb655239be35402
2e508e23f47d5f96,8ee5eab5831659fc
d07fa319e6045a3d,7b98a5852cc75c1a
86641ef36dfc5c16,065054eb8df657be
47f9e40a21f7510a,8d6fc9f907fc5cfb
b0d77b56b10d5861,bd5cf850fb9954be
8f828599b2285a97,017eb1f5fc375563
b504737fcab3545b,fb4562426bfa5a00
276396e455bb57b5,d18dd6344b975b7d
6012210b020c53a9,13a794c5dddf5d82
9dc5a17094e0569d,ed6cea0420005913
dbb9c9811b275fd8,fc9203a624b95fe5
2c5cbab120595d79,02d79fb826a052b8
f4511c17c15a531f,8c930566d92e56ec
da36c99454f65715,1481ccca03915ab1
fc529b3abdc65998,70811526b49c52a0
d44e6abed19b5ba5,056de234befb58b0
59e4fc5b37f55556,96f153b4a36a5b8b
81d893bd99de519b,72bdf3527d8c51cb
73e0459194ce577f,fca16c1029365b23
d8effdc24c235d3f,041dce99556f5e3a
acfe9f2fe77c5b79,31911ae0bba3509b
f9d9a2a2e2d25a8c,51ddca8fe4255f34
78754f4862d65445,4aea5cf609f8543f
1252d1484b33558c,8ab18a5bd47c5a77
5cb436b6276f59ae,8c4cdb755d3a5538
f42c66a9b7a456f7,f2e29112c9fe5168
b696510357665996,c8c7965671b15097
58a74755dc6a506a,fafe27003cb557e8
e6dc564e1a3a588e,1862a102bc325eb7
a3df0f8925b251e0,e5e48dded6bf5b38
1665bb5ab9d55dca,19aa9586c72a5f3a
9577987ee2e85304,ed3d1c5c5d495f87
e0522da7328d5c9e,931c4845f13f5907
c8deb087395357c3,ce718c4ad5695142
9e4c1639be465a8a,22bed37da0b3550c
e720bb9728785a67,c6104b8df29357ea
4339d22a9e205757,27a7399fe61f5e3f
e4f34d35c8fd5fd2,cae64646254e53e7
55e018d3bd3d5abc,31962978183f54d7
5252cad32bf358b2,e84bbf0ad35a55a8
8f7ea84594aa5d75,c2d9a5f712e2512c
8615a4df3a525ccc,5da0100f150951f7
48f72313812d5f53,bef003198ff25467
774ebe12eab151b6,69309b5b3e685b3e
83b2e42ed5eb568f,d978447dc3225c2e
075cf94c3db15021,63dfbf3cb8ce5310
c054f473288d5515,b6b012f752ad52ad
673a88a4037f5b6b,3547159ecacb5136
5d8677f177185a61,e64b778dd3c05a67
a988872adfe45a71,6cb74416a3fe57a0
4109b79d84ea5053,d2507efd1b3f5b8c
3502b30911d75ed8,bb4d1b3008c0598c
1cac49b248b05705,fc817533c2185a0b
73f2ce543024548e,9686e12ba6e65dac
01f3a4a21dc2582f,070536d8528854cb
70e6b8db27e55b53,fc9e2c080dae5d68
333ba3fb0fc85da9,90d737fd14645dfd
33947554006251e9,88183ea59c9c5d2c
465e7357a8965dcd,01c8f81194c4588d
c0deb9fb709b5a64,8525cba67f665573
2a484ffd16785a64,c34e0b1200895c77
fa919203c245502d,e527c391386a516f
75bf56ae8b9d5673,86070dcf96755f6e
43458f6eab155322,f3b2c147b50754ad
fb8f21990ffb52d5,c67eab7349715aac
baa0c0c3397d5ed5,0511a134b4e55ab3
e1e4717862d25d42,8fd5475a0f6b5bdb
1e6597b57a335949,0ee0a907fb1a5d5e
0bf961d076bc5a15,a4f62582447a509b
562e11865ef75220,6588c908bc9c58ad
7aed9edff97256c0,4b6b8b2e0aa75682
396a8c19c4ac58f3,a314e4aced215f08
21c961133b0c52d5,80671ce5f48e5aff
ae878998fecb50a5,46fb8b1718905b80
373abe824b3052a0,807e359e0a2355a9
14b839d065b358d0,398dea0ebddf5f00
8c477c76153f588e,1e1bc687e0175fca
52e0d1590e0e529d,65b84f20da4e5a09
41f86f5fb97d505c,e04ab3fa161259a1
39168e35ed085e11,c8cc7f75093d5304
ee80a7cf312253e2,31fe4863c81a5331
35e9a9cf7fb85962,7cbe61b2c80358e7
e367d7a3c3b55302,f32a2416ab7e5f77
2db75185de1d5763,775ef9fc879e5357
43fe2321124251d3,96e451c0e56352d8
96f19d920d5558e9,550597914c98595d
601eee0a0e2d52a3,c7bb93b8fed25767
fc09376fd45c509a,62dca8e5979e52ff
7dacba492564549f,527bd92d448c536a
efd6ba6db6db5f6c,5c7b201ac57d5d56
88126672803f56a3,ee2551f728305314
dd9143b12b155b15,a46ca9b584255256
94f5e53f2e205285,79b9966ad538505f
691a4ca60e745bea,99b6d9b80fc45a0d
3ceb5afc67975881,3bee1cd8bb335d8d
a9956fd52aa15f39,d8fdbf7b51b95d11
3e0d470196605588,18be4ed6ef1e5ac2
d86683ee976e5889,a2209ec9cffe5a40
4aab1b32b1ad58aa,bf7d241c99915732
80fdf1c45abd5c48,e756158ea54b5ae2
4e496bfdb6b95697,cf7beda6faab512b
34a2cb9790ae53f3,fd4424d1f58958cb
a61b9afbe5d857b1,d1005b8b31c156af
1ecea4b911675b72,fa37fcc9db7b575b
4d9c7a900c6c5081,225dd89a5e8459f3
d2b7b43e05be5082,864387cd86c35192
2251b1d81d0051c1,62c85a13b9215ce5
9b3a284d78f458f3,99ff40fb6aa8579f
14769a8e472350cc,f5ce76c0d70d5ba0
ccce59bb3b3a5c29,e12142d7c3ed5b28
715cff26bcee5d6a,9c51ce0d1a6952bf
e40b2bf57fa5576f,b96e845652d85df1
ad0beea498f15978,35fd58844d0154d7
78a50eb4d40e5ffa,55863b877be85f64
3296619ed0855e31,03b014cc7a3751e5
abdc7a57df4a56cd,e37da00ea40e55df
2d88ea430674513d,06b0300bbe9c5840
66a924c7d02159cf,69dab2fccd7453bb
6f11adda2af357ff,7c56367f5b9b55a0
4ca0e98b86fb5377,cba3f8716c035822
9482aa33e08f50e6,c31c068e35e055ff
b4c9294d8e3952b8,812f5bce91445ba6
a28e921b642a5936,7a69ec2ac66e5ce4
95005e9d60b05d1d,4198696d7de35977
dccee2a69ee5501d,be9b4424da2153cf
9644977ff3b15622,9186a2f72a345939
234a85adedc75216,85c90d1f8de9547e
8a92561fdd0750ad,7df2d1de9696550c
e8858099d9b652f2,a56fd0688dcf5489
9116e9726a6f59cb,e93d9e6b87b856c0
455fdf27af915de2,e023879e25fd5106
b23f49937a48507e,a3c5e38625e452b2
1b9e4e6c5e91568d,7f1c6d3c02e9523e
b61a73309da75ac3,cfcd479eb7ed536f
cf533c1e7f6852e5,1d63e99595835bc1
58ad6156b5895541,6f7dbb81c8be5e85
6d2178f2992f5d22,9134714a4e665a97
9104884bcb915c08,325f3c4a281b5e17
c576010dd74157a5,3221a78468665217
aa1f80806fa35b9f,9889c5ace97c5195
1741767a7646583a,ae9925274e485c94
86027694aed550bd,a6cded1cc3785d51
8eeeb7c3d5b158d8,a728fcf5aa9859e2
6d024ab27b8e517b,d85a10aa14be5e95
7f78c5aac332551d,318eef3b2ca05f33
2a799223058c5ed7,664a7fc9122b5f69
92427e4a55475ba6,814209e9ec735245
876aec35f98a5280,2bfc3be5bf7b5d48
00a757f8d4e45f8c,113194c975135566
e05f3bbcb266504c,fe0c6ee360cc55e2
daa3dbcfc784564c,47d9445ad08252c7
fb2daf8a925a5ff2,c7267ee0155b5892
f0135d40a8f05feb,b696d9bef8bb507d
8aa8e3e16c035d5e,898e5d8d174659c6
2193ada652c557c3,aff63289a0465a31
54a48973672c5352,e6def17b05f4554a
7015bc44f34252f4,ce899915180756ad
02e3e6d3ecfc5240,e388f3f69b8e5d10
973043f273bc5940,d0658a82cc01578f
9d6f5aa2a3a25966,ca23cd26c94a56d1
860be3b6be785f37,b0dc7a20f6c75ad7
01d53ccf583c5a49,30ecb33052e65cfd
d4187db8dc625207,d5207960d4445c8a
0577532eba755552,56578fc0fe46595a
e727c1d090125d64,0cc3fa48045e5454
1223890860725b50,ae30fd99d40e5dd5
eeafee3118a35987,5cfae3e3dbbc5320
20024f7ea9635ed8,304410676a4f5087
536e9526257a57f2,a3a13a44bc3d57cc
2783db04f9b05383,fcb644946aa75666
ab872f589011527d,f84a0babc7705a89
60af77348f6257b6,4f4da09be486559a
cc9e361d27725cb7,0bdb1adf0c395d03
d2937fdb8d605a73,66bdde0fc6e05a69
35cf51dd13d559c0,4278293dfc1358ed
ec02f065af405039,0b47102670dd5c3c
cfb7ecec39485237,4e3fff79db3e58ea
7320f05fb6675c76,28e39fc202db59d3
f5af188b17e85ef0,1941cec782d25f8e
4749d401a5a95254,df16e8921a035e1a
aab44cff9f3552b1,3d40bd94c0035297
e61699cda2f15e01,a146b79b9ee25f54
520c2defbbc958a0,ccead163ff07511c
bc1b30ec654c5d78,f69d05e774fa5ee6
927b73fea33f5218,251c6c695adc5f64
b93262812f855475,2866a6adb41251c2
2a49de57fddb59bc,f00b5ceebb4d54e2
02e3c48291855ae8,629f2e1d4f745bad
4e50c7903a8c5303,4c826f00fda1552c
10c1bbbe7d805eba,8a80c7797b1e5d28
2d1b94bfdcd35217,10a8d3b187655bd7
e404f3b25f405019,7608f0ad6b395241
26a78d23b1075252,89bb3fdb9c1a5990
9ba2570d6743526a,f17b80b1202555bd
94817f3d96fe5072,12c437de67835e8e
f3e09f0670d25426,c6868017691d570f
7ed454741a7f54d5,1065460e0a3e5064
bcac47f590d854a7,8f6ebe0f9a725f6a
de2379f94fc85652,64979410e69b584a
f1940c1eca9857cb,e13244eec5df535f
fab7cc2db66f5e63,be9bc42453db5183
fc0d202904585a6a,d69bc70c913a52c7
0a91b3a6e4ae56fe,186461eb7a0d56ec
c0ee4f794af35185,8bfa562341415abd
a1ecc6a16c2f5b5e,50cd7550bd035db8
0bced38a12a352c4,8cc262b5de7a5abc
d9983fb6d20e5413,a130a42d7ff15af7
ee526f78f4ce5d75,6b5e353d48645d46
44c39701a6d65696,fb4e9ad583f05680
8fe72476d10c552a,5e5c670e2cc85681
27ba50b0cfa75e8d,9ebe9d164d385777
14b270ee5a395ea9,f10558e67c925994
71531dafe28052ac,05012a6bf44e5a8e
b04b5637f4e05625,3c34dcc4231150fc
8683f3b4797f56e0,4ac035f126e85654
d46b1d647640578f,625ec9c63e23545e
80b61a3a73f55af9,007881027ffb5842
11d702a710115591,6ecd0f50fef959b9
798f1981bb285b09,df3682937e0b5373
faf6d9be89f0538c,4a05f6dc424752eb
dc482250cdb35c9e,8a60381cba795076
505f4ccbd00d5e99,fe317db26744580f
8abfcd61303b52df,f96cf86094525742
ba86b1fc40075e26,3176558966765cc0
61be266ee38a5891,637d600e70395997
3d1bf2cf5ad151c7,59df35a80f055242
f2d7208949535747,46be403e4d185347
88e6d9d5dd715516,d967955f9e925c13
ea34282dc63d5a9a,d9228adfa9565bb4
885aa5c90eb9554c,c6bbcb7d11945d35
039e37993d565b25,84dbe112503b57b8
a709a9bbafe555e1,20954f49a4e659af
f84819b5dc2a5130,8f3075a6f9be5645
c98aa74c885e5b96,d0f1af434fb45f62
6f31e863bab65c62,e6a28dd08357590b
a0eb6fa78dc2558f,2efd658b9ea85397
37b96c1d86665204,42c30b82e8b452d2
302803d07e7059dc,305949f36ec257f1
4b3c6a95987c552d,75898f12a47c59d2
5a3ac99dc74c57ea,4feef5086fd55ecc
5e48f684248053bd,ef48c8353c1d5d29
5350c9f947cb5482,05f308058daa5d4c
1ad3e9d726b35d0e,34854ee8f8bd53ff
0eae7eacff765533,4ac4540129a65bb0
8060b1342b775188,cc2629674c025b88
39b5d00781925b16,70d8a9deefa8519c
b72c6ad506465ebb,b647914ba05e5377
26a1ceab4d455a77,784ba4bed9485483
364dd4c7c4cf55cb,ef8f9d6243a954b3
ae02e969e8595cca,f323816f971f557f
447e7b334e165460,a5427bec8a255718
3187a6d159fb51d8,a867f099c0955439
9d21f2742b1a5b27,063afe3c9bfb5bb4
812464919a4f5362,f0c99d1d7c145d6f
4020785f2bf55d0b,cb612539b31055b4
e775640dbaf45c91,920ccd25b3255e9b
7da863f64a5f5e90,d83979ac34a35661
c0c3f6eb7f445755,c31caa082a3652ef
eb7ed87b4ef65273,54611ee4cfdd5106
277f191c94b952f3,d6995d54b9c95d94
18ca4d6e9c0a576b,22d7d80201155af9
ef51ebb0662159d9,c21bc9f7394153fb
e5bb04b7c6695184,b29f4d8f4ff952b2
ba09d23c78b95a66,e39111b8f3c552c8
367ee5f18e345a72,e243071f373150fd
5a80299213875068,fea379b14c5258b9
1e09c94f9cfb5fc9,1d679d02cb705164
d3a7653499875f98,4e7bfc6d30fa50ed
3bc729311a8a5d48,0882832f14cd52a9
eaf3255921e35495,5ff17314b12455e0
9135a6d270475c7f,65105e67546750b3
63c145828c3b5fd8,8f6d77699c085afd
3aa8e5d80d5d5d9b,3b63b218eaf2533f
37837c3f78625095,2290c8cca7205289
178e844e8bd155ca,948f9c0a565c5914
229e86f19e7d5ced,8bdf1fa1fbfa53c5
3623f8c74e7a5d1d,c8e8c03811e65fab
83f2ecc101925a5d,b78a57f4ed9259e7
1bf45a481f1d52e3,e01944adedc6582f
09df1da0af885ddd,605fa9b35440506f
42b065f7e76d50ed,37cdb1dfcaec56a3
be0ea3126c955eae,184ea946f7915327
223d02be29c65e81,b17b9bd4951e5731
58788ce811c755b5,ca7b819357dc59d7
a71fec9cd7b65cf0,83ef071db7c4537d
0ed2cf016ddc5f90,451a6995a0635511
6dc36068505c5de2,2d7dc6e8d20359da
d6daa3b927f45168,e9f6a6428519561e
d2b6dcd76085519e,08a798ed9cbc5d64
a5977f7fb4fd5386,3dffed1404b95c14
9c193ab1a07454e3,d3f6a2f339ed5569
543075ac6a275db3,5e04c5bbbc625bb1
492a64b807da5cfb,af1071bb3ae25748
6e813b55dcb35df7,91621b4a27be5938
3e4c9c9e67545b03,19236bdddfe95577
e63c18e2bcfa5526,e014865f0d7a575c
812dd82ab5fb5742,c162146f31a250bb
072471bece365f16,bcd65de927ce57b9
3e11d77a9aca5bb7,07db615cde275e5d
b4d19eea031f50ac,71de96be14e25282
c9ca538cb3235e43,f8ba28ca74945acd
de16c26b38425a6b,32ff166852ec5c1d
77072386dfbb5af8,30ec7dbdd44a5ddd
6be41ab63cf05b6e,3d8bb7140bf8577d
9fc437191831579a,5929e252373f5b39
2692d8b89688506f,c5e8f64096515d9f
68505dcbf4fb5f32,bec540067fae5447
8179a26d74615228,0db748a1ab6956e9
8e511022e0e95a13,88a020aa6dd75234
012dc5d8043555ef,599076be97dd5e45
ac07a96cae965e88,d9d94553ab445639
4291f43bae455b98,14372e1d773c5a23
e343f38ae86a57fd,c448d5807e525e68
7404939e443458cc,c448d5807e525e68
77e9812a54d05caf,840e2015d800530e
a5d23e7aa6265f80,b2ab7970c62e585b
2ff39958d9f35279,34c7aeecddeb5f97
e6a94b91b19f5315,78b957df52045394
d3719519c1f95276,2e1639bf34b45aa7
bcbe67b78b825aec,c90b47d7ed38545b
e61adc75d7da50c3,ebca52f9ca9d55ac
9b25bbac0aac5357,6c3238b7de9d5f0a
7ebca95e877a557b,e1806fb0d2705e93
b77b106f469055bd,fcb7d313d4745ded
4e2f593274aa5417,f816f2d019a556c3
2f6ef141a25657e5,7ade0b2de2725c08
6f1be4d182475bc8,15aba311cb2c596c
2223b290d60556d5,d8c98cbe0fe25fe7
0a7ed373b7de5037,c0578fd189c45e0f
69575edb6db5507f,315703ad24495d13
34ab6d35dfef5366,7334106f7e6950f9
53c908f42e685998,abca01be0e6a5767
ebd940b0039e5cd1,4cb4e1e99db3559c
e5d133c0ed5b51f6,101d3b84ca7258c1
87554f4ef47252e4,4c5c39df03515e15
627ed4c9950753e9,960fa0ac0b0f5d58
3b910accfc12560a,4d16677dccd05aa8
fff1abbe76e55819,b5ce55fce69c5543
0d7cf272469a5a97,a45d3d0f4b9255cc
9881bb008f61514a,d9a3d904368c5c15
045f4ecec234564b,d9a3d904368c5c15
a3ece675f714527b,86a714f774cc5df4
ba190b181dc85a2b,53e56236ad285f53
b2872eb05a455f97,298a08b60f5156b8
b4bcd9085faf5842,2ed8eb62f925530f
a61ba5902ded5c56,ff7562ffdfa95a50
ae3496e6ce435e73,0b9c51872bd55fb1
3e5b0593a3e75d29,cbe76b37bd9d566b
863e343b2fe45cc1,5186c2455a005e80
fd9b227cec3d5c3f,ac9f458fef245f0a
43162b00fe4550b8,46a2e9474a5a5eca
fccef3d0f5cc5d8e,9e4a67d0bfef5ccc
56af844c0e0a53ce,8ef14e72d1895c52
70d79606f745562e,4acfa6ce32d35a5a
52d3f15d6ca75701,b40815dafe3555ac
ee492610c55b5440,062d89e84c865379
4cfe4dc173bb5e2e,e8ae67747762556d
9c9944c9e8b3583e,3398057095da567c
555ac2e13627529e,ed3b01d7758e53ae
1b963a72d0cf5320,41e04ef8335e588d
58c018c299d05214,90fe86aaac465e03
1bf819f13d1c562f,8101b5a4faf75d2e
981ceb0924575bc3,cbccabe7b8115f7b
795696bd00095944,8c017295d1c55e59
8371ac42ba585d35,c035a201e0425db3
acd37cf126fa5a59,a30f46b79c615373
0dd3297ee86d56c9,cec82145cee65013
358d973661955d68,94e54ac10711543f
30dafbb048775d29,2edeffc6b6015102
14fb2a9aad8850d2,588cc89deb065111
aaf949be7f2150df,bef76e0fdd5c5969
017514eaeeef5716,b171756ebe775c10
fe520672ef8f5770,e97de88b92ed562e
356738fb8224508b,856782890a575b3d
06fbdeb141965cca,cba5e5dd1d855b8b
f9349f5d723b5421,3efc251f0c5a59fe
3256f37c21915104,69f8caa65f5b50b5
4302a0a4b9f05b61,83bd1e3a717c529c
2a1cb4c27a4459a7,3dcc4d0f431158f9
520e72270acb562a,3fb655239be35402
35b84fa433f0583f,8ee5eab5831659fc
5bdef7e091525742,7b98a5852cc75c1a
350ef3908a9c5db6,065054eb8df657be
a5f411a2c379503d,58de9fed550b548b
ae6787095e5e545a,bd5cf850fb9954be
aba7212ffa3458b6,017eb1f5fc375563
8de5173c05ee56f5,fb4562426bfa5a00
ceccd4369b5f552d,d18dd6344b975b7d
179a2670a5965eeb,13a794c5dddf5d82
afbf26b6d3bb5bee,ed6cea0420005913
d0afb786443a5659,fc9203a624b95fe5
af335d636f4c516e,02d79fb826a052b8
c45fc2b353c655af,8c930566d92e56ec
e000d4f7fdfb5f6b,1481ccca03915ab1
d08754ee7c5c5949,9213febe56015a57
29efe3c61a4a580f,056de234befb58b0
c4f21fef5b86535b,96f153b4a36a5b8b
153af25086535f35,33e9cb12d44e544e
08b6a130aaa35629,fca16c1029365b23
616812339ccb533e,041dce99556f5e3a
7fcd06d455d55572,31911ae0bba3509b
943c308c85d25ee5,51ddca8fe4255f34
5e4f0ddf24da5f97,4aea5cf609f8543f
63bd566666b75e4a,8ab18a5bd47c5a77
ed1ae68f8c0f5f3a,8c4cdb755d3a5538
dadfddb20a29587d,f2e29112c9fe5168
6dd2d5f52cc55546,6ebb7155b2405126
7be1e4f2c85e50a8,2f3846ff93945fbb
934c8ac938ad5dca,1862a102bc325eb7
0fcb8c19983c51b6,27a171e02cb953d3
0614c017a1f65b80,19aa9586c72a5f3a
774160714b7e5ca4,ed3d1c5c5d495f87
128076b6be9a5209,931c4845f13f5907
31960634eefb5d47,ce718c4ad5695142
6c8af7c93b5751c4,22bed37da0b3550c
51c2558524435a31,bf9ad2d025225aeb
e3e49101a8b45645,27a7399fe61f5e3f
6adef8f2b0795473,cae64646254e53e7
35b108769e3c5d33,31962978183f54d7
12c9ecb5687f572b,e84bbf0ad35a55a8
8bacfc35148b5dad,c2d9a5f712e2512c
b60b509ee8ba5197,19eebba739a859b7
580b253c853c5ef9,bef003198ff25467
722ed88251d25420,69309b5b3e685b3e
ae33eb2afd655f7d,cac54af385cf5deb
a8a72fb28dc6592b,63dfbf3cb8ce5310
48b2f85cc68c5a0a,b6b012f752ad52ad
03143ef8f2f65a2f,3547159ecacb5136
8647866881f3587e,e64b778dd3c05a67
aa84169dd1f3538d,6cb74416a3fe57a0
6b19d4325f075ad0,d2507efd1b3f5b8c
98e3abe2a38c5156,bb4d1b3008c0598c
37430d1c47995fdd,fc817533c2185a0b
c7ce79ec4bf956c4,9686e12ba6e65dac
144116b6c1e35d3e,070536d8528854cb
6b50fb6bf8265936,c3ebe897f89f5216
513ac26c90be51d0,90d737fd14645dfd
2569d386da9c54ff,88183ea59c9c5d2c
a96c1b6145ca513e,01c8f81194c4588d
b8b9e355618b58cd,9da81249b3025f0d
6b97412307ad5c16,e527c391386a516f
5d3573d6da7952d3,86070dcf96755f6e
fa545b09688957b8,f3b2c147b50754ad
0df213c579225af6,c67eab7349715aac
5a907598a1985222,0511a134b4e55ab3
956bda5985a559f1,8fd5475a0f6b5bdb
44cc84f91c6b5bf5,0ee0a907fb1a5d5e
247ae110b0c454cb,a4f62582447a509b
08b1894421c455ed,6588c908bc9c58ad
e631898f3f38551c,4b6b8b2e0aa75682
43311faf65e25505,a314e4aced215f08
376450d3edc951fc,80671ce5f48e5aff
3c24bf88e9b150dd,46fb8b1718905b80
8e711b3a85205804,807e359e0a2355a9
54a9fe6636755234,398dea0ebddf5f00
18e5845edcdb500c,1e1bc687e0175fca
1bc892186af15042,65b84f20da4e5a09
9f528c7bfca6509b,e04ab3fa161259a1
cbdda157b6705786,c8cc7f75093d5304
dc26fde28bc65ef6,31fe4863c81a5331
58c61cbce5825c91,7cbe61b2c80358e7
acc47057bb3d556d,f32a2416ab7e5f77
47ece51118f95d1d,775ef9fc879e5357
6bcfc8d05b4c5d96,96e451c0e56352d8
1c62222c7c0b522f,550597914c98595d
a09e4156f577568a,8edc6bab928c5db4
c8b9b19008605f76,62dca8e5979e52ff
1ee7868373355838,527bd92d448c536a
774432c5e7b25128,5c7b201ac57d5d56
9e9baaa455b55c80,ee2551f728305314
0c625b3536f2553d,a46ca9b584255256
a38db8b9731f50b6,79b9966ad538505f
6cd6a10cb3595110,99b6d9b80fc45a0d
66f664c031765c74,3bee1cd8bb335d8d
1a0605b15ce0596b,d8fdbf7b51b95d11
bd28f12ef0295020,18be4ed6ef1e5ac2
3b3627c7892d5b5e,a2209ec9cffe5a40
5c46c17f514b5153,bf7d241c99915732
d94271077f7a5432,e756158ea54b5ae2
3b6865082c225fe8,cf7beda6faab512b
134221cd9f46577f,fd4424d1f58958cb
6394162caa7c5821,d1005b8b31c156af
e3ee2f8d1057557d,fa37fcc9db7b575b
d3f00196d11c563c,225dd89a5e8459f3
0220967816915e94,864387cd86c35192
b1e78f926612520e,b68064c478f65736
4e5e09ac14395d70,99ff40fb6aa8579f
385e44b3382350f1,f5ce76c0d70d5ba0
1541f285d1525ca0,e12142d7c3ed5b28
9ecb516bac035ce4,9c51ce0d1a6952bf
0af18cfd826c5086,b96e845652d85df1
bf1064685f045d97,35fd58844d0154d7
462ba3dea9fb590b,55863b877be85f64
b462af5600bf5f88,03b014cc7a3751e5
e0094ac69a8955fb,936abde6d36d599f
83158ad924fc506c,06b0300bbe9c5840
7edc6539f71a5a79,69dab2fccd7453bb
f8fd766eb013577f,7c56367f5b9b55a0
35583284eac15ae5,cba3f8716c035822
bc388668c6285884,c31c068e35e055ff
20fd202ba2e1572a,812f5bce91445ba6
cc853dd8697f51b3,bf9bd10cf9eb5994
0c8e3fd67ae45324,4198696d7de35977
f5f55c1132d75fa7,79ea06f056d856be
ab8d6b4c8b20564b,9186a2f72a345939
7c30e0debf0c532b,85c90d1f8de9547e
6e10835f184d5921,7df2d1de9696550c
b60cd9b5f9a75b57,a56fd0688dcf5489
feff00cef4985d6b,e93d9e6b87b856c0
e5b0b2c83a395163,e023879e25fd5106
3debd3d86b5850dd,a3c5e38625e452b2
2055bd0e7a885e4a,7f1c6d3c02e9523e
472472b9f03a5b8f,cfcd479eb7ed536f
0370ac4af44a5bfc,1d63e99595835bc1
fd4b31afd0915f92,e66fa1895b21553d
f2508193ac0c5f27,9134714a4e665a97
0d602f62f3ad5c65,325f3c4a281b5e17
166dac05bf555e13,3221a78468665217
2e90da117016561c,9889c5ace97c5195
f20518f97cb558d4,ae9925274e485c94
ee7be0b111a85c25,a6cded1cc3785d51
60615c7f766c5a10,a728fcf5aa9859e2
d00c78600089543a,d85a10aa14be5e95
51c83516a5d8585a,318eef3b2ca05f33
563fd35940785c61,664a7fc9122b5f69
0fa4d1e0739659b4,814209e9ec735245
b2e27f20100b54ba,2bfc3be5bf7b5d48
1a707ed0d7ba541d,113194c975135566
f42bdbb0a30c5854,fe0c6ee360cc55e2
92c920c643695ff3,47d9445ad08252c7
e3aa32e033635c8d,c7267ee0155b5892
3402ab10c02a5e25,b696d9bef8bb507d
e82fe0d7d02054b8,898e5d8d174659c6
47e64379df6b55b2,aff63289a0465a31
dd72153f54fa59e7,e6def17b05f4554a
b0902109adea5e0f,fd7721a9d5b75078
f5edba52c4545fe3,e388f3f69b8e5d10
33baec8b94e15a39,d0658a82cc01578f
4f099d4882445433,ca23cd26c94a56d1
13625214a30e5005,b0dc7a20f6c75ad7
a7705685069f5979,30ecb33052e65cfd
32e38b7677e15f69,d5207960d4445c8a
62974364debd5463,56578fc0fe46595a
026bb114391d5b81,0cc3fa48045e5454
958677976f9c5b0a,ae30fd99d40e5dd5
d2361c07df2f51c2,5cfae3e3dbbc5320
c06c4ffcf72653a5,304410676a4f5087
c09d506d3891507c,a3a13a44bc3d57cc
ba69be06341d5b2b,fcb644946aa75666
8bd32ab85e615190,f84a0babc7705a89
0e60a3a86ce2570d,4f4da09be486559a
5361459e4c1b5899,0bdb1adf0c395d03
bdf6ce6385325a58,66bdde0fc6e05a69
2d578825c3a8565f,4278293dfc1358ed
5b3db54a43ca52ed,0b47102670dd5c3c
7a18ceb376d859c1,4e3fff79db3e58ea
0000548db87959c2,28e39fc202db59d3
6aa2d225dc0d5b6e,1941cec782d25f8e
a75e220cee925c10,df16e8921a035e1a
84431cd14c765efc,3d40bd94c0035297
df4bfb41bc3b5ded,a146b79b9ee25f54
f2291b8766215c41,ccead163ff07511c
b6a5d96d702a5ffd,f69d05e774fa5ee6
34bdecafedff5fdf,251c6c695adc5f64
8b1d45137881582a,2866a6adb41251c2
b4d9c8edfbda58dc,f00b5ceebb4d54e2
27f481628fff5c70,629f2e1d4f745bad
13cbee7dbb4853ec,4c826f00fda1552c
de310b1492245dab,8a80c7797b1e5d28
4d6afade8dd35690,10a8d3b187655bd7
5e81fdb02c275b17,7608f0ad6b395241
fd765c984c93597f,89bb3fdb9c1a5990
1347c91c511a5918,5749e1c7319f5703
d7f6204c325d53fe,12c437de67835e8e
cd7568df56095ff2,c6868017691d570f
3190b058710b520b,1065460e0a3e5064
9215943615c45afd,8f6ebe0f9a725f6a
5b6e0702773c5bdb,64979410e69b584a
83d3fda04c1f57bd,e13244eec5df535f
b98d8c3330625df2,07446a118b2d5fc1
6cf6aa937d7c5c71,d69bc70c913a52c7
9c768fba2b4c5d19,186461eb7a0d56ec
bc9bc971088c5df6,8bfa562341415abd
1c295a44b8d856d0,50cd7550bd035db8
895513fa202c506f,8cc262b5de7a5abc
3b3e36e9d816563c,a130a42d7ff15af7
354e4afad1eb56c2,6b5e353d48645d46
df7662125da1513f,fb4e9ad583f05680
d6feccacc881504a,5e5c670e2cc85681
7eb33ecbb32d5a60,9ebe9d164d385777
5d87c059eba15807,f10558e67c925994
f25f862298af549d,05012a6bf44e5a8e
e35a803202875fa0,3c34dcc4231150fc
51b0141596d15905,4ac035f126e85654
8322121dbb82511f,625ec9c63e23545e
feff7ece85635a65,007881027ffb5842
11118a8c74d95c5c,9610ee1a53bf52d1
f40843145ae35cd8,df3682937e0b5373
a8a743157c605bfe,4a05f6dc424752eb
2dfc1e8df2ef5da1,8a60381cba795076
1647fbd477655958,fe317db26744580f
7a64a496ba815aa8,f96cf86094525742
ea32cdfc9478501d,3176558966765cc0
3a54e9d3717d5760,637d600e70395997
6c6a6b002f715d03,59df35a80f055242
da56fca2caff52e4,46be403e4d185347
3137903199f35224,d967955f9e925c13
27ff47ea8aea59cf,d9228adfa9565bb4
018690bcb255590d,c6bbcb7d11945d35
95528bd014555540,84dbe112503b57b8
57139af318a45873,20954f49a4e659af
da3dac3ca6545198,8f3075a6f9be5645
05304817b887541e,d0f1af434fb45f62
f15b26c87a0e557d,e6a28dd08357590b
9f521d00c3ef55b7,2efd658b9ea85397
bd06d301fe645a28,42c30b82e8b452d2
086e4501de295946,305949f36ec257f1
79a151c333745253,75898f12a47c59d2
9e2fa21e8eac5c11,4feef5086fd55ecc
ce9ee9a68a4c5e93,ef48c8353c1d5d29
c66c7433e8855d01,05f308058daa5d4c
980f649f5cef5434,34854ee8f8bd53ff
214bd73e71715f2c,4ac4540129a65bb0
ce82b44e8dfd5e1d,cc2629674c025b88
ece9650c827e569f,70d8a9deefa8519c
9100530861d851b0,b647914ba05e5377
a6b518a433065727,784ba4bed9485483
12821eee232458b8,0c95fff172ae577b
d2a40dbaca5750e4,f323816f971f557f
f39db68736425365,a5427bec8a255718
725b2a708c8e55f1,a867f099c0955439
260d0c0225eb534d,e54e28c12fed5f43
ff5e13b14d735e52,f0c99d1d7c145d6f
d6fc32608ecc581c,cb612539b31055b4
1309e3cfb6f25c6e,920ccd25b3255e9b
602e1bc4f8575d4e,d83979ac34a35661
22b526a96ad65c88,c31caa082a3652ef
61d847c3a95f5032,54611ee4cfdd5106
b66db24cee7957a2,d6995d54b9c95d94
016d6a913efa5ff1,22d7d80201155af9
b657c9d393895b93,c21bc9f7394153fb
36e98388f7a35159,b29f4d8f4ff952b2
24593b75ebb35271,e39111b8f3c552c8
e36849f8d9e15ce8,e243071f373150fd
1679f30058f75db4,fea379b14c5258b9
d35af9a0d57656d4,1d679d02cb705164
f25881a0f78f5aa9,4e7bfc6d30fa50ed
f0297d1838cd5b1f,0882832f14cd52a9
4cc7fc580fe45bd1,5ff17314b12455e0
36e3e0f9a589578d,65105e67546750b3
4d2fceb0b30f59cd,8f6d77699c085afd
8bc0584436b25488,3b63b218eaf2533f
23bd3a02e2855a28,2290c8cca7205289
7e082b46989356a4,948f9c0a565c5914
d85c679f79b552ae,8bdf1fa1fbfa53c5
c77d96b1b7d65d8a,5585692f16365b1c
4a0ba18cefc05c63,b78a57f4ed9259e7
859b85899c105afc,e01944adedc6582f
2591ee089f6e5dba,605fa9b35440506f
5aa4b6dc8f0759b5,37cdb1dfcaec56a3
22f1319717ec58f0,184ea946f7915327
c6fc9d4d4dec5609,b17b9bd4951e5731
af052c91de0f5295,ca7b819357dc59d7
3265a706c55157b2,83ef071db7c4537d
14976ab056005044,451a6995a0635511
8875d7f59f045de3,56b6bea798115633
b435ec4c5baa5a2c,e9f6a6428519561e
018ba0bc5f145074,08a798ed9cbc5d64
4bbfb5ec60205e63,3dffed1404b95c14
7e76a2b3918656f9,d3f6a2f339ed5569
93bbe5e3e6cd5411,5e04c5bbbc625bb1
117b147622605d6a,af1071bb3ae25748
742119ab3b9753a7,91621b4a27be5938
69124bf1a9185f06,19236bdddfe95577
23ee145aa4de582b,e014865f0d7a575c
1a3569d56fbf5521,c162146f31a250bb
55de917b2f545939,bcd65de927ce57b9
aee61beda170540c,07db615cde275e5d
96f15b834684542e,71de96be14e25282
a4f4a240e54e56b2,f8ba28ca74945acd
8c867708395f5374,32ff166852ec5c1d
19a595ad0fe35941,30ec7dbdd44a5ddd
b27e2139fbb959fa,3d8bb7140bf8577d
82ab50d6b3ef5a43,5929e252373f5b39
f4991b521fa15f17,c5e8f64096515d9f
179bc3ae5b9f56b0,bec540067fae5447
f6e64f5e788b5101,0db748a1ab6956e9
5865085ba43752de,88a020aa6dd75234
854521fe3b945040,cfd5ef25b45f5a6c
0179d579d30e588c,d9d94553ab445639
d3fe95784a34578f,14372e1d773c5a23
7ac633604a3c572d,c448d5807e525e68
0be1a98f7d1f5fce,c448d5807e525e68
a0c45624aa5251db,840e2015d800530e
56a1470952cb57a0,b2ab7970c62e585b
803addaf65355261,34c7aeecddeb5f97
c6e19ffa3c34551c,78b957df52045394
b5b8d20688385790,6dd24a241d8055ef
47c8c3903f245f96,6bcabbf227de5419
e8d654d610fa547f,ebca52f9ca9d55ac
fe6105aa925d5621,2614b026693057eb
bdf99b84030a5a0f,e1806fb0d2705e93
6a2adb1da8dd53f3,fcb7d313d4745ded
3c943ff450265afe,f816f2d019a556c3
10d0706cdc655c9f,7ade0b2de2725c08
e5e1dbb69578517b,15aba311cb2c596c
a25c025ea58d5409,d8c98cbe0fe25fe7
932f0bf1d23b5ba7,c0578fd189c45e0f
e6c5a792f2f058f3,315703ad24495d13
f2d64d93a1915c8b,7334106f7e6950f9
cf081b6882d159f5,abca01be0e6a5767
04aa69f18d255c96,7c79440c342750b1
9106979ff1c15ad3,101d3b84ca7258c1
c9f514edbbb55dd9,4c5c39df03515e15
1ebfee14fc925d6e,960fa0ac0b0f5d58
f41cf739059453a4,4d16677dccd05aa8
f4544174530b5715,b5ce55fce69c5543
f03963c1aacd54f4,afe2512625985226
edcad0bfc4b15515,d9a3d904368c5c15
835d1fae4f5b5e45,d9a3d904368c5c15
69fab78920a55a7a,86a714f774cc5df4
4865eea1e54c5a8e,53e56236ad285f53
43a4f01072795345,89fb6e87a9a654ca
62c0730b5f435548,2ed8eb62f925530f
95193473b1cb5434,ff7562ffdfa95a50
63efdfe040865222,0b9c51872bd55fb1
1ebc11a17d925215,cbe76b37bd9d566b
c6aec764d6d059e9,5186c2455a005e80
6f7a20c618a9573e,ac9f458fef245f0a
e76485315c2c5028,46a2e9474a5a5eca
1d6b6b43809a50cf,0e153e2b2b2e54af
581e219460ef5789,8ef14e72d1895c52
ac3411f9c2b8530e,4acfa6ce32d35a5a
b9148aabf55250e9,b40815dafe3555ac
0bc64fd1b3ff5d1a,062d89e84c865379
4e3103d8feb95170,e8ae67747762556d
fb4ac387cd285171,3398057095da567c
e4054a16eede5400,ed3b01d7758e53ae
08ca490a89c4544e,41e04ef8335e588d
d345cd51380a5243,90fe86aaac465e03
584c0bd68dbb55e9,8101b5a4faf75d2e
73eda22129255831,cbccabe7b8115f7b
b648072650cc5932,8c017295d1c55e59
8413eaf2b8e45e3b,c035a201e0425db3
e779c1cc4ae45a84,a30f46b79c615373
240f44eb30c7500b,cec82145cee65013
a004456be0fd5ce0,94e54ac10711543f
17c627139c325a9c,2edeffc6b6015102
7a754395c711541c,588cc89deb065111
77ebf0edb75c5b69,bef76e0fdd5c5969
d5d0d0797e4a5d5b,b171756ebe775c10
caa3170f8c3b5cfe,d1db26f8f1185312
cf43204828af5513,856782890a575b3d
8ead980b5c845769,cba5e5dd1d855b8b
48f6a3bdc0bf5d64,3efc251f0c5a59fe
12ca80cc0d575578,69f8caa65f5b50b5
a6f3c89c3d745a5b,cb42c48761635c0a
550045c2be39530a,3dcc4d0f431158f9
40726c708b17504a,3fb655239be35402
0e272e003af65a71,8ee5eab5831659fc
d2853234152359b3,7b98a5852cc75c1a
9e4128df16395eb4,065054eb8df657be
ceb9332b03d3577b,58de9fed550b548b
c7c04f1581855ac4,bd5cf850fb9954be
f376ed0415235e20,017eb1f5fc375563
661ce644db6d5546,fb4562426bfa5a00
98b3a0bf3cce5649,d18dd6344b975b7d
ad8fec600a4c5ed7,13a794c5dddf5d82
dfa220d6e64f5d84,ed6cea0420005913
ae472d675a965aca,fc9203a624b95fe5
458ab847ffa957e8,02d79fb826a052b8
09a81436114951ab,8c930566d92e56ec
2a68e10c7d305af4,1481ccca03915ab1
c5972dc8ab5c5f70,9213febe56015a57
cf3b00d5d2b953d3,056de234befb58b0
ac45c0d29f1e5d76,96f153b4a36a5b8b
dd9b1479609c5c59,33e9cb12d44e544e
6e821a856fe45177,fca16c1029365b23
ad702ac65d8754bb,041dce99556f5e3a
93a208914ea85781,31911ae0bba3509b
69f1c6885a4859c9,51ddca8fe4255f34
09ce454826895686,4aea5cf609f8543f
6743ebcc6f5259b8,3bc05c1cb6aa5686
ff89c9bf77dc58ce,27673e5053745bbe
5c5e0e2c9d225b98,f2e29112c9fe5168
f1ef98a6ff94525c,6ebb7155b2405126
4e3fb4e28014505e,2f3846ff93945fbb
62b0d1b0d5b35c44,5cdaf703e6a05341
6c1a4bb1d99b52a3,27a171e02cb953d3
7b4383b378035cb7,19aa9586c72a5f3a
750d0f9df6ef55a2,e73ace78f1375999
d016df0950fc5e69,ed861a8b3cbd59bf
a5be642219735a49,ce718c4ad5695142
2ee2b26e0f20509d,22bed37da0b3550c
c3ef435d900256c1,bf9ad2d025225aeb
6d93bbdab42255a9,27a7399fe61f5e3f
d961e40cb8185341,cae64646254e53e7
57960c0eaa6b554b,31962978183f54d7
ae5377e5ebf65f45,2422f5823de85821
8a9ecc24c4f25c3c,c2d9a5f712e2512c
0490beca807c5e9f,19eebba739a859b7
9726171368175cc6,bef003198ff25467
63873e2afca95e70,69309b5b3e685b3e
2497a4b846f25d99,cac54af385cf5deb
476c5597de1b5455,63dfbf3cb8ce5310
2fa0f34bd2da5b39,b6b012f752ad52ad
349606982fb252ae,3547159ecacb5136
406f8b299de35ce2,e64b778dd3c05a67
8777c80c80ad53e8,6cb74416a3fe57a0
6df89719fce05527,d2507efd1b3f5b8c
63fd66d1098f5c53,bb4d1b3008c0598c
dfb6fbca92bb5183,fc817533c2185a0b
2774b2c338a3500c,9686e12ba6e65dac
d607d27b421a562b,070536d8528854cb
9630074ccab7581e,c3ebe897f89f5216
7e87b622a4e35128,90d737fd14645dfd
4eb5bcde81245591,88183ea59c9c5d2c
216b31d31f085114,a0435051647d508e
ad7d51bd1b7055ca,9da81249b3025f0d
7dda9e548f79596b,c34e0b1200895c77
9b7ffde4ab9c53a5,e527c391386a516f
c65181647b3b5092,86070dcf96755f6e
ba8dead3eb765a14,f3b2c147b50754ad
27f3c1e778bf5748,c67eab7349715aac
ee95e29e1aec53e1,0511a134b4e55ab3
75ffe77189e95d43,8fd5475a0f6b5bdb
826b4daba60a5648,2bcd2884c1b35548
3d34ef81b357566e,a4f62582447a509b
b1520b6af9705191,6588c908bc9c58ad
a8d4a3fc503c5f83,4b6b8b2e0aa75682
dd282698a1cf543e,e9d819f13816524a
d9953ee7b30f5ac3,80671ce5f48e5aff
04f5b9e8203c5a92,46fb8b1718905b80
689ed7a2ee4b583d,807e359e0a2355a9
28113a97a08b5ff1,398dea0ebddf5f00
a43d920a23d95caa,1e1bc687e0175fca
25000ee050145f13,65b84f20da4e5a09
1ed850327b905ebd,e04ab3fa161259a1
16d3bf2e9bf75eb4,07584769c313598e
7682ed33c75a5116,31fe4863c81a5331
65e41bd322a25dd1,7cbe61b2c80358e7
301f483843535f89,f32a2416ab7e5f77
5ad9f64f2d295e4b,775ef9fc879e5357
fd676fd01e475e33,96e451c0e56352d8
687dc7e79cf65570,550597914c98595d
d1ef1e42fa15573d,e51722b82ef85520
22a3a112a0485c4c,62dca8e5979e52ff
767995ca4ab75a14,527bd92d448c536a
afcd7846a4f35622,5c7b201ac57d5d56
db026a1a1b6f5d3d,ee2551f728305314
f16753eac7825480,a46ca9b584255256
c917da347a6e5d6d,79b9966ad538505f
9436b4c35a125beb,99b6d9b80fc45a0d
fdc43c8424a256ce,3bee1cd8bb335d8d
d444aa6b0d4a5573,d8fdbf7b51b95d11
22dcb62f62a15d42,18be4ed6ef1e5ac2
613c9ac33f6951ca,a2209ec9cffe5a40
83671631057f50a4,bf7d241c99915732
03ad57c205da56f2,e756158ea54b5ae2
a1bfecf3560e5aa3,cf7beda6faab512b
84aade0568085ba5,fd4424d1f58958cb
8b3bd35b8b945918,d1005b8b31c156af
e90b4ad6e7905adf,fa37fcc9db7b575b
b3aebfbff38e596f,225dd89a5e8459f3
44230a68f8305c14,864387cd86c35192
1db38f4b73ac5b62,b68064c478f65736
5218653349a6502a,99ff40fb6aa8579f
0536ffc8d9555b0f,f5ce76c0d70d5ba0
2fec62bc2f325559,e12142d7c3ed5b28
b1464f6c01dc545f,9c51ce0d1a6952bf
993d17cce2685b9a,b96e845652d85df1
0992d669b9a25a25,35fd58844d0154d7
1d7ff3e8eed15ced,17e9ab2e7a1f576d
4f61c0897822586c,03b014cc7a3751e5
72d842bc596b536b,936abde6d36d599f
9678b0cccb565681,06b0300bbe9c5840
a60f7352182a5e93,69dab2fccd7453bb
206ccbdfb1e25bf2,7c56367f5b9b55a0
769b9c472f935b0c,cba3f8716c035822
631ef1b9ceeb5d0d,c31c068e35e055ff
8635c0dd984c51f3,4eb28a5f89765e18
253c33ffe10a5aa7,bf9bd10cf9eb5994
e1c80a4e90a1501d,4198696d7de35977
6a8571daa3445923,79ea06f056d856be
157ad2289b20545e,9186a2f72a345939
b91f8a685d7457c4,85c90d1f8de9547e
91e06c22962d53bb,7df2d1de9696550c
16cd404f3eaa5cd0,a56fd0688dcf5489
135b319cf4b1584c,e93d9e6b87b856c0
ebfb953d479d5982,e023879e25fd5106
26cc0e92707756f2,a3c5e38625e452b2
2b5d551f5466530e,7f1c6d3c02e9523e
4b3d6fc60b815701,8e8db4ff99565f06
5138bac9ac59508f,1d63e99595835bc1
b874be1fb9885c0e,e66fa1895b21553d
3a243db0d1d15fcf,4e028f2295615325
5c838efd36805c92,325f3c4a281b5e17
e1fe1575a4275d3c,3221a78468665217
615329a491785c3a,8a6692d2096d558a
0f4984d978155b23,ae9925274e485c94
6083bfcb495d5f9a,9d82d608a3675f2c
4cf1c34e608158a6,a728fcf5aa9859e2
60a560bfff6f528b,d85a10aa14be5e95
39cbed62434a528b,37bf76365f0e56ce
54511f27d12e5a58,664a7fc9122b5f69
24a1c2301c6853f7,814209e9ec735245
9c7fe79bcaed5bae,2bfc3be5bf7b5d48
ac55c7f072c6528d,113194c975135566
ab51ae81c26b5f5e,fe0c6ee360cc55e2
d8af5ee176db5d89,47d9445ad08252c7
6d0a7f0bb4e7584b,c7267ee0155b5892
c3d78ec633fa57be,b696d9bef8bb507d
50708f973eec5e38,898e5d8d174659c6
431869f33ace51a0,aff63289a0465a31
a807cfefb041572b,e6def17b05f4554a
7a7ff4cc1f1a501e,fd7721a9d5b75078
1b65613f0242544a,e388f3f69b8e5d10
f75c8c639ded5924,d0658a82cc01578f
eabbb4546a145980,ca23cd26c94a56d1
c84475f2d8475f9d,b0dc7a20f6c75ad7
f5ac458eab7b5ba5,30ecb33052e65cfd
9a9b75516db85d76,d5207960d4445c8a
cedd32ec31e45cd9,56578fc0fe46595a
dfaaa711e0a557ba,0cc3fa48045e5454
9963c72e34ae5101,ae30fd99d40e5dd5
11cad3355c7b55dd,5cfae3e3dbbc5320
288ea364ec115f46,304410676a4f5087
04d0fb4e3ab25115,a3a13a44bc3d57cc
1c5aaf9e884b5ce9,fcb644946aa75666
f8d3738f77c05163,f84a0babc7705a89
e9799c219eb25a48,4f4da09be486559a
0481cf2b75f1532f,0bdb1adf0c395d03
e0545b6d2b755ea9,66bdde0fc6e05a69
5583c1447acd5f31,4278293dfc1358ed
c6cef2558e365e85,0b47102670dd5c3c
8a880b6ff1dd59ab,4e3fff79db3e58ea
bf4c97f6024b5029,56fd6ef189eb567d
6b8774b008675f8d,1941cec782d25f8e
868e70f831cb551c,df16e8921a035e1a
557fe4dc6b2a5c76,3d40bd94c0035297
c9b3ce1062455ad6,a146b79b9ee25f54
4386a0ba98f95bb3,ccead163ff07511c
b5ca533bca505ceb,f69d05e774fa5ee6
2ef107f7be2351a5,251c6c695adc5f64
1987c158de8a5120,2866a6adb41251c2
d76955208924513a,f00b5ceebb4d54e2
d6353a288d0b545d,629f2e1d4f745bad
5ae0b5e6a95f5335,4c826f00fda1552c
3cd95c48caa05aaa,8a80c7797b1e5d28
cb61f2ea159355a0,10a8d3b187655bd7
bfb373d958725fc8,7608f0ad6b395241
406564d5dc7358f6,89bb3fdb9c1a5990
122a6e620fcb5c80,5749e1c7319f5703
a1325310017c5057,12c437de67835e8e
6bd5888420e851a1,c6868017691d570f
936bb410fa70545b,1065460e0a3e5064
6532afe679315809,8f6ebe0f9a725f6a
2738dcd449ef567f,64979410e69b584a
e6eeac307f6d507d,77871cf435985733
46a90143da335a9a,07446a118b2d5fc1
a0e088521cf1547d,d69bc70c913a52c7
92a263b537fd5b72,186461eb7a0d56ec
c052a8877f7f5d37,8bfa562341415abd
93141bb128bd5a34,50cd7550bd035db8
8feb2ae5cc2451c3,5d64e3a4341857fc
e8ae48e9ca4a58fc,a130a42d7ff15af7
b1e1c1a12339588a,6b5e353d48645d46
0722adecc3d45ac4,1541a0f69f6c5faa
9bcd2d9e4c0e56b8,5e5c670e2cc85681
c8b422346e1f5252,9ebe9d164d385777
fdba4d15c05554e1,f10558e67c925994
1028df4fc9055ed8,05012a6bf44e5a8e
0c3c4cd553475d3a,3c34dcc4231150fc
6162470f2d0c5e13,4ac035f126e85654
08977ce458945f04,625ec9c63e23545e
bdef1564d4565c48,007881027ffb5842
99889a4679b15509,9610ee1a53bf52d1
1537a74401845849,df3682937e0b5373
a984f0459c1055d5,4a05f6dc424752eb
bd0dd422fbc152e5,8a60381cba795076
93494257467c5e97,fe317db26744580f
b11eb5c328075b94,f96cf86094525742
99e4c28a82735b10,3176558966765cc0
0dff39153a005f4f,637d600e70395997
9bfae11fe1af5b67,59df35a80f055242
58d69daf413c5d5a,46be403e4d185347
cb8b1f36617c50d4,d967955f9e925c13
483bb60b0a0451e6,d9228adfa9565bb4
906d7e590245576a,c6bbcb7d11945d35
2115a02d06035ce0,eaec4d66772051c0
95f42de7bd075f88,20954f49a4e659af
428532e023bc5783,8f3075a6f9be5645
68559679a9bd5d3c,d0f1af434fb45f62
77db0b134a185494,e6a28dd08357590b
1fc3acd944ba540e,2efd658b9ea85397
02d9591fc6de53c8,42c30b82e8b452d2
93b93c0235375b93,305949f36ec257f1
d218ff87bdc25c55,75898f12a47c59d2
518221a430885093,4feef5086fd55ecc
9ddee0363c1f530a,a689b99e606a5437
c1255801436851c4,05f308058daa5d4c
b5b46d4db32a5d8c,34854ee8f8bd53ff
ee88e21932e6564f,4ac4540129a65bb0
6fb8d5597c8c5881,cc2629674c025b88
0fc778045313531b,70d8a9deefa8519c
0b4c7130090c5e85,b647914ba05e5377
c38664c4b23853a3,784ba4bed9485483
77c1bc7a68b55fb9,0c95fff172ae577b
6f8043e8b0a95706,f323816f971f557f
2fd7f2b6eaae5d04,a5427bec8a255718
63d6fbc938bc58cb,a867f099c0955439
4bc96604c1c85606,e54e28c12fed5f43
2c67391395c65d6a,f0c99d1d7c145d6f
5f2c3f928abe5f5b,cb612539b31055b4
068a26b124475a4a,920ccd25b3255e9b
923e4fcf3daa57f8,d83979ac34a35661
61e104b6c5d35dc6,c31caa082a3652ef
fc9b5914f47e58fe,54611ee4cfdd5106
f4da372227475285,d6995d54b9c95d94
42007c7edb945956,22d7d80201155af9
c5709bf1224a5401,c21bc9f7394153fb
4874da28248a5026,5393f0880f5b5663
24db96c8c21753d5,e39111b8f3c552c8
6316ea076a0e597f,e243071f373150fd
7328fe7f857051ea,fea379b14c5258b9
13d2650251d25e83,1d679d02cb705164
d8d27319eb585277,747480f76c8e5a80
8a8732cf61dd5452,0882832f14cd52a9
26101d0a7f79587c,5ff17314b12455e0
584a741051cd523f,65105e67546750b3
6e9027bc59c857a9,8f6d77699c085afd
62462203db6b5ba5,3b63b218eaf2533f
1fd8eed8897a5667,2290c8cca7205289
611ff428aa8a5e86,948f9c0a565c5914
ced5e9f4d448524e,f5a51095272c58ad
2352a994954555ba,5585692f16365b1c
8b369f66349d550a,b78a57f4ed9259e7
d6ec2a0b9fe25a58,e01944adedc6582f
1947a9758e045ce9,74cad9a560ac503b
ef886d0dee3e534c,37cdb1dfcaec56a3
fd513762a5ea5dd4,184ea946f7915327
024fd1e792395805,b17b9bd4951e5731
0ab7e69f15735883,86933fc7dc5854f3
b7b0c0f56613553b,83ef071db7c4537d
569da35d0f00545a,451a6995a0635511
351663288cc45157,56b6bea798115633
1df82f9400b35ebb,e9f6a6428519561e
391a5c7303f05c39,08a798ed9cbc5d64
3acfdef9ef305e77,3dffed1404b95c14
ba7553f511f653b3,d3f6a2f339ed5569
8d7e4421c3e45c99,5e04c5bbbc625bb1
4c5c196977b255f5,af1071bb3ae25748
54718dd05cad553a,81996bc559755309
88c2643d470951b3,19236bdddfe95577
a0b3a3b623235a49,e6950819f13e5495
ac0f18be77bd585c,c162146f31a250bb
8c2841e7cecf5047,bcd65de927ce57b9
e4b5a2693d2d5a31,07db615cde275e5d
360670b878f45284,71de96be14e25282
9bbaed3bac735053,f8ba28ca74945acd
d987180f18155985,32ff166852ec5c1d
869f688594fc58c1,30ec7dbdd44a5ddd
7684ff2627555f4e,3d8bb7140bf8577d
f92ecd09fdf45404,e59c447a2afe5e45
0ba42ee3c2555502,e6b2155304575bbb
90ed944de9405835,bec540067fae5447
0a887c5364a457cd,0db748a1ab6956e9
342ae335113257f6,88a020aa6dd75234
32c0c70837d05c47,cfd5ef25b45f5a6c
d8bbb945380d5d78,d9d94553ab445639
f4fc2446b41e55ba,14372e1d773c5a23
8a2c1d34f9df5213,c448d5807e525e68
e9bfb4821bfd5801,c448d5807e525e68
3ff5c9a5bd155bb2,840e2015d800530e
653d8cea5acd5614,b2ab7970c62e585b
16d3b353ffe650de,34c7aeecddeb5f97
46b79218b0195050,78b957df52045394
e6fd7389cbfb5943,6dd24a241d8055ef
6af296d59322504d,6bcabbf227de5419
ef0914834c445c21,ebca52f9ca9d55ac
fe746b45992f5a69,2614b026693057eb
91795d835c905882,e1806fb0d2705e93
eac61acb69665f21,aa37e795af1f5b1a
574aa2eca31057d5,f816f2d019a556c3
07846b829b3a575e,7ade0b2de2725c08
737920796b595b0f,15aba311cb2c596c
1c77ba7488d35c52,d8c98cbe0fe25fe7
82b3e6e3bfa15ecf,c0578fd189c45e0f
398010cdaac05adc,315703ad24495d13
cd9e6c1924c35b85,7334106f7e6950f9
ba6136583b6254e2,dfb9771720d55428
0027db600afe56ca,7c79440c342750b1
be861669f7ff5de4,0497d07ce81e5c9e
d0785c050c1350e7,4c5c39df03515e15
e11f2ff7ffba5b45,960fa0ac0b0f5d58
cc65333a2182508c,4d16677dccd05aa8
56464bef8d91590f,b5ce55fce69c5543
1f7afb10d4cc5319,afe2512625985226
03ca1900f09b5d20,d9a3d904368c5c15
062a9e3dd60955ce,d9a3d904368c5c15
7b3e1c9932625243,86a714f774cc5df4
a82f1c8ad27d53cc,53e56236ad285f53
2d24100bcb1e57e2,89fb6e87a9a654ca
c28f3febaf635777,420a999fd1e45c1e
e69feea0fa7953e0,ff7562ffdfa95a50
8c3d43af9a905864,0b9c51872bd55fb1
6a13232f3c97575a,cbe76b37bd9d566b
e0ae2ba5807f558a,5186c2455a005e80
07fb7a73409e53cf,ac9f458fef245f0a
918d03455301591b,6aa537b1f49f5b56
23df9e4092425b2b,0e153e2b2b2e54af
62013ac84b3a57e5,8ef14e72d1895c52
57fa478b9b1e5de3,4acfa6ce32d35a5a
07bf0601ad425977,b40815dafe3555ac
83aba0a1454c59e4,062d89e84c865379
86db74cc909e5437,e8ae67747762556d
1e9fb68ccf2d5bcd,3398057095da567c
cdfc50d75d0c56df,ed3b01d7758e53ae
ba13a6004a0c5f8d,41e04ef8335e588d
3ca720caa0ff5082,90fe86aaac465e03
b28ff93f850259ee,8101b5a4faf75d2e
aa22b810e3395182,cbccabe7b8115f7b
562019740aeb5d7e,8c017295d1c55e59
93080b4cb0435e4a,c035a201e0425db3
7a90cd45ef505058,a30f46b79c615373
5dcc8367111b5fad,cec82145cee65013
360b5fec28655626,94e54ac10711543f
1c3d4987efaf5aae,2edeffc6b6015102
ed2a869a8d1c5eb7,588cc89deb065111
2b7bf25209dd5705,bef76e0fdd5c5969
80957a180a325353,b171756ebe775c10
04e105927ad451ab,d1db26f8f1185312
b04c892043a352d3,856782890a575b3d
9c2602db70435500,cba5e5dd1d855b8b
607298120f23583c,3efc251f0c5a59fe
1ca03ed089925396,69f8caa65f5b50b5
d9f67f2d224a5aaf,cb42c48761635c0a
6771ec6dba275364,3dcc4d0f431158f9
a9ffe9bb174851e6,3fb655239be35402
52f07f442baa5fe5,8ee5eab5831659fc
c2cb368d78e858c7,7b98a5852cc75c1a
a7f5d22750b75466,9a6a2eddb71e5737
283ae14565b85cc3,58de9fed550b548b
76473ec469ed5a65,bd5cf850fb9954be
01f2481a8cfc5803,017eb1f5fc375563
b9f3b69b160e5ad0,fb4562426bfa5a00
4c3547b853675e66,d18dd6344b975b7d
dd6549a070e25b02,13a794c5dddf5d82
d58c4ad27c525465,ed6cea0420005913
f14e7ed78b5d55b4,fc9203a624b95fe5
5e092c66c1bf5f3b,02d79fb826a052b8
1803fa678ee652fa,8c930566d92e56ec
4ccda56c15a55d57,1481ccca03915ab1
2f260b8b9dee5b0c,9213febe56015a57
98017c16248a5f54,9b81c0a8e80b5c70
a41f538fa8e25be0,128456bdbcca5aab
4b563d8a22145ed6,33e9cb12d44e544e
8c1e2438ad5f514a,fca16c1029365b23
40843dcbac9d5c2e,4cb40194f3a455c5
c5b4ff1be8bb5113,31911ae0bba3509b
6e59104beb995339,51ddca8fe4255f34
ff4f691f82915561,4aea5cf609f8543f
fb311858e737556d,3bc05c1cb6aa5686
639ed89313465584,27673e5053745bbe
878665ca715b53d3,f2e29112c9fe5168
5c162b0d30f35b55,6ebb7155b2405126
e36f096910ed562a,2f3846ff93945fbb
4f6abcc897955dfd,5cdaf703e6a05341
a45b1d5e36b35909,27a171e02cb953d3
5f859ab2a2205477,19aa9586c72a5f3a
cdc030cdbc9153ae,e73ace78f1375999
fefe6361de855419,ed861a8b3cbd59bf
8d27ff75eeb1559e,ce718c4ad5695142
b94fd2088a4f5688,22bed37da0b3550c
30d10a9c1f8352da,bf9ad2d025225aeb
e3194cb3328b512f,27a7399fe61f5e3f
54fbc5743190519c,cae64646254e53e7
239d0568fc2250df,31962978183f54d7
7186e23637965344,2422f5823de85821
ed1a1174e6aa5270,c2d9a5f712e2512c
b66f066aad62515e,19eebba739a859b7
97b9989fa3675cab,bef003198ff25467
2aade0b3987d5366,69309b5b3e685b3e
2b760b8260af515c,cac54af385cf5deb
8deec95251e95c2d,ecc830bc0fc0579e
680f4753a59c5a24,b6b012f752ad52ad
7e21aeb3afc2592b,3547159ecacb5136
73471e4908bc5708,e64b778dd3c05a67
7b29ee091c295f7a,6cb74416a3fe57a0
c20652fc6a78529b,0a9df86bd4525744
5992423b009757f2,bb4d1b3008c0598c
7ae0a03be0c357d2,c95ce95669b05c1a
f641cb06f2175d36,9686e12ba6e65dac
c33832506a165cd3,070536d8528854cb
d3dcb57d3c385f19,c3ebe897f89f5216
a760f4373fd751e4,90d737fd14645dfd
5d5dfc678c9759a1,88183ea59c9c5d2c
d1408323ef2357be,a0435051647d508e
a2839b1b4f0352e4,9da81249b3025f0d
f24e615d71a155ae,c34e0b1200895c77
1dbaa3f0d0345e61,e527c391386a516f
a549496e4b835d1b,86070dcf96755f6e
c8d4707fcc465f8b,f3b2c147b50754ad
4e1193a7697853ba,c67eab7349715aac
9b2878b173fc5b04,0511a134b4e55ab3
fe8eddd5ec8654cd,8fd5475a0f6b5bdb
17296f6032025ecc,2bcd2884c1b35548
354ac12e8832565a,a4f62582447a509b
c6724cca6a1559a1,6588c908bc9c58ad
bf23bdc36a8050f5,4b6b8b2e0aa75682
551867c095c35991,e9d819f13816524a
bef3d5467aca5f04,80671ce5f48e5aff
75bb2e7612425d57,46fb8b1718905b80
9a95d2419f1e592a,807e359e0a2355a9
315aedf84f9f59c3,398dea0ebddf5f00
46e614a434b650e3,1e1bc687e0175fca
72781f1cbd405769,b01f93c092b75cbf
4eaf35cea96d5dd9,e939c8f7593050f7
78c26c7e63c3534c,07584769c313598e
6d83f0adc26e5ee5,31fe4863c81a5331
98b414a515bb5b99,7cbe61b2c80358e7
4256146a0b765876,f32a2416ab7e5f77
7b8d8487706f501e,775ef9fc879e5357
6ea198f259b85e49,96e451c0e56352d8
3043c8dc13aa548b,550597914c98595d
5655270788dc5fa3,e51722b82ef85520
9337165de94b5a40,62dca8e5979e52ff
967a6f50c73c5eb7,527bd92d448c536a
52b2e626eca85976,5c7b201ac57d5d56
a25bc88dbb4f5f72,ee2551f728305314
d7099c8643c95283,a46ca9b584255256
edb0dbd58be650f3,79b9966ad538505f
3304abff82cb5f6d,99b6d9b80fc45a0d
097d35208fcb587c,7132feaf069a5575
df1a9e58ca1150cd,d8fdbf7b51b95d11
8294a047fcda5698,675b6d4d308e5807
6950076b024c51db,a2209ec9cffe5a40
35c98e62401f5c7e,57277bdbba6a549c
fc0acfe530ba5562,e756158ea54b5ae2
1b00de050fdd5214,cf7beda6faab512b
efb0bd5e26305e5b,fd4424d1f58958cb
9147a0ae2bf751c8,d1005b8b31c156af
b19f226d281e588a,fa37fcc9db7b575b
ce0c8678bc8559b9,225dd89a5e8459f3
828cf870f41a50ed,864387cd86c35192
683e518fbfa650d5,b68064c478f65736
b39df49b8b565ac3,99ff40fb6aa8579f
f4e2ec6e37535056,f5ce76c0d70d5ba0
ee8e4ad158ef5a8d,e12142d7c3ed5b28
6469176632cf52a0,9c51ce0d1a6952bf
3882f317a3f55e29,b96e845652d85df1
73c6bf15d3cc58e4,35fd58844d0154d7
2818ed317df9550a,17e9ab2e7a1f576d
c08cd52346155301,03b014cc7a3751e5
fccd90b794b15d6a,936abde6d36d599f
29213c31b5895c5f,743bd9fde7a75f64
3dfa374651035868,69dab2fccd7453bb
a9343b1abc5957ab,7c56367f5b9b55a0
7f163959c6e05719,cba3f8716c035822
8835adb14ec55b7c,c31c068e35e055ff
7e647d942b9f57ed,4eb28a5f89765e18
2c120899a8d05979,bf9bd10cf9eb5994
9fb8affb5c295640,4198696d7de35977
22c1a51ffc1f5022,79ea06f056d856be
a425dd8a1b5552db,9186a2f72a345939
155c340aae355cd4,85c90d1f8de9547e
5bfd2094e1ed528c,7df2d1de9696550c
2ead0bb5e6705b4a,a56fd0688dcf5489
e0c6e5c235ed5b7b,e93d9e6b87b856c0
e9a26f1753a85a88,e023879e25fd5106
2313aa310e16503d,a3c5e38625e452b2
0442b2728b8058fd,7f1c6d3c02e9523e
a514e82818cb55da,8e8db4ff99565f06
41c18772e7ac5696,1d63e99595835bc1
bfb583c3969950ba,e66fa1895b21553d
4b683f53656f5bdd,4e028f2295615325
dddf14378c355c3a,325f3c4a281b5e17
f4059b9c69d5509c,3221a78468665217
0f9e883357585ec4,8a6692d2096d558a
2a79320a3e3b5239,ae9925274e485c94
01d3726e5bc2576b,9d82d608a3675f2c
0a4cf95e90d45770,a728fcf5aa9859e2
5a7626d57d61594b,d85a10aa14be5e95
2db824526e9458f2,37bf76365f0e56ce
54ed7e46291c5fcf,664a7fc9122b5f69
35fb7e0858ae5bc8,814209e9ec735245
789af91cd1755b7e,2bfc3be5bf7b5d48
ca8b5c5ed914507c,113194c975135566
09fc278e5d43564f,499e5798b91f5c88
f733e02fa876535a,47d9445ad08252c7
502fadfdde3554b2,246a6a14b0c35fff
4f5e535c78385629,b696d9bef8bb507d
631712394f5b5d72,898e5d8d174659c6
411ce5449bda5b1d,aff63289a0465a31
0d35a8e6a98a5759,e6def17b05f4554a
f1bdf7e4e9f5534e,fd7721a9d5b75078
bb22d36aec8e53df,e388f3f69b8e5d10
d68d495f8f605301,d0658a82cc01578f
b1dd380dd5425b49,d3249a0192645ec7
6d4a26f442705f49,b0dc7a20f6c75ad7
4f8e1da188be5033,30ecb33052e65cfd
60cfc7f20f825d8a,5e5d7ff8e8025897
6289749098c55328,ae7f2528a42450e4
bde15534dcdc5933,0cc3fa48045e5454
96fd45b48c8b5e18,ae30fd99d40e5dd5
a62cc53f0187532a,5cfae3e3dbbc5320
015011d2b73158b7,304410676a4f5087
fb2289e9d46258f2,a3a13a44bc3d57cc
0d40059cfdf75e7a,9b3ef9ca542453ad
526b66c665085401,f84a0babc7705a89
fcb205c7324051ae,4f4da09be486559a
3f0c448b71005686,0bdb1adf0c395d03
3f269e7b5ced51fa,28f85207bcf75250
2c14c850f6645147,4278293dfc1358ed
3b3f3faf6778593f,0b47102670dd5c3c
f68fcc74e570541d,4e3fff79db3e58ea
7cc683dca0155801,56fd6ef189eb567d
dee99345e2015845,1743444bfae05afd
5a0b3bf9218f56a2,df16e8921a035e1a
03eef9b11774564f,3d40bd94c0035297
35e4b04bab1058d5,a146b79b9ee25f54
c648574640a65934,ccead163ff07511c
def10158059d5eb1,f69d05e774fa5ee6
e81d82f764c853c0,251c6c695adc5f64
ab548d52e69b5ed4,2866a6adb41251c2
360d4a6ec45d53a3,f00b5ceebb4d54e2
85a5db2b47125f31,629f2e1d4f745bad
1cff6bb966075bc7,4c826f00fda1552c
b4d64308573f5bdf,8a80c7797b1e5d28
68ea9d09300c5886,10a8d3b187655bd7
7508fad57cde547d,7608f0ad6b395241
f722930665045683,89bb3fdb9c1a5990
e565610cd7b15784,5749e1c7319f5703
c91c301500e95244,12c437de67835e8e
c653006470bf521f,c6868017691d570f
20f0988b6050572a,1065460e0a3e5064
a22de94be8935752,8f6ebe0f9a725f6a
96540ed00a785607,64979410e69b584a
cdc9d2e591cc552c,77871cf435985733
bf1fbbbc7f5d5c5d,07446a118b2d5fc1
87614ec5f3da5f4a,d69bc70c913a52c7
8912a46529c059a1,186461eb7a0d56ec
1013821ba47c55b3,8bfa562341415abd
b53db7bbc74956ed,50cd7550bd035db8
b64b160540265465,5d64e3a4341857fc
8867ae193b7a5ba8,a130a42d7ff15af7
13cfa80cabf85b80,6b5e353d48645d46
a62faaedb18d5b76,1541a0f69f6c5faa
1cf600346a7e5fc5,5e5c670e2cc85681
489facb8ac705f4a,9ebe9d164d385777
9952eefa82585b83,f10558e67c925994
36b4b6d6e4745071,05012a6bf44e5a8e
1666152446cc5da7,095de62095105dd7
2944ba8cf77c5ad9,4ac035f126e85654
2d6a04ea9ef55fd5,625ec9c63e23545e
75b3192cd5825661,007881027ffb5842
aa7cf4712b635bb0,9610ee1a53bf52d1
8bebc6662b36505f,df3682937e0b5373
6b72426a8dd155bb,4a05f6dc424752eb
0c81f22d5e0658de,8a60381cba795076
58366177d30259f5,fe317db26744580f
c61d55c28f3b538d,f96cf86094525742
6201f6d1b5f65431,9ac7b0b1d65958ed
79ea7fb311c4574a,637d600e70395997
1de80c2e4aca5f33,59df35a80f055242
28ef9307f6035143,46be403e4d185347
931c9ec2bfa55d47,d967955f9e925c13
9d4e4e721d77503e,d9228adfa9565bb4
46ce401b30ac56e9,c6bbcb7d11945d35
84876bb274165ade,eaec4d66772051c0
297fa313126a5f02,20954f49a4e659af
6d5f5983c8eb5615,8f3075a6f9be5645
aab09057df0a515d,d0f1af434fb45f62
5bb6cc197a7455e4,86a1407133575e46
52a4ade5aede53d9,2efd658b9ea85397
60021a9f6c585c16,42c30b82e8b452d2
2380261642d25251,305949f36ec257f1
acb57a529dae5da1,75898f12a47c59d2
f0a338ae8f3a56bd,4feef5086fd55ecc
4c8d222d98115a86,a689b99e606a5437
3e2a45dbe6fa50aa,05f308058daa5d4c
f51f9c282b9a54aa,34854ee8f8bd53ff
2640335fd6565b4f,4ac4540129a65bb0
7505cca154d95d60,cc2629674c025b88
1a442597212150c2,70d8a9deefa8519c
c5388dbd766353cf,b647914ba05e5377
e38dd745e363544c,784ba4bed9485483
f308a472f26056a7,0c95fff172ae577b
e89a3ed626f75032,f323816f971f557f
c71161b938af5b16,a5427bec8a255718
70322003ab525a2e,a867f099c0955439
dcd5dc3f53d9533f,e54e28c12fed5f43
f6195258cc20552f,f0c99d1d7c145d6f
014369205e025f0c,cb612539b31055b4
dd25fc02c23c537b,3f172b7c252359ff
8209b6700b535e8e,d83979ac34a35661
98c050c637ca5909,c31caa082a3652ef
2805fe41d7d9543a,54611ee4cfdd5106
f93bfd9479fd52ee,d6995d54b9c95d94
9d1bd4fa169c5ebe,22d7d80201155af9
297a54df537c5317,c21bc9f7394153fb
7d32ec3f13b9525b,5393f0880f5b5663
f203a01d3a8055f1,e39111b8f3c552c8
f5442665da9f554c,36c6892aa9745723
91fbe6fb1a3d5717,fea379b14c5258b9
4a6ab6e35934543a,1d679d02cb705164
029a9572e05a5914,747480f76c8e5a80
42ba77cc2fb05229,0882832f14cd52a9
ced4cade3bea53e7,5ff17314b12455e0
d813c6a4706e5411,65105e67546750b3
dffc6ff890745dbe,8f6d77699c085afd
c87fe1d7a3bd57cb,3b63b218eaf2533f
bd646d9caaef57d8,2290c8cca7205289
13fcb47bb63951e7,948f9c0a565c5914
26ba80ad72205a03,f5a51095272c58ad
620f272061ea5f3a,5585692f16365b1c
11936935515f5daa,b78a57f4ed9259e7
e67729beeaa95c34,e01944adedc6582f
63a10444501d5ead,74cad9a560ac503b
f07e9b76d6e0503d,37cdb1dfcaec56a3
c5099436d08c5e1f,184ea946f7915327
e27870f87c3656b1,b17b9bd4951e5731
767ce55e55515539,86933fc7dc5854f3
09e4d1d929535af0,83ef071db7c4537d
88b50c0011ba516b,451a6995a0635511
69ddc43178e9572a,56b6bea798115633
04cdd9195f885ac6,aabaf52300b856c7
6451d6a270c75f58,7ff724796a1054ab
fee60d4bd08f550a,3dffed1404b95c14
60fe616f485b5589,d3f6a2f339ed5569
c2ce362b9cf95fee,5e04c5bbbc625bb1
291ac232cc94582a,af1071bb3ae25748
f18ef27ec008527a,81996bc559755309
f4d869c13a015a28,19236bdddfe95577
29be20efdac25f74,e6950819f13e5495
3e543e1eac325854,551964bcbdfc5682
7021139b47cf5370,bcd65de927ce57b9
62667ead92a35fbd,0179e81d3e205555
304be364cb4050ce,71de96be14e25282
5a2e2da8e6b75138,f8ba28ca74945acd
9db7131f4c8d57dd,32ff166852ec5c1d
33c05d622bbe59a8,30ec7dbdd44a5ddd
e50483d19a4b5489,3d8bb7140bf8577d
66d5ea23c45c51c4,e59c447a2afe5e45
7498dbe0e2b65539,e6b2155304575bbb
2fb759c52be35681,bec540067fae5447
e209822e11365182,0db748a1ab6956e9
c763328b4b3855b6,88a020aa6dd75234
8719c1b8087d5590,cfd5ef25b45f5a6c
94652fa0c64d5846,7e781d24d8825581
d6f66c51d98a5db6,14372e1d773c5a23
314e2f70ce905b5e,c448d5807e525e68
18b121dcc082591e,470cb61ea9935741
f79916e26eef5b74,840e2015d800530e
175f0101f12750b1,16a9da21d3755767
c64f55518a18575b,34c7aeecddeb5f97
e7a7c61c543e5b88,78b957df52045394
9502cdbb06dd516f,6dd24a241d8055ef
5f402207dd7d5977,422ebdf1685551a0
8fe49f5c68d65801,c69708d1eaab5a0a
eb9827bfdf925815,2614b026693057eb
61b6aabef76153af,e1806fb0d2705e93
6c3a055d6ac15aa9,7d603484d71e5b0b
6b977574e52a5f1b,f816f2d019a556c3
dd43c6087aca5206,7ade0b2de2725c08
e51779c52d7956bd,15aba311cb2c596c
522894525b4e5168,d8c98cbe0fe25fe7
c5fb72e3a0855c1b,c0578fd189c45e0f
365808b195f35dff,315703ad24495d13
e5599a8884235d93,7334106f7e6950f9
14e8d439dd5a5da0,dfb9771720d55428
5ea6697ab5c552b6,7c79440c342750b1
a1ac8820c36e51c3,0497d07ce81e5c9e
8b5d8d7c95925564,b510c72549635a2b
d5cf4595a3435917,960fa0ac0b0f5d58
f1041299a1a059f5,4d16677dccd05aa8
039cc112267b5d97,b5ce55fce69c5543
be0ac32b1590510e,afe2512625985226
dac176e7b40c5671,d9a3d904368c5c15
570967c07a8251a2,d9a3d904368c5c15
73ce0b2145845c71,86a714f774cc5df4
fe068f6ae8135412,53e56236ad285f53
eea61634eb875210,89fb6e87a9a654ca
b751857996975e6c,420a999fd1e45c1e
346a78f56b165dea,ff7562ffdfa95a50
8113ea1b58245172,0b9c51872bd55fb1
b5d72ce63e11581b,cbe76b37bd9d566b
c77dbdd287825d1a,5186c2455a005e80
29b49b3e2c0f5ec2,ac9f458fef245f0a
eeae24d38eb15e0a,6aa537b1f49f5b56
f750e0c7f8375bae,0e153e2b2b2e54af
38b3c670b2ad55c7,8ef14e72d1895c52
8b06db3e6e4355d3,4acfa6ce32d35a5a
757fb1d7679c5dc2,b40815dafe3555ac
8ff80000e9a05eca,062d89e84c865379
0b2839db08ae5ed6,e8ae67747762556d
6c321000d6c0527a,3398057095da567c
a75469eea7815984,ed3b01d7758e53ae
0d2e670274c65f81,41e04ef8335e588d
cb91b17626f85892,90fe86aaac465e03
ebc294355ca753b0,8101b5a4faf75d2e
ca4686a3d8a55f9f,6cc600f1b6e75823
83dd1484eb265a3c,8c017295d1c55e59
237739df15ff58cb,c035a201e0425db3
8c5a5e3a57535abf,a30f46b79c615373
6ff86f7f95cb502a,cec82145cee65013
d08756521e64547e,94e54ac10711543f
22f31aadcc76590b,2edeffc6b6015102
d37e71f395695c6f,588cc89deb065111
7077e840fef95b8f,bef76e0fdd5c5969
f3e32c06633756e9,3353b7365eb85922
c1f91d06e8285351,d1db26f8f1185312
bb870b710b7a53e8,856782890a575b3d
c543bad7f8ff5eae,cba5e5dd1d855b8b
e6e189b1aaa85d41,3efc251f0c5a59fe
7730f64417df5d47,69f8caa65f5b50b5
7dbe342f2b1c57c5,cb42c48761635c0a
e9a6f39362ba53a3,3dcc4d0f431158f9
78e0e3e1292d5431,3fb655239be35402
741d60ca8b7b5cb4,8ee5eab5831659fc
f3fd7b1cf6055ad5,7b98a5852cc75c1a
7c42db62ed515a8c,9a6a2eddb71e5737
3b0c5c39455b5d00,58de9fed550b548b
e648d5c380455667,bd5cf850fb9954be
3d324bda0cec57ab,017eb1f5fc375563
63ec67c4a58a5e5b,fb4562426bfa5a00
8f41958d23a65c48,d18dd6344b975b7d
5005f44bd2135f3b,13a794c5dddf5d82
6e575fd36c4d5de3,ed6cea0420005913
c61fe0459c4451ef,fc9203a624b95fe5
dd07f89bea6f5147,02d79fb826a052b8
4b5846fcc3725b95,8c930566d92e56ec
919fcdbcf46f58d1,1481ccca03915ab1
f02b15cc225b5d9a,b971052f62165a1d
7fcd3691c57b5f49,9b81c0a8e80b5c70
dcb8fbfc6c1d5fd6,128456bdbcca5aab
33b5a72931215b30,33e9cb12d44e544e
1893fb783df95146,fca16c1029365b23
8d8f238bb7315004,4cb40194f3a455c5
236914bd075052ca,31911ae0bba3509b
a79297e78d8857b4,51ddca8fe4255f34
e4b8bdb842ae567e,940c794bcf865e33
680c8d90658556da,3bc05c1cb6aa5686
eabdad9a669b5739,27673e5053745bbe
48b503ec9c5a5d7a,f2e29112c9fe5168
2eb015a011ac5fa2,e4c9cb2a501a5e06
8cbfcb387ec85461,2f3846ff93945fbb
ab1fd108d5885b58,5cdaf703e6a05341
02e3c13aa3975b02,27a171e02cb953d3
b41e61d24f915d6f,19aa9586c72a5f3a
95165bfbaadf5a64,e73ace78f1375999
a763369e30305f95,ed861a8b3cbd59bf
cd008a1ed571512f,ce718c4ad5695142
1b6ca45027e3531c,22bed37da0b3550c
8118acf21ab154f7,bf9ad2d025225aeb
d0dcc4b5cf6a53ab,27a7399fe61f5e3f
0eeeee655d415970,cae64646254e53e7
446dbb38653a51a8,31962978183f54d7
6d593ca981fd56b8,2422f5823de85821
184e4aef7e095f7a,c2d9a5f712e2512c
e12cd09a8f515c73,19eebba739a859b7
603d4a913f315a41,bef003198ff25467
25b719c231d85e56,69309b5b3e685b3e
00eb3a4e0f8052e9,cac54af385cf5deb
09a004a6ded55f7e,ecc830bc0fc0579e
14b6e7ce317d531f,b6b012f752ad52ad
7fb88e704c1a5cca,c73f77ede18a55bd
095042ae1f985c39,e64b778dd3c05a67
6c8305cdaa0653ca,6cb74416a3fe57a0
d80488b4e04c5e47,0a9df86bd4525744
7c4757c2c9675f2b,bb4d1b3008c0598c
63c33ef5af265f74,c95ce95669b05c1a
8f67b84df6b75bd1,9686e12ba6e65dac
2908ea54e9955267,070536d8528854cb
55204d7112015beb,c3ebe897f89f5216
262c4400163e5d8e,90d737fd14645dfd
3128b8da22c75dd0,88183ea59c9c5d2c
87a12c9888c75e21,a0435051647d508e
953b60711663549b,9da81249b3025f0d
62bae469f29c5ecb,c34e0b1200895c77
eed4abcb01455af9,e527c391386a516f
f860c4879d1c5996,86070dcf96755f6e
d1b4625f7363548e,f3b2c147b50754ad
5b4cbfe57b9b524b,1c17b27be2ce517e
efbfc794e30f528f,0511a134b4e55ab3
50833a9c9b265db8,8fd5475a0f6b5bdb
80fb7c16b92856a3,2bcd2884c1b35548
75811dfc02ce59f7,a4f62582447a509b
7155820d49975164,6588c908bc9c58ad
d870256a3b185659,4b6b8b2e0aa75682
0777f5a7263758be,e9d819f13816524a
fde2ed45bca05510,80671ce5f48e5aff
4b85f48b7172519f,46fb8b1718905b80
5f448f3d0f8c5e95,807e359e0a2355a9
961d67f58f40502f,398dea0ebddf5f00
0e27333e64a45dfb,1e1bc687e0175fca
c4e83619721455b0,b01f93c092b75cbf
fcb6bd60c8905c79,e939c8f7593050f7
81286af2aa9c5e17,07584769c313598e
8fa565e2239853e3,31fe4863c81a5331
9483fae2cfc352eb,7cbe61b2c80358e7
36c9f5ba92385cee,53303cd7fccf5fa1
dcd3886f044a5e29,cf4ef16ccc035104
beecbff2fd37592e,96e451c0e56352d8
c3a9557ccfb5517c,550597914c98595d
b96ea08d168f5a3d,e51722b82ef85520
5a7f3e30fe075a16,62dca8e5979e52ff
8367526c1c4c5bfd,527bd92d448c536a
82551627c2415e8e,5c7b201ac57d5d56
b92aaa468aa25958,ee2551f728305314
56783067f37c553f,a46ca9b584255256
74cf2bc3433f59dd,79b9966ad538505f
ed7d26ad16065f5a,99b6d9b80fc45a0d
2b40b4ee692d52a4,7132feaf069a5575
f964ec80acf557bd,d8fdbf7b51b95d11
e8edb3108f41545c,675b6d4d308e5807
da590e67d2e6532a,a2209ec9cffe5a40
1c03788c47b75b6b,57277bdbba6a549c
bdb2a3cdeadc51c7,e756158ea54b5ae2
b3899f957ebe5684,cf7beda6faab512b
238955ab60075940,fd4424d1f58958cb
03aa8a0576a25b63,d1005b8b31c156af
e6bdb406a21e55ba,8d2fab34830157d1
e0657b3fd2ac5c55,225dd89a5e8459f3
ceedeccf36c35c11,864387cd86c35192
7fad5a0c8cdd5fc4,b68064c478f65736
3fd20b372fd15206,99ff40fb6aa8579f
52cb0688ae7c5bed,f5ce76c0d70d5ba0
96a0bbef8c335c3e,e12142d7c3ed5b28
cab75d9e74eb52a1,9c51ce0d1a6952bf
b9e254f3d4a75454,b96e845652d85df1
e1db7cf1ba505f99,35fd58844d0154d7
64cdae0a751357ee,17e9ab2e7a1f576d
98b148d419725caa,03b014cc7a3751e5
160e6592389759c5,936abde6d36d599f
b84c079a32635d34,743bd9fde7a75f64
d2cac33c80f45434,69dab2fccd7453bb
2ba3f7adca335912,7c56367f5b9b55a0
32bbb5bfdd515d19,cba3f8716c035822
bf204ae0ffed51d2,c31c068e35e055ff
dc39ce9c251551bb,4eb28a5f89765e18
646244aaa99d5c9c,bf9bd10cf9eb5994
b962399e13f35965,4198696d7de35977
c13f0e8db9b15c69,79ea06f056d856be
7db6a3bd77405292,9186a2f72a345939
a567ea679ba056ce,280c92db918b5255
f158576757e95c31,7df2d1de9696550c
5aae47691f185a21,a56fd0688dcf5489
088b38f5e629514b,e93d9e6b87b856c0
5975a1af11e25fe4,e023879e25fd5106
5c9c6666d0725c64,a3c5e38625e452b2
c96b4de8d3d55287,7f1c6d3c02e9523e
8e501ed74f025c52,8e8db4ff99565f06
4c5501833dfd5bb4,1d63e99595835bc1
fcbc81e3caa75186,e66fa1895b21553d
5ebf3103a78b5e39,4e028f2295615325
a009893e14c75fd0,325f3c4a281b5e17
27f94d9f461852c4,3221a78468665217
876f405da0da5016,8a6692d2096d558a
a87eceb632f253c7,ae9925274e485c94
ffd429cac51751d9,9d82d608a3675f2c
9c4e60dd8e9959d8,a728fcf5aa9859e2
e4ad471729c65fc9,d85a10aa14be5e95
a0024513b78656f1,37bf76365f0e56ce
0027991369e05ab2,664a7fc9122b5f69
dd23e66ff660575e,814209e9ec735245
70b8b9ad6d6f54f7,2bfc3be5bf7b5d48
859dea9ce9215b47,113194c975135566
6f8a5e89c0325aa8,499e5798b91f5c88
542d8c3b05145bbe,47d9445ad08252c7
9cd4b5f3bbf85357,246a6a14b0c35fff
89ae8d041c145f8f,a5eaaa30af06517a
f9720f622fd4511b,898e5d8d174659c6
1082d34008e05df4,aff63289a0465a31
5328fe5eba6e5d30,e6def17b05f4554a
c296ded44f9a509a,fd7721a9d5b75078
e14abaa91ad3511b,613162eb62605ecd
02e9f697f2d055ee,d0658a82cc01578f
851a15966923546b,d3249a0192645ec7
de0726643f515304,b0dc7a20f6c75ad7
3aa165d52c2051e1,30ecb33052e65cfd
4ffa52567be45f39,5e5d7ff8e8025897
86f80cbf4c6b5e50,ae7f2528a42450e4
d2098ab3fc1953b3,07e74d0aa49e560f
83d8368f99cb5470,ae30fd99d40e5dd5
a3c54d0e80375911,5cfae3e3dbbc5320
23f0187033d658d9,304410676a4f5087
7e8979818a51520e,a3a13a44bc3d57cc
3a4e9626c9aa5fa0,9b3ef9ca542453ad
551afc276a1a5ab3,31e5d18e936b5685
045a93a43af35fd1,4f4da09be486559a
56b0ed5018c25d3f,0bdb1adf0c395d03
9d32436291335261,28f85207bcf75250
0a06f8a3204d5e11,4278293dfc1358ed
bf00c76f25185b83,b6222d44816b52bc
c5ec810bb3625418,4e3fff79db3e58ea
290091fca02b5939,56fd6ef189eb567d
ee4ca385da5d5778,1743444bfae05afd
d4af857a65825fc1,df16e8921a035e1a
cce0795c7ff05129,a3d56480262e5c0c
cefc63c820c45c3b,a146b79b9ee25f54
b0598da891205aa3,ccead163ff07511c
db73bde6710e50ca,f69d05e774fa5ee6
b3de01e79b725ae4,251c6c695adc5f64
c282872767cb5199,2866a6adb41251c2
c2ebbcddd45457f8,f00b5ceebb4d54e2
df534bbfbbba5b0c,629f2e1d4f745bad
38d4aa43f5f25eeb,4c826f00fda1552c
e7b0fe1f4b13597c,8a80c7797b1e5d28
1712f51cf5df564a,8112080ace6c53ab
92aee2a7b815565f,7608f0ad6b395241
39f91a002193578a,89bb3fdb9c1a5990
07bc26f4b1735347,5749e1c7319f5703
e59a5171c33c5af9,12c437de67835e8e
5c9063357a725208,c6868017691d570f
5e25570a2f725a17,1065460e0a3e5064
0fd48798118057f7,8f6ebe0f9a725f6a
d060c613969b5092,64979410e69b584a
dded75c35039515f,77871cf435985733
5102468ad3745c60,07446a118b2d5fc1
aa2962e446b45e1f,d69bc70c913a52c7
768ae2e06b1e5d90,186461eb7a0d56ec
5099c20d468f5cf4,f65f8519938f5646
1aabc43f2a7453f1,50cd7550bd035db8
7c68734f0453501c,5d64e3a4341857fc
86c897328378504d,a130a42d7ff15af7
7ceb065003f25449,6b5e353d48645d46
d4e5d3e55e3751f9,1541a0f69f6c5faa
9ba306d42ab75911,5e5c670e2cc85681
971af37715285683,9ebe9d164d385777
ef91e3538f775238,f10558e67c925994
644d0407ee0a5337,05012a6bf44e5a8e
c6f0769e0c465417,095de62095105dd7
fc0a60a9d8245aea,4ac035f126e85654
b22ea864484d514f,625ec9c63e23545e
249dd85ebaa65b9f,007881027ffb5842
f211c8127aff5246,9610ee1a53bf52d1
e22c42694be05703,df3682937e0b5373
3f4cedf4897a568e,4a05f6dc424752eb
05c3b54be1cc52d0,8a60381cba795076
cbc996c2f68c541c,fe317db26744580f
24c278846879520f,f96cf86094525742
fd9b66480e895706,9ac7b0b1d65958ed
b20e8629283e540c,637d600e70395997
8d1b3ba5749b5a76,59df35a80f055242
9a00d37375a95d7e,46be403e4d185347
b999dd3826b058a7,d967955f9e925c13
eaf08861a02351a5,d9228adfa9565bb4
74df22cda10a5cf9,c6bbcb7d11945d35
fb0a26a28ec359ce,eaec4d66772051c0
c962887d22e95f88,20954f49a4e659af
132ea05c88d355ca,8f3075a6f9be5645
40348970451a52e3,d0f1af434fb45f62
ae15b0488a6c5bd8,86a1407133575e46
e62e904da0695956,2efd658b9ea85397
1a4d88c3ccc6586d,42c30b82e8b452d2
cb1d400e9da85f43,305949f36ec257f1
7569116c33145d2a,75898f12a47c59d2
4299796c2c845718,4feef5086fd55ecc
34eb9be2f88a5234,a689b99e606a5437
de03efda68e65021,38ea51c2842e5d18
4334739a7f4e554e,34854ee8f8bd53ff
11811a7320ab58db,4ac4540129a65bb0
1f53a73b41095041,cc2629674c025b88
f37c90e977e856c8,70d8a9deefa8519c
8bb7091fe0d959fc,b647914ba05e5377
bf80166d9d045752,a2bf4a8ae05f5e3c
fd87474daeb05e69,0c95fff172ae577b
acc78986a3805c7e,f323816f971f557f
aaa11cdbc8d35178,a5427bec8a255718
a422962469ff5d27,a867f099c0955439
431ae29947e95c26,9c6228e86874550e
ac0fb7997f4e5106,f0c99d1d7c145d6f
1f0f883695f05e6c,cb612539b31055b4
cb3bbfd7864d53f5,3f172b7c252359ff
74cc0056b2c05248,d83979ac34a35661
4588d3bc87cd5a49,c31caa082a3652ef
700237dffc2d5be7,54611ee4cfdd5106
95bd905e3f685a28,d6995d54b9c95d94
d21b22d6c0405ad7,a72be38ba82e59af
e0c8f4849910501f,c21bc9f7394153fb
0879b546c3cb5615,5393f0880f5b5663
850f844463075fb3,e39111b8f3c552c8
6747e9a7ad2f5643,36c6892aa9745723
62c5045db3c159aa,757c81e71db35614
e53fc4a1bbe0568b,1d679d02cb705164
9de91fbb8b275885,747480f76c8e5a80
398b056b300955e1,0882832f14cd52a9
771a9923745f59c5,5ff17314b12455e0
ffb89fa44ab351b9,65105e67546750b3
0e04335474bf5b6e,8f6d77699c085afd
388e7bfc1d1957b4,3b63b218eaf2533f
93a5e1de2d185374,2290c8cca7205289
e717645716555e33,948f9c0a565c5914
a03c5e53159f54c3,f5a51095272c58ad
aa1b434771cb52d0,5585692f16365b1c
fda70850d06c51a1,b78a57f4ed9259e7
7a146021c3485224,e01944adedc6582f
de1662269d685ce0,5bebbd8ff2365b72
d559cac76f5a5a7d,37cdb1dfcaec56a3
c0a12f1497045322,184ea946f7915327
65d2b64fb7375094,b17b9bd4951e5731
e6c32a1387c554cf,86933fc7dc5854f3
e051405f88c05270,83ef071db7c4537d
61f8e636db175a83,451a6995a0635511
984716e6e27e59ee,56b6bea798115633
bb3926e0e90c5657,aabaf52300b856c7
353a7c23eed25597,7ff724796a1054ab
f3532c4c4ad95b27,3dffed1404b95c14
9c63c33c198e5aa9,d3f6a2f339ed5569
ef43bbb93f0d50eb,5e04c5bbbc625bb1
83e42a2487695ac5,af1071bb3ae25748
b15572e37ce95d98,81996bc559755309
e2080118123b5cc8,19236bdddfe95577
717d8be0b970524e,e6950819f13e5495
cd2a694affd65d94,551964bcbdfc5682
ce19d75d9b55589d,bcd65de927ce57b9
5f8eb8f944eb596c,0179e81d3e205555
3b7933b82dc65348,71de96be14e25282
c72c3c003bc95aab,f8ba28ca74945acd
f755005e289d5ccd,32ff166852ec5c1d
44cedd469129548d,b55e3410ac795aa7
b281c2ccb36359e3,3d8bb7140bf8577d
37d818085d0f56e8,e59c447a2afe5e45
df284ad97ad55a31,e6b2155304575bbb
a9bdcf08c1ce5f5a,bec540067fae5447
0a77356a8ee85133,0db748a1ab6956e9
816c515aa3dc5462,24f5746cf506567f
bc949c2045ca5537,7073b2f9f0de5113
60f9200ffade5c53,7e781d24d8825581
94689128d3bb5ac8,14372e1d773c5a23
2e6b78be8c9e5e0c,c448d5807e525e68
460110d5a345522d,470cb61ea9935741
f53ece8c1cb9562c,840e2015d800530e
947518978dcd5005,16a9da21d3755767
944eece37ff15fa1,34c7aeecddeb5f97
dd1ab5d48c6358ef,78b957df52045394
771c4e378bef58e4,6dd24a241d8055ef
66dca10d8f315889,422ebdf1685551a0
b7f1861bff9c514e,c69708d1eaab5a0a
8b31009bc5115cb5,2614b026693057eb
75e0217f16f459c4,e1806fb0d2705e93
30f959771e1e588d,7d603484d71e5b0b
24e06c38547d5976,f816f2d019a556c3
752255614d7f569a,7ade0b2de2725c08
230b5f3fb3f157fe,15aba311cb2c596c
df3b1f0f39625162,d8c98cbe0fe25fe7
ffcbf5f098625d83,c0578fd189c45e0f
702351f9d23159ad,315703ad24495d13
0116de776d6b5d1b,7334106f7e6950f9
e7a838e8611f56b0,dfb9771720d55428
74693ae387e752fa,8ea8af9ad062563d
e973ce0e5d605df5,ca95a83570995691
229de058ec7b59bd,b510c72549635a2b
17ecb960d15d5b5f,960fa0ac0b0f5d58
da0aac1f6c225eca,4d16677dccd05aa8
c2fdffb4c2915577,b5ce55fce69c5543
18538a3ac6c45eef,afe2512625985226
d6015087928d57e8,d9a3d904368c5c15
01ce9c82de0d5539,d9a3d904368c5c15
660e14c77a1c550b,86a714f774cc5df4
0616f9723c60524d,53e56236ad285f53
7bd504ce0e1950b9,89fb6e87a9a654ca
2be07b9c94db5de7,420a999fd1e45c1e
43cfa12f279355aa,ff7562ffdfa95a50
929fe68adaef5ee7,0b9c51872bd55fb1
8df9b515d98e5c38,3ee3b99c478655c7
7f890846214d583a,5186c2455a005e80
1bd8492a6487562f,ac9f458fef245f0a
1f095494fe755244,434b634bdf825f0e
6d08dce7cfaa5035,0e153e2b2b2e54af
70297f5b95955dce,8ef14e72d1895c52
5b272b7aa3315c4f,4acfa6ce32d35a5a
75994f74c5485493,b40815dafe3555ac
4cdcf106cb5d5c63,062d89e84c865379
838caf9ffb875248,e8ae67747762556d
616ca25e91ac5136,ccd5efc0ba375fb9
7eb910e54ef55811,ed3b01d7758e53ae
005fcf3e9a125706,41e04ef8335e588d
fa1f681041595461,90fe86aaac465e03
27eb0ba03f385c69,8101b5a4faf75d2e
2a2cb941f34b5bc4,6cc600f1b6e75823
5cffd130ff2c510a,8c017295d1c55e59
8fb6a2364e0c53f9,c035a201e0425db3
8e274784672a514b,a30f46b79c615373
190c8d0cece45af1,cec82145cee65013
873e300af5a95bf2,94e54ac10711543f
a43d45f7369d5489,2edeffc6b6015102
f1ca8dd77f205599,588cc89deb065111
b0b461ce7bd959ec,bef76e0fdd5c5969
981dc3169f655892,3353b7365eb85922
7cee421600545b00,d1db26f8f1185312
df65991258ba5334,0bcefee46da250b9
472899393e8f55e1,cba5e5dd1d855b8b
2dd7293bcb445815,3efc251f0c5a59fe
f3c9dcda27ba51a7,69f8caa65f5b50b5
81935f2cb7d45945,cb42c48761635c0a
4d098db703415f00,3dcc4d0f431158f9
c44755b18af45385,3fb655239be35402
38b4ff11393c5dec,8ee5eab5831659fc
bcdf72879fff5ab1,7b98a5852cc75c1a
239cb4818dc458fd,9a6a2eddb71e5737
ccdb6840a0445870,58de9fed550b548b
eff5e373dade52e7,216f4426149b5115
f9a9b5ee707e501e,017eb1f5fc375563
a8245437ee3d5dd7,fb4562426bfa5a00
2c1f43c6b93c5952,d18dd6344b975b7d
80386d2e9c215d3b,13a794c5dddf5d82
1e527ab20dd55310,b604b10e53dc5caf
fd001bff97c155b3,fc9203a624b95fe5
ba63a9cd4e3f5129,730d7fc4dc49524d
0146e76ccdba5d9d,8c930566d92e56ec
97b1ea53fad65625,1481ccca03915ab1
e41f13ed67485c54,b971052f62165a1d
e18ca78f3c5f5a04,9b81c0a8e80b5c70
a3a47ea11a5e5939,128456bdbcca5aab
de28290571ec523a,33e9cb12d44e544e
73b4c0560bd85b5e,fca16c1029365b23
1586603a5a6353e6,4cb40194f3a455c5
3b5ea54bfd575d68,31911ae0bba3509b
3ef16d00a16b5c94,51ddca8fe4255f34
56a5e83ad14c558a,940c794bcf865e33
e46762b07ca45b74,3bc05c1cb6aa5686
e7f8a61d807f5914,27673e5053745bbe
6c130d90781359d4,c8c7965671b15097
622867ce25805447,e4c9cb2a501a5e06
2653ecf542e259fc,2f3846ff93945fbb
e7daf964463c530b,5cdaf703e6a05341
1f174dcc44335ad6,27a171e02cb953d3
afb6f330e8665731,19aa9586c72a5f3a
f2722839a7ed50fe,e73ace78f1375999
6b5a3fa1663e5a8d,ed861a8b3cbd59bf
c239a3efe5df5739,ce718c4ad5695142
b8cc094c43575a31,22bed37da0b3550c
1faa29a936cd5277,bf9ad2d025225aeb
135899b9eb4f543e,27a7399fe61f5e3f
0a0d91d55b0757f8,51cfe9654e005628
1370cea130165b51,024af52609b95519
0928c39f05db52c5,2422f5823de85821
be7331d3f05e5d16,c8e40f0733cd5ef8
812d49975bf357fc,19eebba739a859b7
df4dfd432ba25781,bef003198ff25467
23d71fb39b0456f5,69309b5b3e685b3e
77daa055e4ed5ae2,cac54af385cf5deb
54e1372d95955eaa,ecc830bc0fc0579e
93d5e0dd29bc5e7c,b6b012f752ad52ad
da4d89151b245e0c,c73f77ede18a55bd
490463fd7e9e5769,fd45861ef984594e
8cd8d1a23e4351f8,6cb74416a3fe57a0
b29689efa40f54e0,0a9df86bd4525744
77412f2abf325814,bb4d1b3008c0598c
84b69613f5e6551c,c95ce95669b05c1a
681dc1d77f125936,9686e12ba6e65dac
315e61d0629c54d6,070536d8528854cb
6cd97f45067e5bea,c3ebe897f89f5216
a93fa498bfbf5fb8,90d737fd14645dfd
9900336c08095d0f,88183ea59c9c5d2c
75f8f9a90db75078,a0435051647d508e
d7d752a4a8b95a59,9da81249b3025f0d
8df6c22946e5526d,c34e0b1200895c77
db5d96563dcb5427,e527c391386a516f
e009079e2dc25bbf,86070dcf96755f6e
54d86279a0015154,f3b2c147b50754ad
aff9661937e85b81,1c17b27be2ce517e
0bbfb35740e25929,0511a134b4e55ab3
1b5a55897d2950f9,8fd5475a0f6b5bdb
7c541724eabb537a,2bcd2884c1b35548
f5c9c516bf7a5ce8,a4f62582447a509b
e85416da86d4567f,86698568002c51ac
4c9e695fc66c583a,4b6b8b2e0aa75682
81e5ddc060675e0b,e9d819f13816524a
cbb499611c3f53ca,80671ce5f48e5aff
679c8386480d5023,46fb8b1718905b80
7d6a50d3acb55383,807e359e0a2355a9
cea6c267a5a05b3c,398dea0ebddf5f00
1584747ded7f5564,1e1bc687e0175fca
ea7d8f38a0a05149,b01f93c092b75cbf
0d7f280bf979592b,14a0212514775623
63768cbe8b2d5c65,07584769c313598e
b9c124bdb19956b7,ce7a04a700895324
65451b2015ec58c7,7cbe61b2c80358e7
ca58b2e039305479,53303cd7fccf5fa1
418f3b3a155f5655,cf4ef16ccc035104
51552f78760d5a11,228ea8718b2954cc
fe0a33d7599a59b3,550597914c98595d
7f9f4661a4875959,e51722b82ef85520
1f13bc7f674b5ebe,62dca8e5979e52ff
cebdffcaf8595c9e,527bd92d448c536a
82291c12e1485f32,5c7b201ac57d5d56
f105b1f7e3a65303,ee2551f728305314
3e5647cd8d1a50c2,a46ca9b584255256
5cea066f5bc9523b,79b9966ad538505f
c68a0ad53c105f0d,99b6d9b80fc45a0d
f23b50abdf445d29,7132feaf069a5575
dc168a56b2755e21,d8fdbf7b51b95d11
0c3a4023a05d507c,675b6d4d308e5807
976ec6840abe5733,a2209ec9cffe5a40
fdcbf84507845615,57277bdbba6a549c
39215c6e71725031,e756158ea54b5ae2
cfd47fe44d355d32,cf7beda6faab512b
cb10eedc602a59ab,fd4424d1f58958cb
2f5ae1e4cf9d59fa,d1005b8b31c156af
152679f2edce5c73,8d2fab34830157d1
ff86cfb959e1545e,225dd89a5e8459f3
7db2c53b0e9e5971,5805a73e07a75d84
105e820419e05224,2bab77f6f3075436
3ffea9df17af502b,99ff40fb6aa8579f
465d879f0b205c8f,f5ce76c0d70d5ba0
cce49307530e5b60,e12142d7c3ed5b28
93e2f4fc13a35269,9c51ce0d1a6952bf
0a954cc695e751ab,b96e845652d85df1
db62e3168cd051aa,35fd58844d0154d7
3761f5d0d74d55eb,17e9ab2e7a1f576d
cb2db72bfca85119,03b014cc7a3751e5
5c4f8e6a644258d3,936abde6d36d599f
2e7d8157798851f3,743bd9fde7a75f64
3c542be991515ccd,5308561cec6f565a
11b9e3f204815f4a,7c56367f5b9b55a0
ed9f00d292b55607,cba3f8716c035822
4d88ae43c2f55d96,c31c068e35e055ff
d90cd23a434f5c55,4eb28a5f89765e18
08ebfd6fbc145517,bf9bd10cf9eb5994
a0ff6ccbf156551f,4198696d7de35977
f3c165d6e31f524d,79ea06f056d856be
108b8b1ea5fd57ff,9186a2f72a345939
b72ed3ae0ad551a8,280c92db918b5255
bd4adf326a205d51,7df2d1de9696550c
92106b8512315c03,a56fd0688dcf5489
2cd1545c4c835ead,c112bdd60e6e5968
402c9312982a5488,e023879e25fd5106
ea90773e4a7c5723,a3c5e38625e452b2
242d17bd2af15992,7f1c6d3c02e9523e
a7ca0cd746e7551e,8e8db4ff99565f06
69f27d25f8a45de1,1d63e99595835bc1
a0801105ad8b5ad3,e66fa1895b21553d
e244b2ddf97a57d6,4e028f2295615325
c823f9a693a05d93,325f3c4a281b5e17
b1c08eae66d35f5d,3221a78468665217
4f8d9bfa869553bb,8a6692d2096d558a
949a5f17807b5aac,ae9925274e485c94
e058b97f439c51c7,9d82d608a3675f2c
045044cb9f21527e,a728fcf5aa9859e2
7602fcbad344586a,d85a10aa14be5e95
c013f92386ab5921,37bf76365f0e56ce
380ae43ebd795e88,664a7fc9122b5f69
1c8ca8c10d1a5757,814209e9ec735245
8611c130815150a7,2bfc3be5bf7b5d48
0965108c193757a9,c598a8133caa533e
d224548a04525f2c,499e5798b91f5c88
d099441c0eb55204,47d9445ad08252c7
cc63d140e4285f30,246a6a14b0c35fff
9940f912e66a5918,a5eaaa30af06517a
fe810492129f57a8,898e5d8d174659c6
2d55129330045d3f,aff63289a0465a31
8d6e4249496b504c,0641a000b8c7592c
f140d31943145068,fd7721a9d5b75078
7c33d9bd65e956e1,613162eb62605ecd
63ec12363eef5e89,d0658a82cc01578f
2184b01d59d4550c,d3249a0192645ec7
fbc91394092b5dbb,b0dc7a20f6c75ad7
291f4ffb6dc754d2,30ecb33052e65cfd
5e80270349cb530c,5e5d7ff8e8025897
0687eed0cf265533,ae7f2528a42450e4
8ca0e93beaa056de,07e74d0aa49e560f
0b97850e408e5a95,6ad6645879ca587a
2f2caab982ad5739,5cfae3e3dbbc5320
64f56e62619850b2,304410676a4f5087
de354f243fa157ec,a3a13a44bc3d57cc
25c1569ea1d753f2,679dabaec50a5a69
8d6afa56bbb95f18,31e5d18e936b5685
bf896d504b4356c7,b7b9e5c0dc1f5f94
c1839a3333695317,0bdb1adf0c395d03
7461c860b4d25bf2,28f85207bcf75250
e6056b57c0515735,5e62d03813315ed1
4104fd0bb7845b56,b6222d44816b52bc
13cd1cf21a4f5acb,be6c76294ddd5839
bfcbb192c11b5736,56fd6ef189eb567d
33f9db8342475213,06091d727eef540c
8926a4661fd05f7e,df16e8921a035e1a
75c40d79f7135ea0,a3d56480262e5c0c
3d84e6189fdd51bb,a146b79b9ee25f54
674e6f0f529a51f7,ccead163ff07511c
74a8af10863e5455,f69d05e774fa5ee6
4f12e3acfb125088,251c6c695adc5f64
f099b753f4345fb5,2866a6adb41251c2
82fd7dab2b6b5101,f00b5ceebb4d54e2
8aae579b8090538a,b753c20ca23750d9
da888593e9a0518c,c432c77c846e5784
a0b0528663735dbd,8a80c7797b1e5d28
a6b4447359075e54,8112080ace6c53ab
9b79840e85be5c10,7608f0ad6b395241
48ee746b1bfb5e7a,89bb3fdb9c1a5990
0691c520f834559d,5749e1c7319f5703
67d74f48ba2a548e,12c437de67835e8e
3f6732f66f695405,c6868017691d570f
ba3833aabbb85e7b,1065460e0a3e5064
4f68cdad89a65c7a,8f6ebe0f9a725f6a
5f548f26b9a7572f,64979410e69b584a
b60afdbc7cc65971,77871cf435985733
3e1daba01cbe5973,07446a118b2d5fc1
a9853ab9c01c53d2,93f38de579905baf
679b181821395966,186461eb7a0d56ec
15b400ceaa505015,f65f8519938f5646
facbbc93a1925184,50cd7550bd035db8
a5c9bcab52165145,5d64e3a4341857fc
e3bfee2b093e5e35,a130a42d7ff15af7
15d9ac47a2e05a2b,6b5e353d48645d46
f6e9ee0b3a81575b,1541a0f69f6c5faa
d0dc567530ef57dd,5e5c670e2cc85681
4860585d53665508,dccfcfbc50385028
1a37d69ab5805f15,f10558e67c925994
beaa12171da45b46,05012a6bf44e5a8e
0cf22b3901945e24,095de62095105dd7
fd30fae9e4f35fa8,4ac035f126e85654
844da9644e225af5,625ec9c63e23545e
3ba5c2d842785d59,007881027ffb5842
759441833751576b,9610ee1a53bf52d1
20728d3e677b593d,df3682937e0b5373
1f6d3d52a6685c15,4a05f6dc424752eb
5e02e80df7fe5f5b,0590062da5d9528c
6f61120208385a02,fe317db26744580f
91d37a0aabe95056,f96cf86094525742
60dfaa1afc395c5d,9ac7b0b1d65958ed
49b8cbfbe63e5c09,637d600e70395997
76476276b198570d,59df35a80f055242
971d199e8b9b5e71,46be403e4d185347
e247c988c28957fc,d967955f9e925c13
d1e6f085af9b5199,d9228adfa9565bb4
5628a405141e5e29,c6bbcb7d11945d35
1c9f36db867b50bf,eaec4d66772051c0
08e5f4c2c0965b15,20954f49a4e659af
fd20892efbe35102,8f3075a6f9be5645
a15cc20cfcc35d48,d0f1af434fb45f62
4e72d5b688ca564f,86a1407133575e46
fbd06f49da055ea8,2efd658b9ea85397
335576eae9705bfc,71b6b05bbbeb553c
92c38e520e515a8a,305949f36ec257f1
828b1011212253c6,75898f12a47c59d2
a911eef9f873522a,4feef5086fd55ecc
dece3a034000579e,a689b99e606a5437
05965158ab845b47,38ea51c2842e5d18
4314c162a57f568e,34854ee8f8bd53ff
ebfa82f4906755d4,4ac4540129a65bb0
6891e8163e4d5e58,cc2629674c025b88
51bf8103b6cd5b4c,70d8a9deefa8519c
ae73a52a1a5d54ac,b647914ba05e5377
6d3f9d5ca5e05aa2,a2bf4a8ae05f5e3c
182a718050bd598a,0c95fff172ae577b
d6835050c97f528d,f323816f971f557f
521247f86d7f57c0,7c287eed95e357e8
6b8daf3b57175e70,a867f099c0955439
4606b66d9fe75354,9c6228e86874550e
35f226ec4cac52fc,f0c99d1d7c145d6f
24567f5ad57455c4,cb612539b31055b4
f5d9b1df3fef57ec,3f172b7c252359ff
d1bae9e7d9785598,d83979ac34a35661
a1eab14904fc5807,c31caa082a3652ef
ad6af1cce80c5983,ea0242ae0a0b5a2e
c440ceb9353f50b6,d6995d54b9c95d94
3862c9ed94ab5f90,a72be38ba82e59af
9b91401bbfad5a3e,c21bc9f7394153fb
d2dd81d9f7665fde,919b7419871a54f1
4738ed6a4f665c01,e39111b8f3c552c8
ed01297783a05dba,36c6892aa9745723
eed926191448591a,757c81e71db35614
633df956d5645243,1d679d02cb705164
83280d03b9995f85,747480f76c8e5a80
6e163d828a555eee,3b82094f899f5c8a
eb0a89861a32518e,5ff17314b12455e0
d42d0a93b7185161,65105e67546750b3
4cf608d9de4e5349,a285b47b274456df
5c5d006eb7b854c3,3b63b218eaf2533f
b4aeb4bbd9035964,2290c8cca7205289
984c4c329ba05bd2,948f9c0a565c5914
326760711b775740,f5a51095272c58ad
d1861adbe9ff5581,5585692f16365b1c
ca009ab283bc5484,b78a57f4ed9259e7
e9d7cc484394548f,e01944adedc6582f
303d7a8f1262569e,5bebbd8ff2365b72
89ca9afebf9b5229,37cdb1dfcaec56a3
5f88affe449253a9,184ea946f7915327
d6396ef1c0c55d33,b17b9bd4951e5731
62de32eb450356e0,86933fc7dc5854f3
ea3766d0f2985fc8,83ef071db7c4537d
5c55fbcddea45f87,6024391e42f55465
e4fdad547c9a54a7,56b6bea798115633
127b9e23f1805690,aabaf52300b856c7
578a5ef598b9521f,272b8f7398e6574c
05d6f076bdc855d1,3dffed1404b95c14
22642c0ae9605891,d3f6a2f339ed5569
83d9a73b7a3650c7,5e04c5bbbc625bb1
f5c4d4a66e13514d,af1071bb3ae25748
a7a7c9782f3951a1,81996bc559755309
671dcd0d1c86592c,19236bdddfe95577
6dca7faa6d145d77,e6950819f13e5495
e0307c8f17145414,551964bcbdfc5682
a9f07bb60bd75461,bcd65de927ce57b9
1835975eaaf65843,0179e81d3e205555
5576401890e55a6e,71de96be14e25282
05f1c7e44f74538c,f8ba28ca74945acd
7ccfef5040b359df,32ff166852ec5c1d
434a1b5995365a33,b55e3410ac795aa7
f2e2e64000445230,2c5bb558f3175198
5ca7353cbe4a5cf7,e59c447a2afe5e45
397a31d685fc5af7,e6b2155304575bbb
167fd80fa8635037,bec540067fae5447
36610114f460541b,0db748a1ab6956e9
7a9225f5c4355f92,24f5746cf506567f
71fefe3bc0f0591e,7073b2f9f0de5113
ec7ec2875d5f5fe9,7e781d24d8825581
b18f4a30eea65702,14372e1d773c5a23
189b5f98f6e6549c,c448d5807e525e68
26ca3d6741065921,470cb61ea9935741
b24575ef9d575fb4,840e2015d800530e
7bf4d5a2cad05f50,16a9da21d3755767
5469a6a592ef55d0,34c7aeecddeb5f97
7e2dc290d51f5137,78b957df52045394
afbf82af256b5711,7923eab046a65a5b
ec372e5b0ad7504f,422ebdf1685551a0
7f002eadb0845994,c69708d1eaab5a0a
ff6f020133855f6a,2614b026693057eb
b657fb1afb7c54f3,e1806fb0d2705e93
b023b7bcbab05bcb,7d603484d71e5b0b
03e24d87e7315809,f816f2d019a556c3
1e98fee7a7cc5254,7ade0b2de2725c08
6e778c30490d5f50,15aba311cb2c596c
566f63e4108c5d48,d8c98cbe0fe25fe7
a2cc6aa1e3c252a7,c0578fd189c45e0f
2ae2e400efe35400,315703ad24495d13
1ad237fbbbcf51ab,7334106f7e6950f9
0b3a16034cc35dc0,dfb9771720d55428
14a11185124a508b,8ea8af9ad062563d
7399b61d44ea592a,ca95a83570995691
3f655357375b5f03,b510c72549635a2b
afe269451bc757e1,960fa0ac0b0f5d58
4a29aee6f5bd5073,4d16677dccd05aa8
86aae04a66c45970,b5ce55fce69c5543
f335a11369685b08,afe2512625985226
19c8d441cb445d87,d9a3d904368c5c15
e44a31dd99af5556,d9a3d904368c5c15
b523d101fb0958c3,86a714f774cc5df4
262af71b5e0c5108,53e56236ad285f53
256f41bada0e5028,89fb6e87a9a654ca
485b3e83878255b2,420a999fd1e45c1e
9e1cdfa2d2185645,ff7562ffdfa95a50
a0bc34982a4555ac,0b9c51872bd55fb1
3eb063189dd15649,3ee3b99c478655c7
c2ddfc9b18815c97,5186c2455a005e80
291e2af79c2258d5,ac9f458fef245f0a
9320c42b53b052f0,434b634bdf825f0e
535d4220196452ed,0e153e2b2b2e54af
85164858b3e55841,8ef14e72d1895c52
b08965aff8165bec,4acfa6ce32d35a5a
453be1f585b1589f,b40815dafe3555ac
466b634cd806541b,062d89e84c865379
8fc671c2e6c05780,e8ae67747762556d
896f25f6f25e52e0,8075cd0d1ec15d2e
0e850ac8266c552e,ed3b01d7758e53ae
5fde0c8c8f4b5ecb,41e04ef8335e588d
4b259f30bb73511d,90fe86aaac465e03
bd3312be2419553c,8101b5a4faf75d2e
6157148c5fa25838,6cc600f1b6e75823
e2116f0f33b25eb5,8c017295d1c55e59
fa0f2e54ad7259b0,c035a201e0425db3
aa58dfcb46765181,a30f46b79c615373
f5b613e3fa03593d,cec82145cee65013
04715723caea505e,94e54ac10711543f
72d13a5ce3af5ca6,2edeffc6b6015102
1b95b6689ee75fab,588cc89deb065111
907f2c5fde6f5db8,bef76e0fdd5c5969
81e7354de4e35a97,3353b7365eb85922
3f188244418552d9,d1db26f8f1185312
8de2e76340335ed9,0bcefee46da250b9
a5d356da90d05835,cba5e5dd1d855b8b
b8f2f60346035cb0,3efc251f0c5a59fe
c308037e34c45bed,69f8caa65f5b50b5
f740386a50c45238,cb42c48761635c0a
d82f1b20a55d5bcd,3dcc4d0f431158f9
c4f1593154f95224,e4a7d26fc20b5724
159b8a11bd775e91,8ee5eab5831659fc
ccd74f5377b85a36,7b98a5852cc75c1a
6871543e963f5bdf,9a6a2eddb71e5737
c8aeadf284a05f44,66bac36297e0598d
6561633171e75bb6,216f4426149b5115
b8de9baf9a155a1b,017eb1f5fc375563
3b225aa246f35197,fb4562426bfa5a00
087e15b24dd55c90,d18dd6344b975b7d
2e0a31d833765412,13a794c5dddf5d82
556283de632c5226,b604b10e53dc5caf
c370f836e3275da4,fc9203a624b95fe5
fc1800501fa157a7,730d7fc4dc49524d
b639f9aef8055d40,8c930566d92e56ec
6fb754e903985d44,1481ccca03915ab1
45102df6530d59e8,b971052f62165a1d
e7d1f889fc4d5309,9b81c0a8e80b5c70
82cd122751085a80,128456bdbcca5aab
10ffaee1fe81544d,33e9cb12d44e544e
583f7d0d8b27513c,fca16c1029365b23
11182f26946650bd,4cb40194f3a455c5
2a06b778a64b545e,31911ae0bba3509b
749a8604cf285389,51ddca8fe4255f34
a35a1d0c099151cc,940c794bcf865e33
e62a5092735359ee,3bc05c1cb6aa5686
99ebd32df2f453f8,27673e5053745bbe
eb85aecce15f5e63,c8c7965671b15097
cf696c3ba1995fd8,e4c9cb2a501a5e06
e69be869445455c7,9694732b24f05d54
1a31ffd5dc39532f,bd686da767ec51dc
d74f4eda6af854c4,27a171e02cb953d3
409711b03072566a,19aa9586c72a5f3a
cdc469758f7c502b,e73ace78f1375999
618902d469b5516e,8938bd657efe50c7
a3b663577f605feb,ce718c4ad5695142
8be468b729aa5f1e,22bed37da0b3550c
b337627936ea5488,81ba5c0b515f555e
8b788f2715985cee,29db57ccab405789
2963ac11563356d9,51cfe9654e005628
c1e1661e600c570e,e5bd837e68855200
e5fb0daef05956f0,2422f5823de85821
5282504f73a759b9,905ed33bab685b2f
0dfcc232f8445d3f,19eebba739a859b7
88862af321ce5c8f,bef003198ff25467
c2aa6f44aad45549,69309b5b3e685b3e
77b5e5af1c1057fc,90d8539a364b5595
b3c1a2ac292d5e3f,ecc830bc0fc0579e
ffcbea07e13e540d,b6b012f752ad52ad
807f6b90b60d5685,c73f77ede18a55bd
01e6276eff385ea8,fd45861ef984594e
41892d06df125856,6cb74416a3fe57a0
6d72d039fb9a551b,0a9df86bd4525744
924f7c86a30b55c7,bb4d1b3008c0598c
bf0a29ccead65750,c95ce95669b05c1a
27244c34c9e355c2,9686e12ba6e65dac
21d65485fa3c55e7,070536d8528854cb
4d7462e08df954a1,c3ebe897f89f5216
f72ccf055618500a,90d737fd14645dfd
28d91d7116785bf9,88183ea59c9c5d2c
e5c858ae96265d95,a0435051647d508e
82e6bac5509d5471,9da81249b3025f0d
43c9ac6f2bf95da0,e527c391386a516f
ccb49e301e40523f,6f22e54f3b3b5e2c
c5d626fc4b6c5efb,f3b2c147b50754ad
629ad0d696ed5a25,1c17b27be2ce517e
ba9ec722d0e05e2c,0511a134b4e55ab3
8239fb2f8d705dea,8fd5475a0f6b5bdb
bc2fe3314b345c63,2bcd2884c1b35548
a2b2c80a9db75f5f,a4f62582447a509b
4668c53b54255008,86698568002c51ac
78cfb731b49c5aed,4b6b8b2e0aa75682
1139adeebbbe5d34,e9d819f13816524a
4711d15a356a54e9,80671ce5f48e5aff
ab7d0c4a928e5ec9,46fb8b1718905b80
d0a77f19bd8b5348,807e359e0a2355a9
70da6b21101d555f,398dea0ebddf5f00
73fabf2a0bdc5af4,ce19eadb860755da
da9ee145e2b05480,b01f93c092b75cbf
52fae9c4f2025dc3,14a0212514775623
ed166d61f7435477,07584769c313598e
b4d40a7532c05cd0,ce7a04a700895324
5bdeb71025415ed9,7cbe61b2c80358e7
67b05cf704325e6b,53303cd7fccf5fa1
ed534c3b8d86515e,cf4ef16ccc035104
43c3a96bede25b1c,228ea8718b2954cc
90b8f3760e535ef6,550597914c98595d
34ac200e359653b5,e51722b82ef85520
6a87e3be62aa5b5b,62dca8e5979e52ff
476d6788dbd2518f,527bd92d448c536a
6b0ff02cbbf25aa3,5c7b201ac57d5d56
81353cb7d48a5728,ee2551f728305314
bf613de6319c5473,a46ca9b584255256
14c80c1211bc5df8,79b9966ad538505f
1da970c8d7ac55b0,99b6d9b80fc45a0d
ba4d9a1f0ac15364,7132feaf069a5575
1ce780e012fc5d23,d8fdbf7b51b95d11
63a48cda986b569b,675b6d4d308e5807
dc39a0845cde5b42,a2209ec9cffe5a40
aa843e4d6d3b5fc3,57277bdbba6a549c
38f5cc0699195554,e756158ea54b5ae2
71729b03a1e95896,cf7beda6faab512b
55b7f0c50f4a5157,fd4424d1f58958cb
8f1247f8436c5208,d1005b8b31c156af
c1019bca7cd95123,8d2fab34830157d1
8c6c4c4b507c5eb1,225dd89a5e8459f3
52a92230f3245182,5805a73e07a75d84
54b907a5a03b51ef,2bab77f6f3075436
ce27f725951058f3,99ff40fb6aa8579f
7be2f6436ce95042,f5ce76c0d70d5ba0
aecf8e9ea11c5a06,e12142d7c3ed5b28
e683a9a072485098,9c51ce0d1a6952bf
96dd879c7e365dc9,b96e845652d85df1
ade66429cb58544c,35fd58844d0154d7
4de864abe4f255bd,17e9ab2e7a1f576d
fddb0bdd1d7f53e0,03b014cc7a3751e5
4a6dd3df952b5703,936abde6d36d599f
48762908e4705b55,743bd9fde7a75f64
e1b3e5e086a05ff9,5308561cec6f565a
be9423a8f0e75d33,7c56367f5b9b55a0
57b605b889505738,cba3f8716c035822
8a4861a2a0e857fb,c31c068e35e055ff
95bb1e65b61b5e04,4eb28a5f89765e18
33c848df67305ec1,bf9bd10cf9eb5994
e1398b3ecf3f520d,2767d7a935135964
09babda49aa659a1,79ea06f056d856be
9fe3ed9455355edb,268e0c55dbeb5c84
a075b9f46b7b5831,280c92db918b5255
578d2af2c3625ace,7df2d1de9696550c
f6ce545dcc975501,a56fd0688dcf5489
5876e4def8615813,c112bdd60e6e5968
963a72ef9c615033,e023879e25fd5106
a76311c957b05f8c,a3c5e38625e452b2
2c0e25d51b0b5e31,7f1c6d3c02e9523e
f039cb3455f356ac,8e8db4ff99565f06
6578cf959d7f52a7,1d63e99595835bc1
4af64a41372d564f,e66fa1895b21553d
05f1a5cbc0905d8e,4e028f2295615325
b841de24ffcb5c87,325f3c4a281b5e17
95472243c6245fec,ef6dcbd9e7865a2d
72fe517eb6fe5e27,8a6692d2096d558a
ccdb8ab156ba5b06,ae9925274e485c94
10b19bf49b67574f,9d82d608a3675f2c
5cdf559f99b859a4,a728fcf5aa9859e2
ac3410e696505284,d85a10aa14be5e95
ec3969afeb945ddb,2f28cca4fab85f3a
f205efb84def5cc8,664a7fc9122b5f69
6cb33358dfbc5a84,814209e9ec735245
3953e2236a735999,2bfc3be5bf7b5d48
f809d95714a05fad,c598a8133caa533e
98a1233e3db75a8a,499e5798b91f5c88
9f1d535f158c5758,47d9445ad08252c7
83472e2adb545cd5,11d046b5642f5fa2
3a5278b27c87565f,a5eaaa30af06517a
2942d4fb604d5b5f,898e5d8d174659c6
c538fa98187053d8,aff63289a0465a31
135337bf847b5726,0641a000b8c7592c
11568fab86df5183,fd7721a9d5b75078
223cdeaddc525446,93284c94998651a6
a4f950bf8f9b590b,d0658a82cc01578f
c738206669ed589c,d3249a0192645ec7
45c1c24ad1d35bfb,b0dc7a20f6c75ad7
c5ae8b49dc6b54f6,30ecb33052e65cfd
5143553713f05db3,5e5d7ff8e8025897
7b7cac50a37a5c24,ae7f2528a42450e4
33423262feb656a3,07e74d0aa49e560f
215c38293c335e25,6ad6645879ca587a
0c330f8c6d6658ee,5034df01c9495c11
88b49de4eea35896,304410676a4f5087
d063f70ffb44513e,a3a13a44bc3d57cc
f70c8122d2a65847,679dabaec50a5a69
3721b675d426567c,31e5d18e936b5685
28a0cdbbc1e55291,b7b9e5c0dc1f5f94
b7505d7478385be9,0bdb1adf0c395d03
fbf241ca4b6758d8,28f85207bcf75250
82b1cb7113515dfb,5e62d03813315ed1
9bb20085732d5f8d,b6222d44816b52bc
35234d714b5d5da9,be6c76294ddd5839
dce07c446c7955aa,56fd6ef189eb567d
39108eefc8e95e0e,06091d727eef540c
1f7588f60e8d5ff2,df16e8921a035e1a
d72d183a16e05cf3,a3d56480262e5c0c
cb2a52e9af3a5e0a,a146b79b9ee25f54
e456e929ecb85b07,ccead163ff07511c
29560d02d4615d4c,f69d05e774fa5ee6
5fb039973cf85b11,251c6c695adc5f64
684a977a365b5e73,002d6eec20c1541e
40f6df731aed5f6f,f00b5ceebb4d54e2
f025b78e77b25fba,b753c20ca23750d9
2b610cc56f635751,c432c77c846e5784
524ca5715b155976,8a80c7797b1e5d28
15165972946050eb,459f51ce5b11578b
5abef8058afa529f,7608f0ad6b395241
43fccd5d69235617,3e2377bf1b34555f
5c9d51dc830453c5,5749e1c7319f5703
eff63ffe642d5409,12c437de67835e8e
95ee5b14fb3a5ce0,87b44675fc185369
16c38196f44751bd,1065460e0a3e5064
56acc09e62b45e21,8f6ebe0f9a725f6a
53928c06f3005536,64979410e69b584a
32dd24533788546c,77871cf435985733
8bdf510cc78751f1,55ba3072525e5d26
0561ac957ffc5c4f,93f38de579905baf
60e9369e91da5d9c,186461eb7a0d56ec
b4dbd03935ce53fa,f65f8519938f5646
8470627d628e55f6,50cd7550bd035db8
fb44fa6567a65ad0,5d64e3a4341857fc
c10ed86969435545,a130a42d7ff15af7
40c9fc73f7275730,6b5e353d48645d46
549af9d2e33d5996,1541a0f69f6c5faa
4e27d27410c85f81,5e5c670e2cc85681
a1ef22ffca3a5993,dccfcfbc50385028
dd71dee142f05d7d,f10558e67c925994
a1adc0fae78f5a3f,05012a6bf44e5a8e
8f273271b9eb537e,095de62095105dd7
fde793c65573590a,4ac035f126e85654
6ce0bfddedef5981,625ec9c63e23545e
42b4245406ee5ab8,007881027ffb5842
12c3a7aea386584b,9610ee1a53bf52d1
6919975cab1c5345,df3682937e0b5373
b9f4efacc7695435,4a05f6dc424752eb
dec31dc25db65e6c,0590062da5d9528c
6832568ebd835696,fe317db26744580f
31ac916bb888562a,f96cf86094525742
8aec77f33ddb5ac8,9ac7b0b1d65958ed
0bd89ca329cd55f9,637d600e70395997
ec78d882433a50ca,59df35a80f055242
b318cf82212f5443,46be403e4d185347
e34d17f003a052f5,d967955f9e925c13
de664d2cb249576d,d9228adfa9565bb4
d4f5976a6d615330,c6bbcb7d11945d35
c093d999a01c5e92,eaec4d66772051c0
701eca801b6f5ba9,20954f49a4e659af
fdd02b27e20c515e,8f3075a6f9be5645
14ee80bbba6b587a,d0f1af434fb45f62
dee481365b265a2d,86a1407133575e46
1b88b298d405518e,94d8174d15ee577a
83c72c93de355a6b,1d6f279c5cf75069
7a6d3719323a5188,305949f36ec257f1
d3322747793a5dda,75898f12a47c59d2
8e785a7a6df95636,4feef5086fd55ecc
4b04d67c77455726,a689b99e606a5437
75c91bd683535274,38ea51c2842e5d18
740f68663d3255e1,34854ee8f8bd53ff
c4cb19209497505a,4ac4540129a65bb0
342953cadb9f57b2,cc2629674c025b88
2ad650691b5d58f0,70d8a9deefa8519c
d8699a1844cc5541,b647914ba05e5377
8ea6783a7b195706,a2bf4a8ae05f5e3c
8792fb68a0b2586a,0c95fff172ae577b
e38aa05b9c8b5e32,f323816f971f557f
ac7bd595b9a3544c,7c287eed95e357e8
e131caa356115811,a867f099c0955439
ae07b0ef14e25e47,9c6228e86874550e
435eadb0f1fe5b49,f0c99d1d7c145d6f
f587b097f5f65db6,cb612539b31055b4
3c26d6bf58555468,3f172b7c252359ff
49ee466685265a80,d83979ac34a35661
9e290b24dff55dff,c31caa082a3652ef
271bd521cc6c50ae,ea0242ae0a0b5a2e
64b35b9f9f84585a,7dc4782566885dec
4ae7296f92115e83,a72be38ba82e59af
2e6dbcea86d555f4,c21bc9f7394153fb
07419a24b8e05171,919b7419871a54f1
90551e9098aa5b12,e39111b8f3c552c8
6b7c5199f84e5aac,36c6892aa9745723
03817943eb905452,757c81e71db35614
d2c77b46ecee58f9,ef33b142fb5f578e
f714eb04f5495273,747480f76c8e5a80
8fe72ff0763b5ba9,3b82094f899f5c8a
7c8cb841bdfd5c56,5ff17314b12455e0
6a9d9f877efb51e3,65105e67546750b3
74b5ee27fa1b5612,a285b47b274456df
23f357c023c2584f,3b63b218eaf2533f
6136d15f12905f36,2290c8cca7205289
18176fbd46ba5000,948f9c0a565c5914
db1f0ea31f525bdb,f5a51095272c58ad
33bfb486ff965e4b,5585692f16365b1c
c9395d7ca7f75410,b78a57f4ed9259e7
dc0c3446973f56b3,e01944adedc6582f
bb6cb09beb1e5e3f,5bebbd8ff2365b72
9c5d0ef404c65196,37cdb1dfcaec56a3
ae97dc76df0952f2,184ea946f7915327
024d89a3e1e752dc,b17b9bd4951e5731
09bf6cc1f6545219,86933fc7dc5854f3
65b16bfce348521f,484dc01db9ee5088
ffac18af5cea540a,6024391e42f55465
70a70a9054d75d9f,56b6bea798115633
2db50cd1c1ea5837,aabaf52300b856c7
17329d8654895534,272b8f7398e6574c
10657b4beeeb5461,3dffed1404b95c14
6cad8c31d4725496,d3f6a2f339ed5569
56c64f7e47b15e0d,5e04c5bbbc625bb1
1ed469afe6545946,af1071bb3ae25748
08226b91e42858de,81996bc559755309
b12f2581dde259f4,19236bdddfe95577
babd01c3694d5e18,e6950819f13e5495
1074509550cc5bf8,551964bcbdfc5682
c0e6ee59f6455107,bcd65de927ce57b9
893455c02e16508b,0179e81d3e205555
95de48bebbb35484,71de96be14e25282
f4d95a784b725915,f8ba28ca74945acd
d66904f908405550,32ff166852ec5c1d
27e100e5fd605194,b55e3410ac795aa7
b42ed6a1fecd5e91,2c5bb558f3175198
7d635921b94555f6,e59c447a2afe5e45
19c4aecbe4b65ef4,e6b2155304575bbb
90e387c7930d56de,bec540067fae5447
f6a5c2b1f50d5afc,0db748a1ab6956e9
5659c2c128ec5db7,24f5746cf506567f
729b53c777da522e,7073b2f9f0de5113
16e645697d7559b3,7e781d24d8825581
f39952caeb2b5014,14372e1d773c5a23
690cbb033f3750c7,c448d5807e525e68
b2f336de7d295a8b,470cb61ea9935741
ecbe3bf1006155c7,840e2015d800530e
280321506e7c5f52,16a9da21d3755767
f73281d701fd56a6,34c7aeecddeb5f97
26c48df074d151c6,78b957df52045394
51e7c560a43d5a25,7923eab046a65a5b
2c337eb368fb54ca,422ebdf1685551a0
6b9ddb691b38551a,c69708d1eaab5a0a
23f10a2b432555b9,2614b026693057eb
d2c9ae71df055417,e1806fb0d2705e93
fc4811f1f2745645,7d603484d71e5b0b
8dac96b2393f5de9,f816f2d019a556c3
61d8eb4fd2395520,7ade0b2de2725c08
e11091e5742d545b,15aba311cb2c596c
4c684da98f405857,d8c98cbe0fe25fe7
ffde3cc525b75021,f171fe5218fa5a3d
9ac86ade68505597,315703ad24495d13
e3ef42c62ba2595b,7334106f7e6950f9
629a5819ea0a55b8,dfb9771720d55428
772a0e9ce5825b3a,8ea8af9ad062563d
7b095ec7e3f95c4a,ca95a83570995691
04f548a98d695310,b510c72549635a2b
475a45837ca75030,960fa0ac0b0f5d58
121b6c8a61d85945,4d16677dccd05aa8
5004df3161065742,b5ce55fce69c5543
308908fd6d9a5631,afe2512625985226
69e0bc4a585d504a,d9a3d904368c5c15
40884b7d89be5e0b,d9a3d904368c5c15
465d43bf893d5e66,86a714f774cc5df4
8676d43a96795310,53e56236ad285f53
29b6c8cc1e055352,89fb6e87a9a654ca
6482eb343a2b5329,420a999fd1e45c1e
119bd713e2db5e25,ff7562ffdfa95a50
153733002b5a5d25,2d3b255027505518
11aef9f936f45518,3ee3b99c478655c7
e52f4dccf26f55a8,5186c2455a005e80
3e77b33549485e34,ac9f458fef245f0a
ab8034dd8873524b,434b634bdf825f0e
3d00fb1cdc87515e,0e153e2b2b2e54af
ee99fbc3e9a25112,8ef14e72d1895c52
994ab680895a55d2,4a9e24bc737d5838
ab845dd1ff3c522d,b40815dafe3555ac
7398c63b60075187,90b3757e5c215f19
9bb9d42a74165cf0,e8ae67747762556d
f80a6f7f4de5564d,8075cd0d1ec15d2e
93a59ff864b45716,ed3b01d7758e53ae
66583dab627951a2,6d7639663fac5f34
bc842040229c5e52,90fe86aaac465e03
30d639fe2d5057e3,8101b5a4faf75d2e
c65cb00fba005ab1,6cc600f1b6e75823
9da553c408fb54ea,8c017295d1c55e59
b7922416f6935fc4,c035a201e0425db3
5cf3fc5bbafd57bf,a30f46b79c615373
1434146a1ab75426,cec82145cee65013
60b3c9715d995c1d,94e54ac10711543f
9324eafb3ef25fdb,2edeffc6b6015102
d5f845d28a5e513f,588cc89deb065111
150bfebecc525d57,bef76e0fdd5c5969
50433807834059b1,3353b7365eb85922
bc692afe313d50ee,d1db26f8f1185312
2f03781e3fd05c28,0bcefee46da250b9
447a983c9fc45077,cba5e5dd1d855b8b
aa7d4f9537495b1f,3efc251f0c5a59fe
cbe2fffee4105dbf,69f8caa65f5b50b5
029585f0509d52b0,cb42c48761635c0a
6f5b0bae72eb5307,3dcc4d0f431158f9
1559a9e324d6519d,e4a7d26fc20b5724
cc54b0f77c84506d,8ee5eab5831659fc
a5851164f3ee5b71,7b98a5852cc75c1a
97eca45f93285d17,9a6a2eddb71e5737
3b53493dfe335ea6,66bac36297e0598d
230f2d1902125696,216f4426149b5115
93bdcee4c814567c,017eb1f5fc375563
4501554f824e59fc,fb4562426bfa5a00
e028780a88805f58,d18dd6344b975b7d
986ebb8642ae5b64,13a794c5dddf5d82
4a66983ed3545869,b604b10e53dc5caf
dfa4c26313d45198,fc9203a624b95fe5
f754138d3e3e5fd5,730d7fc4dc49524d
e77441c822075f1b,8c930566d92e56ec
59db265fc4cf5a41,1481ccca03915ab1
29d982d97d135311,b971052f62165a1d
97fcdcd35af7563b,9b81c0a8e80b5c70
d715fbc6ea0551f8,128456bdbcca5aab
74df9f9decc45b84,33e9cb12d44e544e
61e0ce212ed75a50,fca16c1029365b23
d767dfeed9965477,4cb40194f3a455c5
ed896606c8d658fc,31911ae0bba3509b
aca9ba55e052575b,51ddca8fe4255f34
515fefed28a65a88,940c794bcf865e33
fcdcb2e456bf5360,3bc05c1cb6aa5686
f0b762b8c08b5ff0,f2e29112c9fe5168
30271c81460b556d,c8c7965671b15097
0d74b112df715917,e4c9cb2a501a5e06
d4358e3962b758ce,ee3f10dc8e265621
b1649a41e6155dd2,bd686da767ec51dc
cc2ab80d336a56e0,27a171e02cb953d3
33cef4cafef9503b,19aa9586c72a5f3a
c159f0c331075464,182d324d5ddb5e68
bbc8e4799fe85548,8938bd657efe50c7
0d1800f960bf5d51,ce718c4ad5695142
e429babc45b05f4e,22bed37da0b3550c
f1042fb26da2534a,81ba5c0b515f555e
2335928f0e065bca,29db57ccab405789
63f6c401c24557e1,51cfe9654e005628
02e8fd3cc3c3556f,e5bd837e68855200
b1ce459acfb95179,2422f5823de85821
654f6079561e5cdb,905ed33bab685b2f
038c0a3e665c51d2,19eebba739a859b7
4b6b3a81cc235dbf,bef003198ff25467
00ff8eeb53cc598b,69309b5b3e685b3e
fab1fef0e2dc57cd,90d8539a364b5595
87100d8379c158cc,ecc830bc0fc0579e
5ea36cebd2575b16,b6b012f752ad52ad
efb87bb3ff675f08,c73f77ede18a55bd
24ae3c9d96485b98,fd45861ef984594e
04b80ae53fc5549e,6cb74416a3fe57a0
0045af58281456a0,0a9df86bd4525744
d497c1998ba75bb9,bb4d1b3008c0598c
5e279bb4bb105df9,c95ce95669b05c1a
e7c691d409295501,9686e12ba6e65dac
888913e0978f559b,b5db4c21ece0571c
d96d1690e3c05f36,c3ebe897f89f5216
986b3349c460538b,90d737fd14645dfd
a8dacf347a605f0d,88183ea59c9c5d2c
3f1152860b695e59,a0435051647d508e
8799520f3ff95bfc,bc25f89c5bfd5ed3
bf2c48523de254ea,6780ce06017d509c
1550976459b45017,e527c391386a516f
c4d87486264d508a,6f22e54f3b3b5e2c
69b32d0447ac5c28,f3b2c147b50754ad
c9459a7641335bba,1c17b27be2ce517e
62d4c8dfdef65bc5,0511a134b4e55ab3
be63913f07ee5245,53130ac48eb45caa
a294ae1045875e02,2bcd2884c1b35548
e253ff0b4fd758cc,a4f62582447a509b
49454db3d9ef54a1,86698568002c51ac
f1bd1724d07957cc,4b6b8b2e0aa75682
6b7e5348100b5572,e9d819f13816524a
795b989aef8a5b42,80671ce5f48e5aff
07b814bfc2fb565d,46fb8b1718905b80
38dd6b1bb76e5301,807e359e0a2355a9
e7c485c237b352cd,398dea0ebddf5f00
3afbbcf248dc5405,ce19eadb860755da
b868adf3ec2e56a5,b01f93c092b75cbf
0a649534cf715ba2,14a0212514775623
4ccdd6c153335a2b,07584769c313598e
825663ce94fe5df1,ce7a04a700895324
b54d370ffcf653ed,7cbe61b2c80358e7
2957826433915ff9,53303cd7fccf5fa1
ff137d1eea555686,cf4ef16ccc035104
4379fb75ac085d26,228ea8718b2954cc
9fb619b502495ffc,550597914c98595d
7fc551e4e0375d00,e51722b82ef85520
18c781197c445d64,a9ec6e3b607659e5
6b521512edb15e2f,527bd92d448c536a
ac6b7fc70fc25a1a,5c7b201ac57d5d56
94ec2c53ddbc5dae,ee2551f728305314
4fd76f9d056d5fb3,a46ca9b584255256
61d114c5cfb25663,79b9966ad538505f
bd76dffbe3065854,2185139dc87558d6
7c6e9037e7dd5e8c,7132feaf069a5575
7a8c81a7cd1256e0,d8fdbf7b51b95d11
7fd8acb62ee556d0,675b6d4d308e5807
4fd76c8d85845816,a2209ec9cffe5a40
fbe5169b7fc85137,57277bdbba6a549c
9ed1a37904015782,e756158ea54b5ae2
d70f77951917593a,cf7beda6faab512b
7bea1ee3e6bc584d,ec08e2333c1e5ed3
7d664c7260d45737,d1005b8b31c156af
6162cfa976a1521f,8d2fab34830157d1
114a946faf305345,225dd89a5e8459f3
ee8a391c71ab5f5f,5805a73e07a75d84
ae145d614988581c,2bab77f6f3075436
ef7089ecfb0c5028,99ff40fb6aa8579f
8ce2cf49a1955788,f5ce76c0d70d5ba0
099ff4835ee45eb6,e12142d7c3ed5b28
8569121235665be9,9c51ce0d1a6952bf
6fe1f4f8dbcd57b5,b96e845652d85df1
bc2532765f5a5262,35fd58844d0154d7
7aaa5ff3f0d255ef,17e9ab2e7a1f576d
c1e612a123d059d7,03b014cc7a3751e5
642a177df62954ad,936abde6d36d599f
e149babe2348549e,743bd9fde7a75f64
deb63152bd9453e0,5308561cec6f565a
63266bfd8e1f5f15,7c56367f5b9b55a0
e6bf9ed756f95544,cba3f8716c035822
f8b4b55200585f2b,c31c068e35e055ff
02328c7410405c5a,4eb28a5f89765e18
7f92403d0c6e5b5d,bf9bd10cf9eb5994
ecf10edba55e5595,2767d7a935135964
45e6bebee4305fb6,79ea06f056d856be
6618e0dc30c95169,268e0c55dbeb5c84
7f2934ac111854f5,280c92db918b5255
9695a17335715894,7df2d1de9696550c
36077daf1cda5d05,a56fd0688dcf5489
456ef599efa85659,c112bdd60e6e5968
fb643a2514195bfa,e023879e25fd5106
143420292ce554f6,a3c5e38625e452b2
3968f1bc11085a70,7f1c6d3c02e9523e
15715849d362599e,8e8db4ff99565f06
14d36ea6b2d858a0,1d63e99595835bc1
2125a58a235f5e11,e66fa1895b21553d
f6c6b09c85e357ee,4e028f2295615325
38afc409029551e0,325f3c4a281b5e17
397c45f99a265c17,ef6dcbd9e7865a2d
625a015c1f7c5170,8a6692d2096d558a
48b6d9fdf22d5a23,ae9925274e485c94
4abad0cd5fee5f43,9d82d608a3675f2c
0f1d91e077d05381,a728fcf5aa9859e2
7e9101f6d01a53e0,d85a10aa14be5e95
81b89c24f6a5579f,2f28cca4fab85f3a
4a25aaca58b85ea5,664a7fc9122b5f69
ebd299a3953a50ad,814209e9ec735245
a0b9c3ee286454cb,2bfc3be5bf7b5d48
e6095ad750805bff,c598a8133caa533e
aef33fdade585ab3,499e5798b91f5c88
4e39c50ddb075303,47d9445ad08252c7
a4bc6340456351af,11d046b5642f5fa2
2cd54836815b5fb0,a5eaaa30af06517a
3d6cbc2a95885eef,898e5d8d174659c6
f94a9ce36b8e5516,aff63289a0465a31
f34d9948bdc257ab,40de4c9983f15a7a
c840eac7d70e5877,fd7721a9d5b75078
00185dab0ba153b9,93284c94998651a6
ad0701a39edd5c5a,d0658a82cc01578f
b8d114f0304d5f87,d3249a0192645ec7
5a2719c85ee9570c,b0dc7a20f6c75ad7
0f536eebc58d5ff4,30ecb33052e65cfd
0da1e53d70565ba4,5e5d7ff8e8025897
fe8efa6c8dc4573e,ae7f2528a42450e4
baf1301534ea54d6,fcf60a77e4435886
6477d5ad590955ba,6ad6645879ca587a
00f49d71f0eb507b,480699c576a85f88
d88fdf29aeed58f5,304410676a4f5087
471869e791085ef6,a3a13a44bc3d57cc
2f4117000a605404,679dabaec50a5a69
80dea9d7cb445906,31e5d18e936b5685
23ad4e776c025531,b7b9e5c0dc1f5f94
017e89f6f6a85d79,0bdb1adf0c395d03
a5c89cf130d858a4,28f85207bcf75250
d983f3c9756357b2,5e62d03813315ed1
92ebb72e83325bb1,b6222d44816b52bc
0acd819b9eae51f7,be6c76294ddd5839
fb43d35afc375bb2,56fd6ef189eb567d
c9c4bcd94e755b0f,06091d727eef540c
f1b71a95642b5da2,df16e8921a035e1a
685911b9ba8b554f,a3d56480262e5c0c
db98c374c7e65602,a146b79b9ee25f54
611bde5a2b585c9d,ba958042bbde54f5
1a66019703c45296,f69d05e774fa5ee6
b5754d53017b5d49,688504adc1325938
e024d36bdd205a12,002d6eec20c1541e
c04b59204ebe55f9,f00b5ceebb4d54e2
dac84d4f931e54ab,b753c20ca23750d9
28f3ee6207ae50d6,c432c77c846e5784
c4a50f520ab75da6,8a80c7797b1e5d28
dadda73214d15baf,459f51ce5b11578b
7bbacd116bd75f85,5fe8051f645d581c
fd9dc4abc0d357a1,3e2377bf1b34555f
4db50b60ca1f57f1,5749e1c7319f5703
15bc35249e5656b6,12c437de67835e8e
fad0701870e750a5,87b44675fc185369
91c479d90ccb521a,1065460e0a3e5064
239705f6ca945846,8f6ebe0f9a725f6a
98042465f30c589d,64979410e69b584a
ff412420037b524a,77871cf435985733
5795e118157f528f,55ba3072525e5d26
0ffe6d569128598a,93f38de579905baf
c768a604b14e5956,186461eb7a0d56ec
eab63019e1825aea,f65f8519938f5646
b5c2d13e8d5c517a,50cd7550bd035db8
0166f867762a56e1,5d64e3a4341857fc
59ced21f109a5320,a130a42d7ff15af7
37102588c8ac59ef,6b5e353d48645d46
f1f69cb418a05b54,1541a0f69f6c5faa
a164681774715cea,5e5c670e2cc85681
5fadffd02da256e5,f0b50c7ff23d56cd
36a229f658875a2e,f10558e67c925994
4cac9f6cd85a5b47,9372fd5a1d77555c
6929a902435e56b0,095de62095105dd7
020ba7462c6f52b3,4ac035f126e85654
991f13bf4e7f590e,625ec9c63e23545e
4c46222756735317,007881027ffb5842
f252e2d96f805926,9610ee1a53bf52d1
0ae4ce0255695d31,df3682937e0b5373
f597ea9aeb7f512d,4a05f6dc424752eb
cfaa12a747e45fb4,0590062da5d9528c
f3282fb9352c5c9c,fe317db26744580f
645f5f6b94345fc3,f96cf86094525742
b958e6967993560f,9ac7b0b1d65958ed
6350e3b4ec0a59dc,e8c4aeb112235700
c9628d0526bb58c5,59df35a80f055242
451b114eef365ee0,46be403e4d185347
396c599d06e65f68,d967955f9e925c13
2556a5c923c95128,2a55e97aca8055c3
ec75cc0ff5825fb9,8315145850fa5d29
b541b6d67bad546d,eaec4d66772051c0
2150cda2905d51ca,20954f49a4e659af
74ea43025c935b2e,8f3075a6f9be5645
910198c6086a5a34,d0f1af434fb45f62
352fabb819b95d6c,86a1407133575e46
8f5b6181d28e5d4a,94d8174d15ee577a
9a6489254d5f5577,1d6f279c5cf75069
695cc61845975896,305949f36ec257f1
28c74da2ea1d5629,75898f12a47c59d2
b8554777b68750e7,4feef5086fd55ecc
fdee882945885aa7,a689b99e606a5437
2751f9eb641455c9,38ea51c2842e5d18
4c111cf640f258b4,34854ee8f8bd53ff
116a7c91c85d5b5d,4ac4540129a65bb0
324b5f24fb0c5f3f,cc2629674c025b88
8d86cfd038145f2a,70d8a9deefa8519c
330fe55520e351fb,b647914ba05e5377
85a89a122095548d,a2bf4a8ae05f5e3c
0d1b753fd19f55cb,25b4f0a988fd59bc
4a4316b978495bba,f323816f971f557f
75f5cc1f425c501d,7c287eed95e357e8
dbbe5d5671495f13,d2ea085bed8758ee
210e056a17d1522d,9c6228e86874550e
91ae20bf459859fe,f0c99d1d7c145d6f
534431abbbd75d4f,cb612539b31055b4
a46bfe77eed85821,3f172b7c252359ff
7c7e92d50f92564b,d83979ac34a35661
943cbb2398a150b4,2b23297329b75f50
aabb4c5a82d65945,ea0242ae0a0b5a2e
214abdb588465704,7dc4782566885dec
96eed7e55d4c5f8b,a72be38ba82e59af
7f86145a2a8a514b,c21bc9f7394153fb
9d02128f653455a3,919b7419871a54f1
771b7e7196585f07,f4af6b9e9a0c5d96
530df64bb4b5533f,36c6892aa9745723
d318551a8ce150e5,757c81e71db35614
4bc122716deb519f,ef33b142fb5f578e
699a6c3e2fc4597e,747480f76c8e5a80
6919cfa3396a52ff,3b82094f899f5c8a
b0fe3222f2905745,5ff17314b12455e0
189e9c0a20085a38,65105e67546750b3
3f11b8c2347f5714,a285b47b274456df
4db7ecab510656e1,43b69989b07359ae
70becaf36f845b1d,0e0d7870b23c552e
01c4dab17c975e13,948f9c0a565c5914
ec60244b07ad5466,f5a51095272c58ad
e4d88f52d2b45609,5585692f16365b1c
15454d7562d45fe6,cd092cb34d915ce5
58e19769184c5f43,e01944adedc6582f
5ca8a2941e3f56c2,5bebbd8ff2365b72
6c84b52f0d155cac,37cdb1dfcaec56a3
582a4716d1bd55bc,184ea946f7915327
ea60e66a13335f6e,b17b9bd4951e5731
6648a1c53b8c5994,e84c2fde833d5102
0ac560549a495626,484dc01db9ee5088
fdb658e4941855a3,6024391e42f55465
e9c2b75226b85cfe,56b6bea798115633
8e9c1bb8232c5a14,aabaf52300b856c7
a2047f9cb3865b75,272b8f7398e6574c
ab4015c25a66588a,3dffed1404b95c14
9b9aa93df6b15de7,d3f6a2f339ed5569
c69051fe82a95f3c,5e04c5bbbc625bb1
564b7ca4f210501e,af1071bb3ae25748
e5ab81a4896751e3,81996bc559755309
4ed6b1b83e0c5bbe,19236bdddfe95577
b1861baea30d54ef,e6950819f13e5495
f5a9eba40a9055f3,551964bcbdfc5682
c423fa3a18fa5187,bcd65de927ce57b9
f860a73be2cd5fe5,0179e81d3e205555
0c4bafb20cea5e44,71de96be14e25282
e55bd804e572502a,f8ba28ca74945acd
af4a7d40819b5870,32ff166852ec5c1d
d1dcd412f339598a,b55e3410ac795aa7
9e991901a49a55ea,2c5bb558f3175198
42d1bc19fbc35965,e59c447a2afe5e45
155c42ad43525252,e6b2155304575bbb
c1f712e1aed35216,bec540067fae5447
b431359c21975fe6,0db748a1ab6956e9
5abd4abd73db5739,24f5746cf506567f
1faa10d7c34553d2,7073b2f9f0de5113
1e80afcdb0b65cc4,7e781d24d8825581
7bb27993dd475c3d,14372e1d773c5a23
7e8b3ed18d295d9c,c448d5807e525e68
14d53f85ccc65f23,470cb61ea9935741
bf1370df23cf5118,840e2015d800530e
3a4b7b872e3452ac,16a9da21d3755767
ec90dfde532d5633,34c7aeecddeb5f97
cd1234d5b4b2570d,78b957df52045394
b7e9b4a46b9a5533,7923eab046a65a5b
fb3e4b836ab758db,422ebdf1685551a0
c0be0cb86f2c5cf1,c69708d1eaab5a0a
c2a01dd3d1d45258,2614b026693057eb
aaf9003e92855b6c,e1806fb0d2705e93
4a7156af749e54fc,7d603484d71e5b0b
46adda2ea05a50a4,f816f2d019a556c3
54229e2cb94b5adb,7ade0b2de2725c08
f6c528f78bdf593c,15aba311cb2c596c
8b1193abd0b75de0,d8c98cbe0fe25fe7
d8faa48b75625ac0,f171fe5218fa5a3d
4f61422adb195d3c,dc71409882185123
da924c882e6e52d0,7334106f7e6950f9
30b35ae958ee5bae,dfb9771720d55428
365c2516e26f5502,8ea8af9ad062563d
f35e97504024530b,ca95a83570995691
cba63a3ef5bc51b3,b510c72549635a2b
dc952092ef6a5243,960fa0ac0b0f5d58
956e3aa8415b5712,4d16677dccd05aa8
4257350828cf5e87,b5ce55fce69c5543
ef97c6e9f11b59a7,afe2512625985226
3bb527d97cee5163,d9a3d904368c5c15
67eac979dc2b5c12,d9a3d904368c5c15
7346e23546d15b29,86a714f774cc5df4
c36c131b21f65a13,53e56236ad285f53
239e3ed3199d5ae6,89fb6e87a9a654ca
2a3a3e232e86560b,420a999fd1e45c1e
684ff3674eeb54ea,ff7562ffdfa95a50
9b95066419ea5427,2d3b255027505518
be851166b6665891,3ee3b99c478655c7
92729339932751f6,5186c2455a005e80
8a5809217c605979,ac9f458fef245f0a
83b935eff1815935,434b634bdf825f0e
2d7bc87644e85744,0e153e2b2b2e54af
749a9bb4860f5cc1,8ef14e72d1895c52
6121050efd515252,4a9e24bc737d5838
11c5f66a6657545d,b40815dafe3555ac
1a243b05959f5787,90b3757e5c215f19
40d43586b1195366,de556fe8f1a755f5
ab66df989bcc56aa,8075cd0d1ec15d2e
54fbe498c745542e,ed3b01d7758e53ae
63980d0b4c9352c4,6d7639663fac5f34
ceea7304846852b9,e175fd6abd0e51f6
afbde7335ad05055,8101b5a4faf75d2e
cd78333fa2c45328,6cc600f1b6e75823
25aab48e050659be,8c017295d1c55e59
651f88b4c46e50a2,91d158db1c62538b
ad2ceb40a046543c,a30f46b79c615373
790e0f5c7fce5627,cec82145cee65013
0393e11b085a5cc2,94e54ac10711543f
03f248caa9c35a98,2edeffc6b6015102
b8104b69b2d9509b,588cc89deb065111
1508ee5a37ef5588,bef76e0fdd5c5969
089e8e85fb9b5f6c,3353b7365eb85922
2073f76964735ff7,d1db26f8f1185312
aa072830a2d15d9f,0bcefee46da250b9
490f13844af5590d,cba5e5dd1d855b8b
e55fc5c3ee36528b,3efc251f0c5a59fe
9f5172e4a2cb5304,69f8caa65f5b50b5
303e7dd5717f54cd,cb42c48761635c0a
b7bd6325ead95dd8,3dcc4d0f431158f9
21b98219003453af,e4a7d26fc20b5724
7caa2336614b5ad3,8ee5eab5831659fc
632a1b53a6875b22,7b98a5852cc75c1a
b09d0393d8095685,9a6a2eddb71e5737
dd2d7e23754e58d3,66bac36297e0598d
81e0cc64152b5264,216f4426149b5115
a810e698e69e5e70,017eb1f5fc375563
40280e58e4d45fde,fb4562426bfa5a00
2e54d786ec095896,6cac8ec9a01e5ddf
1bea55e75a9b593b,13a794c5dddf5d82
33c84d1650d45e15,b604b10e53dc5caf
a7b8ffecd36e5dbc,fc9203a624b95fe5
eda5fa80573953b8,730d7fc4dc49524d
43c65ce08ad6564e,8c930566d92e56ec
a51fda3f10da5432,1481ccca03915ab1
9c1e8e69c7cd537b,b971052f62165a1d
61232ab3e2085282,9b81c0a8e80b5c70
4a919f7ea2f65200,128456bdbcca5aab
644b16fd65f956b8,33e9cb12d44e544e
9933a1df50ff5919,fca16c1029365b23
f9c41d66eb3c5d86,4cb40194f3a455c5
839206ee819e582f,31911ae0bba3509b
14b25ce243865457,51ddca8fe4255f34
a5ddad9bbb505316,940c794bcf865e33
b86df9a9f50e525a,3bc05c1cb6aa5686
1a2027db44a350ff,f2e29112c9fe5168
e92a637d847e516c,c8c7965671b15097
667afe1f010351c5,e4c9cb2a501a5e06
b8deacee10515f02,ee3f10dc8e265621
f5f173ece87c5c11,bd686da767ec51dc
52ab5e0a4e075cad,27a171e02cb953d3
ae2c1faedb3356f9,19aa9586c72a5f3a
cbd04a396e145288,182d324d5ddb5e68
016d8cf09d875f57,8938bd657efe50c7
608913faecb959b4,ce718c4ad5695142
30d3af9350045c29,22bed37da0b3550c
62a97d527fd45916,81ba5c0b515f555e
0a6906b694b65108,29db57ccab405789
86e62e65d9095907,51cfe9654e005628
a73467a2eede50e9,e5bd837e68855200
38736da1e9dc51c8,2422f5823de85821
7c2df54ec2df5a6e,905ed33bab685b2f
e0865304e2b95eaa,19eebba739a859b7
805158120d1c552e,bef003198ff25467
2807cd605f1156da,69309b5b3e685b3e
6e0bd197608f5bc5,90d8539a364b5595
92e3a80a8f775ce2,a56619ddd5de58dc
5e4dd8c91b8453bf,b6b012f752ad52ad
2bc38f766c8851fa,c73f77ede18a55bd
1ca75f05f31d51cc,fd45861ef984594e
3ca2e3e846e75813,280c61e673b15fb9
4763f30d505c5ea6,0a9df86bd4525744
19f8a93df08452b5,bb4d1b3008c0598c
8c9e3fd944c051e3,9f3c3694cd9659c2
c0f364f8ed645542,9686e12ba6e65dac
a566f9d36b5d5921,b5db4c21ece0571c
99213b077bdf516b,5a1a7b9ce7235045
a77872c55f1b52a1,90d737fd14645dfd
4c24c3efe0e4519d,88183ea59c9c5d2c
572e6c81e32958f2,76de45adc2d256c5
1c64f911576a502d,bc25f89c5bfd5ed3
88454b0190ff551f,6780ce06017d509c
c844ccab55295a05,e527c391386a516f
bdad96248e575296,6f22e54f3b3b5e2c
84a6ca68a66e536a,f3b2c147b50754ad
f69367f756605199,1c17b27be2ce517e
f28cb1d6c0cf568f,0511a134b4e55ab3
8043aa566aa45878,53130ac48eb45caa
d4d21ecb8e4058e8,54c2ec244e9e512a
45d77984273c5205,a4f62582447a509b
21fb4d702ea85f63,86698568002c51ac
c41d82a41da35d8d,4b6b8b2e0aa75682
54bf100910bc5b10,e9d819f13816524a
785b0e9d5d505db4,80671ce5f48e5aff
90dbd48d165958cc,46fb8b1718905b80
e3b8bfc261ac5969,807e359e0a2355a9
0b3d3edbc52d5ddd,398dea0ebddf5f00
04daf401ec185f96,ce19eadb860755da
79e582695923514a,b01f93c092b75cbf
e89a30bba6345ada,14a0212514775623
8bb0f6034d505f75,07584769c313598e
ae33fa122ac45a10,ce7a04a700895324
b662afef6f935725,7cbe61b2c80358e7
f4eec162c14e5bfa,cd3a6a42a5cc529e
7f93aad83fb15871,3f395e79520a55d0
6dd8c9210247547d,cacc661d8bdc5235
78e6dbb9ee735559,550597914c98595d
1baf6c7677a95a6a,973e0ca36fdf5436
b6eb541d3faf53f2,527bd92d448c536a
e530e78499a75539,5c7b201ac57d5d56
d165c65009785ef9,ee2551f728305314
21000f5c15845bf4,a46ca9b584255256
bf68c079985650d9,79b9966ad538505f
1cbccb79dbe058a6,2185139dc87558d6
f01fa850d0455e68,7132feaf069a5575
7a91cd530cac57fc,d8fdbf7b51b95d11
13ba9275e341525b,25fdbd854d3359bc
bd7154fc2b1f548b,a2209ec9cffe5a40
61138bee69015264,57277bdbba6a549c
4f08dd3299925309,e756158ea54b5ae2
0f23b65ea5a6556e,cf7beda6faab512b
1ce148cba6f35d51,ec08e2333c1e5ed3
16a1dfd2dcae512b,d1005b8b31c156af
06836a56443a572c,8d2fab34830157d1
a8da6565d00e514a,225dd89a5e8459f3
4e09d6c847dc5d3e,5805a73e07a75d84
5aafc350fc705533,2bab77f6f3075436
5feede5c5a3c5116,99ff40fb6aa8579f
50b72b9404da516c,f5ce76c0d70d5ba0
137f854539c45fe1,e12142d7c3ed5b28
4b98bb0bbbc75b1f,9c51ce0d1a6952bf
5d003b19e1a25253,b96e845652d85df1
7f3a478c21ce55f9,35fd58844d0154d7
ca8a417f32d859ba,17e9ab2e7a1f576d
281798a7d40559bb,03b014cc7a3751e5
4a1f69f3821e5ac5,936abde6d36d599f
46c94b5d7c89561c,743bd9fde7a75f64
c766d336f81858c5,dd14462a927553e3
6507522e38405857,7c56367f5b9b55a0
a9454c63755c549d,cba3f8716c035822
777cf50be27a5d4b,c93540a87d305c06
dfe53c7f74e5554c,4eb28a5f89765e18
abf403b697c457ad,bf9bd10cf9eb5994
33cdc99603ed57b9,2767d7a935135964
55ba1ce72f1b5160,79ea06f056d856be
d93832e29afa5f8b,268e0c55dbeb5c84
a8a34f54618050f6,280c92db918b5255
bb57439423df56c7,7df2d1de9696550c
991972800a895109,a56fd0688dcf5489
7c75567759e15900,c112bdd60e6e5968
c79b2a28285f5e11,4c7a22bc1dcc5b23
6b8554204c935ab0,a3c5e38625e452b2
21146ac996365854,7f1c6d3c02e9523e
e83a3108893753f0,8e8db4ff99565f06
5be85314d55654f1,1d63e99595835bc1
3d580ffc3de95e49,e66fa1895b21553d
7964bed69f7e597e,4e028f2295615325
dd4e7db697465be3,325f3c4a281b5e17
8c731225bf685391,ef6dcbd9e7865a2d
e97ba617b7c059a7,8a6692d2096d558a
4dad8cf0704c5c43,ae9925274e485c94
0ca7781c66ea5fc9,9d82d608a3675f2c
cb52442dd7165211,a728fcf5aa9859e2
8390620a5e745bfa,d85a10aa14be5e95
1a5351601d8f52da,2f28cca4fab85f3a
b669576d14655afc,664a7fc9122b5f69
d83c3b7416f3577e,2ecf5df8c2da54dc
cb84621ac42a5df2,2bfc3be5bf7b5d48
8317ed430d8e50c3,c8017815d2885a36
cdeb1bce85c45cb2,499e5798b91f5c88
7ccf4b40faff5ac4,47d9445ad08252c7
315673fa4e595935,11d046b5642f5fa2
46cd5885206b5c6d,a5eaaa30af06517a
4e12d62c42575ac3,898e5d8d174659c6
36f71d88df925b39,aff63289a0465a31
25b846255c715c69,40de4c9983f15a7a
f2695c7680505b79,fd7721a9d5b75078
9d7ec713a2fb5e44,93284c94998651a6
47e005481cf0579d,d0658a82cc01578f
deff279b0c815e5a,d3249a0192645ec7
e2ae96f479935b31,b0dc7a20f6c75ad7
8d068ed41e335268,70b074ba2b0d5c09
5593db2f64115fbf,5e5d7ff8e8025897
3486294123695bed,ae7f2528a42450e4
f3b3336807f8590b,fcf60a77e4435886
54c95aa7df955414,6e6acc4b3e075ae9
ff14af5a86c55674,480699c576a85f88
2696e377ac3e579b,304410676a4f5087
c038901b4a0259ab,a3a13a44bc3d57cc
264a59ce900b5405,679dabaec50a5a69
3daa044b17795a85,31e5d18e936b5685
0c6772102cc550ef,b7b9e5c0dc1f5f94
3e1c321be4295fc7,f3abc44ca7c758ea
4b4c7883539d5eb9,28f85207bcf75250
d7d57d8fb3b6589a,5e62d03813315ed1
18649e595e7b51ab,b6222d44816b52bc
66129006472354e7,be6c76294ddd5839
f820630d5f0a50ed,56fd6ef189eb567d
ed9a6ef4e38b58ec,06091d727eef540c
bd35995b3dcb53e8,df16e8921a035e1a
4cbe138f73975e82,a3d56480262e5c0c
cb22383a26cf594e,a146b79b9ee25f54
371d154a89425165,ba958042bbde54f5
4509bc830bbc5fbd,f69d05e774fa5ee6
9dff2b84ff305fff,688504adc1325938
32a409f974555830,002d6eec20c1541e
d24604c7af87524f,f00b5ceebb4d54e2
65f236a74a3d53a4,b753c20ca23750d9
8b53a14edf305638,c432c77c846e5784
3de31c78c86c52b7,8a80c7797b1e5d28
a7eeec2ad80b58a1,459f51ce5b11578b
d24a3d77682d55b6,5fe8051f645d581c
831e535bf528567d,3e2377bf1b34555f
9d9aced6d8da5f28,5749e1c7319f5703
184f5d3c75275c6e,12c437de67835e8e
4434242a192c58b4,87b44675fc185369
9ca9d2ce60a35d66,1065460e0a3e5064
400a99ae89275e4d,1132698b1acc511d
a8d02b285a5451a0,64979410e69b584a
b658c12176c05fc5,77871cf435985733
a4f91ed474295f00,55ba3072525e5d26
5cb9850a89b6578e,93f38de579905baf
b48c29fc1bd15ca0,186461eb7a0d56ec
32e457e686675618,f65f8519938f5646
51ab6f367130574d,50cd7550bd035db8
0ee0eabadd125c7b,5d64e3a4341857fc
2595e56a8af75a60,a130a42d7ff15af7
c9374cc3f2d45d75,6b5e353d48645d46
9aadb4c8a77d5849,1541a0f69f6c5faa
62e7b4eb1cc954ad,5e5c670e2cc85681
efca142f8d93518b,f0b50c7ff23d56cd
5325126716b45ac4,f10558e67c925994
18dd0b3ef6b75b70,9372fd5a1d77555c
359651aff6c55fc3,095de62095105dd7
f642f93db71f5dfb,4ac035f126e85654
b387a02b67e45a4b,625ec9c63e23545e
9838aa01c0de5dc8,007881027ffb5842
36419e8c59275f61,9610ee1a53bf52d1
fe4bac0ae9bc5639,df3682937e0b5373
9464277f29025ad8,4a05f6dc424752eb
0c91824ce1e65b6e,0590062da5d9528c
9b7be67193ae5772,fe317db26744580f
25d56d0a299a50fb,f96cf86094525742
1c064ec24fa15900,9ac7b0b1d65958ed
dd951db716735c82,e8c4aeb112235700
e443a0e9bbc75c69,59df35a80f055242
98107116251650a6,46be403e4d185347
9eb02188c5505fe1,d967955f9e925c13
53ed75baf8ef5022,2a55e97aca8055c3
f4aca518cfa05850,8315145850fa5d29
29d3fc42d08d57d2,eaec4d66772051c0
4afad5f528f45dfe,20954f49a4e659af
ac04f9fd4233550c,8f3075a6f9be5645
f033f87821135704,d0f1af434fb45f62
9a1a2dd68d9f5b10,86a1407133575e46
c28c7b29e80059d2,94d8174d15ee577a
610271d0c1515c8c,1d6f279c5cf75069
5691c7c24fdd5e16,305949f36ec257f1
e22fe7366ecd5c70,bea81cb39df25723
197f39226d0856ce,4feef5086fd55ecc
1b5521472b795718,a689b99e606a5437
da6bafca1d9f5b58,38ea51c2842e5d18
cdb932bd30715a52,34854ee8f8bd53ff
0185fc1c73c759a7,4ac4540129a65bb0
74abadad5fd65d44,cc2629674c025b88
33a4b3a5822e52db,70d8a9deefa8519c
f19d96f947fa52d9,b647914ba05e5377
70e6f01ee485510a,a2bf4a8ae05f5e3c
fe0a6bd36c395735,25b4f0a988fd59bc
c11764f655de59fd,f323816f971f557f
8ff50d5fa36956fa,7c287eed95e357e8
9c0cc184e0895e70,d2ea085bed8758ee
e57f09cee57d5ee1,9c6228e86874550e
e96f254899095cf1,f0c99d1d7c145d6f
3e5bb75bed1d58ad,cb612539b31055b4
f3493d3b23cd55c2,3f172b7c252359ff
6659724ab0a8566c,626a406f95d157d6
e966ed2a366b5bcb,2b23297329b75f50
c9e050ae7be45001,ea0242ae0a0b5a2e
c66aeafedcbd5140,7dc4782566885dec
0f186e17ed445c5a,a72be38ba82e59af
cecf3adea347569b,0d595547983a5560
411af42484ea5bb5,919b7419871a54f1
6d72ae3e84185e81,f4af6b9e9a0c5d96
18973046d1215390,36c6892aa9745723
614cdeb09cc25923,757c81e71db35614
e67e31370c185b83,ef33b142fb5f578e
661d0a5bf2735f03,747480f76c8e5a80
ea8e1b52032857e1,3b82094f899f5c8a
cfb9e8d047515e4c,345f9808b7ac539a
e7ae612e880e5d5f,65105e67546750b3
3d20913330f152ee,a285b47b274456df
deb16bb9771a582a,43b69989b07359ae
6498149e85ef5b8d,0e0d7870b23c552e
ada62613f2ce5a33,cfac2b2027785e03
39fd7cb73aa259db,f5a51095272c58ad
43c8e05e697f5abe,5585692f16365b1c
bd377bbe5b695df0,cd092cb34d915ce5
12d426c6727d507a,04a5f539baae5209
58b6adc2f0495506,5bebbd8ff2365b72
b63793ec1e0350e6,37cdb1dfcaec56a3
520f3dc854275784,cc7ccbe473385e5e
668835640c6057e0,b17b9bd4951e5731
9c3e55179e8b57b9,e84c2fde833d5102
f9d772498ab656d6,484dc01db9ee5088
eccba8e0ad6651c3,6024391e42f55465
17a015f4ef9b56d0,56b6bea798115633
f9b16eaee3b956a3,aabaf52300b856c7
005f87dd980253a5,272b8f7398e6574c
71031bf46f1b5cb8,3dffed1404b95c14
baeb667505f850af,d3f6a2f339ed5569
0573408e3cfb5130,5e04c5bbbc625bb1
a61948a5dada537e,af1071bb3ae25748
9f4c04b7214b52a8,81996bc559755309
2efcd18376fb51b7,19236bdddfe95577
1cf4270132e35206,e6950819f13e5495
fd11a0fc35cb52e4,551964bcbdfc5682
563aa14962ba55f4,bcd65de927ce57b9
5883b0e7c7215e80,af40ef238474573c
0436604d25145231,e9d24e1f842b54b3
613770d7f39051be,f8ba28ca74945acd
b9182baaae3b5ab2,32ff166852ec5c1d
0a8ba5b315e555ab,b55e3410ac795aa7
198bc5f3280e52cd,2c5bb558f3175198
381a23cb547c53fd,e59c447a2afe5e45
25c3b9fa44c058a6,e6b2155304575bbb
8e2fece463df5dcb,bec540067fae5447
6a6362156db75390,765f5421c6695906
f9f4354a1d12565d,24f5746cf506567f
639c2678cce95d68,7073b2f9f0de5113
202d3d3e3b9356a3,7e781d24d8825581
824944b52b98552b,14372e1d773c5a23
597fd00be3675d16,c448d5807e525e68
bcd38d9246695d74,470cb61ea9935741
1e92a7ac3d645cdd,840e2015d800530e
cf34e1f8d98f56ee,16a9da21d3755767
9bd57127fa3b5d8d,34c7aeecddeb5f97
8b54e86cb8b05114,78b957df52045394
b4f05c1e42ea5aec,7923eab046a65a5b
29647b1293bf52b0,422ebdf1685551a0
89ab22734ce45927,c69708d1eaab5a0a
742ac4ddb9d7557d,2614b026693057eb
9ee3c3a666d35a5c,45bb3cd5334f5df9
fd525d3c25b15c97,7d603484d71e5b0b
bc23c66181b15e25,f816f2d019a556c3
20c16675ba295725,7ade0b2de2725c08
53834451cfa75fd0,15aba311cb2c596c
7022b42a3743507a,d8c98cbe0fe25fe7
134c369c82f05262,f171fe5218fa5a3d
4e8e687d6fd55093,dc71409882185123
b0325428be095810,8e83f748074f55b5
9ce9ec5a49b1568d,dfb9771720d55428
8199bcc7c60a521c,8ea8af9ad062563d
22e43e5928b95b7a,ca95a83570995691
a523d2a173855e96,b510c72549635a2b
5a06f03022ec5b67,960fa0ac0b0f5d58
e0a1d14a2cea5d4a,faadf0b8b0da5c3b
9389ef5de0935e29,7314ad499f24559a
5056ce4462ad5960,afe2512625985226
48d1f3140a8c5487,d9a3d904368c5c15
bf1184622f355af4,8b8eb362c7c859b3
6363aa6d3d715e03,86a714f774cc5df4
19f93eaa916d5528,53e56236ad285f53
bd6d465e3fe95e7c,89fb6e87a9a654ca
ab1adeaf66035b88,420a999fd1e45c1e
a2737c768a335e27,ff7562ffdfa95a50
655917ea5da455c8,2d3b255027505518
869ee63671f65126,3ee3b99c478655c7
a5cde0f1dace5561,5186c2455a005e80
bb73caa6692856bf,ac9f458fef245f0a
29770ed8cd49511e,434b634bdf825f0e
0bd98f90f42350a3,f8855026a1f95d21
e87f90ab04a25be9,8ef14e72d1895c52
dadc8dc029e15f0f,4a9e24bc737d5838
a89c8c3249975dc9,b40815dafe3555ac
cea4eb2a60da5354,90b3757e5c215f19
b46f5915049e52a5,de556fe8f1a755f5
f5f7d39ffe625dda,8075cd0d1ec15d2e
b17da95d765b51c4,ed3b01d7758e53ae
a2c2e046132e5596,6d7639663fac5f34
3cf11c2988d25d2b,e175fd6abd0e51f6
999785384adc5afe,a067622492ca522d
840f4e28181e53d9,6cc600f1b6e75823
34cc387cf0335f28,8c017295d1c55e59
d4f989ee320e52e9,91d158db1c62538b
3cc3ea967df55cf0,a30f46b79c615373
18e40fd61be753b9,cec82145cee65013
57e7565904e05728,94e54ac10711543f
6c9959c7421b59a0,2edeffc6b6015102
a6e08764c0245823,588cc89deb065111
9b5c31b36c5b5aa9,bef76e0fdd5c5969
52bc37cb7789510b,3353b7365eb85922
c9f8032d2d725257,d1db26f8f1185312
1ea920764abe5dcb,0bcefee46da250b9
afe3f2650ff85a95,cba5e5dd1d855b8b
8cbe3bf8cf9c5718,3efc251f0c5a59fe
7dae0a8be0545755,62e7a17de2cb5027
ffef12d9476e557b,cb42c48761635c0a
5fd68bb785b258ef,3dcc4d0f431158f9
66329b9ed3785e0e,e4a7d26fc20b5724
1f2f210163c358f8,8ee5eab5831659fc
02ff5ce64ad75584,7b98a5852cc75c1a
9fe07284cb3f5e0a,9a6a2eddb71e5737
ebb1e037f19b5c55,66bac36297e0598d
f79b805ec2435c98,216f4426149b5115
a96abad3a09753c5,ce0033460158589a
47d82a7c046d57bc,fb4562426bfa5a00
4024c1a4953e57a7,6cac8ec9a01e5ddf
3748f0fadf395c8a,13a794c5dddf5d82
33197ac2a7445bd7,b604b10e53dc5caf
a627522c77eb526c,02d79fb826a052b8
cde9cee2c4f55145,730d7fc4dc49524d
7ea67f197fe25ba7,8c930566d92e56ec
55790fb5a5e853d0,1481ccca03915ab1
d08c7fa247395729,b971052f62165a1d
e83be8437b0c5862,5cc08fe99dee59e4
cc6022c226c15d80,128456bdbcca5aab
fca1702dec8a50c6,33e9cb12d44e544e
44062179c5b350bc,fca16c1029365b23
5b4f392698d35a5f,4cb40194f3a455c5
d025c5fb0df05ef7,31911ae0bba3509b
fbf9670a3e82519c,1d04702636be54fd
dd32aebcb8e6550e,940c794bcf865e33
d9560f4ad686510f,3bc05c1cb6aa5686
c7e06d79e58454ae,f2e29112c9fe5168
4edc56ca4aac5896,c8c7965671b15097
98c7a48dd75052ab,e4c9cb2a501a5e06
9bc3ee11944a5bef,ee3f10dc8e265621
12b32c24d2cf5309,bd686da767ec51dc
8b83388ca9005cf1,27a171e02cb953d3
af94f29d37e55b02,9885782598ae58c2
2e8c4827d8c757a3,182d324d5ddb5e68
41890b20b92953b4,8938bd657efe50c7
eb4bbe69b80d5f12,ce718c4ad5695142
1b4af0da5a485c17,22bed37da0b3550c
b1f641fdea505c99,81ba5c0b515f555e
e133b313fabc56b4,4cc9ed364ab9504e
614c50b897445f89,51cfe9654e005628
213494be2acb5c68,e5bd837e68855200
ddc904ff3be05595,2422f5823de85821
09c56525e8e853a8,51c6be316624594a
b3509fd31f495cfb,19eebba739a859b7
274fcb576b3b59a8,bef003198ff25467
85ee18c706cf5966,69309b5b3e685b3e
892f8a0d37dd5af3,90d8539a364b5595
55644491cba35aad,a56619ddd5de58dc
a7cf529d15425b63,b6b012f752ad52ad
89766121ee605be0,c73f77ede18a55bd
bf6e5d04e0d7576e,fd45861ef984594e
60fa28b4cd8a57fb,280c61e673b15fb9
4d6456183bd056bc,0a9df86bd4525744
3e44ba1b6a675c54,bb4d1b3008c0598c
09436f14d3185748,9f3c3694cd9659c2
22e04303d53f54f5,9686e12ba6e65dac
bc089c23e7f95250,b5db4c21ece0571c
22f98151a771573a,5a1a7b9ce7235045
51d4ce9889525c4f,90d737fd14645dfd
c665621fe4e455cb,0595f3fe0e6856fe
3baa70a146f055d2,76de45adc2d256c5
f7544894729252f5,bc25f89c5bfd5ed3
d58fe7e3c5575f27,6780ce06017d509c
79e7ccb136775266,563d4fa49d145006
cdf234c4f4c35156,6f22e54f3b3b5e2c
700cac410af95cc4,f3b2c147b50754ad
948e3c9e26805b86,1c17b27be2ce517e
ac140df715d5573b,0511a134b4e55ab3
923b8c36b7995ade,53130ac48eb45caa
9861c0473b505895,54c2ec244e9e512a
2f1653c3481b50f1,a4f62582447a509b
51e74fb3d9945768,86698568002c51ac
3b36add3be02517e,4b6b8b2e0aa75682
08a8fc71ab1b57c2,40963f81657e5b4e
e4174e91095b530b,80671ce5f48e5aff
3756dc24f9e65fd7,46fb8b1718905b80
e656eb8f3cdf590c,807e359e0a2355a9
702320a088cf5d53,398dea0ebddf5f00
223a8f20abb752e9,ce19eadb860755da
08fcb3344bea538d,b01f93c092b75cbf
3ad6a3f7a0f155f8,14a0212514775623
55dab3d9ebd95046,07584769c313598e
90797642e4065c3c,ce7a04a700895324
5396af8f09455852,7cbe61b2c80358e7
12177b43d67d51a7,cd3a6a42a5cc529e
9aea5cdc656458a0,3f395e79520a55d0
bdda68728bf157dd,cacc661d8bdc5235
a3c4e4bf10d65ddb,c7bb93b8fed25767
c65ad538a2275dd8,e51722b82ef85520
9369b11c1f5857e8,973e0ca36fdf5436
57a85d94e9c95004,527bd92d448c536a
fe9a137303a9521c,5c7b201ac57d5d56
9baabb31eaac5335,ee2551f728305314
ee7a9468bd475205,a46ca9b584255256
57ec316cb2f65e46,79b9966ad538505f
0114734fd69b598e,2185139dc87558d6
6042c6249f31509b,e7f233287fc4559e
205143f7ff4d5b4b,d8fdbf7b51b95d11
5cc24961cbed5fd0,25fdbd854d3359bc
f7143ad20856584c,a2209ec9cffe5a40
6151a6ef02ee5f8e,57277bdbba6a549c
f016e2b6ac155a30,58c3357487cd50be
c46978b319c7533d,cf7beda6faab512b
91d22882380a5e4b,ec08e2333c1e5ed3
334c241ababf57ae,d1005b8b31c156af
ff94ab2c81a25745,ca167ba523de5477
b17966d55b335270,225dd89a5e8459f3
682660223761501d,5805a73e07a75d84
87ab048362385059,2bab77f6f3075436
77ee60147e0e55b7,99ff40fb6aa8579f
6f2baa8c8c8e5942,f5ce76c0d70d5ba0
a366d90f10ca5866,e12142d7c3ed5b28
ea789512f1be5a47,9c51ce0d1a6952bf
4f2ac10c0fc1566a,b96e845652d85df1
9b8fa6b5b4505d22,35fd58844d0154d7
2e586c7da7c55eb3,17e9ab2e7a1f576d
64a7186ab49b5cdc,1aca67bd2d645551
fb2ff1ed5e1b529f,eb12263d10fc5fee
6e944f00e04c5f1c,13329de5817b504c
1b439c269a83590c,dd14462a927553e3
317f5b44a4615e30,7c56367f5b9b55a0
77218354c5c25657,6d2cf11e47935936
239d1b8a77e05a6e,c93540a87d305c06
0472df00162f5fc5,4eb28a5f89765e18
35ceec8930305499,90a1f19f661d5c6c
b5cb26f114e3558e,2767d7a935135964
ebb383e16f7c5121,79ea06f056d856be
1d372d9debb155cb,268e0c55dbeb5c84
480f8beca45f53cd,280c92db918b5255
de22e3d2143f51f7,7df2d1de9696550c
5dea796da1ce5b02,32a8286d5470565b
c42677f7e56f5c3f,c112bdd60e6e5968
0a51eebaccc95c36,4c7a22bc1dcc5b23
bc42935ebf1854f6,a3c5e38625e452b2
75f9d978b4d757a2,7f1c6d3c02e9523e
20ae5de0a8725d9d,8e8db4ff99565f06
e8d7197f07635cfb,1d63e99595835bc1
4291f388556f5837,e66fa1895b21553d
4b4a268bee4c5ab5,4e028f2295615325
1844ec136eb05d57,325f3c4a281b5e17
b5b422189a075a27,ef6dcbd9e7865a2d
4d38d745131c5de1,8a6692d2096d558a
cebdeff85ac65185,ae9925274e485c94
1ed9f27f63645f09,9d82d608a3675f2c
a7fb000f96b35f94,a728fcf5aa9859e2
9e1761b29988514c,d85a10aa14be5e95
d7fdaa2d555c5272,2f28cca4fab85f3a
1424caab55de5db7,664a7fc9122b5f69
a12c7f84ebd25b1e,2ecf5df8c2da54dc
4f359b56679c50ff,2bfc3be5bf7b5d48
5594163f2d8751f6,c8017815d2885a36
f631a836a63855e0,499e5798b91f5c88
cc7d3c360c345a4b,47d9445ad08252c7
f49f94b388d8561d,11d046b5642f5fa2
c9520de7084f5868,a5eaaa30af06517a
0c931f9db55e5fcc,898e5d8d174659c6
5785ba7017515a65,aff63289a0465a31
49f69d3d75b65659,40de4c9983f15a7a
323747032b285187,fd7721a9d5b75078
e96c8f66dae15d60,93284c94998651a6
69a3d7249bc85849,d0658a82cc01578f
8d069310b22a5716,d073391cb74e54d4
e34c3d18bc405ace,b0dc7a20f6c75ad7
9e970e2a22da585c,70b074ba2b0d5c09
70d9d518ad0f5382,5e5d7ff8e8025897
c2331abea9b5551f,ae7f2528a42450e4
d8d4f191f3bc5f34,8ebf5581f09e51bb
d7350c01eab55ed0,6e6acc4b3e075ae9
b15b2d36b1ea51cc,480699c576a85f88
26af85cbc2d15e05,304410676a4f5087
8a2637d104fb5194,a3a13a44bc3d57cc
7251f2907bd952cb,679dabaec50a5a69
cba43d02cf795a0f,31e5d18e936b5685
3e634fa2ea715bb1,b7b9e5c0dc1f5f94
30e7a7c93a225968,f3abc44ca7c758ea
eb2304df049d5ce3,28f85207bcf75250
c7a44a2e52bc5e22,5e62d03813315ed1
75a76122cf43569e,b6222d44816b52bc
b031a0b55ab951f8,be6c76294ddd5839
7fa739c174a55eaa,56fd6ef189eb567d
7e238e859ebb5720,06091d727eef540c
bb0d850edd125bbe,df16e8921a035e1a
bf8b8714f63d5642,a3d56480262e5c0c
deae4b3cac52513c,a146b79b9ee25f54
ae7fdaafe2c250e6,ba958042bbde54f5
b6247a5245a5554f,f69d05e774fa5ee6
27a8d6913e5b557b,688504adc1325938
763821f100605f76,6b99b28e07705f67
fb4a03d7f9395b9a,f00b5ceebb4d54e2
546c6d1bfc455f77,b753c20ca23750d9
db3833e656c256dd,c432c77c846e5784
1e73524ff61b5a70,8a80c7797b1e5d28
605ac5873f015baf,459f51ce5b11578b
6efbee464bcd5780,5fe8051f645d581c
c4ba306cfe4f59f6,3e2377bf1b34555f
04582784acfe5725,5749e1c7319f5703
3ae409424da65443,12c437de67835e8e
0b6912dfdcf450c1,87b44675fc185369
d6e4774d5cc65309,1065460e0a3e5064
248a920cf01751f1,1132698b1acc511d
a28aff9148b55b3b,64979410e69b584a
c08100986326547c,77871cf435985733
c3d5c730ba905b86,b4acb1700f7553a6
944fda18b9205994,93f38de579905baf
a8ca647927f25ae9,186461eb7a0d56ec
abf38de966305279,f65f8519938f5646
54580876ee835959,87c3ed85ada454cc
ce516bdfc6e45d5b,bd3c66e8fb865779
7766bcc52078528c,a130a42d7ff15af7
d32336b185505124,6b5e353d48645d46
f640e9a42e215992,1541a0f69f6c5faa
55e7ff380d7e5491,5e5c670e2cc85681
b8cf57333fc65efe,f0b50c7ff23d56cd
1e9a42ef8f4057a6,f10558e67c925994
6f525eba8afc547c,9372fd5a1d77555c
29c3b3019c9e535a,095de62095105dd7
6d7ca07eac51558e,4ac035f126e85654
d4c4bdedcfd25465,625ec9c63e23545e
f84b6dbc1cd35f61,ac4a4d6e72ae55f7
dd16377ecfa45fe0,9610ee1a53bf52d1
5e5a77fb1990565b,df3682937e0b5373
0ef7ecd9c0035467,4a05f6dc424752eb
68b64b027ed2512a,0590062da5d9528c
c4fad4d040a75b90,fe317db26744580f
9ba21cb552c35238,f96cf86094525742
7140077d03e25c2c,9ac7b0b1d65958ed
ac2da3da332b5a04,e8c4aeb112235700
d1ba8c31750e5cbd,59df35a80f055242
2458f368da645ef5,46be403e4d185347
2972c31a52275dc1,d967955f9e925c13
10ae805f0be95c1f,587442e15b1e51d4
f5a6d648a71e5d47,8315145850fa5d29
448808123f695637,eaec4d66772051c0
be1ef67efd445f45,20954f49a4e659af
0ebdf3a905ba522f,8f3075a6f9be5645
f313a28be30f5bd8,d0f1af434fb45f62
059ca66ac38a5c28,86a1407133575e46
8a1eb240e9355b45,94d8174d15ee577a
eddb4834d5e459c6,1d6f279c5cf75069
3704fc999582536e,305949f36ec257f1
dcf89e4b93ba5fbe,bea81cb39df25723
9e04987475e85dd5,4feef5086fd55ecc
d398c8ceafe050be,fce282ad6f975593
ec8a3deaeb1a53ac,38ea51c2842e5d18
af5f095a4d815525,34854ee8f8bd53ff
6123057c78785150,4ac4540129a65bb0
8c7e28b482935cd8,cc2629674c025b88
1d1dde59c417522f,70d8a9deefa8519c
6d3db8abd9ad52eb,b647914ba05e5377
625bda810b66583a,a2bf4a8ae05f5e3c
41c548e7d8aa5f1a,25b4f0a988fd59bc
76d34ae8c95156b2,f323816f971f557f
57dceadaafe053ef,7c287eed95e357e8
18023ea42fe95bdb,d2ea085bed8758ee
5997813b7cc55036,9c6228e86874550e
d5407856a57357ce,f0c99d1d7c145d6f
ab2b84d310be5bed,cb612539b31055b4
a9c6cd5519815308,55147e7b07cf5c23
ec68f8027f415301,626a406f95d157d6
81ac4c9af9ea5562,2b23297329b75f50
d25a0ab96d165b78,ea0242ae0a0b5a2e
b7febc4ae909501b,7dc4782566885dec
96c8893a610b51ba,1adac837de7a58a2
1abf52a927025259,0d595547983a5560
98b99d5d44c05a5b,919b7419871a54f1
8612b2c9d3875ac2,f4af6b9e9a0c5d96
b7648a9b27e7574e,36c6892aa9745723
edbd8b34cdc65008,757c81e71db35614
a6b9a83019915658,ef33b142fb5f578e
bef748e412f85c64,747480f76c8e5a80
69c991e96f74541f,7de41c8b6a835d20
70e50d9b18305fa4,345f9808b7ac539a
a7d3076a7b7b58b2,65105e67546750b3
22a9f8694d425753,a285b47b274456df
0e9044c5aec15041,43b69989b07359ae
e6ff81ab83355450,0e0d7870b23c552e
ed5b36731bad5a32,cfac2b2027785e03
d655411faf595661,f5a51095272c58ad
1cb3b57dac2d5435,5585692f16365b1c
e0164d976037592c,cd092cb34d915ce5
5d5d1442b83d5c5c,04a5f539baae5209
000d6961709c5904,5bebbd8ff2365b72
918a76140b9a5f92,37cdb1dfcaec56a3
e5d91842b228552a,cc7ccbe473385e5e
85028441255156b3,9bceece7e6235b93
0c94bd3548525c31,e84c2fde833d5102
1d198434c5f9569e,484dc01db9ee5088
8b1aea091a6f5a16,6024391e42f55465
511741d6df93540d,56b6bea798115633
47d7aecedea25a0b,c83ebde45a935d03
ea8ce810e307587d,272b8f7398e6574c
d14f03fdfc1d5d54,3dffed1404b95c14
ee42b86599ca5632,d3f6a2f339ed5569
2d723f3d7b9458b8,5e04c5bbbc625bb1
b83ed953a4105ddc,af1071bb3ae25748
71c32c511a445d13,81996bc559755309
c3bb1d6556d95d40,19236bdddfe95577
3baab5739cb95408,e6950819f13e5495
b4561c216e6c5e21,551964bcbdfc5682
120e412f13585a21,bcd65de927ce57b9
1cff7a7ece6851c4,af40ef238474573c
80bc2d8487e552f1,e9d24e1f842b54b3
04f569ff8cb3504d,f8ba28ca74945acd
fac5b39e58445a31,32ff166852ec5c1d
209069959e1d5531,b55e3410ac795aa7
5230f4ecc5e054f5,2c5bb558f3175198
4fdf85786f785a83,e59c447a2afe5e45
c7cb2e43b2d053b7,13bd8a32dfc9590a
dfd5770faffa5ba7,bec540067fae5447
ba392de83daf5bf3,765f5421c6695906
0937290700b851a0,24f5746cf506567f
64859d25f1b555dd,7073b2f9f0de5113
aa4272ed1b785b94,7e781d24d8825581
16b6a51da6515191,14372e1d773c5a23
8208f7794645559d,c448d5807e525e68
d24706485f0452eb,470cb61ea9935741
c3d6016d73645955,840e2015d800530e
b2b73ef16f0a5a9f,16a9da21d3755767
95e6e7c4cfe15b91,34c7aeecddeb5f97
626859d4351b5ffe,78b957df52045394
c126718a51d85fbd,7923eab046a65a5b
8d39d3f85647574c,422ebdf1685551a0
a6186e0af3a55d93,c69708d1eaab5a0a
153ae46b6ba65721,2614b026693057eb
21f64c6cfe835cbe,45bb3cd5334f5df9
0bee5ed0a0a957fd,7d603484d71e5b0b
134699ce1ce455c4,f816f2d019a556c3
b1e0acd51fbf5895,7ade0b2de2725c08
159ec1accaf55d3f,15aba311cb2c596c
43ce8a5ddf8f5541,d8c98cbe0fe25fe7
3a0e2f53c9585e94,f171fe5218fa5a3d
75abd414138d5a4e,dc71409882185123
53d3787367c75240,d756b972d60c595b
59127196fe025553,dfb9771720d55428
3a76a6ab17535552,8ea8af9ad062563d
167d6bc7be735e55,ca95a83570995691
e55ee684113c5e7d,b510c72549635a2b
db817c126780531f,960fa0ac0b0f5d58
4a07aac45fc35fcf,faadf0b8b0da5c3b
940ba87d553456c3,7314ad499f24559a
37c15bc4d99a5365,afe2512625985226
cc5e04be1f105d15,d9a3d904368c5c15
f66d06ec0f355fac,8b8eb362c7c859b3
333a4f8a12dc564d,86a714f774cc5df4
cd701e198d595e2b,53e56236ad285f53
963324efc6715315,89fb6e87a9a654ca
dddf76663455527f,420a999fd1e45c1e
ce09ed938df353d1,8676c9af08d7537e
ce124b0ef61757d1,2d3b255027505518
d67eda0cf1305a71,3ee3b99c478655c7
85c0017516e95fdc,2507336ee8645106
f34af4dbbbd35a23,ac9f458fef245f0a
6496c4adf0f65e78,434b634bdf825f0e
0156027594b85857,b1b54e4839f95dd0
2274256d3852572f,8ef14e72d1895c52
95c5cd4c17d9594a,4a9e24bc737d5838
ce3a4f649e23590d,b40815dafe3555ac
982bd8015c9352f5,90b3757e5c215f19
6011fd3aa3a85fa1,de556fe8f1a755f5
79c024b87e175129,8075cd0d1ec15d2e
bbf8fd8a87565e05,ed3b01d7758e53ae
6360aa4dd01151c3,6d7639663fac5f34
00685a5276625b57,e175fd6abd0e51f6
351226f263825b4b,a067622492ca522d
84ed0a5827f656d8,6cc600f1b6e75823
fe4e5fdf88195cfa,8c017295d1c55e59
332ac89545ed5822,91d158db1c62538b
fcb45b2aa29356d9,a30f46b79c615373
a6e683b6f2a557a4,cec82145cee65013
b3b8a7989ba5519f,94e54ac10711543f
082dba79a46d57b2,2edeffc6b6015102
03503ef42eeb5573,588cc89deb065111
5ddfd1fe80af5ceb,45821cba1f2b520c
4d0df74bfb035f8a,3353b7365eb85922
d01d51c26594547c,d1db26f8f1185312
99e3b8d3211f53d7,0bcefee46da250b9
715d1ae75d215269,cba5e5dd1d855b8b
087df0996ade50d3,3efc251f0c5a59fe
21d4990a6b4f597a,62e7a17de2cb5027
a85c442c31bc557f,cb42c48761635c0a
814a2807af5f51f7,3dcc4d0f431158f9
5f4ad64db9ac5419,e4a7d26fc20b5724
a6e7189b4bd35946,8ee5eab5831659fc
30d60ce25f4d552e,7b98a5852cc75c1a
48321ca34be254e5,c91f0e59623f5740
424e3df76d475635,5a0b198522e952d5
81410acd84c0516a,216f4426149b5115
cbf0e5deee8956a9,ce0033460158589a
6b61ec04ecb25221,fb4562426bfa5a00
fdd599e861875d9f,6cac8ec9a01e5ddf
bc7ae4f9eced56c9,13a794c5dddf5d82
1b5606e475d554f7,b604b10e53dc5caf
0221ed2a1c495f23,02d79fb826a052b8
05741acd510e52f7,730d7fc4dc49524d
52d9d533ca4e5980,8c930566d92e56ec
da1a3756e4465c03,1481ccca03915ab1
0f65bd2bac90534a,b971052f62165a1d
785a51e5263b5bec,5cc08fe99dee59e4
9a23e7bc52e657c3,128456bdbcca5aab
59a1d448fbdf53f6,33e9cb12d44e544e
74a8e53c9a6f50a3,fca16c1029365b23
b0ec3fbe5d07514d,4cb40194f3a455c5
e97cd418ab4c5691,31911ae0bba3509b
e3608421b9825fbd,1d04702636be54fd
c52f491ebd5b521a,940c794bcf865e33
a998a0d0131f5208,3bc05c1cb6aa5686
ce2f1ac423965b7a,f2e29112c9fe5168
2c43056133655292,c8c7965671b15097
eb72736f2edf5380,e4c9cb2a501a5e06
16dbc607f5f75479,ee3f10dc8e265621
3f31d5d096f957c9,bd686da767ec51dc
444d8e18dcce5e49,27a171e02cb953d3
a65896c3c7be51ca,9885782598ae58c2
3ba8b6918fc45634,182d324d5ddb5e68
0d2ff90baf395430,8938bd657efe50c7
84ec7e450e205d8f,ce718c4ad5695142
b6b0722747565854,22bed37da0b3550c
9d69a0f2f73f5035,81ba5c0b515f555e
96d8920289b55395,4cc9ed364ab9504e
9cb247f1ef445fb9,51cfe9654e005628
078f05d9e9c05230,e5bd837e68855200
6740833c5f9d571a,2422f5823de85821
a82ce9edf79d56a6,51c6be316624594a
599e006109385ae5,19eebba739a859b7
1029003770aa5e2e,bef003198ff25467
c53ae2fe6cc751e7,69309b5b3e685b3e
30827c8c62c55b46,90d8539a364b5595
90caeda16d835f42,a56619ddd5de58dc
ec68073cb7a15741,b6b012f752ad52ad
e668948b1c0f5b82,c73f77ede18a55bd
65cf19209dc55631,fd45861ef984594e
af98af49fda35a8c,280c61e673b15fb9
ca18572aeb9755ba,0a9df86bd4525744
650ed02359615f58,def60cb4d44a5cda
3a7818b46809570a,9f3c3694cd9659c2
507c91dd2444555e,9686e12ba6e65dac
15b25b99cf2d5965,b5db4c21ece0571c
eaba7fd433c45e20,5a1a7b9ce7235045
bd957829755e50cb,90d737fd14645dfd
decc2e4c0f445afc,01c8f81194c4588d
67a6bdeb096350ec,76de45adc2d256c5
85406e57732a5121,bc25f89c5bfd5ed3
b9d14f59883a5496,6780ce06017d509c
2aa414aa9a9057fb,563d4fa49d145006
8362f66ef1aa51b1,6f22e54f3b3b5e2c
387bb49da88353dc,8905daa97d445a65
f6268af57ef35a2b,eef74040399f5abb
c21ec33e15b458a1,0511a134b4e55ab3
9587d6ea0a8e518f,53130ac48eb45caa
78e3ba9d36dc59a0,54c2ec244e9e512a
28a4a08f11a05407,e4e234ac6ab25db4
ae643fddc1195062,86698568002c51ac
1677503060a95d4a,4b6b8b2e0aa75682
313756e5fc655c0e,40963f81657e5b4e
e074c5e6917e5f1d,80671ce5f48e5aff
aea962fd9c025957,46fb8b1718905b80
da765dd341585db9,807e359e0a2355a9
c0d51ca7b8af5414,398dea0ebddf5f00
eec0bc4e1b185d67,ce19eadb860755da
5085749584aa5377,b01f93c092b75cbf
21990e031d705957,14a0212514775623
cbc1c1f392825ad6,07584769c313598e
8693307093e0553b,ce7a04a700895324
f082cf21642c5cbc,eeb405dd48bc5d72
de9dd93857cf5ab5,cd3a6a42a5cc529e
2d1f929350f65cdc,ac81e461ccb052dd
175fc3cad7805262,cacc661d8bdc5235
16a2c04634ab5112,c7bb93b8fed25767
3068d16e627b5e69,e51722b82ef85520
f776577c7428592b,973e0ca36fdf5436
94c0ff5134d45dd1,527bd92d448c536a
e63b6dfddfc855da,5c7b201ac57d5d56
db36705ca2645415,ee2551f728305314
48b3dd8be2b554b6,a46ca9b584255256
22021c2141625fce,79b9966ad538505f
d79874fa9ba4558e,3bee1cd8bb335d8d
1dc0a266d7ea5c61,e7f233287fc4559e
a82187d6e7805fa2,bd6e3ca90b475e8d
6d9b7998b38a52a3,25fdbd854d3359bc
a243657871795ce2,a2209ec9cffe5a40
5856cd24d07c5b79,57277bdbba6a549c
6f81927cafa65005,58c3357487cd50be
8eefb96f7e5f598e,7fb4e5cc0f0053f0
9149c990800952c0,ec08e2333c1e5ed3
61530f7ee9945c70,d1005b8b31c156af
7240e214b6bc5b44,ca167ba523de5477
7fa812aae88d5752,225dd89a5e8459f3
da64267c15aa5531,5805a73e07a75d84
bdffdc5fc2fa542b,2bab77f6f3075436
2cc421e9b3fd5c17,99ff40fb6aa8579f
97ade9e6fa5e5646,f5ce76c0d70d5ba0
598d8ce13c2e5452,e12142d7c3ed5b28
09779eb483435cab,9c51ce0d1a6952bf
981ab4a5d11b5090,b96e845652d85df1
d37242b32b51586b,35fd58844d0154d7
7ac6ec682a515136,17e9ab2e7a1f576d
2d0c8a7a065e5995,1aca67bd2d645551
daf38cecd5045cf6,eb12263d10fc5fee
f55f99174afa5d7e,13329de5817b504c
498c6f15e5c856bb,a43f1e448f9f558f
16a40c5db95c5467,7c56367f5b9b55a0
3a14515e4e305499,6d2cf11e47935936
83a4f915caf15aca,c93540a87d305c06
b9e5b11ac3745f8c,4eb28a5f89765e18
d75b5c57a3c45583,90a1f19f661d5c6c
09be81c492625fd5,2767d7a935135964
b0b25b314843551d,79ea06f056d856be
a317560bc1215a39,268e0c55dbeb5c84
5c1b8e332d105b79,280c92db918b5255
7f2cd560a3c3528a,7df2d1de9696550c
f7cef72b285555af,32a8286d5470565b
f1dabe118a6955d6,c112bdd60e6e5968
469dfe790903577a,4c7a22bc1dcc5b23
e10a3a8d627e5700,a3c5e38625e452b2
71ed3e4fcadc5322,7f1c6d3c02e9523e
0f24ec666e145cab,294b69ac508a5e9a
ce6eb4e00dac5ae3,bda4b887e16c5207
c169cf799b165800,19baccd9fe435bd2
db1231d931455d2c,4e028f2295615325
5a41a7f756c551ce,325f3c4a281b5e17
22a0b00bb8ed5ed5,ef6dcbd9e7865a2d
ccd1908db4765e03,8a6692d2096d558a
c8629b9dd63e56ad,fa8b37620e0d562d
63eeb15e6e3e5504,9d82d608a3675f2c
994db6ebee835fbd,a728fcf5aa9859e2
09e2eda76fde54ae,d85a10aa14be5e95
19a52017c000548c,2f28cca4fab85f3a
864977c14b9754eb,664a7fc9122b5f69
0db36f777178525a,2ecf5df8c2da54dc
f48e825b763050bb,2bfc3be5bf7b5d48
0eb6987fdc9b5213,a4e61ce5d8305c48
8b8ae78cc3685216,499e5798b91f5c88
b3b8544db9025d6a,47d9445ad08252c7
782f0fff66145718,11d046b5642f5fa2
e6dae41a69575555,a5eaaa30af06517a
4be4c3659ea0575c,898e5d8d174659c6
3ec88bf115c95f69,aff63289a0465a31
0c9105d8ad6a5f52,40de4c9983f15a7a
a1ce49c5eeb75711,fd7721a9d5b75078
4c721a83046651e4,93284c94998651a6
7e3d6e037fbc506c,d0658a82cc01578f
f05325ffb9425a4b,d073391cb74e54d4
ba86ae71bc105215,b0dc7a20f6c75ad7
c2072dd6a3f85da0,70b074ba2b0d5c09
decd6b1dd7f65e1e,5e5d7ff8e8025897
49bdbf5ee25c5024,ae7f2528a42450e4
917f7087f2665add,8ebf5581f09e51bb
7fcc4151553a50e8,6e6acc4b3e075ae9
f8bec974b86952e9,480699c576a85f88
5177cf8521f05855,304410676a4f5087
a15d7c93c85e5505,a3a13a44bc3d57cc
680e24fa0952531b,679dabaec50a5a69
fdde37fbe3d35bef,31e5d18e936b5685
c41b4666b98e5b92,b7b9e5c0dc1f5f94
d61fe42422225edf,f3abc44ca7c758ea
5955c4ef15c75350,28f85207bcf75250
d64b2da8ffb65c16,5e62d03813315ed1
353988b87d995f68,b6222d44816b52bc
94c6fd3f9ec85914,be6c76294ddd5839
7984326209765d68,56fd6ef189eb567d
87929fb304eb5bcc,06091d727eef540c
4dbe96a8a7be58dc,df16e8921a035e1a
11ef3e2ec35051d8,a3d56480262e5c0c
d26170a35d1c5e33,a146b79b9ee25f54
2564ab331db05cb9,ba958042bbde54f5
d64a3964875f5b41,f69d05e774fa5ee6
80df9e4f79c65d4d,688504adc1325938
182688f3d2c25fc8,6b99b28e07705f67
b02be1e28abb59f1,f00b5ceebb4d54e2
f9532e6ad0b05fbb,b753c20ca23750d9
f50843b06ec259f2,c432c77c846e5784
d4278d63cd605813,a1d66540942b5bf6
712bbcdd69af5f26,459f51ce5b11578b
870886385ca15345,5fe8051f645d581c
88904a762b5f5793,3e2377bf1b34555f
a41e9aff2ee457c2,5749e1c7319f5703
a4bf921a024f551e,12c437de67835e8e
29163817326a5eab,87b44675fc185369
08e03654c0ca5151,7f4bc52573525161
33e37f9d760a56b1,cdf3de2b4346503c
b14d21a164615e3e,bc8072bf060b566c
c39af88ae1be534a,77871cf435985733
d4e9c2fa89c55897,b4acb1700f7553a6
fd3b8f88745c5c2d,93f38de579905baf
dccd7bde9a0b5bfe,186461eb7a0d56ec
3010009fcb295507,f65f8519938f5646
2b65a8a29c455d00,87c3ed85ada454cc
0225c61734025867,bd3c66e8fb865779
1dd4683469e457c5,a130a42d7ff15af7
8b80580ff95254e8,7a487f440bd554a6
ad243dacb0315588,1541a0f69f6c5faa
7d3779771cae5d94,5e5c670e2cc85681
f289e368449b517b,9a3aa0fbf2c952cc
80fc476837d9530d,f10558e67c925994
e0d14f6cb7df526e,9372fd5a1d77555c
6d9063dd44bc55cc,095de62095105dd7
69df428fe853580e,4ac035f126e85654
60729ba7537a5622,625ec9c63e23545e
f750532882175c31,ac4a4d6e72ae55f7
6d7d043389ac52c5,9610ee1a53bf52d1
e5f2eb158bc65167,df3682937e0b5373
1a6043a86e7056a8,8a60381cba795076
7b2f3235b4cb5374,0590062da5d9528c
03269d4ad9e45809,fe317db26744580f
3328705b7cf0517a,f96cf86094525742
4885d99d4c3959b8,9ac7b0b1d65958ed
69dec5959d7d53a9,e8c4aeb112235700
5b1954a42c2455e7,59df35a80f055242
4145cfd5d9b659fa,46be403e4d185347
069c6a5e408653ab,d967955f9e925c13
f064ef8fafcf5528,587442e15b1e51d4
f3fc5020ecbd537f,8315145850fa5d29
c9a4d6a0295f5142,eaec4d66772051c0
fb92846550d15dc1,20954f49a4e659af
ae68b10cd5085e7c,991b7fe298755e7a
6f44533cf2965b47,d0f1af434fb45f62
80c267878c6a54fa,86a1407133575e46
a76f3192f58250c2,94d8174d15ee577a
019eaadd84cb56f8,1d6f279c5cf75069
79bdb6b499245d65,305949f36ec257f1
e7aded473b7e5183,bea81cb39df25723
a7fa8bccce9253cb,4feef5086fd55ecc
616382bea2ff5853,fce282ad6f975593
68ece717ce6553e7,38ea51c2842e5d18
7daa0ad6ca5356fc,34854ee8f8bd53ff
e3f62a1acf9d565e,4ac4540129a65bb0
9ad434ec99685d35,cc2629674c025b88
69e8fff107b05199,70d8a9deefa8519c
9a179eb32481553e,b647914ba05e5377
6292d2ef6730548d,a2bf4a8ae05f5e3c
1caa3a4c5d5d510e,25b4f0a988fd59bc
e4ec48f9d6f85d23,f323816f971f557f
5aad75c605655367,7c287eed95e357e8
709f0d99dfa0567e,d2ea085bed8758ee
34f30283d3bd53ec,c17a2d79c8645ab3
e917a198bd9757a4,f0c99d1d7c145d6f
901722c88ebf50ea,cb612539b31055b4
d20659149c14557c,55147e7b07cf5c23
cadeb92fe01652e3,626a406f95d157d6
134a3394c9b756d9,2b23297329b75f50
24edcd5e5b7f546a,ea0242ae0a0b5a2e
b5ee0c4a00765073,7dc4782566885dec
a924eaf3a0c35078,1adac837de7a58a2
afd632f043e35a49,0d595547983a5560
c5727dc4f8665554,919b7419871a54f1
205dd2add8b357f6,f4af6b9e9a0c5d96
0372bb63e704555a,36c6892aa9745723
44a82a16cdbc5813,757c81e71db35614
ead391b66ff253c1,ef33b142fb5f578e
422a764bf2dc593c,747480f76c8e5a80
d1d1cb2c2a5b5a29,7de41c8b6a835d20
fc33d014431a5b1b,345f9808b7ac539a
dac5a6aa183b5e73,65105e67546750b3
6ed328b05b54553e,a285b47b274456df
0530c20c3c71533a,43b69989b07359ae
bbb2fd3f27635227,0e0d7870b23c552e
f2644280215250cd,cfac2b2027785e03
c29fb70bf1d056ca,f5a51095272c58ad
635eb3ecbf415418,5585692f16365b1c
7c7ce7ea08b15930,cd092cb34d915ce5
6b0a15391789599e,2697199d226c5b48
4c53f29ce2365ef1,5bebbd8ff2365b72
55a241ed2c5a553b,37cdb1dfcaec56a3
43e7125800a6532c,cc7ccbe473385e5e
30187e714d065b0b,9bceece7e6235b93
75e25b5026885256,e84c2fde833d5102
dbd94883f7865af6,484dc01db9ee5088
9580cc2199c55666,003cd73e4d6858d8
7515bed58abd5f21,56b6bea798115633
d184c07f6a0a5aaf,c83ebde45a935d03
595596a88cce5c9d,272b8f7398e6574c
b8d2227c06a351e4,9bc3001009e756ef
af34277ea53e5f77,d3f6a2f339ed5569
e68ddf5be41355dc,09e659f80a135489
a37f67a1fe095025,af1071bb3ae25748
1ee0c099f86a585e,81996bc559755309
1c2e4c20931858f2,19236bdddfe95577
4356c31443585d79,e6950819f13e5495
3f87b5859c3c525a,551964bcbdfc5682
dee9cc93aed75630,bcd65de927ce57b9
ca7e845b9c19597c,af40ef238474573c
dd83ce8b0dec51d2,e9d24e1f842b54b3
d73cabbfed045bf2,f8ba28ca74945acd
3166dd05c45f59e8,32ff166852ec5c1d
d25b6512a43f5e54,b55e3410ac795aa7
388181311ef25756,2c5bb558f3175198
8d63ae7a5eec54da,e59c447a2afe5e45
28ecbec6051d5527,13bd8a32dfc9590a
b23be6b0d9765878,bec540067fae5447
0ebb578555b25ab2,765f5421c6695906
7cdcc814be255d9f,b2627111fe205bff
33008a3b27ab59a1,7073b2f9f0de5113
d07c624bab3d5a61,7e781d24d8825581
e64d993cb8a75338,14372e1d773c5a23
adfdcd3c5a9a5fb9,c448d5807e525e68
513a97511d135ebd,470cb61ea9935741
3921f38b62d55f1a,840e2015d800530e
7d70562315ff5bc1,16a9da21d3755767
ad54eadf72625631,34c7aeecddeb5f97
9bd12765d98b514f,78b957df52045394
7edfabe116e25844,7923eab046a65a5b
b2f8e3b0a7a1565e,422ebdf1685551a0
39dba8a42eaa5ea0,c69708d1eaab5a0a
1c5c2e372dc954cd,2614b026693057eb
f7a5f237abcd5b04,45bb3cd5334f5df9
912bc19c43a15d8d,7d603484d71e5b0b
a66018d8ad8f594d,f816f2d019a556c3
df11795878cb5419,7ade0b2de2725c08
69e3344606a55c73,15aba311cb2c596c
4d718caa6ebc5b37,d8c98cbe0fe25fe7
d38090818a0b5bed,f171fe5218fa5a3d
1c6e6f287c2354f1,dc71409882185123
7b7ce3374d1e51dc,d756b972d60c595b
0590bd1f5b2057f2,dfb9771720d55428
4b3302a602155f76,8ea8af9ad062563d
196375ae13835990,ca95a83570995691
c0afed32320d53ec,b510c72549635a2b
662212c87d0d5b09,960fa0ac0b0f5d58
450df2d719cb5c88,faadf0b8b0da5c3b
15d5078041dd5a4f,7314ad499f24559a
49a0d29c7058501c,afe2512625985226
352ef6e0384c5938,d9a3d904368c5c15
47f29dad0bec52d2,8b8eb362c7c859b3
0e81b2ebbb30575e,86a714f774cc5df4
f2f5b666a04b53f8,53e56236ad285f53
b9ddc4b10ef751a5,89fb6e87a9a654ca
4ba033878f8b5284,420a999fd1e45c1e
f7b40e0f94c25b3b,8676c9af08d7537e
6b68c09f87b85dc8,9d14caa677f05e89
013ec5b715635a66,3ee3b99c478655c7
2638cdfa752b5d7c,2507336ee8645106
a4778444628f5c49,ac9f458fef245f0a
8659bfccd4195fb6,2387e512494d5d73
28e28842e3d759da,b1b54e4839f95dd0
61874b16298352f3,8ef14e72d1895c52
2620b03dcfcc567b,4a9e24bc737d5838
2f3cd5f3b7ee59cc,b40815dafe3555ac
af2b5213e6895680,90b3757e5c215f19
913212df2a415e44,2383b54b539a523f
1558511dc7b45b86,8075cd0d1ec15d2e
a916c0c016825703,921b9f6fdf855e7e
9c2063a3e137542a,6d7639663fac5f34
87124bde96ba59b1,e175fd6abd0e51f6
ca4be8d422eb5f56,a067622492ca522d
570a5855539b5c7e,6cc600f1b6e75823
28345af8c4505291,8c017295d1c55e59
64ee149f402a5601,91d158db1c62538b
06753f6c597f512b,a30f46b79c615373
2f6b9bbb16cb59ba,cec82145cee65013
c778933c0b8f5093,94e54ac10711543f
9a8acc75f4c05ace,2edeffc6b6015102
6c76134176255a21,746b39f919ff5045
650d84864184549e,45821cba1f2b520c
624b5f7f1f4a503e,3353b7365eb85922
c887e4bc08f85aa5,d1db26f8f1185312
e31131deed6656ea,0bcefee46da250b9
19768d49bbd45f08,cba5e5dd1d855b8b
a067e1b873c8534d,df9eff008a625def
ad601a0f5b8350dd,62e7a17de2cb5027
278518f5fd0354b3,cb42c48761635c0a
49365bdfac13581d,3dcc4d0f431158f9
f28c522b8a0155cc,e4a7d26fc20b5724
f9c6e1eadcf45c37,8ee5eab5831659fc
6907c80d73775279,7b98a5852cc75c1a
959a7f2070f551e9,c91f0e59623f5740
078bc1027dde5d1a,5a0b198522e952d5
0f78ffea52a85031,216f4426149b5115
326bf8cbf6375f03,ce0033460158589a
cee52329bc8855af,fb4562426bfa5a00
debd166df3a85845,6cac8ec9a01e5ddf
cbbf59be3a4e555d,81677f1a8443587a
b5be2c625dcf54e2,b604b10e53dc5caf
a2e2a360029f508f,02d79fb826a052b8
a03faf9254a55468,730d7fc4dc49524d
635d0bb58aa95282,8c930566d92e56ec
d360ce59cdc15efc,1481ccca03915ab1
4c775cb227b0519d,d1a195b2bd235d8f
f962927ff5dc518c,5cc08fe99dee59e4
090af86f693c507b,7c9774ed69a2559b
5b21d7acaa545a46,33e9cb12d44e544e
87751a071a7e50a4,fca16c1029365b23
6cd23fffac65568b,4cb40194f3a455c5
985e562ded345da4,31911ae0bba3509b
5dca8b6e3d2a5c2d,1d04702636be54fd
af07e6e213f2582e,940c794bcf865e33
e25ab8d2df785bf3,3bc05c1cb6aa5686
79322494f7975811,f2e29112c9fe5168
4ef621a8318b5085,c8c7965671b15097
1212ba4b68e95583,e4c9cb2a501a5e06
d2b3f402ba0f55c3,ee3f10dc8e265621
01876d7aa6f55554,bd686da767ec51dc
773005dea0fc53ab,27a171e02cb953d3
ccfe1da323ed53a9,9885782598ae58c2
18b76ccc45d25f5c,182d324d5ddb5e68
c84db99f6a4f51ae,115d85359a11559e
dc6df220730c599a,ce718c4ad5695142
618e368153135092,22bed37da0b3550c
f304e815462d5f1f,81ba5c0b515f555e
76d3db995c9e5946,4cc9ed364ab9504e
ad8912b904665e0f,51cfe9654e005628
47f3a90709ad56ed,e5bd837e68855200
d90d4f05ebde5bed,2422f5823de85821
c15774bfb6655d18,51c6be316624594a
5ee1455d53695e5b,19eebba739a859b7
8d90099a801d5682,bef003198ff25467
c6ef6a6fcd2c5466,69309b5b3e685b3e
9ab7d16dd4a6551f,90d8539a364b5595
1d2e6d44fd635391,a56619ddd5de58dc
3fb200a0fddb5c8e,b6b012f752ad52ad
cc2587bf27c75cc2,c73f77ede18a55bd
86d70bab6f1b598c,fd45861ef984594e
f07e680e53135311,280c61e673b15fb9
579942d331b9571d,0a9df86bd4525744
5d2ee89308f958be,def60cb4d44a5cda
8601b9cf8c6852f3,9f3c3694cd9659c2
44f6f13541dd526e,9686e12ba6e65dac
d5fbd3df4a505559,b5db4c21ece0571c
314c032aadbd5011,5a1a7b9ce7235045
a19a3d9b712751f6,90d737fd14645dfd
95733bb0b55e5d5f,01c8f81194c4588d
0f8e3ba3d90958d1,76de45adc2d256c5
38aff0f1a2f357f6,bc25f89c5bfd5ed3
7777f9476f1e5bb0,6780ce06017d509c
b96dd2fae674571c,563d4fa49d145006
313a7548b23b5b8f,6f22e54f3b3b5e2c
f9bd532e790f53ea,8905daa97d445a65
1c7bdbbc34c853bf,eef74040399f5abb
ee0e03f19a735d67,0511a134b4e55ab3
cd0a001eb97a5c88,53130ac48eb45caa
77c3cf2f4a1a5f31,54c2ec244e9e512a
32e5d7e804c65214,e4e234ac6ab25db4
9bb8633f7c0157fb,86698568002c51ac
d151cc1bccd958d3,9b1df0dbcb11569e
866e7ca97d3c5548,40963f81657e5b4e
574b305b50435885,80671ce5f48e5aff
38878741cbee5e88,46fb8b1718905b80
f069ac62d63e5e25,807e359e0a2355a9
3ffbf8596e7655ec,398dea0ebddf5f00
baff5b48a5c056ec,ce19eadb860755da
d7b1349fb4775cc1,b01f93c092b75cbf
2731fa425acf52f4,14a0212514775623
28c89352b09b55d4,07584769c313598e
92c6df44cf055882,ce7a04a700895324
53414ba6577d5923,eeb405dd48bc5d72
6856c3ad77315d3c,cd3a6a42a5cc529e
3d8c71ff899f50e6,ac81e461ccb052dd
dcc3b1a2a6da565a,cacc661d8bdc5235
75f91ced021c543e,c7bb93b8fed25767
635faea61539589a,e51722b82ef85520
449baff4aece5ab3,973e0ca36fdf5436
b50353ebaee65cbe,8d990e2c14ec5708
ada676e1203d5ad7,5c7b201ac57d5d56
37d89f35328e55b6,ee2551f728305314
ed0c080a65445565,a46ca9b584255256
89b3b0779b8d57fa,79b9966ad538505f
8e84ecdbb84c5784,3bee1cd8bb335d8d
b2c6c9741b7b5638,e7f233287fc4559e
be85b447a33b59f8,bd6e3ca90b475e8d
8ab90aef703b50cc,25fdbd854d3359bc
48ba976afe6a59c8,a2209ec9cffe5a40
e5de42748cb65962,57277bdbba6a549c
ea1b4fddc18d51bf,58c3357487cd50be
093362cabde15b52,7fb4e5cc0f0053f0
e14f1ffbe6f856e8,ec08e2333c1e5ed3
b5e2d8766c6d51b2,d1005b8b31c156af
bd4dcb8371d85f1d,ca167ba523de5477
cbd14310b3885779,225dd89a5e8459f3
90c51d90c33b5cef,5805a73e07a75d84
e52c457d50455d0c,2bab77f6f3075436
bd4be260be50516f,99ff40fb6aa8579f
d4849a52aaa55a9f,f5ce76c0d70d5ba0
937ca624cc2658a6,e12142d7c3ed5b28
d32f8367252b53b1,baa0cc67e9475ca5
d8d39177bd96593d,b96e845652d85df1
1f381d3a242b54f0,35fd58844d0154d7
06279fdb46815c6c,17e9ab2e7a1f576d
80f6c94fed0c5519,bd00d903d78c5a28
bdaa773585685d09,eb12263d10fc5fee
01c019a7360f5445,13329de5817b504c
580524859b485a1b,a43f1e448f9f558f
8e9f743d92c05d10,2c2a267fb2fc58c3
76664d864c4d5595,6d2cf11e47935936
05850e3460015579,59b9844c7e205135
1cffb22700735548,4eb28a5f89765e18
8e8b2b62eff65719,90a1f19f661d5c6c
1c3c37eeacd15c92,2767d7a935135964
ef3dd8a6f4995678,d2f63fb849a15a15
dc3b040ef45c5094,268e0c55dbeb5c84
85da27c3381e5e63,280c92db918b5255
b219a12536715748,7df2d1de9696550c
e463ad284c0d595c,32a8286d5470565b
12af1e0adcb65df9,c112bdd60e6e5968
ff1a305b2c1752af,4c7a22bc1dcc5b23
54e1cb577c0a5f7e,95a26f8c8a9c55be
3d17efc5625f5c4f,7f1c6d3c02e9523e
fc0a5277292352d9,294b69ac508a5e9a
4fabf8c780005e4f,bda4b887e16c5207
111cb2c23a325817,19baccd9fe435bd2
16d4141f073d52f1,4e028f2295615325
b0aa550f818f52a0,325f3c4a281b5e17
de83f2c537565ca8,ef6dcbd9e7865a2d
833545ff73da5eb5,8a6692d2096d558a
94d209006f485164,fa8b37620e0d562d
a8afec520f035a68,9d82d608a3675f2c
ddc62293e7875556,a728fcf5aa9859e2
17d8604b0bc65ce5,d85a10aa14be5e95
72a9c8aa9d1a580c,2f28cca4fab85f3a
9690846adfb751cc,664a7fc9122b5f69
18f485e808bf58da,2ecf5df8c2da54dc
efe1222923b65833,2bfc3be5bf7b5d48
011376b151f2526c,a4e61ce5d8305c48
1fc38f9fc93f5a29,499e5798b91f5c88
22343d7492d158bb,47d9445ad08252c7
2ba94c9278825a74,11d046b5642f5fa2
d5039871a3fb5b04,a5eaaa30af06517a
8d21608fa8c354f1,dd639d8e5aa75667
1cd73301d5745314,aff63289a0465a31
086e0f2ff2c45bb3,40de4c9983f15a7a
157c6c5b1b9d5608,fd7721a9d5b75078
bedb83878e215e4e,93284c94998651a6
f228a1710d2f5ccd,d0658a82cc01578f
47fae9a1708b5101,d073391cb74e54d4
a07bb9058982503d,f156a16f60ed5c2e
5a5e81f1432a51a1,70b074ba2b0d5c09
82226888c99e531c,5e5d7ff8e8025897
4dca385d371c57fb,ae7f2528a42450e4
7bce82e059a05030,8ebf5581f09e51bb
505e82147a375933,6e6acc4b3e075ae9
cdd00e6a0e4754e5,480699c576a85f88
5a468d5e9d955993,304410676a4f5087
b69046ccdede5ae9,a3a13a44bc3d57cc
b5674c9c6c735d57,679dabaec50a5a69
bc63d7f1ab7759ee,31e5d18e936b5685
ad0c441309de5d2e,b7b9e5c0dc1f5f94
59928d37e9245bf3,f3abc44ca7c758ea
a4213d4e327c5b6e,28f85207bcf75250
4ceb0bc19e0f57d5,5e62d03813315ed1
c484b85e7b07535c,b6222d44816b52bc
1c31e37ce65b52d9,be6c76294ddd5839
b8873bb7c3f35d15,56fd6ef189eb567d
6828c3caaaca56e1,06091d727eef540c
8153e70fc0545d5a,df16e8921a035e1a
c2735759fe9957a5,a3d56480262e5c0c
64a8b055818c5bef,a146b79b9ee25f54
e102672eb1975e6f,ba958042bbde54f5
7effab69ce785772,f69d05e774fa5ee6
d7bf550698b55562,688504adc1325938
3e053f89d1c55a7e,6b99b28e07705f67
622dde55dc125052,f00b5ceebb4d54e2
c5a2a467d5e25058,b753c20ca23750d9
268ab283b4a95126,c432c77c846e5784
0de3f9728fc651a6,a1d66540942b5bf6
8c6aed532f8555cd,459f51ce5b11578b
055c41d3c8e75bdc,5fe8051f645d581c
ebc5a6ec11205f0c,3e2377bf1b34555f
f749ff64838c5664,5749e1c7319f5703
35f448c5566658be,12c437de67835e8e
940becbbb9d05594,87b44675fc185369
01a58976a2e45a3d,7f4bc52573525161
34a92bb4ef51562b,cdf3de2b4346503c
1ded576bc1325cae,bc8072bf060b566c
c32ae6a1954651ec,77871cf435985733
0d2403a8031f540c,b4acb1700f7553a6
02325da26296565c,93f38de579905baf
dd9efbb06b495921,186461eb7a0d56ec
17a6a4a6137553cd,f65f8519938f5646
803569f800575929,87c3ed85ada454cc
6efb5186a9e55a68,64df77a03f065c9a
c2ae8e85ce2052ff,a130a42d7ff15af7
434f74e0c3e25cdd,7a487f440bd554a6
0fc28fe43e5d5693,b0920f36492b5f48
069dab3272205ecb,5e5c670e2cc85681
eda3453c6d5355e0,9a3aa0fbf2c952cc
e3ddabf456b155a9,f10558e67c925994
650c7a9e7ea45062,9372fd5a1d77555c
25d82b3bc5bf5637,095de62095105dd7
a3dd6d539acc5c9b,913070fcf9845e72
6326d00e52115da4,625ec9c63e23545e
fceded25dc595e06,ac4a4d6e72ae55f7
d5d4f1c1a2f0589e,9610ee1a53bf52d1
bf0e7609184e533b,df3682937e0b5373
a27fe5d9685c5795,8a60381cba795076
75857e1f177b5af4,0590062da5d9528c
96f6cde1205e5865,fe317db26744580f
662cb541b8db54a1,f96cf86094525742
2da6f8c86c135473,9ac7b0b1d65958ed
099ded1754bb5d98,e8c4aeb112235700
ff44394af7265df3,59df35a80f055242
2c58e549903354fc,46be403e4d185347
38c390af2fac51e0,d967955f9e925c13
3bf1265b7ab65fc2,587442e15b1e51d4
4bbc76cff4355b53,8315145850fa5d29
6347553d03555ffa,eaec4d66772051c0
4755336a0e225d97,20954f49a4e659af
c133861a233a51de,6957a25d9a585542
a3fe8c1981c45693,d0f1af434fb45f62
82b8033d05e355f1,86a1407133575e46
a30baeb5294658b3,94d8174d15ee577a
4cb70e4f5d4b5fdf,1d6f279c5cf75069
a36cdc9ebe595113,305949f36ec257f1
2631b349e0ce5b83,bea81cb39df25723
d577027e9c295bde,4feef5086fd55ecc
85159c024a355d8d,fce282ad6f975593
6b5b038496cb56ba,38ea51c2842e5d18
3e429827093e538d,130b64fb2ca850d1
0092e40a13ea52f4,4ac4540129a65bb0
402b6ac9448a58d7,cc2629674c025b88
6cbc045e25c2506d,70d8a9deefa8519c
b30e51044c885122,b647914ba05e5377
61768c493892576d,a2bf4a8ae05f5e3c
d5110a9cb2b352d5,25b4f0a988fd59bc
b50b164056715968,f323816f971f557f
851ef663a5775acd,7c287eed95e357e8
25a3a5bc491d521b,d2ea085bed8758ee
868b74972b4c59fd,c17a2d79c8645ab3
14d171fcb9295596,f0c99d1d7c145d6f
0b5b1309df2f5627,cb612539b31055b4
bfdf115b602357a0,55147e7b07cf5c23
94f5959417f75349,626a406f95d157d6
91496ec9ca5f5d5f,2b23297329b75f50
2f05406bcdd55a21,ea0242ae0a0b5a2e
7272f8ee7e64591e,09c0efb6c3b05307
f669f89b3272514c,1adac837de7a58a2
4104c86ea5425c40,0d595547983a5560
eb0095eae628560d,919b7419871a54f1
593653db007b5826,f4af6b9e9a0c5d96
3d6703caa0c951a8,36c6892aa9745723
7beae7492ff45866,757c81e71db35614
63d80f7499fc5784,50958591dc5f5a9f
b58a12e346235cd0,747480f76c8e5a80
90693e0d94f05e85,7de41c8b6a835d20
0fc626b8de655cc7,345f9808b7ac539a
54ab49005da25b3e,65105e67546750b3
1c3e7aa7df415acb,a285b47b274456df
e10fd359f695575f,2b0f531567ea5ef7
a41bdf91223654f7,34f439bea19255a8
24dd5bba8f2f5c53,cfac2b2027785e03
835d02f9df8d5117,f5a51095272c58ad
6097ef5cbbfd5dd9,5585692f16365b1c
563cd0d9beb7563a,cd092cb34d915ce5
ac6472ee06855dd3,2697199d226c5b48
dc096269aef55bf0,7ee1680fbadb5288
35e457e286ab5db5,37cdb1dfcaec56a3
d7f2f0a77e3e5b4d,cc7ccbe473385e5e
54b1308d42085066,9bceece7e6235b93
1f06808c28765941,e84c2fde833d5102
00016f8b45c25a1d,484dc01db9ee5088
3623049267d35a95,003cd73e4d6858d8
3be53588a286557f,56b6bea798115633
c12b3554dcd655c0,c83ebde45a935d03
a5b24b47fef85a1b,272b8f7398e6574c
dc8554c53a2a5afc,9bc3001009e756ef
611576c7588c543b,d3f6a2f339ed5569
40d32b824b705cbc,09e659f80a135489
ead9740dd25f59c3,af1071bb3ae25748
0165d0814e905c1c,81996bc559755309
17da0f4b109154d4,19236bdddfe95577
192e92b5db4754a6,e6950819f13e5495
60b5ba011ea65e68,6713f59065e55978
75b0adddd02558ba,bcd65de927ce57b9
4986d2307c895bdb,af40ef238474573c
15cd405711fa54f8,e9d24e1f842b54b3
b614d476ea185810,f8ba28ca74945acd
185dd0f2003e5d35,32ff166852ec5c1d
cf05c9f4f6e55af3,4120f315c6f852ee
0854af027e06530a,2c5bb558f3175198
6545ddda66325e39,e59c447a2afe5e45
2034e8ae11cc594e,13bd8a32dfc9590a
4946bc8012cb5e83,bec540067fae5447
2d7a04e2df2d5bd3,765f5421c6695906
840d3a1a7a935536,b2627111fe205bff
dd182f5d47495d7f,7073b2f9f0de5113
7b48c1c9cf995c36,7e781d24d8825581
65130561cbfb567a,14372e1d773c5a23
b8b3f457e7ac5382,c448d5807e525e68
5be861ae85a75b45,470cb61ea9935741
3808a6ba716d5da1,840e2015d800530e
92bbb17b853a5aa2,16a9da21d3755767
1b96821ba3425e3b,c919c42f53215e1b
75128a99a5765e31,78b957df52045394
80c159e90ae755f3,7923eab046a65a5b
a479822714c6558b,422ebdf1685551a0
3adebc0f04ed5311,c69708d1eaab5a0a
65271f4c14985330,2614b026693057eb
482601c870805c11,45bb3cd5334f5df9
6632c49f6f675b7b,7d603484d71e5b0b
9b16e4fea2c25446,f816f2d019a556c3
b5f57f5a6b5b5244,7ade0b2de2725c08
f5d8dc03a0555cdc,15aba311cb2c596c
1615cf8bd43759c2,d8c98cbe0fe25fe7
4b55193d36c35e4a,f171fe5218fa5a3d
cf039efb320e55ec,dc71409882185123
9b0b6d3472465b35,d756b972d60c595b
64a417561b53530f,dfb9771720d55428
233cd84fc1c35f3f,8ea8af9ad062563d
0ef0e20c09865753,ca95a83570995691
8d1d97f4b7d05914,b510c72549635a2b
3b185264ec565b67,960fa0ac0b0f5d58
a4ab5ff4ba7259f9,faadf0b8b0da5c3b
7326774073dd5f7d,7314ad499f24559a
8cbb22946ab55633,afe2512625985226
02bfb6340c185b97,d9a3d904368c5c15
36899d67473c5c91,8b8eb362c7c859b3
1aa15402bceb5743,86a714f774cc5df4
6e6d55e69a6a5d18,53e56236ad285f53
81ba62d61b225021,89fb6e87a9a654ca
fa9e58947ab65890,420a999fd1e45c1e
f37d9bf7782d524b,8676c9af08d7537e
a7fa674076175448,cd7a9cc06e0e5bf8
84b38cdaa93e5dcd,3ee3b99c478655c7
bf1db71f1cc35b98,2507336ee8645106
ef90f66b5d465ebf,ac9f458fef245f0a
2488018e08b35c68,2387e512494d5d73
21e13e3ac13856b1,b1b54e4839f95dd0
115c513494975ef3,8ef14e72d1895c52
ed69e15d85ab50a6,4a9e24bc737d5838
34bead43250559f7,b40815dafe3555ac
4203da2e7a8b518d,90b3757e5c215f19
fa16fc0f1e9851a3,2383b54b539a523f
d0818bf765555782,8075cd0d1ec15d2e
9cd4479e1a9355a1,921b9f6fdf855e7e
b113e988ede45a4f,6d7639663fac5f34
fbf2eaa61abb5a2f,e175fd6abd0e51f6
0c437f9a102c57f4,d02b96b5fc6c5341
2576105926375ce7,6cc600f1b6e75823
97529137af275136,8c017295d1c55e59
72c898c5c6a45939,91d158db1c62538b
7bc20084dcb15f05,a30f46b79c615373
1b8f0a989c8b5636,cec82145cee65013
60991b5c52d85113,94e54ac10711543f
d780d3a3f10d567b,2edeffc6b6015102
e6a27e83c6025b68,746b39f919ff5045
dd2bc3e6bb8353b8,45821cba1f2b520c
1968ed26cc315d75,3353b7365eb85922
9bbdfa78ebc85eec,d1db26f8f1185312
17bc4c71fc425620,0bcefee46da250b9
8c12150f849b5b10,cba5e5dd1d855b8b
e2e2578cd6b6505f,df9eff008a625def
b27212debb885706,62e7a17de2cb5027
393eaed8070a5d2c,cb42c48761635c0a
a0f499d0aab45bab,3dcc4d0f431158f9
889aac2576295c91,e4a7d26fc20b5724
c707d147a5655289,8ee5eab5831659fc
fab1993d5d4759da,7b98a5852cc75c1a
172506ac332d5af5,c91f0e59623f5740
4376d00ed2245c21,5a0b198522e952d5
b934233d0ea6536b,216f4426149b5115
cccd69e7a6ff5be3,ce0033460158589a
d97244a589ca587f,fb4562426bfa5a00
2ea6bdf1e8905fd8,6cac8ec9a01e5ddf
bee76fa92b735b00,81677f1a8443587a
bbc1735031c25ff7,b604b10e53dc5caf
46369836a9b654ee,02d79fb826a052b8
57f2781030b25387,730d7fc4dc49524d
70f72122f1605fa1,8c930566d92e56ec
93e2a76b34b559fc,1481ccca03915ab1
463c7c8c669d57cf,d1a195b2bd235d8f
8aaf40c869ca574f,5cc08fe99dee59e4
067d731005885300,72bdf3527d8c51cb
274fc7077c1b55d4,33e9cb12d44e544e
025b657634505df3,fca16c1029365b23
4646c3058d13526c,4cb40194f3a455c5
d20dc707981f56e7,31911ae0bba3509b
f558dbb8523f552f,1d04702636be54fd
315ac5cd44ad5d1e,940c794bcf865e33
b04064e074f55bb0,3bc05c1cb6aa5686
5971485918d155dd,f2e29112c9fe5168
4dd55e4b78955eca,c8c7965671b15097
efc8eef1e7b551d9,b6fb1730c9d253df
1164ea5308cf5aae,ee3f10dc8e265621
5c4d8dfcb0aa5541,bd686da767ec51dc
91c7e207e3395557,27a171e02cb953d3
9baf79c0513b5228,9885782598ae58c2
f465e74f13e652ce,182d324d5ddb5e68
f3f0ebe8d9185b69,115d85359a11559e
9f699a1331785e57,ce718c4ad5695142
18d232e64db55ba9,22bed37da0b3550c
5b24b678ff67555d,81ba5c0b515f555e
3e730f46f6f055a3,4cc9ed364ab9504e
77155a60b2ae5e75,275365d56f8d54d3
2959d5dbe8235765,e5bd837e68855200
e3418fb50fa55320,2422f5823de85821
b425ed76adfb5351,51c6be316624594a
64b99da814205341,19eebba739a859b7
082ea12d7b2355cb,bef003198ff25467
2d9d1d9aa6d25bd9,69309b5b3e685b3e
8067c4f48fe45421,90d8539a364b5595
3eaee893ba995c48,a56619ddd5de58dc
02f75336f9f55e4f,37fbe843484c51e1
32a9021303f65743,c73f77ede18a55bd
11cadec88a8e547d,fd45861ef984594e
b9ef517f054450b7,280c61e673b15fb9
b845e97a49a75cd0,0a9df86bd4525744
9b0a5826d2d357d8,def60cb4d44a5cda
3d400bec249a5f88,9f3c3694cd9659c2
c9aa2159bc3a50a0,507eaa47aec35724
dae9ebb7c5ff5c6a,b5db4c21ece0571c
5757a661eb0f54d2,5a1a7b9ce7235045
71bacc65bda2569c,90d737fd14645dfd
f2fdedb5a4ba5c4c,01c8f81194c4588d
4ee4ab24a93f5375,76de45adc2d256c5
043839beb58a5dad,bc25f89c5bfd5ed3
02799c5e8bf35595,6780ce06017d509c
2462c21ce2bb5f2d,563d4fa49d145006
8a808765078856bf,6f22e54f3b3b5e2c
0b4a7c2ba59e5a8c,8905daa97d445a65
580a10ad9ad55a5d,eef74040399f5abb
6268acf58d415ae8,0511a134b4e55ab3
d9d78961c83a5acb,53130ac48eb45caa
5667135252dd528a,54c2ec244e9e512a
a899eed59bf85d84,e4e234ac6ab25db4
93eb75a6d0fc5db4,4cf3c93e10d05834
15dd65ee730d54d4,9b1df0dbcb11569e
9fa75f1d5863570b,40963f81657e5b4e
4c1a6bbf7aaa5228,80671ce5f48e5aff
fd16b1d0d41352ee,46fb8b1718905b80
690efce01f2054a7,807e359e0a2355a9
25226305bdff5efd,398dea0ebddf5f00
cbc47540cc665da4,ce19eadb860755da
8628470b20555c1d,b01f93c092b75cbf
ddc1271ea57154bc,c8cc7f75093d5304
54a295777c3a5d46,07584769c313598e
a589b9ccbe3e5d1c,ce7a04a700895324
420d59a27cb053ae,eeb405dd48bc5d72
238f1cddb9415996,cd3a6a42a5cc529e
cbf53151339658cb,ad1bef1f2e9c5a01
2189449ddbf65bff,cacc661d8bdc5235
ff1a4e51e3f558ce,c7bb93b8fed25767
3c31377fc8f65160,e51722b82ef85520
3461796610c15a0e,973e0ca36fdf5436
645e36c611b552ce,8d990e2c14ec5708
c5e4f3c361b252c1,5c7b201ac57d5d56
43d3d40d9f3b5266,ee2551f728305314
e6f0e2d8ec345ad6,a86bb159644d5a31
701f0be254de56dc,6a49aac7512b59fb
b2bdd6d761035ca4,3bee1cd8bb335d8d
5ca0bd6bc8e258c9,e7f233287fc4559e
6c84787939055fe8,22aa074bf78f5af5
9411f5b779cb5d09,25fdbd854d3359bc
3d325eb7d07c587f,a2209ec9cffe5a40
0004474e9e3f5470,57277bdbba6a549c
44c38912946e580e,58c3357487cd50be
75aa8f2b9b6250e4,7fb4e5cc0f0053f0
c59ff27cf18056b4,7e085f5dd5885290
2ccb0b6871c9515c,d1005b8b31c156af
e1d5cb7ac38f5038,ca167ba523de5477
cc934224447a5c86,225dd89a5e8459f3
501de4adcf415443,5805a73e07a75d84
b39406677030585e,2bab77f6f3075436
9090d50c08b05715,99ff40fb6aa8579f
7cc4cef34e635c5a,f5ce76c0d70d5ba0
e3ce6f2ef9765b9a,e12142d7c3ed5b28
29143e2319415eec,baa0cc67e9475ca5
9d22457757985690,b96e845652d85df1
cc9a87182a05533d,35fd58844d0154d7
61984566807c5b11,17e9ab2e7a1f576d
942df6bcc0c65bf9,bd00d903d78c5a28
367967cea49c5dda,eb12263d10fc5fee
df240e44ad0d5c3c,13329de5817b504c
81b8a8b98a655f0f,a43f1e448f9f558f
108fd8b55b1952af,2c2a267fb2fc58c3
f6b3ef5ef2085e46,6d2cf11e47935936
7fae2ae6ad895261,59b9844c7e205135
c5ee24aa8f5059d6,4eb28a5f89765e18
8b10128072e6539f,90a1f19f661d5c6c
e36762528cdb5e37,2767d7a935135964
f66694a622cf5c99,d2f63fb849a15a15
9a22009eaa1250fe,268e0c55dbeb5c84
cd8713b912495b6d,280c92db918b5255
6dcd43697e01597d,7df2d1de9696550c
3ae3cf56296b5861,32a8286d5470565b
cdf51b82bae55641,c112bdd60e6e5968
5c2c553d990d5a17,4c7a22bc1dcc5b23
4a4ce3ba90ad5614,95a26f8c8a9c55be
eb430bd4f0095c28,7f1c6d3c02e9523e
517530489c455086,294b69ac508a5e9a
3d1c445859d85d51,bda4b887e16c5207
cdba9f9589685289,19baccd9fe435bd2
9fc5098e21355c6e,4e028f2295615325
184ad79fb6555bf0,325f3c4a281b5e17
2076a8bdb6da5fe3,ef6dcbd9e7865a2d
5c4c3448f7a1517f,8a6692d2096d558a
99127f15fd9b5847,fa8b37620e0d562d
677d8d1e838b5793,9d82d608a3675f2c
ff4dceb630df54fa,a728fcf5aa9859e2
7956fe13f69e53dc,d85a10aa14be5e95
fb2402a506065225,2f28cca4fab85f3a
79551644e9715069,65e11efc218956eb
09978bee1b655865,2ecf5df8c2da54dc
9d5e6089bd0d5caf,2bfc3be5bf7b5d48
9a1d23e8ed1b5837,a4e61ce5d8305c48
1c2eb038a9ea5caa,499e5798b91f5c88
efbd7ea4d97c5cb9,209e7947db2a52b9
cbbc4cdfaf2e5106,d876129cf2735880
daea2a5f018858f6,37b2b6d6fbe75b4d
819d4bdcb0855118,dd639d8e5aa75667
f4cc7553b85f5fb0,aff63289a0465a31
5a03ac06c53d5b19,40de4c9983f15a7a
b11d39291cd55ed7,fd7721a9d5b75078
41c7edfd989451cf,93284c94998651a6
99dae52a2a6451da,d0658a82cc01578f
70847cda9b3d5b07,d8a5631668b55600
3bbe96de854e5ff3,f156a16f60ed5c2e
382c08ff59d5504b,70b074ba2b0d5c09
ead04653ed0c5545,5e5d7ff8e8025897
d782b032259d5cc0,ae7f2528a42450e4
b9a8107ff09d5961,8ebf5581f09e51bb
ab9d0f7542805d20,6e6acc4b3e075ae9
583113c5db20565d,480699c576a85f88
f0f77f6f5cb4562c,c328bf21b3e85391
c505de060d305ef5,a3a13a44bc3d57cc
433d630eed9d5f3a,34fc963dd3605d9a
6f385b24c5a651bf,31e5d18e936b5685
06ea285b61b55a54,b7b9e5c0dc1f5f94
24f29711e1a05cb5,f3abc44ca7c758ea
e8d6682562335254,28f85207bcf75250
805fed6cba8c5fd3,5e62d03813315ed1
3bdecfdccc335eda,b6222d44816b52bc
1d58f582aa95543b,be6c76294ddd5839
b0a3bbfe213a507b,56fd6ef189eb567d
aaf1c9da44cb567b,06091d727eef540c
a44db880afe95be7,c083eb4ea99a57e7
0e74f7b5b7c45c1b,a3d56480262e5c0c
7383ddb2fac255cb,a146b79b9ee25f54
4a096077f8165879,ba958042bbde54f5
b13f0b445e605951,f69d05e774fa5ee6
9a1b2cdfbe7d56c0,688504adc1325938
fdd71ab4630a5fb8,6b99b28e07705f67
7238724f2bff58f0,f00b5ceebb4d54e2
e933d70dd378598f,b753c20ca23750d9
cde6be1eb8f85b3c,c432c77c846e5784
d11fc492a41e5279,a1d66540942b5bf6
2f482e2df2565b82,459f51ce5b11578b
e1ea05ca230f5c42,5fe8051f645d581c
0aa18dd2372d5e11,3e2377bf1b34555f
3cbb6c030b1e5d19,5749e1c7319f5703
2de709220e34507e,c6868017691d570f
b2b49c0ddec25abc,87b44675fc185369
4a2f87a2fd42549e,7f4bc52573525161
e24d893472bf5ce0,cdf3de2b4346503c
ccf5fed938d95a04,bc8072bf060b566c
3e7bec3b1c4359b6,5f2d42d5f9dd5287
4b5f475a2afc5ed0,b4acb1700f7553a6
749ac04eaa475981,93f38de579905baf
e9d16ba0eb935220,186461eb7a0d56ec
f6eec3b743985122,f65f8519938f5646
3257b4f1ac7e5b62,87c3ed85ada454cc
5ae9a8971a6754f1,64df77a03f065c9a
bbb7e4525bd05d3d,a130a42d7ff15af7
7d2043fe1fd75586,7a487f440bd554a6
081b5785002b5962,b0920f36492b5f48
81e0ac3869b95ef4,5e5c670e2cc85681
a26ee25cd4995271,9a3aa0fbf2c952cc
484bac10bd295459,f10558e67c925994
93e2377357d9551e,9372fd5a1d77555c
0969be1cc6a85a76,095de62095105dd7
8c67448dd4da50a3,913070fcf9845e72
3e96578a903d59d8,625ec9c63e23545e
6ac603d43fbb57ef,ac4a4d6e72ae55f7
c520f76d99f359f2,9610ee1a53bf52d1
e5e0c85236f95d91,df3682937e0b5373
97628f2e9ee55826,8a60381cba795076
0ad9939a6b875bf8,0590062da5d9528c
bcea19eeb57f5cfa,fe317db26744580f
c9ecfe02b17a5c40,f96cf86094525742
2ef80fbe7233514a,9ac7b0b1d65958ed
801f4878074a5a59,e8c4aeb112235700
bb4f37403cea5b0e,59df35a80f055242
3b4031def0f45d96,4b1f99b4dfab5c24
6a064f6f4529550a,d967955f9e925c13
a55fa060a119508b,587442e15b1e51d4
f3047391e1f25aad,8315145850fa5d29
d5ec09025a1e5a0d,eaec4d66772051c0
d9d93568b27e5649,20954f49a4e659af
b38366e3befc5200,6957a25d9a585542
34ed4880444350af,5d064539bd385ec4
ba8688a796b55984,86a1407133575e46
4d267b88562f52da,94d8174d15ee577a
a1d53677e05456b3,1d6f279c5cf75069
11c529f1623b5034,305949f36ec257f1
baef20f6b33e594e,bea81cb39df25723
259c9d9aac5457fc,477fa370c8da55c3
947829285f5d5526,fce282ad6f975593
0317b218061b5c4d,38ea51c2842e5d18
fd3606c29f3f57fb,130b64fb2ca850d1
6abe0ed266f258d9,4ac4540129a65bb0
792d9ff087745f33,cc2629674c025b88
47c92818d9005eea,70d8a9deefa8519c
ebfd1e0fff105c51,b647914ba05e5377
0c4bf4c931b05734,a2bf4a8ae05f5e3c
2721fbd6b58d558a,25b4f0a988fd59bc
f54559dd98e75d83,f323816f971f557f
d719f6e5de715f5a,7c287eed95e357e8
111191a59b9c53c2,d2ea085bed8758ee
412e722526585e4a,c17a2d79c8645ab3
fe703fbf263151f2,f0c99d1d7c145d6f
5ee6f86b7dec5484,cb612539b31055b4
e698c7da1faf53f5,55147e7b07cf5c23
b20a2f0ea9135457,626a406f95d157d6
d42e15faa6375e18,2b23297329b75f50
3b2f051d7b9553e9,ea0242ae0a0b5a2e
aadb2479ded750e4,09c0efb6c3b05307
496b53024fb657ae,1adac837de7a58a2
ffed00245f3f5d00,0d595547983a5560
d928098371595be7,919b7419871a54f1
ac4c20c8dd0a5e68,f4af6b9e9a0c5d96
3b6f7096a2cf5621,36c6892aa9745723
e0cc59c7dc8c50bd,757c81e71db35614
d306c671b1ce531c,50958591dc5f5a9f
4a4bf6e11a875f33,747480f76c8e5a80
9a94341d994d5ec9,7de41c8b6a835d20
e0b9f01f36d75552,345f9808b7ac539a
dcff89b03b925c41,65105e67546750b3
433a4b88d64350dd,a285b47b274456df
29c5b3febc2f5704,2b0f531567ea5ef7
87fa0c79b31c563a,34f439bea19255a8
b7205dc330035bf4,cfac2b2027785e03
fb4908bfeaf75ab1,f5a51095272c58ad
e377a0a97c895d9c,5585692f16365b1c
4e7cd1f8ab6353ff,cd092cb34d915ce5
3d8f52b9bae25a90,2697199d226c5b48
7fb1c845280a55aa,7ee1680fbadb5288
6f7c844cb6c0587a,37cdb1dfcaec56a3
a52bce0753d8563e,cc7ccbe473385e5e
af7ef7050e425cb9,9bceece7e6235b93
85cdfd35b2cb5692,e84c2fde833d5102
9d9762d42ff5561d,484dc01db9ee5088
257773cfd41d59d5,003cd73e4d6858d8
aefd4ac2f4005309,56b6bea798115633
6c903f55bc7650e1,c83ebde45a935d03
bf7e92340c6454a2,272b8f7398e6574c
3a8cbc5f12e25e1f,9bc3001009e756ef
c8ab144242b05eba,05be582b0e1a56ef
1cb96199b6a45732,09e659f80a135489
d474e3bc97d253ee,af1071bb3ae25748
cd89b212efe9585a,81996bc559755309
667ad9e70e1d525c,19236bdddfe95577
9326163d4c9c5d16,e6950819f13e5495
1e01550fc9d656d8,6713f59065e55978
cd5af222f868534b,bcd65de927ce57b9
7b2758fa57ef54b7,af40ef238474573c
69a4cff1f35655ff,e9d24e1f842b54b3
cbec1eda814e5065,f8ba28ca74945acd
2248832a822755d9,e467e0c884f55909
b770bd5be66d5339,4120f315c6f852ee
ab40048b88b257c3,2c5bb558f3175198
74a397722f465751,e59c447a2afe5e45
a19dd8ff9c4e5fc7,e1ced2cc879955c7
6de8e1962fc4559a,16415527b7505eda
00b838c358175255,765f5421c6695906
1636385aa7ce5995,b2627111fe205bff
e6025eb182885adb,7073b2f9f0de5113
f7c57baf089e561b,0afbebfabaf15932
1814002af9f253c6,14372e1d773c5a23
c62dafe55b9d538d,c448d5807e525e68
dbfcc3b5aa945597,470cb61ea9935741
7ae00644dbef537f,840e2015d800530e
c1ea7d700faa5fee,16a9da21d3755767
a5b2403d85fc511d,e76d0a322a34517e
a1e8639c17ac5089,78b957df52045394
1b203e7299655c9c,7923eab046a65a5b
774aad2507f75660,422ebdf1685551a0
355dadd64723531e,c69708d1eaab5a0a
0d09772186295ff0,45bb3cd5334f5df9
0e016d945ce25090,7d603484d71e5b0b
2a5a7c87bce352a7,f816f2d019a556c3
2daa400892ce5a95,7ade0b2de2725c08
2dad1998a320527d,198965a39c865f16
c6281b21b9015448,282d610f51ac5161
cf31c5ada8c353bc,0a6a92e5c1d45cdb
77519294678a5fed,dc71409882185123
54d1762cf973535b,d756b972d60c595b
b4d8ee8da1c153f9,dfb9771720d55428
0603ebc3a71d59f5,8ea8af9ad062563d
260d8dc1970256a0,ca95a83570995691
85185d3ba8b35890,b510c72549635a2b
4f21925f1a7c5983,960fa0ac0b0f5d58
96c003cecfbd5a91,faadf0b8b0da5c3b
367ead111dcb5764,7314ad499f24559a
0af68cc78d085fdb,afe2512625985226
919aa2aa25a951f4,d9a3d904368c5c15
599c8b2bc9b252a7,8b8eb362c7c859b3
ca85e7b7b71559b3,86a714f774cc5df4
86e394f2cb345082,53e56236ad285f53
cdc8b2ccd20f5c80,d89ab41c3ace58f0
1bc6668f3dff5822,420a999fd1e45c1e
72080a4a90a65d4b,1f0c9ab1ec7a5802
125a155883e55be7,cd7a9cc06e0e5bf8
67fee242b1a35834,3ee3b99c478655c7
490f4995542058fc,2507336ee8645106
95448c5ace9e5a22,ac9f458fef245f0a
3388246402ca591e,2387e512494d5d73
c73dd42b15465858,b1b54e4839f95dd0
26e7a31dd615509c,8ef14e72d1895c52
977f40bd144b59e9,4a9e24bc737d5838
cf62911d4c7c541c,b40815dafe3555ac
d436fd792f365847,40e641156d1c5c03
2bf94996d2325e20,2383b54b539a523f
07c5114fdb395f8b,8075cd0d1ec15d2e
d2ce22d49c4c5166,921b9f6fdf855e7e
da83e9a4e38a5d6e,6d7639663fac5f34
f98bff8bb0675d96,e175fd6abd0e51f6
7f9c22da74d35642,d02b96b5fc6c5341
3dc04b54c3515f56,6cc600f1b6e75823
29c5f96fb4e95d3a,8c017295d1c55e59
7f1f382094685881,91d158db1c62538b
975e6554112f5a46,a30f46b79c615373
31cacaff4fa25b87,225e4228d89c5c37
6debfcfccc75589c,6a345891952c5ad3
fbe786c417ca5245,2edeffc6b6015102
e511376fdf3250e5,746b39f919ff5045
1e04c6a2644f5c2b,45821cba1f2b520c
bd70654aee0f54a6,2b17b33c128c54c6
a08bb182c3d558da,80c377d133ce538e
8f60912c624e5f5f,0bcefee46da250b9
725cc9599c3455ad,cba5e5dd1d855b8b
756ce42a326f5033,df9eff008a625def
3c3991ec8d7a5507,62e7a17de2cb5027
fde7abb615895be2,cb42c48761635c0a
49f0872dbe1958e6,3dcc4d0f431158f9
76a0c83f0b6453a0,e4a7d26fc20b5724
d243aa8117495932,8ee5eab5831659fc
bdd67f08ac585568,7b98a5852cc75c1a
b7bcc88d87ba59ae,c91f0e59623f5740
8fdb21d863c5504b,5a0b198522e952d5
8227648b1da95adb,ac9d0ef5887e5a95
4925a678992c5726,ce0033460158589a
8af2a66435ea565a,fb4562426bfa5a00
03986e48fa5e5f90,6cac8ec9a01e5ddf
9300251ea784552f,81677f1a8443587a
578fc7fcef215f0f,b604b10e53dc5caf
345f39f8de925db9,02d79fb826a052b8
fb62cea889d654ec,730d7fc4dc49524d
c77bcde9378b551c,8c930566d92e56ec
13fa82d6564e5bac,1481ccca03915ab1
ef7822ee7fa35042,d1a195b2bd235d8f
e0388cc13b635cd7,5cc08fe99dee59e4
ed02d0df47ca55e7,72bdf3527d8c51cb
fe800ded24045b44,33e9cb12d44e544e
4ccc9e33aa795ef1,9ceb35b69d4251a7
5d68790fd55c5e41,4cb40194f3a455c5
d5b18d6105c25004,31911ae0bba3509b
fa80f505766d50fa,1d04702636be54fd
6cd0498ce2d857f3,940c794bcf865e33
e6e4e254f1c55405,3bc05c1cb6aa5686
062255c18e275666,f2e29112c9fe5168
8a4a0c6823cd5e33,c8c7965671b15097
17ea7a2cc29957fa,95113c65edf15111
5009bb0ce61b5921,ee3f10dc8e265621
5041cdf76ecb5ee7,bd686da767ec51dc
6074e965781b510e,27a171e02cb953d3
6361bbead79c5ac2,9885782598ae58c2
e96035d0292956f1,182d324d5ddb5e68
b5be372c45f05a96,115d85359a11559e
2e1c1db92800578d,ce718c4ad5695142
128ea9f2561d53d1,22bed37da0b3550c
54b1735112ed5840,81ba5c0b515f555e
ab74b3b32d8c5006,8d192a7c73d05964
20d3a5f5b9e6549f,275365d56f8d54d3
42545a072b1a5820,e5bd837e68855200
ba82b67601605dd3,2422f5823de85821
e166284508e554fa,51c6be316624594a
7e3ae733f7ef5c8f,19eebba739a859b7
18375bbfe4c85ae3,a72d299451f65201
571c1c28470e5dcc,69309b5b3e685b3e
ccb2ae93b23b5826,90d8539a364b5595
7b4a9abdf718584b,a56619ddd5de58dc
9820fb92380b522b,37fbe843484c51e1
ef9b600e65ac5391,c73f77ede18a55bd
989aefa473b75a2a,fd45861ef984594e
7752ef9225b65783,280c61e673b15fb9
866f7eb093ac5244,0a9df86bd4525744
2a9a3fe02d46551c,def60cb4d44a5cda
dde50b95cefd5ecd,9f3c3694cd9659c2
5b7d7e1a42c95cd7,3aebd53d00015611
1e4fb3a9572f5e7d,b5db4c21ece0571c
96164ad9ed8557a7,509b7d294a4e56ca
e747d6fdc59252f3,90d737fd14645dfd
7e7480ffa3aa55a4,01c8f81194c4588d
508511fd38a15d52,76de45adc2d256c5
4bb2fc18f5ee5dcb,bc25f89c5bfd5ed3
ee9a17a589805c85,6780ce06017d509c
05987b88b7be5bea,563d4fa49d145006
2dd890fcd27352c5,6f22e54f3b3b5e2c
b2eba34ff4c359cc,8905daa97d445a65
bae779013dfe5537,eef74040399f5abb
1a775d7198a654e0,0511a134b4e55ab3
255c8b9b215458f9,53130ac48eb45caa
81a726148d245594,54c2ec244e9e512a
7c8dfd86366157b2,e4e234ac6ab25db4
bd77aab92bda5261,4cf3c93e10d05834
967b41c4778d5aac,9b1df0dbcb11569e
fec541917e3f5029,40963f81657e5b4e
e9bb1dab462252e9,6851d78fed2357d5
4cdef6ce55a7542b,46fb8b1718905b80
8b328af730c75e49,807e359e0a2355a9
40f09c66198258e6,398dea0ebddf5f00
0dfdaa7ed7445e7c,ce19eadb860755da
5c3080b50d365629,b01f93c092b75cbf
d0bf0c6c025c5c8c,c8cc7f75093d5304
3f85ed22ffdf5683,07584769c313598e
7c2c92e3afdd555f,ce7a04a700895324
ab0c43fd9f2c5481,eeb405dd48bc5d72
998c6c28d1475e78,f8f3c6484d2a5a33
27b5c3ce868856a2,ad1bef1f2e9c5a01
53f8bc4012fe5f29,cacc661d8bdc5235
02f1ad081f41550e,c7bb93b8fed25767
eeab709ca6e05d14,e51722b82ef85520
d5ff634ca2dd5801,973e0ca36fdf5436
7884402f265258ff,8d990e2c14ec5708
d89c9a87852151d1,5c7b201ac57d5d56
13ff352834f25320,ee2551f728305314
9ebcea6ba47651f0,a86bb159644d5a31
86c1c1bcec395011,6a49aac7512b59fb
9bdda55e20a15705,3bee1cd8bb335d8d
1b2bf4aef1465325,e7f233287fc4559e
7b7d556d563f5ac4,22aa074bf78f5af5
355e4d5dc6c15b9b,25fdbd854d3359bc
93614dfd833d5423,a2209ec9cffe5a40
1b10cc004b735f40,57277bdbba6a549c
0f7a1388a17f5654,58c3357487cd50be
93c82496dc8e59c5,fd4424d1f58958cb
22af89102e0650b7,7e085f5dd5885290
059912706b0758dc,ebd40cfd06d25b91
8486dcafaee75d76,815c2571d02656a0
84a6257839b65f93,225dd89a5e8459f3
7f3ebea7b3415f87,5805a73e07a75d84
b547cd052795562c,2bab77f6f3075436
9568c56631be548e,99ff40fb6aa8579f
2601ffe0d2a056be,f5ce76c0d70d5ba0
d484aff53cd1589f,827bc70cc1d150f1
dad96574decb5a68,52681d3ab42656fa
dfd27e2c5d7f50fb,b96e845652d85df1
56d552d6bb425954,35fd58844d0154d7
a9c368a110585b1a,17e9ab2e7a1f576d
3bf40232476b591b,bd00d903d78c5a28
33f04aa1460b5dc5,eb12263d10fc5fee
ece3a3dc01cd53d2,5267737202af5788
a806a92596d6570b,a43f1e448f9f558f
ccc2b2377fea5191,2c2a267fb2fc58c3
4167ff5049555a2f,6d2cf11e47935936
c5f6d8de44475520,59b9844c7e205135
a0b67d1ac0c35d26,4eb28a5f89765e18
375d03a139615179,90a1f19f661d5c6c
3f11ac11755857c2,2767d7a935135964
3c3cc389d4ee512b,d2f63fb849a15a15
7df1cd3745675ca9,268e0c55dbeb5c84
4de72cf1449b51c8,280c92db918b5255
c81f2105e14758ea,7df2d1de9696550c
7316c116f05d57a5,32a8286d5470565b
39e708ddd82155ea,c112bdd60e6e5968
0456452c8a13546c,4c7a22bc1dcc5b23
77868241ec115a11,95a26f8c8a9c55be
197f2dea642850e7,7f1c6d3c02e9523e
4900cab7493059e2,294b69ac508a5e9a
0a5780be84565110,bda4b887e16c5207
295e5c491ca35642,19baccd9fe435bd2
9be9c9c84b625515,4e028f2295615325
008b419a63b75917,325f3c4a281b5e17
06d7515412d45507,ef6dcbd9e7865a2d
073d05efa44b5241,8a6692d2096d558a
963ea50b7eb2554b,fa8b37620e0d562d
b47df4a21c515394,9d82d608a3675f2c
e7b269e3a51c5713,a728fcf5aa9859e2
60826aa0bcfc5225,d85a10aa14be5e95
82ba424ca77e5a4a,2f28cca4fab85f3a
ad3d0b30c78355d4,65e11efc218956eb
68d4846662cd53c3,2ecf5df8c2da54dc
5fed3ec5ed1351c1,2bfc3be5bf7b5d48
1fc2b1630a0e5c53,a4e61ce5d8305c48
9114a3a480dd5466,499e5798b91f5c88
dd443a8a8d805e57,209e7947db2a52b9
d5eca47b1fc25d20,d876129cf2735880
56e1329f01d95164,37b2b6d6fbe75b4d
919ee41f5fa65358,dd639d8e5aa75667
85229d62b0965482,aff63289a0465a31
b762ea96cfa75157,efdc6c148f605804
13b137cecf4b57e9,fd7721a9d5b75078
1d6a5273610a56e6,93284c94998651a6
de8957bb05ae5d5d,d0658a82cc01578f
516cb0d01d1f5b32,d8a5631668b55600
42dc421e37c154e5,f156a16f60ed5c2e
92471a550d745af1,70b074ba2b0d5c09
bc667a4fc0f454d7,5e5d7ff8e8025897
45c3a52706c555df,ae7f2528a42450e4
589c06909f1c5c27,8ebf5581f09e51bb
084ce89976f1505e,6e6acc4b3e075ae9
a43337e3cf725ea6,480699c576a85f88
ed7e9a246a01525d,c328bf21b3e85391
1cb21a59cbf95e1e,a3a13a44bc3d57cc
eb74b3c99b175bc1,34fc963dd3605d9a
1f57ce2072e25edb,31e5d18e936b5685
fae7a01d5d815f04,b7b9e5c0dc1f5f94
ff66468144595101,f3abc44ca7c758ea
531415bb29245095,28f85207bcf75250
5cfbf7afa66458c3,9c71a3d229b05526
dc2675fb11d6540d,b6222d44816b52bc
1db7c81f96855ce9,7453418d578d5ab7
99c561c0507851d8,56fd6ef189eb567d
450d66ced3175d35,06091d727eef540c
23d647e77f2d515e,c083eb4ea99a57e7
0f622aef14545f59,a3d56480262e5c0c
cd9330daeec55224,a146b79b9ee25f54
04674da1553352ad,ba958042bbde54f5
2c21ad85949653a6,f69d05e774fa5ee6
9cab6ab13a3059de,688504adc1325938
485b59c15a7d5e8f,6b99b28e07705f67
cc8a7b88b06b56c2,113ab29aec235c8b
e2a0ac6a977b5c70,b753c20ca23750d9
d3e3c4998ad25800,c432c77c846e5784
6a934e9ad62352ee,a1d66540942b5bf6
be0e8eae708f5d4b,459f51ce5b11578b
d53ab6056bc85085,5fe8051f645d581c
3078139bae8e592d,4264bacf0fb95ce7
773ae953dba953b4,5749e1c7319f5703
5c665c5453cc54a0,c6868017691d570f
ee5975ff12275983,87b44675fc185369
0038810163a05e09,7f4bc52573525161
817f460a4ad7577a,cdf3de2b4346503c
b3de35a12e36586c,bc8072bf060b566c
c6ad08c8eca55275,5f2d42d5f9dd5287
6303f880d5c05166,3943577fe9815c65
6732b99133eb5d36,93f38de579905baf
597f506bb5fd5a83,186461eb7a0d56ec
ecce119989c25ae9,f65f8519938f5646
58b6d3046d18508e,87c3ed85ada454cc
9baf3c1d42b25070,bfd72a862ca85564
61421159b240530d,a130a42d7ff15af7
2f1edc1ab2b55b05,7a487f440bd554a6
cb163ff9424a5aee,b0920f36492b5f48
65107c981e1c568c,5e5c670e2cc85681
5a3613f60fb454d4,9a3aa0fbf2c952cc
1682c020a94054fa,f10558e67c925994
2ac5f9fae5a95215,24b15c17158f5687
adfc4abb1c4d50b3,5a6c5e6e7f875cde
c9cf4a630abf5bc7,913070fcf9845e72
ba8af38306035c11,625ec9c63e23545e
f25f295b364a5f29,ac4a4d6e72ae55f7
154d0d1b363f5501,9610ee1a53bf52d1
834a7c22e2c55c71,df3682937e0b5373
ac2e86e04c0a5287,8a60381cba795076
b53158c719675897,0590062da5d9528c
c93a302d2fb2508f,fe317db26744580f
72779ff1ead25f44,f96cf86094525742
3afb7780247f51bb,9ac7b0b1d65958ed
c43a415dd7d2585d,e8c4aeb112235700
744f8d8edaf859fe,59df35a80f055242
978a5c11fbff5589,4b1f99b4dfab5c24
906ad81ffb6953a5,d967955f9e925c13
dc97241b7037592b,587442e15b1e51d4
bb4ca2b147d35b62,8315145850fa5d29
6239683a6e0d556d,eaec4d66772051c0
f636a93caad2585f,20954f49a4e659af
9f4bf4a979835749,6957a25d9a585542
542304e2baf25357,5d064539bd385ec4
24e453c47f635ae2,55422020aa475383
cfa1a5ff80355988,4928a151f91853ed
ae50b115259f5a24,34cdb6f746565eab
1a928640315c5332,305949f36ec257f1
750b8c926ffd5895,bea81cb39df25723
8e5ce0a119585d3b,477fa370c8da55c3
d39ff27c54d55ef1,fce282ad6f975593
bca002ce93bd5997,de351a00992e53b6
3d11d1a35e8f500d,130b64fb2ca850d1
5e119121956f52be,4ac4540129a65bb0
d9d22fcc4d395fc9,cc2629674c025b88
5012cae5e4fc57a1,297e60d196e750e2
14d53eb06a7d582a,b647914ba05e5377
ab226645ee6f54aa,43cf435bcc035cbc
e5d2a01ab5b0562a,25b4f0a988fd59bc
42052560d5925f35,30d2e312d547511b
e9fd1602f4555be6,7c287eed95e357e8
78ea729667c1558b,d2ea085bed8758ee
cddadd26002959f4,c17a2d79c8645ab3
1e241714a35658ff,f0c99d1d7c145d6f
23d70775af9754e8,cb612539b31055b4
b7453f77be5b53df,55147e7b07cf5c23
914113b241ca5e51,626a406f95d157d6
fd9dc6fb2e145ef4,2b23297329b75f50
c022ad6a9b6f5367,ea0242ae0a0b5a2e
0182731334355e48,09c0efb6c3b05307
569f53e485335820,1adac837de7a58a2
e036ba13ad4d5784,0d595547983a5560
330e7ebc96d05251,2c39cd3661df5035
ec3a67acceec55cc,f4af6b9e9a0c5d96
0e0e30877d725664,36c6892aa9745723
78c9157a55905d81,757c81e71db35614
7b37b72faaa25b5d,50958591dc5f5a9f
db94e239ea1a5468,747480f76c8e5a80
5b20163cab175e68,7de41c8b6a835d20
c1686b2e1a4e5149,345f9808b7ac539a
01e3dbb4fbcd5781,65105e67546750b3
153dfbd3d4355809,a285b47b274456df
d192ad1c7fa95445,2b0f531567ea5ef7
9a524d13e6795a95,34f439bea19255a8
b27f68fe02b059ca,cfac2b2027785e03
d443368fa4615242,f5a51095272c58ad
5bd8cf3fa67a524f,5585692f16365b1c
d1ac97f2f57553d0,cd092cb34d915ce5
dbcee699816e524c,2697199d226c5b48
63ab092351905a60,7ee1680fbadb5288
cdd097ea065a5ff7,37cdb1dfcaec56a3
e18ac69f49cf582f,cc7ccbe473385e5e
f38ecbfea0075cca,9bceece7e6235b93
ec2d4139247f5375,e84c2fde833d5102
069c47e25ca55ef5,484dc01db9ee5088
ec097e80d5565caa,003cd73e4d6858d8
eb9fd90de700597b,56b6bea798115633
003ead1914c051d7,c83ebde45a935d03
15f703b63e545d42,272b8f7398e6574c
9089d6dfa77e5488,9bc3001009e756ef
9d213c7b9ab4550d,05be582b0e1a56ef
75a1c2654839522e,09e659f80a135489
cd6e2fc752755753,af1071bb3ae25748
3f2a3e63c3045c95,81996bc559755309
7263ccb23351549b,19236bdddfe95577
734ef653644c55b9,e6950819f13e5495
4102a6399acf528b,6713f59065e55978
c7979a062bff5710,bcd65de927ce57b9
71e2924dcf525bc7,af40ef238474573c
4f2041f942aa5630,e9d24e1f842b54b3
4d4ed59397825822,3167691966c45652
d1e9fac71909545f,e467e0c884f55909
1979ed31b57b59ea,4120f315c6f852ee
61a236d173ef5055,2c5bb558f3175198
d54e58ba5e575ac0,e59c447a2afe5e45
834a23e3dd25542c,e1ced2cc879955c7
850fd96a46b25445,16415527b7505eda
83e895f722575452,765f5421c6695906
d8c6aedcb54a56fb,b2627111fe205bff
70ac542a408b5b93,7073b2f9f0de5113
2b9bb7ffb9cf5da8,0afbebfabaf15932
b0b850e74a1e5bc7,14372e1d773c5a23
0a99133136835ee9,c448d5807e525e68
ba84537a483f508a,edb817c8a14d5ba8
14743d928b9257a1,838057751b3654cd
5ce3b2260be35a1e,16a9da21d3755767
555af87f71415a3d,e76d0a322a34517e
028d10ed5c105755,78b957df52045394
16ee6602bb5c5e99,732c2708704854b9
43066c8c8e325fcf,422ebdf1685551a0
06d348162e80510a,c69708d1eaab5a0a
c9903c96ff4153fe,45bb3cd5334f5df9
dafc83b1558053e9,7d603484d71e5b0b
0145102e6c2f5803,f816f2d019a556c3
2b4fee42169a54a8,7ade0b2de2725c08
ecdc079932755e4e,198965a39c865f16
3efebf87894a552e,282d610f51ac5161
7fa02fbd7287526f,0a6a92e5c1d45cdb
53feb52497035b3e,dc71409882185123
9fe281ced54b55b2,d756b972d60c595b
c1cc5d15c3f554e3,dfb9771720d55428
2e194d0e7a675b51,8ea8af9ad062563d
2b34624bf9455480,ca95a83570995691
bfbc82c4f65a5208,b510c72549635a2b
6227e5b0f0d4592e,960fa0ac0b0f5d58
03b33d7830ba522b,faadf0b8b0da5c3b
f21d5b2f9a5e5276,7314ad499f24559a
4bfd5690eb3d5c6e,afe2512625985226
f994322c76145318,d9a3d904368c5c15
cbcd554895c75231,57dee624900d56aa
6b580c6ff00b511f,86a714f774cc5df4
48f00d40d416591d,53e56236ad285f53
23978c649a7e597c,d89ab41c3ace58f0
4936360c43435011,420a999fd1e45c1e
39e0bf171e6d5e88,1f0c9ab1ec7a5802
8e9e20dde3ed5f0d,cd7a9cc06e0e5bf8
b4899f9464d058f2,3ee3b99c478655c7
7dac1567fa8d574c,2507336ee8645106
fdfad1317cd75455,ac9f458fef245f0a
fc0d0363cab85e22,2387e512494d5d73
5b78dd344203528e,b1b54e4839f95dd0
6dfed7a32cf45d59,8ef14e72d1895c52
174ac6135bf65de9,4a9e24bc737d5838
126dbed7a6b458ee,b40815dafe3555ac
df84a00692885ec0,40e641156d1c5c03
74f87045b75156f4,2383b54b539a523f
31222d2fc6f95e0d,8075cd0d1ec15d2e
3265e31c65705a5f,921b9f6fdf855e7e
28123c233d33567e,6d7639663fac5f34
0df6f24a95e75544,e175fd6abd0e51f6
b641f849bdd55fd7,d02b96b5fc6c5341
9ac3f47635bd5fe1,6cc600f1b6e75823
a31e932f22d35521,8c017295d1c55e59
846863e9cd7059c5,91d158db1c62538b
b5823453f7875542,a30f46b79c615373
61046515c9885bf5,225e4228d89c5c37
4ae68544ec0f502c,6a345891952c5ad3
f7b7dcf856ce587d,2edeffc6b6015102
db951dbc3e595c29,746b39f919ff5045
81f6d1d0bc835cb3,45821cba1f2b520c
48f70b92d6895a39,2b17b33c128c54c6
ab4175e25b6c5d76,80c377d133ce538e
9cf612ff6e4f5bd5,0bcefee46da250b9
a1d7b6056b4b5566,cba5e5dd1d855b8b
2a3ab48ae28f5e90,df9eff008a625def
4abb45d9ee1a5c5c,62e7a17de2cb5027
dd8ac2f25ac75478,cb42c48761635c0a
bc253d8424935910,3dcc4d0f431158f9
3cfa3f1b82885efa,e4a7d26fc20b5724
bcf76bb937d35be9,8ee5eab5831659fc
81de41d688185082,7b98a5852cc75c1a
9313777d021e5255,c91f0e59623f5740
c4884a363f805a18,5a0b198522e952d5
14f16328a6c0551e,ac9d0ef5887e5a95
df2b37f4a1b85a4e,ce0033460158589a
37e2bc0cb5a053a5,fb4562426bfa5a00
89de641f85f25a3b,875bb8eb4cb15956
ec4557ae01265fc4,81677f1a8443587a
c6851e9ed6b95ab0,b604b10e53dc5caf
62053f814af95fce,02d79fb826a052b8
c1d95d8a3260541c,730d7fc4dc49524d
fcbe2ed045225b79,8c930566d92e56ec
01fea9c4f9f45634,1481ccca03915ab1
4b5fd21bc8bd5a8b,d1a195b2bd235d8f
14d112b14e9a5d5c,5cc08fe99dee59e4
673cfe7af7db5911,72bdf3527d8c51cb
642ba15d21c05f4e,33e9cb12d44e544e
1bb7bab27d1552f5,9ceb35b69d4251a7
b5991c2d51f65715,4cb40194f3a455c5
f53ee13c32ac5bec,31911ae0bba3509b
4b499c985f02545f,e3f9cee7290458eb
6387e5c4dd2f5e2a,940c794bcf865e33
0451b850addd591c,3bc05c1cb6aa5686
ffe87d190cd358c8,f2e29112c9fe5168
c53328cc0fb15f17,c8c7965671b15097
406d4391f1205862,95113c65edf15111
507a3844cf3051de,a8f6ccabac0354d5
26de9e2da40c5b0c,bd686da767ec51dc
82bebb2c1ca55736,27a171e02cb953d3
39bbb12794ca56a3,9885782598ae58c2
af3ca613840a5058,182d324d5ddb5e68
32013abf6afd5d2e,115d85359a11559e
1edf90bb34fc5d3f,ce718c4ad5695142
cd67b6a868ed5745,22bed37da0b3550c
781386f5659b5cdf,81ba5c0b515f555e
f769ef75631451c8,8d192a7c73d05964
cbda46701b0d57b8,275365d56f8d54d3
8733d5cc8ae956df,e5bd837e68855200
a197927702b850f4,2422f5823de85821
4c83b81ddcc757b1,51c6be316624594a
58dd10abb9ba5388,19eebba739a859b7
8eae3eab30c95228,a72d299451f65201
008144fe47ac5f74,69309b5b3e685b3e
71c1fef0966d5df4,90d8539a364b5595
f3572fcbcd285f1e,a56619ddd5de58dc
b62d1a9194025d38,9c1c1add350d53b3
342982275eb15441,c73f77ede18a55bd
0ddc071278375700,fd45861ef984594e
8b2b4c67ddcf5c36,280c61e673b15fb9
dbd898b3533f5ac5,0a9df86bd4525744
91fc00df56ae5aca,def60cb4d44a5cda
62735179d4f258ea,9f3c3694cd9659c2
b8a1d133723f5897,3aebd53d00015611
5e74b6a61b715f47,b5db4c21ece0571c
8e33b543120b53d5,509b7d294a4e56ca
0b1250020ea95539,90d737fd14645dfd
28b94453e1cd578f,01c8f81194c4588d
b5bdef8a05605164,76de45adc2d256c5
d3afcd1be60851a9,bc25f89c5bfd5ed3
ac328bbd087d5cf2,6780ce06017d509c
9696c1f82bc05ffc,563d4fa49d145006
3dd0dfc88c6a5de8,6f22e54f3b3b5e2c
e801c47d97b95978,8905daa97d445a65
63c1254fe8ef5145,eef74040399f5abb
b60f0f172ace5051,0511a134b4e55ab3
88518b03093d5036,53130ac48eb45caa
1ce94ab175d8507a,54c2ec244e9e512a
36037c6abc0558dc,e4e234ac6ab25db4
e43d7861387c59f2,4cf3c93e10d05834
c672b42254b3556d,9b1df0dbcb11569e
f91ece9be7be56f6,40963f81657e5b4e
1975d15fde2955ff,0ad192af29b05b35
32a73ed06daa5b0e,46fb8b1718905b80
1d2710d5bcfd52a7,807e359e0a2355a9
8b7d99b5ae2a5219,398dea0ebddf5f00
037698dae8d65558,ce19eadb860755da
dbba0a418817539e,e04ab3fa161259a1
d09ecc45a5685873,c8cc7f75093d5304
802ea08c7ae1530a,8bfd87b049f251bd
b1cb5523e43b594a,ce7a04a700895324
26b5e3878f2250ac,eeb405dd48bc5d72
ada396669cec56ef,f8f3c6484d2a5a33
706a6c85e65858c8,ad1bef1f2e9c5a01
52f7393aa83854f6,cacc661d8bdc5235
ca000fa91efb560c,c7bb93b8fed25767
eb92f4cdb4fa54dd,383214d43c245f59
36d7d1e453cf5158,973e0ca36fdf5436
66a6a72cc5145dd5,8d990e2c14ec5708
ea9e97a691b45397,5c7b201ac57d5d56
815ff18b70a75b8f,ee2551f728305314
1f1a5be0eaa35282,a86bb159644d5a31
cc7707ad6d0d5346,6a49aac7512b59fb
dde59a501b7f5f15,3bee1cd8bb335d8d
7606dcaf85735093,e7f233287fc4559e
d5a5e1b5588b56d5,22aa074bf78f5af5
79c9f05d61955e2d,25fdbd854d3359bc
786c64badbb15a9c,a2209ec9cffe5a40
44de6aa3d6955912,57277bdbba6a549c
7cf4a1ba9b6054f9,58c3357487cd50be
59c8fb57fe4058ea,fd4424d1f58958cb
8f5485a8338c5278,7e085f5dd5885290
5f2fff93dc3356d6,ebd40cfd06d25b91
8fb11d5808355072,815c2571d02656a0
4b82ec1d991358e2,225dd89a5e8459f3
45d416b638f95a9c,5805a73e07a75d84
b5d0bfdf09375423,2bab77f6f3075436
4f7b03242ab05a2d,99ff40fb6aa8579f
65729e98f81a526e,f5ce76c0d70d5ba0
4bda94d100d65f0d,827bc70cc1d150f1
1972837deb725c63,52681d3ab42656fa
0cdeb48fac9d5292,b96e845652d85df1
49a747ca28cd5d5f,35fd58844d0154d7
07c46d77aba054ec,17e9ab2e7a1f576d
1e4f2f231ac0540e,e37da00ea40e55df
10db4b6fe64b5c10,eb12263d10fc5fee
d16db4733f1e5524,5267737202af5788
3bf2974c80c55503,a43f1e448f9f558f
6a3518e83ad751f6,2c2a267fb2fc58c3
a786025ec8ab5a6b,6d2cf11e47935936
fd78b0de42045de7,59b9844c7e205135
0eb2056214155957,4eb28a5f89765e18
c5408aef4f3a538b,90a1f19f661d5c6c
b2b801ee99c95758,2767d7a935135964
d6deeba48d2c5dfe,d2f63fb849a15a15
60e8f2447c205324,268e0c55dbeb5c84
c968e1d258265a2b,280c92db918b5255
583e9cc4115258e4,81448dabb8c95557
2a08c81705d755c7,32a8286d5470565b
52c1d14554bb51f5,c112bdd60e6e5968
19efcf474dd85579,4c7a22bc1dcc5b23
3e8b81f8eb205311,95a26f8c8a9c55be
e1f6c044f4235462,7f1c6d3c02e9523e
d532c0b3a43a52dc,294b69ac508a5e9a
d2fbab8bed795b5a,bda4b887e16c5207
385b1aa4b84c56bf,19baccd9fe435bd2
c81fe92ff9c15e8d,4e028f2295615325
8b7722d516e553ba,325f3c4a281b5e17
dce2c9983a00588e,ef6dcbd9e7865a2d
861984dda2c458ee,8a6692d2096d558a
648b875dc34259c2,fa8b37620e0d562d
d834813ce20a54e1,9d82d608a3675f2c
16f3b92e5d56573a,a728fcf5aa9859e2
fa1a3ccade2e50bf,22a5d36b373a59ad
5e89299dadf05ad1,2f28cca4fab85f3a
7fbe5b01c5a9525c,65e11efc218956eb
152449b7967c541d,2ecf5df8c2da54dc
d5116f0d75b4549d,2bfc3be5bf7b5d48
788ea82253cb559c,a4e61ce5d8305c48
74d0c56b12f25f92,5c09bf9101295a9f
4757ef31c4975240,209e7947db2a52b9
a7ce8d99f16150ac,d876129cf2735880
c06d7badaabb5a9f,37b2b6d6fbe75b4d
fc7b8441f81b5296,dd639d8e5aa75667
94500c64b0e457bb,aff63289a0465a31
f3aaed259ab15dcc,efdc6c148f605804
179ca3af622e5e0d,fd7721a9d5b75078
d93e31dfb0c25be5,5d26d37980fd5191
b989e46aae3a5332,d0658a82cc01578f
9949b537feb55564,d8a5631668b55600
0cf7d096e8c05fed,f156a16f60ed5c2e
23993a36d4e75a1d,70b074ba2b0d5c09
1ff00d6929bb5569,5e5d7ff8e8025897
d2d30ecb18db52f9,ae7f2528a42450e4
6fbdacdf660253b6,8ebf5581f09e51bb
e0f8a20a76c25e20,6e6acc4b3e075ae9
a05ccb0dca555526,480699c576a85f88
80793d56acc15d48,c328bf21b3e85391
59797b950d9e52ba,a3a13a44bc3d57cc
f3e0463f3cf4505e,34fc963dd3605d9a
708d081d555a5aa7,31e5d18e936b5685
d35a0c5da0c55970,b7b9e5c0dc1f5f94
ddd6640cba7e584c,f3abc44ca7c758ea
0cc24c1449cd54f9,28f85207bcf75250
5fd5fdcf5c1552b9,9c71a3d229b05526
f742c7490c2d5b98,b6222d44816b52bc
aee1ca352fdd55f1,7453418d578d5ab7
dd9750d89740502d,56fd6ef189eb567d
9a24a904a324581d,06091d727eef540c
ac019d81388056be,c083eb4ea99a57e7
088cebb101bf5ed6,a3d56480262e5c0c
59c00098b95d53b8,7f90968bde0f52b9
9016f4b84afb5913,ba958042bbde54f5
eed30293a86e5feb,f69d05e774fa5ee6
09dc77e888295011,688504adc1325938
a5f724194aaa55f7,6b99b28e07705f67
95c73c4a8d775324,113ab29aec235c8b
62aefe5efb00563f,b753c20ca23750d9
e073c9ed32975c17,c432c77c846e5784
9e79198b9fd559a1,a1d66540942b5bf6
50ab222cd07b5bcd,459f51ce5b11578b
3f03e086a6d6571d,5fe8051f645d581c
fb259f736cd55252,4264bacf0fb95ce7
55c604d608af594f,5749e1c7319f5703
04e3e7c9b4bf5ddf,c6868017691d570f
bb74197177cb51b0,87b44675fc185369
0706e8bf25805e91,7f4bc52573525161
a417154cf84a5426,cdf3de2b4346503c
5c34deba76605c7b,bc8072bf060b566c
38f555fbc07f5185,5f2d42d5f9dd5287
7dfe5f8b766b5893,3943577fe9815c65
fd9ae566c34f5acd,93f38de579905baf
9184d994aedd50b1,186461eb7a0d56ec
752b0c820740589e,f65f8519938f5646
a227effbc53d5fda,87c3ed85ada454cc
81f49ac925aa5781,bfd72a862ca85564
26983ee0a39e5a32,a130a42d7ff15af7
55237cf0b8c45ec9,7a487f440bd554a6
ee835ef3f912599c,b0920f36492b5f48
7aaa1817f97e5e5e,5e5c670e2cc85681
99b52fa162c550d4,9a3aa0fbf2c952cc
85482a4d20fd5eac,f10558e67c925994
e9f927ace9f4542d,24b15c17158f5687
015ef5e7f5a55db8,5a6c5e6e7f875cde
d70f8a8eeeeb5e82,913070fcf9845e72
62108a4000e85dae,625ec9c63e23545e
04377176d16d5a0f,ac4a4d6e72ae55f7
655c3f17ee2d5683,9610ee1a53bf52d1
1f9d4228103950f8,df3682937e0b5373
906587437cf95447,8a60381cba795076
06067b68f2655a55,0590062da5d9528c
f3509f572c4f5bbb,fe317db26744580f
ff4125f507e35f9b,f96cf86094525742
34b8a3355a255f29,9ac7b0b1d65958ed
777328bf3a3d5e15,e8c4aeb112235700
00137a5ce92d591c,59df35a80f055242
4efe0ad78b655ecd,4b1f99b4dfab5c24
ba3cdbcd0c3f5e49,d967955f9e925c13
5868a706ae7b5003,587442e15b1e51d4
7d6c25f47aa658e8,8315145850fa5d29
64185eb977005752,eaec4d66772051c0
5022f5d01ba85e74,20954f49a4e659af
e1886e081b945907,9e2af144dbfc51b4
9f4f46e620785407,5d064539bd385ec4
bdff1d80a75e5307,55422020aa475383
eb3dc7204bd55d17,4928a151f91853ed
facc11b0d1075018,34cdb6f746565eab
ef703bb40b9a516c,305949f36ec257f1
985240456390586f,bea81cb39df25723
28d8f3699547568b,477fa370c8da55c3
1719439969a55cc6,fce282ad6f975593
3866b4b85a135f66,de351a00992e53b6
a90317c305c3505a,130b64fb2ca850d1
6ddd79643130526d,4ac4540129a65bb0
67286bba873e56f1,cc2629674c025b88
7defd0c32cd8546a,297e60d196e750e2
5d004fb36ca95fa0,b647914ba05e5377
b1bcfdce40d5572e,43cf435bcc035cbc
cae6cbccfd535659,25b4f0a988fd59bc
46deeff0d0495df6,30d2e312d547511b
50aa287e430e5ab3,7c287eed95e357e8
a4a08c828e87562c,d2ea085bed8758ee
31cda9ad4b8257b9,c17a2d79c8645ab3
1d7fd5ffc1e3571c,f0c99d1d7c145d6f
6370add5182e51b7,cb612539b31055b4
a5ee1632a31556a1,d83979ac34a35661
9e77d9cf35e05d55,626a406f95d157d6
59f118e966905d1e,2b23297329b75f50
3cdaaa2bcfd55b68,ea0242ae0a0b5a2e
645e303a25a65190,eb3f70f2375354aa
3c0e4d6b508d5e10,1adac837de7a58a2
caa0f73288d75ba7,0d595547983a5560
4cc1186b46d85ec4,2c39cd3661df5035
e0f45205e41155ed,f4af6b9e9a0c5d96
b81c602d68a25e90,36c6892aa9745723
3fe8df1737825eb3,757c81e71db35614
48ef77409741520d,50958591dc5f5a9f
e952dd35343958d8,747480f76c8e5a80
3ff436e401ed5828,7de41c8b6a835d20
0bb13e6e40385c18,345f9808b7ac539a
5db9d1088a615a4b,65105e67546750b3
e39a79ae2ceb5829,a285b47b274456df
aee53565120f533b,2b0f531567ea5ef7
77dd24d1d09c5e50,34f439bea19255a8
98867b3fc7a95c24,8bdf1fa1fbfa53c5
1bddf6b0b25e5de4,f5a51095272c58ad
cd3b1de5d5d759e7,5585692f16365b1c
35fa5481e4de5703,cd092cb34d915ce5
27967352b2a95cbe,2697199d226c5b48
b7568427b45a57c9,7ee1680fbadb5288
63b69a3c54e95277,40e70a1336405513
67c138fc9ac459b5,cc7ccbe473385e5e
b3e8baac7b4d5e4a,9bceece7e6235b93
fffe18f189075204,e84c2fde833d5102
9e2706d88b3f553f,484dc01db9ee5088
ead55e845b5f561d,a3ca150be6585c82
f3c6560a01e55c94,56b6bea798115633
4023c5e9f11e5056,c83ebde45a935d03
76e0272a57f55674,272b8f7398e6574c
4310513b861550dc,9bc3001009e756ef
aac7679545c75aed,05be582b0e1a56ef
4543b41a1fec5a97,09e659f80a135489
42032a0cedd95dc9,af1071bb3ae25748
cda381919f5e5dca,7919c0e954f15bff
5c872773198c5689,19236bdddfe95577
95ccb71300195f57,e6950819f13e5495
305634c7b587567f,6713f59065e55978
199bda2914215d57,bcd65de927ce57b9
d7708962e5cc554f,af40ef238474573c
6782b9c3686f58f3,e9d24e1f842b54b3
59c00a21c1315d9b,3167691966c45652
ac28e0768c6a5821,e467e0c884f55909
10d18b323ff35a1f,4120f315c6f852ee
0aee34efc8445718,2c5bb558f3175198
8c9cbf03c46b5ddc,e59c447a2afe5e45
71c47324c7eb5657,e1ced2cc879955c7
3d726e71b9925965,16415527b7505eda
476ad53b78325ef2,765f5421c6695906
bdfc5ac88bce56ed,b2627111fe205bff
8b608a6353a95bce,7073b2f9f0de5113
bd1e37aab1c7530f,0afbebfabaf15932
c284f9a1803f585f,14372e1d773c5a23
d69b6aacdd0459e3,c448d5807e525e68
60e35d8a323b5b5f,edb817c8a14d5ba8
0df7b61597705cf2,838057751b3654cd
3251e54ebe415e5c,16a9da21d3755767
b683672d37cc5001,d1646d208bb656d0
7736a52445b1522d,78b957df52045394
47bf6a2499af5368,732c2708704854b9
b2dd5bf723d55469,422ebdf1685551a0
4007544abfa3548f,c69708d1eaab5a0a
e98f83538a315982,45bb3cd5334f5df9
2de3f6af0a69509d,7d603484d71e5b0b
3e42abec9c495419,f816f2d019a556c3
6050bcf9baab54f6,7ade0b2de2725c08
938b4978b8da5a08,198965a39c865f16
afe2240435575a92,282d610f51ac5161
8cc8fe63227d5c07,b0586a95f0a25fe1
c9f0c60627ba5237,dc71409882185123
1a3c8066b86857b5,d756b972d60c595b
96588474ccef5f60,dfb9771720d55428
c55ef877ea075993,8ea8af9ad062563d
46ee8e2727455a9f,ca95a83570995691
0563edc821b6543d,b510c72549635a2b
7bbb6cfc4f135e50,f85a416fa42c5682
bfc7b627dfdf5f58,faadf0b8b0da5c3b
06737d2244bd53cc,7314ad499f24559a
67628d15c5b45860,afe2512625985226
35eba76323535988,d9a3d904368c5c15
b8acb965678c5953,57dee624900d56aa
8d27cb5d1d1e5ad1,86a714f774cc5df4
db7dbae63ff15234,e91c9f527e6a544c
d6aa1499d0be503a,d89ab41c3ace58f0
feb90d2112ec57cf,420a999fd1e45c1e
0fa9d28a2e58550c,3487e5b0d0555e9d
4e60581353585fdc,cd7a9cc06e0e5bf8
73ba0e501a005971,3ee3b99c478655c7
880d9918a2635d59,2507336ee8645106
741ee8b9ea3059a5,b7b0fcf6552152af
747a1e62def55db5,2387e512494d5d73
0f71d72c3b415be6,b1b54e4839f95dd0
68f10c13166b592b,8ef14e72d1895c52
7d51b80c3aa25109,4a9e24bc737d5838
03059436fa185bf8,b40815dafe3555ac
1a25d6503c075cc8,40e641156d1c5c03
df2ff4c2c9785df6,2383b54b539a523f
b4ec906c4dbe5735,646ae9400aba5660
578b2f71b5d750a8,921b9f6fdf855e7e
5496f69033515dd4,6d7639663fac5f34
9c100482944751b3,e175fd6abd0e51f6
d4bbe6333e6356b5,d02b96b5fc6c5341
de51843c0c1a51d4,839a4c5035b2559c
e03d76c4983954eb,8c017295d1c55e59
6d8767e46d975896,91d158db1c62538b
bcccfa73a6845d11,a30f46b79c615373
6d26431aced45f83,225e4228d89c5c37
6f0e15842e1b5924,6a345891952c5ad3
67bb26a522b45b5a,2edeffc6b6015102
614a0b6a482455af,746b39f919ff5045
927aa2c8ef7d5b5c,45821cba1f2b520c
84409129e8075bca,2b17b33c128c54c6
b172a207771456f1,80c377d133ce538e
669b4ffc8b8a5f21,0bcefee46da250b9
337a46b592e654da,cba5e5dd1d855b8b
4a40d0564325502c,df9eff008a625def
8ba3e54303a352c8,62e7a17de2cb5027
9a03bf441e615cd6,cb42c48761635c0a
1f7910e143ab5300,3dcc4d0f431158f9
69dcc80901db5a29,e4a7d26fc20b5724
8fccd42a7937508a,e2fd78c68d2f532d
874ce413a47e5c30,7b98a5852cc75c1a
0bc2eec7ad2c5599,c91f0e59623f5740
515b2946ba2457b5,5a0b198522e952d5
45b4f09799295069,ac9d0ef5887e5a95
04676f5bccee5447,184b40fd1ab85f1a
a6be7050ff205933,fb4562426bfa5a00
eb2797d76e3b5384,875bb8eb4cb15956
73bc1971e0735c22,81677f1a8443587a
0ddc4576607e561e,b604b10e53dc5caf
f1f463892f3d5bb7,02d79fb826a052b8
f29d6171f46b551d,730d7fc4dc49524d
8de4253bc36f54df,8c930566d92e56ec
1fdff45f05055069,1481ccca03915ab1
4543fc207fbb553e,d1a195b2bd235d8f
1b35b775c4a95647,5cc08fe99dee59e4
8b3423345f3657b0,72bdf3527d8c51cb
9d87610ffed85509,bd66384a63705098
6fbe0e06902e5304,f1ae7593d1825b9a
29fea23055595de3,31911ae0bba3509b
d978a6878e7b5e8b,31911ae0bba3509b
e92c94f8bdcc54c6,e3f9cee7290458eb
9b4a82c95856552f,940c794bcf865e33
fedeb108feed57c0,3bc05c1cb6aa5686
e9597ce7a5a7589b,f2e29112c9fe5168
8be90fab0cf45555,c8c7965671b15097
e0b7d625d3f55cd8,95113c65edf15111
e36edd3aedf05e30,a8f6ccabac0354d5
3ebe88aecd0c5d20,bd686da767ec51dc
f205c912572b559e,27a171e02cb953d3
043524c9126f5893,9885782598ae58c2
12d283af921a5f09,182d324d5ddb5e68
2d2b781181f156dc,dae767d3c80c5635
022cc20c8dd45bc5,ce718c4ad5695142
d68e0b255e055d35,22bed37da0b3550c
53abaebc66d4549e,81ba5c0b515f555e
70af821c5fe95428,8d192a7c73d05964
2d264d513abb5a7d,275365d56f8d54d3
d06d8235012b56fe,e5bd837e68855200
484b6d9a28f350bd,2422f5823de85821
30d90432ffb357cf,51c6be316624594a
dbb26055ea9351dc,19eebba739a859b7
f2495a0cce605703,a72d299451f65201
5fe951e403f25012,69309b5b3e685b3e
40c362dd278b5280,90d8539a364b5595
697f7ae6d60f5f2d,a56619ddd5de58dc
585a681f4ad95682,9c1c1add350d53b3
0670d0c81a5550c4,c73f77ede18a55bd
8a492ff6a81054a7,fd45861ef984594e
0715626fc800527e,280c61e673b15fb9
c3e80fd14bce51a0,0a9df86bd4525744
f8f1d3aa1a30553d,def60cb4d44a5cda
e24e2c91fb5759dc,a3ceae019af55a31
4bfb085c53cc522f,3aebd53d00015611
04fbbb5817255f30,efef7c9e2cfa5977
97d06e94283a5a65,509b7d294a4e56ca
d68601dbb9d45f6b,90d737fd14645dfd
d98a25449e205e55,01c8f81194c4588d
c240593c969a5cfc,4d4910947ef751fe
cc3ebf79ba985643,bc25f89c5bfd5ed3
51e4c182629c50a7,8417b4256ea9565c
a8455a10df085d45,86070dcf96755f6e
f470121c6add5665,6f22e54f3b3b5e2c
d33c6db306f35ef9,c67eab7349715aac
b02bf210eda55579,eef74040399f5abb
055417b420d5598f,0511a134b4e55ab3
bce567be125d523e,53130ac48eb45caa
9a5799ace9455841,54c2ec244e9e512a
1c044069a36c5d4b,e4e234ac6ab25db4
90fa31af769c5e8d,4cf3c93e10d05834
350a93fe67645bf1,9b1df0dbcb11569e
c76dce931d555c6a,40963f81657e5b4e
a1e689b17ca65053,0ad192af29b05b35
0202782270ab5a62,46fb8b1718905b80
d130c508fb26575e,807e359e0a2355a9
14cb24f3f9fc51c8,398dea0ebddf5f00
97181536d6be5368,ce19eadb860755da
25e5bbbced86504c,e04ab3fa161259a1
39fde97003dd540e,c8cc7f75093d5304
2389414c94075d6a,8bfd87b049f251bd
2d8b8e77af38568f,ce7a04a700895324
0b0a419d29cf5e9a,eeb405dd48bc5d72
faf7e71648b65503,f8f3c6484d2a5a33
a2ef4eeb9dd45505,ad1bef1f2e9c5a01
36a10b24956c5db7,cacc661d8bdc5235
a00a4902bd105b99,c7bb93b8fed25767
f16fe36eef2b5157,383214d43c245f59
1d037ee2ffda5d69,973e0ca36fdf5436
cc57d9b7b5e85eb3,8d990e2c14ec5708
fa861c2b864254dc,5c7b201ac57d5d56
f5af09063e125bb2,ee2551f728305314
8c527efc3b3b5fa0,a86bb159644d5a31
4a07defcfe7f57fb,6a49aac7512b59fb
6fc2a1e0a7915147,3bee1cd8bb335d8d
7b7a36c1491a54e2,e7f233287fc4559e
f8682fec1c2e5c59,22aa074bf78f5af5
02c896df120754ba,25fdbd854d3359bc
16069af36de45703,bf7d241c99915732
b4797f8fbe08559f,7a7213c7f4b55641
e2de3bfda0725acc,58c3357487cd50be
77919997d5c352d8,fd4424d1f58958cb
58ba738c8dd15d55,7e085f5dd5885290
89ad209b83755848,ebd40cfd06d25b91
495a149c042a5636,815c2571d02656a0
9b10283b8df6565e,225dd89a5e8459f3
0d93c2f3442752d9,5805a73e07a75d84
d7c017783af2520b,2bab77f6f3075436
c87001c4251e559a,d69cad078bc05d5d
03ec8e118cb0541d,f5ce76c0d70d5ba0
cf7876c4ad0752b5,827bc70cc1d150f1
f191de4360a35ad8,52681d3ab42656fa
1854229ce0305578,b96e845652d85df1
0a3da14f3cba564a,35fd58844d0154d7
ed98d12e4c99536d,17e9ab2e7a1f576d
e1209ca7050c5033,e37da00ea40e55df
7b3ba1d953a15802,eb12263d10fc5fee
f93c0db62e075508,5267737202af5788
caee3d86c00351e6,a43f1e448f9f558f
68188bae28595f7c,2c2a267fb2fc58c3
6922b2ea23cd51a3,6d2cf11e47935936
54acc07973fb52c8,59b9844c7e205135
4ba0a7c883e85b4f,4eb28a5f89765e18
8898650e43665faf,90a1f19f661d5c6c
6c4bebeaa24a53ce,2767d7a935135964
955098957a615194,d2f63fb849a15a15
1d3dfbbe8a0a54f6,89740e1d3c4b5e49
efe7a294e40e5508,280c92db918b5255
742456f4f1c65425,81448dabb8c95557
6e983b745cb9535b,267cbec494e35c77
58857855de47556e,c112bdd60e6e5968
2dbaea2c3ad8531f,4c7a22bc1dcc5b23
db180d0c665454aa,95a26f8c8a9c55be
b191eb9b8de25005,7f1c6d3c02e9523e
f561d19a11375418,294b69ac508a5e9a
9af711dfa6eb5952,bda4b887e16c5207
291a9c13b9345fd7,19baccd9fe435bd2
de0fd47c70d3500a,4e028f2295615325
0b232677746253a0,325f3c4a281b5e17
391cdfaec8fc5088,ef6dcbd9e7865a2d
04424acda0755c93,8a6692d2096d558a
200c447283ed50eb,fa8b37620e0d562d
afd8795214205519,9d82d608a3675f2c
5d47863332065766,73c11c21a1435712
10bb4009fdf4513b,22a5d36b373a59ad
97b98a9d8e935607,2f28cca4fab85f3a
cea55cd8ec6f5185,65e11efc218956eb
4749b2486da65268,1de8211fec1256a9
e04d45a55abd5fd5,2bfc3be5bf7b5d48
52c77cea68eb5afc,a4e61ce5d8305c48
24429c08a8375061,5c09bf9101295a9f
f1849aa89eed53d1,209e7947db2a52b9
346e3a62c61e50df,d876129cf2735880
abe1ac610c3d5b82,37b2b6d6fbe75b4d
4d31d76919495557,dd639d8e5aa75667
73864df7d2d25214,eb1fd9e970c55dd3
563ef3c44a5a528e,efdc6c148f605804
e44b9b8654a15bfd,43e45c4ae85e5c0b
5e8d717cc46a5988,5d26d37980fd5191
deb8de65573253b7,fd3f912fc8c85cc7
91416eb4bba85377,d8a5631668b55600
258fd15174fb5e47,f156a16f60ed5c2e
d0910fc41d785f46,70b074ba2b0d5c09
49ae6840ff7f5e91,105428e6b1d95b4c
690e07e19bf55c7c,ae7f2528a42450e4
55d6a50a401f52f7,8ebf5581f09e51bb
c54227acd96156e1,6e6acc4b3e075ae9
3e0511dc69b85b75,480699c576a85f88
6a85f61bdde35d74,c328bf21b3e85391
65676c8917335c2c,a3a13a44bc3d57cc
a84816a320d450a6,34fc963dd3605d9a
59b32114d8b252c8,4f4da09be486559a
4554dbd136da53b8,b7b9e5c0dc1f5f94
09cd7b3746d65a79,4a50edeeecf35983
ce9f5160229b5755,28f85207bcf75250
727ed49214315cd6,5edbd9f61304598f
597d1cf34bcc5e53,b6222d44816b52bc
c856f2dbe8715b80,7453418d578d5ab7
8c36f77fe7215dd7,56fd6ef189eb567d
9195f25b12bd56d9,06091d727eef540c
64b6d412bf15576e,e12058aed6915501
e2e6c22bce7f59fc,c033610139745f53
9f3b77fe8cd3541c,7f90968bde0f52b9
3fbc15dbb18756ba,ba958042bbde54f5
0e9d524cb7ab5e2a,f69d05e774fa5ee6
9017962112f85d62,688504adc1325938
5f8d8f88750f57b7,6b99b28e07705f67
310ef687176e5160,113ab29aec235c8b
58f3f43098985e77,b753c20ca23750d9
0057ce5b81c35a81,c432c77c846e5784
21ef33c75fee5561,a1d66540942b5bf6
1f2bbc5cb66b523a,459f51ce5b11578b
d3b390ffae355616,e045da3550cb519d
0a6021edcc74538a,4264bacf0fb95ce7
9d864c15bf7d5414,5749e1c7319f5703
6544f1c9668c58c3,c6868017691d570f
72808a9b1e7f5f15,87b44675fc185369
d3484ba53e775a66,f4160e163126546d
a7d3e71b8ca456a9,cdf3de2b4346503c
02e1537a43d55ab2,bc8072bf060b566c
df7e2f19b3cc5ba6,be9bc42453db5183
33ee6f1f594d50ca,3943577fe9815c65
7d296a6ef0955155,93f38de579905baf
6afbce15383553d7,186461eb7a0d56ec
e46bb2932c0452b2,f65f8519938f5646
701c95bcdaa65c14,87c3ed85ada454cc
c63599ac19bc5e9a,bfd72a862ca85564
e15cc5e1d2f85a26,921939e147c554e8
83e71223f25a5137,7a487f440bd554a6
69966a921d43544d,b0920f36492b5f48
1e8bf2f0e05e58b0,5e5c670e2cc85681
6ce3e4a1792651a8,9a3aa0fbf2c952cc
8e2d1588daa3536f,f10558e67c925994
54220704df92547d,24b15c17158f5687
20911cdf7e285a63,5a6c5e6e7f875cde
6cc1bbadf8f25f7c,913070fcf9845e72
7cb9260c8be35c5c,cceb79334b475c34
61b108df4a5f53fb,ac4a4d6e72ae55f7
38a5d409f1095059,9610ee1a53bf52d1
3a3297d21e905b02,df3682937e0b5373
94cabec7888a5bb3,8a60381cba795076
69e8a01f073d5080,0590062da5d9528c
6688db9c3a425bb6,f96cf86094525742
881f60d0faa35c17,f96cf86094525742
01e4bff700f15523,9ac7b0b1d65958ed
c78f87b2bd4151d4,522571f00f6553f3
dcb6ca8a732551eb,59df35a80f055242
2a7b12a784c351c3,4b1f99b4dfab5c24
b6589175626f5510,d967955f9e925c13
14618f22bb605676,587442e15b1e51d4
476c37463b4f580e,8315145850fa5d29
41598eaa4cef5f77,eaec4d66772051c0
aa2c4edb15d45c84,20954f49a4e659af
5930f153954b5060,9e2af144dbfc51b4
814c6b482fd850ab,5d064539bd385ec4
c7f3aa98380354ba,55422020aa475383
cc7a2b953265554a,4928a151f91853ed
5b39d0cccc8e55f2,34cdb6f746565eab
2d9d3d15e7f25716,305949f36ec257f1
4bf95781578b59ec,bea81cb39df25723
bb85e87e90ae52ec,477fa370c8da55c3
a0c719046be7530e,fce282ad6f975593
8e04fd5e1613597a,de351a00992e53b6
c75331b9d30957a1,130b64fb2ca850d1
ca3e9faa3258522b,4ac4540129a65bb0
1c7a7a95bc3354b8,cc2629674c025b88
b87e9553091a5216,297e60d196e750e2
407bc420086a58f6,b647914ba05e5377
c4bacbfebba15b26,43cf435bcc035cbc
59c19d828f665a79,25b4f0a988fd59bc
cecce24905cb5641,30d2e312d547511b
7c7c063205ec5f3c,7c287eed95e357e8
e7b5da2135fc5303,d2ea085bed8758ee
808e5edcddce51c3,c17a2d79c8645ab3
221199c4bcef5e62,f0c99d1d7c145d6f
135ae32b6edc55c5,cb612539b31055b4
757c23c6819c589c,d83979ac34a35661
62515ff6d52a5e89,626a406f95d157d6
cd5c67041095597b,2b23297329b75f50
a8ef1b08315752f3,f59a9bad146656bd
972fa3a96b9f5301,eb3f70f2375354aa
e97db5c7da675b13,1adac837de7a58a2
ac73220f793d522e,0d595547983a5560
25cbb9887e5d5752,f4af6b9e9a0c5d96
0cd0aaeb35c95094,36c6892aa9745723
4889752cac5f5e59,757c81e71db35614
edd24f4c0a295030,50958591dc5f5a9f
8cf86f67f10f574a,747480f76c8e5a80
117372631fc4501c,7de41c8b6a835d20
45441aede44b5547,751e01a9d30959af
e4237030b1b75a8d,65105e67546750b3
c2466f5ae7a25ad8,a285b47b274456df
52dac3f651ae5950,2b0f531567ea5ef7
60f76df7b8a95157,34f439bea19255a8
2243d4e976fb5b77,8bdf1fa1fbfa53c5
e610e8c900a75a0b,f5a51095272c58ad
d63949c1e1a25eab,5585692f16365b1c
61720db8cab2508a,cd092cb34d915ce5
e99744bcd703522c,2697199d226c5b48
4b7b765455d1517c,7ee1680fbadb5288
ab9a263dea175465,40e70a1336405513
d7ba299450ae53e2,cc7ccbe473385e5e
7ed4005bb9385a16,9bceece7e6235b93
88f90b93bbf255ad,e84c2fde833d5102
cc4bccf7f7175ea3,484dc01db9ee5088
322023693f1f5f55,a3ca150be6585c82
d777782391de54bf,56b6bea798115633
e76e7c89a8935276,c83ebde45a935d03
7cdcf11e211759cf,a164223f111759ee
68df055f82485e95,9bc3001009e756ef
f68c27c86c235646,05be582b0e1a56ef
ab052def6aec532e,09e659f80a135489
0698ddce973b50ba,af1071bb3ae25748
48a6621d92dd5be3,7919c0e954f15bff
7fcf6a30139b5d3e,dac2690e218d58da
17c5c685420d5729,e6950819f13e5495
66cd30f395c45537,6713f59065e55978
3d29e22a03a15391,7f290fdea020500c
36650ce9087150de,61e33e36a7075ecb
9482776d16a6551d,e9d24e1f842b54b3
305d73038ef35efe,3167691966c45652
87a7a9f8aa325467,e467e0c884f55909
8c7db74b9aef5a9e,4120f315c6f852ee
8a1fa33cd5d45d48,2c5bb558f3175198
5fe40d882c3b545f,e59c447a2afe5e45
8cac1b4a21585010,e1ced2cc879955c7
30a0f5cf9ab95eee,16415527b7505eda
f377405106115a34,765f5421c6695906
9edd49210af95749,599076be97dd5e45
0e70c369a99157c3,7073b2f9f0de5113
b87c15c9f6cf54eb,0afbebfabaf15932
303d9d8e1bbf5053,14372e1d773c5a23
93a4b61a25b0509f,c448d5807e525e68
aff2f948de815a32,edb817c8a14d5ba8
ef0b044d86855ffe,838057751b3654cd
e1b645135dae5fe9,16a9da21d3755767
4421e25bf73a553b,d1646d208bb656d0
21b54e6d58985ae3,af1548c2088f5bf3
ccd3ef26274b5b13,732c2708704854b9
cf0aec572cdd543e,422ebdf1685551a0
a2d7be8710535e33,c69708d1eaab5a0a
7e862e783690532d,45bb3cd5334f5df9
131a036a111e54f3,cf120f56abf250a9
7631ace833c857ba,f816f2d019a556c3
b8ca1857a0f75fb4,7ade0b2de2725c08
7178178922315ef7,198965a39c865f16
604bdac2bba05309,282d610f51ac5161
0363f17229aa5b57,b0586a95f0a25fe1
9157afe90f035621,dc71409882185123
60b2a90a21b15e4a,d756b972d60c595b
7a35be74d30b5a74,dfb9771720d55428
ac6d9537bf315302,978fc2ba973d5a43
cde748c5a6905684,ca95a83570995691
7582f7769dfb5d11,b510c72549635a2b
5798a6e25f2553e4,f85a416fa42c5682
83f9ceae9dad56d9,faadf0b8b0da5c3b
4f466c389dce58e4,7314ad499f24559a
4f87ef91e3425ebc,afe2512625985226
2a30c259f67c561d,d9a3d904368c5c15
ba7da1b0100054f4,57dee624900d56aa
e9505f806d8d5998,86a714f774cc5df4
629f93034f995ebc,e91c9f527e6a544c
a2b2f9572f3a5b05,d89ab41c3ace58f0
ef68308faf305171,420a999fd1e45c1e
b961186653e45dc2,3487e5b0d0555e9d
6347504b632c5be1,cd7a9cc06e0e5bf8
484acea96ad3506a,3ee3b99c478655c7
c68108211dfa57e0,2507336ee8645106
4064f2ec7a2f56ef,b7b0fcf6552152af
862e27b57f9d50ac,2387e512494d5d73
676880c7e31252c0,b1b54e4839f95dd0
ecb0765ba5c05fa3,8ef14e72d1895c52
1218b6a218b750d8,98c04df5872b5d21
def47af8d5a35090,b40815dafe3555ac
5bc7217fee5c5fc5,40e641156d1c5c03
ea93b5b81d425814,2383b54b539a523f
d4daf5d0fd355401,646ae9400aba5660
7da6ba784b8b5ff0,41e04ef8335e588d
f1ceb70bd72a5048,7c91e837d2cd5a75
e8bc2f6b295e5867,e175fd6abd0e51f6
0033fc4b187a5f1f,d02b96b5fc6c5341
89321ac9caaf505a,839a4c5035b2559c
0b177a1d821055ea,8c017295d1c55e59
4b5fc0f1425c5288,91d158db1c62538b
c0475666b2a55982,a30f46b79c615373
b677a8a95c395ad2,225e4228d89c5c37
7e8ca7a00f83587d,6a345891952c5ad3
6233d1b3e62a5772,6c912169b2105baa
048eb7efa08354e3,746b39f919ff5045
1b4499d988b052ce,45821cba1f2b520c
c9fb5f51480b5ff8,2b17b33c128c54c6
118fa9fa499e5670,80c377d133ce538e
cd9db9ad41d35989,0bcefee46da250b9
584d2d7503175ef5,cba5e5dd1d855b8b
9311d9a2409c5224,df9eff008a625def
0ffcae2811b257ee,62e7a17de2cb5027
4511645a5e9a5bcd,cb42c48761635c0a
a247fa5eb7b454a4,3dcc4d0f431158f9
4bfd04f7517b5381,e4a7d26fc20b5724
92e33be532965ecf,e2fd78c68d2f532d
1e1913cd8d035225,7b98a5852cc75c1a
8a249b6f42f35ca2,c91f0e59623f5740
1b25edea36205814,d74e02c3b8805923
0388cd6f1af65029,ac9d0ef5887e5a95
0a51eb8adf8e5391,184b40fd1ab85f1a
6704953640e55b83,fb4562426bfa5a00
cb3c9e9327b25cdc,875bb8eb4cb15956
4d3807c5fd5d573f,81677f1a8443587a
c943799f7b8c5f7f,b604b10e53dc5caf
689abfdd66235378,02d79fb826a052b8
2135b76284735f17,730d7fc4dc49524d
84e5eb12cb6e54a6,8c930566d92e56ec
0558c7a64ef157b1,1481ccca03915ab1
9f97b9c20ffc50b5,d1a195b2bd235d8f
33c925ac7b905e8f,5cc08fe99dee59e4
5ae3a0ab54a950d7,72bdf3527d8c51cb
b204289cd95c59b5,bd66384a63705098
1eff566e627f56b9,f1ae7593d1825b9a
4b000a2bc6fe5305,31911ae0bba3509b
12f5053055935463,31911ae0bba3509b
263f5537c4f85b38,4aea5cf609f8543f
64d046ec9cee51d4,940c794bcf865e33
64a52073ea395752,3bc05c1cb6aa5686
cde38b08b4a157f5,f2e29112c9fe5168
e6d59439935a5309,c8c7965671b15097
b691d77ef9ff5d5e,95113c65edf15111
d83802157d9858d5,a8f6ccabac0354d5
cbf41000a2105ca1,bd686da767ec51dc
0a2b9bb1214f5e2f,27a171e02cb953d3
b07f7a319de35f9a,ed3d1c5c5d495f87
6c8a49ddb7435fbf,182d324d5ddb5e68
39e13f76e8b55320,dae767d3c80c5635
4eff4682a7795fe1,ce718c4ad5695142
7d1fdeb7e341522d,22bed37da0b3550c
daaa1858309c5938,81ba5c0b515f555e
2df5fba355f65937,8d192a7c73d05964
fd99b81c7f2b5ed7,275365d56f8d54d3
b528a0aa02695437,3171307abad05dd7
7d923c664b7b5dae,2422f5823de85821
b4c5bd35a81f517e,51c6be316624594a
fc1785d55b675c6c,19eebba739a859b7
3bf245d895b25ec0,a72d299451f65201
1b818742aecc51d0,69309b5b3e685b3e
8a02c25b58bb5a2b,90d8539a364b5595
5c5f0c06d7035bb7,a56619ddd5de58dc
082988f40658562c,9c1c1add350d53b3
0a8c2aac609d5a04,bac1f2a74fc15928
0855e09733fe5445,fd45861ef984594e
60fbe2351f325132,280c61e673b15fb9
824cd4fff1e25cb4,0a9df86bd4525744
da751fd130625cce,def60cb4d44a5cda
bde1cb24aeb45289,a3ceae019af55a31
0599b72c60335651,3aebd53d00015611
e6077696f29b54ca,efef7c9e2cfa5977
a924bf802fe25fa6,509b7d294a4e56ca
657ea52878935352,90d737fd14645dfd
6d088615a8c05649,01c8f81194c4588d
b60ecc0b221751d7,4d4910947ef751fe
43f586c2ca4b5929,bc25f89c5bfd5ed3
27bcec96f13c5426,8417b4256ea9565c
ea38508ef0de57c3,86070dcf96755f6e
3f265d778b65596b,6f22e54f3b3b5e2c
c9b41d0b992158c6,c67eab7349715aac
a4f48656cf78572a,eef74040399f5abb
36c6d1ea21015e5f,0511a134b4e55ab3
bc1a3b9fa4ca5000,53130ac48eb45caa
822d92ab3f13502b,54c2ec244e9e512a
ac5bcee811565a00,e4e234ac6ab25db4
e8e01645fcde5b8e,4cf3c93e10d05834
5f09264f730f5366,9b1df0dbcb11569e
fe94da01811e53fc,40963f81657e5b4e
586c5b66ad8158ee,0ad192af29b05b35
a04a20407bf95386,46fb8b1718905b80
1709553afe405eb4,0685e6377f835263
e516528c577453a7,398dea0ebddf5f00
a42cc34c8a985b67,ce19eadb860755da
8c384d60912b5f73,e04ab3fa161259a1
57fc7e48f73a5218,c8cc7f75093d5304
a9af1e73c9575428,8bfd87b049f251bd
fc8a40e606a25836,ce7a04a700895324
695990349fc551a7,aab8031130c65fe4
83a9fe7e03fd5755,f8f3c6484d2a5a33
ccffd575a3fb5958,ad1bef1f2e9c5a01
435298980d7e5fb1,cacc661d8bdc5235
8d64d2c9f19c57c5,c7bb93b8fed25767
ec921ad4a3d05806,383214d43c245f59
f86eb011b333505e,ec12a483c8b05fcf
76b3e192b5e45727,8d990e2c14ec5708
85570db66d605000,5c7b201ac57d5d56
8ebce152a39f5010,ee2551f728305314
006d30e1af265b1e,a86bb159644d5a31
69bedd73861656f1,6a49aac7512b59fb
c3cdc9086b1a55f6,3bee1cd8bb335d8d
e3a97e3004795b39,e7f233287fc4559e
a2fe72b034765149,22aa074bf78f5af5
f9f38dec4f2c58d7,25fdbd854d3359bc
f76d76bae0365a21,bf7d241c99915732
d392c806c0605f72,7a7213c7f4b55641
566cac9a7c0358ce,58c3357487cd50be
d57d041213c554d3,fd4424d1f58958cb
44f758bf2bee53ce,7e085f5dd5885290
9a1762340f11542c,ebd40cfd06d25b91
a708f8c8db805496,815c2571d02656a0
a28a7a914fbc5919,225dd89a5e8459f3
dc5bfa6f51225853,5805a73e07a75d84
873a21c038f45eef,2bab77f6f3075436
01b9125ad835592f,d69cad078bc05d5d
3136969223325aa5,f5ce76c0d70d5ba0
4d0c174b077e5603,827bc70cc1d150f1
5b7700fa99d95a94,b96e845652d85df1
abdf3c37dc03596c,35fd58844d0154d7
631249cc108f5e1e,35fd58844d0154d7
0663f1541eeb58b6,17e9ab2e7a1f576d
f18efb3a137b529a,e37da00ea40e55df
463d1cf17f915536,eb12263d10fc5fee
d15124ba09f35a70,5267737202af5788
7d40448fd04e5e28,a43f1e448f9f558f
ee545028f8a85e6f,2c2a267fb2fc58c3
f1592141ee0157fe,6d2cf11e47935936
1ea94b85513e5822,59b9844c7e205135
1c8804a52fc0553c,a475014782f25513
4e00bf86cd1e5a14,90a1f19f661d5c6c
a8aba52e8a6151bf,2767d7a935135964
94d21a3c26c65363,54f30f0ea50e55ca
2f1f5a4351e15458,89740e1d3c4b5e49
7580af9b56085218,280c92db918b5255
e758a9ddb8a85469,81448dabb8c95557
8686e685b08a5c3e,267cbec494e35c77
2d4d48a048615f9a,c112bdd60e6e5968
076e4afb95d057cf,4c7a22bc1dcc5b23
ab6e020759565f9f,95a26f8c8a9c55be
c4d424c8f74e5b70,7f1c6d3c02e9523e
40c5ce24f85a5540,294b69ac508a5e9a
112db94505025ec5,17568d403404572e
2258bd346b3f5376,f7754be8c14254d5
b07ccbd562295ef9,4e028f2295615325
5cf43f51d45c552f,325f3c4a281b5e17
d0c18f1bd62950d5,ef6dcbd9e7865a2d
50f111c89e0958a9,8a6692d2096d558a
f8e2454674f75e0f,a6cded1cc3785d51
075154c90a0a5d7c,5dc9a3b33f5a5fb2
40c083a3c4ff5b45,73c11c21a1435712
1e1f35531c5856bb,22a5d36b373a59ad
6f790c3c333058b2,2f28cca4fab85f3a
193b39b2ec4f53af,65e11efc218956eb
44894928f21d5e38,1de8211fec1256a9
09832085301555df,08136d611d2c50f9
ab2d918fa2e2543d,a4e61ce5d8305c48
d6981f197dd555fd,5c09bf9101295a9f
d94a8579682651b4,209e7947db2a52b9
0b714952ea0b5017,d876129cf2735880
e8dd949cee3c5f30,37b2b6d6fbe75b4d
2b04c510144e5545,dd639d8e5aa75667
89a0561418585e07,eb1fd9e970c55dd3
659373708e8e5a4f,efdc6c148f605804
3984225e4458525b,43e45c4ae85e5c0b
25bf69b0667152fa,5d26d37980fd5191
cf07d06219ef5cd4,5f9347608fc05232
12fac37cef195384,d8a5631668b55600
30c52d38e4975fe7,f156a16f60ed5c2e
39b4d546300958ad,d5207960d4445c8a
d9f878bd57425c2c,105428e6b1d95b4c
0ac3823481f15815,ae7f2528a42450e4
330af4c06f715d2d,8ebf5581f09e51bb
bfcb040f50425141,6e6acc4b3e075ae9
cd7575ed015c5678,480699c576a85f88
94c7ef641e1c5dd7,c328bf21b3e85391
32a19a2ab50f563d,a3a13a44bc3d57cc
59b5e5a171965609,34fc963dd3605d9a
103ac69be43f55b5,4f4da09be486559a
cac5deee337257e1,b7b9e5c0dc1f5f94
cfb755b8d37458ac,61feac0229be5048
1ebcf2ddce325598,28f85207bcf75250
28c5e10661025e5f,5edbd9f61304598f
3380d56c05ba594b,4e3fff79db3e58ea
3c379ee75e765c6e,7453418d578d5ab7
79bba6381fb85a36,56fd6ef189eb567d
5b834475a09a531c,06091d727eef540c
2f7f6af0b98354be,e12058aed6915501
ef5dcc2415915678,c033610139745f53
eccb91aff29c5415,7f90968bde0f52b9
250e6e2e6a9d5ee8,ba958042bbde54f5
8fc41f783d475448,f69d05e774fa5ee6
9204b6df37ec56ba,688504adc1325938
390d9e3b03a15695,6b99b28e07705f67
123bc88af914514c,113ab29aec235c8b
9a4575e2dfd75ffb,9c3afe368c195672
81c5dc6459f75000,c432c77c846e5784
d5489fba77675698,a1d66540942b5bf6
5b891b54880f5fab,459f51ce5b11578b
d53c6de1a159537b,e045da3550cb519d
04352eb4cb195fde,4264bacf0fb95ce7
db4bcafb6d775b4f,5749e1c7319f5703
de3ea1d3c1e0588a,c6868017691d570f
0d7d0361dc665d25,87b44675fc185369
342596d95a475bed,f4160e163126546d
d796c1764d575153,cdf3de2b4346503c
5c8f6ebe705d5013,bc8072bf060b566c
7d74c894066f5b2c,be9bc42453db5183
11482e143a4e5dec,66efba6e0df25f17
f7c495f7030a5ac1,93f38de579905baf
8a43e10749585b21,186461eb7a0d56ec
c30e5bb7e0595851,f65f8519938f5646
9f0193389f8a520c,87c3ed85ada454cc
c9614cfb18a953ae,bfd72a862ca85564
00f925ab5406520f,921939e147c554e8
af58d13139de5d3f,7a487f440bd554a6
5382d1898c5f506d,b0920f36492b5f48
4e52e843b10f55eb,5e5c670e2cc85681
f7f7750b2dc2548e,9a3aa0fbf2c952cc
93ff1c769e6f5507,f10558e67c925994
b4afab5329e95368,24b15c17158f5687
fa6480e0a896514c,5a6c5e6e7f875cde
9926034a82415038,913070fcf9845e72
50eebed7d9655bb5,cceb79334b475c34
4ac1bcffb2bb5010,ac4a4d6e72ae55f7
c0fb4281da785582,9610ee1a53bf52d1
14f29b916f44585a,df3682937e0b5373
88d3ee1e3b435a28,8a60381cba795076
69ce68dff3ff566d,0590062da5d9528c
e095e7e21ab65691,f96cf86094525742
aeeba19e19c35ccb,f96cf86094525742
66e75a9c2da75db6,9ac7b0b1d65958ed
87b32a1aeeb85613,522571f00f6553f3
d9422fc7065e5b62,59df35a80f055242
c195a8cb7ccb59fd,4b1f99b4dfab5c24
2072f71b7e8f5ece,d967955f9e925c13
08c2b3b529de59d4,587442e15b1e51d4
df2ed02abeba57fe,8315145850fa5d29
c810620e645e53b8,eaec4d66772051c0
629368f516d85124,20954f49a4e659af
324cb0d226a45b91,9e2af144dbfc51b4
10f5795252265ff3,5d064539bd385ec4
6d846dadde695838,55422020aa475383
402ec186b8ea545e,4928a151f91853ed
f1def9ef86125c39,34cdb6f746565eab
e001c497823c5154,305949f36ec257f1
bba5d587cab25dfa,075c6a6eccb65168
81102abfeaa25562,477fa370c8da55c3
5395d42cc65e5c06,aeded24705a8522d
d697dea3ebba5047,de351a00992e53b6
ba8f7c5757365a36,130b64fb2ca850d1
0e15e43a4c725f49,4ac4540129a65bb0
1d811c0428d255cd,cc2629674c025b88
72928620ac2a55a0,297e60d196e750e2
92e499cae59d57d4,b647914ba05e5377
e5c10d26102f51e3,43cf435bcc035cbc
ad517de61e355d8d,25b4f0a988fd59bc
639b55d4b2b65d0a,30d2e312d547511b
4b58ef9360555bac,7c287eed95e357e8
d09bb687e7e15b97,d2ea085bed8758ee
f2280f25f98852c0,bbf605060fdd5e06
c9b12b21fa7c57fd,7a1078210e205346
974a70027f8f593c,cb612539b31055b4
b26b54b014205d5c,d83979ac34a35661
8e00c08f68af5357,f45aa344fc825a54
192220ae5c0a54a6,2b23297329b75f50
0cf1a04807e1505b,f59a9bad146656bd
059ce0fdfc67544c,eb3f70f2375354aa
f583323fe0215871,1adac837de7a58a2
3151813685fe5b1d,0d595547983a5560
21bd985c9d7155e5,2c39cd3661df5035
ca5969a1b0775849,f4af6b9e9a0c5d96
f7a9f82f17b256e2,36c6892aa9745723
1ed78a92956f5c5c,757c81e71db35614
1542482ff0ad537e,50958591dc5f5a9f
c447b75808ee5ea6,db6b68720dfd5647
090594c37ce256a3,7de41c8b6a835d20
2f67d7af0e0d51a1,751e01a9d30959af
f790e64181a15f5a,65105e67546750b3
63a80bcca90b5dec,a285b47b274456df
5c0a94addace52e2,2b0f531567ea5ef7
d11ecb84b9b1511c,34f439bea19255a8
9bbf6e2211fb56d9,8bdf1fa1fbfa53c5
3f2cec87b5ad5d96,f5a51095272c58ad
378d79a6bf715912,ac369198c2ff5409
556118fe6e455038,cd092cb34d915ce5
8937c2f7a7ac5507,2697199d226c5b48
b97a9b788ef8540c,7ee1680fbadb5288
db29291cd4ee5499,40e70a1336405513
54a706251c0558d2,cc7ccbe473385e5e
4c629e2da77a50c7,9bceece7e6235b93
f969cc5d3bc95470,e84c2fde833d5102
210a2cd8efe051af,484dc01db9ee5088
523ab1ffcace56f6,a3ca150be6585c82
e7756dc30c605482,e1396c85e07c5871
2af5b66260bf5795,c83ebde45a935d03
21d6b11a81755b6d,a164223f111759ee
19611832f7595b10,9bc3001009e756ef
1c45a4d22fcc5b2e,05be582b0e1a56ef
6492ae3886505280,09e659f80a135489
4300f964edbd5ce4,06b42482248b52b2
88538f4b41cc5d4a,7919c0e954f15bff
2752876d0e005d74,dac2690e218d58da
460c1bc090365d1b,e6950819f13e5495
7fd97ff49f5b5761,6713f59065e55978
5a0af6d9e7a45c95,7f290fdea020500c
8f741adb793f51c9,ff4fff59f07e57a5
14128c4b87b15777,e9d24e1f842b54b3
05ee09cb75205555,3167691966c45652
88fb8b083a2d56c7,e467e0c884f55909
6ec94adda61e5483,4120f315c6f852ee
c404e4b4b7a455d3,2c5bb558f3175198
6717940e53d45558,cdca3bb6b41e5121
8ed81a3cabde5dcf,e1ced2cc879955c7
43e42cf1a2175b88,16415527b7505eda
7c8900e0a2ef5024,765f5421c6695906
e49a1ec4a5af596b,599076be97dd5e45
9d4e8eb54f555166,7073b2f9f0de5113
7e6d49b500545236,0afbebfabaf15932
ac7167da1d1a5342,14372e1d773c5a23
4566a3d9b5e95d9b,c448d5807e525e68
d5085a26c5915a49,edb817c8a14d5ba8
e970702e97ea50b2,838057751b3654cd
d26771df718251d1,16a9da21d3755767
86c5b7af4b47513d,1547d132c4275317
c4fd814210875a8e,af1548c2088f5bf3
fb3ec8fa431c5d83,732c2708704854b9
177b58cd935356f2,422ebdf1685551a0
71405d414236553c,c69708d1eaab5a0a
1a9928bcc34451aa,45bb3cd5334f5df9
eeba0804c2645281,cf120f56abf250a9
8ba84ea2cc4a5ead,105311fa99115535
3284cc6a78b05b9e,7ade0b2de2725c08
ed105c47e38b55e4,198965a39c865f16
ef81756601bc569f,282d610f51ac5161
b4175792b94a5cf2,b0586a95f0a25fe1
1457dddd3ea65845,dc71409882185123
ec574c9ae43e56a9,d756b972d60c595b
1509901c10495792,4cb4e1e99db3559c
4f85a2301691525a,978fc2ba973d5a43
105ca02169f45519,ca95a83570995691
0f206a62842b59b2,cc7edb4ae1095924
8be5c83488ff5980,f85a416fa42c5682
a96b1d87c73555b9,faadf0b8b0da5c3b
3b0cda86b999528c,7314ad499f24559a
cf4d1288c560569f,afe2512625985226
95d9b54f00325665,d9a3d904368c5c15
eea52ed765aa5977,57dee624900d56aa
9170b75b8a3f527f,86a714f774cc5df4
047b56d34f1d5aa0,e91c9f527e6a544c
6dcb6aa97a07588b,d89ab41c3ace58f0
f3738f5be59d5d10,420a999fd1e45c1e
ab88e1b94ce953bf,3487e5b0d0555e9d
b090f02ef43f5d41,cd7a9cc06e0e5bf8
8625ec015e075c02,3ee3b99c478655c7
48183678cb965e68,2507336ee8645106
e5abdd8b726e5a2f,b7b0fcf6552152af
d8952813d8de574d,2387e512494d5d73
f412a36812a55b62,b1b54e4839f95dd0
dcb18ea8a7ea5d66,8ef14e72d1895c52
f93751942d4e5c48,98c04df5872b5d21
0b4617cb0ac15035,b40815dafe3555ac
569670245b515d11,40e641156d1c5c03
c1b38e62a97d590d,2383b54b539a523f
6c00b2782d3b5f6e,646ae9400aba5660
ce28bbe99d7f5f43,41e04ef8335e588d
d4c431871c755ba3,7c91e837d2cd5a75
1f67195591a95027,e175fd6abd0e51f6
d957b8de88d154cb,d02b96b5fc6c5341
94a3b8d43f515d6e,839a4c5035b2559c
19f3e77fcd3353c5,8c017295d1c55e59
b9013028b5d45eee,91d158db1c62538b
599cd3d1986c5509,a30f46b79c615373
bf4d95ea76b75de7,225e4228d89c5c37
c9e5306d839d5427,6a345891952c5ad3
cf2e8812889754b1,6c912169b2105baa
8128635441b358c4,746b39f919ff5045
bc73190196b358f6,45821cba1f2b520c
bffb3b45a1c55080,2b17b33c128c54c6
9c42f5a9d56c5ebf,80c377d133ce538e
fda0145d54065b7c,0bcefee46da250b9
3336f42a7e175d0b,cba5e5dd1d855b8b
85b599a5e238576a,df9eff008a625def
2c7e5f987d5752c7,62e7a17de2cb5027
8ffb4bbf7d845255,cb42c48761635c0a
9f547ab121b456e1,3dcc4d0f431158f9
00c6aecefec9576c,e4a7d26fc20b5724
166d08e80654527d,48fe06e6ee105bb9
4fd0583319865636,ebf3bbc2560a5f6b
960d5334ae8f54a5,c91f0e59623f5740
4f5b00e0de115593,d74e02c3b8805923
7291b74b016d5672,6b289433e5165b0b
6d7754fdda3a50a6,184b40fd1ab85f1a
616fa9b07f5653ef,d4d3951b744e5467
a9c27d1fdee5599e,875bb8eb4cb15956
cd72b9f6b03f5f41,81677f1a8443587a
98fd4ae8de6450b2,b604b10e53dc5caf
a312f24a197d530c,02d79fb826a052b8
0da8a13fb4855214,730d7fc4dc49524d
e6ff5e16c5f25533,8c930566d92e56ec
11650e6f32715f8f,1481ccca03915ab1
552fd48bfce35a20,d1a195b2bd235d8f
2115792748a75f88,5cc08fe99dee59e4
8e0ecc2622425ef0,72bdf3527d8c51cb
2aa9dce62cd75fce,bd66384a63705098
1983aff496265a16,f1ae7593d1825b9a
e7dc959cb4745b66,31911ae0bba3509b
ba72861df9725061,31911ae0bba3509b
c400f7664ba35555,4aea5cf609f8543f
de56fef875ac5a5e,940c794bcf865e33
0a672fa6dbb95d68,3bc05c1cb6aa5686
6d3bb2ecca3e54b4,f2e29112c9fe5168
00f20c2762515d09,c8c7965671b15097
0802a51b0a1d512c,95113c65edf15111
15208e349fb854b4,a8f6ccabac0354d5
be43454e5a4f5a2a,bd686da767ec51dc
42eef0001e6c5498,19aa9586c72a5f3a
c90097f9ce775eab,ed3d1c5c5d495f87
748779bcdb5b5a49,ebbe9f051d9159dc
fc58a8b4d619577d,dae767d3c80c5635
038948dd9db85d2a,ce718c4ad5695142
f264f464b21753de,22bed37da0b3550c
ade00f93385b5d14,81ba5c0b515f555e
e745423278015ece,8d192a7c73d05964
df2257e552655d84,275365d56f8d54d3
cecd27d3ba0e54fd,e84bbf0ad35a55a8
74831c9ae5a15f99,2422f5823de85821
ed7a09d2f93d5e90,51c6be316624594a
6e738f032ad75169,19eebba739a859b7
620a34ec02795768,a72d299451f65201
eb872b2d7e7c52bf,46af626442e15ad3
6ebf87c3da335680,90d8539a364b5595
210fa74895dc5f52,a56619ddd5de58dc
d8320bd0be9a50b3,9c1c1add350d53b3
537935a8e7b653f2,e64b778dd3c05a67
7bcc91de36385afe,fd45861ef984594e
07667a86040c5332,280c61e673b15fb9
93574a28917b5395,0a9df86bd4525744
e69e63297ed85a68,def60cb4d44a5cda
af2f022a0d685312,a3ceae019af55a31
da6d3b6810995466,3aebd53d00015611
78beb0eba954535e,efef7c9e2cfa5977
d5b21176c2e1526c,509b7d294a4e56ca
7b281124be57507a,90d737fd14645dfd
712427ff1635596c,01c8f81194c4588d
4d8baa6e638f5cfb,4d4910947ef751fe
cdc9eb7c7ddb5b08,796a90e62c455318
963d98eaf75259f6,8417b4256ea9565c
5503e65e815a58c7,86070dcf96755f6e
4fc373052fb55899,6f22e54f3b3b5e2c
90482225be14588c,c67eab7349715aac
51a80bf5fd575fa2,eef74040399f5abb
2d0517c112625a09,8fd5475a0f6b5bdb
7217a95078bf52f2,a0b46122b56b5da9
b9aa102f4d7b5751,54c2ec244e9e512a
de64687e89f25285,e4e234ac6ab25db4
daa09f8522125950,4cf3c93e10d05834
5233faf7f9935f97,9b1df0dbcb11569e
166b654c0db95953,40963f81657e5b4e
d792515ce4b257a4,0ad192af29b05b35
5487bbfde69354cb,46fb8b1718905b80
1cddfddca0bd560a,0685e6377f835263
282855be37635ecc,da2b2cb19d235517
f35274c7a16657d7,ce19eadb860755da
ff60c00aba8b554e,e04ab3fa161259a1
6bacccc5dd3652c3,c8cc7f75093d5304
be6f90f06bc35be3,4e89648584fd58b0
29a576f5351a5162,ce7a04a700895324
e14711ef4d2f5000,e5b3b76dd6ac552d
c4b85436e314515b,f8f3c6484d2a5a33
e6a5ca65ce135d1c,ad1bef1f2e9c5a01
2e6e8eebd05f5da2,cacc661d8bdc5235
952c1875f64057b9,c7bb93b8fed25767
a15ed2f3e39c5c0d,383214d43c245f59
77398398b6c550c2,ec12a483c8b05fcf
e3cd93e027285031,8d990e2c14ec5708
347dccaf607055a2,5c7b201ac57d5d56
dfa06e9592e65896,ee2551f728305314
2991861b44895b0f,a86bb159644d5a31
342f42c4b2855ffb,6a49aac7512b59fb
01518f6335d75c16,3bee1cd8bb335d8d
5966bd50b16558ca,e7f233287fc4559e
09034d77d3b15c5a,22aa074bf78f5af5
3cc3567e89f95e0a,25fdbd854d3359bc
debb1dafdd77545e,bf7d241c99915732
9bb5a81e7fad549a,7a7213c7f4b55641
1b1f22e9af535f9f,58c3357487cd50be
3c7c1b09e9625732,fd4424d1f58958cb
c3907cc0d2ed5600,7e085f5dd5885290
5c786c10eb7f57da,ebd40cfd06d25b91
f512480c969a5eab,815c2571d02656a0
1cddf5eb97425ac1,225dd89a5e8459f3
a06715f1cb8358c0,3368a8f8c93e5d9c
7dfae2f3b33a5d6e,2bab77f6f3075436
8072e0c324205e72,d69cad078bc05d5d
b72042b4093250c8,f5ce76c0d70d5ba0
40508dfbe0f35d8e,827bc70cc1d150f1
d51f75f9ae88529a,b96e845652d85df1
5624b4732b135079,35fd58844d0154d7
50fef67a5a9a5a4b,35fd58844d0154d7
60abcfb4e1c756d8,17e9ab2e7a1f576d
19d546524016560f,e37da00ea40e55df
8afbc18a03e2572f,eb12263d10fc5fee
666573b1628a5475,5267737202af5788
2cc43d98cfa55ab6,a43f1e448f9f558f
84aa4100e3cc59c4,2c2a267fb2fc58c3
8931b1302d7a5f61,6d2cf11e47935936
b8603fa264b25b80,59b9844c7e205135
b2cc98272c505ed6,a475014782f25513
55a8886514eb5c1b,90a1f19f661d5c6c
e6e40103bfcb539e,2767d7a935135964
fffbe416ae85553b,54f30f0ea50e55ca
d61ff1ca160557e8,89740e1d3c4b5e49
3c303aa231e65a53,280c92db918b5255
79d36fbd8d115f06,81448dabb8c95557
45935e0787fd5a31,f67e9f1c85a55b47
85b1968fa2fd5552,c112bdd60e6e5968
064018bfafb05f56,4c7a22bc1dcc5b23
e59fd69b1be85258,95a26f8c8a9c55be
a6da1090aa335503,7f1c6d3c02e9523e
e736f6ed766658fb,294b69ac508a5e9a
3cfcca572cdc5b75,17568d403404572e
41f275bfd30e514a,f7754be8c14254d5
324f93888ec35bb2,4e028f2295615325
a6706582212458bb,8e73382ecc03558c
21e4dfb3741d529f,ef6dcbd9e7865a2d
179ea24426e95029,8a6692d2096d558a
efd0435305f5532a,a6cded1cc3785d51
d7c78dbb6fb25194,5dc9a3b33f5a5fb2
1423dcf83efa5241,73c11c21a1435712
63070010ae7159f2,22a5d36b373a59ad
621a9591a97758b8,2f28cca4fab85f3a
ac2046c2652451fc,65e11efc218956eb
63b91b18f46a5a96,1de8211fec1256a9
517e199220ca522b,d1646ade0bbf5d68
653ebb370df45ca5,0dae0dd9783151e4
4211afd0df14524c,0140dfb4d0045719
6012a63b7a3b52c7,d876129cf2735880
0dd9b379a2e3595f,37b2b6d6fbe75b4d
6bd234c45e885cb2,dd639d8e5aa75667
8d5d769b1f1e5802,eb1fd9e970c55dd3
019b86fe2e215b6e,6c71bb7008d25d9b
b2f5adcdf3dd5227,43e45c4ae85e5c0b
65612a858cc756b3,5d26d37980fd5191
480325e1f5085385,5f9347608fc05232
faf80a4ecf8858fe,d8a5631668b55600
afa712d7affc5fbf,f156a16f60ed5c2e
a32383d18e5351cc,d5207960d4445c8a
268ed4d63bb85cae,105428e6b1d95b4c
3c46be05cd7a5cdf,ae7f2528a42450e4
6bb854e8312e5c30,8ebf5581f09e51bb
18236bb0b875582d,6e6acc4b3e075ae9
798842f0b1c253b4,480699c576a85f88
dd4483f390725319,c328bf21b3e85391
f1b0cf7d344052ba,a3a13a44bc3d57cc
f4f1692fee475afa,34fc963dd3605d9a
0578fbc7c369583a,4f4da09be486559a
f01212b1c5b25520,b7b9e5c0dc1f5f94
9e7ae0e0f04255fa,61feac0229be5048
e024bd23594b5a13,28f85207bcf75250
3a2203251ab65b53,5edbd9f61304598f
8dc7d00ce175549d,4e3fff79db3e58ea
2835dec909575f74,7453418d578d5ab7
f534c8da0962552c,56fd6ef189eb567d
1b056ac7f7995a8a,06091d727eef540c
b474c79361415cb0,e12058aed6915501
f52211f2dec85537,c033610139745f53
b4507882ebac5f7a,7f90968bde0f52b9
5593d7326b9c59aa,ba958042bbde54f5
a5a4a6add0d05113,f69d05e774fa5ee6
21f55c28bb945892,688504adc1325938
8b1ba99df5d05f8b,6b99b28e07705f67
6892e067e25257f8,b4857353bb775804
b9633d9afd4356a8,9c3afe368c195672
502fc2f7b9415e11,c432c77c846e5784
3c3dfd5b93dc5f54,a1d66540942b5bf6
7f08b90f7a44554b,459f51ce5b11578b
63930f7b3b0e5872,e045da3550cb519d
b1e09de4af085129,4264bacf0fb95ce7
14d9640a8b9d5d7d,5749e1c7319f5703
70bf5f0d100d580f,c6868017691d570f
a2b7733806b355ac,87b44675fc185369
23ee5a5b9a1a550c,f4160e163126546d
fb6e02b5752e5754,cdf3de2b4346503c
d44d7aacab755892,e13244eec5df535f
29d3a233b1915c1a,be9bc42453db5183
2882be3ae16b50e3,66efba6e0df25f17
b38a9c035ce15dd5,93f38de579905baf
8b9aa871306555d0,186461eb7a0d56ec
7eb19d771c975618,f65f8519938f5646
c9968e9ec0135b9d,87c3ed85ada454cc
269e03fbbb4c5856,bfd72a862ca85564
c4c1e92307c55e8a,921939e147c554e8
04c8cad554925432,7a487f440bd554a6
f47f7733a11d51a1,b0920f36492b5f48
12f96c65436e56bf,58a5630e8f615617
9fdd329b72e85179,f10558e67c925994
45f13336bbd35146,f10558e67c925994
090a482cb7335520,24b15c17158f5687
1a46cad936c05c2b,5a6c5e6e7f875cde
9d0ff46ac79e5e0b,913070fcf9845e72
72be63ed04f15f97,cceb79334b475c34
0749cf83cbbd5284,ac4a4d6e72ae55f7
11bf2d4580ab5bc2,9610ee1a53bf52d1
0839e30e439d511f,df3682937e0b5373
3458fad66b245ac3,8a60381cba795076
7f5f77992cd859ef,0590062da5d9528c
aacc2ed7ba2859c5,f96cf86094525742
49074bfb7c9e5c26,f96cf86094525742
ecf0448cf58a54fb,9ac7b0b1d65958ed
c932b69d2fed5f3c,522571f00f6553f3
196cb93444b35dd7,59df35a80f055242
2391f12d7e6a5e7f,4b1f99b4dfab5c24
1f54430427975391,b97d298790805d71
13fe271547945a97,587442e15b1e51d4
fa16987e17c25356,8315145850fa5d29
bb0e1af8651d525b,eaec4d66772051c0
e9d8c81a844c5c95,20954f49a4e659af
b619e01b47775ec5,9e2af144dbfc51b4
27cf243155ac526c,e6a28dd08357590b
21dbc361352b5dbd,55422020aa475383
7fc46d2957805648,4928a151f91853ed
bdbf1319d21c5cab,2d53c985a94a573f
9c8bbeb504c05892,305949f36ec257f1
aa5f2769e03f5a8b,075c6a6eccb65168
842d40cd41cf56e8,477fa370c8da55c3
fa3c2377e39c52e3,aeded24705a8522d
7e134ea5ffa259f2,de351a00992e53b6
1295e8271e37569f,130b64fb2ca850d1
9b20027801905b4c,4ac4540129a65bb0
78f941ea974f5084,ce00c76f39295e12
b24954d56c155570,297e60d196e750e2
58cf6aaf126b5727,b647914ba05e5377
ad47566ea29a57bf,43cf435bcc035cbc
671da9103fe05141,25b4f0a988fd59bc
85aaf087e6fe54ee,30d2e312d547511b
1d0334886e9f535b,7c287eed95e357e8
8c4218fc392a52be,d2ea085bed8758ee
0c318d7923d15b78,7d486eee788e58f0
e805310ff3055efa,7a1078210e205346
ed98a4566ea95092,cb612539b31055b4
1fe2f21f53c05378,d83979ac34a35661
e91c1fdb29a858f3,f45aa344fc825a54
d4374a032e28535e,2b23297329b75f50
44cbdb68f39f579d,f59a9bad146656bd
df140a20f6b55c9b,eb3f70f2375354aa
6004740a8a8052f8,1adac837de7a58a2
594e39f9024a5835,0d595547983a5560
11ba25cefa3b5a5e,2c39cd3661df5035
9048dd95941958d8,f4af6b9e9a0c5d96
abba9d81ee9054ec,36c6892aa9745723
f24b703a3f14583f,5b2226e6cec457fd
32837dd54e375ca0,50958591dc5f5a9f
cfb1ab3fe0185b20,db6b68720dfd5647
4280b7024092550c,7de41c8b6a835d20
3e8c8729205850ab,751e01a9d30959af
570ba391cb6158c2,65105e67546750b3
c3976331b5e456d4,a285b47b274456df
e22c4b8440c759b7,2b0f531567ea5ef7
de4facce62b05f57,34f439bea19255a8
f1b8c54a906f525e,8bdf1fa1fbfa53c5
98cf54a70d5e5da9,f5a51095272c58ad
5a454b4d1c535366,ac369198c2ff5409
9bfe6fa481105f43,cd092cb34d915ce5
24b68863c230509c,2697199d226c5b48
7f02ca014f7253db,7ee1680fbadb5288
59c6eefd08af59b9,40e70a1336405513
e49e37e5fed25c9a,cc7ccbe473385e5e
51b855943c3a54ee,9bceece7e6235b93
32d85d373126537e,215d35f633c85bb6
933141027c9e5fdc,484dc01db9ee5088
fb3eed693c845412,a3ca150be6585c82
592abdaa0cb25437,e1396c85e07c5871
53b9b277e6305400,c83ebde45a935d03
bca16f667139563e,a164223f111759ee
1148c72f141c532d,9bc3001009e756ef
01ace31ecf365cbb,05be582b0e1a56ef
d044b887d646511b,09e659f80a135489
87a4e023d9315796,06b42482248b52b2
8013f74ddcf055db,7919c0e954f15bff
3ea43d5abad05188,dac2690e218d58da
d59310a4fd6e5fde,3717e16754a652db
5a7633ce22365440,6713f59065e55978
82cd87ad4f1d5969,7f290fdea020500c
b389efc36b545908,ff4fff59f07e57a5
d0d1b5bd3b83551d,e9d24e1f842b54b3
84204f2655e4500b,32ff166852ec5c1d
3f3d9b32f2fa53ef,e467e0c884f55909
b0a7f01e57205fb4,22815b919b5252d6
f2e1685f07675799,2c5bb558f3175198
647c05f9fa725528,cdca3bb6b41e5121
ab4401719a355a62,e1ced2cc879955c7
ef6e61a4a7ed550a,16415527b7505eda
2a48beb84af65349,765f5421c6695906
03660e332def5cfa,599076be97dd5e45
f32e1b068c3351eb,7073b2f9f0de5113
7b4fca2db9255996,0afbebfabaf15932
c80bc7cdeb5e50f0,14372e1d773c5a23
86fbb46276605d14,c448d5807e525e68
3f67051b121a5e43,edb817c8a14d5ba8
a38bd3c8068d5ebb,838057751b3654cd
81b16700f22d5688,16a9da21d3755767
d471c0c48cb05f04,1547d132c4275317
65b76ee44ba5521c,af1548c2088f5bf3
159972aee8265c33,c90b47d7ed38545b
059ce9cd10135396,422ebdf1685551a0
bca2f135ebf4542c,c69708d1eaab5a0a
9410f817dff058c2,45bb3cd5334f5df9
cdd72f4a568a55a0,cf120f56abf250a9
3f5d3b68c1a156ed,105311fa99115535
f94d84bd174d59ce,7ade0b2de2725c08
a44bb178ec7d5c6a,198965a39c865f16
bc91cb648d525c6c,282d610f51ac5161
202d0026e8ff5a3c,b0586a95f0a25fe1
fcdc1e7c917e5283,dc71409882185123
c11b8e3e58e857f6,d756b972d60c595b
b55cc20818705801,4cb4e1e99db3559c
6a5b0bbd55395628,978fc2ba973d5a43
777c2c183e49504e,4c5c39df03515e15
8781cde1032354cb,cc7edb4ae1095924
b86152f6ab29580e,f85a416fa42c5682
22ec7d1614785b35,faadf0b8b0da5c3b
55a63ecf2e985abe,7314ad499f24559a
66dd7339f01b58c2,afe2512625985226
a8377f936650561b,d9a3d904368c5c15
0b2bdcb48c3e561a,57dee624900d56aa
e045d3abc4e95f52,7e08aa901d8550e4
b0cc2b2b400d5661,e91c9f527e6a544c
0208ed2202af56b2,d89ab41c3ace58f0
2f1d36641ecb509a,420a999fd1e45c1e
de49d859c60758e9,3487e5b0d0555e9d
06b2df49f0455bd0,cd7a9cc06e0e5bf8
03c50783a77551a2,3ee3b99c478655c7
cacf768cc27e5574,2507336ee8645106
0727a3cccad352d7,b7b0fcf6552152af
449ed0c45858583f,2387e512494d5d73
00c489998dd4555c,b1b54e4839f95dd0
5603aa72d59e58b2,3de375f3bdbe55e4
b6765fe7ee17596e,98c04df5872b5d21
18d8181124185dfa,b40815dafe3555ac
68d1f5f305cf5aae,40e641156d1c5c03
776069d80826529d,2383b54b539a523f
9c68b0b158bb5d03,16289c2247ef56b3
1198cf572c315f9c,41e04ef8335e588d
45408d0676b7570c,7c91e837d2cd5a75
aba3b771ef0054c6,e175fd6abd0e51f6
b50cf2a689a55433,d02b96b5fc6c5341
dcf6caabbee354f7,839a4c5035b2559c
0c267e7911165e9f,8c017295d1c55e59
c2915f2ac7f55f97,91d158db1c62538b
5098fc0bc21450f9,a30f46b79c615373
6e6c19ea921f550d,225e4228d89c5c37
9c13995a8a285f90,6c912169b2105baa
9a675656c3c85f4c,9582cfb9de6a5d3e
45c4158a235e514a,45821cba1f2b520c
16a738813dbe5496,2b17b33c128c54c6
657274955033592a,80c377d133ce538e
a2701552b0f95f7b,0bcefee46da250b9
ac6e1ca0ebe75e15,cba5e5dd1d855b8b
c0a14b9e841a5aee,df9eff008a625def
407b876e623a5c51,62e7a17de2cb5027
f33eaf7a7ddc5891,cb42c48761635c0a
87c5cdc6c5a45ef2,fa4e2109fd8c58a0
53400e82ca375c5f,e4a7d26fc20b5724
39f81c49a1ba5f41,48fe06e6ee105bb9
58dcca6583f6599e,ebf3bbc2560a5f6b
f4495a91b9fb505d,2741189b2c1a54a1
f7d40806c7045d54,d74e02c3b8805923
0371700bf65b51e0,6b289433e5165b0b
6f393be3019c508a,184b40fd1ab85f1a
5ff5c54200fe53fb,d4d3951b744e5467
d9b577262eed5ceb,875bb8eb4cb15956
ee6d63d4e8b35518,81677f1a8443587a
e820310f7d0b5016,b604b10e53dc5caf
b899b71cf6c95ff2,02d79fb826a052b8
77160cf8a6b8581d,730d7fc4dc49524d
f6038d685a4d55b4,8c930566d92e56ec
93ed1cf3d95a5dab,70811526b49c52a0
2b5dabfa534156c0,d1a195b2bd235d8f
fae990c38c515aa9,5cc08fe99dee59e4
c50b9b8950ba5347,72bdf3527d8c51cb
33b379cc74255b15,bd66384a63705098
490475b585895e0e,f1ae7593d1825b9a
d37afaf062ea5835,31911ae0bba3509b
7ef3374d49a45a86,31911ae0bba3509b
865dfd5f72fa599b,4aea5cf609f8543f
b8434dfe0fbf56f0,940c794bcf865e33
3a7b323176855920,3bc05c1cb6aa5686
1a0f27ced7e056f6,f2e29112c9fe5168
3099475cc5365074,c8c7965671b15097
0c0044f312655c94,95113c65edf15111
57a77b8c90465bc4,a8f6ccabac0354d5
1d359a03436458f0,bd686da767ec51dc
3ec3d2ab34f756e6,19aa9586c72a5f3a
44b1999e4b2551b8,ed3d1c5c5d495f87
aa5b0658c4e6529d,ebbe9f051d9159dc
9f44032dfc315223,dae767d3c80c5635
c2f9c48979255481,ce718c4ad5695142
68bbcb5f42845480,22bed37da0b3550c
97f7a14f8a835f59,81ba5c0b515f555e
1eb474de58ca5d6f,8d192a7c73d05964
34d782c068c855be,275365d56f8d54d3
44cd06a315635c09,e84bbf0ad35a55a8
059009aa4252526c,2422f5823de85821
b4aa2f58df795a92,51c6be316624594a
62c59eb9ece45d86,19eebba739a859b7
3bd0bc4b1100504c,a72d299451f65201
d5ece6235301571f,18cda7f813b55d1c
f8e036dd79a954d6,90d8539a364b5595
7427658d61b55fb8,a56619ddd5de58dc
92beafb962d457db,9c1c1add350d53b3
e814805effdb5b56,e64b778dd3c05a67
94b9b31c975a5796,fd45861ef984594e
dce06ee8c9fc572f,280c61e673b15fb9
81b86d3bfe9758ac,0a9df86bd4525744
1fc5ab19306f5a47,def60cb4d44a5cda
1c25de3a1c805da1,a3ceae019af55a31
82ee38a271b15bb1,3aebd53d00015611
e5e21bbf8d665374,efef7c9e2cfa5977
e45572ab63ef5deb,509b7d294a4e56ca
0c4f97d3255155e4,90d737fd14645dfd
fe9e76e6cac35fba,01c8f81194c4588d
3c114912e4cf590c,4d4910947ef751fe
4b6430ca30c45a3c,796a90e62c455318
4e2cc4b2c43055fe,d800f46a352652ed
b58f2b3b894a58bb,86070dcf96755f6e
7c04e29efc0c5e46,6f22e54f3b3b5e2c
3bd2edbc70605e87,c67eab7349715aac
ffe848c5ab4e5b30,eef74040399f5abb
7af0e9b8a12056e8,8fd5475a0f6b5bdb
0f78a616bdcd55ab,a0b46122b56b5da9
b7ec6bbfa73a52e5,54c2ec244e9e512a
95fa228136aa55d1,e4e234ac6ab25db4
a4525819e5c25936,4cf3c93e10d05834
01314f10793f5ad7,9b1df0dbcb11569e
b894f0e8e2875363,40963f81657e5b4e
57730912486a5853,0ad192af29b05b35
f68aaf95d7825182,ce79093413045034
66f9739ef19d5742,0685e6377f835263
647a42b4e5075f16,2ce4f5ac821d59ce
c9a74fd5fd9e57c8,c70da33eab53575a
65bed9b54a335206,e04ab3fa161259a1
213870b088245664,c8cc7f75093d5304
8651cc01649b5d5b,4e89648584fd58b0
0f2ee0e7661d5ccf,ce7a04a700895324
94ac0f71d5615e4c,20194b1f8618572a
471d0206688f5e3b,f8f3c6484d2a5a33
7e97cc0349b4590b,ad1bef1f2e9c5a01
f38d4f3f7e425c91,cacc661d8bdc5235
407c0f671669566d,c7bb93b8fed25767
0da520f851415d75,383214d43c245f59
f64ec139a30958d0,ec12a483c8b05fcf
0562702fac645702,8d990e2c14ec5708
6092bab95402500f,5c7b201ac57d5d56
fc4982439fef5cb2,9d76df284fec5c8a
4e2c083182d75cc1,a86bb159644d5a31
99e0c0250e6e54c5,6a49aac7512b59fb
0f3c4d7aee1e572c,3bee1cd8bb335d8d
27cd5e04627e5258,e7f233287fc4559e
a0ff0b74063659a2,22aa074bf78f5af5
6ef9b5c13bb952cd,25fdbd854d3359bc
2c8a58b94332570d,bf7d241c99915732
5ff30edb240758c4,7a7213c7f4b55641
fe22e2c812e65096,58c3357487cd50be
0e7f7322726f5b86,fd4424d1f58958cb
2c29f40d1a1d5b28,7e085f5dd5885290
6fee6df4d64b5d9d,ebd40cfd06d25b91
76b4369e21a15a7a,815c2571d02656a0
299e19fc72e65ac5,225dd89a5e8459f3
19cee80b71525f86,3368a8f8c93e5d9c
b043b68462d7540c,2bab77f6f3075436
6ccc026f6fc55bb0,d69cad078bc05d5d
0e681d3870795a3a,f5ce76c0d70d5ba0
9bfa838de21f5d25,827bc70cc1d150f1
613181e5c29d526a,b96e845652d85df1
cdf704c535245f57,35fd58844d0154d7
cbe7b4e464235ca6,35fd58844d0154d7
1526b1720d35559e,17e9ab2e7a1f576d
3c90de2a12a558b2,e37da00ea40e55df
6b9c0c971f9d5b9a,eb12263d10fc5fee
045cd0254b3f5ad2,5267737202af5788
2e9c19d0168c58ac,a43f1e448f9f558f
f7b170baa6bd5b95,2c2a267fb2fc58c3
5f0ef7cc5f0a5b02,6d2cf11e47935936
3009df5312fa581c,59b9844c7e205135
b5cc4dfa26465b62,a475014782f25513
2d357ffc1fdd5c89,90a1f19f661d5c6c
2e405d459d8b5d9c,2767d7a935135964
abda798b87535e07,54f30f0ea50e55ca
b7598f311c365e95,89740e1d3c4b5e49
dc472958283b57cc,280c92db918b5255
f5e6e24328fd5e7c,81448dabb8c95557
85adece1f9d55cc6,f67e9f1c85a55b47
05929f9dc5d152a7,c112bdd60e6e5968
85c5f81a8dec5628,4c7a22bc1dcc5b23
74deabca4e1259f5,95a26f8c8a9c55be
3a36b098acee53b9,7f1c6d3c02e9523e
cf8f42e252855b82,294b69ac508a5e9a
89e9fbdf25415d68,17568d403404572e
e54d150b34215b84,f7754be8c14254d5
250389f21dee5793,4e028f2295615325
85649e978e60550d,8e73382ecc03558c
82b52ede639d544d,961742e3d8d750a4
fd4c64e354f953bd,78e92aa046895e5c
7e8549121120596a,a6cded1cc3785d51
91d449d737cc50fb,5dc9a3b33f5a5fb2
5517642e588e59d0,73c11c21a1435712
b1c09de2415c5b14,22a5d36b373a59ad
78a46fe48bf15051,2f28cca4fab85f3a
c848c9ccc6e55adf,65e11efc218956eb
01d061d9a66451ea,1de8211fec1256a9
e4eebb1bdcdf5ae6,d1646ade0bbf5d68
1661876892b952e5,0dae0dd9783151e4
52d6d6f0e4305a44,5c09bf9101295a9f
f6ee3ce42dfc56e3,0140dfb4d0045719
49c2b08936335901,d876129cf2735880
a4d55f73b8ad51b9,37b2b6d6fbe75b4d
891fe2fc30c95109,dd639d8e5aa75667
4143d1c692f95b56,eb1fd9e970c55dd3
b4176d2246d452ea,a13f914060505dcc
a0e0603db4105ad9,43e45c4ae85e5c0b
8c5518bf679458df,5d26d37980fd5191
f23073987e7956e3,5f9347608fc05232
9d8312bf37795d27,d8a5631668b55600
b3c7b9fbf4655722,f156a16f60ed5c2e
e80df2a74bfd5a22,d5207960d4445c8a
81a0a6181d335250,105428e6b1d95b4c
0eaa844dc2605267,ae7f2528a42450e4
e54deddcc84150be,8ebf5581f09e51bb
cb0505ba89415347,6e6acc4b3e075ae9
1fd4a838b258571f,5182d0ab282f5d28
ed3e5181549254bc,c328bf21b3e85391
72191253c85a5227,fcb644946aa75666
8eac67d757755066,34fc963dd3605d9a
365c0937de9d5885,4f4da09be486559a
a34e53ca202b5fa3,b7b9e5c0dc1f5f94
8f5cefce0c0259d9,61feac0229be5048
8164612a623156ae,28f85207bcf75250
d64abcb201245b5a,5edbd9f61304598f
e1cb9d3c53135bfa,4e3fff79db3e58ea
719eb7fea14c5b94,7453418d578d5ab7
6c62867b6d7a51fa,56fd6ef189eb567d
c8f1cf1b119f5afe,06091d727eef540c
68ba851239655c3a,e12058aed6915501
8430e9ba6d395dd2,c033610139745f53
95612e81595b568f,7f90968bde0f52b9
524695a4857859fe,ba958042bbde54f5
36716a89eb9c5ef9,f69d05e774fa5ee6
7ec8d2521964548f,688504adc1325938
4fbdc88ce3f75540,6b99b28e07705f67
ced087f9c2915f2a,b4857353bb775804
2a4ee10b521258a2,9c3afe368c195672
a65539b18da350df,c432c77c846e5784
4d7fd20d02ae5ed4,a1d66540942b5bf6
120ae6f1d60a5613,459f51ce5b11578b
1ff55a9fd29a5bf5,e045da3550cb519d
69ed5efe731251d0,4264bacf0fb95ce7
5a8a6c9d92935076,5749e1c7319f5703
cbc6f9e782c950ad,c6868017691d570f
ca7c752bcdfa5e4d,87b44675fc185369
cd16888f31015b81,f4160e163126546d
79efd3e82ef059b6,cdf3de2b4346503c
54fc99ad3c555e09,e13244eec5df535f
f12f96257dce5e91,be9bc42453db5183
46e5a6cf37de5493,66efba6e0df25f17
d1af94a471135add,93f38de579905baf
e61cc4ac32d7538a,186461eb7a0d56ec
46f4d9ea67c75a76,f65f8519938f5646
8723bbb08b8e5cc8,87c3ed85ada454cc
6bf0e7ba6477572b,bfd72a862ca85564
4e1e5dfc07e459cd,921939e147c554e8
9ffd8ba0c7f75398,7a487f440bd554a6
dfb757230bed57d8,b0920f36492b5f48
861c55d61243570c,3894846f97a25554
488822d6447b5b58,f10558e67c925994
1d95772619d35606,05012a6bf44e5a8e
08a135d9245b50c2,24b15c17158f5687
dd2546a068da5ffe,5a6c5e6e7f875cde
431840d399445a32,913070fcf9845e72
af6ce3c064fa5a56,cceb79334b475c34
4154c963fb4f578d,ac4a4d6e72ae55f7
77424ed925b45c77,7e87cbf75fd052a2
15ae8f60881b52ae,df3682937e0b5373
0972cf3a4c5d5a39,8a60381cba795076
c46b2546f3565375,0590062da5d9528c
de2c2bde3a615d75,f96cf86094525742
346f28fb35365c73,f96cf86094525742
e849e6a954285f60,9ac7b0b1d65958ed
bc2314763cfc545d,522571f00f6553f3
abbfc957d5545f53,59df35a80f055242
24108688ab4856ab,4b1f99b4dfab5c24
0f7854f951905e69,b97d298790805d71
abb5501b10e65b19,587442e15b1e51d4
253dba7510ca56b8,8315145850fa5d29
1e3b603ccda457c5,eaec4d66772051c0
62e8d8891ff45c7b,20954f49a4e659af
7ccd759aa0535b9a,9e2af144dbfc51b4
ff83944cb2845479,e6a28dd08357590b
b022550645ac5dbf,55422020aa475383
64f47c2f2c7754cb,4928a151f91853ed
ddc5aacc5d785804,2d53c985a94a573f
f47841466d835000,305949f36ec257f1
9a95f91ea98652ca,075c6a6eccb65168
a98e0fd4eee7534a,ef48c8353c1d5d29
68ba9a9b2d6f572d,aeded24705a8522d
1ac0023fd2655313,de351a00992e53b6
b9e84e372b3958ac,130b64fb2ca850d1
15a50c88ab0255ca,4ac4540129a65bb0
998a30325ca25437,ce00c76f39295e12
5982df20d90a59cc,297e60d196e750e2
7287189737c85540,b647914ba05e5377
1ec58e13fee45a30,43cf435bcc035cbc
ee91209e45fe5141,25b4f0a988fd59bc
b3056d1269ae5df9,30d2e312d547511b
132cc1207858500c,7c287eed95e357e8
ac944958cb6d5209,d2ea085bed8758ee
c48cfa7c240d5808,7d486eee788e58f0
5a4709a2348f58a7,7a1078210e205346
a371624958cb52ea,cb612539b31055b4
616ead76f75f5b62,d83979ac34a35661
2ec48f094e475d85,f45aa344fc825a54
0bcae698fd905226,2b23297329b75f50
6376b9b848385361,f59a9bad146656bd
cfe730cbf7e55330,eb3f70f2375354aa
2a49d54f73775909,c55afe6a9a9c52dd
0bdc177e43cf5df8,0d595547983a5560
718ebae5b23855f7,2c39cd3661df5035
0e7f0228aa865b5c,f4af6b9e9a0c5d96
bdb32e2af06e5bc9,36c6892aa9745723
e27b4628314951bb,5b2226e6cec457fd
df57cf24b8025365,50958591dc5f5a9f
953aea8a2a085404,db6b68720dfd5647
2aa64c0ff1f059fd,7de41c8b6a835d20
40d51aff75a85ab9,751e01a9d30959af
5b265648c07a54b8,65105e67546750b3
e0aee9e955b35c08,a285b47b274456df
4d8b083f00675de2,2b0f531567ea5ef7
f6855b72b0aa57e2,34f439bea19255a8
9fc116e61c8e50e8,8bdf1fa1fbfa53c5
a754894e5e355c0f,f5a51095272c58ad
efcc43b333075098,ac369198c2ff5409
1db88198fce854da,cd092cb34d915ce5
ec64154dcf525edb,2697199d226c5b48
8220631d2c6a52f4,7ee1680fbadb5288
84e16f3286255759,40e70a1336405513
e76c53ede9205ba9,cc7ccbe473385e5e
1ec7ff5bb8cf5477,9bceece7e6235b93
a5ad1e9de54e5ad0,215d35f633c85bb6
2fb54b28d0c55807,484dc01db9ee5088
d2f121776fd05b4b,a3ca150be6585c82
035db9ac34715b07,e1396c85e07c5871
3266d9113ede5f3c,c83ebde45a935d03
ee53e7213c995a0b,a164223f111759ee
54292820fab05539,0201f0ed49515cb2
b069ef19c0ba5887,05be582b0e1a56ef
65caa24efb4556af,09e659f80a135489
5317b890d3e45958,06b42482248b52b2
050667565815536a,7919c0e954f15bff
e44b06b920d35486,dac2690e218d58da
ddf632a3ce305812,3717e16754a652db
cd96f8a73c7a5d07,6713f59065e55978
b0c4bad4c4fa5060,7f290fdea020500c
f75560fb13f25476,ff4fff59f07e57a5
c73482934be65cec,e9d24e1f842b54b3
582d1109ddf75e76,32ff166852ec5c1d
95ba88fe9c385123,e467e0c884f55909
9c45919236c051c0,22815b919b5252d6
f3c7dc93e3bc57c1,2c5bb558f3175198
712475eda7975c99,cdca3bb6b41e5121
cd9d029138325c2c,e1ced2cc879955c7
c6bd79f439c254a0,16415527b7505eda
8b7212ba11ec5f3b,765f5421c6695906
c62b532b8f355b16,599076be97dd5e45
15975dc336e75ba2,7073b2f9f0de5113
82531fc4fe8f5a26,0afbebfabaf15932
d89b0ef5c58b5621,14372e1d773c5a23
f8f7f1ebe2fc5bda,c448d5807e525e68
b0070f55eda95848,edb817c8a14d5ba8
3d776c43acfd5327,9b640974ca875858
fc844eb140035b27,16a9da21d3755767
4c9a89b8cd2853d6,1547d132c4275317
e309a82b568d5669,af1548c2088f5bf3
0feb5eb464bc52b0,c90b47d7ed38545b
06faec49379750a5,422ebdf1685551a0
ed90bab84c475e4f,6c3238b7de9d5f0a
3e6526b2f7755050,45bb3cd5334f5df9
2b52c607f324583e,cf120f56abf250a9
79bb6b3243f151a6,2134395ece28546c
a08ed58ddc6d53b3,7ade0b2de2725c08
e2e83df1a791542b,198965a39c865f16
103c3ee1db23521d,282d610f51ac5161
4cd806a126f85b23,b0586a95f0a25fe1
60a62673dd78534c,dc71409882185123
f1f233f26fcf590b,abca01be0e6a5767
98a0d06140945295,4cb4e1e99db3559c
bda5925fd37a5818,978fc2ba973d5a43
64edcbd39d2b5f08,4c5c39df03515e15
c49e7550cee75722,cc7edb4ae1095924
21747e180852591a,f85a416fa42c5682
d7c74666773f5575,faadf0b8b0da5c3b
38b01bebf6df5fb8,7314ad499f24559a
fe74f3d6f5ea5283,afe2512625985226
077dd2d55c17560f,d9a3d904368c5c15
86feb30b850f5ff2,57dee624900d56aa
6bf9b9cf5ae25aba,7e08aa901d8550e4
e16c585e12445a60,e91c9f527e6a544c
189654afe9465b09,d89ab41c3ace58f0
9833f2646439513e,03a7488a3ded581d
f3872682944e5d13,3487e5b0d0555e9d
42559fd839fa54b2,cd7a9cc06e0e5bf8
47f76d2da48f57ba,3ee3b99c478655c7
07dd30b182de5fa5,2507336ee8645106
54c208abe15c56e5,b7b0fcf6552152af
67e6aea894f0568f,2387e512494d5d73
16c1e641b6d350b1,b1b54e4839f95dd0
836615f5978b56e5,3de375f3bdbe55e4
75151361dbe658bb,98c04df5872b5d21
7e2675bbae325f36,b40815dafe3555ac
50209c502bd157c8,40e641156d1c5c03
2fbf549d6aac59b9,2383b54b539a523f
84358d0871db53dc,16289c2247ef56b3
bc88b69c56ec5a0f,41e04ef8335e588d
6247bc8d9df7529d,7c91e837d2cd5a75
52a632acca085891,e175fd6abd0e51f6
e1e4395724c05092,d02b96b5fc6c5341
3d04f4c65587562b,839a4c5035b2559c
85b2b3fc929a5800,8c017295d1c55e59
6d9c2a30a6435937,91d158db1c62538b
3cc02c2389685e70,a30f46b79c615373
e694a2cdf01e52b8,225e4228d89c5c37
b4eb56fcd01857bb,6a345891952c5ad3
67dff3c1993f57a5,d719be99cc8058a5
c7ef706bfbef5f7c,9582cfb9de6a5d3e
2833a305300f5394,45821cba1f2b520c
74c8385c2d845cde,2b17b33c128c54c6
cb5022a3bef557e3,80c377d133ce538e
885f450f0b875861,0bcefee46da250b9
26565788812b5fde,cba5e5dd1d855b8b
c98ef0c5c89c51d6,df9eff008a625def
2b482f615de15efb,62e7a17de2cb5027
1ea152f7056659a9,28c334ca78bf51d9
8a843c4264a35d16,fa4e2109fd8c58a0
906ffee6860e524a,e4a7d26fc20b5724
6872fa29d1345d03,48fe06e6ee105bb9
9ed452bde7335185,ebf3bbc2560a5f6b
8d3c8a698ac65342,2741189b2c1a54a1
68b83d28894e5bc1,d74e02c3b8805923
c2eecf5cfe46536f,6b289433e5165b0b
be33fb4e1b435f1d,184b40fd1ab85f1a
66a897321eb45503,d4d3951b744e5467
52a66f215e855378,875bb8eb4cb15956
bf2a9740fda85514,81677f1a8443587a
8f4e4b81b2b15283,b604b10e53dc5caf
3fca9a087e505470,02d79fb826a052b8
bfdb40b3dded57fd,730d7fc4dc49524d
f419cea88ed9500b,8c930566d92e56ec
212c67511de75043,70811526b49c52a0
865033089cfd5288,d1a195b2bd235d8f
026e7b1e0e335625,5cc08fe99dee59e4
3e1dd9067b365a42,72bdf3527d8c51cb
368cb65e8fef57b7,bd66384a63705098
47bc25abb0705dc9,f1ae7593d1825b9a
e45023fbb46857d6,31911ae0bba3509b
b9db0f40e33853b3,31911ae0bba3509b
a1065191d3525bb1,4aea5cf609f8543f
53a7531622255064,940c794bcf865e33
938ceea80dd85b62,3bc05c1cb6aa5686
533c27383d335f4f,f2e29112c9fe5168
e54bb40453165fac,c8c7965671b15097
8d7c5f26b9775cce,95113c65edf15111
86bc41537b2e5bb5,a8f6ccabac0354d5
b5668089b793502b,bf5df2af80c85cc1
b7c1448b395e56c6,19aa9586c72a5f3a
09bfb9a8f83b5079,ed3d1c5c5d495f87
08ac82bf0eeb5661,931c4845f13f5907
bf2bd235d7225732,dae767d3c80c5635
e726c3ae361058c1,e6ed5232237455f8
29b743b5bdd1527e,22bed37da0b3550c
330ca2e9aa935a3a,27a7399fe61f5e3f
f0c41eb61ba65434,8d192a7c73d05964
8dc4430d96355057,275365d56f8d54d3
bf478a1422445c12,e84bbf0ad35a55a8
fc2a5f9f60965ab9,94d4f56a5e4d528f
92135b7bae0b5259,51c6be316624594a
d9c4acb18e675789,82f19b437c095c85
b5271c19eef859ed,a72d299451f65201
980e0f0b4d975c23,18cda7f813b55d1c
67c2aef1f35a523e,4b63654ea41e51e1
75523a91f0b15884,a56619ddd5de58dc
3420dd4340635018,9c1c1add350d53b3
27b8eae78cf05c1e,e64b778dd3c05a67
ba83a36f96af5ceb,fd45861ef984594e
ec8eced041bb5ad5,280c61e673b15fb9
50628427853659fc,0a9df86bd4525744
96c3433ef79a5478,def60cb4d44a5cda
fc0a59dcf9d75219,a3ceae019af55a31
d81c4398a40b52b9,7fa0c4ef5bc354e3
35f13a6de1575fdc,efef7c9e2cfa5977
227d62f5dfd95624,509b7d294a4e56ca
6d4f69f0aabc5c4e,90d737fd14645dfd
6f8c03f8038757cc,01c8f81194c4588d
9fc65b945c175ebb,4d4910947ef751fe
873568760d365a73,796a90e62c455318
89e02236312d5038,d800f46a352652ed
7aeb6cedbf4353ef,86070dcf96755f6e
92778c3bfcda566d,6f22e54f3b3b5e2c
61d71be9811b5554,c67eab7349715aac
c099ebaef4c251d6,0511a134b4e55ab3
75b6813b1f4556ce,8fd5475a0f6b5bdb
213c18fea71457d2,a0b46122b56b5da9
077c80ecaed0548f,55324e0ba97a582b
4384cab8593f505e,e4e234ac6ab25db4
73aaa82bd3bb596c,4cf3c93e10d05834
c9c7f9354f935514,9b1df0dbcb11569e
cd4e4564d732554e,e6d52e6e528c5522
7444ae8aea51554e,0ad192af29b05b35
482989b8df6550b5,ce79093413045034
30d5d8dfd52451a9,0685e6377f835263
8d5023e971cc5f4c,2ce4f5ac821d59ce
257d737fc3865fd1,c70da33eab53575a
3216cf4d7e975148,e04ab3fa161259a1
9e9e33077f375062,c8cc7f75093d5304
3af98cdf0bc35f44,4e89648584fd58b0
13b9787d163b5072,9be222b341df5ea2
a8c2268684c35a80,20194b1f8618572a
5b3bc72c557a5a17,f8f3c6484d2a5a33
9b4e0723f48755fb,ad1bef1f2e9c5a01
e5ec53f2b9875433,cacc661d8bdc5235
10779d3fd7815d2f,c7bb93b8fed25767
c26281cfd29f5c15,383214d43c245f59
93ec10a2fdc35c9a,ec12a483c8b05fcf
ae6eb93043f25a20,5c7b201ac57d5d56
2b10974c7f7e5444,0f83ea404f26557f
52761f4f68355373,9d76df284fec5c8a
3f6b582803bd58e8,a86bb159644d5a31
884826032461520d,6a49aac7512b59fb
23beee726a59557a,3bee1cd8bb335d8d
3838eb184c9d5989,e7f233287fc4559e
c80072cd3e165a71,22aa074bf78f5af5
03d1885be4355a79,25fdbd854d3359bc
289a58bd2ab6512b,bf7d241c99915732
eb3c2a16d549564a,7a7213c7f4b55641
59bf40c427da5eb1,58c3357487cd50be
7686d88b5ae4513e,fd4424d1f58958cb
4dd9d92ade255f95,7e085f5dd5885290
241098fe619c5de0,ebd40cfd06d25b91
0c5365f52bac5785,815c2571d02656a0
9f839d5422315781,8f517181c7d35fca
c07f609f83b85dd6,3368a8f8c93e5d9c
6cfeeb3aab5b5681,2bab77f6f3075436
4d1e72e6a45853c3,d69cad078bc05d5d
59cc5d51c60d5a1d,f5ce76c0d70d5ba0
0088dd94bbb85394,827bc70cc1d150f1
d54eba5510dc5469,b96e845652d85df1
28926b7190705b82,35fd58844d0154d7
db36572d530a5ed3,67c2802310fa51a3
1678ddd4a18b5fd8,17e9ab2e7a1f576d
6aa26df6c6d052cb,e37da00ea40e55df
9a357640ddd453d2,eb12263d10fc5fee
1bdfacbfcff75c27,5267737202af5788
2218fd73bd8d54da,a43f1e448f9f558f
cf7045e0db215eea,2c2a267fb2fc58c3
54d3c4a139e75250,6d2cf11e47935936
e6a4a48400545711,59b9844c7e205135
19d3dfdf0d2d5b6f,a475014782f25513
80d8679b8c215769,90a1f19f661d5c6c
986cc16cb2295630,19814f7fa6dd5891
0498b27fee425645,54f30f0ea50e55ca
2541de938ff15eee,89740e1d3c4b5e49
0735d8974394552b,280c92db918b5255
9972c06c954b5770,81448dabb8c95557
b6968f154bfb5a5d,6e8d1690f3e75b22
3bcb5a54eca95746,c112bdd60e6e5968
cd8518ca186155f9,4c7a22bc1dcc5b23
2eb2bc9d3b35584f,95a26f8c8a9c55be
48271cdeceb35236,7f938c1f18415ebf
a8fd739baf0a5935,294b69ac508a5e9a
973f0873af40574e,17568d403404572e
64bb182ef4035065,f7754be8c14254d5
4161016e65df5b37,4e028f2295615325
07e885122c9b5bd1,8e73382ecc03558c
c8dd0a6b741e58b0,961742e3d8d750a4
f44600c092b959f4,78e92aa046895e5c
0bb3e400083659c7,a6cded1cc3785d51
52c6827af61d5b87,5dc9a3b33f5a5fb2
8959015fc1fe5791,73c11c21a1435712
29518f7a31945a13,22a5d36b373a59ad
0d857e82084e56be,2f28cca4fab85f3a
b85f00b0919a5180,65e11efc218956eb
719a6c965dd55d00,1de8211fec1256a9
3aa2f4406fc750da,d1646ade0bbf5d68
cdf8b694cdb75ac7,0dae0dd9783151e4
aa10437e9b425118,5c09bf9101295a9f
b95ff3bc9cf45e47,c7267ee0155b5892
1c078ca2e3625bb0,d876129cf2735880
c0941949acdb5ebc,37b2b6d6fbe75b4d
87b468bcdad158c2,dd639d8e5aa75667
36adada77e2f54ba,eb1fd9e970c55dd3
1b01f89fe48355b6,a13f914060505dcc
f414059fffd45057,43e45c4ae85e5c0b
3ece2b5bbf095290,5d26d37980fd5191
6c3bb8f40a9a533c,5f9347608fc05232
fb00299d62585308,d8a5631668b55600
5b0d99a97ff55fa5,f156a16f60ed5c2e
695beb73604159b7,d5207960d4445c8a
bae8f15e2e5b5328,105428e6b1d95b4c
fac35c75801751bd,ae7f2528a42450e4
582ac6cc2a1758a3,8ebf5581f09e51bb
a8c4188597da52a2,6e6acc4b3e075ae9
f0a6222ab3e55174,2aa44c5caef4585d
88152114a47d5175,c328bf21b3e85391
ac808bd1bfac5425,fcb644946aa75666
f5e28113983e54bd,34fc963dd3605d9a
c6b7a8d63fc95d3a,4f4da09be486559a
edeaf2305fa85143,b7b9e5c0dc1f5f94
cf50ffa22c81555d,66bdde0fc6e05a69
84d0b82110465b43,28f85207bcf75250
bb30019d8f645e62,5edbd9f61304598f
ef16f9855fe95fda,4e3fff79db3e58ea
d9e93eae3b4a5235,7453418d578d5ab7
4e5b53cea7145f00,56fd6ef189eb567d
8673d97f94ae5700,06091d727eef540c
fd7c51a15e5b54a6,e12058aed6915501
2fd95381df705415,c033610139745f53
fce752b25ce55380,7f90968bde0f52b9
52b428b6ff135845,ba958042bbde54f5
11482ead31545f3a,f69d05e774fa5ee6
bc281591c2165d73,688504adc1325938
3cb9b99bc4185d33,6b99b28e07705f67
ffcc0535b4fa5628,b4857353bb775804
fdaf1d60259d5466,9c3afe368c195672
659d1e0ce6cd5c97,c432c77c846e5784
fd6c8bf8f80f5f53,a1d66540942b5bf6
c16d549602375cc0,459f51ce5b11578b
cf0b2ecc4f4d5ee7,e045da3550cb519d
f24100a519ef5940,4264bacf0fb95ce7
806b0f2b2ade5454,a19561c7e5875e77
dc87013816e059f5,c6868017691d570f
aab1c6b4ac3d57a4,87b44675fc185369
ade646d3c19b5bb0,f4160e163126546d
7d66b9b9d4df5fe8,cdf3de2b4346503c
3fac271cd0795af0,e13244eec5df535f
d112a49d72925b06,be9bc42453db5183
aff4d44c562f5eef,66efba6e0df25f17
d31c6e5e85b95aea,e490b8fe1881579b
ed8294474bc35b6c,8bfa562341415abd
26459a22067d556e,f65f8519938f5646
4ac092ec1bee5e7a,87c3ed85ada454cc
8f0f0f9061b35356,bfd72a862ca85564
3aff98e018195468,921939e147c554e8
41bddf65c8155bd5,7a487f440bd554a6
beeb0c78917a528a,b0920f36492b5f48
17631c945bb959f6,3894846f97a25554
a5b6e054384c586c,f10558e67c925994
3309408516525e17,05012a6bf44e5a8e
4f663e3f821e5c85,24b15c17158f5687
9b88dfaff2615c83,5a6c5e6e7f875cde
fa23f65e1638570e,913070fcf9845e72
f5d967a1fedb5e3b,cceb79334b475c34
3acc6eea1ed15f20,ac4a4d6e72ae55f7
789eca1c50f85cb4,7e87cbf75fd052a2
434aa60fb0165165,df3682937e0b5373
8be5583b37785664,8a60381cba795076
9a0b762c08af59f8,0590062da5d9528c
ef41e9c7f99d5d85,f96cf86094525742
9284ea4dbd0c52ff,f96cf86094525742
6ffc117437175255,9ac7b0b1d65958ed
f79931e74df250f7,522571f00f6553f3
d6b5646287065fa8,59df35a80f055242
8fe203611a555812,4b1f99b4dfab5c24
91b143f42de55e14,b97d298790805d71
df020b6bdc1b59c0,587442e15b1e51d4
63f4362f90ef55a1,8315145850fa5d29
df30f32cd2ee5633,eaec4d66772051c0
2376e90f1bf85c50,20954f49a4e659af
81a473b817565cb9,9e2af144dbfc51b4
f381809a5ec053f3,e6a28dd08357590b
92aea46cab86531b,55422020aa475383
9147938e42675685,4928a151f91853ed
0613d88c01b453c9,2d53c985a94a573f
6b52f2b62f215cb4,305949f36ec257f1
703aa650ece25a02,075c6a6eccb65168
114feecba2285649,ef48c8353c1d5d29
7d399fe8e4335fc3,aeded24705a8522d
ca41dc3231965d47,de351a00992e53b6
5259a5b9d00d54a7,130b64fb2ca850d1
0cf908f72d885124,4ac4540129a65bb0
3d5103c659255a72,ce00c76f39295e12
4d50c69f430850a0,297e60d196e750e2
ff1044970b525386,b647914ba05e5377
778219f3cac65d35,43cf435bcc035cbc
6cc0563c1a0d5c3a,25b4f0a988fd59bc
f6d575d8e0a45772,30d2e312d547511b
314f25442fd753b4,7c287eed95e357e8
18b5995484435fbe,ca0722fa219652c2
5d3e45ad38ef5b9c,4e7d3e942d785dc5
a25711b4fdcc50df,7a1078210e205346
1c4544c0876f5a08,c8f733ed153b59c6
cf693fb497155dee,d83979ac34a35661
3befac537db85c6c,f45aa344fc825a54
2a10522631ab5a56,2e1513ccb65d591d
429cd9dc9d2154a4,f59a9bad146656bd
3a8a83bdb2c05a02,eb3f70f2375354aa
c7b679fb61655f22,c55afe6a9a9c52dd
52c337a436ab5362,0d595547983a5560
6f2e14d0955e5e5a,2c39cd3661df5035
7f396948993153fe,f4af6b9e9a0c5d96
687da3cabde458b5,9515b69a4e675a76
d01ce29c2b1951a2,5b2226e6cec457fd
f096ff143e815978,50958591dc5f5a9f
418eb2a0ba415e93,db6b68720dfd5647
4f98b9b2f76e57be,7de41c8b6a835d20
ee82b0fc7b2a5208,751e01a9d30959af
a49be33c358b5cb4,65105e67546750b3
69a1f3e84f6758b0,a285b47b274456df
24acfb08c5ef55f5,2b0f531567ea5ef7
ff8fade989aa5bb8,34f439bea19255a8
7ff27f83a8995932,8bdf1fa1fbfa53c5
bcb48691833d5afe,c8e8c03811e65fab
2cde4f39412a556d,ac369198c2ff5409
cb7ce9515c495674,cd092cb34d915ce5
a305b24487775cfc,2697199d226c5b48
09da6a53016b5333,69be59f6a4a4539f
f0e0408bae9b5037,40e70a1336405513
4eab329460d853f6,cc7ccbe473385e5e
e317ddda18f25545,9bceece7e6235b93
5aed461803ae5673,215d35f633c85bb6
4624907fdacb5038,484dc01db9ee5088
2e1835a7c6445310,2d7dc6e8d20359da
86b0e721370e5f56,e1396c85e07c5871
6486c6ab411c5baf,c83ebde45a935d03
dd393ea6b72059c3,a164223f111759ee
76615d386ce6519e,0201f0ed49515cb2
944a55f58a59597f,05be582b0e1a56ef
6639fa7905a3599b,09e659f80a135489
208247acd8ca5e2c,06b42482248b52b2
a992bba6c1d054f3,7919c0e954f15bff
8d0a07b3cb955714,dac2690e218d58da
7053e82f2f1c5364,c162146f31a250bb
e0416692bc5251ba,6713f59065e55978
6b258d7ddf7d53f3,7f290fdea020500c
c3987ea376cb5a69,ff4fff59f07e57a5
a616a9583c735698,e9d24e1f842b54b3
d9b28b3ee70e57f2,32ff166852ec5c1d
302d9a7758625a37,e467e0c884f55909
80199eddf2cc590f,22815b919b5252d6
f590f07cbcc15388,2c5bb558f3175198
602213f964f651c1,cdca3bb6b41e5121
9bb4006483955eb9,e1ced2cc879955c7
90314b74c92954d6,16415527b7505eda
1d16c78634695b4a,765f5421c6695906
46a9bf6f100c5e0a,599076be97dd5e45
ce1f8997a8ce502b,7073b2f9f0de5113
3fa4c6924d3c55ab,0afbebfabaf15932
766a723ba30f574c,14372e1d773c5a23
294335a3e5e45496,c448d5807e525e68
35bc469fdde35a17,edb817c8a14d5ba8
5671f9e107965dc3,9b640974ca875858
d789efd527395984,16a9da21d3755767
89652dfe12165def,1547d132c4275317
f7a474593242588b,af1548c2088f5bf3
2829df17720c501f,c90b47d7ed38545b
f23d4a49b1c753bc,422ebdf1685551a0
f879fd3edf21506a,6c3238b7de9d5f0a
17cac31ef9135faf,45bb3cd5334f5df9
1c047acccbcb548f,cf120f56abf250a9
3bae0e44f3095a9c,2134395ece28546c
e194cef299cf5264,7ade0b2de2725c08
1d7a96e116735b6c,198965a39c865f16
ae06592110305073,282d610f51ac5161
67abcf0964415891,b0586a95f0a25fe1
e45aa663bd0756d9,dc71409882185123
88207b881eb5573c,abca01be0e6a5767
b83f5bd6726e5996,4cb4e1e99db3559c
bed4ec62805f5790,978fc2ba973d5a43
93358613d3865c5c,4c5c39df03515e15
5ad18b7f7b2a52c7,cc7edb4ae1095924
c5e8daf69c6552a7,f85a416fa42c5682
f2909a9ad9cb552e,faadf0b8b0da5c3b
68a3518b15a75c25,7314ad499f24559a
a58d5374dae0552a,afe2512625985226
8dae886e0ed1501c,d9a3d904368c5c15
01b78ea52da8595a,57dee624900d56aa
d852a7b32d6c5448,7e08aa901d8550e4
fa72fd5d5f285388,e91c9f527e6a544c
5e9e03ce875059ed,d89ab41c3ace58f0
fd89a82cf20e5632,03a7488a3ded581d
c580790700c057e0,3487e5b0d0555e9d
2dd2bd50fcc458d7,cd7a9cc06e0e5bf8
a93fe1ec53155bf7,3ee3b99c478655c7
4faa4706a50958e2,2507336ee8645106
2d060a1354d4545e,b7b0fcf6552152af
4849a426de8e5d24,2387e512494d5d73
e2efd574ab0b56a2,b1b54e4839f95dd0
41cf41279f5459f6,3de375f3bdbe55e4
30422125ddd4590b,98c04df5872b5d21
704527beccac5701,b7d0ac747aed5228
efb9929eed1852f0,40e641156d1c5c03
d58a453c3f155916,2383b54b539a523f
bbc93f086726531e,16289c2247ef56b3
deb455f53c805643,41e04ef8335e588d
a13d45e804265392,7c91e837d2cd5a75
97e5f17eb7235c14,e175fd6abd0e51f6
fa70c2e191965353,d02b96b5fc6c5341
bb7aca330b2c5ac2,839a4c5035b2559c
cb9992677d95539f,8c017295d1c55e59
4768080b04d5530e,91d158db1c62538b
e54d6de2e70157b0,a30f46b79c615373
419ff14e34c45d7f,225e4228d89c5c37
4b9402651fd85547,6a345891952c5ad3
ee461de4700c5148,d719be99cc8058a5
83d03e995ce55e9b,9582cfb9de6a5d3e
1b1a37c517e45fbd,45821cba1f2b520c
8a6717a888fe55f9,2b17b33c128c54c6
f409dfb714ed539c,80c377d133ce538e
cbe3a6c80bfb5327,0bcefee46da250b9
1c2140b2eac55906,cba5e5dd1d855b8b
905ab0794c235f69,df9eff008a625def
6fa01275a4525b26,62e7a17de2cb5027
9e76720cbd565595,28c334ca78bf51d9
dc50a0853e295e88,fa4e2109fd8c58a0
8d6583f3e3c15034,e4a7d26fc20b5724
96d7b6bf87f45e33,48fe06e6ee105bb9
f19a48878cfe5bb0,ebf3bbc2560a5f6b
7bb715f6c245555e,2741189b2c1a54a1
c678ab21b707538f,d74e02c3b8805923
134cbee5a9635cd7,6b289433e5165b0b
f62e6cb228dc50e1,184b40fd1ab85f1a
afc395b46c2c5d7b,d4d3951b744e5467
f2d4e4b013a3579e,875bb8eb4cb15956
f958234391c05be3,81677f1a8443587a
d781ee7dce4a5351,88dd28d15deb54e3
85f25c14e0125133,02d79fb826a052b8
5568ad08c60d510f,730d7fc4dc49524d
988cf241460c557e,8c930566d92e56ec
fb42b4cbf6b95b6c,70811526b49c52a0
96bf2644106456f6,d1a195b2bd235d8f
1df1903e5bcd5036,5cc08fe99dee59e4
4158d702c66351d4,72bdf3527d8c51cb
b2c0a19be09f5b76,bd66384a63705098
054743e97abd5b9c,f1ae7593d1825b9a
b890de4c4ff65ddb,31911ae0bba3509b
804236dcfffa523e,31911ae0bba3509b
c63b3d251ef85a13,4aea5cf609f8543f
388391c4b8d45c36,940c794bcf865e33
5862cc032cf45893,3bc05c1cb6aa5686
0809e84efac053e6,f2e29112c9fe5168
60b09bc0e48c5d97,c8c7965671b15097
dd414d3d7d5452f1,95113c65edf15111
bed7a2c445315bb7,a8f6ccabac0354d5
eae658a09ef152a9,bf5df2af80c85cc1
37a8f4466b8b5110,19aa9586c72a5f3a
7648e7b33ecf55d5,ed3d1c5c5d495f87
1407c7f0f32a5738,931c4845f13f5907
cec165c3246d5529,dae767d3c80c5635
f322d71f14a35cfa,e6ed5232237455f8
7d368be282b85528,22bed37da0b3550c
d9634d08b1a85ec4,27a7399fe61f5e3f
4acc5a24f48858ae,8d192a7c73d05964
bf0fa6fe20b5587f,275365d56f8d54d3
3154180ecf9a5e67,e84bbf0ad35a55a8
169528411ca85ba4,385ad02eeb685402
fc8f087133c55220,51c6be316624594a
0fc0217e2dd05256,82f19b437c095c85
50d6986491d3510a,a72d299451f65201
27861c4d747751ba,18cda7f813b55d1c
a9152eadc70058ba,4b63654ea41e51e1
3bc4c087ab1a50a3,ab7a0c6b5db2509c
3e09a3c33726545c,9c1c1add350d53b3
d9150469e9885120,e64b778dd3c05a67
b1bb3b767e405b79,fd45861ef984594e
7d930b1f5365521f,280c61e673b15fb9
875d89dc1f225205,0a9df86bd4525744
a48870c447ef5fe5,def60cb4d44a5cda
4b347fca93c65596,a3ceae019af55a31
0ceeda78f4745942,7fa0c4ef5bc354e3
47b8a869ffed5965,efef7c9e2cfa5977
d71f89f4f6e350b8,509b7d294a4e56ca
8b477eda939951d6,90d737fd14645dfd
823f87e2960853d9,01c8f81194c4588d
7e5925fce8df5e44,4d4910947ef751fe
3b2fc0d01dbc50ce,796a90e62c455318
f9b3a9c625905d77,d800f46a352652ed
b867b28707205c0b,86070dcf96755f6e
790a5a0973815ab3,6f22e54f3b3b5e2c
9ab8b2e7de985004,c67eab7349715aac
9bd3994107ba52bc,0511a134b4e55ab3
d743862c9c555961,8fd5475a0f6b5bdb
0efc84a20a7d5b07,a0b46122b56b5da9
c4e78f6c6fbc5ebe,55324e0ba97a582b
c30bc48417bf5354,e4e234ac6ab25db4
86018dbae1485c1c,4cf3c93e10d05834
6e0a467af0205f04,9b1df0dbcb11569e
8857612d0dad5e95,e6d52e6e528c5522
ce3ff067f10b526b,0ad192af29b05b35
05d0a1a763fc5334,ce79093413045034
ae821f2ac8d55180,0685e6377f835263
49c9a9f57deb5a8c,2ce4f5ac821d59ce
2bbff4dbce4053b8,c70da33eab53575a
13c555e68671524f,e04ab3fa161259a1
e8daa33268685b31,c8cc7f75093d5304
abcb112aeb3458cf,4e89648584fd58b0
8712b89ee20152e4,9be222b341df5ea2
4f37ec7f0ac75960,20194b1f8618572a
c8bf35e6c9065d83,f8f3c6484d2a5a33
e9f68a55225a536c,ad1bef1f2e9c5a01
d94aa4b0e05e5be9,cacc661d8bdc5235
763bab6e8b6b5826,c7bb93b8fed25767
d01b6e67a995589c,383214d43c245f59
d81b6324477757dd,ec12a483c8b05fcf
fd8949d5e40a54ea,5c7b201ac57d5d56
e63d13e083695b1f,ee2551f728305314
2e34ba0896d75c28,9d76df284fec5c8a
173ccb0e08885b66,a86bb159644d5a31
aa4ec42ec7425de0,6a49aac7512b59fb
4080e46653b05c94,3bee1cd8bb335d8d
3af9cb4d21e15e9e,e7f233287fc4559e
09d9a0cd32c25dee,22aa074bf78f5af5
e74ca27f40755297,25fdbd854d3359bc
3b8bc6ec37105767,bf7d241c99915732
bdb483626cc95b2b,7a7213c7f4b55641
bd3e71c7666156ee,58c3357487cd50be
58911c0c8e3f5906,fd4424d1f58958cb
f93a7b7a8fe95c6f,7e085f5dd5885290
b814c5b773165d87,ebd40cfd06d25b91
9a89dccc70835d69,815c2571d02656a0
f9ff7b08b88e5365,8f517181c7d35fca
4131dd1f0fd5571b,3368a8f8c93e5d9c
34e7c93be2465f25,2bab77f6f3075436
5d058c203f765173,d69cad078bc05d5d
c2cf2b10f7e953c4,f5ce76c0d70d5ba0
ee380d59f0f450c6,827bc70cc1d150f1
a9c1456b9deb5184,b96e845652d85df1
db86c1d1516f557d,35fd58844d0154d7
430f1f445caf5b3e,67c2802310fa51a3
9a50c3fce9d75d95,17e9ab2e7a1f576d
84765426fd0a5a99,e37da00ea40e55df
19a79abcf14059d2,eb12263d10fc5fee
dbadf83c8bc85324,5267737202af5788
815153cb27f95a7c,4bd1601eee7256f0
4f5d9ee9c2915058,5fa3e499ea7c5f9d
c0ccb2e28d8e5bfe,6d2cf11e47935936
0868436794795421,71c0510aab54575d
47e3bbbd82b2583b,5eb86b83f9aa58b6
3af1019a97d959fa,4a3575d2e7cd510d
b0e6764ee8a35223,19814f7fa6dd5891
f60b8b3796c45845,54f30f0ea50e55ca
660451aead9653b7,89740e1d3c4b5e49
5ddaadb992ef5c1f,280c92db918b5255
baf0c6e99bec57db,81448dabb8c95557
fb0297e3fc9b573e,6e8d1690f3e75b22
19488eb3301f5d26,0ffdeabd39a457af
30f09e001cf55013,4c7a22bc1dcc5b23
c81b474102d75351,95a26f8c8a9c55be
8560e670c7865e3f,7f938c1f18415ebf
23742ff81ee85c96,294b69ac508a5e9a
706cc8e44dbd557d,17568d403404572e
ff7bf9054f4a5a4a,f7754be8c14254d5
f36b32268f1c5404,4e028f2295615325
c0e14f1288ca5066,8e73382ecc03558c
1d0dfd09b8185201,961742e3d8d750a4
5cdca96b002d5331,78e92aa046895e5c
3b6fb25a1e725f29,a6cded1cc3785d51
5d7eedc503ef575c,5dc9a3b33f5a5fb2
c40e41ba1a285e0d,73c11c21a1435712
ed4bcfb05c405bac,22a5d36b373a59ad
73872fdc28995ad6,2f28cca4fab85f3a
a93fa981f60d50af,65e11efc218956eb
01052f67ec24538c,1de8211fec1256a9
47a8cb60d2275feb,d1646ade0bbf5d68
03af0c992a5a5ffc,0dae0dd9783151e4
8b9afa7045785acc,5c09bf9101295a9f
7c62648ff8a25812,c7267ee0155b5892
90831b78d185503a,d876129cf2735880
2f191795b29f52b2,37b2b6d6fbe75b4d
814b5e08c20e57af,d9c6a90f54495d12
de7b87d6624754cf,eb1fd9e970c55dd3
66ca1ffcef4354e9,197e56466ca054a7
1486e66f72ee562f,43e45c4ae85e5c0b
e9645135a4fe5739,5d26d37980fd5191
a0ce26a6f335530d,5f9347608fc05232
e2209d1558d75150,d8a5631668b55600
7f572219da4e5fd4,f156a16f60ed5c2e
43761f0721035214,d5207960d4445c8a
4cb4fba2908b5dbb,105428e6b1d95b4c
9c941c942f955a5a,ae7f2528a42450e4
4b26762f1d5a509d,8ebf5581f09e51bb
8db638d42ddc59f2,31ecfb96eefb57ea
530176929c015182,2aa44c5caef4585d
1e15c5256da5549a,c328bf21b3e85391
12c01b203ea85b41,fcb644946aa75666
33c1e6fe4ce650bf,34fc963dd3605d9a
131ab0263b07507c,4f4da09be486559a
dd162898ecf351d4,1eb19aa987f055b1
d142ab856b7653df,66bdde0fc6e05a69
86cad912457d5115,28f85207bcf75250
f24730f3bb525e73,5edbd9f61304598f
d66a4334c9625c4a,4e3fff79db3e58ea
b5b0ab149f9055db,28e39fc202db59d3
9d72593884a757a3,1941cec782d25f8e
e99ca54f8f4d585f,06091d727eef540c
b441db826d515eb7,e12058aed6915501
dc4b44d8961e538a,c033610139745f53
8a46ac0d50d4505e,7f90968bde0f52b9
8429a35187bb5c08,ba958042bbde54f5
2c79b7300d3a5219,f69d05e774fa5ee6
68643a176fcb5c7c,005106c896c454e5
e4d27e2ed6ac513e,6b99b28e07705f67
670f9d50643c5874,b4857353bb775804
4b9627827aff5013,9c3afe368c195672
de41a196a12e56d0,c432c77c846e5784
0748764d9de454ea,ffd3d379ea8855a5
311302972dd15a8b,459f51ce5b11578b
c4fbbd685a1953c5,e045da3550cb519d
6b183b48b7175f38,4264bacf0fb95ce7
90ed1fb3861c56d7,a19561c7e5875e77
974041ac230056eb,c6868017691d570f
3afcfc58857f5790,87b44675fc185369
4d1a4e9606075497,f4160e163126546d
62fc6bfdfba650ed,cdf3de2b4346503c
aee5c527d8e85667,e13244eec5df535f
c95d7e81eec75f65,be9bc42453db5183
c0ccba48004c5eba,66efba6e0df25f17
140a3ea8607f528f,e490b8fe1881579b
3a61d7ced3ca590d,8bfa562341415abd
253adcf13a3f5c15,de0fff7178fe5783
d2c7bb24957c56ad,006c01cdf0575562
fac7dc214370509e,bfd72a862ca85564
cd2e3c6240d55147,921939e147c554e8
c9902a827ade5f45,7a487f440bd554a6
21acd3bbf97b5cbe,b0920f36492b5f48
5f2aad4e03625d30,3894846f97a25554
953b6023473258bb,f10558e67c925994
c6e62024ca7e5959,05012a6bf44e5a8e
8eda03e314a456a4,3c34dcc4231150fc
c20397c103e65d12,5a6c5e6e7f875cde
bd6d1d10391854e0,913070fcf9845e72
a60e8e8afe675063,cceb79334b475c34
56fe5be4b9dc5c77,ac4a4d6e72ae55f7
65fed1ea595559ba,7e87cbf75fd052a2
73e3a1a2ed275417,df3682937e0b5373
12ace39c31df5dd8,8a60381cba795076
1bfbaec4ef9b556c,0590062da5d9528c
67339e7fe4135722,f96cf86094525742
e536fdecd7ba54a5,f96cf86094525742
402f952c89ae550c,9ac7b0b1d65958ed
efeac78f0da05463,522571f00f6553f3
4a7fd1bd37ed5463,59df35a80f055242
ea23b2bb8e5756b8,e7997314cb915919
8ff8a3cf55355131,b97d298790805d71
2f8e10ba1a8f5672,587442e15b1e51d4
6b4cf0c1208155f5,8315145850fa5d29
dd30198e0e6b5bd8,eaec4d66772051c0
d5ebca598bce566e,20954f49a4e659af
23514d24647a52a3,9e2af144dbfc51b4
8470cdca41255e20,e6a28dd08357590b
f424ee234e385b95,2efd658b9ea85397
88c0bfe353235280,4928a151f91853ed
ecaca52a9b295117,2d53c985a94a573f
113d448b6ea8555c,305949f36ec257f1
458fa5236b795941,075c6a6eccb65168
da9ae73013715f70,ef48c8353c1d5d29
8728071969cc5091,aeded24705a8522d
534e6a7d7e8c528b,de351a00992e53b6
eb5989e21dc35a47,130b64fb2ca850d1
32454d817bcb5305,4ac4540129a65bb0
1d4b518f1b175184,ce00c76f39295e12
a151ed0de3f35bf5,297e60d196e750e2
0ee0c8c2556c506a,b647914ba05e5377
09fda519bc395630,43cf435bcc035cbc
5806eb348e3250d9,25b4f0a988fd59bc
815565a62f775c7c,30d2e312d547511b
19282fb074525def,7c287eed95e357e8
6ba5ed2f323f53e2,ca0722fa219652c2
661cdcf44ebe5c68,4e7d3e942d785dc5
6894aab92b0058dd,7a1078210e205346
2133a31c391f5108,c8f733ed153b59c6
5250ee99c1f05d97,d83979ac34a35661
fb2a6578f15d5ff5,f45aa344fc825a54
131c6cc5af9c58b6,2e1513ccb65d591d
4b3a1e85619e557f,d6995d54b9c95d94
a1a8c4053bc7577e,eb3f70f2375354aa
8d0d984d4e2a5363,c55afe6a9a9c52dd
e3a04835bb6357ad,0d595547983a5560
c51da2f899b55508,2c39cd3661df5035
c55b4a959c2d5b8e,f4af6b9e9a0c5d96
77a891db719c5273,9515b69a4e675a76
a83a32870332554f,5b2226e6cec457fd
690d5fcd5dd056dc,393521ea2b7b514a
28ecaf0359ee5029,db6b68720dfd5647
8ab73218fe4a539e,7de41c8b6a835d20
e7c778d603885f57,751e01a9d30959af
729c7f95c12f5dd4,0949bc0926425a35
e7d1a48359b65c2d,a285b47b274456df
13336a542595599f,2b0f531567ea5ef7
b1f17d9960f35562,34f439bea19255a8
0d472b2f14735fd1,8bdf1fa1fbfa53c5
be382c6340e75946,c8e8c03811e65fab
3d523a73f2815ea4,ac369198c2ff5409
748a5531d6415e0c,cd092cb34d915ce5
72cccfbb9c6f5e9e,605fa9b35440506f
31811172f43c5188,69be59f6a4a4539f
5b3f41f636aa5136,40e70a1336405513
c6c1dab6af9858f9,cc7ccbe473385e5e
2647308c0cbe519c,9bceece7e6235b93
6895a6d7719f5b3e,215d35f633c85bb6
6e738e56c7f854d0,484dc01db9ee5088
fec2bf4f1842590c,2d7dc6e8d20359da
cfc9186dc53b5d4a,e1396c85e07c5871
8b794f146fda58da,c83ebde45a935d03
e95b2a30d9f456e2,a164223f111759ee
310fcecd57a95e06,be52cb4944325c05
3370b43bf64151a6,05be582b0e1a56ef
82521f61cf965167,09e659f80a135489
38b7b1afe2bf516b,91621b4a27be5938
73298d57a59e5252,7919c0e954f15bff
01fc240ee1d25c9e,dac2690e218d58da
44f736cbb0365616,c162146f31a250bb
0497454a0d735bc1,6713f59065e55978
eb3531cddadb57e9,7f290fdea020500c
2d6d2dd79ad75ea5,ff4fff59f07e57a5
29949ff80141506e,e9d24e1f842b54b3
6fc4fc2702305dfa,32ff166852ec5c1d
26b80207f01e593f,e467e0c884f55909
e3082eaad29750fd,d81db239d2f05a90
c09cdf83367d5d3f,2c5bb558f3175198
1ec907a74cbb54cd,cdca3bb6b41e5121
975c802f6f175888,e1ced2cc879955c7
908f696abf7c5a26,16415527b7505eda
6fdde744b66451da,765f5421c6695906
ad2bbc4542205912,599076be97dd5e45
eff5b15eb0935b33,7073b2f9f0de5113
58b96e6ca9a95ff4,0afbebfabaf15932
a6862e7424815856,14372e1d773c5a23
5816a23cfee25d4e,c448d5807e525e68
dbff1141343a5736,edb817c8a14d5ba8
6eac35cd4c6e53b0,b2ab7970c62e585b
dda361f4db52537a,7a210c885eb251cd
33c738c5f199510e,1547d132c4275317
ff5c0e17d20351ca,af1548c2088f5bf3
c1c3bb73344c593a,c90b47d7ed38545b
a28af989d6ea5fe8,422ebdf1685551a0
f9f97f2e6d435822,6c3238b7de9d5f0a
67958aa8e9015aaf,45bb3cd5334f5df9
248288deae795ad8,cf120f56abf250a9
7a140c5865295d91,2134395ece28546c
6ecc4586af155c50,7ade0b2de2725c08
04e3f71d6bc15d1e,198965a39c865f16
0a746c037a905da7,282d610f51ac5161
00fcad6d092c5e8e,b0586a95f0a25fe1
a2978bba82bd5751,dc71409882185123
43493f9be4735732,abca01be0e6a5767
ef4e7ef102395420,4cb4e1e99db3559c
9d18c2e4a9c35be7,978fc2ba973d5a43
33c7945f43795064,4c5c39df03515e15
b111bb8716b756d2,a3e82f3df4495f28
871164a7e40652b5,f85a416fa42c5682
514964ba4d115d35,faadf0b8b0da5c3b
e8c4f72606fb5cb0,7314ad499f24559a
0e198cad33c65494,afe2512625985226
01add9e74d3c5053,d9a3d904368c5c15
0b66f76610bc5f63,57dee624900d56aa
0f422a003dab525e,7e08aa901d8550e4
8cd3ad22a81c52b6,e91c9f527e6a544c
5ad705654fd3547d,d89ab41c3ace58f0
d1dd156bb9b1599d,03a7488a3ded581d
4c22cdcc527e5a36,3487e5b0d0555e9d
e5224fa3a0f95b04,cd7a9cc06e0e5bf8
e241e150a9c157b8,3ee3b99c478655c7
c18b1648f6045467,58be651cfd1552cf
f24ade1ee3ac51ce,9f243a49cfef5677
090d6a17e77d59b5,2387e512494d5d73
a99280d8424c55b2,b1b54e4839f95dd0
32cc73faa9755edb,3de375f3bdbe55e4
e2c14ab1fbe350b1,98c04df5872b5d21
3338ad25c2cc59d1,b7d0ac747aed5228
6907f601feee5114,40e641156d1c5c03
41b4a4440a3e59fc,2383b54b539a523f
47a83e9f70525906,16289c2247ef56b3
3b1e0182cb145b8d,41e04ef8335e588d
42643a30b402538f,7c91e837d2cd5a75
7385c74727eb53b5,e175fd6abd0e51f6
0f8b3b73fda650e4,d02b96b5fc6c5341
faba362f85a95b6c,839a4c5035b2559c
6a66294fe97f54db,8c017295d1c55e59
cb50b764d69557b9,1bd475f7b66751f7
da01de71bce95578,a30f46b79c615373
1ab2fedfbb4b5c2f,225e4228d89c5c37
868e873c94b75b38,6a345891952c5ad3
47fdf7c04b155eac,d719be99cc8058a5
ac5327106349541c,9582cfb9de6a5d3e
70f3a3d098bf5381,45821cba1f2b520c
1d33935825d8539f,2b17b33c128c54c6
230a57eaa1a25864,80c377d133ce538e
b87ed2985e545397,0bcefee46da250b9
de9f2e538b69576c,cba5e5dd1d855b8b
c41c11cf85b751e2,df9eff008a625def
c1553b5b161e5db1,62e7a17de2cb5027
6e0bfaa448c5587d,28c334ca78bf51d9
cdac2937953e5398,fa4e2109fd8c58a0
a87f744c67175bc4,e4a7d26fc20b5724
e2fe8539502a5fd1,48fe06e6ee105bb9
001b34b45b2f50e4,ebf3bbc2560a5f6b
171ac85821875613,2741189b2c1a54a1
2158d459f8b259c3,d74e02c3b8805923
bb8497b5cf575e3a,6b289433e5165b0b
9360bfdb65d153cd,184b40fd1ab85f1a
834cf95826ec5c73,d4d3951b744e5467
fe789ce80d4f5b2e,875bb8eb4cb15956
1d0c8aa56b6350bf,81677f1a8443587a
7f0cd8a968f45cf9,88dd28d15deb54e3
bd4dac2ccde55c08,02d79fb826a052b8
38f3b89b93ba5032,730d7fc4dc49524d
608c6909618b5642,8c930566d92e56ec
2dbf2462b447576f,70811526b49c52a0
9215555823945665,d1a195b2bd235d8f
6fed9368351f54d5,5cc08fe99dee59e4
7fb4ab2c7e8c527f,72bdf3527d8c51cb
08b29b05bc4650f8,bd66384a63705098
3a8a3a691f4450b5,041dce99556f5e3a
b39c69db9eb45416,31911ae0bba3509b
ff9d7c14934b541e,51ddca8fe4255f34
01fa845276f857c5,4aea5cf609f8543f
ca2552a32a0058bc,940c794bcf865e33
91afe72955de5b85,6aac79b683ae5b62
f4814e7eb01252b6,f2e29112c9fe5168
44f75400f3a15c14,c8c7965671b15097
38ecbc57db7e561c,95113c65edf15111
a489c23d292e56fa,d2f674c4c7985aea
fc1b6762387f5209,bf5df2af80c85cc1
9d7108a109a2571f,19aa9586c72a5f3a
20f1de62f5795dab,ed3d1c5c5d495f87
974d5c00402f55aa,931c4845f13f5907
67094a5dcc8c5ff6,dae767d3c80c5635
c90d3a1a568a59d3,e6ed5232237455f8
795d49f6b8ec5f69,22bed37da0b3550c
0a73f089868458e4,27a7399fe61f5e3f
de235386b6c65ebd,8d192a7c73d05964
45d6c16000b75270,275365d56f8d54d3
e9d869eb2d255788,e84bbf0ad35a55a8
81997d01d8f65c19,c2d9a5f712e2512c
87da3996575459a8,51c6be316624594a
704fafc3d8fd5258,82f19b437c095c85
1e78181bb1c150e4,a72d299451f65201
0093ff0188ea5b90,18cda7f813b55d1c
a354ac8030d55e5e,b44b3173093c571b
8f9712da66485b70,ab7a0c6b5db2509c
182fe7c6dd5b5e44,9c1c1add350d53b3
cd41ee390afb5da7,e64b778dd3c05a67
04fafb805d465314,6cb74416a3fe57a0
f9de30ccbddd50dc,280c61e673b15fb9
16ac515a3ba45d76,0a9df86bd4525744
bd218550d4d35e5c,def60cb4d44a5cda
45c6be97d810541f,a3ceae019af55a31
6a383816e5c1568b,7fa0c4ef5bc354e3
26f3ef1a426f57be,efef7c9e2cfa5977
b7c6bbad8e3a579b,509b7d294a4e56ca
538ed1acbf145c8b,90d737fd14645dfd
6da3bcc544be52d3,01c8f81194c4588d
87d1648c9e27512b,4d4910947ef751fe
25b5cecdb3b75e7c,796a90e62c455318
8135a67aa74e586c,e527c391386a516f
a67c6744e6c45edb,86070dcf96755f6e
f8c4bf250c1c512c,6f22e54f3b3b5e2c
1039e136e6605cfb,c67eab7349715aac
bf4fdfa51e215217,0511a134b4e55ab3
eb1315c4860c5189,8fd5475a0f6b5bdb
082381ecf93c57d6,a0b46122b56b5da9
d382617fe91a5c5d,55324e0ba97a582b
6b6afd7690245e14,e4e234ac6ab25db4
50142143082f5c0e,4cf3c93e10d05834
148188e5281e53cd,9b1df0dbcb11569e
71f883f1ec8f5e37,e6d52e6e528c5522
9164913b818a58b1,0ad192af29b05b35
a6c24c9ca7335016,ce79093413045034
2c5ed5662dfb5ee9,0685e6377f835263
13d078252f4653f3,2ce4f5ac821d59ce
0590cb08d06a5905,c70da33eab53575a
253ec4fb977d52d6,e04ab3fa161259a1
3346340e1c275766,c8cc7f75093d5304
1834f4fb0ca15b93,4e89648584fd58b0
f620e6d6c13b53b7,9be222b341df5ea2
6c28c001109f5718,20194b1f8618572a
80752a827b8253fe,f8f3c6484d2a5a33
efb7ddb02e9f59f1,96e451c0e56352d8
77cf9dfc36c35df7,7ae0b68bf41b5f70
3d4f0c1ecad55944,c7bb93b8fed25767
1eb0e6e749975996,383214d43c245f59
7e7acb8e97a9520d,ec12a483c8b05fcf
115d3d7bdadf52f8,5c7b201ac57d5d56
ae1ac5ca165a5b5c,ee2551f728305314
7eb4ec2ae9fe5702,9d76df284fec5c8a
561e8ca2d7395a7a,79b9966ad538505f
4ceacfb6be565ab3,6a49aac7512b59fb
24817ec41ccb5f01,3bee1cd8bb335d8d
b90086e468f05378,e7f233287fc4559e
f57582f9a7dc511c,22aa074bf78f5af5
40e774c643fc5689,cc086e928d1a5e24
65a5be18fdb7508d,bf7d241c99915732
888d1fb945ed5982,7a7213c7f4b55641
17aa66edae0e5214,58c3357487cd50be
f2033bf66332541b,fd4424d1f58958cb
ea492662cb205db2,7e085f5dd5885290
1935e5d682ff5981,ebd40cfd06d25b91
609d74e2399c53ad,815c2571d02656a0
e3ed22f3bc385b45,8f517181c7d35fca
ce2de8af70e05a57,3368a8f8c93e5d9c
5bd2bc00e2d358e0,786992e6fb185d1b
71629f355b5e5b19,d69cad078bc05d5d
7bacd3cec5df553f,e12142d7c3ed5b28
05769097cb6c5b91,827bc70cc1d150f1
0a2a71c0b34c5f10,b96e845652d85df1
c4284fce4a2f5213,35fd58844d0154d7
72a43a590e3758f8,67c2802310fa51a3
d551f73a1e4251aa,17e9ab2e7a1f576d
2ec759b29e0155b5,e37da00ea40e55df
a64a3e4f2048576d,06b0300bbe9c5840
764bbbaf51f85bd8,5267737202af5788
51754449a4dd5f27,4bd1601eee7256f0
313c37ffdeaf51ca,5fa3e499ea7c5f9d
d87ac612c49152b5,6d2cf11e47935936
065ec41ed01d59ca,71c0510aab54575d
548b6b9700f25610,5eb86b83f9aa58b6
1c7ccdd40a3f505a,4a3575d2e7cd510d
0e08da5fbc735956,19814f7fa6dd5891
390cb416304c5d2a,54f30f0ea50e55ca
7c150adbe5225f20,89740e1d3c4b5e49
0dd6fe46c94055ec,280c92db918b5255
05c6edc5f05c5932,81448dabb8c95557
7ffaa3cf8bf45474,6e8d1690f3e75b22
2649dcc8a1725fb2,0ffdeabd39a457af
9e10e31698a650a1,4c7a22bc1dcc5b23
2b4e72f733d35e89,95a26f8c8a9c55be
c4b1d4fabd315035,7f938c1f18415ebf
2bd04a0902095129,7dc26154934b52ed
f08f205e15975d97,17568d403404572e
47e96fba9c115fe7,f7754be8c14254d5
fa40f1c24ced584f,4e028f2295615325
96cb1a2412095a90,8e73382ecc03558c
de205067b0165547,961742e3d8d750a4
b32ef3cb010c5903,78e92aa046895e5c
0bf5bbbd53fe5ea6,a6cded1cc3785d51
c988ef2f076359de,5dc9a3b33f5a5fb2
5aac73b6f21a5a86,73c11c21a1435712
662d6c1f51815bad,22a5d36b373a59ad
c16f84d1251552af,2f28cca4fab85f3a
6fd56fa51891517e,65e11efc218956eb
3cf9c200e3485696,1de8211fec1256a9
976107b532bb5301,d1646ade0bbf5d68
602c93fe201356c2,0dae0dd9783151e4
7607a0bd144e53b0,5c09bf9101295a9f
2f8dd3404f375ed8,c7267ee0155b5892
3b8cbe3ce6465e62,d876129cf2735880
7be8784c329456b4,b1291c95a4635460
42160b555f2a5aa0,d9c6a90f54495d12
5f42f18776195578,eb1fd9e970c55dd3
0f8d3b14831a5ccc,197e56466ca054a7
04f8f8b4cf0c52e7,21074da0cef65369
2d365fc1fbd35aab,5d26d37980fd5191
592f9e4317dd52e2,5f9347608fc05232
52094c2441105f4d,d8a5631668b55600
eb81d53204735bcc,f156a16f60ed5c2e
0695553567185c3c,d5207960d4445c8a
b937ec3b9c845118,105428e6b1d95b4c
cc063cc1396551a6,ae7f2528a42450e4
99f3a7ec61305307,8ebf5581f09e51bb
7bd486db42e35b18,31ecfb96eefb57ea
f6082f18c392582f,2aa44c5caef4585d
6404a27bddb85488,c328bf21b3e85391
cba2150084b1510a,fcb644946aa75666
1134d05b608b54e8,34fc963dd3605d9a
48bbe3acc93450aa,4f4da09be486559a
f5ebfa68c2315d0c,1eb19aa987f055b1
8d04552a13985dc6,66bdde0fc6e05a69
edf7281f49b9573d,28f85207bcf75250
ed5defe615515789,5edbd9f61304598f
351f4333f34258b6,4e3fff79db3e58ea
a3882e6ae8635832,28e39fc202db59d3
87a1c55863135418,1941cec782d25f8e
a159a54ad01d5f4f,06091d727eef540c
17c882b28a195c3d,e12058aed6915501
eeee7091fa995250,c033610139745f53
5e96a7620956567a,7f90968bde0f52b9
9540f5a8db575a50,ba958042bbde54f5
9d55692d15dc5155,f69d05e774fa5ee6
6829197915d25514,005106c896c454e5
e776468d9bf65a8a,5ed455bfe184576d
b637b5849b475a18,b4857353bb775804
7d51dcbc514953ea,9c3afe368c195672
4d6f4dbf01c2567c,c432c77c846e5784
ab2ac765df3154b7,ffd3d379ea8855a5
2fc619c5acbe54b8,459f51ce5b11578b
93ca181d363358eb,e045da3550cb519d
92389245b55d579b,4264bacf0fb95ce7
0122ce98b2735558,a19561c7e5875e77
8790ecedb8ac580e,c6868017691d570f
a862b4e7cbc05869,87b44675fc185369
be7004554c8750bc,f4160e163126546d
8ca47b84db7053a8,cdf3de2b4346503c
9406203fdb815e58,e13244eec5df535f
f55c530f3875533f,be9bc42453db5183
74da64c81fe1552e,66efba6e0df25f17
1517632ca5a8577b,e490b8fe1881579b
1a099ccfccfa567f,8bfa562341415abd
38c2e9619e425ab8,de0fff7178fe5783
61b99cf0e08d559a,006c01cdf0575562
21560b9edc8c5b8c,a130a42d7ff15af7
0b23b3823c4d57da,921939e147c554e8
69bc8107e82b54db,7a487f440bd554a6
11714a81e1c45a54,b0920f36492b5f48
9f5ac897aea35174,3894846f97a25554
02c173ffafdd5be5,f10558e67c925994
0e479a9039ef5c10,05012a6bf44e5a8e
1cbb42e800785a61,3c34dcc4231150fc
a8d904be723d5ab9,3ade32d830ad5a16
ee4a2e2de70a510b,913070fcf9845e72
d9bb15db6f025acb,cceb79334b475c34
1ebb462c6acd5b4d,ac4a4d6e72ae55f7
d5a0b92fbf8b51df,7e87cbf75fd052a2
c841c36b56fb53f2,a48fe11fab7f590a
e49e9763e6ea5ffb,8a60381cba795076
ddaf241c401e560a,0590062da5d9528c
b4f362c0d9015d07,f96cf86094525742
3276f87a152651f0,f96cf86094525742
ad781cbf672a5485,9ac7b0b1d65958ed
13f7b495f8065eec,522571f00f6553f3
fc5d32be7f785570,59df35a80f055242
3260b9e0a6ac5b8b,e7997314cb915919
77fa15ffcefb580e,b97d298790805d71
d49b986924cd5bed,587442e15b1e51d4
7c94fd89afb95a88,8315145850fa5d29
1511499da17054b0,eaec4d66772051c0
979fc47b4f245a9c,20954f49a4e659af
348680e464e15fa2,9e2af144dbfc51b4
a33054c645ce5643,e6a28dd08357590b
56587c89d25856b7,2efd658b9ea85397
f9cfac7b9f30506d,4928a151f91853ed
4dd1ab3a667b5074,af2eb2d3e324563d
c460ec097ed958a2,305949f36ec257f1
44137cf5578956d1,075c6a6eccb65168
a152c8cad6625d6a,ef48c8353c1d5d29
8c8694effde754e6,aeded24705a8522d
a3af72210c7553c4,de351a00992e53b6
8dee25a9bcb35544,130b64fb2ca850d1
6f7355de329659f2,75056893168c509b
1b0f2e4276945f9a,ce00c76f39295e12
3a29d6bc75a557f1,297e60d196e750e2
c8dc1e0c85f75036,b647914ba05e5377
2dca181fa97153a0,43cf435bcc035cbc
8fd10a64f7255d5c,f323816f971f557f
d14ccafb937a543a,30d2e312d547511b
d51cd13cfbe35a4b,7c287eed95e357e8
9064ebbda4425d30,ca0722fa219652c2
80ae73dfb4c45e8d,4e7d3e942d785dc5
453bdd4f77af5c90,7a1078210e205346
2403645ef4fe5b10,c8f733ed153b59c6
68aac08d307653e5,d83979ac34a35661
f6b2a416f38d5609,f45aa344fc825a54
3f64ff364b585a3b,2e1513ccb65d591d
d5f582e6945d5bc3,d6995d54b9c95d94
5ab14dca42a058d9,eb3f70f2375354aa
a1fa084b258b5672,c55afe6a9a9c52dd
11d28b80cd0a56d5,0d595547983a5560
53f1331b9dd45ffa,2c39cd3661df5035
9ab5654cfc9f5724,903f2eeb052a53b4
42d2414f92c651bf,9515b69a4e675a76
d47d27f1cfb65061,5b2226e6cec457fd
557a287c11cc5960,393521ea2b7b514a
7d5618d384ac5071,0882832f14cd52a9
4023fa59fcfd5671,7de41c8b6a835d20
1f55063084fd593c,751e01a9d30959af
ae312bf769445e43,0949bc0926425a35
8187be48a9d95d91,18771df476145256
31c26928703053d2,2b0f531567ea5ef7
6e67504ab65f5314,34f439bea19255a8
52bffad1e6895ff1,8bdf1fa1fbfa53c5
a454e18ca33d5cb7,c8e8c03811e65fab
8299207e310b595e,ac369198c2ff5409
54169f6efe825b79,cd092cb34d915ce5
36f96e28725c5f5e,605fa9b35440506f
0192c3bca9ca5c67,69be59f6a4a4539f
ad8f9de7692d5f59,40e70a1336405513
312c0f2f981d51c3,cc7ccbe473385e5e
ee9ddfe6625b5969,9bceece7e6235b93
d534aec3a5085c3b,215d35f633c85bb6
566394b6f104598e,484dc01db9ee5088
277c41e4b5d858f1,2d7dc6e8d20359da
0f69087034985e9e,e1396c85e07c5871
aa34b08bfad85fac,c83ebde45a935d03
fb73ca8c7d5f5d34,a164223f111759ee
bbb5018d017754d0,be52cb4944325c05
fa7555f0099f5c59,05be582b0e1a56ef
fbe0e54ef79254bb,09e659f80a135489
c83d1e0923295d5a,91621b4a27be5938
f530d03c88b652a7,7919c0e954f15bff
a681a147f3375cac,dac2690e218d58da
350b10a4761e5c11,c162146f31a250bb
994c2c1c459b5cc8,6713f59065e55978
0b9a48e2b0d351b9,1e3135f353515aa4
c7c9121707745be3,ff4fff59f07e57a5
277cdfc9479e52c4,e9d24e1f842b54b3
06e62670ddb152d9,32ff166852ec5c1d
1693d395bec753ae,1c6df2d857ed56e3
cb8822d19cc45d85,d81db239d2f05a90
3aa9d1c9ceb35906,2c5bb558f3175198
1a5f614c9b815e92,cdca3bb6b41e5121
52248a6939af5fd6,e1ced2cc879955c7
ec1fc260f1c15d42,16415527b7505eda
4972962184a75fa7,88a020aa6dd75234
68c666c7045f5609,599076be97dd5e45
ea141bd5c40259de,b33512532be557d8
5fe06174763b5c36,0afbebfabaf15932
111485c5e6f458a9,14372e1d773c5a23
30638699ab8e575c,c448d5807e525e68
07952d3dbf4550de,edb817c8a14d5ba8
15959d7a3d3a53f5,b2ab7970c62e585b
55016fc4cd15505d,7a210c885eb251cd
3fd7c487c29f53bc,1547d132c4275317
13e6cd945bf95a1f,3848cc2cb09a5bea
6c5d84e81aca5755,c90b47d7ed38545b
8c75e07d70c558df,422ebdf1685551a0
31091c3173c6596a,6c3238b7de9d5f0a
366c7e46b0415253,45bb3cd5334f5df9
689b619dfd3652c3,cf120f56abf250a9
f6df3f934bdb598d,2134395ece28546c
1d3cf448005f56c1,7ade0b2de2725c08
a1d40a879acc5165,198965a39c865f16
432598c0bda65445,282d610f51ac5161
3380ae828ea75d1e,b0586a95f0a25fe1
97c09fe94495563a,dc71409882185123
ecc5d9051f445174,abca01be0e6a5767
ca68dbc018a35aa3,4cb4e1e99db3559c
5a1f551705995574,978fc2ba973d5a43
ddc25b8617cb5aa0,4c5c39df03515e15
d7ff11915cdf538e,a3e82f3df4495f28
9bdf0d338d625e2a,f85a416fa42c5682
4da3c27db2495e9e,dc7a29c22f6a590e
e3eaafd948b15069,7314ad499f24559a
736e79c663bf5310,afe2512625985226
331a4a4334df5c34,d9a3d904368c5c15
59c3714116c25a7c,57dee624900d56aa
4fbfc7dc71db50e2,7e08aa901d8550e4
8062fe1c1def5111,e91c9f527e6a544c
fec68cb4b42a5b30,d89ab41c3ace58f0
eb15f0d956eb5ac4,ff7562ffdfa95a50
9f62394830d05091,3487e5b0d0555e9d
3d43337c0e6b5910,cd7a9cc06e0e5bf8
2e67ddf209365112,3ee3b99c478655c7
a572393e361e5b6c,58be651cfd1552cf
c6c94bd6691c5008,9f243a49cfef5677
4b7a9aaecd8b5c5e,2387e512494d5d73
2bce4431c5da5d1f,b1b54e4839f95dd0
720963308f01575e,3de375f3bdbe55e4
607fd9c5903d5376,98c04df5872b5d21
2c76300c674f5769,86145477d81f5ca7
c95f17dbae835b51,40e641156d1c5c03
d0fc0e92a9e4552f,5907695e9b4c5d94
cffc9ea8b6ea5920,16289c2247ef56b3
25d6781d5063561a,41e04ef8335e588d
d44d886053b15b23,7c91e837d2cd5a75
86dfdf03f928570a,e175fd6abd0e51f6
4b6b5bac92ae5f56,d02b96b5fc6c5341
5ec473ffad5c55ba,839a4c5035b2559c
825269c866465320,8c017295d1c55e59
01da0653d99c5903,1bd475f7b66751f7
d65373ac727f541f,cec82145cee65013
d4f972826d645ca8,225e4228d89c5c37
4b0be4847dd45b5c,6a345891952c5ad3
e59b32f05f5e54f0,d719be99cc8058a5
b0a6370d836a59ed,9582cfb9de6a5d3e
57d9e7f9125751e2,45821cba1f2b520c
0a6e90cccbb15213,2b17b33c128c54c6
ded4ce0e91b4596a,67a39516324b5239
611a1729dd145afb,0bcefee46da250b9
86db4cfb30b55a5e,cba5e5dd1d855b8b
3dcb4ddd8afe598d,df9eff008a625def
e14d9a1990535a29,62e7a17de2cb5027
966e42e47cc85a5c,28c334ca78bf51d9
f86adcbec849574a,fa4e2109fd8c58a0
f638ae3f35d25d55,e4a7d26fc20b5724
9986c0e5f88f547f,48fe06e6ee105bb9
2002780575295bdc,ebf3bbc2560a5f6b
3f4013b6af2d5850,2741189b2c1a54a1
47e0ff3bc36a5f69,bd5cf850fb9954be
a071167fdae35f84,6b289433e5165b0b
f1ae4feebfda5b75,184b40fd1ab85f1a
06c9339fdc3e5404,d4d3951b744e5467
0d50bb8976e45ea7,875bb8eb4cb15956
90c6b53ec4a252bc,81677f1a8443587a
0b7ee9446b7f541e,88dd28d15deb54e3
056c6ca971b355b4,02d79fb826a052b8
d849d3813e3052d0,730d7fc4dc49524d
d258d4d9b2235df6,1481ccca03915ab1
7d9515c88f0254f4,70811526b49c52a0
bcd26bf1bf055164,d1a195b2bd235d8f
78b4153a6d3e5b33,5cc08fe99dee59e4
55a584a116ec5e6d,72bdf3527d8c51cb
2025f4a272e15733,bd66384a63705098
892904870078578a,041dce99556f5e3a
ff60af032dbd5caa,31911ae0bba3509b
e66b1160e38f5483,51ddca8fe4255f34
fbb8f13bd26a5eee,4aea5cf609f8543f
d945bc5c595d518d,940c794bcf865e33
c493172b908c5df9,6aac79b683ae5b62
fbe67126a4285628,f2e29112c9fe5168
ddfadfe2f0385b3b,c8c7965671b15097
b0bd81048c07524f,95113c65edf15111
111174636b57539b,d2f674c4c7985aea
534efc35151f543d,bf5df2af80c85cc1
d5fc95fa66025d7a,19aa9586c72a5f3a
649ee93e67cc58bb,ed3d1c5c5d495f87
94693a54967757f6,931c4845f13f5907
8f976b493bbc59b4,dae767d3c80c5635
2575048779565f0b,e6ed5232237455f8
08c1c8fbe5435208,22bed37da0b3550c
458aff4d43725bd3,27a7399fe61f5e3f
70ce3fce14785ae5,8d192a7c73d05964
40df19739f215995,31962978183f54d7
c20bcc28c238595c,e84bbf0ad35a55a8
13fcbcdacbe35755,c2d9a5f712e2512c
7819725bfb845e82,51c6be316624594a
007845701f635565,82f19b437c095c85
3e7237c8a7815648,a72d299451f65201
5bbd26efb97658ec,68b0fbdf0cde5302
4b892b0f3efa5255,b44b3173093c571b
87e14b8fa1665ee2,ab7a0c6b5db2509c
55eed45c895852b9,9c1c1add350d53b3
9483bda6b31259bd,e64b778dd3c05a67
9e20b3d7da855668,6cb74416a3fe57a0
c8507cfbe8575463,b4d739f9822159af
8840042ede42578a,0a9df86bd4525744
accb5d206fd05911,def60cb4d44a5cda
75570ebf4f3551c1,a3ceae019af55a31
aa74d194063c5d0b,7fa0c4ef5bc354e3
06329b33572752d8,efef7c9e2cfa5977
8a540001f3f0514d,509b7d294a4e56ca
c472d369df235104,88183ea59c9c5d2c
a04f86a92daf50ba,01c8f81194c4588d
a452d968db965d77,4d4910947ef751fe
ec611f7d00d85b31,796a90e62c455318
fdf7643412e85c31,e527c391386a516f
7bbb4260e163517f,86070dcf96755f6e
0d6296a5295a5835,6f22e54f3b3b5e2c
ef7fb2d0c7bf52a4,c67eab7349715aac
3493d0184aea5ee8,0511a134b4e55ab3
a18d2b32f8415373,8fd5475a0f6b5bdb
fb26a29303d1507e,a0b46122b56b5da9
814e85810b7757bb,55324e0ba97a582b
f8ec4186e4f15c8f,6547b432b4c1581b
85ab290d4e535060,4b6b8b2e0aa75682
9dfb79c738b155b4,9b1df0dbcb11569e
8fce05a181775f63,e6d52e6e528c5522
69616d6f715256dc,0ad192af29b05b35
bca4325362c35dbd,ce79093413045034
7ed9d0ca20ac5e2c,0685e6377f835263
f9c0cc538bb457c8,1e1bc687e0175fca
e12d472387385ef6,c70da33eab53575a
acd0bceedc6852c2,e04ab3fa161259a1
f9c8ec6aefc05be4,c8cc7f75093d5304
8172f888cc1f5c0f,4e89648584fd58b0
dc05b41a768b5015,9be222b341df5ea2
cf45427178d25b3d,20194b1f8618572a
60c9aabf696a5756,f8f3c6484d2a5a33
10f15e844ab15831,96e451c0e56352d8
389bfba2e25f581b,bc1d6e31a7f550ed
dcdacf7509ed5062,c7bb93b8fed25767
ad568870afa55435,383214d43c245f59
20162e17faf656f2,ec12a483c8b05fcf
3f82940c5aae5ab1,5c7b201ac57d5d56
64f5ed7f37905836,ee2551f728305314
27c0f4e2b49b5c08,9d76df284fec5c8a
d032dcd4015e5cee,79b9966ad538505f
9a6e3e5d86dd5949,6a49aac7512b59fb
03296a9251995268,3bee1cd8bb335d8d
cd58499f8230591a,e7f233287fc4559e
a5db7f072b0a58d4,22aa074bf78f5af5
325989552f0d5845,cc086e928d1a5e24
ce23b8e489255237,bf7d241c99915732
52cb88473a965bac,7a7213c7f4b55641
60e98c18f487568c,58c3357487cd50be
d925879cb467504c,fd4424d1f58958cb
bddb70b4743352ce,c4f5521ef4625ae0
ea1c363c888b59c7,ebd40cfd06d25b91
97c8e9ca10ba5a69,815c2571d02656a0
4ab74b20c99e5d20,8f517181c7d35fca
3d2f4a8fb8b55572,3368a8f8c93e5d9c
5380625bddba59a2,786992e6fb185d1b
cc4a4dc2afc75aed,d69cad078bc05d5d
455037cfe9a95796,e12142d7c3ed5b28
9e0633fbdeac55bb,827bc70cc1d150f1
86f148317f03504b,b96e845652d85df1
5422a7cee0d35e47,35fd58844d0154d7
6e49f2f1c4e456f1,67c2802310fa51a3
489bb0ed93455b69,17e9ab2e7a1f576d
db07a6d7eacd57d1,e37da00ea40e55df
10193911d433540b,06b0300bbe9c5840
607b63930d2855da,5267737202af5788
afa37504b1da59bf,4bd1601eee7256f0
ed205afc48d150f3,5fa3e499ea7c5f9d
9b4c54f9a3f757a4,6d2cf11e47935936
31134bc6685c57ae,71c0510aab54575d
56886aeb0f685bea,7a69ec2ac66e5ce4
66fff80a93805b34,4a3575d2e7cd510d
b2abc819ebf45c11,19814f7fa6dd5891
7900996a42f35f67,ed5b60bac1ed59ee
38fb216f0cc35ecc,89740e1d3c4b5e49
8848228852a65400,fde2b62a3bae515b
1e037812f8d7530d,81448dabb8c95557
899ed9ca42d750c6,6e8d1690f3e75b22
d6641a8596f25d47,0ffdeabd39a457af
98527843384f5f43,4c7a22bc1dcc5b23
aba1622c877f51bb,95a26f8c8a9c55be
008d66a74c275479,7f938c1f18415ebf
a97ceb2edd0251f9,7dc26154934b52ed
d2777b7b71325a67,17568d403404572e
9839a7913075581e,9134714a4e665a97
adccdafdfc3d5e0c,72b491a9d5da572a
5ed4446679c35566,8e73382ecc03558c
97bbc33ac7d4586d,961742e3d8d750a4
e69f96075afb5d86,78e92aa046895e5c
9f841033bc335965,a6cded1cc3785d51
f87414e8321c5fa7,a728fcf5aa9859e2
59dcc37e3f235412,73c11c21a1435712
36cdfb296218516d,44d1fb8af4a5513b
692bea45f3de5fd0,2f28cca4fab85f3a
ebe1b48a47f356a4,65e11efc218956eb
18d04df0d7e25316,b6d299e288905f3f
d422c9b6689c52bf,d1646ade0bbf5d68
78c1a7b545cf5592,0dae0dd9783151e4
09d33cf8b87c5ae3,5c09bf9101295a9f
162436ec6cca53a4,c7267ee0155b5892
5474ade2411457f3,d876129cf2735880
a1f35d4460345de8,b1291c95a4635460
b7c9a2a8db7d5b48,d9c6a90f54495d12
0a3caedd4a7c5394,eb1fd9e970c55dd3
5a13ac37ca725a30,197e56466ca054a7
728988dc8a8b502a,21074da0cef65369
d30c567171635154,5d26d37980fd5191
0503cc398e2656be,5f9347608fc05232
be7c407443f15fec,d8a5631668b55600
70b8c89829d05f30,30ecb33052e65cfd
e41740b9529753af,d5207960d4445c8a
70679dba8428549e,105428e6b1d95b4c
2c6d90e9889e56c2,ae7f2528a42450e4
bb89143f371a53b5,8ebf5581f09e51bb
e941bb5a630f58ae,31ecfb96eefb57ea
4c3718ea056c5656,2aa44c5caef4585d
2c978eb63fec5d2a,a3a13a44bc3d57cc
31e7be6258f35c5a,fcb644946aa75666
2d6a7d3813ef54e0,34fc963dd3605d9a
82e1485de4fa5b71,4f4da09be486559a
37c816fee82753e3,1eb19aa987f055b1
8a6de2af60965cd0,66bdde0fc6e05a69
fa9a6007ed205fe7,fc84141e4afc5b71
b99d20a078a958b9,5edbd9f61304598f
78e8eab14d8e5d65,4e3fff79db3e58ea
4bc95052d6d8547e,28e39fc202db59d3
47da19c4edbe5b95,1941cec782d25f8e
1c2170ed2977545e,06091d727eef540c
a4fb656f624e5458,e12058aed6915501
a259460cd13f55c2,c033610139745f53
dc0152c1caca5d94,7f90968bde0f52b9
8084b4b0d97b5d93,ba958042bbde54f5
9a594a58c8125976,4c879cc94a285d03
a698a93fec1e57fa,005106c896c454e5
c0d4412fa9f15f5b,5ed455bfe184576d
126fd1a0d1675f57,b4857353bb775804
581b5ae61b1c569d,9c3afe368c195672
816a869e91ae5d17,c432c77c846e5784
f748ff8ee5be533a,ffd3d379ea8855a5
5f78b2fcada85eef,459f51ce5b11578b
8d0697930b5e5df0,e045da3550cb519d
926d8c9ced715a42,4264bacf0fb95ce7
a19d3096f2625fdb,a19561c7e5875e77
c35a248a5941531d,c6868017691d570f
4bb645483bf4594a,87b44675fc185369
c0e6947e2b455ff7,f4160e163126546d
012ca60989175c54,cdf3de2b4346503c
d926deb799a65bea,e13244eec5df535f
ea57966419605846,be9bc42453db5183
8127022f9d745e8c,66efba6e0df25f17
2469647d2d055825,e490b8fe1881579b
51e697d3f5255ac3,8bfa562341415abd
2f23d31a3ddf5de9,de0fff7178fe5783
f36dbc258c8b5e17,8cc262b5de7a5abc
c672f1584cb75697,a130a42d7ff15af7
fd02cd78f5b55d6f,921939e147c554e8
69f50b1f6c4d5f4b,7a487f440bd554a6
53f754a75b955383,b0920f36492b5f48
b826ee4aedc95b0c,9ebe9d164d385777
39a769c19105586e,f10558e67c925994
c06773e2267b568e,05012a6bf44e5a8e
33c58e00f5805824,3c34dcc4231150fc
19d9dc5184675c50,3ade32d830ad5a16
ba2973ad6189568b,913070fcf9845e72
43768792861e5c7e,cceb79334b475c34
4abc4549b6d45891,ac4a4d6e72ae55f7
11e7fdeb883b5381,7e87cbf75fd052a2
8ac66bedd6d057d2,a48fe11fab7f590a
79d3720b23b6533e,8a60381cba795076
50702dbe2f785ae5,0590062da5d9528c
7db790f4d8965df8,f96cf86094525742
ffe92084016a5795,4d7fa387f50e5afd
f9592039b6aa5165,9ac7b0b1d65958ed
43fd9868f2ed549f,522571f00f6553f3
cda41068b4b65ae0,59df35a80f055242
e1ca840974745c96,e7997314cb915919
f33405d075755825,b97d298790805d71
4bdff78fdccd5f6d,b2b3446a0b835f8c
283f93bc73b2571b,8315145850fa5d29
2d4b17f8d7585219,eaec4d66772051c0
b65dbda85d085330,00c04ec4d9c25ca3
1e60548b4c00538a,9e2af144dbfc51b4
00ddbc829ecb563e,e6a28dd08357590b
76cf7bb2e9625482,2efd658b9ea85397
b74b5977823b527a,4928a151f91853ed
38f4eed7d2cb5cc0,af2eb2d3e324563d
410171a43ce453c2,305949f36ec257f1
df78364de73e581b,075c6a6eccb65168
3c7319cc63ab58c9,ef48c8353c1d5d29
31cdd1b336305b1a,aeded24705a8522d
47359dd210e254ea,de351a00992e53b6
3dcc0fdcb0395855,130b64fb2ca850d1
8a91af177fee5522,75056893168c509b
f8f02729d1ee5c16,ce00c76f39295e12
7900d1167dfe5c24,297e60d196e750e2
e13e38532130514b,b647914ba05e5377
e60d3950023a5e46,43cf435bcc035cbc
199a2738284e52c9,f323816f971f557f
173369dc059d5fe9,30d2e312d547511b
2802831d87ba5a55,7c287eed95e357e8
4f6fb990b8875e5f,ca0722fa219652c2
24d02c4c2a325f01,4e7d3e942d785dc5
91defa409f0254d5,7a1078210e205346
7fbe895b20a45dfb,c8f733ed153b59c6
ed19f6a36af757b7,d83979ac34a35661
624602ce65455c07,f45aa344fc825a54
58a10d0c924050cf,2e1513ccb65d591d
5237b49651b35ffb,d6995d54b9c95d94
60c5f18db58c54da,eb3f70f2375354aa
6058f9d8998e5a95,c21bc9f7394153fb
bcf787cdb66453f0,0d595547983a5560
b036f9ef53cd5536,2c39cd3661df5035
e88e44d720f65e0e,903f2eeb052a53b4
c2156c6760fd55b5,9515b69a4e675a76
fa4e4826f5585647,5b2226e6cec457fd
fcb4f430c99050b3,393521ea2b7b514a
31013d67978e5284,0882832f14cd52a9
d858b7c7e6105207,7de41c8b6a835d20
61a9157ac995542c,3387b73a1be45fd0
3466b16cf2c95855,0949bc0926425a35
71246cbb6de459d6,18771df476145256
c8bf5f09438e5507,2b0f531567ea5ef7
a4ed82240b64533a,34f439bea19255a8
c7440ee97f0b5e75,8bdf1fa1fbfa53c5
f79397c87fbf5965,c8e8c03811e65fab
c3c6442b2f525269,ac369198c2ff5409
04a8b092cd525260,cd092cb34d915ce5
6215ad2b225e5b1a,605fa9b35440506f
9d423dea34235b41,69be59f6a4a4539f
c9ab8a82cfa054ff,40e70a1336405513
fefad5f7d3405512,c9b31d1e42995084
87d3c1135ac85583,9bceece7e6235b93
8b8ea705c7fd5e8a,215d35f633c85bb6
7f20b37cfbb7573b,484dc01db9ee5088
0f5de425ef3555ff,2d7dc6e8d20359da
055e7b577c645e2e,e1396c85e07c5871
12f2dccfb88957f9,2c8525a254f65950
14c000d2a271534a,a164223f111759ee
70f718ebc8b4505e,d3f6a2f339ed5569
73b1bfef98ae5664,05be582b0e1a56ef
7a1b61727c255889,09e659f80a135489
690f682660e358dc,91621b4a27be5938
5f09eaa4509f5997,8cdfba19ba5d5591
71057ab084a75ce6,dac2690e218d58da
c5f7658763815835,c162146f31a250bb
510e507046865b40,6713f59065e55978
f1cc8f05115d5db6,1e3135f353515aa4
0b81fee06b6156d5,ff4fff59f07e57a5
9b58f5bd4e995a93,81b7c06a59415e5e
5eef9aece027548e,32ff166852ec5c1d
961cd53fde9a5c3d,1c6df2d857ed56e3
228dbe4bb59c537b,d81db239d2f05a90
afa8102c20685ec5,2c5bb558f3175198
b7bbef1569ca526e,cdca3bb6b41e5121
85dba97943515cbd,e1ced2cc879955c7
8451437af5ba59ea,16415527b7505eda
78adf1b8ed315c4f,88a020aa6dd75234
561ac555b4a85edc,599076be97dd5e45
07930113a85651b0,b33512532be557d8
443099f672655d56,0afbebfabaf15932
330166def5a35f4d,c5272f178cef5379
16e4bd114af157a4,c448d5807e525e68
0a0d98c22d765e1e,edb817c8a14d5ba8
06a1f481118057b2,b2ab7970c62e585b
a37ac5585e74546d,7a210c885eb251cd
2472d00839f65c25,1547d132c4275317
dd2b5010e1d25d72,3848cc2cb09a5bea
3fa9c77540225eae,c90b47d7ed38545b
0d49407b94b259e8,422ebdf1685551a0
72d6e0ab829553ed,6c3238b7de9d5f0a
e4ae770961c15455,fcb7d313d4745ded
a99b2322093b5c13,cf120f56abf250a9
7643b4b3f33d5910,2134395ece28546c
24b9908a6761529b,7ade0b2de2725c08
aefbf6f8b9fe5824,198965a39c865f16
0ba54149d1575f95,af81ad735b4c5a1c
d74329969d1155bf,b0586a95f0a25fe1
9b7108902e7158d6,dc71409882185123
5b14b00087b051e3,abca01be0e6a5767
963b4781dbe558de,4cb4e1e99db3559c
32189cc0a3bf535a,978fc2ba973d5a43
bf72d4d6b25f5b27,4c5c39df03515e15
3ec484ccad125e99,a3e82f3df4495f28
7602906d3c785da3,f85a416fa42c5682
3296651e2cf0547d,dc7a29c22f6a590e
963591d88d6a53b6,7314ad499f24559a
7f0309b4cbb85029,afe2512625985226
8dfef734a010531e,d9a3d904368c5c15
000bf168dd5159af,57dee624900d56aa
14f724bc59705bb4,7e08aa901d8550e4
c1e0af56e9eb50b8,e91c9f527e6a544c
ea4d19ff25ac52f6,d89ab41c3ace58f0
9ca89d773ed651ab,ff7562ffdfa95a50
1727319cfd2b5661,3487e5b0d0555e9d
9e787f2f65a85f08,cd7a9cc06e0e5bf8
4aa06b58da9a56f8,3ee3b99c478655c7
f3462625913a59c2,58be651cfd1552cf
d1065c7c84e054ae,2b89524393085a95
66ce3cbf239358c2,2387e512494d5d73
982b57b1c7c7503a,8f2024d1ed015b3c
10214bdcdd9c5607,3de375f3bdbe55e4
4c53b20bf0925c0c,98c04df5872b5d21
abd6e8c330ea5694,86145477d81f5ca7
387504d3db1852b0,40e641156d1c5c03
bdbb9d4559ec5bd1,5907695e9b4c5d94
73bf16c0312158a2,16289c2247ef56b3
7755fb23f28f5b2f,41e04ef8335e588d
fe2270288c1d5628,7c91e837d2cd5a75
8d06ea883e7853a9,b9bbb7c006785872
f5cb61c359ce574b,d02b96b5fc6c5341
0d150320916f5b2d,839a4c5035b2559c
3ce72ef7e80855e2,8c017295d1c55e59
87ecb477e85b5a58,1bd475f7b66751f7
c2736d03415f515b,cec82145cee65013
d663992c13fa5438,225e4228d89c5c37
6e49c17c51db5a5c,6a345891952c5ad3
50676507e4e2554f,d719be99cc8058a5
b44d5d0d2d1b531e,9582cfb9de6a5d3e
255caf4a6fb2584a,45821cba1f2b520c
48e9a54281845595,2b17b33c128c54c6
94ae12c4703950be,67a39516324b5239
22878e2b2f6e5ab2,0bcefee46da250b9
8cba6cacb16d5acc,cba5e5dd1d855b8b
33ecaddeb5735faf,df9eff008a625def
8f5610a77c3257f9,62e7a17de2cb5027
255be1c4910b506e,28c334ca78bf51d9
ce8cc7a247f651be,fa4e2109fd8c58a0
f713c584fcfe5824,e4a7d26fc20b5724
68ca75d95a615a5d,48fe06e6ee105bb9
a9359dafbcdd5af6,ebf3bbc2560a5f6b
320446eca62c59fe,8d6fc9f907fc5cfb
3ce3c32cb4655d3d,bd5cf850fb9954be
1825640c9ed75a4b,6b289433e5165b0b
b393ab92c8ac5e77,184b40fd1ab85f1a
308e246a1d995edd,d4d3951b744e5467
2c9ea4fc0e8e5ef2,875bb8eb4cb15956
ff76d319bd9558f9,81677f1a8443587a
085f9a1ec71b50c2,88dd28d15deb54e3
3e9b399280e250fc,02d79fb826a052b8
44324a7aa04f5501,730d7fc4dc49524d
b3f47592bf415aa3,1481ccca03915ab1
c7b030a4025a5066,70811526b49c52a0
e5caf6d750415ee7,d1a195b2bd235d8f
45878940b52550ea,5cc08fe99dee59e4
f0455664b24358a7,72bdf3527d8c51cb
0f97d412a94255ac,bd66384a63705098
cdec001a2536542c,041dce99556f5e3a
779852a1160f56f9,31911ae0bba3509b
ad8e3279524854c3,51ddca8fe4255f34
9a2894f199095f96,4aea5cf609f8543f
f6483f2f9126533f,940c794bcf865e33
fefc295622155532,6aac79b683ae5b62
9edf148b1ed05a22,f2e29112c9fe5168
9c26c2cea984590f,c8c7965671b15097
8d8f5c8c6c29525c,95113c65edf15111
ffbe4e0250f45a3a,d2f674c4c7985aea
b7d52a0a64825b14,bf5df2af80c85cc1
8ec53979117552c7,19aa9586c72a5f3a
612827ed516257e8,ed3d1c5c5d495f87
1090e431ffef512f,931c4845f13f5907
f665cf888bbd5595,dae767d3c80c5635
8f8ccbd6ffcb54b9,e6ed5232237455f8
a8df71513975500b,22bed37da0b3550c
e84ff3e29bc05254,27a7399fe61f5e3f
6b4ae810d2195d79,8d192a7c73d05964
e704fb7745a75fd7,31962978183f54d7
af67221644ad5bd3,e84bbf0ad35a55a8
ec7125e961205a2d,c2d9a5f712e2512c
c756ce81365d5a3b,51c6be316624594a
f618df9b13b75f68,82f19b437c095c85
77f9c895af8b59f3,a72d299451f65201
f3a327d6e0e45d9a,68b0fbdf0cde5302
d753a5379cc15b69,78af92c2febc5845
c928d5d9ddc25082,ab7a0c6b5db2509c
bd0f9349cc1053a3,9c1c1add350d53b3
652e91c4f9b1505a,e64b778dd3c05a67
1862fb50f5b0518a,6cb74416a3fe57a0
f1106b0f8f745eae,b4d739f9822159af
030706565b1f552d,0a9df86bd4525744
f5c6f00966f152ec,def60cb4d44a5cda
0f49301527005b0e,a3ceae019af55a31
ea21c4b17b865a4d,7fa0c4ef5bc354e3
be503a7ef2805c88,efef7c9e2cfa5977
cb02d1e1315a5e67,509b7d294a4e56ca
01167513b5b55ca1,88183ea59c9c5d2c
837ce609a8ec58e9,01c8f81194c4588d
e6b7dddf4ae95fea,4d4910947ef751fe
19e90f2757b25f38,945ef2ca37f257fd
7e1cc7d77132505a,e527c391386a516f
89fcf773eb5d514e,86070dcf96755f6e
40ce7057faae541e,6f22e54f3b3b5e2c
d45dddb7bbfe5914,c67eab7349715aac
48e14ad3c65c5156,0511a134b4e55ab3
a2e0d4dc100159a5,8fd5475a0f6b5bdb
3632fd6cd4295719,a0b46122b56b5da9
fe3a1294722e5e1e,55324e0ba97a582b
820e9a9314405b62,6547b432b4c1581b
51586a8c23a4569a,4b6b8b2e0aa75682
65871def84015af2,9b1df0dbcb11569e
3ef30aa787de56fa,e32b54261fe15714
e0bb2b04e9455fa6,0ad192af29b05b35
9d626ce291e85889,ce79093413045034
864b2d366f575b14,0685e6377f835263
eed801b1cd035275,1e1bc687e0175fca
34b812e4de1a536b,c70da33eab53575a
c70300305bb9547e,e04ab3fa161259a1
7d5f417c01fb5a87,c8cc7f75093d5304
3b6e03834b255849,4e89648584fd58b0
11182a0af9c95c8c,9be222b341df5ea2
b805c900794c53f5,20194b1f8618572a
d514826bdd045d68,f8f3c6484d2a5a33
758cc7a721c2546d,96e451c0e56352d8
6a947d290fe257ce,bc1d6e31a7f550ed
a1493423e0d1521c,c7bb93b8fed25767
3c4e1784d9295821,62dca8e5979e52ff
21cd38e3128a5285,ec12a483c8b05fcf
b4646fcc459d51df,5c7b201ac57d5d56
6548b286c3365867,ee2551f728305314
c2a93dd3494b5702,9d76df284fec5c8a
7117e9fc77fd5606,79b9966ad538505f
637b2eb74b0d5144,6a49aac7512b59fb
87dcff4c11315e02,3bee1cd8bb335d8d
c67e9184504951c5,e7f233287fc4559e
4a4a11299e125c20,22aa074bf78f5af5
50ffc42cec865b2e,cc086e928d1a5e24
682413e506fc5bac,bf7d241c99915732
dd8205f11d7a5918,7a7213c7f4b55641
da928b52410d5da6,58c3357487cd50be
60a317c40ae656c0,fd4424d1f58958cb
ba62104a517e5a9b,c4f5521ef4625ae0
5445d4283a475bf6,ebd40cfd06d25b91
a161122c95815233,815c2571d02656a0
7b73da0bb98b5e56,8f517181c7d35fca
0c54c8dfbe56567f,3368a8f8c93e5d9c
18a85f2812b45525,786992e6fb185d1b
ab94d64d31ea5435,d69cad078bc05d5d
c4e94b7583555176,e12142d7c3ed5b28
eeb4b973450f50e9,827bc70cc1d150f1
8b5e10656ccb5269,b96e845652d85df1
c332770f3439515e,35fd58844d0154d7
5167871fd80b575d,67c2802310fa51a3
b1e10e4f03155c70,17e9ab2e7a1f576d
21b0b3ef9d2e59ed,e37da00ea40e55df
e89ad5d8a66250f0,06b0300bbe9c5840
997fb38ac5d75864,5267737202af5788
0b4dfcb47cb85e89,4bd1601eee7256f0
36aef5f67c8d5e2e,5fa3e499ea7c5f9d
3a79314b89305c5b,6d2cf11e47935936
8b279a20979950d6,ee77e5754e795d18
db1794b15b1a54b4,7a69ec2ac66e5ce4
619d1afc63c35621,4a3575d2e7cd510d
9ef1d618435d5e53,19814f7fa6dd5891
862ca192b71f5d93,ed5b60bac1ed59ee
1f90968aaeb55128,89740e1d3c4b5e49
b0a73894d5a75e59,fde2b62a3bae515b
87a5fd24e88d5e0a,81448dabb8c95557
449f88cb93fe53d8,6e8d1690f3e75b22
43ebecce459052f2,0ffdeabd39a457af
fbc9981c30745684,4c7a22bc1dcc5b23
daf715295e7d576b,95a26f8c8a9c55be
cd0b91f235e25b76,0e69f3e4ccc253b7
d8f68111f5145cc9,7dc26154934b52ed
dd79f9aa92105761,17568d403404572e
942018830e805349,9134714a4e665a97
c3634ce5c5535b16,72b491a9d5da572a
f1494fd9840c5014,8e73382ecc03558c
cf1b346426bd5fce,961742e3d8d750a4
64883fdea50b5b8c,78e92aa046895e5c
b50b8f11d75a5cb0,a6cded1cc3785d51
5dbf07df40a55d2e,a728fcf5aa9859e2
03388b830f975734,73c11c21a1435712
7b8bb16c6e9b512c,44d1fb8af4a5513b
789c2205e7865e94,af2f8433a1765dfc
84d10a502c1b5a74,65e11efc218956eb
f7d2b771e8425c20,b6d299e288905f3f
624f26fa47485b3d,113194c975135566
a2cbf7c347a45c6e,0dae0dd9783151e4
2a5fea3ae25e5cdd,5c09bf9101295a9f
bc3d973c3543556c,c7267ee0155b5892
b5d5d15093af5638,b696d9bef8bb507d
f36969fd00f15050,b1291c95a4635460
31042b6e5c455b82,d9c6a90f54495d12
c820630081b056f7,eb1fd9e970c55dd3
e3c90a2ce83f5d9f,197e56466ca054a7
7ffe3cd6cd995118,21074da0cef65369
6916caadd44a5806,5d26d37980fd5191
f582317803e65752,5f9347608fc05232
a99338e1112e5f65,d8a5631668b55600
ada00fe35a595d6b,30ecb33052e65cfd
6ae2bcc5c2c050e4,d5207960d4445c8a
8eb6e6b220755d3b,105428e6b1d95b4c
7231c4ecc0395010,ae7f2528a42450e4
d2e124f077ee53cb,8ebf5581f09e51bb
3e1e7bc23c515108,31ecfb96eefb57ea
dd157f14e18f5a1a,2aa44c5caef4585d
8c554c3017d05e9b,a3a13a44bc3d57cc
72e48f99d8265b71,fcb644946aa75666
83cb0b794de45f7e,34fc963dd3605d9a
05afd4630a525f78,4f4da09be486559a
9cc2069263cc5e4a,1eb19aa987f055b1
001d444661b45635,66bdde0fc6e05a69
e9b43b140b1d54bf,fc84141e4afc5b71
1e1878076a0b52d6,0b47102670dd5c3c
3741be84f7c15b5a,4e3fff79db3e58ea
107e89e927fa571a,28e39fc202db59d3
b1b21ee9179a5fd8,1941cec782d25f8e
51ed8d0e57055ed3,06091d727eef540c
a547f498303e5b17,e12058aed6915501
4bf65e0c75f05509,c033610139745f53
557690c1c31357b1,7f90968bde0f52b9
270768ccd1df5e0d,ba958042bbde54f5
0ae1539816f55b5f,4c879cc94a285d03
0f42590c7ad65eb4,005106c896c454e5
14476e3c036f5ec8,5ed455bfe184576d
d798fc24805d5f19,b4857353bb775804
6e395976280452e1,9c3afe368c195672
14297ef551f652d3,c432c77c846e5784
7af63267db5c5415,ffd3d379ea8855a5
0db4879927b35dc0,459f51ce5b11578b
eb527d130d8d5e33,8655a7d60902578d
d8338aefbb73570f,8b9457fefd715466
0a8612e9d0df52f1,a19561c7e5875e77
d1225aaedc8a5d48,c6868017691d570f
5cbb02f3e0e253e5,87b44675fc185369
ad84af7b33615884,f4160e163126546d
1786ef7edac65502,edad02e7ab4f5988
6914bcabdeec5e0f,e13244eec5df535f
2e037aeeebce56df,be9bc42453db5183
48f9e483baaf58a0,66efba6e0df25f17
3af3b3a7a8635164,efa08f3f0a08564b
40bdfb00872f5bc4,8bfa562341415abd
3b84c23dd4ee5af8,de0fff7178fe5783
1379782dce4751e4,8cc262b5de7a5abc
260f5d5245015db6,a130a42d7ff15af7
60e45802b0245195,921939e147c554e8
e826fc97761759f9,7a487f440bd554a6
1081728e06ca5239,1930dc0b2a065e2b
1f29aa63bc64550d,9ebe9d164d385777
277758d55617567b,f10558e67c925994
e2442187de045407,05012a6bf44e5a8e
8e958f3833835138,3c34dcc4231150fc
1c542cec168557e3,3ade32d830ad5a16
54db5162fc6c563c,913070fcf9845e72
81161847b27b5bad,cceb79334b475c34
39752b75d70d5458,ac4a4d6e72ae55f7
190e931f7a7a52dc,7e87cbf75fd052a2
4c59eeddd50e5866,a48fe11fab7f590a
c617243cb58658eb,8a60381cba795076
ee741b93dca35dd4,0590062da5d9528c
14f07c5159ac566b,f96cf86094525742
83a4e663032f5c9a,4d7fa387f50e5afd
430589fe41235469,9ac7b0b1d65958ed
c7a1cded8d4652e2,522571f00f6553f3
e0cbc7ab694157a5,59df35a80f055242
da5ac44917dd5ca4,e7997314cb915919
b12faa3892185d8f,b97d298790805d71
2cce988d410654e2,b2b3446a0b835f8c
9b4cfcda4a755b05,8315145850fa5d29
07d45fff78625de2,eaec4d66772051c0
81c70798936b5140,00c04ec4d9c25ca3
cdc6e3f7dcb25376,9e2af144dbfc51b4
bcc94c5142785550,e6a28dd08357590b
29af925fc44b5380,2efd658b9ea85397
883b090e1bca577a,4928a151f91853ed
fba8aa5a1cb8583e,af2eb2d3e324563d
70b89bff643e5ef0,305949f36ec257f1
5498f9f2cfc55668,075c6a6eccb65168
cd7e9823f2b15e0f,ef48c8353c1d5d29
25f4a620bd5f51cc,aeded24705a8522d
36f34c9e02a15801,de351a00992e53b6
69bcdc8c577252f4,130b64fb2ca850d1
e5fba7e447ff5a61,75056893168c509b
8abc81ff3045543b,ce00c76f39295e12
bedf9db2d7b15abd,297e60d196e750e2
d88f286835b95ff3,b647914ba05e5377
f78a67043d9e5477,ef8f9d6243a954b3
3aa2680fdc805d09,f323816f971f557f
7f47c3fca9075a31,30d2e312d547511b
8c9f50cc72685ca7,7c287eed95e357e8
c89f33e9f07d5aa8,063afe3c9bfb5bb4
93c36f72811852d3,4e7d3e942d785dc5
2a8b9c88615450a8,7a1078210e205346
8e35889ee2cb559d,c8f733ed153b59c6
d7928caf300452e2,d83979ac34a35661
c35e290a671a5084,f45aa344fc825a54
fb54b190735e579f,2e1513ccb65d591d
e26d616b5c4b5642,d6995d54b9c95d94
812b2b639eb759f4,d0be0220d7515c9c
e26de26a56dd5d21,c21bc9f7394153fb
d37cdaefc82d5cb2,0d595547983a5560
a60202554bf55ef1,2c39cd3661df5035
a2c3aa64478d533b,903f2eeb052a53b4
6781255a85605dd5,9515b69a4e675a76
d9cf5623b4f85cad,5b2226e6cec457fd
303d452ddd2d58d1,2c0a9d54e8025dcd
cbb9f6ff18285688,0882832f14cd52a9
254dee7f5f1f5f17,7de41c8b6a835d20
2d2a1f08e4895258,3387b73a1be45fd0
aa09b515e34356f4,0949bc0926425a35
52ed9777731d5ba8,18771df476145256
844760894a04505a,2b0f531567ea5ef7
9bb9ee9f03525ac0,34f439bea19255a8
8872d388cf435f07,8bdf1fa1fbfa53c5
0cbeffce57295a2b,c8e8c03811e65fab
5b1acae08f2e5d76,ac369198c2ff5409
0a177b48593d521c,cd092cb34d915ce5
ec3c0587b1775b7c,605fa9b35440506f
7d99843a72555dd3,69be59f6a4a4539f
cc9afc95afab5758,40e70a1336405513
bc551b5cc30b5ef5,b1165e2804b953c7
ff0ad146b37756e3,9bceece7e6235b93
132307b3c1a55f97,215d35f633c85bb6
ea91c9a3a75f514c,44ad01ae2b8a5534
d56cc988cfa250c6,2d7dc6e8d20359da
cb53746741b25730,e9f6a6428519561e
2be2e48e80985bee,2c8525a254f65950
0abc30416c5a59cd,14567a307b985c0e
516c42e0454456b6,d3f6a2f339ed5569
e80197fe19435d28,05be582b0e1a56ef
20ec6765e35d5cd1,09e659f80a135489
f84498af5b4f55eb,91621b4a27be5938
8a3c6c3502035e11,8cdfba19ba5d5591
6a5d6dff67a45a95,dac2690e218d58da
fe61cae0e4ae5f1a,6713f59065e55978
d9c700e9e21b50ba,1e3135f353515aa4
526a568a22795441,ff4fff59f07e57a5
f980b34746d45868,81b7c06a59415e5e
eb5ef679c80959fe,32ff166852ec5c1d
9ed85925d375504b,1c6df2d857ed56e3
639352b63c715c1f,d81db239d2f05a90
70633315e71a5979,2c5bb558f3175198
dedf2d5568c758ae,cdca3bb6b41e5121
69f80a41cbaa5c1b,e1ced2cc879955c7
57076e49ca7c5570,16415527b7505eda
f5cf721a02df5ba1,88a020aa6dd75234
ac40749eddb45a13,599076be97dd5e45
8cd3d83dd4825865,d9d94553ab445639
cf3b2b1199045e08,0afbebfabaf15932
8b5dd405c14c5249,c5272f178cef5379
077031ef7dcb5ab4,c448d5807e525e68
29051d7805db50d0,edb817c8a14d5ba8
955916fd66da5657,b2ab7970c62e585b
f3a61425920f57a7,7a210c885eb251cd
20c8f9038443596e,1547d132c4275317
775df8f025845f5f,3848cc2cb09a5bea
31aa58748e2c5495,c90b47d7ed38545b
e63d12285d215a4f,422ebdf1685551a0
b31417a335cf5955,6c3238b7de9d5f0a
fd75eff84fb15543,fcb7d313d4745ded
af6aff5482395ecf,cf120f56abf250a9
152a3fbb37155fa0,2134395ece28546c
eaa64f296ff85b61,7ade0b2de2725c08
bc8d053770cf5449,198965a39c865f16
af5ebe3ccf8f50ed,dea91134ae6c5d0d
d395fa715d3e58c7,b0586a95f0a25fe1
61d7fbf592275c75,dc71409882185123
11356a48a75c5e31,abca01be0e6a5767
15f1c723f81a50b2,4cb4e1e99db3559c
9e1be9753cf75e57,978fc2ba973d5a43
73a3a880d8d8522c,4c5c39df03515e15
d2789ec30aaa5d6a,a3e82f3df4495f28
43cc094e7af0518e,f85a416fa42c5682
81464a4119075069,dc7a29c22f6a590e
684dc9c8167b5189,8e094bf622b6556b
8183cdc6ff5a5726,afe2512625985226
cc0668b663b25703,d9a3d904368c5c15
bd9abb7104dc5408,57dee624900d56aa
ff91d9e01e4259b1,7e08aa901d8550e4
262333f372975eef,e91c9f527e6a544c
50cf8d1fd8c250a5,d89ab41c3ace58f0
ad5284a6be715f10,ff7562ffdfa95a50
f74148c131c15381,3487e5b0d0555e9d
cd59c2696d01521a,cd7a9cc06e0e5bf8
404a7bf372cb5eac,3ee3b99c478655c7
5ebe40763ac05b5c,58be651cfd1552cf
58d75e229a0e52bc,2b89524393085a95
b7bb53ad2bb1505f,2387e512494d5d73
5c7513fea7b45963,8f2024d1ed015b3c
6745b762c9df5f94,3de375f3bdbe55e4
4b721ff0b7025f21,5d1b0796a9e45fb9
1a7b42fbbaf65c18,86145477d81f5ca7
b7122fd86c855943,40e641156d1c5c03
2ee8d10b988c58b2,5907695e9b4c5d94
4e1b2f2152b551e2,16289c2247ef56b3
52a862ac6c845dbb,41e04ef8335e588d
1ed8702288c15895,7c91e837d2cd5a75
bcf92cdb596a5fa2,b9bbb7c006785872
a29d602c497c532d,d02b96b5fc6c5341
15bd04021cc75727,839a4c5035b2559c
a3d1310fbc3f50a5,8c017295d1c55e59
726a691895a75bfc,1bd475f7b66751f7
40ef82b4d5735701,cec82145cee65013
6321c384f59c5265,225e4228d89c5c37
6b363ffce294521f,6a345891952c5ad3
26840e3a5da45589,d719be99cc8058a5
80ea2a91b1845071,9582cfb9de6a5d3e
b27bb0eced055858,45821cba1f2b520c
8bb939128dfd5f7d,2b17b33c128c54c6
92da1e3c12fa54b6,67a39516324b5239
170ea72e455e5e57,0bcefee46da250b9
019667e138b95ff0,cba5e5dd1d855b8b
fd2de60bf6745e9a,69f8caa65f5b50b5
9b0f5a2f65e45867,62e7a17de2cb5027
861805c4ff585f84,28c334ca78bf51d9
db740574ddc053f0,fa4e2109fd8c58a0
2a12546539045e5b,8ee5eab5831659fc
51a384b48ace570a,48fe06e6ee105bb9
377d556af9d25dab,ebf3bbc2560a5f6b
4a9a5d2dcc045ec4,8d6fc9f907fc5cfb
e6c36a6be3c75127,bd5cf850fb9954be
c801a9f6c4e05919,6b289433e5165b0b
b156e8110afb5efd,184b40fd1ab85f1a
1eade5af9ee65696,d4d3951b744e5467
810b73ca95975db9,875bb8eb4cb15956
5a35f8abb51c5303,6ba41f32485d5a63
6eac1c0e2bbd57bb,654dbf714d895ca3
601c3cce2a215275,02d79fb826a052b8
59ea5c8c067e57e7,8c930566d92e56ec
2e5997dafce45eb2,1481ccca03915ab1
d1cf48dea57f5d2a,70811526b49c52a0
a59aff81f75759ff,d1a195b2bd235d8f
88642e4f16be55bd,5cc08fe99dee59e4
20f825e0d33a5160,72bdf3527d8c51cb
571bb034360052d9,bd66384a63705098
71217bf1294b5c4b,041dce99556f5e3a
e052a41759445a28,31911ae0bba3509b
f9505a84a7745537,51ddca8fe4255f34
926ea834d8f256d5,4aea5cf609f8543f
f65f43d44343500b,940c794bcf865e33
bb1650a0e72e5b7d,6aac79b683ae5b62
8d62f19202505230,f2e29112c9fe5168
5590042a1aaa5f92,c8c7965671b15097
04703c86cf5b5a20,95113c65edf15111
015593741e7050f7,3016ff93438056f1
028613e11f415422,bf5df2af80c85cc1
da2fb85306b2560c,19aa9586c72a5f3a
3b0d2b5f50f752c7,ed3d1c5c5d495f87
c4808a6f1f7f5470,931c4845f13f5907
63573ea2fdb85b0e,dae767d3c80c5635
f2a41314d1575761,e6ed5232237455f8
55bc862799d350f9,22bed37da0b3550c
5d7fa55b96075e5c,27a7399fe61f5e3f
2919cd502115582a,8d192a7c73d05964
9e76a394983a59b6,31962978183f54d7
910ce583575e5f8d,e84bbf0ad35a55a8
0fb815b347a359ca,c2d9a5f712e2512c
4bc793d4a9ef5860,0a0877b3eeb558fb
61a7d33a4c3b5977,82f19b437c095c85
3e09adf2d7055216,a72d299451f65201
9b5cb743a4a4590b,68b0fbdf0cde5302
ddddd9e7e4925db9,78af92c2febc5845
e7116a2035205221,ab7a0c6b5db2509c
443b9c514efc5829,1fed55adc3385d28
2ad9640eb724590d,e64b778dd3c05a67
93bc5a4ab6a95986,6cb74416a3fe57a0
69ad18166f085da8,b4d739f9822159af
b3edadc19d8a5812,0a9df86bd4525744
f8b8b8ee49205def,def60cb4d44a5cda
9a2c4c75f3785517,a3ceae019af55a31
6801df96fcdd5bd9,7fa0c4ef5bc354e3
42629decf8ad5328,fc9e2c080dae5d68
5c883441084d58d7,509b7d294a4e56ca
fa7459e482c05911,88183ea59c9c5d2c
b94c811448e75d1c,01c8f81194c4588d
d6a60e406ebc5b01,8525cba67f665573
f6b9867069845fd2,945ef2ca37f257fd
a7a0fe1f804c5fa5,e527c391386a516f
0d8610ae20005e45,86070dcf96755f6e
75f36091b3ec57e5,f3b2c147b50754ad
52f0b8a2023656cf,c67eab7349715aac
bf0441f2960b5e17,0511a134b4e55ab3
ea3b45489faf5c70,8fd5475a0f6b5bdb
c64ddb8e7b675aa3,a0b46122b56b5da9
52fb49766a14554c,a4f62582447a509b
ad898232cb525d5f,6547b432b4c1581b
29d075e26b5156fc,4b6b8b2e0aa75682
4f50d7c22352505e,9b1df0dbcb11569e
a0d88b07304b5398,e32b54261fe15714
a4f2f32aa59f53b9,4e62aba518915ed0
2930485ddc4458da,ce79093413045034
797606b9788852f2,0685e6377f835263
a091a6a6033c559f,1e1bc687e0175fca
bf1d8c493e7458d2,c70da33eab53575a
1d3a143cf41f5d16,e04ab3fa161259a1
c67262b6c33b5b0f,c8cc7f75093d5304
1113bc93478c56fe,4e89648584fd58b0
aef8ab04144650cd,9be222b341df5ea2
e6db7be94a175aec,4c63e06d0fa75169
4d6e0b4cf60f5e98,f8f3c6484d2a5a33
d4b29b90b8af5f81,96e451c0e56352d8
baff37ac37675490,bc1d6e31a7f550ed
1288b2d19d695376,c7bb93b8fed25767
7b4ba1d02376503b,62dca8e5979e52ff
fb8bef473d555fe3,ec12a483c8b05fcf
109354a9d0eb5d4c,5c7b201ac57d5d56
d12bf3c2e5ab5f74,ee2551f728305314
2d84ae5e1fa85f94,9d76df284fec5c8a
d6359d514f13511a,79b9966ad538505f
b7dc33b2e9195867,6a49aac7512b59fb
b6b5f3cc01a05f83,3bee1cd8bb335d8d
012432bd62b85f80,e7f233287fc4559e
947b3794a3275a2c,18be4ed6ef1e5ac2
076f6be5815b547f,cc086e928d1a5e24
02cc0007d6755abc,bf7d241c99915732
6ed01f269a835519,7a7213c7f4b55641
b031e4b0aea8528b,58c3357487cd50be
da03ba74198a524b,fd4424d1f58958cb
b7620d238eaf5023,c4f5521ef4625ae0
f99992756cbb5adb,ebd40cfd06d25b91
df044fb9c65c5d52,815c2571d02656a0
6ec2148215205936,864387cd86c35192
b49e63992eee56b1,3368a8f8c93e5d9c
aa2918eb684351bd,786992e6fb185d1b
819d34b59e6159ad,5864c81ddbb053f6
69976d75e3a5521e,e12142d7c3ed5b28
f3521da962a75e3d,827bc70cc1d150f1
0fedf81df2db5b96,b96e845652d85df1
fad5349c0f7c501a,35fd58844d0154d7
e62eeef3ef7055b9,67c2802310fa51a3
c39df8b835525d97,17e9ab2e7a1f576d
3047f87f67555d16,e37da00ea40e55df
612903ce91a2507c,06b0300bbe9c5840
29a13686ed375688,5267737202af5788
6762c1ac11a15adf,4bd1601eee7256f0
2c71b83e25e1577d,5fa3e499ea7c5f9d
9d262af7c8875aa2,6d2cf11e47935936
765dacfed4925185,ee77e5754e795d18
2c90fc5cc8905562,7a69ec2ac66e5ce4
f8331125139c53d2,4a3575d2e7cd510d
ec1dd3d02f035d78,19814f7fa6dd5891
d68c7a7e02265029,ed5b60bac1ed59ee
3c584e53042d5157,89740e1d3c4b5e49
4cfa7ad13dc952b3,fde2b62a3bae515b
76a494d09cd75446,81448dabb8c95557
1ceec301ab6552b1,6e8d1690f3e75b22
d3e99c65bb2a5d79,0ffdeabd39a457af
bb9c441a4c2b5791,4c7a22bc1dcc5b23
8db7275969855f22,95a26f8c8a9c55be
c20a7d6f7c9e5379,0e69f3e4ccc253b7
6d66b095f93750f7,7dc26154934b52ed
643b177aa4235fe7,17568d403404572e
ace74ef421f8514f,9134714a4e665a97
9c03b730a5725c00,72b491a9d5da572a
c2b5ebf8ace851ea,8e73382ecc03558c
759af2e479de5bbb,961742e3d8d750a4
9ee5cb5e3908569a,78e92aa046895e5c
e16f6f634adf50d3,a6cded1cc3785d51
5303407715805679,a728fcf5aa9859e2
96bc4f4e46f752f4,73c11c21a1435712
6f2f0885518356ef,44d1fb8af4a5513b
5fffee1a19495dc6,664a7fc9122b5f69
5cd75b90a44e5a65,65e11efc218956eb
a38e63debd3256ef,b6d299e288905f3f
88e453ca4644586f,113194c975135566
e993f3cb1dd051df,0dae0dd9783151e4
a31780d642695a21,5c09bf9101295a9f
9f105aba36355fe1,c7267ee0155b5892
26ca54769df65193,b696d9bef8bb507d
0b3774b9729455e1,b1291c95a4635460
25dbdd29ce325538,d9c6a90f54495d12
c74dd20cc31755b0,e6def17b05f4554a
ccaf88fb91a25119,197e56466ca054a7
06eaba80b0bf50f0,21074da0cef65369
ebd8d87ff33b5b7a,5d26d37980fd5191
baf11c6f018d56f9,5f9347608fc05232
f199bfb931d65f4f,d8a5631668b55600
d637ce98fc5353be,30ecb33052e65cfd
d0de8d6a350d55d9,d5207960d4445c8a
09027c0129cd568b,105428e6b1d95b4c
80a81ca168f454b9,ae7f2528a42450e4
86c6c03a41a057d6,8ebf5581f09e51bb
cc71f3639268516f,e250a7ab23b85ec0
ed7a0f74484d58a8,2aa44c5caef4585d
6d92cfa21e805f31,a3a13a44bc3d57cc
4a62cc0027965e10,fcb644946aa75666
c39f042bbc0256ba,34fc963dd3605d9a
dd54db98a83b5714,4f4da09be486559a
6326e62f04625791,339dc61d60da5e7a
553c80b72cdc5c04,66bdde0fc6e05a69
089e3eac4f7e5c5c,df06d62818715c5c
7a3e5ab8218e550f,0b47102670dd5c3c
49f37d1d50ef5873,4e3fff79db3e58ea
43a759f57b1d51e4,28e39fc202db59d3
c227b95266d75371,1941cec782d25f8e
094846d2fa755e29,06091d727eef540c
22dde440a0c35d31,e12058aed6915501
c262c31769935486,c033610139745f53
4342cb36fbba580b,7f90968bde0f52b9
a7ce5a625a525b45,ba958042bbde54f5
5dc491914c6a595f,4c879cc94a285d03
4742cf16ab0f515b,005106c896c454e5
a7f15e4638b352c4,5ed455bfe184576d
6e8b9e53215c58a3,b4857353bb775804
36ea923bc32b5181,9c3afe368c195672
5a8855c7c104596c,c432c77c846e5784
702b40dba11550ae,ffd3d379ea8855a5
c680cd635f095d1c,459f51ce5b11578b
a208267045685266,8655a7d60902578d
07a6f60eb9795462,8b9457fefd715466
53ab46d6ca9d5b68,a19561c7e5875e77
6c08755130155f96,c6868017691d570f
3ce814811e5252dc,87b44675fc185369
1ecaacbc53a754e7,f4160e163126546d
9a1b945bf0125d1d,edad02e7ab4f5988
b43de4c16b8d5e99,e13244eec5df535f
1dc437ce152e55fa,be9bc42453db5183
eea2ca9965e35b7a,66efba6e0df25f17
a04628cdd3f25947,efa08f3f0a08564b
83212ddd15375812,8bfa562341415abd
e6206364da5b51f3,de0fff7178fe5783
2114e7e213c45fc0,8cc262b5de7a5abc
abb9477dd3305951,a130a42d7ff15af7
4d2d174465585abf,921939e147c554e8
b3055bb6f80d5167,7a487f440bd554a6
e773519a60035714,1930dc0b2a065e2b
99e900e2392c5e87,9ebe9d164d385777
beee170c9d8159ad,f10558e67c925994
9c62f0bf33fd542d,05012a6bf44e5a8e
fe469d42385259e2,3c34dcc4231150fc
aec02ec2aec85c06,3bb0a928b16b54a9
0012a35a78a151b5,625ec9c63e23545e
b38af8cb560c5295,cceb79334b475c34
75b312bbd4e25c17,ac4a4d6e72ae55f7
4cc916aa782854a6,7e87cbf75fd052a2
099ba96d3bca51c3,a48fe11fab7f590a
55d3d0c71390575b,8a60381cba795076
6fcec1c4552351ed,0590062da5d9528c
7758c231f45d51de,f96cf86094525742
2c0f41d407295efa,4d7fa387f50e5afd
5ab5923ac60c5e8a,9ac7b0b1d65958ed
2f233e4005e05c1e,59df35a80f055242
6cec94a1d70c5cf4,59df35a80f055242
67dbad26dd165f16,e7997314cb915919
95a4b51d1d865ba0,b97d298790805d71
83be5aa78f7652de,b2b3446a0b835f8c
6a8a6b3a7d5f55cd,8315145850fa5d29
efe0cf18491855e6,965b030493825553
e71bd2560b255f76,00c04ec4d9c25ca3
96587a61c6c05d71,9e2af144dbfc51b4
84fc6d5788a95edd,e6a28dd08357590b
efc87f8726645319,2efd658b9ea85397
e03da8beb33a5e06,4928a151f91853ed
4ed3817e66d85c10,af2eb2d3e324563d
71674e79275f5abb,305949f36ec257f1
1ff5f3528c36501f,fab09816fba55d36
2cc526803c3250c9,ef48c8353c1d5d29
6225b347244658c1,9393ca45f73b5f6a
a584a676d2b859c7,34854ee8f8bd53ff
08e2e519ac1e5226,130b64fb2ca850d1
218b80dbcd8551b8,75056893168c509b
f07e9711c5285e75,ce00c76f39295e12
4f47f41d84c450e8,297e60d196e750e2
0eb28cf3dad95c46,b647914ba05e5377
551cf39c34f75b25,ef8f9d6243a954b3
d1971f367cb85683,f323816f971f557f
4e9b792f30975e78,30d2e312d547511b
ef11e35afed25326,7c287eed95e357e8
4a55d9d08b7752e8,063afe3c9bfb5bb4
f10d0ad9103c5495,4e7d3e942d785dc5
260c9a75f6e05785,7a1078210e205346
fe9ad4d0e8d355e2,c8f733ed153b59c6
355835bced0c591f,d83979ac34a35661
427ee2e0d1c05699,f45aa344fc825a54
bd5e1c226cca5d3e,2e1513ccb65d591d
e90d6c211deb5f05,d6995d54b9c95d94
260efd01066156ab,d0be0220d7515c9c
17eb5d70d9f15c7e,c21bc9f7394153fb
2ee34c8975525f5c,b29f4d8f4ff952b2
987f5dced605588a,e39111b8f3c552c8
6e3cf172a2755fae,903f2eeb052a53b4
52cad7d83eb65e75,9515b69a4e675a76
3889b6ba58845785,5b2226e6cec457fd
aea14d7408d255bb,2c0a9d54e8025dcd
c05d72324d015584,0882832f14cd52a9
46320fa2dc795a5a,7de41c8b6a835d20
81aa7cde0f3f5b68,3387b73a1be45fd0
fe132c4b31ff5fc7,0949bc0926425a35
3c462254687e5ef8,18771df476145256
a332b717471c5704,2290c8cca7205289
ba0dffc45509514e,34f439bea19255a8
ae05160436d45a62,8bdf1fa1fbfa53c5
2b006c0fae365892,c8e8c03811e65fab
4dd817ed8b515ab1,ac369198c2ff5409
e817f131c7815d82,cd092cb34d915ce5
f7341516d74658fc,605fa9b35440506f
16e5aafc056f5e1e,69be59f6a4a4539f
25cb9b6179435488,40e70a1336405513
3123935b28265c80,b1165e2804b953c7
8b2a7b6817795ae7,9bceece7e6235b93
8e393929643f5c97,aeedd9543eae5b1d
77071a33907c58f2,44ad01ae2b8a5534
ccd6fe2d044e5309,2d7dc6e8d20359da
d8c6268b250e585c,e9f6a6428519561e
649b2096884957a9,2c8525a254f65950
5f70e91ff9d250f5,14567a307b985c0e
3f54d4297dc459c3,d3f6a2f339ed5569
e9ed7dbcb6365ea2,05be582b0e1a56ef
cf9b7b96f5a057d0,09e659f80a135489
e30d715817b7524a,91621b4a27be5938
664106f910475a53,8cdfba19ba5d5591
7048a63246a75ea4,dac2690e218d58da
2d4d907377f35695,c162146f31a250bb
71a5ed00dbe85089,6713f59065e55978
3b8d6a01f5705389,1e3135f353515aa4
38cce6a01e6753ea,ff4fff59f07e57a5
6bea22b0ee0e5929,81b7c06a59415e5e
f35c6a6f6a1157b3,32ff166852ec5c1d
f9df92352a5f53f2,1c6df2d857ed56e3
bbd5fbbe6cbb5a6f,d81db239d2f05a90
a572d70690f75ad4,5929e252373f5b39
10c9b6cd8a2e55f8,cdca3bb6b41e5121
67e538558b0b5f93,e1ced2cc879955c7
a27875deccc151e0,16415527b7505eda
c8649af783035c0f,88a020aa6dd75234
e3caf69e02f857ba,599076be97dd5e45
10d172af1ba359a2,d9d94553ab445639
5a37ffc78c1e5782,0afbebfabaf15932
250be1db1d67582c,c5272f178cef5379
3fb1b622b5e155cc,c448d5807e525e68
6154b9589f9553fa,edb817c8a14d5ba8
c719960a45715a9c,b2ab7970c62e585b
77bff1fe494e52dd,7a210c885eb251cd
9387d5660fcf5d98,1547d132c4275317
1d612d6783845a87,3848cc2cb09a5bea
8ff412b66d24593c,c90b47d7ed38545b
9d7030a6966b54cd,ebca52f9ca9d55ac
d9fac9fdd2bd5036,6c3238b7de9d5f0a
d8346b35ed785e1d,fcb7d313d4745ded
ee9a7d622e33569a,f816f2d019a556c3
0f31cc38f9f55c9a,2134395ece28546c
5bdbe484641a55fa,7ade0b2de2725c08
bd2591ae189c5a38,198965a39c865f16
8a17d8a06b425d2d,dea91134ae6c5d0d
35ae50756b8952b9,b0586a95f0a25fe1
6a5ed1c72b9a5d47,dc71409882185123
89751620b3555ef8,abca01be0e6a5767
c7fe7790d2225990,4cb4e1e99db3559c
1eed252c6ca25157,978fc2ba973d5a43
27725219ce8a55ff,4c5c39df03515e15
0f3d66a03c5e500b,a3e82f3df4495f28
b2f320b5d94753f9,f85a416fa42c5682
e0cd66542e715685,dc7a29c22f6a590e
025aab0da0e652b7,8e094bf622b6556b
aa2b8af510775368,afe2512625985226
50a5b2cbb4515594,d9a3d904368c5c15
11ee697033a159a9,57dee624900d56aa
24cad1842cf15f29,7e08aa901d8550e4
f51778edd8ea5ee5,e91c9f527e6a544c
9e2858dd989e5cc4,d89ab41c3ace58f0
bacbab3d771e59fd,ff7562ffdfa95a50
1fedc5971443588d,3487e5b0d0555e9d
731f133ce3055d30,cd7a9cc06e0e5bf8
87efb8cf52135247,3ee3b99c478655c7
dc2279179bb25d08,58be651cfd1552cf
dbfc9f81daf956a9,2b89524393085a95
1351ae1e0afb5c16,2387e512494d5d73
e6be0f4d0dc351d0,8f2024d1ed015b3c
498bf3fdec5e5506,3de375f3bdbe55e4
f63a2f8e05115d52,5d1b0796a9e45fb9
51467056c4f35555,86145477d81f5ca7
7ff005be930e5ad6,40e641156d1c5c03
69486575fad551b7,5907695e9b4c5d94
6389fb6f9d675e3b,ed3b01d7758e53ae
0beacadfbc4553ea,41e04ef8335e588d
373707159e77583c,7c91e837d2cd5a75
ac24fb00e61a5da2,8101b5a4faf75d2e
e6c8f0c4aaea52d7,d02b96b5fc6c5341
1f12591bdae05306,839a4c5035b2559c
42c7526fc6845005,8c017295d1c55e59
8dda399c53aa5be8,1bd475f7b66751f7
56f5294b63df53b9,cec82145cee65013
7f54c08f50ef5ace,225e4228d89c5c37
76375396b08e5143,453b3001ecb25518
b966c10ea361593f,d719be99cc8058a5
5e5b6eaacd3f5bdd,9582cfb9de6a5d3e
e4553dc9b5725cb7,45821cba1f2b520c
02015675e4585611,7dc4cda58d975dce
7ce6c5c094c55055,67a39516324b5239
0f337f2c23215a9e,0bcefee46da250b9
0769a262b53b589e,cba5e5dd1d855b8b
754bdad5455f53ad,69f8caa65f5b50b5
9b1bea0cc0d75583,83bd1e3a717c529c
613c91adcbe55cd5,28c334ca78bf51d9
70bd598e1c305d92,fa4e2109fd8c58a0
8d8806333d865527,8ee5eab5831659fc
6c737af6c9a752dc,48fe06e6ee105bb9
c6e9b00edaa454da,ebf3bbc2560a5f6b
eb3e272209a4520f,8d6fc9f907fc5cfb
dc207d97e04f5ce1,bd5cf850fb9954be
5a12337425265ea1,6b289433e5165b0b
ed2103838dae5993,184b40fd1ab85f1a
66908680155c550a,d4d3951b744e5467
0c027fc454685c14,875bb8eb4cb15956
4940444d511c5594,6ba41f32485d5a63
54ae4b189e79541b,654dbf714d895ca3
e66d21ee45e65dac,02d79fb826a052b8
d618ac9cc53c573c,8c930566d92e56ec
592f536375e755b6,1481ccca03915ab1
c344575de7545bbe,70811526b49c52a0
3f664a7d5f5e5bba,d1a195b2bd235d8f
fbe55fdc31135ad5,5cc08fe99dee59e4
fda9b858e7e4588f,72bdf3527d8c51cb
a8a10f07becb5a55,fca16c1029365b23
bff29edb43425586,041dce99556f5e3a
d1e4600c80ab519a,31911ae0bba3509b
6c996448c2e45ca1,51ddca8fe4255f34
4999981a1cac596e,4aea5cf609f8543f
44a4f1048fcc57ea,940c794bcf865e33
fa8627edacbd5ea0,6aac79b683ae5b62
f8b524a4e8925503,f2e29112c9fe5168
fd63045289ac5df7,c8c7965671b15097
6c578cebcf47592b,95113c65edf15111
5bb280e3aebe5a67,3016ff93438056f1
173b456bbf29598f,bf5df2af80c85cc1
b2fb8aee62dc5b09,19aa9586c72a5f3a
4952a782e55057b7,ed3d1c5c5d495f87
a541237b06645d49,931c4845f13f5907
fa937665dc4a5d08,dae767d3c80c5635
03ffae8f89f65f90,e6ed5232237455f8
911993e744795177,22bed37da0b3550c
e0e1551b09f15a74,27a7399fe61f5e3f
e05b464c21d0597d,8d192a7c73d05964
f8ded55c8f855116,31962978183f54d7
c2f27daee5bd5a3e,e84bbf0ad35a55a8
87a70998eed25e32,c2d9a5f712e2512c
09a859498436512e,0a0877b3eeb558fb
8894cb9c1f385198,82f19b437c095c85
046cdc424d515ee1,a72d299451f65201
b8baf3c807cd50b4,68b0fbdf0cde5302
f15b772180455c2f,78af92c2febc5845
638b83e65dd259f8,5e71605d31f4590d
35dbc03efb3c5f00,3547159ecacb5136
283f39e817575b93,e64b778dd3c05a67
d46f1077421c5c75,6cb74416a3fe57a0
c0b8f52197ac558c,b4d739f9822159af
71ae69a9499e559c,bb4d1b3008c0598c
b42d7dc2a3975573,def60cb4d44a5cda
cfd45b3514125d2e,a3ceae019af55a31
b628faa4178d5eaf,070536d8528854cb
230ab732c0d65fb3,fc9e2c080dae5d68
8954aa7e05085876,509b7d294a4e56ca
c05f89f644505f4c,88183ea59c9c5d2c
1175b3b9d27252ef,01c8f81194c4588d
39d78cc469d65bf8,8525cba67f665573
9a4e8cacd6095527,945ef2ca37f257fd
80a22559c9565d0a,e527c391386a516f
bc85f0c7a2305ef5,86070dcf96755f6e
8562e5f582e251cf,f3b2c147b50754ad
1b301e5f9ede59d7,c67eab7349715aac
96c4cb076c9954e6,0511a134b4e55ab3
abcbb3c7020550c5,8fd5475a0f6b5bdb
50dac69523a15131,92729bb0f7e55c5b
7767ce3fbd5f5f50,a4f62582447a509b
c7215f0ccee350f8,6547b432b4c1581b
5b1a620dcd675298,4b6b8b2e0aa75682
f72d2f080fe35910,a314e4aced215f08
631115d8e54d58fc,e32b54261fe15714
b7ee1af184835990,4e62aba518915ed0
e5dc48dd83585491,ce79093413045034
0c136e28e54f58b6,0685e6377f835263
10b9d1b254f35a74,1e1bc687e0175fca
4ed57aa187415e7f,c70da33eab53575a
da0d775d13c956be,e04ab3fa161259a1
2e6e9e72249a5980,c8cc7f75093d5304
08dad3e5005658df,4e89648584fd58b0
8439357bbb005600,9be222b341df5ea2
b432924be8c151d8,4c63e06d0fa75169
3716402a783c5689,f8f3c6484d2a5a33
bc12361c48f15f75,96e451c0e56352d8
afbbcee34f1850fd,bc1d6e31a7f550ed
6104f0887cc25767,c7bb93b8fed25767
7b6749c7b2795906,62dca8e5979e52ff
c332bacddbfe53d9,ec12a483c8b05fcf
e0b46b7248a75fc9,5c7b201ac57d5d56
c77d485da6ce5075,ee2551f728305314
d903d26195085adb,9d76df284fec5c8a
7ca54b5a28ae5667,79b9966ad538505f
349b80a3d95e5f6e,6a49aac7512b59fb
cd7e4f70ce8e539b,3bee1cd8bb335d8d
a689d4a215245104,e7f233287fc4559e
278885f077d65d53,18be4ed6ef1e5ac2
be9298a106f552af,0337bdc8a50d5a18
49f205ebb9d559c2,bf7d241c99915732
21b8742127e7523c,e756158ea54b5ae2
6bc26fb97d7f5d48,58c3357487cd50be
d3d9e16508ae5756,fd4424d1f58958cb
4ae996307c6d5733,c4f5521ef4625ae0
809107982e485725,ebd40cfd06d25b91
bc427a4503535af2,4ace5daf2c2f5f49
71017c020a0b5a75,864387cd86c35192
bed45577041051b8,3368a8f8c93e5d9c
eb6c8a396bb75a89,786992e6fb185d1b
55bd10ac74585a12,5864c81ddbb053f6
efd90f7518445bef,e12142d7c3ed5b28
436da44562c95ac0,827bc70cc1d150f1
ac2f5c84d6fc5cdf,b96e845652d85df1
0bd3bce35ed159be,35fd58844d0154d7
87df22d07dcb567c,67c2802310fa51a3
ca6a8cc7012a5fac,17e9ab2e7a1f576d
befdd4140e4252e5,e37da00ea40e55df
635495c0e2295c4d,06b0300bbe9c5840
f71e5dcd9df85d97,5267737202af5788
a23ebe50e290544b,4bd1601eee7256f0
4d2885661a535f9b,cba3f8716c035822
cd2f52e2012f5088,c31c068e35e055ff
a8c150e293ac5bd3,ee77e5754e795d18
945dafbf488554b7,7a69ec2ac66e5ce4
13da814cde3a525b,4a3575d2e7cd510d
53e360156fe05050,19814f7fa6dd5891
5d7c7edca69d5e73,ed5b60bac1ed59ee
19b1cc462216591a,89740e1d3c4b5e49
879d4e4e0d2b5386,fde2b62a3bae515b
794b439e9922527b,a56fd0688dcf5489
ea8b66a838c75042,6e8d1690f3e75b22
dc95b5731cc359f3,0ffdeabd39a457af
5dae1d43c2e55113,4c7a22bc1dcc5b23
fe71d216396c5ab3,95a26f8c8a9c55be
1da6196444e35b0f,0e69f3e4ccc253b7
e3ee34ba4c0c59fd,7dc26154934b52ed
1f1c016bd3715dc2,17568d403404572e
b91aab23acc957c5,9134714a4e665a97
50cc657e2283511b,72b491a9d5da572a
ab01e3ce19875471,8e73382ecc03558c
7a735f01957d5f72,961742e3d8d750a4
8c47d8fc41a55f31,78e92aa046895e5c
6420c06f99465b53,a6cded1cc3785d51
cb70f332bc5f5bcf,a728fcf5aa9859e2
7b429e3d4ad159a2,73c11c21a1435712
508cd663b9a85228,44d1fb8af4a5513b
2f6263adaf4f54c5,664a7fc9122b5f69
03c2e332abb25034,65e11efc218956eb
79fab476b73a5d06,b6d299e288905f3f
0f7e1062e04e5fb5,113194c975135566
8b6aa9462f5157b3,0dae0dd9783151e4
2fd327a8eff250ba,5c09bf9101295a9f
57eebf7c02c05c63,c7267ee0155b5892
e87ffda7f5655c3c,b696d9bef8bb507d
8b0d50e645eb5ac7,b1291c95a4635460
dcf3da6b34935bc8,d9c6a90f54495d12
7762b47b2ed156a9,e6def17b05f4554a
10fcb2c79add5558,197e56466ca054a7
866fab78f1da518b,21074da0cef65369
407ff7eab601527c,5d26d37980fd5191
780eada83bbc57b1,5f9347608fc05232
8350f9ff4dcf5e4b,d8a5631668b55600
87b2c0e49070537f,30ecb33052e65cfd
0a44947ca9e85579,d5207960d4445c8a
65b19795c92c5d77,105428e6b1d95b4c
c8d1d4dd7889577b,ae7f2528a42450e4
d01e896e6c325436,8ebf5581f09e51bb
a612f42e6f9d592e,e250a7ab23b85ec0
8869a2f03bbd5570,2aa44c5caef4585d
a21ebf4902fa5e27,a3a13a44bc3d57cc
a3bb30f4190a5f5d,fcb644946aa75666
edf7e758c7075ce8,f84a0babc7705a89
037b976caae85af5,4f4da09be486559a
cde54c98cbec5255,0bdb1adf0c395d03
68e8dda3806f5b88,66bdde0fc6e05a69
def5763ef93655ae,df06d62818715c5c
43b78800618758d9,0b47102670dd5c3c
5c084920ee285003,4e3fff79db3e58ea
a4581d8af5f755a9,28e39fc202db59d3
436728a1202a5ae6,1941cec782d25f8e
656d501570ce5e54,06091d727eef540c
134b10cfe7e753e6,e12058aed6915501
a6229e66c0e656d8,cc1e9ecdb6d05f39
ec04801554fb518f,7f90968bde0f52b9
84a763e08d2c5ac6,f69d05e774fa5ee6
20ae5f5df50a5865,4c879cc94a285d03
66e559e29cca52e0,005106c896c454e5
1dcac8bb6872533b,5ed455bfe184576d
3813108829ab54c2,b4857353bb775804
f8191af1aab95906,9c3afe368c195672
882a63bc231e5987,c432c77c846e5784
3f19f97d980754f7,ffd3d379ea8855a5
457acf87bc885550,459f51ce5b11578b
e4007492f3d55374,8655a7d60902578d
d9bbf36a9fca56a9,8b9457fefd715466
c2cf3991e2e65486,12c437de67835e8e
9707c6cbc83556f6,c6868017691d570f
d7b1d984a0ff5791,87b44675fc185369
9334f5a33c07587a,8f6ebe0f9a725f6a
f04d33e677745e8e,edad02e7ab4f5988
217307a367fd551a,e13244eec5df535f
3495be9149e0537d,be9bc42453db5183
a1ff2db262ab5db7,66efba6e0df25f17
b9238f564f875dfc,efa08f3f0a08564b
39bcaa3072bc5198,8bfa562341415abd
ef4cd07fc8245457,de0fff7178fe5783
7b00e131a2885ecf,8cc262b5de7a5abc
2a94741039ad566d,a130a42d7ff15af7
de4ace24443b5b2d,5f8f981de1195819
4dd9f8881881500d,7a487f440bd554a6
617ceb438e0d5324,1930dc0b2a065e2b
002a52b0ed5650da,9ebe9d164d385777
313a7a6feb1c5490,f10558e67c925994
1e2e250cbb555fe6,05012a6bf44e5a8e
002672a228395a16,3c34dcc4231150fc
6bd962139e2658da,3bb0a928b16b54a9
0924309bada05ea6,625ec9c63e23545e
69792eb6a5415c5f,cceb79334b475c34
96af2f9a0f9352ab,2b8567f08ff95d49
b4b31520fc1c5ef7,df3682937e0b5373
94683fc69ce4599c,a48fe11fab7f590a
fc14b78a566f5620,8a60381cba795076
982671de6e755ca0,0590062da5d9528c
0e6a9b4fe9ec5443,f96cf86094525742
07dc9de3dd855653,4d7fa387f50e5afd
ef1c8f5af4525791,9ac7b0b1d65958ed
2a2308354f4c5aa2,59df35a80f055242
05f9443de2185b91,59df35a80f055242
76dceae4c9c353b5,e7997314cb915919
008844070af456e3,d9228adfa9565bb4
925e046dba2f525f,b2b3446a0b835f8c
dc7dda8b400157ef,8315145850fa5d29
16aa734bed8a5f81,965b030493825553
5abe25231fd05639,00c04ec4d9c25ca3
65fd7014a79b5cba,d0f1af434fb45f62
467879c3d37054f5,e6a28dd08357590b
2836705e16ba5691,2efd658b9ea85397
74277113f82c56f3,4928a151f91853ed
566bd5e6d09153e0,af2eb2d3e324563d
5ee074d138be53d4,305949f36ec257f1
87339a4d32305504,fab09816fba55d36
ed97bf4877fa5bb0,ef48c8353c1d5d29
61e3a4acbdf55ffe,9393ca45f73b5f6a
b42af31e8e9b596d,34854ee8f8bd53ff
21b36975c4f75e9a,34afc383b381516c
8b8466eb334f5957,75056893168c509b
69d2af69b1b75698,e7dd0392c4a6533f
cdae0433bb5d5b9e,297e60d196e750e2
ad970e7cae1a5ead,b647914ba05e5377
78a8c3b8447d5489,ef8f9d6243a954b3
2cd2afde48275675,f323816f971f557f
fb5265ab37085422,a5427bec8a255718
c3ace87d2f985eaa,a867f099c0955439
b2e0a5dfbb575ce1,063afe3c9bfb5bb4
b9c8a72571a85792,4e7d3e942d785dc5
2087ff145dae502d,7a1078210e205346
236c1e1f86ec5e98,c8f733ed153b59c6
e797167404675bfa,d83979ac34a35661
cfdeb32366475b04,f45aa344fc825a54
8b8b41a9d00e5e32,2e1513ccb65d591d
c056dcf1096258a4,d6995d54b9c95d94
1f211666d4465388,d0be0220d7515c9c
565e485cbedb506f,c21bc9f7394153fb
8f0f7125a2e856b8,b29f4d8f4ff952b2
b1a5c303ca3f5607,e39111b8f3c552c8
6410f5684be757b5,903f2eeb052a53b4
178d9a3c6c6852a4,9515b69a4e675a76
969198fbd19d59b1,5b2226e6cec457fd
15e6ef7a85b35d10,2c0a9d54e8025dcd
bf3ea6a284d85269,0882832f14cd52a9
f6db2434c92450b8,5ff17314b12455e0
f6ab99e351c95b45,3387b73a1be45fd0
9873c047e9155996,0949bc0926425a35
3a7fa6d4bfb65f4b,18771df476145256
553d5ef6d98e5728,2290c8cca7205289
06ce8610ceea51f4,948f9c0a565c5914
14fe69db03425780,8bdf1fa1fbfa53c5
24a09c3c8a985e8e,c8e8c03811e65fab
00b2afbb751b59c6,ac369198c2ff5409
e77360b1bf605f87,cd092cb34d915ce5
193ee69c47495e07,605fa9b35440506f
4e734888d8465563,69be59f6a4a4539f
31a522ae1ee151bf,40e70a1336405513
9abf3af825a35a9e,b1165e2804b953c7
c16d0c6076ab5a85,9bceece7e6235b93
a90de87b906d51e8,aeedd9543eae5b1d
e83f4b6e1dd25c90,451a6995a0635511
4dd4ae3362325296,2d7dc6e8d20359da
7ef6481e00005279,e9f6a6428519561e
d7a0ac2136015985,2c8525a254f65950
3c93ac00b682563d,14567a307b985c0e
9c32ba9f42f75187,d3f6a2f339ed5569
0f6d159f5f0c52d0,ec985e7f1d97530a
34f4fd0a288b5199,09e659f80a135489
769a27bde35050d1,91621b4a27be5938
3ae59f6099b65d31,8cdfba19ba5d5591
93512ae1de725307,dac2690e218d58da
9e898d5e24c1537e,c162146f31a250bb
0578756b879c55d0,a15004b9084b57e6
06392ff957445576,1e3135f353515aa4
f2a8ed3f01f15ef3,ff4fff59f07e57a5
1316af62e13e5dd5,81b7c06a59415e5e
ab505f8775065375,32ff166852ec5c1d
34c872c16eb0577c,1c6df2d857ed56e3
4800c57e89db5eae,d81db239d2f05a90
fd8299e81b435b94,5929e252373f5b39
2861c47f508652e8,cdca3bb6b41e5121
8c5a6a5b602859b2,e1ced2cc879955c7
de80647014f35dbb,16415527b7505eda
541d2d0ac174524b,88a020aa6dd75234
9666a4125db25507,599076be97dd5e45
a175a8b7f4c55cf6,d9d94553ab445639
e1d83d0f913a5263,0afbebfabaf15932
f3f9f7a6f8f15f49,c5272f178cef5379
1c5ca85e734859c4,c448d5807e525e68
d56e3d307eb8525a,edb817c8a14d5ba8
d60ec6837413567c,b2ab7970c62e585b
1633456bc3ec569d,7a210c885eb251cd
d66634cbe1b65b95,1547d132c4275317
35aa38c73e9251a7,3848cc2cb09a5bea
151436bbacb858b5,c90b47d7ed38545b
5322f39a6130560c,ebca52f9ca9d55ac
245bcbae35595474,6c3238b7de9d5f0a
