token,pool_type,comparator,pc_different_count,other_different_count,shared_count,unmatched_pc,unmatched_other,matched_pair_count
23e39302332152b2,strict,score,0,16,0,0,16,0
23e39302332152b2,strict,pareto,0,16,0,0,16,0
23e39302332152b2,strict,gt_geometry,0,16,0,0,16,0
23e39302332152b2,operational,score,0,0,16,0,0,0
23e39302332152b2,operational,pareto,6,6,10,0,0,6
23e39302332152b2,operational,gt_geometry,16,16,0,16,16,0
411a748874035630,strict,score,0,16,0,0,16,0
411a748874035630,strict,pareto,0,16,0,0,16,0
411a748874035630,strict,gt_geometry,0,16,0,0,16,0
411a748874035630,operational,score,0,0,16,0,0,0
411a748874035630,operational,pareto,0,0,16,0,0,0
411a748874035630,operational,gt_geometry,16,16,0,8,8,8
79ebfc1d85bf5a51,strict,score,0,16,0,0,16,0
79ebfc1d85bf5a51,strict,pareto,0,16,0,0,16,0
79ebfc1d85bf5a51,strict,gt_geometry,0,16,0,0,16,0
79ebfc1d85bf5a51,operational,score,0,0,16,0,0,0
79ebfc1d85bf5a51,operational,pareto,10,10,6,10,10,0
79ebfc1d85bf5a51,operational,gt_geometry,16,16,0,16,16,0
40808270ce205b83,strict,score,0,16,0,0,16,0
40808270ce205b83,strict,pareto,0,16,0,0,16,0
40808270ce205b83,strict,gt_geometry,0,16,0,0,16,0
40808270ce205b83,operational,score,0,0,16,0,0,0
40808270ce205b83,operational,pareto,0,0,16,0,0,0
40808270ce205b83,operational,gt_geometry,16,16,0,16,16,0
86208267d61253c0,strict,score,0,16,0,0,16,0
86208267d61253c0,strict,pareto,0,16,0,0,16,0
86208267d61253c0,strict,gt_geometry,0,16,0,0,16,0
86208267d61253c0,operational,score,0,0,16,0,0,0
86208267d61253c0,operational,pareto,0,0,16,0,0,0
86208267d61253c0,operational,gt_geometry,16,16,0,6,6,10
f8268857204e554e,strict,score,0,16,0,0,16,0
f8268857204e554e,strict,pareto,0,16,0,0,16,0
f8268857204e554e,strict,gt_geometry,0,16,0,0,16,0
f8268857204e554e,operational,score,0,0,16,0,0,0
f8268857204e554e,operational,pareto,0,0,16,0,0,0
f8268857204e554e,operational,gt_geometry,16,16,0,16,16,0
1bf169a6aaf65858,strict,score,0,16,0,0,16,0
1bf169a6aaf65858,strict,pareto,0,16,0,0,16,0
1bf169a6aaf65858,strict,gt_geometry,0,16,0,0,16,0
1bf169a6aaf65858,operational,score,0,0,16,0,0,0
1bf169a6aaf65858,operational,pareto,0,0,16,0,0,0
1bf169a6aaf65858,operational,gt_geometry,13,13,3,9,9,4
3764407c90d65df3,strict,score,0,16,0,0,16,0
3764407c90d65df3,strict,pareto,0,16,0,0,16,0
3764407c90d65df3,strict,gt_geometry,0,16,0,0,16,0
3764407c90d65df3,operational,score,0,0,16,0,0,0
3764407c90d65df3,operational,pareto,0,0,16,0,0,0
3764407c90d65df3,operational,gt_geometry,10,10,6,10,10,0
38cfd81687975661,strict,score,0,16,0,0,16,0
38cfd81687975661,strict,pareto,0,16,0,0,16,0
38cfd81687975661,strict,gt_geometry,0,16,0,0,16,0
38cfd81687975661,operational,score,0,0,16,0,0,0
38cfd81687975661,operational,pareto,0,0,16,0,0,0
38cfd81687975661,operational,gt_geometry,16,16,0,16,16,0
42e6895442ab5601,strict,score,0,16,0,0,16,0
42e6895442ab5601,strict,pareto,0,16,0,0,16,0
42e6895442ab5601,strict,gt_geometry,0,16,0,0,16,0
42e6895442ab5601,operational,score,0,0,16,0,0,0
42e6895442ab5601,operational,pareto,0,0,16,0,0,0
42e6895442ab5601,operational,gt_geometry,15,15,1,9,9,6
b34272d337d350d2,strict,score,0,16,0,0,16,0
b34272d337d350d2,strict,pareto,0,16,0,0,16,0
b34272d337d350d2,strict,gt_geometry,0,16,0,0,16,0
b34272d337d350d2,operational,score,0,0,16,0,0,0
b34272d337d350d2,operational,pareto,0,0,16,0,0,0
b34272d337d350d2,operational,gt_geometry,16,16,0,16,16,0
b23ede9a183b5b71,strict,score,0,16,0,0,16,0
b23ede9a183b5b71,strict,pareto,0,16,0,0,16,0
b23ede9a183b5b71,strict,gt_geometry,0,16,0,0,16,0
b23ede9a183b5b71,operational,score,0,0,16,0,0,0
b23ede9a183b5b71,operational,pareto,0,0,16,0,0,0
b23ede9a183b5b71,operational,gt_geometry,16,16,0,16,16,0
fff951eab9f45288,strict,score,0,16,0,0,16,0
fff951eab9f45288,strict,pareto,0,16,0,0,16,0
fff951eab9f45288,strict,gt_geometry,0,16,0,0,16,0
fff951eab9f45288,operational,score,0,0,16,0,0,0
fff951eab9f45288,operational,pareto,0,0,16,0,0,0
fff951eab9f45288,operational,gt_geometry,16,16,0,16,16,0
4fa9113617d254d4,strict,score,0,16,0,0,16,0
4fa9113617d254d4,strict,pareto,0,16,0,0,16,0
4fa9113617d254d4,strict,gt_geometry,0,16,0,0,16,0
4fa9113617d254d4,operational,score,0,0,16,0,0,0
4fa9113617d254d4,operational,pareto,0,0,16,0,0,0
4fa9113617d254d4,operational,gt_geometry,15,15,1,8,8,7
988785170de957da,strict,score,0,16,0,0,16,0
988785170de957da,strict,pareto,0,16,0,0,16,0
988785170de957da,strict,gt_geometry,0,16,0,0,16,0
988785170de957da,operational,score,0,0,16,0,0,0
988785170de957da,operational,pareto,0,0,16,0,0,0
988785170de957da,operational,gt_geometry,16,16,0,16,16,0
046b1cc13f0d5f9d,strict,score,0,16,0,0,16,0
046b1cc13f0d5f9d,strict,pareto,0,16,0,0,16,0
046b1cc13f0d5f9d,strict,gt_geometry,0,16,0,0,16,0
046b1cc13f0d5f9d,operational,score,0,0,16,0,0,0
046b1cc13f0d5f9d,operational,pareto,0,0,16,0,0,0
046b1cc13f0d5f9d,operational,gt_geometry,15,15,1,13,13,2
d7fbd35a0f315447,strict,score,0,16,0,0,16,0
d7fbd35a0f315447,strict,pareto,0,16,0,0,16,0
d7fbd35a0f315447,strict,gt_geometry,0,16,0,0,16,0
d7fbd35a0f315447,operational,score,0,0,16,0,0,0
d7fbd35a0f315447,operational,pareto,0,0,16,0,0,0
d7fbd35a0f315447,operational,gt_geometry,16,16,0,14,14,2
951957b841e05cfa,strict,score,0,16,0,0,16,0
951957b841e05cfa,strict,pareto,0,16,0,0,16,0
951957b841e05cfa,strict,gt_geometry,0,16,0,0,16,0
951957b841e05cfa,operational,score,0,0,16,0,0,0
951957b841e05cfa,operational,pareto,0,0,16,0,0,0
951957b841e05cfa,operational,gt_geometry,16,16,0,16,16,0
61db822891625c3b,strict,score,0,16,0,0,16,0
61db822891625c3b,strict,pareto,0,16,0,0,16,0
61db822891625c3b,strict,gt_geometry,0,16,0,0,16,0
61db822891625c3b,operational,score,0,0,16,0,0,0
61db822891625c3b,operational,pareto,1,1,15,1,1,0
61db822891625c3b,operational,gt_geometry,16,16,0,16,16,0
759e9e451eba5b47,strict,score,0,16,0,0,16,0
759e9e451eba5b47,strict,pareto,0,16,0,0,16,0
759e9e451eba5b47,strict,gt_geometry,0,16,0,0,16,0
759e9e451eba5b47,operational,score,0,0,16,0,0,0
759e9e451eba5b47,operational,pareto,0,0,16,0,0,0
759e9e451eba5b47,operational,gt_geometry,15,15,1,10,10,5
9c05edf9d6e85716,strict,score,0,16,0,0,16,0
9c05edf9d6e85716,strict,pareto,0,16,0,0,16,0
9c05edf9d6e85716,strict,gt_geometry,0,16,0,0,16,0
9c05edf9d6e85716,operational,score,0,0,16,0,0,0
9c05edf9d6e85716,operational,pareto,0,0,16,0,0,0
9c05edf9d6e85716,operational,gt_geometry,16,16,0,14,14,2
467bbee636b65c84,strict,score,0,16,0,0,16,0
467bbee636b65c84,strict,pareto,0,16,0,0,16,0
467bbee636b65c84,strict,gt_geometry,0,16,0,0,16,0
467bbee636b65c84,operational,score,0,0,16,0,0,0
467bbee636b65c84,operational,pareto,0,0,16,0,0,0
467bbee636b65c84,operational,gt_geometry,12,12,4,11,11,1
4f6409df56a85592,strict,score,0,16,0,0,16,0
4f6409df56a85592,strict,pareto,0,16,0,0,16,0
4f6409df56a85592,strict,gt_geometry,0,16,0,0,16,0
4f6409df56a85592,operational,score,0,0,16,0,0,0
4f6409df56a85592,operational,pareto,1,1,15,1,1,0
4f6409df56a85592,operational,gt_geometry,9,9,7,9,9,0
16ddb1838af755e3,strict,score,0,16,0,0,16,0
16ddb1838af755e3,strict,pareto,0,16,0,0,16,0
16ddb1838af755e3,strict,gt_geometry,0,16,0,0,16,0
16ddb1838af755e3,operational,score,0,0,16,0,0,0
16ddb1838af755e3,operational,pareto,0,0,16,0,0,0
16ddb1838af755e3,operational,gt_geometry,16,16,0,16,16,0
2ce59f70a15b5ddf,strict,score,0,16,0,0,16,0
2ce59f70a15b5ddf,strict,pareto,0,16,0,0,16,0
2ce59f70a15b5ddf,strict,gt_geometry,0,16,0,0,16,0
2ce59f70a15b5ddf,operational,score,0,0,16,0,0,0
2ce59f70a15b5ddf,operational,pareto,0,0,16,0,0,0
2ce59f70a15b5ddf,operational,gt_geometry,15,15,1,6,6,9
461fb854eaa3583e,strict,score,0,16,0,0,16,0
461fb854eaa3583e,strict,pareto,0,16,0,0,16,0
461fb854eaa3583e,strict,gt_geometry,0,16,0,0,16,0
461fb854eaa3583e,operational,score,0,0,16,0,0,0
461fb854eaa3583e,operational,pareto,6,6,10,4,4,2
461fb854eaa3583e,operational,gt_geometry,15,15,1,13,13,2
8b800af555d35794,strict,score,0,16,0,0,16,0
8b800af555d35794,strict,pareto,0,16,0,0,16,0
8b800af555d35794,strict,gt_geometry,0,16,0,0,16,0
8b800af555d35794,operational,score,0,0,16,0,0,0
8b800af555d35794,operational,pareto,0,0,16,0,0,0
8b800af555d35794,operational,gt_geometry,14,14,2,11,11,3
2ab1b3941f7153cb,strict,score,0,16,0,0,16,0
2ab1b3941f7153cb,strict,pareto,0,16,0,0,16,0
2ab1b3941f7153cb,strict,gt_geometry,0,16,0,0,16,0
2ab1b3941f7153cb,operational,score,0,0,16,0,0,0
2ab1b3941f7153cb,operational,pareto,1,1,15,1,1,0
2ab1b3941f7153cb,operational,gt_geometry,16,16,0,16,16,0
4bc510a669d8549f,strict,score,0,16,0,0,16,0
4bc510a669d8549f,strict,pareto,0,16,0,0,16,0
4bc510a669d8549f,strict,gt_geometry,0,16,0,0,16,0
4bc510a669d8549f,operational,score,0,0,16,0,0,0
4bc510a669d8549f,operational,pareto,0,0,16,0,0,0
4bc510a669d8549f,operational,gt_geometry,6,6,10,2,2,4
3387bab95d41528a,strict,score,0,16,0,0,16,0
3387bab95d41528a,strict,pareto,0,16,0,0,16,0
3387bab95d41528a,strict,gt_geometry,0,16,0,0,16,0
3387bab95d41528a,operational,score,0,0,16,0,0,0
3387bab95d41528a,operational,pareto,5,5,11,2,2,3
3387bab95d41528a,operational,gt_geometry,15,15,1,11,11,4
e5acc98f52f458cc,strict,score,0,16,0,0,16,0
e5acc98f52f458cc,strict,pareto,0,16,0,0,16,0
e5acc98f52f458cc,strict,gt_geometry,0,16,0,0,16,0
e5acc98f52f458cc,operational,score,0,0,16,0,0,0
e5acc98f52f458cc,operational,pareto,0,0,16,0,0,0
e5acc98f52f458cc,operational,gt_geometry,14,14,2,3,3,11
3e9026530c475726,strict,score,0,16,0,0,16,0
3e9026530c475726,strict,pareto,0,16,0,0,16,0
3e9026530c475726,strict,gt_geometry,0,16,0,0,16,0
3e9026530c475726,operational,score,0,0,16,0,0,0
3e9026530c475726,operational,pareto,0,0,16,0,0,0
3e9026530c475726,operational,gt_geometry,16,16,0,16,16,0
2ae0a44cc4de5c4a,strict,score,0,16,0,0,16,0
2ae0a44cc4de5c4a,strict,pareto,0,16,0,0,16,0
2ae0a44cc4de5c4a,strict,gt_geometry,0,16,0,0,16,0
2ae0a44cc4de5c4a,operational,score,0,0,16,0,0,0
2ae0a44cc4de5c4a,operational,pareto,0,0,16,0,0,0
2ae0a44cc4de5c4a,operational,gt_geometry,15,15,1,9,9,6
cc94486698ff58d1,strict,score,0,16,0,0,16,0
cc94486698ff58d1,strict,pareto,0,16,0,0,16,0
cc94486698ff58d1,strict,gt_geometry,0,16,0,0,16,0
cc94486698ff58d1,operational,score,0,0,16,0,0,0
cc94486698ff58d1,operational,pareto,2,2,14,2,2,0
cc94486698ff58d1,operational,gt_geometry,16,16,0,16,16,0
969763763ce754a4,strict,score,0,16,0,0,16,0
969763763ce754a4,strict,pareto,0,16,0,0,16,0
969763763ce754a4,strict,gt_geometry,0,16,0,0,16,0
969763763ce754a4,operational,score,0,0,16,0,0,0
969763763ce754a4,operational,pareto,0,0,16,0,0,0
969763763ce754a4,operational,gt_geometry,16,16,0,10,10,6
ff6ab495a139534e,strict,score,0,16,0,0,16,0
ff6ab495a139534e,strict,pareto,0,16,0,0,16,0
ff6ab495a139534e,strict,gt_geometry,0,16,0,0,16,0
ff6ab495a139534e,operational,score,0,0,16,0,0,0
ff6ab495a139534e,operational,pareto,6,6,10,6,6,0
ff6ab495a139534e,operational,gt_geometry,16,16,0,16,16,0
70248e0bb43a503b,strict,score,0,16,0,0,16,0
70248e0bb43a503b,strict,pareto,0,16,0,0,16,0
70248e0bb43a503b,strict,gt_geometry,0,16,0,0,16,0
70248e0bb43a503b,operational,score,0,0,16,0,0,0
70248e0bb43a503b,operational,pareto,0,0,16,0,0,0
70248e0bb43a503b,operational,gt_geometry,7,7,9,6,6,1
2a2403c9b08b53ac,strict,score,0,16,0,0,16,0
2a2403c9b08b53ac,strict,pareto,0,16,0,0,16,0
2a2403c9b08b53ac,strict,gt_geometry,0,16,0,0,16,0
2a2403c9b08b53ac,operational,score,0,0,16,0,0,0
2a2403c9b08b53ac,operational,pareto,0,0,16,0,0,0
2a2403c9b08b53ac,operational,gt_geometry,16,16,0,16,16,0
854169aa74e95251,strict,score,0,16,0,0,16,0
854169aa74e95251,strict,pareto,0,16,0,0,16,0
854169aa74e95251,strict,gt_geometry,0,16,0,0,16,0
854169aa74e95251,operational,score,0,0,16,0,0,0
854169aa74e95251,operational,pareto,0,0,16,0,0,0
854169aa74e95251,operational,gt_geometry,15,15,1,14,14,1
93a9927586995095,strict,score,0,16,0,0,16,0
93a9927586995095,strict,pareto,0,16,0,0,16,0
93a9927586995095,strict,gt_geometry,0,16,0,0,16,0
93a9927586995095,operational,score,0,0,16,0,0,0
93a9927586995095,operational,pareto,0,0,16,0,0,0
93a9927586995095,operational,gt_geometry,15,15,1,9,9,6
af62d866653053f6,strict,score,0,16,0,0,16,0
af62d866653053f6,strict,pareto,0,16,0,0,16,0
af62d866653053f6,strict,gt_geometry,0,16,0,0,16,0
af62d866653053f6,operational,score,0,0,16,0,0,0
af62d866653053f6,operational,pareto,3,3,13,2,2,1
af62d866653053f6,operational,gt_geometry,15,15,1,10,10,5
17d296a87fb45380,strict,score,0,16,0,0,16,0
17d296a87fb45380,strict,pareto,0,16,0,0,16,0
17d296a87fb45380,strict,gt_geometry,0,16,0,0,16,0
17d296a87fb45380,operational,score,0,0,16,0,0,0
17d296a87fb45380,operational,pareto,0,0,16,0,0,0
17d296a87fb45380,operational,gt_geometry,16,16,0,16,16,0
5370751917315916,strict,score,0,16,0,0,16,0
5370751917315916,strict,pareto,0,16,0,0,16,0
5370751917315916,strict,gt_geometry,0,16,0,0,16,0
5370751917315916,operational,score,0,0,16,0,0,0
5370751917315916,operational,pareto,0,0,16,0,0,0
5370751917315916,operational,gt_geometry,15,15,1,11,11,4
adaf33e4ba555709,strict,score,0,16,0,0,16,0
adaf33e4ba555709,strict,pareto,0,16,0,0,16,0
adaf33e4ba555709,strict,gt_geometry,0,16,0,0,16,0
adaf33e4ba555709,operational,score,0,0,16,0,0,0
adaf33e4ba555709,operational,pareto,12,12,4,12,12,0
adaf33e4ba555709,operational,gt_geometry,12,12,4,12,12,0
1aa0acb229945e9b,strict,score,0,16,0,0,16,0
1aa0acb229945e9b,strict,pareto,0,16,0,0,16,0
1aa0acb229945e9b,strict,gt_geometry,0,16,0,0,16,0
1aa0acb229945e9b,operational,score,0,0,16,0,0,0
1aa0acb229945e9b,operational,pareto,0,0,16,0,0,0
1aa0acb229945e9b,operational,gt_geometry,16,16,0,16,16,0
fad9e78a17825042,strict,score,0,16,0,0,16,0
fad9e78a17825042,strict,pareto,0,16,0,0,16,0
fad9e78a17825042,strict,gt_geometry,0,16,0,0,16,0
fad9e78a17825042,operational,score,0,0,16,0,0,0
fad9e78a17825042,operational,pareto,0,0,16,0,0,0
fad9e78a17825042,operational,gt_geometry,14,14,2,12,12,2
4eaf32face4b5ece,strict,score,0,16,0,0,16,0
4eaf32face4b5ece,strict,pareto,0,16,0,0,16,0
4eaf32face4b5ece,strict,gt_geometry,0,16,0,0,16,0
4eaf32face4b5ece,operational,score,0,0,16,0,0,0
4eaf32face4b5ece,operational,pareto,0,0,16,0,0,0
4eaf32face4b5ece,operational,gt_geometry,15,15,1,5,5,10
2db045daf25c5bb7,strict,score,0,16,0,0,16,0
2db045daf25c5bb7,strict,pareto,0,16,0,0,16,0
2db045daf25c5bb7,strict,gt_geometry,0,16,0,0,16,0
2db045daf25c5bb7,operational,score,0,0,16,0,0,0
2db045daf25c5bb7,operational,pareto,5,5,11,5,5,0
2db045daf25c5bb7,operational,gt_geometry,16,16,0,16,16,0
b23f3d728c08529f,strict,score,0,16,0,0,16,0
b23f3d728c08529f,strict,pareto,0,16,0,0,16,0
b23f3d728c08529f,strict,gt_geometry,0,16,0,0,16,0
b23f3d728c08529f,operational,score,0,0,16,0,0,0
b23f3d728c08529f,operational,pareto,0,0,16,0,0,0
b23f3d728c08529f,operational,gt_geometry,15,15,1,10,10,5
dc76a771066b5553,strict,score,0,16,0,0,16,0
dc76a771066b5553,strict,pareto,0,16,0,0,16,0
dc76a771066b5553,strict,gt_geometry,0,16,0,0,16,0
dc76a771066b5553,operational,score,0,0,16,0,0,0
dc76a771066b5553,operational,pareto,0,0,16,0,0,0
dc76a771066b5553,operational,gt_geometry,16,16,0,16,16,0
d76b0458667c59a2,strict,score,0,16,0,0,16,0
d76b0458667c59a2,strict,pareto,0,16,0,0,16,0
d76b0458667c59a2,strict,gt_geometry,0,16,0,0,16,0
d76b0458667c59a2,operational,score,0,0,16,0,0,0
d76b0458667c59a2,operational,pareto,0,0,16,0,0,0
d76b0458667c59a2,operational,gt_geometry,15,15,1,12,12,3
8cf3b1868b2f5262,strict,score,0,16,0,0,16,0
8cf3b1868b2f5262,strict,pareto,0,16,0,0,16,0
8cf3b1868b2f5262,strict,gt_geometry,0,16,0,0,16,0
8cf3b1868b2f5262,operational,score,0,0,16,0,0,0
8cf3b1868b2f5262,operational,pareto,0,0,16,0,0,0
8cf3b1868b2f5262,operational,gt_geometry,15,15,1,15,15,0
990bd9b32e5d5f60,strict,score,0,16,0,0,16,0
990bd9b32e5d5f60,strict,pareto,0,16,0,0,16,0
990bd9b32e5d5f60,strict,gt_geometry,0,16,0,0,16,0
990bd9b32e5d5f60,operational,score,0,0,16,0,0,0
990bd9b32e5d5f60,operational,pareto,4,4,12,4,4,0
990bd9b32e5d5f60,operational,gt_geometry,12,12,4,12,12,0
6320ecb991675a39,strict,score,0,16,0,0,16,0
6320ecb991675a39,strict,pareto,0,16,0,0,16,0
6320ecb991675a39,strict,gt_geometry,0,16,0,0,16,0
6320ecb991675a39,operational,score,0,0,16,0,0,0
6320ecb991675a39,operational,pareto,0,0,16,0,0,0
6320ecb991675a39,operational,gt_geometry,16,16,0,16,16,0
66243e185353563a,strict,score,0,16,0,0,16,0
66243e185353563a,strict,pareto,0,16,0,0,16,0
66243e185353563a,strict,gt_geometry,0,16,0,0,16,0
66243e185353563a,operational,score,0,0,16,0,0,0
66243e185353563a,operational,pareto,8,8,8,8,8,0
66243e185353563a,operational,gt_geometry,16,16,0,16,16,0
cde84b97e6505437,strict,score,0,16,0,0,16,0
cde84b97e6505437,strict,pareto,0,16,0,0,16,0
cde84b97e6505437,strict,gt_geometry,0,16,0,0,16,0
cde84b97e6505437,operational,score,0,0,16,0,0,0
cde84b97e6505437,operational,pareto,0,0,16,0,0,0
cde84b97e6505437,operational,gt_geometry,15,15,1,15,15,0
d968f9c81b945be1,strict,score,0,16,0,0,16,0
d968f9c81b945be1,strict,pareto,0,16,0,0,16,0
d968f9c81b945be1,strict,gt_geometry,0,16,0,0,16,0
d968f9c81b945be1,operational,score,0,0,16,0,0,0
d968f9c81b945be1,operational,pareto,0,0,16,0,0,0
d968f9c81b945be1,operational,gt_geometry,15,15,1,8,8,7
0a87bb919dbb58b6,strict,score,0,16,0,0,16,0
0a87bb919dbb58b6,strict,pareto,0,16,0,0,16,0
0a87bb919dbb58b6,strict,gt_geometry,0,16,0,0,16,0
0a87bb919dbb58b6,operational,score,0,0,16,0,0,0
0a87bb919dbb58b6,operational,pareto,0,0,16,0,0,0
0a87bb919dbb58b6,operational,gt_geometry,16,16,0,16,16,0
fe5811497ace53af,strict,score,0,16,0,0,16,0
fe5811497ace53af,strict,pareto,0,16,0,0,16,0
fe5811497ace53af,strict,gt_geometry,0,16,0,0,16,0
fe5811497ace53af,operational,score,0,0,16,0,0,0
fe5811497ace53af,operational,pareto,0,0,16,0,0,0
fe5811497ace53af,operational,gt_geometry,16,16,0,16,16,0
1734440b807a58ef,strict,score,0,16,0,0,16,0
1734440b807a58ef,strict,pareto,0,16,0,0,16,0
1734440b807a58ef,strict,gt_geometry,0,16,0,0,16,0
1734440b807a58ef,operational,score,0,0,16,0,0,0
1734440b807a58ef,operational,pareto,0,0,16,0,0,0
1734440b807a58ef,operational,gt_geometry,16,16,0,16,16,0
480434fc72d455af,strict,score,0,16,0,0,16,0
480434fc72d455af,strict,pareto,0,16,0,0,16,0
480434fc72d455af,strict,gt_geometry,0,16,0,0,16,0
480434fc72d455af,operational,score,0,0,16,0,0,0
480434fc72d455af,operational,pareto,6,6,10,0,0,6
480434fc72d455af,operational,gt_geometry,15,15,1,14,14,1
cb8e247140d55ab2,strict,score,0,16,0,0,16,0
cb8e247140d55ab2,strict,pareto,0,16,0,0,16,0
cb8e247140d55ab2,strict,gt_geometry,0,16,0,0,16,0
cb8e247140d55ab2,operational,score,0,0,16,0,0,0
cb8e247140d55ab2,operational,pareto,0,0,16,0,0,0
cb8e247140d55ab2,operational,gt_geometry,16,16,0,16,16,0
095770e79ccf5d82,strict,score,0,16,0,0,16,0
095770e79ccf5d82,strict,pareto,0,16,0,0,16,0
095770e79ccf5d82,strict,gt_geometry,0,16,0,0,16,0
095770e79ccf5d82,operational,score,0,0,16,0,0,0
095770e79ccf5d82,operational,pareto,0,0,16,0,0,0
095770e79ccf5d82,operational,gt_geometry,15,15,1,11,11,4
d7f25a0ac141583a,strict,score,0,16,0,0,16,0
d7f25a0ac141583a,strict,pareto,0,16,0,0,16,0
d7f25a0ac141583a,strict,gt_geometry,0,16,0,0,16,0
d7f25a0ac141583a,operational,score,0,0,16,0,0,0
d7f25a0ac141583a,operational,pareto,0,0,16,0,0,0
d7f25a0ac141583a,operational,gt_geometry,13,13,3,12,12,1
4b0df2804f165dda,strict,score,0,16,0,0,16,0
4b0df2804f165dda,strict,pareto,0,16,0,0,16,0
4b0df2804f165dda,strict,gt_geometry,0,16,0,0,16,0
4b0df2804f165dda,operational,score,0,0,16,0,0,0
4b0df2804f165dda,operational,pareto,1,1,15,0,0,1
4b0df2804f165dda,operational,gt_geometry,14,14,2,14,14,0
ab6ba1da1dd8592b,strict,score,0,16,0,0,16,0
ab6ba1da1dd8592b,strict,pareto,0,16,0,0,16,0
ab6ba1da1dd8592b,strict,gt_geometry,0,16,0,0,16,0
ab6ba1da1dd8592b,operational,score,0,0,16,0,0,0
ab6ba1da1dd8592b,operational,pareto,1,1,15,1,1,0
ab6ba1da1dd8592b,operational,gt_geometry,8,8,8,7,7,1
3feb7781f83754a7,strict,score,0,16,0,0,16,0
3feb7781f83754a7,strict,pareto,0,16,0,0,16,0
3feb7781f83754a7,strict,gt_geometry,0,16,0,0,16,0
3feb7781f83754a7,operational,score,0,0,16,0,0,0
3feb7781f83754a7,operational,pareto,0,0,16,0,0,0
3feb7781f83754a7,operational,gt_geometry,15,15,1,10,10,5
6f471ee76c595c92,strict,score,0,16,0,0,16,0
6f471ee76c595c92,strict,pareto,0,16,0,0,16,0
6f471ee76c595c92,strict,gt_geometry,0,16,0,0,16,0
6f471ee76c595c92,operational,score,0,0,16,0,0,0
6f471ee76c595c92,operational,pareto,1,1,15,1,1,0
6f471ee76c595c92,operational,gt_geometry,15,15,1,9,9,6
32516745ea1b59ef,strict,score,0,16,0,0,16,0
32516745ea1b59ef,strict,pareto,0,16,0,0,16,0
32516745ea1b59ef,strict,gt_geometry,0,16,0,0,16,0
32516745ea1b59ef,operational,score,0,0,16,0,0,0
32516745ea1b59ef,operational,pareto,4,4,12,3,3,1
32516745ea1b59ef,operational,gt_geometry,15,15,1,12,12,3
a65dd6d24f575771,strict,score,0,16,0,0,16,0
a65dd6d24f575771,strict,pareto,0,16,0,0,16,0
a65dd6d24f575771,strict,gt_geometry,0,16,0,0,16,0
a65dd6d24f575771,operational,score,0,0,16,0,0,0
a65dd6d24f575771,operational,pareto,0,0,16,0,0,0
a65dd6d24f575771,operational,gt_geometry,16,16,0,16,16,0
9ce305abb88f5ad0,strict,score,0,16,0,0,16,0
9ce305abb88f5ad0,strict,pareto,0,16,0,0,16,0
9ce305abb88f5ad0,strict,gt_geometry,0,16,0,0,16,0
9ce305abb88f5ad0,operational,score,0,0,16,0,0,0
9ce305abb88f5ad0,operational,pareto,0,0,16,0,0,0
9ce305abb88f5ad0,operational,gt_geometry,16,16,0,16,16,0
7af6867add5b5f2c,strict,score,0,16,0,0,16,0
7af6867add5b5f2c,strict,pareto,0,16,0,0,16,0
7af6867add5b5f2c,strict,gt_geometry,0,16,0,0,16,0
7af6867add5b5f2c,operational,score,0,0,16,0,0,0
7af6867add5b5f2c,operational,pareto,0,0,16,0,0,0
7af6867add5b5f2c,operational,gt_geometry,15,15,1,14,14,1
b65e09c4d8125da0,strict,score,0,16,0,0,16,0
b65e09c4d8125da0,strict,pareto,0,16,0,0,16,0
b65e09c4d8125da0,strict,gt_geometry,0,16,0,0,16,0
b65e09c4d8125da0,operational,score,0,0,16,0,0,0
b65e09c4d8125da0,operational,pareto,0,0,16,0,0,0
b65e09c4d8125da0,operational,gt_geometry,16,16,0,16,16,0
cbe1e93e188f5490,strict,score,0,16,0,0,16,0
cbe1e93e188f5490,strict,pareto,0,16,0,0,16,0
cbe1e93e188f5490,strict,gt_geometry,0,16,0,0,16,0
cbe1e93e188f5490,operational,score,0,0,16,0,0,0
cbe1e93e188f5490,operational,pareto,1,1,15,1,1,0
cbe1e93e188f5490,operational,gt_geometry,14,14,2,14,14,0
6ca6a1a4f3dc5d85,strict,score,0,16,0,0,16,0
6ca6a1a4f3dc5d85,strict,pareto,0,16,0,0,16,0
6ca6a1a4f3dc5d85,strict,gt_geometry,0,16,0,0,16,0
6ca6a1a4f3dc5d85,operational,score,0,0,16,0,0,0
6ca6a1a4f3dc5d85,operational,pareto,3,3,13,3,3,0
6ca6a1a4f3dc5d85,operational,gt_geometry,4,4,12,4,4,0
0ee58e583be85ffb,strict,score,0,16,0,0,16,0
0ee58e583be85ffb,strict,pareto,0,16,0,0,16,0
0ee58e583be85ffb,strict,gt_geometry,0,16,0,0,16,0
0ee58e583be85ffb,operational,score,0,0,16,0,0,0
0ee58e583be85ffb,operational,pareto,0,0,16,0,0,0
0ee58e583be85ffb,operational,gt_geometry,16,16,0,16,16,0
a28a2771a9fa5c1d,strict,score,0,16,0,0,16,0
a28a2771a9fa5c1d,strict,pareto,0,16,0,0,16,0
a28a2771a9fa5c1d,strict,gt_geometry,0,16,0,0,16,0
a28a2771a9fa5c1d,operational,score,0,0,16,0,0,0
a28a2771a9fa5c1d,operational,pareto,0,0,16,0,0,0
a28a2771a9fa5c1d,operational,gt_geometry,16,16,0,10,10,6
488e4248a8985e5a,strict,score,0,16,0,0,16,0
488e4248a8985e5a,strict,pareto,0,16,0,0,16,0
488e4248a8985e5a,strict,gt_geometry,0,16,0,0,16,0
488e4248a8985e5a,operational,score,0,0,16,0,0,0
488e4248a8985e5a,operational,pareto,0,0,16,0,0,0
488e4248a8985e5a,operational,gt_geometry,15,15,1,10,10,5
0beb530925b9514b,strict,score,0,16,0,0,16,0
0beb530925b9514b,strict,pareto,0,16,0,0,16,0
0beb530925b9514b,strict,gt_geometry,0,16,0,0,16,0
0beb530925b9514b,operational,score,0,0,16,0,0,0
0beb530925b9514b,operational,pareto,0,0,16,0,0,0
0beb530925b9514b,operational,gt_geometry,15,15,1,9,9,6
29b53c57c19b57fe,strict,score,0,16,0,0,16,0
29b53c57c19b57fe,strict,pareto,0,16,0,0,16,0
29b53c57c19b57fe,strict,gt_geometry,0,16,0,0,16,0
29b53c57c19b57fe,operational,score,0,0,16,0,0,0
29b53c57c19b57fe,operational,pareto,2,2,14,2,2,0
29b53c57c19b57fe,operational,gt_geometry,16,16,0,16,16,0
2639525675535145,strict,score,0,16,0,0,16,0
2639525675535145,strict,pareto,0,16,0,0,16,0
2639525675535145,strict,gt_geometry,0,16,0,0,16,0
2639525675535145,operational,score,0,0,16,0,0,0
2639525675535145,operational,pareto,0,0,16,0,0,0
2639525675535145,operational,gt_geometry,15,15,1,4,4,11
9a83782a2cf85611,strict,score,0,16,0,0,16,0
9a83782a2cf85611,strict,pareto,0,16,0,0,16,0
9a83782a2cf85611,strict,gt_geometry,0,16,0,0,16,0
9a83782a2cf85611,operational,score,0,0,16,0,0,0
9a83782a2cf85611,operational,pareto,0,0,16,0,0,0
9a83782a2cf85611,operational,gt_geometry,15,15,1,11,11,4
cd01f21ff39d541a,strict,score,0,16,0,0,16,0
cd01f21ff39d541a,strict,pareto,0,16,0,0,16,0
cd01f21ff39d541a,strict,gt_geometry,0,16,0,0,16,0
cd01f21ff39d541a,operational,score,0,0,16,0,0,0
cd01f21ff39d541a,operational,pareto,0,0,16,0,0,0
cd01f21ff39d541a,operational,gt_geometry,15,15,1,10,10,5
facaaf8c0e8c5c65,strict,score,0,16,0,0,16,0
facaaf8c0e8c5c65,strict,pareto,0,16,0,0,16,0
facaaf8c0e8c5c65,strict,gt_geometry,0,16,0,0,16,0
facaaf8c0e8c5c65,operational,score,0,0,16,0,0,0
facaaf8c0e8c5c65,operational,pareto,2,2,14,1,1,1
facaaf8c0e8c5c65,operational,gt_geometry,15,15,1,12,12,3
88757fb00fda507b,strict,score,0,16,0,0,16,0
88757fb00fda507b,strict,pareto,0,16,0,0,16,0
88757fb00fda507b,strict,gt_geometry,0,16,0,0,16,0
88757fb00fda507b,operational,score,0,0,16,0,0,0
88757fb00fda507b,operational,pareto,7,7,9,4,4,3
88757fb00fda507b,operational,gt_geometry,15,15,1,10,10,5
e9f4daa7d910568c,strict,score,0,16,0,0,16,0
e9f4daa7d910568c,strict,pareto,0,16,0,0,16,0
e9f4daa7d910568c,strict,gt_geometry,0,16,0,0,16,0
e9f4daa7d910568c,operational,score,0,0,16,0,0,0
e9f4daa7d910568c,operational,pareto,1,1,15,1,1,0
e9f4daa7d910568c,operational,gt_geometry,12,12,4,6,6,6
d6bb0cea4dbd5b44,strict,score,0,16,0,0,16,0
d6bb0cea4dbd5b44,strict,pareto,0,16,0,0,16,0
d6bb0cea4dbd5b44,strict,gt_geometry,0,16,0,0,16,0
d6bb0cea4dbd5b44,operational,score,0,0,16,0,0,0
d6bb0cea4dbd5b44,operational,pareto,1,1,15,0,0,1
d6bb0cea4dbd5b44,operational,gt_geometry,13,13,3,5,5,8
efad2708409b5834,strict,score,0,16,0,0,16,0
efad2708409b5834,strict,pareto,0,16,0,0,16,0
efad2708409b5834,strict,gt_geometry,0,16,0,0,16,0
efad2708409b5834,operational,score,0,0,16,0,0,0
efad2708409b5834,operational,pareto,0,0,16,0,0,0
efad2708409b5834,operational,gt_geometry,15,15,1,13,13,2
3a4cfdd4bfa55a5e,strict,score,0,16,0,0,16,0
3a4cfdd4bfa55a5e,strict,pareto,0,16,0,0,16,0
3a4cfdd4bfa55a5e,strict,gt_geometry,0,16,0,0,16,0
3a4cfdd4bfa55a5e,operational,score,0,0,16,0,0,0
3a4cfdd4bfa55a5e,operational,pareto,0,0,16,0,0,0
3a4cfdd4bfa55a5e,operational,gt_geometry,11,11,5,11,11,0
e926ec6a69cc575c,strict,score,0,16,0,0,16,0
e926ec6a69cc575c,strict,pareto,0,16,0,0,16,0
e926ec6a69cc575c,strict,gt_geometry,0,16,0,0,16,0
e926ec6a69cc575c,operational,score,0,0,16,0,0,0
e926ec6a69cc575c,operational,pareto,4,4,12,2,2,2
e926ec6a69cc575c,operational,gt_geometry,16,16,0,16,16,0
b6093d9c703e54b1,strict,score,0,16,0,0,16,0
b6093d9c703e54b1,strict,pareto,0,16,0,0,16,0
b6093d9c703e54b1,strict,gt_geometry,0,16,0,0,16,0
b6093d9c703e54b1,operational,score,0,0,16,0,0,0
b6093d9c703e54b1,operational,pareto,0,0,16,0,0,0
b6093d9c703e54b1,operational,gt_geometry,15,15,1,12,12,3
d58eb13402485ae7,strict,score,0,16,0,0,16,0
d58eb13402485ae7,strict,pareto,0,16,0,0,16,0
d58eb13402485ae7,strict,gt_geometry,0,16,0,0,16,0
d58eb13402485ae7,operational,score,0,0,16,0,0,0
d58eb13402485ae7,operational,pareto,0,0,16,0,0,0
d58eb13402485ae7,operational,gt_geometry,15,15,1,10,10,5
f1aa5d5ed7c65114,strict,score,0,16,0,0,16,0
f1aa5d5ed7c65114,strict,pareto,0,16,0,0,16,0
f1aa5d5ed7c65114,strict,gt_geometry,0,16,0,0,16,0
f1aa5d5ed7c65114,operational,score,0,0,16,0,0,0
f1aa5d5ed7c65114,operational,pareto,0,0,16,0,0,0
f1aa5d5ed7c65114,operational,gt_geometry,16,16,0,16,16,0
4ea3d4068eda5cc5,strict,score,0,16,0,0,16,0
4ea3d4068eda5cc5,strict,pareto,0,16,0,0,16,0
4ea3d4068eda5cc5,strict,gt_geometry,0,16,0,0,16,0
4ea3d4068eda5cc5,operational,score,0,0,16,0,0,0
4ea3d4068eda5cc5,operational,pareto,0,0,16,0,0,0
4ea3d4068eda5cc5,operational,gt_geometry,16,16,0,16,16,0
6c0dbda0d8e45ae9,strict,score,0,16,0,0,16,0
6c0dbda0d8e45ae9,strict,pareto,0,16,0,0,16,0
6c0dbda0d8e45ae9,strict,gt_geometry,0,16,0,0,16,0
6c0dbda0d8e45ae9,operational,score,0,0,16,0,0,0
6c0dbda0d8e45ae9,operational,pareto,0,0,16,0,0,0
6c0dbda0d8e45ae9,operational,gt_geometry,15,15,1,9,9,6
b4322d76ebf8569f,strict,score,0,16,0,0,16,0
b4322d76ebf8569f,strict,pareto,0,16,0,0,16,0
b4322d76ebf8569f,strict,gt_geometry,0,16,0,0,16,0
b4322d76ebf8569f,operational,score,0,0,16,0,0,0
b4322d76ebf8569f,operational,pareto,0,0,16,0,0,0
b4322d76ebf8569f,operational,gt_geometry,14,14,2,12,12,2
acfc271e3c3d58fa,strict,score,0,16,0,0,16,0
acfc271e3c3d58fa,strict,pareto,0,16,0,0,16,0
acfc271e3c3d58fa,strict,gt_geometry,0,16,0,0,16,0
acfc271e3c3d58fa,operational,score,0,0,16,0,0,0
acfc271e3c3d58fa,operational,pareto,0,0,16,0,0,0
acfc271e3c3d58fa,operational,gt_geometry,16,16,0,16,16,0
b222df74b8155735,strict,score,0,16,0,0,16,0
b222df74b8155735,strict,pareto,0,16,0,0,16,0
b222df74b8155735,strict,gt_geometry,0,16,0,0,16,0
b222df74b8155735,operational,score,0,0,16,0,0,0
b222df74b8155735,operational,pareto,0,0,16,0,0,0
b222df74b8155735,operational,gt_geometry,16,16,0,16,16,0
415d6cd62f3b5c1c,strict,score,0,16,0,0,16,0
415d6cd62f3b5c1c,strict,pareto,0,16,0,0,16,0
415d6cd62f3b5c1c,strict,gt_geometry,0,16,0,0,16,0
415d6cd62f3b5c1c,operational,score,0,0,16,0,0,0
415d6cd62f3b5c1c,operational,pareto,0,0,16,0,0,0
415d6cd62f3b5c1c,operational,gt_geometry,15,15,1,14,14,1
b28e9b2fa67452a7,strict,score,0,16,0,0,16,0
b28e9b2fa67452a7,strict,pareto,0,16,0,0,16,0
b28e9b2fa67452a7,strict,gt_geometry,0,16,0,0,16,0
b28e9b2fa67452a7,operational,score,0,0,16,0,0,0
b28e9b2fa67452a7,operational,pareto,0,0,16,0,0,0
b28e9b2fa67452a7,operational,gt_geometry,16,16,0,16,16,0
bd8dea7f7efc5343,strict,score,0,16,0,0,16,0
bd8dea7f7efc5343,strict,pareto,0,16,0,0,16,0
bd8dea7f7efc5343,strict,gt_geometry,0,16,0,0,16,0
bd8dea7f7efc5343,operational,score,0,0,16,0,0,0
bd8dea7f7efc5343,operational,pareto,8,8,8,8,8,0
bd8dea7f7efc5343,operational,gt_geometry,12,12,4,12,12,0
8224627048195e4f,strict,score,0,16,0,0,16,0
8224627048195e4f,strict,pareto,0,16,0,0,16,0
8224627048195e4f,strict,gt_geometry,0,16,0,0,16,0
8224627048195e4f,operational,score,0,0,16,0,0,0
8224627048195e4f,operational,pareto,0,0,16,0,0,0
8224627048195e4f,operational,gt_geometry,15,15,1,10,10,5
3225bfcbea245dd7,strict,score,0,16,0,0,16,0
3225bfcbea245dd7,strict,pareto,0,16,0,0,16,0
3225bfcbea245dd7,strict,gt_geometry,0,16,0,0,16,0
3225bfcbea245dd7,operational,score,0,0,16,0,0,0
3225bfcbea245dd7,operational,pareto,0,0,16,0,0,0
3225bfcbea245dd7,operational,gt_geometry,15,15,1,12,12,3
114a9052bd6851a2,strict,score,0,16,0,0,16,0
114a9052bd6851a2,strict,pareto,0,16,0,0,16,0
114a9052bd6851a2,strict,gt_geometry,0,16,0,0,16,0
114a9052bd6851a2,operational,score,0,0,16,0,0,0
114a9052bd6851a2,operational,pareto,0,0,16,0,0,0
114a9052bd6851a2,operational,gt_geometry,15,15,1,11,11,4
f80fe289f8135602,strict,score,0,16,0,0,16,0
f80fe289f8135602,strict,pareto,0,16,0,0,16,0
f80fe289f8135602,strict,gt_geometry,0,16,0,0,16,0
f80fe289f8135602,operational,score,0,0,16,0,0,0
f80fe289f8135602,operational,pareto,0,0,16,0,0,0
f80fe289f8135602,operational,gt_geometry,16,16,0,16,16,0
983b7ed08a4b5a88,strict,score,0,16,0,0,16,0
983b7ed08a4b5a88,strict,pareto,0,16,0,0,16,0
983b7ed08a4b5a88,strict,gt_geometry,0,16,0,0,16,0
983b7ed08a4b5a88,operational,score,0,0,16,0,0,0
983b7ed08a4b5a88,operational,pareto,0,0,16,0,0,0
983b7ed08a4b5a88,operational,gt_geometry,15,15,1,12,12,3
34dd4c6fb6245b9a,strict,score,0,16,0,0,16,0
34dd4c6fb6245b9a,strict,pareto,0,16,0,0,16,0
34dd4c6fb6245b9a,strict,gt_geometry,0,16,0,0,16,0
34dd4c6fb6245b9a,operational,score,0,0,16,0,0,0
34dd4c6fb6245b9a,operational,pareto,1,1,15,1,1,0
34dd4c6fb6245b9a,operational,gt_geometry,13,13,3,13,13,0
5895d1e3cb355fb9,strict,score,0,16,0,0,16,0
5895d1e3cb355fb9,strict,pareto,0,16,0,0,16,0
5895d1e3cb355fb9,strict,gt_geometry,0,16,0,0,16,0
5895d1e3cb355fb9,operational,score,0,0,16,0,0,0
5895d1e3cb355fb9,operational,pareto,0,0,16,0,0,0
5895d1e3cb355fb9,operational,gt_geometry,16,16,0,16,16,0
14b505fe90ef5fb8,strict,score,0,16,0,0,16,0
14b505fe90ef5fb8,strict,pareto,0,16,0,0,16,0
14b505fe90ef5fb8,strict,gt_geometry,0,16,0,0,16,0
14b505fe90ef5fb8,operational,score,0,0,16,0,0,0
14b505fe90ef5fb8,operational,pareto,0,0,16,0,0,0
14b505fe90ef5fb8,operational,gt_geometry,15,15,1,12,12,3
1ce58516c7675036,strict,score,0,16,0,0,16,0
1ce58516c7675036,strict,pareto,0,16,0,0,16,0
1ce58516c7675036,strict,gt_geometry,0,16,0,0,16,0
1ce58516c7675036,operational,score,0,0,16,0,0,0
1ce58516c7675036,operational,pareto,4,4,12,0,0,4
1ce58516c7675036,operational,gt_geometry,12,12,4,3,3,9
b1e88b8722105d53,strict,score,0,16,0,0,16,0
b1e88b8722105d53,strict,pareto,0,16,0,0,16,0
b1e88b8722105d53,strict,gt_geometry,0,16,0,0,16,0
b1e88b8722105d53,operational,score,0,0,16,0,0,0
b1e88b8722105d53,operational,pareto,0,0,16,0,0,0
b1e88b8722105d53,operational,gt_geometry,8,8,8,8,8,0
410fac99463459e6,strict,score,0,16,0,0,16,0
410fac99463459e6,strict,pareto,0,16,0,0,16,0
410fac99463459e6,strict,gt_geometry,0,16,0,0,16,0
410fac99463459e6,operational,score,0,0,16,0,0,0
410fac99463459e6,operational,pareto,0,0,16,0,0,0
410fac99463459e6,operational,gt_geometry,15,15,1,12,12,3
5207306ed1a05de8,strict,score,0,16,0,0,16,0
5207306ed1a05de8,strict,pareto,0,16,0,0,16,0
5207306ed1a05de8,strict,gt_geometry,0,16,0,0,16,0
5207306ed1a05de8,operational,score,0,0,16,0,0,0
5207306ed1a05de8,operational,pareto,0,0,16,0,0,0
5207306ed1a05de8,operational,gt_geometry,15,15,1,11,11,4
8ba3bff293265674,strict,score,0,16,0,0,16,0
8ba3bff293265674,strict,pareto,0,16,0,0,16,0
8ba3bff293265674,strict,gt_geometry,0,16,0,0,16,0
8ba3bff293265674,operational,score,0,0,16,0,0,0
8ba3bff293265674,operational,pareto,0,0,16,0,0,0
8ba3bff293265674,operational,gt_geometry,14,14,2,7,7,7
69560676d53a56c9,strict,score,0,16,0,0,16,0
69560676d53a56c9,strict,pareto,0,16,0,0,16,0
69560676d53a56c9,strict,gt_geometry,0,16,0,0,16,0
69560676d53a56c9,operational,score,0,0,16,0,0,0
69560676d53a56c9,operational,pareto,0,0,16,0,0,0
69560676d53a56c9,operational,gt_geometry,16,16,0,16,16,0
cef0adbb58ad5ca1,strict,score,0,16,0,0,16,0
cef0adbb58ad5ca1,strict,pareto,0,16,0,0,16,0
cef0adbb58ad5ca1,strict,gt_geometry,0,16,0,0,16,0
cef0adbb58ad5ca1,operational,score,0,0,16,0,0,0
cef0adbb58ad5ca1,operational,pareto,0,0,16,0,0,0
cef0adbb58ad5ca1,operational,gt_geometry,14,14,2,6,6,8
c5dcabed55395a6e,strict,score,0,16,0,0,16,0
c5dcabed55395a6e,strict,pareto,0,16,0,0,16,0
c5dcabed55395a6e,strict,gt_geometry,0,16,0,0,16,0
c5dcabed55395a6e,operational,score,0,0,16,0,0,0
c5dcabed55395a6e,operational,pareto,0,0,16,0,0,0
c5dcabed55395a6e,operational,gt_geometry,16,16,0,16,16,0
8b839595c4105c65,strict,score,0,16,0,0,16,0
8b839595c4105c65,strict,pareto,0,16,0,0,16,0
8b839595c4105c65,strict,gt_geometry,0,16,0,0,16,0
8b839595c4105c65,operational,score,0,0,16,0,0,0
8b839595c4105c65,operational,pareto,0,0,16,0,0,0
8b839595c4105c65,operational,gt_geometry,15,15,1,7,7,8
f32a0e56a5b75884,strict,score,0,16,0,0,16,0
f32a0e56a5b75884,strict,pareto,0,16,0,0,16,0
f32a0e56a5b75884,strict,gt_geometry,0,16,0,0,16,0
f32a0e56a5b75884,operational,score,0,0,16,0,0,0
f32a0e56a5b75884,operational,pareto,11,11,5,5,5,6
f32a0e56a5b75884,operational,gt_geometry,16,16,0,7,7,9
972eb434cfd159e8,strict,score,0,16,0,0,16,0
972eb434cfd159e8,strict,pareto,0,16,0,0,16,0
972eb434cfd159e8,strict,gt_geometry,0,16,0,0,16,0
972eb434cfd159e8,operational,score,0,0,16,0,0,0
972eb434cfd159e8,operational,pareto,0,0,16,0,0,0
972eb434cfd159e8,operational,gt_geometry,16,16,0,16,16,0
505c44ea52485f9d,strict,score,0,16,0,0,16,0
505c44ea52485f9d,strict,pareto,0,16,0,0,16,0
505c44ea52485f9d,strict,gt_geometry,0,16,0,0,16,0
505c44ea52485f9d,operational,score,0,0,16,0,0,0
505c44ea52485f9d,operational,pareto,0,0,16,0,0,0
505c44ea52485f9d,operational,gt_geometry,14,14,2,8,8,6
c0b07b38110a556f,strict,score,0,16,0,0,16,0
c0b07b38110a556f,strict,pareto,0,16,0,0,16,0
c0b07b38110a556f,strict,gt_geometry,0,16,0,0,16,0
c0b07b38110a556f,operational,score,0,0,16,0,0,0
c0b07b38110a556f,operational,pareto,0,0,16,0,0,0
c0b07b38110a556f,operational,gt_geometry,15,15,1,9,9,6
7fe310f364355e2d,strict,score,0,16,0,0,16,0
7fe310f364355e2d,strict,pareto,0,16,0,0,16,0
7fe310f364355e2d,strict,gt_geometry,0,16,0,0,16,0
7fe310f364355e2d,operational,score,0,0,16,0,0,0
7fe310f364355e2d,operational,pareto,0,0,16,0,0,0
7fe310f364355e2d,operational,gt_geometry,13,13,3,10,10,3
efdd48896e7a5f15,strict,score,0,16,0,0,16,0
efdd48896e7a5f15,strict,pareto,0,16,0,0,16,0
efdd48896e7a5f15,strict,gt_geometry,0,16,0,0,16,0
efdd48896e7a5f15,operational,score,0,0,16,0,0,0
efdd48896e7a5f15,operational,pareto,0,0,16,0,0,0
efdd48896e7a5f15,operational,gt_geometry,16,16,0,16,16,0
e47d448a999b5595,strict,score,0,16,0,0,16,0
e47d448a999b5595,strict,pareto,0,16,0,0,16,0
e47d448a999b5595,strict,gt_geometry,0,16,0,0,16,0
e47d448a999b5595,operational,score,0,0,16,0,0,0
e47d448a999b5595,operational,pareto,0,0,16,0,0,0
e47d448a999b5595,operational,gt_geometry,16,16,0,16,16,0
6c0b6e4fdf005a81,strict,score,0,16,0,0,16,0
6c0b6e4fdf005a81,strict,pareto,0,16,0,0,16,0
6c0b6e4fdf005a81,strict,gt_geometry,0,16,0,0,16,0
6c0b6e4fdf005a81,operational,score,0,0,16,0,0,0
6c0b6e4fdf005a81,operational,pareto,0,0,16,0,0,0
6c0b6e4fdf005a81,operational,gt_geometry,15,15,1,10,10,5
071d2ff38b4855ed,strict,score,0,16,0,0,16,0
071d2ff38b4855ed,strict,pareto,0,16,0,0,16,0
071d2ff38b4855ed,strict,gt_geometry,0,16,0,0,16,0
071d2ff38b4855ed,operational,score,0,0,16,0,0,0
071d2ff38b4855ed,operational,pareto,1,1,15,1,1,0
071d2ff38b4855ed,operational,gt_geometry,16,16,0,16,16,0
b450f88783c15dea,strict,score,0,16,0,0,16,0
b450f88783c15dea,strict,pareto,0,16,0,0,16,0
b450f88783c15dea,strict,gt_geometry,0,16,0,0,16,0
b450f88783c15dea,operational,score,0,0,16,0,0,0
b450f88783c15dea,operational,pareto,1,1,15,1,1,0
b450f88783c15dea,operational,gt_geometry,16,16,0,16,16,0
7b3902956ebc561d,strict,score,0,16,0,0,16,0
7b3902956ebc561d,strict,pareto,0,16,0,0,16,0
7b3902956ebc561d,strict,gt_geometry,0,16,0,0,16,0
7b3902956ebc561d,operational,score,0,0,16,0,0,0
7b3902956ebc561d,operational,pareto,0,0,16,0,0,0
7b3902956ebc561d,operational,gt_geometry,15,15,1,9,9,6
dc73cea57e105ebd,strict,score,0,16,0,0,16,0
dc73cea57e105ebd,strict,pareto,0,16,0,0,16,0
dc73cea57e105ebd,strict,gt_geometry,0,16,0,0,16,0
dc73cea57e105ebd,operational,score,0,0,16,0,0,0
dc73cea57e105ebd,operational,pareto,0,0,16,0,0,0
dc73cea57e105ebd,operational,gt_geometry,14,14,2,12,12,2
b87bd020396b5670,strict,score,0,16,0,0,16,0
b87bd020396b5670,strict,pareto,0,16,0,0,16,0
b87bd020396b5670,strict,gt_geometry,0,16,0,0,16,0
b87bd020396b5670,operational,score,0,0,16,0,0,0
b87bd020396b5670,operational,pareto,0,0,16,0,0,0
b87bd020396b5670,operational,gt_geometry,15,15,1,10,10,5
ba1a894e5a6350d2,strict,score,0,16,0,0,16,0
ba1a894e5a6350d2,strict,pareto,0,16,0,0,16,0
ba1a894e5a6350d2,strict,gt_geometry,0,16,0,0,16,0
ba1a894e5a6350d2,operational,score,0,0,16,0,0,0
ba1a894e5a6350d2,operational,pareto,0,0,16,0,0,0
ba1a894e5a6350d2,operational,gt_geometry,13,13,3,8,8,5
ddbfb3b2a05c5918,strict,score,0,16,0,0,16,0
ddbfb3b2a05c5918,strict,pareto,0,16,0,0,16,0
ddbfb3b2a05c5918,strict,gt_geometry,0,16,0,0,16,0
ddbfb3b2a05c5918,operational,score,0,0,16,0,0,0
ddbfb3b2a05c5918,operational,pareto,4,4,12,0,0,4
ddbfb3b2a05c5918,operational,gt_geometry,16,16,0,10,10,6
a93ffd0f36b65714,strict,score,0,16,0,0,16,0
a93ffd0f36b65714,strict,pareto,0,16,0,0,16,0
a93ffd0f36b65714,strict,gt_geometry,0,16,0,0,16,0
a93ffd0f36b65714,operational,score,0,0,16,0,0,0
a93ffd0f36b65714,operational,pareto,0,0,16,0,0,0
a93ffd0f36b65714,operational,gt_geometry,16,16,0,12,12,4
2b2663b56a6555a2,strict,score,0,16,0,0,16,0
2b2663b56a6555a2,strict,pareto,0,16,0,0,16,0
2b2663b56a6555a2,strict,gt_geometry,0,16,0,0,16,0
2b2663b56a6555a2,operational,score,0,0,16,0,0,0
2b2663b56a6555a2,operational,pareto,0,0,16,0,0,0
2b2663b56a6555a2,operational,gt_geometry,14,14,2,9,9,5
f9b32e71bedb5996,strict,score,0,16,0,0,16,0
f9b32e71bedb5996,strict,pareto,0,16,0,0,16,0
f9b32e71bedb5996,strict,gt_geometry,0,16,0,0,16,0
f9b32e71bedb5996,operational,score,0,0,16,0,0,0
f9b32e71bedb5996,operational,pareto,0,0,16,0,0,0
f9b32e71bedb5996,operational,gt_geometry,16,16,0,16,16,0
886df3cce3a95a83,strict,score,0,16,0,0,16,0
886df3cce3a95a83,strict,pareto,0,16,0,0,16,0
886df3cce3a95a83,strict,gt_geometry,0,16,0,0,16,0
886df3cce3a95a83,operational,score,0,0,16,0,0,0
886df3cce3a95a83,operational,pareto,1,1,15,1,1,0
886df3cce3a95a83,operational,gt_geometry,16,16,0,16,16,0
160a7c3cbeee5f8b,strict,score,0,16,0,0,16,0
160a7c3cbeee5f8b,strict,pareto,0,16,0,0,16,0
160a7c3cbeee5f8b,strict,gt_geometry,0,16,0,0,16,0
160a7c3cbeee5f8b,operational,score,0,0,16,0,0,0
160a7c3cbeee5f8b,operational,pareto,0,0,16,0,0,0
160a7c3cbeee5f8b,operational,gt_geometry,15,15,1,10,10,5
24fab0f19fd35cd6,strict,score,0,16,0,0,16,0
24fab0f19fd35cd6,strict,pareto,0,16,0,0,16,0
24fab0f19fd35cd6,strict,gt_geometry,0,16,0,0,16,0
24fab0f19fd35cd6,operational,score,0,0,16,0,0,0
24fab0f19fd35cd6,operational,pareto,0,0,16,0,0,0
24fab0f19fd35cd6,operational,gt_geometry,9,9,7,9,9,0
b63b325909a058c9,strict,score,0,16,0,0,16,0
b63b325909a058c9,strict,pareto,0,16,0,0,16,0
b63b325909a058c9,strict,gt_geometry,0,16,0,0,16,0
b63b325909a058c9,operational,score,0,0,16,0,0,0
b63b325909a058c9,operational,pareto,0,0,16,0,0,0
b63b325909a058c9,operational,gt_geometry,11,11,5,5,5,6
9b500f26b0f8560e,strict,score,0,16,0,0,16,0
9b500f26b0f8560e,strict,pareto,0,16,0,0,16,0
9b500f26b0f8560e,strict,gt_geometry,0,16,0,0,16,0
9b500f26b0f8560e,operational,score,0,0,16,0,0,0
9b500f26b0f8560e,operational,pareto,0,0,16,0,0,0
9b500f26b0f8560e,operational,gt_geometry,15,15,1,13,13,2
c9ba785129c35b36,strict,score,0,16,0,0,16,0
c9ba785129c35b36,strict,pareto,0,16,0,0,16,0
c9ba785129c35b36,strict,gt_geometry,0,16,0,0,16,0
c9ba785129c35b36,operational,score,0,0,16,0,0,0
c9ba785129c35b36,operational,pareto,1,1,15,1,1,0
c9ba785129c35b36,operational,gt_geometry,9,9,7,9,9,0
aac1853286fb586a,strict,score,0,16,0,0,16,0
aac1853286fb586a,strict,pareto,0,16,0,0,16,0
aac1853286fb586a,strict,gt_geometry,0,16,0,0,16,0
aac1853286fb586a,operational,score,0,0,16,0,0,0
aac1853286fb586a,operational,pareto,0,0,16,0,0,0
aac1853286fb586a,operational,gt_geometry,16,16,0,16,16,0
022fef6d66485384,strict,score,0,16,0,0,16,0
022fef6d66485384,strict,pareto,0,16,0,0,16,0
022fef6d66485384,strict,gt_geometry,0,16,0,0,16,0
022fef6d66485384,operational,score,0,0,16,0,0,0
022fef6d66485384,operational,pareto,0,0,16,0,0,0
022fef6d66485384,operational,gt_geometry,15,15,1,7,7,8
51480b09db315e89,strict,score,0,16,0,0,16,0
51480b09db315e89,strict,pareto,0,16,0,0,16,0
51480b09db315e89,strict,gt_geometry,0,16,0,0,16,0
51480b09db315e89,operational,score,0,0,16,0,0,0
51480b09db315e89,operational,pareto,0,0,16,0,0,0
51480b09db315e89,operational,gt_geometry,16,16,0,11,11,5
5d3ce016a8a256cf,strict,score,0,16,0,0,16,0
5d3ce016a8a256cf,strict,pareto,0,16,0,0,16,0
5d3ce016a8a256cf,strict,gt_geometry,0,16,0,0,16,0
5d3ce016a8a256cf,operational,score,0,0,16,0,0,0
5d3ce016a8a256cf,operational,pareto,0,0,16,0,0,0
5d3ce016a8a256cf,operational,gt_geometry,16,16,0,16,16,0
60691b9dd3355992,strict,score,0,16,0,0,16,0
60691b9dd3355992,strict,pareto,0,16,0,0,16,0
60691b9dd3355992,strict,gt_geometry,0,16,0,0,16,0
60691b9dd3355992,operational,score,0,0,16,0,0,0
60691b9dd3355992,operational,pareto,0,0,16,0,0,0
60691b9dd3355992,operational,gt_geometry,16,16,0,16,16,0
0056ae51961f5a18,strict,score,0,16,0,0,16,0
0056ae51961f5a18,strict,pareto,0,16,0,0,16,0
0056ae51961f5a18,strict,gt_geometry,0,16,0,0,16,0
0056ae51961f5a18,operational,score,0,0,16,0,0,0
0056ae51961f5a18,operational,pareto,0,0,16,0,0,0
0056ae51961f5a18,operational,gt_geometry,15,15,1,9,9,6
80d5ce364722516b,strict,score,0,16,0,0,16,0
80d5ce364722516b,strict,pareto,0,16,0,0,16,0
80d5ce364722516b,strict,gt_geometry,0,16,0,0,16,0
80d5ce364722516b,operational,score,0,0,16,0,0,0
80d5ce364722516b,operational,pareto,0,0,16,0,0,0
80d5ce364722516b,operational,gt_geometry,10,10,6,3,3,7
f0ff3b146af85463,strict,score,0,16,0,0,16,0
f0ff3b146af85463,strict,pareto,0,16,0,0,16,0
f0ff3b146af85463,strict,gt_geometry,0,16,0,0,16,0
f0ff3b146af85463,operational,score,0,0,16,0,0,0
f0ff3b146af85463,operational,pareto,0,0,16,0,0,0
f0ff3b146af85463,operational,gt_geometry,16,16,0,16,16,0
6f2a7bf7cf275dd3,strict,score,0,16,0,0,16,0
6f2a7bf7cf275dd3,strict,pareto,0,16,0,0,16,0
6f2a7bf7cf275dd3,strict,gt_geometry,0,16,0,0,16,0
6f2a7bf7cf275dd3,operational,score,0,0,16,0,0,0
6f2a7bf7cf275dd3,operational,pareto,0,0,16,0,0,0
6f2a7bf7cf275dd3,operational,gt_geometry,15,15,1,14,14,1
1090fdb8b57850f6,strict,score,0,16,0,0,16,0
1090fdb8b57850f6,strict,pareto,0,16,0,0,16,0
1090fdb8b57850f6,strict,gt_geometry,0,16,0,0,16,0
1090fdb8b57850f6,operational,score,0,0,16,0,0,0
1090fdb8b57850f6,operational,pareto,0,0,16,0,0,0
1090fdb8b57850f6,operational,gt_geometry,14,14,2,14,14,0
a3fa79234a9d5d7d,strict,score,0,16,0,0,16,0
a3fa79234a9d5d7d,strict,pareto,0,16,0,0,16,0
a3fa79234a9d5d7d,strict,gt_geometry,0,16,0,0,16,0
a3fa79234a9d5d7d,operational,score,0,0,16,0,0,0
a3fa79234a9d5d7d,operational,pareto,0,0,16,0,0,0
a3fa79234a9d5d7d,operational,gt_geometry,15,15,1,12,12,3
36c6cbf6c8a25415,strict,score,0,16,0,0,16,0
36c6cbf6c8a25415,strict,pareto,0,16,0,0,16,0
36c6cbf6c8a25415,strict,gt_geometry,0,16,0,0,16,0
36c6cbf6c8a25415,operational,score,0,0,16,0,0,0
36c6cbf6c8a25415,operational,pareto,0,0,16,0,0,0
36c6cbf6c8a25415,operational,gt_geometry,15,15,1,12,12,3
8fe647ed2b7a5aee,strict,score,0,16,0,0,16,0
8fe647ed2b7a5aee,strict,pareto,0,16,0,0,16,0
8fe647ed2b7a5aee,strict,gt_geometry,0,16,0,0,16,0
8fe647ed2b7a5aee,operational,score,0,0,16,0,0,0
8fe647ed2b7a5aee,operational,pareto,3,3,13,2,2,1
8fe647ed2b7a5aee,operational,gt_geometry,15,15,1,8,8,7
5abdbfe1845e59c5,strict,score,0,16,0,0,16,0
5abdbfe1845e59c5,strict,pareto,0,16,0,0,16,0
5abdbfe1845e59c5,strict,gt_geometry,0,16,0,0,16,0
5abdbfe1845e59c5,operational,score,0,0,16,0,0,0
5abdbfe1845e59c5,operational,pareto,4,4,12,4,4,0
5abdbfe1845e59c5,operational,gt_geometry,14,14,2,14,14,0
4af11dadd34359fe,strict,score,0,16,0,0,16,0
4af11dadd34359fe,strict,pareto,0,16,0,0,16,0
4af11dadd34359fe,strict,gt_geometry,0,16,0,0,16,0
4af11dadd34359fe,operational,score,0,0,16,0,0,0
4af11dadd34359fe,operational,pareto,0,0,16,0,0,0
4af11dadd34359fe,operational,gt_geometry,15,15,1,10,10,5
ad25b37aaad95a6b,strict,score,0,16,0,0,16,0
ad25b37aaad95a6b,strict,pareto,0,16,0,0,16,0
ad25b37aaad95a6b,strict,gt_geometry,0,16,0,0,16,0
ad25b37aaad95a6b,operational,score,0,0,16,0,0,0
ad25b37aaad95a6b,operational,pareto,0,0,16,0,0,0
ad25b37aaad95a6b,operational,gt_geometry,16,16,0,16,16,0
d5201097ad6e5d67,strict,score,0,16,0,0,16,0
d5201097ad6e5d67,strict,pareto,0,16,0,0,16,0
d5201097ad6e5d67,strict,gt_geometry,0,16,0,0,16,0
d5201097ad6e5d67,operational,score,0,0,16,0,0,0
d5201097ad6e5d67,operational,pareto,2,2,14,2,2,0
d5201097ad6e5d67,operational,gt_geometry,16,16,0,16,16,0
f96a48c3bcd45c50,strict,score,0,16,0,0,16,0
f96a48c3bcd45c50,strict,pareto,0,16,0,0,16,0
f96a48c3bcd45c50,strict,gt_geometry,0,16,0,0,16,0
f96a48c3bcd45c50,operational,score,0,0,16,0,0,0
f96a48c3bcd45c50,operational,pareto,0,0,16,0,0,0
f96a48c3bcd45c50,operational,gt_geometry,15,15,1,11,11,4
3f36d5316f0d5a94,strict,score,0,16,0,0,16,0
3f36d5316f0d5a94,strict,pareto,0,16,0,0,16,0
3f36d5316f0d5a94,strict,gt_geometry,0,16,0,0,16,0
3f36d5316f0d5a94,operational,score,0,0,16,0,0,0
3f36d5316f0d5a94,operational,pareto,0,0,16,0,0,0
3f36d5316f0d5a94,operational,gt_geometry,15,15,1,10,10,5
b6bba53a1bef520e,strict,score,0,16,0,0,16,0
b6bba53a1bef520e,strict,pareto,0,16,0,0,16,0
b6bba53a1bef520e,strict,gt_geometry,0,16,0,0,16,0
b6bba53a1bef520e,operational,score,0,0,16,0,0,0
b6bba53a1bef520e,operational,pareto,0,0,16,0,0,0
b6bba53a1bef520e,operational,gt_geometry,16,16,0,16,16,0
7b840b044a6a5e8d,strict,score,0,16,0,0,16,0
7b840b044a6a5e8d,strict,pareto,0,16,0,0,16,0
7b840b044a6a5e8d,strict,gt_geometry,0,16,0,0,16,0
7b840b044a6a5e8d,operational,score,0,0,16,0,0,0
7b840b044a6a5e8d,operational,pareto,3,3,13,3,3,0
7b840b044a6a5e8d,operational,gt_geometry,16,16,0,16,16,0
22a09b0100175b62,strict,score,0,16,0,0,16,0
22a09b0100175b62,strict,pareto,0,16,0,0,16,0
22a09b0100175b62,strict,gt_geometry,0,16,0,0,16,0
22a09b0100175b62,operational,score,0,0,16,0,0,0
22a09b0100175b62,operational,pareto,0,0,16,0,0,0
22a09b0100175b62,operational,gt_geometry,15,15,1,14,14,1
39fd3f2e5f005306,strict,score,0,16,0,0,16,0
39fd3f2e5f005306,strict,pareto,0,16,0,0,16,0
39fd3f2e5f005306,strict,gt_geometry,0,16,0,0,16,0
39fd3f2e5f005306,operational,score,0,0,16,0,0,0
39fd3f2e5f005306,operational,pareto,0,0,16,0,0,0
39fd3f2e5f005306,operational,gt_geometry,15,15,1,11,11,4
497e7be0400158a9,strict,score,0,16,0,0,16,0
497e7be0400158a9,strict,pareto,0,16,0,0,16,0
497e7be0400158a9,strict,gt_geometry,0,16,0,0,16,0
497e7be0400158a9,operational,score,0,0,16,0,0,0
497e7be0400158a9,operational,pareto,0,0,16,0,0,0
497e7be0400158a9,operational,gt_geometry,16,16,0,16,16,0
6a53dd2411825857,strict,score,0,16,0,0,16,0
6a53dd2411825857,strict,pareto,0,16,0,0,16,0
6a53dd2411825857,strict,gt_geometry,0,16,0,0,16,0
6a53dd2411825857,operational,score,0,0,16,0,0,0
6a53dd2411825857,operational,pareto,0,0,16,0,0,0
6a53dd2411825857,operational,gt_geometry,16,16,0,16,16,0
fb9dcf5b46d65616,strict,score,0,16,0,0,16,0
fb9dcf5b46d65616,strict,pareto,0,16,0,0,16,0
fb9dcf5b46d65616,strict,gt_geometry,0,16,0,0,16,0
fb9dcf5b46d65616,operational,score,0,0,16,0,0,0
fb9dcf5b46d65616,operational,pareto,1,1,15,0,0,1
fb9dcf5b46d65616,operational,gt_geometry,16,16,0,16,16,0
39fe00229f7b5ac4,strict,score,0,16,0,0,16,0
39fe00229f7b5ac4,strict,pareto,0,16,0,0,16,0
39fe00229f7b5ac4,strict,gt_geometry,0,16,0,0,16,0
39fe00229f7b5ac4,operational,score,0,0,16,0,0,0
39fe00229f7b5ac4,operational,pareto,1,1,15,1,1,0
39fe00229f7b5ac4,operational,gt_geometry,16,16,0,16,16,0
63dcb963cece5b7d,strict,score,0,16,0,0,16,0
63dcb963cece5b7d,strict,pareto,0,16,0,0,16,0
63dcb963cece5b7d,strict,gt_geometry,0,16,0,0,16,0
63dcb963cece5b7d,operational,score,0,0,16,0,0,0
63dcb963cece5b7d,operational,pareto,0,0,16,0,0,0
63dcb963cece5b7d,operational,gt_geometry,16,16,0,16,16,0
88f9b4f87b6b5bd5,strict,score,0,16,0,0,16,0
88f9b4f87b6b5bd5,strict,pareto,0,16,0,0,16,0
88f9b4f87b6b5bd5,strict,gt_geometry,0,16,0,0,16,0
88f9b4f87b6b5bd5,operational,score,0,0,16,0,0,0
88f9b4f87b6b5bd5,operational,pareto,0,0,16,0,0,0
88f9b4f87b6b5bd5,operational,gt_geometry,16,16,0,16,16,0
90f5bf5743cf5df0,strict,score,0,16,0,0,16,0
90f5bf5743cf5df0,strict,pareto,0,16,0,0,16,0
90f5bf5743cf5df0,strict,gt_geometry,0,16,0,0,16,0
90f5bf5743cf5df0,operational,score,0,0,16,0,0,0
90f5bf5743cf5df0,operational,pareto,0,0,16,0,0,0
90f5bf5743cf5df0,operational,gt_geometry,14,14,2,14,14,0
52caccf1b3b95e4e,strict,score,0,16,0,0,16,0
52caccf1b3b95e4e,strict,pareto,0,16,0,0,16,0
52caccf1b3b95e4e,strict,gt_geometry,0,16,0,0,16,0
52caccf1b3b95e4e,operational,score,0,0,16,0,0,0
52caccf1b3b95e4e,operational,pareto,0,0,16,0,0,0
52caccf1b3b95e4e,operational,gt_geometry,16,16,0,16,16,0
1b064a029c0e513a,strict,score,0,16,0,0,16,0
1b064a029c0e513a,strict,pareto,0,16,0,0,16,0
1b064a029c0e513a,strict,gt_geometry,0,16,0,0,16,0
1b064a029c0e513a,operational,score,0,0,16,0,0,0
1b064a029c0e513a,operational,pareto,0,0,16,0,0,0
1b064a029c0e513a,operational,gt_geometry,16,16,0,16,16,0
50790f7ba9405c67,strict,score,0,16,0,0,16,0
50790f7ba9405c67,strict,pareto,0,16,0,0,16,0
50790f7ba9405c67,strict,gt_geometry,0,16,0,0,16,0
50790f7ba9405c67,operational,score,0,0,16,0,0,0
50790f7ba9405c67,operational,pareto,0,0,16,0,0,0
50790f7ba9405c67,operational,gt_geometry,15,15,1,9,9,6
0bc3c50e1292529c,strict,score,0,16,0,0,16,0
0bc3c50e1292529c,strict,pareto,0,16,0,0,16,0
0bc3c50e1292529c,strict,gt_geometry,0,16,0,0,16,0
0bc3c50e1292529c,operational,score,0,0,16,0,0,0
0bc3c50e1292529c,operational,pareto,0,0,16,0,0,0
0bc3c50e1292529c,operational,gt_geometry,15,15,1,7,7,8
ad906e8bb5375747,strict,score,0,16,0,0,16,0
ad906e8bb5375747,strict,pareto,0,16,0,0,16,0
ad906e8bb5375747,strict,gt_geometry,0,16,0,0,16,0
ad906e8bb5375747,operational,score,0,0,16,0,0,0
ad906e8bb5375747,operational,pareto,0,0,16,0,0,0
ad906e8bb5375747,operational,gt_geometry,16,16,0,16,16,0
0a76d212e8fe5898,strict,score,0,16,0,0,16,0
0a76d212e8fe5898,strict,pareto,0,16,0,0,16,0
0a76d212e8fe5898,strict,gt_geometry,0,16,0,0,16,0
0a76d212e8fe5898,operational,score,0,0,16,0,0,0
0a76d212e8fe5898,operational,pareto,0,0,16,0,0,0
0a76d212e8fe5898,operational,gt_geometry,15,15,1,14,14,1
77d96cb44005501c,strict,score,0,16,0,0,16,0
77d96cb44005501c,strict,pareto,0,16,0,0,16,0
77d96cb44005501c,strict,gt_geometry,0,16,0,0,16,0
77d96cb44005501c,operational,score,0,0,16,0,0,0
77d96cb44005501c,operational,pareto,0,0,16,0,0,0
77d96cb44005501c,operational,gt_geometry,15,15,1,13,13,2
12ed1a1d4ae657d1,strict,score,0,16,0,0,16,0
12ed1a1d4ae657d1,strict,pareto,0,16,0,0,16,0
12ed1a1d4ae657d1,strict,gt_geometry,0,16,0,0,16,0
12ed1a1d4ae657d1,operational,score,0,0,16,0,0,0
12ed1a1d4ae657d1,operational,pareto,1,1,15,0,0,1
12ed1a1d4ae657d1,operational,gt_geometry,12,12,4,12,12,0
a3e94bd829b75673,strict,score,0,16,0,0,16,0
a3e94bd829b75673,strict,pareto,0,16,0,0,16,0
a3e94bd829b75673,strict,gt_geometry,0,16,0,0,16,0
a3e94bd829b75673,operational,score,0,0,16,0,0,0
a3e94bd829b75673,operational,pareto,2,2,14,2,2,0
a3e94bd829b75673,operational,gt_geometry,11,11,5,11,11,0
d7d94b48775a52d4,strict,score,0,16,0,0,16,0
d7d94b48775a52d4,strict,pareto,0,16,0,0,16,0
d7d94b48775a52d4,strict,gt_geometry,0,16,0,0,16,0
d7d94b48775a52d4,operational,score,0,0,16,0,0,0
d7d94b48775a52d4,operational,pareto,0,0,16,0,0,0
d7d94b48775a52d4,operational,gt_geometry,15,15,1,8,8,7
7640be138ae05408,strict,score,0,16,0,0,16,0
7640be138ae05408,strict,pareto,0,16,0,0,16,0
7640be138ae05408,strict,gt_geometry,0,16,0,0,16,0
7640be138ae05408,operational,score,0,0,16,0,0,0
7640be138ae05408,operational,pareto,0,0,16,0,0,0
7640be138ae05408,operational,gt_geometry,15,15,1,6,6,9
f82c33508e915106,strict,score,0,16,0,0,16,0
f82c33508e915106,strict,pareto,0,16,0,0,16,0
f82c33508e915106,strict,gt_geometry,0,16,0,0,16,0
f82c33508e915106,operational,score,0,0,16,0,0,0
f82c33508e915106,operational,pareto,0,0,16,0,0,0
f82c33508e915106,operational,gt_geometry,15,15,1,11,11,4
3138ce4847ee5007,strict,score,0,16,0,0,16,0
3138ce4847ee5007,strict,pareto,0,16,0,0,16,0
3138ce4847ee5007,strict,gt_geometry,0,16,0,0,16,0
3138ce4847ee5007,operational,score,0,0,16,0,0,0
3138ce4847ee5007,operational,pareto,0,0,16,0,0,0
3138ce4847ee5007,operational,gt_geometry,16,16,0,16,16,0
25822d3d04305af8,strict,score,0,16,0,0,16,0
25822d3d04305af8,strict,pareto,0,16,0,0,16,0
25822d3d04305af8,strict,gt_geometry,0,16,0,0,16,0
25822d3d04305af8,operational,score,0,0,16,0,0,0
25822d3d04305af8,operational,pareto,0,0,16,0,0,0
25822d3d04305af8,operational,gt_geometry,15,15,1,11,11,4
ba642ba3c9a65fe7,strict,score,0,16,0,0,16,0
ba642ba3c9a65fe7,strict,pareto,0,16,0,0,16,0
ba642ba3c9a65fe7,strict,gt_geometry,0,16,0,0,16,0
ba642ba3c9a65fe7,operational,score,0,0,16,0,0,0
ba642ba3c9a65fe7,operational,pareto,7,7,9,7,7,0
ba642ba3c9a65fe7,operational,gt_geometry,16,16,0,16,16,0
e34f51206f0e53db,strict,score,0,16,0,0,16,0
e34f51206f0e53db,strict,pareto,0,16,0,0,16,0
e34f51206f0e53db,strict,gt_geometry,0,16,0,0,16,0
e34f51206f0e53db,operational,score,0,0,16,0,0,0
e34f51206f0e53db,operational,pareto,1,1,15,1,1,0
e34f51206f0e53db,operational,gt_geometry,16,16,0,16,16,0
5da31ca5ce165787,strict,score,0,16,0,0,16,0
5da31ca5ce165787,strict,pareto,0,16,0,0,16,0
5da31ca5ce165787,strict,gt_geometry,0,16,0,0,16,0
5da31ca5ce165787,operational,score,0,0,16,0,0,0
5da31ca5ce165787,operational,pareto,0,0,16,0,0,0
5da31ca5ce165787,operational,gt_geometry,15,15,1,11,11,4
9a90853892925989,strict,score,0,16,0,0,16,0
9a90853892925989,strict,pareto,0,16,0,0,16,0
9a90853892925989,strict,gt_geometry,0,16,0,0,16,0
9a90853892925989,operational,score,0,0,16,0,0,0
9a90853892925989,operational,pareto,0,0,16,0,0,0
9a90853892925989,operational,gt_geometry,15,15,1,8,8,7
09c3d9dbca6455e5,strict,score,0,16,0,0,16,0
09c3d9dbca6455e5,strict,pareto,0,16,0,0,16,0
09c3d9dbca6455e5,strict,gt_geometry,0,16,0,0,16,0
09c3d9dbca6455e5,operational,score,0,0,16,0,0,0
09c3d9dbca6455e5,operational,pareto,0,0,16,0,0,0
09c3d9dbca6455e5,operational,gt_geometry,15,15,1,9,9,6
42231e5449d3576a,strict,score,0,16,0,0,16,0
42231e5449d3576a,strict,pareto,0,16,0,0,16,0
42231e5449d3576a,strict,gt_geometry,0,16,0,0,16,0
42231e5449d3576a,operational,score,0,0,16,0,0,0
42231e5449d3576a,operational,pareto,7,7,9,4,4,3
42231e5449d3576a,operational,gt_geometry,15,15,1,10,10,5
bf78c475adfb5eb1,strict,score,0,16,0,0,16,0
bf78c475adfb5eb1,strict,pareto,0,16,0,0,16,0
bf78c475adfb5eb1,strict,gt_geometry,0,16,0,0,16,0
bf78c475adfb5eb1,operational,score,0,0,16,0,0,0
bf78c475adfb5eb1,operational,pareto,0,0,16,0,0,0
bf78c475adfb5eb1,operational,gt_geometry,15,15,1,10,10,5
2fbab9ffc3fe5a5d,strict,score,0,16,0,0,16,0
2fbab9ffc3fe5a5d,strict,pareto,0,16,0,0,16,0
2fbab9ffc3fe5a5d,strict,gt_geometry,0,16,0,0,16,0
2fbab9ffc3fe5a5d,operational,score,0,0,16,0,0,0
2fbab9ffc3fe5a5d,operational,pareto,0,0,16,0,0,0
2fbab9ffc3fe5a5d,operational,gt_geometry,15,15,1,8,8,7
7fe6e7ce9cb7559d,strict,score,0,16,0,0,16,0
7fe6e7ce9cb7559d,strict,pareto,0,16,0,0,16,0
7fe6e7ce9cb7559d,strict,gt_geometry,0,16,0,0,16,0
7fe6e7ce9cb7559d,operational,score,0,0,16,0,0,0
7fe6e7ce9cb7559d,operational,pareto,0,0,16,0,0,0
7fe6e7ce9cb7559d,operational,gt_geometry,16,16,0,7,7,9
ebb4d3e033ae55e2,strict,score,0,16,0,0,16,0
ebb4d3e033ae55e2,strict,pareto,0,16,0,0,16,0
ebb4d3e033ae55e2,strict,gt_geometry,0,16,0,0,16,0
ebb4d3e033ae55e2,operational,score,0,0,16,0,0,0
ebb4d3e033ae55e2,operational,pareto,4,4,12,4,4,0
ebb4d3e033ae55e2,operational,gt_geometry,14,14,2,14,14,0
f1d60841a46d53a5,strict,score,0,16,0,0,16,0
f1d60841a46d53a5,strict,pareto,0,16,0,0,16,0
f1d60841a46d53a5,strict,gt_geometry,0,16,0,0,16,0
f1d60841a46d53a5,operational,score,0,0,16,0,0,0
f1d60841a46d53a5,operational,pareto,5,5,11,0,0,5
f1d60841a46d53a5,operational,gt_geometry,15,15,1,8,8,7
8419b5d5eab75027,strict,score,0,16,0,0,16,0
8419b5d5eab75027,strict,pareto,0,16,0,0,16,0
8419b5d5eab75027,strict,gt_geometry,0,16,0,0,16,0
8419b5d5eab75027,operational,score,0,0,16,0,0,0
8419b5d5eab75027,operational,pareto,0,0,16,0,0,0
8419b5d5eab75027,operational,gt_geometry,16,16,0,16,16,0
9c16cb6c4f94521c,strict,score,0,16,0,0,16,0
9c16cb6c4f94521c,strict,pareto,0,16,0,0,16,0
9c16cb6c4f94521c,strict,gt_geometry,0,16,0,0,16,0
9c16cb6c4f94521c,operational,score,0,0,16,0,0,0
9c16cb6c4f94521c,operational,pareto,0,0,16,0,0,0
9c16cb6c4f94521c,operational,gt_geometry,13,13,3,8,8,5
35e2f788f41851c0,strict,score,0,16,0,0,16,0
35e2f788f41851c0,strict,pareto,0,16,0,0,16,0
35e2f788f41851c0,strict,gt_geometry,0,16,0,0,16,0
35e2f788f41851c0,operational,score,0,0,16,0,0,0
35e2f788f41851c0,operational,pareto,4,4,12,0,0,4
35e2f788f41851c0,operational,gt_geometry,16,16,0,16,16,0
54d3068f889b58ee,strict,score,0,16,0,0,16,0
54d3068f889b58ee,strict,pareto,0,16,0,0,16,0
54d3068f889b58ee,strict,gt_geometry,0,16,0,0,16,0
54d3068f889b58ee,operational,score,0,0,16,0,0,0
54d3068f889b58ee,operational,pareto,1,1,15,1,1,0
54d3068f889b58ee,operational,gt_geometry,16,16,0,16,16,0
e1ee982450c85213,strict,score,0,16,0,0,16,0
e1ee982450c85213,strict,pareto,0,16,0,0,16,0
e1ee982450c85213,strict,gt_geometry,0,16,0,0,16,0
e1ee982450c85213,operational,score,0,0,16,0,0,0
e1ee982450c85213,operational,pareto,10,10,6,10,10,0
e1ee982450c85213,operational,gt_geometry,16,16,0,16,16,0
4a8b4dff75c15a8a,strict,score,0,16,0,0,16,0
4a8b4dff75c15a8a,strict,pareto,0,16,0,0,16,0
4a8b4dff75c15a8a,strict,gt_geometry,0,16,0,0,16,0
4a8b4dff75c15a8a,operational,score,0,0,16,0,0,0
4a8b4dff75c15a8a,operational,pareto,0,0,16,0,0,0
4a8b4dff75c15a8a,operational,gt_geometry,15,15,1,8,8,7
1819e1b106b354ad,strict,score,0,16,0,0,16,0
1819e1b106b354ad,strict,pareto,0,16,0,0,16,0
1819e1b106b354ad,strict,gt_geometry,0,16,0,0,16,0
1819e1b106b354ad,operational,score,0,0,16,0,0,0
1819e1b106b354ad,operational,pareto,0,0,16,0,0,0
1819e1b106b354ad,operational,gt_geometry,16,16,0,16,16,0
4ecdbea836725622,strict,score,0,16,0,0,16,0
4ecdbea836725622,strict,pareto,0,16,0,0,16,0
4ecdbea836725622,strict,gt_geometry,0,16,0,0,16,0
4ecdbea836725622,operational,score,0,0,16,0,0,0
4ecdbea836725622,operational,pareto,1,1,15,1,1,0
4ecdbea836725622,operational,gt_geometry,16,16,0,14,14,2
b9bcc9d0efaf5c7e,strict,score,0,16,0,0,16,0
b9bcc9d0efaf5c7e,strict,pareto,0,16,0,0,16,0
b9bcc9d0efaf5c7e,strict,gt_geometry,0,16,0,0,16,0
b9bcc9d0efaf5c7e,operational,score,0,0,16,0,0,0
b9bcc9d0efaf5c7e,operational,pareto,0,0,16,0,0,0
b9bcc9d0efaf5c7e,operational,gt_geometry,15,15,1,11,11,4
253b856b49ef52d2,strict,score,0,16,0,0,16,0
253b856b49ef52d2,strict,pareto,0,16,0,0,16,0
253b856b49ef52d2,strict,gt_geometry,0,16,0,0,16,0
253b856b49ef52d2,operational,score,0,0,16,0,0,0
253b856b49ef52d2,operational,pareto,1,1,15,1,1,0
253b856b49ef52d2,operational,gt_geometry,12,12,4,12,12,0
68e39232887c5e4a,strict,score,0,16,0,0,16,0
68e39232887c5e4a,strict,pareto,0,16,0,0,16,0
68e39232887c5e4a,strict,gt_geometry,0,16,0,0,16,0
68e39232887c5e4a,operational,score,0,0,16,0,0,0
68e39232887c5e4a,operational,pareto,2,2,14,2,2,0
68e39232887c5e4a,operational,gt_geometry,16,16,0,16,16,0
2e2bb8bb71265998,strict,score,0,16,0,0,16,0
2e2bb8bb71265998,strict,pareto,0,16,0,0,16,0
2e2bb8bb71265998,strict,gt_geometry,0,16,0,0,16,0
2e2bb8bb71265998,operational,score,0,0,16,0,0,0
2e2bb8bb71265998,operational,pareto,5,5,11,5,5,0
2e2bb8bb71265998,operational,gt_geometry,16,16,0,16,16,0
e34a1f5fb71c54da,strict,score,0,16,0,0,16,0
e34a1f5fb71c54da,strict,pareto,0,16,0,0,16,0
e34a1f5fb71c54da,strict,gt_geometry,0,16,0,0,16,0
e34a1f5fb71c54da,operational,score,0,0,16,0,0,0
e34a1f5fb71c54da,operational,pareto,0,0,16,0,0,0
e34a1f5fb71c54da,operational,gt_geometry,16,16,0,16,16,0
1d10ae25c61f50c4,strict,score,0,16,0,0,16,0
1d10ae25c61f50c4,strict,pareto,0,16,0,0,16,0
1d10ae25c61f50c4,strict,gt_geometry,0,16,0,0,16,0
1d10ae25c61f50c4,operational,score,0,0,16,0,0,0
1d10ae25c61f50c4,operational,pareto,0,0,16,0,0,0
1d10ae25c61f50c4,operational,gt_geometry,14,14,2,10,10,4
2af1778054cf51a4,strict,score,0,16,0,0,16,0
2af1778054cf51a4,strict,pareto,0,16,0,0,16,0
2af1778054cf51a4,strict,gt_geometry,0,16,0,0,16,0
2af1778054cf51a4,operational,score,0,0,16,0,0,0
2af1778054cf51a4,operational,pareto,0,0,16,0,0,0
2af1778054cf51a4,operational,gt_geometry,16,16,0,16,16,0
0f276bab4fa85df0,strict,score,0,16,0,0,16,0
0f276bab4fa85df0,strict,pareto,0,16,0,0,16,0
0f276bab4fa85df0,strict,gt_geometry,0,16,0,0,16,0
0f276bab4fa85df0,operational,score,0,0,16,0,0,0
0f276bab4fa85df0,operational,pareto,0,0,16,0,0,0
0f276bab4fa85df0,operational,gt_geometry,16,16,0,16,16,0
6cc16446dbe45353,strict,score,0,16,0,0,16,0
6cc16446dbe45353,strict,pareto,0,16,0,0,16,0
6cc16446dbe45353,strict,gt_geometry,0,16,0,0,16,0
6cc16446dbe45353,operational,score,0,0,16,0,0,0
6cc16446dbe45353,operational,pareto,0,0,16,0,0,0
6cc16446dbe45353,operational,gt_geometry,16,16,0,16,16,0
26043d2de718532d,strict,score,0,16,0,0,16,0
26043d2de718532d,strict,pareto,0,16,0,0,16,0
26043d2de718532d,strict,gt_geometry,0,16,0,0,16,0
26043d2de718532d,operational,score,0,0,16,0,0,0
26043d2de718532d,operational,pareto,5,5,11,2,2,3
26043d2de718532d,operational,gt_geometry,15,15,1,8,8,7
e72eb72ebdc25a8a,strict,score,0,16,0,0,16,0
e72eb72ebdc25a8a,strict,pareto,0,16,0,0,16,0
e72eb72ebdc25a8a,strict,gt_geometry,0,16,0,0,16,0
e72eb72ebdc25a8a,operational,score,0,0,16,0,0,0
e72eb72ebdc25a8a,operational,pareto,0,0,16,0,0,0
e72eb72ebdc25a8a,operational,gt_geometry,15,15,1,7,7,8
c852239b5ac95394,strict,score,0,16,0,0,16,0
c852239b5ac95394,strict,pareto,0,16,0,0,16,0
c852239b5ac95394,strict,gt_geometry,0,16,0,0,16,0
c852239b5ac95394,operational,score,0,0,16,0,0,0
c852239b5ac95394,operational,pareto,15,15,1,15,15,0
c852239b5ac95394,operational,gt_geometry,16,16,0,16,16,0
3c297001ef2d5acb,strict,score,0,16,0,0,16,0
3c297001ef2d5acb,strict,pareto,0,16,0,0,16,0
3c297001ef2d5acb,strict,gt_geometry,0,16,0,0,16,0
3c297001ef2d5acb,operational,score,0,0,16,0,0,0
3c297001ef2d5acb,operational,pareto,0,0,16,0,0,0
3c297001ef2d5acb,operational,gt_geometry,15,15,1,11,11,4
123b77fa26425ac1,strict,score,0,16,0,0,16,0
123b77fa26425ac1,strict,pareto,0,16,0,0,16,0
123b77fa26425ac1,strict,gt_geometry,0,16,0,0,16,0
123b77fa26425ac1,operational,score,0,0,16,0,0,0
123b77fa26425ac1,operational,pareto,1,1,15,1,1,0
123b77fa26425ac1,operational,gt_geometry,16,16,0,16,16,0
f97414b6f4a15866,strict,score,0,16,0,0,16,0
f97414b6f4a15866,strict,pareto,0,16,0,0,16,0
f97414b6f4a15866,strict,gt_geometry,0,16,0,0,16,0
f97414b6f4a15866,operational,score,0,0,16,0,0,0
f97414b6f4a15866,operational,pareto,7,7,9,1,1,6
f97414b6f4a15866,operational,gt_geometry,16,16,0,6,6,10
957d3c9491ba5b5b,strict,score,0,16,0,0,16,0
957d3c9491ba5b5b,strict,pareto,0,16,0,0,16,0
957d3c9491ba5b5b,strict,gt_geometry,0,16,0,0,16,0
957d3c9491ba5b5b,operational,score,0,0,16,0,0,0
957d3c9491ba5b5b,operational,pareto,0,0,16,0,0,0
957d3c9491ba5b5b,operational,gt_geometry,16,16,0,16,16,0
0c9d055f4ccc5d64,strict,score,0,16,0,0,16,0
0c9d055f4ccc5d64,strict,pareto,0,16,0,0,16,0
0c9d055f4ccc5d64,strict,gt_geometry,0,16,0,0,16,0
0c9d055f4ccc5d64,operational,score,0,0,16,0,0,0
0c9d055f4ccc5d64,operational,pareto,0,0,16,0,0,0
0c9d055f4ccc5d64,operational,gt_geometry,15,15,1,4,4,11
cbaf3221997c55be,strict,score,0,16,0,0,16,0
cbaf3221997c55be,strict,pareto,0,16,0,0,16,0
cbaf3221997c55be,strict,gt_geometry,0,16,0,0,16,0
cbaf3221997c55be,operational,score,0,0,16,0,0,0
cbaf3221997c55be,operational,pareto,0,0,16,0,0,0
cbaf3221997c55be,operational,gt_geometry,13,13,3,12,12,1
a02463c8a92d56ce,strict,score,0,16,0,0,16,0
a02463c8a92d56ce,strict,pareto,0,16,0,0,16,0
a02463c8a92d56ce,strict,gt_geometry,0,16,0,0,16,0
a02463c8a92d56ce,operational,score,0,0,16,0,0,0
a02463c8a92d56ce,operational,pareto,0,0,16,0,0,0
a02463c8a92d56ce,operational,gt_geometry,15,15,1,10,10,5
d91a4c7d1d9e5647,strict,score,0,16,0,0,16,0
d91a4c7d1d9e5647,strict,pareto,0,16,0,0,16,0
d91a4c7d1d9e5647,strict,gt_geometry,0,16,0,0,16,0
d91a4c7d1d9e5647,operational,score,0,0,16,0,0,0
d91a4c7d1d9e5647,operational,pareto,0,0,16,0,0,0
d91a4c7d1d9e5647,operational,gt_geometry,16,16,0,16,16,0
742b1d2c6cf156c6,strict,score,0,16,0,0,16,0
742b1d2c6cf156c6,strict,pareto,0,16,0,0,16,0
742b1d2c6cf156c6,strict,gt_geometry,0,16,0,0,16,0
742b1d2c6cf156c6,operational,score,0,0,16,0,0,0
742b1d2c6cf156c6,operational,pareto,0,0,16,0,0,0
742b1d2c6cf156c6,operational,gt_geometry,16,16,0,16,16,0
8b3e9121fd57540f,strict,score,0,16,0,0,16,0
8b3e9121fd57540f,strict,pareto,0,16,0,0,16,0
8b3e9121fd57540f,strict,gt_geometry,0,16,0,0,16,0
8b3e9121fd57540f,operational,score,0,0,16,0,0,0
8b3e9121fd57540f,operational,pareto,0,0,16,0,0,0
8b3e9121fd57540f,operational,gt_geometry,16,16,0,16,16,0
bdf3b83064235e17,strict,score,0,16,0,0,16,0
bdf3b83064235e17,strict,pareto,0,16,0,0,16,0
bdf3b83064235e17,strict,gt_geometry,0,16,0,0,16,0
bdf3b83064235e17,operational,score,0,0,16,0,0,0
bdf3b83064235e17,operational,pareto,0,0,16,0,0,0
bdf3b83064235e17,operational,gt_geometry,16,16,0,6,6,10
ab000bda9ccf5150,strict,score,0,16,0,0,16,0
ab000bda9ccf5150,strict,pareto,0,16,0,0,16,0
ab000bda9ccf5150,strict,gt_geometry,0,16,0,0,16,0
ab000bda9ccf5150,operational,score,0,0,16,0,0,0
ab000bda9ccf5150,operational,pareto,0,0,16,0,0,0
ab000bda9ccf5150,operational,gt_geometry,15,15,1,3,3,12
e165b9b4eb5f5cf4,strict,score,0,16,0,0,16,0
e165b9b4eb5f5cf4,strict,pareto,0,16,0,0,16,0
e165b9b4eb5f5cf4,strict,gt_geometry,0,16,0,0,16,0
e165b9b4eb5f5cf4,operational,score,0,0,16,0,0,0
e165b9b4eb5f5cf4,operational,pareto,0,0,16,0,0,0
e165b9b4eb5f5cf4,operational,gt_geometry,16,16,0,12,12,4
dcb23119258e58ec,strict,score,0,16,0,0,16,0
dcb23119258e58ec,strict,pareto,0,16,0,0,16,0
dcb23119258e58ec,strict,gt_geometry,0,16,0,0,16,0
dcb23119258e58ec,operational,score,0,0,16,0,0,0
dcb23119258e58ec,operational,pareto,0,0,16,0,0,0
dcb23119258e58ec,operational,gt_geometry,16,16,0,16,16,0
f0328bdcd0e15d3a,strict,score,0,16,0,0,16,0
f0328bdcd0e15d3a,strict,pareto,0,16,0,0,16,0
f0328bdcd0e15d3a,strict,gt_geometry,0,16,0,0,16,0
f0328bdcd0e15d3a,operational,score,0,0,16,0,0,0
f0328bdcd0e15d3a,operational,pareto,0,0,16,0,0,0
f0328bdcd0e15d3a,operational,gt_geometry,16,16,0,16,16,0
c6538928de9c552b,strict,score,0,16,0,0,16,0
c6538928de9c552b,strict,pareto,0,16,0,0,16,0
c6538928de9c552b,strict,gt_geometry,0,16,0,0,16,0
c6538928de9c552b,operational,score,0,0,16,0,0,0
c6538928de9c552b,operational,pareto,0,0,16,0,0,0
c6538928de9c552b,operational,gt_geometry,11,11,5,10,10,1
56da0490b78b5033,strict,score,0,16,0,0,16,0
56da0490b78b5033,strict,pareto,0,16,0,0,16,0
56da0490b78b5033,strict,gt_geometry,0,16,0,0,16,0
56da0490b78b5033,operational,score,0,0,16,0,0,0
56da0490b78b5033,operational,pareto,0,0,16,0,0,0
56da0490b78b5033,operational,gt_geometry,5,5,11,5,5,0
8fc454e70d1554b7,strict,score,0,16,0,0,16,0
8fc454e70d1554b7,strict,pareto,0,16,0,0,16,0
8fc454e70d1554b7,strict,gt_geometry,0,16,0,0,16,0
8fc454e70d1554b7,operational,score,0,0,16,0,0,0
8fc454e70d1554b7,operational,pareto,0,0,16,0,0,0
8fc454e70d1554b7,operational,gt_geometry,15,15,1,11,11,4
3eceeb425c3a560b,strict,score,0,16,0,0,16,0
3eceeb425c3a560b,strict,pareto,0,16,0,0,16,0
3eceeb425c3a560b,strict,gt_geometry,0,16,0,0,16,0
3eceeb425c3a560b,operational,score,0,0,16,0,0,0
3eceeb425c3a560b,operational,pareto,1,1,15,0,0,1
3eceeb425c3a560b,operational,gt_geometry,15,15,1,14,14,1
5e7d1f34a80c5e46,strict,score,0,16,0,0,16,0
5e7d1f34a80c5e46,strict,pareto,0,16,0,0,16,0
5e7d1f34a80c5e46,strict,gt_geometry,0,16,0,0,16,0
5e7d1f34a80c5e46,operational,score,0,0,16,0,0,0
5e7d1f34a80c5e46,operational,pareto,0,0,16,0,0,0
5e7d1f34a80c5e46,operational,gt_geometry,16,16,0,8,8,8
ef4f3026ae1b56a3,strict,score,0,16,0,0,16,0
ef4f3026ae1b56a3,strict,pareto,0,16,0,0,16,0
ef4f3026ae1b56a3,strict,gt_geometry,0,16,0,0,16,0
ef4f3026ae1b56a3,operational,score,0,0,16,0,0,0
ef4f3026ae1b56a3,operational,pareto,0,0,16,0,0,0
ef4f3026ae1b56a3,operational,gt_geometry,16,16,0,16,16,0
d92fd7e6c01d503b,strict,score,0,16,0,0,16,0
d92fd7e6c01d503b,strict,pareto,0,16,0,0,16,0
d92fd7e6c01d503b,strict,gt_geometry,0,16,0,0,16,0
d92fd7e6c01d503b,operational,score,0,0,16,0,0,0
d92fd7e6c01d503b,operational,pareto,6,6,10,2,2,4
d92fd7e6c01d503b,operational,gt_geometry,16,16,0,10,10,6
1381f484e75c565a,strict,score,0,16,0,0,16,0
1381f484e75c565a,strict,pareto,0,16,0,0,16,0
1381f484e75c565a,strict,gt_geometry,0,16,0,0,16,0
1381f484e75c565a,operational,score,0,0,16,0,0,0
1381f484e75c565a,operational,pareto,0,0,16,0,0,0
1381f484e75c565a,operational,gt_geometry,16,16,0,16,16,0
7b79090489c95c0b,strict,score,0,16,0,0,16,0
7b79090489c95c0b,strict,pareto,0,16,0,0,16,0
7b79090489c95c0b,strict,gt_geometry,0,16,0,0,16,0
7b79090489c95c0b,operational,score,0,0,16,0,0,0
7b79090489c95c0b,operational,pareto,0,0,16,0,0,0
7b79090489c95c0b,operational,gt_geometry,13,13,3,7,7,6
f0d107fb359953ff,strict,score,0,16,0,0,16,0
f0d107fb359953ff,strict,pareto,0,16,0,0,16,0
f0d107fb359953ff,strict,gt_geometry,0,16,0,0,16,0
f0d107fb359953ff,operational,score,0,0,16,0,0,0
f0d107fb359953ff,operational,pareto,0,0,16,0,0,0
f0d107fb359953ff,operational,gt_geometry,16,16,0,16,16,0
e0c845f2d87555b3,strict,score,0,16,0,0,16,0
e0c845f2d87555b3,strict,pareto,0,16,0,0,16,0
e0c845f2d87555b3,strict,gt_geometry,0,16,0,0,16,0
e0c845f2d87555b3,operational,score,0,0,16,0,0,0
e0c845f2d87555b3,operational,pareto,0,0,16,0,0,0
e0c845f2d87555b3,operational,gt_geometry,15,15,1,9,9,6
9e454d3b139c5a3d,strict,score,0,16,0,0,16,0
9e454d3b139c5a3d,strict,pareto,0,16,0,0,16,0
9e454d3b139c5a3d,strict,gt_geometry,0,16,0,0,16,0
9e454d3b139c5a3d,operational,score,0,0,16,0,0,0
9e454d3b139c5a3d,operational,pareto,0,0,16,0,0,0
9e454d3b139c5a3d,operational,gt_geometry,15,15,1,11,11,4
468894d189a75353,strict,score,0,16,0,0,16,0
468894d189a75353,strict,pareto,0,16,0,0,16,0
468894d189a75353,strict,gt_geometry,0,16,0,0,16,0
468894d189a75353,operational,score,0,0,16,0,0,0
468894d189a75353,operational,pareto,0,0,16,0,0,0
468894d189a75353,operational,gt_geometry,15,15,1,7,7,8
9252ad8efde85a85,strict,score,0,16,0,0,16,0
9252ad8efde85a85,strict,pareto,0,16,0,0,16,0
9252ad8efde85a85,strict,gt_geometry,0,16,0,0,16,0
9252ad8efde85a85,operational,score,0,0,16,0,0,0
9252ad8efde85a85,operational,pareto,0,0,16,0,0,0
9252ad8efde85a85,operational,gt_geometry,14,14,2,5,5,9
d99a3bc24ff75a68,strict,score,0,16,0,0,16,0
d99a3bc24ff75a68,strict,pareto,0,16,0,0,16,0
d99a3bc24ff75a68,strict,gt_geometry,0,16,0,0,16,0
d99a3bc24ff75a68,operational,score,0,0,16,0,0,0
d99a3bc24ff75a68,operational,pareto,0,0,16,0,0,0
d99a3bc24ff75a68,operational,gt_geometry,15,15,1,11,11,4
1d45b9d20e9d5f92,strict,score,0,16,0,0,16,0
1d45b9d20e9d5f92,strict,pareto,0,16,0,0,16,0
1d45b9d20e9d5f92,strict,gt_geometry,0,16,0,0,16,0
1d45b9d20e9d5f92,operational,score,0,0,16,0,0,0
1d45b9d20e9d5f92,operational,pareto,3,3,13,3,3,0
1d45b9d20e9d5f92,operational,gt_geometry,16,16,0,16,16,0
39fc09d325a05606,strict,score,0,16,0,0,16,0
39fc09d325a05606,strict,pareto,0,16,0,0,16,0
39fc09d325a05606,strict,gt_geometry,0,16,0,0,16,0
39fc09d325a05606,operational,score,0,0,16,0,0,0
39fc09d325a05606,operational,pareto,0,0,16,0,0,0
39fc09d325a05606,operational,gt_geometry,3,3,13,3,3,0
75341958391d5aba,strict,score,0,16,0,0,16,0
75341958391d5aba,strict,pareto,0,16,0,0,16,0
75341958391d5aba,strict,gt_geometry,0,16,0,0,16,0
75341958391d5aba,operational,score,0,0,16,0,0,0
75341958391d5aba,operational,pareto,4,4,12,1,1,3
75341958391d5aba,operational,gt_geometry,15,15,1,6,6,9
e65ea4e886535732,strict,score,0,16,0,0,16,0
e65ea4e886535732,strict,pareto,0,16,0,0,16,0
e65ea4e886535732,strict,gt_geometry,0,16,0,0,16,0
e65ea4e886535732,operational,score,0,0,16,0,0,0
e65ea4e886535732,operational,pareto,0,0,16,0,0,0
e65ea4e886535732,operational,gt_geometry,14,14,2,14,14,0
a9134306f1575f88,strict,score,0,16,0,0,16,0
a9134306f1575f88,strict,pareto,0,16,0,0,16,0
a9134306f1575f88,strict,gt_geometry,0,16,0,0,16,0
a9134306f1575f88,operational,score,0,0,16,0,0,0
a9134306f1575f88,operational,pareto,0,0,16,0,0,0
a9134306f1575f88,operational,gt_geometry,16,16,0,7,7,9
3609537de0105997,strict,score,0,16,0,0,16,0
3609537de0105997,strict,pareto,0,16,0,0,16,0
3609537de0105997,strict,gt_geometry,0,16,0,0,16,0
3609537de0105997,operational,score,0,0,16,0,0,0
3609537de0105997,operational,pareto,1,1,15,1,1,0
3609537de0105997,operational,gt_geometry,16,16,0,16,16,0
90c4cd28f0e55d46,strict,score,0,16,0,0,16,0
90c4cd28f0e55d46,strict,pareto,0,16,0,0,16,0
90c4cd28f0e55d46,strict,gt_geometry,0,16,0,0,16,0
90c4cd28f0e55d46,operational,score,0,0,16,0,0,0
90c4cd28f0e55d46,operational,pareto,1,1,15,1,1,0
90c4cd28f0e55d46,operational,gt_geometry,16,16,0,11,11,5
8a022198e6885aed,strict,score,0,16,0,0,16,0
8a022198e6885aed,strict,pareto,0,16,0,0,16,0
8a022198e6885aed,strict,gt_geometry,0,16,0,0,16,0
8a022198e6885aed,operational,score,0,0,16,0,0,0
8a022198e6885aed,operational,pareto,0,0,16,0,0,0
8a022198e6885aed,operational,gt_geometry,15,15,1,14,14,1
f6f213b156de552d,strict,score,0,16,0,0,16,0
f6f213b156de552d,strict,pareto,0,16,0,0,16,0
f6f213b156de552d,strict,gt_geometry,0,16,0,0,16,0
f6f213b156de552d,operational,score,0,0,16,0,0,0
f6f213b156de552d,operational,pareto,1,1,15,1,1,0
f6f213b156de552d,operational,gt_geometry,16,16,0,16,16,0
1cb9fa36aea25d6a,strict,score,0,16,0,0,16,0
1cb9fa36aea25d6a,strict,pareto,0,16,0,0,16,0
1cb9fa36aea25d6a,strict,gt_geometry,0,16,0,0,16,0
1cb9fa36aea25d6a,operational,score,0,0,16,0,0,0
1cb9fa36aea25d6a,operational,pareto,0,0,16,0,0,0
1cb9fa36aea25d6a,operational,gt_geometry,15,15,1,12,12,3
e15983da12955abf,strict,score,0,16,0,0,16,0
e15983da12955abf,strict,pareto,0,16,0,0,16,0
e15983da12955abf,strict,gt_geometry,0,16,0,0,16,0
e15983da12955abf,operational,score,0,0,16,0,0,0
e15983da12955abf,operational,pareto,5,5,11,5,5,0
e15983da12955abf,operational,gt_geometry,12,12,4,11,11,1
8635030755615376,strict,score,0,16,0,0,16,0
8635030755615376,strict,pareto,0,16,0,0,16,0
8635030755615376,strict,gt_geometry,0,16,0,0,16,0
8635030755615376,operational,score,0,0,16,0,0,0
8635030755615376,operational,pareto,11,11,5,11,11,0
8635030755615376,operational,gt_geometry,7,7,9,7,7,0
86fbc624ea435e56,strict,score,0,16,0,0,16,0
86fbc624ea435e56,strict,pareto,0,16,0,0,16,0
86fbc624ea435e56,strict,gt_geometry,0,16,0,0,16,0
86fbc624ea435e56,operational,score,0,0,16,0,0,0
86fbc624ea435e56,operational,pareto,0,0,16,0,0,0
86fbc624ea435e56,operational,gt_geometry,16,16,0,11,11,5
66e564907f5f5601,strict,score,0,16,0,0,16,0
66e564907f5f5601,strict,pareto,0,16,0,0,16,0
66e564907f5f5601,strict,gt_geometry,0,16,0,0,16,0
66e564907f5f5601,operational,score,0,0,16,0,0,0
66e564907f5f5601,operational,pareto,0,0,16,0,0,0
66e564907f5f5601,operational,gt_geometry,14,14,2,11,11,3
808ff2e869ff5d92,strict,score,0,16,0,0,16,0
808ff2e869ff5d92,strict,pareto,0,16,0,0,16,0
808ff2e869ff5d92,strict,gt_geometry,0,16,0,0,16,0
808ff2e869ff5d92,operational,score,0,0,16,0,0,0
808ff2e869ff5d92,operational,pareto,12,12,4,12,12,0
808ff2e869ff5d92,operational,gt_geometry,16,16,0,16,16,0
1b53682e2df854e1,strict,score,0,16,0,0,16,0
1b53682e2df854e1,strict,pareto,0,16,0,0,16,0
1b53682e2df854e1,strict,gt_geometry,0,16,0,0,16,0
1b53682e2df854e1,operational,score,0,0,16,0,0,0
1b53682e2df854e1,operational,pareto,2,2,14,2,2,0
1b53682e2df854e1,operational,gt_geometry,11,11,5,11,11,0
dd175b6e08565a4e,strict,score,0,16,0,0,16,0
dd175b6e08565a4e,strict,pareto,0,16,0,0,16,0
dd175b6e08565a4e,strict,gt_geometry,0,16,0,0,16,0
dd175b6e08565a4e,operational,score,0,0,16,0,0,0
dd175b6e08565a4e,operational,pareto,3,3,13,2,2,1
dd175b6e08565a4e,operational,gt_geometry,16,16,0,16,16,0
8e475454489d5f5b,strict,score,0,16,0,0,16,0
8e475454489d5f5b,strict,pareto,0,16,0,0,16,0
8e475454489d5f5b,strict,gt_geometry,0,16,0,0,16,0
8e475454489d5f5b,operational,score,0,0,16,0,0,0
8e475454489d5f5b,operational,pareto,0,0,16,0,0,0
8e475454489d5f5b,operational,gt_geometry,13,13,3,10,10,3
dc2d27a848115b56,strict,score,0,16,0,0,16,0
dc2d27a848115b56,strict,pareto,0,16,0,0,16,0
dc2d27a848115b56,strict,gt_geometry,0,16,0,0,16,0
dc2d27a848115b56,operational,score,0,0,16,0,0,0
dc2d27a848115b56,operational,pareto,0,0,16,0,0,0
dc2d27a848115b56,operational,gt_geometry,15,15,1,9,9,6
3783e56bc9ef5e85,strict,score,0,16,0,0,16,0
3783e56bc9ef5e85,strict,pareto,0,16,0,0,16,0
3783e56bc9ef5e85,strict,gt_geometry,0,16,0,0,16,0
3783e56bc9ef5e85,operational,score,0,0,16,0,0,0
3783e56bc9ef5e85,operational,pareto,7,7,9,1,1,6
3783e56bc9ef5e85,operational,gt_geometry,14,14,2,12,12,2
d45a215505f05382,strict,score,0,16,0,0,16,0
d45a215505f05382,strict,pareto,0,16,0,0,16,0
d45a215505f05382,strict,gt_geometry,0,16,0,0,16,0
d45a215505f05382,operational,score,0,0,16,0,0,0
d45a215505f05382,operational,pareto,1,1,15,1,1,0
d45a215505f05382,operational,gt_geometry,16,16,0,16,16,0
4775f8e1a53d5c6f,strict,score,0,16,0,0,16,0
4775f8e1a53d5c6f,strict,pareto,0,16,0,0,16,0
4775f8e1a53d5c6f,strict,gt_geometry,0,16,0,0,16,0
4775f8e1a53d5c6f,operational,score,0,0,16,0,0,0
4775f8e1a53d5c6f,operational,pareto,1,1,15,0,0,1
4775f8e1a53d5c6f,operational,gt_geometry,15,15,1,12,12,3
802c127f63f955ed,strict,score,0,16,0,0,16,0
802c127f63f955ed,strict,pareto,0,16,0,0,16,0
802c127f63f955ed,strict,gt_geometry,0,16,0,0,16,0
802c127f63f955ed,operational,score,0,0,16,0,0,0
802c127f63f955ed,operational,pareto,1,1,15,1,1,0
802c127f63f955ed,operational,gt_geometry,13,13,3,13,13,0
f102259e52d35ac5,strict,score,0,16,0,0,16,0
f102259e52d35ac5,strict,pareto,0,16,0,0,16,0
f102259e52d35ac5,strict,gt_geometry,0,16,0,0,16,0
f102259e52d35ac5,operational,score,0,0,16,0,0,0
f102259e52d35ac5,operational,pareto,0,0,16,0,0,0
f102259e52d35ac5,operational,gt_geometry,16,16,0,16,16,0
db5aa5f382f25aaa,strict,score,0,16,0,0,16,0
db5aa5f382f25aaa,strict,pareto,0,16,0,0,16,0
db5aa5f382f25aaa,strict,gt_geometry,0,16,0,0,16,0
db5aa5f382f25aaa,operational,score,0,0,16,0,0,0
db5aa5f382f25aaa,operational,pareto,0,0,16,0,0,0
db5aa5f382f25aaa,operational,gt_geometry,15,15,1,15,15,0
598efc24965e57ba,strict,score,0,16,0,0,16,0
598efc24965e57ba,strict,pareto,0,16,0,0,16,0
598efc24965e57ba,strict,gt_geometry,0,16,0,0,16,0
598efc24965e57ba,operational,score,0,0,16,0,0,0
598efc24965e57ba,operational,pareto,0,0,16,0,0,0
598efc24965e57ba,operational,gt_geometry,16,16,0,9,9,7
3e83f47571b05337,strict,score,0,16,0,0,16,0
3e83f47571b05337,strict,pareto,0,16,0,0,16,0
3e83f47571b05337,strict,gt_geometry,0,16,0,0,16,0
3e83f47571b05337,operational,score,0,0,16,0,0,0
3e83f47571b05337,operational,pareto,7,7,9,2,2,5
3e83f47571b05337,operational,gt_geometry,16,16,0,7,7,9
f36236f06fb556a0,strict,score,0,16,0,0,16,0
f36236f06fb556a0,strict,pareto,0,16,0,0,16,0
f36236f06fb556a0,strict,gt_geometry,0,16,0,0,16,0
f36236f06fb556a0,operational,score,0,0,16,0,0,0
f36236f06fb556a0,operational,pareto,0,0,16,0,0,0
f36236f06fb556a0,operational,gt_geometry,16,16,0,16,16,0
ed717de405885939,strict,score,0,16,0,0,16,0
ed717de405885939,strict,pareto,0,16,0,0,16,0
ed717de405885939,strict,gt_geometry,0,16,0,0,16,0
ed717de405885939,operational,score,0,0,16,0,0,0
ed717de405885939,operational,pareto,0,0,16,0,0,0
ed717de405885939,operational,gt_geometry,16,16,0,16,16,0
a8b0833c7a065b81,strict,score,0,16,0,0,16,0
a8b0833c7a065b81,strict,pareto,0,16,0,0,16,0
a8b0833c7a065b81,strict,gt_geometry,0,16,0,0,16,0
a8b0833c7a065b81,operational,score,0,0,16,0,0,0
a8b0833c7a065b81,operational,pareto,0,0,16,0,0,0
a8b0833c7a065b81,operational,gt_geometry,15,15,1,11,11,4
f426002d6e275e78,strict,score,0,16,0,0,16,0
f426002d6e275e78,strict,pareto,0,16,0,0,16,0
f426002d6e275e78,strict,gt_geometry,0,16,0,0,16,0
f426002d6e275e78,operational,score,0,0,16,0,0,0
f426002d6e275e78,operational,pareto,0,0,16,0,0,0
f426002d6e275e78,operational,gt_geometry,15,15,1,7,7,8
3382fe7a030150df,strict,score,0,16,0,0,16,0
3382fe7a030150df,strict,pareto,0,16,0,0,16,0
3382fe7a030150df,strict,gt_geometry,0,16,0,0,16,0
3382fe7a030150df,operational,score,0,0,16,0,0,0
3382fe7a030150df,operational,pareto,1,1,15,1,1,0
3382fe7a030150df,operational,gt_geometry,16,16,0,16,16,0
a0283fb79a975f2c,strict,score,0,16,0,0,16,0
a0283fb79a975f2c,strict,pareto,0,16,0,0,16,0
a0283fb79a975f2c,strict,gt_geometry,0,16,0,0,16,0
a0283fb79a975f2c,operational,score,0,0,16,0,0,0
a0283fb79a975f2c,operational,pareto,5,5,11,5,5,0
a0283fb79a975f2c,operational,gt_geometry,16,16,0,16,16,0
45e7e76381d85846,strict,score,0,16,0,0,16,0
45e7e76381d85846,strict,pareto,0,16,0,0,16,0
45e7e76381d85846,strict,gt_geometry,0,16,0,0,16,0
45e7e76381d85846,operational,score,0,0,16,0,0,0
45e7e76381d85846,operational,pareto,0,0,16,0,0,0
45e7e76381d85846,operational,gt_geometry,15,15,1,9,9,6
9cac2a2e22c25964,strict,score,0,16,0,0,16,0
9cac2a2e22c25964,strict,pareto,0,16,0,0,16,0
9cac2a2e22c25964,strict,gt_geometry,0,16,0,0,16,0
9cac2a2e22c25964,operational,score,0,0,16,0,0,0
9cac2a2e22c25964,operational,pareto,10,10,6,10,10,0
9cac2a2e22c25964,operational,gt_geometry,5,5,11,5,5,0
f86b2f13b23d5470,strict,score,0,16,0,0,16,0
f86b2f13b23d5470,strict,pareto,0,16,0,0,16,0
f86b2f13b23d5470,strict,gt_geometry,0,16,0,0,16,0
f86b2f13b23d5470,operational,score,0,0,16,0,0,0
f86b2f13b23d5470,operational,pareto,2,2,14,2,2,0
f86b2f13b23d5470,operational,gt_geometry,16,16,0,16,16,0
6e5e2d80ec915e15,strict,score,0,16,0,0,16,0
6e5e2d80ec915e15,strict,pareto,0,16,0,0,16,0
6e5e2d80ec915e15,strict,gt_geometry,0,16,0,0,16,0
6e5e2d80ec915e15,operational,score,0,0,16,0,0,0
6e5e2d80ec915e15,operational,pareto,1,1,15,1,1,0
6e5e2d80ec915e15,operational,gt_geometry,16,16,0,16,16,0
b5d7c17fe5375141,strict,score,0,16,0,0,16,0
b5d7c17fe5375141,strict,pareto,0,16,0,0,16,0
b5d7c17fe5375141,strict,gt_geometry,0,16,0,0,16,0
b5d7c17fe5375141,operational,score,0,0,16,0,0,0
b5d7c17fe5375141,operational,pareto,8,8,8,8,8,0
b5d7c17fe5375141,operational,gt_geometry,14,14,2,14,14,0
bae3d8ac0ee85cad,strict,score,0,16,0,0,16,0
bae3d8ac0ee85cad,strict,pareto,0,16,0,0,16,0
bae3d8ac0ee85cad,strict,gt_geometry,0,16,0,0,16,0
bae3d8ac0ee85cad,operational,score,0,0,16,0,0,0
bae3d8ac0ee85cad,operational,pareto,0,0,16,0,0,0
bae3d8ac0ee85cad,operational,gt_geometry,15,15,1,9,9,6
4833c4f6d87f5021,strict,score,0,16,0,0,16,0
4833c4f6d87f5021,strict,pareto,0,16,0,0,16,0
4833c4f6d87f5021,strict,gt_geometry,0,16,0,0,16,0
4833c4f6d87f5021,operational,score,0,0,16,0,0,0
4833c4f6d87f5021,operational,pareto,0,0,16,0,0,0
4833c4f6d87f5021,operational,gt_geometry,16,16,0,13,13,3
a507cbf8c4055960,strict,score,0,16,0,0,16,0
a507cbf8c4055960,strict,pareto,0,16,0,0,16,0
a507cbf8c4055960,strict,gt_geometry,0,16,0,0,16,0
a507cbf8c4055960,operational,score,0,0,16,0,0,0
a507cbf8c4055960,operational,pareto,1,1,15,1,1,0
a507cbf8c4055960,operational,gt_geometry,9,9,7,9,9,0
331e21d3c8d65bae,strict,score,0,16,0,0,16,0
331e21d3c8d65bae,strict,pareto,0,16,0,0,16,0
331e21d3c8d65bae,strict,gt_geometry,0,16,0,0,16,0
331e21d3c8d65bae,operational,score,0,0,16,0,0,0
331e21d3c8d65bae,operational,pareto,0,0,16,0,0,0
331e21d3c8d65bae,operational,gt_geometry,2,2,14,2,2,0
c5f7460ee0da513a,strict,score,0,16,0,0,16,0
c5f7460ee0da513a,strict,pareto,0,16,0,0,16,0
c5f7460ee0da513a,strict,gt_geometry,0,16,0,0,16,0
c5f7460ee0da513a,operational,score,0,0,16,0,0,0
c5f7460ee0da513a,operational,pareto,14,14,2,14,14,0
c5f7460ee0da513a,operational,gt_geometry,16,16,0,16,16,0
7eb9b36921b25d5b,strict,score,0,16,0,0,16,0
7eb9b36921b25d5b,strict,pareto,0,16,0,0,16,0
7eb9b36921b25d5b,strict,gt_geometry,0,16,0,0,16,0
7eb9b36921b25d5b,operational,score,0,0,16,0,0,0
7eb9b36921b25d5b,operational,pareto,8,8,8,8,8,0
7eb9b36921b25d5b,operational,gt_geometry,1,1,15,1,1,0
8d76cc7ca097546b,strict,score,0,16,0,0,16,0
8d76cc7ca097546b,strict,pareto,0,16,0,0,16,0
8d76cc7ca097546b,strict,gt_geometry,0,16,0,0,16,0
8d76cc7ca097546b,operational,score,0,0,16,0,0,0
8d76cc7ca097546b,operational,pareto,0,0,16,0,0,0
8d76cc7ca097546b,operational,gt_geometry,15,15,1,13,13,2
7b20cfb388a15b3d,strict,score,0,16,0,0,16,0
7b20cfb388a15b3d,strict,pareto,0,16,0,0,16,0
7b20cfb388a15b3d,strict,gt_geometry,0,16,0,0,16,0
7b20cfb388a15b3d,operational,score,0,0,16,0,0,0
7b20cfb388a15b3d,operational,pareto,0,0,16,0,0,0
7b20cfb388a15b3d,operational,gt_geometry,16,16,0,16,16,0
87a04f063e505051,strict,score,0,16,0,0,16,0
87a04f063e505051,strict,pareto,0,16,0,0,16,0
87a04f063e505051,strict,gt_geometry,0,16,0,0,16,0
87a04f063e505051,operational,score,0,0,16,0,0,0
87a04f063e505051,operational,pareto,0,0,16,0,0,0
87a04f063e505051,operational,gt_geometry,15,15,1,6,6,9
e4fda5ede9c657f1,strict,score,0,16,0,0,16,0
e4fda5ede9c657f1,strict,pareto,0,16,0,0,16,0
e4fda5ede9c657f1,strict,gt_geometry,0,16,0,0,16,0
e4fda5ede9c657f1,operational,score,0,0,16,0,0,0
e4fda5ede9c657f1,operational,pareto,0,0,16,0,0,0
e4fda5ede9c657f1,operational,gt_geometry,9,9,7,5,5,4
163693e2ba175db3,strict,score,0,16,0,0,16,0
163693e2ba175db3,strict,pareto,0,16,0,0,16,0
163693e2ba175db3,strict,gt_geometry,0,16,0,0,16,0
163693e2ba175db3,operational,score,0,0,16,0,0,0
163693e2ba175db3,operational,pareto,0,0,16,0,0,0
163693e2ba175db3,operational,gt_geometry,15,15,1,10,10,5
007505437ed45b53,strict,score,0,16,0,0,16,0
007505437ed45b53,strict,pareto,0,16,0,0,16,0
007505437ed45b53,strict,gt_geometry,0,16,0,0,16,0
007505437ed45b53,operational,score,0,0,16,0,0,0
007505437ed45b53,operational,pareto,0,0,16,0,0,0
007505437ed45b53,operational,gt_geometry,16,16,0,16,16,0
b1199a48987b5f73,strict,score,0,16,0,0,16,0
b1199a48987b5f73,strict,pareto,0,16,0,0,16,0
b1199a48987b5f73,strict,gt_geometry,0,16,0,0,16,0
b1199a48987b5f73,operational,score,0,0,16,0,0,0
b1199a48987b5f73,operational,pareto,0,0,16,0,0,0
b1199a48987b5f73,operational,gt_geometry,12,12,4,8,8,4
a1bcc195c8e85f37,strict,score,0,16,0,0,16,0
a1bcc195c8e85f37,strict,pareto,0,16,0,0,16,0
a1bcc195c8e85f37,strict,gt_geometry,0,16,0,0,16,0
a1bcc195c8e85f37,operational,score,0,0,16,0,0,0
a1bcc195c8e85f37,operational,pareto,0,0,16,0,0,0
a1bcc195c8e85f37,operational,gt_geometry,15,15,1,14,14,1
99c663a7b4e15514,strict,score,0,16,0,0,16,0
99c663a7b4e15514,strict,pareto,0,16,0,0,16,0
99c663a7b4e15514,strict,gt_geometry,0,16,0,0,16,0
99c663a7b4e15514,operational,score,0,0,16,0,0,0
99c663a7b4e15514,operational,pareto,1,1,15,1,1,0
99c663a7b4e15514,operational,gt_geometry,16,16,0,16,16,0
2b9bcbd586b55042,strict,score,0,16,0,0,16,0
2b9bcbd586b55042,strict,pareto,0,16,0,0,16,0
2b9bcbd586b55042,strict,gt_geometry,0,16,0,0,16,0
2b9bcbd586b55042,operational,score,0,0,16,0,0,0
2b9bcbd586b55042,operational,pareto,1,1,15,1,1,0
2b9bcbd586b55042,operational,gt_geometry,13,13,3,13,13,0
113b14c30cc25989,strict,score,0,16,0,0,16,0
113b14c30cc25989,strict,pareto,0,16,0,0,16,0
113b14c30cc25989,strict,gt_geometry,0,16,0,0,16,0
113b14c30cc25989,operational,score,0,0,16,0,0,0
113b14c30cc25989,operational,pareto,0,0,16,0,0,0
113b14c30cc25989,operational,gt_geometry,16,16,0,10,10,6
b37b1679fd745ac9,strict,score,0,16,0,0,16,0
b37b1679fd745ac9,strict,pareto,0,16,0,0,16,0
b37b1679fd745ac9,strict,gt_geometry,0,16,0,0,16,0
b37b1679fd745ac9,operational,score,0,0,16,0,0,0
b37b1679fd745ac9,operational,pareto,2,2,14,2,2,0
b37b1679fd745ac9,operational,gt_geometry,14,14,2,14,14,0
a4b7b2795e615efb,strict,score,0,16,0,0,16,0
a4b7b2795e615efb,strict,pareto,0,16,0,0,16,0
a4b7b2795e615efb,strict,gt_geometry,0,16,0,0,16,0
a4b7b2795e615efb,operational,score,0,0,16,0,0,0
a4b7b2795e615efb,operational,pareto,0,0,16,0,0,0
a4b7b2795e615efb,operational,gt_geometry,16,16,0,16,16,0
c75edb67a65b5a33,strict,score,0,16,0,0,16,0
c75edb67a65b5a33,strict,pareto,0,16,0,0,16,0
c75edb67a65b5a33,strict,gt_geometry,0,16,0,0,16,0
c75edb67a65b5a33,operational,score,0,0,16,0,0,0
c75edb67a65b5a33,operational,pareto,11,11,5,3,3,8
c75edb67a65b5a33,operational,gt_geometry,15,15,1,10,10,5
fbec1eb4b33955e2,strict,score,0,16,0,0,16,0
fbec1eb4b33955e2,strict,pareto,0,16,0,0,16,0
fbec1eb4b33955e2,strict,gt_geometry,0,16,0,0,16,0
fbec1eb4b33955e2,operational,score,0,0,16,0,0,0
fbec1eb4b33955e2,operational,pareto,2,2,14,2,2,0
fbec1eb4b33955e2,operational,gt_geometry,12,12,4,12,12,0
c1ae700926d4577c,strict,score,0,16,0,0,16,0
c1ae700926d4577c,strict,pareto,0,16,0,0,16,0
c1ae700926d4577c,strict,gt_geometry,0,16,0,0,16,0
c1ae700926d4577c,operational,score,0,0,16,0,0,0
c1ae700926d4577c,operational,pareto,0,0,16,0,0,0
c1ae700926d4577c,operational,gt_geometry,16,16,0,16,16,0
eba5b88270db545e,strict,score,0,16,0,0,16,0
eba5b88270db545e,strict,pareto,0,16,0,0,16,0
eba5b88270db545e,strict,gt_geometry,0,16,0,0,16,0
eba5b88270db545e,operational,score,0,0,16,0,0,0
eba5b88270db545e,operational,pareto,10,10,6,10,10,0
eba5b88270db545e,operational,gt_geometry,6,6,10,6,6,0
0481ff72500154f2,strict,score,0,16,0,0,16,0
0481ff72500154f2,strict,pareto,0,16,0,0,16,0
0481ff72500154f2,strict,gt_geometry,0,16,0,0,16,0
0481ff72500154f2,operational,score,0,0,16,0,0,0
0481ff72500154f2,operational,pareto,0,0,16,0,0,0
0481ff72500154f2,operational,gt_geometry,15,15,1,11,11,4
70d9d2c73e4155d4,strict,score,0,16,0,0,16,0
70d9d2c73e4155d4,strict,pareto,0,16,0,0,16,0
70d9d2c73e4155d4,strict,gt_geometry,0,16,0,0,16,0
70d9d2c73e4155d4,operational,score,0,0,16,0,0,0
70d9d2c73e4155d4,operational,pareto,0,0,16,0,0,0
70d9d2c73e4155d4,operational,gt_geometry,16,16,0,16,16,0
685c110d6a615ff8,strict,score,0,16,0,0,16,0
685c110d6a615ff8,strict,pareto,0,16,0,0,16,0
685c110d6a615ff8,strict,gt_geometry,0,16,0,0,16,0
685c110d6a615ff8,operational,score,0,0,16,0,0,0
685c110d6a615ff8,operational,pareto,0,0,16,0,0,0
685c110d6a615ff8,operational,gt_geometry,15,15,1,12,12,3
b1483be2f1e35882,strict,score,0,16,0,0,16,0
b1483be2f1e35882,strict,pareto,0,16,0,0,16,0
b1483be2f1e35882,strict,gt_geometry,0,16,0,0,16,0
b1483be2f1e35882,operational,score,0,0,16,0,0,0
b1483be2f1e35882,operational,pareto,1,1,15,1,1,0
b1483be2f1e35882,operational,gt_geometry,16,16,0,7,7,9
de0fb293bb4859e7,strict,score,0,16,0,0,16,0
de0fb293bb4859e7,strict,pareto,0,16,0,0,16,0
de0fb293bb4859e7,strict,gt_geometry,0,16,0,0,16,0
de0fb293bb4859e7,operational,score,0,0,16,0,0,0
de0fb293bb4859e7,operational,pareto,2,2,14,2,2,0
de0fb293bb4859e7,operational,gt_geometry,11,11,5,11,11,0
335528f321b45d88,strict,score,0,16,0,0,16,0
335528f321b45d88,strict,pareto,0,16,0,0,16,0
335528f321b45d88,strict,gt_geometry,0,16,0,0,16,0
335528f321b45d88,operational,score,0,0,16,0,0,0
335528f321b45d88,operational,pareto,0,0,16,0,0,0
335528f321b45d88,operational,gt_geometry,15,15,1,6,6,9
e5ba0fd6afc15419,strict,score,0,16,0,0,16,0
e5ba0fd6afc15419,strict,pareto,0,16,0,0,16,0
e5ba0fd6afc15419,strict,gt_geometry,0,16,0,0,16,0
e5ba0fd6afc15419,operational,score,0,0,16,0,0,0
e5ba0fd6afc15419,operational,pareto,0,0,16,0,0,0
e5ba0fd6afc15419,operational,gt_geometry,15,15,1,8,8,7
07bd6c8c7de152a6,strict,score,0,16,0,0,16,0
07bd6c8c7de152a6,strict,pareto,0,16,0,0,16,0
07bd6c8c7de152a6,strict,gt_geometry,0,16,0,0,16,0
07bd6c8c7de152a6,operational,score,0,0,16,0,0,0
07bd6c8c7de152a6,operational,pareto,0,0,16,0,0,0
07bd6c8c7de152a6,operational,gt_geometry,15,15,1,10,10,5
0b9f2aceebbf5003,strict,score,0,16,0,0,16,0
0b9f2aceebbf5003,strict,pareto,0,16,0,0,16,0
0b9f2aceebbf5003,strict,gt_geometry,0,16,0,0,16,0
0b9f2aceebbf5003,operational,score,0,0,16,0,0,0
0b9f2aceebbf5003,operational,pareto,0,0,16,0,0,0
0b9f2aceebbf5003,operational,gt_geometry,16,16,0,11,11,5
e8991ab64afb5db6,strict,score,0,16,0,0,16,0
e8991ab64afb5db6,strict,pareto,0,16,0,0,16,0
e8991ab64afb5db6,strict,gt_geometry,0,16,0,0,16,0
e8991ab64afb5db6,operational,score,0,0,16,0,0,0
e8991ab64afb5db6,operational,pareto,2,2,14,2,2,0
e8991ab64afb5db6,operational,gt_geometry,15,15,1,7,7,8
66c135a6ec7f53c4,strict,score,0,16,0,0,16,0
66c135a6ec7f53c4,strict,pareto,0,16,0,0,16,0
66c135a6ec7f53c4,strict,gt_geometry,0,16,0,0,16,0
66c135a6ec7f53c4,operational,score,0,0,16,0,0,0
66c135a6ec7f53c4,operational,pareto,0,0,16,0,0,0
66c135a6ec7f53c4,operational,gt_geometry,16,16,0,15,15,1
1fe597d0fb1454dc,strict,score,0,16,0,0,16,0
1fe597d0fb1454dc,strict,pareto,0,16,0,0,16,0
1fe597d0fb1454dc,strict,gt_geometry,0,16,0,0,16,0
1fe597d0fb1454dc,operational,score,0,0,16,0,0,0
1fe597d0fb1454dc,operational,pareto,3,3,13,3,3,0
1fe597d0fb1454dc,operational,gt_geometry,16,16,0,15,15,1
fefa00cc3fe65b70,strict,score,0,16,0,0,16,0
fefa00cc3fe65b70,strict,pareto,0,16,0,0,16,0
fefa00cc3fe65b70,strict,gt_geometry,0,16,0,0,16,0
fefa00cc3fe65b70,operational,score,0,0,16,0,0,0
fefa00cc3fe65b70,operational,pareto,0,0,16,0,0,0
fefa00cc3fe65b70,operational,gt_geometry,9,9,7,5,5,4
fddb21da30bb54c2,strict,score,0,16,0,0,16,0
fddb21da30bb54c2,strict,pareto,0,16,0,0,16,0
fddb21da30bb54c2,strict,gt_geometry,0,16,0,0,16,0
fddb21da30bb54c2,operational,score,0,0,16,0,0,0
fddb21da30bb54c2,operational,pareto,0,0,16,0,0,0
fddb21da30bb54c2,operational,gt_geometry,15,15,1,10,10,5
aceba8d21dfe5d03,strict,score,0,16,0,0,16,0
aceba8d21dfe5d03,strict,pareto,0,16,0,0,16,0
aceba8d21dfe5d03,strict,gt_geometry,0,16,0,0,16,0
aceba8d21dfe5d03,operational,score,0,0,16,0,0,0
aceba8d21dfe5d03,operational,pareto,0,0,16,0,0,0
aceba8d21dfe5d03,operational,gt_geometry,14,14,2,9,9,5
ac940ab1e16558e9,strict,score,0,16,0,0,16,0
ac940ab1e16558e9,strict,pareto,0,16,0,0,16,0
ac940ab1e16558e9,strict,gt_geometry,0,16,0,0,16,0
ac940ab1e16558e9,operational,score,0,0,16,0,0,0
ac940ab1e16558e9,operational,pareto,0,0,16,0,0,0
ac940ab1e16558e9,operational,gt_geometry,15,15,1,11,11,4
4ac0a91fc4dd5ca9,strict,score,0,16,0,0,16,0
4ac0a91fc4dd5ca9,strict,pareto,0,16,0,0,16,0
4ac0a91fc4dd5ca9,strict,gt_geometry,0,16,0,0,16,0
4ac0a91fc4dd5ca9,operational,score,0,0,16,0,0,0
4ac0a91fc4dd5ca9,operational,pareto,6,6,10,2,2,4
4ac0a91fc4dd5ca9,operational,gt_geometry,15,15,1,10,10,5
cdec4cc7781e5d4d,strict,score,0,16,0,0,16,0
cdec4cc7781e5d4d,strict,pareto,0,16,0,0,16,0
cdec4cc7781e5d4d,strict,gt_geometry,0,16,0,0,16,0
cdec4cc7781e5d4d,operational,score,0,0,16,0,0,0
cdec4cc7781e5d4d,operational,pareto,0,0,16,0,0,0
cdec4cc7781e5d4d,operational,gt_geometry,15,15,1,12,12,3
01034b2411ce5ea0,strict,score,0,16,0,0,16,0
01034b2411ce5ea0,strict,pareto,0,16,0,0,16,0
01034b2411ce5ea0,strict,gt_geometry,0,16,0,0,16,0
01034b2411ce5ea0,operational,score,0,0,16,0,0,0
01034b2411ce5ea0,operational,pareto,0,0,16,0,0,0
01034b2411ce5ea0,operational,gt_geometry,16,16,0,16,16,0
fb7f5f4fd1a25f13,strict,score,0,16,0,0,16,0
fb7f5f4fd1a25f13,strict,pareto,0,16,0,0,16,0
fb7f5f4fd1a25f13,strict,gt_geometry,0,16,0,0,16,0
fb7f5f4fd1a25f13,operational,score,0,0,16,0,0,0
fb7f5f4fd1a25f13,operational,pareto,0,0,16,0,0,0
fb7f5f4fd1a25f13,operational,gt_geometry,15,15,1,9,9,6
dcea502e05ca5eb5,strict,score,0,16,0,0,16,0
dcea502e05ca5eb5,strict,pareto,0,16,0,0,16,0
dcea502e05ca5eb5,strict,gt_geometry,0,16,0,0,16,0
dcea502e05ca5eb5,operational,score,0,0,16,0,0,0
dcea502e05ca5eb5,operational,pareto,3,3,13,3,3,0
dcea502e05ca5eb5,operational,gt_geometry,13,13,3,13,13,0
28b79e32839a543b,strict,score,0,16,0,0,16,0
28b79e32839a543b,strict,pareto,0,16,0,0,16,0
28b79e32839a543b,strict,gt_geometry,0,16,0,0,16,0
28b79e32839a543b,operational,score,0,0,16,0,0,0
28b79e32839a543b,operational,pareto,0,0,16,0,0,0
28b79e32839a543b,operational,gt_geometry,15,15,1,9,9,6
2b07bad4bce156cd,strict,score,0,16,0,0,16,0
2b07bad4bce156cd,strict,pareto,0,16,0,0,16,0
2b07bad4bce156cd,strict,gt_geometry,0,16,0,0,16,0
2b07bad4bce156cd,operational,score,0,0,16,0,0,0
2b07bad4bce156cd,operational,pareto,0,0,16,0,0,0
2b07bad4bce156cd,operational,gt_geometry,15,15,1,11,11,4
66d778b97714583a,strict,score,0,16,0,0,16,0
66d778b97714583a,strict,pareto,0,16,0,0,16,0
66d778b97714583a,strict,gt_geometry,0,16,0,0,16,0
66d778b97714583a,operational,score,0,0,16,0,0,0
66d778b97714583a,operational,pareto,0,0,16,0,0,0
66d778b97714583a,operational,gt_geometry,15,15,1,7,7,8
a8c9f51e547a5fed,strict,score,0,16,0,0,16,0
a8c9f51e547a5fed,strict,pareto,0,16,0,0,16,0
a8c9f51e547a5fed,strict,gt_geometry,0,16,0,0,16,0
a8c9f51e547a5fed,operational,score,0,0,16,0,0,0
a8c9f51e547a5fed,operational,pareto,0,0,16,0,0,0
a8c9f51e547a5fed,operational,gt_geometry,16,16,0,16,16,0
7a0635b7942859c6,strict,score,0,16,0,0,16,0
7a0635b7942859c6,strict,pareto,0,16,0,0,16,0
7a0635b7942859c6,strict,gt_geometry,0,16,0,0,16,0
7a0635b7942859c6,operational,score,0,0,16,0,0,0
7a0635b7942859c6,operational,pareto,0,0,16,0,0,0
7a0635b7942859c6,operational,gt_geometry,14,14,2,3,3,11
84b13f58e18551a8,strict,score,0,16,0,0,16,0
84b13f58e18551a8,strict,pareto,0,16,0,0,16,0
84b13f58e18551a8,strict,gt_geometry,0,16,0,0,16,0
84b13f58e18551a8,operational,score,0,0,16,0,0,0
84b13f58e18551a8,operational,pareto,0,0,16,0,0,0
84b13f58e18551a8,operational,gt_geometry,15,15,1,9,9,6
87ec42ef94f75f0c,strict,score,0,16,0,0,16,0
87ec42ef94f75f0c,strict,pareto,0,16,0,0,16,0
87ec42ef94f75f0c,strict,gt_geometry,0,16,0,0,16,0
87ec42ef94f75f0c,operational,score,0,0,16,0,0,0
87ec42ef94f75f0c,operational,pareto,8,8,8,2,2,6
87ec42ef94f75f0c,operational,gt_geometry,16,16,0,16,16,0
feae0b42dda25c87,strict,score,0,16,0,0,16,0
feae0b42dda25c87,strict,pareto,0,16,0,0,16,0
feae0b42dda25c87,strict,gt_geometry,0,16,0,0,16,0
feae0b42dda25c87,operational,score,0,0,16,0,0,0
feae0b42dda25c87,operational,pareto,0,0,16,0,0,0
feae0b42dda25c87,operational,gt_geometry,15,15,1,10,10,5
b663343f65cd5e92,strict,score,0,16,0,0,16,0
b663343f65cd5e92,strict,pareto,0,16,0,0,16,0
b663343f65cd5e92,strict,gt_geometry,0,16,0,0,16,0
b663343f65cd5e92,operational,score,0,0,16,0,0,0
b663343f65cd5e92,operational,pareto,0,0,16,0,0,0
b663343f65cd5e92,operational,gt_geometry,15,15,1,8,8,7
71495dbc0a3255dc,strict,score,0,16,0,0,16,0
71495dbc0a3255dc,strict,pareto,0,16,0,0,16,0
71495dbc0a3255dc,strict,gt_geometry,0,16,0,0,16,0
71495dbc0a3255dc,operational,score,0,0,16,0,0,0
71495dbc0a3255dc,operational,pareto,6,6,10,0,0,6
71495dbc0a3255dc,operational,gt_geometry,13,13,3,12,12,1
244f412a59375c65,strict,score,0,16,0,0,16,0
244f412a59375c65,strict,pareto,0,16,0,0,16,0
244f412a59375c65,strict,gt_geometry,0,16,0,0,16,0
244f412a59375c65,operational,score,0,0,16,0,0,0
244f412a59375c65,operational,pareto,0,0,16,0,0,0
244f412a59375c65,operational,gt_geometry,15,15,1,10,10,5
5c1f98237d1852b9,strict,score,0,16,0,0,16,0
5c1f98237d1852b9,strict,pareto,0,16,0,0,16,0
5c1f98237d1852b9,strict,gt_geometry,0,16,0,0,16,0
5c1f98237d1852b9,operational,score,0,0,16,0,0,0
5c1f98237d1852b9,operational,pareto,0,0,16,0,0,0
5c1f98237d1852b9,operational,gt_geometry,15,15,1,12,12,3
9eddebd4be385650,strict,score,0,16,0,0,16,0
9eddebd4be385650,strict,pareto,0,16,0,0,16,0
9eddebd4be385650,strict,gt_geometry,0,16,0,0,16,0
9eddebd4be385650,operational,score,0,0,16,0,0,0
9eddebd4be385650,operational,pareto,2,2,14,2,2,0
9eddebd4be385650,operational,gt_geometry,16,16,0,16,16,0
b53636b863815077,strict,score,0,16,0,0,16,0
b53636b863815077,strict,pareto,0,16,0,0,16,0
b53636b863815077,strict,gt_geometry,0,16,0,0,16,0
b53636b863815077,operational,score,0,0,16,0,0,0
b53636b863815077,operational,pareto,0,0,16,0,0,0
b53636b863815077,operational,gt_geometry,16,16,0,16,16,0
1ef92a1e554b567c,strict,score,0,16,0,0,16,0
1ef92a1e554b567c,strict,pareto,0,16,0,0,16,0
1ef92a1e554b567c,strict,gt_geometry,0,16,0,0,16,0
1ef92a1e554b567c,operational,score,0,0,16,0,0,0
1ef92a1e554b567c,operational,pareto,3,3,13,1,1,2
1ef92a1e554b567c,operational,gt_geometry,16,16,0,12,12,4
019cfd828c3f5b7c,strict,score,0,16,0,0,16,0
019cfd828c3f5b7c,strict,pareto,0,16,0,0,16,0
019cfd828c3f5b7c,strict,gt_geometry,0,16,0,0,16,0
019cfd828c3f5b7c,operational,score,0,0,16,0,0,0
019cfd828c3f5b7c,operational,pareto,0,0,16,0,0,0
019cfd828c3f5b7c,operational,gt_geometry,16,16,0,16,16,0
55a649760430531d,strict,score,0,16,0,0,16,0
55a649760430531d,strict,pareto,0,16,0,0,16,0
55a649760430531d,strict,gt_geometry,0,16,0,0,16,0
55a649760430531d,operational,score,0,0,16,0,0,0
55a649760430531d,operational,pareto,0,0,16,0,0,0
55a649760430531d,operational,gt_geometry,16,16,0,16,16,0
377d9bb5bb125691,strict,score,0,16,0,0,16,0
377d9bb5bb125691,strict,pareto,0,16,0,0,16,0
377d9bb5bb125691,strict,gt_geometry,0,16,0,0,16,0
377d9bb5bb125691,operational,score,0,0,16,0,0,0
377d9bb5bb125691,operational,pareto,0,0,16,0,0,0
377d9bb5bb125691,operational,gt_geometry,3,3,13,3,3,0
a40383b62c8b5f0a,strict,score,0,16,0,0,16,0
a40383b62c8b5f0a,strict,pareto,0,16,0,0,16,0
a40383b62c8b5f0a,strict,gt_geometry,0,16,0,0,16,0
a40383b62c8b5f0a,operational,score,0,0,16,0,0,0
a40383b62c8b5f0a,operational,pareto,0,0,16,0,0,0
a40383b62c8b5f0a,operational,gt_geometry,15,15,1,8,8,7
6822dc0570565ef4,strict,score,0,16,0,0,16,0
6822dc0570565ef4,strict,pareto,0,16,0,0,16,0
6822dc0570565ef4,strict,gt_geometry,0,16,0,0,16,0
6822dc0570565ef4,operational,score,0,0,16,0,0,0
6822dc0570565ef4,operational,pareto,0,0,16,0,0,0
6822dc0570565ef4,operational,gt_geometry,16,16,0,16,16,0
6b5978b04dc85323,strict,score,0,16,0,0,16,0
6b5978b04dc85323,strict,pareto,0,16,0,0,16,0
6b5978b04dc85323,strict,gt_geometry,0,16,0,0,16,0
6b5978b04dc85323,operational,score,0,0,16,0,0,0
6b5978b04dc85323,operational,pareto,4,4,12,4,4,0
6b5978b04dc85323,operational,gt_geometry,5,5,11,5,5,0
28c5133d23575e81,strict,score,0,16,0,0,16,0
28c5133d23575e81,strict,pareto,0,16,0,0,16,0
28c5133d23575e81,strict,gt_geometry,0,16,0,0,16,0
28c5133d23575e81,operational,score,0,0,16,0,0,0
28c5133d23575e81,operational,pareto,0,0,16,0,0,0
28c5133d23575e81,operational,gt_geometry,16,16,0,16,16,0
0726ca723042500c,strict,score,0,16,0,0,16,0
0726ca723042500c,strict,pareto,0,16,0,0,16,0
0726ca723042500c,strict,gt_geometry,0,16,0,0,16,0
0726ca723042500c,operational,score,0,0,16,0,0,0
0726ca723042500c,operational,pareto,0,0,16,0,0,0
0726ca723042500c,operational,gt_geometry,14,14,2,7,7,7
e1b339d45b635f03,strict,score,0,16,0,0,16,0
e1b339d45b635f03,strict,pareto,0,16,0,0,16,0
e1b339d45b635f03,strict,gt_geometry,0,16,0,0,16,0
e1b339d45b635f03,operational,score,0,0,16,0,0,0
e1b339d45b635f03,operational,pareto,3,3,13,0,0,3
e1b339d45b635f03,operational,gt_geometry,16,16,0,11,11,5
60e4b765d65a534a,strict,score,0,16,0,0,16,0
60e4b765d65a534a,strict,pareto,0,16,0,0,16,0
60e4b765d65a534a,strict,gt_geometry,0,16,0,0,16,0
60e4b765d65a534a,operational,score,0,0,16,0,0,0
60e4b765d65a534a,operational,pareto,0,0,16,0,0,0
60e4b765d65a534a,operational,gt_geometry,16,16,0,16,16,0
cb8ed00b6b6e5650,strict,score,0,16,0,0,16,0
cb8ed00b6b6e5650,strict,pareto,0,16,0,0,16,0
cb8ed00b6b6e5650,strict,gt_geometry,0,16,0,0,16,0
cb8ed00b6b6e5650,operational,score,0,0,16,0,0,0
cb8ed00b6b6e5650,operational,pareto,0,0,16,0,0,0
cb8ed00b6b6e5650,operational,gt_geometry,16,16,0,13,13,3
f11aede9f6665b09,strict,score,0,16,0,0,16,0
f11aede9f6665b09,strict,pareto,0,16,0,0,16,0
f11aede9f6665b09,strict,gt_geometry,0,16,0,0,16,0
f11aede9f6665b09,operational,score,0,0,16,0,0,0
f11aede9f6665b09,operational,pareto,3,3,13,0,0,3
f11aede9f6665b09,operational,gt_geometry,14,14,2,12,12,2
8ae2f982585058f2,strict,score,0,16,0,0,16,0
8ae2f982585058f2,strict,pareto,0,16,0,0,16,0
8ae2f982585058f2,strict,gt_geometry,0,16,0,0,16,0
8ae2f982585058f2,operational,score,0,0,16,0,0,0
8ae2f982585058f2,operational,pareto,16,16,0,16,16,0
8ae2f982585058f2,operational,gt_geometry,10,10,6,9,9,1
ee81b62009285462,strict,score,0,16,0,0,16,0
ee81b62009285462,strict,pareto,0,16,0,0,16,0
ee81b62009285462,strict,gt_geometry,0,16,0,0,16,0
ee81b62009285462,operational,score,0,0,16,0,0,0
ee81b62009285462,operational,pareto,8,8,8,2,2,6
ee81b62009285462,operational,gt_geometry,16,16,0,9,9,7
8783e69e8b9d5d5c,strict,score,0,16,0,0,16,0
8783e69e8b9d5d5c,strict,pareto,0,16,0,0,16,0
8783e69e8b9d5d5c,strict,gt_geometry,0,16,0,0,16,0
8783e69e8b9d5d5c,operational,score,0,0,16,0,0,0
8783e69e8b9d5d5c,operational,pareto,1,1,15,1,1,0
8783e69e8b9d5d5c,operational,gt_geometry,16,16,0,16,16,0
9566c9689988532d,strict,score,0,16,0,0,16,0
9566c9689988532d,strict,pareto,0,16,0,0,16,0
9566c9689988532d,strict,gt_geometry,0,16,0,0,16,0
9566c9689988532d,operational,score,0,0,16,0,0,0
9566c9689988532d,operational,pareto,0,0,16,0,0,0
9566c9689988532d,operational,gt_geometry,14,14,2,9,9,5
a49f197b94e15a20,strict,score,0,16,0,0,16,0
a49f197b94e15a20,strict,pareto,0,16,0,0,16,0
a49f197b94e15a20,strict,gt_geometry,0,16,0,0,16,0
a49f197b94e15a20,operational,score,0,0,16,0,0,0
a49f197b94e15a20,operational,pareto,0,0,16,0,0,0
a49f197b94e15a20,operational,gt_geometry,16,16,0,16,16,0
d4b1d28cb67b5618,strict,score,0,16,0,0,16,0
d4b1d28cb67b5618,strict,pareto,0,16,0,0,16,0
d4b1d28cb67b5618,strict,gt_geometry,0,16,0,0,16,0
d4b1d28cb67b5618,operational,score,0,0,16,0,0,0
d4b1d28cb67b5618,operational,pareto,0,0,16,0,0,0
d4b1d28cb67b5618,operational,gt_geometry,16,16,0,16,16,0
9fd73df50f1d5a2b,strict,score,0,16,0,0,16,0
9fd73df50f1d5a2b,strict,pareto,0,16,0,0,16,0
9fd73df50f1d5a2b,strict,gt_geometry,0,16,0,0,16,0
9fd73df50f1d5a2b,operational,score,0,0,16,0,0,0
9fd73df50f1d5a2b,operational,pareto,0,0,16,0,0,0
9fd73df50f1d5a2b,operational,gt_geometry,16,16,0,16,16,0
40bdcf910bed5013,strict,score,0,16,0,0,16,0
40bdcf910bed5013,strict,pareto,0,16,0,0,16,0
40bdcf910bed5013,strict,gt_geometry,0,16,0,0,16,0
40bdcf910bed5013,operational,score,0,0,16,0,0,0
40bdcf910bed5013,operational,pareto,0,0,16,0,0,0
40bdcf910bed5013,operational,gt_geometry,15,15,1,8,8,7
c72fac839d7b5bdf,strict,score,0,16,0,0,16,0
c72fac839d7b5bdf,strict,pareto,0,16,0,0,16,0
c72fac839d7b5bdf,strict,gt_geometry,0,16,0,0,16,0
c72fac839d7b5bdf,operational,score,0,0,16,0,0,0
c72fac839d7b5bdf,operational,pareto,0,0,16,0,0,0
c72fac839d7b5bdf,operational,gt_geometry,16,16,0,16,16,0
23cb188abddf5851,strict,score,0,16,0,0,16,0
23cb188abddf5851,strict,pareto,0,16,0,0,16,0
23cb188abddf5851,strict,gt_geometry,0,16,0,0,16,0
23cb188abddf5851,operational,score,0,0,16,0,0,0
23cb188abddf5851,operational,pareto,0,0,16,0,0,0
23cb188abddf5851,operational,gt_geometry,15,15,1,15,15,0
a488a24ace4e5a0e,strict,score,0,16,0,0,16,0
a488a24ace4e5a0e,strict,pareto,0,16,0,0,16,0
a488a24ace4e5a0e,strict,gt_geometry,0,16,0,0,16,0
a488a24ace4e5a0e,operational,score,0,0,16,0,0,0
a488a24ace4e5a0e,operational,pareto,1,1,15,0,0,1
a488a24ace4e5a0e,operational,gt_geometry,16,16,0,10,10,6
a2e11073e3025626,strict,score,0,16,0,0,16,0
a2e11073e3025626,strict,pareto,0,16,0,0,16,0
a2e11073e3025626,strict,gt_geometry,0,16,0,0,16,0
a2e11073e3025626,operational,score,0,0,16,0,0,0
a2e11073e3025626,operational,pareto,0,0,16,0,0,0
a2e11073e3025626,operational,gt_geometry,16,16,0,12,12,4
56df5b5a7f8d5964,strict,score,0,16,0,0,16,0
56df5b5a7f8d5964,strict,pareto,0,16,0,0,16,0
56df5b5a7f8d5964,strict,gt_geometry,0,16,0,0,16,0
56df5b5a7f8d5964,operational,score,0,0,16,0,0,0
56df5b5a7f8d5964,operational,pareto,0,0,16,0,0,0
56df5b5a7f8d5964,operational,gt_geometry,16,16,0,16,16,0
9f7eb558c5125bca,strict,score,0,16,0,0,16,0
9f7eb558c5125bca,strict,pareto,0,16,0,0,16,0
9f7eb558c5125bca,strict,gt_geometry,0,16,0,0,16,0
9f7eb558c5125bca,operational,score,0,0,16,0,0,0
9f7eb558c5125bca,operational,pareto,0,0,16,0,0,0
9f7eb558c5125bca,operational,gt_geometry,9,9,7,9,9,0
b7520d4aabdb522f,strict,score,0,16,0,0,16,0
b7520d4aabdb522f,strict,pareto,0,16,0,0,16,0
b7520d4aabdb522f,strict,gt_geometry,0,16,0,0,16,0
b7520d4aabdb522f,operational,score,0,0,16,0,0,0
b7520d4aabdb522f,operational,pareto,3,3,13,1,1,2
b7520d4aabdb522f,operational,gt_geometry,16,16,0,10,10,6
c97d721af0475e45,strict,score,0,16,0,0,16,0
c97d721af0475e45,strict,pareto,0,16,0,0,16,0
c97d721af0475e45,strict,gt_geometry,0,16,0,0,16,0
c97d721af0475e45,operational,score,0,0,16,0,0,0
c97d721af0475e45,operational,pareto,6,6,10,6,6,0
c97d721af0475e45,operational,gt_geometry,16,16,0,16,16,0
2c87600ce5a15f76,strict,score,0,16,0,0,16,0
2c87600ce5a15f76,strict,pareto,0,16,0,0,16,0
2c87600ce5a15f76,strict,gt_geometry,0,16,0,0,16,0
2c87600ce5a15f76,operational,score,0,0,16,0,0,0
2c87600ce5a15f76,operational,pareto,0,0,16,0,0,0
2c87600ce5a15f76,operational,gt_geometry,13,13,3,13,13,0
5d0d7322ddea55ce,strict,score,0,16,0,0,16,0
5d0d7322ddea55ce,strict,pareto,0,16,0,0,16,0
5d0d7322ddea55ce,strict,gt_geometry,0,16,0,0,16,0
5d0d7322ddea55ce,operational,score,0,0,16,0,0,0
5d0d7322ddea55ce,operational,pareto,0,0,16,0,0,0
5d0d7322ddea55ce,operational,gt_geometry,16,16,0,16,16,0
fad3b25206405469,strict,score,0,16,0,0,16,0
fad3b25206405469,strict,pareto,0,16,0,0,16,0
fad3b25206405469,strict,gt_geometry,0,16,0,0,16,0
fad3b25206405469,operational,score,0,0,16,0,0,0
fad3b25206405469,operational,pareto,1,1,15,1,1,0
fad3b25206405469,operational,gt_geometry,16,16,0,16,16,0
117be7ce4bae59d9,strict,score,0,16,0,0,16,0
117be7ce4bae59d9,strict,pareto,0,16,0,0,16,0
117be7ce4bae59d9,strict,gt_geometry,0,16,0,0,16,0
117be7ce4bae59d9,operational,score,0,0,16,0,0,0
117be7ce4bae59d9,operational,pareto,0,0,16,0,0,0
117be7ce4bae59d9,operational,gt_geometry,16,16,0,16,16,0
36f37eab352d5150,strict,score,0,16,0,0,16,0
36f37eab352d5150,strict,pareto,0,16,0,0,16,0
36f37eab352d5150,strict,gt_geometry,0,16,0,0,16,0
36f37eab352d5150,operational,score,0,0,16,0,0,0
36f37eab352d5150,operational,pareto,7,7,9,1,1,6
36f37eab352d5150,operational,gt_geometry,15,15,1,6,6,9
ada4bd96b21350f3,strict,score,0,16,0,0,16,0
ada4bd96b21350f3,strict,pareto,0,16,0,0,16,0
ada4bd96b21350f3,strict,gt_geometry,0,16,0,0,16,0
ada4bd96b21350f3,operational,score,0,0,16,0,0,0
ada4bd96b21350f3,operational,pareto,0,0,16,0,0,0
ada4bd96b21350f3,operational,gt_geometry,15,15,1,9,9,6
116f3217b5875595,strict,score,0,16,0,0,16,0
116f3217b5875595,strict,pareto,0,16,0,0,16,0
116f3217b5875595,strict,gt_geometry,0,16,0,0,16,0
116f3217b5875595,operational,score,0,0,16,0,0,0
116f3217b5875595,operational,pareto,1,1,15,1,1,0
116f3217b5875595,operational,gt_geometry,15,15,1,9,9,6
2ce54722e81a5726,strict,score,0,16,0,0,16,0
2ce54722e81a5726,strict,pareto,0,16,0,0,16,0
2ce54722e81a5726,strict,gt_geometry,0,16,0,0,16,0
2ce54722e81a5726,operational,score,0,0,16,0,0,0
2ce54722e81a5726,operational,pareto,0,0,16,0,0,0
2ce54722e81a5726,operational,gt_geometry,15,15,1,10,10,5
f0e8b02b16cc5161,strict,score,0,16,0,0,16,0
f0e8b02b16cc5161,strict,pareto,0,16,0,0,16,0
f0e8b02b16cc5161,strict,gt_geometry,0,16,0,0,16,0
f0e8b02b16cc5161,operational,score,0,0,16,0,0,0
f0e8b02b16cc5161,operational,pareto,0,0,16,0,0,0
f0e8b02b16cc5161,operational,gt_geometry,15,15,1,6,6,9
4db513bb187a5415,strict,score,0,16,0,0,16,0
4db513bb187a5415,strict,pareto,0,16,0,0,16,0
4db513bb187a5415,strict,gt_geometry,0,16,0,0,16,0
4db513bb187a5415,operational,score,0,0,16,0,0,0
4db513bb187a5415,operational,pareto,1,1,15,0,0,1
4db513bb187a5415,operational,gt_geometry,16,16,0,13,13,3
f679ed3e8e975575,strict,score,0,16,0,0,16,0
f679ed3e8e975575,strict,pareto,0,16,0,0,16,0
f679ed3e8e975575,strict,gt_geometry,0,16,0,0,16,0
f679ed3e8e975575,operational,score,0,0,16,0,0,0
f679ed3e8e975575,operational,pareto,0,0,16,0,0,0
f679ed3e8e975575,operational,gt_geometry,15,15,1,8,8,7
bc9f53029a6b5c52,strict,score,0,16,0,0,16,0
bc9f53029a6b5c52,strict,pareto,0,16,0,0,16,0
bc9f53029a6b5c52,strict,gt_geometry,0,16,0,0,16,0
bc9f53029a6b5c52,operational,score,0,0,16,0,0,0
bc9f53029a6b5c52,operational,pareto,1,1,15,1,1,0
bc9f53029a6b5c52,operational,gt_geometry,15,15,1,10,10,5
8fcd3f59e5d35e62,strict,score,0,16,0,0,16,0
8fcd3f59e5d35e62,strict,pareto,0,16,0,0,16,0
8fcd3f59e5d35e62,strict,gt_geometry,0,16,0,0,16,0
8fcd3f59e5d35e62,operational,score,0,0,16,0,0,0
8fcd3f59e5d35e62,operational,pareto,0,0,16,0,0,0
8fcd3f59e5d35e62,operational,gt_geometry,15,15,1,15,15,0
895b56e6e7d1506f,strict,score,0,16,0,0,16,0
895b56e6e7d1506f,strict,pareto,0,16,0,0,16,0
895b56e6e7d1506f,strict,gt_geometry,0,16,0,0,16,0
895b56e6e7d1506f,operational,score,0,0,16,0,0,0
895b56e6e7d1506f,operational,pareto,2,2,14,1,1,1
895b56e6e7d1506f,operational,gt_geometry,15,15,1,9,9,6
f22f6cb0966f5ddf,strict,score,0,16,0,0,16,0
f22f6cb0966f5ddf,strict,pareto,0,16,0,0,16,0
f22f6cb0966f5ddf,strict,gt_geometry,0,16,0,0,16,0
f22f6cb0966f5ddf,operational,score,0,0,16,0,0,0
f22f6cb0966f5ddf,operational,pareto,0,0,16,0,0,0
f22f6cb0966f5ddf,operational,gt_geometry,15,15,1,10,10,5
8d16e85f8f505b74,strict,score,0,16,0,0,16,0
8d16e85f8f505b74,strict,pareto,0,16,0,0,16,0
8d16e85f8f505b74,strict,gt_geometry,0,16,0,0,16,0
8d16e85f8f505b74,operational,score,0,0,16,0,0,0
8d16e85f8f505b74,operational,pareto,0,0,16,0,0,0
8d16e85f8f505b74,operational,gt_geometry,16,16,0,16,16,0
3e58b4e75b4d5910,strict,score,0,16,0,0,16,0
3e58b4e75b4d5910,strict,pareto,0,16,0,0,16,0
3e58b4e75b4d5910,strict,gt_geometry,0,16,0,0,16,0
3e58b4e75b4d5910,operational,score,0,0,16,0,0,0
3e58b4e75b4d5910,operational,pareto,14,14,2,4,4,10
3e58b4e75b4d5910,operational,gt_geometry,16,16,0,9,9,7
a68174740e5d53d2,strict,score,0,16,0,0,16,0
a68174740e5d53d2,strict,pareto,0,16,0,0,16,0
a68174740e5d53d2,strict,gt_geometry,0,16,0,0,16,0
a68174740e5d53d2,operational,score,0,0,16,0,0,0
a68174740e5d53d2,operational,pareto,0,0,16,0,0,0
a68174740e5d53d2,operational,gt_geometry,16,16,0,16,16,0
9c83725ca24453f5,strict,score,0,16,0,0,16,0
9c83725ca24453f5,strict,pareto,0,16,0,0,16,0
9c83725ca24453f5,strict,gt_geometry,0,16,0,0,16,0
9c83725ca24453f5,operational,score,0,0,16,0,0,0
9c83725ca24453f5,operational,pareto,0,0,16,0,0,0
9c83725ca24453f5,operational,gt_geometry,14,14,2,5,5,9
af80a080342354b5,strict,score,0,16,0,0,16,0
af80a080342354b5,strict,pareto,0,16,0,0,16,0
af80a080342354b5,strict,gt_geometry,0,16,0,0,16,0
af80a080342354b5,operational,score,0,0,16,0,0,0
af80a080342354b5,operational,pareto,0,0,16,0,0,0
af80a080342354b5,operational,gt_geometry,15,15,1,5,5,10
7592a60634a65972,strict,score,0,16,0,0,16,0
7592a60634a65972,strict,pareto,0,16,0,0,16,0
7592a60634a65972,strict,gt_geometry,0,16,0,0,16,0
7592a60634a65972,operational,score,0,0,16,0,0,0
7592a60634a65972,operational,pareto,1,1,15,1,1,0
7592a60634a65972,operational,gt_geometry,16,16,0,16,16,0
312f7d68b7845c0f,strict,score,0,16,0,0,16,0
312f7d68b7845c0f,strict,pareto,0,16,0,0,16,0
312f7d68b7845c0f,strict,gt_geometry,0,16,0,0,16,0
312f7d68b7845c0f,operational,score,0,0,16,0,0,0
312f7d68b7845c0f,operational,pareto,0,0,16,0,0,0
312f7d68b7845c0f,operational,gt_geometry,16,16,0,7,7,9
2ad520fb925f5ace,strict,score,0,16,0,0,16,0
2ad520fb925f5ace,strict,pareto,0,16,0,0,16,0
2ad520fb925f5ace,strict,gt_geometry,0,16,0,0,16,0
2ad520fb925f5ace,operational,score,0,0,16,0,0,0
2ad520fb925f5ace,operational,pareto,0,0,16,0,0,0
2ad520fb925f5ace,operational,gt_geometry,16,16,0,7,7,9
d69754f18e1b5816,strict,score,0,16,0,0,16,0
d69754f18e1b5816,strict,pareto,0,16,0,0,16,0
d69754f18e1b5816,strict,gt_geometry,0,16,0,0,16,0
d69754f18e1b5816,operational,score,0,0,16,0,0,0
d69754f18e1b5816,operational,pareto,0,0,16,0,0,0
d69754f18e1b5816,operational,gt_geometry,16,16,0,16,16,0
1514fa6cda205491,strict,score,0,16,0,0,16,0
1514fa6cda205491,strict,pareto,0,16,0,0,16,0
1514fa6cda205491,strict,gt_geometry,0,16,0,0,16,0
1514fa6cda205491,operational,score,0,0,16,0,0,0
1514fa6cda205491,operational,pareto,0,0,16,0,0,0
1514fa6cda205491,operational,gt_geometry,16,16,0,7,7,9
65c6face44dc5242,strict,score,0,16,0,0,16,0
65c6face44dc5242,strict,pareto,0,16,0,0,16,0
65c6face44dc5242,strict,gt_geometry,0,16,0,0,16,0
65c6face44dc5242,operational,score,0,0,16,0,0,0
65c6face44dc5242,operational,pareto,0,0,16,0,0,0
65c6face44dc5242,operational,gt_geometry,15,15,1,10,10,5
116b808c2f825f23,strict,score,0,16,0,0,16,0
116b808c2f825f23,strict,pareto,0,16,0,0,16,0
116b808c2f825f23,strict,gt_geometry,0,16,0,0,16,0
116b808c2f825f23,operational,score,0,0,16,0,0,0
116b808c2f825f23,operational,pareto,0,0,16,0,0,0
116b808c2f825f23,operational,gt_geometry,16,16,0,16,16,0
0502652852d456e7,strict,score,0,16,0,0,16,0
0502652852d456e7,strict,pareto,0,16,0,0,16,0
0502652852d456e7,strict,gt_geometry,0,16,0,0,16,0
0502652852d456e7,operational,score,0,0,16,0,0,0
0502652852d456e7,operational,pareto,0,0,16,0,0,0
0502652852d456e7,operational,gt_geometry,13,13,3,7,7,6
d139b76f0b1e5791,strict,score,0,16,0,0,16,0
d139b76f0b1e5791,strict,pareto,0,16,0,0,16,0
d139b76f0b1e5791,strict,gt_geometry,0,16,0,0,16,0
d139b76f0b1e5791,operational,score,0,0,16,0,0,0
d139b76f0b1e5791,operational,pareto,0,0,16,0,0,0
d139b76f0b1e5791,operational,gt_geometry,16,16,0,16,16,0
e6a85ef20b3054c4,strict,score,0,16,0,0,16,0
e6a85ef20b3054c4,strict,pareto,0,16,0,0,16,0
e6a85ef20b3054c4,strict,gt_geometry,0,16,0,0,16,0
e6a85ef20b3054c4,operational,score,0,0,16,0,0,0
e6a85ef20b3054c4,operational,pareto,10,10,6,1,1,9
e6a85ef20b3054c4,operational,gt_geometry,16,16,0,10,10,6
d2b1e07b5d38547e,strict,score,0,16,0,0,16,0
d2b1e07b5d38547e,strict,pareto,0,16,0,0,16,0
d2b1e07b5d38547e,strict,gt_geometry,0,16,0,0,16,0
d2b1e07b5d38547e,operational,score,0,0,16,0,0,0
d2b1e07b5d38547e,operational,pareto,1,1,15,1,1,0
d2b1e07b5d38547e,operational,gt_geometry,16,16,0,16,16,0
56faab1d1228542e,strict,score,0,16,0,0,16,0
56faab1d1228542e,strict,pareto,0,16,0,0,16,0
56faab1d1228542e,strict,gt_geometry,0,16,0,0,16,0
56faab1d1228542e,operational,score,0,0,16,0,0,0
56faab1d1228542e,operational,pareto,0,0,16,0,0,0
56faab1d1228542e,operational,gt_geometry,16,16,0,16,16,0
a5aa2c07692a5f9b,strict,score,0,16,0,0,16,0
a5aa2c07692a5f9b,strict,pareto,0,16,0,0,16,0
a5aa2c07692a5f9b,strict,gt_geometry,0,16,0,0,16,0
a5aa2c07692a5f9b,operational,score,0,0,16,0,0,0
a5aa2c07692a5f9b,operational,pareto,0,0,16,0,0,0
a5aa2c07692a5f9b,operational,gt_geometry,16,16,0,9,9,7
ccb3b418f0a45229,strict,score,0,16,0,0,16,0
ccb3b418f0a45229,strict,pareto,0,16,0,0,16,0
ccb3b418f0a45229,strict,gt_geometry,0,16,0,0,16,0
ccb3b418f0a45229,operational,score,0,0,16,0,0,0
ccb3b418f0a45229,operational,pareto,0,0,16,0,0,0
ccb3b418f0a45229,operational,gt_geometry,15,15,1,5,5,10
9e326c77e25f526d,strict,score,0,16,0,0,16,0
9e326c77e25f526d,strict,pareto,0,16,0,0,16,0
9e326c77e25f526d,strict,gt_geometry,0,16,0,0,16,0
9e326c77e25f526d,operational,score,0,0,16,0,0,0
9e326c77e25f526d,operational,pareto,0,0,16,0,0,0
9e326c77e25f526d,operational,gt_geometry,16,16,0,16,16,0
a11285de52f553a7,strict,score,0,16,0,0,16,0
a11285de52f553a7,strict,pareto,0,16,0,0,16,0
a11285de52f553a7,strict,gt_geometry,0,16,0,0,16,0
a11285de52f553a7,operational,score,0,0,16,0,0,0
a11285de52f553a7,operational,pareto,1,1,15,1,1,0
a11285de52f553a7,operational,gt_geometry,16,16,0,16,16,0
b3b328a0d89255ea,strict,score,0,16,0,0,16,0
b3b328a0d89255ea,strict,pareto,0,16,0,0,16,0
b3b328a0d89255ea,strict,gt_geometry,0,16,0,0,16,0
b3b328a0d89255ea,operational,score,0,0,16,0,0,0
b3b328a0d89255ea,operational,pareto,4,4,12,2,2,2
b3b328a0d89255ea,operational,gt_geometry,16,16,0,11,11,5
ab7c0c62ea5d56df,strict,score,0,16,0,0,16,0
ab7c0c62ea5d56df,strict,pareto,0,16,0,0,16,0
ab7c0c62ea5d56df,strict,gt_geometry,0,16,0,0,16,0
ab7c0c62ea5d56df,operational,score,0,0,16,0,0,0
ab7c0c62ea5d56df,operational,pareto,7,7,9,2,2,5
ab7c0c62ea5d56df,operational,gt_geometry,16,16,0,12,12,4
822b5a4a2e075ace,strict,score,0,16,0,0,16,0
822b5a4a2e075ace,strict,pareto,0,16,0,0,16,0
822b5a4a2e075ace,strict,gt_geometry,0,16,0,0,16,0
822b5a4a2e075ace,operational,score,0,0,16,0,0,0
822b5a4a2e075ace,operational,pareto,0,0,16,0,0,0
822b5a4a2e075ace,operational,gt_geometry,16,16,0,16,16,0
6ee8095e2d8b599c,strict,score,0,16,0,0,16,0
6ee8095e2d8b599c,strict,pareto,0,16,0,0,16,0
6ee8095e2d8b599c,strict,gt_geometry,0,16,0,0,16,0
6ee8095e2d8b599c,operational,score,0,0,16,0,0,0
6ee8095e2d8b599c,operational,pareto,0,0,16,0,0,0
6ee8095e2d8b599c,operational,gt_geometry,16,16,0,14,14,2
e536a7424867539d,strict,score,0,16,0,0,16,0
e536a7424867539d,strict,pareto,0,16,0,0,16,0
e536a7424867539d,strict,gt_geometry,0,16,0,0,16,0
e536a7424867539d,operational,score,0,0,16,0,0,0
e536a7424867539d,operational,pareto,0,0,16,0,0,0
e536a7424867539d,operational,gt_geometry,16,16,0,7,7,9
228bc7a51ce85114,strict,score,0,16,0,0,16,0
228bc7a51ce85114,strict,pareto,0,16,0,0,16,0
228bc7a51ce85114,strict,gt_geometry,0,16,0,0,16,0
228bc7a51ce85114,operational,score,0,0,16,0,0,0
228bc7a51ce85114,operational,pareto,1,1,15,1,1,0
228bc7a51ce85114,operational,gt_geometry,14,14,2,14,14,0
b386322960ff5784,strict,score,0,16,0,0,16,0
b386322960ff5784,strict,pareto,0,16,0,0,16,0
b386322960ff5784,strict,gt_geometry,0,16,0,0,16,0
b386322960ff5784,operational,score,0,0,16,0,0,0
b386322960ff5784,operational,pareto,2,2,14,1,1,1
b386322960ff5784,operational,gt_geometry,13,13,3,12,12,1
1779dc029c945352,strict,score,0,16,0,0,16,0
1779dc029c945352,strict,pareto,0,16,0,0,16,0
1779dc029c945352,strict,gt_geometry,0,16,0,0,16,0
1779dc029c945352,operational,score,0,0,16,0,0,0
1779dc029c945352,operational,pareto,0,0,16,0,0,0
1779dc029c945352,operational,gt_geometry,15,15,1,10,10,5
e66f72e612d05320,strict,score,0,16,0,0,16,0
e66f72e612d05320,strict,pareto,0,16,0,0,16,0
e66f72e612d05320,strict,gt_geometry,0,16,0,0,16,0
e66f72e612d05320,operational,score,0,0,16,0,0,0
e66f72e612d05320,operational,pareto,0,0,16,0,0,0
e66f72e612d05320,operational,gt_geometry,16,16,0,16,16,0
8a7b81e3d8ec589e,strict,score,0,16,0,0,16,0
8a7b81e3d8ec589e,strict,pareto,0,16,0,0,16,0
8a7b81e3d8ec589e,strict,gt_geometry,0,16,0,0,16,0
8a7b81e3d8ec589e,operational,score,0,0,16,0,0,0
8a7b81e3d8ec589e,operational,pareto,0,0,16,0,0,0
8a7b81e3d8ec589e,operational,gt_geometry,16,16,0,16,16,0
79d01df5793f5d1a,strict,score,0,16,0,0,16,0
79d01df5793f5d1a,strict,pareto,0,16,0,0,16,0
79d01df5793f5d1a,strict,gt_geometry,0,16,0,0,16,0
79d01df5793f5d1a,operational,score,0,0,16,0,0,0
79d01df5793f5d1a,operational,pareto,7,7,9,0,0,7
79d01df5793f5d1a,operational,gt_geometry,16,16,0,16,16,0
78273a4b69465c1f,strict,score,0,16,0,0,16,0
78273a4b69465c1f,strict,pareto,0,16,0,0,16,0
78273a4b69465c1f,strict,gt_geometry,0,16,0,0,16,0
78273a4b69465c1f,operational,score,0,0,16,0,0,0
78273a4b69465c1f,operational,pareto,0,0,16,0,0,0
78273a4b69465c1f,operational,gt_geometry,15,15,1,8,8,7
e9c9a2873a275365,strict,score,0,16,0,0,16,0
e9c9a2873a275365,strict,pareto,0,16,0,0,16,0
e9c9a2873a275365,strict,gt_geometry,0,16,0,0,16,0
e9c9a2873a275365,operational,score,0,0,16,0,0,0
e9c9a2873a275365,operational,pareto,1,1,15,0,0,1
e9c9a2873a275365,operational,gt_geometry,15,15,1,12,12,3
063ebdc4cd7e5bd9,strict,score,0,16,0,0,16,0
063ebdc4cd7e5bd9,strict,pareto,0,16,0,0,16,0
063ebdc4cd7e5bd9,strict,gt_geometry,0,16,0,0,16,0
063ebdc4cd7e5bd9,operational,score,0,0,16,0,0,0
063ebdc4cd7e5bd9,operational,pareto,0,0,16,0,0,0
063ebdc4cd7e5bd9,operational,gt_geometry,16,16,0,16,16,0
40b18724a90f5919,strict,score,0,16,0,0,16,0
40b18724a90f5919,strict,pareto,0,16,0,0,16,0
40b18724a90f5919,strict,gt_geometry,0,16,0,0,16,0
40b18724a90f5919,operational,score,0,0,16,0,0,0
40b18724a90f5919,operational,pareto,0,0,16,0,0,0
40b18724a90f5919,operational,gt_geometry,16,16,0,9,9,7
7f6ac29877365766,strict,score,0,16,0,0,16,0
7f6ac29877365766,strict,pareto,0,16,0,0,16,0
7f6ac29877365766,strict,gt_geometry,0,16,0,0,16,0
7f6ac29877365766,operational,score,0,0,16,0,0,0
7f6ac29877365766,operational,pareto,0,0,16,0,0,0
7f6ac29877365766,operational,gt_geometry,16,16,0,16,16,0
2617f0cd70705817,strict,score,0,16,0,0,16,0
2617f0cd70705817,strict,pareto,0,16,0,0,16,0
2617f0cd70705817,strict,gt_geometry,0,16,0,0,16,0
2617f0cd70705817,operational,score,0,0,16,0,0,0
2617f0cd70705817,operational,pareto,0,0,16,0,0,0
2617f0cd70705817,operational,gt_geometry,16,16,0,10,10,6
9356731128d95d59,strict,score,0,16,0,0,16,0
9356731128d95d59,strict,pareto,0,16,0,0,16,0
9356731128d95d59,strict,gt_geometry,0,16,0,0,16,0
9356731128d95d59,operational,score,0,0,16,0,0,0
9356731128d95d59,operational,pareto,0,0,16,0,0,0
9356731128d95d59,operational,gt_geometry,13,13,3,6,6,7
d68f1142da63586f,strict,score,0,16,0,0,16,0
d68f1142da63586f,strict,pareto,0,16,0,0,16,0
d68f1142da63586f,strict,gt_geometry,0,16,0,0,16,0
d68f1142da63586f,operational,score,0,0,16,0,0,0
d68f1142da63586f,operational,pareto,0,0,16,0,0,0
d68f1142da63586f,operational,gt_geometry,16,16,0,16,16,0
8c4982f5d16e51a8,strict,score,0,16,0,0,16,0
8c4982f5d16e51a8,strict,pareto,0,16,0,0,16,0
8c4982f5d16e51a8,strict,gt_geometry,0,16,0,0,16,0
8c4982f5d16e51a8,operational,score,0,0,16,0,0,0
8c4982f5d16e51a8,operational,pareto,0,0,16,0,0,0
8c4982f5d16e51a8,operational,gt_geometry,16,16,0,16,16,0
75b56424b7eb5ac6,strict,score,0,16,0,0,16,0
75b56424b7eb5ac6,strict,pareto,0,16,0,0,16,0
75b56424b7eb5ac6,strict,gt_geometry,0,16,0,0,16,0
75b56424b7eb5ac6,operational,score,0,0,16,0,0,0
75b56424b7eb5ac6,operational,pareto,0,0,16,0,0,0
75b56424b7eb5ac6,operational,gt_geometry,15,15,1,11,11,4
12264b570ba358e9,strict,score,0,16,0,0,16,0
12264b570ba358e9,strict,pareto,0,16,0,0,16,0
12264b570ba358e9,strict,gt_geometry,0,16,0,0,16,0
12264b570ba358e9,operational,score,0,0,16,0,0,0
12264b570ba358e9,operational,pareto,7,7,9,2,2,5
12264b570ba358e9,operational,gt_geometry,16,16,0,16,16,0
2320cdddd8465622,strict,score,0,16,0,0,16,0
2320cdddd8465622,strict,pareto,0,16,0,0,16,0
2320cdddd8465622,strict,gt_geometry,0,16,0,0,16,0
2320cdddd8465622,operational,score,0,0,16,0,0,0
2320cdddd8465622,operational,pareto,0,0,16,0,0,0
2320cdddd8465622,operational,gt_geometry,15,15,1,11,11,4
5fec23f5a5d052cd,strict,score,0,16,0,0,16,0
5fec23f5a5d052cd,strict,pareto,0,16,0,0,16,0
5fec23f5a5d052cd,strict,gt_geometry,0,16,0,0,16,0
5fec23f5a5d052cd,operational,score,0,0,16,0,0,0
5fec23f5a5d052cd,operational,pareto,0,0,16,0,0,0
5fec23f5a5d052cd,operational,gt_geometry,16,16,0,16,16,0
a3d8003852145a71,strict,score,0,16,0,0,16,0
a3d8003852145a71,strict,pareto,0,16,0,0,16,0
a3d8003852145a71,strict,gt_geometry,0,16,0,0,16,0
a3d8003852145a71,operational,score,0,0,16,0,0,0
a3d8003852145a71,operational,pareto,0,0,16,0,0,0
a3d8003852145a71,operational,gt_geometry,16,16,0,12,12,4
fadbd438f57e5612,strict,score,0,16,0,0,16,0
fadbd438f57e5612,strict,pareto,0,16,0,0,16,0
fadbd438f57e5612,strict,gt_geometry,0,16,0,0,16,0
fadbd438f57e5612,operational,score,0,0,16,0,0,0
fadbd438f57e5612,operational,pareto,0,0,16,0,0,0
fadbd438f57e5612,operational,gt_geometry,14,14,2,10,10,4
23ba8f4aee055e34,strict,score,0,16,0,0,16,0
23ba8f4aee055e34,strict,pareto,0,16,0,0,16,0
23ba8f4aee055e34,strict,gt_geometry,0,16,0,0,16,0
23ba8f4aee055e34,operational,score,0,0,16,0,0,0
23ba8f4aee055e34,operational,pareto,6,6,10,0,0,6
23ba8f4aee055e34,operational,gt_geometry,16,16,0,16,16,0
edf80e77e2e65098,strict,score,0,16,0,0,16,0
edf80e77e2e65098,strict,pareto,0,16,0,0,16,0
edf80e77e2e65098,strict,gt_geometry,0,16,0,0,16,0
edf80e77e2e65098,operational,score,0,0,16,0,0,0
edf80e77e2e65098,operational,pareto,2,2,14,2,2,0
edf80e77e2e65098,operational,gt_geometry,16,16,0,16,16,0
ec646e4956125fcf,strict,score,0,16,0,0,16,0
ec646e4956125fcf,strict,pareto,0,16,0,0,16,0
ec646e4956125fcf,strict,gt_geometry,0,16,0,0,16,0
ec646e4956125fcf,operational,score,0,0,16,0,0,0
ec646e4956125fcf,operational,pareto,0,0,16,0,0,0
ec646e4956125fcf,operational,gt_geometry,16,16,0,16,16,0
9069684898175278,strict,score,0,16,0,0,16,0
9069684898175278,strict,pareto,0,16,0,0,16,0
9069684898175278,strict,gt_geometry,0,16,0,0,16,0
9069684898175278,operational,score,0,0,16,0,0,0
9069684898175278,operational,pareto,2,2,14,2,2,0
9069684898175278,operational,gt_geometry,16,16,0,16,16,0
c83e41bd3afa534c,strict,score,0,16,0,0,16,0
c83e41bd3afa534c,strict,pareto,0,16,0,0,16,0
c83e41bd3afa534c,strict,gt_geometry,0,16,0,0,16,0
c83e41bd3afa534c,operational,score,0,0,16,0,0,0
c83e41bd3afa534c,operational,pareto,3,3,13,3,3,0
c83e41bd3afa534c,operational,gt_geometry,16,16,0,16,16,0
c3fa71763867515b,strict,score,0,16,0,0,16,0
c3fa71763867515b,strict,pareto,0,16,0,0,16,0
c3fa71763867515b,strict,gt_geometry,0,16,0,0,16,0
c3fa71763867515b,operational,score,0,0,16,0,0,0
c3fa71763867515b,operational,pareto,0,0,16,0,0,0
c3fa71763867515b,operational,gt_geometry,7,7,9,7,7,0
43916f0a6f7f5717,strict,score,0,16,0,0,16,0
43916f0a6f7f5717,strict,pareto,0,16,0,0,16,0
43916f0a6f7f5717,strict,gt_geometry,0,16,0,0,16,0
43916f0a6f7f5717,operational,score,0,0,16,0,0,0
43916f0a6f7f5717,operational,pareto,8,8,8,1,1,7
43916f0a6f7f5717,operational,gt_geometry,16,16,0,16,16,0
e8bd03529c905c16,strict,score,0,16,0,0,16,0
e8bd03529c905c16,strict,pareto,0,16,0,0,16,0
e8bd03529c905c16,strict,gt_geometry,0,16,0,0,16,0
e8bd03529c905c16,operational,score,0,0,16,0,0,0
e8bd03529c905c16,operational,pareto,0,0,16,0,0,0
e8bd03529c905c16,operational,gt_geometry,15,15,1,6,6,9
130e725a1594571f,strict,score,0,16,0,0,16,0
130e725a1594571f,strict,pareto,0,16,0,0,16,0
130e725a1594571f,strict,gt_geometry,0,16,0,0,16,0
130e725a1594571f,operational,score,0,0,16,0,0,0
130e725a1594571f,operational,pareto,1,1,15,1,1,0
130e725a1594571f,operational,gt_geometry,15,15,1,15,15,0
03d9c9a7f1655e53,strict,score,0,16,0,0,16,0
03d9c9a7f1655e53,strict,pareto,0,16,0,0,16,0
03d9c9a7f1655e53,strict,gt_geometry,0,16,0,0,16,0
03d9c9a7f1655e53,operational,score,0,0,16,0,0,0
03d9c9a7f1655e53,operational,pareto,0,0,16,0,0,0
03d9c9a7f1655e53,operational,gt_geometry,16,16,0,16,16,0
3c84060e9d245ad7,strict,score,0,16,0,0,16,0
3c84060e9d245ad7,strict,pareto,0,16,0,0,16,0
3c84060e9d245ad7,strict,gt_geometry,0,16,0,0,16,0
3c84060e9d245ad7,operational,score,0,0,16,0,0,0
3c84060e9d245ad7,operational,pareto,1,1,15,1,1,0
3c84060e9d245ad7,operational,gt_geometry,16,16,0,16,16,0
440da7a31b255ef9,strict,score,0,16,0,0,16,0
440da7a31b255ef9,strict,pareto,0,16,0,0,16,0
440da7a31b255ef9,strict,gt_geometry,0,16,0,0,16,0
440da7a31b255ef9,operational,score,0,0,16,0,0,0
440da7a31b255ef9,operational,pareto,0,0,16,0,0,0
440da7a31b255ef9,operational,gt_geometry,16,16,0,13,13,3
8deb3aea4c075024,strict,score,0,16,0,0,16,0
8deb3aea4c075024,strict,pareto,0,16,0,0,16,0
8deb3aea4c075024,strict,gt_geometry,0,16,0,0,16,0
8deb3aea4c075024,operational,score,0,0,16,0,0,0
8deb3aea4c075024,operational,pareto,0,0,16,0,0,0
8deb3aea4c075024,operational,gt_geometry,16,16,0,11,11,5
fa72914538895375,strict,score,0,16,0,0,16,0
fa72914538895375,strict,pareto,0,16,0,0,16,0
fa72914538895375,strict,gt_geometry,0,16,0,0,16,0
fa72914538895375,operational,score,0,0,16,0,0,0
fa72914538895375,operational,pareto,0,0,16,0,0,0
fa72914538895375,operational,gt_geometry,15,15,1,10,10,5
095453a7aea65260,strict,score,0,16,0,0,16,0
095453a7aea65260,strict,pareto,0,16,0,0,16,0
095453a7aea65260,strict,gt_geometry,0,16,0,0,16,0
095453a7aea65260,operational,score,0,0,16,0,0,0
095453a7aea65260,operational,pareto,0,0,16,0,0,0
095453a7aea65260,operational,gt_geometry,16,16,0,16,16,0
b5a136c8bff95db6,strict,score,0,16,0,0,16,0
b5a136c8bff95db6,strict,pareto,0,16,0,0,16,0
b5a136c8bff95db6,strict,gt_geometry,0,16,0,0,16,0
b5a136c8bff95db6,operational,score,0,0,16,0,0,0
b5a136c8bff95db6,operational,pareto,0,0,16,0,0,0
b5a136c8bff95db6,operational,gt_geometry,15,15,1,11,11,4
16cf679d9cd35d85,strict,score,0,16,0,0,16,0
16cf679d9cd35d85,strict,pareto,0,16,0,0,16,0
16cf679d9cd35d85,strict,gt_geometry,0,16,0,0,16,0
16cf679d9cd35d85,operational,score,0,0,16,0,0,0
16cf679d9cd35d85,operational,pareto,0,0,16,0,0,0
16cf679d9cd35d85,operational,gt_geometry,16,16,0,16,16,0
0424e5fd9a5c5e60,strict,score,0,16,0,0,16,0
0424e5fd9a5c5e60,strict,pareto,0,16,0,0,16,0
0424e5fd9a5c5e60,strict,gt_geometry,0,16,0,0,16,0
0424e5fd9a5c5e60,operational,score,0,0,16,0,0,0
0424e5fd9a5c5e60,operational,pareto,0,0,16,0,0,0
0424e5fd9a5c5e60,operational,gt_geometry,16,16,0,16,16,0
97de4a69dec65c80,strict,score,0,16,0,0,16,0
97de4a69dec65c80,strict,pareto,0,16,0,0,16,0
97de4a69dec65c80,strict,gt_geometry,0,16,0,0,16,0
97de4a69dec65c80,operational,score,0,0,16,0,0,0
97de4a69dec65c80,operational,pareto,4,4,12,4,4,0
97de4a69dec65c80,operational,gt_geometry,16,16,0,16,16,0
e5a8e75d4450516b,strict,score,0,16,0,0,16,0
e5a8e75d4450516b,strict,pareto,0,16,0,0,16,0
e5a8e75d4450516b,strict,gt_geometry,0,16,0,0,16,0
e5a8e75d4450516b,operational,score,0,0,16,0,0,0
e5a8e75d4450516b,operational,pareto,0,0,16,0,0,0
e5a8e75d4450516b,operational,gt_geometry,16,16,0,16,16,0
4669e83db7965ed0,strict,score,0,16,0,0,16,0
4669e83db7965ed0,strict,pareto,0,16,0,0,16,0
4669e83db7965ed0,strict,gt_geometry,0,16,0,0,16,0
4669e83db7965ed0,operational,score,0,0,16,0,0,0
4669e83db7965ed0,operational,pareto,0,0,16,0,0,0
4669e83db7965ed0,operational,gt_geometry,16,16,0,16,16,0
00bbc908bd5758e6,strict,score,0,16,0,0,16,0
00bbc908bd5758e6,strict,pareto,0,16,0,0,16,0
00bbc908bd5758e6,strict,gt_geometry,0,16,0,0,16,0
00bbc908bd5758e6,operational,score,0,0,16,0,0,0
00bbc908bd5758e6,operational,pareto,0,0,16,0,0,0
00bbc908bd5758e6,operational,gt_geometry,15,15,1,9,9,6
97f64f5b130055b0,strict,score,0,16,0,0,16,0
97f64f5b130055b0,strict,pareto,0,16,0,0,16,0
97f64f5b130055b0,strict,gt_geometry,0,16,0,0,16,0
97f64f5b130055b0,operational,score,0,0,16,0,0,0
97f64f5b130055b0,operational,pareto,0,0,16,0,0,0
97f64f5b130055b0,operational,gt_geometry,16,16,0,16,16,0
101da9987c395ba4,strict,score,0,16,0,0,16,0
101da9987c395ba4,strict,pareto,0,16,0,0,16,0
101da9987c395ba4,strict,gt_geometry,0,16,0,0,16,0
101da9987c395ba4,operational,score,0,0,16,0,0,0
101da9987c395ba4,operational,pareto,0,0,16,0,0,0
101da9987c395ba4,operational,gt_geometry,16,16,0,16,16,0
e20db842c987530f,strict,score,0,16,0,0,16,0
e20db842c987530f,strict,pareto,0,16,0,0,16,0
e20db842c987530f,strict,gt_geometry,0,16,0,0,16,0
e20db842c987530f,operational,score,0,0,16,0,0,0
e20db842c987530f,operational,pareto,0,0,16,0,0,0
e20db842c987530f,operational,gt_geometry,15,15,1,14,14,1
d14c834404a75404,strict,score,0,16,0,0,16,0
d14c834404a75404,strict,pareto,0,16,0,0,16,0
d14c834404a75404,strict,gt_geometry,0,16,0,0,16,0
d14c834404a75404,operational,score,0,0,16,0,0,0
d14c834404a75404,operational,pareto,5,5,11,2,2,3
d14c834404a75404,operational,gt_geometry,15,15,1,4,4,11
b20465ed49f953d3,strict,score,0,16,0,0,16,0
b20465ed49f953d3,strict,pareto,0,16,0,0,16,0
b20465ed49f953d3,strict,gt_geometry,0,16,0,0,16,0
b20465ed49f953d3,operational,score,0,0,16,0,0,0
b20465ed49f953d3,operational,pareto,0,0,16,0,0,0
b20465ed49f953d3,operational,gt_geometry,16,16,0,16,16,0
f6741cbf60265367,strict,score,0,16,0,0,16,0
f6741cbf60265367,strict,pareto,0,16,0,0,16,0
f6741cbf60265367,strict,gt_geometry,0,16,0,0,16,0
f6741cbf60265367,operational,score,0,0,16,0,0,0
f6741cbf60265367,operational,pareto,0,0,16,0,0,0
f6741cbf60265367,operational,gt_geometry,7,7,9,7,7,0
4df92e2616c75be7,strict,score,0,16,0,0,16,0
4df92e2616c75be7,strict,pareto,0,16,0,0,16,0
4df92e2616c75be7,strict,gt_geometry,0,16,0,0,16,0
4df92e2616c75be7,operational,score,0,0,16,0,0,0
4df92e2616c75be7,operational,pareto,0,0,16,0,0,0
4df92e2616c75be7,operational,gt_geometry,14,14,2,9,9,5
b3a6f577c20d5eb3,strict,score,0,16,0,0,16,0
b3a6f577c20d5eb3,strict,pareto,0,16,0,0,16,0
b3a6f577c20d5eb3,strict,gt_geometry,0,16,0,0,16,0
b3a6f577c20d5eb3,operational,score,0,0,16,0,0,0
b3a6f577c20d5eb3,operational,pareto,0,0,16,0,0,0
b3a6f577c20d5eb3,operational,gt_geometry,15,15,1,8,8,7
d7c39e8608e25e88,strict,score,0,16,0,0,16,0
d7c39e8608e25e88,strict,pareto,0,16,0,0,16,0
d7c39e8608e25e88,strict,gt_geometry,0,16,0,0,16,0
d7c39e8608e25e88,operational,score,0,0,16,0,0,0
d7c39e8608e25e88,operational,pareto,1,1,15,0,0,1
d7c39e8608e25e88,operational,gt_geometry,16,16,0,4,4,12
db42252e1f655f26,strict,score,0,16,0,0,16,0
db42252e1f655f26,strict,pareto,0,16,0,0,16,0
db42252e1f655f26,strict,gt_geometry,0,16,0,0,16,0
db42252e1f655f26,operational,score,0,0,16,0,0,0
db42252e1f655f26,operational,pareto,0,0,16,0,0,0
db42252e1f655f26,operational,gt_geometry,15,15,1,12,12,3
b4375fa743295bd8,strict,score,0,16,0,0,16,0
b4375fa743295bd8,strict,pareto,0,16,0,0,16,0
b4375fa743295bd8,strict,gt_geometry,0,16,0,0,16,0
b4375fa743295bd8,operational,score,0,0,16,0,0,0
b4375fa743295bd8,operational,pareto,0,0,16,0,0,0
b4375fa743295bd8,operational,gt_geometry,15,15,1,11,11,4
5b620dbb3b4d5892,strict,score,0,16,0,0,16,0
5b620dbb3b4d5892,strict,pareto,0,16,0,0,16,0
5b620dbb3b4d5892,strict,gt_geometry,0,16,0,0,16,0
5b620dbb3b4d5892,operational,score,0,0,16,0,0,0
5b620dbb3b4d5892,operational,pareto,1,1,15,0,0,1
5b620dbb3b4d5892,operational,gt_geometry,11,11,5,11,11,0
9a78f0e3d0335345,strict,score,0,16,0,0,16,0
9a78f0e3d0335345,strict,pareto,0,16,0,0,16,0
9a78f0e3d0335345,strict,gt_geometry,0,16,0,0,16,0
9a78f0e3d0335345,operational,score,0,0,16,0,0,0
9a78f0e3d0335345,operational,pareto,0,0,16,0,0,0
9a78f0e3d0335345,operational,gt_geometry,14,14,2,10,10,4
576835726a7c57d4,strict,score,0,16,0,0,16,0
576835726a7c57d4,strict,pareto,0,16,0,0,16,0
576835726a7c57d4,strict,gt_geometry,0,16,0,0,16,0
576835726a7c57d4,operational,score,0,0,16,0,0,0
576835726a7c57d4,operational,pareto,0,0,16,0,0,0
576835726a7c57d4,operational,gt_geometry,15,15,1,13,13,2
23c842d3f001597a,strict,score,0,16,0,0,16,0
23c842d3f001597a,strict,pareto,0,16,0,0,16,0
23c842d3f001597a,strict,gt_geometry,0,16,0,0,16,0
23c842d3f001597a,operational,score,0,0,16,0,0,0
23c842d3f001597a,operational,pareto,1,1,15,1,1,0
23c842d3f001597a,operational,gt_geometry,16,16,0,16,16,0
db4611f3cf8a5db7,strict,score,0,16,0,0,16,0
db4611f3cf8a5db7,strict,pareto,0,16,0,0,16,0
db4611f3cf8a5db7,strict,gt_geometry,0,16,0,0,16,0
db4611f3cf8a5db7,operational,score,0,0,16,0,0,0
db4611f3cf8a5db7,operational,pareto,8,8,8,8,8,0
db4611f3cf8a5db7,operational,gt_geometry,16,16,0,16,16,0
bed1f99d06215f1b,strict,score,0,16,0,0,16,0
bed1f99d06215f1b,strict,pareto,0,16,0,0,16,0
bed1f99d06215f1b,strict,gt_geometry,0,16,0,0,16,0
bed1f99d06215f1b,operational,score,0,0,16,0,0,0
bed1f99d06215f1b,operational,pareto,0,0,16,0,0,0
bed1f99d06215f1b,operational,gt_geometry,16,16,0,16,16,0
770e1697a0255dc8,strict,score,0,16,0,0,16,0
770e1697a0255dc8,strict,pareto,0,16,0,0,16,0
770e1697a0255dc8,strict,gt_geometry,0,16,0,0,16,0
770e1697a0255dc8,operational,score,0,0,16,0,0,0
770e1697a0255dc8,operational,pareto,8,8,8,8,8,0
770e1697a0255dc8,operational,gt_geometry,14,14,2,14,14,0
339d5c1111125971,strict,score,0,16,0,0,16,0
339d5c1111125971,strict,pareto,0,16,0,0,16,0
339d5c1111125971,strict,gt_geometry,0,16,0,0,16,0
339d5c1111125971,operational,score,0,0,16,0,0,0
339d5c1111125971,operational,pareto,1,1,15,1,1,0
339d5c1111125971,operational,gt_geometry,14,14,2,9,9,5
4a5cb683d82059f0,strict,score,0,16,0,0,16,0
4a5cb683d82059f0,strict,pareto,0,16,0,0,16,0
4a5cb683d82059f0,strict,gt_geometry,0,16,0,0,16,0
4a5cb683d82059f0,operational,score,0,0,16,0,0,0
4a5cb683d82059f0,operational,pareto,0,0,16,0,0,0
4a5cb683d82059f0,operational,gt_geometry,8,8,8,8,8,0
6be7246860e057c8,strict,score,0,16,0,0,16,0
6be7246860e057c8,strict,pareto,0,16,0,0,16,0
6be7246860e057c8,strict,gt_geometry,0,16,0,0,16,0
6be7246860e057c8,operational,score,0,0,16,0,0,0
6be7246860e057c8,operational,pareto,0,0,16,0,0,0
6be7246860e057c8,operational,gt_geometry,16,16,0,7,7,9
4c31e06f0fc858a0,strict,score,0,16,0,0,16,0
4c31e06f0fc858a0,strict,pareto,0,16,0,0,16,0
4c31e06f0fc858a0,strict,gt_geometry,0,16,0,0,16,0
4c31e06f0fc858a0,operational,score,0,0,16,0,0,0
4c31e06f0fc858a0,operational,pareto,2,2,14,2,2,0
4c31e06f0fc858a0,operational,gt_geometry,15,15,1,14,14,1
ac2dfd95a1e55c5e,strict,score,0,16,0,0,16,0
ac2dfd95a1e55c5e,strict,pareto,0,16,0,0,16,0
ac2dfd95a1e55c5e,strict,gt_geometry,0,16,0,0,16,0
ac2dfd95a1e55c5e,operational,score,0,0,16,0,0,0
ac2dfd95a1e55c5e,operational,pareto,8,8,8,2,2,6
ac2dfd95a1e55c5e,operational,gt_geometry,16,16,0,16,16,0
664b084487e05ba0,strict,score,0,16,0,0,16,0
664b084487e05ba0,strict,pareto,0,16,0,0,16,0
664b084487e05ba0,strict,gt_geometry,0,16,0,0,16,0
664b084487e05ba0,operational,score,0,0,16,0,0,0
664b084487e05ba0,operational,pareto,0,0,16,0,0,0
664b084487e05ba0,operational,gt_geometry,15,15,1,6,6,9
b4206de96b755fb8,strict,score,0,16,0,0,16,0
b4206de96b755fb8,strict,pareto,0,16,0,0,16,0
b4206de96b755fb8,strict,gt_geometry,0,16,0,0,16,0
b4206de96b755fb8,operational,score,0,0,16,0,0,0
b4206de96b755fb8,operational,pareto,0,0,16,0,0,0
b4206de96b755fb8,operational,gt_geometry,14,14,2,7,7,7
2fd40c15042e53d4,strict,score,0,16,0,0,16,0
2fd40c15042e53d4,strict,pareto,0,16,0,0,16,0
2fd40c15042e53d4,strict,gt_geometry,0,16,0,0,16,0
2fd40c15042e53d4,operational,score,0,0,16,0,0,0
2fd40c15042e53d4,operational,pareto,0,0,16,0,0,0
2fd40c15042e53d4,operational,gt_geometry,16,16,0,10,10,6
fc2be4c9cc135538,strict,score,0,16,0,0,16,0
fc2be4c9cc135538,strict,pareto,0,16,0,0,16,0
fc2be4c9cc135538,strict,gt_geometry,0,16,0,0,16,0
fc2be4c9cc135538,operational,score,0,0,16,0,0,0
fc2be4c9cc135538,operational,pareto,0,0,16,0,0,0
fc2be4c9cc135538,operational,gt_geometry,15,15,1,14,14,1
9ac1e7123b245486,strict,score,0,16,0,0,16,0
9ac1e7123b245486,strict,pareto,0,16,0,0,16,0
9ac1e7123b245486,strict,gt_geometry,0,16,0,0,16,0
9ac1e7123b245486,operational,score,0,0,16,0,0,0
9ac1e7123b245486,operational,pareto,9,9,7,5,5,4
9ac1e7123b245486,operational,gt_geometry,15,15,1,11,11,4
bca73d6fa8f85d39,strict,score,0,16,0,0,16,0
bca73d6fa8f85d39,strict,pareto,0,16,0,0,16,0
bca73d6fa8f85d39,strict,gt_geometry,0,16,0,0,16,0
bca73d6fa8f85d39,operational,score,0,0,16,0,0,0
bca73d6fa8f85d39,operational,pareto,0,0,16,0,0,0
bca73d6fa8f85d39,operational,gt_geometry,15,15,1,12,12,3
f57d194633ae5571,strict,score,0,16,0,0,16,0
f57d194633ae5571,strict,pareto,0,16,0,0,16,0
f57d194633ae5571,strict,gt_geometry,0,16,0,0,16,0
f57d194633ae5571,operational,score,0,0,16,0,0,0
f57d194633ae5571,operational,pareto,0,0,16,0,0,0
f57d194633ae5571,operational,gt_geometry,15,15,1,9,9,6
99d1ae48071a5aec,strict,score,0,16,0,0,16,0
99d1ae48071a5aec,strict,pareto,0,16,0,0,16,0
99d1ae48071a5aec,strict,gt_geometry,0,16,0,0,16,0
99d1ae48071a5aec,operational,score,0,0,16,0,0,0
99d1ae48071a5aec,operational,pareto,0,0,16,0,0,0
99d1ae48071a5aec,operational,gt_geometry,16,16,0,16,16,0
008a9f9434c75b99,strict,score,0,16,0,0,16,0
008a9f9434c75b99,strict,pareto,0,16,0,0,16,0
008a9f9434c75b99,strict,gt_geometry,0,16,0,0,16,0
008a9f9434c75b99,operational,score,0,0,16,0,0,0
008a9f9434c75b99,operational,pareto,1,1,15,1,1,0
008a9f9434c75b99,operational,gt_geometry,16,16,0,8,8,8
dc89cd046c135fae,strict,score,0,16,0,0,16,0
dc89cd046c135fae,strict,pareto,0,16,0,0,16,0
dc89cd046c135fae,strict,gt_geometry,0,16,0,0,16,0
dc89cd046c135fae,operational,score,0,0,16,0,0,0
dc89cd046c135fae,operational,pareto,10,10,6,10,10,0
dc89cd046c135fae,operational,gt_geometry,3,3,13,3,3,0
b5d3d18e7d115933,strict,score,0,16,0,0,16,0
b5d3d18e7d115933,strict,pareto,0,16,0,0,16,0
b5d3d18e7d115933,strict,gt_geometry,0,16,0,0,16,0
b5d3d18e7d115933,operational,score,0,0,16,0,0,0
b5d3d18e7d115933,operational,pareto,2,2,14,2,2,0
b5d3d18e7d115933,operational,gt_geometry,15,15,1,15,15,0
7da1df98fb8e5af0,strict,score,0,16,0,0,16,0
7da1df98fb8e5af0,strict,pareto,0,16,0,0,16,0
7da1df98fb8e5af0,strict,gt_geometry,0,16,0,0,16,0
7da1df98fb8e5af0,operational,score,0,0,16,0,0,0
7da1df98fb8e5af0,operational,pareto,5,5,11,3,3,2
7da1df98fb8e5af0,operational,gt_geometry,15,15,1,6,6,9
af816d6041dd5257,strict,score,0,16,0,0,16,0
af816d6041dd5257,strict,pareto,0,16,0,0,16,0
af816d6041dd5257,strict,gt_geometry,0,16,0,0,16,0
af816d6041dd5257,operational,score,0,0,16,0,0,0
af816d6041dd5257,operational,pareto,1,1,15,0,0,1
af816d6041dd5257,operational,gt_geometry,15,15,1,10,10,5
ec765c8fe97a51bd,strict,score,0,16,0,0,16,0
ec765c8fe97a51bd,strict,pareto,0,16,0,0,16,0
ec765c8fe97a51bd,strict,gt_geometry,0,16,0,0,16,0
ec765c8fe97a51bd,operational,score,0,0,16,0,0,0
ec765c8fe97a51bd,operational,pareto,0,0,16,0,0,0
ec765c8fe97a51bd,operational,gt_geometry,16,16,0,16,16,0
4c188096aeb950bc,strict,score,0,16,0,0,16,0
4c188096aeb950bc,strict,pareto,0,16,0,0,16,0
4c188096aeb950bc,strict,gt_geometry,0,16,0,0,16,0
4c188096aeb950bc,operational,score,0,0,16,0,0,0
4c188096aeb950bc,operational,pareto,0,0,16,0,0,0
4c188096aeb950bc,operational,gt_geometry,16,16,0,15,15,1
392e034cb2a55053,strict,score,0,16,0,0,16,0
392e034cb2a55053,strict,pareto,0,16,0,0,16,0
392e034cb2a55053,strict,gt_geometry,0,16,0,0,16,0
392e034cb2a55053,operational,score,0,0,16,0,0,0
392e034cb2a55053,operational,pareto,0,0,16,0,0,0
392e034cb2a55053,operational,gt_geometry,15,15,1,13,13,2
be6fe40f664154d7,strict,score,0,16,0,0,16,0
be6fe40f664154d7,strict,pareto,0,16,0,0,16,0
be6fe40f664154d7,strict,gt_geometry,0,16,0,0,16,0
be6fe40f664154d7,operational,score,0,0,16,0,0,0
be6fe40f664154d7,operational,pareto,5,5,11,2,2,3
be6fe40f664154d7,operational,gt_geometry,16,16,0,13,13,3
a400f271c6cd51f6,strict,score,0,16,0,0,16,0
a400f271c6cd51f6,strict,pareto,0,16,0,0,16,0
a400f271c6cd51f6,strict,gt_geometry,0,16,0,0,16,0
a400f271c6cd51f6,operational,score,0,0,16,0,0,0
a400f271c6cd51f6,operational,pareto,0,0,16,0,0,0
a400f271c6cd51f6,operational,gt_geometry,15,15,1,13,13,2
e93e621b5e14563f,strict,score,0,16,0,0,16,0
e93e621b5e14563f,strict,pareto,0,16,0,0,16,0
e93e621b5e14563f,strict,gt_geometry,0,16,0,0,16,0
e93e621b5e14563f,operational,score,0,0,16,0,0,0
e93e621b5e14563f,operational,pareto,0,0,16,0,0,0
e93e621b5e14563f,operational,gt_geometry,16,16,0,10,10,6
2e976da85a8b5e5b,strict,score,0,16,0,0,16,0
2e976da85a8b5e5b,strict,pareto,0,16,0,0,16,0
2e976da85a8b5e5b,strict,gt_geometry,0,16,0,0,16,0
2e976da85a8b5e5b,operational,score,0,0,16,0,0,0
2e976da85a8b5e5b,operational,pareto,0,0,16,0,0,0
2e976da85a8b5e5b,operational,gt_geometry,16,16,0,16,16,0
2f4462b637dc5044,strict,score,0,16,0,0,16,0
2f4462b637dc5044,strict,pareto,0,16,0,0,16,0
2f4462b637dc5044,strict,gt_geometry,0,16,0,0,16,0
2f4462b637dc5044,operational,score,0,0,16,0,0,0
2f4462b637dc5044,operational,pareto,1,1,15,1,1,0
2f4462b637dc5044,operational,gt_geometry,16,16,0,16,16,0
b548689d07d15535,strict,score,0,16,0,0,16,0
b548689d07d15535,strict,pareto,0,16,0,0,16,0
b548689d07d15535,strict,gt_geometry,0,16,0,0,16,0
b548689d07d15535,operational,score,0,0,16,0,0,0
b548689d07d15535,operational,pareto,0,0,16,0,0,0
b548689d07d15535,operational,gt_geometry,16,16,0,16,16,0
f696561dbf6055df,strict,score,0,16,0,0,16,0
f696561dbf6055df,strict,pareto,0,16,0,0,16,0
f696561dbf6055df,strict,gt_geometry,0,16,0,0,16,0
f696561dbf6055df,operational,score,0,0,16,0,0,0
f696561dbf6055df,operational,pareto,0,0,16,0,0,0
f696561dbf6055df,operational,gt_geometry,16,16,0,16,16,0
7bb8d2878b1f53cb,strict,score,0,16,0,0,16,0
7bb8d2878b1f53cb,strict,pareto,0,16,0,0,16,0
7bb8d2878b1f53cb,strict,gt_geometry,0,16,0,0,16,0
7bb8d2878b1f53cb,operational,score,0,0,16,0,0,0
7bb8d2878b1f53cb,operational,pareto,0,0,16,0,0,0
7bb8d2878b1f53cb,operational,gt_geometry,14,14,2,12,12,2
bff852b39f62557d,strict,score,0,16,0,0,16,0
bff852b39f62557d,strict,pareto,0,16,0,0,16,0
bff852b39f62557d,strict,gt_geometry,0,16,0,0,16,0
bff852b39f62557d,operational,score,0,0,16,0,0,0
bff852b39f62557d,operational,pareto,0,0,16,0,0,0
bff852b39f62557d,operational,gt_geometry,16,16,0,16,16,0
b940d77be0d45ec9,strict,score,0,16,0,0,16,0
b940d77be0d45ec9,strict,pareto,0,16,0,0,16,0
b940d77be0d45ec9,strict,gt_geometry,0,16,0,0,16,0
b940d77be0d45ec9,operational,score,0,0,16,0,0,0
b940d77be0d45ec9,operational,pareto,0,0,16,0,0,0
b940d77be0d45ec9,operational,gt_geometry,16,16,0,16,16,0
5050ddd89f6850ea,strict,score,0,16,0,0,16,0
5050ddd89f6850ea,strict,pareto,0,16,0,0,16,0
5050ddd89f6850ea,strict,gt_geometry,0,16,0,0,16,0
5050ddd89f6850ea,operational,score,0,0,16,0,0,0
5050ddd89f6850ea,operational,pareto,0,0,16,0,0,0
5050ddd89f6850ea,operational,gt_geometry,15,15,1,11,11,4
31c9a3082fa15d55,strict,score,0,16,0,0,16,0
31c9a3082fa15d55,strict,pareto,0,16,0,0,16,0
31c9a3082fa15d55,strict,gt_geometry,0,16,0,0,16,0
31c9a3082fa15d55,operational,score,0,0,16,0,0,0
31c9a3082fa15d55,operational,pareto,5,5,11,2,2,3
31c9a3082fa15d55,operational,gt_geometry,15,15,1,11,11,4
48f80f817e0656d9,strict,score,0,16,0,0,16,0
48f80f817e0656d9,strict,pareto,0,16,0,0,16,0
48f80f817e0656d9,strict,gt_geometry,0,16,0,0,16,0
48f80f817e0656d9,operational,score,0,0,16,0,0,0
48f80f817e0656d9,operational,pareto,0,0,16,0,0,0
48f80f817e0656d9,operational,gt_geometry,15,15,1,15,15,0
602d680df54553a2,strict,score,0,16,0,0,16,0
602d680df54553a2,strict,pareto,0,16,0,0,16,0
602d680df54553a2,strict,gt_geometry,0,16,0,0,16,0
602d680df54553a2,operational,score,0,0,16,0,0,0
602d680df54553a2,operational,pareto,0,0,16,0,0,0
602d680df54553a2,operational,gt_geometry,16,16,0,12,12,4
cc8872f4a1fb5895,strict,score,0,16,0,0,16,0
cc8872f4a1fb5895,strict,pareto,0,16,0,0,16,0
cc8872f4a1fb5895,strict,gt_geometry,0,16,0,0,16,0
cc8872f4a1fb5895,operational,score,0,0,16,0,0,0
cc8872f4a1fb5895,operational,pareto,6,6,10,0,0,6
cc8872f4a1fb5895,operational,gt_geometry,16,16,0,16,16,0
09d7ac879b745ba7,strict,score,0,16,0,0,16,0
09d7ac879b745ba7,strict,pareto,0,16,0,0,16,0
09d7ac879b745ba7,strict,gt_geometry,0,16,0,0,16,0
09d7ac879b745ba7,operational,score,0,0,16,0,0,0
09d7ac879b745ba7,operational,pareto,0,0,16,0,0,0
09d7ac879b745ba7,operational,gt_geometry,16,16,0,16,16,0
1f22c13b337250e8,strict,score,0,16,0,0,16,0
1f22c13b337250e8,strict,pareto,0,16,0,0,16,0
1f22c13b337250e8,strict,gt_geometry,0,16,0,0,16,0
1f22c13b337250e8,operational,score,0,0,16,0,0,0
1f22c13b337250e8,operational,pareto,0,0,16,0,0,0
1f22c13b337250e8,operational,gt_geometry,15,15,1,5,5,10
df16f52f5bea51cc,strict,score,0,16,0,0,16,0
df16f52f5bea51cc,strict,pareto,0,16,0,0,16,0
df16f52f5bea51cc,strict,gt_geometry,0,16,0,0,16,0
df16f52f5bea51cc,operational,score,0,0,16,0,0,0
df16f52f5bea51cc,operational,pareto,0,0,16,0,0,0
df16f52f5bea51cc,operational,gt_geometry,16,16,0,8,8,8
de8c2538d4305d9d,strict,score,0,16,0,0,16,0
de8c2538d4305d9d,strict,pareto,0,16,0,0,16,0
de8c2538d4305d9d,strict,gt_geometry,0,16,0,0,16,0
de8c2538d4305d9d,operational,score,0,0,16,0,0,0
de8c2538d4305d9d,operational,pareto,1,1,15,1,1,0
de8c2538d4305d9d,operational,gt_geometry,16,16,0,16,16,0
9c7f841d11e6542d,strict,score,0,16,0,0,16,0
9c7f841d11e6542d,strict,pareto,0,16,0,0,16,0
9c7f841d11e6542d,strict,gt_geometry,0,16,0,0,16,0
9c7f841d11e6542d,operational,score,0,0,16,0,0,0
9c7f841d11e6542d,operational,pareto,2,2,14,2,2,0
9c7f841d11e6542d,operational,gt_geometry,11,11,5,11,11,0
89a7b788217c5f67,strict,score,0,16,0,0,16,0
89a7b788217c5f67,strict,pareto,0,16,0,0,16,0
89a7b788217c5f67,strict,gt_geometry,0,16,0,0,16,0
89a7b788217c5f67,operational,score,0,0,16,0,0,0
89a7b788217c5f67,operational,pareto,0,0,16,0,0,0
89a7b788217c5f67,operational,gt_geometry,15,15,1,13,13,2
3d53eff55b2855c2,strict,score,0,16,0,0,16,0
3d53eff55b2855c2,strict,pareto,0,16,0,0,16,0
3d53eff55b2855c2,strict,gt_geometry,0,16,0,0,16,0
3d53eff55b2855c2,operational,score,0,0,16,0,0,0
3d53eff55b2855c2,operational,pareto,0,0,16,0,0,0
3d53eff55b2855c2,operational,gt_geometry,14,14,2,11,11,3
8fb50dd1fb5552df,strict,score,0,16,0,0,16,0
8fb50dd1fb5552df,strict,pareto,0,16,0,0,16,0
8fb50dd1fb5552df,strict,gt_geometry,0,16,0,0,16,0
8fb50dd1fb5552df,operational,score,0,0,16,0,0,0
8fb50dd1fb5552df,operational,pareto,0,0,16,0,0,0
8fb50dd1fb5552df,operational,gt_geometry,15,15,1,11,11,4
1dda1a63c5735182,strict,score,0,16,0,0,16,0
1dda1a63c5735182,strict,pareto,0,16,0,0,16,0
1dda1a63c5735182,strict,gt_geometry,0,16,0,0,16,0
1dda1a63c5735182,operational,score,0,0,16,0,0,0
1dda1a63c5735182,operational,pareto,0,0,16,0,0,0
1dda1a63c5735182,operational,gt_geometry,16,16,0,13,13,3
006cbccbfae95262,strict,score,0,16,0,0,16,0
006cbccbfae95262,strict,pareto,0,16,0,0,16,0
006cbccbfae95262,strict,gt_geometry,0,16,0,0,16,0
006cbccbfae95262,operational,score,0,0,16,0,0,0
006cbccbfae95262,operational,pareto,0,0,16,0,0,0
006cbccbfae95262,operational,gt_geometry,15,15,1,6,6,9
cea771061cb25651,strict,score,0,16,0,0,16,0
cea771061cb25651,strict,pareto,0,16,0,0,16,0
cea771061cb25651,strict,gt_geometry,0,16,0,0,16,0
cea771061cb25651,operational,score,0,0,16,0,0,0
cea771061cb25651,operational,pareto,5,5,11,3,3,2
cea771061cb25651,operational,gt_geometry,13,13,3,9,9,4
053ae221b0d351f5,strict,score,0,16,0,0,16,0
053ae221b0d351f5,strict,pareto,0,16,0,0,16,0
053ae221b0d351f5,strict,gt_geometry,0,16,0,0,16,0
053ae221b0d351f5,operational,score,0,0,16,0,0,0
053ae221b0d351f5,operational,pareto,3,3,13,3,3,0
053ae221b0d351f5,operational,gt_geometry,16,16,0,16,16,0
edfca2d846ee5acf,strict,score,0,16,0,0,16,0
edfca2d846ee5acf,strict,pareto,0,16,0,0,16,0
edfca2d846ee5acf,strict,gt_geometry,0,16,0,0,16,0
edfca2d846ee5acf,operational,score,0,0,16,0,0,0
edfca2d846ee5acf,operational,pareto,6,6,10,6,6,0
edfca2d846ee5acf,operational,gt_geometry,13,13,3,13,13,0
278907212b495e23,strict,score,0,16,0,0,16,0
278907212b495e23,strict,pareto,0,16,0,0,16,0
278907212b495e23,strict,gt_geometry,0,16,0,0,16,0
278907212b495e23,operational,score,0,0,16,0,0,0
278907212b495e23,operational,pareto,0,0,16,0,0,0
278907212b495e23,operational,gt_geometry,16,16,0,16,16,0
449f34ad438e59d2,strict,score,0,16,0,0,16,0
449f34ad438e59d2,strict,pareto,0,16,0,0,16,0
449f34ad438e59d2,strict,gt_geometry,0,16,0,0,16,0
449f34ad438e59d2,operational,score,0,0,16,0,0,0
449f34ad438e59d2,operational,pareto,0,0,16,0,0,0
449f34ad438e59d2,operational,gt_geometry,16,16,0,8,8,8
8c1a989cd94c5c12,strict,score,0,16,0,0,16,0
8c1a989cd94c5c12,strict,pareto,0,16,0,0,16,0
8c1a989cd94c5c12,strict,gt_geometry,0,16,0,0,16,0
8c1a989cd94c5c12,operational,score,0,0,16,0,0,0
8c1a989cd94c5c12,operational,pareto,0,0,16,0,0,0
8c1a989cd94c5c12,operational,gt_geometry,14,14,2,10,10,4
48d4fcc3437755a8,strict,score,0,16,0,0,16,0
48d4fcc3437755a8,strict,pareto,0,16,0,0,16,0
48d4fcc3437755a8,strict,gt_geometry,0,16,0,0,16,0
48d4fcc3437755a8,operational,score,0,0,16,0,0,0
48d4fcc3437755a8,operational,pareto,0,0,16,0,0,0
48d4fcc3437755a8,operational,gt_geometry,16,16,0,16,16,0
13f740d88bf75471,strict,score,0,16,0,0,16,0
13f740d88bf75471,strict,pareto,0,16,0,0,16,0
13f740d88bf75471,strict,gt_geometry,0,16,0,0,16,0
13f740d88bf75471,operational,score,0,0,16,0,0,0
13f740d88bf75471,operational,pareto,0,0,16,0,0,0
13f740d88bf75471,operational,gt_geometry,12,12,4,12,12,0
8eb1bf4722515ad3,strict,score,0,16,0,0,16,0
8eb1bf4722515ad3,strict,pareto,0,16,0,0,16,0
8eb1bf4722515ad3,strict,gt_geometry,0,16,0,0,16,0
8eb1bf4722515ad3,operational,score,0,0,16,0,0,0
8eb1bf4722515ad3,operational,pareto,0,0,16,0,0,0
8eb1bf4722515ad3,operational,gt_geometry,15,15,1,9,9,6
21249a2d4eb25ed6,strict,score,0,16,0,0,16,0
21249a2d4eb25ed6,strict,pareto,0,16,0,0,16,0
21249a2d4eb25ed6,strict,gt_geometry,0,16,0,0,16,0
21249a2d4eb25ed6,operational,score,0,0,16,0,0,0
21249a2d4eb25ed6,operational,pareto,0,0,16,0,0,0
21249a2d4eb25ed6,operational,gt_geometry,15,15,1,10,10,5
3d44a52acf525ec7,strict,score,0,16,0,0,16,0
3d44a52acf525ec7,strict,pareto,0,16,0,0,16,0
3d44a52acf525ec7,strict,gt_geometry,0,16,0,0,16,0
3d44a52acf525ec7,operational,score,0,0,16,0,0,0
3d44a52acf525ec7,operational,pareto,0,0,16,0,0,0
3d44a52acf525ec7,operational,gt_geometry,15,15,1,10,10,5
9fad4614acc251d6,strict,score,0,16,0,0,16,0
9fad4614acc251d6,strict,pareto,0,16,0,0,16,0
9fad4614acc251d6,strict,gt_geometry,0,16,0,0,16,0
9fad4614acc251d6,operational,score,0,0,16,0,0,0
9fad4614acc251d6,operational,pareto,6,6,10,5,5,1
9fad4614acc251d6,operational,gt_geometry,16,16,0,16,16,0
727278e9914354b1,strict,score,0,16,0,0,16,0
727278e9914354b1,strict,pareto,0,16,0,0,16,0
727278e9914354b1,strict,gt_geometry,0,16,0,0,16,0
727278e9914354b1,operational,score,0,0,16,0,0,0
727278e9914354b1,operational,pareto,0,0,16,0,0,0
727278e9914354b1,operational,gt_geometry,15,15,1,10,10,5
9d722cf10d7f5bd1,strict,score,0,16,0,0,16,0
9d722cf10d7f5bd1,strict,pareto,0,16,0,0,16,0
9d722cf10d7f5bd1,strict,gt_geometry,0,16,0,0,16,0
9d722cf10d7f5bd1,operational,score,0,0,16,0,0,0
9d722cf10d7f5bd1,operational,pareto,7,7,9,4,4,3
9d722cf10d7f5bd1,operational,gt_geometry,15,15,1,6,6,9
14d0749e1fc85004,strict,score,0,16,0,0,16,0
14d0749e1fc85004,strict,pareto,0,16,0,0,16,0
14d0749e1fc85004,strict,gt_geometry,0,16,0,0,16,0
14d0749e1fc85004,operational,score,0,0,16,0,0,0
14d0749e1fc85004,operational,pareto,0,0,16,0,0,0
14d0749e1fc85004,operational,gt_geometry,7,7,9,7,7,0
ee05069c50295595,strict,score,0,16,0,0,16,0
ee05069c50295595,strict,pareto,0,16,0,0,16,0
ee05069c50295595,strict,gt_geometry,0,16,0,0,16,0
ee05069c50295595,operational,score,0,0,16,0,0,0
ee05069c50295595,operational,pareto,0,0,16,0,0,0
ee05069c50295595,operational,gt_geometry,15,15,1,12,12,3
5e7dad82583e5536,strict,score,0,16,0,0,16,0
5e7dad82583e5536,strict,pareto,0,16,0,0,16,0
5e7dad82583e5536,strict,gt_geometry,0,16,0,0,16,0
5e7dad82583e5536,operational,score,0,0,16,0,0,0
5e7dad82583e5536,operational,pareto,0,0,16,0,0,0
5e7dad82583e5536,operational,gt_geometry,16,16,0,16,16,0
2c772a570884587c,strict,score,0,16,0,0,16,0
2c772a570884587c,strict,pareto,0,16,0,0,16,0
2c772a570884587c,strict,gt_geometry,0,16,0,0,16,0
2c772a570884587c,operational,score,0,0,16,0,0,0
2c772a570884587c,operational,pareto,0,0,16,0,0,0
2c772a570884587c,operational,gt_geometry,15,15,1,11,11,4
aee904e6c2c35a90,strict,score,0,16,0,0,16,0
aee904e6c2c35a90,strict,pareto,0,16,0,0,16,0
aee904e6c2c35a90,strict,gt_geometry,0,16,0,0,16,0
aee904e6c2c35a90,operational,score,0,0,16,0,0,0
aee904e6c2c35a90,operational,pareto,0,0,16,0,0,0
aee904e6c2c35a90,operational,gt_geometry,16,16,0,16,16,0
0264cfbeb1705e5f,strict,score,0,16,0,0,16,0
0264cfbeb1705e5f,strict,pareto,0,16,0,0,16,0
0264cfbeb1705e5f,strict,gt_geometry,0,16,0,0,16,0
0264cfbeb1705e5f,operational,score,0,0,16,0,0,0
0264cfbeb1705e5f,operational,pareto,0,0,16,0,0,0
0264cfbeb1705e5f,operational,gt_geometry,16,16,0,16,16,0
279ff8e3850c54e2,strict,score,0,16,0,0,16,0
279ff8e3850c54e2,strict,pareto,0,16,0,0,16,0
279ff8e3850c54e2,strict,gt_geometry,0,16,0,0,16,0
279ff8e3850c54e2,operational,score,0,0,16,0,0,0
279ff8e3850c54e2,operational,pareto,0,0,16,0,0,0
279ff8e3850c54e2,operational,gt_geometry,15,15,1,15,15,0
7c767d74b5fb5b5e,strict,score,0,16,0,0,16,0
7c767d74b5fb5b5e,strict,pareto,0,16,0,0,16,0
7c767d74b5fb5b5e,strict,gt_geometry,0,16,0,0,16,0
7c767d74b5fb5b5e,operational,score,0,0,16,0,0,0
7c767d74b5fb5b5e,operational,pareto,0,0,16,0,0,0
7c767d74b5fb5b5e,operational,gt_geometry,16,16,0,16,16,0
5daaf9b25cb558f9,strict,score,0,16,0,0,16,0
5daaf9b25cb558f9,strict,pareto,0,16,0,0,16,0
5daaf9b25cb558f9,strict,gt_geometry,0,16,0,0,16,0
5daaf9b25cb558f9,operational,score,0,0,16,0,0,0
5daaf9b25cb558f9,operational,pareto,1,1,15,0,0,1
5daaf9b25cb558f9,operational,gt_geometry,15,15,1,8,8,7
864f5df8a94a508e,strict,score,0,16,0,0,16,0
864f5df8a94a508e,strict,pareto,0,16,0,0,16,0
864f5df8a94a508e,strict,gt_geometry,0,16,0,0,16,0
864f5df8a94a508e,operational,score,0,0,16,0,0,0
864f5df8a94a508e,operational,pareto,0,0,16,0,0,0
864f5df8a94a508e,operational,gt_geometry,15,15,1,13,13,2
df51d2fef8c25f56,strict,score,0,16,0,0,16,0
df51d2fef8c25f56,strict,pareto,0,16,0,0,16,0
df51d2fef8c25f56,strict,gt_geometry,0,16,0,0,16,0
df51d2fef8c25f56,operational,score,0,0,16,0,0,0
df51d2fef8c25f56,operational,pareto,0,0,16,0,0,0
df51d2fef8c25f56,operational,gt_geometry,15,15,1,10,10,5
ac5b4b33a03c57fe,strict,score,0,16,0,0,16,0
ac5b4b33a03c57fe,strict,pareto,0,16,0,0,16,0
ac5b4b33a03c57fe,strict,gt_geometry,0,16,0,0,16,0
ac5b4b33a03c57fe,operational,score,0,0,16,0,0,0
ac5b4b33a03c57fe,operational,pareto,1,1,15,0,0,1
ac5b4b33a03c57fe,operational,gt_geometry,15,15,1,9,9,6
99adfd4cd925504d,strict,score,0,16,0,0,16,0
99adfd4cd925504d,strict,pareto,0,16,0,0,16,0
99adfd4cd925504d,strict,gt_geometry,0,16,0,0,16,0
99adfd4cd925504d,operational,score,0,0,16,0,0,0
99adfd4cd925504d,operational,pareto,4,4,12,4,4,0
99adfd4cd925504d,operational,gt_geometry,10,10,6,10,10,0
1cba0de871fc5bfb,strict,score,0,16,0,0,16,0
1cba0de871fc5bfb,strict,pareto,0,16,0,0,16,0
1cba0de871fc5bfb,strict,gt_geometry,0,16,0,0,16,0
1cba0de871fc5bfb,operational,score,0,0,16,0,0,0
1cba0de871fc5bfb,operational,pareto,0,0,16,0,0,0
1cba0de871fc5bfb,operational,gt_geometry,16,16,0,11,11,5
f84ac4472da55b91,strict,score,0,16,0,0,16,0
f84ac4472da55b91,strict,pareto,0,16,0,0,16,0
f84ac4472da55b91,strict,gt_geometry,0,16,0,0,16,0
f84ac4472da55b91,operational,score,0,0,16,0,0,0
f84ac4472da55b91,operational,pareto,0,0,16,0,0,0
f84ac4472da55b91,operational,gt_geometry,5,5,11,3,3,2
bcc74e9eaae05ca4,strict,score,0,16,0,0,16,0
bcc74e9eaae05ca4,strict,pareto,0,16,0,0,16,0
bcc74e9eaae05ca4,strict,gt_geometry,0,16,0,0,16,0
bcc74e9eaae05ca4,operational,score,0,0,16,0,0,0
bcc74e9eaae05ca4,operational,pareto,0,0,16,0,0,0
bcc74e9eaae05ca4,operational,gt_geometry,15,15,1,15,15,0
4fe8a056f88154d5,strict,score,0,16,0,0,16,0
4fe8a056f88154d5,strict,pareto,0,16,0,0,16,0
4fe8a056f88154d5,strict,gt_geometry,0,16,0,0,16,0
4fe8a056f88154d5,operational,score,0,0,16,0,0,0
4fe8a056f88154d5,operational,pareto,2,2,14,2,2,0
4fe8a056f88154d5,operational,gt_geometry,16,16,0,16,16,0
16ff52ac5d085cac,strict,score,0,16,0,0,16,0
16ff52ac5d085cac,strict,pareto,0,16,0,0,16,0
16ff52ac5d085cac,strict,gt_geometry,0,16,0,0,16,0
16ff52ac5d085cac,operational,score,0,0,16,0,0,0
16ff52ac5d085cac,operational,pareto,0,0,16,0,0,0
16ff52ac5d085cac,operational,gt_geometry,16,16,0,16,16,0
584a14a3e42050c4,strict,score,0,16,0,0,16,0
584a14a3e42050c4,strict,pareto,0,16,0,0,16,0
584a14a3e42050c4,strict,gt_geometry,0,16,0,0,16,0
584a14a3e42050c4,operational,score,0,0,16,0,0,0
584a14a3e42050c4,operational,pareto,0,0,16,0,0,0
584a14a3e42050c4,operational,gt_geometry,16,16,0,16,16,0
4a5834900788560a,strict,score,0,16,0,0,16,0
4a5834900788560a,strict,pareto,0,16,0,0,16,0
4a5834900788560a,strict,gt_geometry,0,16,0,0,16,0
4a5834900788560a,operational,score,0,0,16,0,0,0
4a5834900788560a,operational,pareto,0,0,16,0,0,0
4a5834900788560a,operational,gt_geometry,16,16,0,16,16,0
e6046882cf485f3a,strict,score,0,16,0,0,16,0
e6046882cf485f3a,strict,pareto,0,16,0,0,16,0
e6046882cf485f3a,strict,gt_geometry,0,16,0,0,16,0
e6046882cf485f3a,operational,score,0,0,16,0,0,0
e6046882cf485f3a,operational,pareto,8,8,8,8,8,0
e6046882cf485f3a,operational,gt_geometry,16,16,0,16,16,0
873f4bc746a55d13,strict,score,0,16,0,0,16,0
873f4bc746a55d13,strict,pareto,0,16,0,0,16,0
873f4bc746a55d13,strict,gt_geometry,0,16,0,0,16,0
873f4bc746a55d13,operational,score,0,0,16,0,0,0
873f4bc746a55d13,operational,pareto,0,0,16,0,0,0
873f4bc746a55d13,operational,gt_geometry,14,14,2,7,7,7
96886b2d240e5275,strict,score,0,16,0,0,16,0
96886b2d240e5275,strict,pareto,0,16,0,0,16,0
96886b2d240e5275,strict,gt_geometry,0,16,0,0,16,0
96886b2d240e5275,operational,score,0,0,16,0,0,0
96886b2d240e5275,operational,pareto,0,0,16,0,0,0
96886b2d240e5275,operational,gt_geometry,15,15,1,14,14,1
190b153cfd3b5302,strict,score,0,16,0,0,16,0
190b153cfd3b5302,strict,pareto,0,16,0,0,16,0
190b153cfd3b5302,strict,gt_geometry,0,16,0,0,16,0
190b153cfd3b5302,operational,score,0,0,16,0,0,0
190b153cfd3b5302,operational,pareto,1,1,15,1,1,0
190b153cfd3b5302,operational,gt_geometry,13,13,3,13,13,0
e1b0455379fd5adf,strict,score,0,16,0,0,16,0
e1b0455379fd5adf,strict,pareto,0,16,0,0,16,0
e1b0455379fd5adf,strict,gt_geometry,0,16,0,0,16,0
e1b0455379fd5adf,operational,score,0,0,16,0,0,0
e1b0455379fd5adf,operational,pareto,0,0,16,0,0,0
e1b0455379fd5adf,operational,gt_geometry,15,15,1,9,9,6
a801ebe0c8a55faf,strict,score,0,16,0,0,16,0
a801ebe0c8a55faf,strict,pareto,0,16,0,0,16,0
a801ebe0c8a55faf,strict,gt_geometry,0,16,0,0,16,0
a801ebe0c8a55faf,operational,score,0,0,16,0,0,0
a801ebe0c8a55faf,operational,pareto,0,0,16,0,0,0
a801ebe0c8a55faf,operational,gt_geometry,15,15,1,7,7,8
8caca31e4dc357be,strict,score,0,16,0,0,16,0
8caca31e4dc357be,strict,pareto,0,16,0,0,16,0
8caca31e4dc357be,strict,gt_geometry,0,16,0,0,16,0
8caca31e4dc357be,operational,score,0,0,16,0,0,0
8caca31e4dc357be,operational,pareto,0,0,16,0,0,0
8caca31e4dc357be,operational,gt_geometry,16,16,0,16,16,0
a8263f179cca558d,strict,score,0,16,0,0,16,0
a8263f179cca558d,strict,pareto,0,16,0,0,16,0
a8263f179cca558d,strict,gt_geometry,0,16,0,0,16,0
a8263f179cca558d,operational,score,0,0,16,0,0,0
a8263f179cca558d,operational,pareto,0,0,16,0,0,0
a8263f179cca558d,operational,gt_geometry,15,15,1,10,10,5
22dddd249c8e5fe4,strict,score,0,16,0,0,16,0
22dddd249c8e5fe4,strict,pareto,0,16,0,0,16,0
22dddd249c8e5fe4,strict,gt_geometry,0,16,0,0,16,0
22dddd249c8e5fe4,operational,score,0,0,16,0,0,0
22dddd249c8e5fe4,operational,pareto,1,1,15,1,1,0
22dddd249c8e5fe4,operational,gt_geometry,15,15,1,14,14,1
bcd578c19d9857ea,strict,score,0,16,0,0,16,0
bcd578c19d9857ea,strict,pareto,0,16,0,0,16,0
bcd578c19d9857ea,strict,gt_geometry,0,16,0,0,16,0
bcd578c19d9857ea,operational,score,0,0,16,0,0,0
bcd578c19d9857ea,operational,pareto,0,0,16,0,0,0
bcd578c19d9857ea,operational,gt_geometry,8,8,8,4,4,4
c4c0b5cb93d85645,strict,score,0,16,0,0,16,0
c4c0b5cb93d85645,strict,pareto,0,16,0,0,16,0
c4c0b5cb93d85645,strict,gt_geometry,0,16,0,0,16,0
c4c0b5cb93d85645,operational,score,0,0,16,0,0,0
c4c0b5cb93d85645,operational,pareto,1,1,15,1,1,0
c4c0b5cb93d85645,operational,gt_geometry,16,16,0,16,16,0
0fae6a22120d5bc2,strict,score,0,16,0,0,16,0
0fae6a22120d5bc2,strict,pareto,0,16,0,0,16,0
0fae6a22120d5bc2,strict,gt_geometry,0,16,0,0,16,0
0fae6a22120d5bc2,operational,score,0,0,16,0,0,0
0fae6a22120d5bc2,operational,pareto,0,0,16,0,0,0
0fae6a22120d5bc2,operational,gt_geometry,14,14,2,10,10,4
9d67b6d20a0256c3,strict,score,0,16,0,0,16,0
9d67b6d20a0256c3,strict,pareto,0,16,0,0,16,0
9d67b6d20a0256c3,strict,gt_geometry,0,16,0,0,16,0
9d67b6d20a0256c3,operational,score,0,0,16,0,0,0
9d67b6d20a0256c3,operational,pareto,3,3,13,1,1,2
9d67b6d20a0256c3,operational,gt_geometry,15,15,1,10,10,5
548d6bf7b63459e7,strict,score,0,16,0,0,16,0
548d6bf7b63459e7,strict,pareto,0,16,0,0,16,0
548d6bf7b63459e7,strict,gt_geometry,0,16,0,0,16,0
548d6bf7b63459e7,operational,score,0,0,16,0,0,0
548d6bf7b63459e7,operational,pareto,6,6,10,4,4,2
548d6bf7b63459e7,operational,gt_geometry,14,14,2,13,13,1
0f44c6e6440654d0,strict,score,0,16,0,0,16,0
0f44c6e6440654d0,strict,pareto,0,16,0,0,16,0
0f44c6e6440654d0,strict,gt_geometry,0,16,0,0,16,0
0f44c6e6440654d0,operational,score,0,0,16,0,0,0
0f44c6e6440654d0,operational,pareto,0,0,16,0,0,0
0f44c6e6440654d0,operational,gt_geometry,15,15,1,6,6,9
85fb576381c15527,strict,score,0,16,0,0,16,0
85fb576381c15527,strict,pareto,0,16,0,0,16,0
85fb576381c15527,strict,gt_geometry,0,16,0,0,16,0
85fb576381c15527,operational,score,0,0,16,0,0,0
85fb576381c15527,operational,pareto,0,0,16,0,0,0
85fb576381c15527,operational,gt_geometry,15,15,1,11,11,4
d79d2c9951f35626,strict,score,0,16,0,0,16,0
d79d2c9951f35626,strict,pareto,0,16,0,0,16,0
d79d2c9951f35626,strict,gt_geometry,0,16,0,0,16,0
d79d2c9951f35626,operational,score,0,0,16,0,0,0
d79d2c9951f35626,operational,pareto,1,1,15,1,1,0
d79d2c9951f35626,operational,gt_geometry,16,16,0,16,16,0
980c4467fdf156c4,strict,score,0,16,0,0,16,0
980c4467fdf156c4,strict,pareto,0,16,0,0,16,0
980c4467fdf156c4,strict,gt_geometry,0,16,0,0,16,0
980c4467fdf156c4,operational,score,0,0,16,0,0,0
980c4467fdf156c4,operational,pareto,8,8,8,1,1,7
980c4467fdf156c4,operational,gt_geometry,15,15,1,7,7,8
11ceee170b09535e,strict,score,0,16,0,0,16,0
11ceee170b09535e,strict,pareto,0,16,0,0,16,0
11ceee170b09535e,strict,gt_geometry,0,16,0,0,16,0
11ceee170b09535e,operational,score,0,0,16,0,0,0
11ceee170b09535e,operational,pareto,0,0,16,0,0,0
11ceee170b09535e,operational,gt_geometry,14,14,2,9,9,5
c550cadc4a515e6b,strict,score,0,16,0,0,16,0
c550cadc4a515e6b,strict,pareto,0,16,0,0,16,0
c550cadc4a515e6b,strict,gt_geometry,0,16,0,0,16,0
c550cadc4a515e6b,operational,score,0,0,16,0,0,0
c550cadc4a515e6b,operational,pareto,1,1,15,1,1,0
c550cadc4a515e6b,operational,gt_geometry,16,16,0,16,16,0
4fdf21ae819f5cf9,strict,score,0,16,0,0,16,0
4fdf21ae819f5cf9,strict,pareto,0,16,0,0,16,0
4fdf21ae819f5cf9,strict,gt_geometry,0,16,0,0,16,0
4fdf21ae819f5cf9,operational,score,0,0,16,0,0,0
4fdf21ae819f5cf9,operational,pareto,6,6,10,5,5,1
4fdf21ae819f5cf9,operational,gt_geometry,16,16,0,7,7,9
9af521b071b75ede,strict,score,0,16,0,0,16,0
9af521b071b75ede,strict,pareto,0,16,0,0,16,0
9af521b071b75ede,strict,gt_geometry,0,16,0,0,16,0
9af521b071b75ede,operational,score,0,0,16,0,0,0
9af521b071b75ede,operational,pareto,0,0,16,0,0,0
9af521b071b75ede,operational,gt_geometry,15,15,1,12,12,3
94fd2d5eaaff5125,strict,score,0,16,0,0,16,0
94fd2d5eaaff5125,strict,pareto,0,16,0,0,16,0
94fd2d5eaaff5125,strict,gt_geometry,0,16,0,0,16,0
94fd2d5eaaff5125,operational,score,0,0,16,0,0,0
94fd2d5eaaff5125,operational,pareto,1,1,15,1,1,0
94fd2d5eaaff5125,operational,gt_geometry,16,16,0,16,16,0
3bfe55c892ef5093,strict,score,0,16,0,0,16,0
3bfe55c892ef5093,strict,pareto,0,16,0,0,16,0
3bfe55c892ef5093,strict,gt_geometry,0,16,0,0,16,0
3bfe55c892ef5093,operational,score,0,0,16,0,0,0
3bfe55c892ef5093,operational,pareto,4,4,12,3,3,1
3bfe55c892ef5093,operational,gt_geometry,15,15,1,10,10,5
76c61e8e77975178,strict,score,0,16,0,0,16,0
76c61e8e77975178,strict,pareto,0,16,0,0,16,0
76c61e8e77975178,strict,gt_geometry,0,16,0,0,16,0
76c61e8e77975178,operational,score,0,0,16,0,0,0
76c61e8e77975178,operational,pareto,0,0,16,0,0,0
76c61e8e77975178,operational,gt_geometry,15,15,1,8,8,7
6aa0f931a89f5d9a,strict,score,0,16,0,0,16,0
6aa0f931a89f5d9a,strict,pareto,0,16,0,0,16,0
6aa0f931a89f5d9a,strict,gt_geometry,0,16,0,0,16,0
6aa0f931a89f5d9a,operational,score,0,0,16,0,0,0
6aa0f931a89f5d9a,operational,pareto,0,0,16,0,0,0
6aa0f931a89f5d9a,operational,gt_geometry,15,15,1,8,8,7
7f3aa59671c45291,strict,score,0,16,0,0,16,0
7f3aa59671c45291,strict,pareto,0,16,0,0,16,0
7f3aa59671c45291,strict,gt_geometry,0,16,0,0,16,0
7f3aa59671c45291,operational,score,0,0,16,0,0,0
7f3aa59671c45291,operational,pareto,0,0,16,0,0,0
7f3aa59671c45291,operational,gt_geometry,16,16,0,10,10,6
c17be2d2a6f65008,strict,score,0,16,0,0,16,0
c17be2d2a6f65008,strict,pareto,0,16,0,0,16,0
c17be2d2a6f65008,strict,gt_geometry,0,16,0,0,16,0
c17be2d2a6f65008,operational,score,0,0,16,0,0,0
c17be2d2a6f65008,operational,pareto,0,0,16,0,0,0
c17be2d2a6f65008,operational,gt_geometry,15,15,1,14,14,1
f6d7cbb8505f5782,strict,score,0,16,0,0,16,0
f6d7cbb8505f5782,strict,pareto,0,16,0,0,16,0
f6d7cbb8505f5782,strict,gt_geometry,0,16,0,0,16,0
f6d7cbb8505f5782,operational,score,0,0,16,0,0,0
f6d7cbb8505f5782,operational,pareto,0,0,16,0,0,0
f6d7cbb8505f5782,operational,gt_geometry,16,16,0,8,8,8
59b4fffb7aef599d,strict,score,0,16,0,0,16,0
59b4fffb7aef599d,strict,pareto,0,16,0,0,16,0
59b4fffb7aef599d,strict,gt_geometry,0,16,0,0,16,0
59b4fffb7aef599d,operational,score,0,0,16,0,0,0
59b4fffb7aef599d,operational,pareto,5,5,11,1,1,4
59b4fffb7aef599d,operational,gt_geometry,15,15,1,10,10,5
5c722cde25ba50d9,strict,score,0,16,0,0,16,0
5c722cde25ba50d9,strict,pareto,0,16,0,0,16,0
5c722cde25ba50d9,strict,gt_geometry,0,16,0,0,16,0
5c722cde25ba50d9,operational,score,0,0,16,0,0,0
5c722cde25ba50d9,operational,pareto,0,0,16,0,0,0
5c722cde25ba50d9,operational,gt_geometry,13,13,3,9,9,4
248aeb1af182529b,strict,score,0,16,0,0,16,0
248aeb1af182529b,strict,pareto,0,16,0,0,16,0
248aeb1af182529b,strict,gt_geometry,0,16,0,0,16,0
248aeb1af182529b,operational,score,0,0,16,0,0,0
248aeb1af182529b,operational,pareto,2,2,14,2,2,0
248aeb1af182529b,operational,gt_geometry,16,16,0,16,16,0
8dff3247e7415c0d,strict,score,0,16,0,0,16,0
8dff3247e7415c0d,strict,pareto,0,16,0,0,16,0
8dff3247e7415c0d,strict,gt_geometry,0,16,0,0,16,0
8dff3247e7415c0d,operational,score,0,0,16,0,0,0
8dff3247e7415c0d,operational,pareto,0,0,16,0,0,0
8dff3247e7415c0d,operational,gt_geometry,13,13,3,10,10,3
df244d376fd85a93,strict,score,0,16,0,0,16,0
df244d376fd85a93,strict,pareto,0,16,0,0,16,0
df244d376fd85a93,strict,gt_geometry,0,16,0,0,16,0
df244d376fd85a93,operational,score,0,0,16,0,0,0
df244d376fd85a93,operational,pareto,0,0,16,0,0,0
df244d376fd85a93,operational,gt_geometry,15,15,1,14,14,1
06f781885ea25f20,strict,score,0,16,0,0,16,0
06f781885ea25f20,strict,pareto,0,16,0,0,16,0
06f781885ea25f20,strict,gt_geometry,0,16,0,0,16,0
06f781885ea25f20,operational,score,0,0,16,0,0,0
06f781885ea25f20,operational,pareto,1,1,15,0,0,1
06f781885ea25f20,operational,gt_geometry,16,16,0,16,16,0
dabc9a6d5e755758,strict,score,0,16,0,0,16,0
dabc9a6d5e755758,strict,pareto,0,16,0,0,16,0
dabc9a6d5e755758,strict,gt_geometry,0,16,0,0,16,0
dabc9a6d5e755758,operational,score,0,0,16,0,0,0
dabc9a6d5e755758,operational,pareto,0,0,16,0,0,0
dabc9a6d5e755758,operational,gt_geometry,16,16,0,16,16,0
666ee535a52a5acc,strict,score,0,16,0,0,16,0
666ee535a52a5acc,strict,pareto,0,16,0,0,16,0
666ee535a52a5acc,strict,gt_geometry,0,16,0,0,16,0
666ee535a52a5acc,operational,score,0,0,16,0,0,0
666ee535a52a5acc,operational,pareto,0,0,16,0,0,0
666ee535a52a5acc,operational,gt_geometry,16,16,0,6,6,10
afe0ef0cd35b57f7,strict,score,0,16,0,0,16,0
afe0ef0cd35b57f7,strict,pareto,0,16,0,0,16,0
afe0ef0cd35b57f7,strict,gt_geometry,0,16,0,0,16,0
afe0ef0cd35b57f7,operational,score,0,0,16,0,0,0
afe0ef0cd35b57f7,operational,pareto,1,1,15,1,1,0
afe0ef0cd35b57f7,operational,gt_geometry,16,16,0,16,16,0
b7d4e7ebc5c75968,strict,score,0,16,0,0,16,0
b7d4e7ebc5c75968,strict,pareto,0,16,0,0,16,0
b7d4e7ebc5c75968,strict,gt_geometry,0,16,0,0,16,0
b7d4e7ebc5c75968,operational,score,0,0,16,0,0,0
b7d4e7ebc5c75968,operational,pareto,0,0,16,0,0,0
b7d4e7ebc5c75968,operational,gt_geometry,16,16,0,16,16,0
bc5eb52653bc5031,strict,score,0,16,0,0,16,0
bc5eb52653bc5031,strict,pareto,0,16,0,0,16,0
bc5eb52653bc5031,strict,gt_geometry,0,16,0,0,16,0
bc5eb52653bc5031,operational,score,0,0,16,0,0,0
bc5eb52653bc5031,operational,pareto,0,0,16,0,0,0
bc5eb52653bc5031,operational,gt_geometry,14,14,2,11,11,3
6793006a7d995092,strict,score,0,16,0,0,16,0
6793006a7d995092,strict,pareto,0,16,0,0,16,0
6793006a7d995092,strict,gt_geometry,0,16,0,0,16,0
6793006a7d995092,operational,score,0,0,16,0,0,0
6793006a7d995092,operational,pareto,0,0,16,0,0,0
6793006a7d995092,operational,gt_geometry,8,8,8,8,8,0
9e7acfb214dd58eb,strict,score,0,16,0,0,16,0
9e7acfb214dd58eb,strict,pareto,0,16,0,0,16,0
9e7acfb214dd58eb,strict,gt_geometry,0,16,0,0,16,0
9e7acfb214dd58eb,operational,score,0,0,16,0,0,0
9e7acfb214dd58eb,operational,pareto,0,0,16,0,0,0
9e7acfb214dd58eb,operational,gt_geometry,14,14,2,6,6,8
6cda2f0cbda156bd,strict,score,0,16,0,0,16,0
6cda2f0cbda156bd,strict,pareto,0,16,0,0,16,0
6cda2f0cbda156bd,strict,gt_geometry,0,16,0,0,16,0
6cda2f0cbda156bd,operational,score,0,0,16,0,0,0
6cda2f0cbda156bd,operational,pareto,0,0,16,0,0,0
6cda2f0cbda156bd,operational,gt_geometry,16,16,0,16,16,0
beea15c8657d59a2,strict,score,0,16,0,0,16,0
beea15c8657d59a2,strict,pareto,0,16,0,0,16,0
beea15c8657d59a2,strict,gt_geometry,0,16,0,0,16,0
beea15c8657d59a2,operational,score,0,0,16,0,0,0
beea15c8657d59a2,operational,pareto,9,9,7,9,9,0
beea15c8657d59a2,operational,gt_geometry,16,16,0,16,16,0
1971c4278e675b9d,strict,score,0,16,0,0,16,0
1971c4278e675b9d,strict,pareto,0,16,0,0,16,0
1971c4278e675b9d,strict,gt_geometry,0,16,0,0,16,0
1971c4278e675b9d,operational,score,0,0,16,0,0,0
1971c4278e675b9d,operational,pareto,0,0,16,0,0,0
1971c4278e675b9d,operational,gt_geometry,12,12,4,8,8,4
c7009bf1a2025be7,strict,score,0,16,0,0,16,0
c7009bf1a2025be7,strict,pareto,0,16,0,0,16,0
c7009bf1a2025be7,strict,gt_geometry,0,16,0,0,16,0
c7009bf1a2025be7,operational,score,0,0,16,0,0,0
c7009bf1a2025be7,operational,pareto,0,0,16,0,0,0
c7009bf1a2025be7,operational,gt_geometry,16,16,0,16,16,0
c37c94fa634f5265,strict,score,0,16,0,0,16,0
c37c94fa634f5265,strict,pareto,0,16,0,0,16,0
c37c94fa634f5265,strict,gt_geometry,0,16,0,0,16,0
c37c94fa634f5265,operational,score,0,0,16,0,0,0
c37c94fa634f5265,operational,pareto,1,1,15,1,1,0
c37c94fa634f5265,operational,gt_geometry,16,16,0,16,16,0
caaf3bef91ac58a3,strict,score,0,16,0,0,16,0
caaf3bef91ac58a3,strict,pareto,0,16,0,0,16,0
caaf3bef91ac58a3,strict,gt_geometry,0,16,0,0,16,0
caaf3bef91ac58a3,operational,score,0,0,16,0,0,0
caaf3bef91ac58a3,operational,pareto,0,0,16,0,0,0
caaf3bef91ac58a3,operational,gt_geometry,12,12,4,8,8,4
89c4479f74c05538,strict,score,0,16,0,0,16,0
89c4479f74c05538,strict,pareto,0,16,0,0,16,0
89c4479f74c05538,strict,gt_geometry,0,16,0,0,16,0
89c4479f74c05538,operational,score,0,0,16,0,0,0
89c4479f74c05538,operational,pareto,0,0,16,0,0,0
89c4479f74c05538,operational,gt_geometry,15,15,1,7,7,8
7f35bb1a29c1549f,strict,score,0,16,0,0,16,0
7f35bb1a29c1549f,strict,pareto,0,16,0,0,16,0
7f35bb1a29c1549f,strict,gt_geometry,0,16,0,0,16,0
7f35bb1a29c1549f,operational,score,0,0,16,0,0,0
7f35bb1a29c1549f,operational,pareto,0,0,16,0,0,0
7f35bb1a29c1549f,operational,gt_geometry,15,15,1,11,11,4
b46befc3e5a756ec,strict,score,0,16,0,0,16,0
b46befc3e5a756ec,strict,pareto,0,16,0,0,16,0
b46befc3e5a756ec,strict,gt_geometry,0,16,0,0,16,0
b46befc3e5a756ec,operational,score,0,0,16,0,0,0
b46befc3e5a756ec,operational,pareto,0,0,16,0,0,0
b46befc3e5a756ec,operational,gt_geometry,15,15,1,15,15,0
f06dec0352685bd7,strict,score,0,16,0,0,16,0
f06dec0352685bd7,strict,pareto,0,16,0,0,16,0
f06dec0352685bd7,strict,gt_geometry,0,16,0,0,16,0
f06dec0352685bd7,operational,score,0,0,16,0,0,0
f06dec0352685bd7,operational,pareto,0,0,16,0,0,0
f06dec0352685bd7,operational,gt_geometry,16,16,0,16,16,0
9956d04c0d275e7d,strict,score,0,16,0,0,16,0
9956d04c0d275e7d,strict,pareto,0,16,0,0,16,0
9956d04c0d275e7d,strict,gt_geometry,0,16,0,0,16,0
9956d04c0d275e7d,operational,score,0,0,16,0,0,0
9956d04c0d275e7d,operational,pareto,0,0,16,0,0,0
9956d04c0d275e7d,operational,gt_geometry,15,15,1,11,11,4
edb7e230c20f542a,strict,score,0,16,0,0,16,0
edb7e230c20f542a,strict,pareto,0,16,0,0,16,0
edb7e230c20f542a,strict,gt_geometry,0,16,0,0,16,0
edb7e230c20f542a,operational,score,0,0,16,0,0,0
edb7e230c20f542a,operational,pareto,8,8,8,8,8,0
edb7e230c20f542a,operational,gt_geometry,5,5,11,4,4,1
bbe9d736a2595720,strict,score,0,16,0,0,16,0
bbe9d736a2595720,strict,pareto,0,16,0,0,16,0
bbe9d736a2595720,strict,gt_geometry,0,16,0,0,16,0
bbe9d736a2595720,operational,score,0,0,16,0,0,0
bbe9d736a2595720,operational,pareto,0,0,16,0,0,0
bbe9d736a2595720,operational,gt_geometry,5,5,11,3,3,2
8f7d5b80e1f85c3c,strict,score,0,16,0,0,16,0
8f7d5b80e1f85c3c,strict,pareto,0,16,0,0,16,0
8f7d5b80e1f85c3c,strict,gt_geometry,0,16,0,0,16,0
8f7d5b80e1f85c3c,operational,score,0,0,16,0,0,0
8f7d5b80e1f85c3c,operational,pareto,1,1,15,1,1,0
8f7d5b80e1f85c3c,operational,gt_geometry,16,16,0,16,16,0
3c9433a90ab05621,strict,score,0,16,0,0,16,0
3c9433a90ab05621,strict,pareto,0,16,0,0,16,0
3c9433a90ab05621,strict,gt_geometry,0,16,0,0,16,0
3c9433a90ab05621,operational,score,0,0,16,0,0,0
3c9433a90ab05621,operational,pareto,0,0,16,0,0,0
3c9433a90ab05621,operational,gt_geometry,11,11,5,9,9,2
b37c26e5cdf853d5,strict,score,0,16,0,0,16,0
b37c26e5cdf853d5,strict,pareto,0,16,0,0,16,0
b37c26e5cdf853d5,strict,gt_geometry,0,16,0,0,16,0
b37c26e5cdf853d5,operational,score,0,0,16,0,0,0
b37c26e5cdf853d5,operational,pareto,0,0,16,0,0,0
b37c26e5cdf853d5,operational,gt_geometry,15,15,1,10,10,5
6dfe97d2aff95bf6,strict,score,0,16,0,0,16,0
6dfe97d2aff95bf6,strict,pareto,0,16,0,0,16,0
6dfe97d2aff95bf6,strict,gt_geometry,0,16,0,0,16,0
6dfe97d2aff95bf6,operational,score,0,0,16,0,0,0
6dfe97d2aff95bf6,operational,pareto,4,4,12,4,4,0
6dfe97d2aff95bf6,operational,gt_geometry,11,11,5,11,11,0
9e66bc21c0d4507d,strict,score,0,16,0,0,16,0
9e66bc21c0d4507d,strict,pareto,0,16,0,0,16,0
9e66bc21c0d4507d,strict,gt_geometry,0,16,0,0,16,0
9e66bc21c0d4507d,operational,score,0,0,16,0,0,0
9e66bc21c0d4507d,operational,pareto,0,0,16,0,0,0
9e66bc21c0d4507d,operational,gt_geometry,16,16,0,11,11,5
121fdf5f01785268,strict,score,0,16,0,0,16,0
121fdf5f01785268,strict,pareto,0,16,0,0,16,0
121fdf5f01785268,strict,gt_geometry,0,16,0,0,16,0
121fdf5f01785268,operational,score,0,0,16,0,0,0
121fdf5f01785268,operational,pareto,2,2,14,2,2,0
121fdf5f01785268,operational,gt_geometry,7,7,9,7,7,0
9349bacb4a225ae3,strict,score,0,16,0,0,16,0
9349bacb4a225ae3,strict,pareto,0,16,0,0,16,0
9349bacb4a225ae3,strict,gt_geometry,0,16,0,0,16,0
9349bacb4a225ae3,operational,score,0,0,16,0,0,0
9349bacb4a225ae3,operational,pareto,2,2,14,2,2,0
9349bacb4a225ae3,operational,gt_geometry,16,16,0,16,16,0
704c2533b66353b5,strict,score,0,16,0,0,16,0
704c2533b66353b5,strict,pareto,0,16,0,0,16,0
704c2533b66353b5,strict,gt_geometry,0,16,0,0,16,0
704c2533b66353b5,operational,score,0,0,16,0,0,0
704c2533b66353b5,operational,pareto,0,0,16,0,0,0
704c2533b66353b5,operational,gt_geometry,16,16,0,16,16,0
4ffc3aacc76d5d43,strict,score,0,16,0,0,16,0
4ffc3aacc76d5d43,strict,pareto,0,16,0,0,16,0
4ffc3aacc76d5d43,strict,gt_geometry,0,16,0,0,16,0
4ffc3aacc76d5d43,operational,score,0,0,16,0,0,0
4ffc3aacc76d5d43,operational,pareto,0,0,16,0,0,0
4ffc3aacc76d5d43,operational,gt_geometry,15,15,1,10,10,5
ea808fbdaf2a5375,strict,score,0,16,0,0,16,0
ea808fbdaf2a5375,strict,pareto,0,16,0,0,16,0
ea808fbdaf2a5375,strict,gt_geometry,0,16,0,0,16,0
ea808fbdaf2a5375,operational,score,0,0,16,0,0,0
ea808fbdaf2a5375,operational,pareto,0,0,16,0,0,0
ea808fbdaf2a5375,operational,gt_geometry,16,16,0,10,10,6
e47dc9b07dd857a3,strict,score,0,16,0,0,16,0
e47dc9b07dd857a3,strict,pareto,0,16,0,0,16,0
e47dc9b07dd857a3,strict,gt_geometry,0,16,0,0,16,0
e47dc9b07dd857a3,operational,score,0,0,16,0,0,0
e47dc9b07dd857a3,operational,pareto,8,8,8,8,8,0
e47dc9b07dd857a3,operational,gt_geometry,12,12,4,12,12,0
0d38caf0c7c650e8,strict,score,0,16,0,0,16,0
0d38caf0c7c650e8,strict,pareto,0,16,0,0,16,0
0d38caf0c7c650e8,strict,gt_geometry,0,16,0,0,16,0
0d38caf0c7c650e8,operational,score,0,0,16,0,0,0
0d38caf0c7c650e8,operational,pareto,6,6,10,6,6,0
0d38caf0c7c650e8,operational,gt_geometry,16,16,0,16,16,0
3ac61ac2f2b652b7,strict,score,0,16,0,0,16,0
3ac61ac2f2b652b7,strict,pareto,0,16,0,0,16,0
3ac61ac2f2b652b7,strict,gt_geometry,0,16,0,0,16,0
3ac61ac2f2b652b7,operational,score,0,0,16,0,0,0
3ac61ac2f2b652b7,operational,pareto,0,0,16,0,0,0
3ac61ac2f2b652b7,operational,gt_geometry,15,15,1,14,14,1
0d9f56cc8fa15657,strict,score,0,16,0,0,16,0
0d9f56cc8fa15657,strict,pareto,0,16,0,0,16,0
0d9f56cc8fa15657,strict,gt_geometry,0,16,0,0,16,0
0d9f56cc8fa15657,operational,score,0,0,16,0,0,0
0d9f56cc8fa15657,operational,pareto,0,0,16,0,0,0
0d9f56cc8fa15657,operational,gt_geometry,15,15,1,10,10,5
296345c58a77547f,strict,score,0,16,0,0,16,0
296345c58a77547f,strict,pareto,0,16,0,0,16,0
296345c58a77547f,strict,gt_geometry,0,16,0,0,16,0
296345c58a77547f,operational,score,0,0,16,0,0,0
296345c58a77547f,operational,pareto,1,1,15,1,1,0
296345c58a77547f,operational,gt_geometry,16,16,0,16,16,0
94e9664fcf2d5f9e,strict,score,0,16,0,0,16,0
94e9664fcf2d5f9e,strict,pareto,0,16,0,0,16,0
94e9664fcf2d5f9e,strict,gt_geometry,0,16,0,0,16,0
94e9664fcf2d5f9e,operational,score,0,0,16,0,0,0
94e9664fcf2d5f9e,operational,pareto,0,0,16,0,0,0
94e9664fcf2d5f9e,operational,gt_geometry,15,15,1,8,8,7
a880ac22dd045d21,strict,score,0,16,0,0,16,0
a880ac22dd045d21,strict,pareto,0,16,0,0,16,0
a880ac22dd045d21,strict,gt_geometry,0,16,0,0,16,0
a880ac22dd045d21,operational,score,0,0,16,0,0,0
a880ac22dd045d21,operational,pareto,2,2,14,1,1,1
a880ac22dd045d21,operational,gt_geometry,14,14,2,11,11,3
5b3770f00cb55569,strict,score,0,16,0,0,16,0
5b3770f00cb55569,strict,pareto,0,16,0,0,16,0
5b3770f00cb55569,strict,gt_geometry,0,16,0,0,16,0
5b3770f00cb55569,operational,score,0,0,16,0,0,0
5b3770f00cb55569,operational,pareto,0,0,16,0,0,0
5b3770f00cb55569,operational,gt_geometry,14,14,2,11,11,3
36c5c837df3259f8,strict,score,0,16,0,0,16,0
36c5c837df3259f8,strict,pareto,0,16,0,0,16,0
36c5c837df3259f8,strict,gt_geometry,0,16,0,0,16,0
36c5c837df3259f8,operational,score,0,0,16,0,0,0
36c5c837df3259f8,operational,pareto,0,0,16,0,0,0
36c5c837df3259f8,operational,gt_geometry,16,16,0,16,16,0
665c2a0c88735b1f,strict,score,0,16,0,0,16,0
665c2a0c88735b1f,strict,pareto,0,16,0,0,16,0
665c2a0c88735b1f,strict,gt_geometry,0,16,0,0,16,0
665c2a0c88735b1f,operational,score,0,0,16,0,0,0
665c2a0c88735b1f,operational,pareto,0,0,16,0,0,0
665c2a0c88735b1f,operational,gt_geometry,16,16,0,9,9,7
24d4a97bf17f5883,strict,score,0,16,0,0,16,0
24d4a97bf17f5883,strict,pareto,0,16,0,0,16,0
24d4a97bf17f5883,strict,gt_geometry,0,16,0,0,16,0
24d4a97bf17f5883,operational,score,0,0,16,0,0,0
24d4a97bf17f5883,operational,pareto,0,0,16,0,0,0
24d4a97bf17f5883,operational,gt_geometry,15,15,1,6,6,9
acb286057ba859da,strict,score,0,16,0,0,16,0
acb286057ba859da,strict,pareto,0,16,0,0,16,0
acb286057ba859da,strict,gt_geometry,0,16,0,0,16,0
acb286057ba859da,operational,score,0,0,16,0,0,0
acb286057ba859da,operational,pareto,0,0,16,0,0,0
acb286057ba859da,operational,gt_geometry,15,15,1,8,8,7
4f0df6de49515352,strict,score,0,16,0,0,16,0
4f0df6de49515352,strict,pareto,0,16,0,0,16,0
4f0df6de49515352,strict,gt_geometry,0,16,0,0,16,0
4f0df6de49515352,operational,score,0,0,16,0,0,0
4f0df6de49515352,operational,pareto,4,4,12,2,2,2
4f0df6de49515352,operational,gt_geometry,16,16,0,16,16,0
482b5439cb6c5350,strict,score,0,16,0,0,16,0
482b5439cb6c5350,strict,pareto,0,16,0,0,16,0
482b5439cb6c5350,strict,gt_geometry,0,16,0,0,16,0
482b5439cb6c5350,operational,score,0,0,16,0,0,0
482b5439cb6c5350,operational,pareto,0,0,16,0,0,0
482b5439cb6c5350,operational,gt_geometry,15,15,1,7,7,8
a84fec66330e5157,strict,score,0,16,0,0,16,0
a84fec66330e5157,strict,pareto,0,16,0,0,16,0
a84fec66330e5157,strict,gt_geometry,0,16,0,0,16,0
a84fec66330e5157,operational,score,0,0,16,0,0,0
a84fec66330e5157,operational,pareto,0,0,16,0,0,0
a84fec66330e5157,operational,gt_geometry,16,16,0,16,16,0
02ef12eeec9c5667,strict,score,0,16,0,0,16,0
02ef12eeec9c5667,strict,pareto,0,16,0,0,16,0
02ef12eeec9c5667,strict,gt_geometry,0,16,0,0,16,0
02ef12eeec9c5667,operational,score,0,0,16,0,0,0
02ef12eeec9c5667,operational,pareto,8,8,8,6,6,2
02ef12eeec9c5667,operational,gt_geometry,16,16,0,16,16,0
076f5a91273050e6,strict,score,0,16,0,0,16,0
076f5a91273050e6,strict,pareto,0,16,0,0,16,0
076f5a91273050e6,strict,gt_geometry,0,16,0,0,16,0
076f5a91273050e6,operational,score,0,0,16,0,0,0
076f5a91273050e6,operational,pareto,5,5,11,2,2,3
076f5a91273050e6,operational,gt_geometry,15,15,1,8,8,7
a566b5f3bd0c5522,strict,score,0,16,0,0,16,0
a566b5f3bd0c5522,strict,pareto,0,16,0,0,16,0
a566b5f3bd0c5522,strict,gt_geometry,0,16,0,0,16,0
a566b5f3bd0c5522,operational,score,0,0,16,0,0,0
a566b5f3bd0c5522,operational,pareto,3,3,13,3,3,0
a566b5f3bd0c5522,operational,gt_geometry,16,16,0,16,16,0
fe1348a14b7f5fda,strict,score,0,16,0,0,16,0
fe1348a14b7f5fda,strict,pareto,0,16,0,0,16,0
fe1348a14b7f5fda,strict,gt_geometry,0,16,0,0,16,0
fe1348a14b7f5fda,operational,score,0,0,16,0,0,0
fe1348a14b7f5fda,operational,pareto,0,0,16,0,0,0
fe1348a14b7f5fda,operational,gt_geometry,15,15,1,5,5,10
cf430322beb852ca,strict,score,0,16,0,0,16,0
cf430322beb852ca,strict,pareto,0,16,0,0,16,0
cf430322beb852ca,strict,gt_geometry,0,16,0,0,16,0
cf430322beb852ca,operational,score,0,0,16,0,0,0
cf430322beb852ca,operational,pareto,0,0,16,0,0,0
cf430322beb852ca,operational,gt_geometry,16,16,0,16,16,0
05986621844f54a2,strict,score,0,16,0,0,16,0
05986621844f54a2,strict,pareto,0,16,0,0,16,0
05986621844f54a2,strict,gt_geometry,0,16,0,0,16,0
05986621844f54a2,operational,score,0,0,16,0,0,0
05986621844f54a2,operational,pareto,1,1,15,1,1,0
05986621844f54a2,operational,gt_geometry,12,12,4,12,12,0
37ab6257bb545b45,strict,score,0,16,0,0,16,0
37ab6257bb545b45,strict,pareto,0,16,0,0,16,0
37ab6257bb545b45,strict,gt_geometry,0,16,0,0,16,0
37ab6257bb545b45,operational,score,0,0,16,0,0,0
37ab6257bb545b45,operational,pareto,0,0,16,0,0,0
37ab6257bb545b45,operational,gt_geometry,14,14,2,10,10,4
1526e5b224665c7e,strict,score,0,16,0,0,16,0
1526e5b224665c7e,strict,pareto,0,16,0,0,16,0
1526e5b224665c7e,strict,gt_geometry,0,16,0,0,16,0
1526e5b224665c7e,operational,score,0,0,16,0,0,0
1526e5b224665c7e,operational,pareto,0,0,16,0,0,0
1526e5b224665c7e,operational,gt_geometry,16,16,0,16,16,0
66df470c3c2c5b62,strict,score,0,16,0,0,16,0
66df470c3c2c5b62,strict,pareto,0,16,0,0,16,0
66df470c3c2c5b62,strict,gt_geometry,0,16,0,0,16,0
66df470c3c2c5b62,operational,score,0,0,16,0,0,0
66df470c3c2c5b62,operational,pareto,0,0,16,0,0,0
66df470c3c2c5b62,operational,gt_geometry,15,15,1,5,5,10
ce800a53730f5ae7,strict,score,0,16,0,0,16,0
ce800a53730f5ae7,strict,pareto,0,16,0,0,16,0
ce800a53730f5ae7,strict,gt_geometry,0,16,0,0,16,0
ce800a53730f5ae7,operational,score,0,0,16,0,0,0
ce800a53730f5ae7,operational,pareto,0,0,16,0,0,0
ce800a53730f5ae7,operational,gt_geometry,16,16,0,16,16,0
7ff20da52e205bf0,strict,score,0,16,0,0,16,0
7ff20da52e205bf0,strict,pareto,0,16,0,0,16,0
7ff20da52e205bf0,strict,gt_geometry,0,16,0,0,16,0
7ff20da52e205bf0,operational,score,0,0,16,0,0,0
7ff20da52e205bf0,operational,pareto,0,0,16,0,0,0
7ff20da52e205bf0,operational,gt_geometry,14,14,2,14,14,0
9c9fd38ec0485088,strict,score,0,16,0,0,16,0
9c9fd38ec0485088,strict,pareto,0,16,0,0,16,0
9c9fd38ec0485088,strict,gt_geometry,0,16,0,0,16,0
9c9fd38ec0485088,operational,score,0,0,16,0,0,0
9c9fd38ec0485088,operational,pareto,0,0,16,0,0,0
9c9fd38ec0485088,operational,gt_geometry,15,15,1,13,13,2
ec90c27de29a594c,strict,score,0,16,0,0,16,0
ec90c27de29a594c,strict,pareto,0,16,0,0,16,0
ec90c27de29a594c,strict,gt_geometry,0,16,0,0,16,0
ec90c27de29a594c,operational,score,0,0,16,0,0,0
ec90c27de29a594c,operational,pareto,1,1,15,1,1,0
ec90c27de29a594c,operational,gt_geometry,9,9,7,9,9,0
86c52dfec8425716,strict,score,0,16,0,0,16,0
86c52dfec8425716,strict,pareto,0,16,0,0,16,0
86c52dfec8425716,strict,gt_geometry,0,16,0,0,16,0
86c52dfec8425716,operational,score,0,0,16,0,0,0
86c52dfec8425716,operational,pareto,0,0,16,0,0,0
86c52dfec8425716,operational,gt_geometry,16,16,0,16,16,0
0f54c1a676a954ce,strict,score,0,16,0,0,16,0
0f54c1a676a954ce,strict,pareto,0,16,0,0,16,0
0f54c1a676a954ce,strict,gt_geometry,0,16,0,0,16,0
0f54c1a676a954ce,operational,score,0,0,16,0,0,0
0f54c1a676a954ce,operational,pareto,0,0,16,0,0,0
0f54c1a676a954ce,operational,gt_geometry,13,13,3,6,6,7
a86e7f16bd64596a,strict,score,0,16,0,0,16,0
a86e7f16bd64596a,strict,pareto,0,16,0,0,16,0
a86e7f16bd64596a,strict,gt_geometry,0,16,0,0,16,0
a86e7f16bd64596a,operational,score,0,0,16,0,0,0
a86e7f16bd64596a,operational,pareto,0,0,16,0,0,0
a86e7f16bd64596a,operational,gt_geometry,15,15,1,9,9,6
cb397fd17507594b,strict,score,0,16,0,0,16,0
cb397fd17507594b,strict,pareto,0,16,0,0,16,0
cb397fd17507594b,strict,gt_geometry,0,16,0,0,16,0
cb397fd17507594b,operational,score,0,0,16,0,0,0
cb397fd17507594b,operational,pareto,1,1,15,1,1,0
cb397fd17507594b,operational,gt_geometry,13,13,3,12,12,1
c84f1984d6e459d4,strict,score,0,16,0,0,16,0
c84f1984d6e459d4,strict,pareto,0,16,0,0,16,0
c84f1984d6e459d4,strict,gt_geometry,0,16,0,0,16,0
c84f1984d6e459d4,operational,score,0,0,16,0,0,0
c84f1984d6e459d4,operational,pareto,2,2,14,1,1,1
c84f1984d6e459d4,operational,gt_geometry,16,16,0,12,12,4
8b744d45e7945aa5,strict,score,0,16,0,0,16,0
8b744d45e7945aa5,strict,pareto,0,16,0,0,16,0
8b744d45e7945aa5,strict,gt_geometry,0,16,0,0,16,0
8b744d45e7945aa5,operational,score,0,0,16,0,0,0
8b744d45e7945aa5,operational,pareto,0,0,16,0,0,0
8b744d45e7945aa5,operational,gt_geometry,15,15,1,11,11,4
68f3beae8cd25dba,strict,score,0,16,0,0,16,0
68f3beae8cd25dba,strict,pareto,0,16,0,0,16,0
68f3beae8cd25dba,strict,gt_geometry,0,16,0,0,16,0
68f3beae8cd25dba,operational,score,0,0,16,0,0,0
68f3beae8cd25dba,operational,pareto,0,0,16,0,0,0
68f3beae8cd25dba,operational,gt_geometry,16,16,0,16,16,0
aff2feebf9cb5afb,strict,score,0,16,0,0,16,0
aff2feebf9cb5afb,strict,pareto,0,16,0,0,16,0
aff2feebf9cb5afb,strict,gt_geometry,0,16,0,0,16,0
aff2feebf9cb5afb,operational,score,0,0,16,0,0,0
aff2feebf9cb5afb,operational,pareto,0,0,16,0,0,0
aff2feebf9cb5afb,operational,gt_geometry,16,16,0,13,13,3
6e7bf5900d7f594f,strict,score,0,16,0,0,16,0
6e7bf5900d7f594f,strict,pareto,0,16,0,0,16,0
6e7bf5900d7f594f,strict,gt_geometry,0,16,0,0,16,0
6e7bf5900d7f594f,operational,score,0,0,16,0,0,0
6e7bf5900d7f594f,operational,pareto,5,5,11,5,5,0
6e7bf5900d7f594f,operational,gt_geometry,16,16,0,16,16,0
7da6b01adf435bd5,strict,score,0,16,0,0,16,0
7da6b01adf435bd5,strict,pareto,0,16,0,0,16,0
7da6b01adf435bd5,strict,gt_geometry,0,16,0,0,16,0
7da6b01adf435bd5,operational,score,0,0,16,0,0,0
7da6b01adf435bd5,operational,pareto,4,4,12,0,0,4
7da6b01adf435bd5,operational,gt_geometry,16,16,0,16,16,0
4934fe6008f8564b,strict,score,0,16,0,0,16,0
4934fe6008f8564b,strict,pareto,0,16,0,0,16,0
4934fe6008f8564b,strict,gt_geometry,0,16,0,0,16,0
4934fe6008f8564b,operational,score,0,0,16,0,0,0
4934fe6008f8564b,operational,pareto,0,0,16,0,0,0
4934fe6008f8564b,operational,gt_geometry,16,16,0,16,16,0
c0c2ed50261f54e5,strict,score,0,16,0,0,16,0
c0c2ed50261f54e5,strict,pareto,0,16,0,0,16,0
c0c2ed50261f54e5,strict,gt_geometry,0,16,0,0,16,0
c0c2ed50261f54e5,operational,score,0,0,16,0,0,0
c0c2ed50261f54e5,operational,pareto,0,0,16,0,0,0
c0c2ed50261f54e5,operational,gt_geometry,14,14,2,9,9,5
0cb726068f4d5c59,strict,score,0,16,0,0,16,0
0cb726068f4d5c59,strict,pareto,0,16,0,0,16,0
0cb726068f4d5c59,strict,gt_geometry,0,16,0,0,16,0
0cb726068f4d5c59,operational,score,0,0,16,0,0,0
0cb726068f4d5c59,operational,pareto,0,0,16,0,0,0
0cb726068f4d5c59,operational,gt_geometry,15,15,1,11,11,4
fead2572a884512c,strict,score,0,16,0,0,16,0
fead2572a884512c,strict,pareto,0,16,0,0,16,0
fead2572a884512c,strict,gt_geometry,0,16,0,0,16,0
fead2572a884512c,operational,score,0,0,16,0,0,0
fead2572a884512c,operational,pareto,0,0,16,0,0,0
fead2572a884512c,operational,gt_geometry,15,15,1,6,6,9
c82e95254649534e,strict,score,0,16,0,0,16,0
c82e95254649534e,strict,pareto,0,16,0,0,16,0
c82e95254649534e,strict,gt_geometry,0,16,0,0,16,0
c82e95254649534e,operational,score,0,0,16,0,0,0
c82e95254649534e,operational,pareto,0,0,16,0,0,0
c82e95254649534e,operational,gt_geometry,15,15,1,9,9,6
2581d16dc1aa557e,strict,score,0,16,0,0,16,0
2581d16dc1aa557e,strict,pareto,0,16,0,0,16,0
2581d16dc1aa557e,strict,gt_geometry,0,16,0,0,16,0
2581d16dc1aa557e,operational,score,0,0,16,0,0,0
2581d16dc1aa557e,operational,pareto,11,11,5,11,11,0
2581d16dc1aa557e,operational,gt_geometry,2,2,14,2,2,0
74356ec7c3d15e10,strict,score,0,16,0,0,16,0
74356ec7c3d15e10,strict,pareto,0,16,0,0,16,0
74356ec7c3d15e10,strict,gt_geometry,0,16,0,0,16,0
74356ec7c3d15e10,operational,score,0,0,16,0,0,0
74356ec7c3d15e10,operational,pareto,0,0,16,0,0,0
74356ec7c3d15e10,operational,gt_geometry,16,16,0,16,16,0
a77cad5e29a5585e,strict,score,0,16,0,0,16,0
a77cad5e29a5585e,strict,pareto,0,16,0,0,16,0
a77cad5e29a5585e,strict,gt_geometry,0,16,0,0,16,0
a77cad5e29a5585e,operational,score,0,0,16,0,0,0
a77cad5e29a5585e,operational,pareto,0,0,16,0,0,0
a77cad5e29a5585e,operational,gt_geometry,16,16,0,16,16,0
711cc9425e2f5aff,strict,score,0,16,0,0,16,0
711cc9425e2f5aff,strict,pareto,0,16,0,0,16,0
711cc9425e2f5aff,strict,gt_geometry,0,16,0,0,16,0
711cc9425e2f5aff,operational,score,0,0,16,0,0,0
711cc9425e2f5aff,operational,pareto,7,7,9,1,1,6
711cc9425e2f5aff,operational,gt_geometry,15,15,1,7,7,8
2314cd5f97c5596c,strict,score,0,16,0,0,16,0
2314cd5f97c5596c,strict,pareto,0,16,0,0,16,0
2314cd5f97c5596c,strict,gt_geometry,0,16,0,0,16,0
2314cd5f97c5596c,operational,score,0,0,16,0,0,0
2314cd5f97c5596c,operational,pareto,0,0,16,0,0,0
2314cd5f97c5596c,operational,gt_geometry,16,16,0,16,16,0
dc932b3cf2ba5b1b,strict,score,0,16,0,0,16,0
dc932b3cf2ba5b1b,strict,pareto,0,16,0,0,16,0
dc932b3cf2ba5b1b,strict,gt_geometry,0,16,0,0,16,0
dc932b3cf2ba5b1b,operational,score,0,0,16,0,0,0
dc932b3cf2ba5b1b,operational,pareto,0,0,16,0,0,0
dc932b3cf2ba5b1b,operational,gt_geometry,16,16,0,16,16,0
675f0d4dff9c5318,strict,score,0,16,0,0,16,0
675f0d4dff9c5318,strict,pareto,0,16,0,0,16,0
675f0d4dff9c5318,strict,gt_geometry,0,16,0,0,16,0
675f0d4dff9c5318,operational,score,0,0,16,0,0,0
675f0d4dff9c5318,operational,pareto,0,0,16,0,0,0
675f0d4dff9c5318,operational,gt_geometry,15,15,1,12,12,3
9fe72fe991c859f0,strict,score,0,16,0,0,16,0
9fe72fe991c859f0,strict,pareto,0,16,0,0,16,0
9fe72fe991c859f0,strict,gt_geometry,0,16,0,0,16,0
9fe72fe991c859f0,operational,score,0,0,16,0,0,0
9fe72fe991c859f0,operational,pareto,0,0,16,0,0,0
9fe72fe991c859f0,operational,gt_geometry,13,13,3,9,9,4
f6a1a2760a7b57a4,strict,score,0,16,0,0,16,0
f6a1a2760a7b57a4,strict,pareto,0,16,0,0,16,0
f6a1a2760a7b57a4,strict,gt_geometry,0,16,0,0,16,0
f6a1a2760a7b57a4,operational,score,0,0,16,0,0,0
f6a1a2760a7b57a4,operational,pareto,0,0,16,0,0,0
f6a1a2760a7b57a4,operational,gt_geometry,14,14,2,14,14,0
6176348b971f52c5,strict,score,0,16,0,0,16,0
6176348b971f52c5,strict,pareto,0,16,0,0,16,0
6176348b971f52c5,strict,gt_geometry,0,16,0,0,16,0
6176348b971f52c5,operational,score,0,0,16,0,0,0
6176348b971f52c5,operational,pareto,0,0,16,0,0,0
6176348b971f52c5,operational,gt_geometry,16,16,0,12,12,4
1decf76c77be59c8,strict,score,0,16,0,0,16,0
1decf76c77be59c8,strict,pareto,0,16,0,0,16,0
1decf76c77be59c8,strict,gt_geometry,0,16,0,0,16,0
1decf76c77be59c8,operational,score,0,0,16,0,0,0
1decf76c77be59c8,operational,pareto,0,0,16,0,0,0
1decf76c77be59c8,operational,gt_geometry,15,15,1,9,9,6
91e6cce9eb7d5765,strict,score,0,16,0,0,16,0
91e6cce9eb7d5765,strict,pareto,0,16,0,0,16,0
91e6cce9eb7d5765,strict,gt_geometry,0,16,0,0,16,0
91e6cce9eb7d5765,operational,score,0,0,16,0,0,0
91e6cce9eb7d5765,operational,pareto,0,0,16,0,0,0
91e6cce9eb7d5765,operational,gt_geometry,16,16,0,16,16,0
d360abe45ec55059,strict,score,0,16,0,0,16,0
d360abe45ec55059,strict,pareto,0,16,0,0,16,0
d360abe45ec55059,strict,gt_geometry,0,16,0,0,16,0
d360abe45ec55059,operational,score,0,0,16,0,0,0
d360abe45ec55059,operational,pareto,4,4,12,3,3,1
d360abe45ec55059,operational,gt_geometry,15,15,1,13,13,2
45cace6f6d275159,strict,score,0,16,0,0,16,0
45cace6f6d275159,strict,pareto,0,16,0,0,16,0
45cace6f6d275159,strict,gt_geometry,0,16,0,0,16,0
45cace6f6d275159,operational,score,0,0,16,0,0,0
45cace6f6d275159,operational,pareto,0,0,16,0,0,0
45cace6f6d275159,operational,gt_geometry,15,15,1,10,10,5
9551d9bffa515426,strict,score,0,16,0,0,16,0
9551d9bffa515426,strict,pareto,0,16,0,0,16,0
9551d9bffa515426,strict,gt_geometry,0,16,0,0,16,0
9551d9bffa515426,operational,score,0,0,16,0,0,0
9551d9bffa515426,operational,pareto,0,0,16,0,0,0
9551d9bffa515426,operational,gt_geometry,15,15,1,9,9,6
6f95e882286e5388,strict,score,0,16,0,0,16,0
6f95e882286e5388,strict,pareto,0,16,0,0,16,0
6f95e882286e5388,strict,gt_geometry,0,16,0,0,16,0
6f95e882286e5388,operational,score,0,0,16,0,0,0
6f95e882286e5388,operational,pareto,0,0,16,0,0,0
6f95e882286e5388,operational,gt_geometry,16,16,0,16,16,0
fcc0457324f15902,strict,score,0,16,0,0,16,0
fcc0457324f15902,strict,pareto,0,16,0,0,16,0
fcc0457324f15902,strict,gt_geometry,0,16,0,0,16,0
fcc0457324f15902,operational,score,0,0,16,0,0,0
fcc0457324f15902,operational,pareto,6,6,10,0,0,6
fcc0457324f15902,operational,gt_geometry,15,15,1,13,13,2
aa58d1ab2faa5746,strict,score,0,16,0,0,16,0
aa58d1ab2faa5746,strict,pareto,0,16,0,0,16,0
aa58d1ab2faa5746,strict,gt_geometry,0,16,0,0,16,0
aa58d1ab2faa5746,operational,score,0,0,16,0,0,0
aa58d1ab2faa5746,operational,pareto,0,0,16,0,0,0
aa58d1ab2faa5746,operational,gt_geometry,15,15,1,12,12,3
5d711f77d42054d6,strict,score,0,16,0,0,16,0
5d711f77d42054d6,strict,pareto,0,16,0,0,16,0
5d711f77d42054d6,strict,gt_geometry,0,16,0,0,16,0
5d711f77d42054d6,operational,score,0,0,16,0,0,0
5d711f77d42054d6,operational,pareto,8,8,8,8,8,0
5d711f77d42054d6,operational,gt_geometry,16,16,0,16,16,0
fa00af6ecc8a5cb4,strict,score,0,16,0,0,16,0
fa00af6ecc8a5cb4,strict,pareto,0,16,0,0,16,0
fa00af6ecc8a5cb4,strict,gt_geometry,0,16,0,0,16,0
fa00af6ecc8a5cb4,operational,score,0,0,16,0,0,0
fa00af6ecc8a5cb4,operational,pareto,0,0,16,0,0,0
fa00af6ecc8a5cb4,operational,gt_geometry,16,16,0,13,13,3
bf6158f005f956ae,strict,score,0,16,0,0,16,0
bf6158f005f956ae,strict,pareto,0,16,0,0,16,0
bf6158f005f956ae,strict,gt_geometry,0,16,0,0,16,0
bf6158f005f956ae,operational,score,0,0,16,0,0,0
bf6158f005f956ae,operational,pareto,0,0,16,0,0,0
bf6158f005f956ae,operational,gt_geometry,16,16,0,16,16,0
67b08ea8fc9956b0,strict,score,0,16,0,0,16,0
67b08ea8fc9956b0,strict,pareto,0,16,0,0,16,0
67b08ea8fc9956b0,strict,gt_geometry,0,16,0,0,16,0
67b08ea8fc9956b0,operational,score,0,0,16,0,0,0
67b08ea8fc9956b0,operational,pareto,0,0,16,0,0,0
67b08ea8fc9956b0,operational,gt_geometry,14,14,2,10,10,4
5cfcccdb3e3c539b,strict,score,0,16,0,0,16,0
5cfcccdb3e3c539b,strict,pareto,0,16,0,0,16,0
5cfcccdb3e3c539b,strict,gt_geometry,0,16,0,0,16,0
5cfcccdb3e3c539b,operational,score,0,0,16,0,0,0
5cfcccdb3e3c539b,operational,pareto,0,0,16,0,0,0
5cfcccdb3e3c539b,operational,gt_geometry,14,14,2,9,9,5
288f0194b6d45858,strict,score,0,16,0,0,16,0
288f0194b6d45858,strict,pareto,0,16,0,0,16,0
288f0194b6d45858,strict,gt_geometry,0,16,0,0,16,0
288f0194b6d45858,operational,score,0,0,16,0,0,0
288f0194b6d45858,operational,pareto,7,7,9,0,0,7
288f0194b6d45858,operational,gt_geometry,16,16,0,16,16,0
4094b79867cd5f7b,strict,score,0,16,0,0,16,0
4094b79867cd5f7b,strict,pareto,0,16,0,0,16,0
4094b79867cd5f7b,strict,gt_geometry,0,16,0,0,16,0
4094b79867cd5f7b,operational,score,0,0,16,0,0,0
4094b79867cd5f7b,operational,pareto,0,0,16,0,0,0
4094b79867cd5f7b,operational,gt_geometry,16,16,0,16,16,0
abd994ef714a595c,strict,score,0,16,0,0,16,0
abd994ef714a595c,strict,pareto,0,16,0,0,16,0
abd994ef714a595c,strict,gt_geometry,0,16,0,0,16,0
abd994ef714a595c,operational,score,0,0,16,0,0,0
abd994ef714a595c,operational,pareto,0,0,16,0,0,0
abd994ef714a595c,operational,gt_geometry,15,15,1,9,9,6
4668501db7065e02,strict,score,0,16,0,0,16,0
4668501db7065e02,strict,pareto,0,16,0,0,16,0
4668501db7065e02,strict,gt_geometry,0,16,0,0,16,0
4668501db7065e02,operational,score,0,0,16,0,0,0
4668501db7065e02,operational,pareto,0,0,16,0,0,0
4668501db7065e02,operational,gt_geometry,16,16,0,11,11,5
289087a782995ef0,strict,score,0,16,0,0,16,0
289087a782995ef0,strict,pareto,0,16,0,0,16,0
289087a782995ef0,strict,gt_geometry,0,16,0,0,16,0
289087a782995ef0,operational,score,0,0,16,0,0,0
289087a782995ef0,operational,pareto,0,0,16,0,0,0
289087a782995ef0,operational,gt_geometry,15,15,1,7,7,8
0eea4103d56352dd,strict,score,0,16,0,0,16,0
0eea4103d56352dd,strict,pareto,0,16,0,0,16,0
0eea4103d56352dd,strict,gt_geometry,0,16,0,0,16,0
0eea4103d56352dd,operational,score,0,0,16,0,0,0
0eea4103d56352dd,operational,pareto,4,4,12,1,1,3
0eea4103d56352dd,operational,gt_geometry,15,15,1,10,10,5
b790a763e1ee538e,strict,score,0,16,0,0,16,0
b790a763e1ee538e,strict,pareto,0,16,0,0,16,0
b790a763e1ee538e,strict,gt_geometry,0,16,0,0,16,0
b790a763e1ee538e,operational,score,0,0,16,0,0,0
b790a763e1ee538e,operational,pareto,0,0,16,0,0,0
b790a763e1ee538e,operational,gt_geometry,16,16,0,16,16,0
6ca255559e0350a5,strict,score,0,16,0,0,16,0
6ca255559e0350a5,strict,pareto,0,16,0,0,16,0
6ca255559e0350a5,strict,gt_geometry,0,16,0,0,16,0
6ca255559e0350a5,operational,score,0,0,16,0,0,0
6ca255559e0350a5,operational,pareto,0,0,16,0,0,0
6ca255559e0350a5,operational,gt_geometry,16,16,0,16,16,0
6848c7497a065ae0,strict,score,0,16,0,0,16,0
6848c7497a065ae0,strict,pareto,0,16,0,0,16,0
6848c7497a065ae0,strict,gt_geometry,0,16,0,0,16,0
6848c7497a065ae0,operational,score,0,0,16,0,0,0
6848c7497a065ae0,operational,pareto,6,6,10,3,3,3
6848c7497a065ae0,operational,gt_geometry,16,16,0,12,12,4
8a5bb66e9bb65101,strict,score,0,16,0,0,16,0
8a5bb66e9bb65101,strict,pareto,0,16,0,0,16,0
8a5bb66e9bb65101,strict,gt_geometry,0,16,0,0,16,0
8a5bb66e9bb65101,operational,score,0,0,16,0,0,0
8a5bb66e9bb65101,operational,pareto,0,0,16,0,0,0
8a5bb66e9bb65101,operational,gt_geometry,14,14,2,10,10,4
4fa6a8e71f4a5984,strict,score,0,16,0,0,16,0
4fa6a8e71f4a5984,strict,pareto,0,16,0,0,16,0
4fa6a8e71f4a5984,strict,gt_geometry,0,16,0,0,16,0
4fa6a8e71f4a5984,operational,score,0,0,16,0,0,0
4fa6a8e71f4a5984,operational,pareto,0,0,16,0,0,0
4fa6a8e71f4a5984,operational,gt_geometry,14,14,2,5,5,9
77ded26c7a9654ad,strict,score,0,16,0,0,16,0
77ded26c7a9654ad,strict,pareto,0,16,0,0,16,0
77ded26c7a9654ad,strict,gt_geometry,0,16,0,0,16,0
77ded26c7a9654ad,operational,score,0,0,16,0,0,0
77ded26c7a9654ad,operational,pareto,1,1,15,1,1,0
77ded26c7a9654ad,operational,gt_geometry,11,11,5,11,11,0
5d83ddd5ec3c5326,strict,score,0,16,0,0,16,0
5d83ddd5ec3c5326,strict,pareto,0,16,0,0,16,0
5d83ddd5ec3c5326,strict,gt_geometry,0,16,0,0,16,0
5d83ddd5ec3c5326,operational,score,0,0,16,0,0,0
5d83ddd5ec3c5326,operational,pareto,6,6,10,6,6,0
5d83ddd5ec3c5326,operational,gt_geometry,8,8,8,8,8,0
7a03013d34b355c1,strict,score,0,16,0,0,16,0
7a03013d34b355c1,strict,pareto,0,16,0,0,16,0
7a03013d34b355c1,strict,gt_geometry,0,16,0,0,16,0
7a03013d34b355c1,operational,score,0,0,16,0,0,0
7a03013d34b355c1,operational,pareto,0,0,16,0,0,0
7a03013d34b355c1,operational,gt_geometry,13,13,3,9,9,4
0b2061c2aced52de,strict,score,0,16,0,0,16,0
0b2061c2aced52de,strict,pareto,0,16,0,0,16,0
0b2061c2aced52de,strict,gt_geometry,0,16,0,0,16,0
0b2061c2aced52de,operational,score,0,0,16,0,0,0
0b2061c2aced52de,operational,pareto,0,0,16,0,0,0
0b2061c2aced52de,operational,gt_geometry,16,16,0,16,16,0
945dcb42cd645cc2,strict,score,0,16,0,0,16,0
945dcb42cd645cc2,strict,pareto,0,16,0,0,16,0
945dcb42cd645cc2,strict,gt_geometry,0,16,0,0,16,0
945dcb42cd645cc2,operational,score,0,0,16,0,0,0
945dcb42cd645cc2,operational,pareto,0,0,16,0,0,0
945dcb42cd645cc2,operational,gt_geometry,16,16,0,16,16,0
66d5a6841d835e3a,strict,score,0,16,0,0,16,0
66d5a6841d835e3a,strict,pareto,0,16,0,0,16,0
66d5a6841d835e3a,strict,gt_geometry,0,16,0,0,16,0
66d5a6841d835e3a,operational,score,0,0,16,0,0,0
66d5a6841d835e3a,operational,pareto,4,4,12,4,4,0
66d5a6841d835e3a,operational,gt_geometry,16,16,0,16,16,0
1035d1c56f0f5ba9,strict,score,0,16,0,0,16,0
1035d1c56f0f5ba9,strict,pareto,0,16,0,0,16,0
1035d1c56f0f5ba9,strict,gt_geometry,0,16,0,0,16,0
1035d1c56f0f5ba9,operational,score,0,0,16,0,0,0
1035d1c56f0f5ba9,operational,pareto,0,0,16,0,0,0
1035d1c56f0f5ba9,operational,gt_geometry,16,16,0,16,16,0
98ad6d2817355b99,strict,score,0,16,0,0,16,0
98ad6d2817355b99,strict,pareto,0,16,0,0,16,0
98ad6d2817355b99,strict,gt_geometry,0,16,0,0,16,0
98ad6d2817355b99,operational,score,0,0,16,0,0,0
98ad6d2817355b99,operational,pareto,0,0,16,0,0,0
98ad6d2817355b99,operational,gt_geometry,15,15,1,7,7,8
293fd2580df350a8,strict,score,0,16,0,0,16,0
293fd2580df350a8,strict,pareto,0,16,0,0,16,0
293fd2580df350a8,strict,gt_geometry,0,16,0,0,16,0
293fd2580df350a8,operational,score,0,0,16,0,0,0
293fd2580df350a8,operational,pareto,0,0,16,0,0,0
293fd2580df350a8,operational,gt_geometry,15,15,1,12,12,3
6864977b221059e4,strict,score,0,16,0,0,16,0
6864977b221059e4,strict,pareto,0,16,0,0,16,0
6864977b221059e4,strict,gt_geometry,0,16,0,0,16,0
6864977b221059e4,operational,score,0,0,16,0,0,0
6864977b221059e4,operational,pareto,0,0,16,0,0,0
6864977b221059e4,operational,gt_geometry,14,14,2,11,11,3
161154cbf4245a3d,strict,score,0,16,0,0,16,0
161154cbf4245a3d,strict,pareto,0,16,0,0,16,0
161154cbf4245a3d,strict,gt_geometry,0,16,0,0,16,0
161154cbf4245a3d,operational,score,0,0,16,0,0,0
161154cbf4245a3d,operational,pareto,0,0,16,0,0,0
161154cbf4245a3d,operational,gt_geometry,9,9,7,8,8,1
023664205ae95402,strict,score,0,16,0,0,16,0
023664205ae95402,strict,pareto,0,16,0,0,16,0
023664205ae95402,strict,gt_geometry,0,16,0,0,16,0
023664205ae95402,operational,score,0,0,16,0,0,0
023664205ae95402,operational,pareto,1,1,15,1,1,0
023664205ae95402,operational,gt_geometry,11,11,5,11,11,0
cd07f4279fa35240,strict,score,0,16,0,0,16,0
cd07f4279fa35240,strict,pareto,0,16,0,0,16,0
cd07f4279fa35240,strict,gt_geometry,0,16,0,0,16,0
cd07f4279fa35240,operational,score,0,0,16,0,0,0
cd07f4279fa35240,operational,pareto,4,4,12,3,3,1
cd07f4279fa35240,operational,gt_geometry,16,16,0,12,12,4
7ae1fa9094f355c5,strict,score,0,16,0,0,16,0
7ae1fa9094f355c5,strict,pareto,0,16,0,0,16,0
7ae1fa9094f355c5,strict,gt_geometry,0,16,0,0,16,0
7ae1fa9094f355c5,operational,score,0,0,16,0,0,0
7ae1fa9094f355c5,operational,pareto,2,2,14,1,1,1
7ae1fa9094f355c5,operational,gt_geometry,15,15,1,8,8,7
b7b9f31751e459f0,strict,score,0,16,0,0,16,0
b7b9f31751e459f0,strict,pareto,0,16,0,0,16,0
b7b9f31751e459f0,strict,gt_geometry,0,16,0,0,16,0
b7b9f31751e459f0,operational,score,0,0,16,0,0,0
b7b9f31751e459f0,operational,pareto,0,0,16,0,0,0
b7b9f31751e459f0,operational,gt_geometry,16,16,0,16,16,0
94cf3d2feed759ac,strict,score,0,16,0,0,16,0
94cf3d2feed759ac,strict,pareto,0,16,0,0,16,0
94cf3d2feed759ac,strict,gt_geometry,0,16,0,0,16,0
94cf3d2feed759ac,operational,score,0,0,16,0,0,0
94cf3d2feed759ac,operational,pareto,0,0,16,0,0,0
94cf3d2feed759ac,operational,gt_geometry,13,13,3,10,10,3
9f4e94fa77b555dd,strict,score,0,16,0,0,16,0
9f4e94fa77b555dd,strict,pareto,0,16,0,0,16,0
9f4e94fa77b555dd,strict,gt_geometry,0,16,0,0,16,0
9f4e94fa77b555dd,operational,score,0,0,16,0,0,0
9f4e94fa77b555dd,operational,pareto,0,0,16,0,0,0
9f4e94fa77b555dd,operational,gt_geometry,15,15,1,10,10,5
5985ea459f145e5c,strict,score,0,16,0,0,16,0
5985ea459f145e5c,strict,pareto,0,16,0,0,16,0
5985ea459f145e5c,strict,gt_geometry,0,16,0,0,16,0
5985ea459f145e5c,operational,score,0,0,16,0,0,0
5985ea459f145e5c,operational,pareto,0,0,16,0,0,0
5985ea459f145e5c,operational,gt_geometry,16,16,0,16,16,0
624789926abe5dac,strict,score,0,16,0,0,16,0
624789926abe5dac,strict,pareto,0,16,0,0,16,0
624789926abe5dac,strict,gt_geometry,0,16,0,0,16,0
624789926abe5dac,operational,score,0,0,16,0,0,0
624789926abe5dac,operational,pareto,0,0,16,0,0,0
624789926abe5dac,operational,gt_geometry,16,16,0,9,9,7
adb657c849df5d9e,strict,score,0,16,0,0,16,0
adb657c849df5d9e,strict,pareto,0,16,0,0,16,0
adb657c849df5d9e,strict,gt_geometry,0,16,0,0,16,0
adb657c849df5d9e,operational,score,0,0,16,0,0,0
adb657c849df5d9e,operational,pareto,0,0,16,0,0,0
adb657c849df5d9e,operational,gt_geometry,16,16,0,11,11,5
095f95bdbf1054d0,strict,score,0,16,0,0,16,0
095f95bdbf1054d0,strict,pareto,0,16,0,0,16,0
095f95bdbf1054d0,strict,gt_geometry,0,16,0,0,16,0
095f95bdbf1054d0,operational,score,0,0,16,0,0,0
095f95bdbf1054d0,operational,pareto,0,0,16,0,0,0
095f95bdbf1054d0,operational,gt_geometry,15,15,1,11,11,4
d117940fcb945ac1,strict,score,0,16,0,0,16,0
d117940fcb945ac1,strict,pareto,0,16,0,0,16,0
d117940fcb945ac1,strict,gt_geometry,0,16,0,0,16,0
d117940fcb945ac1,operational,score,0,0,16,0,0,0
d117940fcb945ac1,operational,pareto,4,4,12,4,4,0
d117940fcb945ac1,operational,gt_geometry,16,16,0,14,14,2
ef023f6f394f5be8,strict,score,0,16,0,0,16,0
ef023f6f394f5be8,strict,pareto,0,16,0,0,16,0
ef023f6f394f5be8,strict,gt_geometry,0,16,0,0,16,0
ef023f6f394f5be8,operational,score,0,0,16,0,0,0
ef023f6f394f5be8,operational,pareto,2,2,14,2,2,0
ef023f6f394f5be8,operational,gt_geometry,16,16,0,16,16,0
451631b82dd757e4,strict,score,0,16,0,0,16,0
451631b82dd757e4,strict,pareto,0,16,0,0,16,0
451631b82dd757e4,strict,gt_geometry,0,16,0,0,16,0
451631b82dd757e4,operational,score,0,0,16,0,0,0
451631b82dd757e4,operational,pareto,0,0,16,0,0,0
451631b82dd757e4,operational,gt_geometry,15,15,1,12,12,3
b25e5caac7645be6,strict,score,0,16,0,0,16,0
b25e5caac7645be6,strict,pareto,0,16,0,0,16,0
b25e5caac7645be6,strict,gt_geometry,0,16,0,0,16,0
b25e5caac7645be6,operational,score,0,0,16,0,0,0
b25e5caac7645be6,operational,pareto,3,3,13,3,3,0
b25e5caac7645be6,operational,gt_geometry,11,11,5,11,11,0
277898ef740c5ab1,strict,score,0,16,0,0,16,0
277898ef740c5ab1,strict,pareto,0,16,0,0,16,0
277898ef740c5ab1,strict,gt_geometry,0,16,0,0,16,0
277898ef740c5ab1,operational,score,0,0,16,0,0,0
277898ef740c5ab1,operational,pareto,0,0,16,0,0,0
277898ef740c5ab1,operational,gt_geometry,16,16,0,11,11,5
de94e95519d85f21,strict,score,0,16,0,0,16,0
de94e95519d85f21,strict,pareto,0,16,0,0,16,0
de94e95519d85f21,strict,gt_geometry,0,16,0,0,16,0
de94e95519d85f21,operational,score,0,0,16,0,0,0
de94e95519d85f21,operational,pareto,8,8,8,8,8,0
de94e95519d85f21,operational,gt_geometry,5,5,11,5,5,0
cec9570f9fd3504b,strict,score,0,16,0,0,16,0
cec9570f9fd3504b,strict,pareto,0,16,0,0,16,0
cec9570f9fd3504b,strict,gt_geometry,0,16,0,0,16,0
cec9570f9fd3504b,operational,score,0,0,16,0,0,0
cec9570f9fd3504b,operational,pareto,3,3,13,1,1,2
cec9570f9fd3504b,operational,gt_geometry,15,15,1,11,11,4
654a0ce9f6305cee,strict,score,0,16,0,0,16,0
654a0ce9f6305cee,strict,pareto,0,16,0,0,16,0
654a0ce9f6305cee,strict,gt_geometry,0,16,0,0,16,0
654a0ce9f6305cee,operational,score,0,0,16,0,0,0
654a0ce9f6305cee,operational,pareto,0,0,16,0,0,0
654a0ce9f6305cee,operational,gt_geometry,15,15,1,12,12,3
672173aac8685233,strict,score,0,16,0,0,16,0
672173aac8685233,strict,pareto,0,16,0,0,16,0
672173aac8685233,strict,gt_geometry,0,16,0,0,16,0
672173aac8685233,operational,score,0,0,16,0,0,0
672173aac8685233,operational,pareto,6,6,10,1,1,5
672173aac8685233,operational,gt_geometry,15,15,1,15,15,0
74bf7898a5565ef7,strict,score,0,16,0,0,16,0
74bf7898a5565ef7,strict,pareto,0,16,0,0,16,0
74bf7898a5565ef7,strict,gt_geometry,0,16,0,0,16,0
74bf7898a5565ef7,operational,score,0,0,16,0,0,0
74bf7898a5565ef7,operational,pareto,4,4,12,4,4,0
74bf7898a5565ef7,operational,gt_geometry,14,14,2,13,13,1
4393df900c6557cb,strict,score,0,16,0,0,16,0
4393df900c6557cb,strict,pareto,0,16,0,0,16,0
4393df900c6557cb,strict,gt_geometry,0,16,0,0,16,0
4393df900c6557cb,operational,score,0,0,16,0,0,0
4393df900c6557cb,operational,pareto,0,0,16,0,0,0
4393df900c6557cb,operational,gt_geometry,15,15,1,10,10,5
059fb1d0f20e58d6,strict,score,0,16,0,0,16,0
059fb1d0f20e58d6,strict,pareto,0,16,0,0,16,0
059fb1d0f20e58d6,strict,gt_geometry,0,16,0,0,16,0
059fb1d0f20e58d6,operational,score,0,0,16,0,0,0
059fb1d0f20e58d6,operational,pareto,0,0,16,0,0,0
059fb1d0f20e58d6,operational,gt_geometry,15,15,1,12,12,3
b76fdedd0d1d5f46,strict,score,0,16,0,0,16,0
b76fdedd0d1d5f46,strict,pareto,0,16,0,0,16,0
b76fdedd0d1d5f46,strict,gt_geometry,0,16,0,0,16,0
b76fdedd0d1d5f46,operational,score,0,0,16,0,0,0
b76fdedd0d1d5f46,operational,pareto,0,0,16,0,0,0
b76fdedd0d1d5f46,operational,gt_geometry,15,15,1,9,9,6
005a44fa33b55e7b,strict,score,0,16,0,0,16,0
005a44fa33b55e7b,strict,pareto,0,16,0,0,16,0
005a44fa33b55e7b,strict,gt_geometry,0,16,0,0,16,0
005a44fa33b55e7b,operational,score,0,0,16,0,0,0
005a44fa33b55e7b,operational,pareto,4,4,12,1,1,3
005a44fa33b55e7b,operational,gt_geometry,14,14,2,10,10,4
cdf23d07ec42535e,strict,score,0,16,0,0,16,0
cdf23d07ec42535e,strict,pareto,0,16,0,0,16,0
cdf23d07ec42535e,strict,gt_geometry,0,16,0,0,16,0
cdf23d07ec42535e,operational,score,0,0,16,0,0,0
cdf23d07ec42535e,operational,pareto,3,3,13,3,3,0
cdf23d07ec42535e,operational,gt_geometry,10,10,6,10,10,0
5bb0b67e360f5a85,strict,score,0,16,0,0,16,0
5bb0b67e360f5a85,strict,pareto,0,16,0,0,16,0
5bb0b67e360f5a85,strict,gt_geometry,0,16,0,0,16,0
5bb0b67e360f5a85,operational,score,0,0,16,0,0,0
5bb0b67e360f5a85,operational,pareto,2,2,14,2,2,0
5bb0b67e360f5a85,operational,gt_geometry,16,16,0,16,16,0
d5b5493184c257bd,strict,score,0,16,0,0,16,0
d5b5493184c257bd,strict,pareto,0,16,0,0,16,0
d5b5493184c257bd,strict,gt_geometry,0,16,0,0,16,0
d5b5493184c257bd,operational,score,0,0,16,0,0,0
d5b5493184c257bd,operational,pareto,6,6,10,1,1,5
d5b5493184c257bd,operational,gt_geometry,15,15,1,7,7,8
a85370bd50145fbc,strict,score,0,16,0,0,16,0
a85370bd50145fbc,strict,pareto,0,16,0,0,16,0
a85370bd50145fbc,strict,gt_geometry,0,16,0,0,16,0
a85370bd50145fbc,operational,score,0,0,16,0,0,0
a85370bd50145fbc,operational,pareto,5,5,11,2,2,3
a85370bd50145fbc,operational,gt_geometry,15,15,1,9,9,6
6b0de122978c5d6c,strict,score,0,16,0,0,16,0
6b0de122978c5d6c,strict,pareto,0,16,0,0,16,0
6b0de122978c5d6c,strict,gt_geometry,0,16,0,0,16,0
6b0de122978c5d6c,operational,score,0,0,16,0,0,0
6b0de122978c5d6c,operational,pareto,1,1,15,0,0,1
6b0de122978c5d6c,operational,gt_geometry,16,16,0,16,16,0
9257645ceccb550b,strict,score,0,16,0,0,16,0
9257645ceccb550b,strict,pareto,0,16,0,0,16,0
9257645ceccb550b,strict,gt_geometry,0,16,0,0,16,0
9257645ceccb550b,operational,score,0,0,16,0,0,0
9257645ceccb550b,operational,pareto,0,0,16,0,0,0
9257645ceccb550b,operational,gt_geometry,15,15,1,6,6,9
5d03327b42d153b1,strict,score,0,16,0,0,16,0
5d03327b42d153b1,strict,pareto,0,16,0,0,16,0
5d03327b42d153b1,strict,gt_geometry,0,16,0,0,16,0
5d03327b42d153b1,operational,score,0,0,16,0,0,0
5d03327b42d153b1,operational,pareto,1,1,15,1,1,0
5d03327b42d153b1,operational,gt_geometry,10,10,6,6,6,4
f53ce90fba735a76,strict,score,0,16,0,0,16,0
f53ce90fba735a76,strict,pareto,0,16,0,0,16,0
f53ce90fba735a76,strict,gt_geometry,0,16,0,0,16,0
f53ce90fba735a76,operational,score,0,0,16,0,0,0
f53ce90fba735a76,operational,pareto,1,1,15,1,1,0
f53ce90fba735a76,operational,gt_geometry,8,8,8,8,8,0
89ba731076de572c,strict,score,0,16,0,0,16,0
89ba731076de572c,strict,pareto,0,16,0,0,16,0
89ba731076de572c,strict,gt_geometry,0,16,0,0,16,0
89ba731076de572c,operational,score,0,0,16,0,0,0
89ba731076de572c,operational,pareto,8,8,8,8,8,0
89ba731076de572c,operational,gt_geometry,4,4,12,4,4,0
d49e1049666e5596,strict,score,0,16,0,0,16,0
d49e1049666e5596,strict,pareto,0,16,0,0,16,0
d49e1049666e5596,strict,gt_geometry,0,16,0,0,16,0
d49e1049666e5596,operational,score,0,0,16,0,0,0
d49e1049666e5596,operational,pareto,1,1,15,1,1,0
d49e1049666e5596,operational,gt_geometry,16,16,0,16,16,0
30e1141fbb1e5009,strict,score,0,16,0,0,16,0
30e1141fbb1e5009,strict,pareto,0,16,0,0,16,0
30e1141fbb1e5009,strict,gt_geometry,0,16,0,0,16,0
30e1141fbb1e5009,operational,score,0,0,16,0,0,0
30e1141fbb1e5009,operational,pareto,0,0,16,0,0,0
30e1141fbb1e5009,operational,gt_geometry,15,15,1,15,15,0
377ceb5650355d8b,strict,score,0,16,0,0,16,0
377ceb5650355d8b,strict,pareto,0,16,0,0,16,0
377ceb5650355d8b,strict,gt_geometry,0,16,0,0,16,0
377ceb5650355d8b,operational,score,0,0,16,0,0,0
377ceb5650355d8b,operational,pareto,2,2,14,2,2,0
377ceb5650355d8b,operational,gt_geometry,16,16,0,16,16,0
93aa103155cd5295,strict,score,0,16,0,0,16,0
93aa103155cd5295,strict,pareto,0,16,0,0,16,0
93aa103155cd5295,strict,gt_geometry,0,16,0,0,16,0
93aa103155cd5295,operational,score,0,0,16,0,0,0
93aa103155cd5295,operational,pareto,0,0,16,0,0,0
93aa103155cd5295,operational,gt_geometry,15,15,1,9,9,6
1dbae60fb78c532a,strict,score,0,16,0,0,16,0
1dbae60fb78c532a,strict,pareto,0,16,0,0,16,0
1dbae60fb78c532a,strict,gt_geometry,0,16,0,0,16,0
1dbae60fb78c532a,operational,score,0,0,16,0,0,0
1dbae60fb78c532a,operational,pareto,0,0,16,0,0,0
1dbae60fb78c532a,operational,gt_geometry,16,16,0,16,16,0
50fefa46fcc855fb,strict,score,0,16,0,0,16,0
50fefa46fcc855fb,strict,pareto,0,16,0,0,16,0
50fefa46fcc855fb,strict,gt_geometry,0,16,0,0,16,0
50fefa46fcc855fb,operational,score,0,0,16,0,0,0
50fefa46fcc855fb,operational,pareto,0,0,16,0,0,0
50fefa46fcc855fb,operational,gt_geometry,16,16,0,9,9,7
baef6630583c5f87,strict,score,0,16,0,0,16,0
baef6630583c5f87,strict,pareto,0,16,0,0,16,0
baef6630583c5f87,strict,gt_geometry,0,16,0,0,16,0
baef6630583c5f87,operational,score,0,0,16,0,0,0
baef6630583c5f87,operational,pareto,0,0,16,0,0,0
baef6630583c5f87,operational,gt_geometry,16,16,0,16,16,0
8b0773eaa2375bbf,strict,score,0,16,0,0,16,0
8b0773eaa2375bbf,strict,pareto,0,16,0,0,16,0
8b0773eaa2375bbf,strict,gt_geometry,0,16,0,0,16,0
8b0773eaa2375bbf,operational,score,0,0,16,0,0,0
8b0773eaa2375bbf,operational,pareto,1,1,15,1,1,0
8b0773eaa2375bbf,operational,gt_geometry,16,16,0,16,16,0
80e2038fd0555030,strict,score,0,16,0,0,16,0
80e2038fd0555030,strict,pareto,0,16,0,0,16,0
80e2038fd0555030,strict,gt_geometry,0,16,0,0,16,0
80e2038fd0555030,operational,score,0,0,16,0,0,0
80e2038fd0555030,operational,pareto,0,0,16,0,0,0
80e2038fd0555030,operational,gt_geometry,16,16,0,16,16,0
d341827e6b485782,strict,score,0,16,0,0,16,0
d341827e6b485782,strict,pareto,0,16,0,0,16,0
d341827e6b485782,strict,gt_geometry,0,16,0,0,16,0
d341827e6b485782,operational,score,0,0,16,0,0,0
d341827e6b485782,operational,pareto,0,0,16,0,0,0
d341827e6b485782,operational,gt_geometry,15,15,1,8,8,7
d6f1d7ade74c5d53,strict,score,0,16,0,0,16,0
d6f1d7ade74c5d53,strict,pareto,0,16,0,0,16,0
d6f1d7ade74c5d53,strict,gt_geometry,0,16,0,0,16,0
d6f1d7ade74c5d53,operational,score,0,0,16,0,0,0
d6f1d7ade74c5d53,operational,pareto,5,5,11,3,3,2
d6f1d7ade74c5d53,operational,gt_geometry,15,15,1,8,8,7
0827c1c05e0e5596,strict,score,0,16,0,0,16,0
0827c1c05e0e5596,strict,pareto,0,16,0,0,16,0
0827c1c05e0e5596,strict,gt_geometry,0,16,0,0,16,0
0827c1c05e0e5596,operational,score,0,0,16,0,0,0
0827c1c05e0e5596,operational,pareto,0,0,16,0,0,0
0827c1c05e0e5596,operational,gt_geometry,15,15,1,10,10,5
e9cd4fda706e5516,strict,score,0,16,0,0,16,0
e9cd4fda706e5516,strict,pareto,0,16,0,0,16,0
e9cd4fda706e5516,strict,gt_geometry,0,16,0,0,16,0
e9cd4fda706e5516,operational,score,0,0,16,0,0,0
e9cd4fda706e5516,operational,pareto,0,0,16,0,0,0
e9cd4fda706e5516,operational,gt_geometry,16,16,0,9,9,7
bae5037e472250dc,strict,score,0,16,0,0,16,0
bae5037e472250dc,strict,pareto,0,16,0,0,16,0
bae5037e472250dc,strict,gt_geometry,0,16,0,0,16,0
bae5037e472250dc,operational,score,0,0,16,0,0,0
bae5037e472250dc,operational,pareto,0,0,16,0,0,0
bae5037e472250dc,operational,gt_geometry,14,14,2,14,14,0
3e7e4bd1053d5d92,strict,score,0,16,0,0,16,0
3e7e4bd1053d5d92,strict,pareto,0,16,0,0,16,0
3e7e4bd1053d5d92,strict,gt_geometry,0,16,0,0,16,0
3e7e4bd1053d5d92,operational,score,0,0,16,0,0,0
3e7e4bd1053d5d92,operational,pareto,10,10,6,10,10,0
3e7e4bd1053d5d92,operational,gt_geometry,2,2,14,2,2,0
bc6cd32ccb1b5427,strict,score,0,16,0,0,16,0
bc6cd32ccb1b5427,strict,pareto,0,16,0,0,16,0
bc6cd32ccb1b5427,strict,gt_geometry,0,16,0,0,16,0
bc6cd32ccb1b5427,operational,score,0,0,16,0,0,0
bc6cd32ccb1b5427,operational,pareto,0,0,16,0,0,0
bc6cd32ccb1b5427,operational,gt_geometry,15,15,1,10,10,5
a4c4b9cae9f356bb,strict,score,0,16,0,0,16,0
a4c4b9cae9f356bb,strict,pareto,0,16,0,0,16,0
a4c4b9cae9f356bb,strict,gt_geometry,0,16,0,0,16,0
a4c4b9cae9f356bb,operational,score,0,0,16,0,0,0
a4c4b9cae9f356bb,operational,pareto,0,0,16,0,0,0
a4c4b9cae9f356bb,operational,gt_geometry,16,16,0,16,16,0
1e8cca8760da5948,strict,score,0,16,0,0,16,0
1e8cca8760da5948,strict,pareto,0,16,0,0,16,0
1e8cca8760da5948,strict,gt_geometry,0,16,0,0,16,0
1e8cca8760da5948,operational,score,0,0,16,0,0,0
1e8cca8760da5948,operational,pareto,1,1,15,1,1,0
1e8cca8760da5948,operational,gt_geometry,16,16,0,16,16,0
c7e306be08105b70,strict,score,0,16,0,0,16,0
c7e306be08105b70,strict,pareto,0,16,0,0,16,0
c7e306be08105b70,strict,gt_geometry,0,16,0,0,16,0
c7e306be08105b70,operational,score,0,0,16,0,0,0
c7e306be08105b70,operational,pareto,1,1,15,1,1,0
c7e306be08105b70,operational,gt_geometry,11,11,5,11,11,0
26e0f72c031b5f07,strict,score,0,16,0,0,16,0
26e0f72c031b5f07,strict,pareto,0,16,0,0,16,0
26e0f72c031b5f07,strict,gt_geometry,0,16,0,0,16,0
26e0f72c031b5f07,operational,score,0,0,16,0,0,0
26e0f72c031b5f07,operational,pareto,0,0,16,0,0,0
26e0f72c031b5f07,operational,gt_geometry,15,15,1,10,10,5
56e525076cab5f42,strict,score,0,16,0,0,16,0
56e525076cab5f42,strict,pareto,0,16,0,0,16,0
56e525076cab5f42,strict,gt_geometry,0,16,0,0,16,0
56e525076cab5f42,operational,score,0,0,16,0,0,0
56e525076cab5f42,operational,pareto,0,0,16,0,0,0
56e525076cab5f42,operational,gt_geometry,15,15,1,6,6,9
4ce4021236435fc2,strict,score,0,16,0,0,16,0
4ce4021236435fc2,strict,pareto,0,16,0,0,16,0
4ce4021236435fc2,strict,gt_geometry,0,16,0,0,16,0
4ce4021236435fc2,operational,score,0,0,16,0,0,0
4ce4021236435fc2,operational,pareto,0,0,16,0,0,0
4ce4021236435fc2,operational,gt_geometry,16,16,0,16,16,0
3ae8bec3c87f599a,strict,score,0,16,0,0,16,0
3ae8bec3c87f599a,strict,pareto,0,16,0,0,16,0
3ae8bec3c87f599a,strict,gt_geometry,0,16,0,0,16,0
3ae8bec3c87f599a,operational,score,0,0,16,0,0,0
3ae8bec3c87f599a,operational,pareto,0,0,16,0,0,0
3ae8bec3c87f599a,operational,gt_geometry,16,16,0,16,16,0
de9dfb594099510e,strict,score,0,16,0,0,16,0
de9dfb594099510e,strict,pareto,0,16,0,0,16,0
de9dfb594099510e,strict,gt_geometry,0,16,0,0,16,0
de9dfb594099510e,operational,score,0,0,16,0,0,0
de9dfb594099510e,operational,pareto,0,0,16,0,0,0
de9dfb594099510e,operational,gt_geometry,15,15,1,11,11,4
ba1ace8df74d5f7b,strict,score,0,16,0,0,16,0
ba1ace8df74d5f7b,strict,pareto,0,16,0,0,16,0
ba1ace8df74d5f7b,strict,gt_geometry,0,16,0,0,16,0
ba1ace8df74d5f7b,operational,score,0,0,16,0,0,0
ba1ace8df74d5f7b,operational,pareto,9,9,7,9,9,0
ba1ace8df74d5f7b,operational,gt_geometry,16,16,0,16,16,0
502320eeaec55d1f,strict,score,0,16,0,0,16,0
502320eeaec55d1f,strict,pareto,0,16,0,0,16,0
502320eeaec55d1f,strict,gt_geometry,0,16,0,0,16,0
502320eeaec55d1f,operational,score,0,0,16,0,0,0
502320eeaec55d1f,operational,pareto,1,1,15,1,1,0
502320eeaec55d1f,operational,gt_geometry,16,16,0,16,16,0
2dd169c11ca55cf5,strict,score,0,16,0,0,16,0
2dd169c11ca55cf5,strict,pareto,0,16,0,0,16,0
2dd169c11ca55cf5,strict,gt_geometry,0,16,0,0,16,0
2dd169c11ca55cf5,operational,score,0,0,16,0,0,0
2dd169c11ca55cf5,operational,pareto,0,0,16,0,0,0
2dd169c11ca55cf5,operational,gt_geometry,16,16,0,16,16,0
14bd7947aab75ae6,strict,score,0,16,0,0,16,0
14bd7947aab75ae6,strict,pareto,0,16,0,0,16,0
14bd7947aab75ae6,strict,gt_geometry,0,16,0,0,16,0
14bd7947aab75ae6,operational,score,0,0,16,0,0,0
14bd7947aab75ae6,operational,pareto,0,0,16,0,0,0
14bd7947aab75ae6,operational,gt_geometry,15,15,1,11,11,4
3acaadb297b15413,strict,score,0,16,0,0,16,0
3acaadb297b15413,strict,pareto,0,16,0,0,16,0
3acaadb297b15413,strict,gt_geometry,0,16,0,0,16,0
3acaadb297b15413,operational,score,0,0,16,0,0,0
3acaadb297b15413,operational,pareto,1,1,15,1,1,0
3acaadb297b15413,operational,gt_geometry,16,16,0,16,16,0
4667b479001e52d3,strict,score,0,16,0,0,16,0
4667b479001e52d3,strict,pareto,0,16,0,0,16,0
4667b479001e52d3,strict,gt_geometry,0,16,0,0,16,0
4667b479001e52d3,operational,score,0,0,16,0,0,0
4667b479001e52d3,operational,pareto,0,0,16,0,0,0
4667b479001e52d3,operational,gt_geometry,16,16,0,16,16,0
7f15d26426a65449,strict,score,0,16,0,0,16,0
7f15d26426a65449,strict,pareto,0,16,0,0,16,0
7f15d26426a65449,strict,gt_geometry,0,16,0,0,16,0
7f15d26426a65449,operational,score,0,0,16,0,0,0
7f15d26426a65449,operational,pareto,6,6,10,6,6,0
7f15d26426a65449,operational,gt_geometry,12,12,4,12,12,0
70fb14aa330a5e1a,strict,score,0,16,0,0,16,0
70fb14aa330a5e1a,strict,pareto,0,16,0,0,16,0
70fb14aa330a5e1a,strict,gt_geometry,0,16,0,0,16,0
70fb14aa330a5e1a,operational,score,0,0,16,0,0,0
70fb14aa330a5e1a,operational,pareto,1,1,15,0,0,1
70fb14aa330a5e1a,operational,gt_geometry,15,15,1,10,10,5
390944a5467b51c5,strict,score,0,16,0,0,16,0
390944a5467b51c5,strict,pareto,0,16,0,0,16,0
390944a5467b51c5,strict,gt_geometry,0,16,0,0,16,0
390944a5467b51c5,operational,score,0,0,16,0,0,0
390944a5467b51c5,operational,pareto,0,0,16,0,0,0
390944a5467b51c5,operational,gt_geometry,16,16,0,13,13,3
de37d906807d5da4,strict,score,0,16,0,0,16,0
de37d906807d5da4,strict,pareto,0,16,0,0,16,0
de37d906807d5da4,strict,gt_geometry,0,16,0,0,16,0
de37d906807d5da4,operational,score,0,0,16,0,0,0
de37d906807d5da4,operational,pareto,0,0,16,0,0,0
de37d906807d5da4,operational,gt_geometry,16,16,0,8,8,8
9ed0f61a7d9551dd,strict,score,0,16,0,0,16,0
9ed0f61a7d9551dd,strict,pareto,0,16,0,0,16,0
9ed0f61a7d9551dd,strict,gt_geometry,0,16,0,0,16,0
9ed0f61a7d9551dd,operational,score,0,0,16,0,0,0
9ed0f61a7d9551dd,operational,pareto,1,1,15,1,1,0
9ed0f61a7d9551dd,operational,gt_geometry,16,16,0,14,14,2
772bea477f415d7e,strict,score,0,16,0,0,16,0
772bea477f415d7e,strict,pareto,0,16,0,0,16,0
772bea477f415d7e,strict,gt_geometry,0,16,0,0,16,0
772bea477f415d7e,operational,score,0,0,16,0,0,0
772bea477f415d7e,operational,pareto,0,0,16,0,0,0
772bea477f415d7e,operational,gt_geometry,16,16,0,12,12,4
cf05fb873d635a08,strict,score,0,16,0,0,16,0
cf05fb873d635a08,strict,pareto,0,16,0,0,16,0
cf05fb873d635a08,strict,gt_geometry,0,16,0,0,16,0
cf05fb873d635a08,operational,score,0,0,16,0,0,0
cf05fb873d635a08,operational,pareto,1,1,15,1,1,0
cf05fb873d635a08,operational,gt_geometry,16,16,0,16,16,0
6ef435e921f9538a,strict,score,0,16,0,0,16,0
6ef435e921f9538a,strict,pareto,0,16,0,0,16,0
6ef435e921f9538a,strict,gt_geometry,0,16,0,0,16,0
6ef435e921f9538a,operational,score,0,0,16,0,0,0
6ef435e921f9538a,operational,pareto,0,0,16,0,0,0
6ef435e921f9538a,operational,gt_geometry,15,15,1,8,8,7
e60a241cf8df5ae6,strict,score,0,16,0,0,16,0
e60a241cf8df5ae6,strict,pareto,0,16,0,0,16,0
e60a241cf8df5ae6,strict,gt_geometry,0,16,0,0,16,0
e60a241cf8df5ae6,operational,score,0,0,16,0,0,0
e60a241cf8df5ae6,operational,pareto,0,0,16,0,0,0
e60a241cf8df5ae6,operational,gt_geometry,14,14,2,8,8,6
430843d30f9258ed,strict,score,0,16,0,0,16,0
430843d30f9258ed,strict,pareto,0,16,0,0,16,0
430843d30f9258ed,strict,gt_geometry,0,16,0,0,16,0
430843d30f9258ed,operational,score,0,0,16,0,0,0
430843d30f9258ed,operational,pareto,1,1,15,1,1,0
430843d30f9258ed,operational,gt_geometry,16,16,0,16,16,0
05f01335f6e15d86,strict,score,0,16,0,0,16,0
05f01335f6e15d86,strict,pareto,0,16,0,0,16,0
05f01335f6e15d86,strict,gt_geometry,0,16,0,0,16,0
05f01335f6e15d86,operational,score,0,0,16,0,0,0
05f01335f6e15d86,operational,pareto,0,0,16,0,0,0
05f01335f6e15d86,operational,gt_geometry,9,9,7,6,6,3
4be639c52c2656db,strict,score,0,16,0,0,16,0
4be639c52c2656db,strict,pareto,0,16,0,0,16,0
4be639c52c2656db,strict,gt_geometry,0,16,0,0,16,0
4be639c52c2656db,operational,score,0,0,16,0,0,0
4be639c52c2656db,operational,pareto,0,0,16,0,0,0
4be639c52c2656db,operational,gt_geometry,15,15,1,8,8,7
3f67a285648156d8,strict,score,0,16,0,0,16,0
3f67a285648156d8,strict,pareto,0,16,0,0,16,0
3f67a285648156d8,strict,gt_geometry,0,16,0,0,16,0
3f67a285648156d8,operational,score,0,0,16,0,0,0
3f67a285648156d8,operational,pareto,0,0,16,0,0,0
3f67a285648156d8,operational,gt_geometry,16,16,0,16,16,0
d193c14478495b74,strict,score,0,16,0,0,16,0
d193c14478495b74,strict,pareto,0,16,0,0,16,0
d193c14478495b74,strict,gt_geometry,0,16,0,0,16,0
d193c14478495b74,operational,score,0,0,16,0,0,0
d193c14478495b74,operational,pareto,0,0,16,0,0,0
d193c14478495b74,operational,gt_geometry,6,6,10,5,5,1
be62b590e24a520d,strict,score,0,16,0,0,16,0
be62b590e24a520d,strict,pareto,0,16,0,0,16,0
be62b590e24a520d,strict,gt_geometry,0,16,0,0,16,0
be62b590e24a520d,operational,score,0,0,16,0,0,0
be62b590e24a520d,operational,pareto,0,0,16,0,0,0
be62b590e24a520d,operational,gt_geometry,16,16,0,16,16,0
ee2a0378652e53d0,strict,score,0,16,0,0,16,0
ee2a0378652e53d0,strict,pareto,0,16,0,0,16,0
ee2a0378652e53d0,strict,gt_geometry,0,16,0,0,16,0
ee2a0378652e53d0,operational,score,0,0,16,0,0,0
ee2a0378652e53d0,operational,pareto,0,0,16,0,0,0
ee2a0378652e53d0,operational,gt_geometry,14,14,2,12,12,2
adf177418b8a5f6f,strict,score,0,16,0,0,16,0
adf177418b8a5f6f,strict,pareto,0,16,0,0,16,0
adf177418b8a5f6f,strict,gt_geometry,0,16,0,0,16,0
adf177418b8a5f6f,operational,score,0,0,16,0,0,0
adf177418b8a5f6f,operational,pareto,0,0,16,0,0,0
adf177418b8a5f6f,operational,gt_geometry,15,15,1,12,12,3
8ba72029d7d75a0c,strict,score,0,16,0,0,16,0
8ba72029d7d75a0c,strict,pareto,0,16,0,0,16,0
8ba72029d7d75a0c,strict,gt_geometry,0,16,0,0,16,0
8ba72029d7d75a0c,operational,score,0,0,16,0,0,0
8ba72029d7d75a0c,operational,pareto,0,0,16,0,0,0
8ba72029d7d75a0c,operational,gt_geometry,16,16,0,8,8,8
a893fc739c0b567c,strict,score,0,16,0,0,16,0
a893fc739c0b567c,strict,pareto,0,16,0,0,16,0
a893fc739c0b567c,strict,gt_geometry,0,16,0,0,16,0
a893fc739c0b567c,operational,score,0,0,16,0,0,0
a893fc739c0b567c,operational,pareto,0,0,16,0,0,0
a893fc739c0b567c,operational,gt_geometry,16,16,0,11,11,5
ade775b8413358d6,strict,score,0,16,0,0,16,0
ade775b8413358d6,strict,pareto,0,16,0,0,16,0
ade775b8413358d6,strict,gt_geometry,0,16,0,0,16,0
ade775b8413358d6,operational,score,0,0,16,0,0,0
ade775b8413358d6,operational,pareto,9,9,7,9,9,0
ade775b8413358d6,operational,gt_geometry,3,3,13,3,3,0
cf26456f21fc55cc,strict,score,0,16,0,0,16,0
cf26456f21fc55cc,strict,pareto,0,16,0,0,16,0
cf26456f21fc55cc,strict,gt_geometry,0,16,0,0,16,0
cf26456f21fc55cc,operational,score,0,0,16,0,0,0
cf26456f21fc55cc,operational,pareto,5,5,11,2,2,3
cf26456f21fc55cc,operational,gt_geometry,15,15,1,6,6,9
f5134ec4baf153c9,strict,score,0,16,0,0,16,0
f5134ec4baf153c9,strict,pareto,0,16,0,0,16,0
f5134ec4baf153c9,strict,gt_geometry,0,16,0,0,16,0
f5134ec4baf153c9,operational,score,0,0,16,0,0,0
f5134ec4baf153c9,operational,pareto,0,0,16,0,0,0
f5134ec4baf153c9,operational,gt_geometry,16,16,0,16,16,0
09961e24208b5972,strict,score,0,16,0,0,16,0
09961e24208b5972,strict,pareto,0,16,0,0,16,0
09961e24208b5972,strict,gt_geometry,0,16,0,0,16,0
09961e24208b5972,operational,score,0,0,16,0,0,0
09961e24208b5972,operational,pareto,3,3,13,1,1,2
09961e24208b5972,operational,gt_geometry,16,16,0,8,8,8
7e6335968cbb5318,strict,score,0,16,0,0,16,0
7e6335968cbb5318,strict,pareto,0,16,0,0,16,0
7e6335968cbb5318,strict,gt_geometry,0,16,0,0,16,0
7e6335968cbb5318,operational,score,0,0,16,0,0,0
7e6335968cbb5318,operational,pareto,1,1,15,1,1,0
7e6335968cbb5318,operational,gt_geometry,16,16,0,16,16,0
ac20d4e2400c58a9,strict,score,0,16,0,0,16,0
ac20d4e2400c58a9,strict,pareto,0,16,0,0,16,0
ac20d4e2400c58a9,strict,gt_geometry,0,16,0,0,16,0
ac20d4e2400c58a9,operational,score,0,0,16,0,0,0
ac20d4e2400c58a9,operational,pareto,3,3,13,3,3,0
ac20d4e2400c58a9,operational,gt_geometry,15,15,1,15,15,0
f503e5d4f2815027,strict,score,0,16,0,0,16,0
f503e5d4f2815027,strict,pareto,0,16,0,0,16,0
f503e5d4f2815027,strict,gt_geometry,0,16,0,0,16,0
f503e5d4f2815027,operational,score,0,0,16,0,0,0
f503e5d4f2815027,operational,pareto,0,0,16,0,0,0
f503e5d4f2815027,operational,gt_geometry,16,16,0,8,8,8
43df192ed9125ff3,strict,score,0,16,0,0,16,0
43df192ed9125ff3,strict,pareto,0,16,0,0,16,0
43df192ed9125ff3,strict,gt_geometry,0,16,0,0,16,0
43df192ed9125ff3,operational,score,0,0,16,0,0,0
43df192ed9125ff3,operational,pareto,0,0,16,0,0,0
43df192ed9125ff3,operational,gt_geometry,15,15,1,9,9,6
b63a589b5dcf521d,strict,score,0,16,0,0,16,0
b63a589b5dcf521d,strict,pareto,0,16,0,0,16,0
b63a589b5dcf521d,strict,gt_geometry,0,16,0,0,16,0
b63a589b5dcf521d,operational,score,0,0,16,0,0,0
b63a589b5dcf521d,operational,pareto,0,0,16,0,0,0
b63a589b5dcf521d,operational,gt_geometry,15,15,1,12,12,3
0996ce03d2325a75,strict,score,0,16,0,0,16,0
0996ce03d2325a75,strict,pareto,0,16,0,0,16,0
0996ce03d2325a75,strict,gt_geometry,0,16,0,0,16,0
0996ce03d2325a75,operational,score,0,0,16,0,0,0
0996ce03d2325a75,operational,pareto,0,0,16,0,0,0
0996ce03d2325a75,operational,gt_geometry,16,16,0,16,16,0
5da5fed529065c9a,strict,score,0,16,0,0,16,0
5da5fed529065c9a,strict,pareto,0,16,0,0,16,0
5da5fed529065c9a,strict,gt_geometry,0,16,0,0,16,0
5da5fed529065c9a,operational,score,0,0,16,0,0,0
5da5fed529065c9a,operational,pareto,2,2,14,2,2,0
5da5fed529065c9a,operational,gt_geometry,16,16,0,16,16,0
4d4d070cb9095f94,strict,score,0,16,0,0,16,0
4d4d070cb9095f94,strict,pareto,0,16,0,0,16,0
4d4d070cb9095f94,strict,gt_geometry,0,16,0,0,16,0
4d4d070cb9095f94,operational,score,0,0,16,0,0,0
4d4d070cb9095f94,operational,pareto,0,0,16,0,0,0
4d4d070cb9095f94,operational,gt_geometry,15,15,1,13,13,2
14096d0f331a594a,strict,score,0,16,0,0,16,0
14096d0f331a594a,strict,pareto,0,16,0,0,16,0
14096d0f331a594a,strict,gt_geometry,0,16,0,0,16,0
14096d0f331a594a,operational,score,0,0,16,0,0,0
14096d0f331a594a,operational,pareto,1,1,15,0,0,1
14096d0f331a594a,operational,gt_geometry,15,15,1,10,10,5
432cf993a4685755,strict,score,0,16,0,0,16,0
432cf993a4685755,strict,pareto,0,16,0,0,16,0
432cf993a4685755,strict,gt_geometry,0,16,0,0,16,0
432cf993a4685755,operational,score,0,0,16,0,0,0
432cf993a4685755,operational,pareto,4,4,12,4,4,0
432cf993a4685755,operational,gt_geometry,16,16,0,16,16,0
c668fc93191352f5,strict,score,0,16,0,0,16,0
c668fc93191352f5,strict,pareto,0,16,0,0,16,0
c668fc93191352f5,strict,gt_geometry,0,16,0,0,16,0
c668fc93191352f5,operational,score,0,0,16,0,0,0
c668fc93191352f5,operational,pareto,0,0,16,0,0,0
c668fc93191352f5,operational,gt_geometry,16,16,0,16,16,0
a73551f67ae95c4d,strict,score,0,16,0,0,16,0
a73551f67ae95c4d,strict,pareto,0,16,0,0,16,0
a73551f67ae95c4d,strict,gt_geometry,0,16,0,0,16,0
a73551f67ae95c4d,operational,score,0,0,16,0,0,0
a73551f67ae95c4d,operational,pareto,1,1,15,1,1,0
a73551f67ae95c4d,operational,gt_geometry,16,16,0,16,16,0
928010107cd35cdd,strict,score,0,16,0,0,16,0
928010107cd35cdd,strict,pareto,0,16,0,0,16,0
928010107cd35cdd,strict,gt_geometry,0,16,0,0,16,0
928010107cd35cdd,operational,score,0,0,16,0,0,0
928010107cd35cdd,operational,pareto,1,1,15,1,1,0
928010107cd35cdd,operational,gt_geometry,16,16,0,16,16,0
f4ab14a89bb7500e,strict,score,0,16,0,0,16,0
f4ab14a89bb7500e,strict,pareto,0,16,0,0,16,0
f4ab14a89bb7500e,strict,gt_geometry,0,16,0,0,16,0
f4ab14a89bb7500e,operational,score,0,0,16,0,0,0
f4ab14a89bb7500e,operational,pareto,0,0,16,0,0,0
f4ab14a89bb7500e,operational,gt_geometry,16,16,0,16,16,0
dc28a01b78d45b17,strict,score,0,16,0,0,16,0
dc28a01b78d45b17,strict,pareto,0,16,0,0,16,0
dc28a01b78d45b17,strict,gt_geometry,0,16,0,0,16,0
dc28a01b78d45b17,operational,score,0,0,16,0,0,0
dc28a01b78d45b17,operational,pareto,2,2,14,2,2,0
dc28a01b78d45b17,operational,gt_geometry,16,16,0,16,16,0
3f159d73e87a5e06,strict,score,0,16,0,0,16,0
3f159d73e87a5e06,strict,pareto,0,16,0,0,16,0
3f159d73e87a5e06,strict,gt_geometry,0,16,0,0,16,0
3f159d73e87a5e06,operational,score,0,0,16,0,0,0
3f159d73e87a5e06,operational,pareto,2,2,14,2,2,0
3f159d73e87a5e06,operational,gt_geometry,16,16,0,16,16,0
bdfa1f8523c25328,strict,score,0,16,0,0,16,0
bdfa1f8523c25328,strict,pareto,0,16,0,0,16,0
bdfa1f8523c25328,strict,gt_geometry,0,16,0,0,16,0
bdfa1f8523c25328,operational,score,0,0,16,0,0,0
bdfa1f8523c25328,operational,pareto,0,0,16,0,0,0
bdfa1f8523c25328,operational,gt_geometry,15,15,1,7,7,8
12115c5ca1215fb7,strict,score,0,16,0,0,16,0
12115c5ca1215fb7,strict,pareto,0,16,0,0,16,0
12115c5ca1215fb7,strict,gt_geometry,0,16,0,0,16,0
12115c5ca1215fb7,operational,score,0,0,16,0,0,0
12115c5ca1215fb7,operational,pareto,0,0,16,0,0,0
12115c5ca1215fb7,operational,gt_geometry,16,16,0,16,16,0
c402a7eb498a5736,strict,score,0,16,0,0,16,0
c402a7eb498a5736,strict,pareto,0,16,0,0,16,0
c402a7eb498a5736,strict,gt_geometry,0,16,0,0,16,0
c402a7eb498a5736,operational,score,0,0,16,0,0,0
c402a7eb498a5736,operational,pareto,0,0,16,0,0,0
c402a7eb498a5736,operational,gt_geometry,10,10,6,6,6,4
c94d20755cae51cf,strict,score,0,16,0,0,16,0
c94d20755cae51cf,strict,pareto,0,16,0,0,16,0
c94d20755cae51cf,strict,gt_geometry,0,16,0,0,16,0
c94d20755cae51cf,operational,score,0,0,16,0,0,0
c94d20755cae51cf,operational,pareto,6,6,10,6,6,0
c94d20755cae51cf,operational,gt_geometry,16,16,0,16,16,0
c44b12de78555426,strict,score,0,16,0,0,16,0
c44b12de78555426,strict,pareto,0,16,0,0,16,0
c44b12de78555426,strict,gt_geometry,0,16,0,0,16,0
c44b12de78555426,operational,score,0,0,16,0,0,0
c44b12de78555426,operational,pareto,1,1,15,1,1,0
c44b12de78555426,operational,gt_geometry,5,5,11,5,5,0
50e0c2fe698655a9,strict,score,0,16,0,0,16,0
50e0c2fe698655a9,strict,pareto,0,16,0,0,16,0
50e0c2fe698655a9,strict,gt_geometry,0,16,0,0,16,0
50e0c2fe698655a9,operational,score,0,0,16,0,0,0
50e0c2fe698655a9,operational,pareto,0,0,16,0,0,0
50e0c2fe698655a9,operational,gt_geometry,16,16,0,5,5,11
e91a2d26f30e5b34,strict,score,0,16,0,0,16,0
e91a2d26f30e5b34,strict,pareto,0,16,0,0,16,0
e91a2d26f30e5b34,strict,gt_geometry,0,16,0,0,16,0
e91a2d26f30e5b34,operational,score,0,0,16,0,0,0
e91a2d26f30e5b34,operational,pareto,0,0,16,0,0,0
e91a2d26f30e5b34,operational,gt_geometry,8,8,8,7,7,1
c8b4c92530f15b8e,strict,score,0,16,0,0,16,0
c8b4c92530f15b8e,strict,pareto,0,16,0,0,16,0
c8b4c92530f15b8e,strict,gt_geometry,0,16,0,0,16,0
c8b4c92530f15b8e,operational,score,0,0,16,0,0,0
c8b4c92530f15b8e,operational,pareto,1,1,15,1,1,0
c8b4c92530f15b8e,operational,gt_geometry,16,16,0,16,16,0
3d2dded3370e5d2f,strict,score,0,16,0,0,16,0
3d2dded3370e5d2f,strict,pareto,0,16,0,0,16,0
3d2dded3370e5d2f,strict,gt_geometry,0,16,0,0,16,0
3d2dded3370e5d2f,operational,score,0,0,16,0,0,0
3d2dded3370e5d2f,operational,pareto,1,1,15,1,1,0
3d2dded3370e5d2f,operational,gt_geometry,16,16,0,16,16,0
1361ba1955125852,strict,score,0,16,0,0,16,0
1361ba1955125852,strict,pareto,0,16,0,0,16,0
1361ba1955125852,strict,gt_geometry,0,16,0,0,16,0
1361ba1955125852,operational,score,0,0,16,0,0,0
1361ba1955125852,operational,pareto,0,0,16,0,0,0
1361ba1955125852,operational,gt_geometry,16,16,0,16,16,0
b78f23cd3a155154,strict,score,0,16,0,0,16,0
b78f23cd3a155154,strict,pareto,0,16,0,0,16,0
b78f23cd3a155154,strict,gt_geometry,0,16,0,0,16,0
b78f23cd3a155154,operational,score,0,0,16,0,0,0
b78f23cd3a155154,operational,pareto,0,0,16,0,0,0
b78f23cd3a155154,operational,gt_geometry,11,11,5,9,9,2
25652aabb1615c8d,strict,score,0,16,0,0,16,0
25652aabb1615c8d,strict,pareto,0,16,0,0,16,0
25652aabb1615c8d,strict,gt_geometry,0,16,0,0,16,0
25652aabb1615c8d,operational,score,0,0,16,0,0,0
25652aabb1615c8d,operational,pareto,9,9,7,3,3,6
25652aabb1615c8d,operational,gt_geometry,14,14,2,7,7,7
3623f8728153513d,strict,score,0,16,0,0,16,0
3623f8728153513d,strict,pareto,0,16,0,0,16,0
3623f8728153513d,strict,gt_geometry,0,16,0,0,16,0
3623f8728153513d,operational,score,0,0,16,0,0,0
3623f8728153513d,operational,pareto,0,0,16,0,0,0
3623f8728153513d,operational,gt_geometry,16,16,0,16,16,0
9288a151789f507b,strict,score,0,16,0,0,16,0
9288a151789f507b,strict,pareto,0,16,0,0,16,0
9288a151789f507b,strict,gt_geometry,0,16,0,0,16,0
9288a151789f507b,operational,score,0,0,16,0,0,0
9288a151789f507b,operational,pareto,0,0,16,0,0,0
9288a151789f507b,operational,gt_geometry,16,16,0,16,16,0
e671280656f55009,strict,score,0,16,0,0,16,0
e671280656f55009,strict,pareto,0,16,0,0,16,0
e671280656f55009,strict,gt_geometry,0,16,0,0,16,0
e671280656f55009,operational,score,0,0,16,0,0,0
e671280656f55009,operational,pareto,4,4,12,4,4,0
e671280656f55009,operational,gt_geometry,16,16,0,16,16,0
48cf36e2f3e15071,strict,score,0,16,0,0,16,0
48cf36e2f3e15071,strict,pareto,0,16,0,0,16,0
48cf36e2f3e15071,strict,gt_geometry,0,16,0,0,16,0
48cf36e2f3e15071,operational,score,0,0,16,0,0,0
48cf36e2f3e15071,operational,pareto,2,2,14,0,0,2
48cf36e2f3e15071,operational,gt_geometry,15,15,1,10,10,5
4acdad2d68815972,strict,score,0,16,0,0,16,0
4acdad2d68815972,strict,pareto,0,16,0,0,16,0
4acdad2d68815972,strict,gt_geometry,0,16,0,0,16,0
4acdad2d68815972,operational,score,0,0,16,0,0,0
4acdad2d68815972,operational,pareto,0,0,16,0,0,0
4acdad2d68815972,operational,gt_geometry,16,16,0,16,16,0
b35fe1e3a6d857e7,strict,score,0,16,0,0,16,0
b35fe1e3a6d857e7,strict,pareto,0,16,0,0,16,0
b35fe1e3a6d857e7,strict,gt_geometry,0,16,0,0,16,0
b35fe1e3a6d857e7,operational,score,0,0,16,0,0,0
b35fe1e3a6d857e7,operational,pareto,0,0,16,0,0,0
b35fe1e3a6d857e7,operational,gt_geometry,16,16,0,10,10,6
095eafbb5c8f5b02,strict,score,0,16,0,0,16,0
095eafbb5c8f5b02,strict,pareto,0,16,0,0,16,0
095eafbb5c8f5b02,strict,gt_geometry,0,16,0,0,16,0
095eafbb5c8f5b02,operational,score,0,0,16,0,0,0
095eafbb5c8f5b02,operational,pareto,3,3,13,3,3,0
095eafbb5c8f5b02,operational,gt_geometry,10,10,6,10,10,0
6f3254ac0fb25c0e,strict,score,0,16,0,0,16,0
6f3254ac0fb25c0e,strict,pareto,0,16,0,0,16,0
6f3254ac0fb25c0e,strict,gt_geometry,0,16,0,0,16,0
6f3254ac0fb25c0e,operational,score,0,0,16,0,0,0
6f3254ac0fb25c0e,operational,pareto,0,0,16,0,0,0
6f3254ac0fb25c0e,operational,gt_geometry,16,16,0,15,15,1
846947c0d14c5705,strict,score,0,16,0,0,16,0
846947c0d14c5705,strict,pareto,0,16,0,0,16,0
846947c0d14c5705,strict,gt_geometry,0,16,0,0,16,0
846947c0d14c5705,operational,score,0,0,16,0,0,0
846947c0d14c5705,operational,pareto,12,12,4,12,12,0
846947c0d14c5705,operational,gt_geometry,8,8,8,8,8,0
da088bb9d4fb5d0e,strict,score,0,16,0,0,16,0
da088bb9d4fb5d0e,strict,pareto,0,16,0,0,16,0
da088bb9d4fb5d0e,strict,gt_geometry,0,16,0,0,16,0
da088bb9d4fb5d0e,operational,score,0,0,16,0,0,0
da088bb9d4fb5d0e,operational,pareto,2,2,14,0,0,2
da088bb9d4fb5d0e,operational,gt_geometry,16,16,0,16,16,0
2d6b6f9cbf895767,strict,score,0,16,0,0,16,0
2d6b6f9cbf895767,strict,pareto,0,16,0,0,16,0
2d6b6f9cbf895767,strict,gt_geometry,0,16,0,0,16,0
2d6b6f9cbf895767,operational,score,0,0,16,0,0,0
2d6b6f9cbf895767,operational,pareto,1,1,15,1,1,0
2d6b6f9cbf895767,operational,gt_geometry,16,16,0,16,16,0
2b6a3141bbd95909,strict,score,0,16,0,0,16,0
2b6a3141bbd95909,strict,pareto,0,16,0,0,16,0
2b6a3141bbd95909,strict,gt_geometry,0,16,0,0,16,0
2b6a3141bbd95909,operational,score,0,0,16,0,0,0
2b6a3141bbd95909,operational,pareto,0,0,16,0,0,0
2b6a3141bbd95909,operational,gt_geometry,15,15,1,10,10,5
c565fc593f9e5fad,strict,score,0,16,0,0,16,0
c565fc593f9e5fad,strict,pareto,0,16,0,0,16,0
c565fc593f9e5fad,strict,gt_geometry,0,16,0,0,16,0
c565fc593f9e5fad,operational,score,0,0,16,0,0,0
c565fc593f9e5fad,operational,pareto,0,0,16,0,0,0
c565fc593f9e5fad,operational,gt_geometry,15,15,1,11,11,4
2b62f0fd336e5ce1,strict,score,0,16,0,0,16,0
2b62f0fd336e5ce1,strict,pareto,0,16,0,0,16,0
2b62f0fd336e5ce1,strict,gt_geometry,0,16,0,0,16,0
2b62f0fd336e5ce1,operational,score,0,0,16,0,0,0
2b62f0fd336e5ce1,operational,pareto,6,6,10,6,6,0
2b62f0fd336e5ce1,operational,gt_geometry,12,12,4,12,12,0
4521af05098b5726,strict,score,0,16,0,0,16,0
4521af05098b5726,strict,pareto,0,16,0,0,16,0
4521af05098b5726,strict,gt_geometry,0,16,0,0,16,0
4521af05098b5726,operational,score,0,0,16,0,0,0
4521af05098b5726,operational,pareto,0,0,16,0,0,0
4521af05098b5726,operational,gt_geometry,16,16,0,16,16,0
4cf79f853daa5e18,strict,score,0,16,0,0,16,0
4cf79f853daa5e18,strict,pareto,0,16,0,0,16,0
4cf79f853daa5e18,strict,gt_geometry,0,16,0,0,16,0
4cf79f853daa5e18,operational,score,0,0,16,0,0,0
4cf79f853daa5e18,operational,pareto,0,0,16,0,0,0
4cf79f853daa5e18,operational,gt_geometry,15,15,1,10,10,5
91c9748ec36d552e,strict,score,0,16,0,0,16,0
91c9748ec36d552e,strict,pareto,0,16,0,0,16,0
91c9748ec36d552e,strict,gt_geometry,0,16,0,0,16,0
91c9748ec36d552e,operational,score,0,0,16,0,0,0
91c9748ec36d552e,operational,pareto,6,6,10,6,6,0
91c9748ec36d552e,operational,gt_geometry,16,16,0,16,16,0
b74282046c9b5e26,strict,score,0,16,0,0,16,0
b74282046c9b5e26,strict,pareto,0,16,0,0,16,0
b74282046c9b5e26,strict,gt_geometry,0,16,0,0,16,0
b74282046c9b5e26,operational,score,0,0,16,0,0,0
b74282046c9b5e26,operational,pareto,0,0,16,0,0,0
b74282046c9b5e26,operational,gt_geometry,16,16,0,16,16,0
9b2f62944222523c,strict,score,0,16,0,0,16,0
9b2f62944222523c,strict,pareto,0,16,0,0,16,0
9b2f62944222523c,strict,gt_geometry,0,16,0,0,16,0
9b2f62944222523c,operational,score,0,0,16,0,0,0
9b2f62944222523c,operational,pareto,0,0,16,0,0,0
9b2f62944222523c,operational,gt_geometry,15,15,1,9,9,6
b4e37918a3075f27,strict,score,0,16,0,0,16,0
b4e37918a3075f27,strict,pareto,0,16,0,0,16,0
b4e37918a3075f27,strict,gt_geometry,0,16,0,0,16,0
b4e37918a3075f27,operational,score,0,0,16,0,0,0
b4e37918a3075f27,operational,pareto,0,0,16,0,0,0
b4e37918a3075f27,operational,gt_geometry,10,10,6,9,9,1
172b3176b06c5658,strict,score,0,16,0,0,16,0
172b3176b06c5658,strict,pareto,0,16,0,0,16,0
172b3176b06c5658,strict,gt_geometry,0,16,0,0,16,0
172b3176b06c5658,operational,score,0,0,16,0,0,0
172b3176b06c5658,operational,pareto,0,0,16,0,0,0
172b3176b06c5658,operational,gt_geometry,14,14,2,9,9,5
29c1d95389d45573,strict,score,0,16,0,0,16,0
29c1d95389d45573,strict,pareto,0,16,0,0,16,0
29c1d95389d45573,strict,gt_geometry,0,16,0,0,16,0
29c1d95389d45573,operational,score,0,0,16,0,0,0
29c1d95389d45573,operational,pareto,10,10,6,10,10,0
29c1d95389d45573,operational,gt_geometry,5,5,11,5,5,0
03925cda82c35516,strict,score,0,16,0,0,16,0
03925cda82c35516,strict,pareto,0,16,0,0,16,0
03925cda82c35516,strict,gt_geometry,0,16,0,0,16,0
03925cda82c35516,operational,score,0,0,16,0,0,0
03925cda82c35516,operational,pareto,1,1,15,1,1,0
03925cda82c35516,operational,gt_geometry,16,16,0,16,16,0
8f24138692dc51a0,strict,score,0,16,0,0,16,0
8f24138692dc51a0,strict,pareto,0,16,0,0,16,0
8f24138692dc51a0,strict,gt_geometry,0,16,0,0,16,0
8f24138692dc51a0,operational,score,0,0,16,0,0,0
8f24138692dc51a0,operational,pareto,6,6,10,4,4,2
8f24138692dc51a0,operational,gt_geometry,15,15,1,10,10,5
e4bc6fc5aeb15a9b,strict,score,0,16,0,0,16,0
e4bc6fc5aeb15a9b,strict,pareto,0,16,0,0,16,0
e4bc6fc5aeb15a9b,strict,gt_geometry,0,16,0,0,16,0
e4bc6fc5aeb15a9b,operational,score,0,0,16,0,0,0
e4bc6fc5aeb15a9b,operational,pareto,0,0,16,0,0,0
e4bc6fc5aeb15a9b,operational,gt_geometry,16,16,0,16,16,0
58e62444275353ac,strict,score,0,16,0,0,16,0
58e62444275353ac,strict,pareto,0,16,0,0,16,0
58e62444275353ac,strict,gt_geometry,0,16,0,0,16,0
58e62444275353ac,operational,score,0,0,16,0,0,0
58e62444275353ac,operational,pareto,0,0,16,0,0,0
58e62444275353ac,operational,gt_geometry,13,13,3,8,8,5
b4929fe228725c94,strict,score,0,16,0,0,16,0
b4929fe228725c94,strict,pareto,0,16,0,0,16,0
b4929fe228725c94,strict,gt_geometry,0,16,0,0,16,0
b4929fe228725c94,operational,score,0,0,16,0,0,0
b4929fe228725c94,operational,pareto,2,2,14,0,0,2
b4929fe228725c94,operational,gt_geometry,15,15,1,12,12,3
9703fd67a8ba55e3,strict,score,0,16,0,0,16,0
9703fd67a8ba55e3,strict,pareto,0,16,0,0,16,0
9703fd67a8ba55e3,strict,gt_geometry,0,16,0,0,16,0
9703fd67a8ba55e3,operational,score,0,0,16,0,0,0
9703fd67a8ba55e3,operational,pareto,0,0,16,0,0,0
9703fd67a8ba55e3,operational,gt_geometry,16,16,0,16,16,0
21ef5641389c54b2,strict,score,0,16,0,0,16,0
21ef5641389c54b2,strict,pareto,0,16,0,0,16,0
21ef5641389c54b2,strict,gt_geometry,0,16,0,0,16,0
21ef5641389c54b2,operational,score,0,0,16,0,0,0
21ef5641389c54b2,operational,pareto,4,4,12,1,1,3
21ef5641389c54b2,operational,gt_geometry,16,16,0,9,9,7
1672f5b30038519f,strict,score,0,16,0,0,16,0
1672f5b30038519f,strict,pareto,0,16,0,0,16,0
1672f5b30038519f,strict,gt_geometry,0,16,0,0,16,0
1672f5b30038519f,operational,score,0,0,16,0,0,0
1672f5b30038519f,operational,pareto,0,0,16,0,0,0
1672f5b30038519f,operational,gt_geometry,14,14,2,6,6,8
50865b0784fc566d,strict,score,0,16,0,0,16,0
50865b0784fc566d,strict,pareto,0,16,0,0,16,0
50865b0784fc566d,strict,gt_geometry,0,16,0,0,16,0
50865b0784fc566d,operational,score,0,0,16,0,0,0
50865b0784fc566d,operational,pareto,0,0,16,0,0,0
50865b0784fc566d,operational,gt_geometry,15,15,1,12,12,3
a4cf3a412034565a,strict,score,0,16,0,0,16,0
a4cf3a412034565a,strict,pareto,0,16,0,0,16,0
a4cf3a412034565a,strict,gt_geometry,0,16,0,0,16,0
a4cf3a412034565a,operational,score,0,0,16,0,0,0
a4cf3a412034565a,operational,pareto,1,1,15,0,0,1
a4cf3a412034565a,operational,gt_geometry,15,15,1,8,8,7
1295232b65bf5f8d,strict,score,0,16,0,0,16,0
1295232b65bf5f8d,strict,pareto,0,16,0,0,16,0
1295232b65bf5f8d,strict,gt_geometry,0,16,0,0,16,0
1295232b65bf5f8d,operational,score,0,0,16,0,0,0
1295232b65bf5f8d,operational,pareto,0,0,16,0,0,0
1295232b65bf5f8d,operational,gt_geometry,16,16,0,16,16,0
7ecb22e3bba55b12,strict,score,0,16,0,0,16,0
7ecb22e3bba55b12,strict,pareto,0,16,0,0,16,0
7ecb22e3bba55b12,strict,gt_geometry,0,16,0,0,16,0
7ecb22e3bba55b12,operational,score,0,0,16,0,0,0
7ecb22e3bba55b12,operational,pareto,0,0,16,0,0,0
7ecb22e3bba55b12,operational,gt_geometry,16,16,0,16,16,0
6b7469c8e2195492,strict,score,0,16,0,0,16,0
6b7469c8e2195492,strict,pareto,0,16,0,0,16,0
6b7469c8e2195492,strict,gt_geometry,0,16,0,0,16,0
6b7469c8e2195492,operational,score,0,0,16,0,0,0
6b7469c8e2195492,operational,pareto,0,0,16,0,0,0
6b7469c8e2195492,operational,gt_geometry,3,3,13,3,3,0
5ed66db305a55f73,strict,score,0,16,0,0,16,0
5ed66db305a55f73,strict,pareto,0,16,0,0,16,0
5ed66db305a55f73,strict,gt_geometry,0,16,0,0,16,0
5ed66db305a55f73,operational,score,0,0,16,0,0,0
5ed66db305a55f73,operational,pareto,0,0,16,0,0,0
5ed66db305a55f73,operational,gt_geometry,15,15,1,14,14,1
0b8065082f3a5b3b,strict,score,0,16,0,0,16,0
0b8065082f3a5b3b,strict,pareto,0,16,0,0,16,0
0b8065082f3a5b3b,strict,gt_geometry,0,16,0,0,16,0
0b8065082f3a5b3b,operational,score,0,0,16,0,0,0
0b8065082f3a5b3b,operational,pareto,0,0,16,0,0,0
0b8065082f3a5b3b,operational,gt_geometry,16,16,0,10,10,6
40d00a52b5345430,strict,score,0,16,0,0,16,0
40d00a52b5345430,strict,pareto,0,16,0,0,16,0
40d00a52b5345430,strict,gt_geometry,0,16,0,0,16,0
40d00a52b5345430,operational,score,0,0,16,0,0,0
40d00a52b5345430,operational,pareto,0,0,16,0,0,0
40d00a52b5345430,operational,gt_geometry,15,15,1,7,7,8
2c274b54e82b55e7,strict,score,0,16,0,0,16,0
2c274b54e82b55e7,strict,pareto,0,16,0,0,16,0
2c274b54e82b55e7,strict,gt_geometry,0,16,0,0,16,0
2c274b54e82b55e7,operational,score,0,0,16,0,0,0
2c274b54e82b55e7,operational,pareto,1,1,15,1,1,0
2c274b54e82b55e7,operational,gt_geometry,10,10,6,10,10,0
2f7f18f806515128,strict,score,0,16,0,0,16,0
2f7f18f806515128,strict,pareto,0,16,0,0,16,0
2f7f18f806515128,strict,gt_geometry,0,16,0,0,16,0
2f7f18f806515128,operational,score,0,0,16,0,0,0
2f7f18f806515128,operational,pareto,0,0,16,0,0,0
2f7f18f806515128,operational,gt_geometry,7,7,9,7,7,0
daaed109e7eb5f66,strict,score,0,16,0,0,16,0
daaed109e7eb5f66,strict,pareto,0,16,0,0,16,0
daaed109e7eb5f66,strict,gt_geometry,0,16,0,0,16,0
daaed109e7eb5f66,operational,score,0,0,16,0,0,0
daaed109e7eb5f66,operational,pareto,1,1,15,1,1,0
daaed109e7eb5f66,operational,gt_geometry,16,16,0,16,16,0
de9806cb0a2c53a3,strict,score,0,16,0,0,16,0
de9806cb0a2c53a3,strict,pareto,0,16,0,0,16,0
de9806cb0a2c53a3,strict,gt_geometry,0,16,0,0,16,0
de9806cb0a2c53a3,operational,score,0,0,16,0,0,0
de9806cb0a2c53a3,operational,pareto,1,1,15,1,1,0
de9806cb0a2c53a3,operational,gt_geometry,16,16,0,16,16,0
cd3f3ec4f0dc515f,strict,score,0,16,0,0,16,0
cd3f3ec4f0dc515f,strict,pareto,0,16,0,0,16,0
cd3f3ec4f0dc515f,strict,gt_geometry,0,16,0,0,16,0
cd3f3ec4f0dc515f,operational,score,0,0,16,0,0,0
cd3f3ec4f0dc515f,operational,pareto,0,0,16,0,0,0
cd3f3ec4f0dc515f,operational,gt_geometry,13,13,3,8,8,5
481b84c931245f5d,strict,score,0,16,0,0,16,0
481b84c931245f5d,strict,pareto,0,16,0,0,16,0
481b84c931245f5d,strict,gt_geometry,0,16,0,0,16,0
481b84c931245f5d,operational,score,0,0,16,0,0,0
481b84c931245f5d,operational,pareto,0,0,16,0,0,0
481b84c931245f5d,operational,gt_geometry,16,16,0,16,16,0
6aeb37c47f385f06,strict,score,0,16,0,0,16,0
6aeb37c47f385f06,strict,pareto,0,16,0,0,16,0
6aeb37c47f385f06,strict,gt_geometry,0,16,0,0,16,0
6aeb37c47f385f06,operational,score,0,0,16,0,0,0
6aeb37c47f385f06,operational,pareto,0,0,16,0,0,0
6aeb37c47f385f06,operational,gt_geometry,14,14,2,9,9,5
165b4475bd6b5188,strict,score,0,16,0,0,16,0
165b4475bd6b5188,strict,pareto,0,16,0,0,16,0
165b4475bd6b5188,strict,gt_geometry,0,16,0,0,16,0
165b4475bd6b5188,operational,score,0,0,16,0,0,0
165b4475bd6b5188,operational,pareto,2,2,14,2,2,0
165b4475bd6b5188,operational,gt_geometry,16,16,0,16,16,0
c5a1a4e21a4952b7,strict,score,0,16,0,0,16,0
c5a1a4e21a4952b7,strict,pareto,0,16,0,0,16,0
c5a1a4e21a4952b7,strict,gt_geometry,0,16,0,0,16,0
c5a1a4e21a4952b7,operational,score,0,0,16,0,0,0
c5a1a4e21a4952b7,operational,pareto,0,0,16,0,0,0
c5a1a4e21a4952b7,operational,gt_geometry,15,15,1,12,12,3
aac897560e0f5dab,strict,score,0,16,0,0,16,0
aac897560e0f5dab,strict,pareto,0,16,0,0,16,0
aac897560e0f5dab,strict,gt_geometry,0,16,0,0,16,0
aac897560e0f5dab,operational,score,0,0,16,0,0,0
aac897560e0f5dab,operational,pareto,1,1,15,0,0,1
aac897560e0f5dab,operational,gt_geometry,16,16,0,16,16,0
1e66e2bddb1d5b49,strict,score,0,16,0,0,16,0
1e66e2bddb1d5b49,strict,pareto,0,16,0,0,16,0
1e66e2bddb1d5b49,strict,gt_geometry,0,16,0,0,16,0
1e66e2bddb1d5b49,operational,score,0,0,16,0,0,0
1e66e2bddb1d5b49,operational,pareto,3,3,13,0,0,3
1e66e2bddb1d5b49,operational,gt_geometry,15,15,1,8,8,7
dfdc23aed4e95e49,strict,score,0,16,0,0,16,0
dfdc23aed4e95e49,strict,pareto,0,16,0,0,16,0
dfdc23aed4e95e49,strict,gt_geometry,0,16,0,0,16,0
dfdc23aed4e95e49,operational,score,0,0,16,0,0,0
dfdc23aed4e95e49,operational,pareto,0,0,16,0,0,0
dfdc23aed4e95e49,operational,gt_geometry,15,15,1,12,12,3
49a1e581f3a35a49,strict,score,0,16,0,0,16,0
49a1e581f3a35a49,strict,pareto,0,16,0,0,16,0
49a1e581f3a35a49,strict,gt_geometry,0,16,0,0,16,0
49a1e581f3a35a49,operational,score,0,0,16,0,0,0
49a1e581f3a35a49,operational,pareto,1,1,15,1,1,0
49a1e581f3a35a49,operational,gt_geometry,15,15,1,10,10,5
9263d47ef82d5a88,strict,score,0,16,0,0,16,0
9263d47ef82d5a88,strict,pareto,0,16,0,0,16,0
9263d47ef82d5a88,strict,gt_geometry,0,16,0,0,16,0
9263d47ef82d5a88,operational,score,0,0,16,0,0,0
9263d47ef82d5a88,operational,pareto,0,0,16,0,0,0
9263d47ef82d5a88,operational,gt_geometry,16,16,0,16,16,0
c216554d4bd6519f,strict,score,0,16,0,0,16,0
c216554d4bd6519f,strict,pareto,0,16,0,0,16,0
c216554d4bd6519f,strict,gt_geometry,0,16,0,0,16,0
c216554d4bd6519f,operational,score,0,0,16,0,0,0
c216554d4bd6519f,operational,pareto,0,0,16,0,0,0
c216554d4bd6519f,operational,gt_geometry,16,16,0,16,16,0
0354be0727e25157,strict,score,0,16,0,0,16,0
0354be0727e25157,strict,pareto,0,16,0,0,16,0
0354be0727e25157,strict,gt_geometry,0,16,0,0,16,0
0354be0727e25157,operational,score,0,0,16,0,0,0
0354be0727e25157,operational,pareto,0,0,16,0,0,0
0354be0727e25157,operational,gt_geometry,16,16,0,13,13,3
26dfdbfcecfe50bd,strict,score,0,16,0,0,16,0
26dfdbfcecfe50bd,strict,pareto,0,16,0,0,16,0
26dfdbfcecfe50bd,strict,gt_geometry,0,16,0,0,16,0
26dfdbfcecfe50bd,operational,score,0,0,16,0,0,0
26dfdbfcecfe50bd,operational,pareto,0,0,16,0,0,0
26dfdbfcecfe50bd,operational,gt_geometry,13,13,3,10,10,3
cc3160abbcbb543a,strict,score,0,16,0,0,16,0
cc3160abbcbb543a,strict,pareto,0,16,0,0,16,0
cc3160abbcbb543a,strict,gt_geometry,0,16,0,0,16,0
cc3160abbcbb543a,operational,score,0,0,16,0,0,0
cc3160abbcbb543a,operational,pareto,2,2,14,0,0,2
cc3160abbcbb543a,operational,gt_geometry,16,16,0,16,16,0
fc696e1d378654d4,strict,score,0,16,0,0,16,0
fc696e1d378654d4,strict,pareto,0,16,0,0,16,0
fc696e1d378654d4,strict,gt_geometry,0,16,0,0,16,0
fc696e1d378654d4,operational,score,0,0,16,0,0,0
fc696e1d378654d4,operational,pareto,0,0,16,0,0,0
fc696e1d378654d4,operational,gt_geometry,3,3,13,1,1,2
3fa2f81cff025162,strict,score,0,16,0,0,16,0
3fa2f81cff025162,strict,pareto,0,16,0,0,16,0
3fa2f81cff025162,strict,gt_geometry,0,16,0,0,16,0
3fa2f81cff025162,operational,score,0,0,16,0,0,0
3fa2f81cff025162,operational,pareto,0,0,16,0,0,0
3fa2f81cff025162,operational,gt_geometry,12,12,4,5,5,7
1d0a4f1f6cbd5e38,strict,score,0,16,0,0,16,0
1d0a4f1f6cbd5e38,strict,pareto,0,16,0,0,16,0
1d0a4f1f6cbd5e38,strict,gt_geometry,0,16,0,0,16,0
1d0a4f1f6cbd5e38,operational,score,0,0,16,0,0,0
1d0a4f1f6cbd5e38,operational,pareto,0,0,16,0,0,0
1d0a4f1f6cbd5e38,operational,gt_geometry,15,15,1,11,11,4
eff59f39f085525f,strict,score,0,16,0,0,16,0
eff59f39f085525f,strict,pareto,0,16,0,0,16,0
eff59f39f085525f,strict,gt_geometry,0,16,0,0,16,0
eff59f39f085525f,operational,score,0,0,16,0,0,0
eff59f39f085525f,operational,pareto,0,0,16,0,0,0
eff59f39f085525f,operational,gt_geometry,16,16,0,16,16,0
984be293f9195416,strict,score,0,16,0,0,16,0
984be293f9195416,strict,pareto,0,16,0,0,16,0
984be293f9195416,strict,gt_geometry,0,16,0,0,16,0
984be293f9195416,operational,score,0,0,16,0,0,0
984be293f9195416,operational,pareto,0,0,16,0,0,0
984be293f9195416,operational,gt_geometry,15,15,1,9,9,6
b235c02d47915476,strict,score,0,16,0,0,16,0
b235c02d47915476,strict,pareto,0,16,0,0,16,0
b235c02d47915476,strict,gt_geometry,0,16,0,0,16,0
b235c02d47915476,operational,score,0,0,16,0,0,0
b235c02d47915476,operational,pareto,0,0,16,0,0,0
b235c02d47915476,operational,gt_geometry,16,16,0,16,16,0
3ac7810599d457a1,strict,score,0,16,0,0,16,0
3ac7810599d457a1,strict,pareto,0,16,0,0,16,0
3ac7810599d457a1,strict,gt_geometry,0,16,0,0,16,0
3ac7810599d457a1,operational,score,0,0,16,0,0,0
3ac7810599d457a1,operational,pareto,0,0,16,0,0,0
3ac7810599d457a1,operational,gt_geometry,15,15,1,6,6,9
682378d23c335e89,strict,score,0,16,0,0,16,0
682378d23c335e89,strict,pareto,0,16,0,0,16,0
682378d23c335e89,strict,gt_geometry,0,16,0,0,16,0
682378d23c335e89,operational,score,0,0,16,0,0,0
682378d23c335e89,operational,pareto,2,2,14,0,0,2
682378d23c335e89,operational,gt_geometry,16,16,0,16,16,0
73b4b5fcc5e55858,strict,score,0,16,0,0,16,0
73b4b5fcc5e55858,strict,pareto,0,16,0,0,16,0
73b4b5fcc5e55858,strict,gt_geometry,0,16,0,0,16,0
73b4b5fcc5e55858,operational,score,0,0,16,0,0,0
73b4b5fcc5e55858,operational,pareto,0,0,16,0,0,0
73b4b5fcc5e55858,operational,gt_geometry,16,16,0,12,12,4
6f31d072740b5885,strict,score,0,16,0,0,16,0
6f31d072740b5885,strict,pareto,0,16,0,0,16,0
6f31d072740b5885,strict,gt_geometry,0,16,0,0,16,0
6f31d072740b5885,operational,score,0,0,16,0,0,0
6f31d072740b5885,operational,pareto,2,2,14,2,2,0
6f31d072740b5885,operational,gt_geometry,7,7,9,7,7,0
305b1bf4e7f45522,strict,score,0,16,0,0,16,0
305b1bf4e7f45522,strict,pareto,0,16,0,0,16,0
305b1bf4e7f45522,strict,gt_geometry,0,16,0,0,16,0
305b1bf4e7f45522,operational,score,0,0,16,0,0,0
305b1bf4e7f45522,operational,pareto,0,0,16,0,0,0
305b1bf4e7f45522,operational,gt_geometry,16,16,0,16,16,0
42d309d92a3a59c0,strict,score,0,16,0,0,16,0
42d309d92a3a59c0,strict,pareto,0,16,0,0,16,0
42d309d92a3a59c0,strict,gt_geometry,0,16,0,0,16,0
42d309d92a3a59c0,operational,score,0,0,16,0,0,0
42d309d92a3a59c0,operational,pareto,0,0,16,0,0,0
42d309d92a3a59c0,operational,gt_geometry,16,16,0,11,11,5
af16ba268df55dca,strict,score,0,16,0,0,16,0
af16ba268df55dca,strict,pareto,0,16,0,0,16,0
af16ba268df55dca,strict,gt_geometry,0,16,0,0,16,0
af16ba268df55dca,operational,score,0,0,16,0,0,0
af16ba268df55dca,operational,pareto,0,0,16,0,0,0
af16ba268df55dca,operational,gt_geometry,15,15,1,13,13,2
2ae8ac90c0ae5c8d,strict,score,0,16,0,0,16,0
2ae8ac90c0ae5c8d,strict,pareto,0,16,0,0,16,0
2ae8ac90c0ae5c8d,strict,gt_geometry,0,16,0,0,16,0
2ae8ac90c0ae5c8d,operational,score,0,0,16,0,0,0
2ae8ac90c0ae5c8d,operational,pareto,0,0,16,0,0,0
2ae8ac90c0ae5c8d,operational,gt_geometry,16,16,0,16,16,0
b512bc2c568d5b7a,strict,score,0,16,0,0,16,0
b512bc2c568d5b7a,strict,pareto,0,16,0,0,16,0
b512bc2c568d5b7a,strict,gt_geometry,0,16,0,0,16,0
b512bc2c568d5b7a,operational,score,0,0,16,0,0,0
b512bc2c568d5b7a,operational,pareto,0,0,16,0,0,0
b512bc2c568d5b7a,operational,gt_geometry,16,16,0,11,11,5
7405ff66092d51da,strict,score,0,16,0,0,16,0
7405ff66092d51da,strict,pareto,0,16,0,0,16,0
7405ff66092d51da,strict,gt_geometry,0,16,0,0,16,0
7405ff66092d51da,operational,score,0,0,16,0,0,0
7405ff66092d51da,operational,pareto,0,0,16,0,0,0
7405ff66092d51da,operational,gt_geometry,15,15,1,12,12,3
23724912b8f153f0,strict,score,0,16,0,0,16,0
23724912b8f153f0,strict,pareto,0,16,0,0,16,0
23724912b8f153f0,strict,gt_geometry,0,16,0,0,16,0
23724912b8f153f0,operational,score,0,0,16,0,0,0
23724912b8f153f0,operational,pareto,0,0,16,0,0,0
23724912b8f153f0,operational,gt_geometry,15,15,1,7,7,8
6522fd9a31d25eb2,strict,score,0,16,0,0,16,0
6522fd9a31d25eb2,strict,pareto,0,16,0,0,16,0
6522fd9a31d25eb2,strict,gt_geometry,0,16,0,0,16,0
6522fd9a31d25eb2,operational,score,0,0,16,0,0,0
6522fd9a31d25eb2,operational,pareto,0,0,16,0,0,0
6522fd9a31d25eb2,operational,gt_geometry,16,16,0,16,16,0
c6fcfafbbe7a59f8,strict,score,0,16,0,0,16,0
c6fcfafbbe7a59f8,strict,pareto,0,16,0,0,16,0
c6fcfafbbe7a59f8,strict,gt_geometry,0,16,0,0,16,0
c6fcfafbbe7a59f8,operational,score,0,0,16,0,0,0
c6fcfafbbe7a59f8,operational,pareto,0,0,16,0,0,0
c6fcfafbbe7a59f8,operational,gt_geometry,16,16,0,16,16,0
5dbd0aba5f315388,strict,score,0,16,0,0,16,0
5dbd0aba5f315388,strict,pareto,0,16,0,0,16,0
5dbd0aba5f315388,strict,gt_geometry,0,16,0,0,16,0
5dbd0aba5f315388,operational,score,0,0,16,0,0,0
5dbd0aba5f315388,operational,pareto,0,0,16,0,0,0
5dbd0aba5f315388,operational,gt_geometry,16,16,0,8,8,8
958b596dd699594a,strict,score,0,16,0,0,16,0
958b596dd699594a,strict,pareto,0,16,0,0,16,0
958b596dd699594a,strict,gt_geometry,0,16,0,0,16,0
958b596dd699594a,operational,score,0,0,16,0,0,0
958b596dd699594a,operational,pareto,0,0,16,0,0,0
958b596dd699594a,operational,gt_geometry,15,15,1,8,8,7
350714230cb55761,strict,score,0,16,0,0,16,0
350714230cb55761,strict,pareto,0,16,0,0,16,0
350714230cb55761,strict,gt_geometry,0,16,0,0,16,0
350714230cb55761,operational,score,0,0,16,0,0,0
350714230cb55761,operational,pareto,0,0,16,0,0,0
350714230cb55761,operational,gt_geometry,15,15,1,6,6,9
775b0dd554395fa3,strict,score,0,16,0,0,16,0
775b0dd554395fa3,strict,pareto,0,16,0,0,16,0
775b0dd554395fa3,strict,gt_geometry,0,16,0,0,16,0
775b0dd554395fa3,operational,score,0,0,16,0,0,0
775b0dd554395fa3,operational,pareto,0,0,16,0,0,0
775b0dd554395fa3,operational,gt_geometry,6,6,10,1,1,5
635be215dc9d58c3,strict,score,0,16,0,0,16,0
635be215dc9d58c3,strict,pareto,0,16,0,0,16,0
635be215dc9d58c3,strict,gt_geometry,0,16,0,0,16,0
635be215dc9d58c3,operational,score,0,0,16,0,0,0
635be215dc9d58c3,operational,pareto,0,0,16,0,0,0
635be215dc9d58c3,operational,gt_geometry,16,16,0,16,16,0
1499e758c6855a74,strict,score,0,16,0,0,16,0
1499e758c6855a74,strict,pareto,0,16,0,0,16,0
1499e758c6855a74,strict,gt_geometry,0,16,0,0,16,0
1499e758c6855a74,operational,score,0,0,16,0,0,0
1499e758c6855a74,operational,pareto,2,2,14,2,2,0
1499e758c6855a74,operational,gt_geometry,16,16,0,15,15,1
e9b0d4743b3f5256,strict,score,0,16,0,0,16,0
e9b0d4743b3f5256,strict,pareto,0,16,0,0,16,0
e9b0d4743b3f5256,strict,gt_geometry,0,16,0,0,16,0
e9b0d4743b3f5256,operational,score,0,0,16,0,0,0
e9b0d4743b3f5256,operational,pareto,0,0,16,0,0,0
e9b0d4743b3f5256,operational,gt_geometry,16,16,0,8,8,8
3ff6652d6dec55da,strict,score,0,16,0,0,16,0
3ff6652d6dec55da,strict,pareto,0,16,0,0,16,0
3ff6652d6dec55da,strict,gt_geometry,0,16,0,0,16,0
3ff6652d6dec55da,operational,score,0,0,16,0,0,0
3ff6652d6dec55da,operational,pareto,1,1,15,1,1,0
3ff6652d6dec55da,operational,gt_geometry,14,14,2,14,14,0
3c30c0c940045ac2,strict,score,0,16,0,0,16,0
3c30c0c940045ac2,strict,pareto,0,16,0,0,16,0
3c30c0c940045ac2,strict,gt_geometry,0,16,0,0,16,0
3c30c0c940045ac2,operational,score,0,0,16,0,0,0
3c30c0c940045ac2,operational,pareto,2,2,14,2,2,0
3c30c0c940045ac2,operational,gt_geometry,16,16,0,16,16,0
b9e0dc94c7725924,strict,score,0,16,0,0,16,0
b9e0dc94c7725924,strict,pareto,0,16,0,0,16,0
b9e0dc94c7725924,strict,gt_geometry,0,16,0,0,16,0
b9e0dc94c7725924,operational,score,0,0,16,0,0,0
b9e0dc94c7725924,operational,pareto,0,0,16,0,0,0
b9e0dc94c7725924,operational,gt_geometry,14,14,2,7,7,7
0506b1697fb05337,strict,score,0,16,0,0,16,0
0506b1697fb05337,strict,pareto,0,16,0,0,16,0
0506b1697fb05337,strict,gt_geometry,0,16,0,0,16,0
0506b1697fb05337,operational,score,0,0,16,0,0,0
0506b1697fb05337,operational,pareto,0,0,16,0,0,0
0506b1697fb05337,operational,gt_geometry,15,15,1,8,8,7
7cfa2141cf77549d,strict,score,0,16,0,0,16,0
7cfa2141cf77549d,strict,pareto,0,16,0,0,16,0
7cfa2141cf77549d,strict,gt_geometry,0,16,0,0,16,0
7cfa2141cf77549d,operational,score,0,0,16,0,0,0
7cfa2141cf77549d,operational,pareto,0,0,16,0,0,0
7cfa2141cf77549d,operational,gt_geometry,15,15,1,13,13,2
089107cd2d6354e0,strict,score,0,16,0,0,16,0
089107cd2d6354e0,strict,pareto,0,16,0,0,16,0
089107cd2d6354e0,strict,gt_geometry,0,16,0,0,16,0
089107cd2d6354e0,operational,score,0,0,16,0,0,0
089107cd2d6354e0,operational,pareto,0,0,16,0,0,0
089107cd2d6354e0,operational,gt_geometry,15,15,1,11,11,4
b03c039a00bd5792,strict,score,0,16,0,0,16,0
b03c039a00bd5792,strict,pareto,0,16,0,0,16,0
b03c039a00bd5792,strict,gt_geometry,0,16,0,0,16,0
b03c039a00bd5792,operational,score,0,0,16,0,0,0
b03c039a00bd5792,operational,pareto,0,0,16,0,0,0
b03c039a00bd5792,operational,gt_geometry,16,16,0,6,6,10
064bbfac76a95dae,strict,score,0,16,0,0,16,0
064bbfac76a95dae,strict,pareto,0,16,0,0,16,0
064bbfac76a95dae,strict,gt_geometry,0,16,0,0,16,0
064bbfac76a95dae,operational,score,0,0,16,0,0,0
064bbfac76a95dae,operational,pareto,0,0,16,0,0,0
064bbfac76a95dae,operational,gt_geometry,15,15,1,9,9,6
ad8019f55bc554de,strict,score,0,16,0,0,16,0
ad8019f55bc554de,strict,pareto,0,16,0,0,16,0
ad8019f55bc554de,strict,gt_geometry,0,16,0,0,16,0
ad8019f55bc554de,operational,score,0,0,16,0,0,0
ad8019f55bc554de,operational,pareto,0,0,16,0,0,0
ad8019f55bc554de,operational,gt_geometry,15,15,1,8,8,7
073c4d0738b45047,strict,score,0,16,0,0,16,0
073c4d0738b45047,strict,pareto,0,16,0,0,16,0
073c4d0738b45047,strict,gt_geometry,0,16,0,0,16,0
073c4d0738b45047,operational,score,0,0,16,0,0,0
073c4d0738b45047,operational,pareto,0,0,16,0,0,0
073c4d0738b45047,operational,gt_geometry,16,16,0,16,16,0
b29e1677139a5f6b,strict,score,0,16,0,0,16,0
b29e1677139a5f6b,strict,pareto,0,16,0,0,16,0
b29e1677139a5f6b,strict,gt_geometry,0,16,0,0,16,0
b29e1677139a5f6b,operational,score,0,0,16,0,0,0
b29e1677139a5f6b,operational,pareto,0,0,16,0,0,0
b29e1677139a5f6b,operational,gt_geometry,5,5,11,5,5,0
c615107923dc5602,strict,score,0,16,0,0,16,0
c615107923dc5602,strict,pareto,0,16,0,0,16,0
c615107923dc5602,strict,gt_geometry,0,16,0,0,16,0
c615107923dc5602,operational,score,0,0,16,0,0,0
c615107923dc5602,operational,pareto,0,0,16,0,0,0
c615107923dc5602,operational,gt_geometry,15,15,1,8,8,7
ffb15604a2a25cb8,strict,score,0,16,0,0,16,0
ffb15604a2a25cb8,strict,pareto,0,16,0,0,16,0
ffb15604a2a25cb8,strict,gt_geometry,0,16,0,0,16,0
ffb15604a2a25cb8,operational,score,0,0,16,0,0,0
ffb15604a2a25cb8,operational,pareto,0,0,16,0,0,0
ffb15604a2a25cb8,operational,gt_geometry,16,16,0,9,9,7
4124b6e12f8b5f0d,strict,score,0,16,0,0,16,0
4124b6e12f8b5f0d,strict,pareto,0,16,0,0,16,0
4124b6e12f8b5f0d,strict,gt_geometry,0,16,0,0,16,0
4124b6e12f8b5f0d,operational,score,0,0,16,0,0,0
4124b6e12f8b5f0d,operational,pareto,2,2,14,0,0,2
4124b6e12f8b5f0d,operational,gt_geometry,16,16,0,16,16,0
a3298b678d225d61,strict,score,0,16,0,0,16,0
a3298b678d225d61,strict,pareto,0,16,0,0,16,0
a3298b678d225d61,strict,gt_geometry,0,16,0,0,16,0
a3298b678d225d61,operational,score,0,0,16,0,0,0
a3298b678d225d61,operational,pareto,3,3,13,3,3,0
a3298b678d225d61,operational,gt_geometry,13,13,3,13,13,0
e20b77b0ed075fb6,strict,score,0,16,0,0,16,0
e20b77b0ed075fb6,strict,pareto,0,16,0,0,16,0
e20b77b0ed075fb6,strict,gt_geometry,0,16,0,0,16,0
e20b77b0ed075fb6,operational,score,0,0,16,0,0,0
e20b77b0ed075fb6,operational,pareto,0,0,16,0,0,0
e20b77b0ed075fb6,operational,gt_geometry,16,16,0,16,16,0
71452581394b54da,strict,score,0,16,0,0,16,0
71452581394b54da,strict,pareto,0,16,0,0,16,0
71452581394b54da,strict,gt_geometry,0,16,0,0,16,0
71452581394b54da,operational,score,0,0,16,0,0,0
71452581394b54da,operational,pareto,4,4,12,4,4,0
71452581394b54da,operational,gt_geometry,5,5,11,5,5,0
54399d56e69f5a2c,strict,score,0,16,0,0,16,0
54399d56e69f5a2c,strict,pareto,0,16,0,0,16,0
54399d56e69f5a2c,strict,gt_geometry,0,16,0,0,16,0
54399d56e69f5a2c,operational,score,0,0,16,0,0,0
54399d56e69f5a2c,operational,pareto,0,0,16,0,0,0
54399d56e69f5a2c,operational,gt_geometry,16,16,0,16,16,0
2bdd7e6fdc0e5977,strict,score,0,16,0,0,16,0
2bdd7e6fdc0e5977,strict,pareto,0,16,0,0,16,0
2bdd7e6fdc0e5977,strict,gt_geometry,0,16,0,0,16,0
2bdd7e6fdc0e5977,operational,score,0,0,16,0,0,0
2bdd7e6fdc0e5977,operational,pareto,0,0,16,0,0,0
2bdd7e6fdc0e5977,operational,gt_geometry,15,15,1,6,6,9
2f875dc108ed572f,strict,score,0,16,0,0,16,0
2f875dc108ed572f,strict,pareto,0,16,0,0,16,0
2f875dc108ed572f,strict,gt_geometry,0,16,0,0,16,0
2f875dc108ed572f,operational,score,0,0,16,0,0,0
2f875dc108ed572f,operational,pareto,0,0,16,0,0,0
2f875dc108ed572f,operational,gt_geometry,15,15,1,10,10,5
91513086606a567e,strict,score,0,16,0,0,16,0
91513086606a567e,strict,pareto,0,16,0,0,16,0
91513086606a567e,strict,gt_geometry,0,16,0,0,16,0
91513086606a567e,operational,score,0,0,16,0,0,0
91513086606a567e,operational,pareto,0,0,16,0,0,0
91513086606a567e,operational,gt_geometry,15,15,1,5,5,10
80dfd05ab759518f,strict,score,0,16,0,0,16,0
80dfd05ab759518f,strict,pareto,0,16,0,0,16,0
80dfd05ab759518f,strict,gt_geometry,0,16,0,0,16,0
80dfd05ab759518f,operational,score,0,0,16,0,0,0
80dfd05ab759518f,operational,pareto,3,3,13,3,3,0
80dfd05ab759518f,operational,gt_geometry,7,7,9,7,7,0
d5e7dc43eb5c57cd,strict,score,0,16,0,0,16,0
d5e7dc43eb5c57cd,strict,pareto,0,16,0,0,16,0
d5e7dc43eb5c57cd,strict,gt_geometry,0,16,0,0,16,0
d5e7dc43eb5c57cd,operational,score,0,0,16,0,0,0
d5e7dc43eb5c57cd,operational,pareto,1,1,15,1,1,0
d5e7dc43eb5c57cd,operational,gt_geometry,16,16,0,12,12,4
13014abb5b115ee2,strict,score,0,16,0,0,16,0
13014abb5b115ee2,strict,pareto,0,16,0,0,16,0
13014abb5b115ee2,strict,gt_geometry,0,16,0,0,16,0
13014abb5b115ee2,operational,score,0,0,16,0,0,0
13014abb5b115ee2,operational,pareto,1,1,15,1,1,0
13014abb5b115ee2,operational,gt_geometry,16,16,0,16,16,0
9430278b77c05446,strict,score,0,16,0,0,16,0
9430278b77c05446,strict,pareto,0,16,0,0,16,0
9430278b77c05446,strict,gt_geometry,0,16,0,0,16,0
9430278b77c05446,operational,score,0,0,16,0,0,0
9430278b77c05446,operational,pareto,10,10,6,10,10,0
9430278b77c05446,operational,gt_geometry,16,16,0,16,16,0
97e38fdccf915283,strict,score,0,16,0,0,16,0
97e38fdccf915283,strict,pareto,0,16,0,0,16,0
97e38fdccf915283,strict,gt_geometry,0,16,0,0,16,0
97e38fdccf915283,operational,score,0,0,16,0,0,0
97e38fdccf915283,operational,pareto,7,7,9,4,4,3
97e38fdccf915283,operational,gt_geometry,15,15,1,7,7,8
8787fbb12fed5433,strict,score,0,16,0,0,16,0
8787fbb12fed5433,strict,pareto,0,16,0,0,16,0
8787fbb12fed5433,strict,gt_geometry,0,16,0,0,16,0
8787fbb12fed5433,operational,score,0,0,16,0,0,0
8787fbb12fed5433,operational,pareto,0,0,16,0,0,0
8787fbb12fed5433,operational,gt_geometry,13,13,3,9,9,4
a460f60f07f05098,strict,score,0,16,0,0,16,0
a460f60f07f05098,strict,pareto,0,16,0,0,16,0
a460f60f07f05098,strict,gt_geometry,0,16,0,0,16,0
a460f60f07f05098,operational,score,0,0,16,0,0,0
a460f60f07f05098,operational,pareto,0,0,16,0,0,0
a460f60f07f05098,operational,gt_geometry,15,15,1,14,14,1
570334268a395022,strict,score,0,16,0,0,16,0
570334268a395022,strict,pareto,0,16,0,0,16,0
570334268a395022,strict,gt_geometry,0,16,0,0,16,0
570334268a395022,operational,score,0,0,16,0,0,0
570334268a395022,operational,pareto,0,0,16,0,0,0
570334268a395022,operational,gt_geometry,15,15,1,8,8,7
16a705e621675626,strict,score,0,16,0,0,16,0
16a705e621675626,strict,pareto,0,16,0,0,16,0
16a705e621675626,strict,gt_geometry,0,16,0,0,16,0
16a705e621675626,operational,score,0,0,16,0,0,0
16a705e621675626,operational,pareto,0,0,16,0,0,0
16a705e621675626,operational,gt_geometry,13,13,3,13,13,0
377030639621540e,strict,score,0,16,0,0,16,0
377030639621540e,strict,pareto,0,16,0,0,16,0
377030639621540e,strict,gt_geometry,0,16,0,0,16,0
377030639621540e,operational,score,0,0,16,0,0,0
377030639621540e,operational,pareto,0,0,16,0,0,0
377030639621540e,operational,gt_geometry,10,10,6,10,10,0
2e94974489245ae6,strict,score,0,16,0,0,16,0
2e94974489245ae6,strict,pareto,0,16,0,0,16,0
2e94974489245ae6,strict,gt_geometry,0,16,0,0,16,0
2e94974489245ae6,operational,score,0,0,16,0,0,0
2e94974489245ae6,operational,pareto,0,0,16,0,0,0
2e94974489245ae6,operational,gt_geometry,15,15,1,9,9,6
dc2a30b4130f5ab4,strict,score,0,16,0,0,16,0
dc2a30b4130f5ab4,strict,pareto,0,16,0,0,16,0
dc2a30b4130f5ab4,strict,gt_geometry,0,16,0,0,16,0
dc2a30b4130f5ab4,operational,score,0,0,16,0,0,0
dc2a30b4130f5ab4,operational,pareto,0,0,16,0,0,0
dc2a30b4130f5ab4,operational,gt_geometry,15,15,1,12,12,3
11f415ea61f95bbb,strict,score,0,16,0,0,16,0
11f415ea61f95bbb,strict,pareto,0,16,0,0,16,0
11f415ea61f95bbb,strict,gt_geometry,0,16,0,0,16,0
11f415ea61f95bbb,operational,score,0,0,16,0,0,0
11f415ea61f95bbb,operational,pareto,0,0,16,0,0,0
11f415ea61f95bbb,operational,gt_geometry,15,15,1,9,9,6
7fd57c3a03465a0a,strict,score,0,16,0,0,16,0
7fd57c3a03465a0a,strict,pareto,0,16,0,0,16,0
7fd57c3a03465a0a,strict,gt_geometry,0,16,0,0,16,0
7fd57c3a03465a0a,operational,score,0,0,16,0,0,0
7fd57c3a03465a0a,operational,pareto,0,0,16,0,0,0
7fd57c3a03465a0a,operational,gt_geometry,16,16,0,16,16,0
bfabfb64124e5563,strict,score,0,16,0,0,16,0
bfabfb64124e5563,strict,pareto,0,16,0,0,16,0
bfabfb64124e5563,strict,gt_geometry,0,16,0,0,16,0
bfabfb64124e5563,operational,score,0,0,16,0,0,0
bfabfb64124e5563,operational,pareto,0,0,16,0,0,0
bfabfb64124e5563,operational,gt_geometry,15,15,1,7,7,8
0dff173b10b75b6a,strict,score,0,16,0,0,16,0
0dff173b10b75b6a,strict,pareto,0,16,0,0,16,0
0dff173b10b75b6a,strict,gt_geometry,0,16,0,0,16,0
0dff173b10b75b6a,operational,score,0,0,16,0,0,0
0dff173b10b75b6a,operational,pareto,0,0,16,0,0,0
0dff173b10b75b6a,operational,gt_geometry,15,15,1,12,12,3
efd13cf71f83504e,strict,score,0,16,0,0,16,0
efd13cf71f83504e,strict,pareto,0,16,0,0,16,0
efd13cf71f83504e,strict,gt_geometry,0,16,0,0,16,0
efd13cf71f83504e,operational,score,0,0,16,0,0,0
efd13cf71f83504e,operational,pareto,0,0,16,0,0,0
efd13cf71f83504e,operational,gt_geometry,16,16,0,12,12,4
86a8eb25b4045aba,strict,score,0,16,0,0,16,0
86a8eb25b4045aba,strict,pareto,0,16,0,0,16,0
86a8eb25b4045aba,strict,gt_geometry,0,16,0,0,16,0
86a8eb25b4045aba,operational,score,0,0,16,0,0,0
86a8eb25b4045aba,operational,pareto,0,0,16,0,0,0
86a8eb25b4045aba,operational,gt_geometry,16,16,0,16,16,0
04f77fbd6bf3505a,strict,score,0,16,0,0,16,0
04f77fbd6bf3505a,strict,pareto,0,16,0,0,16,0
04f77fbd6bf3505a,strict,gt_geometry,0,16,0,0,16,0
04f77fbd6bf3505a,operational,score,0,0,16,0,0,0
04f77fbd6bf3505a,operational,pareto,0,0,16,0,0,0
04f77fbd6bf3505a,operational,gt_geometry,14,14,2,9,9,5
69cd8ef1721f550d,strict,score,0,16,0,0,16,0
69cd8ef1721f550d,strict,pareto,0,16,0,0,16,0
69cd8ef1721f550d,strict,gt_geometry,0,16,0,0,16,0
69cd8ef1721f550d,operational,score,0,0,16,0,0,0
69cd8ef1721f550d,operational,pareto,0,0,16,0,0,0
69cd8ef1721f550d,operational,gt_geometry,15,15,1,12,12,3
738c5da7a06d554c,strict,score,0,16,0,0,16,0
738c5da7a06d554c,strict,pareto,0,16,0,0,16,0
738c5da7a06d554c,strict,gt_geometry,0,16,0,0,16,0
738c5da7a06d554c,operational,score,0,0,16,0,0,0
738c5da7a06d554c,operational,pareto,1,1,15,1,1,0
738c5da7a06d554c,operational,gt_geometry,16,16,0,16,16,0
a57d242401f951f5,strict,score,0,16,0,0,16,0
a57d242401f951f5,strict,pareto,0,16,0,0,16,0
a57d242401f951f5,strict,gt_geometry,0,16,0,0,16,0
a57d242401f951f5,operational,score,0,0,16,0,0,0
a57d242401f951f5,operational,pareto,0,0,16,0,0,0
a57d242401f951f5,operational,gt_geometry,16,16,0,16,16,0
d57a735214e65851,strict,score,0,16,0,0,16,0
d57a735214e65851,strict,pareto,0,16,0,0,16,0
d57a735214e65851,strict,gt_geometry,0,16,0,0,16,0
d57a735214e65851,operational,score,0,0,16,0,0,0
d57a735214e65851,operational,pareto,0,0,16,0,0,0
d57a735214e65851,operational,gt_geometry,15,15,1,8,8,7
9bbb66957b9d5e1c,strict,score,0,16,0,0,16,0
9bbb66957b9d5e1c,strict,pareto,0,16,0,0,16,0
9bbb66957b9d5e1c,strict,gt_geometry,0,16,0,0,16,0
9bbb66957b9d5e1c,operational,score,0,0,16,0,0,0
9bbb66957b9d5e1c,operational,pareto,0,0,16,0,0,0
9bbb66957b9d5e1c,operational,gt_geometry,15,15,1,13,13,2
ccb7a68f3e0a57fc,strict,score,0,16,0,0,16,0
ccb7a68f3e0a57fc,strict,pareto,0,16,0,0,16,0
ccb7a68f3e0a57fc,strict,gt_geometry,0,16,0,0,16,0
ccb7a68f3e0a57fc,operational,score,0,0,16,0,0,0
ccb7a68f3e0a57fc,operational,pareto,2,2,14,2,2,0
ccb7a68f3e0a57fc,operational,gt_geometry,16,16,0,16,16,0
05c91985246d58a6,strict,score,0,16,0,0,16,0
05c91985246d58a6,strict,pareto,0,16,0,0,16,0
05c91985246d58a6,strict,gt_geometry,0,16,0,0,16,0
05c91985246d58a6,operational,score,0,0,16,0,0,0
05c91985246d58a6,operational,pareto,0,0,16,0,0,0
05c91985246d58a6,operational,gt_geometry,15,15,1,13,13,2
2d1c26e4b5895e96,strict,score,0,16,0,0,16,0
2d1c26e4b5895e96,strict,pareto,0,16,0,0,16,0
2d1c26e4b5895e96,strict,gt_geometry,0,16,0,0,16,0
2d1c26e4b5895e96,operational,score,0,0,16,0,0,0
2d1c26e4b5895e96,operational,pareto,1,1,15,1,1,0
2d1c26e4b5895e96,operational,gt_geometry,8,8,8,8,8,0
1f71cdf4e4c65299,strict,score,0,16,0,0,16,0
1f71cdf4e4c65299,strict,pareto,0,16,0,0,16,0
1f71cdf4e4c65299,strict,gt_geometry,0,16,0,0,16,0
1f71cdf4e4c65299,operational,score,0,0,16,0,0,0
1f71cdf4e4c65299,operational,pareto,3,3,13,3,3,0
1f71cdf4e4c65299,operational,gt_geometry,15,15,1,15,15,0
1b7a2afa56df5d20,strict,score,0,16,0,0,16,0
1b7a2afa56df5d20,strict,pareto,0,16,0,0,16,0
1b7a2afa56df5d20,strict,gt_geometry,0,16,0,0,16,0
1b7a2afa56df5d20,operational,score,0,0,16,0,0,0
1b7a2afa56df5d20,operational,pareto,0,0,16,0,0,0
1b7a2afa56df5d20,operational,gt_geometry,15,15,1,12,12,3
1f37959067985e67,strict,score,0,16,0,0,16,0
1f37959067985e67,strict,pareto,0,16,0,0,16,0
1f37959067985e67,strict,gt_geometry,0,16,0,0,16,0
1f37959067985e67,operational,score,0,0,16,0,0,0
1f37959067985e67,operational,pareto,0,0,16,0,0,0
1f37959067985e67,operational,gt_geometry,16,16,0,16,16,0
f07db0b393fd522e,strict,score,0,16,0,0,16,0
f07db0b393fd522e,strict,pareto,0,16,0,0,16,0
f07db0b393fd522e,strict,gt_geometry,0,16,0,0,16,0
f07db0b393fd522e,operational,score,0,0,16,0,0,0
f07db0b393fd522e,operational,pareto,0,0,16,0,0,0
f07db0b393fd522e,operational,gt_geometry,15,15,1,8,8,7
fa4cc4b0188c5b79,strict,score,0,16,0,0,16,0
fa4cc4b0188c5b79,strict,pareto,0,16,0,0,16,0
fa4cc4b0188c5b79,strict,gt_geometry,0,16,0,0,16,0
fa4cc4b0188c5b79,operational,score,0,0,16,0,0,0
fa4cc4b0188c5b79,operational,pareto,0,0,16,0,0,0
fa4cc4b0188c5b79,operational,gt_geometry,16,16,0,16,16,0
eb2ede89ad9b5a6e,strict,score,0,16,0,0,16,0
eb2ede89ad9b5a6e,strict,pareto,0,16,0,0,16,0
eb2ede89ad9b5a6e,strict,gt_geometry,0,16,0,0,16,0
eb2ede89ad9b5a6e,operational,score,0,0,16,0,0,0
eb2ede89ad9b5a6e,operational,pareto,0,0,16,0,0,0
eb2ede89ad9b5a6e,operational,gt_geometry,16,16,0,16,16,0
bc4345e13302535e,strict,score,0,16,0,0,16,0
bc4345e13302535e,strict,pareto,0,16,0,0,16,0
bc4345e13302535e,strict,gt_geometry,0,16,0,0,16,0
bc4345e13302535e,operational,score,0,0,16,0,0,0
bc4345e13302535e,operational,pareto,0,0,16,0,0,0
bc4345e13302535e,operational,gt_geometry,16,16,0,16,16,0
66568e650e4d57e7,strict,score,0,16,0,0,16,0
66568e650e4d57e7,strict,pareto,0,16,0,0,16,0
66568e650e4d57e7,strict,gt_geometry,0,16,0,0,16,0
66568e650e4d57e7,operational,score,0,0,16,0,0,0
66568e650e4d57e7,operational,pareto,1,1,15,1,1,0
66568e650e4d57e7,operational,gt_geometry,10,10,6,10,10,0
74ae55238ee5525d,strict,score,0,16,0,0,16,0
74ae55238ee5525d,strict,pareto,0,16,0,0,16,0
74ae55238ee5525d,strict,gt_geometry,0,16,0,0,16,0
74ae55238ee5525d,operational,score,0,0,16,0,0,0
74ae55238ee5525d,operational,pareto,0,0,16,0,0,0
74ae55238ee5525d,operational,gt_geometry,9,9,7,9,9,0
a124b877d2b35519,strict,score,0,16,0,0,16,0
a124b877d2b35519,strict,pareto,0,16,0,0,16,0
a124b877d2b35519,strict,gt_geometry,0,16,0,0,16,0
a124b877d2b35519,operational,score,0,0,16,0,0,0
a124b877d2b35519,operational,pareto,1,1,15,1,1,0
a124b877d2b35519,operational,gt_geometry,15,15,1,6,6,9
1c6a5ee8a5785b0e,strict,score,0,16,0,0,16,0
1c6a5ee8a5785b0e,strict,pareto,0,16,0,0,16,0
1c6a5ee8a5785b0e,strict,gt_geometry,0,16,0,0,16,0
1c6a5ee8a5785b0e,operational,score,0,0,16,0,0,0
1c6a5ee8a5785b0e,operational,pareto,0,0,16,0,0,0
1c6a5ee8a5785b0e,operational,gt_geometry,16,16,0,7,7,9
ed47cee1c67e5d43,strict,score,0,16,0,0,16,0
ed47cee1c67e5d43,strict,pareto,0,16,0,0,16,0
ed47cee1c67e5d43,strict,gt_geometry,0,16,0,0,16,0
ed47cee1c67e5d43,operational,score,0,0,16,0,0,0
ed47cee1c67e5d43,operational,pareto,0,0,16,0,0,0
ed47cee1c67e5d43,operational,gt_geometry,16,16,0,15,15,1
838c6ba50bd25cd5,strict,score,0,16,0,0,16,0
838c6ba50bd25cd5,strict,pareto,0,16,0,0,16,0
838c6ba50bd25cd5,strict,gt_geometry,0,16,0,0,16,0
838c6ba50bd25cd5,operational,score,0,0,16,0,0,0
838c6ba50bd25cd5,operational,pareto,1,1,15,1,1,0
838c6ba50bd25cd5,operational,gt_geometry,16,16,0,16,16,0
089b0ec6d7d35c09,strict,score,0,16,0,0,16,0
089b0ec6d7d35c09,strict,pareto,0,16,0,0,16,0
089b0ec6d7d35c09,strict,gt_geometry,0,16,0,0,16,0
089b0ec6d7d35c09,operational,score,0,0,16,0,0,0
089b0ec6d7d35c09,operational,pareto,7,7,9,4,4,3
089b0ec6d7d35c09,operational,gt_geometry,15,15,1,5,5,10
9dedf462b1c0528f,strict,score,0,16,0,0,16,0
9dedf462b1c0528f,strict,pareto,0,16,0,0,16,0
9dedf462b1c0528f,strict,gt_geometry,0,16,0,0,16,0
9dedf462b1c0528f,operational,score,0,0,16,0,0,0
9dedf462b1c0528f,operational,pareto,0,0,16,0,0,0
9dedf462b1c0528f,operational,gt_geometry,16,16,0,16,16,0
61987c90d8635129,strict,score,0,16,0,0,16,0
61987c90d8635129,strict,pareto,0,16,0,0,16,0
61987c90d8635129,strict,gt_geometry,0,16,0,0,16,0
61987c90d8635129,operational,score,0,0,16,0,0,0
61987c90d8635129,operational,pareto,0,0,16,0,0,0
61987c90d8635129,operational,gt_geometry,15,15,1,10,10,5
bbbae26a26605b08,strict,score,0,16,0,0,16,0
bbbae26a26605b08,strict,pareto,0,16,0,0,16,0
bbbae26a26605b08,strict,gt_geometry,0,16,0,0,16,0
bbbae26a26605b08,operational,score,0,0,16,0,0,0
bbbae26a26605b08,operational,pareto,0,0,16,0,0,0
bbbae26a26605b08,operational,gt_geometry,16,16,0,16,16,0
8142f060944c56fd,strict,score,0,16,0,0,16,0
8142f060944c56fd,strict,pareto,0,16,0,0,16,0
8142f060944c56fd,strict,gt_geometry,0,16,0,0,16,0
8142f060944c56fd,operational,score,0,0,16,0,0,0
8142f060944c56fd,operational,pareto,3,3,13,1,1,2
8142f060944c56fd,operational,gt_geometry,16,16,0,8,8,8
2c76b8e2d1d85701,strict,score,0,16,0,0,16,0
2c76b8e2d1d85701,strict,pareto,0,16,0,0,16,0
2c76b8e2d1d85701,strict,gt_geometry,0,16,0,0,16,0
2c76b8e2d1d85701,operational,score,0,0,16,0,0,0
2c76b8e2d1d85701,operational,pareto,0,0,16,0,0,0
2c76b8e2d1d85701,operational,gt_geometry,15,15,1,14,14,1
8a0b4dd476055911,strict,score,0,16,0,0,16,0
8a0b4dd476055911,strict,pareto,0,16,0,0,16,0
8a0b4dd476055911,strict,gt_geometry,0,16,0,0,16,0
8a0b4dd476055911,operational,score,0,0,16,0,0,0
8a0b4dd476055911,operational,pareto,0,0,16,0,0,0
8a0b4dd476055911,operational,gt_geometry,16,16,0,16,16,0
b8adc82de5ae50e2,strict,score,0,16,0,0,16,0
b8adc82de5ae50e2,strict,pareto,0,16,0,0,16,0
b8adc82de5ae50e2,strict,gt_geometry,0,16,0,0,16,0
b8adc82de5ae50e2,operational,score,0,0,16,0,0,0
b8adc82de5ae50e2,operational,pareto,0,0,16,0,0,0
b8adc82de5ae50e2,operational,gt_geometry,16,16,0,16,16,0
025b2d4de25c5036,strict,score,0,16,0,0,16,0
025b2d4de25c5036,strict,pareto,0,16,0,0,16,0
025b2d4de25c5036,strict,gt_geometry,0,16,0,0,16,0
025b2d4de25c5036,operational,score,0,0,16,0,0,0
025b2d4de25c5036,operational,pareto,3,3,13,3,3,0
025b2d4de25c5036,operational,gt_geometry,11,11,5,11,11,0
9a7fc4d0041650fc,strict,score,0,16,0,0,16,0
9a7fc4d0041650fc,strict,pareto,0,16,0,0,16,0
9a7fc4d0041650fc,strict,gt_geometry,0,16,0,0,16,0
9a7fc4d0041650fc,operational,score,0,0,16,0,0,0
9a7fc4d0041650fc,operational,pareto,0,0,16,0,0,0
9a7fc4d0041650fc,operational,gt_geometry,15,15,1,5,5,10
ad1af1160bd05ef7,strict,score,0,16,0,0,16,0
ad1af1160bd05ef7,strict,pareto,0,16,0,0,16,0
ad1af1160bd05ef7,strict,gt_geometry,0,16,0,0,16,0
ad1af1160bd05ef7,operational,score,0,0,16,0,0,0
ad1af1160bd05ef7,operational,pareto,0,0,16,0,0,0
ad1af1160bd05ef7,operational,gt_geometry,14,14,2,8,8,6
d4185f4edc7e54e5,strict,score,0,16,0,0,16,0
d4185f4edc7e54e5,strict,pareto,0,16,0,0,16,0
d4185f4edc7e54e5,strict,gt_geometry,0,16,0,0,16,0
d4185f4edc7e54e5,operational,score,0,0,16,0,0,0
d4185f4edc7e54e5,operational,pareto,0,0,16,0,0,0
d4185f4edc7e54e5,operational,gt_geometry,16,16,0,7,7,9
1b1311d50d47553f,strict,score,0,16,0,0,16,0
1b1311d50d47553f,strict,pareto,0,16,0,0,16,0
1b1311d50d47553f,strict,gt_geometry,0,16,0,0,16,0
1b1311d50d47553f,operational,score,0,0,16,0,0,0
1b1311d50d47553f,operational,pareto,1,1,15,1,1,0
1b1311d50d47553f,operational,gt_geometry,16,16,0,16,16,0
573ac67fb17a5a71,strict,score,0,16,0,0,16,0
573ac67fb17a5a71,strict,pareto,0,16,0,0,16,0
573ac67fb17a5a71,strict,gt_geometry,0,16,0,0,16,0
573ac67fb17a5a71,operational,score,0,0,16,0,0,0
573ac67fb17a5a71,operational,pareto,0,0,16,0,0,0
573ac67fb17a5a71,operational,gt_geometry,16,16,0,9,9,7
da8c9449da6854ed,strict,score,0,16,0,0,16,0
da8c9449da6854ed,strict,pareto,0,16,0,0,16,0
da8c9449da6854ed,strict,gt_geometry,0,16,0,0,16,0
da8c9449da6854ed,operational,score,0,0,16,0,0,0
da8c9449da6854ed,operational,pareto,0,0,16,0,0,0
da8c9449da6854ed,operational,gt_geometry,16,16,0,16,16,0
7f2409d7f6705308,strict,score,0,16,0,0,16,0
7f2409d7f6705308,strict,pareto,0,16,0,0,16,0
7f2409d7f6705308,strict,gt_geometry,0,16,0,0,16,0
7f2409d7f6705308,operational,score,0,0,16,0,0,0
7f2409d7f6705308,operational,pareto,0,0,16,0,0,0
7f2409d7f6705308,operational,gt_geometry,16,16,0,16,16,0
94ae5d67804c539d,strict,score,0,16,0,0,16,0
94ae5d67804c539d,strict,pareto,0,16,0,0,16,0
94ae5d67804c539d,strict,gt_geometry,0,16,0,0,16,0
94ae5d67804c539d,operational,score,0,0,16,0,0,0
94ae5d67804c539d,operational,pareto,0,0,16,0,0,0
94ae5d67804c539d,operational,gt_geometry,15,15,1,15,15,0
4f9a94c1302e56d8,strict,score,0,16,0,0,16,0
4f9a94c1302e56d8,strict,pareto,0,16,0,0,16,0
4f9a94c1302e56d8,strict,gt_geometry,0,16,0,0,16,0
4f9a94c1302e56d8,operational,score,0,0,16,0,0,0
4f9a94c1302e56d8,operational,pareto,0,0,16,0,0,0
4f9a94c1302e56d8,operational,gt_geometry,16,16,0,16,16,0
ed54b128881a5278,strict,score,0,16,0,0,16,0
ed54b128881a5278,strict,pareto,0,16,0,0,16,0
ed54b128881a5278,strict,gt_geometry,0,16,0,0,16,0
ed54b128881a5278,operational,score,0,0,16,0,0,0
ed54b128881a5278,operational,pareto,3,3,13,3,3,0
ed54b128881a5278,operational,gt_geometry,16,16,0,16,16,0
21c8e0c8fe5f5495,strict,score,0,16,0,0,16,0
21c8e0c8fe5f5495,strict,pareto,0,16,0,0,16,0
21c8e0c8fe5f5495,strict,gt_geometry,0,16,0,0,16,0
21c8e0c8fe5f5495,operational,score,0,0,16,0,0,0
21c8e0c8fe5f5495,operational,pareto,1,1,15,1,1,0
21c8e0c8fe5f5495,operational,gt_geometry,16,16,0,16,16,0
24ab9ae0499950e9,strict,score,0,16,0,0,16,0
24ab9ae0499950e9,strict,pareto,0,16,0,0,16,0
24ab9ae0499950e9,strict,gt_geometry,0,16,0,0,16,0
24ab9ae0499950e9,operational,score,0,0,16,0,0,0
24ab9ae0499950e9,operational,pareto,2,2,14,2,2,0
24ab9ae0499950e9,operational,gt_geometry,13,13,3,13,13,0
0d24b5cc9f005fe0,strict,score,0,16,0,0,16,0
0d24b5cc9f005fe0,strict,pareto,0,16,0,0,16,0
0d24b5cc9f005fe0,strict,gt_geometry,0,16,0,0,16,0
0d24b5cc9f005fe0,operational,score,0,0,16,0,0,0
0d24b5cc9f005fe0,operational,pareto,0,0,16,0,0,0
0d24b5cc9f005fe0,operational,gt_geometry,16,16,0,16,16,0
c3cb403773505798,strict,score,0,16,0,0,16,0
c3cb403773505798,strict,pareto,0,16,0,0,16,0
c3cb403773505798,strict,gt_geometry,0,16,0,0,16,0
c3cb403773505798,operational,score,0,0,16,0,0,0
c3cb403773505798,operational,pareto,0,0,16,0,0,0
c3cb403773505798,operational,gt_geometry,15,15,1,15,15,0
b696a6cffd3a5700,strict,score,0,16,0,0,16,0
b696a6cffd3a5700,strict,pareto,0,16,0,0,16,0
b696a6cffd3a5700,strict,gt_geometry,0,16,0,0,16,0
b696a6cffd3a5700,operational,score,0,0,16,0,0,0
b696a6cffd3a5700,operational,pareto,10,10,6,3,3,7
b696a6cffd3a5700,operational,gt_geometry,15,15,1,9,9,6
0a02ef840f2d5d8e,strict,score,0,16,0,0,16,0
0a02ef840f2d5d8e,strict,pareto,0,16,0,0,16,0
0a02ef840f2d5d8e,strict,gt_geometry,0,16,0,0,16,0
0a02ef840f2d5d8e,operational,score,0,0,16,0,0,0
0a02ef840f2d5d8e,operational,pareto,1,1,15,1,1,0
0a02ef840f2d5d8e,operational,gt_geometry,5,5,11,5,5,0
ee0d56667d9755c2,strict,score,0,16,0,0,16,0
ee0d56667d9755c2,strict,pareto,0,16,0,0,16,0
ee0d56667d9755c2,strict,gt_geometry,0,16,0,0,16,0
ee0d56667d9755c2,operational,score,0,0,16,0,0,0
ee0d56667d9755c2,operational,pareto,0,0,16,0,0,0
ee0d56667d9755c2,operational,gt_geometry,16,16,0,16,16,0
575564a1b87c5502,strict,score,0,16,0,0,16,0
575564a1b87c5502,strict,pareto,0,16,0,0,16,0
575564a1b87c5502,strict,gt_geometry,0,16,0,0,16,0
575564a1b87c5502,operational,score,0,0,16,0,0,0
575564a1b87c5502,operational,pareto,0,0,16,0,0,0
575564a1b87c5502,operational,gt_geometry,15,15,1,11,11,4
7e5d78b37ed653b1,strict,score,0,16,0,0,16,0
7e5d78b37ed653b1,strict,pareto,0,16,0,0,16,0
7e5d78b37ed653b1,strict,gt_geometry,0,16,0,0,16,0
7e5d78b37ed653b1,operational,score,0,0,16,0,0,0
7e5d78b37ed653b1,operational,pareto,0,0,16,0,0,0
7e5d78b37ed653b1,operational,gt_geometry,16,16,0,16,16,0
b003c9652cb05ffd,strict,score,0,16,0,0,16,0
b003c9652cb05ffd,strict,pareto,0,16,0,0,16,0
b003c9652cb05ffd,strict,gt_geometry,0,16,0,0,16,0
b003c9652cb05ffd,operational,score,0,0,16,0,0,0
b003c9652cb05ffd,operational,pareto,0,0,16,0,0,0
b003c9652cb05ffd,operational,gt_geometry,16,16,0,10,10,6
a9e5ed5e52b555bb,strict,score,0,16,0,0,16,0
a9e5ed5e52b555bb,strict,pareto,0,16,0,0,16,0
a9e5ed5e52b555bb,strict,gt_geometry,0,16,0,0,16,0
a9e5ed5e52b555bb,operational,score,0,0,16,0,0,0
a9e5ed5e52b555bb,operational,pareto,0,0,16,0,0,0
a9e5ed5e52b555bb,operational,gt_geometry,16,16,0,11,11,5
a2c048ba29a85ad0,strict,score,0,16,0,0,16,0
a2c048ba29a85ad0,strict,pareto,0,16,0,0,16,0
a2c048ba29a85ad0,strict,gt_geometry,0,16,0,0,16,0
a2c048ba29a85ad0,operational,score,0,0,16,0,0,0
a2c048ba29a85ad0,operational,pareto,0,0,16,0,0,0
a2c048ba29a85ad0,operational,gt_geometry,16,16,0,15,15,1
90cee81074335c3c,strict,score,0,16,0,0,16,0
90cee81074335c3c,strict,pareto,0,16,0,0,16,0
90cee81074335c3c,strict,gt_geometry,0,16,0,0,16,0
90cee81074335c3c,operational,score,0,0,16,0,0,0
90cee81074335c3c,operational,pareto,0,0,16,0,0,0
90cee81074335c3c,operational,gt_geometry,15,15,1,12,12,3
f40040c002375188,strict,score,0,16,0,0,16,0
f40040c002375188,strict,pareto,0,16,0,0,16,0
f40040c002375188,strict,gt_geometry,0,16,0,0,16,0
f40040c002375188,operational,score,0,0,16,0,0,0
f40040c002375188,operational,pareto,0,0,16,0,0,0
f40040c002375188,operational,gt_geometry,15,15,1,13,13,2
7ff1d8c18a215751,strict,score,0,16,0,0,16,0
7ff1d8c18a215751,strict,pareto,0,16,0,0,16,0
7ff1d8c18a215751,strict,gt_geometry,0,16,0,0,16,0
7ff1d8c18a215751,operational,score,0,0,16,0,0,0
7ff1d8c18a215751,operational,pareto,0,0,16,0,0,0
7ff1d8c18a215751,operational,gt_geometry,16,16,0,16,16,0
2eaf758421aa5190,strict,score,0,16,0,0,16,0
2eaf758421aa5190,strict,pareto,0,16,0,0,16,0
2eaf758421aa5190,strict,gt_geometry,0,16,0,0,16,0
2eaf758421aa5190,operational,score,0,0,16,0,0,0
2eaf758421aa5190,operational,pareto,1,1,15,1,1,0
2eaf758421aa5190,operational,gt_geometry,14,14,2,9,9,5
4bfb866afaf35777,strict,score,0,16,0,0,16,0
4bfb866afaf35777,strict,pareto,0,16,0,0,16,0
4bfb866afaf35777,strict,gt_geometry,0,16,0,0,16,0
4bfb866afaf35777,operational,score,0,0,16,0,0,0
4bfb866afaf35777,operational,pareto,0,0,16,0,0,0
4bfb866afaf35777,operational,gt_geometry,15,15,1,9,9,6
