token,method,pool_type,PoolMass,QualityMatchedPoolMass,candidate_local_gain,local_gain_defined_candidate_count,local_gain_defined_scene_count,near_duplicate_representatives_0_10m
23e39302332152b2,score,operational,0.0,0.0,,0,0,16
23e39302332152b2,score,strict,0.0,0.0,,0,0,16
23e39302332152b2,pareto,operational,0.0,0.0,,0,0,16
23e39302332152b2,pareto,strict,0.0,0.0,,0,0,16
23e39302332152b2,gt_geometry,operational,0.0,0.0,,0,0,10
23e39302332152b2,gt_geometry,strict,0.0,0.0,,0,0,10
23e39302332152b2,grpo_mass_pc,operational,0.0,0.0,,0,0,16
23e39302332152b2,grpo_mass_pc,strict,0.0,0.0,,0,0,0
411a748874035630,score,operational,0.0,0.0,,0,0,16
411a748874035630,score,strict,0.0,0.0,,0,0,16
411a748874035630,pareto,operational,0.0,0.0,,0,0,16
411a748874035630,pareto,strict,0.0,0.0,,0,0,16
411a748874035630,gt_geometry,operational,0.0,0.0,,0,0,16
411a748874035630,gt_geometry,strict,0.0,0.0,,0,0,16
411a748874035630,grpo_mass_pc,operational,0.0,0.0,,0,0,16
411a748874035630,grpo_mass_pc,strict,0.0,0.0,,0,0,0
79ebfc1d85bf5a51,score,operational,0.0,0.0,,0,0,13
79ebfc1d85bf5a51,score,strict,0.0,0.0,,0,0,13
79ebfc1d85bf5a51,pareto,operational,0.0,0.0,,0,0,15
79ebfc1d85bf5a51,pareto,strict,0.0,0.0,,0,0,15
79ebfc1d85bf5a51,gt_geometry,operational,0.0,0.0,,0,0,12
79ebfc1d85bf5a51,gt_geometry,strict,0.0,0.0,,0,0,12
79ebfc1d85bf5a51,grpo_mass_pc,operational,0.0,0.0,,0,0,13
79ebfc1d85bf5a51,grpo_mass_pc,strict,0.0,0.0,,0,0,0
40808270ce205b83,score,operational,0.0,0.0,,0,0,16
40808270ce205b83,score,strict,0.0,0.0,,0,0,16
40808270ce205b83,pareto,operational,0.0,0.0,,0,0,16
40808270ce205b83,pareto,strict,0.0,0.0,,0,0,16
40808270ce205b83,gt_geometry,operational,0.0,0.0,,0,0,9
40808270ce205b83,gt_geometry,strict,0.0,0.0,,0,0,9
40808270ce205b83,grpo_mass_pc,operational,0.0,0.0,,0,0,16
40808270ce205b83,grpo_mass_pc,strict,0.0,0.0,,0,0,0
86208267d61253c0,score,operational,0.0,0.0,,0,0,16
86208267d61253c0,score,strict,0.0,0.0,,0,0,16
86208267d61253c0,pareto,operational,0.0,0.0,,0,0,16
86208267d61253c0,pareto,strict,0.0,0.0,,0,0,16
86208267d61253c0,gt_geometry,operational,0.0,0.0,,0,0,16
86208267d61253c0,gt_geometry,strict,0.0,0.0,,0,0,16
86208267d61253c0,grpo_mass_pc,operational,0.0,0.0,,0,0,16
86208267d61253c0,grpo_mass_pc,strict,0.0,0.0,,0,0,0
f8268857204e554e,score,operational,0.0,0.0,,0,0,15
f8268857204e554e,score,strict,0.0,0.0,,0,0,15
f8268857204e554e,pareto,operational,0.0,0.0,,0,0,15
f8268857204e554e,pareto,strict,0.0,0.0,,0,0,15
f8268857204e554e,gt_geometry,operational,0.0,0.0,,0,0,11
f8268857204e554e,gt_geometry,strict,0.0,0.0,,0,0,11
f8268857204e554e,grpo_mass_pc,operational,0.0,0.0,,0,0,15
f8268857204e554e,grpo_mass_pc,strict,0.0,0.0,,0,0,0
1bf169a6aaf65858,score,operational,0.0,0.0,,0,0,16
1bf169a6aaf65858,score,strict,0.0,0.0,,0,0,16
1bf169a6aaf65858,pareto,operational,0.0,0.0,,0,0,16
1bf169a6aaf65858,pareto,strict,0.0,0.0,,0,0,16
1bf169a6aaf65858,gt_geometry,operational,0.0,0.0,,0,0,16
1bf169a6aaf65858,gt_geometry,strict,0.0,0.0,,0,0,16
1bf169a6aaf65858,grpo_mass_pc,operational,0.0,0.0,,0,0,16
1bf169a6aaf65858,grpo_mass_pc,strict,0.0,0.0,,0,0,0
3764407c90d65df3,score,operational,0.0,0.0,,0,0,14
3764407c90d65df3,score,strict,0.0,0.0,,0,0,14
3764407c90d65df3,pareto,operational,0.0,0.0,,0,0,14
3764407c90d65df3,pareto,strict,0.0,0.0,,0,0,14
3764407c90d65df3,gt_geometry,operational,0.0,0.0,,0,0,10
3764407c90d65df3,gt_geometry,strict,0.0,0.0,,0,0,10
3764407c90d65df3,grpo_mass_pc,operational,0.0,0.0,,0,0,14
3764407c90d65df3,grpo_mass_pc,strict,0.0,0.0,,0,0,0
38cfd81687975661,score,operational,0.0,0.0,,0,0,16
38cfd81687975661,score,strict,0.0,0.0,,0,0,16
38cfd81687975661,pareto,operational,0.0,0.0,,0,0,16
38cfd81687975661,pareto,strict,0.0,0.0,,0,0,16
38cfd81687975661,gt_geometry,operational,0.0,0.0,,0,0,14
38cfd81687975661,gt_geometry,strict,0.0,0.0,,0,0,14
38cfd81687975661,grpo_mass_pc,operational,0.0,0.0,,0,0,16
38cfd81687975661,grpo_mass_pc,strict,0.0,0.0,,0,0,0
42e6895442ab5601,score,operational,0.0,0.0,,0,0,16
42e6895442ab5601,score,strict,0.0,0.0,,0,0,16
42e6895442ab5601,pareto,operational,0.0,0.0,,0,0,16
42e6895442ab5601,pareto,strict,0.0,0.0,,0,0,16
42e6895442ab5601,gt_geometry,operational,0.0,0.0,,0,0,16
42e6895442ab5601,gt_geometry,strict,0.0,0.0,,0,0,16
42e6895442ab5601,grpo_mass_pc,operational,0.0,0.0,,0,0,16
42e6895442ab5601,grpo_mass_pc,strict,0.0,0.0,,0,0,0
b34272d337d350d2,score,operational,0.0,0.0,,0,0,13
b34272d337d350d2,score,strict,0.0,0.0,,0,0,13
b34272d337d350d2,pareto,operational,0.0,0.0,,0,0,13
b34272d337d350d2,pareto,strict,0.0,0.0,,0,0,13
b34272d337d350d2,gt_geometry,operational,0.0,0.0,,0,0,14
b34272d337d350d2,gt_geometry,strict,0.0,0.0,,0,0,14
b34272d337d350d2,grpo_mass_pc,operational,0.0,0.0,,0,0,13
b34272d337d350d2,grpo_mass_pc,strict,0.0,0.0,,0,0,0
b23ede9a183b5b71,score,operational,0.0,0.0,,0,0,16
b23ede9a183b5b71,score,strict,0.0,0.0,,0,0,16
b23ede9a183b5b71,pareto,operational,0.0,0.0,,0,0,16
b23ede9a183b5b71,pareto,strict,0.0,0.0,,0,0,16
b23ede9a183b5b71,gt_geometry,operational,0.0,0.0,,0,0,11
b23ede9a183b5b71,gt_geometry,strict,0.0,0.0,,0,0,11
b23ede9a183b5b71,grpo_mass_pc,operational,0.0,0.0,,0,0,16
b23ede9a183b5b71,grpo_mass_pc,strict,0.0,0.0,,0,0,0
fff951eab9f45288,score,operational,0.0,0.0,,0,0,16
fff951eab9f45288,score,strict,0.0,0.0,,0,0,16
fff951eab9f45288,pareto,operational,0.0,0.0,,0,0,16
fff951eab9f45288,pareto,strict,0.0,0.0,,0,0,16
fff951eab9f45288,gt_geometry,operational,0.0,0.0,,0,0,12
fff951eab9f45288,gt_geometry,strict,0.0,0.0,,0,0,12
fff951eab9f45288,grpo_mass_pc,operational,0.0,0.0,,0,0,16
fff951eab9f45288,grpo_mass_pc,strict,0.0,0.0,,0,0,0
4fa9113617d254d4,score,operational,0.0,0.0,,0,0,16
4fa9113617d254d4,score,strict,0.0,0.0,,0,0,16
4fa9113617d254d4,pareto,operational,0.0,0.0,,0,0,16
4fa9113617d254d4,pareto,strict,0.0,0.0,,0,0,16
4fa9113617d254d4,gt_geometry,operational,0.0,0.0,,0,0,16
4fa9113617d254d4,gt_geometry,strict,0.0,0.0,,0,0,16
4fa9113617d254d4,grpo_mass_pc,operational,0.0,0.0,,0,0,16
4fa9113617d254d4,grpo_mass_pc,strict,0.0,0.0,,0,0,0
988785170de957da,score,operational,0.0,0.0,,0,0,15
988785170de957da,score,strict,0.0,0.0,,0,0,15
988785170de957da,pareto,operational,0.0,0.0,,0,0,15
988785170de957da,pareto,strict,0.0,0.0,,0,0,15
988785170de957da,gt_geometry,operational,0.0,0.0,,0,0,13
988785170de957da,gt_geometry,strict,0.0,0.0,,0,0,13
988785170de957da,grpo_mass_pc,operational,0.0,0.0,,0,0,15
988785170de957da,grpo_mass_pc,strict,0.0,0.0,,0,0,0
046b1cc13f0d5f9d,score,operational,0.0,0.0,,0,0,16
046b1cc13f0d5f9d,score,strict,0.0,0.0,,0,0,16
046b1cc13f0d5f9d,pareto,operational,0.0,0.0,,0,0,16
046b1cc13f0d5f9d,pareto,strict,0.0,0.0,,0,0,16
046b1cc13f0d5f9d,gt_geometry,operational,0.0,0.0,,0,0,16
046b1cc13f0d5f9d,gt_geometry,strict,0.0,0.0,,0,0,16
046b1cc13f0d5f9d,grpo_mass_pc,operational,0.0,0.0,,0,0,16
046b1cc13f0d5f9d,grpo_mass_pc,strict,0.0,0.0,,0,0,0
d7fbd35a0f315447,score,operational,0.0,0.0,,0,0,16
d7fbd35a0f315447,score,strict,0.0,0.0,,0,0,16
d7fbd35a0f315447,pareto,operational,0.0,0.0,,0,0,16
d7fbd35a0f315447,pareto,strict,0.0,0.0,,0,0,16
d7fbd35a0f315447,gt_geometry,operational,0.0,0.0,,0,0,10
d7fbd35a0f315447,gt_geometry,strict,0.0,0.0,,0,0,10
d7fbd35a0f315447,grpo_mass_pc,operational,0.0,0.0,,0,0,16
d7fbd35a0f315447,grpo_mass_pc,strict,0.0,0.0,,0,0,0
951957b841e05cfa,score,operational,0.0,0.0,,0,0,12
951957b841e05cfa,score,strict,0.0,0.0,,0,0,12
951957b841e05cfa,pareto,operational,0.0,0.0,,0,0,12
951957b841e05cfa,pareto,strict,0.0,0.0,,0,0,12
951957b841e05cfa,gt_geometry,operational,0.0,0.0,,0,0,13
951957b841e05cfa,gt_geometry,strict,0.0,0.0,,0,0,13
951957b841e05cfa,grpo_mass_pc,operational,0.0,0.0,,0,0,12
951957b841e05cfa,grpo_mass_pc,strict,0.0,0.0,,0,0,0
61db822891625c3b,score,operational,0.0,0.0,,0,0,16
61db822891625c3b,score,strict,0.0,0.0,,0,0,16
61db822891625c3b,pareto,operational,0.0,0.0,,0,0,16
61db822891625c3b,pareto,strict,0.0,0.0,,0,0,16
61db822891625c3b,gt_geometry,operational,0.0,0.0,,0,0,14
61db822891625c3b,gt_geometry,strict,0.0,0.0,,0,0,14
61db822891625c3b,grpo_mass_pc,operational,0.0,0.0,,0,0,16
61db822891625c3b,grpo_mass_pc,strict,0.0,0.0,,0,0,0
759e9e451eba5b47,score,operational,0.0,0.0,,0,0,16
759e9e451eba5b47,score,strict,0.0,0.0,,0,0,16
759e9e451eba5b47,pareto,operational,0.0,0.0,,0,0,16
759e9e451eba5b47,pareto,strict,0.0,0.0,,0,0,16
759e9e451eba5b47,gt_geometry,operational,0.0,0.0,,0,0,14
759e9e451eba5b47,gt_geometry,strict,0.0,0.0,,0,0,14
759e9e451eba5b47,grpo_mass_pc,operational,0.0,0.0,,0,0,16
759e9e451eba5b47,grpo_mass_pc,strict,0.0,0.0,,0,0,0
9c05edf9d6e85716,score,operational,0.0,0.0,,0,0,16
9c05edf9d6e85716,score,strict,0.0,0.0,,0,0,16
9c05edf9d6e85716,pareto,operational,0.0,0.0,,0,0,16
9c05edf9d6e85716,pareto,strict,0.0,0.0,,0,0,16
9c05edf9d6e85716,gt_geometry,operational,0.0,0.0,,0,0,11
9c05edf9d6e85716,gt_geometry,strict,0.0,0.0,,0,0,11
9c05edf9d6e85716,grpo_mass_pc,operational,0.0,0.0,,0,0,16
9c05edf9d6e85716,grpo_mass_pc,strict,0.0,0.0,,0,0,0
467bbee636b65c84,score,operational,0.0,0.0,,0,0,16
467bbee636b65c84,score,strict,0.0,0.0,,0,0,16
467bbee636b65c84,pareto,operational,0.0,0.0,,0,0,16
467bbee636b65c84,pareto,strict,0.0,0.0,,0,0,16
467bbee636b65c84,gt_geometry,operational,0.0,0.0,,0,0,14
467bbee636b65c84,gt_geometry,strict,0.0,0.0,,0,0,14
467bbee636b65c84,grpo_mass_pc,operational,0.0,0.0,,0,0,16
467bbee636b65c84,grpo_mass_pc,strict,0.0,0.0,,0,0,0
4f6409df56a85592,score,operational,0.0,0.0,,0,0,14
4f6409df56a85592,score,strict,0.0,0.0,,0,0,14
4f6409df56a85592,pareto,operational,0.0,0.0,,0,0,14
4f6409df56a85592,pareto,strict,0.0,0.0,,0,0,14
4f6409df56a85592,gt_geometry,operational,0.0,0.0,,0,0,12
4f6409df56a85592,gt_geometry,strict,0.0,0.0,,0,0,12
4f6409df56a85592,grpo_mass_pc,operational,0.0,0.0,,0,0,14
4f6409df56a85592,grpo_mass_pc,strict,0.0,0.0,,0,0,0
16ddb1838af755e3,score,operational,0.0,0.0,,0,0,16
16ddb1838af755e3,score,strict,0.0,0.0,,0,0,16
16ddb1838af755e3,pareto,operational,0.0,0.0,,0,0,16
16ddb1838af755e3,pareto,strict,0.0,0.0,,0,0,16
16ddb1838af755e3,gt_geometry,operational,0.0,0.0,,0,0,8
16ddb1838af755e3,gt_geometry,strict,0.0,0.0,,0,0,8
16ddb1838af755e3,grpo_mass_pc,operational,0.0,0.0,,0,0,16
16ddb1838af755e3,grpo_mass_pc,strict,0.0,0.0,,0,0,0
2ce59f70a15b5ddf,score,operational,0.0,0.0,,0,0,16
2ce59f70a15b5ddf,score,strict,0.0,0.0,,0,0,16
2ce59f70a15b5ddf,pareto,operational,0.0,0.0,,0,0,16
2ce59f70a15b5ddf,pareto,strict,0.0,0.0,,0,0,16
2ce59f70a15b5ddf,gt_geometry,operational,0.0,0.0,,0,0,16
2ce59f70a15b5ddf,gt_geometry,strict,0.0,0.0,,0,0,16
2ce59f70a15b5ddf,grpo_mass_pc,operational,0.0,0.0,,0,0,16
2ce59f70a15b5ddf,grpo_mass_pc,strict,0.0,0.0,,0,0,0
461fb854eaa3583e,score,operational,0.0,0.0,,0,0,16
461fb854eaa3583e,score,strict,0.0,0.0,,0,0,16
461fb854eaa3583e,pareto,operational,0.0,0.0,,0,0,16
461fb854eaa3583e,pareto,strict,0.0,0.0,,0,0,16
461fb854eaa3583e,gt_geometry,operational,0.0,0.0,,0,0,16
461fb854eaa3583e,gt_geometry,strict,0.0,0.0,,0,0,16
461fb854eaa3583e,grpo_mass_pc,operational,0.0,0.0,,0,0,16
461fb854eaa3583e,grpo_mass_pc,strict,0.0,0.0,,0,0,0
8b800af555d35794,score,operational,0.0,0.0,,0,0,16
8b800af555d35794,score,strict,0.0,0.0,,0,0,16
8b800af555d35794,pareto,operational,0.0,0.0,,0,0,16
8b800af555d35794,pareto,strict,0.0,0.0,,0,0,16
8b800af555d35794,gt_geometry,operational,0.0,0.0,,0,0,16
8b800af555d35794,gt_geometry,strict,0.0,0.0,,0,0,16
8b800af555d35794,grpo_mass_pc,operational,0.0,0.0,,0,0,16
8b800af555d35794,grpo_mass_pc,strict,0.0,0.0,,0,0,0
2ab1b3941f7153cb,score,operational,0.0,0.0,,0,0,12
2ab1b3941f7153cb,score,strict,0.0,0.0,,0,0,12
2ab1b3941f7153cb,pareto,operational,0.0,0.0,,0,0,12
2ab1b3941f7153cb,pareto,strict,0.0,0.0,,0,0,12
2ab1b3941f7153cb,gt_geometry,operational,0.0,0.0,,0,0,13
2ab1b3941f7153cb,gt_geometry,strict,0.0,0.0,,0,0,13
2ab1b3941f7153cb,grpo_mass_pc,operational,0.0,0.0,,0,0,12
2ab1b3941f7153cb,grpo_mass_pc,strict,0.0,0.0,,0,0,0
4bc510a669d8549f,score,operational,0.0,0.0,,0,0,13
4bc510a669d8549f,score,strict,0.0,0.0,,0,0,13
4bc510a669d8549f,pareto,operational,0.0,0.0,,0,0,13
4bc510a669d8549f,pareto,strict,0.0,0.0,,0,0,13
4bc510a669d8549f,gt_geometry,operational,0.0,0.0,,0,0,9
4bc510a669d8549f,gt_geometry,strict,0.0,0.0,,0,0,9
4bc510a669d8549f,grpo_mass_pc,operational,0.0,0.0,,0,0,13
4bc510a669d8549f,grpo_mass_pc,strict,0.0,0.0,,0,0,0
3387bab95d41528a,score,operational,0.0,0.0,,0,0,16
3387bab95d41528a,score,strict,0.0,0.0,,0,0,16
3387bab95d41528a,pareto,operational,0.0,0.0,,0,0,16
3387bab95d41528a,pareto,strict,0.0,0.0,,0,0,16
3387bab95d41528a,gt_geometry,operational,0.0,0.0,,0,0,16
3387bab95d41528a,gt_geometry,strict,0.0,0.0,,0,0,16
3387bab95d41528a,grpo_mass_pc,operational,0.0,0.0,,0,0,16
3387bab95d41528a,grpo_mass_pc,strict,0.0,0.0,,0,0,0
e5acc98f52f458cc,score,operational,0.0,0.0,,0,0,16
e5acc98f52f458cc,score,strict,0.0,0.0,,0,0,16
e5acc98f52f458cc,pareto,operational,0.0,0.0,,0,0,16
e5acc98f52f458cc,pareto,strict,0.0,0.0,,0,0,16
e5acc98f52f458cc,gt_geometry,operational,0.0,0.0,,0,0,16
e5acc98f52f458cc,gt_geometry,strict,0.0,0.0,,0,0,16
e5acc98f52f458cc,grpo_mass_pc,operational,0.0,0.0,,0,0,16
e5acc98f52f458cc,grpo_mass_pc,strict,0.0,0.0,,0,0,0
3e9026530c475726,score,operational,0.0,0.0,,0,0,16
3e9026530c475726,score,strict,0.0,0.0,,0,0,16
3e9026530c475726,pareto,operational,0.0,0.0,,0,0,16
3e9026530c475726,pareto,strict,0.0,0.0,,0,0,16
3e9026530c475726,gt_geometry,operational,0.0,0.0,,0,0,10
3e9026530c475726,gt_geometry,strict,0.0,0.0,,0,0,10
3e9026530c475726,grpo_mass_pc,operational,0.0,0.0,,0,0,16
3e9026530c475726,grpo_mass_pc,strict,0.0,0.0,,0,0,0
2ae0a44cc4de5c4a,score,operational,0.0,0.0,,0,0,16
2ae0a44cc4de5c4a,score,strict,0.0,0.0,,0,0,16
2ae0a44cc4de5c4a,pareto,operational,0.0,0.0,,0,0,16
2ae0a44cc4de5c4a,pareto,strict,0.0,0.0,,0,0,16
2ae0a44cc4de5c4a,gt_geometry,operational,0.0,0.0,,0,0,16
2ae0a44cc4de5c4a,gt_geometry,strict,0.0,0.0,,0,0,16
2ae0a44cc4de5c4a,grpo_mass_pc,operational,0.0,0.0,,0,0,16
2ae0a44cc4de5c4a,grpo_mass_pc,strict,0.0,0.0,,0,0,0
cc94486698ff58d1,score,operational,0.0,0.0,,0,0,16
cc94486698ff58d1,score,strict,0.0,0.0,,0,0,16
cc94486698ff58d1,pareto,operational,0.0,0.0,,0,0,16
cc94486698ff58d1,pareto,strict,0.0,0.0,,0,0,16
cc94486698ff58d1,gt_geometry,operational,0.0009765625,0.0009765625,,0,0,14
cc94486698ff58d1,gt_geometry,strict,0.0009765625,0.0009765625,,0,0,14
cc94486698ff58d1,grpo_mass_pc,operational,0.0,0.0,,0,0,16
cc94486698ff58d1,grpo_mass_pc,strict,0.0,0.0,,0,0,0
969763763ce754a4,score,operational,0.0,0.0,,0,0,16
969763763ce754a4,score,strict,0.0,0.0,,0,0,16
969763763ce754a4,pareto,operational,0.0,0.0,,0,0,16
969763763ce754a4,pareto,strict,0.0,0.0,,0,0,16
969763763ce754a4,gt_geometry,operational,0.0,0.0,,0,0,16
969763763ce754a4,gt_geometry,strict,0.0,0.0,,0,0,16
969763763ce754a4,grpo_mass_pc,operational,0.0,0.0,,0,0,16
969763763ce754a4,grpo_mass_pc,strict,0.0,0.0,,0,0,0
ff6ab495a139534e,score,operational,0.0,0.0,,0,0,16
ff6ab495a139534e,score,strict,0.0,0.0,,0,0,16
ff6ab495a139534e,pareto,operational,0.0,0.0,,0,0,16
ff6ab495a139534e,pareto,strict,0.0,0.0,,0,0,16
ff6ab495a139534e,gt_geometry,operational,0.0,0.0,,0,0,14
ff6ab495a139534e,gt_geometry,strict,0.0,0.0,,0,0,14
ff6ab495a139534e,grpo_mass_pc,operational,0.0,0.0,,0,0,16
ff6ab495a139534e,grpo_mass_pc,strict,0.0,0.0,,0,0,0
70248e0bb43a503b,score,operational,0.0,0.0,,0,0,16
70248e0bb43a503b,score,strict,0.0,0.0,,0,0,16
70248e0bb43a503b,pareto,operational,0.0,0.0,,0,0,16
70248e0bb43a503b,pareto,strict,0.0,0.0,,0,0,16
70248e0bb43a503b,gt_geometry,operational,0.0,0.0,,0,0,16
70248e0bb43a503b,gt_geometry,strict,0.0,0.0,,0,0,16
70248e0bb43a503b,grpo_mass_pc,operational,0.0,0.0,,0,0,16
70248e0bb43a503b,grpo_mass_pc,strict,0.0,0.0,,0,0,0
2a2403c9b08b53ac,score,operational,0.0,0.0,,0,0,15
2a2403c9b08b53ac,score,strict,0.0,0.0,,0,0,15
2a2403c9b08b53ac,pareto,operational,0.0,0.0,,0,0,15
2a2403c9b08b53ac,pareto,strict,0.0,0.0,,0,0,15
2a2403c9b08b53ac,gt_geometry,operational,0.0,0.0,,0,0,11
2a2403c9b08b53ac,gt_geometry,strict,0.0,0.0,,0,0,11
2a2403c9b08b53ac,grpo_mass_pc,operational,0.0,0.0,,0,0,15
2a2403c9b08b53ac,grpo_mass_pc,strict,0.0,0.0,,0,0,0
854169aa74e95251,score,operational,0.0,0.0,,0,0,13
854169aa74e95251,score,strict,0.0,0.0,,0,0,13
854169aa74e95251,pareto,operational,0.0,0.0,,0,0,13
854169aa74e95251,pareto,strict,0.0,0.0,,0,0,13
854169aa74e95251,gt_geometry,operational,0.0,0.0,,0,0,13
854169aa74e95251,gt_geometry,strict,0.0,0.0,,0,0,13
854169aa74e95251,grpo_mass_pc,operational,0.0,0.0,,0,0,13
854169aa74e95251,grpo_mass_pc,strict,0.0,0.0,,0,0,0
93a9927586995095,score,operational,0.0,0.0,,0,0,16
93a9927586995095,score,strict,0.0,0.0,,0,0,16
93a9927586995095,pareto,operational,0.0,0.0,,0,0,16
93a9927586995095,pareto,strict,0.0,0.0,,0,0,16
93a9927586995095,gt_geometry,operational,0.0,0.0,,0,0,16
93a9927586995095,gt_geometry,strict,0.0,0.0,,0,0,16
93a9927586995095,grpo_mass_pc,operational,0.0,0.0,,0,0,16
93a9927586995095,grpo_mass_pc,strict,0.0,0.0,,0,0,0
af62d866653053f6,score,operational,0.0,0.0,,0,0,16
af62d866653053f6,score,strict,0.0,0.0,,0,0,16
af62d866653053f6,pareto,operational,0.0,0.0,,0,0,16
af62d866653053f6,pareto,strict,0.0,0.0,,0,0,16
af62d866653053f6,gt_geometry,operational,0.0,0.0,,0,0,13
af62d866653053f6,gt_geometry,strict,0.0,0.0,,0,0,13
af62d866653053f6,grpo_mass_pc,operational,0.0,0.0,,0,0,16
af62d866653053f6,grpo_mass_pc,strict,0.0,0.0,,0,0,0
17d296a87fb45380,score,operational,0.0,0.0,,0,0,16
17d296a87fb45380,score,strict,0.0,0.0,,0,0,16
17d296a87fb45380,pareto,operational,0.0,0.0,,0,0,16
17d296a87fb45380,pareto,strict,0.0,0.0,,0,0,16
17d296a87fb45380,gt_geometry,operational,0.0,0.0,,0,0,12
17d296a87fb45380,gt_geometry,strict,0.0,0.0,,0,0,12
17d296a87fb45380,grpo_mass_pc,operational,0.0,0.0,,0,0,16
17d296a87fb45380,grpo_mass_pc,strict,0.0,0.0,,0,0,0
5370751917315916,score,operational,0.0,0.0,,0,0,16
5370751917315916,score,strict,0.0,0.0,,0,0,16
5370751917315916,pareto,operational,0.0,0.0,,0,0,16
5370751917315916,pareto,strict,0.0,0.0,,0,0,16
5370751917315916,gt_geometry,operational,0.0,0.0,,0,0,16
5370751917315916,gt_geometry,strict,0.0,0.0,,0,0,16
5370751917315916,grpo_mass_pc,operational,0.0,0.0,,0,0,16
5370751917315916,grpo_mass_pc,strict,0.0,0.0,,0,0,0
adaf33e4ba555709,score,operational,0.0009765625,0.0,,0,0,13
adaf33e4ba555709,score,strict,0.0009765625,0.0,,0,0,13
adaf33e4ba555709,pareto,operational,0.0,0.0,,0,0,15
adaf33e4ba555709,pareto,strict,0.0,0.0,,0,0,15
adaf33e4ba555709,gt_geometry,operational,0.0,0.0,,0,0,12
adaf33e4ba555709,gt_geometry,strict,0.0,0.0,,0,0,12
adaf33e4ba555709,grpo_mass_pc,operational,0.0009765625,0.0,,0,0,13
adaf33e4ba555709,grpo_mass_pc,strict,0.0,0.0,,0,0,0
1aa0acb229945e9b,score,operational,0.0,0.0,,0,0,16
1aa0acb229945e9b,score,strict,0.0,0.0,,0,0,16
1aa0acb229945e9b,pareto,operational,0.0,0.0,,0,0,16
1aa0acb229945e9b,pareto,strict,0.0,0.0,,0,0,16
1aa0acb229945e9b,gt_geometry,operational,0.0,0.0,,0,0,14
1aa0acb229945e9b,gt_geometry,strict,0.0,0.0,,0,0,14
1aa0acb229945e9b,grpo_mass_pc,operational,0.0,0.0,,0,0,16
1aa0acb229945e9b,grpo_mass_pc,strict,0.0,0.0,,0,0,0
fad9e78a17825042,score,operational,0.0,0.0,,0,0,16
fad9e78a17825042,score,strict,0.0,0.0,,0,0,16
fad9e78a17825042,pareto,operational,0.0,0.0,,0,0,16
fad9e78a17825042,pareto,strict,0.0,0.0,,0,0,16
fad9e78a17825042,gt_geometry,operational,0.0,0.0,,0,0,10
fad9e78a17825042,gt_geometry,strict,0.0,0.0,,0,0,10
fad9e78a17825042,grpo_mass_pc,operational,0.0,0.0,,0,0,16
fad9e78a17825042,grpo_mass_pc,strict,0.0,0.0,,0,0,0
4eaf32face4b5ece,score,operational,0.0,0.0,,0,0,16
4eaf32face4b5ece,score,strict,0.0,0.0,,0,0,16
4eaf32face4b5ece,pareto,operational,0.0,0.0,,0,0,16
4eaf32face4b5ece,pareto,strict,0.0,0.0,,0,0,16
4eaf32face4b5ece,gt_geometry,operational,0.0,0.0,,0,0,16
4eaf32face4b5ece,gt_geometry,strict,0.0,0.0,,0,0,16
4eaf32face4b5ece,grpo_mass_pc,operational,0.0,0.0,,0,0,16
4eaf32face4b5ece,grpo_mass_pc,strict,0.0,0.0,,0,0,0
2db045daf25c5bb7,score,operational,0.0,0.0,,0,0,16
2db045daf25c5bb7,score,strict,0.0,0.0,,0,0,16
2db045daf25c5bb7,pareto,operational,0.0,0.0,,0,0,16
2db045daf25c5bb7,pareto,strict,0.0,0.0,,0,0,16
2db045daf25c5bb7,gt_geometry,operational,0.0,0.0,,0,0,11
2db045daf25c5bb7,gt_geometry,strict,0.0,0.0,,0,0,11
2db045daf25c5bb7,grpo_mass_pc,operational,0.0,0.0,,0,0,16
2db045daf25c5bb7,grpo_mass_pc,strict,0.0,0.0,,0,0,0
b23f3d728c08529f,score,operational,0.0,0.0,,0,0,16
b23f3d728c08529f,score,strict,0.0,0.0,,0,0,16
b23f3d728c08529f,pareto,operational,0.0,0.0,,0,0,16
b23f3d728c08529f,pareto,strict,0.0,0.0,,0,0,16
b23f3d728c08529f,gt_geometry,operational,0.0,0.0,,0,0,16
b23f3d728c08529f,gt_geometry,strict,0.0,0.0,,0,0,16
b23f3d728c08529f,grpo_mass_pc,operational,0.0,0.0,,0,0,16
b23f3d728c08529f,grpo_mass_pc,strict,0.0,0.0,,0,0,0
dc76a771066b5553,score,operational,0.0,0.0,,0,0,16
dc76a771066b5553,score,strict,0.0,0.0,,0,0,16
dc76a771066b5553,pareto,operational,0.0,0.0,,0,0,16
dc76a771066b5553,pareto,strict,0.0,0.0,,0,0,16
dc76a771066b5553,gt_geometry,operational,0.0,0.0,,0,0,11
dc76a771066b5553,gt_geometry,strict,0.0,0.0,,0,0,11
dc76a771066b5553,grpo_mass_pc,operational,0.0,0.0,,0,0,16
dc76a771066b5553,grpo_mass_pc,strict,0.0,0.0,,0,0,0
d76b0458667c59a2,score,operational,0.0,0.0,,0,0,16
d76b0458667c59a2,score,strict,0.0,0.0,,0,0,16
d76b0458667c59a2,pareto,operational,0.0,0.0,,0,0,16
d76b0458667c59a2,pareto,strict,0.0,0.0,,0,0,16
d76b0458667c59a2,gt_geometry,operational,0.0,0.0,,0,0,16
d76b0458667c59a2,gt_geometry,strict,0.0,0.0,,0,0,16
d76b0458667c59a2,grpo_mass_pc,operational,0.0,0.0,,0,0,16
d76b0458667c59a2,grpo_mass_pc,strict,0.0,0.0,,0,0,0
8cf3b1868b2f5262,score,operational,0.0,0.0,,0,0,16
8cf3b1868b2f5262,score,strict,0.0,0.0,,0,0,16
8cf3b1868b2f5262,pareto,operational,0.0,0.0,,0,0,16
8cf3b1868b2f5262,pareto,strict,0.0,0.0,,0,0,16
8cf3b1868b2f5262,gt_geometry,operational,0.0,0.0,,0,0,7
8cf3b1868b2f5262,gt_geometry,strict,0.0,0.0,,0,0,7
8cf3b1868b2f5262,grpo_mass_pc,operational,0.0,0.0,,0,0,16
8cf3b1868b2f5262,grpo_mass_pc,strict,0.0,0.0,,0,0,0
990bd9b32e5d5f60,score,operational,0.0,0.0,,0,0,15
990bd9b32e5d5f60,score,strict,0.0,0.0,,0,0,15
990bd9b32e5d5f60,pareto,operational,0.0,0.0,,0,0,15
990bd9b32e5d5f60,pareto,strict,0.0,0.0,,0,0,15
990bd9b32e5d5f60,gt_geometry,operational,0.0,0.0,,0,0,13
990bd9b32e5d5f60,gt_geometry,strict,0.0,0.0,,0,0,13
990bd9b32e5d5f60,grpo_mass_pc,operational,0.0,0.0,,0,0,15
990bd9b32e5d5f60,grpo_mass_pc,strict,0.0,0.0,,0,0,0
6320ecb991675a39,score,operational,0.0,0.0,,0,0,15
6320ecb991675a39,score,strict,0.0,0.0,,0,0,15
6320ecb991675a39,pareto,operational,0.0,0.0,,0,0,15
6320ecb991675a39,pareto,strict,0.0,0.0,,0,0,15
6320ecb991675a39,gt_geometry,operational,0.0,0.0,,0,0,12
6320ecb991675a39,gt_geometry,strict,0.0,0.0,,0,0,12
6320ecb991675a39,grpo_mass_pc,operational,0.0,0.0,,0,0,15
6320ecb991675a39,grpo_mass_pc,strict,0.0,0.0,,0,0,0
66243e185353563a,score,operational,0.0,0.0,,0,0,15
66243e185353563a,score,strict,0.0,0.0,,0,0,15
66243e185353563a,pareto,operational,0.0,0.0,,0,0,16
66243e185353563a,pareto,strict,0.0,0.0,,0,0,16
66243e185353563a,gt_geometry,operational,0.0009765625,0.0009765625,,0,0,15
66243e185353563a,gt_geometry,strict,0.0009765625,0.0009765625,,0,0,15
66243e185353563a,grpo_mass_pc,operational,0.0,0.0,,0,0,15
66243e185353563a,grpo_mass_pc,strict,0.0,0.0,,0,0,0
cde84b97e6505437,score,operational,0.0,0.0,,0,0,16
cde84b97e6505437,score,strict,0.0,0.0,,0,0,16
cde84b97e6505437,pareto,operational,0.0,0.0,,0,0,16
cde84b97e6505437,pareto,strict,0.0,0.0,,0,0,16
cde84b97e6505437,gt_geometry,operational,0.0,0.0,,0,0,10
cde84b97e6505437,gt_geometry,strict,0.0,0.0,,0,0,10
cde84b97e6505437,grpo_mass_pc,operational,0.0,0.0,,0,0,16
cde84b97e6505437,grpo_mass_pc,strict,0.0,0.0,,0,0,0
d968f9c81b945be1,score,operational,0.0,0.0,,0,0,16
d968f9c81b945be1,score,strict,0.0,0.0,,0,0,16
d968f9c81b945be1,pareto,operational,0.0,0.0,,0,0,16
d968f9c81b945be1,pareto,strict,0.0,0.0,,0,0,16
d968f9c81b945be1,gt_geometry,operational,0.0,0.0,,0,0,16
d968f9c81b945be1,gt_geometry,strict,0.0,0.0,,0,0,16
d968f9c81b945be1,grpo_mass_pc,operational,0.0,0.0,,0,0,16
d968f9c81b945be1,grpo_mass_pc,strict,0.0,0.0,,0,0,0
0a87bb919dbb58b6,score,operational,0.0,0.0,,0,0,13
0a87bb919dbb58b6,score,strict,0.0,0.0,,0,0,13
0a87bb919dbb58b6,pareto,operational,0.0,0.0,,0,0,13
0a87bb919dbb58b6,pareto,strict,0.0,0.0,,0,0,13
0a87bb919dbb58b6,gt_geometry,operational,0.0009765625,0.0009765625,,0,0,13
0a87bb919dbb58b6,gt_geometry,strict,0.0009765625,0.0009765625,,0,0,13
0a87bb919dbb58b6,grpo_mass_pc,operational,0.0,0.0,,0,0,13
0a87bb919dbb58b6,grpo_mass_pc,strict,0.0,0.0,,0,0,0
fe5811497ace53af,score,operational,0.0,0.0,,0,0,14
fe5811497ace53af,score,strict,0.0,0.0,,0,0,14
fe5811497ace53af,pareto,operational,0.0,0.0,,0,0,14
fe5811497ace53af,pareto,strict,0.0,0.0,,0,0,14
fe5811497ace53af,gt_geometry,operational,0.0,0.0,,0,0,14
fe5811497ace53af,gt_geometry,strict,0.0,0.0,,0,0,14
fe5811497ace53af,grpo_mass_pc,operational,0.0,0.0,,0,0,14
fe5811497ace53af,grpo_mass_pc,strict,0.0,0.0,,0,0,0
1734440b807a58ef,score,operational,0.0,0.0,,0,0,15
1734440b807a58ef,score,strict,0.0,0.0,,0,0,15
1734440b807a58ef,pareto,operational,0.0,0.0,,0,0,15
1734440b807a58ef,pareto,strict,0.0,0.0,,0,0,15
1734440b807a58ef,gt_geometry,operational,0.0,0.0,,0,0,9
1734440b807a58ef,gt_geometry,strict,0.0,0.0,,0,0,9
1734440b807a58ef,grpo_mass_pc,operational,0.0,0.0,,0,0,15
1734440b807a58ef,grpo_mass_pc,strict,0.0,0.0,,0,0,0
480434fc72d455af,score,operational,0.0,0.0,,0,0,16
480434fc72d455af,score,strict,0.0,0.0,,0,0,16
480434fc72d455af,pareto,operational,0.0,0.0,,0,0,16
480434fc72d455af,pareto,strict,0.0,0.0,,0,0,16
480434fc72d455af,gt_geometry,operational,0.0,0.0,,0,0,12
480434fc72d455af,gt_geometry,strict,0.0,0.0,,0,0,12
480434fc72d455af,grpo_mass_pc,operational,0.0,0.0,,0,0,16
480434fc72d455af,grpo_mass_pc,strict,0.0,0.0,,0,0,0
cb8e247140d55ab2,score,operational,0.0,0.0,,0,0,12
cb8e247140d55ab2,score,strict,0.0,0.0,,0,0,12
cb8e247140d55ab2,pareto,operational,0.0,0.0,,0,0,12
cb8e247140d55ab2,pareto,strict,0.0,0.0,,0,0,12
cb8e247140d55ab2,gt_geometry,operational,0.0,0.0,,0,0,11
cb8e247140d55ab2,gt_geometry,strict,0.0,0.0,,0,0,11
cb8e247140d55ab2,grpo_mass_pc,operational,0.0,0.0,,0,0,12
cb8e247140d55ab2,grpo_mass_pc,strict,0.0,0.0,,0,0,0
095770e79ccf5d82,score,operational,0.0,0.0,,0,0,16
095770e79ccf5d82,score,strict,0.0,0.0,,0,0,16
095770e79ccf5d82,pareto,operational,0.0,0.0,,0,0,16
095770e79ccf5d82,pareto,strict,0.0,0.0,,0,0,16
095770e79ccf5d82,gt_geometry,operational,0.0,0.0,,0,0,16
095770e79ccf5d82,gt_geometry,strict,0.0,0.0,,0,0,16
095770e79ccf5d82,grpo_mass_pc,operational,0.0,0.0,,0,0,16
095770e79ccf5d82,grpo_mass_pc,strict,0.0,0.0,,0,0,0
d7f25a0ac141583a,score,operational,0.0,0.0,,0,0,16
d7f25a0ac141583a,score,strict,0.0,0.0,,0,0,16
d7f25a0ac141583a,pareto,operational,0.0,0.0,,0,0,16
d7f25a0ac141583a,pareto,strict,0.0,0.0,,0,0,16
d7f25a0ac141583a,gt_geometry,operational,0.0,0.0,,0,0,12
d7f25a0ac141583a,gt_geometry,strict,0.0,0.0,,0,0,12
d7f25a0ac141583a,grpo_mass_pc,operational,0.0,0.0,,0,0,16
d7f25a0ac141583a,grpo_mass_pc,strict,0.0,0.0,,0,0,0
4b0df2804f165dda,score,operational,0.0,0.0,,0,0,15
4b0df2804f165dda,score,strict,0.0,0.0,,0,0,15
4b0df2804f165dda,pareto,operational,0.0,0.0,,0,0,14
4b0df2804f165dda,pareto,strict,0.0,0.0,,0,0,14
4b0df2804f165dda,gt_geometry,operational,0.0,0.0,,0,0,11
4b0df2804f165dda,gt_geometry,strict,0.0,0.0,,0,0,11
4b0df2804f165dda,grpo_mass_pc,operational,0.0,0.0,,0,0,15
4b0df2804f165dda,grpo_mass_pc,strict,0.0,0.0,,0,0,0
ab6ba1da1dd8592b,score,operational,0.0,0.0,,0,0,15
ab6ba1da1dd8592b,score,strict,0.0,0.0,,0,0,15
ab6ba1da1dd8592b,pareto,operational,0.0,0.0,,0,0,15
ab6ba1da1dd8592b,pareto,strict,0.0,0.0,,0,0,15
ab6ba1da1dd8592b,gt_geometry,operational,0.0,0.0,,0,0,12
ab6ba1da1dd8592b,gt_geometry,strict,0.0,0.0,,0,0,12
ab6ba1da1dd8592b,grpo_mass_pc,operational,0.0,0.0,,0,0,15
ab6ba1da1dd8592b,grpo_mass_pc,strict,0.0,0.0,,0,0,0
3feb7781f83754a7,score,operational,0.0,0.0,,0,0,16
3feb7781f83754a7,score,strict,0.0,0.0,,0,0,16
3feb7781f83754a7,pareto,operational,0.0,0.0,,0,0,16
3feb7781f83754a7,pareto,strict,0.0,0.0,,0,0,16
3feb7781f83754a7,gt_geometry,operational,0.0,0.0,,0,0,16
3feb7781f83754a7,gt_geometry,strict,0.0,0.0,,0,0,16
3feb7781f83754a7,grpo_mass_pc,operational,0.0,0.0,,0,0,16
3feb7781f83754a7,grpo_mass_pc,strict,0.0,0.0,,0,0,0
6f471ee76c595c92,score,operational,0.0,0.0,,0,0,16
6f471ee76c595c92,score,strict,0.0,0.0,,0,0,16
6f471ee76c595c92,pareto,operational,0.0,0.0,,0,0,16
6f471ee76c595c92,pareto,strict,0.0,0.0,,0,0,16
6f471ee76c595c92,gt_geometry,operational,0.0,0.0,,0,0,16
6f471ee76c595c92,gt_geometry,strict,0.0,0.0,,0,0,16
6f471ee76c595c92,grpo_mass_pc,operational,0.0,0.0,,0,0,16
6f471ee76c595c92,grpo_mass_pc,strict,0.0,0.0,,0,0,0
32516745ea1b59ef,score,operational,0.0,0.0,,0,0,16
32516745ea1b59ef,score,strict,0.0,0.0,,0,0,16
32516745ea1b59ef,pareto,operational,0.0,0.0,,0,0,16
32516745ea1b59ef,pareto,strict,0.0,0.0,,0,0,16
32516745ea1b59ef,gt_geometry,operational,0.0,0.0,,0,0,12
32516745ea1b59ef,gt_geometry,strict,0.0,0.0,,0,0,12
32516745ea1b59ef,grpo_mass_pc,operational,0.0,0.0,,0,0,16
32516745ea1b59ef,grpo_mass_pc,strict,0.0,0.0,,0,0,0
a65dd6d24f575771,score,operational,0.0,0.0,,0,0,16
a65dd6d24f575771,score,strict,0.0,0.0,,0,0,16
a65dd6d24f575771,pareto,operational,0.0,0.0,,0,0,16
a65dd6d24f575771,pareto,strict,0.0,0.0,,0,0,16
a65dd6d24f575771,gt_geometry,operational,0.0,0.0,,0,0,10
a65dd6d24f575771,gt_geometry,strict,0.0,0.0,,0,0,10
a65dd6d24f575771,grpo_mass_pc,operational,0.0,0.0,,0,0,16
a65dd6d24f575771,grpo_mass_pc,strict,0.0,0.0,,0,0,0
9ce305abb88f5ad0,score,operational,0.0,0.0,,0,0,16
9ce305abb88f5ad0,score,strict,0.0,0.0,,0,0,16
9ce305abb88f5ad0,pareto,operational,0.0,0.0,,0,0,16
9ce305abb88f5ad0,pareto,strict,0.0,0.0,,0,0,16
9ce305abb88f5ad0,gt_geometry,operational,0.0,0.0,,0,0,12
9ce305abb88f5ad0,gt_geometry,strict,0.0,0.0,,0,0,12
9ce305abb88f5ad0,grpo_mass_pc,operational,0.0,0.0,,0,0,16
9ce305abb88f5ad0,grpo_mass_pc,strict,0.0,0.0,,0,0,0
7af6867add5b5f2c,score,operational,0.0,0.0,,0,0,16
7af6867add5b5f2c,score,strict,0.0,0.0,,0,0,16
7af6867add5b5f2c,pareto,operational,0.0,0.0,,0,0,16
7af6867add5b5f2c,pareto,strict,0.0,0.0,,0,0,16
7af6867add5b5f2c,gt_geometry,operational,0.0,0.0,,0,0,9
7af6867add5b5f2c,gt_geometry,strict,0.0,0.0,,0,0,9
7af6867add5b5f2c,grpo_mass_pc,operational,0.0,0.0,,0,0,16
7af6867add5b5f2c,grpo_mass_pc,strict,0.0,0.0,,0,0,0
b65e09c4d8125da0,score,operational,0.0,0.0,,0,0,13
b65e09c4d8125da0,score,strict,0.0,0.0,,0,0,13
b65e09c4d8125da0,pareto,operational,0.0,0.0,,0,0,13
b65e09c4d8125da0,pareto,strict,0.0,0.0,,0,0,13
b65e09c4d8125da0,gt_geometry,operational,0.0,0.0,,0,0,14
b65e09c4d8125da0,gt_geometry,strict,0.0,0.0,,0,0,14
b65e09c4d8125da0,grpo_mass_pc,operational,0.0,0.0,,0,0,13
b65e09c4d8125da0,grpo_mass_pc,strict,0.0,0.0,,0,0,0
cbe1e93e188f5490,score,operational,0.0,0.0,,0,0,16
cbe1e93e188f5490,score,strict,0.0,0.0,,0,0,16
cbe1e93e188f5490,pareto,operational,0.0,0.0,,0,0,16
cbe1e93e188f5490,pareto,strict,0.0,0.0,,0,0,16
cbe1e93e188f5490,gt_geometry,operational,0.0,0.0,,0,0,14
cbe1e93e188f5490,gt_geometry,strict,0.0,0.0,,0,0,14
cbe1e93e188f5490,grpo_mass_pc,operational,0.0,0.0,,0,0,16
cbe1e93e188f5490,grpo_mass_pc,strict,0.0,0.0,,0,0,0
6ca6a1a4f3dc5d85,score,operational,0.0,0.0,,0,0,12
6ca6a1a4f3dc5d85,score,strict,0.0,0.0,,0,0,12
6ca6a1a4f3dc5d85,pareto,operational,0.0,0.0,,0,0,11
6ca6a1a4f3dc5d85,pareto,strict,0.0,0.0,,0,0,11
6ca6a1a4f3dc5d85,gt_geometry,operational,0.0,0.0,,0,0,11
6ca6a1a4f3dc5d85,gt_geometry,strict,0.0,0.0,,0,0,11
6ca6a1a4f3dc5d85,grpo_mass_pc,operational,0.0,0.0,,0,0,12
6ca6a1a4f3dc5d85,grpo_mass_pc,strict,0.0,0.0,,0,0,0
0ee58e583be85ffb,score,operational,0.0,0.0,,0,0,16
0ee58e583be85ffb,score,strict,0.0,0.0,,0,0,16
0ee58e583be85ffb,pareto,operational,0.0,0.0,,0,0,16
0ee58e583be85ffb,pareto,strict,0.0,0.0,,0,0,16
0ee58e583be85ffb,gt_geometry,operational,0.0,0.0,,0,0,10
0ee58e583be85ffb,gt_geometry,strict,0.0,0.0,,0,0,10
0ee58e583be85ffb,grpo_mass_pc,operational,0.0,0.0,,0,0,16
0ee58e583be85ffb,grpo_mass_pc,strict,0.0,0.0,,0,0,0
a28a2771a9fa5c1d,score,operational,0.0,0.0,,0,0,16
a28a2771a9fa5c1d,score,strict,0.0,0.0,,0,0,16
a28a2771a9fa5c1d,pareto,operational,0.0,0.0,,0,0,16
a28a2771a9fa5c1d,pareto,strict,0.0,0.0,,0,0,16
a28a2771a9fa5c1d,gt_geometry,operational,0.0,0.0,,0,0,16
a28a2771a9fa5c1d,gt_geometry,strict,0.0,0.0,,0,0,16
a28a2771a9fa5c1d,grpo_mass_pc,operational,0.0,0.0,,0,0,16
a28a2771a9fa5c1d,grpo_mass_pc,strict,0.0,0.0,,0,0,0
488e4248a8985e5a,score,operational,0.0,0.0,,0,0,16
488e4248a8985e5a,score,strict,0.0,0.0,,0,0,16
488e4248a8985e5a,pareto,operational,0.0,0.0,,0,0,16
488e4248a8985e5a,pareto,strict,0.0,0.0,,0,0,16
488e4248a8985e5a,gt_geometry,operational,0.0,0.0,,0,0,16
488e4248a8985e5a,gt_geometry,strict,0.0,0.0,,0,0,16
488e4248a8985e5a,grpo_mass_pc,operational,0.0,0.0,,0,0,16
488e4248a8985e5a,grpo_mass_pc,strict,0.0,0.0,,0,0,0
0beb530925b9514b,score,operational,0.0,0.0,,0,0,16
0beb530925b9514b,score,strict,0.0,0.0,,0,0,16
0beb530925b9514b,pareto,operational,0.0,0.0,,0,0,16
0beb530925b9514b,pareto,strict,0.0,0.0,,0,0,16
0beb530925b9514b,gt_geometry,operational,0.0,0.0,,0,0,16
0beb530925b9514b,gt_geometry,strict,0.0,0.0,,0,0,16
0beb530925b9514b,grpo_mass_pc,operational,0.0,0.0,,0,0,16
0beb530925b9514b,grpo_mass_pc,strict,0.0,0.0,,0,0,0
29b53c57c19b57fe,score,operational,0.0,0.0,,0,0,15
29b53c57c19b57fe,score,strict,0.0,0.0,,0,0,15
29b53c57c19b57fe,pareto,operational,0.0,0.0,,0,0,15
29b53c57c19b57fe,pareto,strict,0.0,0.0,,0,0,15
29b53c57c19b57fe,gt_geometry,operational,0.0,0.0,,0,0,13
29b53c57c19b57fe,gt_geometry,strict,0.0,0.0,,0,0,13
29b53c57c19b57fe,grpo_mass_pc,operational,0.0,0.0,,0,0,15
29b53c57c19b57fe,grpo_mass_pc,strict,0.0,0.0,,0,0,0
2639525675535145,score,operational,0.0,0.0,,0,0,16
2639525675535145,score,strict,0.0,0.0,,0,0,16
2639525675535145,pareto,operational,0.0,0.0,,0,0,16
2639525675535145,pareto,strict,0.0,0.0,,0,0,16
2639525675535145,gt_geometry,operational,0.0,0.0,,0,0,16
2639525675535145,gt_geometry,strict,0.0,0.0,,0,0,16
2639525675535145,grpo_mass_pc,operational,0.0,0.0,,0,0,16
2639525675535145,grpo_mass_pc,strict,0.0,0.0,,0,0,0
9a83782a2cf85611,score,operational,0.0,0.0,,0,0,16
9a83782a2cf85611,score,strict,0.0,0.0,,0,0,16
9a83782a2cf85611,pareto,operational,0.0,0.0,,0,0,16
9a83782a2cf85611,pareto,strict,0.0,0.0,,0,0,16
9a83782a2cf85611,gt_geometry,operational,0.0,0.0,,0,0,10
9a83782a2cf85611,gt_geometry,strict,0.0,0.0,,0,0,10
9a83782a2cf85611,grpo_mass_pc,operational,0.0,0.0,,0,0,16
9a83782a2cf85611,grpo_mass_pc,strict,0.0,0.0,,0,0,0
cd01f21ff39d541a,score,operational,0.0,0.0,,0,0,16
cd01f21ff39d541a,score,strict,0.0,0.0,,0,0,16
cd01f21ff39d541a,pareto,operational,0.0,0.0,,0,0,16
cd01f21ff39d541a,pareto,strict,0.0,0.0,,0,0,16
cd01f21ff39d541a,gt_geometry,operational,0.0,0.0,,0,0,16
cd01f21ff39d541a,gt_geometry,strict,0.0,0.0,,0,0,16
cd01f21ff39d541a,grpo_mass_pc,operational,0.0,0.0,,0,0,16
cd01f21ff39d541a,grpo_mass_pc,strict,0.0,0.0,,0,0,0
facaaf8c0e8c5c65,score,operational,0.0,0.0,,0,0,16
facaaf8c0e8c5c65,score,strict,0.0,0.0,,0,0,16
facaaf8c0e8c5c65,pareto,operational,0.0,0.0,,0,0,16
facaaf8c0e8c5c65,pareto,strict,0.0,0.0,,0,0,16
facaaf8c0e8c5c65,gt_geometry,operational,0.0,0.0,,0,0,16
facaaf8c0e8c5c65,gt_geometry,strict,0.0,0.0,,0,0,16
facaaf8c0e8c5c65,grpo_mass_pc,operational,0.0,0.0,,0,0,16
facaaf8c0e8c5c65,grpo_mass_pc,strict,0.0,0.0,,0,0,0
88757fb00fda507b,score,operational,0.0,0.0,,0,0,16
88757fb00fda507b,score,strict,0.0,0.0,,0,0,16
88757fb00fda507b,pareto,operational,0.0,0.0,,0,0,16
88757fb00fda507b,pareto,strict,0.0,0.0,,0,0,16
88757fb00fda507b,gt_geometry,operational,0.0,0.0,,0,0,14
88757fb00fda507b,gt_geometry,strict,0.0,0.0,,0,0,14
88757fb00fda507b,grpo_mass_pc,operational,0.0,0.0,,0,0,16
88757fb00fda507b,grpo_mass_pc,strict,0.0,0.0,,0,0,0
e9f4daa7d910568c,score,operational,0.0,0.0,,0,0,16
e9f4daa7d910568c,score,strict,0.0,0.0,,0,0,16
e9f4daa7d910568c,pareto,operational,0.0,0.0,,0,0,16
e9f4daa7d910568c,pareto,strict,0.0,0.0,,0,0,16
e9f4daa7d910568c,gt_geometry,operational,0.0,0.0,,0,0,16
e9f4daa7d910568c,gt_geometry,strict,0.0,0.0,,0,0,16
e9f4daa7d910568c,grpo_mass_pc,operational,0.0,0.0,,0,0,16
e9f4daa7d910568c,grpo_mass_pc,strict,0.0,0.0,,0,0,0
d6bb0cea4dbd5b44,score,operational,0.0,0.0,,0,0,16
d6bb0cea4dbd5b44,score,strict,0.0,0.0,,0,0,16
d6bb0cea4dbd5b44,pareto,operational,0.0,0.0,,0,0,16
d6bb0cea4dbd5b44,pareto,strict,0.0,0.0,,0,0,16
d6bb0cea4dbd5b44,gt_geometry,operational,0.0,0.0,,0,0,12
d6bb0cea4dbd5b44,gt_geometry,strict,0.0,0.0,,0,0,12
d6bb0cea4dbd5b44,grpo_mass_pc,operational,0.0,0.0,,0,0,16
d6bb0cea4dbd5b44,grpo_mass_pc,strict,0.0,0.0,,0,0,0
efad2708409b5834,score,operational,0.0,0.0,,0,0,16
efad2708409b5834,score,strict,0.0,0.0,,0,0,16
efad2708409b5834,pareto,operational,0.0,0.0,,0,0,16
efad2708409b5834,pareto,strict,0.0,0.0,,0,0,16
efad2708409b5834,gt_geometry,operational,0.0,0.0,,0,0,16
efad2708409b5834,gt_geometry,strict,0.0,0.0,,0,0,16
efad2708409b5834,grpo_mass_pc,operational,0.0,0.0,,0,0,16
efad2708409b5834,grpo_mass_pc,strict,0.0,0.0,,0,0,0
3a4cfdd4bfa55a5e,score,operational,0.0,0.0,,0,0,13
3a4cfdd4bfa55a5e,score,strict,0.0,0.0,,0,0,13
3a4cfdd4bfa55a5e,pareto,operational,0.0,0.0,,0,0,13
3a4cfdd4bfa55a5e,pareto,strict,0.0,0.0,,0,0,13
3a4cfdd4bfa55a5e,gt_geometry,operational,0.0,0.0,,0,0,11
3a4cfdd4bfa55a5e,gt_geometry,strict,0.0,0.0,,0,0,11
3a4cfdd4bfa55a5e,grpo_mass_pc,operational,0.0,0.0,,0,0,13
3a4cfdd4bfa55a5e,grpo_mass_pc,strict,0.0,0.0,,0,0,0
e926ec6a69cc575c,score,operational,0.0,0.0,,0,0,16
e926ec6a69cc575c,score,strict,0.0,0.0,,0,0,16
e926ec6a69cc575c,pareto,operational,0.0,0.0,,0,0,16
e926ec6a69cc575c,pareto,strict,0.0,0.0,,0,0,16
e926ec6a69cc575c,gt_geometry,operational,0.0,0.0,,0,0,11
e926ec6a69cc575c,gt_geometry,strict,0.0,0.0,,0,0,11
e926ec6a69cc575c,grpo_mass_pc,operational,0.0,0.0,,0,0,16
e926ec6a69cc575c,grpo_mass_pc,strict,0.0,0.0,,0,0,0
b6093d9c703e54b1,score,operational,0.0,0.0,,0,0,16
b6093d9c703e54b1,score,strict,0.0,0.0,,0,0,16
b6093d9c703e54b1,pareto,operational,0.0,0.0,,0,0,16
b6093d9c703e54b1,pareto,strict,0.0,0.0,,0,0,16
b6093d9c703e54b1,gt_geometry,operational,0.0,0.0,,0,0,16
b6093d9c703e54b1,gt_geometry,strict,0.0,0.0,,0,0,16
b6093d9c703e54b1,grpo_mass_pc,operational,0.0,0.0,,0,0,16
b6093d9c703e54b1,grpo_mass_pc,strict,0.0,0.0,,0,0,0
d58eb13402485ae7,score,operational,0.0,0.0,,0,0,16
d58eb13402485ae7,score,strict,0.0,0.0,,0,0,16
d58eb13402485ae7,pareto,operational,0.0,0.0,,0,0,16
d58eb13402485ae7,pareto,strict,0.0,0.0,,0,0,16
d58eb13402485ae7,gt_geometry,operational,0.0,0.0,,0,0,16
d58eb13402485ae7,gt_geometry,strict,0.0,0.0,,0,0,16
d58eb13402485ae7,grpo_mass_pc,operational,0.0,0.0,,0,0,16
d58eb13402485ae7,grpo_mass_pc,strict,0.0,0.0,,0,0,0
f1aa5d5ed7c65114,score,operational,0.0,0.0,,0,0,16
f1aa5d5ed7c65114,score,strict,0.0,0.0,,0,0,16
f1aa5d5ed7c65114,pareto,operational,0.0,0.0,,0,0,16
f1aa5d5ed7c65114,pareto,strict,0.0,0.0,,0,0,16
f1aa5d5ed7c65114,gt_geometry,operational,0.0,0.0,,0,0,13
f1aa5d5ed7c65114,gt_geometry,strict,0.0,0.0,,0,0,13
f1aa5d5ed7c65114,grpo_mass_pc,operational,0.0,0.0,,0,0,16
f1aa5d5ed7c65114,grpo_mass_pc,strict,0.0,0.0,,0,0,0
4ea3d4068eda5cc5,score,operational,0.0,0.0,,0,0,16
4ea3d4068eda5cc5,score,strict,0.0,0.0,,0,0,16
4ea3d4068eda5cc5,pareto,operational,0.0,0.0,,0,0,16
4ea3d4068eda5cc5,pareto,strict,0.0,0.0,,0,0,16
4ea3d4068eda5cc5,gt_geometry,operational,0.0,0.0,,0,0,8
4ea3d4068eda5cc5,gt_geometry,strict,0.0,0.0,,0,0,8
4ea3d4068eda5cc5,grpo_mass_pc,operational,0.0,0.0,,0,0,16
4ea3d4068eda5cc5,grpo_mass_pc,strict,0.0,0.0,,0,0,0
6c0dbda0d8e45ae9,score,operational,0.0,0.0,,0,0,16
6c0dbda0d8e45ae9,score,strict,0.0,0.0,,0,0,16
6c0dbda0d8e45ae9,pareto,operational,0.0,0.0,,0,0,16
6c0dbda0d8e45ae9,pareto,strict,0.0,0.0,,0,0,16
6c0dbda0d8e45ae9,gt_geometry,operational,0.0,0.0,,0,0,16
6c0dbda0d8e45ae9,gt_geometry,strict,0.0,0.0,,0,0,16
6c0dbda0d8e45ae9,grpo_mass_pc,operational,0.0,0.0,,0,0,16
6c0dbda0d8e45ae9,grpo_mass_pc,strict,0.0,0.0,,0,0,0
b4322d76ebf8569f,score,operational,0.0,0.0,,0,0,16
b4322d76ebf8569f,score,strict,0.0,0.0,,0,0,16
b4322d76ebf8569f,pareto,operational,0.0,0.0,,0,0,16
b4322d76ebf8569f,pareto,strict,0.0,0.0,,0,0,16
b4322d76ebf8569f,gt_geometry,operational,0.0,0.0,,0,0,14
b4322d76ebf8569f,gt_geometry,strict,0.0,0.0,,0,0,14
b4322d76ebf8569f,grpo_mass_pc,operational,0.0,0.0,,0,0,16
b4322d76ebf8569f,grpo_mass_pc,strict,0.0,0.0,,0,0,0
acfc271e3c3d58fa,score,operational,0.0,0.0,,0,0,16
acfc271e3c3d58fa,score,strict,0.0,0.0,,0,0,16
acfc271e3c3d58fa,pareto,operational,0.0,0.0,,0,0,16
acfc271e3c3d58fa,pareto,strict,0.0,0.0,,0,0,16
acfc271e3c3d58fa,gt_geometry,operational,0.0,0.0,,0,0,13
acfc271e3c3d58fa,gt_geometry,strict,0.0,0.0,,0,0,13
acfc271e3c3d58fa,grpo_mass_pc,operational,0.0,0.0,,0,0,16
acfc271e3c3d58fa,grpo_mass_pc,strict,0.0,0.0,,0,0,0
b222df74b8155735,score,operational,0.0,0.0,,0,0,16
b222df74b8155735,score,strict,0.0,0.0,,0,0,16
b222df74b8155735,pareto,operational,0.0,0.0,,0,0,16
b222df74b8155735,pareto,strict,0.0,0.0,,0,0,16
b222df74b8155735,gt_geometry,operational,0.0,0.0,,0,0,11
b222df74b8155735,gt_geometry,strict,0.0,0.0,,0,0,11
b222df74b8155735,grpo_mass_pc,operational,0.0,0.0,,0,0,16
b222df74b8155735,grpo_mass_pc,strict,0.0,0.0,,0,0,0
415d6cd62f3b5c1c,score,operational,0.0,0.0,,0,0,16
415d6cd62f3b5c1c,score,strict,0.0,0.0,,0,0,16
415d6cd62f3b5c1c,pareto,operational,0.0,0.0,,0,0,16
415d6cd62f3b5c1c,pareto,strict,0.0,0.0,,0,0,16
415d6cd62f3b5c1c,gt_geometry,operational,0.0,0.0,,0,0,16
415d6cd62f3b5c1c,gt_geometry,strict,0.0,0.0,,0,0,16
415d6cd62f3b5c1c,grpo_mass_pc,operational,0.0,0.0,,0,0,16
415d6cd62f3b5c1c,grpo_mass_pc,strict,0.0,0.0,,0,0,0
b28e9b2fa67452a7,score,operational,0.0,0.0,,0,0,16
b28e9b2fa67452a7,score,strict,0.0,0.0,,0,0,16
b28e9b2fa67452a7,pareto,operational,0.0,0.0,,0,0,16
b28e9b2fa67452a7,pareto,strict,0.0,0.0,,0,0,16
b28e9b2fa67452a7,gt_geometry,operational,0.0,0.0,,0,0,14
b28e9b2fa67452a7,gt_geometry,strict,0.0,0.0,,0,0,14
b28e9b2fa67452a7,grpo_mass_pc,operational,0.0,0.0,,0,0,16
b28e9b2fa67452a7,grpo_mass_pc,strict,0.0,0.0,,0,0,0
bd8dea7f7efc5343,score,operational,0.0,0.0,,0,0,12
bd8dea7f7efc5343,score,strict,0.0,0.0,,0,0,12
bd8dea7f7efc5343,pareto,operational,0.0,0.0,,0,0,15
bd8dea7f7efc5343,pareto,strict,0.0,0.0,,0,0,15
bd8dea7f7efc5343,gt_geometry,operational,0.0,0.0,,0,0,13
bd8dea7f7efc5343,gt_geometry,strict,0.0,0.0,,0,0,13
bd8dea7f7efc5343,grpo_mass_pc,operational,0.0,0.0,,0,0,12
bd8dea7f7efc5343,grpo_mass_pc,strict,0.0,0.0,,0,0,0
8224627048195e4f,score,operational,0.0,0.0,,0,0,16
8224627048195e4f,score,strict,0.0,0.0,,0,0,16
8224627048195e4f,pareto,operational,0.0,0.0,,0,0,16
8224627048195e4f,pareto,strict,0.0,0.0,,0,0,16
8224627048195e4f,gt_geometry,operational,0.0,0.0,,0,0,11
8224627048195e4f,gt_geometry,strict,0.0,0.0,,0,0,11
8224627048195e4f,grpo_mass_pc,operational,0.0,0.0,,0,0,16
8224627048195e4f,grpo_mass_pc,strict,0.0,0.0,,0,0,0
3225bfcbea245dd7,score,operational,0.0,0.0,,0,0,16
3225bfcbea245dd7,score,strict,0.0,0.0,,0,0,16
3225bfcbea245dd7,pareto,operational,0.0,0.0,,0,0,16
3225bfcbea245dd7,pareto,strict,0.0,0.0,,0,0,16
3225bfcbea245dd7,gt_geometry,operational,0.0009765625,0.0009765625,,0,0,16
3225bfcbea245dd7,gt_geometry,strict,0.0009765625,0.0009765625,,0,0,16
3225bfcbea245dd7,grpo_mass_pc,operational,0.0,0.0,,0,0,16
3225bfcbea245dd7,grpo_mass_pc,strict,0.0,0.0,,0,0,0
114a9052bd6851a2,score,operational,0.0,0.0,,0,0,16
114a9052bd6851a2,score,strict,0.0,0.0,,0,0,16
114a9052bd6851a2,pareto,operational,0.0,0.0,,0,0,16
114a9052bd6851a2,pareto,strict,0.0,0.0,,0,0,16
114a9052bd6851a2,gt_geometry,operational,0.0,0.0,,0,0,12
114a9052bd6851a2,gt_geometry,strict,0.0,0.0,,0,0,12
114a9052bd6851a2,grpo_mass_pc,operational,0.0,0.0,,0,0,16
114a9052bd6851a2,grpo_mass_pc,strict,0.0,0.0,,0,0,0
f80fe289f8135602,score,operational,0.0,0.0,,0,0,16
f80fe289f8135602,score,strict,0.0,0.0,,0,0,16
f80fe289f8135602,pareto,operational,0.0,0.0,,0,0,16
f80fe289f8135602,pareto,strict,0.0,0.0,,0,0,16
f80fe289f8135602,gt_geometry,operational,0.0,0.0,,0,0,12
f80fe289f8135602,gt_geometry,strict,0.0,0.0,,0,0,12
f80fe289f8135602,grpo_mass_pc,operational,0.0,0.0,,0,0,16
f80fe289f8135602,grpo_mass_pc,strict,0.0,0.0,,0,0,0
983b7ed08a4b5a88,score,operational,0.0,0.0,,0,0,16
983b7ed08a4b5a88,score,strict,0.0,0.0,,0,0,16
983b7ed08a4b5a88,pareto,operational,0.0,0.0,,0,0,16
983b7ed08a4b5a88,pareto,strict,0.0,0.0,,0,0,16
983b7ed08a4b5a88,gt_geometry,operational,0.0,0.0,,0,0,16
983b7ed08a4b5a88,gt_geometry,strict,0.0,0.0,,0,0,16
983b7ed08a4b5a88,grpo_mass_pc,operational,0.0,0.0,,0,0,16
983b7ed08a4b5a88,grpo_mass_pc,strict,0.0,0.0,,0,0,0
34dd4c6fb6245b9a,score,operational,0.0,0.0,,0,0,15
34dd4c6fb6245b9a,score,strict,0.0,0.0,,0,0,15
34dd4c6fb6245b9a,pareto,operational,0.0,0.0,,0,0,15
34dd4c6fb6245b9a,pareto,strict,0.0,0.0,,0,0,15
34dd4c6fb6245b9a,gt_geometry,operational,0.0,0.0,,0,0,10
34dd4c6fb6245b9a,gt_geometry,strict,0.0,0.0,,0,0,10
34dd4c6fb6245b9a,grpo_mass_pc,operational,0.0,0.0,,0,0,15
34dd4c6fb6245b9a,grpo_mass_pc,strict,0.0,0.0,,0,0,0
5895d1e3cb355fb9,score,operational,0.0,0.0,,0,0,16
5895d1e3cb355fb9,score,strict,0.0,0.0,,0,0,16
5895d1e3cb355fb9,pareto,operational,0.0,0.0,,0,0,16
5895d1e3cb355fb9,pareto,strict,0.0,0.0,,0,0,16
5895d1e3cb355fb9,gt_geometry,operational,0.0,0.0,,0,0,10
5895d1e3cb355fb9,gt_geometry,strict,0.0,0.0,,0,0,10
5895d1e3cb355fb9,grpo_mass_pc,operational,0.0,0.0,,0,0,16
5895d1e3cb355fb9,grpo_mass_pc,strict,0.0,0.0,,0,0,0
14b505fe90ef5fb8,score,operational,0.0,0.0,,0,0,16
14b505fe90ef5fb8,score,strict,0.0,0.0,,0,0,16
14b505fe90ef5fb8,pareto,operational,0.0,0.0,,0,0,16
14b505fe90ef5fb8,pareto,strict,0.0,0.0,,0,0,16
14b505fe90ef5fb8,gt_geometry,operational,0.0,0.0,,0,0,16
14b505fe90ef5fb8,gt_geometry,strict,0.0,0.0,,0,0,16
14b505fe90ef5fb8,grpo_mass_pc,operational,0.0,0.0,,0,0,16
14b505fe90ef5fb8,grpo_mass_pc,strict,0.0,0.0,,0,0,0
1ce58516c7675036,score,operational,0.0,0.0,,0,0,16
1ce58516c7675036,score,strict,0.0,0.0,,0,0,16
1ce58516c7675036,pareto,operational,0.0,0.0,,0,0,16
1ce58516c7675036,pareto,strict,0.0,0.0,,0,0,16
1ce58516c7675036,gt_geometry,operational,0.0,0.0,,0,0,16
1ce58516c7675036,gt_geometry,strict,0.0,0.0,,0,0,16
1ce58516c7675036,grpo_mass_pc,operational,0.0,0.0,,0,0,16
1ce58516c7675036,grpo_mass_pc,strict,0.0,0.0,,0,0,0
b1e88b8722105d53,score,operational,0.0,0.0,,0,0,15
b1e88b8722105d53,score,strict,0.0,0.0,,0,0,15
b1e88b8722105d53,pareto,operational,0.0,0.0,,0,0,15
b1e88b8722105d53,pareto,strict,0.0,0.0,,0,0,15
b1e88b8722105d53,gt_geometry,operational,0.0,0.0,,0,0,11
b1e88b8722105d53,gt_geometry,strict,0.0,0.0,,0,0,11
b1e88b8722105d53,grpo_mass_pc,operational,0.0,0.0,,0,0,15
b1e88b8722105d53,grpo_mass_pc,strict,0.0,0.0,,0,0,0
410fac99463459e6,score,operational,0.0,0.0,,0,0,16
410fac99463459e6,score,strict,0.0,0.0,,0,0,16
410fac99463459e6,pareto,operational,0.0,0.0,,0,0,16
410fac99463459e6,pareto,strict,0.0,0.0,,0,0,16
410fac99463459e6,gt_geometry,operational,0.0,0.0,,0,0,16
410fac99463459e6,gt_geometry,strict,0.0,0.0,,0,0,16
410fac99463459e6,grpo_mass_pc,operational,0.0,0.0,,0,0,16
410fac99463459e6,grpo_mass_pc,strict,0.0,0.0,,0,0,0
5207306ed1a05de8,score,operational,0.0,0.0,,0,0,16
5207306ed1a05de8,score,strict,0.0,0.0,,0,0,16
5207306ed1a05de8,pareto,operational,0.0,0.0,,0,0,16
5207306ed1a05de8,pareto,strict,0.0,0.0,,0,0,16
5207306ed1a05de8,gt_geometry,operational,0.0,0.0,,0,0,16
5207306ed1a05de8,gt_geometry,strict,0.0,0.0,,0,0,16
5207306ed1a05de8,grpo_mass_pc,operational,0.0,0.0,,0,0,16
5207306ed1a05de8,grpo_mass_pc,strict,0.0,0.0,,0,0,0
8ba3bff293265674,score,operational,0.0,0.0,,0,0,16
8ba3bff293265674,score,strict,0.0,0.0,,0,0,16
8ba3bff293265674,pareto,operational,0.0,0.0,,0,0,16
8ba3bff293265674,pareto,strict,0.0,0.0,,0,0,16
8ba3bff293265674,gt_geometry,operational,0.0,0.0,,0,0,16
8ba3bff293265674,gt_geometry,strict,0.0,0.0,,0,0,16
8ba3bff293265674,grpo_mass_pc,operational,0.0,0.0,,0,0,16
8ba3bff293265674,grpo_mass_pc,strict,0.0,0.0,,0,0,0
69560676d53a56c9,score,operational,0.0,0.0,,0,0,15
69560676d53a56c9,score,strict,0.0,0.0,,0,0,15
69560676d53a56c9,pareto,operational,0.0,0.0,,0,0,15
69560676d53a56c9,pareto,strict,0.0,0.0,,0,0,15
69560676d53a56c9,gt_geometry,operational,0.0,0.0,,0,0,13
69560676d53a56c9,gt_geometry,strict,0.0,0.0,,0,0,13
69560676d53a56c9,grpo_mass_pc,operational,0.0,0.0,,0,0,15
69560676d53a56c9,grpo_mass_pc,strict,0.0,0.0,,0,0,0
cef0adbb58ad5ca1,score,operational,0.0,0.0,,0,0,16
cef0adbb58ad5ca1,score,strict,0.0,0.0,,0,0,16
cef0adbb58ad5ca1,pareto,operational,0.0,0.0,,0,0,16
cef0adbb58ad5ca1,pareto,strict,0.0,0.0,,0,0,16
cef0adbb58ad5ca1,gt_geometry,operational,0.0,0.0,,0,0,16
cef0adbb58ad5ca1,gt_geometry,strict,0.0,0.0,,0,0,16
cef0adbb58ad5ca1,grpo_mass_pc,operational,0.0,0.0,,0,0,16
cef0adbb58ad5ca1,grpo_mass_pc,strict,0.0,0.0,,0,0,0
c5dcabed55395a6e,score,operational,0.0,0.0,,0,0,16
c5dcabed55395a6e,score,strict,0.0,0.0,,0,0,16
c5dcabed55395a6e,pareto,operational,0.0,0.0,,0,0,16
c5dcabed55395a6e,pareto,strict,0.0,0.0,,0,0,16
c5dcabed55395a6e,gt_geometry,operational,0.0,0.0,,0,0,10
c5dcabed55395a6e,gt_geometry,strict,0.0,0.0,,0,0,10
c5dcabed55395a6e,grpo_mass_pc,operational,0.0,0.0,,0,0,16
c5dcabed55395a6e,grpo_mass_pc,strict,0.0,0.0,,0,0,0
8b839595c4105c65,score,operational,0.0,0.0,,0,0,16
8b839595c4105c65,score,strict,0.0,0.0,,0,0,16
8b839595c4105c65,pareto,operational,0.0,0.0,,0,0,16
8b839595c4105c65,pareto,strict,0.0,0.0,,0,0,16
8b839595c4105c65,gt_geometry,operational,0.0,0.0,,0,0,16
8b839595c4105c65,gt_geometry,strict,0.0,0.0,,0,0,16
8b839595c4105c65,grpo_mass_pc,operational,0.0,0.0,,0,0,16
8b839595c4105c65,grpo_mass_pc,strict,0.0,0.0,,0,0,0
f32a0e56a5b75884,score,operational,0.0,0.0,,0,0,16
f32a0e56a5b75884,score,strict,0.0,0.0,,0,0,16
f32a0e56a5b75884,pareto,operational,0.0,0.0,,0,0,16
f32a0e56a5b75884,pareto,strict,0.0,0.0,,0,0,16
f32a0e56a5b75884,gt_geometry,operational,0.0,0.0,,0,0,16
f32a0e56a5b75884,gt_geometry,strict,0.0,0.0,,0,0,16
f32a0e56a5b75884,grpo_mass_pc,operational,0.0,0.0,,0,0,16
f32a0e56a5b75884,grpo_mass_pc,strict,0.0,0.0,,0,0,0
972eb434cfd159e8,score,operational,0.0,0.0,,0,0,14
972eb434cfd159e8,score,strict,0.0,0.0,,0,0,14
972eb434cfd159e8,pareto,operational,0.0,0.0,,0,0,14
972eb434cfd159e8,pareto,strict,0.0,0.0,,0,0,14
972eb434cfd159e8,gt_geometry,operational,0.0,0.0,,0,0,9
972eb434cfd159e8,gt_geometry,strict,0.0,0.0,,0,0,9
972eb434cfd159e8,grpo_mass_pc,operational,0.0,0.0,,0,0,14
972eb434cfd159e8,grpo_mass_pc,strict,0.0,0.0,,0,0,0
505c44ea52485f9d,score,operational,0.0,0.0,,0,0,16
505c44ea52485f9d,score,strict,0.0,0.0,,0,0,16
505c44ea52485f9d,pareto,operational,0.0,0.0,,0,0,16
505c44ea52485f9d,pareto,strict,0.0,0.0,,0,0,16
505c44ea52485f9d,gt_geometry,operational,0.0,0.0,,0,0,16
505c44ea52485f9d,gt_geometry,strict,0.0,0.0,,0,0,16
505c44ea52485f9d,grpo_mass_pc,operational,0.0,0.0,,0,0,16
505c44ea52485f9d,grpo_mass_pc,strict,0.0,0.0,,0,0,0
c0b07b38110a556f,score,operational,0.0,0.0,,0,0,16
c0b07b38110a556f,score,strict,0.0,0.0,,0,0,16
c0b07b38110a556f,pareto,operational,0.0,0.0,,0,0,16
c0b07b38110a556f,pareto,strict,0.0,0.0,,0,0,16
c0b07b38110a556f,gt_geometry,operational,0.0,0.0,,0,0,16
c0b07b38110a556f,gt_geometry,strict,0.0,0.0,,0,0,16
c0b07b38110a556f,grpo_mass_pc,operational,0.0,0.0,,0,0,16
c0b07b38110a556f,grpo_mass_pc,strict,0.0,0.0,,0,0,0
7fe310f364355e2d,score,operational,0.0,0.0,,0,0,16
7fe310f364355e2d,score,strict,0.0,0.0,,0,0,16
7fe310f364355e2d,pareto,operational,0.0,0.0,,0,0,16
7fe310f364355e2d,pareto,strict,0.0,0.0,,0,0,16
7fe310f364355e2d,gt_geometry,operational,0.0,0.0,,0,0,8
7fe310f364355e2d,gt_geometry,strict,0.0,0.0,,0,0,8
7fe310f364355e2d,grpo_mass_pc,operational,0.0,0.0,,0,0,16
7fe310f364355e2d,grpo_mass_pc,strict,0.0,0.0,,0,0,0
efdd48896e7a5f15,score,operational,0.0,0.0,,0,0,16
efdd48896e7a5f15,score,strict,0.0,0.0,,0,0,16
efdd48896e7a5f15,pareto,operational,0.0,0.0,,0,0,16
efdd48896e7a5f15,pareto,strict,0.0,0.0,,0,0,16
efdd48896e7a5f15,gt_geometry,operational,0.0,0.0,,0,0,13
efdd48896e7a5f15,gt_geometry,strict,0.0,0.0,,0,0,13
efdd48896e7a5f15,grpo_mass_pc,operational,0.0,0.0,,0,0,16
efdd48896e7a5f15,grpo_mass_pc,strict,0.0,0.0,,0,0,0
e47d448a999b5595,score,operational,0.0,0.0,,0,0,13
e47d448a999b5595,score,strict,0.0,0.0,,0,0,13
e47d448a999b5595,pareto,operational,0.0,0.0,,0,0,13
e47d448a999b5595,pareto,strict,0.0,0.0,,0,0,13
e47d448a999b5595,gt_geometry,operational,0.0,0.0,,0,0,13
e47d448a999b5595,gt_geometry,strict,0.0,0.0,,0,0,13
e47d448a999b5595,grpo_mass_pc,operational,0.0,0.0,,0,0,13
e47d448a999b5595,grpo_mass_pc,strict,0.0,0.0,,0,0,0
6c0b6e4fdf005a81,score,operational,0.0,0.0,,0,0,16
6c0b6e4fdf005a81,score,strict,0.0,0.0,,0,0,16
6c0b6e4fdf005a81,pareto,operational,0.0,0.0,,0,0,16
6c0b6e4fdf005a81,pareto,strict,0.0,0.0,,0,0,16
6c0b6e4fdf005a81,gt_geometry,operational,0.0,0.0,,0,0,16
6c0b6e4fdf005a81,gt_geometry,strict,0.0,0.0,,0,0,16
6c0b6e4fdf005a81,grpo_mass_pc,operational,0.0,0.0,,0,0,16
6c0b6e4fdf005a81,grpo_mass_pc,strict,0.0,0.0,,0,0,0
071d2ff38b4855ed,score,operational,0.0,0.0,,0,0,14
071d2ff38b4855ed,score,strict,0.0,0.0,,0,0,14
071d2ff38b4855ed,pareto,operational,0.0,0.0,,0,0,14
071d2ff38b4855ed,pareto,strict,0.0,0.0,,0,0,14
071d2ff38b4855ed,gt_geometry,operational,0.0,0.0,,0,0,15
071d2ff38b4855ed,gt_geometry,strict,0.0,0.0,,0,0,15
071d2ff38b4855ed,grpo_mass_pc,operational,0.0,0.0,,0,0,14
071d2ff38b4855ed,grpo_mass_pc,strict,0.0,0.0,,0,0,0
b450f88783c15dea,score,operational,0.0,0.0,,0,0,12
b450f88783c15dea,score,strict,0.0,0.0,,0,0,12
b450f88783c15dea,pareto,operational,0.0,0.0,,0,0,12
b450f88783c15dea,pareto,strict,0.0,0.0,,0,0,12
b450f88783c15dea,gt_geometry,operational,0.0,0.0,,0,0,11
b450f88783c15dea,gt_geometry,strict,0.0,0.0,,0,0,11
b450f88783c15dea,grpo_mass_pc,operational,0.0,0.0,,0,0,12
b450f88783c15dea,grpo_mass_pc,strict,0.0,0.0,,0,0,0
7b3902956ebc561d,score,operational,0.0,0.0,,0,0,16
7b3902956ebc561d,score,strict,0.0,0.0,,0,0,16
7b3902956ebc561d,pareto,operational,0.0,0.0,,0,0,16
7b3902956ebc561d,pareto,strict,0.0,0.0,,0,0,16
7b3902956ebc561d,gt_geometry,operational,0.0,0.0,,0,0,16
7b3902956ebc561d,gt_geometry,strict,0.0,0.0,,0,0,16
7b3902956ebc561d,grpo_mass_pc,operational,0.0,0.0,,0,0,16
7b3902956ebc561d,grpo_mass_pc,strict,0.0,0.0,,0,0,0
dc73cea57e105ebd,score,operational,0.0,0.0,,0,0,16
dc73cea57e105ebd,score,strict,0.0,0.0,,0,0,16
dc73cea57e105ebd,pareto,operational,0.0,0.0,,0,0,16
dc73cea57e105ebd,pareto,strict,0.0,0.0,,0,0,16
dc73cea57e105ebd,gt_geometry,operational,0.0,0.0,,0,0,12
dc73cea57e105ebd,gt_geometry,strict,0.0,0.0,,0,0,12
dc73cea57e105ebd,grpo_mass_pc,operational,0.0,0.0,,0,0,16
dc73cea57e105ebd,grpo_mass_pc,strict,0.0,0.0,,0,0,0
b87bd020396b5670,score,operational,0.0,0.0,,0,0,16
b87bd020396b5670,score,strict,0.0,0.0,,0,0,16
b87bd020396b5670,pareto,operational,0.0,0.0,,0,0,16
b87bd020396b5670,pareto,strict,0.0,0.0,,0,0,16
b87bd020396b5670,gt_geometry,operational,0.0,0.0,,0,0,16
b87bd020396b5670,gt_geometry,strict,0.0,0.0,,0,0,16
b87bd020396b5670,grpo_mass_pc,operational,0.0,0.0,,0,0,16
b87bd020396b5670,grpo_mass_pc,strict,0.0,0.0,,0,0,0
ba1a894e5a6350d2,score,operational,0.0,0.0,,0,0,16
ba1a894e5a6350d2,score,strict,0.0,0.0,,0,0,16
ba1a894e5a6350d2,pareto,operational,0.0,0.0,,0,0,16
ba1a894e5a6350d2,pareto,strict,0.0,0.0,,0,0,16
ba1a894e5a6350d2,gt_geometry,operational,0.0,0.0,,0,0,12
ba1a894e5a6350d2,gt_geometry,strict,0.0,0.0,,0,0,12
ba1a894e5a6350d2,grpo_mass_pc,operational,0.0,0.0,,0,0,16
ba1a894e5a6350d2,grpo_mass_pc,strict,0.0,0.0,,0,0,0
ddbfb3b2a05c5918,score,operational,0.0,0.0,,0,0,16
ddbfb3b2a05c5918,score,strict,0.0,0.0,,0,0,16
ddbfb3b2a05c5918,pareto,operational,0.0,0.0,,0,0,16
ddbfb3b2a05c5918,pareto,strict,0.0,0.0,,0,0,16
ddbfb3b2a05c5918,gt_geometry,operational,0.0,0.0,,0,0,16
ddbfb3b2a05c5918,gt_geometry,strict,0.0,0.0,,0,0,16
ddbfb3b2a05c5918,grpo_mass_pc,operational,0.0,0.0,,0,0,16
ddbfb3b2a05c5918,grpo_mass_pc,strict,0.0,0.0,,0,0,0
a93ffd0f36b65714,score,operational,0.0,0.0,,0,0,16
a93ffd0f36b65714,score,strict,0.0,0.0,,0,0,16
a93ffd0f36b65714,pareto,operational,0.0,0.0,,0,0,16
a93ffd0f36b65714,pareto,strict,0.0,0.0,,0,0,16
a93ffd0f36b65714,gt_geometry,operational,0.0,0.0,,0,0,16
a93ffd0f36b65714,gt_geometry,strict,0.0,0.0,,0,0,16
a93ffd0f36b65714,grpo_mass_pc,operational,0.0,0.0,,0,0,16
a93ffd0f36b65714,grpo_mass_pc,strict,0.0,0.0,,0,0,0
2b2663b56a6555a2,score,operational,0.0,0.0,,0,0,16
2b2663b56a6555a2,score,strict,0.0,0.0,,0,0,16
2b2663b56a6555a2,pareto,operational,0.0,0.0,,0,0,16
2b2663b56a6555a2,pareto,strict,0.0,0.0,,0,0,16
2b2663b56a6555a2,gt_geometry,operational,0.0,0.0,,0,0,16
2b2663b56a6555a2,gt_geometry,strict,0.0,0.0,,0,0,16
2b2663b56a6555a2,grpo_mass_pc,operational,0.0,0.0,,0,0,16
2b2663b56a6555a2,grpo_mass_pc,strict,0.0,0.0,,0,0,0
f9b32e71bedb5996,score,operational,0.0,0.0,,0,0,16
f9b32e71bedb5996,score,strict,0.0,0.0,,0,0,16
f9b32e71bedb5996,pareto,operational,0.0,0.0,,0,0,16
f9b32e71bedb5996,pareto,strict,0.0,0.0,,0,0,16
f9b32e71bedb5996,gt_geometry,operational,0.0,0.0,,0,0,13
f9b32e71bedb5996,gt_geometry,strict,0.0,0.0,,0,0,13
f9b32e71bedb5996,grpo_mass_pc,operational,0.0,0.0,,0,0,16
f9b32e71bedb5996,grpo_mass_pc,strict,0.0,0.0,,0,0,0
886df3cce3a95a83,score,operational,0.0,0.0,,0,0,16
886df3cce3a95a83,score,strict,0.0,0.0,,0,0,16
886df3cce3a95a83,pareto,operational,0.0,0.0,,0,0,16
886df3cce3a95a83,pareto,strict,0.0,0.0,,0,0,16
886df3cce3a95a83,gt_geometry,operational,0.0,0.0,,0,0,9
886df3cce3a95a83,gt_geometry,strict,0.0,0.0,,0,0,9
886df3cce3a95a83,grpo_mass_pc,operational,0.0,0.0,,0,0,16
886df3cce3a95a83,grpo_mass_pc,strict,0.0,0.0,,0,0,0
160a7c3cbeee5f8b,score,operational,0.0,0.0,,0,0,16
160a7c3cbeee5f8b,score,strict,0.0,0.0,,0,0,16
160a7c3cbeee5f8b,pareto,operational,0.0,0.0,,0,0,16
160a7c3cbeee5f8b,pareto,strict,0.0,0.0,,0,0,16
160a7c3cbeee5f8b,gt_geometry,operational,0.0,0.0,,0,0,16
160a7c3cbeee5f8b,gt_geometry,strict,0.0,0.0,,0,0,16
160a7c3cbeee5f8b,grpo_mass_pc,operational,0.0,0.0,,0,0,16
160a7c3cbeee5f8b,grpo_mass_pc,strict,0.0,0.0,,0,0,0
24fab0f19fd35cd6,score,operational,0.0,0.0,,0,0,15
24fab0f19fd35cd6,score,strict,0.0,0.0,,0,0,15
24fab0f19fd35cd6,pareto,operational,0.0,0.0,,0,0,15
24fab0f19fd35cd6,pareto,strict,0.0,0.0,,0,0,15
24fab0f19fd35cd6,gt_geometry,operational,0.0,0.0,,0,0,12
24fab0f19fd35cd6,gt_geometry,strict,0.0,0.0,,0,0,12
24fab0f19fd35cd6,grpo_mass_pc,operational,0.0,0.0,,0,0,15
24fab0f19fd35cd6,grpo_mass_pc,strict,0.0,0.0,,0,0,0
b63b325909a058c9,score,operational,0.0,0.0,,0,0,16
b63b325909a058c9,score,strict,0.0,0.0,,0,0,16
b63b325909a058c9,pareto,operational,0.0,0.0,,0,0,16
b63b325909a058c9,pareto,strict,0.0,0.0,,0,0,16
b63b325909a058c9,gt_geometry,operational,0.0,0.0,,0,0,9
b63b325909a058c9,gt_geometry,strict,0.0,0.0,,0,0,9
b63b325909a058c9,grpo_mass_pc,operational,0.0,0.0,,0,0,16
b63b325909a058c9,grpo_mass_pc,strict,0.0,0.0,,0,0,0
9b500f26b0f8560e,score,operational,0.0,0.0,,0,0,16
9b500f26b0f8560e,score,strict,0.0,0.0,,0,0,16
9b500f26b0f8560e,pareto,operational,0.0,0.0,,0,0,16
9b500f26b0f8560e,pareto,strict,0.0,0.0,,0,0,16
9b500f26b0f8560e,gt_geometry,operational,0.0,0.0,,0,0,16
9b500f26b0f8560e,gt_geometry,strict,0.0,0.0,,0,0,16
9b500f26b0f8560e,grpo_mass_pc,operational,0.0,0.0,,0,0,16
9b500f26b0f8560e,grpo_mass_pc,strict,0.0,0.0,,0,0,0
c9ba785129c35b36,score,operational,0.0,0.0,,0,0,13
c9ba785129c35b36,score,strict,0.0,0.0,,0,0,13
c9ba785129c35b36,pareto,operational,0.0,0.0,,0,0,13
c9ba785129c35b36,pareto,strict,0.0,0.0,,0,0,13
c9ba785129c35b36,gt_geometry,operational,0.0,0.0,,0,0,9
c9ba785129c35b36,gt_geometry,strict,0.0,0.0,,0,0,9
c9ba785129c35b36,grpo_mass_pc,operational,0.0,0.0,,0,0,13
c9ba785129c35b36,grpo_mass_pc,strict,0.0,0.0,,0,0,0
aac1853286fb586a,score,operational,0.0,0.0,,0,0,16
aac1853286fb586a,score,strict,0.0,0.0,,0,0,16
aac1853286fb586a,pareto,operational,0.0,0.0,,0,0,16
aac1853286fb586a,pareto,strict,0.0,0.0,,0,0,16
aac1853286fb586a,gt_geometry,operational,0.0,0.0,,0,0,13
aac1853286fb586a,gt_geometry,strict,0.0,0.0,,0,0,13
aac1853286fb586a,grpo_mass_pc,operational,0.0,0.0,,0,0,16
aac1853286fb586a,grpo_mass_pc,strict,0.0,0.0,,0,0,0
022fef6d66485384,score,operational,0.0,0.0,,0,0,16
022fef6d66485384,score,strict,0.0,0.0,,0,0,16
022fef6d66485384,pareto,operational,0.0,0.0,,0,0,16
022fef6d66485384,pareto,strict,0.0,0.0,,0,0,16
022fef6d66485384,gt_geometry,operational,0.0,0.0,,0,0,13
022fef6d66485384,gt_geometry,strict,0.0,0.0,,0,0,13
022fef6d66485384,grpo_mass_pc,operational,0.0,0.0,,0,0,16
022fef6d66485384,grpo_mass_pc,strict,0.0,0.0,,0,0,0
51480b09db315e89,score,operational,0.0,0.0,,0,0,16
51480b09db315e89,score,strict,0.0,0.0,,0,0,16
51480b09db315e89,pareto,operational,0.0,0.0,,0,0,16
51480b09db315e89,pareto,strict,0.0,0.0,,0,0,16
51480b09db315e89,gt_geometry,operational,0.0,0.0,,0,0,13
51480b09db315e89,gt_geometry,strict,0.0,0.0,,0,0,13
51480b09db315e89,grpo_mass_pc,operational,0.0,0.0,,0,0,16
51480b09db315e89,grpo_mass_pc,strict,0.0,0.0,,0,0,0
5d3ce016a8a256cf,score,operational,0.0,0.0,,0,0,16
5d3ce016a8a256cf,score,strict,0.0,0.0,,0,0,16
5d3ce016a8a256cf,pareto,operational,0.0,0.0,,0,0,16
5d3ce016a8a256cf,pareto,strict,0.0,0.0,,0,0,16
5d3ce016a8a256cf,gt_geometry,operational,0.0,0.0,,0,0,13
5d3ce016a8a256cf,gt_geometry,strict,0.0,0.0,,0,0,13
5d3ce016a8a256cf,grpo_mass_pc,operational,0.0,0.0,,0,0,16
5d3ce016a8a256cf,grpo_mass_pc,strict,0.0,0.0,,0,0,0
60691b9dd3355992,score,operational,0.0,0.0,,0,0,16
60691b9dd3355992,score,strict,0.0,0.0,,0,0,16
60691b9dd3355992,pareto,operational,0.0,0.0,,0,0,16
60691b9dd3355992,pareto,strict,0.0,0.0,,0,0,16
60691b9dd3355992,gt_geometry,operational,0.0,0.0,,0,0,11
60691b9dd3355992,gt_geometry,strict,0.0,0.0,,0,0,11
60691b9dd3355992,grpo_mass_pc,operational,0.0,0.0,,0,0,16
60691b9dd3355992,grpo_mass_pc,strict,0.0,0.0,,0,0,0
0056ae51961f5a18,score,operational,0.0,0.0,,0,0,16
0056ae51961f5a18,score,strict,0.0,0.0,,0,0,16
0056ae51961f5a18,pareto,operational,0.0,0.0,,0,0,16
0056ae51961f5a18,pareto,strict,0.0,0.0,,0,0,16
0056ae51961f5a18,gt_geometry,operational,0.0,0.0,,0,0,16
0056ae51961f5a18,gt_geometry,strict,0.0,0.0,,0,0,16
0056ae51961f5a18,grpo_mass_pc,operational,0.0,0.0,,0,0,16
0056ae51961f5a18,grpo_mass_pc,strict,0.0,0.0,,0,0,0
80d5ce364722516b,score,operational,0.0,0.0,,0,0,16
80d5ce364722516b,score,strict,0.0,0.0,,0,0,16
80d5ce364722516b,pareto,operational,0.0,0.0,,0,0,16
80d5ce364722516b,pareto,strict,0.0,0.0,,0,0,16
80d5ce364722516b,gt_geometry,operational,0.0,0.0,,0,0,16
80d5ce364722516b,gt_geometry,strict,0.0,0.0,,0,0,16
80d5ce364722516b,grpo_mass_pc,operational,0.0,0.0,,0,0,16
80d5ce364722516b,grpo_mass_pc,strict,0.0,0.0,,0,0,0
f0ff3b146af85463,score,operational,0.0,0.0,,0,0,16
f0ff3b146af85463,score,strict,0.0,0.0,,0,0,16
f0ff3b146af85463,pareto,operational,0.0,0.0,,0,0,16
f0ff3b146af85463,pareto,strict,0.0,0.0,,0,0,16
f0ff3b146af85463,gt_geometry,operational,0.0,0.0,,0,0,14
f0ff3b146af85463,gt_geometry,strict,0.0,0.0,,0,0,14
f0ff3b146af85463,grpo_mass_pc,operational,0.0,0.0,,0,0,16
f0ff3b146af85463,grpo_mass_pc,strict,0.0,0.0,,0,0,0
6f2a7bf7cf275dd3,score,operational,0.0,0.0,,0,0,16
6f2a7bf7cf275dd3,score,strict,0.0,0.0,,0,0,16
6f2a7bf7cf275dd3,pareto,operational,0.0,0.0,,0,0,16
6f2a7bf7cf275dd3,pareto,strict,0.0,0.0,,0,0,16
6f2a7bf7cf275dd3,gt_geometry,operational,0.0,0.0,,0,0,16
6f2a7bf7cf275dd3,gt_geometry,strict,0.0,0.0,,0,0,16
6f2a7bf7cf275dd3,grpo_mass_pc,operational,0.0,0.0,,0,0,16
6f2a7bf7cf275dd3,grpo_mass_pc,strict,0.0,0.0,,0,0,0
1090fdb8b57850f6,score,operational,0.0,0.0,,0,0,16
1090fdb8b57850f6,score,strict,0.0,0.0,,0,0,16
1090fdb8b57850f6,pareto,operational,0.0,0.0,,0,0,16
1090fdb8b57850f6,pareto,strict,0.0,0.0,,0,0,16
1090fdb8b57850f6,gt_geometry,operational,0.0,0.0,,0,0,9
1090fdb8b57850f6,gt_geometry,strict,0.0,0.0,,0,0,9
1090fdb8b57850f6,grpo_mass_pc,operational,0.0,0.0,,0,0,16
1090fdb8b57850f6,grpo_mass_pc,strict,0.0,0.0,,0,0,0
a3fa79234a9d5d7d,score,operational,0.0,0.0,,0,0,16
a3fa79234a9d5d7d,score,strict,0.0,0.0,,0,0,16
a3fa79234a9d5d7d,pareto,operational,0.0,0.0,,0,0,16
a3fa79234a9d5d7d,pareto,strict,0.0,0.0,,0,0,16
a3fa79234a9d5d7d,gt_geometry,operational,0.0,0.0,,0,0,16
a3fa79234a9d5d7d,gt_geometry,strict,0.0,0.0,,0,0,16
a3fa79234a9d5d7d,grpo_mass_pc,operational,0.0,0.0,,0,0,16
a3fa79234a9d5d7d,grpo_mass_pc,strict,0.0,0.0,,0,0,0
36c6cbf6c8a25415,score,operational,0.0,0.0,,0,0,16
36c6cbf6c8a25415,score,strict,0.0,0.0,,0,0,16
36c6cbf6c8a25415,pareto,operational,0.0,0.0,,0,0,16
36c6cbf6c8a25415,pareto,strict,0.0,0.0,,0,0,16
36c6cbf6c8a25415,gt_geometry,operational,0.0,0.0,,0,0,13
36c6cbf6c8a25415,gt_geometry,strict,0.0,0.0,,0,0,13
36c6cbf6c8a25415,grpo_mass_pc,operational,0.0,0.0,,0,0,16
36c6cbf6c8a25415,grpo_mass_pc,strict,0.0,0.0,,0,0,0
8fe647ed2b7a5aee,score,operational,0.0,0.0,,0,0,16
8fe647ed2b7a5aee,score,strict,0.0,0.0,,0,0,16
8fe647ed2b7a5aee,pareto,operational,0.0,0.0,,0,0,16
8fe647ed2b7a5aee,pareto,strict,0.0,0.0,,0,0,16
8fe647ed2b7a5aee,gt_geometry,operational,0.0,0.0,,0,0,16
8fe647ed2b7a5aee,gt_geometry,strict,0.0,0.0,,0,0,16
8fe647ed2b7a5aee,grpo_mass_pc,operational,0.0,0.0,,0,0,16
8fe647ed2b7a5aee,grpo_mass_pc,strict,0.0,0.0,,0,0,0
5abdbfe1845e59c5,score,operational,0.0,0.0,,0,0,13
5abdbfe1845e59c5,score,strict,0.0,0.0,,0,0,13
5abdbfe1845e59c5,pareto,operational,0.0,0.0,,0,0,15
5abdbfe1845e59c5,pareto,strict,0.0,0.0,,0,0,15
5abdbfe1845e59c5,gt_geometry,operational,0.0,0.0,,0,0,9
5abdbfe1845e59c5,gt_geometry,strict,0.0,0.0,,0,0,9
5abdbfe1845e59c5,grpo_mass_pc,operational,0.0,0.0,,0,0,13
5abdbfe1845e59c5,grpo_mass_pc,strict,0.0,0.0,,0,0,0
4af11dadd34359fe,score,operational,0.0,0.0,,0,0,16
4af11dadd34359fe,score,strict,0.0,0.0,,0,0,16
4af11dadd34359fe,pareto,operational,0.0,0.0,,0,0,16
4af11dadd34359fe,pareto,strict,0.0,0.0,,0,0,16
4af11dadd34359fe,gt_geometry,operational,0.0,0.0,,0,0,16
4af11dadd34359fe,gt_geometry,strict,0.0,0.0,,0,0,16
4af11dadd34359fe,grpo_mass_pc,operational,0.0,0.0,,0,0,16
4af11dadd34359fe,grpo_mass_pc,strict,0.0,0.0,,0,0,0
ad25b37aaad95a6b,score,operational,0.0,0.0,,0,0,16
ad25b37aaad95a6b,score,strict,0.0,0.0,,0,0,16
ad25b37aaad95a6b,pareto,operational,0.0,0.0,,0,0,16
ad25b37aaad95a6b,pareto,strict,0.0,0.0,,0,0,16
ad25b37aaad95a6b,gt_geometry,operational,0.0,0.0,,0,0,12
ad25b37aaad95a6b,gt_geometry,strict,0.0,0.0,,0,0,12
ad25b37aaad95a6b,grpo_mass_pc,operational,0.0,0.0,,0,0,16
ad25b37aaad95a6b,grpo_mass_pc,strict,0.0,0.0,,0,0,0
d5201097ad6e5d67,score,operational,0.0,0.0,,0,0,16
d5201097ad6e5d67,score,strict,0.0,0.0,,0,0,16
d5201097ad6e5d67,pareto,operational,0.0,0.0,,0,0,16
d5201097ad6e5d67,pareto,strict,0.0,0.0,,0,0,16
d5201097ad6e5d67,gt_geometry,operational,0.0,0.0,,0,0,12
d5201097ad6e5d67,gt_geometry,strict,0.0,0.0,,0,0,12
d5201097ad6e5d67,grpo_mass_pc,operational,0.0,0.0,,0,0,16
d5201097ad6e5d67,grpo_mass_pc,strict,0.0,0.0,,0,0,0
f96a48c3bcd45c50,score,operational,0.0,0.0,,0,0,16
f96a48c3bcd45c50,score,strict,0.0,0.0,,0,0,16
f96a48c3bcd45c50,pareto,operational,0.0,0.0,,0,0,16
f96a48c3bcd45c50,pareto,strict,0.0,0.0,,0,0,16
f96a48c3bcd45c50,gt_geometry,operational,0.0009765625,0.0009765625,,0,0,13
f96a48c3bcd45c50,gt_geometry,strict,0.0009765625,0.0009765625,,0,0,13
f96a48c3bcd45c50,grpo_mass_pc,operational,0.0,0.0,,0,0,16
f96a48c3bcd45c50,grpo_mass_pc,strict,0.0,0.0,,0,0,0
3f36d5316f0d5a94,score,operational,0.0,0.0,,0,0,16
3f36d5316f0d5a94,score,strict,0.0,0.0,,0,0,16
3f36d5316f0d5a94,pareto,operational,0.0,0.0,,0,0,16
3f36d5316f0d5a94,pareto,strict,0.0,0.0,,0,0,16
3f36d5316f0d5a94,gt_geometry,operational,0.0,0.0,,0,0,16
3f36d5316f0d5a94,gt_geometry,strict,0.0,0.0,,0,0,16
3f36d5316f0d5a94,grpo_mass_pc,operational,0.0,0.0,,0,0,16
3f36d5316f0d5a94,grpo_mass_pc,strict,0.0,0.0,,0,0,0
b6bba53a1bef520e,score,operational,0.0,0.0,,0,0,14
b6bba53a1bef520e,score,strict,0.0,0.0,,0,0,14
b6bba53a1bef520e,pareto,operational,0.0,0.0,,0,0,14
b6bba53a1bef520e,pareto,strict,0.0,0.0,,0,0,14
b6bba53a1bef520e,gt_geometry,operational,0.0,0.0,,0,0,10
b6bba53a1bef520e,gt_geometry,strict,0.0,0.0,,0,0,10
b6bba53a1bef520e,grpo_mass_pc,operational,0.0,0.0,,0,0,14
b6bba53a1bef520e,grpo_mass_pc,strict,0.0,0.0,,0,0,0
7b840b044a6a5e8d,score,operational,0.0,0.0,,0,0,15
7b840b044a6a5e8d,score,strict,0.0,0.0,,0,0,15
7b840b044a6a5e8d,pareto,operational,0.0,0.0,,0,0,15
7b840b044a6a5e8d,pareto,strict,0.0,0.0,,0,0,15
7b840b044a6a5e8d,gt_geometry,operational,0.0,0.0,,0,0,13
7b840b044a6a5e8d,gt_geometry,strict,0.0,0.0,,0,0,13
7b840b044a6a5e8d,grpo_mass_pc,operational,0.0,0.0,,0,0,15
7b840b044a6a5e8d,grpo_mass_pc,strict,0.0,0.0,,0,0,0
22a09b0100175b62,score,operational,0.0,0.0,,0,0,16
22a09b0100175b62,score,strict,0.0,0.0,,0,0,16
22a09b0100175b62,pareto,operational,0.0,0.0,,0,0,16
22a09b0100175b62,pareto,strict,0.0,0.0,,0,0,16
22a09b0100175b62,gt_geometry,operational,0.0,0.0,,0,0,16
22a09b0100175b62,gt_geometry,strict,0.0,0.0,,0,0,16
22a09b0100175b62,grpo_mass_pc,operational,0.0,0.0,,0,0,16
22a09b0100175b62,grpo_mass_pc,strict,0.0,0.0,,0,0,0
39fd3f2e5f005306,score,operational,0.0,0.0,,0,0,16
39fd3f2e5f005306,score,strict,0.0,0.0,,0,0,16
39fd3f2e5f005306,pareto,operational,0.0,0.0,,0,0,16
39fd3f2e5f005306,pareto,strict,0.0,0.0,,0,0,16
39fd3f2e5f005306,gt_geometry,operational,0.0,0.0,,0,0,16
39fd3f2e5f005306,gt_geometry,strict,0.0,0.0,,0,0,16
39fd3f2e5f005306,grpo_mass_pc,operational,0.0,0.0,,0,0,16
39fd3f2e5f005306,grpo_mass_pc,strict,0.0,0.0,,0,0,0
497e7be0400158a9,score,operational,0.0,0.0,,0,0,14
497e7be0400158a9,score,strict,0.0,0.0,,0,0,14
497e7be0400158a9,pareto,operational,0.0,0.0,,0,0,14
497e7be0400158a9,pareto,strict,0.0,0.0,,0,0,14
497e7be0400158a9,gt_geometry,operational,0.0,0.0,,0,0,11
497e7be0400158a9,gt_geometry,strict,0.0,0.0,,0,0,11
497e7be0400158a9,grpo_mass_pc,operational,0.0,0.0,,0,0,14
497e7be0400158a9,grpo_mass_pc,strict,0.0,0.0,,0,0,0
6a53dd2411825857,score,operational,0.0,0.0,,0,0,16
6a53dd2411825857,score,strict,0.0,0.0,,0,0,16
6a53dd2411825857,pareto,operational,0.0,0.0,,0,0,16
6a53dd2411825857,pareto,strict,0.0,0.0,,0,0,16
6a53dd2411825857,gt_geometry,operational,0.0,0.0,,0,0,13
6a53dd2411825857,gt_geometry,strict,0.0,0.0,,0,0,13
6a53dd2411825857,grpo_mass_pc,operational,0.0,0.0,,0,0,16
6a53dd2411825857,grpo_mass_pc,strict,0.0,0.0,,0,0,0
fb9dcf5b46d65616,score,operational,0.0,0.0,,0,0,16
fb9dcf5b46d65616,score,strict,0.0,0.0,,0,0,16
fb9dcf5b46d65616,pareto,operational,0.0,0.0,,0,0,16
fb9dcf5b46d65616,pareto,strict,0.0,0.0,,0,0,16
fb9dcf5b46d65616,gt_geometry,operational,0.0,0.0,,0,0,11
fb9dcf5b46d65616,gt_geometry,strict,0.0,0.0,,0,0,11
fb9dcf5b46d65616,grpo_mass_pc,operational,0.0,0.0,,0,0,16
fb9dcf5b46d65616,grpo_mass_pc,strict,0.0,0.0,,0,0,0
39fe00229f7b5ac4,score,operational,0.0,0.0,,0,0,16
39fe00229f7b5ac4,score,strict,0.0,0.0,,0,0,16
39fe00229f7b5ac4,pareto,operational,0.0,0.0,,0,0,16
39fe00229f7b5ac4,pareto,strict,0.0,0.0,,0,0,16
39fe00229f7b5ac4,gt_geometry,operational,0.0,0.0,,0,0,11
39fe00229f7b5ac4,gt_geometry,strict,0.0,0.0,,0,0,11
39fe00229f7b5ac4,grpo_mass_pc,operational,0.0,0.0,,0,0,16
39fe00229f7b5ac4,grpo_mass_pc,strict,0.0,0.0,,0,0,0
63dcb963cece5b7d,score,operational,0.0,0.0,,0,0,16
63dcb963cece5b7d,score,strict,0.0,0.0,,0,0,16
63dcb963cece5b7d,pareto,operational,0.0,0.0,,0,0,16
63dcb963cece5b7d,pareto,strict,0.0,0.0,,0,0,16
63dcb963cece5b7d,gt_geometry,operational,0.0,0.0,,0,0,11
63dcb963cece5b7d,gt_geometry,strict,0.0,0.0,,0,0,11
63dcb963cece5b7d,grpo_mass_pc,operational,0.0,0.0,,0,0,16
63dcb963cece5b7d,grpo_mass_pc,strict,0.0,0.0,,0,0,0
88f9b4f87b6b5bd5,score,operational,0.0,0.0,,0,0,16
88f9b4f87b6b5bd5,score,strict,0.0,0.0,,0,0,16
88f9b4f87b6b5bd5,pareto,operational,0.0,0.0,,0,0,16
88f9b4f87b6b5bd5,pareto,strict,0.0,0.0,,0,0,16
88f9b4f87b6b5bd5,gt_geometry,operational,0.0,0.0,,0,0,13
88f9b4f87b6b5bd5,gt_geometry,strict,0.0,0.0,,0,0,13
88f9b4f87b6b5bd5,grpo_mass_pc,operational,0.0,0.0,,0,0,16
88f9b4f87b6b5bd5,grpo_mass_pc,strict,0.0,0.0,,0,0,0
90f5bf5743cf5df0,score,operational,0.0,0.0,,0,0,15
90f5bf5743cf5df0,score,strict,0.0,0.0,,0,0,15
90f5bf5743cf5df0,pareto,operational,0.0,0.0,,0,0,15
90f5bf5743cf5df0,pareto,strict,0.0,0.0,,0,0,15
90f5bf5743cf5df0,gt_geometry,operational,0.0009765625,0.0,,0,0,10
90f5bf5743cf5df0,gt_geometry,strict,0.0009765625,0.0,,0,0,10
90f5bf5743cf5df0,grpo_mass_pc,operational,0.0,0.0,,0,0,15
90f5bf5743cf5df0,grpo_mass_pc,strict,0.0,0.0,,0,0,0
52caccf1b3b95e4e,score,operational,0.0,0.0,,0,0,16
52caccf1b3b95e4e,score,strict,0.0,0.0,,0,0,16
52caccf1b3b95e4e,pareto,operational,0.0,0.0,,0,0,16
52caccf1b3b95e4e,pareto,strict,0.0,0.0,,0,0,16
52caccf1b3b95e4e,gt_geometry,operational,0.0,0.0,,0,0,11
52caccf1b3b95e4e,gt_geometry,strict,0.0,0.0,,0,0,11
52caccf1b3b95e4e,grpo_mass_pc,operational,0.0,0.0,,0,0,16
52caccf1b3b95e4e,grpo_mass_pc,strict,0.0,0.0,,0,0,0
1b064a029c0e513a,score,operational,0.0,0.0,,0,0,14
1b064a029c0e513a,score,strict,0.0,0.0,,0,0,14
1b064a029c0e513a,pareto,operational,0.0,0.0,,0,0,14
1b064a029c0e513a,pareto,strict,0.0,0.0,,0,0,14
1b064a029c0e513a,gt_geometry,operational,0.0,0.0,,0,0,10
1b064a029c0e513a,gt_geometry,strict,0.0,0.0,,0,0,10
1b064a029c0e513a,grpo_mass_pc,operational,0.0,0.0,,0,0,14
1b064a029c0e513a,grpo_mass_pc,strict,0.0,0.0,,0,0,0
50790f7ba9405c67,score,operational,0.0,0.0,,0,0,16
50790f7ba9405c67,score,strict,0.0,0.0,,0,0,16
50790f7ba9405c67,pareto,operational,0.0,0.0,,0,0,16
50790f7ba9405c67,pareto,strict,0.0,0.0,,0,0,16
50790f7ba9405c67,gt_geometry,operational,0.0,0.0,,0,0,16
50790f7ba9405c67,gt_geometry,strict,0.0,0.0,,0,0,16
50790f7ba9405c67,grpo_mass_pc,operational,0.0,0.0,,0,0,16
50790f7ba9405c67,grpo_mass_pc,strict,0.0,0.0,,0,0,0
0bc3c50e1292529c,score,operational,0.0,0.0,,0,0,16
0bc3c50e1292529c,score,strict,0.0,0.0,,0,0,16
0bc3c50e1292529c,pareto,operational,0.0,0.0,,0,0,16
0bc3c50e1292529c,pareto,strict,0.0,0.0,,0,0,16
0bc3c50e1292529c,gt_geometry,operational,0.0,0.0,,0,0,16
0bc3c50e1292529c,gt_geometry,strict,0.0,0.0,,0,0,16
0bc3c50e1292529c,grpo_mass_pc,operational,0.0,0.0,,0,0,16
0bc3c50e1292529c,grpo_mass_pc,strict,0.0,0.0,,0,0,0
ad906e8bb5375747,score,operational,0.0,0.0,,0,0,16
ad906e8bb5375747,score,strict,0.0,0.0,,0,0,16
ad906e8bb5375747,pareto,operational,0.0,0.0,,0,0,16
ad906e8bb5375747,pareto,strict,0.0,0.0,,0,0,16
ad906e8bb5375747,gt_geometry,operational,0.0,0.0,,0,0,11
ad906e8bb5375747,gt_geometry,strict,0.0,0.0,,0,0,11
ad906e8bb5375747,grpo_mass_pc,operational,0.0,0.0,,0,0,16
ad906e8bb5375747,grpo_mass_pc,strict,0.0,0.0,,0,0,0
0a76d212e8fe5898,score,operational,0.0,0.0,,0,0,16
0a76d212e8fe5898,score,strict,0.0,0.0,,0,0,16
0a76d212e8fe5898,pareto,operational,0.0,0.0,,0,0,16
0a76d212e8fe5898,pareto,strict,0.0,0.0,,0,0,16
0a76d212e8fe5898,gt_geometry,operational,0.0,0.0,,0,0,10
0a76d212e8fe5898,gt_geometry,strict,0.0,0.0,,0,0,10
0a76d212e8fe5898,grpo_mass_pc,operational,0.0,0.0,,0,0,16
0a76d212e8fe5898,grpo_mass_pc,strict,0.0,0.0,,0,0,0
77d96cb44005501c,score,operational,0.0,0.0,,0,0,16
77d96cb44005501c,score,strict,0.0,0.0,,0,0,16
77d96cb44005501c,pareto,operational,0.0,0.0,,0,0,16
77d96cb44005501c,pareto,strict,0.0,0.0,,0,0,16
77d96cb44005501c,gt_geometry,operational,0.0,0.0,,0,0,13
77d96cb44005501c,gt_geometry,strict,0.0,0.0,,0,0,13
77d96cb44005501c,grpo_mass_pc,operational,0.0,0.0,,0,0,16
77d96cb44005501c,grpo_mass_pc,strict,0.0,0.0,,0,0,0
12ed1a1d4ae657d1,score,operational,0.0,0.0,,0,0,12
12ed1a1d4ae657d1,score,strict,0.0,0.0,,0,0,12
12ed1a1d4ae657d1,pareto,operational,0.0,0.0,,0,0,12
12ed1a1d4ae657d1,pareto,strict,0.0,0.0,,0,0,12
12ed1a1d4ae657d1,gt_geometry,operational,0.0,0.0,,0,0,10
12ed1a1d4ae657d1,gt_geometry,strict,0.0,0.0,,0,0,10
12ed1a1d4ae657d1,grpo_mass_pc,operational,0.0,0.0,,0,0,12
12ed1a1d4ae657d1,grpo_mass_pc,strict,0.0,0.0,,0,0,0
a3e94bd829b75673,score,operational,0.0,0.0,,0,0,15
a3e94bd829b75673,score,strict,0.0,0.0,,0,0,15
a3e94bd829b75673,pareto,operational,0.0,0.0,,0,0,15
a3e94bd829b75673,pareto,strict,0.0,0.0,,0,0,15
a3e94bd829b75673,gt_geometry,operational,0.0,0.0,,0,0,12
a3e94bd829b75673,gt_geometry,strict,0.0,0.0,,0,0,12
a3e94bd829b75673,grpo_mass_pc,operational,0.0,0.0,,0,0,15
a3e94bd829b75673,grpo_mass_pc,strict,0.0,0.0,,0,0,0
d7d94b48775a52d4,score,operational,0.0,0.0,,0,0,16
d7d94b48775a52d4,score,strict,0.0,0.0,,0,0,16
d7d94b48775a52d4,pareto,operational,0.0,0.0,,0,0,16
d7d94b48775a52d4,pareto,strict,0.0,0.0,,0,0,16
d7d94b48775a52d4,gt_geometry,operational,0.0009765625,0.0009765625,,0,0,16
d7d94b48775a52d4,gt_geometry,strict,0.0009765625,0.0009765625,,0,0,16
d7d94b48775a52d4,grpo_mass_pc,operational,0.0,0.0,,0,0,16
d7d94b48775a52d4,grpo_mass_pc,strict,0.0,0.0,,0,0,0
7640be138ae05408,score,operational,0.0,0.0,,0,0,16
7640be138ae05408,score,strict,0.0,0.0,,0,0,16
7640be138ae05408,pareto,operational,0.0,0.0,,0,0,16
7640be138ae05408,pareto,strict,0.0,0.0,,0,0,16
7640be138ae05408,gt_geometry,operational,0.0,0.0,,0,0,16
7640be138ae05408,gt_geometry,strict,0.0,0.0,,0,0,16
7640be138ae05408,grpo_mass_pc,operational,0.0,0.0,,0,0,16
7640be138ae05408,grpo_mass_pc,strict,0.0,0.0,,0,0,0
f82c33508e915106,score,operational,0.0,0.0,,0,0,16
f82c33508e915106,score,strict,0.0,0.0,,0,0,16
f82c33508e915106,pareto,operational,0.0,0.0,,0,0,16
f82c33508e915106,pareto,strict,0.0,0.0,,0,0,16
f82c33508e915106,gt_geometry,operational,0.0,0.0,,0,0,16
f82c33508e915106,gt_geometry,strict,0.0,0.0,,0,0,16
f82c33508e915106,grpo_mass_pc,operational,0.0,0.0,,0,0,16
f82c33508e915106,grpo_mass_pc,strict,0.0,0.0,,0,0,0
3138ce4847ee5007,score,operational,0.0,0.0,,0,0,16
3138ce4847ee5007,score,strict,0.0,0.0,,0,0,16
3138ce4847ee5007,pareto,operational,0.0,0.0,,0,0,16
3138ce4847ee5007,pareto,strict,0.0,0.0,,0,0,16
3138ce4847ee5007,gt_geometry,operational,0.0,0.0,,0,0,14
3138ce4847ee5007,gt_geometry,strict,0.0,0.0,,0,0,14
3138ce4847ee5007,grpo_mass_pc,operational,0.0,0.0,,0,0,16
3138ce4847ee5007,grpo_mass_pc,strict,0.0,0.0,,0,0,0
25822d3d04305af8,score,operational,0.0,0.0,,0,0,16
25822d3d04305af8,score,strict,0.0,0.0,,0,0,16
25822d3d04305af8,pareto,operational,0.0,0.0,,0,0,16
25822d3d04305af8,pareto,strict,0.0,0.0,,0,0,16
25822d3d04305af8,gt_geometry,operational,0.0,0.0,,0,0,16
25822d3d04305af8,gt_geometry,strict,0.0,0.0,,0,0,16
25822d3d04305af8,grpo_mass_pc,operational,0.0,0.0,,0,0,16
25822d3d04305af8,grpo_mass_pc,strict,0.0,0.0,,0,0,0
ba642ba3c9a65fe7,score,operational,0.0,0.0,,0,0,16
ba642ba3c9a65fe7,score,strict,0.0,0.0,,0,0,16
ba642ba3c9a65fe7,pareto,operational,0.0,0.0,,0,0,16
ba642ba3c9a65fe7,pareto,strict,0.0,0.0,,0,0,16
ba642ba3c9a65fe7,gt_geometry,operational,0.0,0.0,,0,0,9
ba642ba3c9a65fe7,gt_geometry,strict,0.0,0.0,,0,0,9
ba642ba3c9a65fe7,grpo_mass_pc,operational,0.0,0.0,,0,0,16
ba642ba3c9a65fe7,grpo_mass_pc,strict,0.0,0.0,,0,0,0
e34f51206f0e53db,score,operational,0.0,0.0,,0,0,15
e34f51206f0e53db,score,strict,0.0,0.0,,0,0,15
e34f51206f0e53db,pareto,operational,0.0,0.0,,0,0,15
e34f51206f0e53db,pareto,strict,0.0,0.0,,0,0,15
e34f51206f0e53db,gt_geometry,operational,0.0,0.0,,0,0,14
e34f51206f0e53db,gt_geometry,strict,0.0,0.0,,0,0,14
e34f51206f0e53db,grpo_mass_pc,operational,0.0,0.0,,0,0,15
e34f51206f0e53db,grpo_mass_pc,strict,0.0,0.0,,0,0,0
5da31ca5ce165787,score,operational,0.0,0.0,,0,0,16
5da31ca5ce165787,score,strict,0.0,0.0,,0,0,16
5da31ca5ce165787,pareto,operational,0.0,0.0,,0,0,16
5da31ca5ce165787,pareto,strict,0.0,0.0,,0,0,16
5da31ca5ce165787,gt_geometry,operational,0.0,0.0,,0,0,16
5da31ca5ce165787,gt_geometry,strict,0.0,0.0,,0,0,16
5da31ca5ce165787,grpo_mass_pc,operational,0.0,0.0,,0,0,16
5da31ca5ce165787,grpo_mass_pc,strict,0.0,0.0,,0,0,0
9a90853892925989,score,operational,0.0,0.0,,0,0,16
9a90853892925989,score,strict,0.0,0.0,,0,0,16
9a90853892925989,pareto,operational,0.0,0.0,,0,0,16
9a90853892925989,pareto,strict,0.0,0.0,,0,0,16
9a90853892925989,gt_geometry,operational,0.0,0.0,,0,0,16
9a90853892925989,gt_geometry,strict,0.0,0.0,,0,0,16
9a90853892925989,grpo_mass_pc,operational,0.0,0.0,,0,0,16
9a90853892925989,grpo_mass_pc,strict,0.0,0.0,,0,0,0
09c3d9dbca6455e5,score,operational,0.0,0.0,,0,0,16
09c3d9dbca6455e5,score,strict,0.0,0.0,,0,0,16
09c3d9dbca6455e5,pareto,operational,0.0,0.0,,0,0,16
09c3d9dbca6455e5,pareto,strict,0.0,0.0,,0,0,16
09c3d9dbca6455e5,gt_geometry,operational,0.0,0.0,,0,0,16
09c3d9dbca6455e5,gt_geometry,strict,0.0,0.0,,0,0,16
09c3d9dbca6455e5,grpo_mass_pc,operational,0.0,0.0,,0,0,16
09c3d9dbca6455e5,grpo_mass_pc,strict,0.0,0.0,,0,0,0
42231e5449d3576a,score,operational,0.0,0.0,,0,0,16
42231e5449d3576a,score,strict,0.0,0.0,,0,0,16
42231e5449d3576a,pareto,operational,0.0,0.0,,0,0,16
42231e5449d3576a,pareto,strict,0.0,0.0,,0,0,16
42231e5449d3576a,gt_geometry,operational,0.0,0.0,,0,0,16
42231e5449d3576a,gt_geometry,strict,0.0,0.0,,0,0,16
42231e5449d3576a,grpo_mass_pc,operational,0.0,0.0,,0,0,16
42231e5449d3576a,grpo_mass_pc,strict,0.0,0.0,,0,0,0
bf78c475adfb5eb1,score,operational,0.0,0.0,,0,0,16
bf78c475adfb5eb1,score,strict,0.0,0.0,,0,0,16
bf78c475adfb5eb1,pareto,operational,0.0,0.0,,0,0,16
bf78c475adfb5eb1,pareto,strict,0.0,0.0,,0,0,16
bf78c475adfb5eb1,gt_geometry,operational,0.0,0.0,,0,0,16
bf78c475adfb5eb1,gt_geometry,strict,0.0,0.0,,0,0,16
bf78c475adfb5eb1,grpo_mass_pc,operational,0.0,0.0,,0,0,16
bf78c475adfb5eb1,grpo_mass_pc,strict,0.0,0.0,,0,0,0
2fbab9ffc3fe5a5d,score,operational,0.0,0.0,,0,0,16
2fbab9ffc3fe5a5d,score,strict,0.0,0.0,,0,0,16
2fbab9ffc3fe5a5d,pareto,operational,0.0,0.0,,0,0,16
2fbab9ffc3fe5a5d,pareto,strict,0.0,0.0,,0,0,16
2fbab9ffc3fe5a5d,gt_geometry,operational,0.0,0.0,,0,0,16
2fbab9ffc3fe5a5d,gt_geometry,strict,0.0,0.0,,0,0,16
2fbab9ffc3fe5a5d,grpo_mass_pc,operational,0.0,0.0,,0,0,16
2fbab9ffc3fe5a5d,grpo_mass_pc,strict,0.0,0.0,,0,0,0
7fe6e7ce9cb7559d,score,operational,0.0,0.0,,0,0,16
7fe6e7ce9cb7559d,score,strict,0.0,0.0,,0,0,16
7fe6e7ce9cb7559d,pareto,operational,0.0,0.0,,0,0,16
7fe6e7ce9cb7559d,pareto,strict,0.0,0.0,,0,0,16
7fe6e7ce9cb7559d,gt_geometry,operational,0.0,0.0,,0,0,16
7fe6e7ce9cb7559d,gt_geometry,strict,0.0,0.0,,0,0,16
7fe6e7ce9cb7559d,grpo_mass_pc,operational,0.0,0.0,,0,0,16
7fe6e7ce9cb7559d,grpo_mass_pc,strict,0.0,0.0,,0,0,0
ebb4d3e033ae55e2,score,operational,0.0,0.0,,0,0,15
ebb4d3e033ae55e2,score,strict,0.0,0.0,,0,0,15
ebb4d3e033ae55e2,pareto,operational,0.0,0.0,,0,0,15
ebb4d3e033ae55e2,pareto,strict,0.0,0.0,,0,0,15
ebb4d3e033ae55e2,gt_geometry,operational,0.0,0.0,,0,0,16
ebb4d3e033ae55e2,gt_geometry,strict,0.0,0.0,,0,0,16
ebb4d3e033ae55e2,grpo_mass_pc,operational,0.0,0.0,,0,0,15
ebb4d3e033ae55e2,grpo_mass_pc,strict,0.0,0.0,,0,0,0
f1d60841a46d53a5,score,operational,0.0,0.0,,0,0,16
f1d60841a46d53a5,score,strict,0.0,0.0,,0,0,16
f1d60841a46d53a5,pareto,operational,0.0,0.0,,0,0,16
f1d60841a46d53a5,pareto,strict,0.0,0.0,,0,0,16
f1d60841a46d53a5,gt_geometry,operational,0.0,0.0,,0,0,15
f1d60841a46d53a5,gt_geometry,strict,0.0,0.0,,0,0,15
f1d60841a46d53a5,grpo_mass_pc,operational,0.0,0.0,,0,0,16
f1d60841a46d53a5,grpo_mass_pc,strict,0.0,0.0,,0,0,0
8419b5d5eab75027,score,operational,0.0,0.0,,0,0,12
8419b5d5eab75027,score,strict,0.0,0.0,,0,0,12
8419b5d5eab75027,pareto,operational,0.0,0.0,,0,0,12
8419b5d5eab75027,pareto,strict,0.0,0.0,,0,0,12
8419b5d5eab75027,gt_geometry,operational,0.0,0.0,,0,0,12
8419b5d5eab75027,gt_geometry,strict,0.0,0.0,,0,0,12
8419b5d5eab75027,grpo_mass_pc,operational,0.0,0.0,,0,0,12
8419b5d5eab75027,grpo_mass_pc,strict,0.0,0.0,,0,0,0
9c16cb6c4f94521c,score,operational,0.0,0.0,,0,0,16
9c16cb6c4f94521c,score,strict,0.0,0.0,,0,0,16
9c16cb6c4f94521c,pareto,operational,0.0,0.0,,0,0,16
9c16cb6c4f94521c,pareto,strict,0.0,0.0,,0,0,16
9c16cb6c4f94521c,gt_geometry,operational,0.0,0.0,,0,0,12
9c16cb6c4f94521c,gt_geometry,strict,0.0,0.0,,0,0,12
9c16cb6c4f94521c,grpo_mass_pc,operational,0.0,0.0,,0,0,16
9c16cb6c4f94521c,grpo_mass_pc,strict,0.0,0.0,,0,0,0
35e2f788f41851c0,score,operational,0.0,0.0,,0,0,16
35e2f788f41851c0,score,strict,0.0,0.0,,0,0,16
35e2f788f41851c0,pareto,operational,0.0,0.0,,0,0,16
35e2f788f41851c0,pareto,strict,0.0,0.0,,0,0,16
35e2f788f41851c0,gt_geometry,operational,0.0,0.0,,0,0,12
35e2f788f41851c0,gt_geometry,strict,0.0,0.0,,0,0,12
35e2f788f41851c0,grpo_mass_pc,operational,0.0,0.0,,0,0,16
35e2f788f41851c0,grpo_mass_pc,strict,0.0,0.0,,0,0,0
54d3068f889b58ee,score,operational,0.0,0.0,,0,0,14
54d3068f889b58ee,score,strict,0.0,0.0,,0,0,14
54d3068f889b58ee,pareto,operational,0.0,0.0,,0,0,15
54d3068f889b58ee,pareto,strict,0.0,0.0,,0,0,15
54d3068f889b58ee,gt_geometry,operational,0.0,0.0,,0,0,13
54d3068f889b58ee,gt_geometry,strict,0.0,0.0,,0,0,13
54d3068f889b58ee,grpo_mass_pc,operational,0.0,0.0,,0,0,14
54d3068f889b58ee,grpo_mass_pc,strict,0.0,0.0,,0,0,0
e1ee982450c85213,score,operational,0.0,0.0,,0,0,16
e1ee982450c85213,score,strict,0.0,0.0,,0,0,16
e1ee982450c85213,pareto,operational,0.0,0.0,,0,0,16
e1ee982450c85213,pareto,strict,0.0,0.0,,0,0,16
e1ee982450c85213,gt_geometry,operational,0.0,0.0,,0,0,14
e1ee982450c85213,gt_geometry,strict,0.0,0.0,,0,0,14
e1ee982450c85213,grpo_mass_pc,operational,0.0,0.0,,0,0,16
e1ee982450c85213,grpo_mass_pc,strict,0.0,0.0,,0,0,0
4a8b4dff75c15a8a,score,operational,0.0,0.0,,0,0,16
4a8b4dff75c15a8a,score,strict,0.0,0.0,,0,0,16
4a8b4dff75c15a8a,pareto,operational,0.0,0.0,,0,0,16
4a8b4dff75c15a8a,pareto,strict,0.0,0.0,,0,0,16
4a8b4dff75c15a8a,gt_geometry,operational,0.0,0.0,,0,0,16
4a8b4dff75c15a8a,gt_geometry,strict,0.0,0.0,,0,0,16
4a8b4dff75c15a8a,grpo_mass_pc,operational,0.0,0.0,,0,0,16
4a8b4dff75c15a8a,grpo_mass_pc,strict,0.0,0.0,,0,0,0
1819e1b106b354ad,score,operational,0.0,0.0,,0,0,16
1819e1b106b354ad,score,strict,0.0,0.0,,0,0,16
1819e1b106b354ad,pareto,operational,0.0,0.0,,0,0,16
1819e1b106b354ad,pareto,strict,0.0,0.0,,0,0,16
1819e1b106b354ad,gt_geometry,operational,0.0,0.0,,0,0,13
1819e1b106b354ad,gt_geometry,strict,0.0,0.0,,0,0,13
1819e1b106b354ad,grpo_mass_pc,operational,0.0,0.0,,0,0,16
1819e1b106b354ad,grpo_mass_pc,strict,0.0,0.0,,0,0,0
4ecdbea836725622,score,operational,0.0,0.0,,0,0,16
4ecdbea836725622,score,strict,0.0,0.0,,0,0,16
4ecdbea836725622,pareto,operational,0.0,0.0,,0,0,16
4ecdbea836725622,pareto,strict,0.0,0.0,,0,0,16
4ecdbea836725622,gt_geometry,operational,0.0,0.0,,0,0,11
4ecdbea836725622,gt_geometry,strict,0.0,0.0,,0,0,11
4ecdbea836725622,grpo_mass_pc,operational,0.0,0.0,,0,0,16
4ecdbea836725622,grpo_mass_pc,strict,0.0,0.0,,0,0,0
b9bcc9d0efaf5c7e,score,operational,0.0,0.0,,0,0,16
b9bcc9d0efaf5c7e,score,strict,0.0,0.0,,0,0,16
b9bcc9d0efaf5c7e,pareto,operational,0.0,0.0,,0,0,16
b9bcc9d0efaf5c7e,pareto,strict,0.0,0.0,,0,0,16
b9bcc9d0efaf5c7e,gt_geometry,operational,0.0,0.0,,0,0,16
b9bcc9d0efaf5c7e,gt_geometry,strict,0.0,0.0,,0,0,16
b9bcc9d0efaf5c7e,grpo_mass_pc,operational,0.0,0.0,,0,0,16
b9bcc9d0efaf5c7e,grpo_mass_pc,strict,0.0,0.0,,0,0,0
253b856b49ef52d2,score,operational,0.0,0.0,,0,0,14
253b856b49ef52d2,score,strict,0.0,0.0,,0,0,14
253b856b49ef52d2,pareto,operational,0.0,0.0,,0,0,14
253b856b49ef52d2,pareto,strict,0.0,0.0,,0,0,14
253b856b49ef52d2,gt_geometry,operational,0.0,0.0,,0,0,11
253b856b49ef52d2,gt_geometry,strict,0.0,0.0,,0,0,11
253b856b49ef52d2,grpo_mass_pc,operational,0.0,0.0,,0,0,14
253b856b49ef52d2,grpo_mass_pc,strict,0.0,0.0,,0,0,0
68e39232887c5e4a,score,operational,0.0,0.0,,0,0,16
68e39232887c5e4a,score,strict,0.0,0.0,,0,0,16
68e39232887c5e4a,pareto,operational,0.0,0.0,,0,0,16
68e39232887c5e4a,pareto,strict,0.0,0.0,,0,0,16
68e39232887c5e4a,gt_geometry,operational,0.0,0.0,,0,0,14
68e39232887c5e4a,gt_geometry,strict,0.0,0.0,,0,0,14
68e39232887c5e4a,grpo_mass_pc,operational,0.0,0.0,,0,0,16
68e39232887c5e4a,grpo_mass_pc,strict,0.0,0.0,,0,0,0
2e2bb8bb71265998,score,operational,0.0,0.0,,0,0,16
2e2bb8bb71265998,score,strict,0.0,0.0,,0,0,16
2e2bb8bb71265998,pareto,operational,0.0,0.0,,0,0,16
2e2bb8bb71265998,pareto,strict,0.0,0.0,,0,0,16
2e2bb8bb71265998,gt_geometry,operational,0.0,0.0,,0,0,13
2e2bb8bb71265998,gt_geometry,strict,0.0,0.0,,0,0,13
2e2bb8bb71265998,grpo_mass_pc,operational,0.0,0.0,,0,0,16
2e2bb8bb71265998,grpo_mass_pc,strict,0.0,0.0,,0,0,0
e34a1f5fb71c54da,score,operational,0.0,0.0,,0,0,16
e34a1f5fb71c54da,score,strict,0.0,0.0,,0,0,16
e34a1f5fb71c54da,pareto,operational,0.0,0.0,,0,0,16
e34a1f5fb71c54da,pareto,strict,0.0,0.0,,0,0,16
e34a1f5fb71c54da,gt_geometry,operational,0.0,0.0,,0,0,14
e34a1f5fb71c54da,gt_geometry,strict,0.0,0.0,,0,0,14
e34a1f5fb71c54da,grpo_mass_pc,operational,0.0,0.0,,0,0,16
e34a1f5fb71c54da,grpo_mass_pc,strict,0.0,0.0,,0,0,0
1d10ae25c61f50c4,score,operational,0.0,0.0,,0,0,16
1d10ae25c61f50c4,score,strict,0.0,0.0,,0,0,16
1d10ae25c61f50c4,pareto,operational,0.0,0.0,,0,0,16
1d10ae25c61f50c4,pareto,strict,0.0,0.0,,0,0,16
1d10ae25c61f50c4,gt_geometry,operational,0.0,0.0,,0,0,16
1d10ae25c61f50c4,gt_geometry,strict,0.0,0.0,,0,0,16
1d10ae25c61f50c4,grpo_mass_pc,operational,0.0,0.0,,0,0,16
1d10ae25c61f50c4,grpo_mass_pc,strict,0.0,0.0,,0,0,0
2af1778054cf51a4,score,operational,0.0,0.0,,0,0,15
2af1778054cf51a4,score,strict,0.0,0.0,,0,0,15
2af1778054cf51a4,pareto,operational,0.0,0.0,,0,0,15
2af1778054cf51a4,pareto,strict,0.0,0.0,,0,0,15
2af1778054cf51a4,gt_geometry,operational,0.0,0.0,,0,0,14
2af1778054cf51a4,gt_geometry,strict,0.0,0.0,,0,0,14
2af1778054cf51a4,grpo_mass_pc,operational,0.0,0.0,,0,0,15
2af1778054cf51a4,grpo_mass_pc,strict,0.0,0.0,,0,0,0
0f276bab4fa85df0,score,operational,0.0,0.0,,0,0,15
0f276bab4fa85df0,score,strict,0.0,0.0,,0,0,15
0f276bab4fa85df0,pareto,operational,0.0,0.0,,0,0,15
0f276bab4fa85df0,pareto,strict,0.0,0.0,,0,0,15
0f276bab4fa85df0,gt_geometry,operational,0.0,0.0,,0,0,12
0f276bab4fa85df0,gt_geometry,strict,0.0,0.0,,0,0,12
0f276bab4fa85df0,grpo_mass_pc,operational,0.0,0.0,,0,0,15
0f276bab4fa85df0,grpo_mass_pc,strict,0.0,0.0,,0,0,0
6cc16446dbe45353,score,operational,0.0,0.0,,0,0,16
6cc16446dbe45353,score,strict,0.0,0.0,,0,0,16
6cc16446dbe45353,pareto,operational,0.0,0.0,,0,0,16
6cc16446dbe45353,pareto,strict,0.0,0.0,,0,0,16
6cc16446dbe45353,gt_geometry,operational,0.0,0.0,,0,0,13
6cc16446dbe45353,gt_geometry,strict,0.0,0.0,,0,0,13
6cc16446dbe45353,grpo_mass_pc,operational,0.0,0.0,,0,0,16
6cc16446dbe45353,grpo_mass_pc,strict,0.0,0.0,,0,0,0
26043d2de718532d,score,operational,0.0,0.0,,0,0,16
26043d2de718532d,score,strict,0.0,0.0,,0,0,16
26043d2de718532d,pareto,operational,0.0,0.0,,0,0,16
26043d2de718532d,pareto,strict,0.0,0.0,,0,0,16
26043d2de718532d,gt_geometry,operational,0.0,0.0,,0,0,16
26043d2de718532d,gt_geometry,strict,0.0,0.0,,0,0,16
26043d2de718532d,grpo_mass_pc,operational,0.0,0.0,,0,0,16
26043d2de718532d,grpo_mass_pc,strict,0.0,0.0,,0,0,0
e72eb72ebdc25a8a,score,operational,0.0,0.0,,0,0,16
e72eb72ebdc25a8a,score,strict,0.0,0.0,,0,0,16
e72eb72ebdc25a8a,pareto,operational,0.0,0.0,,0,0,16
e72eb72ebdc25a8a,pareto,strict,0.0,0.0,,0,0,16
e72eb72ebdc25a8a,gt_geometry,operational,0.0009765625,0.0009765625,,0,0,16
e72eb72ebdc25a8a,gt_geometry,strict,0.0009765625,0.0009765625,,0,0,16
e72eb72ebdc25a8a,grpo_mass_pc,operational,0.0,0.0,,0,0,16
e72eb72ebdc25a8a,grpo_mass_pc,strict,0.0,0.0,,0,0,0
c852239b5ac95394,score,operational,0.0,0.0,,0,0,15
c852239b5ac95394,score,strict,0.0,0.0,,0,0,15
c852239b5ac95394,pareto,operational,0.0,0.0,,0,0,16
c852239b5ac95394,pareto,strict,0.0,0.0,,0,0,16
c852239b5ac95394,gt_geometry,operational,0.0,0.0,,0,0,12
c852239b5ac95394,gt_geometry,strict,0.0,0.0,,0,0,12
c852239b5ac95394,grpo_mass_pc,operational,0.0,0.0,,0,0,15
c852239b5ac95394,grpo_mass_pc,strict,0.0,0.0,,0,0,0
3c297001ef2d5acb,score,operational,0.0,0.0,,0,0,16
3c297001ef2d5acb,score,strict,0.0,0.0,,0,0,16
3c297001ef2d5acb,pareto,operational,0.0,0.0,,0,0,16
3c297001ef2d5acb,pareto,strict,0.0,0.0,,0,0,16
3c297001ef2d5acb,gt_geometry,operational,0.0009765625,0.0,,0,0,11
3c297001ef2d5acb,gt_geometry,strict,0.0009765625,0.0,,0,0,11
3c297001ef2d5acb,grpo_mass_pc,operational,0.0,0.0,,0,0,16
3c297001ef2d5acb,grpo_mass_pc,strict,0.0,0.0,,0,0,0
123b77fa26425ac1,score,operational,0.0,0.0,,0,0,14
123b77fa26425ac1,score,strict,0.0,0.0,,0,0,14
123b77fa26425ac1,pareto,operational,0.0,0.0,,0,0,14
123b77fa26425ac1,pareto,strict,0.0,0.0,,0,0,14
123b77fa26425ac1,gt_geometry,operational,0.0,0.0,,0,0,11
123b77fa26425ac1,gt_geometry,strict,0.0,0.0,,0,0,11
123b77fa26425ac1,grpo_mass_pc,operational,0.0,0.0,,0,0,14
123b77fa26425ac1,grpo_mass_pc,strict,0.0,0.0,,0,0,0
f97414b6f4a15866,score,operational,0.0,0.0,,0,0,16
f97414b6f4a15866,score,strict,0.0,0.0,,0,0,16
f97414b6f4a15866,pareto,operational,0.0,0.0,,0,0,16
f97414b6f4a15866,pareto,strict,0.0,0.0,,0,0,16
f97414b6f4a15866,gt_geometry,operational,0.0,0.0,,0,0,16
f97414b6f4a15866,gt_geometry,strict,0.0,0.0,,0,0,16
f97414b6f4a15866,grpo_mass_pc,operational,0.0,0.0,,0,0,16
f97414b6f4a15866,grpo_mass_pc,strict,0.0,0.0,,0,0,0
957d3c9491ba5b5b,score,operational,0.0,0.0,,0,0,16
957d3c9491ba5b5b,score,strict,0.0,0.0,,0,0,16
957d3c9491ba5b5b,pareto,operational,0.0,0.0,,0,0,16
957d3c9491ba5b5b,pareto,strict,0.0,0.0,,0,0,16
957d3c9491ba5b5b,gt_geometry,operational,0.0,0.0,,0,0,14
957d3c9491ba5b5b,gt_geometry,strict,0.0,0.0,,0,0,14
957d3c9491ba5b5b,grpo_mass_pc,operational,0.0,0.0,,0,0,16
957d3c9491ba5b5b,grpo_mass_pc,strict,0.0,0.0,,0,0,0
0c9d055f4ccc5d64,score,operational,0.0,0.0,,0,0,16
0c9d055f4ccc5d64,score,strict,0.0,0.0,,0,0,16
0c9d055f4ccc5d64,pareto,operational,0.0,0.0,,0,0,16
0c9d055f4ccc5d64,pareto,strict,0.0,0.0,,0,0,16
0c9d055f4ccc5d64,gt_geometry,operational,0.0,0.0,,0,0,16
0c9d055f4ccc5d64,gt_geometry,strict,0.0,0.0,,0,0,16
0c9d055f4ccc5d64,grpo_mass_pc,operational,0.0,0.0,,0,0,16
0c9d055f4ccc5d64,grpo_mass_pc,strict,0.0,0.0,,0,0,0
cbaf3221997c55be,score,operational,0.0,0.0,,0,0,16
cbaf3221997c55be,score,strict,0.0,0.0,,0,0,16
cbaf3221997c55be,pareto,operational,0.0,0.0,,0,0,16
cbaf3221997c55be,pareto,strict,0.0,0.0,,0,0,16
cbaf3221997c55be,gt_geometry,operational,0.0,0.0,,0,0,11
cbaf3221997c55be,gt_geometry,strict,0.0,0.0,,0,0,11
cbaf3221997c55be,grpo_mass_pc,operational,0.0,0.0,,0,0,16
cbaf3221997c55be,grpo_mass_pc,strict,0.0,0.0,,0,0,0
a02463c8a92d56ce,score,operational,0.0,0.0,,0,0,16
a02463c8a92d56ce,score,strict,0.0,0.0,,0,0,16
a02463c8a92d56ce,pareto,operational,0.0,0.0,,0,0,16
a02463c8a92d56ce,pareto,strict,0.0,0.0,,0,0,16
a02463c8a92d56ce,gt_geometry,operational,0.0,0.0,,0,0,16
a02463c8a92d56ce,gt_geometry,strict,0.0,0.0,,0,0,16
a02463c8a92d56ce,grpo_mass_pc,operational,0.0,0.0,,0,0,16
a02463c8a92d56ce,grpo_mass_pc,strict,0.0,0.0,,0,0,0
d91a4c7d1d9e5647,score,operational,0.0,0.0,,0,0,16
d91a4c7d1d9e5647,score,strict,0.0,0.0,,0,0,16
d91a4c7d1d9e5647,pareto,operational,0.0,0.0,,0,0,16
d91a4c7d1d9e5647,pareto,strict,0.0,0.0,,0,0,16
d91a4c7d1d9e5647,gt_geometry,operational,0.0,0.0,,0,0,12
d91a4c7d1d9e5647,gt_geometry,strict,0.0,0.0,,0,0,12
d91a4c7d1d9e5647,grpo_mass_pc,operational,0.0,0.0,,0,0,16
d91a4c7d1d9e5647,grpo_mass_pc,strict,0.0,0.0,,0,0,0
742b1d2c6cf156c6,score,operational,0.0,0.0,,0,0,16
742b1d2c6cf156c6,score,strict,0.0,0.0,,0,0,16
742b1d2c6cf156c6,pareto,operational,0.0,0.0,,0,0,16
742b1d2c6cf156c6,pareto,strict,0.0,0.0,,0,0,16
742b1d2c6cf156c6,gt_geometry,operational,0.0,0.0,,0,0,11
742b1d2c6cf156c6,gt_geometry,strict,0.0,0.0,,0,0,11
742b1d2c6cf156c6,grpo_mass_pc,operational,0.0,0.0,,0,0,16
742b1d2c6cf156c6,grpo_mass_pc,strict,0.0,0.0,,0,0,0
8b3e9121fd57540f,score,operational,0.0,0.0,,0,0,15
8b3e9121fd57540f,score,strict,0.0,0.0,,0,0,15
8b3e9121fd57540f,pareto,operational,0.0,0.0,,0,0,15
8b3e9121fd57540f,pareto,strict,0.0,0.0,,0,0,15
8b3e9121fd57540f,gt_geometry,operational,0.0,0.0,,0,0,11
8b3e9121fd57540f,gt_geometry,strict,0.0,0.0,,0,0,11
8b3e9121fd57540f,grpo_mass_pc,operational,0.0,0.0,,0,0,15
8b3e9121fd57540f,grpo_mass_pc,strict,0.0,0.0,,0,0,0
bdf3b83064235e17,score,operational,0.0,0.0,,0,0,16
bdf3b83064235e17,score,strict,0.0,0.0,,0,0,16
bdf3b83064235e17,pareto,operational,0.0,0.0,,0,0,16
bdf3b83064235e17,pareto,strict,0.0,0.0,,0,0,16
bdf3b83064235e17,gt_geometry,operational,0.0,0.0,,0,0,16
bdf3b83064235e17,gt_geometry,strict,0.0,0.0,,0,0,16
bdf3b83064235e17,grpo_mass_pc,operational,0.0,0.0,,0,0,16
bdf3b83064235e17,grpo_mass_pc,strict,0.0,0.0,,0,0,0
ab000bda9ccf5150,score,operational,0.0,0.0,,0,0,16
ab000bda9ccf5150,score,strict,0.0,0.0,,0,0,16
ab000bda9ccf5150,pareto,operational,0.0,0.0,,0,0,16
ab000bda9ccf5150,pareto,strict,0.0,0.0,,0,0,16
ab000bda9ccf5150,gt_geometry,operational,0.0,0.0,,0,0,16
ab000bda9ccf5150,gt_geometry,strict,0.0,0.0,,0,0,16
ab000bda9ccf5150,grpo_mass_pc,operational,0.0,0.0,,0,0,16
ab000bda9ccf5150,grpo_mass_pc,strict,0.0,0.0,,0,0,0
e165b9b4eb5f5cf4,score,operational,0.0,0.0,,0,0,16
e165b9b4eb5f5cf4,score,strict,0.0,0.0,,0,0,16
e165b9b4eb5f5cf4,pareto,operational,0.0,0.0,,0,0,16
e165b9b4eb5f5cf4,pareto,strict,0.0,0.0,,0,0,16
e165b9b4eb5f5cf4,gt_geometry,operational,0.0,0.0,,0,0,16
e165b9b4eb5f5cf4,gt_geometry,strict,0.0,0.0,,0,0,16
e165b9b4eb5f5cf4,grpo_mass_pc,operational,0.0,0.0,,0,0,16
e165b9b4eb5f5cf4,grpo_mass_pc,strict,0.0,0.0,,0,0,0
dcb23119258e58ec,score,operational,0.0,0.0,,0,0,15
dcb23119258e58ec,score,strict,0.0,0.0,,0,0,15
dcb23119258e58ec,pareto,operational,0.0,0.0,,0,0,15
dcb23119258e58ec,pareto,strict,0.0,0.0,,0,0,15
dcb23119258e58ec,gt_geometry,operational,0.0,0.0,,0,0,14
dcb23119258e58ec,gt_geometry,strict,0.0,0.0,,0,0,14
dcb23119258e58ec,grpo_mass_pc,operational,0.0,0.0,,0,0,15
dcb23119258e58ec,grpo_mass_pc,strict,0.0,0.0,,0,0,0
f0328bdcd0e15d3a,score,operational,0.0,0.0,,0,0,16
f0328bdcd0e15d3a,score,strict,0.0,0.0,,0,0,16
f0328bdcd0e15d3a,pareto,operational,0.0,0.0,,0,0,16
f0328bdcd0e15d3a,pareto,strict,0.0,0.0,,0,0,16
f0328bdcd0e15d3a,gt_geometry,operational,0.0,0.0,,0,0,12
f0328bdcd0e15d3a,gt_geometry,strict,0.0,0.0,,0,0,12
f0328bdcd0e15d3a,grpo_mass_pc,operational,0.0,0.0,,0,0,16
f0328bdcd0e15d3a,grpo_mass_pc,strict,0.0,0.0,,0,0,0
c6538928de9c552b,score,operational,0.0,0.0,,0,0,12
c6538928de9c552b,score,strict,0.0,0.0,,0,0,12
c6538928de9c552b,pareto,operational,0.0,0.0,,0,0,12
c6538928de9c552b,pareto,strict,0.0,0.0,,0,0,12
c6538928de9c552b,gt_geometry,operational,0.0,0.0,,0,0,9
c6538928de9c552b,gt_geometry,strict,0.0,0.0,,0,0,9
c6538928de9c552b,grpo_mass_pc,operational,0.0,0.0,,0,0,12
c6538928de9c552b,grpo_mass_pc,strict,0.0,0.0,,0,0,0
56da0490b78b5033,score,operational,0.0,0.0,,0,0,13
56da0490b78b5033,score,strict,0.0,0.0,,0,0,13
56da0490b78b5033,pareto,operational,0.0,0.0,,0,0,13
56da0490b78b5033,pareto,strict,0.0,0.0,,0,0,13
56da0490b78b5033,gt_geometry,operational,0.0,0.0,,0,0,10
56da0490b78b5033,gt_geometry,strict,0.0,0.0,,0,0,10
56da0490b78b5033,grpo_mass_pc,operational,0.0,0.0,,0,0,13
56da0490b78b5033,grpo_mass_pc,strict,0.0,0.0,,0,0,0
8fc454e70d1554b7,score,operational,0.0,0.0,,0,0,16
8fc454e70d1554b7,score,strict,0.0,0.0,,0,0,16
8fc454e70d1554b7,pareto,operational,0.0,0.0,,0,0,16
8fc454e70d1554b7,pareto,strict,0.0,0.0,,0,0,16
8fc454e70d1554b7,gt_geometry,operational,0.0,0.0,,0,0,16
8fc454e70d1554b7,gt_geometry,strict,0.0,0.0,,0,0,16
8fc454e70d1554b7,grpo_mass_pc,operational,0.0,0.0,,0,0,16
8fc454e70d1554b7,grpo_mass_pc,strict,0.0,0.0,,0,0,0
3eceeb425c3a560b,score,operational,0.0,0.0,,0,0,16
3eceeb425c3a560b,score,strict,0.0,0.0,,0,0,16
3eceeb425c3a560b,pareto,operational,0.0,0.0,,0,0,16
3eceeb425c3a560b,pareto,strict,0.0,0.0,,0,0,16
3eceeb425c3a560b,gt_geometry,operational,0.0,0.0,,0,0,12
3eceeb425c3a560b,gt_geometry,strict,0.0,0.0,,0,0,12
3eceeb425c3a560b,grpo_mass_pc,operational,0.0,0.0,,0,0,16
3eceeb425c3a560b,grpo_mass_pc,strict,0.0,0.0,,0,0,0
5e7d1f34a80c5e46,score,operational,0.0,0.0,,0,0,16
5e7d1f34a80c5e46,score,strict,0.0,0.0,,0,0,16
5e7d1f34a80c5e46,pareto,operational,0.0,0.0,,0,0,16
5e7d1f34a80c5e46,pareto,strict,0.0,0.0,,0,0,16
5e7d1f34a80c5e46,gt_geometry,operational,0.0,0.0,,0,0,16
5e7d1f34a80c5e46,gt_geometry,strict,0.0,0.0,,0,0,16
5e7d1f34a80c5e46,grpo_mass_pc,operational,0.0,0.0,,0,0,16
5e7d1f34a80c5e46,grpo_mass_pc,strict,0.0,0.0,,0,0,0
ef4f3026ae1b56a3,score,operational,0.0,0.0,,0,0,15
ef4f3026ae1b56a3,score,strict,0.0,0.0,,0,0,15
ef4f3026ae1b56a3,pareto,operational,0.0,0.0,,0,0,15
ef4f3026ae1b56a3,pareto,strict,0.0,0.0,,0,0,15
ef4f3026ae1b56a3,gt_geometry,operational,0.0,0.0,,0,0,13
ef4f3026ae1b56a3,gt_geometry,strict,0.0,0.0,,0,0,13
ef4f3026ae1b56a3,grpo_mass_pc,operational,0.0,0.0,,0,0,15
ef4f3026ae1b56a3,grpo_mass_pc,strict,0.0,0.0,,0,0,0
d92fd7e6c01d503b,score,operational,0.0,0.0,,0,0,16
d92fd7e6c01d503b,score,strict,0.0,0.0,,0,0,16
d92fd7e6c01d503b,pareto,operational,0.0,0.0,,0,0,16
d92fd7e6c01d503b,pareto,strict,0.0,0.0,,0,0,16
d92fd7e6c01d503b,gt_geometry,operational,0.0,0.0,,0,0,16
d92fd7e6c01d503b,gt_geometry,strict,0.0,0.0,,0,0,16
d92fd7e6c01d503b,grpo_mass_pc,operational,0.0,0.0,,0,0,16
d92fd7e6c01d503b,grpo_mass_pc,strict,0.0,0.0,,0,0,0
1381f484e75c565a,score,operational,0.0,0.0,,0,0,12
1381f484e75c565a,score,strict,0.0,0.0,,0,0,12
1381f484e75c565a,pareto,operational,0.0,0.0,,0,0,12
1381f484e75c565a,pareto,strict,0.0,0.0,,0,0,12
1381f484e75c565a,gt_geometry,operational,0.0,0.0,,0,0,10
1381f484e75c565a,gt_geometry,strict,0.0,0.0,,0,0,10
1381f484e75c565a,grpo_mass_pc,operational,0.0,0.0,,0,0,12
1381f484e75c565a,grpo_mass_pc,strict,0.0,0.0,,0,0,0
7b79090489c95c0b,score,operational,0.0,0.0,,0,0,16
7b79090489c95c0b,score,strict,0.0,0.0,,0,0,16
7b79090489c95c0b,pareto,operational,0.0,0.0,,0,0,16
7b79090489c95c0b,pareto,strict,0.0,0.0,,0,0,16
7b79090489c95c0b,gt_geometry,operational,0.0,0.0,,0,0,13
7b79090489c95c0b,gt_geometry,strict,0.0,0.0,,0,0,13
7b79090489c95c0b,grpo_mass_pc,operational,0.0,0.0,,0,0,16
7b79090489c95c0b,grpo_mass_pc,strict,0.0,0.0,,0,0,0
f0d107fb359953ff,score,operational,0.0,0.0,,0,0,16
f0d107fb359953ff,score,strict,0.0,0.0,,0,0,16
f0d107fb359953ff,pareto,operational,0.0,0.0,,0,0,16
f0d107fb359953ff,pareto,strict,0.0,0.0,,0,0,16
f0d107fb359953ff,gt_geometry,operational,0.0,0.0,,0,0,15
f0d107fb359953ff,gt_geometry,strict,0.0,0.0,,0,0,15
f0d107fb359953ff,grpo_mass_pc,operational,0.0,0.0,,0,0,16
f0d107fb359953ff,grpo_mass_pc,strict,0.0,0.0,,0,0,0
e0c845f2d87555b3,score,operational,0.0,0.0,,0,0,16
e0c845f2d87555b3,score,strict,0.0,0.0,,0,0,16
e0c845f2d87555b3,pareto,operational,0.0,0.0,,0,0,16
e0c845f2d87555b3,pareto,strict,0.0,0.0,,0,0,16
e0c845f2d87555b3,gt_geometry,operational,0.0,0.0,,0,0,16
e0c845f2d87555b3,gt_geometry,strict,0.0,0.0,,0,0,16
e0c845f2d87555b3,grpo_mass_pc,operational,0.0,0.0,,0,0,16
e0c845f2d87555b3,grpo_mass_pc,strict,0.0,0.0,,0,0,0
9e454d3b139c5a3d,score,operational,0.0,0.0,,0,0,16
9e454d3b139c5a3d,score,strict,0.0,0.0,,0,0,16
9e454d3b139c5a3d,pareto,operational,0.0,0.0,,0,0,16
9e454d3b139c5a3d,pareto,strict,0.0,0.0,,0,0,16
9e454d3b139c5a3d,gt_geometry,operational,0.0,0.0,,0,0,16
9e454d3b139c5a3d,gt_geometry,strict,0.0,0.0,,0,0,16
9e454d3b139c5a3d,grpo_mass_pc,operational,0.0,0.0,,0,0,16
9e454d3b139c5a3d,grpo_mass_pc,strict,0.0,0.0,,0,0,0
468894d189a75353,score,operational,0.0,0.0,,0,0,16
468894d189a75353,score,strict,0.0,0.0,,0,0,16
468894d189a75353,pareto,operational,0.0,0.0,,0,0,16
468894d189a75353,pareto,strict,0.0,0.0,,0,0,16
468894d189a75353,gt_geometry,operational,0.0,0.0,,0,0,16
468894d189a75353,gt_geometry,strict,0.0,0.0,,0,0,16
468894d189a75353,grpo_mass_pc,operational,0.0,0.0,,0,0,16
468894d189a75353,grpo_mass_pc,strict,0.0,0.0,,0,0,0
9252ad8efde85a85,score,operational,0.0,0.0,,0,0,16
9252ad8efde85a85,score,strict,0.0,0.0,,0,0,16
9252ad8efde85a85,pareto,operational,0.0,0.0,,0,0,16
9252ad8efde85a85,pareto,strict,0.0,0.0,,0,0,16
9252ad8efde85a85,gt_geometry,operational,0.0,0.0,,0,0,16
9252ad8efde85a85,gt_geometry,strict,0.0,0.0,,0,0,16
9252ad8efde85a85,grpo_mass_pc,operational,0.0,0.0,,0,0,16
9252ad8efde85a85,grpo_mass_pc,strict,0.0,0.0,,0,0,0
d99a3bc24ff75a68,score,operational,0.0,0.0,,0,0,16
d99a3bc24ff75a68,score,strict,0.0,0.0,,0,0,16
d99a3bc24ff75a68,pareto,operational,0.0,0.0,,0,0,16
d99a3bc24ff75a68,pareto,strict,0.0,0.0,,0,0,16
d99a3bc24ff75a68,gt_geometry,operational,0.0,0.0,,0,0,16
d99a3bc24ff75a68,gt_geometry,strict,0.0,0.0,,0,0,16
d99a3bc24ff75a68,grpo_mass_pc,operational,0.0,0.0,,0,0,16
d99a3bc24ff75a68,grpo_mass_pc,strict,0.0,0.0,,0,0,0
1d45b9d20e9d5f92,score,operational,0.0,0.0,,0,0,14
1d45b9d20e9d5f92,score,strict,0.0,0.0,,0,0,14
1d45b9d20e9d5f92,pareto,operational,0.0,0.0,,0,0,14
1d45b9d20e9d5f92,pareto,strict,0.0,0.0,,0,0,14
1d45b9d20e9d5f92,gt_geometry,operational,0.0,0.0,,0,0,11
1d45b9d20e9d5f92,gt_geometry,strict,0.0,0.0,,0,0,11
1d45b9d20e9d5f92,grpo_mass_pc,operational,0.0,0.0,,0,0,14
1d45b9d20e9d5f92,grpo_mass_pc,strict,0.0,0.0,,0,0,0
39fc09d325a05606,score,operational,0.0,0.0,,0,0,14
39fc09d325a05606,score,strict,0.0,0.0,,0,0,14
39fc09d325a05606,pareto,operational,0.0,0.0,,0,0,14
39fc09d325a05606,pareto,strict,0.0,0.0,,0,0,14
39fc09d325a05606,gt_geometry,operational,0.0,0.0,,0,0,14
39fc09d325a05606,gt_geometry,strict,0.0,0.0,,0,0,14
39fc09d325a05606,grpo_mass_pc,operational,0.0,0.0,,0,0,14
39fc09d325a05606,grpo_mass_pc,strict,0.0,0.0,,0,0,0
75341958391d5aba,score,operational,0.0,0.0,,0,0,16
75341958391d5aba,score,strict,0.0,0.0,,0,0,16
75341958391d5aba,pareto,operational,0.0,0.0,,0,0,16
75341958391d5aba,pareto,strict,0.0,0.0,,0,0,16
75341958391d5aba,gt_geometry,operational,0.0,0.0,,0,0,16
75341958391d5aba,gt_geometry,strict,0.0,0.0,,0,0,16
75341958391d5aba,grpo_mass_pc,operational,0.0,0.0,,0,0,16
75341958391d5aba,grpo_mass_pc,strict,0.0,0.0,,0,0,0
e65ea4e886535732,score,operational,0.0,0.0,,0,0,14
e65ea4e886535732,score,strict,0.0,0.0,,0,0,14
e65ea4e886535732,pareto,operational,0.0,0.0,,0,0,14
e65ea4e886535732,pareto,strict,0.0,0.0,,0,0,14
e65ea4e886535732,gt_geometry,operational,0.0,0.0,,0,0,13
e65ea4e886535732,gt_geometry,strict,0.0,0.0,,0,0,13
e65ea4e886535732,grpo_mass_pc,operational,0.0,0.0,,0,0,14
e65ea4e886535732,grpo_mass_pc,strict,0.0,0.0,,0,0,0
a9134306f1575f88,score,operational,0.0,0.0,,0,0,16
a9134306f1575f88,score,strict,0.0,0.0,,0,0,16
a9134306f1575f88,pareto,operational,0.0,0.0,,0,0,16
a9134306f1575f88,pareto,strict,0.0,0.0,,0,0,16
a9134306f1575f88,gt_geometry,operational,0.0,0.0,,0,0,16
a9134306f1575f88,gt_geometry,strict,0.0,0.0,,0,0,16
a9134306f1575f88,grpo_mass_pc,operational,0.0,0.0,,0,0,16
a9134306f1575f88,grpo_mass_pc,strict,0.0,0.0,,0,0,0
3609537de0105997,score,operational,0.0,0.0,,0,0,13
3609537de0105997,score,strict,0.0,0.0,,0,0,13
3609537de0105997,pareto,operational,0.0,0.0,,0,0,13
3609537de0105997,pareto,strict,0.0,0.0,,0,0,13
3609537de0105997,gt_geometry,operational,0.0,0.0,,0,0,12
3609537de0105997,gt_geometry,strict,0.0,0.0,,0,0,12
3609537de0105997,grpo_mass_pc,operational,0.0,0.0,,0,0,13
3609537de0105997,grpo_mass_pc,strict,0.0,0.0,,0,0,0
90c4cd28f0e55d46,score,operational,0.0,0.0,,0,0,16
90c4cd28f0e55d46,score,strict,0.0,0.0,,0,0,16
90c4cd28f0e55d46,pareto,operational,0.0,0.0,,0,0,16
90c4cd28f0e55d46,pareto,strict,0.0,0.0,,0,0,16
90c4cd28f0e55d46,gt_geometry,operational,0.0,0.0,,0,0,16
90c4cd28f0e55d46,gt_geometry,strict,0.0,0.0,,0,0,16
90c4cd28f0e55d46,grpo_mass_pc,operational,0.0,0.0,,0,0,16
90c4cd28f0e55d46,grpo_mass_pc,strict,0.0,0.0,,0,0,0
8a022198e6885aed,score,operational,0.0,0.0,,0,0,16
8a022198e6885aed,score,strict,0.0,0.0,,0,0,16
8a022198e6885aed,pareto,operational,0.0,0.0,,0,0,16
8a022198e6885aed,pareto,strict,0.0,0.0,,0,0,16
8a022198e6885aed,gt_geometry,operational,0.0,0.0,,0,0,12
8a022198e6885aed,gt_geometry,strict,0.0,0.0,,0,0,12
8a022198e6885aed,grpo_mass_pc,operational,0.0,0.0,,0,0,16
8a022198e6885aed,grpo_mass_pc,strict,0.0,0.0,,0,0,0
f6f213b156de552d,score,operational,0.0,0.0,,0,0,15
f6f213b156de552d,score,strict,0.0,0.0,,0,0,15
f6f213b156de552d,pareto,operational,0.0,0.0,,0,0,15
f6f213b156de552d,pareto,strict,0.0,0.0,,0,0,15
f6f213b156de552d,gt_geometry,operational,0.0,0.0,,0,0,13
f6f213b156de552d,gt_geometry,strict,0.0,0.0,,0,0,13
f6f213b156de552d,grpo_mass_pc,operational,0.0,0.0,,0,0,15
f6f213b156de552d,grpo_mass_pc,strict,0.0,0.0,,0,0,0
1cb9fa36aea25d6a,score,operational,0.0,0.0,,0,0,16
1cb9fa36aea25d6a,score,strict,0.0,0.0,,0,0,16
1cb9fa36aea25d6a,pareto,operational,0.0,0.0,,0,0,16
1cb9fa36aea25d6a,pareto,strict,0.0,0.0,,0,0,16
1cb9fa36aea25d6a,gt_geometry,operational,0.0,0.0,,0,0,16
1cb9fa36aea25d6a,gt_geometry,strict,0.0,0.0,,0,0,16
1cb9fa36aea25d6a,grpo_mass_pc,operational,0.0,0.0,,0,0,16
1cb9fa36aea25d6a,grpo_mass_pc,strict,0.0,0.0,,0,0,0
e15983da12955abf,score,operational,0.0,0.0,,0,0,15
e15983da12955abf,score,strict,0.0,0.0,,0,0,15
e15983da12955abf,pareto,operational,0.0,0.0,,0,0,15
e15983da12955abf,pareto,strict,0.0,0.0,,0,0,15
e15983da12955abf,gt_geometry,operational,0.0,0.0,,0,0,10
e15983da12955abf,gt_geometry,strict,0.0,0.0,,0,0,10
e15983da12955abf,grpo_mass_pc,operational,0.0,0.0,,0,0,15
e15983da12955abf,grpo_mass_pc,strict,0.0,0.0,,0,0,0
8635030755615376,score,operational,0.0,0.0,,0,0,11
8635030755615376,score,strict,0.0,0.0,,0,0,11
8635030755615376,pareto,operational,0.0,0.0,,0,0,16
8635030755615376,pareto,strict,0.0,0.0,,0,0,16
8635030755615376,gt_geometry,operational,0.0,0.0,,0,0,10
8635030755615376,gt_geometry,strict,0.0,0.0,,0,0,10
8635030755615376,grpo_mass_pc,operational,0.0,0.0,,0,0,11
8635030755615376,grpo_mass_pc,strict,0.0,0.0,,0,0,0
86fbc624ea435e56,score,operational,0.0,0.0,,0,0,16
86fbc624ea435e56,score,strict,0.0,0.0,,0,0,16
86fbc624ea435e56,pareto,operational,0.0,0.0,,0,0,16
86fbc624ea435e56,pareto,strict,0.0,0.0,,0,0,16
86fbc624ea435e56,gt_geometry,operational,0.0,0.0,,0,0,16
86fbc624ea435e56,gt_geometry,strict,0.0,0.0,,0,0,16
86fbc624ea435e56,grpo_mass_pc,operational,0.0,0.0,,0,0,16
86fbc624ea435e56,grpo_mass_pc,strict,0.0,0.0,,0,0,0
66e564907f5f5601,score,operational,0.0,0.0,,0,0,16
66e564907f5f5601,score,strict,0.0,0.0,,0,0,16
66e564907f5f5601,pareto,operational,0.0,0.0,,0,0,16
66e564907f5f5601,pareto,strict,0.0,0.0,,0,0,16
66e564907f5f5601,gt_geometry,operational,0.0,0.0,,0,0,16
66e564907f5f5601,gt_geometry,strict,0.0,0.0,,0,0,16
66e564907f5f5601,grpo_mass_pc,operational,0.0,0.0,,0,0,16
66e564907f5f5601,grpo_mass_pc,strict,0.0,0.0,,0,0,0
808ff2e869ff5d92,score,operational,0.0,0.0,,0,0,16
808ff2e869ff5d92,score,strict,0.0,0.0,,0,0,16
808ff2e869ff5d92,pareto,operational,0.0,0.0,,0,0,16
808ff2e869ff5d92,pareto,strict,0.0,0.0,,0,0,16
808ff2e869ff5d92,gt_geometry,operational,0.0,0.0,,0,0,14
808ff2e869ff5d92,gt_geometry,strict,0.0,0.0,,0,0,14
808ff2e869ff5d92,grpo_mass_pc,operational,0.0,0.0,,0,0,16
808ff2e869ff5d92,grpo_mass_pc,strict,0.0,0.0,,0,0,0
1b53682e2df854e1,score,operational,0.0,0.0,,0,0,14
1b53682e2df854e1,score,strict,0.0,0.0,,0,0,14
1b53682e2df854e1,pareto,operational,0.0,0.0,,0,0,14
1b53682e2df854e1,pareto,strict,0.0,0.0,,0,0,14
1b53682e2df854e1,gt_geometry,operational,0.0,0.0,,0,0,11
1b53682e2df854e1,gt_geometry,strict,0.0,0.0,,0,0,11
1b53682e2df854e1,grpo_mass_pc,operational,0.0,0.0,,0,0,14
1b53682e2df854e1,grpo_mass_pc,strict,0.0,0.0,,0,0,0
dd175b6e08565a4e,score,operational,0.0,0.0,,0,0,16
dd175b6e08565a4e,score,strict,0.0,0.0,,0,0,16
dd175b6e08565a4e,pareto,operational,0.0,0.0,,0,0,16
dd175b6e08565a4e,pareto,strict,0.0,0.0,,0,0,16
dd175b6e08565a4e,gt_geometry,operational,0.0,0.0,,0,0,14
dd175b6e08565a4e,gt_geometry,strict,0.0,0.0,,0,0,14
dd175b6e08565a4e,grpo_mass_pc,operational,0.0,0.0,,0,0,16
dd175b6e08565a4e,grpo_mass_pc,strict,0.0,0.0,,0,0,0
8e475454489d5f5b,score,operational,0.0,0.0,,0,0,16
8e475454489d5f5b,score,strict,0.0,0.0,,0,0,16
8e475454489d5f5b,pareto,operational,0.0,0.0,,0,0,16
8e475454489d5f5b,pareto,strict,0.0,0.0,,0,0,16
8e475454489d5f5b,gt_geometry,operational,0.0,0.0,,0,0,13
8e475454489d5f5b,gt_geometry,strict,0.0,0.0,,0,0,13
8e475454489d5f5b,grpo_mass_pc,operational,0.0,0.0,,0,0,16
8e475454489d5f5b,grpo_mass_pc,strict,0.0,0.0,,0,0,0
dc2d27a848115b56,score,operational,0.0,0.0,,0,0,16
dc2d27a848115b56,score,strict,0.0,0.0,,0,0,16
dc2d27a848115b56,pareto,operational,0.0,0.0,,0,0,16
dc2d27a848115b56,pareto,strict,0.0,0.0,,0,0,16
dc2d27a848115b56,gt_geometry,operational,0.0,0.0,,0,0,12
dc2d27a848115b56,gt_geometry,strict,0.0,0.0,,0,0,12
dc2d27a848115b56,grpo_mass_pc,operational,0.0,0.0,,0,0,16
dc2d27a848115b56,grpo_mass_pc,strict,0.0,0.0,,0,0,0
3783e56bc9ef5e85,score,operational,0.0,0.0,,0,0,16
3783e56bc9ef5e85,score,strict,0.0,0.0,,0,0,16
3783e56bc9ef5e85,pareto,operational,0.0,0.0,,0,0,16
3783e56bc9ef5e85,pareto,strict,0.0,0.0,,0,0,16
3783e56bc9ef5e85,gt_geometry,operational,0.0,0.0,,0,0,15
3783e56bc9ef5e85,gt_geometry,strict,0.0,0.0,,0,0,15
3783e56bc9ef5e85,grpo_mass_pc,operational,0.0,0.0,,0,0,16
3783e56bc9ef5e85,grpo_mass_pc,strict,0.0,0.0,,0,0,0
d45a215505f05382,score,operational,0.0,0.0,,0,0,15
d45a215505f05382,score,strict,0.0,0.0,,0,0,15
d45a215505f05382,pareto,operational,0.0,0.0,,0,0,15
d45a215505f05382,pareto,strict,0.0,0.0,,0,0,15
d45a215505f05382,gt_geometry,operational,0.0,0.0,,0,0,12
d45a215505f05382,gt_geometry,strict,0.0,0.0,,0,0,12
d45a215505f05382,grpo_mass_pc,operational,0.0,0.0,,0,0,15
d45a215505f05382,grpo_mass_pc,strict,0.0,0.0,,0,0,0
4775f8e1a53d5c6f,score,operational,0.0,0.0,,0,0,16
4775f8e1a53d5c6f,score,strict,0.0,0.0,,0,0,16
4775f8e1a53d5c6f,pareto,operational,0.0,0.0,,0,0,16
4775f8e1a53d5c6f,pareto,strict,0.0,0.0,,0,0,16
4775f8e1a53d5c6f,gt_geometry,operational,0.0,0.0,,0,0,16
4775f8e1a53d5c6f,gt_geometry,strict,0.0,0.0,,0,0,16
4775f8e1a53d5c6f,grpo_mass_pc,operational,0.0,0.0,,0,0,16
4775f8e1a53d5c6f,grpo_mass_pc,strict,0.0,0.0,,0,0,0
802c127f63f955ed,score,operational,0.0,0.0,,0,0,13
802c127f63f955ed,score,strict,0.0,0.0,,0,0,13
802c127f63f955ed,pareto,operational,0.0,0.0,,0,0,14
802c127f63f955ed,pareto,strict,0.0,0.0,,0,0,14
802c127f63f955ed,gt_geometry,operational,0.0,0.0,,0,0,9
802c127f63f955ed,gt_geometry,strict,0.0,0.0,,0,0,9
802c127f63f955ed,grpo_mass_pc,operational,0.0,0.0,,0,0,13
802c127f63f955ed,grpo_mass_pc,strict,0.0,0.0,,0,0,0
f102259e52d35ac5,score,operational,0.0,0.0,,0,0,16
f102259e52d35ac5,score,strict,0.0,0.0,,0,0,16
f102259e52d35ac5,pareto,operational,0.0,0.0,,0,0,16
f102259e52d35ac5,pareto,strict,0.0,0.0,,0,0,16
f102259e52d35ac5,gt_geometry,operational,0.0,0.0,,0,0,14
f102259e52d35ac5,gt_geometry,strict,0.0,0.0,,0,0,14
f102259e52d35ac5,grpo_mass_pc,operational,0.0,0.0,,0,0,16
f102259e52d35ac5,grpo_mass_pc,strict,0.0,0.0,,0,0,0
db5aa5f382f25aaa,score,operational,0.0,0.0,,0,0,16
db5aa5f382f25aaa,score,strict,0.0,0.0,,0,0,16
db5aa5f382f25aaa,pareto,operational,0.0,0.0,,0,0,16
db5aa5f382f25aaa,pareto,strict,0.0,0.0,,0,0,16
db5aa5f382f25aaa,gt_geometry,operational,0.0,0.0,,0,0,11
db5aa5f382f25aaa,gt_geometry,strict,0.0,0.0,,0,0,11
db5aa5f382f25aaa,grpo_mass_pc,operational,0.0,0.0,,0,0,16
db5aa5f382f25aaa,grpo_mass_pc,strict,0.0,0.0,,0,0,0
598efc24965e57ba,score,operational,0.0,0.0,,0,0,16
598efc24965e57ba,score,strict,0.0,0.0,,0,0,16
598efc24965e57ba,pareto,operational,0.0,0.0,,0,0,16
598efc24965e57ba,pareto,strict,0.0,0.0,,0,0,16
598efc24965e57ba,gt_geometry,operational,0.0,0.0,,0,0,16
598efc24965e57ba,gt_geometry,strict,0.0,0.0,,0,0,16
598efc24965e57ba,grpo_mass_pc,operational,0.0,0.0,,0,0,16
598efc24965e57ba,grpo_mass_pc,strict,0.0,0.0,,0,0,0
3e83f47571b05337,score,operational,0.0,0.0,,0,0,16
3e83f47571b05337,score,strict,0.0,0.0,,0,0,16
3e83f47571b05337,pareto,operational,0.0,0.0,,0,0,16
3e83f47571b05337,pareto,strict,0.0,0.0,,0,0,16
3e83f47571b05337,gt_geometry,operational,0.0,0.0,,0,0,16
3e83f47571b05337,gt_geometry,strict,0.0,0.0,,0,0,16
3e83f47571b05337,grpo_mass_pc,operational,0.0,0.0,,0,0,16
3e83f47571b05337,grpo_mass_pc,strict,0.0,0.0,,0,0,0
f36236f06fb556a0,score,operational,0.0,0.0,,0,0,16
f36236f06fb556a0,score,strict,0.0,0.0,,0,0,16
f36236f06fb556a0,pareto,operational,0.0,0.0,,0,0,16
f36236f06fb556a0,pareto,strict,0.0,0.0,,0,0,16
f36236f06fb556a0,gt_geometry,operational,0.0,0.0,,0,0,14
f36236f06fb556a0,gt_geometry,strict,0.0,0.0,,0,0,14
f36236f06fb556a0,grpo_mass_pc,operational,0.0,0.0,,0,0,16
f36236f06fb556a0,grpo_mass_pc,strict,0.0,0.0,,0,0,0
ed717de405885939,score,operational,0.0,0.0,,0,0,15
ed717de405885939,score,strict,0.0,0.0,,0,0,15
ed717de405885939,pareto,operational,0.0,0.0,,0,0,15
ed717de405885939,pareto,strict,0.0,0.0,,0,0,15
ed717de405885939,gt_geometry,operational,0.0,0.0,,0,0,14
ed717de405885939,gt_geometry,strict,0.0,0.0,,0,0,14
ed717de405885939,grpo_mass_pc,operational,0.0,0.0,,0,0,15
ed717de405885939,grpo_mass_pc,strict,0.0,0.0,,0,0,0
a8b0833c7a065b81,score,operational,0.0,0.0,,0,0,16
a8b0833c7a065b81,score,strict,0.0,0.0,,0,0,16
a8b0833c7a065b81,pareto,operational,0.0,0.0,,0,0,16
a8b0833c7a065b81,pareto,strict,0.0,0.0,,0,0,16
a8b0833c7a065b81,gt_geometry,operational,0.0,0.0,,0,0,16
a8b0833c7a065b81,gt_geometry,strict,0.0,0.0,,0,0,16
a8b0833c7a065b81,grpo_mass_pc,operational,0.0,0.0,,0,0,16
a8b0833c7a065b81,grpo_mass_pc,strict,0.0,0.0,,0,0,0
f426002d6e275e78,score,operational,0.0,0.0,,0,0,16
f426002d6e275e78,score,strict,0.0,0.0,,0,0,16
f426002d6e275e78,pareto,operational,0.0,0.0,,0,0,16
f426002d6e275e78,pareto,strict,0.0,0.0,,0,0,16
f426002d6e275e78,gt_geometry,operational,0.0,0.0,,0,0,16
f426002d6e275e78,gt_geometry,strict,0.0,0.0,,0,0,16
f426002d6e275e78,grpo_mass_pc,operational,0.0,0.0,,0,0,16
f426002d6e275e78,grpo_mass_pc,strict,0.0,0.0,,0,0,0
3382fe7a030150df,score,operational,0.0,0.0,,0,0,10
3382fe7a030150df,score,strict,0.0,0.0,,0,0,10
3382fe7a030150df,pareto,operational,0.0,0.0,,0,0,11
3382fe7a030150df,pareto,strict,0.0,0.0,,0,0,11
3382fe7a030150df,gt_geometry,operational,0.0,0.0,,0,0,12
3382fe7a030150df,gt_geometry,strict,0.0,0.0,,0,0,12
3382fe7a030150df,grpo_mass_pc,operational,0.0,0.0,,0,0,10
3382fe7a030150df,grpo_mass_pc,strict,0.0,0.0,,0,0,0
a0283fb79a975f2c,score,operational,0.0,0.0,,0,0,16
a0283fb79a975f2c,score,strict,0.0,0.0,,0,0,16
a0283fb79a975f2c,pareto,operational,0.0,0.0,,0,0,16
a0283fb79a975f2c,pareto,strict,0.0,0.0,,0,0,16
a0283fb79a975f2c,gt_geometry,operational,0.0,0.0,,0,0,12
a0283fb79a975f2c,gt_geometry,strict,0.0,0.0,,0,0,12
a0283fb79a975f2c,grpo_mass_pc,operational,0.0,0.0,,0,0,16
a0283fb79a975f2c,grpo_mass_pc,strict,0.0,0.0,,0,0,0
45e7e76381d85846,score,operational,0.0,0.0,,0,0,16
45e7e76381d85846,score,strict,0.0,0.0,,0,0,16
45e7e76381d85846,pareto,operational,0.0,0.0,,0,0,16
45e7e76381d85846,pareto,strict,0.0,0.0,,0,0,16
45e7e76381d85846,gt_geometry,operational,0.0,0.0,,0,0,16
45e7e76381d85846,gt_geometry,strict,0.0,0.0,,0,0,16
45e7e76381d85846,grpo_mass_pc,operational,0.0,0.0,,0,0,16
45e7e76381d85846,grpo_mass_pc,strict,0.0,0.0,,0,0,0
9cac2a2e22c25964,score,operational,0.0,0.0,,0,0,12
9cac2a2e22c25964,score,strict,0.0,0.0,,0,0,12
9cac2a2e22c25964,pareto,operational,0.0,0.0,,0,0,14
9cac2a2e22c25964,pareto,strict,0.0,0.0,,0,0,14
9cac2a2e22c25964,gt_geometry,operational,0.0,0.0,,0,0,13
9cac2a2e22c25964,gt_geometry,strict,0.0,0.0,,0,0,13
9cac2a2e22c25964,grpo_mass_pc,operational,0.0,0.0,,0,0,12
9cac2a2e22c25964,grpo_mass_pc,strict,0.0,0.0,,0,0,0
f86b2f13b23d5470,score,operational,0.0,0.0,,0,0,16
f86b2f13b23d5470,score,strict,0.0,0.0,,0,0,16
f86b2f13b23d5470,pareto,operational,0.0,0.0,,0,0,16
f86b2f13b23d5470,pareto,strict,0.0,0.0,,0,0,16
f86b2f13b23d5470,gt_geometry,operational,0.0,0.0,,0,0,13
f86b2f13b23d5470,gt_geometry,strict,0.0,0.0,,0,0,13
f86b2f13b23d5470,grpo_mass_pc,operational,0.0,0.0,,0,0,16
f86b2f13b23d5470,grpo_mass_pc,strict,0.0,0.0,,0,0,0
6e5e2d80ec915e15,score,operational,0.0,0.0,,0,0,16
6e5e2d80ec915e15,score,strict,0.0,0.0,,0,0,16
6e5e2d80ec915e15,pareto,operational,0.0,0.0,,0,0,16
6e5e2d80ec915e15,pareto,strict,0.0,0.0,,0,0,16
6e5e2d80ec915e15,gt_geometry,operational,0.0,0.0,,0,0,12
6e5e2d80ec915e15,gt_geometry,strict,0.0,0.0,,0,0,12
6e5e2d80ec915e15,grpo_mass_pc,operational,0.0,0.0,,0,0,16
6e5e2d80ec915e15,grpo_mass_pc,strict,0.0,0.0,,0,0,0
b5d7c17fe5375141,score,operational,0.0,0.0,,0,0,14
b5d7c17fe5375141,score,strict,0.0,0.0,,0,0,14
b5d7c17fe5375141,pareto,operational,0.0,0.0,,0,0,16
b5d7c17fe5375141,pareto,strict,0.0,0.0,,0,0,16
b5d7c17fe5375141,gt_geometry,operational,0.0,0.0,,0,0,10
b5d7c17fe5375141,gt_geometry,strict,0.0,0.0,,0,0,10
b5d7c17fe5375141,grpo_mass_pc,operational,0.0,0.0,,0,0,14
b5d7c17fe5375141,grpo_mass_pc,strict,0.0,0.0,,0,0,0
bae3d8ac0ee85cad,score,operational,0.0,0.0,,0,0,16
bae3d8ac0ee85cad,score,strict,0.0,0.0,,0,0,16
bae3d8ac0ee85cad,pareto,operational,0.0,0.0,,0,0,16
bae3d8ac0ee85cad,pareto,strict,0.0,0.0,,0,0,16
bae3d8ac0ee85cad,gt_geometry,operational,0.0,0.0,,0,0,16
bae3d8ac0ee85cad,gt_geometry,strict,0.0,0.0,,0,0,16
bae3d8ac0ee85cad,grpo_mass_pc,operational,0.0,0.0,,0,0,16
bae3d8ac0ee85cad,grpo_mass_pc,strict,0.0,0.0,,0,0,0
4833c4f6d87f5021,score,operational,0.0,0.0,,0,0,16
4833c4f6d87f5021,score,strict,0.0,0.0,,0,0,16
4833c4f6d87f5021,pareto,operational,0.0,0.0,,0,0,16
4833c4f6d87f5021,pareto,strict,0.0,0.0,,0,0,16
4833c4f6d87f5021,gt_geometry,operational,0.0,0.0,,0,0,16
4833c4f6d87f5021,gt_geometry,strict,0.0,0.0,,0,0,16
4833c4f6d87f5021,grpo_mass_pc,operational,0.0,0.0,,0,0,16
4833c4f6d87f5021,grpo_mass_pc,strict,0.0,0.0,,0,0,0
a507cbf8c4055960,score,operational,0.0,0.0,,0,0,14
a507cbf8c4055960,score,strict,0.0,0.0,,0,0,14
a507cbf8c4055960,pareto,operational,0.0,0.0,,0,0,14
a507cbf8c4055960,pareto,strict,0.0,0.0,,0,0,14
a507cbf8c4055960,gt_geometry,operational,0.0,0.0,,0,0,12
a507cbf8c4055960,gt_geometry,strict,0.0,0.0,,0,0,12
a507cbf8c4055960,grpo_mass_pc,operational,0.0,0.0,,0,0,14
a507cbf8c4055960,grpo_mass_pc,strict,0.0,0.0,,0,0,0
331e21d3c8d65bae,score,operational,0.0,0.0,,0,0,11
331e21d3c8d65bae,score,strict,0.0,0.0,,0,0,11
331e21d3c8d65bae,pareto,operational,0.0,0.0,,0,0,11
331e21d3c8d65bae,pareto,strict,0.0,0.0,,0,0,11
331e21d3c8d65bae,gt_geometry,operational,0.0,0.0,,0,0,9
331e21d3c8d65bae,gt_geometry,strict,0.0,0.0,,0,0,9
331e21d3c8d65bae,grpo_mass_pc,operational,0.0,0.0,,0,0,11
331e21d3c8d65bae,grpo_mass_pc,strict,0.0,0.0,,0,0,0
c5f7460ee0da513a,score,operational,0.0,0.0,,0,0,13
c5f7460ee0da513a,score,strict,0.0,0.0,,0,0,13
c5f7460ee0da513a,pareto,operational,0.0,0.0,,0,0,16
c5f7460ee0da513a,pareto,strict,0.0,0.0,,0,0,16
c5f7460ee0da513a,gt_geometry,operational,0.0,0.0,,0,0,11
c5f7460ee0da513a,gt_geometry,strict,0.0,0.0,,0,0,11
c5f7460ee0da513a,grpo_mass_pc,operational,0.0,0.0,,0,0,13
c5f7460ee0da513a,grpo_mass_pc,strict,0.0,0.0,,0,0,0
7eb9b36921b25d5b,score,operational,0.0,0.0,,0,0,12
7eb9b36921b25d5b,score,strict,0.0,0.0,,0,0,12
7eb9b36921b25d5b,pareto,operational,0.0,0.0,,0,0,14
7eb9b36921b25d5b,pareto,strict,0.0,0.0,,0,0,14
7eb9b36921b25d5b,gt_geometry,operational,0.0,0.0,,0,0,11
7eb9b36921b25d5b,gt_geometry,strict,0.0,0.0,,0,0,11
7eb9b36921b25d5b,grpo_mass_pc,operational,0.0,0.0,,0,0,12
7eb9b36921b25d5b,grpo_mass_pc,strict,0.0,0.0,,0,0,0
8d76cc7ca097546b,score,operational,0.0,0.0,,0,0,16
8d76cc7ca097546b,score,strict,0.0,0.0,,0,0,16
8d76cc7ca097546b,pareto,operational,0.0,0.0,,0,0,16
8d76cc7ca097546b,pareto,strict,0.0,0.0,,0,0,16
8d76cc7ca097546b,gt_geometry,operational,0.0,0.0,,0,0,16
8d76cc7ca097546b,gt_geometry,strict,0.0,0.0,,0,0,16
8d76cc7ca097546b,grpo_mass_pc,operational,0.0,0.0,,0,0,16
8d76cc7ca097546b,grpo_mass_pc,strict,0.0,0.0,,0,0,0
7b20cfb388a15b3d,score,operational,0.0,0.0,,0,0,15
7b20cfb388a15b3d,score,strict,0.0,0.0,,0,0,15
7b20cfb388a15b3d,pareto,operational,0.0,0.0,,0,0,15
7b20cfb388a15b3d,pareto,strict,0.0,0.0,,0,0,15
7b20cfb388a15b3d,gt_geometry,operational,0.0,0.0,,0,0,11
7b20cfb388a15b3d,gt_geometry,strict,0.0,0.0,,0,0,11
7b20cfb388a15b3d,grpo_mass_pc,operational,0.0,0.0,,0,0,15
7b20cfb388a15b3d,grpo_mass_pc,strict,0.0,0.0,,0,0,0
87a04f063e505051,score,operational,0.0,0.0,,0,0,16
87a04f063e505051,score,strict,0.0,0.0,,0,0,16
87a04f063e505051,pareto,operational,0.0,0.0,,0,0,16
87a04f063e505051,pareto,strict,0.0,0.0,,0,0,16
87a04f063e505051,gt_geometry,operational,0.0,0.0,,0,0,16
87a04f063e505051,gt_geometry,strict,0.0,0.0,,0,0,16
87a04f063e505051,grpo_mass_pc,operational,0.0,0.0,,0,0,16
87a04f063e505051,grpo_mass_pc,strict,0.0,0.0,,0,0,0
e4fda5ede9c657f1,score,operational,0.0,0.0,,0,0,16
e4fda5ede9c657f1,score,strict,0.0,0.0,,0,0,16
e4fda5ede9c657f1,pareto,operational,0.0,0.0,,0,0,16
e4fda5ede9c657f1,pareto,strict,0.0,0.0,,0,0,16
e4fda5ede9c657f1,gt_geometry,operational,0.0,0.0,,0,0,12
e4fda5ede9c657f1,gt_geometry,strict,0.0,0.0,,0,0,12
e4fda5ede9c657f1,grpo_mass_pc,operational,0.0,0.0,,0,0,16
e4fda5ede9c657f1,grpo_mass_pc,strict,0.0,0.0,,0,0,0
163693e2ba175db3,score,operational,0.0,0.0,,0,0,16
163693e2ba175db3,score,strict,0.0,0.0,,0,0,16
163693e2ba175db3,pareto,operational,0.0,0.0,,0,0,16
163693e2ba175db3,pareto,strict,0.0,0.0,,0,0,16
163693e2ba175db3,gt_geometry,operational,0.0,0.0,,0,0,16
163693e2ba175db3,gt_geometry,strict,0.0,0.0,,0,0,16
163693e2ba175db3,grpo_mass_pc,operational,0.0,0.0,,0,0,16
163693e2ba175db3,grpo_mass_pc,strict,0.0,0.0,,0,0,0
007505437ed45b53,score,operational,0.0,0.0,,0,0,16
007505437ed45b53,score,strict,0.0,0.0,,0,0,16
007505437ed45b53,pareto,operational,0.0,0.0,,0,0,16
007505437ed45b53,pareto,strict,0.0,0.0,,0,0,16
007505437ed45b53,gt_geometry,operational,0.0,0.0,,0,0,13
007505437ed45b53,gt_geometry,strict,0.0,0.0,,0,0,13
007505437ed45b53,grpo_mass_pc,operational,0.0,0.0,,0,0,16
007505437ed45b53,grpo_mass_pc,strict,0.0,0.0,,0,0,0
b1199a48987b5f73,score,operational,0.0,0.0,,0,0,16
b1199a48987b5f73,score,strict,0.0,0.0,,0,0,16
b1199a48987b5f73,pareto,operational,0.0,0.0,,0,0,16
b1199a48987b5f73,pareto,strict,0.0,0.0,,0,0,16
b1199a48987b5f73,gt_geometry,operational,0.0,0.0,,0,0,13
b1199a48987b5f73,gt_geometry,strict,0.0,0.0,,0,0,13
b1199a48987b5f73,grpo_mass_pc,operational,0.0,0.0,,0,0,16
b1199a48987b5f73,grpo_mass_pc,strict,0.0,0.0,,0,0,0
a1bcc195c8e85f37,score,operational,0.0,0.0,,0,0,16
a1bcc195c8e85f37,score,strict,0.0,0.0,,0,0,16
a1bcc195c8e85f37,pareto,operational,0.0,0.0,,0,0,16
a1bcc195c8e85f37,pareto,strict,0.0,0.0,,0,0,16
a1bcc195c8e85f37,gt_geometry,operational,0.0,0.0,,0,0,12
a1bcc195c8e85f37,gt_geometry,strict,0.0,0.0,,0,0,12
a1bcc195c8e85f37,grpo_mass_pc,operational,0.0,0.0,,0,0,16
a1bcc195c8e85f37,grpo_mass_pc,strict,0.0,0.0,,0,0,0
99c663a7b4e15514,score,operational,0.0,0.0,,0,0,16
99c663a7b4e15514,score,strict,0.0,0.0,,0,0,16
99c663a7b4e15514,pareto,operational,0.0,0.0,,0,0,16
99c663a7b4e15514,pareto,strict,0.0,0.0,,0,0,16
99c663a7b4e15514,gt_geometry,operational,0.0,0.0,,0,0,12
99c663a7b4e15514,gt_geometry,strict,0.0,0.0,,0,0,12
99c663a7b4e15514,grpo_mass_pc,operational,0.0,0.0,,0,0,16
99c663a7b4e15514,grpo_mass_pc,strict,0.0,0.0,,0,0,0
2b9bcbd586b55042,score,operational,0.0,0.0,,0,0,13
2b9bcbd586b55042,score,strict,0.0,0.0,,0,0,13
2b9bcbd586b55042,pareto,operational,0.0,0.0,,0,0,14
2b9bcbd586b55042,pareto,strict,0.0,0.0,,0,0,14
2b9bcbd586b55042,gt_geometry,operational,0.0,0.0,,0,0,8
2b9bcbd586b55042,gt_geometry,strict,0.0,0.0,,0,0,8
2b9bcbd586b55042,grpo_mass_pc,operational,0.0,0.0,,0,0,13
2b9bcbd586b55042,grpo_mass_pc,strict,0.0,0.0,,0,0,0
113b14c30cc25989,score,operational,0.0,0.0,,0,0,16
113b14c30cc25989,score,strict,0.0,0.0,,0,0,16
113b14c30cc25989,pareto,operational,0.0,0.0,,0,0,16
113b14c30cc25989,pareto,strict,0.0,0.0,,0,0,16
113b14c30cc25989,gt_geometry,operational,0.0,0.0,,0,0,16
113b14c30cc25989,gt_geometry,strict,0.0,0.0,,0,0,16
113b14c30cc25989,grpo_mass_pc,operational,0.0,0.0,,0,0,16
113b14c30cc25989,grpo_mass_pc,strict,0.0,0.0,,0,0,0
b37b1679fd745ac9,score,operational,0.0,0.0,,0,0,13
b37b1679fd745ac9,score,strict,0.0,0.0,,0,0,13
b37b1679fd745ac9,pareto,operational,0.0,0.0,,0,0,13
b37b1679fd745ac9,pareto,strict,0.0,0.0,,0,0,13
b37b1679fd745ac9,gt_geometry,operational,0.0,0.0,,0,0,10
b37b1679fd745ac9,gt_geometry,strict,0.0,0.0,,0,0,10
b37b1679fd745ac9,grpo_mass_pc,operational,0.0,0.0,,0,0,13
b37b1679fd745ac9,grpo_mass_pc,strict,0.0,0.0,,0,0,0
a4b7b2795e615efb,score,operational,0.0,0.0,,0,0,16
a4b7b2795e615efb,score,strict,0.0,0.0,,0,0,16
a4b7b2795e615efb,pareto,operational,0.0,0.0,,0,0,16
a4b7b2795e615efb,pareto,strict,0.0,0.0,,0,0,16
a4b7b2795e615efb,gt_geometry,operational,0.0,0.0,,0,0,15
a4b7b2795e615efb,gt_geometry,strict,0.0,0.0,,0,0,15
a4b7b2795e615efb,grpo_mass_pc,operational,0.0,0.0,,0,0,16
a4b7b2795e615efb,grpo_mass_pc,strict,0.0,0.0,,0,0,0
c75edb67a65b5a33,score,operational,0.0,0.0,,0,0,16
c75edb67a65b5a33,score,strict,0.0,0.0,,0,0,16
c75edb67a65b5a33,pareto,operational,0.0,0.0,,0,0,16
c75edb67a65b5a33,pareto,strict,0.0,0.0,,0,0,16
c75edb67a65b5a33,gt_geometry,operational,0.0,0.0,,0,0,13
c75edb67a65b5a33,gt_geometry,strict,0.0,0.0,,0,0,13
c75edb67a65b5a33,grpo_mass_pc,operational,0.0,0.0,,0,0,16
c75edb67a65b5a33,grpo_mass_pc,strict,0.0,0.0,,0,0,0
fbec1eb4b33955e2,score,operational,0.0,0.0,,0,0,15
fbec1eb4b33955e2,score,strict,0.0,0.0,,0,0,15
fbec1eb4b33955e2,pareto,operational,0.0,0.0,,0,0,15
fbec1eb4b33955e2,pareto,strict,0.0,0.0,,0,0,15
fbec1eb4b33955e2,gt_geometry,operational,0.0,0.0,,0,0,12
fbec1eb4b33955e2,gt_geometry,strict,0.0,0.0,,0,0,12
fbec1eb4b33955e2,grpo_mass_pc,operational,0.0,0.0,,0,0,15
fbec1eb4b33955e2,grpo_mass_pc,strict,0.0,0.0,,0,0,0
c1ae700926d4577c,score,operational,0.0,0.0,,0,0,16
c1ae700926d4577c,score,strict,0.0,0.0,,0,0,16
c1ae700926d4577c,pareto,operational,0.0,0.0,,0,0,16
c1ae700926d4577c,pareto,strict,0.0,0.0,,0,0,16
c1ae700926d4577c,gt_geometry,operational,0.0,0.0,,0,0,13
c1ae700926d4577c,gt_geometry,strict,0.0,0.0,,0,0,13
c1ae700926d4577c,grpo_mass_pc,operational,0.0,0.0,,0,0,16
c1ae700926d4577c,grpo_mass_pc,strict,0.0,0.0,,0,0,0
eba5b88270db545e,score,operational,0.0,0.0,,0,0,14
eba5b88270db545e,score,strict,0.0,0.0,,0,0,14
eba5b88270db545e,pareto,operational,0.0,0.0,,0,0,16
eba5b88270db545e,pareto,strict,0.0,0.0,,0,0,16
eba5b88270db545e,gt_geometry,operational,0.0,0.0,,0,0,9
eba5b88270db545e,gt_geometry,strict,0.0,0.0,,0,0,9
eba5b88270db545e,grpo_mass_pc,operational,0.0,0.0,,0,0,14
eba5b88270db545e,grpo_mass_pc,strict,0.0,0.0,,0,0,0
0481ff72500154f2,score,operational,0.0,0.0,,0,0,16
0481ff72500154f2,score,strict,0.0,0.0,,0,0,16
0481ff72500154f2,pareto,operational,0.0,0.0,,0,0,16
0481ff72500154f2,pareto,strict,0.0,0.0,,0,0,16
0481ff72500154f2,gt_geometry,operational,0.0,0.0,,0,0,16
0481ff72500154f2,gt_geometry,strict,0.0,0.0,,0,0,16
0481ff72500154f2,grpo_mass_pc,operational,0.0,0.0,,0,0,16
0481ff72500154f2,grpo_mass_pc,strict,0.0,0.0,,0,0,0
70d9d2c73e4155d4,score,operational,0.0,0.0,,0,0,16
70d9d2c73e4155d4,score,strict,0.0,0.0,,0,0,16
70d9d2c73e4155d4,pareto,operational,0.0,0.0,,0,0,16
70d9d2c73e4155d4,pareto,strict,0.0,0.0,,0,0,16
70d9d2c73e4155d4,gt_geometry,operational,0.0,0.0,,0,0,14
70d9d2c73e4155d4,gt_geometry,strict,0.0,0.0,,0,0,14
70d9d2c73e4155d4,grpo_mass_pc,operational,0.0,0.0,,0,0,16
70d9d2c73e4155d4,grpo_mass_pc,strict,0.0,0.0,,0,0,0
685c110d6a615ff8,score,operational,0.0,0.0,,0,0,16
685c110d6a615ff8,score,strict,0.0,0.0,,0,0,16
685c110d6a615ff8,pareto,operational,0.0,0.0,,0,0,16
685c110d6a615ff8,pareto,strict,0.0,0.0,,0,0,16
685c110d6a615ff8,gt_geometry,operational,0.0,0.0,,0,0,16
685c110d6a615ff8,gt_geometry,strict,0.0,0.0,,0,0,16
685c110d6a615ff8,grpo_mass_pc,operational,0.0,0.0,,0,0,16
685c110d6a615ff8,grpo_mass_pc,strict,0.0,0.0,,0,0,0
b1483be2f1e35882,score,operational,0.0,0.0,,0,0,16
b1483be2f1e35882,score,strict,0.0,0.0,,0,0,16
b1483be2f1e35882,pareto,operational,0.0,0.0,,0,0,16
b1483be2f1e35882,pareto,strict,0.0,0.0,,0,0,16
b1483be2f1e35882,gt_geometry,operational,0.0,0.0,,0,0,16
b1483be2f1e35882,gt_geometry,strict,0.0,0.0,,0,0,16
b1483be2f1e35882,grpo_mass_pc,operational,0.0,0.0,,0,0,16
b1483be2f1e35882,grpo_mass_pc,strict,0.0,0.0,,0,0,0
de0fb293bb4859e7,score,operational,0.0,0.0,,0,0,13
de0fb293bb4859e7,score,strict,0.0,0.0,,0,0,13
de0fb293bb4859e7,pareto,operational,0.0,0.0,,0,0,14
de0fb293bb4859e7,pareto,strict,0.0,0.0,,0,0,14
de0fb293bb4859e7,gt_geometry,operational,0.0,0.0,,0,0,10
de0fb293bb4859e7,gt_geometry,strict,0.0,0.0,,0,0,10
de0fb293bb4859e7,grpo_mass_pc,operational,0.0,0.0,,0,0,13
de0fb293bb4859e7,grpo_mass_pc,strict,0.0,0.0,,0,0,0
335528f321b45d88,score,operational,0.0,0.0,,0,0,16
335528f321b45d88,score,strict,0.0,0.0,,0,0,16
335528f321b45d88,pareto,operational,0.0,0.0,,0,0,16
335528f321b45d88,pareto,strict,0.0,0.0,,0,0,16
335528f321b45d88,gt_geometry,operational,0.0,0.0,,0,0,16
335528f321b45d88,gt_geometry,strict,0.0,0.0,,0,0,16
335528f321b45d88,grpo_mass_pc,operational,0.0,0.0,,0,0,16
335528f321b45d88,grpo_mass_pc,strict,0.0,0.0,,0,0,0
e5ba0fd6afc15419,score,operational,0.0,0.0,,0,0,16
e5ba0fd6afc15419,score,strict,0.0,0.0,,0,0,16
e5ba0fd6afc15419,pareto,operational,0.0,0.0,,0,0,16
e5ba0fd6afc15419,pareto,strict,0.0,0.0,,0,0,16
e5ba0fd6afc15419,gt_geometry,operational,0.0,0.0,,0,0,16
e5ba0fd6afc15419,gt_geometry,strict,0.0,0.0,,0,0,16
e5ba0fd6afc15419,grpo_mass_pc,operational,0.0,0.0,,0,0,16
e5ba0fd6afc15419,grpo_mass_pc,strict,0.0,0.0,,0,0,0
07bd6c8c7de152a6,score,operational,0.0,0.0,,0,0,16
07bd6c8c7de152a6,score,strict,0.0,0.0,,0,0,16
07bd6c8c7de152a6,pareto,operational,0.0,0.0,,0,0,16
07bd6c8c7de152a6,pareto,strict,0.0,0.0,,0,0,16
07bd6c8c7de152a6,gt_geometry,operational,0.0,0.0,,0,0,16
07bd6c8c7de152a6,gt_geometry,strict,0.0,0.0,,0,0,16
07bd6c8c7de152a6,grpo_mass_pc,operational,0.0,0.0,,0,0,16
07bd6c8c7de152a6,grpo_mass_pc,strict,0.0,0.0,,0,0,0
0b9f2aceebbf5003,score,operational,0.0,0.0,,0,0,16
0b9f2aceebbf5003,score,strict,0.0,0.0,,0,0,16
0b9f2aceebbf5003,pareto,operational,0.0,0.0,,0,0,16
0b9f2aceebbf5003,pareto,strict,0.0,0.0,,0,0,16
0b9f2aceebbf5003,gt_geometry,operational,0.0,0.0,,0,0,16
0b9f2aceebbf5003,gt_geometry,strict,0.0,0.0,,0,0,16
0b9f2aceebbf5003,grpo_mass_pc,operational,0.0,0.0,,0,0,16
0b9f2aceebbf5003,grpo_mass_pc,strict,0.0,0.0,,0,0,0
e8991ab64afb5db6,score,operational,0.0,0.0,,0,0,16
e8991ab64afb5db6,score,strict,0.0,0.0,,0,0,16
e8991ab64afb5db6,pareto,operational,0.0,0.0,,0,0,16
e8991ab64afb5db6,pareto,strict,0.0,0.0,,0,0,16
e8991ab64afb5db6,gt_geometry,operational,0.0,0.0,,0,0,16
e8991ab64afb5db6,gt_geometry,strict,0.0,0.0,,0,0,16
e8991ab64afb5db6,grpo_mass_pc,operational,0.0,0.0,,0,0,16
e8991ab64afb5db6,grpo_mass_pc,strict,0.0,0.0,,0,0,0
66c135a6ec7f53c4,score,operational,0.0,0.0,,0,0,16
66c135a6ec7f53c4,score,strict,0.0,0.0,,0,0,16
66c135a6ec7f53c4,pareto,operational,0.0,0.0,,0,0,16
66c135a6ec7f53c4,pareto,strict,0.0,0.0,,0,0,16
66c135a6ec7f53c4,gt_geometry,operational,0.0,0.0,,0,0,16
66c135a6ec7f53c4,gt_geometry,strict,0.0,0.0,,0,0,16
66c135a6ec7f53c4,grpo_mass_pc,operational,0.0,0.0,,0,0,16
66c135a6ec7f53c4,grpo_mass_pc,strict,0.0,0.0,,0,0,0
1fe597d0fb1454dc,score,operational,0.0,0.0,,0,0,16
1fe597d0fb1454dc,score,strict,0.0,0.0,,0,0,16
1fe597d0fb1454dc,pareto,operational,0.0,0.0,,0,0,16
1fe597d0fb1454dc,pareto,strict,0.0,0.0,,0,0,16
1fe597d0fb1454dc,gt_geometry,operational,0.0,0.0,,0,0,13
1fe597d0fb1454dc,gt_geometry,strict,0.0,0.0,,0,0,13
1fe597d0fb1454dc,grpo_mass_pc,operational,0.0,0.0,,0,0,16
1fe597d0fb1454dc,grpo_mass_pc,strict,0.0,0.0,,0,0,0
fefa00cc3fe65b70,score,operational,0.0,0.0,,0,0,16
fefa00cc3fe65b70,score,strict,0.0,0.0,,0,0,16
fefa00cc3fe65b70,pareto,operational,0.0,0.0,,0,0,16
fefa00cc3fe65b70,pareto,strict,0.0,0.0,,0,0,16
fefa00cc3fe65b70,gt_geometry,operational,0.0,0.0,,0,0,13
fefa00cc3fe65b70,gt_geometry,strict,0.0,0.0,,0,0,13
fefa00cc3fe65b70,grpo_mass_pc,operational,0.0,0.0,,0,0,16
fefa00cc3fe65b70,grpo_mass_pc,strict,0.0,0.0,,0,0,0
fddb21da30bb54c2,score,operational,0.0,0.0,,0,0,16
fddb21da30bb54c2,score,strict,0.0,0.0,,0,0,16
fddb21da30bb54c2,pareto,operational,0.0,0.0,,0,0,16
fddb21da30bb54c2,pareto,strict,0.0,0.0,,0,0,16
fddb21da30bb54c2,gt_geometry,operational,0.0,0.0,,0,0,16
fddb21da30bb54c2,gt_geometry,strict,0.0,0.0,,0,0,16
fddb21da30bb54c2,grpo_mass_pc,operational,0.0,0.0,,0,0,16
fddb21da30bb54c2,grpo_mass_pc,strict,0.0,0.0,,0,0,0
aceba8d21dfe5d03,score,operational,0.0,0.0,,0,0,16
aceba8d21dfe5d03,score,strict,0.0,0.0,,0,0,16
aceba8d21dfe5d03,pareto,operational,0.0,0.0,,0,0,16
aceba8d21dfe5d03,pareto,strict,0.0,0.0,,0,0,16
aceba8d21dfe5d03,gt_geometry,operational,0.0,0.0,,0,0,14
aceba8d21dfe5d03,gt_geometry,strict,0.0,0.0,,0,0,14
aceba8d21dfe5d03,grpo_mass_pc,operational,0.0,0.0,,0,0,16
aceba8d21dfe5d03,grpo_mass_pc,strict,0.0,0.0,,0,0,0
ac940ab1e16558e9,score,operational,0.0,0.0,,0,0,16
ac940ab1e16558e9,score,strict,0.0,0.0,,0,0,16
ac940ab1e16558e9,pareto,operational,0.0,0.0,,0,0,16
ac940ab1e16558e9,pareto,strict,0.0,0.0,,0,0,16
ac940ab1e16558e9,gt_geometry,operational,0.0,0.0,,0,0,16
ac940ab1e16558e9,gt_geometry,strict,0.0,0.0,,0,0,16
ac940ab1e16558e9,grpo_mass_pc,operational,0.0,0.0,,0,0,16
ac940ab1e16558e9,grpo_mass_pc,strict,0.0,0.0,,0,0,0
4ac0a91fc4dd5ca9,score,operational,0.0,0.0,,0,0,16
4ac0a91fc4dd5ca9,score,strict,0.0,0.0,,0,0,16
4ac0a91fc4dd5ca9,pareto,operational,0.0,0.0,,0,0,16
4ac0a91fc4dd5ca9,pareto,strict,0.0,0.0,,0,0,16
4ac0a91fc4dd5ca9,gt_geometry,operational,0.0,0.0,,0,0,16
4ac0a91fc4dd5ca9,gt_geometry,strict,0.0,0.0,,0,0,16
4ac0a91fc4dd5ca9,grpo_mass_pc,operational,0.0,0.0,,0,0,16
4ac0a91fc4dd5ca9,grpo_mass_pc,strict,0.0,0.0,,0,0,0
cdec4cc7781e5d4d,score,operational,0.0,0.0,,0,0,16
cdec4cc7781e5d4d,score,strict,0.0,0.0,,0,0,16
cdec4cc7781e5d4d,pareto,operational,0.0,0.0,,0,0,16
cdec4cc7781e5d4d,pareto,strict,0.0,0.0,,0,0,16
cdec4cc7781e5d4d,gt_geometry,operational,0.0,0.0,,0,0,16
cdec4cc7781e5d4d,gt_geometry,strict,0.0,0.0,,0,0,16
cdec4cc7781e5d4d,grpo_mass_pc,operational,0.0,0.0,,0,0,16
cdec4cc7781e5d4d,grpo_mass_pc,strict,0.0,0.0,,0,0,0
01034b2411ce5ea0,score,operational,0.0,0.0,,0,0,16
01034b2411ce5ea0,score,strict,0.0,0.0,,0,0,16
01034b2411ce5ea0,pareto,operational,0.0,0.0,,0,0,16
01034b2411ce5ea0,pareto,strict,0.0,0.0,,0,0,16
01034b2411ce5ea0,gt_geometry,operational,0.0,0.0,,0,0,14
01034b2411ce5ea0,gt_geometry,strict,0.0,0.0,,0,0,14
01034b2411ce5ea0,grpo_mass_pc,operational,0.0,0.0,,0,0,16
01034b2411ce5ea0,grpo_mass_pc,strict,0.0,0.0,,0,0,0
fb7f5f4fd1a25f13,score,operational,0.0,0.0,,0,0,16
fb7f5f4fd1a25f13,score,strict,0.0,0.0,,0,0,16
fb7f5f4fd1a25f13,pareto,operational,0.0,0.0,,0,0,16
fb7f5f4fd1a25f13,pareto,strict,0.0,0.0,,0,0,16
fb7f5f4fd1a25f13,gt_geometry,operational,0.0,0.0,,0,0,16
fb7f5f4fd1a25f13,gt_geometry,strict,0.0,0.0,,0,0,16
fb7f5f4fd1a25f13,grpo_mass_pc,operational,0.0,0.0,,0,0,16
fb7f5f4fd1a25f13,grpo_mass_pc,strict,0.0,0.0,,0,0,0
dcea502e05ca5eb5,score,operational,0.0,0.0,,0,0,15
dcea502e05ca5eb5,score,strict,0.0,0.0,,0,0,15
dcea502e05ca5eb5,pareto,operational,0.0,0.0,,0,0,15
dcea502e05ca5eb5,pareto,strict,0.0,0.0,,0,0,15
dcea502e05ca5eb5,gt_geometry,operational,0.0,0.0,,0,0,12
dcea502e05ca5eb5,gt_geometry,strict,0.0,0.0,,0,0,12
dcea502e05ca5eb5,grpo_mass_pc,operational,0.0,0.0,,0,0,15
dcea502e05ca5eb5,grpo_mass_pc,strict,0.0,0.0,,0,0,0
28b79e32839a543b,score,operational,0.0,0.0,,0,0,16
28b79e32839a543b,score,strict,0.0,0.0,,0,0,16
28b79e32839a543b,pareto,operational,0.0,0.0,,0,0,16
28b79e32839a543b,pareto,strict,0.0,0.0,,0,0,16
28b79e32839a543b,gt_geometry,operational,0.0,0.0,,0,0,16
28b79e32839a543b,gt_geometry,strict,0.0,0.0,,0,0,16
28b79e32839a543b,grpo_mass_pc,operational,0.0,0.0,,0,0,16
28b79e32839a543b,grpo_mass_pc,strict,0.0,0.0,,0,0,0
2b07bad4bce156cd,score,operational,0.0,0.0,,0,0,16
2b07bad4bce156cd,score,strict,0.0,0.0,,0,0,16
2b07bad4bce156cd,pareto,operational,0.0,0.0,,0,0,16
2b07bad4bce156cd,pareto,strict,0.0,0.0,,0,0,16
2b07bad4bce156cd,gt_geometry,operational,0.0,0.0,,0,0,16
2b07bad4bce156cd,gt_geometry,strict,0.0,0.0,,0,0,16
2b07bad4bce156cd,grpo_mass_pc,operational,0.0,0.0,,0,0,16
2b07bad4bce156cd,grpo_mass_pc,strict,0.0,0.0,,0,0,0
66d778b97714583a,score,operational,0.0,0.0,,0,0,16
66d778b97714583a,score,strict,0.0,0.0,,0,0,16
66d778b97714583a,pareto,operational,0.0,0.0,,0,0,16
66d778b97714583a,pareto,strict,0.0,0.0,,0,0,16
66d778b97714583a,gt_geometry,operational,0.0,0.0,,0,0,16
66d778b97714583a,gt_geometry,strict,0.0,0.0,,0,0,16
66d778b97714583a,grpo_mass_pc,operational,0.0,0.0,,0,0,16
66d778b97714583a,grpo_mass_pc,strict,0.0,0.0,,0,0,0
a8c9f51e547a5fed,score,operational,0.0,0.0,,0,0,16
a8c9f51e547a5fed,score,strict,0.0,0.0,,0,0,16
a8c9f51e547a5fed,pareto,operational,0.0,0.0,,0,0,16
a8c9f51e547a5fed,pareto,strict,0.0,0.0,,0,0,16
a8c9f51e547a5fed,gt_geometry,operational,0.0,0.0,,0,0,14
a8c9f51e547a5fed,gt_geometry,strict,0.0,0.0,,0,0,14
a8c9f51e547a5fed,grpo_mass_pc,operational,0.0,0.0,,0,0,16
a8c9f51e547a5fed,grpo_mass_pc,strict,0.0,0.0,,0,0,0
7a0635b7942859c6,score,operational,0.0,0.0,,0,0,16
7a0635b7942859c6,score,strict,0.0,0.0,,0,0,16
7a0635b7942859c6,pareto,operational,0.0,0.0,,0,0,16
7a0635b7942859c6,pareto,strict,0.0,0.0,,0,0,16
7a0635b7942859c6,gt_geometry,operational,0.0,0.0,,0,0,16
7a0635b7942859c6,gt_geometry,strict,0.0,0.0,,0,0,16
7a0635b7942859c6,grpo_mass_pc,operational,0.0,0.0,,0,0,16
7a0635b7942859c6,grpo_mass_pc,strict,0.0,0.0,,0,0,0
84b13f58e18551a8,score,operational,0.0,0.0,,0,0,16
84b13f58e18551a8,score,strict,0.0,0.0,,0,0,16
84b13f58e18551a8,pareto,operational,0.0,0.0,,0,0,16
84b13f58e18551a8,pareto,strict,0.0,0.0,,0,0,16
84b13f58e18551a8,gt_geometry,operational,0.0,0.0,,0,0,16
84b13f58e18551a8,gt_geometry,strict,0.0,0.0,,0,0,16
84b13f58e18551a8,grpo_mass_pc,operational,0.0,0.0,,0,0,16
84b13f58e18551a8,grpo_mass_pc,strict,0.0,0.0,,0,0,0
87ec42ef94f75f0c,score,operational,0.0,0.0,,0,0,16
87ec42ef94f75f0c,score,strict,0.0,0.0,,0,0,16
87ec42ef94f75f0c,pareto,operational,0.0,0.0,,0,0,16
87ec42ef94f75f0c,pareto,strict,0.0,0.0,,0,0,16
87ec42ef94f75f0c,gt_geometry,operational,0.0,0.0,,0,0,14
87ec42ef94f75f0c,gt_geometry,strict,0.0,0.0,,0,0,14
87ec42ef94f75f0c,grpo_mass_pc,operational,0.0,0.0,,0,0,16
87ec42ef94f75f0c,grpo_mass_pc,strict,0.0,0.0,,0,0,0
feae0b42dda25c87,score,operational,0.0,0.0,,0,0,16
feae0b42dda25c87,score,strict,0.0,0.0,,0,0,16
feae0b42dda25c87,pareto,operational,0.0,0.0,,0,0,16
feae0b42dda25c87,pareto,strict,0.0,0.0,,0,0,16
feae0b42dda25c87,gt_geometry,operational,0.0,0.0,,0,0,16
feae0b42dda25c87,gt_geometry,strict,0.0,0.0,,0,0,16
feae0b42dda25c87,grpo_mass_pc,operational,0.0,0.0,,0,0,16
feae0b42dda25c87,grpo_mass_pc,strict,0.0,0.0,,0,0,0
b663343f65cd5e92,score,operational,0.0,0.0,,0,0,16
b663343f65cd5e92,score,strict,0.0,0.0,,0,0,16
b663343f65cd5e92,pareto,operational,0.0,0.0,,0,0,16
b663343f65cd5e92,pareto,strict,0.0,0.0,,0,0,16
b663343f65cd5e92,gt_geometry,operational,0.0,0.0,,0,0,16
b663343f65cd5e92,gt_geometry,strict,0.0,0.0,,0,0,16
b663343f65cd5e92,grpo_mass_pc,operational,0.0,0.0,,0,0,16
b663343f65cd5e92,grpo_mass_pc,strict,0.0,0.0,,0,0,0
71495dbc0a3255dc,score,operational,0.0,0.0,,0,0,16
71495dbc0a3255dc,score,strict,0.0,0.0,,0,0,16
71495dbc0a3255dc,pareto,operational,0.0,0.0,,0,0,16
71495dbc0a3255dc,pareto,strict,0.0,0.0,,0,0,16
71495dbc0a3255dc,gt_geometry,operational,0.0,0.0,,0,0,14
71495dbc0a3255dc,gt_geometry,strict,0.0,0.0,,0,0,14
71495dbc0a3255dc,grpo_mass_pc,operational,0.0,0.0,,0,0,16
71495dbc0a3255dc,grpo_mass_pc,strict,0.0,0.0,,0,0,0
244f412a59375c65,score,operational,0.0,0.0,,0,0,16
244f412a59375c65,score,strict,0.0,0.0,,0,0,16
244f412a59375c65,pareto,operational,0.0,0.0,,0,0,16
244f412a59375c65,pareto,strict,0.0,0.0,,0,0,16
244f412a59375c65,gt_geometry,operational,0.0,0.0,,0,0,16
244f412a59375c65,gt_geometry,strict,0.0,0.0,,0,0,16
244f412a59375c65,grpo_mass_pc,operational,0.0,0.0,,0,0,16
244f412a59375c65,grpo_mass_pc,strict,0.0,0.0,,0,0,0
5c1f98237d1852b9,score,operational,0.0,0.0,,0,0,16
5c1f98237d1852b9,score,strict,0.0,0.0,,0,0,16
5c1f98237d1852b9,pareto,operational,0.0,0.0,,0,0,16
5c1f98237d1852b9,pareto,strict,0.0,0.0,,0,0,16
5c1f98237d1852b9,gt_geometry,operational,0.0,0.0,,0,0,16
5c1f98237d1852b9,gt_geometry,strict,0.0,0.0,,0,0,16
5c1f98237d1852b9,grpo_mass_pc,operational,0.0,0.0,,0,0,16
5c1f98237d1852b9,grpo_mass_pc,strict,0.0,0.0,,0,0,0
9eddebd4be385650,score,operational,0.0,0.0,,0,0,16
9eddebd4be385650,score,strict,0.0,0.0,,0,0,16
9eddebd4be385650,pareto,operational,0.0,0.0,,0,0,16
9eddebd4be385650,pareto,strict,0.0,0.0,,0,0,16
9eddebd4be385650,gt_geometry,operational,0.0,0.0,,0,0,10
9eddebd4be385650,gt_geometry,strict,0.0,0.0,,0,0,10
9eddebd4be385650,grpo_mass_pc,operational,0.0,0.0,,0,0,16
9eddebd4be385650,grpo_mass_pc,strict,0.0,0.0,,0,0,0
b53636b863815077,score,operational,0.0,0.0,,0,0,16
b53636b863815077,score,strict,0.0,0.0,,0,0,16
b53636b863815077,pareto,operational,0.0,0.0,,0,0,16
b53636b863815077,pareto,strict,0.0,0.0,,0,0,16
b53636b863815077,gt_geometry,operational,0.0,0.0,,0,0,12
b53636b863815077,gt_geometry,strict,0.0,0.0,,0,0,12
b53636b863815077,grpo_mass_pc,operational,0.0,0.0,,0,0,16
b53636b863815077,grpo_mass_pc,strict,0.0,0.0,,0,0,0
1ef92a1e554b567c,score,operational,0.0,0.0,,0,0,16
1ef92a1e554b567c,score,strict,0.0,0.0,,0,0,16
1ef92a1e554b567c,pareto,operational,0.0,0.0,,0,0,16
1ef92a1e554b567c,pareto,strict,0.0,0.0,,0,0,16
1ef92a1e554b567c,gt_geometry,operational,0.0,0.0,,0,0,16
1ef92a1e554b567c,gt_geometry,strict,0.0,0.0,,0,0,16
1ef92a1e554b567c,grpo_mass_pc,operational,0.0,0.0,,0,0,16
1ef92a1e554b567c,grpo_mass_pc,strict,0.0,0.0,,0,0,0
019cfd828c3f5b7c,score,operational,0.0,0.0,,0,0,16
019cfd828c3f5b7c,score,strict,0.0,0.0,,0,0,16
019cfd828c3f5b7c,pareto,operational,0.0,0.0,,0,0,16
019cfd828c3f5b7c,pareto,strict,0.0,0.0,,0,0,16
019cfd828c3f5b7c,gt_geometry,operational,0.0,0.0,,0,0,10
019cfd828c3f5b7c,gt_geometry,strict,0.0,0.0,,0,0,10
019cfd828c3f5b7c,grpo_mass_pc,operational,0.0,0.0,,0,0,16
019cfd828c3f5b7c,grpo_mass_pc,strict,0.0,0.0,,0,0,0
55a649760430531d,score,operational,0.0,0.0,,0,0,16
55a649760430531d,score,strict,0.0,0.0,,0,0,16
55a649760430531d,pareto,operational,0.0,0.0,,0,0,16
55a649760430531d,pareto,strict,0.0,0.0,,0,0,16
55a649760430531d,gt_geometry,operational,0.0,0.0,,0,0,11
55a649760430531d,gt_geometry,strict,0.0,0.0,,0,0,11
55a649760430531d,grpo_mass_pc,operational,0.0,0.0,,0,0,16
55a649760430531d,grpo_mass_pc,strict,0.0,0.0,,0,0,0
377d9bb5bb125691,score,operational,0.0,0.0,,0,0,13
377d9bb5bb125691,score,strict,0.0,0.0,,0,0,13
377d9bb5bb125691,pareto,operational,0.0,0.0,,0,0,13
377d9bb5bb125691,pareto,strict,0.0,0.0,,0,0,13
377d9bb5bb125691,gt_geometry,operational,0.0,0.0,,0,0,9
377d9bb5bb125691,gt_geometry,strict,0.0,0.0,,0,0,9
377d9bb5bb125691,grpo_mass_pc,operational,0.0,0.0,,0,0,13
377d9bb5bb125691,grpo_mass_pc,strict,0.0,0.0,,0,0,0
a40383b62c8b5f0a,score,operational,0.0,0.0,,0,0,16
a40383b62c8b5f0a,score,strict,0.0,0.0,,0,0,16
a40383b62c8b5f0a,pareto,operational,0.0,0.0,,0,0,16
a40383b62c8b5f0a,pareto,strict,0.0,0.0,,0,0,16
a40383b62c8b5f0a,gt_geometry,operational,0.0,0.0,,0,0,16
a40383b62c8b5f0a,gt_geometry,strict,0.0,0.0,,0,0,16
a40383b62c8b5f0a,grpo_mass_pc,operational,0.0,0.0,,0,0,16
a40383b62c8b5f0a,grpo_mass_pc,strict,0.0,0.0,,0,0,0
6822dc0570565ef4,score,operational,0.0,0.0,,0,0,15
6822dc0570565ef4,score,strict,0.0,0.0,,0,0,15
6822dc0570565ef4,pareto,operational,0.0,0.0,,0,0,15
6822dc0570565ef4,pareto,strict,0.0,0.0,,0,0,15
6822dc0570565ef4,gt_geometry,operational,0.0,0.0,,0,0,13
6822dc0570565ef4,gt_geometry,strict,0.0,0.0,,0,0,13
6822dc0570565ef4,grpo_mass_pc,operational,0.0,0.0,,0,0,15
6822dc0570565ef4,grpo_mass_pc,strict,0.0,0.0,,0,0,0
6b5978b04dc85323,score,operational,0.0,0.0,,0,0,12
6b5978b04dc85323,score,strict,0.0,0.0,,0,0,12
6b5978b04dc85323,pareto,operational,0.0,0.0,,0,0,13
6b5978b04dc85323,pareto,strict,0.0,0.0,,0,0,13
6b5978b04dc85323,gt_geometry,operational,0.0,0.0,,0,0,11
6b5978b04dc85323,gt_geometry,strict,0.0,0.0,,0,0,11
6b5978b04dc85323,grpo_mass_pc,operational,0.0,0.0,,0,0,12
6b5978b04dc85323,grpo_mass_pc,strict,0.0,0.0,,0,0,0
28c5133d23575e81,score,operational,0.0,0.0,,0,0,16
28c5133d23575e81,score,strict,0.0,0.0,,0,0,16
28c5133d23575e81,pareto,operational,0.0,0.0,,0,0,16
28c5133d23575e81,pareto,strict,0.0,0.0,,0,0,16
28c5133d23575e81,gt_geometry,operational,0.0,0.0,,0,0,4
28c5133d23575e81,gt_geometry,strict,0.0,0.0,,0,0,4
28c5133d23575e81,grpo_mass_pc,operational,0.0,0.0,,0,0,16
28c5133d23575e81,grpo_mass_pc,strict,0.0,0.0,,0,0,0
0726ca723042500c,score,operational,0.0,0.0,,0,0,16
0726ca723042500c,score,strict,0.0,0.0,,0,0,16
0726ca723042500c,pareto,operational,0.0,0.0,,0,0,16
0726ca723042500c,pareto,strict,0.0,0.0,,0,0,16
0726ca723042500c,gt_geometry,operational,0.0,0.0,,0,0,15
0726ca723042500c,gt_geometry,strict,0.0,0.0,,0,0,15
0726ca723042500c,grpo_mass_pc,operational,0.0,0.0,,0,0,16
0726ca723042500c,grpo_mass_pc,strict,0.0,0.0,,0,0,0
e1b339d45b635f03,score,operational,0.0,0.0,,0,0,16
e1b339d45b635f03,score,strict,0.0,0.0,,0,0,16
e1b339d45b635f03,pareto,operational,0.0,0.0,,0,0,16
e1b339d45b635f03,pareto,strict,0.0,0.0,,0,0,16
e1b339d45b635f03,gt_geometry,operational,0.0,0.0,,0,0,10
e1b339d45b635f03,gt_geometry,strict,0.0,0.0,,0,0,10
e1b339d45b635f03,grpo_mass_pc,operational,0.0,0.0,,0,0,16
e1b339d45b635f03,grpo_mass_pc,strict,0.0,0.0,,0,0,0
60e4b765d65a534a,score,operational,0.0,0.0,,0,0,16
60e4b765d65a534a,score,strict,0.0,0.0,,0,0,16
60e4b765d65a534a,pareto,operational,0.0,0.0,,0,0,16
60e4b765d65a534a,pareto,strict,0.0,0.0,,0,0,16
60e4b765d65a534a,gt_geometry,operational,0.0,0.0,,0,0,13
60e4b765d65a534a,gt_geometry,strict,0.0,0.0,,0,0,13
60e4b765d65a534a,grpo_mass_pc,operational,0.0,0.0,,0,0,16
60e4b765d65a534a,grpo_mass_pc,strict,0.0,0.0,,0,0,0
cb8ed00b6b6e5650,score,operational,0.0,0.0,,0,0,16
cb8ed00b6b6e5650,score,strict,0.0,0.0,,0,0,16
cb8ed00b6b6e5650,pareto,operational,0.0,0.0,,0,0,16
cb8ed00b6b6e5650,pareto,strict,0.0,0.0,,0,0,16
cb8ed00b6b6e5650,gt_geometry,operational,0.0,0.0,,0,0,14
cb8ed00b6b6e5650,gt_geometry,strict,0.0,0.0,,0,0,14
cb8ed00b6b6e5650,grpo_mass_pc,operational,0.0,0.0,,0,0,16
cb8ed00b6b6e5650,grpo_mass_pc,strict,0.0,0.0,,0,0,0
f11aede9f6665b09,score,operational,0.0,0.0,,0,0,16
f11aede9f6665b09,score,strict,0.0,0.0,,0,0,16
f11aede9f6665b09,pareto,operational,0.0,0.0,,0,0,16
f11aede9f6665b09,pareto,strict,0.0,0.0,,0,0,16
f11aede9f6665b09,gt_geometry,operational,0.0,0.0,,0,0,15
f11aede9f6665b09,gt_geometry,strict,0.0,0.0,,0,0,15
f11aede9f6665b09,grpo_mass_pc,operational,0.0,0.0,,0,0,16
f11aede9f6665b09,grpo_mass_pc,strict,0.0,0.0,,0,0,0
8ae2f982585058f2,score,operational,0.0,0.0,,0,0,14
8ae2f982585058f2,score,strict,0.0,0.0,,0,0,14
8ae2f982585058f2,pareto,operational,0.0,0.0,,0,0,15
8ae2f982585058f2,pareto,strict,0.0,0.0,,0,0,15
8ae2f982585058f2,gt_geometry,operational,0.0,0.0,,0,0,11
8ae2f982585058f2,gt_geometry,strict,0.0,0.0,,0,0,11
8ae2f982585058f2,grpo_mass_pc,operational,0.0,0.0,,0,0,14
8ae2f982585058f2,grpo_mass_pc,strict,0.0,0.0,,0,0,0
ee81b62009285462,score,operational,0.0,0.0,,0,0,16
ee81b62009285462,score,strict,0.0,0.0,,0,0,16
ee81b62009285462,pareto,operational,0.0,0.0,,0,0,16
ee81b62009285462,pareto,strict,0.0,0.0,,0,0,16
ee81b62009285462,gt_geometry,operational,0.0,0.0,,0,0,16
ee81b62009285462,gt_geometry,strict,0.0,0.0,,0,0,16
ee81b62009285462,grpo_mass_pc,operational,0.0,0.0,,0,0,16
ee81b62009285462,grpo_mass_pc,strict,0.0,0.0,,0,0,0
8783e69e8b9d5d5c,score,operational,0.0,0.0,,0,0,14
8783e69e8b9d5d5c,score,strict,0.0,0.0,,0,0,14
8783e69e8b9d5d5c,pareto,operational,0.0,0.0,,0,0,14
8783e69e8b9d5d5c,pareto,strict,0.0,0.0,,0,0,14
8783e69e8b9d5d5c,gt_geometry,operational,0.0,0.0,,0,0,11
8783e69e8b9d5d5c,gt_geometry,strict,0.0,0.0,,0,0,11
8783e69e8b9d5d5c,grpo_mass_pc,operational,0.0,0.0,,0,0,14
8783e69e8b9d5d5c,grpo_mass_pc,strict,0.0,0.0,,0,0,0
9566c9689988532d,score,operational,0.0,0.0,,0,0,16
9566c9689988532d,score,strict,0.0,0.0,,0,0,16
9566c9689988532d,pareto,operational,0.0,0.0,,0,0,16
9566c9689988532d,pareto,strict,0.0,0.0,,0,0,16
9566c9689988532d,gt_geometry,operational,0.0,0.0,,0,0,16
9566c9689988532d,gt_geometry,strict,0.0,0.0,,0,0,16
9566c9689988532d,grpo_mass_pc,operational,0.0,0.0,,0,0,16
9566c9689988532d,grpo_mass_pc,strict,0.0,0.0,,0,0,0
a49f197b94e15a20,score,operational,0.0,0.0,,0,0,16
a49f197b94e15a20,score,strict,0.0,0.0,,0,0,16
a49f197b94e15a20,pareto,operational,0.0,0.0,,0,0,16
a49f197b94e15a20,pareto,strict,0.0,0.0,,0,0,16
a49f197b94e15a20,gt_geometry,operational,0.0,0.0,,0,0,14
a49f197b94e15a20,gt_geometry,strict,0.0,0.0,,0,0,14
a49f197b94e15a20,grpo_mass_pc,operational,0.0,0.0,,0,0,16
a49f197b94e15a20,grpo_mass_pc,strict,0.0,0.0,,0,0,0
d4b1d28cb67b5618,score,operational,0.0,0.0,,0,0,16
d4b1d28cb67b5618,score,strict,0.0,0.0,,0,0,16
d4b1d28cb67b5618,pareto,operational,0.0,0.0,,0,0,16
d4b1d28cb67b5618,pareto,strict,0.0,0.0,,0,0,16
d4b1d28cb67b5618,gt_geometry,operational,0.0,0.0,,0,0,12
d4b1d28cb67b5618,gt_geometry,strict,0.0,0.0,,0,0,12
d4b1d28cb67b5618,grpo_mass_pc,operational,0.0,0.0,,0,0,16
d4b1d28cb67b5618,grpo_mass_pc,strict,0.0,0.0,,0,0,0
9fd73df50f1d5a2b,score,operational,0.0,0.0,,0,0,13
9fd73df50f1d5a2b,score,strict,0.0,0.0,,0,0,13
9fd73df50f1d5a2b,pareto,operational,0.0,0.0,,0,0,13
9fd73df50f1d5a2b,pareto,strict,0.0,0.0,,0,0,13
9fd73df50f1d5a2b,gt_geometry,operational,0.0,0.0,,0,0,8
9fd73df50f1d5a2b,gt_geometry,strict,0.0,0.0,,0,0,8
9fd73df50f1d5a2b,grpo_mass_pc,operational,0.0,0.0,,0,0,13
9fd73df50f1d5a2b,grpo_mass_pc,strict,0.0,0.0,,0,0,0
40bdcf910bed5013,score,operational,0.0,0.0,,0,0,16
40bdcf910bed5013,score,strict,0.0,0.0,,0,0,16
40bdcf910bed5013,pareto,operational,0.0,0.0,,0,0,16
40bdcf910bed5013,pareto,strict,0.0,0.0,,0,0,16
40bdcf910bed5013,gt_geometry,operational,0.0,0.0,,0,0,16
40bdcf910bed5013,gt_geometry,strict,0.0,0.0,,0,0,16
40bdcf910bed5013,grpo_mass_pc,operational,0.0,0.0,,0,0,16
40bdcf910bed5013,grpo_mass_pc,strict,0.0,0.0,,0,0,0
c72fac839d7b5bdf,score,operational,0.0,0.0,,0,0,16
c72fac839d7b5bdf,score,strict,0.0,0.0,,0,0,16
c72fac839d7b5bdf,pareto,operational,0.0,0.0,,0,0,16
c72fac839d7b5bdf,pareto,strict,0.0,0.0,,0,0,16
c72fac839d7b5bdf,gt_geometry,operational,0.0,0.0,,0,0,12
c72fac839d7b5bdf,gt_geometry,strict,0.0,0.0,,0,0,12
c72fac839d7b5bdf,grpo_mass_pc,operational,0.0,0.0,,0,0,16
c72fac839d7b5bdf,grpo_mass_pc,strict,0.0,0.0,,0,0,0
23cb188abddf5851,score,operational,0.0,0.0,,0,0,16
23cb188abddf5851,score,strict,0.0,0.0,,0,0,16
23cb188abddf5851,pareto,operational,0.0,0.0,,0,0,16
23cb188abddf5851,pareto,strict,0.0,0.0,,0,0,16
23cb188abddf5851,gt_geometry,operational,0.0,0.0,,0,0,10
23cb188abddf5851,gt_geometry,strict,0.0,0.0,,0,0,10
23cb188abddf5851,grpo_mass_pc,operational,0.0,0.0,,0,0,16
23cb188abddf5851,grpo_mass_pc,strict,0.0,0.0,,0,0,0
a488a24ace4e5a0e,score,operational,0.0,0.0,,0,0,16
a488a24ace4e5a0e,score,strict,0.0,0.0,,0,0,16
a488a24ace4e5a0e,pareto,operational,0.0,0.0,,0,0,16
a488a24ace4e5a0e,pareto,strict,0.0,0.0,,0,0,16
a488a24ace4e5a0e,gt_geometry,operational,0.0,0.0,,0,0,16
a488a24ace4e5a0e,gt_geometry,strict,0.0,0.0,,0,0,16
a488a24ace4e5a0e,grpo_mass_pc,operational,0.0,0.0,,0,0,16
a488a24ace4e5a0e,grpo_mass_pc,strict,0.0,0.0,,0,0,0
a2e11073e3025626,score,operational,0.0,0.0,,0,0,16
a2e11073e3025626,score,strict,0.0,0.0,,0,0,16
a2e11073e3025626,pareto,operational,0.0,0.0,,0,0,16
a2e11073e3025626,pareto,strict,0.0,0.0,,0,0,16
a2e11073e3025626,gt_geometry,operational,0.0,0.0,,0,0,16
a2e11073e3025626,gt_geometry,strict,0.0,0.0,,0,0,16
a2e11073e3025626,grpo_mass_pc,operational,0.0,0.0,,0,0,16
a2e11073e3025626,grpo_mass_pc,strict,0.0,0.0,,0,0,0
56df5b5a7f8d5964,score,operational,0.0,0.0,,0,0,16
56df5b5a7f8d5964,score,strict,0.0,0.0,,0,0,16
56df5b5a7f8d5964,pareto,operational,0.0,0.0,,0,0,16
56df5b5a7f8d5964,pareto,strict,0.0,0.0,,0,0,16
56df5b5a7f8d5964,gt_geometry,operational,0.0,0.0,,0,0,13
56df5b5a7f8d5964,gt_geometry,strict,0.0,0.0,,0,0,13
56df5b5a7f8d5964,grpo_mass_pc,operational,0.0,0.0,,0,0,16
56df5b5a7f8d5964,grpo_mass_pc,strict,0.0,0.0,,0,0,0
9f7eb558c5125bca,score,operational,0.0,0.0,,0,0,13
9f7eb558c5125bca,score,strict,0.0,0.0,,0,0,13
9f7eb558c5125bca,pareto,operational,0.0,0.0,,0,0,13
9f7eb558c5125bca,pareto,strict,0.0,0.0,,0,0,13
9f7eb558c5125bca,gt_geometry,operational,0.0,0.0,,0,0,9
9f7eb558c5125bca,gt_geometry,strict,0.0,0.0,,0,0,9
9f7eb558c5125bca,grpo_mass_pc,operational,0.0,0.0,,0,0,13
9f7eb558c5125bca,grpo_mass_pc,strict,0.0,0.0,,0,0,0
b7520d4aabdb522f,score,operational,0.0,0.0,,0,0,16
b7520d4aabdb522f,score,strict,0.0,0.0,,0,0,16
b7520d4aabdb522f,pareto,operational,0.0,0.0,,0,0,16
b7520d4aabdb522f,pareto,strict,0.0,0.0,,0,0,16
b7520d4aabdb522f,gt_geometry,operational,0.0,0.0,,0,0,16
b7520d4aabdb522f,gt_geometry,strict,0.0,0.0,,0,0,16
b7520d4aabdb522f,grpo_mass_pc,operational,0.0,0.0,,0,0,16
b7520d4aabdb522f,grpo_mass_pc,strict,0.0,0.0,,0,0,0
c97d721af0475e45,score,operational,0.0,0.0,,0,0,14
c97d721af0475e45,score,strict,0.0,0.0,,0,0,14
c97d721af0475e45,pareto,operational,0.0,0.0,,0,0,16
c97d721af0475e45,pareto,strict,0.0,0.0,,0,0,16
c97d721af0475e45,gt_geometry,operational,0.0009765625,0.0,,0,0,10
c97d721af0475e45,gt_geometry,strict,0.0009765625,0.0,,0,0,10
c97d721af0475e45,grpo_mass_pc,operational,0.0,0.0,,0,0,14
c97d721af0475e45,grpo_mass_pc,strict,0.0,0.0,,0,0,0
2c87600ce5a15f76,score,operational,0.0,0.0,,0,0,14
2c87600ce5a15f76,score,strict,0.0,0.0,,0,0,14
2c87600ce5a15f76,pareto,operational,0.0,0.0,,0,0,14
2c87600ce5a15f76,pareto,strict,0.0,0.0,,0,0,14
2c87600ce5a15f76,gt_geometry,operational,0.0,0.0,,0,0,11
2c87600ce5a15f76,gt_geometry,strict,0.0,0.0,,0,0,11
2c87600ce5a15f76,grpo_mass_pc,operational,0.0,0.0,,0,0,14
2c87600ce5a15f76,grpo_mass_pc,strict,0.0,0.0,,0,0,0
5d0d7322ddea55ce,score,operational,0.0,0.0,,0,0,16
5d0d7322ddea55ce,score,strict,0.0,0.0,,0,0,16
5d0d7322ddea55ce,pareto,operational,0.0,0.0,,0,0,16
5d0d7322ddea55ce,pareto,strict,0.0,0.0,,0,0,16
5d0d7322ddea55ce,gt_geometry,operational,0.0,0.0,,0,0,11
5d0d7322ddea55ce,gt_geometry,strict,0.0,0.0,,0,0,11
5d0d7322ddea55ce,grpo_mass_pc,operational,0.0,0.0,,0,0,16
5d0d7322ddea55ce,grpo_mass_pc,strict,0.0,0.0,,0,0,0
fad3b25206405469,score,operational,0.0,0.0,,0,0,16
fad3b25206405469,score,strict,0.0,0.0,,0,0,16
fad3b25206405469,pareto,operational,0.0,0.0,,0,0,16
fad3b25206405469,pareto,strict,0.0,0.0,,0,0,16
fad3b25206405469,gt_geometry,operational,0.0,0.0,,0,0,11
fad3b25206405469,gt_geometry,strict,0.0,0.0,,0,0,11
fad3b25206405469,grpo_mass_pc,operational,0.0,0.0,,0,0,16
fad3b25206405469,grpo_mass_pc,strict,0.0,0.0,,0,0,0
117be7ce4bae59d9,score,operational,0.0,0.0,,0,0,16
117be7ce4bae59d9,score,strict,0.0,0.0,,0,0,16
117be7ce4bae59d9,pareto,operational,0.0,0.0,,0,0,16
117be7ce4bae59d9,pareto,strict,0.0,0.0,,0,0,16
117be7ce4bae59d9,gt_geometry,operational,0.0,0.0,,0,0,13
117be7ce4bae59d9,gt_geometry,strict,0.0,0.0,,0,0,13
117be7ce4bae59d9,grpo_mass_pc,operational,0.0,0.0,,0,0,16
117be7ce4bae59d9,grpo_mass_pc,strict,0.0,0.0,,0,0,0
36f37eab352d5150,score,operational,0.0,0.0,,0,0,16
36f37eab352d5150,score,strict,0.0,0.0,,0,0,16
36f37eab352d5150,pareto,operational,0.0,0.0,,0,0,16
36f37eab352d5150,pareto,strict,0.0,0.0,,0,0,16
36f37eab352d5150,gt_geometry,operational,0.0,0.0,,0,0,16
36f37eab352d5150,gt_geometry,strict,0.0,0.0,,0,0,16
36f37eab352d5150,grpo_mass_pc,operational,0.0,0.0,,0,0,16
36f37eab352d5150,grpo_mass_pc,strict,0.0,0.0,,0,0,0
ada4bd96b21350f3,score,operational,0.0,0.0,,0,0,16
ada4bd96b21350f3,score,strict,0.0,0.0,,0,0,16
ada4bd96b21350f3,pareto,operational,0.0,0.0,,0,0,16
ada4bd96b21350f3,pareto,strict,0.0,0.0,,0,0,16
ada4bd96b21350f3,gt_geometry,operational,0.0,0.0,,0,0,16
ada4bd96b21350f3,gt_geometry,strict,0.0,0.0,,0,0,16
ada4bd96b21350f3,grpo_mass_pc,operational,0.0,0.0,,0,0,16
ada4bd96b21350f3,grpo_mass_pc,strict,0.0,0.0,,0,0,0
116f3217b5875595,score,operational,0.0,0.0,,0,0,16
116f3217b5875595,score,strict,0.0,0.0,,0,0,16
116f3217b5875595,pareto,operational,0.0,0.0,,0,0,16
116f3217b5875595,pareto,strict,0.0,0.0,,0,0,16
116f3217b5875595,gt_geometry,operational,0.0,0.0,,0,0,16
116f3217b5875595,gt_geometry,strict,0.0,0.0,,0,0,16
116f3217b5875595,grpo_mass_pc,operational,0.0,0.0,,0,0,16
116f3217b5875595,grpo_mass_pc,strict,0.0,0.0,,0,0,0
2ce54722e81a5726,score,operational,0.0,0.0,,0,0,16
2ce54722e81a5726,score,strict,0.0,0.0,,0,0,16
2ce54722e81a5726,pareto,operational,0.0,0.0,,0,0,16
2ce54722e81a5726,pareto,strict,0.0,0.0,,0,0,16
2ce54722e81a5726,gt_geometry,operational,0.0,0.0,,0,0,16
2ce54722e81a5726,gt_geometry,strict,0.0,0.0,,0,0,16
2ce54722e81a5726,grpo_mass_pc,operational,0.0,0.0,,0,0,16
2ce54722e81a5726,grpo_mass_pc,strict,0.0,0.0,,0,0,0
f0e8b02b16cc5161,score,operational,0.0,0.0,,0,0,16
f0e8b02b16cc5161,score,strict,0.0,0.0,,0,0,16
f0e8b02b16cc5161,pareto,operational,0.0,0.0,,0,0,16
f0e8b02b16cc5161,pareto,strict,0.0,0.0,,0,0,16
f0e8b02b16cc5161,gt_geometry,operational,0.0009765625,0.0009765625,,0,0,16
f0e8b02b16cc5161,gt_geometry,strict,0.0009765625,0.0009765625,,0,0,16
f0e8b02b16cc5161,grpo_mass_pc,operational,0.0,0.0,,0,0,16
f0e8b02b16cc5161,grpo_mass_pc,strict,0.0,0.0,,0,0,0
4db513bb187a5415,score,operational,0.0,0.0,,0,0,16
4db513bb187a5415,score,strict,0.0,0.0,,0,0,16
4db513bb187a5415,pareto,operational,0.0,0.0,,0,0,16
4db513bb187a5415,pareto,strict,0.0,0.0,,0,0,16
4db513bb187a5415,gt_geometry,operational,0.0,0.0,,0,0,13
4db513bb187a5415,gt_geometry,strict,0.0,0.0,,0,0,13
4db513bb187a5415,grpo_mass_pc,operational,0.0,0.0,,0,0,16
4db513bb187a5415,grpo_mass_pc,strict,0.0,0.0,,0,0,0
f679ed3e8e975575,score,operational,0.0,0.0,,0,0,16
f679ed3e8e975575,score,strict,0.0,0.0,,0,0,16
f679ed3e8e975575,pareto,operational,0.0,0.0,,0,0,16
f679ed3e8e975575,pareto,strict,0.0,0.0,,0,0,16
f679ed3e8e975575,gt_geometry,operational,0.0,0.0,,0,0,13
f679ed3e8e975575,gt_geometry,strict,0.0,0.0,,0,0,13
f679ed3e8e975575,grpo_mass_pc,operational,0.0,0.0,,0,0,16
f679ed3e8e975575,grpo_mass_pc,strict,0.0,0.0,,0,0,0
bc9f53029a6b5c52,score,operational,0.0,0.0,,0,0,16
bc9f53029a6b5c52,score,strict,0.0,0.0,,0,0,16
bc9f53029a6b5c52,pareto,operational,0.0,0.0,,0,0,16
bc9f53029a6b5c52,pareto,strict,0.0,0.0,,0,0,16
bc9f53029a6b5c52,gt_geometry,operational,0.0,0.0,,0,0,16
bc9f53029a6b5c52,gt_geometry,strict,0.0,0.0,,0,0,16
bc9f53029a6b5c52,grpo_mass_pc,operational,0.0,0.0,,0,0,16
bc9f53029a6b5c52,grpo_mass_pc,strict,0.0,0.0,,0,0,0
8fcd3f59e5d35e62,score,operational,0.0,0.0,,0,0,16
8fcd3f59e5d35e62,score,strict,0.0,0.0,,0,0,16
8fcd3f59e5d35e62,pareto,operational,0.0,0.0,,0,0,16
8fcd3f59e5d35e62,pareto,strict,0.0,0.0,,0,0,16
8fcd3f59e5d35e62,gt_geometry,operational,0.0,0.0,,0,0,12
8fcd3f59e5d35e62,gt_geometry,strict,0.0,0.0,,0,0,12
8fcd3f59e5d35e62,grpo_mass_pc,operational,0.0,0.0,,0,0,16
8fcd3f59e5d35e62,grpo_mass_pc,strict,0.0,0.0,,0,0,0
895b56e6e7d1506f,score,operational,0.0,0.0,,0,0,16
895b56e6e7d1506f,score,strict,0.0,0.0,,0,0,16
895b56e6e7d1506f,pareto,operational,0.0,0.0,,0,0,16
895b56e6e7d1506f,pareto,strict,0.0,0.0,,0,0,16
895b56e6e7d1506f,gt_geometry,operational,0.0,0.0,,0,0,16
895b56e6e7d1506f,gt_geometry,strict,0.0,0.0,,0,0,16
895b56e6e7d1506f,grpo_mass_pc,operational,0.0,0.0,,0,0,16
895b56e6e7d1506f,grpo_mass_pc,strict,0.0,0.0,,0,0,0
f22f6cb0966f5ddf,score,operational,0.0,0.0,,0,0,16
f22f6cb0966f5ddf,score,strict,0.0,0.0,,0,0,16
f22f6cb0966f5ddf,pareto,operational,0.0,0.0,,0,0,16
f22f6cb0966f5ddf,pareto,strict,0.0,0.0,,0,0,16
f22f6cb0966f5ddf,gt_geometry,operational,0.0,0.0,,0,0,16
f22f6cb0966f5ddf,gt_geometry,strict,0.0,0.0,,0,0,16
f22f6cb0966f5ddf,grpo_mass_pc,operational,0.0,0.0,,0,0,16
f22f6cb0966f5ddf,grpo_mass_pc,strict,0.0,0.0,,0,0,0
8d16e85f8f505b74,score,operational,0.0,0.0,,0,0,16
8d16e85f8f505b74,score,strict,0.0,0.0,,0,0,16
8d16e85f8f505b74,pareto,operational,0.0,0.0,,0,0,16
8d16e85f8f505b74,pareto,strict,0.0,0.0,,0,0,16
8d16e85f8f505b74,gt_geometry,operational,0.0,0.0,,0,0,12
8d16e85f8f505b74,gt_geometry,strict,0.0,0.0,,0,0,12
8d16e85f8f505b74,grpo_mass_pc,operational,0.0,0.0,,0,0,16
8d16e85f8f505b74,grpo_mass_pc,strict,0.0,0.0,,0,0,0
3e58b4e75b4d5910,score,operational,0.0,0.0,,0,0,16
3e58b4e75b4d5910,score,strict,0.0,0.0,,0,0,16
3e58b4e75b4d5910,pareto,operational,0.0,0.0,,0,0,16
3e58b4e75b4d5910,pareto,strict,0.0,0.0,,0,0,16
3e58b4e75b4d5910,gt_geometry,operational,0.0,0.0,,0,0,16
3e58b4e75b4d5910,gt_geometry,strict,0.0,0.0,,0,0,16
3e58b4e75b4d5910,grpo_mass_pc,operational,0.0,0.0,,0,0,16
3e58b4e75b4d5910,grpo_mass_pc,strict,0.0,0.0,,0,0,0
a68174740e5d53d2,score,operational,0.0,0.0,,0,0,16
a68174740e5d53d2,score,strict,0.0,0.0,,0,0,16
a68174740e5d53d2,pareto,operational,0.0,0.0,,0,0,16
a68174740e5d53d2,pareto,strict,0.0,0.0,,0,0,16
a68174740e5d53d2,gt_geometry,operational,0.0,0.0,,0,0,13
a68174740e5d53d2,gt_geometry,strict,0.0,0.0,,0,0,13
a68174740e5d53d2,grpo_mass_pc,operational,0.0,0.0,,0,0,16
a68174740e5d53d2,grpo_mass_pc,strict,0.0,0.0,,0,0,0
9c83725ca24453f5,score,operational,0.0,0.0,,0,0,16
9c83725ca24453f5,score,strict,0.0,0.0,,0,0,16
9c83725ca24453f5,pareto,operational,0.0,0.0,,0,0,16
9c83725ca24453f5,pareto,strict,0.0,0.0,,0,0,16
9c83725ca24453f5,gt_geometry,operational,0.0,0.0,,0,0,16
9c83725ca24453f5,gt_geometry,strict,0.0,0.0,,0,0,16
9c83725ca24453f5,grpo_mass_pc,operational,0.0,0.0,,0,0,16
9c83725ca24453f5,grpo_mass_pc,strict,0.0,0.0,,0,0,0
af80a080342354b5,score,operational,0.0,0.0,,0,0,16
af80a080342354b5,score,strict,0.0,0.0,,0,0,16
af80a080342354b5,pareto,operational,0.0,0.0,,0,0,16
af80a080342354b5,pareto,strict,0.0,0.0,,0,0,16
af80a080342354b5,gt_geometry,operational,0.0,0.0,,0,0,16
af80a080342354b5,gt_geometry,strict,0.0,0.0,,0,0,16
af80a080342354b5,grpo_mass_pc,operational,0.0,0.0,,0,0,16
af80a080342354b5,grpo_mass_pc,strict,0.0,0.0,,0,0,0
7592a60634a65972,score,operational,0.0,0.0,,0,0,15
7592a60634a65972,score,strict,0.0,0.0,,0,0,15
7592a60634a65972,pareto,operational,0.0,0.0,,0,0,15
7592a60634a65972,pareto,strict,0.0,0.0,,0,0,15
7592a60634a65972,gt_geometry,operational,0.0,0.0,,0,0,14
7592a60634a65972,gt_geometry,strict,0.0,0.0,,0,0,14
7592a60634a65972,grpo_mass_pc,operational,0.0,0.0,,0,0,15
7592a60634a65972,grpo_mass_pc,strict,0.0,0.0,,0,0,0
312f7d68b7845c0f,score,operational,0.0,0.0,,0,0,16
312f7d68b7845c0f,score,strict,0.0,0.0,,0,0,16
312f7d68b7845c0f,pareto,operational,0.0,0.0,,0,0,16
312f7d68b7845c0f,pareto,strict,0.0,0.0,,0,0,16
312f7d68b7845c0f,gt_geometry,operational,0.0009765625,0.0009765625,,0,0,16
312f7d68b7845c0f,gt_geometry,strict,0.0009765625,0.0009765625,,0,0,16
312f7d68b7845c0f,grpo_mass_pc,operational,0.0,0.0,,0,0,16
312f7d68b7845c0f,grpo_mass_pc,strict,0.0,0.0,,0,0,0
2ad520fb925f5ace,score,operational,0.0,0.0,,0,0,16
2ad520fb925f5ace,score,strict,0.0,0.0,,0,0,16
2ad520fb925f5ace,pareto,operational,0.0,0.0,,0,0,16
2ad520fb925f5ace,pareto,strict,0.0,0.0,,0,0,16
2ad520fb925f5ace,gt_geometry,operational,0.0,0.0,,0,0,15
2ad520fb925f5ace,gt_geometry,strict,0.0,0.0,,0,0,15
2ad520fb925f5ace,grpo_mass_pc,operational,0.0,0.0,,0,0,16
2ad520fb925f5ace,grpo_mass_pc,strict,0.0,0.0,,0,0,0
d69754f18e1b5816,score,operational,0.0,0.0,,0,0,14
d69754f18e1b5816,score,strict,0.0,0.0,,0,0,14
d69754f18e1b5816,pareto,operational,0.0,0.0,,0,0,14
d69754f18e1b5816,pareto,strict,0.0,0.0,,0,0,14
d69754f18e1b5816,gt_geometry,operational,0.0,0.0,,0,0,7
d69754f18e1b5816,gt_geometry,strict,0.0,0.0,,0,0,7
d69754f18e1b5816,grpo_mass_pc,operational,0.0,0.0,,0,0,14
d69754f18e1b5816,grpo_mass_pc,strict,0.0,0.0,,0,0,0
1514fa6cda205491,score,operational,0.0,0.0,,0,0,16
1514fa6cda205491,score,strict,0.0,0.0,,0,0,16
1514fa6cda205491,pareto,operational,0.0,0.0,,0,0,16
1514fa6cda205491,pareto,strict,0.0,0.0,,0,0,16
1514fa6cda205491,gt_geometry,operational,0.0,0.0,,0,0,16
1514fa6cda205491,gt_geometry,strict,0.0,0.0,,0,0,16
1514fa6cda205491,grpo_mass_pc,operational,0.0,0.0,,0,0,16
1514fa6cda205491,grpo_mass_pc,strict,0.0,0.0,,0,0,0
65c6face44dc5242,score,operational,0.0,0.0,,0,0,16
65c6face44dc5242,score,strict,0.0,0.0,,0,0,16
65c6face44dc5242,pareto,operational,0.0,0.0,,0,0,16
65c6face44dc5242,pareto,strict,0.0,0.0,,0,0,16
65c6face44dc5242,gt_geometry,operational,0.0,0.0,,0,0,16
65c6face44dc5242,gt_geometry,strict,0.0,0.0,,0,0,16
65c6face44dc5242,grpo_mass_pc,operational,0.0,0.0,,0,0,16
65c6face44dc5242,grpo_mass_pc,strict,0.0,0.0,,0,0,0
116b808c2f825f23,score,operational,0.0,0.0,,0,0,16
116b808c2f825f23,score,strict,0.0,0.0,,0,0,16
116b808c2f825f23,pareto,operational,0.0,0.0,,0,0,16
116b808c2f825f23,pareto,strict,0.0,0.0,,0,0,16
116b808c2f825f23,gt_geometry,operational,0.0,0.0,,0,0,14
116b808c2f825f23,gt_geometry,strict,0.0,0.0,,0,0,14
116b808c2f825f23,grpo_mass_pc,operational,0.0,0.0,,0,0,16
116b808c2f825f23,grpo_mass_pc,strict,0.0,0.0,,0,0,0
0502652852d456e7,score,operational,0.0,0.0,,0,0,16
0502652852d456e7,score,strict,0.0,0.0,,0,0,16
0502652852d456e7,pareto,operational,0.0,0.0,,0,0,16
0502652852d456e7,pareto,strict,0.0,0.0,,0,0,16
0502652852d456e7,gt_geometry,operational,0.0,0.0,,0,0,16
0502652852d456e7,gt_geometry,strict,0.0,0.0,,0,0,16
0502652852d456e7,grpo_mass_pc,operational,0.0,0.0,,0,0,16
0502652852d456e7,grpo_mass_pc,strict,0.0,0.0,,0,0,0
d139b76f0b1e5791,score,operational,0.0,0.0,,0,0,14
d139b76f0b1e5791,score,strict,0.0,0.0,,0,0,14
d139b76f0b1e5791,pareto,operational,0.0,0.0,,0,0,14
d139b76f0b1e5791,pareto,strict,0.0,0.0,,0,0,14
d139b76f0b1e5791,gt_geometry,operational,0.0,0.0,,0,0,12
d139b76f0b1e5791,gt_geometry,strict,0.0,0.0,,0,0,12
d139b76f0b1e5791,grpo_mass_pc,operational,0.0,0.0,,0,0,14
d139b76f0b1e5791,grpo_mass_pc,strict,0.0,0.0,,0,0,0
e6a85ef20b3054c4,score,operational,0.0,0.0,,0,0,16
e6a85ef20b3054c4,score,strict,0.0,0.0,,0,0,16
e6a85ef20b3054c4,pareto,operational,0.0,0.0,,0,0,16
e6a85ef20b3054c4,pareto,strict,0.0,0.0,,0,0,16
e6a85ef20b3054c4,gt_geometry,operational,0.0,0.0,,0,0,16
e6a85ef20b3054c4,gt_geometry,strict,0.0,0.0,,0,0,16
e6a85ef20b3054c4,grpo_mass_pc,operational,0.0,0.0,,0,0,16
e6a85ef20b3054c4,grpo_mass_pc,strict,0.0,0.0,,0,0,0
d2b1e07b5d38547e,score,operational,0.0,0.0,,0,0,16
d2b1e07b5d38547e,score,strict,0.0,0.0,,0,0,16
d2b1e07b5d38547e,pareto,operational,0.0,0.0,,0,0,16
d2b1e07b5d38547e,pareto,strict,0.0,0.0,,0,0,16
d2b1e07b5d38547e,gt_geometry,operational,0.0009765625,0.0,,0,0,14
d2b1e07b5d38547e,gt_geometry,strict,0.0009765625,0.0,,0,0,14
d2b1e07b5d38547e,grpo_mass_pc,operational,0.0,0.0,,0,0,16
d2b1e07b5d38547e,grpo_mass_pc,strict,0.0,0.0,,0,0,0
56faab1d1228542e,score,operational,0.0,0.0,,0,0,16
56faab1d1228542e,score,strict,0.0,0.0,,0,0,16
56faab1d1228542e,pareto,operational,0.0,0.0,,0,0,16
56faab1d1228542e,pareto,strict,0.0,0.0,,0,0,16
56faab1d1228542e,gt_geometry,operational,0.0,0.0,,0,0,13
56faab1d1228542e,gt_geometry,strict,0.0,0.0,,0,0,13
56faab1d1228542e,grpo_mass_pc,operational,0.0,0.0,,0,0,16
56faab1d1228542e,grpo_mass_pc,strict,0.0,0.0,,0,0,0
a5aa2c07692a5f9b,score,operational,0.0,0.0,,0,0,16
a5aa2c07692a5f9b,score,strict,0.0,0.0,,0,0,16
a5aa2c07692a5f9b,pareto,operational,0.0,0.0,,0,0,16
a5aa2c07692a5f9b,pareto,strict,0.0,0.0,,0,0,16
a5aa2c07692a5f9b,gt_geometry,operational,0.0,0.0,,0,0,16
a5aa2c07692a5f9b,gt_geometry,strict,0.0,0.0,,0,0,16
a5aa2c07692a5f9b,grpo_mass_pc,operational,0.0,0.0,,0,0,16
a5aa2c07692a5f9b,grpo_mass_pc,strict,0.0,0.0,,0,0,0
ccb3b418f0a45229,score,operational,0.0,0.0,,0,0,16
ccb3b418f0a45229,score,strict,0.0,0.0,,0,0,16
ccb3b418f0a45229,pareto,operational,0.0,0.0,,0,0,16
ccb3b418f0a45229,pareto,strict,0.0,0.0,,0,0,16
ccb3b418f0a45229,gt_geometry,operational,0.0,0.0,,0,0,16
ccb3b418f0a45229,gt_geometry,strict,0.0,0.0,,0,0,16
ccb3b418f0a45229,grpo_mass_pc,operational,0.0,0.0,,0,0,16
ccb3b418f0a45229,grpo_mass_pc,strict,0.0,0.0,,0,0,0
9e326c77e25f526d,score,operational,0.0,0.0,,0,0,15
9e326c77e25f526d,score,strict,0.0,0.0,,0,0,15
9e326c77e25f526d,pareto,operational,0.0,0.0,,0,0,15
9e326c77e25f526d,pareto,strict,0.0,0.0,,0,0,15
9e326c77e25f526d,gt_geometry,operational,0.0,0.0,,0,0,11
9e326c77e25f526d,gt_geometry,strict,0.0,0.0,,0,0,11
9e326c77e25f526d,grpo_mass_pc,operational,0.0,0.0,,0,0,15
9e326c77e25f526d,grpo_mass_pc,strict,0.0,0.0,,0,0,0
a11285de52f553a7,score,operational,0.0,0.0,,0,0,14
a11285de52f553a7,score,strict,0.0,0.0,,0,0,14
a11285de52f553a7,pareto,operational,0.0,0.0,,0,0,14
a11285de52f553a7,pareto,strict,0.0,0.0,,0,0,14
a11285de52f553a7,gt_geometry,operational,0.0,0.0,,0,0,12
a11285de52f553a7,gt_geometry,strict,0.0,0.0,,0,0,12
a11285de52f553a7,grpo_mass_pc,operational,0.0,0.0,,0,0,14
a11285de52f553a7,grpo_mass_pc,strict,0.0,0.0,,0,0,0
b3b328a0d89255ea,score,operational,0.0,0.0,,0,0,16
b3b328a0d89255ea,score,strict,0.0,0.0,,0,0,16
b3b328a0d89255ea,pareto,operational,0.0,0.0,,0,0,16
b3b328a0d89255ea,pareto,strict,0.0,0.0,,0,0,16
b3b328a0d89255ea,gt_geometry,operational,0.0,0.0,,0,0,16
b3b328a0d89255ea,gt_geometry,strict,0.0,0.0,,0,0,16
b3b328a0d89255ea,grpo_mass_pc,operational,0.0,0.0,,0,0,16
b3b328a0d89255ea,grpo_mass_pc,strict,0.0,0.0,,0,0,0
ab7c0c62ea5d56df,score,operational,0.0,0.0,,0,0,16
ab7c0c62ea5d56df,score,strict,0.0,0.0,,0,0,16
ab7c0c62ea5d56df,pareto,operational,0.0,0.0,,0,0,16
ab7c0c62ea5d56df,pareto,strict,0.0,0.0,,0,0,16
ab7c0c62ea5d56df,gt_geometry,operational,0.0,0.0,,0,0,16
ab7c0c62ea5d56df,gt_geometry,strict,0.0,0.0,,0,0,16
ab7c0c62ea5d56df,grpo_mass_pc,operational,0.0,0.0,,0,0,16
ab7c0c62ea5d56df,grpo_mass_pc,strict,0.0,0.0,,0,0,0
822b5a4a2e075ace,score,operational,0.0,0.0,,0,0,14
822b5a4a2e075ace,score,strict,0.0,0.0,,0,0,14
822b5a4a2e075ace,pareto,operational,0.0,0.0,,0,0,14
822b5a4a2e075ace,pareto,strict,0.0,0.0,,0,0,14
822b5a4a2e075ace,gt_geometry,operational,0.0,0.0,,0,0,12
822b5a4a2e075ace,gt_geometry,strict,0.0,0.0,,0,0,12
822b5a4a2e075ace,grpo_mass_pc,operational,0.0,0.0,,0,0,14
822b5a4a2e075ace,grpo_mass_pc,strict,0.0,0.0,,0,0,0
6ee8095e2d8b599c,score,operational,0.0,0.0,,0,0,16
6ee8095e2d8b599c,score,strict,0.0,0.0,,0,0,16
6ee8095e2d8b599c,pareto,operational,0.0,0.0,,0,0,16
6ee8095e2d8b599c,pareto,strict,0.0,0.0,,0,0,16
6ee8095e2d8b599c,gt_geometry,operational,0.0,0.0,,0,0,13
6ee8095e2d8b599c,gt_geometry,strict,0.0,0.0,,0,0,13
6ee8095e2d8b599c,grpo_mass_pc,operational,0.0,0.0,,0,0,16
6ee8095e2d8b599c,grpo_mass_pc,strict,0.0,0.0,,0,0,0
e536a7424867539d,score,operational,0.0,0.0,,0,0,16
e536a7424867539d,score,strict,0.0,0.0,,0,0,16
e536a7424867539d,pareto,operational,0.0,0.0,,0,0,16
e536a7424867539d,pareto,strict,0.0,0.0,,0,0,16
e536a7424867539d,gt_geometry,operational,0.0009765625,0.0009765625,,0,0,16
e536a7424867539d,gt_geometry,strict,0.0009765625,0.0009765625,,0,0,16
e536a7424867539d,grpo_mass_pc,operational,0.0,0.0,,0,0,16
e536a7424867539d,grpo_mass_pc,strict,0.0,0.0,,0,0,0
228bc7a51ce85114,score,operational,0.0,0.0,,0,0,15
228bc7a51ce85114,score,strict,0.0,0.0,,0,0,15
228bc7a51ce85114,pareto,operational,0.0,0.0,,0,0,16
228bc7a51ce85114,pareto,strict,0.0,0.0,,0,0,16
228bc7a51ce85114,gt_geometry,operational,0.0,0.0,,0,0,11
228bc7a51ce85114,gt_geometry,strict,0.0,0.0,,0,0,11
228bc7a51ce85114,grpo_mass_pc,operational,0.0,0.0,,0,0,15
228bc7a51ce85114,grpo_mass_pc,strict,0.0,0.0,,0,0,0
b386322960ff5784,score,operational,0.0,0.0,,0,0,16
b386322960ff5784,score,strict,0.0,0.0,,0,0,16
b386322960ff5784,pareto,operational,0.0,0.0,,0,0,16
b386322960ff5784,pareto,strict,0.0,0.0,,0,0,16
b386322960ff5784,gt_geometry,operational,0.0,0.0,,0,0,16
b386322960ff5784,gt_geometry,strict,0.0,0.0,,0,0,16
b386322960ff5784,grpo_mass_pc,operational,0.0,0.0,,0,0,16
b386322960ff5784,grpo_mass_pc,strict,0.0,0.0,,0,0,0
1779dc029c945352,score,operational,0.0,0.0,,0,0,16
1779dc029c945352,score,strict,0.0,0.0,,0,0,16
1779dc029c945352,pareto,operational,0.0,0.0,,0,0,16
1779dc029c945352,pareto,strict,0.0,0.0,,0,0,16
1779dc029c945352,gt_geometry,operational,0.0,0.0,,0,0,16
1779dc029c945352,gt_geometry,strict,0.0,0.0,,0,0,16
1779dc029c945352,grpo_mass_pc,operational,0.0,0.0,,0,0,16
1779dc029c945352,grpo_mass_pc,strict,0.0,0.0,,0,0,0
e66f72e612d05320,score,operational,0.0,0.0,,0,0,15
e66f72e612d05320,score,strict,0.0,0.0,,0,0,15
e66f72e612d05320,pareto,operational,0.0,0.0,,0,0,15
e66f72e612d05320,pareto,strict,0.0,0.0,,0,0,15
e66f72e612d05320,gt_geometry,operational,0.0,0.0,,0,0,11
e66f72e612d05320,gt_geometry,strict,0.0,0.0,,0,0,11
e66f72e612d05320,grpo_mass_pc,operational,0.0,0.0,,0,0,15
e66f72e612d05320,grpo_mass_pc,strict,0.0,0.0,,0,0,0
8a7b81e3d8ec589e,score,operational,0.0,0.0,,0,0,16
8a7b81e3d8ec589e,score,strict,0.0,0.0,,0,0,16
8a7b81e3d8ec589e,pareto,operational,0.0,0.0,,0,0,16
8a7b81e3d8ec589e,pareto,strict,0.0,0.0,,0,0,16
8a7b81e3d8ec589e,gt_geometry,operational,0.0,0.0,,0,0,11
8a7b81e3d8ec589e,gt_geometry,strict,0.0,0.0,,0,0,11
8a7b81e3d8ec589e,grpo_mass_pc,operational,0.0,0.0,,0,0,16
8a7b81e3d8ec589e,grpo_mass_pc,strict,0.0,0.0,,0,0,0
79d01df5793f5d1a,score,operational,0.0,0.0,,0,0,16
79d01df5793f5d1a,score,strict,0.0,0.0,,0,0,16
79d01df5793f5d1a,pareto,operational,0.0,0.0,,0,0,14
79d01df5793f5d1a,pareto,strict,0.0,0.0,,0,0,14
79d01df5793f5d1a,gt_geometry,operational,0.0,0.0,,0,0,14
79d01df5793f5d1a,gt_geometry,strict,0.0,0.0,,0,0,14
79d01df5793f5d1a,grpo_mass_pc,operational,0.0,0.0,,0,0,16
79d01df5793f5d1a,grpo_mass_pc,strict,0.0,0.0,,0,0,0
78273a4b69465c1f,score,operational,0.0,0.0,,0,0,16
78273a4b69465c1f,score,strict,0.0,0.0,,0,0,16
78273a4b69465c1f,pareto,operational,0.0,0.0,,0,0,16
78273a4b69465c1f,pareto,strict,0.0,0.0,,0,0,16
78273a4b69465c1f,gt_geometry,operational,0.0,0.0,,0,0,16
78273a4b69465c1f,gt_geometry,strict,0.0,0.0,,0,0,16
78273a4b69465c1f,grpo_mass_pc,operational,0.0,0.0,,0,0,16
78273a4b69465c1f,grpo_mass_pc,strict,0.0,0.0,,0,0,0
e9c9a2873a275365,score,operational,0.0,0.0,,0,0,16
e9c9a2873a275365,score,strict,0.0,0.0,,0,0,16
e9c9a2873a275365,pareto,operational,0.0,0.0,,0,0,16
e9c9a2873a275365,pareto,strict,0.0,0.0,,0,0,16
e9c9a2873a275365,gt_geometry,operational,0.0,0.0,,0,0,16
e9c9a2873a275365,gt_geometry,strict,0.0,0.0,,0,0,16
e9c9a2873a275365,grpo_mass_pc,operational,0.0,0.0,,0,0,16
e9c9a2873a275365,grpo_mass_pc,strict,0.0,0.0,,0,0,0
063ebdc4cd7e5bd9,score,operational,0.0,0.0,,0,0,14
063ebdc4cd7e5bd9,score,strict,0.0,0.0,,0,0,14
063ebdc4cd7e5bd9,pareto,operational,0.0,0.0,,0,0,14
063ebdc4cd7e5bd9,pareto,strict,0.0,0.0,,0,0,14
063ebdc4cd7e5bd9,gt_geometry,operational,0.0,0.0,,0,0,10
063ebdc4cd7e5bd9,gt_geometry,strict,0.0,0.0,,0,0,10
063ebdc4cd7e5bd9,grpo_mass_pc,operational,0.0,0.0,,0,0,14
063ebdc4cd7e5bd9,grpo_mass_pc,strict,0.0,0.0,,0,0,0
40b18724a90f5919,score,operational,0.0,0.0,,0,0,16
40b18724a90f5919,score,strict,0.0,0.0,,0,0,16
40b18724a90f5919,pareto,operational,0.0,0.0,,0,0,16
40b18724a90f5919,pareto,strict,0.0,0.0,,0,0,16
40b18724a90f5919,gt_geometry,operational,0.0,0.0,,0,0,16
40b18724a90f5919,gt_geometry,strict,0.0,0.0,,0,0,16
40b18724a90f5919,grpo_mass_pc,operational,0.0,0.0,,0,0,16
40b18724a90f5919,grpo_mass_pc,strict,0.0,0.0,,0,0,0
7f6ac29877365766,score,operational,0.0,0.0,,0,0,16
7f6ac29877365766,score,strict,0.0,0.0,,0,0,16
7f6ac29877365766,pareto,operational,0.0,0.0,,0,0,16
7f6ac29877365766,pareto,strict,0.0,0.0,,0,0,16
7f6ac29877365766,gt_geometry,operational,0.0,0.0,,0,0,12
7f6ac29877365766,gt_geometry,strict,0.0,0.0,,0,0,12
7f6ac29877365766,grpo_mass_pc,operational,0.0,0.0,,0,0,16
7f6ac29877365766,grpo_mass_pc,strict,0.0,0.0,,0,0,0
2617f0cd70705817,score,operational,0.0,0.0,,0,0,16
2617f0cd70705817,score,strict,0.0,0.0,,0,0,16
2617f0cd70705817,pareto,operational,0.0,0.0,,0,0,16
2617f0cd70705817,pareto,strict,0.0,0.0,,0,0,16
2617f0cd70705817,gt_geometry,operational,0.0,0.0,,0,0,16
2617f0cd70705817,gt_geometry,strict,0.0,0.0,,0,0,16
2617f0cd70705817,grpo_mass_pc,operational,0.0,0.0,,0,0,16
2617f0cd70705817,grpo_mass_pc,strict,0.0,0.0,,0,0,0
9356731128d95d59,score,operational,0.0,0.0,,0,0,16
9356731128d95d59,score,strict,0.0,0.0,,0,0,16
9356731128d95d59,pareto,operational,0.0,0.0,,0,0,16
9356731128d95d59,pareto,strict,0.0,0.0,,0,0,16
9356731128d95d59,gt_geometry,operational,0.0,0.0,,0,0,11
9356731128d95d59,gt_geometry,strict,0.0,0.0,,0,0,11
9356731128d95d59,grpo_mass_pc,operational,0.0,0.0,,0,0,16
9356731128d95d59,grpo_mass_pc,strict,0.0,0.0,,0,0,0
d68f1142da63586f,score,operational,0.0,0.0,,0,0,15
d68f1142da63586f,score,strict,0.0,0.0,,0,0,15
d68f1142da63586f,pareto,operational,0.0,0.0,,0,0,15
d68f1142da63586f,pareto,strict,0.0,0.0,,0,0,15
d68f1142da63586f,gt_geometry,operational,0.0,0.0,,0,0,6
d68f1142da63586f,gt_geometry,strict,0.0,0.0,,0,0,6
d68f1142da63586f,grpo_mass_pc,operational,0.0,0.0,,0,0,15
d68f1142da63586f,grpo_mass_pc,strict,0.0,0.0,,0,0,0
8c4982f5d16e51a8,score,operational,0.0,0.0,,0,0,14
8c4982f5d16e51a8,score,strict,0.0,0.0,,0,0,14
8c4982f5d16e51a8,pareto,operational,0.0,0.0,,0,0,14
8c4982f5d16e51a8,pareto,strict,0.0,0.0,,0,0,14
8c4982f5d16e51a8,gt_geometry,operational,0.0,0.0,,0,0,10
8c4982f5d16e51a8,gt_geometry,strict,0.0,0.0,,0,0,10
8c4982f5d16e51a8,grpo_mass_pc,operational,0.0,0.0,,0,0,14
8c4982f5d16e51a8,grpo_mass_pc,strict,0.0,0.0,,0,0,0
75b56424b7eb5ac6,score,operational,0.0,0.0,,0,0,16
75b56424b7eb5ac6,score,strict,0.0,0.0,,0,0,16
75b56424b7eb5ac6,pareto,operational,0.0,0.0,,0,0,16
75b56424b7eb5ac6,pareto,strict,0.0,0.0,,0,0,16
75b56424b7eb5ac6,gt_geometry,operational,0.0,0.0,,0,0,16
75b56424b7eb5ac6,gt_geometry,strict,0.0,0.0,,0,0,16
75b56424b7eb5ac6,grpo_mass_pc,operational,0.0,0.0,,0,0,16
75b56424b7eb5ac6,grpo_mass_pc,strict,0.0,0.0,,0,0,0
12264b570ba358e9,score,operational,0.0,0.0,,0,0,16
12264b570ba358e9,score,strict,0.0,0.0,,0,0,16
12264b570ba358e9,pareto,operational,0.0,0.0,,0,0,15
12264b570ba358e9,pareto,strict,0.0,0.0,,0,0,15
12264b570ba358e9,gt_geometry,operational,0.0,0.0,,0,0,13
12264b570ba358e9,gt_geometry,strict,0.0,0.0,,0,0,13
12264b570ba358e9,grpo_mass_pc,operational,0.0,0.0,,0,0,16
12264b570ba358e9,grpo_mass_pc,strict,0.0,0.0,,0,0,0
2320cdddd8465622,score,operational,0.0,0.0,,0,0,16
2320cdddd8465622,score,strict,0.0,0.0,,0,0,16
2320cdddd8465622,pareto,operational,0.0,0.0,,0,0,16
2320cdddd8465622,pareto,strict,0.0,0.0,,0,0,16
2320cdddd8465622,gt_geometry,operational,0.0,0.0,,0,0,16
2320cdddd8465622,gt_geometry,strict,0.0,0.0,,0,0,16
2320cdddd8465622,grpo_mass_pc,operational,0.0,0.0,,0,0,16
2320cdddd8465622,grpo_mass_pc,strict,0.0,0.0,,0,0,0
5fec23f5a5d052cd,score,operational,0.0,0.0,,0,0,16
5fec23f5a5d052cd,score,strict,0.0,0.0,,0,0,16
5fec23f5a5d052cd,pareto,operational,0.0,0.0,,0,0,16
5fec23f5a5d052cd,pareto,strict,0.0,0.0,,0,0,16
5fec23f5a5d052cd,gt_geometry,operational,0.0009765625,0.0009765625,,0,0,11
5fec23f5a5d052cd,gt_geometry,strict,0.0009765625,0.0009765625,,0,0,11
5fec23f5a5d052cd,grpo_mass_pc,operational,0.0,0.0,,0,0,16
5fec23f5a5d052cd,grpo_mass_pc,strict,0.0,0.0,,0,0,0
a3d8003852145a71,score,operational,0.0,0.0,,0,0,16
a3d8003852145a71,score,strict,0.0,0.0,,0,0,16
a3d8003852145a71,pareto,operational,0.0,0.0,,0,0,16
a3d8003852145a71,pareto,strict,0.0,0.0,,0,0,16
a3d8003852145a71,gt_geometry,operational,0.0,0.0,,0,0,14
a3d8003852145a71,gt_geometry,strict,0.0,0.0,,0,0,14
a3d8003852145a71,grpo_mass_pc,operational,0.0,0.0,,0,0,16
a3d8003852145a71,grpo_mass_pc,strict,0.0,0.0,,0,0,0
fadbd438f57e5612,score,operational,0.0,0.0,,0,0,16
fadbd438f57e5612,score,strict,0.0,0.0,,0,0,16
fadbd438f57e5612,pareto,operational,0.0,0.0,,0,0,16
fadbd438f57e5612,pareto,strict,0.0,0.0,,0,0,16
fadbd438f57e5612,gt_geometry,operational,0.0,0.0,,0,0,9
fadbd438f57e5612,gt_geometry,strict,0.0,0.0,,0,0,9
fadbd438f57e5612,grpo_mass_pc,operational,0.0,0.0,,0,0,16
fadbd438f57e5612,grpo_mass_pc,strict,0.0,0.0,,0,0,0
23ba8f4aee055e34,score,operational,0.0,0.0,,0,0,16
23ba8f4aee055e34,score,strict,0.0,0.0,,0,0,16
23ba8f4aee055e34,pareto,operational,0.0,0.0,,0,0,15
23ba8f4aee055e34,pareto,strict,0.0,0.0,,0,0,15
23ba8f4aee055e34,gt_geometry,operational,0.0,0.0,,0,0,15
23ba8f4aee055e34,gt_geometry,strict,0.0,0.0,,0,0,15
23ba8f4aee055e34,grpo_mass_pc,operational,0.0,0.0,,0,0,16
23ba8f4aee055e34,grpo_mass_pc,strict,0.0,0.0,,0,0,0
edf80e77e2e65098,score,operational,0.0,0.0,,0,0,16
edf80e77e2e65098,score,strict,0.0,0.0,,0,0,16
edf80e77e2e65098,pareto,operational,0.0,0.0,,0,0,16
edf80e77e2e65098,pareto,strict,0.0,0.0,,0,0,16
edf80e77e2e65098,gt_geometry,operational,0.0,0.0,,0,0,13
edf80e77e2e65098,gt_geometry,strict,0.0,0.0,,0,0,13
edf80e77e2e65098,grpo_mass_pc,operational,0.0,0.0,,0,0,16
edf80e77e2e65098,grpo_mass_pc,strict,0.0,0.0,,0,0,0
ec646e4956125fcf,score,operational,0.0,0.0,,0,0,16
ec646e4956125fcf,score,strict,0.0,0.0,,0,0,16
ec646e4956125fcf,pareto,operational,0.0,0.0,,0,0,16
ec646e4956125fcf,pareto,strict,0.0,0.0,,0,0,16
ec646e4956125fcf,gt_geometry,operational,0.0,0.0,,0,0,13
ec646e4956125fcf,gt_geometry,strict,0.0,0.0,,0,0,13
ec646e4956125fcf,grpo_mass_pc,operational,0.0,0.0,,0,0,16
ec646e4956125fcf,grpo_mass_pc,strict,0.0,0.0,,0,0,0
9069684898175278,score,operational,0.0,0.0,,0,0,15
9069684898175278,score,strict,0.0,0.0,,0,0,15
9069684898175278,pareto,operational,0.0,0.0,,0,0,15
9069684898175278,pareto,strict,0.0,0.0,,0,0,15
9069684898175278,gt_geometry,operational,0.0,0.0,,0,0,14
9069684898175278,gt_geometry,strict,0.0,0.0,,0,0,14
9069684898175278,grpo_mass_pc,operational,0.0,0.0,,0,0,15
9069684898175278,grpo_mass_pc,strict,0.0,0.0,,0,0,0
c83e41bd3afa534c,score,operational,0.0,0.0,,0,0,15
c83e41bd3afa534c,score,strict,0.0,0.0,,0,0,15
c83e41bd3afa534c,pareto,operational,0.0,0.0,,0,0,15
c83e41bd3afa534c,pareto,strict,0.0,0.0,,0,0,15
c83e41bd3afa534c,gt_geometry,operational,0.0,0.0,,0,0,11
c83e41bd3afa534c,gt_geometry,strict,0.0,0.0,,0,0,11
c83e41bd3afa534c,grpo_mass_pc,operational,0.0,0.0,,0,0,15
c83e41bd3afa534c,grpo_mass_pc,strict,0.0,0.0,,0,0,0
c3fa71763867515b,score,operational,0.0,0.0,,0,0,14
c3fa71763867515b,score,strict,0.0,0.0,,0,0,14
c3fa71763867515b,pareto,operational,0.0,0.0,,0,0,14
c3fa71763867515b,pareto,strict,0.0,0.0,,0,0,14
c3fa71763867515b,gt_geometry,operational,0.0,0.0,,0,0,10
c3fa71763867515b,gt_geometry,strict,0.0,0.0,,0,0,10
c3fa71763867515b,grpo_mass_pc,operational,0.0,0.0,,0,0,14
c3fa71763867515b,grpo_mass_pc,strict,0.0,0.0,,0,0,0
43916f0a6f7f5717,score,operational,0.0,0.0,,0,0,16
43916f0a6f7f5717,score,strict,0.0,0.0,,0,0,16
43916f0a6f7f5717,pareto,operational,0.0,0.0,,0,0,15
43916f0a6f7f5717,pareto,strict,0.0,0.0,,0,0,15
43916f0a6f7f5717,gt_geometry,operational,0.0,0.0,,0,0,13
43916f0a6f7f5717,gt_geometry,strict,0.0,0.0,,0,0,13
43916f0a6f7f5717,grpo_mass_pc,operational,0.0,0.0,,0,0,16
43916f0a6f7f5717,grpo_mass_pc,strict,0.0,0.0,,0,0,0
e8bd03529c905c16,score,operational,0.0,0.0,,0,0,16
e8bd03529c905c16,score,strict,0.0,0.0,,0,0,16
e8bd03529c905c16,pareto,operational,0.0,0.0,,0,0,16
e8bd03529c905c16,pareto,strict,0.0,0.0,,0,0,16
e8bd03529c905c16,gt_geometry,operational,0.0,0.0,,0,0,16
e8bd03529c905c16,gt_geometry,strict,0.0,0.0,,0,0,16
e8bd03529c905c16,grpo_mass_pc,operational,0.0,0.0,,0,0,16
e8bd03529c905c16,grpo_mass_pc,strict,0.0,0.0,,0,0,0
130e725a1594571f,score,operational,0.0,0.0,,0,0,16
130e725a1594571f,score,strict,0.0,0.0,,0,0,16
130e725a1594571f,pareto,operational,0.0,0.0,,0,0,16
130e725a1594571f,pareto,strict,0.0,0.0,,0,0,16
130e725a1594571f,gt_geometry,operational,0.0,0.0,,0,0,13
130e725a1594571f,gt_geometry,strict,0.0,0.0,,0,0,13
130e725a1594571f,grpo_mass_pc,operational,0.0,0.0,,0,0,16
130e725a1594571f,grpo_mass_pc,strict,0.0,0.0,,0,0,0
03d9c9a7f1655e53,score,operational,0.0,0.0,,0,0,16
03d9c9a7f1655e53,score,strict,0.0,0.0,,0,0,16
03d9c9a7f1655e53,pareto,operational,0.0,0.0,,0,0,16
03d9c9a7f1655e53,pareto,strict,0.0,0.0,,0,0,16
03d9c9a7f1655e53,gt_geometry,operational,0.0009765625,0.0009765625,,0,0,12
03d9c9a7f1655e53,gt_geometry,strict,0.0009765625,0.0009765625,,0,0,12
03d9c9a7f1655e53,grpo_mass_pc,operational,0.0,0.0,,0,0,16
03d9c9a7f1655e53,grpo_mass_pc,strict,0.0,0.0,,0,0,0
3c84060e9d245ad7,score,operational,0.0,0.0,,0,0,15
3c84060e9d245ad7,score,strict,0.0,0.0,,0,0,15
3c84060e9d245ad7,pareto,operational,0.0,0.0,,0,0,15
3c84060e9d245ad7,pareto,strict,0.0,0.0,,0,0,15
3c84060e9d245ad7,gt_geometry,operational,0.0,0.0,,0,0,13
3c84060e9d245ad7,gt_geometry,strict,0.0,0.0,,0,0,13
3c84060e9d245ad7,grpo_mass_pc,operational,0.0,0.0,,0,0,15
3c84060e9d245ad7,grpo_mass_pc,strict,0.0,0.0,,0,0,0
440da7a31b255ef9,score,operational,0.0,0.0,,0,0,16
440da7a31b255ef9,score,strict,0.0,0.0,,0,0,16
440da7a31b255ef9,pareto,operational,0.0,0.0,,0,0,16
440da7a31b255ef9,pareto,strict,0.0,0.0,,0,0,16
440da7a31b255ef9,gt_geometry,operational,0.0,0.0,,0,0,12
440da7a31b255ef9,gt_geometry,strict,0.0,0.0,,0,0,12
440da7a31b255ef9,grpo_mass_pc,operational,0.0,0.0,,0,0,16
440da7a31b255ef9,grpo_mass_pc,strict,0.0,0.0,,0,0,0
8deb3aea4c075024,score,operational,0.0,0.0,,0,0,16
8deb3aea4c075024,score,strict,0.0,0.0,,0,0,16
8deb3aea4c075024,pareto,operational,0.0,0.0,,0,0,16
8deb3aea4c075024,pareto,strict,0.0,0.0,,0,0,16
8deb3aea4c075024,gt_geometry,operational,0.0,0.0,,0,0,16
8deb3aea4c075024,gt_geometry,strict,0.0,0.0,,0,0,16
8deb3aea4c075024,grpo_mass_pc,operational,0.0,0.0,,0,0,16
8deb3aea4c075024,grpo_mass_pc,strict,0.0,0.0,,0,0,0
fa72914538895375,score,operational,0.0,0.0,,0,0,16
fa72914538895375,score,strict,0.0,0.0,,0,0,16
fa72914538895375,pareto,operational,0.0,0.0,,0,0,16
fa72914538895375,pareto,strict,0.0,0.0,,0,0,16
fa72914538895375,gt_geometry,operational,0.0009765625,0.0009765625,,0,0,16
fa72914538895375,gt_geometry,strict,0.0009765625,0.0009765625,,0,0,16
fa72914538895375,grpo_mass_pc,operational,0.0,0.0,,0,0,16
fa72914538895375,grpo_mass_pc,strict,0.0,0.0,,0,0,0
095453a7aea65260,score,operational,0.0,0.0,,0,0,16
095453a7aea65260,score,strict,0.0,0.0,,0,0,16
095453a7aea65260,pareto,operational,0.0,0.0,,0,0,16
095453a7aea65260,pareto,strict,0.0,0.0,,0,0,16
095453a7aea65260,gt_geometry,operational,0.0,0.0,,0,0,15
095453a7aea65260,gt_geometry,strict,0.0,0.0,,0,0,15
095453a7aea65260,grpo_mass_pc,operational,0.0,0.0,,0,0,16
095453a7aea65260,grpo_mass_pc,strict,0.0,0.0,,0,0,0
b5a136c8bff95db6,score,operational,0.0,0.0,,0,0,16
b5a136c8bff95db6,score,strict,0.0,0.0,,0,0,16
b5a136c8bff95db6,pareto,operational,0.0,0.0,,0,0,16
b5a136c8bff95db6,pareto,strict,0.0,0.0,,0,0,16
b5a136c8bff95db6,gt_geometry,operational,0.0,0.0,,0,0,16
b5a136c8bff95db6,gt_geometry,strict,0.0,0.0,,0,0,16
b5a136c8bff95db6,grpo_mass_pc,operational,0.0,0.0,,0,0,16
b5a136c8bff95db6,grpo_mass_pc,strict,0.0,0.0,,0,0,0
16cf679d9cd35d85,score,operational,0.0,0.0,,0,0,16
16cf679d9cd35d85,score,strict,0.0,0.0,,0,0,16
16cf679d9cd35d85,pareto,operational,0.0,0.0,,0,0,16
16cf679d9cd35d85,pareto,strict,0.0,0.0,,0,0,16
16cf679d9cd35d85,gt_geometry,operational,0.0,0.0,,0,0,12
16cf679d9cd35d85,gt_geometry,strict,0.0,0.0,,0,0,12
16cf679d9cd35d85,grpo_mass_pc,operational,0.0,0.0,,0,0,16
16cf679d9cd35d85,grpo_mass_pc,strict,0.0,0.0,,0,0,0
0424e5fd9a5c5e60,score,operational,0.0,0.0,,0,0,13
0424e5fd9a5c5e60,score,strict,0.0,0.0,,0,0,13
0424e5fd9a5c5e60,pareto,operational,0.0,0.0,,0,0,13
0424e5fd9a5c5e60,pareto,strict,0.0,0.0,,0,0,13
0424e5fd9a5c5e60,gt_geometry,operational,0.0,0.0,,0,0,12
0424e5fd9a5c5e60,gt_geometry,strict,0.0,0.0,,0,0,12
0424e5fd9a5c5e60,grpo_mass_pc,operational,0.0,0.0,,0,0,13
0424e5fd9a5c5e60,grpo_mass_pc,strict,0.0,0.0,,0,0,0
97de4a69dec65c80,score,operational,0.0,0.0,,0,0,16
97de4a69dec65c80,score,strict,0.0,0.0,,0,0,16
97de4a69dec65c80,pareto,operational,0.0,0.0,,0,0,16
97de4a69dec65c80,pareto,strict,0.0,0.0,,0,0,16
97de4a69dec65c80,gt_geometry,operational,0.0,0.0,,0,0,14
97de4a69dec65c80,gt_geometry,strict,0.0,0.0,,0,0,14
97de4a69dec65c80,grpo_mass_pc,operational,0.0,0.0,,0,0,16
97de4a69dec65c80,grpo_mass_pc,strict,0.0,0.0,,0,0,0
e5a8e75d4450516b,score,operational,0.0,0.0,,0,0,16
e5a8e75d4450516b,score,strict,0.0,0.0,,0,0,16
e5a8e75d4450516b,pareto,operational,0.0,0.0,,0,0,16
e5a8e75d4450516b,pareto,strict,0.0,0.0,,0,0,16
e5a8e75d4450516b,gt_geometry,operational,0.0,0.0,,0,0,12
e5a8e75d4450516b,gt_geometry,strict,0.0,0.0,,0,0,12
e5a8e75d4450516b,grpo_mass_pc,operational,0.0,0.0,,0,0,16
e5a8e75d4450516b,grpo_mass_pc,strict,0.0,0.0,,0,0,0
4669e83db7965ed0,score,operational,0.0,0.0,,0,0,16
4669e83db7965ed0,score,strict,0.0,0.0,,0,0,16
4669e83db7965ed0,pareto,operational,0.0,0.0,,0,0,16
4669e83db7965ed0,pareto,strict,0.0,0.0,,0,0,16
4669e83db7965ed0,gt_geometry,operational,0.0,0.0,,0,0,10
4669e83db7965ed0,gt_geometry,strict,0.0,0.0,,0,0,10
4669e83db7965ed0,grpo_mass_pc,operational,0.0,0.0,,0,0,16
4669e83db7965ed0,grpo_mass_pc,strict,0.0,0.0,,0,0,0
00bbc908bd5758e6,score,operational,0.0,0.0,,0,0,16
00bbc908bd5758e6,score,strict,0.0,0.0,,0,0,16
00bbc908bd5758e6,pareto,operational,0.0,0.0,,0,0,16
00bbc908bd5758e6,pareto,strict,0.0,0.0,,0,0,16
00bbc908bd5758e6,gt_geometry,operational,0.0,0.0,,0,0,16
00bbc908bd5758e6,gt_geometry,strict,0.0,0.0,,0,0,16
00bbc908bd5758e6,grpo_mass_pc,operational,0.0,0.0,,0,0,16
00bbc908bd5758e6,grpo_mass_pc,strict,0.0,0.0,,0,0,0
97f64f5b130055b0,score,operational,0.0,0.0,,0,0,16
97f64f5b130055b0,score,strict,0.0,0.0,,0,0,16
97f64f5b130055b0,pareto,operational,0.0,0.0,,0,0,16
97f64f5b130055b0,pareto,strict,0.0,0.0,,0,0,16
97f64f5b130055b0,gt_geometry,operational,0.0,0.0,,0,0,12
97f64f5b130055b0,gt_geometry,strict,0.0,0.0,,0,0,12
97f64f5b130055b0,grpo_mass_pc,operational,0.0,0.0,,0,0,16
97f64f5b130055b0,grpo_mass_pc,strict,0.0,0.0,,0,0,0
101da9987c395ba4,score,operational,0.0,0.0,,0,0,16
101da9987c395ba4,score,strict,0.0,0.0,,0,0,16
101da9987c395ba4,pareto,operational,0.0,0.0,,0,0,16
101da9987c395ba4,pareto,strict,0.0,0.0,,0,0,16
101da9987c395ba4,gt_geometry,operational,0.0,0.0,,0,0,12
101da9987c395ba4,gt_geometry,strict,0.0,0.0,,0,0,12
101da9987c395ba4,grpo_mass_pc,operational,0.0,0.0,,0,0,16
101da9987c395ba4,grpo_mass_pc,strict,0.0,0.0,,0,0,0
e20db842c987530f,score,operational,0.0,0.0,,0,0,16
e20db842c987530f,score,strict,0.0,0.0,,0,0,16
e20db842c987530f,pareto,operational,0.0,0.0,,0,0,16
e20db842c987530f,pareto,strict,0.0,0.0,,0,0,16
e20db842c987530f,gt_geometry,operational,0.0,0.0,,0,0,9
e20db842c987530f,gt_geometry,strict,0.0,0.0,,0,0,9
e20db842c987530f,grpo_mass_pc,operational,0.0,0.0,,0,0,16
e20db842c987530f,grpo_mass_pc,strict,0.0,0.0,,0,0,0
d14c834404a75404,score,operational,0.0,0.0,,0,0,16
d14c834404a75404,score,strict,0.0,0.0,,0,0,16
d14c834404a75404,pareto,operational,0.0,0.0,,0,0,16
d14c834404a75404,pareto,strict,0.0,0.0,,0,0,16
d14c834404a75404,gt_geometry,operational,0.0,0.0,,0,0,16
d14c834404a75404,gt_geometry,strict,0.0,0.0,,0,0,16
d14c834404a75404,grpo_mass_pc,operational,0.0,0.0,,0,0,16
d14c834404a75404,grpo_mass_pc,strict,0.0,0.0,,0,0,0
b20465ed49f953d3,score,operational,0.0,0.0,,0,0,15
b20465ed49f953d3,score,strict,0.0,0.0,,0,0,15
b20465ed49f953d3,pareto,operational,0.0,0.0,,0,0,15
b20465ed49f953d3,pareto,strict,0.0,0.0,,0,0,15
b20465ed49f953d3,gt_geometry,operational,0.0,0.0,,0,0,12
b20465ed49f953d3,gt_geometry,strict,0.0,0.0,,0,0,12
b20465ed49f953d3,grpo_mass_pc,operational,0.0,0.0,,0,0,15
b20465ed49f953d3,grpo_mass_pc,strict,0.0,0.0,,0,0,0
f6741cbf60265367,score,operational,0.0,0.0,,0,0,10
f6741cbf60265367,score,strict,0.0,0.0,,0,0,10
f6741cbf60265367,pareto,operational,0.0,0.0,,0,0,10
f6741cbf60265367,pareto,strict,0.0,0.0,,0,0,10
f6741cbf60265367,gt_geometry,operational,0.0,0.0,,0,0,11
f6741cbf60265367,gt_geometry,strict,0.0,0.0,,0,0,11
f6741cbf60265367,grpo_mass_pc,operational,0.0,0.0,,0,0,10
f6741cbf60265367,grpo_mass_pc,strict,0.0,0.0,,0,0,0
4df92e2616c75be7,score,operational,0.0,0.0,,0,0,16
4df92e2616c75be7,score,strict,0.0,0.0,,0,0,16
4df92e2616c75be7,pareto,operational,0.0,0.0,,0,0,16
4df92e2616c75be7,pareto,strict,0.0,0.0,,0,0,16
4df92e2616c75be7,gt_geometry,operational,0.0,0.0,,0,0,16
4df92e2616c75be7,gt_geometry,strict,0.0,0.0,,0,0,16
4df92e2616c75be7,grpo_mass_pc,operational,0.0,0.0,,0,0,16
4df92e2616c75be7,grpo_mass_pc,strict,0.0,0.0,,0,0,0
b3a6f577c20d5eb3,score,operational,0.0,0.0,,0,0,16
b3a6f577c20d5eb3,score,strict,0.0,0.0,,0,0,16
b3a6f577c20d5eb3,pareto,operational,0.0,0.0,,0,0,16
b3a6f577c20d5eb3,pareto,strict,0.0,0.0,,0,0,16
b3a6f577c20d5eb3,gt_geometry,operational,0.0,0.0,,0,0,13
b3a6f577c20d5eb3,gt_geometry,strict,0.0,0.0,,0,0,13
b3a6f577c20d5eb3,grpo_mass_pc,operational,0.0,0.0,,0,0,16
b3a6f577c20d5eb3,grpo_mass_pc,strict,0.0,0.0,,0,0,0
d7c39e8608e25e88,score,operational,0.0,0.0,,0,0,16
d7c39e8608e25e88,score,strict,0.0,0.0,,0,0,16
d7c39e8608e25e88,pareto,operational,0.0,0.0,,0,0,16
d7c39e8608e25e88,pareto,strict,0.0,0.0,,0,0,16
d7c39e8608e25e88,gt_geometry,operational,0.0,0.0,,0,0,16
d7c39e8608e25e88,gt_geometry,strict,0.0,0.0,,0,0,16
d7c39e8608e25e88,grpo_mass_pc,operational,0.0,0.0,,0,0,16
d7c39e8608e25e88,grpo_mass_pc,strict,0.0,0.0,,0,0,0
db42252e1f655f26,score,operational,0.0,0.0,,0,0,16
db42252e1f655f26,score,strict,0.0,0.0,,0,0,16
db42252e1f655f26,pareto,operational,0.0,0.0,,0,0,16
db42252e1f655f26,pareto,strict,0.0,0.0,,0,0,16
db42252e1f655f26,gt_geometry,operational,0.0,0.0,,0,0,16
db42252e1f655f26,gt_geometry,strict,0.0,0.0,,0,0,16
db42252e1f655f26,grpo_mass_pc,operational,0.0,0.0,,0,0,16
db42252e1f655f26,grpo_mass_pc,strict,0.0,0.0,,0,0,0
b4375fa743295bd8,score,operational,0.0,0.0,,0,0,16
b4375fa743295bd8,score,strict,0.0,0.0,,0,0,16
b4375fa743295bd8,pareto,operational,0.0,0.0,,0,0,16
b4375fa743295bd8,pareto,strict,0.0,0.0,,0,0,16
b4375fa743295bd8,gt_geometry,operational,0.0,0.0,,0,0,8
b4375fa743295bd8,gt_geometry,strict,0.0,0.0,,0,0,8
b4375fa743295bd8,grpo_mass_pc,operational,0.0,0.0,,0,0,16
b4375fa743295bd8,grpo_mass_pc,strict,0.0,0.0,,0,0,0
5b620dbb3b4d5892,score,operational,0.0,0.0,,0,0,13
5b620dbb3b4d5892,score,strict,0.0,0.0,,0,0,13
5b620dbb3b4d5892,pareto,operational,0.0,0.0,,0,0,13
5b620dbb3b4d5892,pareto,strict,0.0,0.0,,0,0,13
5b620dbb3b4d5892,gt_geometry,operational,0.0,0.0,,0,0,8
5b620dbb3b4d5892,gt_geometry,strict,0.0,0.0,,0,0,8
5b620dbb3b4d5892,grpo_mass_pc,operational,0.0,0.0,,0,0,13
5b620dbb3b4d5892,grpo_mass_pc,strict,0.0,0.0,,0,0,0
9a78f0e3d0335345,score,operational,0.0,0.0,,0,0,16
9a78f0e3d0335345,score,strict,0.0,0.0,,0,0,16
9a78f0e3d0335345,pareto,operational,0.0,0.0,,0,0,16
9a78f0e3d0335345,pareto,strict,0.0,0.0,,0,0,16
9a78f0e3d0335345,gt_geometry,operational,0.0,0.0,,0,0,16
9a78f0e3d0335345,gt_geometry,strict,0.0,0.0,,0,0,16
9a78f0e3d0335345,grpo_mass_pc,operational,0.0,0.0,,0,0,16
9a78f0e3d0335345,grpo_mass_pc,strict,0.0,0.0,,0,0,0
576835726a7c57d4,score,operational,0.0,0.0,,0,0,16
576835726a7c57d4,score,strict,0.0,0.0,,0,0,16
576835726a7c57d4,pareto,operational,0.0,0.0,,0,0,16
576835726a7c57d4,pareto,strict,0.0,0.0,,0,0,16
576835726a7c57d4,gt_geometry,operational,0.0,0.0,,0,0,12
576835726a7c57d4,gt_geometry,strict,0.0,0.0,,0,0,12
576835726a7c57d4,grpo_mass_pc,operational,0.0,0.0,,0,0,16
576835726a7c57d4,grpo_mass_pc,strict,0.0,0.0,,0,0,0
23c842d3f001597a,score,operational,0.0,0.0,,0,0,14
23c842d3f001597a,score,strict,0.0,0.0,,0,0,14
23c842d3f001597a,pareto,operational,0.0,0.0,,0,0,14
23c842d3f001597a,pareto,strict,0.0,0.0,,0,0,14
23c842d3f001597a,gt_geometry,operational,0.0,0.0,,0,0,11
23c842d3f001597a,gt_geometry,strict,0.0,0.0,,0,0,11
23c842d3f001597a,grpo_mass_pc,operational,0.0,0.0,,0,0,14
23c842d3f001597a,grpo_mass_pc,strict,0.0,0.0,,0,0,0
db4611f3cf8a5db7,score,operational,0.0,0.0,,0,0,13
db4611f3cf8a5db7,score,strict,0.0,0.0,,0,0,13
db4611f3cf8a5db7,pareto,operational,0.0,0.0,,0,0,15
db4611f3cf8a5db7,pareto,strict,0.0,0.0,,0,0,15
db4611f3cf8a5db7,gt_geometry,operational,0.0,0.0,,0,0,11
db4611f3cf8a5db7,gt_geometry,strict,0.0,0.0,,0,0,11
db4611f3cf8a5db7,grpo_mass_pc,operational,0.0,0.0,,0,0,13
db4611f3cf8a5db7,grpo_mass_pc,strict,0.0,0.0,,0,0,0
bed1f99d06215f1b,score,operational,0.0,0.0,,0,0,16
bed1f99d06215f1b,score,strict,0.0,0.0,,0,0,16
bed1f99d06215f1b,pareto,operational,0.0,0.0,,0,0,16
bed1f99d06215f1b,pareto,strict,0.0,0.0,,0,0,16
bed1f99d06215f1b,gt_geometry,operational,0.0,0.0,,0,0,10
bed1f99d06215f1b,gt_geometry,strict,0.0,0.0,,0,0,10
bed1f99d06215f1b,grpo_mass_pc,operational,0.0,0.0,,0,0,16
bed1f99d06215f1b,grpo_mass_pc,strict,0.0,0.0,,0,0,0
770e1697a0255dc8,score,operational,0.0,0.0,,0,0,13
770e1697a0255dc8,score,strict,0.0,0.0,,0,0,13
770e1697a0255dc8,pareto,operational,0.0,0.0,,0,0,16
770e1697a0255dc8,pareto,strict,0.0,0.0,,0,0,16
770e1697a0255dc8,gt_geometry,operational,0.0,0.0,,0,0,11
770e1697a0255dc8,gt_geometry,strict,0.0,0.0,,0,0,11
770e1697a0255dc8,grpo_mass_pc,operational,0.0,0.0,,0,0,13
770e1697a0255dc8,grpo_mass_pc,strict,0.0,0.0,,0,0,0
339d5c1111125971,score,operational,0.0,0.0,,0,0,16
339d5c1111125971,score,strict,0.0,0.0,,0,0,16
339d5c1111125971,pareto,operational,0.0,0.0,,0,0,16
339d5c1111125971,pareto,strict,0.0,0.0,,0,0,16
339d5c1111125971,gt_geometry,operational,0.0,0.0,,0,0,13
339d5c1111125971,gt_geometry,strict,0.0,0.0,,0,0,13
339d5c1111125971,grpo_mass_pc,operational,0.0,0.0,,0,0,16
339d5c1111125971,grpo_mass_pc,strict,0.0,0.0,,0,0,0
4a5cb683d82059f0,score,operational,0.0,0.0,,0,0,9
4a5cb683d82059f0,score,strict,0.0,0.0,,0,0,9
4a5cb683d82059f0,pareto,operational,0.0,0.0,,0,0,9
4a5cb683d82059f0,pareto,strict,0.0,0.0,,0,0,9
4a5cb683d82059f0,gt_geometry,operational,0.0,0.0,,0,0,8
4a5cb683d82059f0,gt_geometry,strict,0.0,0.0,,0,0,8
4a5cb683d82059f0,grpo_mass_pc,operational,0.0,0.0,,0,0,9
4a5cb683d82059f0,grpo_mass_pc,strict,0.0,0.0,,0,0,0
6be7246860e057c8,score,operational,0.0,0.0,,0,0,16
6be7246860e057c8,score,strict,0.0,0.0,,0,0,16
6be7246860e057c8,pareto,operational,0.0,0.0,,0,0,16
6be7246860e057c8,pareto,strict,0.0,0.0,,0,0,16
6be7246860e057c8,gt_geometry,operational,0.0,0.0,,0,0,16
6be7246860e057c8,gt_geometry,strict,0.0,0.0,,0,0,16
6be7246860e057c8,grpo_mass_pc,operational,0.0,0.0,,0,0,16
6be7246860e057c8,grpo_mass_pc,strict,0.0,0.0,,0,0,0
4c31e06f0fc858a0,score,operational,0.0,0.0,,0,0,15
4c31e06f0fc858a0,score,strict,0.0,0.0,,0,0,15
4c31e06f0fc858a0,pareto,operational,0.0,0.0,,0,0,15
4c31e06f0fc858a0,pareto,strict,0.0,0.0,,0,0,15
4c31e06f0fc858a0,gt_geometry,operational,0.0,0.0,,0,0,12
4c31e06f0fc858a0,gt_geometry,strict,0.0,0.0,,0,0,12
4c31e06f0fc858a0,grpo_mass_pc,operational,0.0,0.0,,0,0,15
4c31e06f0fc858a0,grpo_mass_pc,strict,0.0,0.0,,0,0,0
ac2dfd95a1e55c5e,score,operational,0.0,0.0,,0,0,16
ac2dfd95a1e55c5e,score,strict,0.0,0.0,,0,0,16
ac2dfd95a1e55c5e,pareto,operational,0.0,0.0,,0,0,16
ac2dfd95a1e55c5e,pareto,strict,0.0,0.0,,0,0,16
ac2dfd95a1e55c5e,gt_geometry,operational,0.0,0.0,,0,0,12
ac2dfd95a1e55c5e,gt_geometry,strict,0.0,0.0,,0,0,12
ac2dfd95a1e55c5e,grpo_mass_pc,operational,0.0,0.0,,0,0,16
ac2dfd95a1e55c5e,grpo_mass_pc,strict,0.0,0.0,,0,0,0
664b084487e05ba0,score,operational,0.0,0.0,,0,0,16
664b084487e05ba0,score,strict,0.0,0.0,,0,0,16
664b084487e05ba0,pareto,operational,0.0,0.0,,0,0,16
664b084487e05ba0,pareto,strict,0.0,0.0,,0,0,16
664b084487e05ba0,gt_geometry,operational,0.0,0.0,,0,0,16
664b084487e05ba0,gt_geometry,strict,0.0,0.0,,0,0,16
664b084487e05ba0,grpo_mass_pc,operational,0.0,0.0,,0,0,16
664b084487e05ba0,grpo_mass_pc,strict,0.0,0.0,,0,0,0
b4206de96b755fb8,score,operational,0.0,0.0,,0,0,16
b4206de96b755fb8,score,strict,0.0,0.0,,0,0,16
b4206de96b755fb8,pareto,operational,0.0,0.0,,0,0,16
b4206de96b755fb8,pareto,strict,0.0,0.0,,0,0,16
b4206de96b755fb8,gt_geometry,operational,0.0,0.0,,0,0,16
b4206de96b755fb8,gt_geometry,strict,0.0,0.0,,0,0,16
b4206de96b755fb8,grpo_mass_pc,operational,0.0,0.0,,0,0,16
b4206de96b755fb8,grpo_mass_pc,strict,0.0,0.0,,0,0,0
2fd40c15042e53d4,score,operational,0.0,0.0,,0,0,16
2fd40c15042e53d4,score,strict,0.0,0.0,,0,0,16
2fd40c15042e53d4,pareto,operational,0.0,0.0,,0,0,16
2fd40c15042e53d4,pareto,strict,0.0,0.0,,0,0,16
2fd40c15042e53d4,gt_geometry,operational,0.0,0.0,,0,0,16
2fd40c15042e53d4,gt_geometry,strict,0.0,0.0,,0,0,16
2fd40c15042e53d4,grpo_mass_pc,operational,0.0,0.0,,0,0,16
2fd40c15042e53d4,grpo_mass_pc,strict,0.0,0.0,,0,0,0
fc2be4c9cc135538,score,operational,0.0,0.0,,0,0,16
fc2be4c9cc135538,score,strict,0.0,0.0,,0,0,16
fc2be4c9cc135538,pareto,operational,0.0,0.0,,0,0,16
fc2be4c9cc135538,pareto,strict,0.0,0.0,,0,0,16
fc2be4c9cc135538,gt_geometry,operational,0.0,0.0,,0,0,16
fc2be4c9cc135538,gt_geometry,strict,0.0,0.0,,0,0,16
fc2be4c9cc135538,grpo_mass_pc,operational,0.0,0.0,,0,0,16
fc2be4c9cc135538,grpo_mass_pc,strict,0.0,0.0,,0,0,0
9ac1e7123b245486,score,operational,0.0,0.0,,0,0,16
9ac1e7123b245486,score,strict,0.0,0.0,,0,0,16
9ac1e7123b245486,pareto,operational,0.0,0.0,,0,0,16
9ac1e7123b245486,pareto,strict,0.0,0.0,,0,0,16
9ac1e7123b245486,gt_geometry,operational,0.0,0.0,,0,0,16
9ac1e7123b245486,gt_geometry,strict,0.0,0.0,,0,0,16
9ac1e7123b245486,grpo_mass_pc,operational,0.0,0.0,,0,0,16
9ac1e7123b245486,grpo_mass_pc,strict,0.0,0.0,,0,0,0
bca73d6fa8f85d39,score,operational,0.0,0.0,,0,0,16
bca73d6fa8f85d39,score,strict,0.0,0.0,,0,0,16
bca73d6fa8f85d39,pareto,operational,0.0,0.0,,0,0,16
bca73d6fa8f85d39,pareto,strict,0.0,0.0,,0,0,16
bca73d6fa8f85d39,gt_geometry,operational,0.0,0.0,,0,0,16
bca73d6fa8f85d39,gt_geometry,strict,0.0,0.0,,0,0,16
bca73d6fa8f85d39,grpo_mass_pc,operational,0.0,0.0,,0,0,16
bca73d6fa8f85d39,grpo_mass_pc,strict,0.0,0.0,,0,0,0
f57d194633ae5571,score,operational,0.0,0.0,,0,0,16
f57d194633ae5571,score,strict,0.0,0.0,,0,0,16
f57d194633ae5571,pareto,operational,0.0,0.0,,0,0,16
f57d194633ae5571,pareto,strict,0.0,0.0,,0,0,16
f57d194633ae5571,gt_geometry,operational,0.0,0.0,,0,0,16
f57d194633ae5571,gt_geometry,strict,0.0,0.0,,0,0,16
f57d194633ae5571,grpo_mass_pc,operational,0.0,0.0,,0,0,16
f57d194633ae5571,grpo_mass_pc,strict,0.0,0.0,,0,0,0
99d1ae48071a5aec,score,operational,0.0,0.0,,0,0,13
99d1ae48071a5aec,score,strict,0.0,0.0,,0,0,13
99d1ae48071a5aec,pareto,operational,0.0,0.0,,0,0,13
99d1ae48071a5aec,pareto,strict,0.0,0.0,,0,0,13
99d1ae48071a5aec,gt_geometry,operational,0.0,0.0,,0,0,10
99d1ae48071a5aec,gt_geometry,strict,0.0,0.0,,0,0,10
99d1ae48071a5aec,grpo_mass_pc,operational,0.0,0.0,,0,0,13
99d1ae48071a5aec,grpo_mass_pc,strict,0.0,0.0,,0,0,0
008a9f9434c75b99,score,operational,0.0,0.0,,0,0,16
008a9f9434c75b99,score,strict,0.0,0.0,,0,0,16
008a9f9434c75b99,pareto,operational,0.0,0.0,,0,0,16
008a9f9434c75b99,pareto,strict,0.0,0.0,,0,0,16
008a9f9434c75b99,gt_geometry,operational,0.0,0.0,,0,0,16
008a9f9434c75b99,gt_geometry,strict,0.0,0.0,,0,0,16
008a9f9434c75b99,grpo_mass_pc,operational,0.0,0.0,,0,0,16
008a9f9434c75b99,grpo_mass_pc,strict,0.0,0.0,,0,0,0
dc89cd046c135fae,score,operational,0.0,0.0,,0,0,13
dc89cd046c135fae,score,strict,0.0,0.0,,0,0,13
dc89cd046c135fae,pareto,operational,0.0,0.0,,0,0,12
dc89cd046c135fae,pareto,strict,0.0,0.0,,0,0,12
dc89cd046c135fae,gt_geometry,operational,0.0,0.0,,0,0,12
dc89cd046c135fae,gt_geometry,strict,0.0,0.0,,0,0,12
dc89cd046c135fae,grpo_mass_pc,operational,0.0,0.0,,0,0,13
dc89cd046c135fae,grpo_mass_pc,strict,0.0,0.0,,0,0,0
b5d3d18e7d115933,score,operational,0.0,0.0,,0,0,13
b5d3d18e7d115933,score,strict,0.0,0.0,,0,0,13
b5d3d18e7d115933,pareto,operational,0.0,0.0,,0,0,15
b5d3d18e7d115933,pareto,strict,0.0,0.0,,0,0,15
b5d3d18e7d115933,gt_geometry,operational,0.0,0.0,,0,0,9
b5d3d18e7d115933,gt_geometry,strict,0.0,0.0,,0,0,9
b5d3d18e7d115933,grpo_mass_pc,operational,0.0,0.0,,0,0,13
b5d3d18e7d115933,grpo_mass_pc,strict,0.0,0.0,,0,0,0
7da1df98fb8e5af0,score,operational,0.0,0.0,,0,0,16
7da1df98fb8e5af0,score,strict,0.0,0.0,,0,0,16
7da1df98fb8e5af0,pareto,operational,0.0,0.0,,0,0,16
7da1df98fb8e5af0,pareto,strict,0.0,0.0,,0,0,16
7da1df98fb8e5af0,gt_geometry,operational,0.0,0.0,,0,0,16
7da1df98fb8e5af0,gt_geometry,strict,0.0,0.0,,0,0,16
7da1df98fb8e5af0,grpo_mass_pc,operational,0.0,0.0,,0,0,16
7da1df98fb8e5af0,grpo_mass_pc,strict,0.0,0.0,,0,0,0
af816d6041dd5257,score,operational,0.0009765625,0.0009765625,,0,0,16
af816d6041dd5257,score,strict,0.0009765625,0.0009765625,,0,0,16
af816d6041dd5257,pareto,operational,0.0009765625,0.0009765625,,0,0,16
af816d6041dd5257,pareto,strict,0.0009765625,0.0009765625,,0,0,16
af816d6041dd5257,gt_geometry,operational,0.0009765625,0.0009765625,,0,0,16
af816d6041dd5257,gt_geometry,strict,0.0009765625,0.0009765625,,0,0,16
af816d6041dd5257,grpo_mass_pc,operational,0.0009765625,0.0009765625,,0,0,16
af816d6041dd5257,grpo_mass_pc,strict,0.0,0.0,,0,0,0
ec765c8fe97a51bd,score,operational,0.0,0.0,,0,0,16
ec765c8fe97a51bd,score,strict,0.0,0.0,,0,0,16
ec765c8fe97a51bd,pareto,operational,0.0,0.0,,0,0,16
ec765c8fe97a51bd,pareto,strict,0.0,0.0,,0,0,16
ec765c8fe97a51bd,gt_geometry,operational,0.0,0.0,,0,0,14
ec765c8fe97a51bd,gt_geometry,strict,0.0,0.0,,0,0,14
ec765c8fe97a51bd,grpo_mass_pc,operational,0.0,0.0,,0,0,16
ec765c8fe97a51bd,grpo_mass_pc,strict,0.0,0.0,,0,0,0
4c188096aeb950bc,score,operational,0.0,0.0,,0,0,16
4c188096aeb950bc,score,strict,0.0,0.0,,0,0,16
4c188096aeb950bc,pareto,operational,0.0,0.0,,0,0,16
4c188096aeb950bc,pareto,strict,0.0,0.0,,0,0,16
4c188096aeb950bc,gt_geometry,operational,0.0,0.0,,0,0,11
4c188096aeb950bc,gt_geometry,strict,0.0,0.0,,0,0,11
4c188096aeb950bc,grpo_mass_pc,operational,0.0,0.0,,0,0,16
4c188096aeb950bc,grpo_mass_pc,strict,0.0,0.0,,0,0,0
392e034cb2a55053,score,operational,0.0,0.0,,0,0,16
392e034cb2a55053,score,strict,0.0,0.0,,0,0,16
392e034cb2a55053,pareto,operational,0.0,0.0,,0,0,16
392e034cb2a55053,pareto,strict,0.0,0.0,,0,0,16
392e034cb2a55053,gt_geometry,operational,0.0,0.0,,0,0,14
392e034cb2a55053,gt_geometry,strict,0.0,0.0,,0,0,14
392e034cb2a55053,grpo_mass_pc,operational,0.0,0.0,,0,0,16
392e034cb2a55053,grpo_mass_pc,strict,0.0,0.0,,0,0,0
be6fe40f664154d7,score,operational,0.0,0.0,,0,0,16
be6fe40f664154d7,score,strict,0.0,0.0,,0,0,16
be6fe40f664154d7,pareto,operational,0.0,0.0,,0,0,16
be6fe40f664154d7,pareto,strict,0.0,0.0,,0,0,16
be6fe40f664154d7,gt_geometry,operational,0.0,0.0,,0,0,13
be6fe40f664154d7,gt_geometry,strict,0.0,0.0,,0,0,13
be6fe40f664154d7,grpo_mass_pc,operational,0.0,0.0,,0,0,16
be6fe40f664154d7,grpo_mass_pc,strict,0.0,0.0,,0,0,0
a400f271c6cd51f6,score,operational,0.0,0.0,,0,0,16
a400f271c6cd51f6,score,strict,0.0,0.0,,0,0,16
a400f271c6cd51f6,pareto,operational,0.0,0.0,,0,0,16
a400f271c6cd51f6,pareto,strict,0.0,0.0,,0,0,16
a400f271c6cd51f6,gt_geometry,operational,0.0,0.0,,0,0,16
a400f271c6cd51f6,gt_geometry,strict,0.0,0.0,,0,0,16
a400f271c6cd51f6,grpo_mass_pc,operational,0.0,0.0,,0,0,16
a400f271c6cd51f6,grpo_mass_pc,strict,0.0,0.0,,0,0,0
e93e621b5e14563f,score,operational,0.0,0.0,,0,0,16
e93e621b5e14563f,score,strict,0.0,0.0,,0,0,16
e93e621b5e14563f,pareto,operational,0.0,0.0,,0,0,16
e93e621b5e14563f,pareto,strict,0.0,0.0,,0,0,16
e93e621b5e14563f,gt_geometry,operational,0.0,0.0,,0,0,16
e93e621b5e14563f,gt_geometry,strict,0.0,0.0,,0,0,16
e93e621b5e14563f,grpo_mass_pc,operational,0.0,0.0,,0,0,16
e93e621b5e14563f,grpo_mass_pc,strict,0.0,0.0,,0,0,0
2e976da85a8b5e5b,score,operational,0.0,0.0,,0,0,16
2e976da85a8b5e5b,score,strict,0.0,0.0,,0,0,16
2e976da85a8b5e5b,pareto,operational,0.0,0.0,,0,0,16
2e976da85a8b5e5b,pareto,strict,0.0,0.0,,0,0,16
2e976da85a8b5e5b,gt_geometry,operational,0.0009765625,0.0009765625,,0,0,12
2e976da85a8b5e5b,gt_geometry,strict,0.0009765625,0.0009765625,,0,0,12
2e976da85a8b5e5b,grpo_mass_pc,operational,0.0,0.0,,0,0,16
2e976da85a8b5e5b,grpo_mass_pc,strict,0.0,0.0,,0,0,0
2f4462b637dc5044,score,operational,0.0,0.0,,0,0,16
2f4462b637dc5044,score,strict,0.0,0.0,,0,0,16
2f4462b637dc5044,pareto,operational,0.0,0.0,,0,0,16
2f4462b637dc5044,pareto,strict,0.0,0.0,,0,0,16
2f4462b637dc5044,gt_geometry,operational,0.0,0.0,,0,0,12
2f4462b637dc5044,gt_geometry,strict,0.0,0.0,,0,0,12
2f4462b637dc5044,grpo_mass_pc,operational,0.0,0.0,,0,0,16
2f4462b637dc5044,grpo_mass_pc,strict,0.0,0.0,,0,0,0
b548689d07d15535,score,operational,0.0,0.0,,0,0,16
b548689d07d15535,score,strict,0.0,0.0,,0,0,16
b548689d07d15535,pareto,operational,0.0,0.0,,0,0,16
b548689d07d15535,pareto,strict,0.0,0.0,,0,0,16
b548689d07d15535,gt_geometry,operational,0.0,0.0,,0,0,14
b548689d07d15535,gt_geometry,strict,0.0,0.0,,0,0,14
b548689d07d15535,grpo_mass_pc,operational,0.0,0.0,,0,0,16
b548689d07d15535,grpo_mass_pc,strict,0.0,0.0,,0,0,0
f696561dbf6055df,score,operational,0.0,0.0,,0,0,16
f696561dbf6055df,score,strict,0.0,0.0,,0,0,16
f696561dbf6055df,pareto,operational,0.0,0.0,,0,0,16
f696561dbf6055df,pareto,strict,0.0,0.0,,0,0,16
f696561dbf6055df,gt_geometry,operational,0.0,0.0,,0,0,14
f696561dbf6055df,gt_geometry,strict,0.0,0.0,,0,0,14
f696561dbf6055df,grpo_mass_pc,operational,0.0,0.0,,0,0,16
f696561dbf6055df,grpo_mass_pc,strict,0.0,0.0,,0,0,0
7bb8d2878b1f53cb,score,operational,0.0,0.0,,0,0,16
7bb8d2878b1f53cb,score,strict,0.0,0.0,,0,0,16
7bb8d2878b1f53cb,pareto,operational,0.0,0.0,,0,0,16
7bb8d2878b1f53cb,pareto,strict,0.0,0.0,,0,0,16
7bb8d2878b1f53cb,gt_geometry,operational,0.0,0.0,,0,0,10
7bb8d2878b1f53cb,gt_geometry,strict,0.0,0.0,,0,0,10
7bb8d2878b1f53cb,grpo_mass_pc,operational,0.0,0.0,,0,0,16
7bb8d2878b1f53cb,grpo_mass_pc,strict,0.0,0.0,,0,0,0
bff852b39f62557d,score,operational,0.0,0.0,,0,0,16
bff852b39f62557d,score,strict,0.0,0.0,,0,0,16
bff852b39f62557d,pareto,operational,0.0,0.0,,0,0,16
bff852b39f62557d,pareto,strict,0.0,0.0,,0,0,16
bff852b39f62557d,gt_geometry,operational,0.0,0.0,,0,0,14
bff852b39f62557d,gt_geometry,strict,0.0,0.0,,0,0,14
bff852b39f62557d,grpo_mass_pc,operational,0.0,0.0,,0,0,16
bff852b39f62557d,grpo_mass_pc,strict,0.0,0.0,,0,0,0
b940d77be0d45ec9,score,operational,0.0,0.0,,0,0,16
b940d77be0d45ec9,score,strict,0.0,0.0,,0,0,16
b940d77be0d45ec9,pareto,operational,0.0,0.0,,0,0,16
b940d77be0d45ec9,pareto,strict,0.0,0.0,,0,0,16
b940d77be0d45ec9,gt_geometry,operational,0.0,0.0,,0,0,14
b940d77be0d45ec9,gt_geometry,strict,0.0,0.0,,0,0,14
b940d77be0d45ec9,grpo_mass_pc,operational,0.0,0.0,,0,0,16
b940d77be0d45ec9,grpo_mass_pc,strict,0.0,0.0,,0,0,0
5050ddd89f6850ea,score,operational,0.0,0.0,,0,0,16
5050ddd89f6850ea,score,strict,0.0,0.0,,0,0,16
5050ddd89f6850ea,pareto,operational,0.0,0.0,,0,0,16
5050ddd89f6850ea,pareto,strict,0.0,0.0,,0,0,16
5050ddd89f6850ea,gt_geometry,operational,0.0,0.0,,0,0,16
5050ddd89f6850ea,gt_geometry,strict,0.0,0.0,,0,0,16
5050ddd89f6850ea,grpo_mass_pc,operational,0.0,0.0,,0,0,16
5050ddd89f6850ea,grpo_mass_pc,strict,0.0,0.0,,0,0,0
31c9a3082fa15d55,score,operational,0.0,0.0,,0,0,16
31c9a3082fa15d55,score,strict,0.0,0.0,,0,0,16
31c9a3082fa15d55,pareto,operational,0.0,0.0,,0,0,16
31c9a3082fa15d55,pareto,strict,0.0,0.0,,0,0,16
31c9a3082fa15d55,gt_geometry,operational,0.0,0.0,,0,0,16
31c9a3082fa15d55,gt_geometry,strict,0.0,0.0,,0,0,16
31c9a3082fa15d55,grpo_mass_pc,operational,0.0,0.0,,0,0,16
31c9a3082fa15d55,grpo_mass_pc,strict,0.0,0.0,,0,0,0
48f80f817e0656d9,score,operational,0.0,0.0,,0,0,16
48f80f817e0656d9,score,strict,0.0,0.0,,0,0,16
48f80f817e0656d9,pareto,operational,0.0,0.0,,0,0,16
48f80f817e0656d9,pareto,strict,0.0,0.0,,0,0,16
48f80f817e0656d9,gt_geometry,operational,0.0,0.0,,0,0,13
48f80f817e0656d9,gt_geometry,strict,0.0,0.0,,0,0,13
48f80f817e0656d9,grpo_mass_pc,operational,0.0,0.0,,0,0,16
48f80f817e0656d9,grpo_mass_pc,strict,0.0,0.0,,0,0,0
602d680df54553a2,score,operational,0.0,0.0,,0,0,16
602d680df54553a2,score,strict,0.0,0.0,,0,0,16
602d680df54553a2,pareto,operational,0.0,0.0,,0,0,16
602d680df54553a2,pareto,strict,0.0,0.0,,0,0,16
602d680df54553a2,gt_geometry,operational,0.0,0.0,,0,0,16
602d680df54553a2,gt_geometry,strict,0.0,0.0,,0,0,16
602d680df54553a2,grpo_mass_pc,operational,0.0,0.0,,0,0,16
602d680df54553a2,grpo_mass_pc,strict,0.0,0.0,,0,0,0
cc8872f4a1fb5895,score,operational,0.0,0.0,,0,0,16
cc8872f4a1fb5895,score,strict,0.0,0.0,,0,0,16
cc8872f4a1fb5895,pareto,operational,0.0,0.0,,0,0,14
cc8872f4a1fb5895,pareto,strict,0.0,0.0,,0,0,14
cc8872f4a1fb5895,gt_geometry,operational,0.0,0.0,,0,0,13
cc8872f4a1fb5895,gt_geometry,strict,0.0,0.0,,0,0,13
cc8872f4a1fb5895,grpo_mass_pc,operational,0.0,0.0,,0,0,16
cc8872f4a1fb5895,grpo_mass_pc,strict,0.0,0.0,,0,0,0
09d7ac879b745ba7,score,operational,0.0,0.0,,0,0,12
09d7ac879b745ba7,score,strict,0.0,0.0,,0,0,12
09d7ac879b745ba7,pareto,operational,0.0,0.0,,0,0,12
09d7ac879b745ba7,pareto,strict,0.0,0.0,,0,0,12
09d7ac879b745ba7,gt_geometry,operational,0.0,0.0,,0,0,13
09d7ac879b745ba7,gt_geometry,strict,0.0,0.0,,0,0,13
09d7ac879b745ba7,grpo_mass_pc,operational,0.0,0.0,,0,0,12
09d7ac879b745ba7,grpo_mass_pc,strict,0.0,0.0,,0,0,0
1f22c13b337250e8,score,operational,0.0,0.0,,0,0,16
1f22c13b337250e8,score,strict,0.0,0.0,,0,0,16
1f22c13b337250e8,pareto,operational,0.0,0.0,,0,0,16
1f22c13b337250e8,pareto,strict,0.0,0.0,,0,0,16
1f22c13b337250e8,gt_geometry,operational,0.0,0.0,,0,0,16
1f22c13b337250e8,gt_geometry,strict,0.0,0.0,,0,0,16
1f22c13b337250e8,grpo_mass_pc,operational,0.0,0.0,,0,0,16
1f22c13b337250e8,grpo_mass_pc,strict,0.0,0.0,,0,0,0
df16f52f5bea51cc,score,operational,0.0,0.0,,0,0,16
df16f52f5bea51cc,score,strict,0.0,0.0,,0,0,16
df16f52f5bea51cc,pareto,operational,0.0,0.0,,0,0,16
df16f52f5bea51cc,pareto,strict,0.0,0.0,,0,0,16
df16f52f5bea51cc,gt_geometry,operational,0.0,0.0,,0,0,16
df16f52f5bea51cc,gt_geometry,strict,0.0,0.0,,0,0,16
df16f52f5bea51cc,grpo_mass_pc,operational,0.0,0.0,,0,0,16
df16f52f5bea51cc,grpo_mass_pc,strict,0.0,0.0,,0,0,0
de8c2538d4305d9d,score,operational,0.0,0.0,,0,0,15
de8c2538d4305d9d,score,strict,0.0,0.0,,0,0,15
de8c2538d4305d9d,pareto,operational,0.0,0.0,,0,0,15
de8c2538d4305d9d,pareto,strict,0.0,0.0,,0,0,15
de8c2538d4305d9d,gt_geometry,operational,0.0,0.0,,0,0,15
de8c2538d4305d9d,gt_geometry,strict,0.0,0.0,,0,0,15
de8c2538d4305d9d,grpo_mass_pc,operational,0.0,0.0,,0,0,15
de8c2538d4305d9d,grpo_mass_pc,strict,0.0,0.0,,0,0,0
9c7f841d11e6542d,score,operational,0.0,0.0,,0,0,15
9c7f841d11e6542d,score,strict,0.0,0.0,,0,0,15
9c7f841d11e6542d,pareto,operational,0.0,0.0,,0,0,16
9c7f841d11e6542d,pareto,strict,0.0,0.0,,0,0,16
9c7f841d11e6542d,gt_geometry,operational,0.0,0.0,,0,0,10
9c7f841d11e6542d,gt_geometry,strict,0.0,0.0,,0,0,10
9c7f841d11e6542d,grpo_mass_pc,operational,0.0,0.0,,0,0,15
9c7f841d11e6542d,grpo_mass_pc,strict,0.0,0.0,,0,0,0
89a7b788217c5f67,score,operational,0.0,0.0,,0,0,16
89a7b788217c5f67,score,strict,0.0,0.0,,0,0,16
89a7b788217c5f67,pareto,operational,0.0,0.0,,0,0,16
89a7b788217c5f67,pareto,strict,0.0,0.0,,0,0,16
89a7b788217c5f67,gt_geometry,operational,0.0009765625,0.0009765625,,0,0,16
89a7b788217c5f67,gt_geometry,strict,0.0009765625,0.0009765625,,0,0,16
89a7b788217c5f67,grpo_mass_pc,operational,0.0,0.0,,0,0,16
89a7b788217c5f67,grpo_mass_pc,strict,0.0,0.0,,0,0,0
3d53eff55b2855c2,score,operational,0.0,0.0,,0,0,16
3d53eff55b2855c2,score,strict,0.0,0.0,,0,0,16
3d53eff55b2855c2,pareto,operational,0.0,0.0,,0,0,16
3d53eff55b2855c2,pareto,strict,0.0,0.0,,0,0,16
3d53eff55b2855c2,gt_geometry,operational,0.0,0.0,,0,0,13
3d53eff55b2855c2,gt_geometry,strict,0.0,0.0,,0,0,13
3d53eff55b2855c2,grpo_mass_pc,operational,0.0,0.0,,0,0,16
3d53eff55b2855c2,grpo_mass_pc,strict,0.0,0.0,,0,0,0
8fb50dd1fb5552df,score,operational,0.0,0.0,,0,0,16
8fb50dd1fb5552df,score,strict,0.0,0.0,,0,0,16
8fb50dd1fb5552df,pareto,operational,0.0,0.0,,0,0,16
8fb50dd1fb5552df,pareto,strict,0.0,0.0,,0,0,16
8fb50dd1fb5552df,gt_geometry,operational,0.0,0.0,,0,0,16
8fb50dd1fb5552df,gt_geometry,strict,0.0,0.0,,0,0,16
8fb50dd1fb5552df,grpo_mass_pc,operational,0.0,0.0,,0,0,16
8fb50dd1fb5552df,grpo_mass_pc,strict,0.0,0.0,,0,0,0
1dda1a63c5735182,score,operational,0.0,0.0,,0,0,16
1dda1a63c5735182,score,strict,0.0,0.0,,0,0,16
1dda1a63c5735182,pareto,operational,0.0,0.0,,0,0,16
1dda1a63c5735182,pareto,strict,0.0,0.0,,0,0,16
1dda1a63c5735182,gt_geometry,operational,0.0,0.0,,0,0,16
1dda1a63c5735182,gt_geometry,strict,0.0,0.0,,0,0,16
1dda1a63c5735182,grpo_mass_pc,operational,0.0,0.0,,0,0,16
1dda1a63c5735182,grpo_mass_pc,strict,0.0,0.0,,0,0,0
006cbccbfae95262,score,operational,0.0,0.0,,0,0,16
006cbccbfae95262,score,strict,0.0,0.0,,0,0,16
006cbccbfae95262,pareto,operational,0.0,0.0,,0,0,16
006cbccbfae95262,pareto,strict,0.0,0.0,,0,0,16
006cbccbfae95262,gt_geometry,operational,0.0,0.0,,0,0,16
006cbccbfae95262,gt_geometry,strict,0.0,0.0,,0,0,16
006cbccbfae95262,grpo_mass_pc,operational,0.0,0.0,,0,0,16
006cbccbfae95262,grpo_mass_pc,strict,0.0,0.0,,0,0,0
cea771061cb25651,score,operational,0.0,0.0,,0,0,16
cea771061cb25651,score,strict,0.0,0.0,,0,0,16
cea771061cb25651,pareto,operational,0.0,0.0,,0,0,16
cea771061cb25651,pareto,strict,0.0,0.0,,0,0,16
cea771061cb25651,gt_geometry,operational,0.0,0.0,,0,0,13
cea771061cb25651,gt_geometry,strict,0.0,0.0,,0,0,13
cea771061cb25651,grpo_mass_pc,operational,0.0,0.0,,0,0,16
cea771061cb25651,grpo_mass_pc,strict,0.0,0.0,,0,0,0
053ae221b0d351f5,score,operational,0.0,0.0,,0,0,16
053ae221b0d351f5,score,strict,0.0,0.0,,0,0,16
053ae221b0d351f5,pareto,operational,0.0,0.0,,0,0,16
053ae221b0d351f5,pareto,strict,0.0,0.0,,0,0,16
053ae221b0d351f5,gt_geometry,operational,0.0,0.0,,0,0,13
053ae221b0d351f5,gt_geometry,strict,0.0,0.0,,0,0,13
053ae221b0d351f5,grpo_mass_pc,operational,0.0,0.0,,0,0,16
053ae221b0d351f5,grpo_mass_pc,strict,0.0,0.0,,0,0,0
edfca2d846ee5acf,score,operational,0.0,0.0,,0,0,16
edfca2d846ee5acf,score,strict,0.0,0.0,,0,0,16
edfca2d846ee5acf,pareto,operational,0.0,0.0,,0,0,16
edfca2d846ee5acf,pareto,strict,0.0,0.0,,0,0,16
edfca2d846ee5acf,gt_geometry,operational,0.0,0.0,,0,0,14
edfca2d846ee5acf,gt_geometry,strict,0.0,0.0,,0,0,14
edfca2d846ee5acf,grpo_mass_pc,operational,0.0,0.0,,0,0,16
edfca2d846ee5acf,grpo_mass_pc,strict,0.0,0.0,,0,0,0
278907212b495e23,score,operational,0.0,0.0,,0,0,16
278907212b495e23,score,strict,0.0,0.0,,0,0,16
278907212b495e23,pareto,operational,0.0,0.0,,0,0,16
278907212b495e23,pareto,strict,0.0,0.0,,0,0,16
278907212b495e23,gt_geometry,operational,0.0,0.0,,0,0,13
278907212b495e23,gt_geometry,strict,0.0,0.0,,0,0,13
278907212b495e23,grpo_mass_pc,operational,0.0,0.0,,0,0,16
278907212b495e23,grpo_mass_pc,strict,0.0,0.0,,0,0,0
449f34ad438e59d2,score,operational,0.0,0.0,,0,0,16
449f34ad438e59d2,score,strict,0.0,0.0,,0,0,16
449f34ad438e59d2,pareto,operational,0.0,0.0,,0,0,16
449f34ad438e59d2,pareto,strict,0.0,0.0,,0,0,16
449f34ad438e59d2,gt_geometry,operational,0.0,0.0,,0,0,16
449f34ad438e59d2,gt_geometry,strict,0.0,0.0,,0,0,16
449f34ad438e59d2,grpo_mass_pc,operational,0.0,0.0,,0,0,16
449f34ad438e59d2,grpo_mass_pc,strict,0.0,0.0,,0,0,0
8c1a989cd94c5c12,score,operational,0.0,0.0,,0,0,16
8c1a989cd94c5c12,score,strict,0.0,0.0,,0,0,16
8c1a989cd94c5c12,pareto,operational,0.0,0.0,,0,0,16
8c1a989cd94c5c12,pareto,strict,0.0,0.0,,0,0,16
8c1a989cd94c5c12,gt_geometry,operational,0.0,0.0,,0,0,16
8c1a989cd94c5c12,gt_geometry,strict,0.0,0.0,,0,0,16
8c1a989cd94c5c12,grpo_mass_pc,operational,0.0,0.0,,0,0,16
8c1a989cd94c5c12,grpo_mass_pc,strict,0.0,0.0,,0,0,0
48d4fcc3437755a8,score,operational,0.0,0.0,,0,0,16
48d4fcc3437755a8,score,strict,0.0,0.0,,0,0,16
48d4fcc3437755a8,pareto,operational,0.0,0.0,,0,0,16
48d4fcc3437755a8,pareto,strict,0.0,0.0,,0,0,16
48d4fcc3437755a8,gt_geometry,operational,0.0009765625,0.0,,0,0,14
48d4fcc3437755a8,gt_geometry,strict,0.0009765625,0.0,,0,0,14
48d4fcc3437755a8,grpo_mass_pc,operational,0.0,0.0,,0,0,16
48d4fcc3437755a8,grpo_mass_pc,strict,0.0,0.0,,0,0,0
13f740d88bf75471,score,operational,0.0,0.0,,0,0,15
13f740d88bf75471,score,strict,0.0,0.0,,0,0,15
13f740d88bf75471,pareto,operational,0.0,0.0,,0,0,15
13f740d88bf75471,pareto,strict,0.0,0.0,,0,0,15
13f740d88bf75471,gt_geometry,operational,0.0,0.0,,0,0,13
13f740d88bf75471,gt_geometry,strict,0.0,0.0,,0,0,13
13f740d88bf75471,grpo_mass_pc,operational,0.0,0.0,,0,0,15
13f740d88bf75471,grpo_mass_pc,strict,0.0,0.0,,0,0,0
8eb1bf4722515ad3,score,operational,0.0,0.0,,0,0,16
8eb1bf4722515ad3,score,strict,0.0,0.0,,0,0,16
8eb1bf4722515ad3,pareto,operational,0.0,0.0,,0,0,16
8eb1bf4722515ad3,pareto,strict,0.0,0.0,,0,0,16
8eb1bf4722515ad3,gt_geometry,operational,0.0,0.0,,0,0,14
8eb1bf4722515ad3,gt_geometry,strict,0.0,0.0,,0,0,14
8eb1bf4722515ad3,grpo_mass_pc,operational,0.0,0.0,,0,0,16
8eb1bf4722515ad3,grpo_mass_pc,strict,0.0,0.0,,0,0,0
21249a2d4eb25ed6,score,operational,0.0,0.0,,0,0,16
21249a2d4eb25ed6,score,strict,0.0,0.0,,0,0,16
21249a2d4eb25ed6,pareto,operational,0.0,0.0,,0,0,16
21249a2d4eb25ed6,pareto,strict,0.0,0.0,,0,0,16
21249a2d4eb25ed6,gt_geometry,operational,0.0009765625,0.0009765625,,0,0,16
21249a2d4eb25ed6,gt_geometry,strict,0.0009765625,0.0009765625,,0,0,16
21249a2d4eb25ed6,grpo_mass_pc,operational,0.0,0.0,,0,0,16
21249a2d4eb25ed6,grpo_mass_pc,strict,0.0,0.0,,0,0,0
3d44a52acf525ec7,score,operational,0.0,0.0,,0,0,16
3d44a52acf525ec7,score,strict,0.0,0.0,,0,0,16
3d44a52acf525ec7,pareto,operational,0.0,0.0,,0,0,16
3d44a52acf525ec7,pareto,strict,0.0,0.0,,0,0,16
3d44a52acf525ec7,gt_geometry,operational,0.0,0.0,,0,0,16
3d44a52acf525ec7,gt_geometry,strict,0.0,0.0,,0,0,16
3d44a52acf525ec7,grpo_mass_pc,operational,0.0,0.0,,0,0,16
3d44a52acf525ec7,grpo_mass_pc,strict,0.0,0.0,,0,0,0
9fad4614acc251d6,score,operational,0.0,0.0,,0,0,16
9fad4614acc251d6,score,strict,0.0,0.0,,0,0,16
9fad4614acc251d6,pareto,operational,0.0,0.0,,0,0,15
9fad4614acc251d6,pareto,strict,0.0,0.0,,0,0,15
9fad4614acc251d6,gt_geometry,operational,0.0,0.0,,0,0,13
9fad4614acc251d6,gt_geometry,strict,0.0,0.0,,0,0,13
9fad4614acc251d6,grpo_mass_pc,operational,0.0,0.0,,0,0,16
9fad4614acc251d6,grpo_mass_pc,strict,0.0,0.0,,0,0,0
727278e9914354b1,score,operational,0.0,0.0,,0,0,16
727278e9914354b1,score,strict,0.0,0.0,,0,0,16
727278e9914354b1,pareto,operational,0.0,0.0,,0,0,16
727278e9914354b1,pareto,strict,0.0,0.0,,0,0,16
727278e9914354b1,gt_geometry,operational,0.0009765625,0.0,,0,0,16
727278e9914354b1,gt_geometry,strict,0.0009765625,0.0,,0,0,16
727278e9914354b1,grpo_mass_pc,operational,0.0,0.0,,0,0,16
727278e9914354b1,grpo_mass_pc,strict,0.0,0.0,,0,0,0
9d722cf10d7f5bd1,score,operational,0.0,0.0,,0,0,16
9d722cf10d7f5bd1,score,strict,0.0,0.0,,0,0,16
9d722cf10d7f5bd1,pareto,operational,0.0,0.0,,0,0,16
9d722cf10d7f5bd1,pareto,strict,0.0,0.0,,0,0,16
9d722cf10d7f5bd1,gt_geometry,operational,0.0,0.0,,0,0,16
9d722cf10d7f5bd1,gt_geometry,strict,0.0,0.0,,0,0,16
9d722cf10d7f5bd1,grpo_mass_pc,operational,0.0,0.0,,0,0,16
9d722cf10d7f5bd1,grpo_mass_pc,strict,0.0,0.0,,0,0,0
14d0749e1fc85004,score,operational,0.0,0.0,,0,0,15
14d0749e1fc85004,score,strict,0.0,0.0,,0,0,15
14d0749e1fc85004,pareto,operational,0.0,0.0,,0,0,15
14d0749e1fc85004,pareto,strict,0.0,0.0,,0,0,15
14d0749e1fc85004,gt_geometry,operational,0.0,0.0,,0,0,15
14d0749e1fc85004,gt_geometry,strict,0.0,0.0,,0,0,15
14d0749e1fc85004,grpo_mass_pc,operational,0.0,0.0,,0,0,15
14d0749e1fc85004,grpo_mass_pc,strict,0.0,0.0,,0,0,0
ee05069c50295595,score,operational,0.0,0.0,,0,0,16
ee05069c50295595,score,strict,0.0,0.0,,0,0,16
ee05069c50295595,pareto,operational,0.0,0.0,,0,0,16
ee05069c50295595,pareto,strict,0.0,0.0,,0,0,16
ee05069c50295595,gt_geometry,operational,0.0,0.0,,0,0,16
ee05069c50295595,gt_geometry,strict,0.0,0.0,,0,0,16
ee05069c50295595,grpo_mass_pc,operational,0.0,0.0,,0,0,16
ee05069c50295595,grpo_mass_pc,strict,0.0,0.0,,0,0,0
5e7dad82583e5536,score,operational,0.0,0.0,,0,0,15
5e7dad82583e5536,score,strict,0.0,0.0,,0,0,15
5e7dad82583e5536,pareto,operational,0.0,0.0,,0,0,15
5e7dad82583e5536,pareto,strict,0.0,0.0,,0,0,15
5e7dad82583e5536,gt_geometry,operational,0.0009765625,0.0009765625,,0,0,12
5e7dad82583e5536,gt_geometry,strict,0.0009765625,0.0009765625,,0,0,12
5e7dad82583e5536,grpo_mass_pc,operational,0.0,0.0,,0,0,15
5e7dad82583e5536,grpo_mass_pc,strict,0.0,0.0,,0,0,0
2c772a570884587c,score,operational,0.0,0.0,,0,0,16
2c772a570884587c,score,strict,0.0,0.0,,0,0,16
2c772a570884587c,pareto,operational,0.0,0.0,,0,0,16
2c772a570884587c,pareto,strict,0.0,0.0,,0,0,16
2c772a570884587c,gt_geometry,operational,0.0009765625,0.0009765625,,0,0,16
2c772a570884587c,gt_geometry,strict,0.0009765625,0.0009765625,,0,0,16
2c772a570884587c,grpo_mass_pc,operational,0.0,0.0,,0,0,16
2c772a570884587c,grpo_mass_pc,strict,0.0,0.0,,0,0,0
aee904e6c2c35a90,score,operational,0.0,0.0,,0,0,16
aee904e6c2c35a90,score,strict,0.0,0.0,,0,0,16
aee904e6c2c35a90,pareto,operational,0.0,0.0,,0,0,16
aee904e6c2c35a90,pareto,strict,0.0,0.0,,0,0,16
aee904e6c2c35a90,gt_geometry,operational,0.0,0.0,,0,0,13
aee904e6c2c35a90,gt_geometry,strict,0.0,0.0,,0,0,13
aee904e6c2c35a90,grpo_mass_pc,operational,0.0,0.0,,0,0,16
aee904e6c2c35a90,grpo_mass_pc,strict,0.0,0.0,,0,0,0
0264cfbeb1705e5f,score,operational,0.0,0.0,,0,0,15
0264cfbeb1705e5f,score,strict,0.0,0.0,,0,0,15
0264cfbeb1705e5f,pareto,operational,0.0,0.0,,0,0,15
0264cfbeb1705e5f,pareto,strict,0.0,0.0,,0,0,15
0264cfbeb1705e5f,gt_geometry,operational,0.0,0.0,,0,0,14
0264cfbeb1705e5f,gt_geometry,strict,0.0,0.0,,0,0,14
0264cfbeb1705e5f,grpo_mass_pc,operational,0.0,0.0,,0,0,15
0264cfbeb1705e5f,grpo_mass_pc,strict,0.0,0.0,,0,0,0
279ff8e3850c54e2,score,operational,0.0,0.0,,0,0,16
279ff8e3850c54e2,score,strict,0.0,0.0,,0,0,16
279ff8e3850c54e2,pareto,operational,0.0,0.0,,0,0,16
279ff8e3850c54e2,pareto,strict,0.0,0.0,,0,0,16
279ff8e3850c54e2,gt_geometry,operational,0.0,0.0,,0,0,12
279ff8e3850c54e2,gt_geometry,strict,0.0,0.0,,0,0,12
279ff8e3850c54e2,grpo_mass_pc,operational,0.0,0.0,,0,0,16
279ff8e3850c54e2,grpo_mass_pc,strict,0.0,0.0,,0,0,0
7c767d74b5fb5b5e,score,operational,0.0,0.0,,0,0,12
7c767d74b5fb5b5e,score,strict,0.0,0.0,,0,0,12
7c767d74b5fb5b5e,pareto,operational,0.0,0.0,,0,0,12
7c767d74b5fb5b5e,pareto,strict,0.0,0.0,,0,0,12
7c767d74b5fb5b5e,gt_geometry,operational,0.0,0.0,,0,0,13
7c767d74b5fb5b5e,gt_geometry,strict,0.0,0.0,,0,0,13
7c767d74b5fb5b5e,grpo_mass_pc,operational,0.0,0.0,,0,0,12
7c767d74b5fb5b5e,grpo_mass_pc,strict,0.0,0.0,,0,0,0
5daaf9b25cb558f9,score,operational,0.0,0.0,,0,0,16
5daaf9b25cb558f9,score,strict,0.0,0.0,,0,0,16
5daaf9b25cb558f9,pareto,operational,0.0,0.0,,0,0,16
5daaf9b25cb558f9,pareto,strict,0.0,0.0,,0,0,16
5daaf9b25cb558f9,gt_geometry,operational,0.0,0.0,,0,0,16
5daaf9b25cb558f9,gt_geometry,strict,0.0,0.0,,0,0,16
5daaf9b25cb558f9,grpo_mass_pc,operational,0.0,0.0,,0,0,16
5daaf9b25cb558f9,grpo_mass_pc,strict,0.0,0.0,,0,0,0
864f5df8a94a508e,score,operational,0.0,0.0,,0,0,16
864f5df8a94a508e,score,strict,0.0,0.0,,0,0,16
864f5df8a94a508e,pareto,operational,0.0,0.0,,0,0,16
864f5df8a94a508e,pareto,strict,0.0,0.0,,0,0,16
864f5df8a94a508e,gt_geometry,operational,0.0,0.0,,0,0,11
864f5df8a94a508e,gt_geometry,strict,0.0,0.0,,0,0,11
864f5df8a94a508e,grpo_mass_pc,operational,0.0,0.0,,0,0,16
864f5df8a94a508e,grpo_mass_pc,strict,0.0,0.0,,0,0,0
df51d2fef8c25f56,score,operational,0.0,0.0,,0,0,16
df51d2fef8c25f56,score,strict,0.0,0.0,,0,0,16
df51d2fef8c25f56,pareto,operational,0.0,0.0,,0,0,16
df51d2fef8c25f56,pareto,strict,0.0,0.0,,0,0,16
df51d2fef8c25f56,gt_geometry,operational,0.0,0.0,,0,0,16
df51d2fef8c25f56,gt_geometry,strict,0.0,0.0,,0,0,16
df51d2fef8c25f56,grpo_mass_pc,operational,0.0,0.0,,0,0,16
df51d2fef8c25f56,grpo_mass_pc,strict,0.0,0.0,,0,0,0
ac5b4b33a03c57fe,score,operational,0.0,0.0,,0,0,16
ac5b4b33a03c57fe,score,strict,0.0,0.0,,0,0,16
ac5b4b33a03c57fe,pareto,operational,0.0,0.0,,0,0,16
ac5b4b33a03c57fe,pareto,strict,0.0,0.0,,0,0,16
ac5b4b33a03c57fe,gt_geometry,operational,0.0,0.0,,0,0,16
ac5b4b33a03c57fe,gt_geometry,strict,0.0,0.0,,0,0,16
ac5b4b33a03c57fe,grpo_mass_pc,operational,0.0,0.0,,0,0,16
ac5b4b33a03c57fe,grpo_mass_pc,strict,0.0,0.0,,0,0,0
99adfd4cd925504d,score,operational,0.0,0.0,,0,0,16
99adfd4cd925504d,score,strict,0.0,0.0,,0,0,16
99adfd4cd925504d,pareto,operational,0.0,0.0,,0,0,16
99adfd4cd925504d,pareto,strict,0.0,0.0,,0,0,16
99adfd4cd925504d,gt_geometry,operational,0.0,0.0,,0,0,9
99adfd4cd925504d,gt_geometry,strict,0.0,0.0,,0,0,9
99adfd4cd925504d,grpo_mass_pc,operational,0.0,0.0,,0,0,16
99adfd4cd925504d,grpo_mass_pc,strict,0.0,0.0,,0,0,0
1cba0de871fc5bfb,score,operational,0.0,0.0,,0,0,16
1cba0de871fc5bfb,score,strict,0.0,0.0,,0,0,16
1cba0de871fc5bfb,pareto,operational,0.0,0.0,,0,0,16
1cba0de871fc5bfb,pareto,strict,0.0,0.0,,0,0,16
1cba0de871fc5bfb,gt_geometry,operational,0.0,0.0,,0,0,16
1cba0de871fc5bfb,gt_geometry,strict,0.0,0.0,,0,0,16
1cba0de871fc5bfb,grpo_mass_pc,operational,0.0,0.0,,0,0,16
1cba0de871fc5bfb,grpo_mass_pc,strict,0.0,0.0,,0,0,0
f84ac4472da55b91,score,operational,0.0,0.0,,0,0,16
f84ac4472da55b91,score,strict,0.0,0.0,,0,0,16
f84ac4472da55b91,pareto,operational,0.0,0.0,,0,0,16
f84ac4472da55b91,pareto,strict,0.0,0.0,,0,0,16
f84ac4472da55b91,gt_geometry,operational,0.0,0.0,,0,0,16
f84ac4472da55b91,gt_geometry,strict,0.0,0.0,,0,0,16
f84ac4472da55b91,grpo_mass_pc,operational,0.0,0.0,,0,0,16
f84ac4472da55b91,grpo_mass_pc,strict,0.0,0.0,,0,0,0
bcc74e9eaae05ca4,score,operational,0.0,0.0,,0,0,15
bcc74e9eaae05ca4,score,strict,0.0,0.0,,0,0,15
bcc74e9eaae05ca4,pareto,operational,0.0,0.0,,0,0,15
bcc74e9eaae05ca4,pareto,strict,0.0,0.0,,0,0,15
bcc74e9eaae05ca4,gt_geometry,operational,0.0,0.0,,0,0,12
bcc74e9eaae05ca4,gt_geometry,strict,0.0,0.0,,0,0,12
bcc74e9eaae05ca4,grpo_mass_pc,operational,0.0,0.0,,0,0,15
bcc74e9eaae05ca4,grpo_mass_pc,strict,0.0,0.0,,0,0,0
4fe8a056f88154d5,score,operational,0.0,0.0,,0,0,16
4fe8a056f88154d5,score,strict,0.0,0.0,,0,0,16
4fe8a056f88154d5,pareto,operational,0.0,0.0,,0,0,16
4fe8a056f88154d5,pareto,strict,0.0,0.0,,0,0,16
4fe8a056f88154d5,gt_geometry,operational,0.0,0.0,,0,0,12
4fe8a056f88154d5,gt_geometry,strict,0.0,0.0,,0,0,12
4fe8a056f88154d5,grpo_mass_pc,operational,0.0,0.0,,0,0,16
4fe8a056f88154d5,grpo_mass_pc,strict,0.0,0.0,,0,0,0
16ff52ac5d085cac,score,operational,0.0,0.0,,0,0,16
16ff52ac5d085cac,score,strict,0.0,0.0,,0,0,16
16ff52ac5d085cac,pareto,operational,0.0,0.0,,0,0,16
16ff52ac5d085cac,pareto,strict,0.0,0.0,,0,0,16
16ff52ac5d085cac,gt_geometry,operational,0.0009765625,0.0009765625,,0,0,9
16ff52ac5d085cac,gt_geometry,strict,0.0009765625,0.0009765625,,0,0,9
16ff52ac5d085cac,grpo_mass_pc,operational,0.0,0.0,,0,0,16
16ff52ac5d085cac,grpo_mass_pc,strict,0.0,0.0,,0,0,0
584a14a3e42050c4,score,operational,0.0,0.0,,0,0,13
584a14a3e42050c4,score,strict,0.0,0.0,,0,0,13
584a14a3e42050c4,pareto,operational,0.0,0.0,,0,0,13
584a14a3e42050c4,pareto,strict,0.0,0.0,,0,0,13
584a14a3e42050c4,gt_geometry,operational,0.0,0.0,,0,0,8
584a14a3e42050c4,gt_geometry,strict,0.0,0.0,,0,0,8
584a14a3e42050c4,grpo_mass_pc,operational,0.0,0.0,,0,0,13
584a14a3e42050c4,grpo_mass_pc,strict,0.0,0.0,,0,0,0
4a5834900788560a,score,operational,0.0,0.0,,0,0,14
4a5834900788560a,score,strict,0.0,0.0,,0,0,14
4a5834900788560a,pareto,operational,0.0,0.0,,0,0,14
4a5834900788560a,pareto,strict,0.0,0.0,,0,0,14
4a5834900788560a,gt_geometry,operational,0.0,0.0,,0,0,12
4a5834900788560a,gt_geometry,strict,0.0,0.0,,0,0,12
4a5834900788560a,grpo_mass_pc,operational,0.0,0.0,,0,0,14
4a5834900788560a,grpo_mass_pc,strict,0.0,0.0,,0,0,0
e6046882cf485f3a,score,operational,0.0,0.0,,0,0,14
e6046882cf485f3a,score,strict,0.0,0.0,,0,0,14
e6046882cf485f3a,pareto,operational,0.0,0.0,,0,0,15
e6046882cf485f3a,pareto,strict,0.0,0.0,,0,0,15
e6046882cf485f3a,gt_geometry,operational,0.0009765625,0.0,,0,0,11
e6046882cf485f3a,gt_geometry,strict,0.0009765625,0.0,,0,0,11
e6046882cf485f3a,grpo_mass_pc,operational,0.0,0.0,,0,0,14
e6046882cf485f3a,grpo_mass_pc,strict,0.0,0.0,,0,0,0
873f4bc746a55d13,score,operational,0.0,0.0,,0,0,16
873f4bc746a55d13,score,strict,0.0,0.0,,0,0,16
873f4bc746a55d13,pareto,operational,0.0,0.0,,0,0,16
873f4bc746a55d13,pareto,strict,0.0,0.0,,0,0,16
873f4bc746a55d13,gt_geometry,operational,0.0,0.0,,0,0,16
873f4bc746a55d13,gt_geometry,strict,0.0,0.0,,0,0,16
873f4bc746a55d13,grpo_mass_pc,operational,0.0,0.0,,0,0,16
873f4bc746a55d13,grpo_mass_pc,strict,0.0,0.0,,0,0,0
96886b2d240e5275,score,operational,0.0,0.0,,0,0,15
96886b2d240e5275,score,strict,0.0,0.0,,0,0,15
96886b2d240e5275,pareto,operational,0.0,0.0,,0,0,15
96886b2d240e5275,pareto,strict,0.0,0.0,,0,0,15
96886b2d240e5275,gt_geometry,operational,0.0,0.0,,0,0,13
96886b2d240e5275,gt_geometry,strict,0.0,0.0,,0,0,13
96886b2d240e5275,grpo_mass_pc,operational,0.0,0.0,,0,0,15
96886b2d240e5275,grpo_mass_pc,strict,0.0,0.0,,0,0,0
190b153cfd3b5302,score,operational,0.0,0.0,,0,0,15
190b153cfd3b5302,score,strict,0.0,0.0,,0,0,15
190b153cfd3b5302,pareto,operational,0.0,0.0,,0,0,15
190b153cfd3b5302,pareto,strict,0.0,0.0,,0,0,15
190b153cfd3b5302,gt_geometry,operational,0.0,0.0,,0,0,14
190b153cfd3b5302,gt_geometry,strict,0.0,0.0,,0,0,14
190b153cfd3b5302,grpo_mass_pc,operational,0.0,0.0,,0,0,15
190b153cfd3b5302,grpo_mass_pc,strict,0.0,0.0,,0,0,0
e1b0455379fd5adf,score,operational,0.0,0.0,,0,0,16
e1b0455379fd5adf,score,strict,0.0,0.0,,0,0,16
e1b0455379fd5adf,pareto,operational,0.0,0.0,,0,0,16
e1b0455379fd5adf,pareto,strict,0.0,0.0,,0,0,16
e1b0455379fd5adf,gt_geometry,operational,0.0,0.0,,0,0,16
e1b0455379fd5adf,gt_geometry,strict,0.0,0.0,,0,0,16
e1b0455379fd5adf,grpo_mass_pc,operational,0.0,0.0,,0,0,16
e1b0455379fd5adf,grpo_mass_pc,strict,0.0,0.0,,0,0,0
a801ebe0c8a55faf,score,operational,0.0,0.0,,0,0,16
a801ebe0c8a55faf,score,strict,0.0,0.0,,0,0,16
a801ebe0c8a55faf,pareto,operational,0.0,0.0,,0,0,16
a801ebe0c8a55faf,pareto,strict,0.0,0.0,,0,0,16
a801ebe0c8a55faf,gt_geometry,operational,0.0,0.0,,0,0,16
a801ebe0c8a55faf,gt_geometry,strict,0.0,0.0,,0,0,16
a801ebe0c8a55faf,grpo_mass_pc,operational,0.0,0.0,,0,0,16
a801ebe0c8a55faf,grpo_mass_pc,strict,0.0,0.0,,0,0,0
8caca31e4dc357be,score,operational,0.0,0.0,,0,0,16
8caca31e4dc357be,score,strict,0.0,0.0,,0,0,16
8caca31e4dc357be,pareto,operational,0.0,0.0,,0,0,16
8caca31e4dc357be,pareto,strict,0.0,0.0,,0,0,16
8caca31e4dc357be,gt_geometry,operational,0.0,0.0,,0,0,13
8caca31e4dc357be,gt_geometry,strict,0.0,0.0,,0,0,13
8caca31e4dc357be,grpo_mass_pc,operational,0.0,0.0,,0,0,16
8caca31e4dc357be,grpo_mass_pc,strict,0.0,0.0,,0,0,0
a8263f179cca558d,score,operational,0.0,0.0,,0,0,16
a8263f179cca558d,score,strict,0.0,0.0,,0,0,16
a8263f179cca558d,pareto,operational,0.0,0.0,,0,0,16
a8263f179cca558d,pareto,strict,0.0,0.0,,0,0,16
a8263f179cca558d,gt_geometry,operational,0.0,0.0,,0,0,16
a8263f179cca558d,gt_geometry,strict,0.0,0.0,,0,0,16
a8263f179cca558d,grpo_mass_pc,operational,0.0,0.0,,0,0,16
a8263f179cca558d,grpo_mass_pc,strict,0.0,0.0,,0,0,0
22dddd249c8e5fe4,score,operational,0.0,0.0,,0,0,16
22dddd249c8e5fe4,score,strict,0.0,0.0,,0,0,16
22dddd249c8e5fe4,pareto,operational,0.0,0.0,,0,0,15
22dddd249c8e5fe4,pareto,strict,0.0,0.0,,0,0,15
22dddd249c8e5fe4,gt_geometry,operational,0.0,0.0,,0,0,13
22dddd249c8e5fe4,gt_geometry,strict,0.0,0.0,,0,0,13
22dddd249c8e5fe4,grpo_mass_pc,operational,0.0,0.0,,0,0,16
22dddd249c8e5fe4,grpo_mass_pc,strict,0.0,0.0,,0,0,0
bcd578c19d9857ea,score,operational,0.0,0.0,,0,0,16
bcd578c19d9857ea,score,strict,0.0,0.0,,0,0,16
bcd578c19d9857ea,pareto,operational,0.0,0.0,,0,0,16
bcd578c19d9857ea,pareto,strict,0.0,0.0,,0,0,16
bcd578c19d9857ea,gt_geometry,operational,0.0,0.0,,0,0,16
bcd578c19d9857ea,gt_geometry,strict,0.0,0.0,,0,0,16
bcd578c19d9857ea,grpo_mass_pc,operational,0.0,0.0,,0,0,16
bcd578c19d9857ea,grpo_mass_pc,strict,0.0,0.0,,0,0,0
c4c0b5cb93d85645,score,operational,0.0,0.0,,0,0,16
c4c0b5cb93d85645,score,strict,0.0,0.0,,0,0,16
c4c0b5cb93d85645,pareto,operational,0.0,0.0,,0,0,16
c4c0b5cb93d85645,pareto,strict,0.0,0.0,,0,0,16
c4c0b5cb93d85645,gt_geometry,operational,0.0,0.0,,0,0,13
c4c0b5cb93d85645,gt_geometry,strict,0.0,0.0,,0,0,13
c4c0b5cb93d85645,grpo_mass_pc,operational,0.0,0.0,,0,0,16
c4c0b5cb93d85645,grpo_mass_pc,strict,0.0,0.0,,0,0,0
0fae6a22120d5bc2,score,operational,0.0,0.0,,0,0,16
0fae6a22120d5bc2,score,strict,0.0,0.0,,0,0,16
0fae6a22120d5bc2,pareto,operational,0.0,0.0,,0,0,16
0fae6a22120d5bc2,pareto,strict,0.0,0.0,,0,0,16
0fae6a22120d5bc2,gt_geometry,operational,0.0,0.0,,0,0,16
0fae6a22120d5bc2,gt_geometry,strict,0.0,0.0,,0,0,16
0fae6a22120d5bc2,grpo_mass_pc,operational,0.0,0.0,,0,0,16
0fae6a22120d5bc2,grpo_mass_pc,strict,0.0,0.0,,0,0,0
9d67b6d20a0256c3,score,operational,0.0,0.0,,0,0,16
9d67b6d20a0256c3,score,strict,0.0,0.0,,0,0,16
9d67b6d20a0256c3,pareto,operational,0.0,0.0,,0,0,16
9d67b6d20a0256c3,pareto,strict,0.0,0.0,,0,0,16
9d67b6d20a0256c3,gt_geometry,operational,0.0,0.0,,0,0,16
9d67b6d20a0256c3,gt_geometry,strict,0.0,0.0,,0,0,16
9d67b6d20a0256c3,grpo_mass_pc,operational,0.0,0.0,,0,0,16
9d67b6d20a0256c3,grpo_mass_pc,strict,0.0,0.0,,0,0,0
548d6bf7b63459e7,score,operational,0.0,0.0,,0,0,16
548d6bf7b63459e7,score,strict,0.0,0.0,,0,0,16
548d6bf7b63459e7,pareto,operational,0.0,0.0,,0,0,14
548d6bf7b63459e7,pareto,strict,0.0,0.0,,0,0,14
548d6bf7b63459e7,gt_geometry,operational,0.0,0.0,,0,0,11
548d6bf7b63459e7,gt_geometry,strict,0.0,0.0,,0,0,11
548d6bf7b63459e7,grpo_mass_pc,operational,0.0,0.0,,0,0,16
548d6bf7b63459e7,grpo_mass_pc,strict,0.0,0.0,,0,0,0
0f44c6e6440654d0,score,operational,0.0,0.0,,0,0,16
0f44c6e6440654d0,score,strict,0.0,0.0,,0,0,16
0f44c6e6440654d0,pareto,operational,0.0,0.0,,0,0,16
0f44c6e6440654d0,pareto,strict,0.0,0.0,,0,0,16
0f44c6e6440654d0,gt_geometry,operational,0.0,0.0,,0,0,16
0f44c6e6440654d0,gt_geometry,strict,0.0,0.0,,0,0,16
0f44c6e6440654d0,grpo_mass_pc,operational,0.0,0.0,,0,0,16
0f44c6e6440654d0,grpo_mass_pc,strict,0.0,0.0,,0,0,0
85fb576381c15527,score,operational,0.0,0.0,,0,0,16
85fb576381c15527,score,strict,0.0,0.0,,0,0,16
85fb576381c15527,pareto,operational,0.0,0.0,,0,0,16
85fb576381c15527,pareto,strict,0.0,0.0,,0,0,16
85fb576381c15527,gt_geometry,operational,0.0,0.0,,0,0,16
85fb576381c15527,gt_geometry,strict,0.0,0.0,,0,0,16
85fb576381c15527,grpo_mass_pc,operational,0.0,0.0,,0,0,16
85fb576381c15527,grpo_mass_pc,strict,0.0,0.0,,0,0,0
d79d2c9951f35626,score,operational,0.0,0.0,,0,0,16
d79d2c9951f35626,score,strict,0.0,0.0,,0,0,16
d79d2c9951f35626,pareto,operational,0.0,0.0,,0,0,16
d79d2c9951f35626,pareto,strict,0.0,0.0,,0,0,16
d79d2c9951f35626,gt_geometry,operational,0.0,0.0,,0,0,13
d79d2c9951f35626,gt_geometry,strict,0.0,0.0,,0,0,13
d79d2c9951f35626,grpo_mass_pc,operational,0.0,0.0,,0,0,16
d79d2c9951f35626,grpo_mass_pc,strict,0.0,0.0,,0,0,0
980c4467fdf156c4,score,operational,0.0,0.0,,0,0,16
980c4467fdf156c4,score,strict,0.0,0.0,,0,0,16
980c4467fdf156c4,pareto,operational,0.0,0.0,,0,0,16
980c4467fdf156c4,pareto,strict,0.0,0.0,,0,0,16
980c4467fdf156c4,gt_geometry,operational,0.0,0.0,,0,0,16
980c4467fdf156c4,gt_geometry,strict,0.0,0.0,,0,0,16
980c4467fdf156c4,grpo_mass_pc,operational,0.0,0.0,,0,0,16
980c4467fdf156c4,grpo_mass_pc,strict,0.0,0.0,,0,0,0
11ceee170b09535e,score,operational,0.0,0.0,,0,0,16
11ceee170b09535e,score,strict,0.0,0.0,,0,0,16
11ceee170b09535e,pareto,operational,0.0,0.0,,0,0,16
11ceee170b09535e,pareto,strict,0.0,0.0,,0,0,16
11ceee170b09535e,gt_geometry,operational,0.0,0.0,,0,0,16
11ceee170b09535e,gt_geometry,strict,0.0,0.0,,0,0,16
11ceee170b09535e,grpo_mass_pc,operational,0.0,0.0,,0,0,16
11ceee170b09535e,grpo_mass_pc,strict,0.0,0.0,,0,0,0
c550cadc4a515e6b,score,operational,0.0,0.0,,0,0,16
c550cadc4a515e6b,score,strict,0.0,0.0,,0,0,16
c550cadc4a515e6b,pareto,operational,0.0,0.0,,0,0,16
c550cadc4a515e6b,pareto,strict,0.0,0.0,,0,0,16
c550cadc4a515e6b,gt_geometry,operational,0.0,0.0,,0,0,14
c550cadc4a515e6b,gt_geometry,strict,0.0,0.0,,0,0,14
c550cadc4a515e6b,grpo_mass_pc,operational,0.0,0.0,,0,0,16
c550cadc4a515e6b,grpo_mass_pc,strict,0.0,0.0,,0,0,0
4fdf21ae819f5cf9,score,operational,0.0,0.0,,0,0,16
4fdf21ae819f5cf9,score,strict,0.0,0.0,,0,0,16
4fdf21ae819f5cf9,pareto,operational,0.0,0.0,,0,0,16
4fdf21ae819f5cf9,pareto,strict,0.0,0.0,,0,0,16
4fdf21ae819f5cf9,gt_geometry,operational,0.0,0.0,,0,0,16
4fdf21ae819f5cf9,gt_geometry,strict,0.0,0.0,,0,0,16
4fdf21ae819f5cf9,grpo_mass_pc,operational,0.0,0.0,,0,0,16
4fdf21ae819f5cf9,grpo_mass_pc,strict,0.0,0.0,,0,0,0
9af521b071b75ede,score,operational,0.0,0.0,,0,0,16
9af521b071b75ede,score,strict,0.0,0.0,,0,0,16
9af521b071b75ede,pareto,operational,0.0,0.0,,0,0,16
9af521b071b75ede,pareto,strict,0.0,0.0,,0,0,16
9af521b071b75ede,gt_geometry,operational,0.0009765625,0.0009765625,,0,0,16
9af521b071b75ede,gt_geometry,strict,0.0009765625,0.0009765625,,0,0,16
9af521b071b75ede,grpo_mass_pc,operational,0.0,0.0,,0,0,16
9af521b071b75ede,grpo_mass_pc,strict,0.0,0.0,,0,0,0
94fd2d5eaaff5125,score,operational,0.0,0.0,,0,0,16
94fd2d5eaaff5125,score,strict,0.0,0.0,,0,0,16
94fd2d5eaaff5125,pareto,operational,0.0,0.0,,0,0,16
94fd2d5eaaff5125,pareto,strict,0.0,0.0,,0,0,16
94fd2d5eaaff5125,gt_geometry,operational,0.0,0.0,,0,0,9
94fd2d5eaaff5125,gt_geometry,strict,0.0,0.0,,0,0,9
94fd2d5eaaff5125,grpo_mass_pc,operational,0.0,0.0,,0,0,16
94fd2d5eaaff5125,grpo_mass_pc,strict,0.0,0.0,,0,0,0
3bfe55c892ef5093,score,operational,0.0,0.0,,0,0,16
3bfe55c892ef5093,score,strict,0.0,0.0,,0,0,16
3bfe55c892ef5093,pareto,operational,0.0,0.0,,0,0,16
3bfe55c892ef5093,pareto,strict,0.0,0.0,,0,0,16
3bfe55c892ef5093,gt_geometry,operational,0.0,0.0,,0,0,16
3bfe55c892ef5093,gt_geometry,strict,0.0,0.0,,0,0,16
3bfe55c892ef5093,grpo_mass_pc,operational,0.0,0.0,,0,0,16
3bfe55c892ef5093,grpo_mass_pc,strict,0.0,0.0,,0,0,0
76c61e8e77975178,score,operational,0.0,0.0,,0,0,16
76c61e8e77975178,score,strict,0.0,0.0,,0,0,16
76c61e8e77975178,pareto,operational,0.0,0.0,,0,0,16
76c61e8e77975178,pareto,strict,0.0,0.0,,0,0,16
76c61e8e77975178,gt_geometry,operational,0.0,0.0,,0,0,16
76c61e8e77975178,gt_geometry,strict,0.0,0.0,,0,0,16
76c61e8e77975178,grpo_mass_pc,operational,0.0,0.0,,0,0,16
76c61e8e77975178,grpo_mass_pc,strict,0.0,0.0,,0,0,0
6aa0f931a89f5d9a,score,operational,0.0,0.0,,0,0,16
6aa0f931a89f5d9a,score,strict,0.0,0.0,,0,0,16
6aa0f931a89f5d9a,pareto,operational,0.0,0.0,,0,0,16
6aa0f931a89f5d9a,pareto,strict,0.0,0.0,,0,0,16
6aa0f931a89f5d9a,gt_geometry,operational,0.0,0.0,,0,0,16
6aa0f931a89f5d9a,gt_geometry,strict,0.0,0.0,,0,0,16
6aa0f931a89f5d9a,grpo_mass_pc,operational,0.0,0.0,,0,0,16
6aa0f931a89f5d9a,grpo_mass_pc,strict,0.0,0.0,,0,0,0
7f3aa59671c45291,score,operational,0.0,0.0,,0,0,16
7f3aa59671c45291,score,strict,0.0,0.0,,0,0,16
7f3aa59671c45291,pareto,operational,0.0,0.0,,0,0,16
7f3aa59671c45291,pareto,strict,0.0,0.0,,0,0,16
7f3aa59671c45291,gt_geometry,operational,0.0,0.0,,0,0,16
7f3aa59671c45291,gt_geometry,strict,0.0,0.0,,0,0,16
7f3aa59671c45291,grpo_mass_pc,operational,0.0,0.0,,0,0,16
7f3aa59671c45291,grpo_mass_pc,strict,0.0,0.0,,0,0,0
c17be2d2a6f65008,score,operational,0.0,0.0,,0,0,16
c17be2d2a6f65008,score,strict,0.0,0.0,,0,0,16
c17be2d2a6f65008,pareto,operational,0.0,0.0,,0,0,16
c17be2d2a6f65008,pareto,strict,0.0,0.0,,0,0,16
c17be2d2a6f65008,gt_geometry,operational,0.0,0.0,,0,0,14
c17be2d2a6f65008,gt_geometry,strict,0.0,0.0,,0,0,14
c17be2d2a6f65008,grpo_mass_pc,operational,0.0,0.0,,0,0,16
c17be2d2a6f65008,grpo_mass_pc,strict,0.0,0.0,,0,0,0
f6d7cbb8505f5782,score,operational,0.0,0.0,,0,0,16
f6d7cbb8505f5782,score,strict,0.0,0.0,,0,0,16
f6d7cbb8505f5782,pareto,operational,0.0,0.0,,0,0,16
f6d7cbb8505f5782,pareto,strict,0.0,0.0,,0,0,16
f6d7cbb8505f5782,gt_geometry,operational,0.0,0.0,,0,0,16
f6d7cbb8505f5782,gt_geometry,strict,0.0,0.0,,0,0,16
f6d7cbb8505f5782,grpo_mass_pc,operational,0.0,0.0,,0,0,16
f6d7cbb8505f5782,grpo_mass_pc,strict,0.0,0.0,,0,0,0
59b4fffb7aef599d,score,operational,0.0,0.0,,0,0,16
59b4fffb7aef599d,score,strict,0.0,0.0,,0,0,16
59b4fffb7aef599d,pareto,operational,0.0,0.0,,0,0,16
59b4fffb7aef599d,pareto,strict,0.0,0.0,,0,0,16
59b4fffb7aef599d,gt_geometry,operational,0.0,0.0,,0,0,16
59b4fffb7aef599d,gt_geometry,strict,0.0,0.0,,0,0,16
59b4fffb7aef599d,grpo_mass_pc,operational,0.0,0.0,,0,0,16
59b4fffb7aef599d,grpo_mass_pc,strict,0.0,0.0,,0,0,0
5c722cde25ba50d9,score,operational,0.0,0.0,,0,0,16
5c722cde25ba50d9,score,strict,0.0,0.0,,0,0,16
5c722cde25ba50d9,pareto,operational,0.0,0.0,,0,0,16
5c722cde25ba50d9,pareto,strict,0.0,0.0,,0,0,16
5c722cde25ba50d9,gt_geometry,operational,0.0009765625,0.0009765625,,0,0,16
5c722cde25ba50d9,gt_geometry,strict,0.0009765625,0.0009765625,,0,0,16
5c722cde25ba50d9,grpo_mass_pc,operational,0.0,0.0,,0,0,16
5c722cde25ba50d9,grpo_mass_pc,strict,0.0,0.0,,0,0,0
248aeb1af182529b,score,operational,0.0,0.0,,0,0,14
248aeb1af182529b,score,strict,0.0,0.0,,0,0,14
248aeb1af182529b,pareto,operational,0.0,0.0,,0,0,15
248aeb1af182529b,pareto,strict,0.0,0.0,,0,0,15
248aeb1af182529b,gt_geometry,operational,0.0,0.0,,0,0,12
248aeb1af182529b,gt_geometry,strict,0.0,0.0,,0,0,12
248aeb1af182529b,grpo_mass_pc,operational,0.0,0.0,,0,0,14
248aeb1af182529b,grpo_mass_pc,strict,0.0,0.0,,0,0,0
8dff3247e7415c0d,score,operational,0.0,0.0,,0,0,16
8dff3247e7415c0d,score,strict,0.0,0.0,,0,0,16
8dff3247e7415c0d,pareto,operational,0.0,0.0,,0,0,16
8dff3247e7415c0d,pareto,strict,0.0,0.0,,0,0,16
8dff3247e7415c0d,gt_geometry,operational,0.0,0.0,,0,0,16
8dff3247e7415c0d,gt_geometry,strict,0.0,0.0,,0,0,16
8dff3247e7415c0d,grpo_mass_pc,operational,0.0,0.0,,0,0,16
8dff3247e7415c0d,grpo_mass_pc,strict,0.0,0.0,,0,0,0
df244d376fd85a93,score,operational,0.0,0.0,,0,0,16
df244d376fd85a93,score,strict,0.0,0.0,,0,0,16
df244d376fd85a93,pareto,operational,0.0,0.0,,0,0,16
df244d376fd85a93,pareto,strict,0.0,0.0,,0,0,16
df244d376fd85a93,gt_geometry,operational,0.0,0.0,,0,0,9
df244d376fd85a93,gt_geometry,strict,0.0,0.0,,0,0,9
df244d376fd85a93,grpo_mass_pc,operational,0.0,0.0,,0,0,16
df244d376fd85a93,grpo_mass_pc,strict,0.0,0.0,,0,0,0
06f781885ea25f20,score,operational,0.0,0.0,,0,0,16
06f781885ea25f20,score,strict,0.0,0.0,,0,0,16
06f781885ea25f20,pareto,operational,0.0,0.0,,0,0,16
06f781885ea25f20,pareto,strict,0.0,0.0,,0,0,16
06f781885ea25f20,gt_geometry,operational,0.0,0.0,,0,0,6
06f781885ea25f20,gt_geometry,strict,0.0,0.0,,0,0,6
06f781885ea25f20,grpo_mass_pc,operational,0.0,0.0,,0,0,16
06f781885ea25f20,grpo_mass_pc,strict,0.0,0.0,,0,0,0
dabc9a6d5e755758,score,operational,0.0,0.0,,0,0,15
dabc9a6d5e755758,score,strict,0.0,0.0,,0,0,15
dabc9a6d5e755758,pareto,operational,0.0,0.0,,0,0,15
dabc9a6d5e755758,pareto,strict,0.0,0.0,,0,0,15
dabc9a6d5e755758,gt_geometry,operational,0.0,0.0,,0,0,12
dabc9a6d5e755758,gt_geometry,strict,0.0,0.0,,0,0,12
dabc9a6d5e755758,grpo_mass_pc,operational,0.0,0.0,,0,0,15
dabc9a6d5e755758,grpo_mass_pc,strict,0.0,0.0,,0,0,0
666ee535a52a5acc,score,operational,0.0,0.0,,0,0,16
666ee535a52a5acc,score,strict,0.0,0.0,,0,0,16
666ee535a52a5acc,pareto,operational,0.0,0.0,,0,0,16
666ee535a52a5acc,pareto,strict,0.0,0.0,,0,0,16
666ee535a52a5acc,gt_geometry,operational,0.0,0.0,,0,0,16
666ee535a52a5acc,gt_geometry,strict,0.0,0.0,,0,0,16
666ee535a52a5acc,grpo_mass_pc,operational,0.0,0.0,,0,0,16
666ee535a52a5acc,grpo_mass_pc,strict,0.0,0.0,,0,0,0
afe0ef0cd35b57f7,score,operational,0.0,0.0,,0,0,15
afe0ef0cd35b57f7,score,strict,0.0,0.0,,0,0,15
afe0ef0cd35b57f7,pareto,operational,0.0,0.0,,0,0,15
afe0ef0cd35b57f7,pareto,strict,0.0,0.0,,0,0,15
afe0ef0cd35b57f7,gt_geometry,operational,0.0,0.0,,0,0,13
afe0ef0cd35b57f7,gt_geometry,strict,0.0,0.0,,0,0,13
afe0ef0cd35b57f7,grpo_mass_pc,operational,0.0,0.0,,0,0,15
afe0ef0cd35b57f7,grpo_mass_pc,strict,0.0,0.0,,0,0,0
b7d4e7ebc5c75968,score,operational,0.0,0.0,,0,0,15
b7d4e7ebc5c75968,score,strict,0.0,0.0,,0,0,15
b7d4e7ebc5c75968,pareto,operational,0.0,0.0,,0,0,15
b7d4e7ebc5c75968,pareto,strict,0.0,0.0,,0,0,15
b7d4e7ebc5c75968,gt_geometry,operational,0.0,0.0,,0,0,12
b7d4e7ebc5c75968,gt_geometry,strict,0.0,0.0,,0,0,12
b7d4e7ebc5c75968,grpo_mass_pc,operational,0.0,0.0,,0,0,15
b7d4e7ebc5c75968,grpo_mass_pc,strict,0.0,0.0,,0,0,0
bc5eb52653bc5031,score,operational,0.0,0.0,,0,0,16
bc5eb52653bc5031,score,strict,0.0,0.0,,0,0,16
bc5eb52653bc5031,pareto,operational,0.0,0.0,,0,0,16
bc5eb52653bc5031,pareto,strict,0.0,0.0,,0,0,16
bc5eb52653bc5031,gt_geometry,operational,0.0,0.0,,0,0,13
bc5eb52653bc5031,gt_geometry,strict,0.0,0.0,,0,0,13
bc5eb52653bc5031,grpo_mass_pc,operational,0.0,0.0,,0,0,16
bc5eb52653bc5031,grpo_mass_pc,strict,0.0,0.0,,0,0,0
6793006a7d995092,score,operational,0.0,0.0,,0,0,16
6793006a7d995092,score,strict,0.0,0.0,,0,0,16
6793006a7d995092,pareto,operational,0.0,0.0,,0,0,16
6793006a7d995092,pareto,strict,0.0,0.0,,0,0,16
6793006a7d995092,gt_geometry,operational,0.0,0.0,,0,0,16
6793006a7d995092,gt_geometry,strict,0.0,0.0,,0,0,16
6793006a7d995092,grpo_mass_pc,operational,0.0,0.0,,0,0,16
6793006a7d995092,grpo_mass_pc,strict,0.0,0.0,,0,0,0
9e7acfb214dd58eb,score,operational,0.0,0.0,,0,0,16
9e7acfb214dd58eb,score,strict,0.0,0.0,,0,0,16
9e7acfb214dd58eb,pareto,operational,0.0,0.0,,0,0,16
9e7acfb214dd58eb,pareto,strict,0.0,0.0,,0,0,16
9e7acfb214dd58eb,gt_geometry,operational,0.0,0.0,,0,0,16
9e7acfb214dd58eb,gt_geometry,strict,0.0,0.0,,0,0,16
9e7acfb214dd58eb,grpo_mass_pc,operational,0.0,0.0,,0,0,16
9e7acfb214dd58eb,grpo_mass_pc,strict,0.0,0.0,,0,0,0
6cda2f0cbda156bd,score,operational,0.0,0.0,,0,0,13
6cda2f0cbda156bd,score,strict,0.0,0.0,,0,0,13
6cda2f0cbda156bd,pareto,operational,0.0,0.0,,0,0,13
6cda2f0cbda156bd,pareto,strict,0.0,0.0,,0,0,13
6cda2f0cbda156bd,gt_geometry,operational,0.0,0.0,,0,0,11
6cda2f0cbda156bd,gt_geometry,strict,0.0,0.0,,0,0,11
6cda2f0cbda156bd,grpo_mass_pc,operational,0.0,0.0,,0,0,13
6cda2f0cbda156bd,grpo_mass_pc,strict,0.0,0.0,,0,0,0
beea15c8657d59a2,score,operational,0.0,0.0,,0,0,16
beea15c8657d59a2,score,strict,0.0,0.0,,0,0,16
beea15c8657d59a2,pareto,operational,0.0,0.0,,0,0,16
beea15c8657d59a2,pareto,strict,0.0,0.0,,0,0,16
beea15c8657d59a2,gt_geometry,operational,0.0,0.0,,0,0,12
beea15c8657d59a2,gt_geometry,strict,0.0,0.0,,0,0,12
beea15c8657d59a2,grpo_mass_pc,operational,0.0,0.0,,0,0,16
beea15c8657d59a2,grpo_mass_pc,strict,0.0,0.0,,0,0,0
1971c4278e675b9d,score,operational,0.0,0.0,,0,0,16
1971c4278e675b9d,score,strict,0.0,0.0,,0,0,16
1971c4278e675b9d,pareto,operational,0.0,0.0,,0,0,16
1971c4278e675b9d,pareto,strict,0.0,0.0,,0,0,16
1971c4278e675b9d,gt_geometry,operational,0.0,0.0,,0,0,16
1971c4278e675b9d,gt_geometry,strict,0.0,0.0,,0,0,16
1971c4278e675b9d,grpo_mass_pc,operational,0.0,0.0,,0,0,16
1971c4278e675b9d,grpo_mass_pc,strict,0.0,0.0,,0,0,0
c7009bf1a2025be7,score,operational,0.0,0.0,,0,0,16
c7009bf1a2025be7,score,strict,0.0,0.0,,0,0,16
c7009bf1a2025be7,pareto,operational,0.0,0.0,,0,0,16
c7009bf1a2025be7,pareto,strict,0.0,0.0,,0,0,16
c7009bf1a2025be7,gt_geometry,operational,0.0,0.0,,0,0,12
c7009bf1a2025be7,gt_geometry,strict,0.0,0.0,,0,0,12
c7009bf1a2025be7,grpo_mass_pc,operational,0.0,0.0,,0,0,16
c7009bf1a2025be7,grpo_mass_pc,strict,0.0,0.0,,0,0,0
c37c94fa634f5265,score,operational,0.0,0.0,,0,0,16
c37c94fa634f5265,score,strict,0.0,0.0,,0,0,16
c37c94fa634f5265,pareto,operational,0.0,0.0,,0,0,16
c37c94fa634f5265,pareto,strict,0.0,0.0,,0,0,16
c37c94fa634f5265,gt_geometry,operational,0.0,0.0,,0,0,13
c37c94fa634f5265,gt_geometry,strict,0.0,0.0,,0,0,13
c37c94fa634f5265,grpo_mass_pc,operational,0.0,0.0,,0,0,16
c37c94fa634f5265,grpo_mass_pc,strict,0.0,0.0,,0,0,0
caaf3bef91ac58a3,score,operational,0.0,0.0,,0,0,16
caaf3bef91ac58a3,score,strict,0.0,0.0,,0,0,16
caaf3bef91ac58a3,pareto,operational,0.0,0.0,,0,0,16
caaf3bef91ac58a3,pareto,strict,0.0,0.0,,0,0,16
caaf3bef91ac58a3,gt_geometry,operational,0.0,0.0,,0,0,16
caaf3bef91ac58a3,gt_geometry,strict,0.0,0.0,,0,0,16
caaf3bef91ac58a3,grpo_mass_pc,operational,0.0,0.0,,0,0,16
caaf3bef91ac58a3,grpo_mass_pc,strict,0.0,0.0,,0,0,0
89c4479f74c05538,score,operational,0.0,0.0,,0,0,16
89c4479f74c05538,score,strict,0.0,0.0,,0,0,16
89c4479f74c05538,pareto,operational,0.0,0.0,,0,0,16
89c4479f74c05538,pareto,strict,0.0,0.0,,0,0,16
89c4479f74c05538,gt_geometry,operational,0.0,0.0,,0,0,16
89c4479f74c05538,gt_geometry,strict,0.0,0.0,,0,0,16
89c4479f74c05538,grpo_mass_pc,operational,0.0,0.0,,0,0,16
89c4479f74c05538,grpo_mass_pc,strict,0.0,0.0,,0,0,0
7f35bb1a29c1549f,score,operational,0.0,0.0,,0,0,16
7f35bb1a29c1549f,score,strict,0.0,0.0,,0,0,16
7f35bb1a29c1549f,pareto,operational,0.0,0.0,,0,0,16
7f35bb1a29c1549f,pareto,strict,0.0,0.0,,0,0,16
7f35bb1a29c1549f,gt_geometry,operational,0.0,0.0,,0,0,16
7f35bb1a29c1549f,gt_geometry,strict,0.0,0.0,,0,0,16
7f35bb1a29c1549f,grpo_mass_pc,operational,0.0,0.0,,0,0,16
7f35bb1a29c1549f,grpo_mass_pc,strict,0.0,0.0,,0,0,0
b46befc3e5a756ec,score,operational,0.0,0.0,,0,0,16
b46befc3e5a756ec,score,strict,0.0,0.0,,0,0,16
b46befc3e5a756ec,pareto,operational,0.0,0.0,,0,0,16
b46befc3e5a756ec,pareto,strict,0.0,0.0,,0,0,16
b46befc3e5a756ec,gt_geometry,operational,0.0,0.0,,0,0,11
b46befc3e5a756ec,gt_geometry,strict,0.0,0.0,,0,0,11
b46befc3e5a756ec,grpo_mass_pc,operational,0.0,0.0,,0,0,16
b46befc3e5a756ec,grpo_mass_pc,strict,0.0,0.0,,0,0,0
f06dec0352685bd7,score,operational,0.0,0.0,,0,0,16
f06dec0352685bd7,score,strict,0.0,0.0,,0,0,16
f06dec0352685bd7,pareto,operational,0.0,0.0,,0,0,16
f06dec0352685bd7,pareto,strict,0.0,0.0,,0,0,16
f06dec0352685bd7,gt_geometry,operational,0.0,0.0,,0,0,12
f06dec0352685bd7,gt_geometry,strict,0.0,0.0,,0,0,12
f06dec0352685bd7,grpo_mass_pc,operational,0.0,0.0,,0,0,16
f06dec0352685bd7,grpo_mass_pc,strict,0.0,0.0,,0,0,0
9956d04c0d275e7d,score,operational,0.0,0.0,,0,0,16
9956d04c0d275e7d,score,strict,0.0,0.0,,0,0,16
9956d04c0d275e7d,pareto,operational,0.0,0.0,,0,0,16
9956d04c0d275e7d,pareto,strict,0.0,0.0,,0,0,16
9956d04c0d275e7d,gt_geometry,operational,0.0,0.0,,0,0,16
9956d04c0d275e7d,gt_geometry,strict,0.0,0.0,,0,0,16
9956d04c0d275e7d,grpo_mass_pc,operational,0.0,0.0,,0,0,16
9956d04c0d275e7d,grpo_mass_pc,strict,0.0,0.0,,0,0,0
edb7e230c20f542a,score,operational,0.0,0.0,,0,0,12
edb7e230c20f542a,score,strict,0.0,0.0,,0,0,12
edb7e230c20f542a,pareto,operational,0.0,0.0,,0,0,12
edb7e230c20f542a,pareto,strict,0.0,0.0,,0,0,12
edb7e230c20f542a,gt_geometry,operational,0.0,0.0,,0,0,12
edb7e230c20f542a,gt_geometry,strict,0.0,0.0,,0,0,12
edb7e230c20f542a,grpo_mass_pc,operational,0.0,0.0,,0,0,12
edb7e230c20f542a,grpo_mass_pc,strict,0.0,0.0,,0,0,0
bbe9d736a2595720,score,operational,0.0,0.0,,0,0,16
bbe9d736a2595720,score,strict,0.0,0.0,,0,0,16
bbe9d736a2595720,pareto,operational,0.0,0.0,,0,0,16
bbe9d736a2595720,pareto,strict,0.0,0.0,,0,0,16
bbe9d736a2595720,gt_geometry,operational,0.0,0.0,,0,0,16
bbe9d736a2595720,gt_geometry,strict,0.0,0.0,,0,0,16
bbe9d736a2595720,grpo_mass_pc,operational,0.0,0.0,,0,0,16
bbe9d736a2595720,grpo_mass_pc,strict,0.0,0.0,,0,0,0
8f7d5b80e1f85c3c,score,operational,0.0,0.0,,0,0,16
8f7d5b80e1f85c3c,score,strict,0.0,0.0,,0,0,16
8f7d5b80e1f85c3c,pareto,operational,0.0,0.0,,0,0,16
8f7d5b80e1f85c3c,pareto,strict,0.0,0.0,,0,0,16
8f7d5b80e1f85c3c,gt_geometry,operational,0.0,0.0,,0,0,12
8f7d5b80e1f85c3c,gt_geometry,strict,0.0,0.0,,0,0,12
8f7d5b80e1f85c3c,grpo_mass_pc,operational,0.0,0.0,,0,0,16
8f7d5b80e1f85c3c,grpo_mass_pc,strict,0.0,0.0,,0,0,0
3c9433a90ab05621,score,operational,0.0,0.0,,0,0,16
3c9433a90ab05621,score,strict,0.0,0.0,,0,0,16
3c9433a90ab05621,pareto,operational,0.0,0.0,,0,0,16
3c9433a90ab05621,pareto,strict,0.0,0.0,,0,0,16
3c9433a90ab05621,gt_geometry,operational,0.0,0.0,,0,0,16
3c9433a90ab05621,gt_geometry,strict,0.0,0.0,,0,0,16
3c9433a90ab05621,grpo_mass_pc,operational,0.0,0.0,,0,0,16
3c9433a90ab05621,grpo_mass_pc,strict,0.0,0.0,,0,0,0
b37c26e5cdf853d5,score,operational,0.0,0.0,,0,0,16
b37c26e5cdf853d5,score,strict,0.0,0.0,,0,0,16
b37c26e5cdf853d5,pareto,operational,0.0,0.0,,0,0,16
b37c26e5cdf853d5,pareto,strict,0.0,0.0,,0,0,16
b37c26e5cdf853d5,gt_geometry,operational,0.0,0.0,,0,0,16
b37c26e5cdf853d5,gt_geometry,strict,0.0,0.0,,0,0,16
b37c26e5cdf853d5,grpo_mass_pc,operational,0.0,0.0,,0,0,16
b37c26e5cdf853d5,grpo_mass_pc,strict,0.0,0.0,,0,0,0
6dfe97d2aff95bf6,score,operational,0.0,0.0,,0,0,12
6dfe97d2aff95bf6,score,strict,0.0,0.0,,0,0,12
6dfe97d2aff95bf6,pareto,operational,0.0,0.0,,0,0,12
6dfe97d2aff95bf6,pareto,strict,0.0,0.0,,0,0,12
6dfe97d2aff95bf6,gt_geometry,operational,0.0,0.0,,0,0,11
6dfe97d2aff95bf6,gt_geometry,strict,0.0,0.0,,0,0,11
6dfe97d2aff95bf6,grpo_mass_pc,operational,0.0,0.0,,0,0,12
6dfe97d2aff95bf6,grpo_mass_pc,strict,0.0,0.0,,0,0,0
9e66bc21c0d4507d,score,operational,0.0,0.0,,0,0,16
9e66bc21c0d4507d,score,strict,0.0,0.0,,0,0,16
9e66bc21c0d4507d,pareto,operational,0.0,0.0,,0,0,16
9e66bc21c0d4507d,pareto,strict,0.0,0.0,,0,0,16
9e66bc21c0d4507d,gt_geometry,operational,0.0,0.0,,0,0,16
9e66bc21c0d4507d,gt_geometry,strict,0.0,0.0,,0,0,16
9e66bc21c0d4507d,grpo_mass_pc,operational,0.0,0.0,,0,0,16
9e66bc21c0d4507d,grpo_mass_pc,strict,0.0,0.0,,0,0,0
121fdf5f01785268,score,operational,0.0,0.0,,0,0,14
121fdf5f01785268,score,strict,0.0,0.0,,0,0,14
121fdf5f01785268,pareto,operational,0.0,0.0,,0,0,14
121fdf5f01785268,pareto,strict,0.0,0.0,,0,0,14
121fdf5f01785268,gt_geometry,operational,0.0,0.0,,0,0,12
121fdf5f01785268,gt_geometry,strict,0.0,0.0,,0,0,12
121fdf5f01785268,grpo_mass_pc,operational,0.0,0.0,,0,0,14
121fdf5f01785268,grpo_mass_pc,strict,0.0,0.0,,0,0,0
9349bacb4a225ae3,score,operational,0.0,0.0,,0,0,15
9349bacb4a225ae3,score,strict,0.0,0.0,,0,0,15
9349bacb4a225ae3,pareto,operational,0.0,0.0,,0,0,15
9349bacb4a225ae3,pareto,strict,0.0,0.0,,0,0,15
9349bacb4a225ae3,gt_geometry,operational,0.0,0.0,,0,0,13
9349bacb4a225ae3,gt_geometry,strict,0.0,0.0,,0,0,13
9349bacb4a225ae3,grpo_mass_pc,operational,0.0,0.0,,0,0,15
9349bacb4a225ae3,grpo_mass_pc,strict,0.0,0.0,,0,0,0
704c2533b66353b5,score,operational,0.0,0.0,,0,0,16
704c2533b66353b5,score,strict,0.0,0.0,,0,0,16
704c2533b66353b5,pareto,operational,0.0,0.0,,0,0,16
704c2533b66353b5,pareto,strict,0.0,0.0,,0,0,16
704c2533b66353b5,gt_geometry,operational,0.0,0.0,,0,0,11
704c2533b66353b5,gt_geometry,strict,0.0,0.0,,0,0,11
704c2533b66353b5,grpo_mass_pc,operational,0.0,0.0,,0,0,16
704c2533b66353b5,grpo_mass_pc,strict,0.0,0.0,,0,0,0
4ffc3aacc76d5d43,score,operational,0.0,0.0,,0,0,16
4ffc3aacc76d5d43,score,strict,0.0,0.0,,0,0,16
4ffc3aacc76d5d43,pareto,operational,0.0,0.0,,0,0,16
4ffc3aacc76d5d43,pareto,strict,0.0,0.0,,0,0,16
4ffc3aacc76d5d43,gt_geometry,operational,0.0,0.0,,0,0,16
4ffc3aacc76d5d43,gt_geometry,strict,0.0,0.0,,0,0,16
4ffc3aacc76d5d43,grpo_mass_pc,operational,0.0,0.0,,0,0,16
4ffc3aacc76d5d43,grpo_mass_pc,strict,0.0,0.0,,0,0,0
ea808fbdaf2a5375,score,operational,0.0,0.0,,0,0,16
ea808fbdaf2a5375,score,strict,0.0,0.0,,0,0,16
ea808fbdaf2a5375,pareto,operational,0.0,0.0,,0,0,16
ea808fbdaf2a5375,pareto,strict,0.0,0.0,,0,0,16
ea808fbdaf2a5375,gt_geometry,operational,0.0,0.0,,0,0,16
ea808fbdaf2a5375,gt_geometry,strict,0.0,0.0,,0,0,16
ea808fbdaf2a5375,grpo_mass_pc,operational,0.0,0.0,,0,0,16
ea808fbdaf2a5375,grpo_mass_pc,strict,0.0,0.0,,0,0,0
e47dc9b07dd857a3,score,operational,0.0,0.0,,0,0,15
e47dc9b07dd857a3,score,strict,0.0,0.0,,0,0,15
e47dc9b07dd857a3,pareto,operational,0.0,0.0,,0,0,16
e47dc9b07dd857a3,pareto,strict,0.0,0.0,,0,0,16
e47dc9b07dd857a3,gt_geometry,operational,0.0009765625,0.0,,0,0,10
e47dc9b07dd857a3,gt_geometry,strict,0.0009765625,0.0,,0,0,10
e47dc9b07dd857a3,grpo_mass_pc,operational,0.0,0.0,,0,0,15
e47dc9b07dd857a3,grpo_mass_pc,strict,0.0,0.0,,0,0,0
0d38caf0c7c650e8,score,operational,0.0,0.0,,0,0,15
0d38caf0c7c650e8,score,strict,0.0,0.0,,0,0,15
0d38caf0c7c650e8,pareto,operational,0.0,0.0,,0,0,16
0d38caf0c7c650e8,pareto,strict,0.0,0.0,,0,0,16
0d38caf0c7c650e8,gt_geometry,operational,0.0,0.0,,0,0,12
0d38caf0c7c650e8,gt_geometry,strict,0.0,0.0,,0,0,12
0d38caf0c7c650e8,grpo_mass_pc,operational,0.0,0.0,,0,0,15
0d38caf0c7c650e8,grpo_mass_pc,strict,0.0,0.0,,0,0,0
3ac61ac2f2b652b7,score,operational,0.0,0.0,,0,0,16
3ac61ac2f2b652b7,score,strict,0.0,0.0,,0,0,16
3ac61ac2f2b652b7,pareto,operational,0.0,0.0,,0,0,16
3ac61ac2f2b652b7,pareto,strict,0.0,0.0,,0,0,16
3ac61ac2f2b652b7,gt_geometry,operational,0.0,0.0,,0,0,16
3ac61ac2f2b652b7,gt_geometry,strict,0.0,0.0,,0,0,16
3ac61ac2f2b652b7,grpo_mass_pc,operational,0.0,0.0,,0,0,16
3ac61ac2f2b652b7,grpo_mass_pc,strict,0.0,0.0,,0,0,0
0d9f56cc8fa15657,score,operational,0.0,0.0,,0,0,16
0d9f56cc8fa15657,score,strict,0.0,0.0,,0,0,16
0d9f56cc8fa15657,pareto,operational,0.0,0.0,,0,0,16
0d9f56cc8fa15657,pareto,strict,0.0,0.0,,0,0,16
0d9f56cc8fa15657,gt_geometry,operational,0.0,0.0,,0,0,16
0d9f56cc8fa15657,gt_geometry,strict,0.0,0.0,,0,0,16
0d9f56cc8fa15657,grpo_mass_pc,operational,0.0,0.0,,0,0,16
0d9f56cc8fa15657,grpo_mass_pc,strict,0.0,0.0,,0,0,0
296345c58a77547f,score,operational,0.0,0.0,,0,0,14
296345c58a77547f,score,strict,0.0,0.0,,0,0,14
296345c58a77547f,pareto,operational,0.0,0.0,,0,0,14
296345c58a77547f,pareto,strict,0.0,0.0,,0,0,14
296345c58a77547f,gt_geometry,operational,0.0,0.0,,0,0,10
296345c58a77547f,gt_geometry,strict,0.0,0.0,,0,0,10
296345c58a77547f,grpo_mass_pc,operational,0.0,0.0,,0,0,14
296345c58a77547f,grpo_mass_pc,strict,0.0,0.0,,0,0,0
94e9664fcf2d5f9e,score,operational,0.0,0.0,,0,0,16
94e9664fcf2d5f9e,score,strict,0.0,0.0,,0,0,16
94e9664fcf2d5f9e,pareto,operational,0.0,0.0,,0,0,16
94e9664fcf2d5f9e,pareto,strict,0.0,0.0,,0,0,16
94e9664fcf2d5f9e,gt_geometry,operational,0.0,0.0,,0,0,16
94e9664fcf2d5f9e,gt_geometry,strict,0.0,0.0,,0,0,16
94e9664fcf2d5f9e,grpo_mass_pc,operational,0.0,0.0,,0,0,16
94e9664fcf2d5f9e,grpo_mass_pc,strict,0.0,0.0,,0,0,0
a880ac22dd045d21,score,operational,0.0,0.0,,0,0,16
a880ac22dd045d21,score,strict,0.0,0.0,,0,0,16
a880ac22dd045d21,pareto,operational,0.0,0.0,,0,0,16
a880ac22dd045d21,pareto,strict,0.0,0.0,,0,0,16
a880ac22dd045d21,gt_geometry,operational,0.0,0.0,,0,0,11
a880ac22dd045d21,gt_geometry,strict,0.0,0.0,,0,0,11
a880ac22dd045d21,grpo_mass_pc,operational,0.0,0.0,,0,0,16
a880ac22dd045d21,grpo_mass_pc,strict,0.0,0.0,,0,0,0
5b3770f00cb55569,score,operational,0.0,0.0,,0,0,16
5b3770f00cb55569,score,strict,0.0,0.0,,0,0,16
5b3770f00cb55569,pareto,operational,0.0,0.0,,0,0,16
5b3770f00cb55569,pareto,strict,0.0,0.0,,0,0,16
5b3770f00cb55569,gt_geometry,operational,0.0,0.0,,0,0,11
5b3770f00cb55569,gt_geometry,strict,0.0,0.0,,0,0,11
5b3770f00cb55569,grpo_mass_pc,operational,0.0,0.0,,0,0,16
5b3770f00cb55569,grpo_mass_pc,strict,0.0,0.0,,0,0,0
36c5c837df3259f8,score,operational,0.0,0.0,,0,0,15
36c5c837df3259f8,score,strict,0.0,0.0,,0,0,15
36c5c837df3259f8,pareto,operational,0.0,0.0,,0,0,15
36c5c837df3259f8,pareto,strict,0.0,0.0,,0,0,15
36c5c837df3259f8,gt_geometry,operational,0.0,0.0,,0,0,13
36c5c837df3259f8,gt_geometry,strict,0.0,0.0,,0,0,13
36c5c837df3259f8,grpo_mass_pc,operational,0.0,0.0,,0,0,15
36c5c837df3259f8,grpo_mass_pc,strict,0.0,0.0,,0,0,0
665c2a0c88735b1f,score,operational,0.0,0.0,,0,0,16
665c2a0c88735b1f,score,strict,0.0,0.0,,0,0,16
665c2a0c88735b1f,pareto,operational,0.0,0.0,,0,0,16
665c2a0c88735b1f,pareto,strict,0.0,0.0,,0,0,16
665c2a0c88735b1f,gt_geometry,operational,0.0,0.0,,0,0,16
665c2a0c88735b1f,gt_geometry,strict,0.0,0.0,,0,0,16
665c2a0c88735b1f,grpo_mass_pc,operational,0.0,0.0,,0,0,16
665c2a0c88735b1f,grpo_mass_pc,strict,0.0,0.0,,0,0,0
24d4a97bf17f5883,score,operational,0.0,0.0,,0,0,16
24d4a97bf17f5883,score,strict,0.0,0.0,,0,0,16
24d4a97bf17f5883,pareto,operational,0.0,0.0,,0,0,16
24d4a97bf17f5883,pareto,strict,0.0,0.0,,0,0,16
24d4a97bf17f5883,gt_geometry,operational,0.0,0.0,,0,0,16
24d4a97bf17f5883,gt_geometry,strict,0.0,0.0,,0,0,16
24d4a97bf17f5883,grpo_mass_pc,operational,0.0,0.0,,0,0,16
24d4a97bf17f5883,grpo_mass_pc,strict,0.0,0.0,,0,0,0
acb286057ba859da,score,operational,0.0,0.0,,0,0,16
acb286057ba859da,score,strict,0.0,0.0,,0,0,16
acb286057ba859da,pareto,operational,0.0,0.0,,0,0,16
acb286057ba859da,pareto,strict,0.0,0.0,,0,0,16
acb286057ba859da,gt_geometry,operational,0.0,0.0,,0,0,16
acb286057ba859da,gt_geometry,strict,0.0,0.0,,0,0,16
acb286057ba859da,grpo_mass_pc,operational,0.0,0.0,,0,0,16
acb286057ba859da,grpo_mass_pc,strict,0.0,0.0,,0,0,0
4f0df6de49515352,score,operational,0.0,0.0,,0,0,16
4f0df6de49515352,score,strict,0.0,0.0,,0,0,16
4f0df6de49515352,pareto,operational,0.0,0.0,,0,0,16
4f0df6de49515352,pareto,strict,0.0,0.0,,0,0,16
4f0df6de49515352,gt_geometry,operational,0.0,0.0,,0,0,14
4f0df6de49515352,gt_geometry,strict,0.0,0.0,,0,0,14
4f0df6de49515352,grpo_mass_pc,operational,0.0,0.0,,0,0,16
4f0df6de49515352,grpo_mass_pc,strict,0.0,0.0,,0,0,0
482b5439cb6c5350,score,operational,0.0,0.0,,0,0,16
482b5439cb6c5350,score,strict,0.0,0.0,,0,0,16
482b5439cb6c5350,pareto,operational,0.0,0.0,,0,0,16
482b5439cb6c5350,pareto,strict,0.0,0.0,,0,0,16
482b5439cb6c5350,gt_geometry,operational,0.0,0.0,,0,0,16
482b5439cb6c5350,gt_geometry,strict,0.0,0.0,,0,0,16
482b5439cb6c5350,grpo_mass_pc,operational,0.0,0.0,,0,0,16
482b5439cb6c5350,grpo_mass_pc,strict,0.0,0.0,,0,0,0
a84fec66330e5157,score,operational,0.0,0.0,,0,0,16
a84fec66330e5157,score,strict,0.0,0.0,,0,0,16
a84fec66330e5157,pareto,operational,0.0,0.0,,0,0,16
a84fec66330e5157,pareto,strict,0.0,0.0,,0,0,16
a84fec66330e5157,gt_geometry,operational,0.0,0.0,,0,0,10
a84fec66330e5157,gt_geometry,strict,0.0,0.0,,0,0,10
a84fec66330e5157,grpo_mass_pc,operational,0.0,0.0,,0,0,16
a84fec66330e5157,grpo_mass_pc,strict,0.0,0.0,,0,0,0
02ef12eeec9c5667,score,operational,0.0,0.0,,0,0,16
02ef12eeec9c5667,score,strict,0.0,0.0,,0,0,16
02ef12eeec9c5667,pareto,operational,0.0,0.0,,0,0,16
02ef12eeec9c5667,pareto,strict,0.0,0.0,,0,0,16
02ef12eeec9c5667,gt_geometry,operational,0.0,0.0,,0,0,12
02ef12eeec9c5667,gt_geometry,strict,0.0,0.0,,0,0,12
02ef12eeec9c5667,grpo_mass_pc,operational,0.0,0.0,,0,0,16
02ef12eeec9c5667,grpo_mass_pc,strict,0.0,0.0,,0,0,0
076f5a91273050e6,score,operational,0.0,0.0,,0,0,16
076f5a91273050e6,score,strict,0.0,0.0,,0,0,16
076f5a91273050e6,pareto,operational,0.0,0.0,,0,0,16
076f5a91273050e6,pareto,strict,0.0,0.0,,0,0,16
076f5a91273050e6,gt_geometry,operational,0.0,0.0,,0,0,16
076f5a91273050e6,gt_geometry,strict,0.0,0.0,,0,0,16
076f5a91273050e6,grpo_mass_pc,operational,0.0,0.0,,0,0,16
076f5a91273050e6,grpo_mass_pc,strict,0.0,0.0,,0,0,0
a566b5f3bd0c5522,score,operational,0.0,0.0,,0,0,16
a566b5f3bd0c5522,score,strict,0.0,0.0,,0,0,16
a566b5f3bd0c5522,pareto,operational,0.0,0.0,,0,0,16
a566b5f3bd0c5522,pareto,strict,0.0,0.0,,0,0,16
a566b5f3bd0c5522,gt_geometry,operational,0.0,0.0,,0,0,12
a566b5f3bd0c5522,gt_geometry,strict,0.0,0.0,,0,0,12
a566b5f3bd0c5522,grpo_mass_pc,operational,0.0,0.0,,0,0,16
a566b5f3bd0c5522,grpo_mass_pc,strict,0.0,0.0,,0,0,0
fe1348a14b7f5fda,score,operational,0.0,0.0,,0,0,16
fe1348a14b7f5fda,score,strict,0.0,0.0,,0,0,16
fe1348a14b7f5fda,pareto,operational,0.0,0.0,,0,0,16
fe1348a14b7f5fda,pareto,strict,0.0,0.0,,0,0,16
fe1348a14b7f5fda,gt_geometry,operational,0.0,0.0,,0,0,16
fe1348a14b7f5fda,gt_geometry,strict,0.0,0.0,,0,0,16
fe1348a14b7f5fda,grpo_mass_pc,operational,0.0,0.0,,0,0,16
fe1348a14b7f5fda,grpo_mass_pc,strict,0.0,0.0,,0,0,0
cf430322beb852ca,score,operational,0.0,0.0,,0,0,16
cf430322beb852ca,score,strict,0.0,0.0,,0,0,16
cf430322beb852ca,pareto,operational,0.0,0.0,,0,0,16
cf430322beb852ca,pareto,strict,0.0,0.0,,0,0,16
cf430322beb852ca,gt_geometry,operational,0.0,0.0,,0,0,13
cf430322beb852ca,gt_geometry,strict,0.0,0.0,,0,0,13
cf430322beb852ca,grpo_mass_pc,operational,0.0,0.0,,0,0,16
cf430322beb852ca,grpo_mass_pc,strict,0.0,0.0,,0,0,0
05986621844f54a2,score,operational,0.0,0.0,,0,0,15
05986621844f54a2,score,strict,0.0,0.0,,0,0,15
05986621844f54a2,pareto,operational,0.0,0.0,,0,0,15
05986621844f54a2,pareto,strict,0.0,0.0,,0,0,15
05986621844f54a2,gt_geometry,operational,0.0,0.0,,0,0,11
05986621844f54a2,gt_geometry,strict,0.0,0.0,,0,0,11
05986621844f54a2,grpo_mass_pc,operational,0.0,0.0,,0,0,15
05986621844f54a2,grpo_mass_pc,strict,0.0,0.0,,0,0,0
37ab6257bb545b45,score,operational,0.0,0.0,,0,0,16
37ab6257bb545b45,score,strict,0.0,0.0,,0,0,16
37ab6257bb545b45,pareto,operational,0.0,0.0,,0,0,16
37ab6257bb545b45,pareto,strict,0.0,0.0,,0,0,16
37ab6257bb545b45,gt_geometry,operational,0.0,0.0,,0,0,9
37ab6257bb545b45,gt_geometry,strict,0.0,0.0,,0,0,9
37ab6257bb545b45,grpo_mass_pc,operational,0.0,0.0,,0,0,16
37ab6257bb545b45,grpo_mass_pc,strict,0.0,0.0,,0,0,0
1526e5b224665c7e,score,operational,0.0,0.0,,0,0,14
1526e5b224665c7e,score,strict,0.0,0.0,,0,0,14
1526e5b224665c7e,pareto,operational,0.0,0.0,,0,0,14
1526e5b224665c7e,pareto,strict,0.0,0.0,,0,0,14
1526e5b224665c7e,gt_geometry,operational,0.0,0.0,,0,0,10
1526e5b224665c7e,gt_geometry,strict,0.0,0.0,,0,0,10
1526e5b224665c7e,grpo_mass_pc,operational,0.0,0.0,,0,0,14
1526e5b224665c7e,grpo_mass_pc,strict,0.0,0.0,,0,0,0
66df470c3c2c5b62,score,operational,0.0,0.0,,0,0,16
66df470c3c2c5b62,score,strict,0.0,0.0,,0,0,16
66df470c3c2c5b62,pareto,operational,0.0,0.0,,0,0,16
66df470c3c2c5b62,pareto,strict,0.0,0.0,,0,0,16
66df470c3c2c5b62,gt_geometry,operational,0.0,0.0,,0,0,16
66df470c3c2c5b62,gt_geometry,strict,0.0,0.0,,0,0,16
66df470c3c2c5b62,grpo_mass_pc,operational,0.0,0.0,,0,0,16
66df470c3c2c5b62,grpo_mass_pc,strict,0.0,0.0,,0,0,0
ce800a53730f5ae7,score,operational,0.0,0.0,,0,0,15
ce800a53730f5ae7,score,strict,0.0,0.0,,0,0,15
ce800a53730f5ae7,pareto,operational,0.0,0.0,,0,0,15
ce800a53730f5ae7,pareto,strict,0.0,0.0,,0,0,15
ce800a53730f5ae7,gt_geometry,operational,0.0,0.0,,0,0,12
ce800a53730f5ae7,gt_geometry,strict,0.0,0.0,,0,0,12
ce800a53730f5ae7,grpo_mass_pc,operational,0.0,0.0,,0,0,15
ce800a53730f5ae7,grpo_mass_pc,strict,0.0,0.0,,0,0,0
7ff20da52e205bf0,score,operational,0.0,0.0,,0,0,16
7ff20da52e205bf0,score,strict,0.0,0.0,,0,0,16
7ff20da52e205bf0,pareto,operational,0.0,0.0,,0,0,16
7ff20da52e205bf0,pareto,strict,0.0,0.0,,0,0,16
7ff20da52e205bf0,gt_geometry,operational,0.0,0.0,,0,0,14
7ff20da52e205bf0,gt_geometry,strict,0.0,0.0,,0,0,14
7ff20da52e205bf0,grpo_mass_pc,operational,0.0,0.0,,0,0,16
7ff20da52e205bf0,grpo_mass_pc,strict,0.0,0.0,,0,0,0
9c9fd38ec0485088,score,operational,0.0,0.0,,0,0,16
9c9fd38ec0485088,score,strict,0.0,0.0,,0,0,16
9c9fd38ec0485088,pareto,operational,0.0,0.0,,0,0,16
9c9fd38ec0485088,pareto,strict,0.0,0.0,,0,0,16
9c9fd38ec0485088,gt_geometry,operational,0.0,0.0,,0,0,8
9c9fd38ec0485088,gt_geometry,strict,0.0,0.0,,0,0,8
9c9fd38ec0485088,grpo_mass_pc,operational,0.0,0.0,,0,0,16
9c9fd38ec0485088,grpo_mass_pc,strict,0.0,0.0,,0,0,0
ec90c27de29a594c,score,operational,0.0,0.0,,0,0,15
ec90c27de29a594c,score,strict,0.0,0.0,,0,0,15
ec90c27de29a594c,pareto,operational,0.0,0.0,,0,0,15
ec90c27de29a594c,pareto,strict,0.0,0.0,,0,0,15
ec90c27de29a594c,gt_geometry,operational,0.0,0.0,,0,0,11
ec90c27de29a594c,gt_geometry,strict,0.0,0.0,,0,0,11
ec90c27de29a594c,grpo_mass_pc,operational,0.0,0.0,,0,0,15
ec90c27de29a594c,grpo_mass_pc,strict,0.0,0.0,,0,0,0
86c52dfec8425716,score,operational,0.0,0.0,,0,0,16
86c52dfec8425716,score,strict,0.0,0.0,,0,0,16
86c52dfec8425716,pareto,operational,0.0,0.0,,0,0,16
86c52dfec8425716,pareto,strict,0.0,0.0,,0,0,16
86c52dfec8425716,gt_geometry,operational,0.0,0.0,,0,0,14
86c52dfec8425716,gt_geometry,strict,0.0,0.0,,0,0,14
86c52dfec8425716,grpo_mass_pc,operational,0.0,0.0,,0,0,16
86c52dfec8425716,grpo_mass_pc,strict,0.0,0.0,,0,0,0
0f54c1a676a954ce,score,operational,0.0,0.0,,0,0,16
0f54c1a676a954ce,score,strict,0.0,0.0,,0,0,16
0f54c1a676a954ce,pareto,operational,0.0,0.0,,0,0,16
0f54c1a676a954ce,pareto,strict,0.0,0.0,,0,0,16
0f54c1a676a954ce,gt_geometry,operational,0.0,0.0,,0,0,16
0f54c1a676a954ce,gt_geometry,strict,0.0,0.0,,0,0,16
0f54c1a676a954ce,grpo_mass_pc,operational,0.0,0.0,,0,0,16
0f54c1a676a954ce,grpo_mass_pc,strict,0.0,0.0,,0,0,0
a86e7f16bd64596a,score,operational,0.0,0.0,,0,0,16
a86e7f16bd64596a,score,strict,0.0,0.0,,0,0,16
a86e7f16bd64596a,pareto,operational,0.0,0.0,,0,0,16
a86e7f16bd64596a,pareto,strict,0.0,0.0,,0,0,16
a86e7f16bd64596a,gt_geometry,operational,0.0,0.0,,0,0,16
a86e7f16bd64596a,gt_geometry,strict,0.0,0.0,,0,0,16
a86e7f16bd64596a,grpo_mass_pc,operational,0.0,0.0,,0,0,16
a86e7f16bd64596a,grpo_mass_pc,strict,0.0,0.0,,0,0,0
cb397fd17507594b,score,operational,0.0,0.0,,0,0,15
cb397fd17507594b,score,strict,0.0,0.0,,0,0,15
cb397fd17507594b,pareto,operational,0.0,0.0,,0,0,15
cb397fd17507594b,pareto,strict,0.0,0.0,,0,0,15
cb397fd17507594b,gt_geometry,operational,0.0,0.0,,0,0,14
cb397fd17507594b,gt_geometry,strict,0.0,0.0,,0,0,14
cb397fd17507594b,grpo_mass_pc,operational,0.0,0.0,,0,0,15
cb397fd17507594b,grpo_mass_pc,strict,0.0,0.0,,0,0,0
c84f1984d6e459d4,score,operational,0.0,0.0,,0,0,16
c84f1984d6e459d4,score,strict,0.0,0.0,,0,0,16
c84f1984d6e459d4,pareto,operational,0.0,0.0,,0,0,16
c84f1984d6e459d4,pareto,strict,0.0,0.0,,0,0,16
c84f1984d6e459d4,gt_geometry,operational,0.0,0.0,,0,0,16
c84f1984d6e459d4,gt_geometry,strict,0.0,0.0,,0,0,16
c84f1984d6e459d4,grpo_mass_pc,operational,0.0,0.0,,0,0,16
c84f1984d6e459d4,grpo_mass_pc,strict,0.0,0.0,,0,0,0
8b744d45e7945aa5,score,operational,0.0,0.0,,0,0,16
8b744d45e7945aa5,score,strict,0.0,0.0,,0,0,16
8b744d45e7945aa5,pareto,operational,0.0,0.0,,0,0,16
8b744d45e7945aa5,pareto,strict,0.0,0.0,,0,0,16
8b744d45e7945aa5,gt_geometry,operational,0.0,0.0,,0,0,16
8b744d45e7945aa5,gt_geometry,strict,0.0,0.0,,0,0,16
8b744d45e7945aa5,grpo_mass_pc,operational,0.0,0.0,,0,0,16
8b744d45e7945aa5,grpo_mass_pc,strict,0.0,0.0,,0,0,0
68f3beae8cd25dba,score,operational,0.0,0.0,,0,0,16
68f3beae8cd25dba,score,strict,0.0,0.0,,0,0,16
68f3beae8cd25dba,pareto,operational,0.0,0.0,,0,0,16
68f3beae8cd25dba,pareto,strict,0.0,0.0,,0,0,16
68f3beae8cd25dba,gt_geometry,operational,0.0,0.0,,0,0,14
68f3beae8cd25dba,gt_geometry,strict,0.0,0.0,,0,0,14
68f3beae8cd25dba,grpo_mass_pc,operational,0.0,0.0,,0,0,16
68f3beae8cd25dba,grpo_mass_pc,strict,0.0,0.0,,0,0,0
aff2feebf9cb5afb,score,operational,0.0,0.0,,0,0,16
aff2feebf9cb5afb,score,strict,0.0,0.0,,0,0,16
aff2feebf9cb5afb,pareto,operational,0.0,0.0,,0,0,16
aff2feebf9cb5afb,pareto,strict,0.0,0.0,,0,0,16
aff2feebf9cb5afb,gt_geometry,operational,0.0,0.0,,0,0,16
aff2feebf9cb5afb,gt_geometry,strict,0.0,0.0,,0,0,16
aff2feebf9cb5afb,grpo_mass_pc,operational,0.0,0.0,,0,0,16
aff2feebf9cb5afb,grpo_mass_pc,strict,0.0,0.0,,0,0,0
6e7bf5900d7f594f,score,operational,0.0,0.0,,0,0,15
6e7bf5900d7f594f,score,strict,0.0,0.0,,0,0,15
6e7bf5900d7f594f,pareto,operational,0.0,0.0,,0,0,16
6e7bf5900d7f594f,pareto,strict,0.0,0.0,,0,0,16
6e7bf5900d7f594f,gt_geometry,operational,0.0,0.0,,0,0,10
6e7bf5900d7f594f,gt_geometry,strict,0.0,0.0,,0,0,10
6e7bf5900d7f594f,grpo_mass_pc,operational,0.0,0.0,,0,0,15
6e7bf5900d7f594f,grpo_mass_pc,strict,0.0,0.0,,0,0,0
7da6b01adf435bd5,score,operational,0.0,0.0,,0,0,16
7da6b01adf435bd5,score,strict,0.0,0.0,,0,0,16
7da6b01adf435bd5,pareto,operational,0.0,0.0,,0,0,16
7da6b01adf435bd5,pareto,strict,0.0,0.0,,0,0,16
7da6b01adf435bd5,gt_geometry,operational,0.0,0.0,,0,0,12
7da6b01adf435bd5,gt_geometry,strict,0.0,0.0,,0,0,12
7da6b01adf435bd5,grpo_mass_pc,operational,0.0,0.0,,0,0,16
7da6b01adf435bd5,grpo_mass_pc,strict,0.0,0.0,,0,0,0
4934fe6008f8564b,score,operational,0.0,0.0,,0,0,16
4934fe6008f8564b,score,strict,0.0,0.0,,0,0,16
4934fe6008f8564b,pareto,operational,0.0,0.0,,0,0,16
4934fe6008f8564b,pareto,strict,0.0,0.0,,0,0,16
4934fe6008f8564b,gt_geometry,operational,0.0,0.0,,0,0,11
4934fe6008f8564b,gt_geometry,strict,0.0,0.0,,0,0,11
4934fe6008f8564b,grpo_mass_pc,operational,0.0,0.0,,0,0,16
4934fe6008f8564b,grpo_mass_pc,strict,0.0,0.0,,0,0,0
c0c2ed50261f54e5,score,operational,0.0,0.0,,0,0,16
c0c2ed50261f54e5,score,strict,0.0,0.0,,0,0,16
c0c2ed50261f54e5,pareto,operational,0.0,0.0,,0,0,16
c0c2ed50261f54e5,pareto,strict,0.0,0.0,,0,0,16
c0c2ed50261f54e5,gt_geometry,operational,0.0,0.0,,0,0,9
c0c2ed50261f54e5,gt_geometry,strict,0.0,0.0,,0,0,9
c0c2ed50261f54e5,grpo_mass_pc,operational,0.0,0.0,,0,0,16
c0c2ed50261f54e5,grpo_mass_pc,strict,0.0,0.0,,0,0,0
0cb726068f4d5c59,score,operational,0.0,0.0,,0,0,16
0cb726068f4d5c59,score,strict,0.0,0.0,,0,0,16
0cb726068f4d5c59,pareto,operational,0.0,0.0,,0,0,16
0cb726068f4d5c59,pareto,strict,0.0,0.0,,0,0,16
0cb726068f4d5c59,gt_geometry,operational,0.0009765625,0.0009765625,,0,0,16
0cb726068f4d5c59,gt_geometry,strict,0.0009765625,0.0009765625,,0,0,16
0cb726068f4d5c59,grpo_mass_pc,operational,0.0,0.0,,0,0,16
0cb726068f4d5c59,grpo_mass_pc,strict,0.0,0.0,,0,0,0
fead2572a884512c,score,operational,0.0,0.0,,0,0,16
fead2572a884512c,score,strict,0.0,0.0,,0,0,16
fead2572a884512c,pareto,operational,0.0,0.0,,0,0,16
fead2572a884512c,pareto,strict,0.0,0.0,,0,0,16
fead2572a884512c,gt_geometry,operational,0.0,0.0,,0,0,16
fead2572a884512c,gt_geometry,strict,0.0,0.0,,0,0,16
fead2572a884512c,grpo_mass_pc,operational,0.0,0.0,,0,0,16
fead2572a884512c,grpo_mass_pc,strict,0.0,0.0,,0,0,0
c82e95254649534e,score,operational,0.0,0.0,,0,0,16
c82e95254649534e,score,strict,0.0,0.0,,0,0,16
c82e95254649534e,pareto,operational,0.0,0.0,,0,0,16
c82e95254649534e,pareto,strict,0.0,0.0,,0,0,16
c82e95254649534e,gt_geometry,operational,0.0,0.0,,0,0,16
c82e95254649534e,gt_geometry,strict,0.0,0.0,,0,0,16
c82e95254649534e,grpo_mass_pc,operational,0.0,0.0,,0,0,16
c82e95254649534e,grpo_mass_pc,strict,0.0,0.0,,0,0,0
2581d16dc1aa557e,score,operational,0.0009765625,0.0,,0,0,10
2581d16dc1aa557e,score,strict,0.0009765625,0.0,,0,0,10
2581d16dc1aa557e,pareto,operational,0.0009765625,0.0,,0,0,13
2581d16dc1aa557e,pareto,strict,0.0009765625,0.0,,0,0,13
2581d16dc1aa557e,gt_geometry,operational,0.0009765625,0.0,,0,0,10
2581d16dc1aa557e,gt_geometry,strict,0.0009765625,0.0,,0,0,10
2581d16dc1aa557e,grpo_mass_pc,operational,0.0009765625,0.0,,0,0,10
2581d16dc1aa557e,grpo_mass_pc,strict,0.0,0.0,,0,0,0
74356ec7c3d15e10,score,operational,0.0,0.0,,0,0,16
74356ec7c3d15e10,score,strict,0.0,0.0,,0,0,16
74356ec7c3d15e10,pareto,operational,0.0,0.0,,0,0,16
74356ec7c3d15e10,pareto,strict,0.0,0.0,,0,0,16
74356ec7c3d15e10,gt_geometry,operational,0.0,0.0,,0,0,9
74356ec7c3d15e10,gt_geometry,strict,0.0,0.0,,0,0,9
74356ec7c3d15e10,grpo_mass_pc,operational,0.0,0.0,,0,0,16
74356ec7c3d15e10,grpo_mass_pc,strict,0.0,0.0,,0,0,0
a77cad5e29a5585e,score,operational,0.0,0.0,,0,0,16
a77cad5e29a5585e,score,strict,0.0,0.0,,0,0,16
a77cad5e29a5585e,pareto,operational,0.0,0.0,,0,0,16
a77cad5e29a5585e,pareto,strict,0.0,0.0,,0,0,16
a77cad5e29a5585e,gt_geometry,operational,0.0,0.0,,0,0,14
a77cad5e29a5585e,gt_geometry,strict,0.0,0.0,,0,0,14
a77cad5e29a5585e,grpo_mass_pc,operational,0.0,0.0,,0,0,16
a77cad5e29a5585e,grpo_mass_pc,strict,0.0,0.0,,0,0,0
711cc9425e2f5aff,score,operational,0.0,0.0,,0,0,16
711cc9425e2f5aff,score,strict,0.0,0.0,,0,0,16
711cc9425e2f5aff,pareto,operational,0.0,0.0,,0,0,16
711cc9425e2f5aff,pareto,strict,0.0,0.0,,0,0,16
711cc9425e2f5aff,gt_geometry,operational,0.0,0.0,,0,0,16
711cc9425e2f5aff,gt_geometry,strict,0.0,0.0,,0,0,16
711cc9425e2f5aff,grpo_mass_pc,operational,0.0,0.0,,0,0,16
711cc9425e2f5aff,grpo_mass_pc,strict,0.0,0.0,,0,0,0
2314cd5f97c5596c,score,operational,0.0,0.0,,0,0,14
2314cd5f97c5596c,score,strict,0.0,0.0,,0,0,14
2314cd5f97c5596c,pareto,operational,0.0,0.0,,0,0,14
2314cd5f97c5596c,pareto,strict,0.0,0.0,,0,0,14
2314cd5f97c5596c,gt_geometry,operational,0.0,0.0,,0,0,10
2314cd5f97c5596c,gt_geometry,strict,0.0,0.0,,0,0,10
2314cd5f97c5596c,grpo_mass_pc,operational,0.0,0.0,,0,0,14
2314cd5f97c5596c,grpo_mass_pc,strict,0.0,0.0,,0,0,0
dc932b3cf2ba5b1b,score,operational,0.0,0.0,,0,0,16
dc932b3cf2ba5b1b,score,strict,0.0,0.0,,0,0,16
dc932b3cf2ba5b1b,pareto,operational,0.0,0.0,,0,0,16
dc932b3cf2ba5b1b,pareto,strict,0.0,0.0,,0,0,16
dc932b3cf2ba5b1b,gt_geometry,operational,0.0,0.0,,0,0,12
dc932b3cf2ba5b1b,gt_geometry,strict,0.0,0.0,,0,0,12
dc932b3cf2ba5b1b,grpo_mass_pc,operational,0.0,0.0,,0,0,16
dc932b3cf2ba5b1b,grpo_mass_pc,strict,0.0,0.0,,0,0,0
675f0d4dff9c5318,score,operational,0.0,0.0,,0,0,16
675f0d4dff9c5318,score,strict,0.0,0.0,,0,0,16
675f0d4dff9c5318,pareto,operational,0.0,0.0,,0,0,16
675f0d4dff9c5318,pareto,strict,0.0,0.0,,0,0,16
675f0d4dff9c5318,gt_geometry,operational,0.0,0.0,,0,0,16
675f0d4dff9c5318,gt_geometry,strict,0.0,0.0,,0,0,16
675f0d4dff9c5318,grpo_mass_pc,operational,0.0,0.0,,0,0,16
675f0d4dff9c5318,grpo_mass_pc,strict,0.0,0.0,,0,0,0
9fe72fe991c859f0,score,operational,0.0,0.0,,0,0,16
9fe72fe991c859f0,score,strict,0.0,0.0,,0,0,16
9fe72fe991c859f0,pareto,operational,0.0,0.0,,0,0,16
9fe72fe991c859f0,pareto,strict,0.0,0.0,,0,0,16
9fe72fe991c859f0,gt_geometry,operational,0.0,0.0,,0,0,11
9fe72fe991c859f0,gt_geometry,strict,0.0,0.0,,0,0,11
9fe72fe991c859f0,grpo_mass_pc,operational,0.0,0.0,,0,0,16
9fe72fe991c859f0,grpo_mass_pc,strict,0.0,0.0,,0,0,0
f6a1a2760a7b57a4,score,operational,0.0,0.0,,0,0,13
f6a1a2760a7b57a4,score,strict,0.0,0.0,,0,0,13
f6a1a2760a7b57a4,pareto,operational,0.0,0.0,,0,0,13
f6a1a2760a7b57a4,pareto,strict,0.0,0.0,,0,0,13
f6a1a2760a7b57a4,gt_geometry,operational,0.0,0.0,,0,0,8
f6a1a2760a7b57a4,gt_geometry,strict,0.0,0.0,,0,0,8
f6a1a2760a7b57a4,grpo_mass_pc,operational,0.0,0.0,,0,0,13
f6a1a2760a7b57a4,grpo_mass_pc,strict,0.0,0.0,,0,0,0
6176348b971f52c5,score,operational,0.0,0.0,,0,0,16
6176348b971f52c5,score,strict,0.0,0.0,,0,0,16
6176348b971f52c5,pareto,operational,0.0,0.0,,0,0,16
6176348b971f52c5,pareto,strict,0.0,0.0,,0,0,16
6176348b971f52c5,gt_geometry,operational,0.0,0.0,,0,0,16
6176348b971f52c5,gt_geometry,strict,0.0,0.0,,0,0,16
6176348b971f52c5,grpo_mass_pc,operational,0.0,0.0,,0,0,16
6176348b971f52c5,grpo_mass_pc,strict,0.0,0.0,,0,0,0
1decf76c77be59c8,score,operational,0.0,0.0,,0,0,16
1decf76c77be59c8,score,strict,0.0,0.0,,0,0,16
1decf76c77be59c8,pareto,operational,0.0,0.0,,0,0,16
1decf76c77be59c8,pareto,strict,0.0,0.0,,0,0,16
1decf76c77be59c8,gt_geometry,operational,0.0,0.0,,0,0,16
1decf76c77be59c8,gt_geometry,strict,0.0,0.0,,0,0,16
1decf76c77be59c8,grpo_mass_pc,operational,0.0,0.0,,0,0,16
1decf76c77be59c8,grpo_mass_pc,strict,0.0,0.0,,0,0,0
91e6cce9eb7d5765,score,operational,0.0,0.0,,0,0,16
91e6cce9eb7d5765,score,strict,0.0,0.0,,0,0,16
91e6cce9eb7d5765,pareto,operational,0.0,0.0,,0,0,16
91e6cce9eb7d5765,pareto,strict,0.0,0.0,,0,0,16
91e6cce9eb7d5765,gt_geometry,operational,0.0,0.0,,0,0,13
91e6cce9eb7d5765,gt_geometry,strict,0.0,0.0,,0,0,13
91e6cce9eb7d5765,grpo_mass_pc,operational,0.0,0.0,,0,0,16
91e6cce9eb7d5765,grpo_mass_pc,strict,0.0,0.0,,0,0,0
d360abe45ec55059,score,operational,0.0,0.0,,0,0,16
d360abe45ec55059,score,strict,0.0,0.0,,0,0,16
d360abe45ec55059,pareto,operational,0.0,0.0,,0,0,16
d360abe45ec55059,pareto,strict,0.0,0.0,,0,0,16
d360abe45ec55059,gt_geometry,operational,0.0,0.0,,0,0,12
d360abe45ec55059,gt_geometry,strict,0.0,0.0,,0,0,12
d360abe45ec55059,grpo_mass_pc,operational,0.0,0.0,,0,0,16
d360abe45ec55059,grpo_mass_pc,strict,0.0,0.0,,0,0,0
45cace6f6d275159,score,operational,0.0,0.0,,0,0,16
45cace6f6d275159,score,strict,0.0,0.0,,0,0,16
45cace6f6d275159,pareto,operational,0.0,0.0,,0,0,16
45cace6f6d275159,pareto,strict,0.0,0.0,,0,0,16
45cace6f6d275159,gt_geometry,operational,0.0,0.0,,0,0,13
45cace6f6d275159,gt_geometry,strict,0.0,0.0,,0,0,13
45cace6f6d275159,grpo_mass_pc,operational,0.0,0.0,,0,0,16
45cace6f6d275159,grpo_mass_pc,strict,0.0,0.0,,0,0,0
9551d9bffa515426,score,operational,0.0,0.0,,0,0,16
9551d9bffa515426,score,strict,0.0,0.0,,0,0,16
9551d9bffa515426,pareto,operational,0.0,0.0,,0,0,16
9551d9bffa515426,pareto,strict,0.0,0.0,,0,0,16
9551d9bffa515426,gt_geometry,operational,0.0,0.0,,0,0,16
9551d9bffa515426,gt_geometry,strict,0.0,0.0,,0,0,16
9551d9bffa515426,grpo_mass_pc,operational,0.0,0.0,,0,0,16
9551d9bffa515426,grpo_mass_pc,strict,0.0,0.0,,0,0,0
6f95e882286e5388,score,operational,0.0,0.0,,0,0,15
6f95e882286e5388,score,strict,0.0,0.0,,0,0,15
6f95e882286e5388,pareto,operational,0.0,0.0,,0,0,15
6f95e882286e5388,pareto,strict,0.0,0.0,,0,0,15
6f95e882286e5388,gt_geometry,operational,0.0,0.0,,0,0,11
6f95e882286e5388,gt_geometry,strict,0.0,0.0,,0,0,11
6f95e882286e5388,grpo_mass_pc,operational,0.0,0.0,,0,0,15
6f95e882286e5388,grpo_mass_pc,strict,0.0,0.0,,0,0,0
fcc0457324f15902,score,operational,0.0,0.0,,0,0,16
fcc0457324f15902,score,strict,0.0,0.0,,0,0,16
fcc0457324f15902,pareto,operational,0.0,0.0,,0,0,16
fcc0457324f15902,pareto,strict,0.0,0.0,,0,0,16
fcc0457324f15902,gt_geometry,operational,0.0,0.0,,0,0,16
fcc0457324f15902,gt_geometry,strict,0.0,0.0,,0,0,16
fcc0457324f15902,grpo_mass_pc,operational,0.0,0.0,,0,0,16
fcc0457324f15902,grpo_mass_pc,strict,0.0,0.0,,0,0,0
aa58d1ab2faa5746,score,operational,0.0,0.0,,0,0,16
aa58d1ab2faa5746,score,strict,0.0,0.0,,0,0,16
aa58d1ab2faa5746,pareto,operational,0.0,0.0,,0,0,16
aa58d1ab2faa5746,pareto,strict,0.0,0.0,,0,0,16
aa58d1ab2faa5746,gt_geometry,operational,0.0,0.0,,0,0,16
aa58d1ab2faa5746,gt_geometry,strict,0.0,0.0,,0,0,16
aa58d1ab2faa5746,grpo_mass_pc,operational,0.0,0.0,,0,0,16
aa58d1ab2faa5746,grpo_mass_pc,strict,0.0,0.0,,0,0,0
5d711f77d42054d6,score,operational,0.0,0.0,,0,0,16
5d711f77d42054d6,score,strict,0.0,0.0,,0,0,16
5d711f77d42054d6,pareto,operational,0.0,0.0,,0,0,16
5d711f77d42054d6,pareto,strict,0.0,0.0,,0,0,16
5d711f77d42054d6,gt_geometry,operational,0.0,0.0,,0,0,14
5d711f77d42054d6,gt_geometry,strict,0.0,0.0,,0,0,14
5d711f77d42054d6,grpo_mass_pc,operational,0.0,0.0,,0,0,16
5d711f77d42054d6,grpo_mass_pc,strict,0.0,0.0,,0,0,0
fa00af6ecc8a5cb4,score,operational,0.0,0.0,,0,0,16
fa00af6ecc8a5cb4,score,strict,0.0,0.0,,0,0,16
fa00af6ecc8a5cb4,pareto,operational,0.0,0.0,,0,0,16
fa00af6ecc8a5cb4,pareto,strict,0.0,0.0,,0,0,16
fa00af6ecc8a5cb4,gt_geometry,operational,0.0,0.0,,0,0,14
fa00af6ecc8a5cb4,gt_geometry,strict,0.0,0.0,,0,0,14
fa00af6ecc8a5cb4,grpo_mass_pc,operational,0.0,0.0,,0,0,16
fa00af6ecc8a5cb4,grpo_mass_pc,strict,0.0,0.0,,0,0,0
bf6158f005f956ae,score,operational,0.0,0.0,,0,0,16
bf6158f005f956ae,score,strict,0.0,0.0,,0,0,16
bf6158f005f956ae,pareto,operational,0.0,0.0,,0,0,16
bf6158f005f956ae,pareto,strict,0.0,0.0,,0,0,16
bf6158f005f956ae,gt_geometry,operational,0.0,0.0,,0,0,12
bf6158f005f956ae,gt_geometry,strict,0.0,0.0,,0,0,12
bf6158f005f956ae,grpo_mass_pc,operational,0.0,0.0,,0,0,16
bf6158f005f956ae,grpo_mass_pc,strict,0.0,0.0,,0,0,0
67b08ea8fc9956b0,score,operational,0.0,0.0,,0,0,16
67b08ea8fc9956b0,score,strict,0.0,0.0,,0,0,16
67b08ea8fc9956b0,pareto,operational,0.0,0.0,,0,0,16
67b08ea8fc9956b0,pareto,strict,0.0,0.0,,0,0,16
67b08ea8fc9956b0,gt_geometry,operational,0.0,0.0,,0,0,16
67b08ea8fc9956b0,gt_geometry,strict,0.0,0.0,,0,0,16
67b08ea8fc9956b0,grpo_mass_pc,operational,0.0,0.0,,0,0,16
67b08ea8fc9956b0,grpo_mass_pc,strict,0.0,0.0,,0,0,0
5cfcccdb3e3c539b,score,operational,0.0,0.0,,0,0,16
5cfcccdb3e3c539b,score,strict,0.0,0.0,,0,0,16
5cfcccdb3e3c539b,pareto,operational,0.0,0.0,,0,0,16
5cfcccdb3e3c539b,pareto,strict,0.0,0.0,,0,0,16
5cfcccdb3e3c539b,gt_geometry,operational,0.0,0.0,,0,0,16
5cfcccdb3e3c539b,gt_geometry,strict,0.0,0.0,,0,0,16
5cfcccdb3e3c539b,grpo_mass_pc,operational,0.0,0.0,,0,0,16
5cfcccdb3e3c539b,grpo_mass_pc,strict,0.0,0.0,,0,0,0
288f0194b6d45858,score,operational,0.0,0.0,,0,0,16
288f0194b6d45858,score,strict,0.0,0.0,,0,0,16
288f0194b6d45858,pareto,operational,0.0,0.0,,0,0,16
288f0194b6d45858,pareto,strict,0.0,0.0,,0,0,16
288f0194b6d45858,gt_geometry,operational,0.0,0.0,,0,0,12
288f0194b6d45858,gt_geometry,strict,0.0,0.0,,0,0,12
288f0194b6d45858,grpo_mass_pc,operational,0.0,0.0,,0,0,16
288f0194b6d45858,grpo_mass_pc,strict,0.0,0.0,,0,0,0
4094b79867cd5f7b,score,operational,0.0,0.0,,0,0,16
4094b79867cd5f7b,score,strict,0.0,0.0,,0,0,16
4094b79867cd5f7b,pareto,operational,0.0,0.0,,0,0,16
4094b79867cd5f7b,pareto,strict,0.0,0.0,,0,0,16
4094b79867cd5f7b,gt_geometry,operational,0.0,0.0,,0,0,13
4094b79867cd5f7b,gt_geometry,strict,0.0,0.0,,0,0,13
4094b79867cd5f7b,grpo_mass_pc,operational,0.0,0.0,,0,0,16
4094b79867cd5f7b,grpo_mass_pc,strict,0.0,0.0,,0,0,0
abd994ef714a595c,score,operational,0.0,0.0,,0,0,16
abd994ef714a595c,score,strict,0.0,0.0,,0,0,16
abd994ef714a595c,pareto,operational,0.0,0.0,,0,0,16
abd994ef714a595c,pareto,strict,0.0,0.0,,0,0,16
abd994ef714a595c,gt_geometry,operational,0.0,0.0,,0,0,16
abd994ef714a595c,gt_geometry,strict,0.0,0.0,,0,0,16
abd994ef714a595c,grpo_mass_pc,operational,0.0,0.0,,0,0,16
abd994ef714a595c,grpo_mass_pc,strict,0.0,0.0,,0,0,0
4668501db7065e02,score,operational,0.0,0.0,,0,0,16
4668501db7065e02,score,strict,0.0,0.0,,0,0,16
4668501db7065e02,pareto,operational,0.0,0.0,,0,0,16
4668501db7065e02,pareto,strict,0.0,0.0,,0,0,16
4668501db7065e02,gt_geometry,operational,0.0,0.0,,0,0,16
4668501db7065e02,gt_geometry,strict,0.0,0.0,,0,0,16
4668501db7065e02,grpo_mass_pc,operational,0.0,0.0,,0,0,16
4668501db7065e02,grpo_mass_pc,strict,0.0,0.0,,0,0,0
289087a782995ef0,score,operational,0.0,0.0,,0,0,16
289087a782995ef0,score,strict,0.0,0.0,,0,0,16
289087a782995ef0,pareto,operational,0.0,0.0,,0,0,16
289087a782995ef0,pareto,strict,0.0,0.0,,0,0,16
289087a782995ef0,gt_geometry,operational,0.0,0.0,,0,0,16
289087a782995ef0,gt_geometry,strict,0.0,0.0,,0,0,16
289087a782995ef0,grpo_mass_pc,operational,0.0,0.0,,0,0,16
289087a782995ef0,grpo_mass_pc,strict,0.0,0.0,,0,0,0
0eea4103d56352dd,score,operational,0.0,0.0,,0,0,16
0eea4103d56352dd,score,strict,0.0,0.0,,0,0,16
0eea4103d56352dd,pareto,operational,0.0,0.0,,0,0,16
0eea4103d56352dd,pareto,strict,0.0,0.0,,0,0,16
0eea4103d56352dd,gt_geometry,operational,0.0,0.0,,0,0,16
0eea4103d56352dd,gt_geometry,strict,0.0,0.0,,0,0,16
0eea4103d56352dd,grpo_mass_pc,operational,0.0,0.0,,0,0,16
0eea4103d56352dd,grpo_mass_pc,strict,0.0,0.0,,0,0,0
b790a763e1ee538e,score,operational,0.0,0.0,,0,0,16
b790a763e1ee538e,score,strict,0.0,0.0,,0,0,16
b790a763e1ee538e,pareto,operational,0.0,0.0,,0,0,16
b790a763e1ee538e,pareto,strict,0.0,0.0,,0,0,16
b790a763e1ee538e,gt_geometry,operational,0.0,0.0,,0,0,11
b790a763e1ee538e,gt_geometry,strict,0.0,0.0,,0,0,11
b790a763e1ee538e,grpo_mass_pc,operational,0.0,0.0,,0,0,16
b790a763e1ee538e,grpo_mass_pc,strict,0.0,0.0,,0,0,0
6ca255559e0350a5,score,operational,0.0,0.0,,0,0,14
6ca255559e0350a5,score,strict,0.0,0.0,,0,0,14
6ca255559e0350a5,pareto,operational,0.0,0.0,,0,0,14
6ca255559e0350a5,pareto,strict,0.0,0.0,,0,0,14
6ca255559e0350a5,gt_geometry,operational,0.0,0.0,,0,0,12
6ca255559e0350a5,gt_geometry,strict,0.0,0.0,,0,0,12
6ca255559e0350a5,grpo_mass_pc,operational,0.0,0.0,,0,0,14
6ca255559e0350a5,grpo_mass_pc,strict,0.0,0.0,,0,0,0
6848c7497a065ae0,score,operational,0.0,0.0,,0,0,16
6848c7497a065ae0,score,strict,0.0,0.0,,0,0,16
6848c7497a065ae0,pareto,operational,0.0,0.0,,0,0,16
6848c7497a065ae0,pareto,strict,0.0,0.0,,0,0,16
6848c7497a065ae0,gt_geometry,operational,0.0,0.0,,0,0,12
6848c7497a065ae0,gt_geometry,strict,0.0,0.0,,0,0,12
6848c7497a065ae0,grpo_mass_pc,operational,0.0,0.0,,0,0,16
6848c7497a065ae0,grpo_mass_pc,strict,0.0,0.0,,0,0,0
8a5bb66e9bb65101,score,operational,0.0,0.0,,0,0,16
8a5bb66e9bb65101,score,strict,0.0,0.0,,0,0,16
8a5bb66e9bb65101,pareto,operational,0.0,0.0,,0,0,16
8a5bb66e9bb65101,pareto,strict,0.0,0.0,,0,0,16
8a5bb66e9bb65101,gt_geometry,operational,0.0,0.0,,0,0,8
8a5bb66e9bb65101,gt_geometry,strict,0.0,0.0,,0,0,8
8a5bb66e9bb65101,grpo_mass_pc,operational,0.0,0.0,,0,0,16
8a5bb66e9bb65101,grpo_mass_pc,strict,0.0,0.0,,0,0,0
4fa6a8e71f4a5984,score,operational,0.0,0.0,,0,0,16
4fa6a8e71f4a5984,score,strict,0.0,0.0,,0,0,16
4fa6a8e71f4a5984,pareto,operational,0.0,0.0,,0,0,16
4fa6a8e71f4a5984,pareto,strict,0.0,0.0,,0,0,16
4fa6a8e71f4a5984,gt_geometry,operational,0.0,0.0,,0,0,16
4fa6a8e71f4a5984,gt_geometry,strict,0.0,0.0,,0,0,16
4fa6a8e71f4a5984,grpo_mass_pc,operational,0.0,0.0,,0,0,16
4fa6a8e71f4a5984,grpo_mass_pc,strict,0.0,0.0,,0,0,0
77ded26c7a9654ad,score,operational,0.0,0.0,,0,0,15
77ded26c7a9654ad,score,strict,0.0,0.0,,0,0,15
77ded26c7a9654ad,pareto,operational,0.0,0.0,,0,0,15
77ded26c7a9654ad,pareto,strict,0.0,0.0,,0,0,15
77ded26c7a9654ad,gt_geometry,operational,0.0,0.0,,0,0,10
77ded26c7a9654ad,gt_geometry,strict,0.0,0.0,,0,0,10
77ded26c7a9654ad,grpo_mass_pc,operational,0.0,0.0,,0,0,15
77ded26c7a9654ad,grpo_mass_pc,strict,0.0,0.0,,0,0,0
5d83ddd5ec3c5326,score,operational,0.0009765625,0.0009765625,,0,0,10
5d83ddd5ec3c5326,score,strict,0.0009765625,0.0009765625,,0,0,10
5d83ddd5ec3c5326,pareto,operational,0.0009765625,0.0009765625,,0,0,12
5d83ddd5ec3c5326,pareto,strict,0.0009765625,0.0009765625,,0,0,12
5d83ddd5ec3c5326,gt_geometry,operational,0.0009765625,0.0009765625,,0,0,9
5d83ddd5ec3c5326,gt_geometry,strict,0.0009765625,0.0009765625,,0,0,9
5d83ddd5ec3c5326,grpo_mass_pc,operational,0.0009765625,0.0009765625,,0,0,10
5d83ddd5ec3c5326,grpo_mass_pc,strict,0.0,0.0,,0,0,0
7a03013d34b355c1,score,operational,0.0,0.0,,0,0,16
7a03013d34b355c1,score,strict,0.0,0.0,,0,0,16
7a03013d34b355c1,pareto,operational,0.0,0.0,,0,0,16
7a03013d34b355c1,pareto,strict,0.0,0.0,,0,0,16
7a03013d34b355c1,gt_geometry,operational,0.0,0.0,,0,0,10
7a03013d34b355c1,gt_geometry,strict,0.0,0.0,,0,0,10
7a03013d34b355c1,grpo_mass_pc,operational,0.0,0.0,,0,0,16
7a03013d34b355c1,grpo_mass_pc,strict,0.0,0.0,,0,0,0
0b2061c2aced52de,score,operational,0.0,0.0,,0,0,16
0b2061c2aced52de,score,strict,0.0,0.0,,0,0,16
0b2061c2aced52de,pareto,operational,0.0,0.0,,0,0,16
0b2061c2aced52de,pareto,strict,0.0,0.0,,0,0,16
0b2061c2aced52de,gt_geometry,operational,0.0,0.0,,0,0,13
0b2061c2aced52de,gt_geometry,strict,0.0,0.0,,0,0,13
0b2061c2aced52de,grpo_mass_pc,operational,0.0,0.0,,0,0,16
0b2061c2aced52de,grpo_mass_pc,strict,0.0,0.0,,0,0,0
945dcb42cd645cc2,score,operational,0.0,0.0,,0,0,16
945dcb42cd645cc2,score,strict,0.0,0.0,,0,0,16
945dcb42cd645cc2,pareto,operational,0.0,0.0,,0,0,16
945dcb42cd645cc2,pareto,strict,0.0,0.0,,0,0,16
945dcb42cd645cc2,gt_geometry,operational,0.0,0.0,,0,0,12
945dcb42cd645cc2,gt_geometry,strict,0.0,0.0,,0,0,12
945dcb42cd645cc2,grpo_mass_pc,operational,0.0,0.0,,0,0,16
945dcb42cd645cc2,grpo_mass_pc,strict,0.0,0.0,,0,0,0
66d5a6841d835e3a,score,operational,0.0,0.0,,0,0,14
66d5a6841d835e3a,score,strict,0.0,0.0,,0,0,14
66d5a6841d835e3a,pareto,operational,0.0,0.0,,0,0,14
66d5a6841d835e3a,pareto,strict,0.0,0.0,,0,0,14
66d5a6841d835e3a,gt_geometry,operational,0.0,0.0,,0,0,12
66d5a6841d835e3a,gt_geometry,strict,0.0,0.0,,0,0,12
66d5a6841d835e3a,grpo_mass_pc,operational,0.0,0.0,,0,0,14
66d5a6841d835e3a,grpo_mass_pc,strict,0.0,0.0,,0,0,0
1035d1c56f0f5ba9,score,operational,0.0,0.0,,0,0,16
1035d1c56f0f5ba9,score,strict,0.0,0.0,,0,0,16
1035d1c56f0f5ba9,pareto,operational,0.0,0.0,,0,0,16
1035d1c56f0f5ba9,pareto,strict,0.0,0.0,,0,0,16
1035d1c56f0f5ba9,gt_geometry,operational,0.0,0.0,,0,0,13
1035d1c56f0f5ba9,gt_geometry,strict,0.0,0.0,,0,0,13
1035d1c56f0f5ba9,grpo_mass_pc,operational,0.0,0.0,,0,0,16
1035d1c56f0f5ba9,grpo_mass_pc,strict,0.0,0.0,,0,0,0
98ad6d2817355b99,score,operational,0.0,0.0,,0,0,16
98ad6d2817355b99,score,strict,0.0,0.0,,0,0,16
98ad6d2817355b99,pareto,operational,0.0,0.0,,0,0,16
98ad6d2817355b99,pareto,strict,0.0,0.0,,0,0,16
98ad6d2817355b99,gt_geometry,operational,0.0,0.0,,0,0,16
98ad6d2817355b99,gt_geometry,strict,0.0,0.0,,0,0,16
98ad6d2817355b99,grpo_mass_pc,operational,0.0,0.0,,0,0,16
98ad6d2817355b99,grpo_mass_pc,strict,0.0,0.0,,0,0,0
293fd2580df350a8,score,operational,0.0,0.0,,0,0,16
293fd2580df350a8,score,strict,0.0,0.0,,0,0,16
293fd2580df350a8,pareto,operational,0.0,0.0,,0,0,16
293fd2580df350a8,pareto,strict,0.0,0.0,,0,0,16
293fd2580df350a8,gt_geometry,operational,0.0,0.0,,0,0,16
293fd2580df350a8,gt_geometry,strict,0.0,0.0,,0,0,16
293fd2580df350a8,grpo_mass_pc,operational,0.0,0.0,,0,0,16
293fd2580df350a8,grpo_mass_pc,strict,0.0,0.0,,0,0,0
6864977b221059e4,score,operational,0.0,0.0,,0,0,16
6864977b221059e4,score,strict,0.0,0.0,,0,0,16
6864977b221059e4,pareto,operational,0.0,0.0,,0,0,16
6864977b221059e4,pareto,strict,0.0,0.0,,0,0,16
6864977b221059e4,gt_geometry,operational,0.0,0.0,,0,0,11
6864977b221059e4,gt_geometry,strict,0.0,0.0,,0,0,11
6864977b221059e4,grpo_mass_pc,operational,0.0,0.0,,0,0,16
6864977b221059e4,grpo_mass_pc,strict,0.0,0.0,,0,0,0
161154cbf4245a3d,score,operational,0.0,0.0,,0,0,15
161154cbf4245a3d,score,strict,0.0,0.0,,0,0,15
161154cbf4245a3d,pareto,operational,0.0,0.0,,0,0,15
161154cbf4245a3d,pareto,strict,0.0,0.0,,0,0,15
161154cbf4245a3d,gt_geometry,operational,0.0,0.0,,0,0,11
161154cbf4245a3d,gt_geometry,strict,0.0,0.0,,0,0,11
161154cbf4245a3d,grpo_mass_pc,operational,0.0,0.0,,0,0,15
161154cbf4245a3d,grpo_mass_pc,strict,0.0,0.0,,0,0,0
023664205ae95402,score,operational,0.0,0.0,,0,0,13
023664205ae95402,score,strict,0.0,0.0,,0,0,13
023664205ae95402,pareto,operational,0.0,0.0,,0,0,13
023664205ae95402,pareto,strict,0.0,0.0,,0,0,13
023664205ae95402,gt_geometry,operational,0.0,0.0,,0,0,9
023664205ae95402,gt_geometry,strict,0.0,0.0,,0,0,9
023664205ae95402,grpo_mass_pc,operational,0.0,0.0,,0,0,13
023664205ae95402,grpo_mass_pc,strict,0.0,0.0,,0,0,0
cd07f4279fa35240,score,operational,0.0,0.0,,0,0,16
cd07f4279fa35240,score,strict,0.0,0.0,,0,0,16
cd07f4279fa35240,pareto,operational,0.0,0.0,,0,0,16
cd07f4279fa35240,pareto,strict,0.0,0.0,,0,0,16
cd07f4279fa35240,gt_geometry,operational,0.0,0.0,,0,0,15
cd07f4279fa35240,gt_geometry,strict,0.0,0.0,,0,0,15
cd07f4279fa35240,grpo_mass_pc,operational,0.0,0.0,,0,0,16
cd07f4279fa35240,grpo_mass_pc,strict,0.0,0.0,,0,0,0
7ae1fa9094f355c5,score,operational,0.0,0.0,,0,0,16
7ae1fa9094f355c5,score,strict,0.0,0.0,,0,0,16
7ae1fa9094f355c5,pareto,operational,0.0,0.0,,0,0,16
7ae1fa9094f355c5,pareto,strict,0.0,0.0,,0,0,16
7ae1fa9094f355c5,gt_geometry,operational,0.0,0.0,,0,0,16
7ae1fa9094f355c5,gt_geometry,strict,0.0,0.0,,0,0,16
7ae1fa9094f355c5,grpo_mass_pc,operational,0.0,0.0,,0,0,16
7ae1fa9094f355c5,grpo_mass_pc,strict,0.0,0.0,,0,0,0
b7b9f31751e459f0,score,operational,0.0,0.0,,0,0,16
b7b9f31751e459f0,score,strict,0.0,0.0,,0,0,16
b7b9f31751e459f0,pareto,operational,0.0,0.0,,0,0,16
b7b9f31751e459f0,pareto,strict,0.0,0.0,,0,0,16
b7b9f31751e459f0,gt_geometry,operational,0.0,0.0,,0,0,11
b7b9f31751e459f0,gt_geometry,strict,0.0,0.0,,0,0,11
b7b9f31751e459f0,grpo_mass_pc,operational,0.0,0.0,,0,0,16
b7b9f31751e459f0,grpo_mass_pc,strict,0.0,0.0,,0,0,0
94cf3d2feed759ac,score,operational,0.0,0.0,,0,0,16
94cf3d2feed759ac,score,strict,0.0,0.0,,0,0,16
94cf3d2feed759ac,pareto,operational,0.0,0.0,,0,0,16
94cf3d2feed759ac,pareto,strict,0.0,0.0,,0,0,16
94cf3d2feed759ac,gt_geometry,operational,0.0,0.0,,0,0,15
94cf3d2feed759ac,gt_geometry,strict,0.0,0.0,,0,0,15
94cf3d2feed759ac,grpo_mass_pc,operational,0.0,0.0,,0,0,16
94cf3d2feed759ac,grpo_mass_pc,strict,0.0,0.0,,0,0,0
9f4e94fa77b555dd,score,operational,0.0,0.0,,0,0,16
9f4e94fa77b555dd,score,strict,0.0,0.0,,0,0,16
9f4e94fa77b555dd,pareto,operational,0.0,0.0,,0,0,16
9f4e94fa77b555dd,pareto,strict,0.0,0.0,,0,0,16
9f4e94fa77b555dd,gt_geometry,operational,0.0,0.0,,0,0,16
9f4e94fa77b555dd,gt_geometry,strict,0.0,0.0,,0,0,16
9f4e94fa77b555dd,grpo_mass_pc,operational,0.0,0.0,,0,0,16
9f4e94fa77b555dd,grpo_mass_pc,strict,0.0,0.0,,0,0,0
5985ea459f145e5c,score,operational,0.0,0.0,,0,0,16
5985ea459f145e5c,score,strict,0.0,0.0,,0,0,16
5985ea459f145e5c,pareto,operational,0.0,0.0,,0,0,16
5985ea459f145e5c,pareto,strict,0.0,0.0,,0,0,16
5985ea459f145e5c,gt_geometry,operational,0.0,0.0,,0,0,12
5985ea459f145e5c,gt_geometry,strict,0.0,0.0,,0,0,12
5985ea459f145e5c,grpo_mass_pc,operational,0.0,0.0,,0,0,16
5985ea459f145e5c,grpo_mass_pc,strict,0.0,0.0,,0,0,0
624789926abe5dac,score,operational,0.0,0.0,,0,0,16
624789926abe5dac,score,strict,0.0,0.0,,0,0,16
624789926abe5dac,pareto,operational,0.0,0.0,,0,0,16
624789926abe5dac,pareto,strict,0.0,0.0,,0,0,16
624789926abe5dac,gt_geometry,operational,0.0,0.0,,0,0,16
624789926abe5dac,gt_geometry,strict,0.0,0.0,,0,0,16
624789926abe5dac,grpo_mass_pc,operational,0.0,0.0,,0,0,16
624789926abe5dac,grpo_mass_pc,strict,0.0,0.0,,0,0,0
adb657c849df5d9e,score,operational,0.0,0.0,,0,0,16
adb657c849df5d9e,score,strict,0.0,0.0,,0,0,16
adb657c849df5d9e,pareto,operational,0.0,0.0,,0,0,16
adb657c849df5d9e,pareto,strict,0.0,0.0,,0,0,16
adb657c849df5d9e,gt_geometry,operational,0.0,0.0,,0,0,16
adb657c849df5d9e,gt_geometry,strict,0.0,0.0,,0,0,16
adb657c849df5d9e,grpo_mass_pc,operational,0.0,0.0,,0,0,16
adb657c849df5d9e,grpo_mass_pc,strict,0.0,0.0,,0,0,0
095f95bdbf1054d0,score,operational,0.0,0.0,,0,0,16
095f95bdbf1054d0,score,strict,0.0,0.0,,0,0,16
095f95bdbf1054d0,pareto,operational,0.0,0.0,,0,0,16
095f95bdbf1054d0,pareto,strict,0.0,0.0,,0,0,16
095f95bdbf1054d0,gt_geometry,operational,0.0,0.0,,0,0,16
095f95bdbf1054d0,gt_geometry,strict,0.0,0.0,,0,0,16
095f95bdbf1054d0,grpo_mass_pc,operational,0.0,0.0,,0,0,16
095f95bdbf1054d0,grpo_mass_pc,strict,0.0,0.0,,0,0,0
d117940fcb945ac1,score,operational,0.0,0.0,,0,0,16
d117940fcb945ac1,score,strict,0.0,0.0,,0,0,16
d117940fcb945ac1,pareto,operational,0.0,0.0,,0,0,16
d117940fcb945ac1,pareto,strict,0.0,0.0,,0,0,16
d117940fcb945ac1,gt_geometry,operational,0.0,0.0,,0,0,13
d117940fcb945ac1,gt_geometry,strict,0.0,0.0,,0,0,13
d117940fcb945ac1,grpo_mass_pc,operational,0.0,0.0,,0,0,16
d117940fcb945ac1,grpo_mass_pc,strict,0.0,0.0,,0,0,0
ef023f6f394f5be8,score,operational,0.0,0.0,,0,0,16
ef023f6f394f5be8,score,strict,0.0,0.0,,0,0,16
ef023f6f394f5be8,pareto,operational,0.0,0.0,,0,0,16
ef023f6f394f5be8,pareto,strict,0.0,0.0,,0,0,16
ef023f6f394f5be8,gt_geometry,operational,0.0,0.0,,0,0,15
ef023f6f394f5be8,gt_geometry,strict,0.0,0.0,,0,0,15
ef023f6f394f5be8,grpo_mass_pc,operational,0.0,0.0,,0,0,16
ef023f6f394f5be8,grpo_mass_pc,strict,0.0,0.0,,0,0,0
451631b82dd757e4,score,operational,0.0,0.0,,0,0,16
451631b82dd757e4,score,strict,0.0,0.0,,0,0,16
451631b82dd757e4,pareto,operational,0.0,0.0,,0,0,16
451631b82dd757e4,pareto,strict,0.0,0.0,,0,0,16
451631b82dd757e4,gt_geometry,operational,0.0,0.0,,0,0,16
451631b82dd757e4,gt_geometry,strict,0.0,0.0,,0,0,16
451631b82dd757e4,grpo_mass_pc,operational,0.0,0.0,,0,0,16
451631b82dd757e4,grpo_mass_pc,strict,0.0,0.0,,0,0,0
b25e5caac7645be6,score,operational,0.0,0.0,,0,0,13
b25e5caac7645be6,score,strict,0.0,0.0,,0,0,13
b25e5caac7645be6,pareto,operational,0.0,0.0,,0,0,13
b25e5caac7645be6,pareto,strict,0.0,0.0,,0,0,13
b25e5caac7645be6,gt_geometry,operational,0.0,0.0,,0,0,11
b25e5caac7645be6,gt_geometry,strict,0.0,0.0,,0,0,11
b25e5caac7645be6,grpo_mass_pc,operational,0.0,0.0,,0,0,13
b25e5caac7645be6,grpo_mass_pc,strict,0.0,0.0,,0,0,0
277898ef740c5ab1,score,operational,0.0,0.0,,0,0,16
277898ef740c5ab1,score,strict,0.0,0.0,,0,0,16
277898ef740c5ab1,pareto,operational,0.0,0.0,,0,0,16
277898ef740c5ab1,pareto,strict,0.0,0.0,,0,0,16
277898ef740c5ab1,gt_geometry,operational,0.0,0.0,,0,0,16
277898ef740c5ab1,gt_geometry,strict,0.0,0.0,,0,0,16
277898ef740c5ab1,grpo_mass_pc,operational,0.0,0.0,,0,0,16
277898ef740c5ab1,grpo_mass_pc,strict,0.0,0.0,,0,0,0
de94e95519d85f21,score,operational,0.0,0.0,,0,0,12
de94e95519d85f21,score,strict,0.0,0.0,,0,0,12
de94e95519d85f21,pareto,operational,0.0,0.0,,0,0,14
de94e95519d85f21,pareto,strict,0.0,0.0,,0,0,14
de94e95519d85f21,gt_geometry,operational,0.0,0.0,,0,0,11
de94e95519d85f21,gt_geometry,strict,0.0,0.0,,0,0,11
de94e95519d85f21,grpo_mass_pc,operational,0.0,0.0,,0,0,12
de94e95519d85f21,grpo_mass_pc,strict,0.0,0.0,,0,0,0
cec9570f9fd3504b,score,operational,0.0,0.0,,0,0,16
cec9570f9fd3504b,score,strict,0.0,0.0,,0,0,16
cec9570f9fd3504b,pareto,operational,0.0,0.0,,0,0,16
cec9570f9fd3504b,pareto,strict,0.0,0.0,,0,0,16
cec9570f9fd3504b,gt_geometry,operational,0.0,0.0,,0,0,16
cec9570f9fd3504b,gt_geometry,strict,0.0,0.0,,0,0,16
cec9570f9fd3504b,grpo_mass_pc,operational,0.0,0.0,,0,0,16
cec9570f9fd3504b,grpo_mass_pc,strict,0.0,0.0,,0,0,0
654a0ce9f6305cee,score,operational,0.0,0.0,,0,0,16
654a0ce9f6305cee,score,strict,0.0,0.0,,0,0,16
654a0ce9f6305cee,pareto,operational,0.0,0.0,,0,0,16
654a0ce9f6305cee,pareto,strict,0.0,0.0,,0,0,16
654a0ce9f6305cee,gt_geometry,operational,0.0,0.0,,0,0,16
654a0ce9f6305cee,gt_geometry,strict,0.0,0.0,,0,0,16
654a0ce9f6305cee,grpo_mass_pc,operational,0.0,0.0,,0,0,16
654a0ce9f6305cee,grpo_mass_pc,strict,0.0,0.0,,0,0,0
672173aac8685233,score,operational,0.0,0.0,,0,0,16
672173aac8685233,score,strict,0.0,0.0,,0,0,16
672173aac8685233,pareto,operational,0.0,0.0,,0,0,16
672173aac8685233,pareto,strict,0.0,0.0,,0,0,16
672173aac8685233,gt_geometry,operational,0.0,0.0,,0,0,14
672173aac8685233,gt_geometry,strict,0.0,0.0,,0,0,14
672173aac8685233,grpo_mass_pc,operational,0.0,0.0,,0,0,16
672173aac8685233,grpo_mass_pc,strict,0.0,0.0,,0,0,0
74bf7898a5565ef7,score,operational,0.0,0.0,,0,0,14
74bf7898a5565ef7,score,strict,0.0,0.0,,0,0,14
74bf7898a5565ef7,pareto,operational,0.0,0.0,,0,0,15
74bf7898a5565ef7,pareto,strict,0.0,0.0,,0,0,15
74bf7898a5565ef7,gt_geometry,operational,0.0,0.0,,0,0,11
74bf7898a5565ef7,gt_geometry,strict,0.0,0.0,,0,0,11
74bf7898a5565ef7,grpo_mass_pc,operational,0.0,0.0,,0,0,14
74bf7898a5565ef7,grpo_mass_pc,strict,0.0,0.0,,0,0,0
4393df900c6557cb,score,operational,0.0,0.0,,0,0,16
4393df900c6557cb,score,strict,0.0,0.0,,0,0,16
4393df900c6557cb,pareto,operational,0.0,0.0,,0,0,16
4393df900c6557cb,pareto,strict,0.0,0.0,,0,0,16
4393df900c6557cb,gt_geometry,operational,0.0,0.0,,0,0,16
4393df900c6557cb,gt_geometry,strict,0.0,0.0,,0,0,16
4393df900c6557cb,grpo_mass_pc,operational,0.0,0.0,,0,0,16
4393df900c6557cb,grpo_mass_pc,strict,0.0,0.0,,0,0,0
059fb1d0f20e58d6,score,operational,0.0,0.0,,0,0,16
059fb1d0f20e58d6,score,strict,0.0,0.0,,0,0,16
059fb1d0f20e58d6,pareto,operational,0.0,0.0,,0,0,16
059fb1d0f20e58d6,pareto,strict,0.0,0.0,,0,0,16
059fb1d0f20e58d6,gt_geometry,operational,0.0,0.0,,0,0,16
059fb1d0f20e58d6,gt_geometry,strict,0.0,0.0,,0,0,16
059fb1d0f20e58d6,grpo_mass_pc,operational,0.0,0.0,,0,0,16
059fb1d0f20e58d6,grpo_mass_pc,strict,0.0,0.0,,0,0,0
b76fdedd0d1d5f46,score,operational,0.0,0.0,,0,0,16
b76fdedd0d1d5f46,score,strict,0.0,0.0,,0,0,16
b76fdedd0d1d5f46,pareto,operational,0.0,0.0,,0,0,16
b76fdedd0d1d5f46,pareto,strict,0.0,0.0,,0,0,16
b76fdedd0d1d5f46,gt_geometry,operational,0.0,0.0,,0,0,16
b76fdedd0d1d5f46,gt_geometry,strict,0.0,0.0,,0,0,16
b76fdedd0d1d5f46,grpo_mass_pc,operational,0.0,0.0,,0,0,16
b76fdedd0d1d5f46,grpo_mass_pc,strict,0.0,0.0,,0,0,0
005a44fa33b55e7b,score,operational,0.0,0.0,,0,0,16
005a44fa33b55e7b,score,strict,0.0,0.0,,0,0,16
005a44fa33b55e7b,pareto,operational,0.0,0.0,,0,0,16
005a44fa33b55e7b,pareto,strict,0.0,0.0,,0,0,16
005a44fa33b55e7b,gt_geometry,operational,0.0,0.0,,0,0,16
005a44fa33b55e7b,gt_geometry,strict,0.0,0.0,,0,0,16
005a44fa33b55e7b,grpo_mass_pc,operational,0.0,0.0,,0,0,16
005a44fa33b55e7b,grpo_mass_pc,strict,0.0,0.0,,0,0,0
cdf23d07ec42535e,score,operational,0.0,0.0,,0,0,15
cdf23d07ec42535e,score,strict,0.0,0.0,,0,0,15
cdf23d07ec42535e,pareto,operational,0.0,0.0,,0,0,15
cdf23d07ec42535e,pareto,strict,0.0,0.0,,0,0,15
cdf23d07ec42535e,gt_geometry,operational,0.0,0.0,,0,0,13
cdf23d07ec42535e,gt_geometry,strict,0.0,0.0,,0,0,13
cdf23d07ec42535e,grpo_mass_pc,operational,0.0,0.0,,0,0,15
cdf23d07ec42535e,grpo_mass_pc,strict,0.0,0.0,,0,0,0
5bb0b67e360f5a85,score,operational,0.0,0.0,,0,0,15
5bb0b67e360f5a85,score,strict,0.0,0.0,,0,0,15
5bb0b67e360f5a85,pareto,operational,0.0,0.0,,0,0,15
5bb0b67e360f5a85,pareto,strict,0.0,0.0,,0,0,15
5bb0b67e360f5a85,gt_geometry,operational,0.0,0.0,,0,0,13
5bb0b67e360f5a85,gt_geometry,strict,0.0,0.0,,0,0,13
5bb0b67e360f5a85,grpo_mass_pc,operational,0.0,0.0,,0,0,15
5bb0b67e360f5a85,grpo_mass_pc,strict,0.0,0.0,,0,0,0
d5b5493184c257bd,score,operational,0.0,0.0,,0,0,16
d5b5493184c257bd,score,strict,0.0,0.0,,0,0,16
d5b5493184c257bd,pareto,operational,0.0,0.0,,0,0,16
d5b5493184c257bd,pareto,strict,0.0,0.0,,0,0,16
d5b5493184c257bd,gt_geometry,operational,0.0,0.0,,0,0,16
d5b5493184c257bd,gt_geometry,strict,0.0,0.0,,0,0,16
d5b5493184c257bd,grpo_mass_pc,operational,0.0,0.0,,0,0,16
d5b5493184c257bd,grpo_mass_pc,strict,0.0,0.0,,0,0,0
a85370bd50145fbc,score,operational,0.0,0.0,,0,0,16
a85370bd50145fbc,score,strict,0.0,0.0,,0,0,16
a85370bd50145fbc,pareto,operational,0.0,0.0,,0,0,16
a85370bd50145fbc,pareto,strict,0.0,0.0,,0,0,16
a85370bd50145fbc,gt_geometry,operational,0.0,0.0,,0,0,16
a85370bd50145fbc,gt_geometry,strict,0.0,0.0,,0,0,16
a85370bd50145fbc,grpo_mass_pc,operational,0.0,0.0,,0,0,16
a85370bd50145fbc,grpo_mass_pc,strict,0.0,0.0,,0,0,0
6b0de122978c5d6c,score,operational,0.0,0.0,,0,0,16
6b0de122978c5d6c,score,strict,0.0,0.0,,0,0,16
6b0de122978c5d6c,pareto,operational,0.0,0.0,,0,0,16
6b0de122978c5d6c,pareto,strict,0.0,0.0,,0,0,16
6b0de122978c5d6c,gt_geometry,operational,0.0,0.0,,0,0,11
6b0de122978c5d6c,gt_geometry,strict,0.0,0.0,,0,0,11
6b0de122978c5d6c,grpo_mass_pc,operational,0.0,0.0,,0,0,16
6b0de122978c5d6c,grpo_mass_pc,strict,0.0,0.0,,0,0,0
9257645ceccb550b,score,operational,0.0,0.0,,0,0,16
9257645ceccb550b,score,strict,0.0,0.0,,0,0,16
9257645ceccb550b,pareto,operational,0.0,0.0,,0,0,16
9257645ceccb550b,pareto,strict,0.0,0.0,,0,0,16
9257645ceccb550b,gt_geometry,operational,0.0,0.0,,0,0,16
9257645ceccb550b,gt_geometry,strict,0.0,0.0,,0,0,16
9257645ceccb550b,grpo_mass_pc,operational,0.0,0.0,,0,0,16
9257645ceccb550b,grpo_mass_pc,strict,0.0,0.0,,0,0,0
5d03327b42d153b1,score,operational,0.0,0.0,,0,0,16
5d03327b42d153b1,score,strict,0.0,0.0,,0,0,16
5d03327b42d153b1,pareto,operational,0.0,0.0,,0,0,16
5d03327b42d153b1,pareto,strict,0.0,0.0,,0,0,16
5d03327b42d153b1,gt_geometry,operational,0.0,0.0,,0,0,12
5d03327b42d153b1,gt_geometry,strict,0.0,0.0,,0,0,12
5d03327b42d153b1,grpo_mass_pc,operational,0.0,0.0,,0,0,16
5d03327b42d153b1,grpo_mass_pc,strict,0.0,0.0,,0,0,0
f53ce90fba735a76,score,operational,0.0,0.0,,0,0,14
f53ce90fba735a76,score,strict,0.0,0.0,,0,0,14
f53ce90fba735a76,pareto,operational,0.0,0.0,,0,0,14
f53ce90fba735a76,pareto,strict,0.0,0.0,,0,0,14
f53ce90fba735a76,gt_geometry,operational,0.0,0.0,,0,0,12
f53ce90fba735a76,gt_geometry,strict,0.0,0.0,,0,0,12
f53ce90fba735a76,grpo_mass_pc,operational,0.0,0.0,,0,0,14
f53ce90fba735a76,grpo_mass_pc,strict,0.0,0.0,,0,0,0
89ba731076de572c,score,operational,0.0,0.0,,0,0,15
89ba731076de572c,score,strict,0.0,0.0,,0,0,15
89ba731076de572c,pareto,operational,0.0,0.0,,0,0,16
89ba731076de572c,pareto,strict,0.0,0.0,,0,0,16
89ba731076de572c,gt_geometry,operational,0.0,0.0,,0,0,12
89ba731076de572c,gt_geometry,strict,0.0,0.0,,0,0,12
89ba731076de572c,grpo_mass_pc,operational,0.0,0.0,,0,0,15
89ba731076de572c,grpo_mass_pc,strict,0.0,0.0,,0,0,0
d49e1049666e5596,score,operational,0.0,0.0,,0,0,15
d49e1049666e5596,score,strict,0.0,0.0,,0,0,15
d49e1049666e5596,pareto,operational,0.0,0.0,,0,0,15
d49e1049666e5596,pareto,strict,0.0,0.0,,0,0,15
d49e1049666e5596,gt_geometry,operational,0.0,0.0,,0,0,13
d49e1049666e5596,gt_geometry,strict,0.0,0.0,,0,0,13
d49e1049666e5596,grpo_mass_pc,operational,0.0,0.0,,0,0,15
d49e1049666e5596,grpo_mass_pc,strict,0.0,0.0,,0,0,0
30e1141fbb1e5009,score,operational,0.0,0.0,,0,0,16
30e1141fbb1e5009,score,strict,0.0,0.0,,0,0,16
30e1141fbb1e5009,pareto,operational,0.0,0.0,,0,0,16
30e1141fbb1e5009,pareto,strict,0.0,0.0,,0,0,16
30e1141fbb1e5009,gt_geometry,operational,0.0,0.0,,0,0,12
30e1141fbb1e5009,gt_geometry,strict,0.0,0.0,,0,0,12
30e1141fbb1e5009,grpo_mass_pc,operational,0.0,0.0,,0,0,16
30e1141fbb1e5009,grpo_mass_pc,strict,0.0,0.0,,0,0,0
377ceb5650355d8b,score,operational,0.0,0.0,,0,0,16
377ceb5650355d8b,score,strict,0.0,0.0,,0,0,16
377ceb5650355d8b,pareto,operational,0.0,0.0,,0,0,16
377ceb5650355d8b,pareto,strict,0.0,0.0,,0,0,16
377ceb5650355d8b,gt_geometry,operational,0.0,0.0,,0,0,13
377ceb5650355d8b,gt_geometry,strict,0.0,0.0,,0,0,13
377ceb5650355d8b,grpo_mass_pc,operational,0.0,0.0,,0,0,16
377ceb5650355d8b,grpo_mass_pc,strict,0.0,0.0,,0,0,0
93aa103155cd5295,score,operational,0.0,0.0,,0,0,16
93aa103155cd5295,score,strict,0.0,0.0,,0,0,16
93aa103155cd5295,pareto,operational,0.0,0.0,,0,0,16
93aa103155cd5295,pareto,strict,0.0,0.0,,0,0,16
93aa103155cd5295,gt_geometry,operational,0.0009765625,0.0,,0,0,16
93aa103155cd5295,gt_geometry,strict,0.0009765625,0.0,,0,0,16
93aa103155cd5295,grpo_mass_pc,operational,0.0,0.0,,0,0,16
93aa103155cd5295,grpo_mass_pc,strict,0.0,0.0,,0,0,0
1dbae60fb78c532a,score,operational,0.0,0.0,,0,0,14
1dbae60fb78c532a,score,strict,0.0,0.0,,0,0,14
1dbae60fb78c532a,pareto,operational,0.0,0.0,,0,0,14
1dbae60fb78c532a,pareto,strict,0.0,0.0,,0,0,14
1dbae60fb78c532a,gt_geometry,operational,0.0,0.0,,0,0,13
1dbae60fb78c532a,gt_geometry,strict,0.0,0.0,,0,0,13
1dbae60fb78c532a,grpo_mass_pc,operational,0.0,0.0,,0,0,14
1dbae60fb78c532a,grpo_mass_pc,strict,0.0,0.0,,0,0,0
50fefa46fcc855fb,score,operational,0.0,0.0,,0,0,16
50fefa46fcc855fb,score,strict,0.0,0.0,,0,0,16
50fefa46fcc855fb,pareto,operational,0.0,0.0,,0,0,16
50fefa46fcc855fb,pareto,strict,0.0,0.0,,0,0,16
50fefa46fcc855fb,gt_geometry,operational,0.0,0.0,,0,0,16
50fefa46fcc855fb,gt_geometry,strict,0.0,0.0,,0,0,16
50fefa46fcc855fb,grpo_mass_pc,operational,0.0,0.0,,0,0,16
50fefa46fcc855fb,grpo_mass_pc,strict,0.0,0.0,,0,0,0
baef6630583c5f87,score,operational,0.0,0.0,,0,0,16
baef6630583c5f87,score,strict,0.0,0.0,,0,0,16
baef6630583c5f87,pareto,operational,0.0,0.0,,0,0,16
baef6630583c5f87,pareto,strict,0.0,0.0,,0,0,16
baef6630583c5f87,gt_geometry,operational,0.0,0.0,,0,0,11
baef6630583c5f87,gt_geometry,strict,0.0,0.0,,0,0,11
baef6630583c5f87,grpo_mass_pc,operational,0.0,0.0,,0,0,16
baef6630583c5f87,grpo_mass_pc,strict,0.0,0.0,,0,0,0
8b0773eaa2375bbf,score,operational,0.0,0.0,,0,0,13
8b0773eaa2375bbf,score,strict,0.0,0.0,,0,0,13
8b0773eaa2375bbf,pareto,operational,0.0,0.0,,0,0,13
8b0773eaa2375bbf,pareto,strict,0.0,0.0,,0,0,13
8b0773eaa2375bbf,gt_geometry,operational,0.0,0.0,,0,0,12
8b0773eaa2375bbf,gt_geometry,strict,0.0,0.0,,0,0,12
8b0773eaa2375bbf,grpo_mass_pc,operational,0.0,0.0,,0,0,13
8b0773eaa2375bbf,grpo_mass_pc,strict,0.0,0.0,,0,0,0
80e2038fd0555030,score,operational,0.0,0.0,,0,0,16
80e2038fd0555030,score,strict,0.0,0.0,,0,0,16
80e2038fd0555030,pareto,operational,0.0,0.0,,0,0,16
80e2038fd0555030,pareto,strict,0.0,0.0,,0,0,16
80e2038fd0555030,gt_geometry,operational,0.0,0.0,,0,0,11
80e2038fd0555030,gt_geometry,strict,0.0,0.0,,0,0,11
80e2038fd0555030,grpo_mass_pc,operational,0.0,0.0,,0,0,16
80e2038fd0555030,grpo_mass_pc,strict,0.0,0.0,,0,0,0
d341827e6b485782,score,operational,0.0,0.0,,0,0,16
d341827e6b485782,score,strict,0.0,0.0,,0,0,16
d341827e6b485782,pareto,operational,0.0,0.0,,0,0,16
d341827e6b485782,pareto,strict,0.0,0.0,,0,0,16
d341827e6b485782,gt_geometry,operational,0.0,0.0,,0,0,16
d341827e6b485782,gt_geometry,strict,0.0,0.0,,0,0,16
d341827e6b485782,grpo_mass_pc,operational,0.0,0.0,,0,0,16
d341827e6b485782,grpo_mass_pc,strict,0.0,0.0,,0,0,0
d6f1d7ade74c5d53,score,operational,0.0,0.0,,0,0,16
d6f1d7ade74c5d53,score,strict,0.0,0.0,,0,0,16
d6f1d7ade74c5d53,pareto,operational,0.0,0.0,,0,0,16
d6f1d7ade74c5d53,pareto,strict,0.0,0.0,,0,0,16
d6f1d7ade74c5d53,gt_geometry,operational,0.0,0.0,,0,0,16
d6f1d7ade74c5d53,gt_geometry,strict,0.0,0.0,,0,0,16
d6f1d7ade74c5d53,grpo_mass_pc,operational,0.0,0.0,,0,0,16
d6f1d7ade74c5d53,grpo_mass_pc,strict,0.0,0.0,,0,0,0
0827c1c05e0e5596,score,operational,0.0,0.0,,0,0,16
0827c1c05e0e5596,score,strict,0.0,0.0,,0,0,16
0827c1c05e0e5596,pareto,operational,0.0,0.0,,0,0,16
0827c1c05e0e5596,pareto,strict,0.0,0.0,,0,0,16
0827c1c05e0e5596,gt_geometry,operational,0.0,0.0,,0,0,16
0827c1c05e0e5596,gt_geometry,strict,0.0,0.0,,0,0,16
0827c1c05e0e5596,grpo_mass_pc,operational,0.0,0.0,,0,0,16
0827c1c05e0e5596,grpo_mass_pc,strict,0.0,0.0,,0,0,0
e9cd4fda706e5516,score,operational,0.0,0.0,,0,0,16
e9cd4fda706e5516,score,strict,0.0,0.0,,0,0,16
e9cd4fda706e5516,pareto,operational,0.0,0.0,,0,0,16
e9cd4fda706e5516,pareto,strict,0.0,0.0,,0,0,16
e9cd4fda706e5516,gt_geometry,operational,0.0,0.0,,0,0,16
e9cd4fda706e5516,gt_geometry,strict,0.0,0.0,,0,0,16
e9cd4fda706e5516,grpo_mass_pc,operational,0.0,0.0,,0,0,16
e9cd4fda706e5516,grpo_mass_pc,strict,0.0,0.0,,0,0,0
bae5037e472250dc,score,operational,0.0,0.0,,0,0,16
bae5037e472250dc,score,strict,0.0,0.0,,0,0,16
bae5037e472250dc,pareto,operational,0.0,0.0,,0,0,16
bae5037e472250dc,pareto,strict,0.0,0.0,,0,0,16
bae5037e472250dc,gt_geometry,operational,0.0,0.0,,0,0,13
bae5037e472250dc,gt_geometry,strict,0.0,0.0,,0,0,13
bae5037e472250dc,grpo_mass_pc,operational,0.0,0.0,,0,0,16
bae5037e472250dc,grpo_mass_pc,strict,0.0,0.0,,0,0,0
3e7e4bd1053d5d92,score,operational,0.0,0.0,,0,0,10
3e7e4bd1053d5d92,score,strict,0.0,0.0,,0,0,10
3e7e4bd1053d5d92,pareto,operational,0.0,0.0,,0,0,15
3e7e4bd1053d5d92,pareto,strict,0.0,0.0,,0,0,15
3e7e4bd1053d5d92,gt_geometry,operational,0.0,0.0,,0,0,8
3e7e4bd1053d5d92,gt_geometry,strict,0.0,0.0,,0,0,8
3e7e4bd1053d5d92,grpo_mass_pc,operational,0.0,0.0,,0,0,10
3e7e4bd1053d5d92,grpo_mass_pc,strict,0.0,0.0,,0,0,0
bc6cd32ccb1b5427,score,operational,0.0,0.0,,0,0,16
bc6cd32ccb1b5427,score,strict,0.0,0.0,,0,0,16
bc6cd32ccb1b5427,pareto,operational,0.0,0.0,,0,0,16
bc6cd32ccb1b5427,pareto,strict,0.0,0.0,,0,0,16
bc6cd32ccb1b5427,gt_geometry,operational,0.0,0.0,,0,0,16
bc6cd32ccb1b5427,gt_geometry,strict,0.0,0.0,,0,0,16
bc6cd32ccb1b5427,grpo_mass_pc,operational,0.0,0.0,,0,0,16
bc6cd32ccb1b5427,grpo_mass_pc,strict,0.0,0.0,,0,0,0
a4c4b9cae9f356bb,score,operational,0.0,0.0,,0,0,16
a4c4b9cae9f356bb,score,strict,0.0,0.0,,0,0,16
a4c4b9cae9f356bb,pareto,operational,0.0,0.0,,0,0,16
a4c4b9cae9f356bb,pareto,strict,0.0,0.0,,0,0,16
a4c4b9cae9f356bb,gt_geometry,operational,0.0,0.0,,0,0,15
a4c4b9cae9f356bb,gt_geometry,strict,0.0,0.0,,0,0,15
a4c4b9cae9f356bb,grpo_mass_pc,operational,0.0,0.0,,0,0,16
a4c4b9cae9f356bb,grpo_mass_pc,strict,0.0,0.0,,0,0,0
1e8cca8760da5948,score,operational,0.0,0.0,,0,0,16
1e8cca8760da5948,score,strict,0.0,0.0,,0,0,16
1e8cca8760da5948,pareto,operational,0.0,0.0,,0,0,16
1e8cca8760da5948,pareto,strict,0.0,0.0,,0,0,16
1e8cca8760da5948,gt_geometry,operational,0.0,0.0,,0,0,10
1e8cca8760da5948,gt_geometry,strict,0.0,0.0,,0,0,10
1e8cca8760da5948,grpo_mass_pc,operational,0.0,0.0,,0,0,16
1e8cca8760da5948,grpo_mass_pc,strict,0.0,0.0,,0,0,0
c7e306be08105b70,score,operational,0.0009765625,0.0009765625,,0,0,14
c7e306be08105b70,score,strict,0.0009765625,0.0009765625,,0,0,14
c7e306be08105b70,pareto,operational,0.0009765625,0.0009765625,,0,0,14
c7e306be08105b70,pareto,strict,0.0009765625,0.0009765625,,0,0,14
c7e306be08105b70,gt_geometry,operational,0.0,0.0,,0,0,12
c7e306be08105b70,gt_geometry,strict,0.0,0.0,,0,0,12
c7e306be08105b70,grpo_mass_pc,operational,0.0009765625,0.0009765625,,0,0,14
c7e306be08105b70,grpo_mass_pc,strict,0.0,0.0,,0,0,0
26e0f72c031b5f07,score,operational,0.0,0.0,,0,0,16
26e0f72c031b5f07,score,strict,0.0,0.0,,0,0,16
26e0f72c031b5f07,pareto,operational,0.0,0.0,,0,0,16
26e0f72c031b5f07,pareto,strict,0.0,0.0,,0,0,16
26e0f72c031b5f07,gt_geometry,operational,0.0,0.0,,0,0,16
26e0f72c031b5f07,gt_geometry,strict,0.0,0.0,,0,0,16
26e0f72c031b5f07,grpo_mass_pc,operational,0.0,0.0,,0,0,16
26e0f72c031b5f07,grpo_mass_pc,strict,0.0,0.0,,0,0,0
56e525076cab5f42,score,operational,0.0,0.0,,0,0,16
56e525076cab5f42,score,strict,0.0,0.0,,0,0,16
56e525076cab5f42,pareto,operational,0.0,0.0,,0,0,16
56e525076cab5f42,pareto,strict,0.0,0.0,,0,0,16
56e525076cab5f42,gt_geometry,operational,0.0,0.0,,0,0,16
56e525076cab5f42,gt_geometry,strict,0.0,0.0,,0,0,16
56e525076cab5f42,grpo_mass_pc,operational,0.0,0.0,,0,0,16
56e525076cab5f42,grpo_mass_pc,strict,0.0,0.0,,0,0,0
4ce4021236435fc2,score,operational,0.0,0.0,,0,0,16
4ce4021236435fc2,score,strict,0.0,0.0,,0,0,16
4ce4021236435fc2,pareto,operational,0.0,0.0,,0,0,16
4ce4021236435fc2,pareto,strict,0.0,0.0,,0,0,16
4ce4021236435fc2,gt_geometry,operational,0.0,0.0,,0,0,13
4ce4021236435fc2,gt_geometry,strict,0.0,0.0,,0,0,13
4ce4021236435fc2,grpo_mass_pc,operational,0.0,0.0,,0,0,16
4ce4021236435fc2,grpo_mass_pc,strict,0.0,0.0,,0,0,0
3ae8bec3c87f599a,score,operational,0.0,0.0,,0,0,16
3ae8bec3c87f599a,score,strict,0.0,0.0,,0,0,16
3ae8bec3c87f599a,pareto,operational,0.0,0.0,,0,0,16
3ae8bec3c87f599a,pareto,strict,0.0,0.0,,0,0,16
3ae8bec3c87f599a,gt_geometry,operational,0.0,0.0,,0,0,13
3ae8bec3c87f599a,gt_geometry,strict,0.0,0.0,,0,0,13
3ae8bec3c87f599a,grpo_mass_pc,operational,0.0,0.0,,0,0,16
3ae8bec3c87f599a,grpo_mass_pc,strict,0.0,0.0,,0,0,0
de9dfb594099510e,score,operational,0.0,0.0,,0,0,16
de9dfb594099510e,score,strict,0.0,0.0,,0,0,16
de9dfb594099510e,pareto,operational,0.0,0.0,,0,0,16
de9dfb594099510e,pareto,strict,0.0,0.0,,0,0,16
de9dfb594099510e,gt_geometry,operational,0.0,0.0,,0,0,16
de9dfb594099510e,gt_geometry,strict,0.0,0.0,,0,0,16
de9dfb594099510e,grpo_mass_pc,operational,0.0,0.0,,0,0,16
de9dfb594099510e,grpo_mass_pc,strict,0.0,0.0,,0,0,0
ba1ace8df74d5f7b,score,operational,0.0,0.0,,0,0,15
ba1ace8df74d5f7b,score,strict,0.0,0.0,,0,0,15
ba1ace8df74d5f7b,pareto,operational,0.0,0.0,,0,0,16
ba1ace8df74d5f7b,pareto,strict,0.0,0.0,,0,0,16
ba1ace8df74d5f7b,gt_geometry,operational,0.0,0.0,,0,0,12
ba1ace8df74d5f7b,gt_geometry,strict,0.0,0.0,,0,0,12
ba1ace8df74d5f7b,grpo_mass_pc,operational,0.0,0.0,,0,0,15
ba1ace8df74d5f7b,grpo_mass_pc,strict,0.0,0.0,,0,0,0
502320eeaec55d1f,score,operational,0.0,0.0,,0,0,15
502320eeaec55d1f,score,strict,0.0,0.0,,0,0,15
502320eeaec55d1f,pareto,operational,0.0,0.0,,0,0,15
502320eeaec55d1f,pareto,strict,0.0,0.0,,0,0,15
502320eeaec55d1f,gt_geometry,operational,0.0,0.0,,0,0,14
502320eeaec55d1f,gt_geometry,strict,0.0,0.0,,0,0,14
502320eeaec55d1f,grpo_mass_pc,operational,0.0,0.0,,0,0,15
502320eeaec55d1f,grpo_mass_pc,strict,0.0,0.0,,0,0,0
2dd169c11ca55cf5,score,operational,0.0,0.0,,0,0,16
2dd169c11ca55cf5,score,strict,0.0,0.0,,0,0,16
2dd169c11ca55cf5,pareto,operational,0.0,0.0,,0,0,16
2dd169c11ca55cf5,pareto,strict,0.0,0.0,,0,0,16
2dd169c11ca55cf5,gt_geometry,operational,0.0,0.0,,0,0,14
2dd169c11ca55cf5,gt_geometry,strict,0.0,0.0,,0,0,14
2dd169c11ca55cf5,grpo_mass_pc,operational,0.0,0.0,,0,0,16
2dd169c11ca55cf5,grpo_mass_pc,strict,0.0,0.0,,0,0,0
14bd7947aab75ae6,score,operational,0.0,0.0,,0,0,16
14bd7947aab75ae6,score,strict,0.0,0.0,,0,0,16
14bd7947aab75ae6,pareto,operational,0.0,0.0,,0,0,16
14bd7947aab75ae6,pareto,strict,0.0,0.0,,0,0,16
14bd7947aab75ae6,gt_geometry,operational,0.0,0.0,,0,0,16
14bd7947aab75ae6,gt_geometry,strict,0.0,0.0,,0,0,16
14bd7947aab75ae6,grpo_mass_pc,operational,0.0,0.0,,0,0,16
14bd7947aab75ae6,grpo_mass_pc,strict,0.0,0.0,,0,0,0
3acaadb297b15413,score,operational,0.0,0.0,,0,0,14
3acaadb297b15413,score,strict,0.0,0.0,,0,0,14
3acaadb297b15413,pareto,operational,0.0,0.0,,0,0,14
3acaadb297b15413,pareto,strict,0.0,0.0,,0,0,14
3acaadb297b15413,gt_geometry,operational,0.0,0.0,,0,0,8
3acaadb297b15413,gt_geometry,strict,0.0,0.0,,0,0,8
3acaadb297b15413,grpo_mass_pc,operational,0.0,0.0,,0,0,14
3acaadb297b15413,grpo_mass_pc,strict,0.0,0.0,,0,0,0
4667b479001e52d3,score,operational,0.0,0.0,,0,0,16
4667b479001e52d3,score,strict,0.0,0.0,,0,0,16
4667b479001e52d3,pareto,operational,0.0,0.0,,0,0,16
4667b479001e52d3,pareto,strict,0.0,0.0,,0,0,16
4667b479001e52d3,gt_geometry,operational,0.0,0.0,,0,0,11
4667b479001e52d3,gt_geometry,strict,0.0,0.0,,0,0,11
4667b479001e52d3,grpo_mass_pc,operational,0.0,0.0,,0,0,16
4667b479001e52d3,grpo_mass_pc,strict,0.0,0.0,,0,0,0
7f15d26426a65449,score,operational,0.0,0.0,,0,0,13
7f15d26426a65449,score,strict,0.0,0.0,,0,0,13
7f15d26426a65449,pareto,operational,0.0,0.0,,0,0,14
7f15d26426a65449,pareto,strict,0.0,0.0,,0,0,14
7f15d26426a65449,gt_geometry,operational,0.0,0.0,,0,0,11
7f15d26426a65449,gt_geometry,strict,0.0,0.0,,0,0,11
7f15d26426a65449,grpo_mass_pc,operational,0.0,0.0,,0,0,13
7f15d26426a65449,grpo_mass_pc,strict,0.0,0.0,,0,0,0
70fb14aa330a5e1a,score,operational,0.0,0.0,,0,0,16
70fb14aa330a5e1a,score,strict,0.0,0.0,,0,0,16
70fb14aa330a5e1a,pareto,operational,0.0,0.0,,0,0,16
70fb14aa330a5e1a,pareto,strict,0.0,0.0,,0,0,16
70fb14aa330a5e1a,gt_geometry,operational,0.0,0.0,,0,0,16
70fb14aa330a5e1a,gt_geometry,strict,0.0,0.0,,0,0,16
70fb14aa330a5e1a,grpo_mass_pc,operational,0.0,0.0,,0,0,16
70fb14aa330a5e1a,grpo_mass_pc,strict,0.0,0.0,,0,0,0
390944a5467b51c5,score,operational,0.0,0.0,,0,0,16
390944a5467b51c5,score,strict,0.0,0.0,,0,0,16
390944a5467b51c5,pareto,operational,0.0,0.0,,0,0,16
390944a5467b51c5,pareto,strict,0.0,0.0,,0,0,16
390944a5467b51c5,gt_geometry,operational,0.0,0.0,,0,0,16
390944a5467b51c5,gt_geometry,strict,0.0,0.0,,0,0,16
390944a5467b51c5,grpo_mass_pc,operational,0.0,0.0,,0,0,16
390944a5467b51c5,grpo_mass_pc,strict,0.0,0.0,,0,0,0
de37d906807d5da4,score,operational,0.0,0.0,,0,0,16
de37d906807d5da4,score,strict,0.0,0.0,,0,0,16
de37d906807d5da4,pareto,operational,0.0,0.0,,0,0,16
de37d906807d5da4,pareto,strict,0.0,0.0,,0,0,16
de37d906807d5da4,gt_geometry,operational,0.0,0.0,,0,0,16
de37d906807d5da4,gt_geometry,strict,0.0,0.0,,0,0,16
de37d906807d5da4,grpo_mass_pc,operational,0.0,0.0,,0,0,16
de37d906807d5da4,grpo_mass_pc,strict,0.0,0.0,,0,0,0
9ed0f61a7d9551dd,score,operational,0.0,0.0,,0,0,16
9ed0f61a7d9551dd,score,strict,0.0,0.0,,0,0,16
9ed0f61a7d9551dd,pareto,operational,0.0,0.0,,0,0,16
9ed0f61a7d9551dd,pareto,strict,0.0,0.0,,0,0,16
9ed0f61a7d9551dd,gt_geometry,operational,0.0,0.0,,0,0,12
9ed0f61a7d9551dd,gt_geometry,strict,0.0,0.0,,0,0,12
9ed0f61a7d9551dd,grpo_mass_pc,operational,0.0,0.0,,0,0,16
9ed0f61a7d9551dd,grpo_mass_pc,strict,0.0,0.0,,0,0,0
772bea477f415d7e,score,operational,0.0,0.0,,0,0,16
772bea477f415d7e,score,strict,0.0,0.0,,0,0,16
772bea477f415d7e,pareto,operational,0.0,0.0,,0,0,16
772bea477f415d7e,pareto,strict,0.0,0.0,,0,0,16
772bea477f415d7e,gt_geometry,operational,0.0,0.0,,0,0,16
772bea477f415d7e,gt_geometry,strict,0.0,0.0,,0,0,16
772bea477f415d7e,grpo_mass_pc,operational,0.0,0.0,,0,0,16
772bea477f415d7e,grpo_mass_pc,strict,0.0,0.0,,0,0,0
cf05fb873d635a08,score,operational,0.0,0.0,,0,0,13
cf05fb873d635a08,score,strict,0.0,0.0,,0,0,13
cf05fb873d635a08,pareto,operational,0.0,0.0,,0,0,13
cf05fb873d635a08,pareto,strict,0.0,0.0,,0,0,13
cf05fb873d635a08,gt_geometry,operational,0.0009765625,0.0009765625,,0,0,8
cf05fb873d635a08,gt_geometry,strict,0.0009765625,0.0009765625,,0,0,8
cf05fb873d635a08,grpo_mass_pc,operational,0.0,0.0,,0,0,13
cf05fb873d635a08,grpo_mass_pc,strict,0.0,0.0,,0,0,0
6ef435e921f9538a,score,operational,0.0,0.0,,0,0,16
6ef435e921f9538a,score,strict,0.0,0.0,,0,0,16
6ef435e921f9538a,pareto,operational,0.0,0.0,,0,0,16
6ef435e921f9538a,pareto,strict,0.0,0.0,,0,0,16
6ef435e921f9538a,gt_geometry,operational,0.0,0.0,,0,0,16
6ef435e921f9538a,gt_geometry,strict,0.0,0.0,,0,0,16
6ef435e921f9538a,grpo_mass_pc,operational,0.0,0.0,,0,0,16
6ef435e921f9538a,grpo_mass_pc,strict,0.0,0.0,,0,0,0
e60a241cf8df5ae6,score,operational,0.0,0.0,,0,0,16
e60a241cf8df5ae6,score,strict,0.0,0.0,,0,0,16
e60a241cf8df5ae6,pareto,operational,0.0,0.0,,0,0,16
e60a241cf8df5ae6,pareto,strict,0.0,0.0,,0,0,16
e60a241cf8df5ae6,gt_geometry,operational,0.0,0.0,,0,0,9
e60a241cf8df5ae6,gt_geometry,strict,0.0,0.0,,0,0,9
e60a241cf8df5ae6,grpo_mass_pc,operational,0.0,0.0,,0,0,16
e60a241cf8df5ae6,grpo_mass_pc,strict,0.0,0.0,,0,0,0
430843d30f9258ed,score,operational,0.0,0.0,,0,0,16
430843d30f9258ed,score,strict,0.0,0.0,,0,0,16
430843d30f9258ed,pareto,operational,0.0,0.0,,0,0,16
430843d30f9258ed,pareto,strict,0.0,0.0,,0,0,16
430843d30f9258ed,gt_geometry,operational,0.0,0.0,,0,0,10
430843d30f9258ed,gt_geometry,strict,0.0,0.0,,0,0,10
430843d30f9258ed,grpo_mass_pc,operational,0.0,0.0,,0,0,16
430843d30f9258ed,grpo_mass_pc,strict,0.0,0.0,,0,0,0
05f01335f6e15d86,score,operational,0.0,0.0,,0,0,16
05f01335f6e15d86,score,strict,0.0,0.0,,0,0,16
05f01335f6e15d86,pareto,operational,0.0,0.0,,0,0,16
05f01335f6e15d86,pareto,strict,0.0,0.0,,0,0,16
05f01335f6e15d86,gt_geometry,operational,0.0,0.0,,0,0,15
05f01335f6e15d86,gt_geometry,strict,0.0,0.0,,0,0,15
05f01335f6e15d86,grpo_mass_pc,operational,0.0,0.0,,0,0,16
05f01335f6e15d86,grpo_mass_pc,strict,0.0,0.0,,0,0,0
4be639c52c2656db,score,operational,0.0,0.0,,0,0,16
4be639c52c2656db,score,strict,0.0,0.0,,0,0,16
4be639c52c2656db,pareto,operational,0.0,0.0,,0,0,16
4be639c52c2656db,pareto,strict,0.0,0.0,,0,0,16
4be639c52c2656db,gt_geometry,operational,0.0,0.0,,0,0,16
4be639c52c2656db,gt_geometry,strict,0.0,0.0,,0,0,16
4be639c52c2656db,grpo_mass_pc,operational,0.0,0.0,,0,0,16
4be639c52c2656db,grpo_mass_pc,strict,0.0,0.0,,0,0,0
3f67a285648156d8,score,operational,0.0,0.0,,0,0,15
3f67a285648156d8,score,strict,0.0,0.0,,0,0,15
3f67a285648156d8,pareto,operational,0.0,0.0,,0,0,15
3f67a285648156d8,pareto,strict,0.0,0.0,,0,0,15
3f67a285648156d8,gt_geometry,operational,0.0,0.0,,0,0,13
3f67a285648156d8,gt_geometry,strict,0.0,0.0,,0,0,13
3f67a285648156d8,grpo_mass_pc,operational,0.0,0.0,,0,0,15
3f67a285648156d8,grpo_mass_pc,strict,0.0,0.0,,0,0,0
d193c14478495b74,score,operational,0.0,0.0,,0,0,15
d193c14478495b74,score,strict,0.0,0.0,,0,0,15
d193c14478495b74,pareto,operational,0.0,0.0,,0,0,15
d193c14478495b74,pareto,strict,0.0,0.0,,0,0,15
d193c14478495b74,gt_geometry,operational,0.0,0.0,,0,0,12
d193c14478495b74,gt_geometry,strict,0.0,0.0,,0,0,12
d193c14478495b74,grpo_mass_pc,operational,0.0,0.0,,0,0,15
d193c14478495b74,grpo_mass_pc,strict,0.0,0.0,,0,0,0
be62b590e24a520d,score,operational,0.0,0.0,,0,0,16
be62b590e24a520d,score,strict,0.0,0.0,,0,0,16
be62b590e24a520d,pareto,operational,0.0,0.0,,0,0,16
be62b590e24a520d,pareto,strict,0.0,0.0,,0,0,16
be62b590e24a520d,gt_geometry,operational,0.0,0.0,,0,0,8
be62b590e24a520d,gt_geometry,strict,0.0,0.0,,0,0,8
be62b590e24a520d,grpo_mass_pc,operational,0.0,0.0,,0,0,16
be62b590e24a520d,grpo_mass_pc,strict,0.0,0.0,,0,0,0
ee2a0378652e53d0,score,operational,0.0,0.0,,0,0,16
ee2a0378652e53d0,score,strict,0.0,0.0,,0,0,16
ee2a0378652e53d0,pareto,operational,0.0,0.0,,0,0,16
ee2a0378652e53d0,pareto,strict,0.0,0.0,,0,0,16
ee2a0378652e53d0,gt_geometry,operational,0.0,0.0,,0,0,10
ee2a0378652e53d0,gt_geometry,strict,0.0,0.0,,0,0,10
ee2a0378652e53d0,grpo_mass_pc,operational,0.0,0.0,,0,0,16
ee2a0378652e53d0,grpo_mass_pc,strict,0.0,0.0,,0,0,0
adf177418b8a5f6f,score,operational,0.0,0.0,,0,0,16
adf177418b8a5f6f,score,strict,0.0,0.0,,0,0,16
adf177418b8a5f6f,pareto,operational,0.0,0.0,,0,0,16
adf177418b8a5f6f,pareto,strict,0.0,0.0,,0,0,16
adf177418b8a5f6f,gt_geometry,operational,0.0,0.0,,0,0,16
adf177418b8a5f6f,gt_geometry,strict,0.0,0.0,,0,0,16
adf177418b8a5f6f,grpo_mass_pc,operational,0.0,0.0,,0,0,16
adf177418b8a5f6f,grpo_mass_pc,strict,0.0,0.0,,0,0,0
8ba72029d7d75a0c,score,operational,0.0,0.0,,0,0,16
8ba72029d7d75a0c,score,strict,0.0,0.0,,0,0,16
8ba72029d7d75a0c,pareto,operational,0.0,0.0,,0,0,16
8ba72029d7d75a0c,pareto,strict,0.0,0.0,,0,0,16
8ba72029d7d75a0c,gt_geometry,operational,0.0,0.0,,0,0,16
8ba72029d7d75a0c,gt_geometry,strict,0.0,0.0,,0,0,16
8ba72029d7d75a0c,grpo_mass_pc,operational,0.0,0.0,,0,0,16
8ba72029d7d75a0c,grpo_mass_pc,strict,0.0,0.0,,0,0,0
a893fc739c0b567c,score,operational,0.0,0.0,,0,0,16
a893fc739c0b567c,score,strict,0.0,0.0,,0,0,16
a893fc739c0b567c,pareto,operational,0.0,0.0,,0,0,16
a893fc739c0b567c,pareto,strict,0.0,0.0,,0,0,16
a893fc739c0b567c,gt_geometry,operational,0.0,0.0,,0,0,16
a893fc739c0b567c,gt_geometry,strict,0.0,0.0,,0,0,16
a893fc739c0b567c,grpo_mass_pc,operational,0.0,0.0,,0,0,16
a893fc739c0b567c,grpo_mass_pc,strict,0.0,0.0,,0,0,0
ade775b8413358d6,score,operational,0.0,0.0,,0,0,8
ade775b8413358d6,score,strict,0.0,0.0,,0,0,8
ade775b8413358d6,pareto,operational,0.0,0.0,,0,0,14
ade775b8413358d6,pareto,strict,0.0,0.0,,0,0,14
ade775b8413358d6,gt_geometry,operational,0.0,0.0,,0,0,6
ade775b8413358d6,gt_geometry,strict,0.0,0.0,,0,0,6
ade775b8413358d6,grpo_mass_pc,operational,0.0,0.0,,0,0,8
ade775b8413358d6,grpo_mass_pc,strict,0.0,0.0,,0,0,0
cf26456f21fc55cc,score,operational,0.0,0.0,,0,0,16
cf26456f21fc55cc,score,strict,0.0,0.0,,0,0,16
cf26456f21fc55cc,pareto,operational,0.0,0.0,,0,0,16
cf26456f21fc55cc,pareto,strict,0.0,0.0,,0,0,16
cf26456f21fc55cc,gt_geometry,operational,0.0,0.0,,0,0,16
cf26456f21fc55cc,gt_geometry,strict,0.0,0.0,,0,0,16
cf26456f21fc55cc,grpo_mass_pc,operational,0.0,0.0,,0,0,16
cf26456f21fc55cc,grpo_mass_pc,strict,0.0,0.0,,0,0,0
f5134ec4baf153c9,score,operational,0.0,0.0,,0,0,16
f5134ec4baf153c9,score,strict,0.0,0.0,,0,0,16
f5134ec4baf153c9,pareto,operational,0.0,0.0,,0,0,16
f5134ec4baf153c9,pareto,strict,0.0,0.0,,0,0,16
f5134ec4baf153c9,gt_geometry,operational,0.0,0.0,,0,0,10
f5134ec4baf153c9,gt_geometry,strict,0.0,0.0,,0,0,10
f5134ec4baf153c9,grpo_mass_pc,operational,0.0,0.0,,0,0,16
f5134ec4baf153c9,grpo_mass_pc,strict,0.0,0.0,,0,0,0
09961e24208b5972,score,operational,0.0,0.0,,0,0,16
09961e24208b5972,score,strict,0.0,0.0,,0,0,16
09961e24208b5972,pareto,operational,0.0,0.0,,0,0,16
09961e24208b5972,pareto,strict,0.0,0.0,,0,0,16
09961e24208b5972,gt_geometry,operational,0.0,0.0,,0,0,16
09961e24208b5972,gt_geometry,strict,0.0,0.0,,0,0,16
09961e24208b5972,grpo_mass_pc,operational,0.0,0.0,,0,0,16
09961e24208b5972,grpo_mass_pc,strict,0.0,0.0,,0,0,0
7e6335968cbb5318,score,operational,0.0,0.0,,0,0,15
7e6335968cbb5318,score,strict,0.0,0.0,,0,0,15
7e6335968cbb5318,pareto,operational,0.0,0.0,,0,0,15
7e6335968cbb5318,pareto,strict,0.0,0.0,,0,0,15
7e6335968cbb5318,gt_geometry,operational,0.0,0.0,,0,0,11
7e6335968cbb5318,gt_geometry,strict,0.0,0.0,,0,0,11
7e6335968cbb5318,grpo_mass_pc,operational,0.0,0.0,,0,0,15
7e6335968cbb5318,grpo_mass_pc,strict,0.0,0.0,,0,0,0
ac20d4e2400c58a9,score,operational,0.0,0.0,,0,0,16
ac20d4e2400c58a9,score,strict,0.0,0.0,,0,0,16
ac20d4e2400c58a9,pareto,operational,0.0,0.0,,0,0,16
ac20d4e2400c58a9,pareto,strict,0.0,0.0,,0,0,16
ac20d4e2400c58a9,gt_geometry,operational,0.0,0.0,,0,0,11
ac20d4e2400c58a9,gt_geometry,strict,0.0,0.0,,0,0,11
ac20d4e2400c58a9,grpo_mass_pc,operational,0.0,0.0,,0,0,16
ac20d4e2400c58a9,grpo_mass_pc,strict,0.0,0.0,,0,0,0
f503e5d4f2815027,score,operational,0.0,0.0,,0,0,16
f503e5d4f2815027,score,strict,0.0,0.0,,0,0,16
f503e5d4f2815027,pareto,operational,0.0,0.0,,0,0,16
f503e5d4f2815027,pareto,strict,0.0,0.0,,0,0,16
f503e5d4f2815027,gt_geometry,operational,0.0,0.0,,0,0,16
f503e5d4f2815027,gt_geometry,strict,0.0,0.0,,0,0,16
f503e5d4f2815027,grpo_mass_pc,operational,0.0,0.0,,0,0,16
f503e5d4f2815027,grpo_mass_pc,strict,0.0,0.0,,0,0,0
43df192ed9125ff3,score,operational,0.0,0.0,,0,0,16
43df192ed9125ff3,score,strict,0.0,0.0,,0,0,16
43df192ed9125ff3,pareto,operational,0.0,0.0,,0,0,16
43df192ed9125ff3,pareto,strict,0.0,0.0,,0,0,16
43df192ed9125ff3,gt_geometry,operational,0.0009765625,0.0009765625,,0,0,16
43df192ed9125ff3,gt_geometry,strict,0.0009765625,0.0009765625,,0,0,16
43df192ed9125ff3,grpo_mass_pc,operational,0.0,0.0,,0,0,16
43df192ed9125ff3,grpo_mass_pc,strict,0.0,0.0,,0,0,0
b63a589b5dcf521d,score,operational,0.0,0.0,,0,0,16
b63a589b5dcf521d,score,strict,0.0,0.0,,0,0,16
b63a589b5dcf521d,pareto,operational,0.0,0.0,,0,0,16
b63a589b5dcf521d,pareto,strict,0.0,0.0,,0,0,16
b63a589b5dcf521d,gt_geometry,operational,0.0,0.0,,0,0,16
b63a589b5dcf521d,gt_geometry,strict,0.0,0.0,,0,0,16
b63a589b5dcf521d,grpo_mass_pc,operational,0.0,0.0,,0,0,16
b63a589b5dcf521d,grpo_mass_pc,strict,0.0,0.0,,0,0,0
0996ce03d2325a75,score,operational,0.0,0.0,,0,0,16
0996ce03d2325a75,score,strict,0.0,0.0,,0,0,16
0996ce03d2325a75,pareto,operational,0.0,0.0,,0,0,16
0996ce03d2325a75,pareto,strict,0.0,0.0,,0,0,16
0996ce03d2325a75,gt_geometry,operational,0.0,0.0,,0,0,14
0996ce03d2325a75,gt_geometry,strict,0.0,0.0,,0,0,14
0996ce03d2325a75,grpo_mass_pc,operational,0.0,0.0,,0,0,16
0996ce03d2325a75,grpo_mass_pc,strict,0.0,0.0,,0,0,0
5da5fed529065c9a,score,operational,0.0,0.0,,0,0,15
5da5fed529065c9a,score,strict,0.0,0.0,,0,0,15
5da5fed529065c9a,pareto,operational,0.0,0.0,,0,0,15
5da5fed529065c9a,pareto,strict,0.0,0.0,,0,0,15
5da5fed529065c9a,gt_geometry,operational,0.0,0.0,,0,0,12
5da5fed529065c9a,gt_geometry,strict,0.0,0.0,,0,0,12
5da5fed529065c9a,grpo_mass_pc,operational,0.0,0.0,,0,0,15
5da5fed529065c9a,grpo_mass_pc,strict,0.0,0.0,,0,0,0
4d4d070cb9095f94,score,operational,0.0,0.0,,0,0,16
4d4d070cb9095f94,score,strict,0.0,0.0,,0,0,16
4d4d070cb9095f94,pareto,operational,0.0,0.0,,0,0,16
4d4d070cb9095f94,pareto,strict,0.0,0.0,,0,0,16
4d4d070cb9095f94,gt_geometry,operational,0.0,0.0,,0,0,16
4d4d070cb9095f94,gt_geometry,strict,0.0,0.0,,0,0,16
4d4d070cb9095f94,grpo_mass_pc,operational,0.0,0.0,,0,0,16
4d4d070cb9095f94,grpo_mass_pc,strict,0.0,0.0,,0,0,0
14096d0f331a594a,score,operational,0.0,0.0,,0,0,16
14096d0f331a594a,score,strict,0.0,0.0,,0,0,16
14096d0f331a594a,pareto,operational,0.0,0.0,,0,0,16
14096d0f331a594a,pareto,strict,0.0,0.0,,0,0,16
14096d0f331a594a,gt_geometry,operational,0.0,0.0,,0,0,16
14096d0f331a594a,gt_geometry,strict,0.0,0.0,,0,0,16
14096d0f331a594a,grpo_mass_pc,operational,0.0,0.0,,0,0,16
14096d0f331a594a,grpo_mass_pc,strict,0.0,0.0,,0,0,0
432cf993a4685755,score,operational,0.0,0.0,,0,0,16
432cf993a4685755,score,strict,0.0,0.0,,0,0,16
432cf993a4685755,pareto,operational,0.0,0.0,,0,0,16
432cf993a4685755,pareto,strict,0.0,0.0,,0,0,16
432cf993a4685755,gt_geometry,operational,0.0,0.0,,0,0,12
432cf993a4685755,gt_geometry,strict,0.0,0.0,,0,0,12
432cf993a4685755,grpo_mass_pc,operational,0.0,0.0,,0,0,16
432cf993a4685755,grpo_mass_pc,strict,0.0,0.0,,0,0,0
c668fc93191352f5,score,operational,0.0,0.0,,0,0,16
c668fc93191352f5,score,strict,0.0,0.0,,0,0,16
c668fc93191352f5,pareto,operational,0.0,0.0,,0,0,16
c668fc93191352f5,pareto,strict,0.0,0.0,,0,0,16
c668fc93191352f5,gt_geometry,operational,0.0,0.0,,0,0,14
c668fc93191352f5,gt_geometry,strict,0.0,0.0,,0,0,14
c668fc93191352f5,grpo_mass_pc,operational,0.0,0.0,,0,0,16
c668fc93191352f5,grpo_mass_pc,strict,0.0,0.0,,0,0,0
a73551f67ae95c4d,score,operational,0.0,0.0,,0,0,16
a73551f67ae95c4d,score,strict,0.0,0.0,,0,0,16
a73551f67ae95c4d,pareto,operational,0.0,0.0,,0,0,16
a73551f67ae95c4d,pareto,strict,0.0,0.0,,0,0,16
a73551f67ae95c4d,gt_geometry,operational,0.0,0.0,,0,0,15
a73551f67ae95c4d,gt_geometry,strict,0.0,0.0,,0,0,15
a73551f67ae95c4d,grpo_mass_pc,operational,0.0,0.0,,0,0,16
a73551f67ae95c4d,grpo_mass_pc,strict,0.0,0.0,,0,0,0
928010107cd35cdd,score,operational,0.0,0.0,,0,0,16
928010107cd35cdd,score,strict,0.0,0.0,,0,0,16
928010107cd35cdd,pareto,operational,0.0,0.0,,0,0,16
928010107cd35cdd,pareto,strict,0.0,0.0,,0,0,16
928010107cd35cdd,gt_geometry,operational,0.0,0.0,,0,0,11
928010107cd35cdd,gt_geometry,strict,0.0,0.0,,0,0,11
928010107cd35cdd,grpo_mass_pc,operational,0.0,0.0,,0,0,16
928010107cd35cdd,grpo_mass_pc,strict,0.0,0.0,,0,0,0
f4ab14a89bb7500e,score,operational,0.0,0.0,,0,0,16
f4ab14a89bb7500e,score,strict,0.0,0.0,,0,0,16
f4ab14a89bb7500e,pareto,operational,0.0,0.0,,0,0,16
f4ab14a89bb7500e,pareto,strict,0.0,0.0,,0,0,16
f4ab14a89bb7500e,gt_geometry,operational,0.0,0.0,,0,0,12
f4ab14a89bb7500e,gt_geometry,strict,0.0,0.0,,0,0,12
f4ab14a89bb7500e,grpo_mass_pc,operational,0.0,0.0,,0,0,16
f4ab14a89bb7500e,grpo_mass_pc,strict,0.0,0.0,,0,0,0
dc28a01b78d45b17,score,operational,0.0,0.0,,0,0,15
dc28a01b78d45b17,score,strict,0.0,0.0,,0,0,15
dc28a01b78d45b17,pareto,operational,0.0,0.0,,0,0,16
dc28a01b78d45b17,pareto,strict,0.0,0.0,,0,0,16
dc28a01b78d45b17,gt_geometry,operational,0.0,0.0,,0,0,9
dc28a01b78d45b17,gt_geometry,strict,0.0,0.0,,0,0,9
dc28a01b78d45b17,grpo_mass_pc,operational,0.0,0.0,,0,0,15
dc28a01b78d45b17,grpo_mass_pc,strict,0.0,0.0,,0,0,0
3f159d73e87a5e06,score,operational,0.0,0.0,,0,0,16
3f159d73e87a5e06,score,strict,0.0,0.0,,0,0,16
3f159d73e87a5e06,pareto,operational,0.0,0.0,,0,0,16
3f159d73e87a5e06,pareto,strict,0.0,0.0,,0,0,16
3f159d73e87a5e06,gt_geometry,operational,0.0,0.0,,0,0,15
3f159d73e87a5e06,gt_geometry,strict,0.0,0.0,,0,0,15
3f159d73e87a5e06,grpo_mass_pc,operational,0.0,0.0,,0,0,16
3f159d73e87a5e06,grpo_mass_pc,strict,0.0,0.0,,0,0,0
bdfa1f8523c25328,score,operational,0.0,0.0,,0,0,16
bdfa1f8523c25328,score,strict,0.0,0.0,,0,0,16
bdfa1f8523c25328,pareto,operational,0.0,0.0,,0,0,16
bdfa1f8523c25328,pareto,strict,0.0,0.0,,0,0,16
bdfa1f8523c25328,gt_geometry,operational,0.0,0.0,,0,0,16
bdfa1f8523c25328,gt_geometry,strict,0.0,0.0,,0,0,16
bdfa1f8523c25328,grpo_mass_pc,operational,0.0,0.0,,0,0,16
bdfa1f8523c25328,grpo_mass_pc,strict,0.0,0.0,,0,0,0
12115c5ca1215fb7,score,operational,0.0,0.0,,0,0,16
12115c5ca1215fb7,score,strict,0.0,0.0,,0,0,16
12115c5ca1215fb7,pareto,operational,0.0,0.0,,0,0,16
12115c5ca1215fb7,pareto,strict,0.0,0.0,,0,0,16
12115c5ca1215fb7,gt_geometry,operational,0.0,0.0,,0,0,9
12115c5ca1215fb7,gt_geometry,strict,0.0,0.0,,0,0,9
12115c5ca1215fb7,grpo_mass_pc,operational,0.0,0.0,,0,0,16
12115c5ca1215fb7,grpo_mass_pc,strict,0.0,0.0,,0,0,0
c402a7eb498a5736,score,operational,0.0,0.0,,0,0,16
c402a7eb498a5736,score,strict,0.0,0.0,,0,0,16
c402a7eb498a5736,pareto,operational,0.0,0.0,,0,0,16
c402a7eb498a5736,pareto,strict,0.0,0.0,,0,0,16
c402a7eb498a5736,gt_geometry,operational,0.0,0.0,,0,0,16
c402a7eb498a5736,gt_geometry,strict,0.0,0.0,,0,0,16
c402a7eb498a5736,grpo_mass_pc,operational,0.0,0.0,,0,0,16
c402a7eb498a5736,grpo_mass_pc,strict,0.0,0.0,,0,0,0
c94d20755cae51cf,score,operational,0.0,0.0,,0,0,16
c94d20755cae51cf,score,strict,0.0,0.0,,0,0,16
c94d20755cae51cf,pareto,operational,0.0,0.0,,0,0,16
c94d20755cae51cf,pareto,strict,0.0,0.0,,0,0,16
c94d20755cae51cf,gt_geometry,operational,0.0,0.0,,0,0,15
c94d20755cae51cf,gt_geometry,strict,0.0,0.0,,0,0,15
c94d20755cae51cf,grpo_mass_pc,operational,0.0,0.0,,0,0,16
c94d20755cae51cf,grpo_mass_pc,strict,0.0,0.0,,0,0,0
c44b12de78555426,score,operational,0.0,0.0,,0,0,13
c44b12de78555426,score,strict,0.0,0.0,,0,0,13
c44b12de78555426,pareto,operational,0.0,0.0,,0,0,14
c44b12de78555426,pareto,strict,0.0,0.0,,0,0,14
c44b12de78555426,gt_geometry,operational,0.0,0.0,,0,0,11
c44b12de78555426,gt_geometry,strict,0.0,0.0,,0,0,11
c44b12de78555426,grpo_mass_pc,operational,0.0,0.0,,0,0,13
c44b12de78555426,grpo_mass_pc,strict,0.0,0.0,,0,0,0
50e0c2fe698655a9,score,operational,0.0,0.0,,0,0,16
50e0c2fe698655a9,score,strict,0.0,0.0,,0,0,16
50e0c2fe698655a9,pareto,operational,0.0,0.0,,0,0,16
50e0c2fe698655a9,pareto,strict,0.0,0.0,,0,0,16
50e0c2fe698655a9,gt_geometry,operational,0.0,0.0,,0,0,16
50e0c2fe698655a9,gt_geometry,strict,0.0,0.0,,0,0,16
50e0c2fe698655a9,grpo_mass_pc,operational,0.0,0.0,,0,0,16
50e0c2fe698655a9,grpo_mass_pc,strict,0.0,0.0,,0,0,0
e91a2d26f30e5b34,score,operational,0.0,0.0,,0,0,15
e91a2d26f30e5b34,score,strict,0.0,0.0,,0,0,15
e91a2d26f30e5b34,pareto,operational,0.0,0.0,,0,0,15
e91a2d26f30e5b34,pareto,strict,0.0,0.0,,0,0,15
e91a2d26f30e5b34,gt_geometry,operational,0.0,0.0,,0,0,9
e91a2d26f30e5b34,gt_geometry,strict,0.0,0.0,,0,0,9
e91a2d26f30e5b34,grpo_mass_pc,operational,0.0,0.0,,0,0,15
e91a2d26f30e5b34,grpo_mass_pc,strict,0.0,0.0,,0,0,0
c8b4c92530f15b8e,score,operational,0.0,0.0,,0,0,16
c8b4c92530f15b8e,score,strict,0.0,0.0,,0,0,16
c8b4c92530f15b8e,pareto,operational,0.0,0.0,,0,0,16
c8b4c92530f15b8e,pareto,strict,0.0,0.0,,0,0,16
c8b4c92530f15b8e,gt_geometry,operational,0.0,0.0,,0,0,12
c8b4c92530f15b8e,gt_geometry,strict,0.0,0.0,,0,0,12
c8b4c92530f15b8e,grpo_mass_pc,operational,0.0,0.0,,0,0,16
c8b4c92530f15b8e,grpo_mass_pc,strict,0.0,0.0,,0,0,0
3d2dded3370e5d2f,score,operational,0.0,0.0,,0,0,15
3d2dded3370e5d2f,score,strict,0.0,0.0,,0,0,15
3d2dded3370e5d2f,pareto,operational,0.0,0.0,,0,0,15
3d2dded3370e5d2f,pareto,strict,0.0,0.0,,0,0,15
3d2dded3370e5d2f,gt_geometry,operational,0.0,0.0,,0,0,13
3d2dded3370e5d2f,gt_geometry,strict,0.0,0.0,,0,0,13
3d2dded3370e5d2f,grpo_mass_pc,operational,0.0,0.0,,0,0,15
3d2dded3370e5d2f,grpo_mass_pc,strict,0.0,0.0,,0,0,0
1361ba1955125852,score,operational,0.0,0.0,,0,0,15
1361ba1955125852,score,strict,0.0,0.0,,0,0,15
1361ba1955125852,pareto,operational,0.0,0.0,,0,0,15
1361ba1955125852,pareto,strict,0.0,0.0,,0,0,15
1361ba1955125852,gt_geometry,operational,0.0,0.0,,0,0,11
1361ba1955125852,gt_geometry,strict,0.0,0.0,,0,0,11
1361ba1955125852,grpo_mass_pc,operational,0.0,0.0,,0,0,15
1361ba1955125852,grpo_mass_pc,strict,0.0,0.0,,0,0,0
b78f23cd3a155154,score,operational,0.0,0.0,,0,0,16
b78f23cd3a155154,score,strict,0.0,0.0,,0,0,16
b78f23cd3a155154,pareto,operational,0.0,0.0,,0,0,16
b78f23cd3a155154,pareto,strict,0.0,0.0,,0,0,16
b78f23cd3a155154,gt_geometry,operational,0.0,0.0,,0,0,11
b78f23cd3a155154,gt_geometry,strict,0.0,0.0,,0,0,11
b78f23cd3a155154,grpo_mass_pc,operational,0.0,0.0,,0,0,16
b78f23cd3a155154,grpo_mass_pc,strict,0.0,0.0,,0,0,0
25652aabb1615c8d,score,operational,0.0,0.0,,0,0,16
25652aabb1615c8d,score,strict,0.0,0.0,,0,0,16
25652aabb1615c8d,pareto,operational,0.0,0.0,,0,0,16
25652aabb1615c8d,pareto,strict,0.0,0.0,,0,0,16
25652aabb1615c8d,gt_geometry,operational,0.0,0.0,,0,0,16
25652aabb1615c8d,gt_geometry,strict,0.0,0.0,,0,0,16
25652aabb1615c8d,grpo_mass_pc,operational,0.0,0.0,,0,0,16
25652aabb1615c8d,grpo_mass_pc,strict,0.0,0.0,,0,0,0
3623f8728153513d,score,operational,0.0,0.0,,0,0,15
3623f8728153513d,score,strict,0.0,0.0,,0,0,15
3623f8728153513d,pareto,operational,0.0,0.0,,0,0,15
3623f8728153513d,pareto,strict,0.0,0.0,,0,0,15
3623f8728153513d,gt_geometry,operational,0.0,0.0,,0,0,13
3623f8728153513d,gt_geometry,strict,0.0,0.0,,0,0,13
3623f8728153513d,grpo_mass_pc,operational,0.0,0.0,,0,0,15
3623f8728153513d,grpo_mass_pc,strict,0.0,0.0,,0,0,0
9288a151789f507b,score,operational,0.0,0.0,,0,0,16
9288a151789f507b,score,strict,0.0,0.0,,0,0,16
9288a151789f507b,pareto,operational,0.0,0.0,,0,0,16
9288a151789f507b,pareto,strict,0.0,0.0,,0,0,16
9288a151789f507b,gt_geometry,operational,0.0,0.0,,0,0,11
9288a151789f507b,gt_geometry,strict,0.0,0.0,,0,0,11
9288a151789f507b,grpo_mass_pc,operational,0.0,0.0,,0,0,16
9288a151789f507b,grpo_mass_pc,strict,0.0,0.0,,0,0,0
e671280656f55009,score,operational,0.0,0.0,,0,0,14
e671280656f55009,score,strict,0.0,0.0,,0,0,14
e671280656f55009,pareto,operational,0.0,0.0,,0,0,15
e671280656f55009,pareto,strict,0.0,0.0,,0,0,15
e671280656f55009,gt_geometry,operational,0.0,0.0,,0,0,11
e671280656f55009,gt_geometry,strict,0.0,0.0,,0,0,11
e671280656f55009,grpo_mass_pc,operational,0.0,0.0,,0,0,14
e671280656f55009,grpo_mass_pc,strict,0.0,0.0,,0,0,0
48cf36e2f3e15071,score,operational,0.0,0.0,,0,0,16
48cf36e2f3e15071,score,strict,0.0,0.0,,0,0,16
48cf36e2f3e15071,pareto,operational,0.0,0.0,,0,0,16
48cf36e2f3e15071,pareto,strict,0.0,0.0,,0,0,16
48cf36e2f3e15071,gt_geometry,operational,0.0,0.0,,0,0,16
48cf36e2f3e15071,gt_geometry,strict,0.0,0.0,,0,0,16
48cf36e2f3e15071,grpo_mass_pc,operational,0.0,0.0,,0,0,16
48cf36e2f3e15071,grpo_mass_pc,strict,0.0,0.0,,0,0,0
4acdad2d68815972,score,operational,0.0,0.0,,0,0,16
4acdad2d68815972,score,strict,0.0,0.0,,0,0,16
4acdad2d68815972,pareto,operational,0.0,0.0,,0,0,16
4acdad2d68815972,pareto,strict,0.0,0.0,,0,0,16
4acdad2d68815972,gt_geometry,operational,0.0,0.0,,0,0,13
4acdad2d68815972,gt_geometry,strict,0.0,0.0,,0,0,13
4acdad2d68815972,grpo_mass_pc,operational,0.0,0.0,,0,0,16
4acdad2d68815972,grpo_mass_pc,strict,0.0,0.0,,0,0,0
b35fe1e3a6d857e7,score,operational,0.0,0.0,,0,0,16
b35fe1e3a6d857e7,score,strict,0.0,0.0,,0,0,16
b35fe1e3a6d857e7,pareto,operational,0.0,0.0,,0,0,16
b35fe1e3a6d857e7,pareto,strict,0.0,0.0,,0,0,16
b35fe1e3a6d857e7,gt_geometry,operational,0.0,0.0,,0,0,16
b35fe1e3a6d857e7,gt_geometry,strict,0.0,0.0,,0,0,16
b35fe1e3a6d857e7,grpo_mass_pc,operational,0.0,0.0,,0,0,16
b35fe1e3a6d857e7,grpo_mass_pc,strict,0.0,0.0,,0,0,0
095eafbb5c8f5b02,score,operational,0.0,0.0,,0,0,16
095eafbb5c8f5b02,score,strict,0.0,0.0,,0,0,16
095eafbb5c8f5b02,pareto,operational,0.0,0.0,,0,0,16
095eafbb5c8f5b02,pareto,strict,0.0,0.0,,0,0,16
095eafbb5c8f5b02,gt_geometry,operational,0.0,0.0,,0,0,14
095eafbb5c8f5b02,gt_geometry,strict,0.0,0.0,,0,0,14
095eafbb5c8f5b02,grpo_mass_pc,operational,0.0,0.0,,0,0,16
095eafbb5c8f5b02,grpo_mass_pc,strict,0.0,0.0,,0,0,0
6f3254ac0fb25c0e,score,operational,0.0,0.0,,0,0,16
6f3254ac0fb25c0e,score,strict,0.0,0.0,,0,0,16
6f3254ac0fb25c0e,pareto,operational,0.0,0.0,,0,0,16
6f3254ac0fb25c0e,pareto,strict,0.0,0.0,,0,0,16
6f3254ac0fb25c0e,gt_geometry,operational,0.001953125,0.001953125,,0,0,14
6f3254ac0fb25c0e,gt_geometry,strict,0.001953125,0.001953125,,0,0,14
6f3254ac0fb25c0e,grpo_mass_pc,operational,0.0,0.0,,0,0,16
6f3254ac0fb25c0e,grpo_mass_pc,strict,0.0,0.0,,0,0,0
846947c0d14c5705,score,operational,0.0,0.0,,0,0,14
846947c0d14c5705,score,strict,0.0,0.0,,0,0,14
846947c0d14c5705,pareto,operational,0.0,0.0,,0,0,15
846947c0d14c5705,pareto,strict,0.0,0.0,,0,0,15
846947c0d14c5705,gt_geometry,operational,0.0,0.0,,0,0,13
846947c0d14c5705,gt_geometry,strict,0.0,0.0,,0,0,13
846947c0d14c5705,grpo_mass_pc,operational,0.0,0.0,,0,0,14
846947c0d14c5705,grpo_mass_pc,strict,0.0,0.0,,0,0,0
da088bb9d4fb5d0e,score,operational,0.0,0.0,,0,0,16
da088bb9d4fb5d0e,score,strict,0.0,0.0,,0,0,16
da088bb9d4fb5d0e,pareto,operational,0.0,0.0,,0,0,16
da088bb9d4fb5d0e,pareto,strict,0.0,0.0,,0,0,16
da088bb9d4fb5d0e,gt_geometry,operational,0.0,0.0,,0,0,12
da088bb9d4fb5d0e,gt_geometry,strict,0.0,0.0,,0,0,12
da088bb9d4fb5d0e,grpo_mass_pc,operational,0.0,0.0,,0,0,16
da088bb9d4fb5d0e,grpo_mass_pc,strict,0.0,0.0,,0,0,0
2d6b6f9cbf895767,score,operational,0.0,0.0,,0,0,16
2d6b6f9cbf895767,score,strict,0.0,0.0,,0,0,16
2d6b6f9cbf895767,pareto,operational,0.0,0.0,,0,0,16
2d6b6f9cbf895767,pareto,strict,0.0,0.0,,0,0,16
2d6b6f9cbf895767,gt_geometry,operational,0.0,0.0,,0,0,9
2d6b6f9cbf895767,gt_geometry,strict,0.0,0.0,,0,0,9
2d6b6f9cbf895767,grpo_mass_pc,operational,0.0,0.0,,0,0,16
2d6b6f9cbf895767,grpo_mass_pc,strict,0.0,0.0,,0,0,0
2b6a3141bbd95909,score,operational,0.0,0.0,,0,0,16
2b6a3141bbd95909,score,strict,0.0,0.0,,0,0,16
2b6a3141bbd95909,pareto,operational,0.0,0.0,,0,0,16
2b6a3141bbd95909,pareto,strict,0.0,0.0,,0,0,16
2b6a3141bbd95909,gt_geometry,operational,0.0,0.0,,0,0,16
2b6a3141bbd95909,gt_geometry,strict,0.0,0.0,,0,0,16
2b6a3141bbd95909,grpo_mass_pc,operational,0.0,0.0,,0,0,16
2b6a3141bbd95909,grpo_mass_pc,strict,0.0,0.0,,0,0,0
c565fc593f9e5fad,score,operational,0.0,0.0,,0,0,16
c565fc593f9e5fad,score,strict,0.0,0.0,,0,0,16
c565fc593f9e5fad,pareto,operational,0.0,0.0,,0,0,16
c565fc593f9e5fad,pareto,strict,0.0,0.0,,0,0,16
c565fc593f9e5fad,gt_geometry,operational,0.0,0.0,,0,0,16
c565fc593f9e5fad,gt_geometry,strict,0.0,0.0,,0,0,16
c565fc593f9e5fad,grpo_mass_pc,operational,0.0,0.0,,0,0,16
c565fc593f9e5fad,grpo_mass_pc,strict,0.0,0.0,,0,0,0
2b62f0fd336e5ce1,score,operational,0.0,0.0,,0,0,12
2b62f0fd336e5ce1,score,strict,0.0,0.0,,0,0,12
2b62f0fd336e5ce1,pareto,operational,0.0,0.0,,0,0,15
2b62f0fd336e5ce1,pareto,strict,0.0,0.0,,0,0,15
2b62f0fd336e5ce1,gt_geometry,operational,0.0,0.0,,0,0,9
2b62f0fd336e5ce1,gt_geometry,strict,0.0,0.0,,0,0,9
2b62f0fd336e5ce1,grpo_mass_pc,operational,0.0,0.0,,0,0,12
2b62f0fd336e5ce1,grpo_mass_pc,strict,0.0,0.0,,0,0,0
4521af05098b5726,score,operational,0.0,0.0,,0,0,15
4521af05098b5726,score,strict,0.0,0.0,,0,0,15
4521af05098b5726,pareto,operational,0.0,0.0,,0,0,15
4521af05098b5726,pareto,strict,0.0,0.0,,0,0,15
4521af05098b5726,gt_geometry,operational,0.0,0.0,,0,0,13
4521af05098b5726,gt_geometry,strict,0.0,0.0,,0,0,13
4521af05098b5726,grpo_mass_pc,operational,0.0,0.0,,0,0,15
4521af05098b5726,grpo_mass_pc,strict,0.0,0.0,,0,0,0
4cf79f853daa5e18,score,operational,0.0,0.0,,0,0,16
4cf79f853daa5e18,score,strict,0.0,0.0,,0,0,16
4cf79f853daa5e18,pareto,operational,0.0,0.0,,0,0,16
4cf79f853daa5e18,pareto,strict,0.0,0.0,,0,0,16
4cf79f853daa5e18,gt_geometry,operational,0.0,0.0,,0,0,16
4cf79f853daa5e18,gt_geometry,strict,0.0,0.0,,0,0,16
4cf79f853daa5e18,grpo_mass_pc,operational,0.0,0.0,,0,0,16
4cf79f853daa5e18,grpo_mass_pc,strict,0.0,0.0,,0,0,0
91c9748ec36d552e,score,operational,0.0,0.0,,0,0,13
91c9748ec36d552e,score,strict,0.0,0.0,,0,0,13
91c9748ec36d552e,pareto,operational,0.0,0.0,,0,0,14
91c9748ec36d552e,pareto,strict,0.0,0.0,,0,0,14
91c9748ec36d552e,gt_geometry,operational,0.0,0.0,,0,0,12
91c9748ec36d552e,gt_geometry,strict,0.0,0.0,,0,0,12
91c9748ec36d552e,grpo_mass_pc,operational,0.0,0.0,,0,0,13
91c9748ec36d552e,grpo_mass_pc,strict,0.0,0.0,,0,0,0
b74282046c9b5e26,score,operational,0.0,0.0,,0,0,16
b74282046c9b5e26,score,strict,0.0,0.0,,0,0,16
b74282046c9b5e26,pareto,operational,0.0,0.0,,0,0,16
b74282046c9b5e26,pareto,strict,0.0,0.0,,0,0,16
b74282046c9b5e26,gt_geometry,operational,0.0,0.0,,0,0,12
b74282046c9b5e26,gt_geometry,strict,0.0,0.0,,0,0,12
b74282046c9b5e26,grpo_mass_pc,operational,0.0,0.0,,0,0,16
b74282046c9b5e26,grpo_mass_pc,strict,0.0,0.0,,0,0,0
9b2f62944222523c,score,operational,0.0,0.0,,0,0,16
9b2f62944222523c,score,strict,0.0,0.0,,0,0,16
9b2f62944222523c,pareto,operational,0.0,0.0,,0,0,16
9b2f62944222523c,pareto,strict,0.0,0.0,,0,0,16
9b2f62944222523c,gt_geometry,operational,0.0009765625,0.0009765625,,0,0,16
9b2f62944222523c,gt_geometry,strict,0.0009765625,0.0009765625,,0,0,16
9b2f62944222523c,grpo_mass_pc,operational,0.0,0.0,,0,0,16
9b2f62944222523c,grpo_mass_pc,strict,0.0,0.0,,0,0,0
b4e37918a3075f27,score,operational,0.0,0.0,,0,0,14
b4e37918a3075f27,score,strict,0.0,0.0,,0,0,14
b4e37918a3075f27,pareto,operational,0.0,0.0,,0,0,14
b4e37918a3075f27,pareto,strict,0.0,0.0,,0,0,14
b4e37918a3075f27,gt_geometry,operational,0.0,0.0,,0,0,13
b4e37918a3075f27,gt_geometry,strict,0.0,0.0,,0,0,13
b4e37918a3075f27,grpo_mass_pc,operational,0.0,0.0,,0,0,14
b4e37918a3075f27,grpo_mass_pc,strict,0.0,0.0,,0,0,0
172b3176b06c5658,score,operational,0.0,0.0,,0,0,16
172b3176b06c5658,score,strict,0.0,0.0,,0,0,16
172b3176b06c5658,pareto,operational,0.0,0.0,,0,0,16
172b3176b06c5658,pareto,strict,0.0,0.0,,0,0,16
172b3176b06c5658,gt_geometry,operational,0.0,0.0,,0,0,16
172b3176b06c5658,gt_geometry,strict,0.0,0.0,,0,0,16
172b3176b06c5658,grpo_mass_pc,operational,0.0,0.0,,0,0,16
172b3176b06c5658,grpo_mass_pc,strict,0.0,0.0,,0,0,0
29c1d95389d45573,score,operational,0.0,0.0,,0,0,15
29c1d95389d45573,score,strict,0.0,0.0,,0,0,15
29c1d95389d45573,pareto,operational,0.0,0.0,,0,0,15
29c1d95389d45573,pareto,strict,0.0,0.0,,0,0,15
29c1d95389d45573,gt_geometry,operational,0.0,0.0,,0,0,14
29c1d95389d45573,gt_geometry,strict,0.0,0.0,,0,0,14
29c1d95389d45573,grpo_mass_pc,operational,0.0,0.0,,0,0,15
29c1d95389d45573,grpo_mass_pc,strict,0.0,0.0,,0,0,0
03925cda82c35516,score,operational,0.0,0.0,,0,0,13
03925cda82c35516,score,strict,0.0,0.0,,0,0,13
03925cda82c35516,pareto,operational,0.0,0.0,,0,0,13
03925cda82c35516,pareto,strict,0.0,0.0,,0,0,13
03925cda82c35516,gt_geometry,operational,0.0,0.0,,0,0,12
03925cda82c35516,gt_geometry,strict,0.0,0.0,,0,0,12
03925cda82c35516,grpo_mass_pc,operational,0.0,0.0,,0,0,13
03925cda82c35516,grpo_mass_pc,strict,0.0,0.0,,0,0,0
8f24138692dc51a0,score,operational,0.0,0.0,,0,0,16
8f24138692dc51a0,score,strict,0.0,0.0,,0,0,16
8f24138692dc51a0,pareto,operational,0.0,0.0,,0,0,16
8f24138692dc51a0,pareto,strict,0.0,0.0,,0,0,16
8f24138692dc51a0,gt_geometry,operational,0.0,0.0,,0,0,15
8f24138692dc51a0,gt_geometry,strict,0.0,0.0,,0,0,15
8f24138692dc51a0,grpo_mass_pc,operational,0.0,0.0,,0,0,16
8f24138692dc51a0,grpo_mass_pc,strict,0.0,0.0,,0,0,0
e4bc6fc5aeb15a9b,score,operational,0.0,0.0,,0,0,16
e4bc6fc5aeb15a9b,score,strict,0.0,0.0,,0,0,16
e4bc6fc5aeb15a9b,pareto,operational,0.0,0.0,,0,0,16
e4bc6fc5aeb15a9b,pareto,strict,0.0,0.0,,0,0,16
e4bc6fc5aeb15a9b,gt_geometry,operational,0.0,0.0,,0,0,12
e4bc6fc5aeb15a9b,gt_geometry,strict,0.0,0.0,,0,0,12
e4bc6fc5aeb15a9b,grpo_mass_pc,operational,0.0,0.0,,0,0,16
e4bc6fc5aeb15a9b,grpo_mass_pc,strict,0.0,0.0,,0,0,0
58e62444275353ac,score,operational,0.0,0.0,,0,0,16
58e62444275353ac,score,strict,0.0,0.0,,0,0,16
58e62444275353ac,pareto,operational,0.0,0.0,,0,0,16
58e62444275353ac,pareto,strict,0.0,0.0,,0,0,16
58e62444275353ac,gt_geometry,operational,0.0,0.0,,0,0,13
58e62444275353ac,gt_geometry,strict,0.0,0.0,,0,0,13
58e62444275353ac,grpo_mass_pc,operational,0.0,0.0,,0,0,16
58e62444275353ac,grpo_mass_pc,strict,0.0,0.0,,0,0,0
b4929fe228725c94,score,operational,0.0,0.0,,0,0,16
b4929fe228725c94,score,strict,0.0,0.0,,0,0,16
b4929fe228725c94,pareto,operational,0.0,0.0,,0,0,16
b4929fe228725c94,pareto,strict,0.0,0.0,,0,0,16
b4929fe228725c94,gt_geometry,operational,0.0,0.0,,0,0,12
b4929fe228725c94,gt_geometry,strict,0.0,0.0,,0,0,12
b4929fe228725c94,grpo_mass_pc,operational,0.0,0.0,,0,0,16
b4929fe228725c94,grpo_mass_pc,strict,0.0,0.0,,0,0,0
9703fd67a8ba55e3,score,operational,0.0,0.0,,0,0,16
9703fd67a8ba55e3,score,strict,0.0,0.0,,0,0,16
9703fd67a8ba55e3,pareto,operational,0.0,0.0,,0,0,16
9703fd67a8ba55e3,pareto,strict,0.0,0.0,,0,0,16
9703fd67a8ba55e3,gt_geometry,operational,0.0009765625,0.0009765625,,0,0,13
9703fd67a8ba55e3,gt_geometry,strict,0.0009765625,0.0009765625,,0,0,13
9703fd67a8ba55e3,grpo_mass_pc,operational,0.0,0.0,,0,0,16
9703fd67a8ba55e3,grpo_mass_pc,strict,0.0,0.0,,0,0,0
21ef5641389c54b2,score,operational,0.0,0.0,,0,0,16
21ef5641389c54b2,score,strict,0.0,0.0,,0,0,16
21ef5641389c54b2,pareto,operational,0.0,0.0,,0,0,16
21ef5641389c54b2,pareto,strict,0.0,0.0,,0,0,16
21ef5641389c54b2,gt_geometry,operational,0.0,0.0,,0,0,16
21ef5641389c54b2,gt_geometry,strict,0.0,0.0,,0,0,16
21ef5641389c54b2,grpo_mass_pc,operational,0.0,0.0,,0,0,16
21ef5641389c54b2,grpo_mass_pc,strict,0.0,0.0,,0,0,0
1672f5b30038519f,score,operational,0.0,0.0,,0,0,16
1672f5b30038519f,score,strict,0.0,0.0,,0,0,16
1672f5b30038519f,pareto,operational,0.0,0.0,,0,0,16
1672f5b30038519f,pareto,strict,0.0,0.0,,0,0,16
1672f5b30038519f,gt_geometry,operational,0.0,0.0,,0,0,11
1672f5b30038519f,gt_geometry,strict,0.0,0.0,,0,0,11
1672f5b30038519f,grpo_mass_pc,operational,0.0,0.0,,0,0,16
1672f5b30038519f,grpo_mass_pc,strict,0.0,0.0,,0,0,0
50865b0784fc566d,score,operational,0.0,0.0,,0,0,16
50865b0784fc566d,score,strict,0.0,0.0,,0,0,16
50865b0784fc566d,pareto,operational,0.0,0.0,,0,0,16
50865b0784fc566d,pareto,strict,0.0,0.0,,0,0,16
50865b0784fc566d,gt_geometry,operational,0.0,0.0,,0,0,10
50865b0784fc566d,gt_geometry,strict,0.0,0.0,,0,0,10
50865b0784fc566d,grpo_mass_pc,operational,0.0,0.0,,0,0,16
50865b0784fc566d,grpo_mass_pc,strict,0.0,0.0,,0,0,0
a4cf3a412034565a,score,operational,0.0,0.0,,0,0,16
a4cf3a412034565a,score,strict,0.0,0.0,,0,0,16
a4cf3a412034565a,pareto,operational,0.0,0.0,,0,0,16
a4cf3a412034565a,pareto,strict,0.0,0.0,,0,0,16
a4cf3a412034565a,gt_geometry,operational,0.0,0.0,,0,0,16
a4cf3a412034565a,gt_geometry,strict,0.0,0.0,,0,0,16
a4cf3a412034565a,grpo_mass_pc,operational,0.0,0.0,,0,0,16
a4cf3a412034565a,grpo_mass_pc,strict,0.0,0.0,,0,0,0
1295232b65bf5f8d,score,operational,0.0,0.0,,0,0,16
1295232b65bf5f8d,score,strict,0.0,0.0,,0,0,16
1295232b65bf5f8d,pareto,operational,0.0,0.0,,0,0,16
1295232b65bf5f8d,pareto,strict,0.0,0.0,,0,0,16
1295232b65bf5f8d,gt_geometry,operational,0.0,0.0,,0,0,13
1295232b65bf5f8d,gt_geometry,strict,0.0,0.0,,0,0,13
1295232b65bf5f8d,grpo_mass_pc,operational,0.0,0.0,,0,0,16
1295232b65bf5f8d,grpo_mass_pc,strict,0.0,0.0,,0,0,0
7ecb22e3bba55b12,score,operational,0.0,0.0,,0,0,16
7ecb22e3bba55b12,score,strict,0.0,0.0,,0,0,16
7ecb22e3bba55b12,pareto,operational,0.0,0.0,,0,0,16
7ecb22e3bba55b12,pareto,strict,0.0,0.0,,0,0,16
7ecb22e3bba55b12,gt_geometry,operational,0.0,0.0,,0,0,12
7ecb22e3bba55b12,gt_geometry,strict,0.0,0.0,,0,0,12
7ecb22e3bba55b12,grpo_mass_pc,operational,0.0,0.0,,0,0,16
7ecb22e3bba55b12,grpo_mass_pc,strict,0.0,0.0,,0,0,0
6b7469c8e2195492,score,operational,0.0,0.0,,0,0,14
6b7469c8e2195492,score,strict,0.0,0.0,,0,0,14
6b7469c8e2195492,pareto,operational,0.0,0.0,,0,0,14
6b7469c8e2195492,pareto,strict,0.0,0.0,,0,0,14
6b7469c8e2195492,gt_geometry,operational,0.0,0.0,,0,0,14
6b7469c8e2195492,gt_geometry,strict,0.0,0.0,,0,0,14
6b7469c8e2195492,grpo_mass_pc,operational,0.0,0.0,,0,0,14
6b7469c8e2195492,grpo_mass_pc,strict,0.0,0.0,,0,0,0
5ed66db305a55f73,score,operational,0.0,0.0,,0,0,16
5ed66db305a55f73,score,strict,0.0,0.0,,0,0,16
5ed66db305a55f73,pareto,operational,0.0,0.0,,0,0,16
5ed66db305a55f73,pareto,strict,0.0,0.0,,0,0,16
5ed66db305a55f73,gt_geometry,operational,0.0,0.0,,0,0,10
5ed66db305a55f73,gt_geometry,strict,0.0,0.0,,0,0,10
5ed66db305a55f73,grpo_mass_pc,operational,0.0,0.0,,0,0,16
5ed66db305a55f73,grpo_mass_pc,strict,0.0,0.0,,0,0,0
0b8065082f3a5b3b,score,operational,0.0,0.0,,0,0,16
0b8065082f3a5b3b,score,strict,0.0,0.0,,0,0,16
0b8065082f3a5b3b,pareto,operational,0.0,0.0,,0,0,16
0b8065082f3a5b3b,pareto,strict,0.0,0.0,,0,0,16
0b8065082f3a5b3b,gt_geometry,operational,0.0,0.0,,0,0,16
0b8065082f3a5b3b,gt_geometry,strict,0.0,0.0,,0,0,16
0b8065082f3a5b3b,grpo_mass_pc,operational,0.0,0.0,,0,0,16
0b8065082f3a5b3b,grpo_mass_pc,strict,0.0,0.0,,0,0,0
40d00a52b5345430,score,operational,0.0,0.0,,0,0,16
40d00a52b5345430,score,strict,0.0,0.0,,0,0,16
40d00a52b5345430,pareto,operational,0.0,0.0,,0,0,16
40d00a52b5345430,pareto,strict,0.0,0.0,,0,0,16
40d00a52b5345430,gt_geometry,operational,0.0,0.0,,0,0,16
40d00a52b5345430,gt_geometry,strict,0.0,0.0,,0,0,16
40d00a52b5345430,grpo_mass_pc,operational,0.0,0.0,,0,0,16
40d00a52b5345430,grpo_mass_pc,strict,0.0,0.0,,0,0,0
2c274b54e82b55e7,score,operational,0.0,0.0,,0,0,15
2c274b54e82b55e7,score,strict,0.0,0.0,,0,0,15
2c274b54e82b55e7,pareto,operational,0.0,0.0,,0,0,15
2c274b54e82b55e7,pareto,strict,0.0,0.0,,0,0,15
2c274b54e82b55e7,gt_geometry,operational,0.0,0.0,,0,0,13
2c274b54e82b55e7,gt_geometry,strict,0.0,0.0,,0,0,13
2c274b54e82b55e7,grpo_mass_pc,operational,0.0,0.0,,0,0,15
2c274b54e82b55e7,grpo_mass_pc,strict,0.0,0.0,,0,0,0
2f7f18f806515128,score,operational,0.0009765625,0.0009765625,,0,0,14
2f7f18f806515128,score,strict,0.0009765625,0.0009765625,,0,0,14
2f7f18f806515128,pareto,operational,0.0009765625,0.0009765625,,0,0,14
2f7f18f806515128,pareto,strict,0.0009765625,0.0009765625,,0,0,14
2f7f18f806515128,gt_geometry,operational,0.0009765625,0.0009765625,,0,0,14
2f7f18f806515128,gt_geometry,strict,0.0009765625,0.0009765625,,0,0,14
2f7f18f806515128,grpo_mass_pc,operational,0.0009765625,0.0009765625,,0,0,14
2f7f18f806515128,grpo_mass_pc,strict,0.0,0.0,,0,0,0
daaed109e7eb5f66,score,operational,0.0,0.0,,0,0,16
daaed109e7eb5f66,score,strict,0.0,0.0,,0,0,16
daaed109e7eb5f66,pareto,operational,0.0,0.0,,0,0,16
daaed109e7eb5f66,pareto,strict,0.0,0.0,,0,0,16
daaed109e7eb5f66,gt_geometry,operational,0.0,0.0,,0,0,10
daaed109e7eb5f66,gt_geometry,strict,0.0,0.0,,0,0,10
daaed109e7eb5f66,grpo_mass_pc,operational,0.0,0.0,,0,0,16
daaed109e7eb5f66,grpo_mass_pc,strict,0.0,0.0,,0,0,0
de9806cb0a2c53a3,score,operational,0.0,0.0,,0,0,15
de9806cb0a2c53a3,score,strict,0.0,0.0,,0,0,15
de9806cb0a2c53a3,pareto,operational,0.0,0.0,,0,0,15
de9806cb0a2c53a3,pareto,strict,0.0,0.0,,0,0,15
de9806cb0a2c53a3,gt_geometry,operational,0.0,0.0,,0,0,11
de9806cb0a2c53a3,gt_geometry,strict,0.0,0.0,,0,0,11
de9806cb0a2c53a3,grpo_mass_pc,operational,0.0,0.0,,0,0,15
de9806cb0a2c53a3,grpo_mass_pc,strict,0.0,0.0,,0,0,0
cd3f3ec4f0dc515f,score,operational,0.0,0.0,,0,0,16
cd3f3ec4f0dc515f,score,strict,0.0,0.0,,0,0,16
cd3f3ec4f0dc515f,pareto,operational,0.0,0.0,,0,0,16
cd3f3ec4f0dc515f,pareto,strict,0.0,0.0,,0,0,16
cd3f3ec4f0dc515f,gt_geometry,operational,0.0,0.0,,0,0,16
cd3f3ec4f0dc515f,gt_geometry,strict,0.0,0.0,,0,0,16
cd3f3ec4f0dc515f,grpo_mass_pc,operational,0.0,0.0,,0,0,16
cd3f3ec4f0dc515f,grpo_mass_pc,strict,0.0,0.0,,0,0,0
481b84c931245f5d,score,operational,0.0,0.0,,0,0,16
481b84c931245f5d,score,strict,0.0,0.0,,0,0,16
481b84c931245f5d,pareto,operational,0.0,0.0,,0,0,16
481b84c931245f5d,pareto,strict,0.0,0.0,,0,0,16
481b84c931245f5d,gt_geometry,operational,0.0,0.0,,0,0,10
481b84c931245f5d,gt_geometry,strict,0.0,0.0,,0,0,10
481b84c931245f5d,grpo_mass_pc,operational,0.0,0.0,,0,0,16
481b84c931245f5d,grpo_mass_pc,strict,0.0,0.0,,0,0,0
6aeb37c47f385f06,score,operational,0.0,0.0,,0,0,16
6aeb37c47f385f06,score,strict,0.0,0.0,,0,0,16
6aeb37c47f385f06,pareto,operational,0.0,0.0,,0,0,16
6aeb37c47f385f06,pareto,strict,0.0,0.0,,0,0,16
6aeb37c47f385f06,gt_geometry,operational,0.0,0.0,,0,0,16
6aeb37c47f385f06,gt_geometry,strict,0.0,0.0,,0,0,16
6aeb37c47f385f06,grpo_mass_pc,operational,0.0,0.0,,0,0,16
6aeb37c47f385f06,grpo_mass_pc,strict,0.0,0.0,,0,0,0
165b4475bd6b5188,score,operational,0.0,0.0,,0,0,15
165b4475bd6b5188,score,strict,0.0,0.0,,0,0,15
165b4475bd6b5188,pareto,operational,0.0,0.0,,0,0,15
165b4475bd6b5188,pareto,strict,0.0,0.0,,0,0,15
165b4475bd6b5188,gt_geometry,operational,0.0,0.0,,0,0,9
165b4475bd6b5188,gt_geometry,strict,0.0,0.0,,0,0,9
165b4475bd6b5188,grpo_mass_pc,operational,0.0,0.0,,0,0,15
165b4475bd6b5188,grpo_mass_pc,strict,0.0,0.0,,0,0,0
c5a1a4e21a4952b7,score,operational,0.0009765625,0.0,,0,0,16
c5a1a4e21a4952b7,score,strict,0.0009765625,0.0,,0,0,16
c5a1a4e21a4952b7,pareto,operational,0.0009765625,0.0,,0,0,16
c5a1a4e21a4952b7,pareto,strict,0.0009765625,0.0,,0,0,16
c5a1a4e21a4952b7,gt_geometry,operational,0.0009765625,0.0,,0,0,16
c5a1a4e21a4952b7,gt_geometry,strict,0.0009765625,0.0,,0,0,16
c5a1a4e21a4952b7,grpo_mass_pc,operational,0.0009765625,0.0,,0,0,16
c5a1a4e21a4952b7,grpo_mass_pc,strict,0.0,0.0,,0,0,0
aac897560e0f5dab,score,operational,0.0,0.0,,0,0,16
aac897560e0f5dab,score,strict,0.0,0.0,,0,0,16
aac897560e0f5dab,pareto,operational,0.0,0.0,,0,0,16
aac897560e0f5dab,pareto,strict,0.0,0.0,,0,0,16
aac897560e0f5dab,gt_geometry,operational,0.0,0.0,,0,0,13
aac897560e0f5dab,gt_geometry,strict,0.0,0.0,,0,0,13
aac897560e0f5dab,grpo_mass_pc,operational,0.0,0.0,,0,0,16
aac897560e0f5dab,grpo_mass_pc,strict,0.0,0.0,,0,0,0
1e66e2bddb1d5b49,score,operational,0.0,0.0,,0,0,16
1e66e2bddb1d5b49,score,strict,0.0,0.0,,0,0,16
1e66e2bddb1d5b49,pareto,operational,0.0,0.0,,0,0,16
1e66e2bddb1d5b49,pareto,strict,0.0,0.0,,0,0,16
1e66e2bddb1d5b49,gt_geometry,operational,0.0,0.0,,0,0,16
1e66e2bddb1d5b49,gt_geometry,strict,0.0,0.0,,0,0,16
1e66e2bddb1d5b49,grpo_mass_pc,operational,0.0,0.0,,0,0,16
1e66e2bddb1d5b49,grpo_mass_pc,strict,0.0,0.0,,0,0,0
dfdc23aed4e95e49,score,operational,0.0,0.0,,0,0,16
dfdc23aed4e95e49,score,strict,0.0,0.0,,0,0,16
dfdc23aed4e95e49,pareto,operational,0.0,0.0,,0,0,16
dfdc23aed4e95e49,pareto,strict,0.0,0.0,,0,0,16
dfdc23aed4e95e49,gt_geometry,operational,0.0,0.0,,0,0,16
dfdc23aed4e95e49,gt_geometry,strict,0.0,0.0,,0,0,16
dfdc23aed4e95e49,grpo_mass_pc,operational,0.0,0.0,,0,0,16
dfdc23aed4e95e49,grpo_mass_pc,strict,0.0,0.0,,0,0,0
49a1e581f3a35a49,score,operational,0.0,0.0,,0,0,16
49a1e581f3a35a49,score,strict,0.0,0.0,,0,0,16
49a1e581f3a35a49,pareto,operational,0.0,0.0,,0,0,16
49a1e581f3a35a49,pareto,strict,0.0,0.0,,0,0,16
49a1e581f3a35a49,gt_geometry,operational,0.0,0.0,,0,0,16
49a1e581f3a35a49,gt_geometry,strict,0.0,0.0,,0,0,16
49a1e581f3a35a49,grpo_mass_pc,operational,0.0,0.0,,0,0,16
49a1e581f3a35a49,grpo_mass_pc,strict,0.0,0.0,,0,0,0
9263d47ef82d5a88,score,operational,0.0,0.0,,0,0,16
9263d47ef82d5a88,score,strict,0.0,0.0,,0,0,16
9263d47ef82d5a88,pareto,operational,0.0,0.0,,0,0,16
9263d47ef82d5a88,pareto,strict,0.0,0.0,,0,0,16
9263d47ef82d5a88,gt_geometry,operational,0.0,0.0,,0,0,12
9263d47ef82d5a88,gt_geometry,strict,0.0,0.0,,0,0,12
9263d47ef82d5a88,grpo_mass_pc,operational,0.0,0.0,,0,0,16
9263d47ef82d5a88,grpo_mass_pc,strict,0.0,0.0,,0,0,0
c216554d4bd6519f,score,operational,0.0,0.0,,0,0,16
c216554d4bd6519f,score,strict,0.0,0.0,,0,0,16
c216554d4bd6519f,pareto,operational,0.0,0.0,,0,0,16
c216554d4bd6519f,pareto,strict,0.0,0.0,,0,0,16
c216554d4bd6519f,gt_geometry,operational,0.0,0.0,,0,0,14
c216554d4bd6519f,gt_geometry,strict,0.0,0.0,,0,0,14
c216554d4bd6519f,grpo_mass_pc,operational,0.0,0.0,,0,0,16
c216554d4bd6519f,grpo_mass_pc,strict,0.0,0.0,,0,0,0
0354be0727e25157,score,operational,0.0,0.0,,0,0,16
0354be0727e25157,score,strict,0.0,0.0,,0,0,16
0354be0727e25157,pareto,operational,0.0,0.0,,0,0,16
0354be0727e25157,pareto,strict,0.0,0.0,,0,0,16
0354be0727e25157,gt_geometry,operational,0.0009765625,0.0009765625,,0,0,10
0354be0727e25157,gt_geometry,strict,0.0009765625,0.0009765625,,0,0,10
0354be0727e25157,grpo_mass_pc,operational,0.0,0.0,,0,0,16
0354be0727e25157,grpo_mass_pc,strict,0.0,0.0,,0,0,0
26dfdbfcecfe50bd,score,operational,0.0009765625,0.0009765625,,0,0,16
26dfdbfcecfe50bd,score,strict,0.0009765625,0.0009765625,,0,0,16
26dfdbfcecfe50bd,pareto,operational,0.0009765625,0.0009765625,,0,0,16
26dfdbfcecfe50bd,pareto,strict,0.0009765625,0.0009765625,,0,0,16
26dfdbfcecfe50bd,gt_geometry,operational,0.0009765625,0.0009765625,,0,0,11
26dfdbfcecfe50bd,gt_geometry,strict,0.0009765625,0.0009765625,,0,0,11
26dfdbfcecfe50bd,grpo_mass_pc,operational,0.0009765625,0.0009765625,,0,0,16
26dfdbfcecfe50bd,grpo_mass_pc,strict,0.0,0.0,,0,0,0
cc3160abbcbb543a,score,operational,0.0,0.0,,0,0,16
cc3160abbcbb543a,score,strict,0.0,0.0,,0,0,16
cc3160abbcbb543a,pareto,operational,0.0,0.0,,0,0,16
cc3160abbcbb543a,pareto,strict,0.0,0.0,,0,0,16
cc3160abbcbb543a,gt_geometry,operational,0.0,0.0,,0,0,12
cc3160abbcbb543a,gt_geometry,strict,0.0,0.0,,0,0,12
cc3160abbcbb543a,grpo_mass_pc,operational,0.0,0.0,,0,0,16
cc3160abbcbb543a,grpo_mass_pc,strict,0.0,0.0,,0,0,0
fc696e1d378654d4,score,operational,0.0,0.0,,0,0,16
fc696e1d378654d4,score,strict,0.0,0.0,,0,0,16
fc696e1d378654d4,pareto,operational,0.0,0.0,,0,0,16
fc696e1d378654d4,pareto,strict,0.0,0.0,,0,0,16
fc696e1d378654d4,gt_geometry,operational,0.0,0.0,,0,0,16
fc696e1d378654d4,gt_geometry,strict,0.0,0.0,,0,0,16
fc696e1d378654d4,grpo_mass_pc,operational,0.0,0.0,,0,0,16
fc696e1d378654d4,grpo_mass_pc,strict,0.0,0.0,,0,0,0
3fa2f81cff025162,score,operational,0.0,0.0,,0,0,16
3fa2f81cff025162,score,strict,0.0,0.0,,0,0,16
3fa2f81cff025162,pareto,operational,0.0,0.0,,0,0,16
3fa2f81cff025162,pareto,strict,0.0,0.0,,0,0,16
3fa2f81cff025162,gt_geometry,operational,0.0,0.0,,0,0,16
3fa2f81cff025162,gt_geometry,strict,0.0,0.0,,0,0,16
3fa2f81cff025162,grpo_mass_pc,operational,0.0,0.0,,0,0,16
3fa2f81cff025162,grpo_mass_pc,strict,0.0,0.0,,0,0,0
1d0a4f1f6cbd5e38,score,operational,0.0,0.0,,0,0,16
1d0a4f1f6cbd5e38,score,strict,0.0,0.0,,0,0,16
1d0a4f1f6cbd5e38,pareto,operational,0.0,0.0,,0,0,16
1d0a4f1f6cbd5e38,pareto,strict,0.0,0.0,,0,0,16
1d0a4f1f6cbd5e38,gt_geometry,operational,0.0,0.0,,0,0,16
1d0a4f1f6cbd5e38,gt_geometry,strict,0.0,0.0,,0,0,16
1d0a4f1f6cbd5e38,grpo_mass_pc,operational,0.0,0.0,,0,0,16
1d0a4f1f6cbd5e38,grpo_mass_pc,strict,0.0,0.0,,0,0,0
eff59f39f085525f,score,operational,0.0,0.0,,0,0,13
eff59f39f085525f,score,strict,0.0,0.0,,0,0,13
eff59f39f085525f,pareto,operational,0.0,0.0,,0,0,13
eff59f39f085525f,pareto,strict,0.0,0.0,,0,0,13
eff59f39f085525f,gt_geometry,operational,0.0,0.0,,0,0,10
eff59f39f085525f,gt_geometry,strict,0.0,0.0,,0,0,10
eff59f39f085525f,grpo_mass_pc,operational,0.0,0.0,,0,0,13
eff59f39f085525f,grpo_mass_pc,strict,0.0,0.0,,0,0,0
984be293f9195416,score,operational,0.0,0.0,,0,0,16
984be293f9195416,score,strict,0.0,0.0,,0,0,16
984be293f9195416,pareto,operational,0.0,0.0,,0,0,16
984be293f9195416,pareto,strict,0.0,0.0,,0,0,16
984be293f9195416,gt_geometry,operational,0.0,0.0,,0,0,16
984be293f9195416,gt_geometry,strict,0.0,0.0,,0,0,16
984be293f9195416,grpo_mass_pc,operational,0.0,0.0,,0,0,16
984be293f9195416,grpo_mass_pc,strict,0.0,0.0,,0,0,0
b235c02d47915476,score,operational,0.0,0.0,,0,0,16
b235c02d47915476,score,strict,0.0,0.0,,0,0,16
b235c02d47915476,pareto,operational,0.0,0.0,,0,0,16
b235c02d47915476,pareto,strict,0.0,0.0,,0,0,16
b235c02d47915476,gt_geometry,operational,0.0,0.0,,0,0,13
b235c02d47915476,gt_geometry,strict,0.0,0.0,,0,0,13
b235c02d47915476,grpo_mass_pc,operational,0.0,0.0,,0,0,16
b235c02d47915476,grpo_mass_pc,strict,0.0,0.0,,0,0,0
3ac7810599d457a1,score,operational,0.0,0.0,,0,0,16
3ac7810599d457a1,score,strict,0.0,0.0,,0,0,16
3ac7810599d457a1,pareto,operational,0.0,0.0,,0,0,16
3ac7810599d457a1,pareto,strict,0.0,0.0,,0,0,16
3ac7810599d457a1,gt_geometry,operational,0.0,0.0,,0,0,16
3ac7810599d457a1,gt_geometry,strict,0.0,0.0,,0,0,16
3ac7810599d457a1,grpo_mass_pc,operational,0.0,0.0,,0,0,16
3ac7810599d457a1,grpo_mass_pc,strict,0.0,0.0,,0,0,0
682378d23c335e89,score,operational,0.0,0.0,,0,0,16
682378d23c335e89,score,strict,0.0,0.0,,0,0,16
682378d23c335e89,pareto,operational,0.0,0.0,,0,0,16
682378d23c335e89,pareto,strict,0.0,0.0,,0,0,16
682378d23c335e89,gt_geometry,operational,0.0,0.0,,0,0,12
682378d23c335e89,gt_geometry,strict,0.0,0.0,,0,0,12
682378d23c335e89,grpo_mass_pc,operational,0.0,0.0,,0,0,16
682378d23c335e89,grpo_mass_pc,strict,0.0,0.0,,0,0,0
73b4b5fcc5e55858,score,operational,0.0,0.0,,0,0,16
73b4b5fcc5e55858,score,strict,0.0,0.0,,0,0,16
73b4b5fcc5e55858,pareto,operational,0.0,0.0,,0,0,16
73b4b5fcc5e55858,pareto,strict,0.0,0.0,,0,0,16
73b4b5fcc5e55858,gt_geometry,operational,0.0,0.0,,0,0,16
73b4b5fcc5e55858,gt_geometry,strict,0.0,0.0,,0,0,16
73b4b5fcc5e55858,grpo_mass_pc,operational,0.0,0.0,,0,0,16
73b4b5fcc5e55858,grpo_mass_pc,strict,0.0,0.0,,0,0,0
6f31d072740b5885,score,operational,0.0009765625,0.0009765625,,0,0,12
6f31d072740b5885,score,strict,0.0009765625,0.0009765625,,0,0,12
6f31d072740b5885,pareto,operational,0.0009765625,0.0009765625,,0,0,12
6f31d072740b5885,pareto,strict,0.0009765625,0.0009765625,,0,0,12
6f31d072740b5885,gt_geometry,operational,0.0009765625,0.0009765625,,0,0,11
6f31d072740b5885,gt_geometry,strict,0.0009765625,0.0009765625,,0,0,11
6f31d072740b5885,grpo_mass_pc,operational,0.0009765625,0.0009765625,,0,0,12
6f31d072740b5885,grpo_mass_pc,strict,0.0,0.0,,0,0,0
305b1bf4e7f45522,score,operational,0.0,0.0,,0,0,16
305b1bf4e7f45522,score,strict,0.0,0.0,,0,0,16
305b1bf4e7f45522,pareto,operational,0.0,0.0,,0,0,16
305b1bf4e7f45522,pareto,strict,0.0,0.0,,0,0,16
305b1bf4e7f45522,gt_geometry,operational,0.0,0.0,,0,0,11
305b1bf4e7f45522,gt_geometry,strict,0.0,0.0,,0,0,11
305b1bf4e7f45522,grpo_mass_pc,operational,0.0,0.0,,0,0,16
305b1bf4e7f45522,grpo_mass_pc,strict,0.0,0.0,,0,0,0
42d309d92a3a59c0,score,operational,0.0,0.0,,0,0,16
42d309d92a3a59c0,score,strict,0.0,0.0,,0,0,16
42d309d92a3a59c0,pareto,operational,0.0,0.0,,0,0,16
42d309d92a3a59c0,pareto,strict,0.0,0.0,,0,0,16
42d309d92a3a59c0,gt_geometry,operational,0.0,0.0,,0,0,11
42d309d92a3a59c0,gt_geometry,strict,0.0,0.0,,0,0,11
42d309d92a3a59c0,grpo_mass_pc,operational,0.0,0.0,,0,0,16
42d309d92a3a59c0,grpo_mass_pc,strict,0.0,0.0,,0,0,0
af16ba268df55dca,score,operational,0.0,0.0,,0,0,16
af16ba268df55dca,score,strict,0.0,0.0,,0,0,16
af16ba268df55dca,pareto,operational,0.0,0.0,,0,0,16
af16ba268df55dca,pareto,strict,0.0,0.0,,0,0,16
af16ba268df55dca,gt_geometry,operational,0.0,0.0,,0,0,15
af16ba268df55dca,gt_geometry,strict,0.0,0.0,,0,0,15
af16ba268df55dca,grpo_mass_pc,operational,0.0,0.0,,0,0,16
af16ba268df55dca,grpo_mass_pc,strict,0.0,0.0,,0,0,0
2ae8ac90c0ae5c8d,score,operational,0.0,0.0,,0,0,16
2ae8ac90c0ae5c8d,score,strict,0.0,0.0,,0,0,16
2ae8ac90c0ae5c8d,pareto,operational,0.0,0.0,,0,0,16
2ae8ac90c0ae5c8d,pareto,strict,0.0,0.0,,0,0,16
2ae8ac90c0ae5c8d,gt_geometry,operational,0.0,0.0,,0,0,10
2ae8ac90c0ae5c8d,gt_geometry,strict,0.0,0.0,,0,0,10
2ae8ac90c0ae5c8d,grpo_mass_pc,operational,0.0,0.0,,0,0,16
2ae8ac90c0ae5c8d,grpo_mass_pc,strict,0.0,0.0,,0,0,0
b512bc2c568d5b7a,score,operational,0.0,0.0,,0,0,16
b512bc2c568d5b7a,score,strict,0.0,0.0,,0,0,16
b512bc2c568d5b7a,pareto,operational,0.0,0.0,,0,0,16
b512bc2c568d5b7a,pareto,strict,0.0,0.0,,0,0,16
b512bc2c568d5b7a,gt_geometry,operational,0.0,0.0,,0,0,16
b512bc2c568d5b7a,gt_geometry,strict,0.0,0.0,,0,0,16
b512bc2c568d5b7a,grpo_mass_pc,operational,0.0,0.0,,0,0,16
b512bc2c568d5b7a,grpo_mass_pc,strict,0.0,0.0,,0,0,0
7405ff66092d51da,score,operational,0.0,0.0,,0,0,16
7405ff66092d51da,score,strict,0.0,0.0,,0,0,16
7405ff66092d51da,pareto,operational,0.0,0.0,,0,0,16
7405ff66092d51da,pareto,strict,0.0,0.0,,0,0,16
7405ff66092d51da,gt_geometry,operational,0.0,0.0,,0,0,16
7405ff66092d51da,gt_geometry,strict,0.0,0.0,,0,0,16
7405ff66092d51da,grpo_mass_pc,operational,0.0,0.0,,0,0,16
7405ff66092d51da,grpo_mass_pc,strict,0.0,0.0,,0,0,0
23724912b8f153f0,score,operational,0.0,0.0,,0,0,16
23724912b8f153f0,score,strict,0.0,0.0,,0,0,16
23724912b8f153f0,pareto,operational,0.0,0.0,,0,0,16
23724912b8f153f0,pareto,strict,0.0,0.0,,0,0,16
23724912b8f153f0,gt_geometry,operational,0.0,0.0,,0,0,16
23724912b8f153f0,gt_geometry,strict,0.0,0.0,,0,0,16
23724912b8f153f0,grpo_mass_pc,operational,0.0,0.0,,0,0,16
23724912b8f153f0,grpo_mass_pc,strict,0.0,0.0,,0,0,0
6522fd9a31d25eb2,score,operational,0.0,0.0,,0,0,16
6522fd9a31d25eb2,score,strict,0.0,0.0,,0,0,16
6522fd9a31d25eb2,pareto,operational,0.0,0.0,,0,0,16
6522fd9a31d25eb2,pareto,strict,0.0,0.0,,0,0,16
6522fd9a31d25eb2,gt_geometry,operational,0.0,0.0,,0,0,8
6522fd9a31d25eb2,gt_geometry,strict,0.0,0.0,,0,0,8
6522fd9a31d25eb2,grpo_mass_pc,operational,0.0,0.0,,0,0,16
6522fd9a31d25eb2,grpo_mass_pc,strict,0.0,0.0,,0,0,0
c6fcfafbbe7a59f8,score,operational,0.0,0.0,,0,0,14
c6fcfafbbe7a59f8,score,strict,0.0,0.0,,0,0,14
c6fcfafbbe7a59f8,pareto,operational,0.0,0.0,,0,0,14
c6fcfafbbe7a59f8,pareto,strict,0.0,0.0,,0,0,14
c6fcfafbbe7a59f8,gt_geometry,operational,0.0,0.0,,0,0,12
c6fcfafbbe7a59f8,gt_geometry,strict,0.0,0.0,,0,0,12
c6fcfafbbe7a59f8,grpo_mass_pc,operational,0.0,0.0,,0,0,14
c6fcfafbbe7a59f8,grpo_mass_pc,strict,0.0,0.0,,0,0,0
5dbd0aba5f315388,score,operational,0.0,0.0,,0,0,16
5dbd0aba5f315388,score,strict,0.0,0.0,,0,0,16
5dbd0aba5f315388,pareto,operational,0.0,0.0,,0,0,16
5dbd0aba5f315388,pareto,strict,0.0,0.0,,0,0,16
5dbd0aba5f315388,gt_geometry,operational,0.0,0.0,,0,0,16
5dbd0aba5f315388,gt_geometry,strict,0.0,0.0,,0,0,16
5dbd0aba5f315388,grpo_mass_pc,operational,0.0,0.0,,0,0,16
5dbd0aba5f315388,grpo_mass_pc,strict,0.0,0.0,,0,0,0
958b596dd699594a,score,operational,0.0,0.0,,0,0,16
958b596dd699594a,score,strict,0.0,0.0,,0,0,16
958b596dd699594a,pareto,operational,0.0,0.0,,0,0,16
958b596dd699594a,pareto,strict,0.0,0.0,,0,0,16
958b596dd699594a,gt_geometry,operational,0.0,0.0,,0,0,16
958b596dd699594a,gt_geometry,strict,0.0,0.0,,0,0,16
958b596dd699594a,grpo_mass_pc,operational,0.0,0.0,,0,0,16
958b596dd699594a,grpo_mass_pc,strict,0.0,0.0,,0,0,0
350714230cb55761,score,operational,0.0,0.0,,0,0,16
350714230cb55761,score,strict,0.0,0.0,,0,0,16
350714230cb55761,pareto,operational,0.0,0.0,,0,0,16
350714230cb55761,pareto,strict,0.0,0.0,,0,0,16
350714230cb55761,gt_geometry,operational,0.0,0.0,,0,0,16
350714230cb55761,gt_geometry,strict,0.0,0.0,,0,0,16
350714230cb55761,grpo_mass_pc,operational,0.0,0.0,,0,0,16
350714230cb55761,grpo_mass_pc,strict,0.0,0.0,,0,0,0
775b0dd554395fa3,score,operational,0.0,0.0,,0,0,16
775b0dd554395fa3,score,strict,0.0,0.0,,0,0,16
775b0dd554395fa3,pareto,operational,0.0,0.0,,0,0,16
775b0dd554395fa3,pareto,strict,0.0,0.0,,0,0,16
775b0dd554395fa3,gt_geometry,operational,0.0,0.0,,0,0,16
775b0dd554395fa3,gt_geometry,strict,0.0,0.0,,0,0,16
775b0dd554395fa3,grpo_mass_pc,operational,0.0,0.0,,0,0,16
775b0dd554395fa3,grpo_mass_pc,strict,0.0,0.0,,0,0,0
635be215dc9d58c3,score,operational,0.0,0.0,,0,0,16
635be215dc9d58c3,score,strict,0.0,0.0,,0,0,16
635be215dc9d58c3,pareto,operational,0.0,0.0,,0,0,16
635be215dc9d58c3,pareto,strict,0.0,0.0,,0,0,16
635be215dc9d58c3,gt_geometry,operational,0.0,0.0,,0,0,11
635be215dc9d58c3,gt_geometry,strict,0.0,0.0,,0,0,11
635be215dc9d58c3,grpo_mass_pc,operational,0.0,0.0,,0,0,16
635be215dc9d58c3,grpo_mass_pc,strict,0.0,0.0,,0,0,0
1499e758c6855a74,score,operational,0.0,0.0,,0,0,15
1499e758c6855a74,score,strict,0.0,0.0,,0,0,15
1499e758c6855a74,pareto,operational,0.0,0.0,,0,0,16
1499e758c6855a74,pareto,strict,0.0,0.0,,0,0,16
1499e758c6855a74,gt_geometry,operational,0.0,0.0,,0,0,12
1499e758c6855a74,gt_geometry,strict,0.0,0.0,,0,0,12
1499e758c6855a74,grpo_mass_pc,operational,0.0,0.0,,0,0,15
1499e758c6855a74,grpo_mass_pc,strict,0.0,0.0,,0,0,0
e9b0d4743b3f5256,score,operational,0.0,0.0,,0,0,16
e9b0d4743b3f5256,score,strict,0.0,0.0,,0,0,16
e9b0d4743b3f5256,pareto,operational,0.0,0.0,,0,0,16
e9b0d4743b3f5256,pareto,strict,0.0,0.0,,0,0,16
e9b0d4743b3f5256,gt_geometry,operational,0.0,0.0,,0,0,16
e9b0d4743b3f5256,gt_geometry,strict,0.0,0.0,,0,0,16
e9b0d4743b3f5256,grpo_mass_pc,operational,0.0,0.0,,0,0,16
e9b0d4743b3f5256,grpo_mass_pc,strict,0.0,0.0,,0,0,0
3ff6652d6dec55da,score,operational,0.0,0.0,,0,0,15
3ff6652d6dec55da,score,strict,0.0,0.0,,0,0,15
3ff6652d6dec55da,pareto,operational,0.0,0.0,,0,0,15
3ff6652d6dec55da,pareto,strict,0.0,0.0,,0,0,15
3ff6652d6dec55da,gt_geometry,operational,0.0,0.0,,0,0,10
3ff6652d6dec55da,gt_geometry,strict,0.0,0.0,,0,0,10
3ff6652d6dec55da,grpo_mass_pc,operational,0.0,0.0,,0,0,15
3ff6652d6dec55da,grpo_mass_pc,strict,0.0,0.0,,0,0,0
3c30c0c940045ac2,score,operational,0.0,0.0,,0,0,16
3c30c0c940045ac2,score,strict,0.0,0.0,,0,0,16
3c30c0c940045ac2,pareto,operational,0.0,0.0,,0,0,16
3c30c0c940045ac2,pareto,strict,0.0,0.0,,0,0,16
3c30c0c940045ac2,gt_geometry,operational,0.0,0.0,,0,0,13
3c30c0c940045ac2,gt_geometry,strict,0.0,0.0,,0,0,13
3c30c0c940045ac2,grpo_mass_pc,operational,0.0,0.0,,0,0,16
3c30c0c940045ac2,grpo_mass_pc,strict,0.0,0.0,,0,0,0
b9e0dc94c7725924,score,operational,0.0,0.0,,0,0,16
b9e0dc94c7725924,score,strict,0.0,0.0,,0,0,16
b9e0dc94c7725924,pareto,operational,0.0,0.0,,0,0,16
b9e0dc94c7725924,pareto,strict,0.0,0.0,,0,0,16
b9e0dc94c7725924,gt_geometry,operational,0.0,0.0,,0,0,11
b9e0dc94c7725924,gt_geometry,strict,0.0,0.0,,0,0,11
b9e0dc94c7725924,grpo_mass_pc,operational,0.0,0.0,,0,0,16
b9e0dc94c7725924,grpo_mass_pc,strict,0.0,0.0,,0,0,0
0506b1697fb05337,score,operational,0.0,0.0,,0,0,16
0506b1697fb05337,score,strict,0.0,0.0,,0,0,16
0506b1697fb05337,pareto,operational,0.0,0.0,,0,0,16
0506b1697fb05337,pareto,strict,0.0,0.0,,0,0,16
0506b1697fb05337,gt_geometry,operational,0.0009765625,0.0009765625,,0,0,16
0506b1697fb05337,gt_geometry,strict,0.0009765625,0.0009765625,,0,0,16
0506b1697fb05337,grpo_mass_pc,operational,0.0,0.0,,0,0,16
0506b1697fb05337,grpo_mass_pc,strict,0.0,0.0,,0,0,0
7cfa2141cf77549d,score,operational,0.0,0.0,,0,0,16
7cfa2141cf77549d,score,strict,0.0,0.0,,0,0,16
7cfa2141cf77549d,pareto,operational,0.0,0.0,,0,0,16
7cfa2141cf77549d,pareto,strict,0.0,0.0,,0,0,16
7cfa2141cf77549d,gt_geometry,operational,0.0,0.0,,0,0,16
7cfa2141cf77549d,gt_geometry,strict,0.0,0.0,,0,0,16
7cfa2141cf77549d,grpo_mass_pc,operational,0.0,0.0,,0,0,16
7cfa2141cf77549d,grpo_mass_pc,strict,0.0,0.0,,0,0,0
089107cd2d6354e0,score,operational,0.0,0.0,,0,0,16
089107cd2d6354e0,score,strict,0.0,0.0,,0,0,16
089107cd2d6354e0,pareto,operational,0.0,0.0,,0,0,16
089107cd2d6354e0,pareto,strict,0.0,0.0,,0,0,16
089107cd2d6354e0,gt_geometry,operational,0.0,0.0,,0,0,16
089107cd2d6354e0,gt_geometry,strict,0.0,0.0,,0,0,16
089107cd2d6354e0,grpo_mass_pc,operational,0.0,0.0,,0,0,16
089107cd2d6354e0,grpo_mass_pc,strict,0.0,0.0,,0,0,0
b03c039a00bd5792,score,operational,0.0,0.0,,0,0,16
b03c039a00bd5792,score,strict,0.0,0.0,,0,0,16
b03c039a00bd5792,pareto,operational,0.0,0.0,,0,0,16
b03c039a00bd5792,pareto,strict,0.0,0.0,,0,0,16
b03c039a00bd5792,gt_geometry,operational,0.0,0.0,,0,0,16
b03c039a00bd5792,gt_geometry,strict,0.0,0.0,,0,0,16
b03c039a00bd5792,grpo_mass_pc,operational,0.0,0.0,,0,0,16
b03c039a00bd5792,grpo_mass_pc,strict,0.0,0.0,,0,0,0
064bbfac76a95dae,score,operational,0.0,0.0,,0,0,16
064bbfac76a95dae,score,strict,0.0,0.0,,0,0,16
064bbfac76a95dae,pareto,operational,0.0,0.0,,0,0,16
064bbfac76a95dae,pareto,strict,0.0,0.0,,0,0,16
064bbfac76a95dae,gt_geometry,operational,0.0,0.0,,0,0,16
064bbfac76a95dae,gt_geometry,strict,0.0,0.0,,0,0,16
064bbfac76a95dae,grpo_mass_pc,operational,0.0,0.0,,0,0,16
064bbfac76a95dae,grpo_mass_pc,strict,0.0,0.0,,0,0,0
ad8019f55bc554de,score,operational,0.0,0.0,,0,0,16
ad8019f55bc554de,score,strict,0.0,0.0,,0,0,16
ad8019f55bc554de,pareto,operational,0.0,0.0,,0,0,16
ad8019f55bc554de,pareto,strict,0.0,0.0,,0,0,16
ad8019f55bc554de,gt_geometry,operational,0.0009765625,0.0009765625,,0,0,16
ad8019f55bc554de,gt_geometry,strict,0.0009765625,0.0009765625,,0,0,16
ad8019f55bc554de,grpo_mass_pc,operational,0.0,0.0,,0,0,16
ad8019f55bc554de,grpo_mass_pc,strict,0.0,0.0,,0,0,0
073c4d0738b45047,score,operational,0.0,0.0,,0,0,16
073c4d0738b45047,score,strict,0.0,0.0,,0,0,16
073c4d0738b45047,pareto,operational,0.0,0.0,,0,0,16
073c4d0738b45047,pareto,strict,0.0,0.0,,0,0,16
073c4d0738b45047,gt_geometry,operational,0.0,0.0,,0,0,9
073c4d0738b45047,gt_geometry,strict,0.0,0.0,,0,0,9
073c4d0738b45047,grpo_mass_pc,operational,0.0,0.0,,0,0,16
073c4d0738b45047,grpo_mass_pc,strict,0.0,0.0,,0,0,0
b29e1677139a5f6b,score,operational,0.0,0.0,,0,0,13
b29e1677139a5f6b,score,strict,0.0,0.0,,0,0,13
b29e1677139a5f6b,pareto,operational,0.0,0.0,,0,0,13
b29e1677139a5f6b,pareto,strict,0.0,0.0,,0,0,13
b29e1677139a5f6b,gt_geometry,operational,0.0,0.0,,0,0,11
b29e1677139a5f6b,gt_geometry,strict,0.0,0.0,,0,0,11
b29e1677139a5f6b,grpo_mass_pc,operational,0.0,0.0,,0,0,13
b29e1677139a5f6b,grpo_mass_pc,strict,0.0,0.0,,0,0,0
c615107923dc5602,score,operational,0.0,0.0,,0,0,16
c615107923dc5602,score,strict,0.0,0.0,,0,0,16
c615107923dc5602,pareto,operational,0.0,0.0,,0,0,16
c615107923dc5602,pareto,strict,0.0,0.0,,0,0,16
c615107923dc5602,gt_geometry,operational,0.0,0.0,,0,0,16
c615107923dc5602,gt_geometry,strict,0.0,0.0,,0,0,16
c615107923dc5602,grpo_mass_pc,operational,0.0,0.0,,0,0,16
c615107923dc5602,grpo_mass_pc,strict,0.0,0.0,,0,0,0
ffb15604a2a25cb8,score,operational,0.0,0.0,,0,0,16
ffb15604a2a25cb8,score,strict,0.0,0.0,,0,0,16
ffb15604a2a25cb8,pareto,operational,0.0,0.0,,0,0,16
ffb15604a2a25cb8,pareto,strict,0.0,0.0,,0,0,16
ffb15604a2a25cb8,gt_geometry,operational,0.0,0.0,,0,0,16
ffb15604a2a25cb8,gt_geometry,strict,0.0,0.0,,0,0,16
ffb15604a2a25cb8,grpo_mass_pc,operational,0.0,0.0,,0,0,16
ffb15604a2a25cb8,grpo_mass_pc,strict,0.0,0.0,,0,0,0
4124b6e12f8b5f0d,score,operational,0.0,0.0,,0,0,16
4124b6e12f8b5f0d,score,strict,0.0,0.0,,0,0,16
4124b6e12f8b5f0d,pareto,operational,0.0,0.0,,0,0,16
4124b6e12f8b5f0d,pareto,strict,0.0,0.0,,0,0,16
4124b6e12f8b5f0d,gt_geometry,operational,0.0,0.0,,0,0,15
4124b6e12f8b5f0d,gt_geometry,strict,0.0,0.0,,0,0,15
4124b6e12f8b5f0d,grpo_mass_pc,operational,0.0,0.0,,0,0,16
4124b6e12f8b5f0d,grpo_mass_pc,strict,0.0,0.0,,0,0,0
a3298b678d225d61,score,operational,0.0,0.0,,0,0,13
a3298b678d225d61,score,strict,0.0,0.0,,0,0,13
a3298b678d225d61,pareto,operational,0.0,0.0,,0,0,14
a3298b678d225d61,pareto,strict,0.0,0.0,,0,0,14
a3298b678d225d61,gt_geometry,operational,0.0,0.0,,0,0,9
a3298b678d225d61,gt_geometry,strict,0.0,0.0,,0,0,9
a3298b678d225d61,grpo_mass_pc,operational,0.0,0.0,,0,0,13
a3298b678d225d61,grpo_mass_pc,strict,0.0,0.0,,0,0,0
e20b77b0ed075fb6,score,operational,0.0,0.0,,0,0,16
e20b77b0ed075fb6,score,strict,0.0,0.0,,0,0,16
e20b77b0ed075fb6,pareto,operational,0.0,0.0,,0,0,16
e20b77b0ed075fb6,pareto,strict,0.0,0.0,,0,0,16
e20b77b0ed075fb6,gt_geometry,operational,0.0,0.0,,0,0,14
e20b77b0ed075fb6,gt_geometry,strict,0.0,0.0,,0,0,14
e20b77b0ed075fb6,grpo_mass_pc,operational,0.0,0.0,,0,0,16
e20b77b0ed075fb6,grpo_mass_pc,strict,0.0,0.0,,0,0,0
71452581394b54da,score,operational,0.0009765625,0.0,,0,0,14
71452581394b54da,score,strict,0.0009765625,0.0,,0,0,14
71452581394b54da,pareto,operational,0.0009765625,0.0,,0,0,16
71452581394b54da,pareto,strict,0.0009765625,0.0,,0,0,16
71452581394b54da,gt_geometry,operational,0.0009765625,0.0,,0,0,11
71452581394b54da,gt_geometry,strict,0.0009765625,0.0,,0,0,11
71452581394b54da,grpo_mass_pc,operational,0.0009765625,0.0,,0,0,14
71452581394b54da,grpo_mass_pc,strict,0.0,0.0,,0,0,0
54399d56e69f5a2c,score,operational,0.0,0.0,,0,0,16
54399d56e69f5a2c,score,strict,0.0,0.0,,0,0,16
54399d56e69f5a2c,pareto,operational,0.0,0.0,,0,0,16
54399d56e69f5a2c,pareto,strict,0.0,0.0,,0,0,16
54399d56e69f5a2c,gt_geometry,operational,0.0,0.0,,0,0,14
54399d56e69f5a2c,gt_geometry,strict,0.0,0.0,,0,0,14
54399d56e69f5a2c,grpo_mass_pc,operational,0.0,0.0,,0,0,16
54399d56e69f5a2c,grpo_mass_pc,strict,0.0,0.0,,0,0,0
2bdd7e6fdc0e5977,score,operational,0.0,0.0,,0,0,16
2bdd7e6fdc0e5977,score,strict,0.0,0.0,,0,0,16
2bdd7e6fdc0e5977,pareto,operational,0.0,0.0,,0,0,16
2bdd7e6fdc0e5977,pareto,strict,0.0,0.0,,0,0,16
2bdd7e6fdc0e5977,gt_geometry,operational,0.0,0.0,,0,0,16
2bdd7e6fdc0e5977,gt_geometry,strict,0.0,0.0,,0,0,16
2bdd7e6fdc0e5977,grpo_mass_pc,operational,0.0,0.0,,0,0,16
2bdd7e6fdc0e5977,grpo_mass_pc,strict,0.0,0.0,,0,0,0
2f875dc108ed572f,score,operational,0.0,0.0,,0,0,16
2f875dc108ed572f,score,strict,0.0,0.0,,0,0,16
2f875dc108ed572f,pareto,operational,0.0,0.0,,0,0,16
2f875dc108ed572f,pareto,strict,0.0,0.0,,0,0,16
2f875dc108ed572f,gt_geometry,operational,0.0009765625,0.0009765625,,0,0,16
2f875dc108ed572f,gt_geometry,strict,0.0009765625,0.0009765625,,0,0,16
2f875dc108ed572f,grpo_mass_pc,operational,0.0,0.0,,0,0,16
2f875dc108ed572f,grpo_mass_pc,strict,0.0,0.0,,0,0,0
91513086606a567e,score,operational,0.0,0.0,,0,0,16
91513086606a567e,score,strict,0.0,0.0,,0,0,16
91513086606a567e,pareto,operational,0.0,0.0,,0,0,16
91513086606a567e,pareto,strict,0.0,0.0,,0,0,16
91513086606a567e,gt_geometry,operational,0.0,0.0,,0,0,16
91513086606a567e,gt_geometry,strict,0.0,0.0,,0,0,16
91513086606a567e,grpo_mass_pc,operational,0.0,0.0,,0,0,16
91513086606a567e,grpo_mass_pc,strict,0.0,0.0,,0,0,0
80dfd05ab759518f,score,operational,0.0,0.0,,0,0,13
80dfd05ab759518f,score,strict,0.0,0.0,,0,0,13
80dfd05ab759518f,pareto,operational,0.0,0.0,,0,0,14
80dfd05ab759518f,pareto,strict,0.0,0.0,,0,0,14
80dfd05ab759518f,gt_geometry,operational,0.0,0.0,,0,0,10
80dfd05ab759518f,gt_geometry,strict,0.0,0.0,,0,0,10
80dfd05ab759518f,grpo_mass_pc,operational,0.0,0.0,,0,0,13
80dfd05ab759518f,grpo_mass_pc,strict,0.0,0.0,,0,0,0
d5e7dc43eb5c57cd,score,operational,0.0,0.0,,0,0,16
d5e7dc43eb5c57cd,score,strict,0.0,0.0,,0,0,16
d5e7dc43eb5c57cd,pareto,operational,0.0,0.0,,0,0,16
d5e7dc43eb5c57cd,pareto,strict,0.0,0.0,,0,0,16
d5e7dc43eb5c57cd,gt_geometry,operational,0.0,0.0,,0,0,16
d5e7dc43eb5c57cd,gt_geometry,strict,0.0,0.0,,0,0,16
d5e7dc43eb5c57cd,grpo_mass_pc,operational,0.0,0.0,,0,0,16
d5e7dc43eb5c57cd,grpo_mass_pc,strict,0.0,0.0,,0,0,0
13014abb5b115ee2,score,operational,0.0,0.0,,0,0,16
13014abb5b115ee2,score,strict,0.0,0.0,,0,0,16
13014abb5b115ee2,pareto,operational,0.0,0.0,,0,0,16
13014abb5b115ee2,pareto,strict,0.0,0.0,,0,0,16
13014abb5b115ee2,gt_geometry,operational,0.0,0.0,,0,0,12
13014abb5b115ee2,gt_geometry,strict,0.0,0.0,,0,0,12
13014abb5b115ee2,grpo_mass_pc,operational,0.0,0.0,,0,0,16
13014abb5b115ee2,grpo_mass_pc,strict,0.0,0.0,,0,0,0
9430278b77c05446,score,operational,0.0,0.0,,0,0,14
9430278b77c05446,score,strict,0.0,0.0,,0,0,14
9430278b77c05446,pareto,operational,0.0,0.0,,0,0,16
9430278b77c05446,pareto,strict,0.0,0.0,,0,0,16
9430278b77c05446,gt_geometry,operational,0.0,0.0,,0,0,11
9430278b77c05446,gt_geometry,strict,0.0,0.0,,0,0,11
9430278b77c05446,grpo_mass_pc,operational,0.0,0.0,,0,0,14
9430278b77c05446,grpo_mass_pc,strict,0.0,0.0,,0,0,0
97e38fdccf915283,score,operational,0.0,0.0,,0,0,16
97e38fdccf915283,score,strict,0.0,0.0,,0,0,16
97e38fdccf915283,pareto,operational,0.0,0.0,,0,0,16
97e38fdccf915283,pareto,strict,0.0,0.0,,0,0,16
97e38fdccf915283,gt_geometry,operational,0.0,0.0,,0,0,16
97e38fdccf915283,gt_geometry,strict,0.0,0.0,,0,0,16
97e38fdccf915283,grpo_mass_pc,operational,0.0,0.0,,0,0,16
97e38fdccf915283,grpo_mass_pc,strict,0.0,0.0,,0,0,0
8787fbb12fed5433,score,operational,0.0,0.0,,0,0,16
8787fbb12fed5433,score,strict,0.0,0.0,,0,0,16
8787fbb12fed5433,pareto,operational,0.0,0.0,,0,0,16
8787fbb12fed5433,pareto,strict,0.0,0.0,,0,0,16
8787fbb12fed5433,gt_geometry,operational,0.0,0.0,,0,0,9
8787fbb12fed5433,gt_geometry,strict,0.0,0.0,,0,0,9
8787fbb12fed5433,grpo_mass_pc,operational,0.0,0.0,,0,0,16
8787fbb12fed5433,grpo_mass_pc,strict,0.0,0.0,,0,0,0
a460f60f07f05098,score,operational,0.0,0.0,,0,0,16
a460f60f07f05098,score,strict,0.0,0.0,,0,0,16
a460f60f07f05098,pareto,operational,0.0,0.0,,0,0,16
a460f60f07f05098,pareto,strict,0.0,0.0,,0,0,16
a460f60f07f05098,gt_geometry,operational,0.0,0.0,,0,0,16
a460f60f07f05098,gt_geometry,strict,0.0,0.0,,0,0,16
a460f60f07f05098,grpo_mass_pc,operational,0.0,0.0,,0,0,16
a460f60f07f05098,grpo_mass_pc,strict,0.0,0.0,,0,0,0
570334268a395022,score,operational,0.0,0.0,,0,0,16
570334268a395022,score,strict,0.0,0.0,,0,0,16
570334268a395022,pareto,operational,0.0,0.0,,0,0,16
570334268a395022,pareto,strict,0.0,0.0,,0,0,16
570334268a395022,gt_geometry,operational,0.0,0.0,,0,0,16
570334268a395022,gt_geometry,strict,0.0,0.0,,0,0,16
570334268a395022,grpo_mass_pc,operational,0.0,0.0,,0,0,16
570334268a395022,grpo_mass_pc,strict,0.0,0.0,,0,0,0
16a705e621675626,score,operational,0.0,0.0,,0,0,14
16a705e621675626,score,strict,0.0,0.0,,0,0,14
16a705e621675626,pareto,operational,0.0,0.0,,0,0,14
16a705e621675626,pareto,strict,0.0,0.0,,0,0,14
16a705e621675626,gt_geometry,operational,0.0009765625,0.0009765625,,0,0,10
16a705e621675626,gt_geometry,strict,0.0009765625,0.0009765625,,0,0,10
16a705e621675626,grpo_mass_pc,operational,0.0,0.0,,0,0,14
16a705e621675626,grpo_mass_pc,strict,0.0,0.0,,0,0,0
377030639621540e,score,operational,0.0,0.0,,0,0,12
377030639621540e,score,strict,0.0,0.0,,0,0,12
377030639621540e,pareto,operational,0.0,0.0,,0,0,12
377030639621540e,pareto,strict,0.0,0.0,,0,0,12
377030639621540e,gt_geometry,operational,0.0,0.0,,0,0,11
377030639621540e,gt_geometry,strict,0.0,0.0,,0,0,11
377030639621540e,grpo_mass_pc,operational,0.0,0.0,,0,0,12
377030639621540e,grpo_mass_pc,strict,0.0,0.0,,0,0,0
2e94974489245ae6,score,operational,0.0,0.0,,0,0,16
2e94974489245ae6,score,strict,0.0,0.0,,0,0,16
2e94974489245ae6,pareto,operational,0.0,0.0,,0,0,16
2e94974489245ae6,pareto,strict,0.0,0.0,,0,0,16
2e94974489245ae6,gt_geometry,operational,0.0,0.0,,0,0,16
2e94974489245ae6,gt_geometry,strict,0.0,0.0,,0,0,16
2e94974489245ae6,grpo_mass_pc,operational,0.0,0.0,,0,0,16
2e94974489245ae6,grpo_mass_pc,strict,0.0,0.0,,0,0,0
dc2a30b4130f5ab4,score,operational,0.0,0.0,,0,0,16
dc2a30b4130f5ab4,score,strict,0.0,0.0,,0,0,16
dc2a30b4130f5ab4,pareto,operational,0.0,0.0,,0,0,16
dc2a30b4130f5ab4,pareto,strict,0.0,0.0,,0,0,16
dc2a30b4130f5ab4,gt_geometry,operational,0.0,0.0,,0,0,16
dc2a30b4130f5ab4,gt_geometry,strict,0.0,0.0,,0,0,16
dc2a30b4130f5ab4,grpo_mass_pc,operational,0.0,0.0,,0,0,16
dc2a30b4130f5ab4,grpo_mass_pc,strict,0.0,0.0,,0,0,0
11f415ea61f95bbb,score,operational,0.0,0.0,,0,0,16
11f415ea61f95bbb,score,strict,0.0,0.0,,0,0,16
11f415ea61f95bbb,pareto,operational,0.0,0.0,,0,0,16
11f415ea61f95bbb,pareto,strict,0.0,0.0,,0,0,16
11f415ea61f95bbb,gt_geometry,operational,0.0,0.0,,0,0,16
11f415ea61f95bbb,gt_geometry,strict,0.0,0.0,,0,0,16
11f415ea61f95bbb,grpo_mass_pc,operational,0.0,0.0,,0,0,16
11f415ea61f95bbb,grpo_mass_pc,strict,0.0,0.0,,0,0,0
7fd57c3a03465a0a,score,operational,0.0,0.0,,0,0,16
7fd57c3a03465a0a,score,strict,0.0,0.0,,0,0,16
7fd57c3a03465a0a,pareto,operational,0.0,0.0,,0,0,16
7fd57c3a03465a0a,pareto,strict,0.0,0.0,,0,0,16
7fd57c3a03465a0a,gt_geometry,operational,0.0,0.0,,0,0,13
7fd57c3a03465a0a,gt_geometry,strict,0.0,0.0,,0,0,13
7fd57c3a03465a0a,grpo_mass_pc,operational,0.0,0.0,,0,0,16
7fd57c3a03465a0a,grpo_mass_pc,strict,0.0,0.0,,0,0,0
bfabfb64124e5563,score,operational,0.0,0.0,,0,0,16
bfabfb64124e5563,score,strict,0.0,0.0,,0,0,16
bfabfb64124e5563,pareto,operational,0.0,0.0,,0,0,16
bfabfb64124e5563,pareto,strict,0.0,0.0,,0,0,16
bfabfb64124e5563,gt_geometry,operational,0.0,0.0,,0,0,16
bfabfb64124e5563,gt_geometry,strict,0.0,0.0,,0,0,16
bfabfb64124e5563,grpo_mass_pc,operational,0.0,0.0,,0,0,16
bfabfb64124e5563,grpo_mass_pc,strict,0.0,0.0,,0,0,0
0dff173b10b75b6a,score,operational,0.0,0.0,,0,0,16
0dff173b10b75b6a,score,strict,0.0,0.0,,0,0,16
0dff173b10b75b6a,pareto,operational,0.0,0.0,,0,0,16
0dff173b10b75b6a,pareto,strict,0.0,0.0,,0,0,16
0dff173b10b75b6a,gt_geometry,operational,0.0,0.0,,0,0,16
0dff173b10b75b6a,gt_geometry,strict,0.0,0.0,,0,0,16
0dff173b10b75b6a,grpo_mass_pc,operational,0.0,0.0,,0,0,16
0dff173b10b75b6a,grpo_mass_pc,strict,0.0,0.0,,0,0,0
efd13cf71f83504e,score,operational,0.0,0.0,,0,0,16
efd13cf71f83504e,score,strict,0.0,0.0,,0,0,16
efd13cf71f83504e,pareto,operational,0.0,0.0,,0,0,16
efd13cf71f83504e,pareto,strict,0.0,0.0,,0,0,16
efd13cf71f83504e,gt_geometry,operational,0.0,0.0,,0,0,16
efd13cf71f83504e,gt_geometry,strict,0.0,0.0,,0,0,16
efd13cf71f83504e,grpo_mass_pc,operational,0.0,0.0,,0,0,16
efd13cf71f83504e,grpo_mass_pc,strict,0.0,0.0,,0,0,0
86a8eb25b4045aba,score,operational,0.0,0.0,,0,0,16
86a8eb25b4045aba,score,strict,0.0,0.0,,0,0,16
86a8eb25b4045aba,pareto,operational,0.0,0.0,,0,0,16
86a8eb25b4045aba,pareto,strict,0.0,0.0,,0,0,16
86a8eb25b4045aba,gt_geometry,operational,0.0,0.0,,0,0,9
86a8eb25b4045aba,gt_geometry,strict,0.0,0.0,,0,0,9
86a8eb25b4045aba,grpo_mass_pc,operational,0.0,0.0,,0,0,16
86a8eb25b4045aba,grpo_mass_pc,strict,0.0,0.0,,0,0,0
04f77fbd6bf3505a,score,operational,0.0,0.0,,0,0,16
04f77fbd6bf3505a,score,strict,0.0,0.0,,0,0,16
04f77fbd6bf3505a,pareto,operational,0.0,0.0,,0,0,16
04f77fbd6bf3505a,pareto,strict,0.0,0.0,,0,0,16
04f77fbd6bf3505a,gt_geometry,operational,0.0009765625,0.0009765625,,0,0,15
04f77fbd6bf3505a,gt_geometry,strict,0.0009765625,0.0009765625,,0,0,15
04f77fbd6bf3505a,grpo_mass_pc,operational,0.0,0.0,,0,0,16
04f77fbd6bf3505a,grpo_mass_pc,strict,0.0,0.0,,0,0,0
69cd8ef1721f550d,score,operational,0.0,0.0,,0,0,16
69cd8ef1721f550d,score,strict,0.0,0.0,,0,0,16
69cd8ef1721f550d,pareto,operational,0.0,0.0,,0,0,16
69cd8ef1721f550d,pareto,strict,0.0,0.0,,0,0,16
69cd8ef1721f550d,gt_geometry,operational,0.0009765625,0.0009765625,,0,0,16
69cd8ef1721f550d,gt_geometry,strict,0.0009765625,0.0009765625,,0,0,16
69cd8ef1721f550d,grpo_mass_pc,operational,0.0,0.0,,0,0,16
69cd8ef1721f550d,grpo_mass_pc,strict,0.0,0.0,,0,0,0
738c5da7a06d554c,score,operational,0.0,0.0,,0,0,15
738c5da7a06d554c,score,strict,0.0,0.0,,0,0,15
738c5da7a06d554c,pareto,operational,0.0,0.0,,0,0,15
738c5da7a06d554c,pareto,strict,0.0,0.0,,0,0,15
738c5da7a06d554c,gt_geometry,operational,0.0,0.0,,0,0,11
738c5da7a06d554c,gt_geometry,strict,0.0,0.0,,0,0,11
738c5da7a06d554c,grpo_mass_pc,operational,0.0,0.0,,0,0,15
738c5da7a06d554c,grpo_mass_pc,strict,0.0,0.0,,0,0,0
a57d242401f951f5,score,operational,0.0,0.0,,0,0,15
a57d242401f951f5,score,strict,0.0,0.0,,0,0,15
a57d242401f951f5,pareto,operational,0.0,0.0,,0,0,15
a57d242401f951f5,pareto,strict,0.0,0.0,,0,0,15
a57d242401f951f5,gt_geometry,operational,0.0,0.0,,0,0,12
a57d242401f951f5,gt_geometry,strict,0.0,0.0,,0,0,12
a57d242401f951f5,grpo_mass_pc,operational,0.0,0.0,,0,0,15
a57d242401f951f5,grpo_mass_pc,strict,0.0,0.0,,0,0,0
d57a735214e65851,score,operational,0.0,0.0,,0,0,16
d57a735214e65851,score,strict,0.0,0.0,,0,0,16
d57a735214e65851,pareto,operational,0.0,0.0,,0,0,16
d57a735214e65851,pareto,strict,0.0,0.0,,0,0,16
d57a735214e65851,gt_geometry,operational,0.0,0.0,,0,0,16
d57a735214e65851,gt_geometry,strict,0.0,0.0,,0,0,16
d57a735214e65851,grpo_mass_pc,operational,0.0,0.0,,0,0,16
d57a735214e65851,grpo_mass_pc,strict,0.0,0.0,,0,0,0
9bbb66957b9d5e1c,score,operational,0.0,0.0,,0,0,16
9bbb66957b9d5e1c,score,strict,0.0,0.0,,0,0,16
9bbb66957b9d5e1c,pareto,operational,0.0,0.0,,0,0,16
9bbb66957b9d5e1c,pareto,strict,0.0,0.0,,0,0,16
9bbb66957b9d5e1c,gt_geometry,operational,0.0,0.0,,0,0,16
9bbb66957b9d5e1c,gt_geometry,strict,0.0,0.0,,0,0,16
9bbb66957b9d5e1c,grpo_mass_pc,operational,0.0,0.0,,0,0,16
9bbb66957b9d5e1c,grpo_mass_pc,strict,0.0,0.0,,0,0,0
ccb7a68f3e0a57fc,score,operational,0.0,0.0,,0,0,16
ccb7a68f3e0a57fc,score,strict,0.0,0.0,,0,0,16
ccb7a68f3e0a57fc,pareto,operational,0.0,0.0,,0,0,16
ccb7a68f3e0a57fc,pareto,strict,0.0,0.0,,0,0,16
ccb7a68f3e0a57fc,gt_geometry,operational,0.001953125,0.001953125,,0,0,13
ccb7a68f3e0a57fc,gt_geometry,strict,0.001953125,0.001953125,,0,0,13
ccb7a68f3e0a57fc,grpo_mass_pc,operational,0.0,0.0,,0,0,16
ccb7a68f3e0a57fc,grpo_mass_pc,strict,0.0,0.0,,0,0,0
05c91985246d58a6,score,operational,0.0,0.0,,0,0,16
05c91985246d58a6,score,strict,0.0,0.0,,0,0,16
05c91985246d58a6,pareto,operational,0.0,0.0,,0,0,16
05c91985246d58a6,pareto,strict,0.0,0.0,,0,0,16
05c91985246d58a6,gt_geometry,operational,0.0,0.0,,0,0,11
05c91985246d58a6,gt_geometry,strict,0.0,0.0,,0,0,11
05c91985246d58a6,grpo_mass_pc,operational,0.0,0.0,,0,0,16
05c91985246d58a6,grpo_mass_pc,strict,0.0,0.0,,0,0,0
2d1c26e4b5895e96,score,operational,0.0,0.0,,0,0,12
2d1c26e4b5895e96,score,strict,0.0,0.0,,0,0,12
2d1c26e4b5895e96,pareto,operational,0.0,0.0,,0,0,12
2d1c26e4b5895e96,pareto,strict,0.0,0.0,,0,0,12
2d1c26e4b5895e96,gt_geometry,operational,0.0,0.0,,0,0,11
2d1c26e4b5895e96,gt_geometry,strict,0.0,0.0,,0,0,11
2d1c26e4b5895e96,grpo_mass_pc,operational,0.0,0.0,,0,0,12
2d1c26e4b5895e96,grpo_mass_pc,strict,0.0,0.0,,0,0,0
1f71cdf4e4c65299,score,operational,0.0,0.0,,0,0,15
1f71cdf4e4c65299,score,strict,0.0,0.0,,0,0,15
1f71cdf4e4c65299,pareto,operational,0.0,0.0,,0,0,15
1f71cdf4e4c65299,pareto,strict,0.0,0.0,,0,0,15
1f71cdf4e4c65299,gt_geometry,operational,0.0,0.0,,0,0,12
1f71cdf4e4c65299,gt_geometry,strict,0.0,0.0,,0,0,12
1f71cdf4e4c65299,grpo_mass_pc,operational,0.0,0.0,,0,0,15
1f71cdf4e4c65299,grpo_mass_pc,strict,0.0,0.0,,0,0,0
1b7a2afa56df5d20,score,operational,0.0,0.0,,0,0,16
1b7a2afa56df5d20,score,strict,0.0,0.0,,0,0,16
1b7a2afa56df5d20,pareto,operational,0.0,0.0,,0,0,16
1b7a2afa56df5d20,pareto,strict,0.0,0.0,,0,0,16
1b7a2afa56df5d20,gt_geometry,operational,0.0,0.0,,0,0,10
1b7a2afa56df5d20,gt_geometry,strict,0.0,0.0,,0,0,10
1b7a2afa56df5d20,grpo_mass_pc,operational,0.0,0.0,,0,0,16
1b7a2afa56df5d20,grpo_mass_pc,strict,0.0,0.0,,0,0,0
1f37959067985e67,score,operational,0.0,0.0,,0,0,16
1f37959067985e67,score,strict,0.0,0.0,,0,0,16
1f37959067985e67,pareto,operational,0.0,0.0,,0,0,16
1f37959067985e67,pareto,strict,0.0,0.0,,0,0,16
1f37959067985e67,gt_geometry,operational,0.0,0.0,,0,0,14
1f37959067985e67,gt_geometry,strict,0.0,0.0,,0,0,14
1f37959067985e67,grpo_mass_pc,operational,0.0,0.0,,0,0,16
1f37959067985e67,grpo_mass_pc,strict,0.0,0.0,,0,0,0
f07db0b393fd522e,score,operational,0.0,0.0,,0,0,16
f07db0b393fd522e,score,strict,0.0,0.0,,0,0,16
f07db0b393fd522e,pareto,operational,0.0,0.0,,0,0,16
f07db0b393fd522e,pareto,strict,0.0,0.0,,0,0,16
f07db0b393fd522e,gt_geometry,operational,0.0,0.0,,0,0,16
f07db0b393fd522e,gt_geometry,strict,0.0,0.0,,0,0,16
f07db0b393fd522e,grpo_mass_pc,operational,0.0,0.0,,0,0,16
f07db0b393fd522e,grpo_mass_pc,strict,0.0,0.0,,0,0,0
fa4cc4b0188c5b79,score,operational,0.0,0.0,,0,0,13
fa4cc4b0188c5b79,score,strict,0.0,0.0,,0,0,13
fa4cc4b0188c5b79,pareto,operational,0.0,0.0,,0,0,13
fa4cc4b0188c5b79,pareto,strict,0.0,0.0,,0,0,13
fa4cc4b0188c5b79,gt_geometry,operational,0.0,0.0,,0,0,11
fa4cc4b0188c5b79,gt_geometry,strict,0.0,0.0,,0,0,11
fa4cc4b0188c5b79,grpo_mass_pc,operational,0.0,0.0,,0,0,13
fa4cc4b0188c5b79,grpo_mass_pc,strict,0.0,0.0,,0,0,0
eb2ede89ad9b5a6e,score,operational,0.0,0.0,,0,0,16
eb2ede89ad9b5a6e,score,strict,0.0,0.0,,0,0,16
eb2ede89ad9b5a6e,pareto,operational,0.0,0.0,,0,0,16
eb2ede89ad9b5a6e,pareto,strict,0.0,0.0,,0,0,16
eb2ede89ad9b5a6e,gt_geometry,operational,0.0,0.0,,0,0,8
eb2ede89ad9b5a6e,gt_geometry,strict,0.0,0.0,,0,0,8
eb2ede89ad9b5a6e,grpo_mass_pc,operational,0.0,0.0,,0,0,16
eb2ede89ad9b5a6e,grpo_mass_pc,strict,0.0,0.0,,0,0,0
bc4345e13302535e,score,operational,0.0,0.0,,0,0,16
bc4345e13302535e,score,strict,0.0,0.0,,0,0,16
bc4345e13302535e,pareto,operational,0.0,0.0,,0,0,16
bc4345e13302535e,pareto,strict,0.0,0.0,,0,0,16
bc4345e13302535e,gt_geometry,operational,0.0,0.0,,0,0,10
bc4345e13302535e,gt_geometry,strict,0.0,0.0,,0,0,10
bc4345e13302535e,grpo_mass_pc,operational,0.0,0.0,,0,0,16
bc4345e13302535e,grpo_mass_pc,strict,0.0,0.0,,0,0,0
66568e650e4d57e7,score,operational,0.0,0.0,,0,0,12
66568e650e4d57e7,score,strict,0.0,0.0,,0,0,12
66568e650e4d57e7,pareto,operational,0.0,0.0,,0,0,12
66568e650e4d57e7,pareto,strict,0.0,0.0,,0,0,12
66568e650e4d57e7,gt_geometry,operational,0.0,0.0,,0,0,9
66568e650e4d57e7,gt_geometry,strict,0.0,0.0,,0,0,9
66568e650e4d57e7,grpo_mass_pc,operational,0.0,0.0,,0,0,12
66568e650e4d57e7,grpo_mass_pc,strict,0.0,0.0,,0,0,0
74ae55238ee5525d,score,operational,0.0,0.0,,0,0,12
74ae55238ee5525d,score,strict,0.0,0.0,,0,0,12
74ae55238ee5525d,pareto,operational,0.0,0.0,,0,0,12
74ae55238ee5525d,pareto,strict,0.0,0.0,,0,0,12
74ae55238ee5525d,gt_geometry,operational,0.0,0.0,,0,0,10
74ae55238ee5525d,gt_geometry,strict,0.0,0.0,,0,0,10
74ae55238ee5525d,grpo_mass_pc,operational,0.0,0.0,,0,0,12
74ae55238ee5525d,grpo_mass_pc,strict,0.0,0.0,,0,0,0
a124b877d2b35519,score,operational,0.0,0.0,,0,0,16
a124b877d2b35519,score,strict,0.0,0.0,,0,0,16
a124b877d2b35519,pareto,operational,0.0,0.0,,0,0,16
a124b877d2b35519,pareto,strict,0.0,0.0,,0,0,16
a124b877d2b35519,gt_geometry,operational,0.0,0.0,,0,0,16
a124b877d2b35519,gt_geometry,strict,0.0,0.0,,0,0,16
a124b877d2b35519,grpo_mass_pc,operational,0.0,0.0,,0,0,16
a124b877d2b35519,grpo_mass_pc,strict,0.0,0.0,,0,0,0
1c6a5ee8a5785b0e,score,operational,0.0,0.0,,0,0,16
1c6a5ee8a5785b0e,score,strict,0.0,0.0,,0,0,16
1c6a5ee8a5785b0e,pareto,operational,0.0,0.0,,0,0,16
1c6a5ee8a5785b0e,pareto,strict,0.0,0.0,,0,0,16
1c6a5ee8a5785b0e,gt_geometry,operational,0.0,0.0,,0,0,16
1c6a5ee8a5785b0e,gt_geometry,strict,0.0,0.0,,0,0,16
1c6a5ee8a5785b0e,grpo_mass_pc,operational,0.0,0.0,,0,0,16
1c6a5ee8a5785b0e,grpo_mass_pc,strict,0.0,0.0,,0,0,0
ed47cee1c67e5d43,score,operational,0.0,0.0,,0,0,16
ed47cee1c67e5d43,score,strict,0.0,0.0,,0,0,16
ed47cee1c67e5d43,pareto,operational,0.0,0.0,,0,0,16
ed47cee1c67e5d43,pareto,strict,0.0,0.0,,0,0,16
ed47cee1c67e5d43,gt_geometry,operational,0.0,0.0,,0,0,13
ed47cee1c67e5d43,gt_geometry,strict,0.0,0.0,,0,0,13
ed47cee1c67e5d43,grpo_mass_pc,operational,0.0,0.0,,0,0,16
ed47cee1c67e5d43,grpo_mass_pc,strict,0.0,0.0,,0,0,0
838c6ba50bd25cd5,score,operational,0.0,0.0,,0,0,16
838c6ba50bd25cd5,score,strict,0.0,0.0,,0,0,16
838c6ba50bd25cd5,pareto,operational,0.0,0.0,,0,0,16
838c6ba50bd25cd5,pareto,strict,0.0,0.0,,0,0,16
838c6ba50bd25cd5,gt_geometry,operational,0.0009765625,0.0009765625,,0,0,13
838c6ba50bd25cd5,gt_geometry,strict,0.0009765625,0.0009765625,,0,0,13
838c6ba50bd25cd5,grpo_mass_pc,operational,0.0,0.0,,0,0,16
838c6ba50bd25cd5,grpo_mass_pc,strict,0.0,0.0,,0,0,0
089b0ec6d7d35c09,score,operational,0.0,0.0,,0,0,16
089b0ec6d7d35c09,score,strict,0.0,0.0,,0,0,16
089b0ec6d7d35c09,pareto,operational,0.0,0.0,,0,0,16
089b0ec6d7d35c09,pareto,strict,0.0,0.0,,0,0,16
089b0ec6d7d35c09,gt_geometry,operational,0.0,0.0,,0,0,16
089b0ec6d7d35c09,gt_geometry,strict,0.0,0.0,,0,0,16
089b0ec6d7d35c09,grpo_mass_pc,operational,0.0,0.0,,0,0,16
089b0ec6d7d35c09,grpo_mass_pc,strict,0.0,0.0,,0,0,0
9dedf462b1c0528f,score,operational,0.0,0.0,,0,0,16
9dedf462b1c0528f,score,strict,0.0,0.0,,0,0,16
9dedf462b1c0528f,pareto,operational,0.0,0.0,,0,0,16
9dedf462b1c0528f,pareto,strict,0.0,0.0,,0,0,16
9dedf462b1c0528f,gt_geometry,operational,0.0,0.0,,0,0,11
9dedf462b1c0528f,gt_geometry,strict,0.0,0.0,,0,0,11
9dedf462b1c0528f,grpo_mass_pc,operational,0.0,0.0,,0,0,16
9dedf462b1c0528f,grpo_mass_pc,strict,0.0,0.0,,0,0,0
61987c90d8635129,score,operational,0.0,0.0,,0,0,16
61987c90d8635129,score,strict,0.0,0.0,,0,0,16
61987c90d8635129,pareto,operational,0.0,0.0,,0,0,16
61987c90d8635129,pareto,strict,0.0,0.0,,0,0,16
61987c90d8635129,gt_geometry,operational,0.0,0.0,,0,0,16
61987c90d8635129,gt_geometry,strict,0.0,0.0,,0,0,16
61987c90d8635129,grpo_mass_pc,operational,0.0,0.0,,0,0,16
61987c90d8635129,grpo_mass_pc,strict,0.0,0.0,,0,0,0
bbbae26a26605b08,score,operational,0.0,0.0,,0,0,16
bbbae26a26605b08,score,strict,0.0,0.0,,0,0,16
bbbae26a26605b08,pareto,operational,0.0,0.0,,0,0,16
bbbae26a26605b08,pareto,strict,0.0,0.0,,0,0,16
bbbae26a26605b08,gt_geometry,operational,0.0,0.0,,0,0,12
bbbae26a26605b08,gt_geometry,strict,0.0,0.0,,0,0,12
bbbae26a26605b08,grpo_mass_pc,operational,0.0,0.0,,0,0,16
bbbae26a26605b08,grpo_mass_pc,strict,0.0,0.0,,0,0,0
8142f060944c56fd,score,operational,0.0,0.0,,0,0,16
8142f060944c56fd,score,strict,0.0,0.0,,0,0,16
8142f060944c56fd,pareto,operational,0.0,0.0,,0,0,16
8142f060944c56fd,pareto,strict,0.0,0.0,,0,0,16
8142f060944c56fd,gt_geometry,operational,0.0,0.0,,0,0,16
8142f060944c56fd,gt_geometry,strict,0.0,0.0,,0,0,16
8142f060944c56fd,grpo_mass_pc,operational,0.0,0.0,,0,0,16
8142f060944c56fd,grpo_mass_pc,strict,0.0,0.0,,0,0,0
2c76b8e2d1d85701,score,operational,0.0,0.0,,0,0,16
2c76b8e2d1d85701,score,strict,0.0,0.0,,0,0,16
2c76b8e2d1d85701,pareto,operational,0.0,0.0,,0,0,16
2c76b8e2d1d85701,pareto,strict,0.0,0.0,,0,0,16
2c76b8e2d1d85701,gt_geometry,operational,0.0,0.0,,0,0,9
2c76b8e2d1d85701,gt_geometry,strict,0.0,0.0,,0,0,9
2c76b8e2d1d85701,grpo_mass_pc,operational,0.0,0.0,,0,0,16
2c76b8e2d1d85701,grpo_mass_pc,strict,0.0,0.0,,0,0,0
8a0b4dd476055911,score,operational,0.0,0.0,,0,0,16
8a0b4dd476055911,score,strict,0.0,0.0,,0,0,16
8a0b4dd476055911,pareto,operational,0.0,0.0,,0,0,16
8a0b4dd476055911,pareto,strict,0.0,0.0,,0,0,16
8a0b4dd476055911,gt_geometry,operational,0.0,0.0,,0,0,12
8a0b4dd476055911,gt_geometry,strict,0.0,0.0,,0,0,12
8a0b4dd476055911,grpo_mass_pc,operational,0.0,0.0,,0,0,16
8a0b4dd476055911,grpo_mass_pc,strict,0.0,0.0,,0,0,0
b8adc82de5ae50e2,score,operational,0.0,0.0,,0,0,15
b8adc82de5ae50e2,score,strict,0.0,0.0,,0,0,15
b8adc82de5ae50e2,pareto,operational,0.0,0.0,,0,0,15
b8adc82de5ae50e2,pareto,strict,0.0,0.0,,0,0,15
b8adc82de5ae50e2,gt_geometry,operational,0.0,0.0,,0,0,10
b8adc82de5ae50e2,gt_geometry,strict,0.0,0.0,,0,0,10
b8adc82de5ae50e2,grpo_mass_pc,operational,0.0,0.0,,0,0,15
b8adc82de5ae50e2,grpo_mass_pc,strict,0.0,0.0,,0,0,0
025b2d4de25c5036,score,operational,0.0,0.0,,0,0,14
025b2d4de25c5036,score,strict,0.0,0.0,,0,0,14
025b2d4de25c5036,pareto,operational,0.0,0.0,,0,0,15
025b2d4de25c5036,pareto,strict,0.0,0.0,,0,0,15
025b2d4de25c5036,gt_geometry,operational,0.0,0.0,,0,0,11
025b2d4de25c5036,gt_geometry,strict,0.0,0.0,,0,0,11
025b2d4de25c5036,grpo_mass_pc,operational,0.0,0.0,,0,0,14
025b2d4de25c5036,grpo_mass_pc,strict,0.0,0.0,,0,0,0
9a7fc4d0041650fc,score,operational,0.0,0.0,,0,0,16
9a7fc4d0041650fc,score,strict,0.0,0.0,,0,0,16
9a7fc4d0041650fc,pareto,operational,0.0,0.0,,0,0,16
9a7fc4d0041650fc,pareto,strict,0.0,0.0,,0,0,16
9a7fc4d0041650fc,gt_geometry,operational,0.0,0.0,,0,0,16
9a7fc4d0041650fc,gt_geometry,strict,0.0,0.0,,0,0,16
9a7fc4d0041650fc,grpo_mass_pc,operational,0.0,0.0,,0,0,16
9a7fc4d0041650fc,grpo_mass_pc,strict,0.0,0.0,,0,0,0
ad1af1160bd05ef7,score,operational,0.0,0.0,,0,0,16
ad1af1160bd05ef7,score,strict,0.0,0.0,,0,0,16
ad1af1160bd05ef7,pareto,operational,0.0,0.0,,0,0,16
ad1af1160bd05ef7,pareto,strict,0.0,0.0,,0,0,16
ad1af1160bd05ef7,gt_geometry,operational,0.0,0.0,,0,0,16
ad1af1160bd05ef7,gt_geometry,strict,0.0,0.0,,0,0,16
ad1af1160bd05ef7,grpo_mass_pc,operational,0.0,0.0,,0,0,16
ad1af1160bd05ef7,grpo_mass_pc,strict,0.0,0.0,,0,0,0
d4185f4edc7e54e5,score,operational,0.0,0.0,,0,0,16
d4185f4edc7e54e5,score,strict,0.0,0.0,,0,0,16
d4185f4edc7e54e5,pareto,operational,0.0,0.0,,0,0,16
d4185f4edc7e54e5,pareto,strict,0.0,0.0,,0,0,16
d4185f4edc7e54e5,gt_geometry,operational,0.0,0.0,,0,0,16
d4185f4edc7e54e5,gt_geometry,strict,0.0,0.0,,0,0,16
d4185f4edc7e54e5,grpo_mass_pc,operational,0.0,0.0,,0,0,16
d4185f4edc7e54e5,grpo_mass_pc,strict,0.0,0.0,,0,0,0
1b1311d50d47553f,score,operational,0.0,0.0,,0,0,14
1b1311d50d47553f,score,strict,0.0,0.0,,0,0,14
1b1311d50d47553f,pareto,operational,0.0,0.0,,0,0,14
1b1311d50d47553f,pareto,strict,0.0,0.0,,0,0,14
1b1311d50d47553f,gt_geometry,operational,0.0,0.0,,0,0,10
1b1311d50d47553f,gt_geometry,strict,0.0,0.0,,0,0,10
1b1311d50d47553f,grpo_mass_pc,operational,0.0,0.0,,0,0,14
1b1311d50d47553f,grpo_mass_pc,strict,0.0,0.0,,0,0,0
573ac67fb17a5a71,score,operational,0.0,0.0,,0,0,16
573ac67fb17a5a71,score,strict,0.0,0.0,,0,0,16
573ac67fb17a5a71,pareto,operational,0.0,0.0,,0,0,16
573ac67fb17a5a71,pareto,strict,0.0,0.0,,0,0,16
573ac67fb17a5a71,gt_geometry,operational,0.0,0.0,,0,0,16
573ac67fb17a5a71,gt_geometry,strict,0.0,0.0,,0,0,16
573ac67fb17a5a71,grpo_mass_pc,operational,0.0,0.0,,0,0,16
573ac67fb17a5a71,grpo_mass_pc,strict,0.0,0.0,,0,0,0
da8c9449da6854ed,score,operational,0.0,0.0,,0,0,16
da8c9449da6854ed,score,strict,0.0,0.0,,0,0,16
da8c9449da6854ed,pareto,operational,0.0,0.0,,0,0,16
da8c9449da6854ed,pareto,strict,0.0,0.0,,0,0,16
da8c9449da6854ed,gt_geometry,operational,0.0,0.0,,0,0,9
da8c9449da6854ed,gt_geometry,strict,0.0,0.0,,0,0,9
da8c9449da6854ed,grpo_mass_pc,operational,0.0,0.0,,0,0,16
da8c9449da6854ed,grpo_mass_pc,strict,0.0,0.0,,0,0,0
7f2409d7f6705308,score,operational,0.0,0.0,,0,0,16
7f2409d7f6705308,score,strict,0.0,0.0,,0,0,16
7f2409d7f6705308,pareto,operational,0.0,0.0,,0,0,16
7f2409d7f6705308,pareto,strict,0.0,0.0,,0,0,16
7f2409d7f6705308,gt_geometry,operational,0.0,0.0,,0,0,11
7f2409d7f6705308,gt_geometry,strict,0.0,0.0,,0,0,11
7f2409d7f6705308,grpo_mass_pc,operational,0.0,0.0,,0,0,16
7f2409d7f6705308,grpo_mass_pc,strict,0.0,0.0,,0,0,0
94ae5d67804c539d,score,operational,0.0,0.0,,0,0,15
94ae5d67804c539d,score,strict,0.0,0.0,,0,0,15
94ae5d67804c539d,pareto,operational,0.0,0.0,,0,0,15
94ae5d67804c539d,pareto,strict,0.0,0.0,,0,0,15
94ae5d67804c539d,gt_geometry,operational,0.0,0.0,,0,0,11
94ae5d67804c539d,gt_geometry,strict,0.0,0.0,,0,0,11
94ae5d67804c539d,grpo_mass_pc,operational,0.0,0.0,,0,0,15
94ae5d67804c539d,grpo_mass_pc,strict,0.0,0.0,,0,0,0
4f9a94c1302e56d8,score,operational,0.0,0.0,,0,0,13
4f9a94c1302e56d8,score,strict,0.0,0.0,,0,0,13
4f9a94c1302e56d8,pareto,operational,0.0,0.0,,0,0,13
4f9a94c1302e56d8,pareto,strict,0.0,0.0,,0,0,13
4f9a94c1302e56d8,gt_geometry,operational,0.0,0.0,,0,0,10
4f9a94c1302e56d8,gt_geometry,strict,0.0,0.0,,0,0,10
4f9a94c1302e56d8,grpo_mass_pc,operational,0.0,0.0,,0,0,13
4f9a94c1302e56d8,grpo_mass_pc,strict,0.0,0.0,,0,0,0
ed54b128881a5278,score,operational,0.0,0.0,,0,0,14
ed54b128881a5278,score,strict,0.0,0.0,,0,0,14
ed54b128881a5278,pareto,operational,0.0,0.0,,0,0,16
ed54b128881a5278,pareto,strict,0.0,0.0,,0,0,16
ed54b128881a5278,gt_geometry,operational,0.0,0.0,,0,0,9
ed54b128881a5278,gt_geometry,strict,0.0,0.0,,0,0,9
ed54b128881a5278,grpo_mass_pc,operational,0.0,0.0,,0,0,14
ed54b128881a5278,grpo_mass_pc,strict,0.0,0.0,,0,0,0
21c8e0c8fe5f5495,score,operational,0.0,0.0,,0,0,15
21c8e0c8fe5f5495,score,strict,0.0,0.0,,0,0,15
21c8e0c8fe5f5495,pareto,operational,0.0,0.0,,0,0,15
21c8e0c8fe5f5495,pareto,strict,0.0,0.0,,0,0,15
21c8e0c8fe5f5495,gt_geometry,operational,0.0,0.0,,0,0,13
21c8e0c8fe5f5495,gt_geometry,strict,0.0,0.0,,0,0,13
21c8e0c8fe5f5495,grpo_mass_pc,operational,0.0,0.0,,0,0,15
21c8e0c8fe5f5495,grpo_mass_pc,strict,0.0,0.0,,0,0,0
24ab9ae0499950e9,score,operational,0.0,0.0,,0,0,15
24ab9ae0499950e9,score,strict,0.0,0.0,,0,0,15
24ab9ae0499950e9,pareto,operational,0.0,0.0,,0,0,16
24ab9ae0499950e9,pareto,strict,0.0,0.0,,0,0,16
24ab9ae0499950e9,gt_geometry,operational,0.0,0.0,,0,0,8
24ab9ae0499950e9,gt_geometry,strict,0.0,0.0,,0,0,8
24ab9ae0499950e9,grpo_mass_pc,operational,0.0,0.0,,0,0,15
24ab9ae0499950e9,grpo_mass_pc,strict,0.0,0.0,,0,0,0
0d24b5cc9f005fe0,score,operational,0.0,0.0,,0,0,16
0d24b5cc9f005fe0,score,strict,0.0,0.0,,0,0,16
0d24b5cc9f005fe0,pareto,operational,0.0,0.0,,0,0,16
0d24b5cc9f005fe0,pareto,strict,0.0,0.0,,0,0,16
0d24b5cc9f005fe0,gt_geometry,operational,0.0,0.0,,0,0,12
0d24b5cc9f005fe0,gt_geometry,strict,0.0,0.0,,0,0,12
0d24b5cc9f005fe0,grpo_mass_pc,operational,0.0,0.0,,0,0,16
0d24b5cc9f005fe0,grpo_mass_pc,strict,0.0,0.0,,0,0,0
c3cb403773505798,score,operational,0.0,0.0,,0,0,16
c3cb403773505798,score,strict,0.0,0.0,,0,0,16
c3cb403773505798,pareto,operational,0.0,0.0,,0,0,16
c3cb403773505798,pareto,strict,0.0,0.0,,0,0,16
c3cb403773505798,gt_geometry,operational,0.0,0.0,,0,0,12
c3cb403773505798,gt_geometry,strict,0.0,0.0,,0,0,12
c3cb403773505798,grpo_mass_pc,operational,0.0,0.0,,0,0,16
c3cb403773505798,grpo_mass_pc,strict,0.0,0.0,,0,0,0
b696a6cffd3a5700,score,operational,0.0,0.0,,0,0,16
b696a6cffd3a5700,score,strict,0.0,0.0,,0,0,16
b696a6cffd3a5700,pareto,operational,0.0,0.0,,0,0,16
b696a6cffd3a5700,pareto,strict,0.0,0.0,,0,0,16
b696a6cffd3a5700,gt_geometry,operational,0.0,0.0,,0,0,16
b696a6cffd3a5700,gt_geometry,strict,0.0,0.0,,0,0,16
b696a6cffd3a5700,grpo_mass_pc,operational,0.0,0.0,,0,0,16
b696a6cffd3a5700,grpo_mass_pc,strict,0.0,0.0,,0,0,0
0a02ef840f2d5d8e,score,operational,0.0,0.0,,0,0,13
0a02ef840f2d5d8e,score,strict,0.0,0.0,,0,0,13
0a02ef840f2d5d8e,pareto,operational,0.0,0.0,,0,0,13
0a02ef840f2d5d8e,pareto,strict,0.0,0.0,,0,0,13
0a02ef840f2d5d8e,gt_geometry,operational,0.0,0.0,,0,0,11
0a02ef840f2d5d8e,gt_geometry,strict,0.0,0.0,,0,0,11
0a02ef840f2d5d8e,grpo_mass_pc,operational,0.0,0.0,,0,0,13
0a02ef840f2d5d8e,grpo_mass_pc,strict,0.0,0.0,,0,0,0
ee0d56667d9755c2,score,operational,0.0,0.0,,0,0,16
ee0d56667d9755c2,score,strict,0.0,0.0,,0,0,16
ee0d56667d9755c2,pareto,operational,0.0,0.0,,0,0,16
ee0d56667d9755c2,pareto,strict,0.0,0.0,,0,0,16
ee0d56667d9755c2,gt_geometry,operational,0.0,0.0,,0,0,14
ee0d56667d9755c2,gt_geometry,strict,0.0,0.0,,0,0,14
ee0d56667d9755c2,grpo_mass_pc,operational,0.0,0.0,,0,0,16
ee0d56667d9755c2,grpo_mass_pc,strict,0.0,0.0,,0,0,0
575564a1b87c5502,score,operational,0.0,0.0,,0,0,16
575564a1b87c5502,score,strict,0.0,0.0,,0,0,16
575564a1b87c5502,pareto,operational,0.0,0.0,,0,0,16
575564a1b87c5502,pareto,strict,0.0,0.0,,0,0,16
575564a1b87c5502,gt_geometry,operational,0.0,0.0,,0,0,16
575564a1b87c5502,gt_geometry,strict,0.0,0.0,,0,0,16
575564a1b87c5502,grpo_mass_pc,operational,0.0,0.0,,0,0,16
575564a1b87c5502,grpo_mass_pc,strict,0.0,0.0,,0,0,0
7e5d78b37ed653b1,score,operational,0.0,0.0,,0,0,15
7e5d78b37ed653b1,score,strict,0.0,0.0,,0,0,15
7e5d78b37ed653b1,pareto,operational,0.0,0.0,,0,0,15
7e5d78b37ed653b1,pareto,strict,0.0,0.0,,0,0,15
7e5d78b37ed653b1,gt_geometry,operational,0.0,0.0,,0,0,13
7e5d78b37ed653b1,gt_geometry,strict,0.0,0.0,,0,0,13
7e5d78b37ed653b1,grpo_mass_pc,operational,0.0,0.0,,0,0,15
7e5d78b37ed653b1,grpo_mass_pc,strict,0.0,0.0,,0,0,0
b003c9652cb05ffd,score,operational,0.0,0.0,,0,0,16
b003c9652cb05ffd,score,strict,0.0,0.0,,0,0,16
b003c9652cb05ffd,pareto,operational,0.0,0.0,,0,0,16
b003c9652cb05ffd,pareto,strict,0.0,0.0,,0,0,16
b003c9652cb05ffd,gt_geometry,operational,0.0009765625,0.0009765625,,0,0,16
b003c9652cb05ffd,gt_geometry,strict,0.0009765625,0.0009765625,,0,0,16
b003c9652cb05ffd,grpo_mass_pc,operational,0.0,0.0,,0,0,16
b003c9652cb05ffd,grpo_mass_pc,strict,0.0,0.0,,0,0,0
a9e5ed5e52b555bb,score,operational,0.0,0.0,,0,0,16
a9e5ed5e52b555bb,score,strict,0.0,0.0,,0,0,16
a9e5ed5e52b555bb,pareto,operational,0.0,0.0,,0,0,16
a9e5ed5e52b555bb,pareto,strict,0.0,0.0,,0,0,16
a9e5ed5e52b555bb,gt_geometry,operational,0.0,0.0,,0,0,16
a9e5ed5e52b555bb,gt_geometry,strict,0.0,0.0,,0,0,16
a9e5ed5e52b555bb,grpo_mass_pc,operational,0.0,0.0,,0,0,16
a9e5ed5e52b555bb,grpo_mass_pc,strict,0.0,0.0,,0,0,0
a2c048ba29a85ad0,score,operational,0.0,0.0,,0,0,16
a2c048ba29a85ad0,score,strict,0.0,0.0,,0,0,16
a2c048ba29a85ad0,pareto,operational,0.0,0.0,,0,0,16
a2c048ba29a85ad0,pareto,strict,0.0,0.0,,0,0,16
a2c048ba29a85ad0,gt_geometry,operational,0.0,0.0,,0,0,13
a2c048ba29a85ad0,gt_geometry,strict,0.0,0.0,,0,0,13
a2c048ba29a85ad0,grpo_mass_pc,operational,0.0,0.0,,0,0,16
a2c048ba29a85ad0,grpo_mass_pc,strict,0.0,0.0,,0,0,0
90cee81074335c3c,score,operational,0.0,0.0,,0,0,16
90cee81074335c3c,score,strict,0.0,0.0,,0,0,16
90cee81074335c3c,pareto,operational,0.0,0.0,,0,0,16
90cee81074335c3c,pareto,strict,0.0,0.0,,0,0,16
90cee81074335c3c,gt_geometry,operational,0.0,0.0,,0,0,14
90cee81074335c3c,gt_geometry,strict,0.0,0.0,,0,0,14
90cee81074335c3c,grpo_mass_pc,operational,0.0,0.0,,0,0,16
90cee81074335c3c,grpo_mass_pc,strict,0.0,0.0,,0,0,0
f40040c002375188,score,operational,0.0,0.0,,0,0,16
f40040c002375188,score,strict,0.0,0.0,,0,0,16
f40040c002375188,pareto,operational,0.0,0.0,,0,0,16
f40040c002375188,pareto,strict,0.0,0.0,,0,0,16
f40040c002375188,gt_geometry,operational,0.0,0.0,,0,0,11
f40040c002375188,gt_geometry,strict,0.0,0.0,,0,0,11
f40040c002375188,grpo_mass_pc,operational,0.0,0.0,,0,0,16
f40040c002375188,grpo_mass_pc,strict,0.0,0.0,,0,0,0
7ff1d8c18a215751,score,operational,0.0,0.0,,0,0,16
7ff1d8c18a215751,score,strict,0.0,0.0,,0,0,16
7ff1d8c18a215751,pareto,operational,0.0,0.0,,0,0,16
7ff1d8c18a215751,pareto,strict,0.0,0.0,,0,0,16
7ff1d8c18a215751,gt_geometry,operational,0.0,0.0,,0,0,8
7ff1d8c18a215751,gt_geometry,strict,0.0,0.0,,0,0,8
7ff1d8c18a215751,grpo_mass_pc,operational,0.0,0.0,,0,0,16
7ff1d8c18a215751,grpo_mass_pc,strict,0.0,0.0,,0,0,0
2eaf758421aa5190,score,operational,0.0,0.0,,0,0,16
2eaf758421aa5190,score,strict,0.0,0.0,,0,0,16
2eaf758421aa5190,pareto,operational,0.0,0.0,,0,0,16
2eaf758421aa5190,pareto,strict,0.0,0.0,,0,0,16
2eaf758421aa5190,gt_geometry,operational,0.0,0.0,,0,0,16
2eaf758421aa5190,gt_geometry,strict,0.0,0.0,,0,0,16
2eaf758421aa5190,grpo_mass_pc,operational,0.0,0.0,,0,0,16
2eaf758421aa5190,grpo_mass_pc,strict,0.0,0.0,,0,0,0
4bfb866afaf35777,score,operational,0.0,0.0,,0,0,16
4bfb866afaf35777,score,strict,0.0,0.0,,0,0,16
4bfb866afaf35777,pareto,operational,0.0,0.0,,0,0,16
4bfb866afaf35777,pareto,strict,0.0,0.0,,0,0,16
4bfb866afaf35777,gt_geometry,operational,0.0,0.0,,0,0,16
4bfb866afaf35777,gt_geometry,strict,0.0,0.0,,0,0,16
4bfb866afaf35777,grpo_mass_pc,operational,0.0,0.0,,0,0,16
4bfb866afaf35777,grpo_mass_pc,strict,0.0,0.0,,0,0,0
