model,epoch,optimizer_step,metric,value,wall_time
mts_8692,0,806,train/dpsi_residual_budget_active_ratio_epoch,0.0,1783963006.0554063
mts_8692,1,1613,train/dpsi_residual_budget_active_ratio_epoch,0.0,1783963546.7441947
mts_8692,2,2420,train/dpsi_residual_budget_active_ratio_epoch,0.0,1783964086.7947862
mts_8692,3,3227,train/dpsi_residual_budget_active_ratio_epoch,1.936333319463301e-05,1783964617.9174025
mts_8692,4,4034,train/dpsi_residual_budget_active_ratio_epoch,0.0001839516626205,1783965151.3646078
mts_8692,5,4841,train/dpsi_residual_budget_active_ratio_epoch,0.0006099449819885,1783965713.5018964
mts_8692,6,5648,train/dpsi_residual_budget_active_ratio_epoch,0.0019072883296757,1783966240.4955285
mts_8692,7,6455,train/dpsi_residual_budget_active_ratio_epoch,0.0049279686063528,1783966787.9379487
mts_8692,8,7262,train/dpsi_residual_budget_active_ratio_epoch,0.0105142900720238,1783967323.8216064
mts_8692,9,8069,train/dpsi_residual_budget_active_ratio_epoch,0.0176884047687053,1783967849.458546
mts_8692,10,8876,train/dpsi_residual_budget_active_ratio_epoch,0.0254724659025669,1783968385.3266249
mts_8692,11,9683,train/dpsi_residual_budget_active_ratio_epoch,0.038571760058403,1783968923.5384352
mts_8692,12,10490,train/dpsi_residual_budget_active_ratio_epoch,0.0536848418414592,1783969463.2419384
mts_8692,13,11297,train/dpsi_residual_budget_active_ratio_epoch,0.0703179463744163,1783970007.4670525
mts_8692,14,12104,train/dpsi_residual_budget_active_ratio_epoch,0.0961679965257644,1783970542.9898398
mts_8692,15,12911,train/dpsi_residual_budget_active_ratio_epoch,0.1328034251928329,1783971066.12367
mts_8692,16,13718,train/dpsi_residual_budget_active_ratio_epoch,0.1756641566753387,1783971594.169856
mts_8692,17,14525,train/dpsi_residual_budget_active_ratio_epoch,0.214555412530899,1783972128.261143
mts_8692,18,15332,train/dpsi_residual_budget_active_ratio_epoch,0.2570676207542419,1783972665.208188
mts_8692,19,16139,train/dpsi_residual_budget_active_ratio_epoch,0.2978274226188659,1783973224.0953803
mts_8692,20,16946,train/dpsi_residual_budget_active_ratio_epoch,0.3449577987194061,1783973756.4760137
mts_8692,21,17753,train/dpsi_residual_budget_active_ratio_epoch,0.3890577852725982,1783974283.3665712
mts_8692,22,18560,train/dpsi_residual_budget_active_ratio_epoch,0.4304953217506408,1783974815.9190576
mts_8692,23,19367,train/dpsi_residual_budget_active_ratio_epoch,0.4729397296905517,1783975344.6484923
mts_8692,24,20174,train/dpsi_residual_budget_active_ratio_epoch,0.5141546130180359,1783975875.1807046
mts_8692,25,20981,train/dpsi_residual_budget_active_ratio_epoch,0.5542367100715637,1783976401.332758
mts_8692,26,21788,train/dpsi_residual_budget_active_ratio_epoch,0.5955096483230591,1783976925.84849
mts_8692,27,22595,train/dpsi_residual_budget_active_ratio_epoch,0.6368019580841064,1783977464.6109383
mts_8692,28,23402,train/dpsi_residual_budget_active_ratio_epoch,0.691745400428772,1783977995.5958889
mts_8692,29,24209,train/dpsi_residual_budget_active_ratio_epoch,0.7449074387550354,1783978529.2918596
mts_8692,30,25016,train/dpsi_residual_budget_active_ratio_epoch,0.7865289449691772,1783979061.7240438
mts_8692,31,25823,train/dpsi_residual_budget_active_ratio_epoch,0.8196499347686768,1783979589.6756608
mts_8692,32,26630,train/dpsi_residual_budget_active_ratio_epoch,0.8478235602378845,1783980122.3359427
mts_8692,33,27437,train/dpsi_residual_budget_active_ratio_epoch,0.8659863471984863,1783980664.570644
mts_8692,34,28244,train/dpsi_residual_budget_active_ratio_epoch,0.8811575174331665,1783981211.0966742
mts_8692,35,29051,train/dpsi_residual_budget_active_ratio_epoch,0.8905293941497803,1783981743.3846571
mts_8692,36,29858,train/dpsi_residual_budget_active_ratio_epoch,0.8987200856208801,1783982282.2103643
mts_8692,37,30665,train/dpsi_residual_budget_active_ratio_epoch,0.9067752361297609,1783982815.727595
mts_8692,38,31472,train/dpsi_residual_budget_active_ratio_epoch,0.9114998579025269,1783983356.8388507
mts_8692,39,32279,train/dpsi_residual_budget_active_ratio_epoch,0.915498435497284,1783983893.6633537
mts_8692,40,33086,train/dpsi_residual_budget_active_ratio_epoch,0.9182383418083192,1783984568.7225916
mts_8692,41,33893,train/dpsi_residual_budget_active_ratio_epoch,0.9185868501663208,1783985099.7686906
mts_8692,42,34700,train/dpsi_residual_budget_active_ratio_epoch,0.919099986553192,1783985631.9972162
mts_8692,43,35507,train/dpsi_residual_budget_active_ratio_epoch,0.9182963967323304,1783986167.4617517
mts_8692,44,36314,train/dpsi_residual_budget_active_ratio_epoch,0.919138729572296,1783986702.74403
mts_8692,45,37121,train/dpsi_residual_budget_active_ratio_epoch,0.9191483855247498,1783987231.2883282
mts_8692,46,37928,train/dpsi_residual_budget_active_ratio_epoch,0.9187127351760864,1783987763.976967
mts_8692,47,38735,train/dpsi_residual_budget_active_ratio_epoch,0.9185287952423096,1783988303.6208324
mts_8692,48,39542,train/dpsi_residual_budget_active_ratio_epoch,0.9185384511947632,1783988828.955103
mts_8692,49,40349,train/dpsi_residual_budget_active_ratio_epoch,0.918441653251648,1783989360.1768491
mts_8692,50,41156,train/dpsi_residual_budget_active_ratio_epoch,0.9194969534873962,1783989883.5003457
mts_8692,51,41963,train/dpsi_residual_budget_active_ratio_epoch,0.9179865717887878,1783990413.675157
mts_8692,52,42770,train/dpsi_residual_budget_active_ratio_epoch,0.919138729572296,1783990942.9677038
mts_8692,53,43577,train/dpsi_residual_budget_active_ratio_epoch,0.919264554977417,1783991487.18341
mts_8692,54,44384,train/dpsi_residual_budget_active_ratio_epoch,0.9191483855247498,1783992032.08227
mts_8692,55,45191,train/dpsi_residual_budget_active_ratio_epoch,0.9190322160720824,1783992625.25172
mts_8692,56,45998,train/dpsi_residual_budget_active_ratio_epoch,0.9191677570343018,1783993222.848852
mts_8692,57,46805,train/dpsi_residual_budget_active_ratio_epoch,0.9189160466194152,1783993807.9210515
mts_8692,58,47612,train/dpsi_residual_budget_active_ratio_epoch,0.9197002649307252,1783994394.6062386
mts_8692,59,48419,train/dpsi_residual_budget_active_ratio_epoch,0.9192548990249634,1783994951.3558002
mts_8692,60,49226,train/dpsi_residual_budget_active_ratio_epoch,0.9190128445625304,1783995584.030681
mts_8692,61,50033,train/dpsi_residual_budget_active_ratio_epoch,0.919264554977417,1783996184.9900806
mts_8692,62,50840,train/dpsi_residual_budget_active_ratio_epoch,0.919158101081848,1783996761.1201727
mts_8692,63,51647,train/dpsi_residual_budget_active_ratio_epoch,0.9193904399871826,1783997350.9363115
mts_8692,64,52454,train/dpsi_residual_budget_active_ratio_epoch,0.9196421504020692,1783997945.7845938
mts_8692,65,53261,train/dpsi_residual_budget_active_ratio_epoch,0.9193516969680786,1783998518.7573502
mts_8692,66,54068,train/dpsi_residual_budget_active_ratio_epoch,0.9195550084114076,1783999077.4515412
mts_8692,67,54875,train/dpsi_residual_budget_active_ratio_epoch,0.9203683137893676,1783999639.8801372
mts_8692,68,55682,train/dpsi_residual_budget_active_ratio_epoch,0.9203489422798156,1784000201.9952826
mts_8692,69,56489,train/dpsi_residual_budget_active_ratio_epoch,0.919322669506073,1784000754.0865972
mts_8692,70,57296,train/dpsi_residual_budget_active_ratio_epoch,0.919545352458954,1784001313.644657
mts_8692,71,58103,train/dpsi_residual_budget_active_ratio_epoch,0.919303297996521,1784001861.0252442
mts_8692,72,58910,train/dpsi_residual_budget_active_ratio_epoch,0.9197583198547364,1784002437.4354432
mts_8692,73,59717,train/dpsi_residual_budget_active_ratio_epoch,0.9196905493736268,1784003013.59129
mts_8692,74,60524,train/dpsi_residual_budget_active_ratio_epoch,0.9203101992607116,1784003581.9409866
mts_8692,75,61331,train/dpsi_residual_budget_active_ratio_epoch,0.9196131229400636,1784004167.1512942
mts_8692,76,62138,train/dpsi_residual_budget_active_ratio_epoch,0.9195743799209596,1784004743.7685635
mts_8692,77,62945,train/dpsi_residual_budget_active_ratio_epoch,0.9193323254585266,1784005321.421075
mts_8692,78,63752,train/dpsi_residual_budget_active_ratio_epoch,0.9196227788925172,1784005900.3598983
mts_8692,79,64559,train/dpsi_residual_budget_active_ratio_epoch,0.9200100898742676,1784006489.1660106
mts_8692,80,65366,train/dpsi_residual_budget_active_ratio_epoch,0.9196905493736268,1784007063.9175673
mts_8692,81,66173,train/dpsi_residual_budget_active_ratio_epoch,0.9194291830062866,1784007623.401443
mts_8692,82,66980,train/dpsi_residual_budget_active_ratio_epoch,0.9201359152793884,1784008204.5188336
mts_8692,83,67787,train/dpsi_residual_budget_active_ratio_epoch,0.9199810028076172,1784008793.9111164
mts_8692,84,68594,train/dpsi_residual_budget_active_ratio_epoch,0.9194678664207458,1784009360.9726708
mts_8692,85,69401,train/dpsi_residual_budget_active_ratio_epoch,0.9201940298080444,1784009928.7033446
mts_8692,86,70208,train/dpsi_residual_budget_active_ratio_epoch,0.9197874069213868,1784010510.6501565
mts_8692,87,71015,train/dpsi_residual_budget_active_ratio_epoch,0.9193904399871826,1784011078.183417
mts_8692,88,71822,train/dpsi_residual_budget_active_ratio_epoch,0.9192161560058594,1784011653.2327938
mts_8692,89,72629,train/dpsi_residual_budget_active_ratio_epoch,0.9201262593269348,1784012225.656722
mts_8692,90,73436,train/dpsi_residual_budget_active_ratio_epoch,0.9196227788925172,1784012798.7067635
mts_8692,91,74243,train/dpsi_residual_budget_active_ratio_epoch,0.9200487732887268,1784013368.2406762
mts_8692,92,75050,train/dpsi_residual_budget_active_ratio_epoch,0.9203779697418212,1784013936.0097954
mts_8692,93,75857,train/dpsi_residual_budget_active_ratio_epoch,0.9197874069213868,1784014498.104356
mts_8692,94,76664,train/dpsi_residual_budget_active_ratio_epoch,0.919922947883606,1784015066.9461844
mts_8692,95,77471,train/dpsi_residual_budget_active_ratio_epoch,0.919845461845398,1784015631.9549186
mts_8692,96,78278,train/dpsi_residual_budget_active_ratio_epoch,0.9200197458267212,1784016198.9996605
mts_8692,97,79085,train/dpsi_residual_budget_active_ratio_epoch,0.9199810028076172,1784016748.6672351
mts_8692,98,79892,train/dpsi_residual_budget_active_ratio_epoch,0.919584095478058,1784017340.0107048
mts_8692,99,80699,train/dpsi_residual_budget_active_ratio_epoch,0.9199132323265076,1784018210.1215563
mts_8692,100,81506,train/dpsi_residual_budget_active_ratio_epoch,0.91986483335495,1784018822.0085018
mts_8692,101,82313,train/dpsi_residual_budget_active_ratio_epoch,0.9199810028076172,1784019405.1285815
mts_8692,102,83120,train/dpsi_residual_budget_active_ratio_epoch,0.919922947883606,1784020144.5409253
mts_8692,103,83927,train/dpsi_residual_budget_active_ratio_epoch,0.9203876256942748,1784020893.423704
mts_8692,104,84734,train/dpsi_residual_budget_active_ratio_epoch,0.91960346698761,1784021528.748786
mts_8692,105,85541,train/dpsi_residual_budget_active_ratio_epoch,0.9190322160720824,1784022147.1982956
mts_8692,106,86348,train/dpsi_residual_budget_active_ratio_epoch,0.9198067784309388,1784022813.5048106
mts_8692,107,87155,train/dpsi_residual_budget_active_ratio_epoch,0.9196131229400636,1784023434.5860248
mts_8692,108,87962,train/dpsi_residual_budget_active_ratio_epoch,0.9192161560058594,1784024108.496508
mts_8692,109,88769,train/dpsi_residual_budget_active_ratio_epoch,0.9193710684776306,1784024717.0259368
mts_8692,110,89576,train/dpsi_residual_budget_active_ratio_epoch,0.9191290140151978,1784025355.252857
mts_8692,111,90383,train/dpsi_residual_budget_active_ratio_epoch,0.9198067784309388,1784025942.2339137
mts_8692,112,91190,train/dpsi_residual_budget_active_ratio_epoch,0.9186159372329712,1784026571.9226303
mts_8692,113,91997,train/dpsi_residual_budget_active_ratio_epoch,0.9192355275154114,1784027151.1774044
mts_8692,114,92804,train/dpsi_residual_budget_active_ratio_epoch,0.9197099208831788,1784027776.9013631
mts_8692,115,93611,train/dpsi_residual_budget_active_ratio_epoch,0.919099986553192,1784028356.6784031
mts_8692,116,94418,train/dpsi_residual_budget_active_ratio_epoch,0.918741762638092,1784028975.1858664
mts_8692,117,95225,train/dpsi_residual_budget_active_ratio_epoch,0.919158101081848,1784029555.847993
mts_8692,118,96032,train/dpsi_residual_budget_active_ratio_epoch,0.9185481667518616,1784030188.368819
mts_8692,119,96839,train/dpsi_residual_budget_active_ratio_epoch,0.9188289046287536,1784030770.4910097
mts_8692,120,97646,train/dpsi_residual_budget_active_ratio_epoch,0.9185384511947632,1784031407.388997
mts_8692,121,98453,train/dpsi_residual_budget_active_ratio_epoch,0.9183545112609864,1784031981.2004185
mts_8692,122,99260,train/dpsi_residual_budget_active_ratio_epoch,0.9188192486763,1784032602.3827636
mts_8692,123,100067,train/dpsi_residual_budget_active_ratio_epoch,0.9188192486763,1784033186.7715874
mts_8692,124,100874,train/dpsi_residual_budget_active_ratio_epoch,0.9184803366661072,1784033804.8980668
mts_8692,125,101681,train/dpsi_residual_budget_active_ratio_epoch,0.9186449646949768,1784034388.839534
mts_8692,126,102488,train/dpsi_residual_budget_active_ratio_epoch,0.9188095331192015,1784035003.4742591
mts_8692,127,103295,train/dpsi_residual_budget_active_ratio_epoch,0.9183738827705384,1784035591.4646878
mts_8692,128,104102,train/dpsi_residual_budget_active_ratio_epoch,0.9192452430725098,1784036208.256795
mts_8692,129,104909,train/dpsi_residual_budget_active_ratio_epoch,0.9189838171005248,1784036787.8800373
mts_8692,130,105716,train/dpsi_residual_budget_active_ratio_epoch,0.9185384511947632,1784037408.4432995
mts_8692,131,106523,train/dpsi_residual_budget_active_ratio_epoch,0.9179865717887878,1784037988.3287246
mts_8692,132,107330,train/dpsi_residual_budget_active_ratio_epoch,0.918344795703888,1784038608.720672
mts_8692,133,108137,train/dpsi_residual_budget_active_ratio_epoch,0.917880117893219,1784039180.7003
mts_8692,134,108944,train/dpsi_residual_budget_active_ratio_epoch,0.9186739921569824,1784039797.0032876
mts_8692,135,109751,train/dpsi_residual_budget_active_ratio_epoch,0.9188579320907592,1784040374.2559123
mts_8692,136,110558,train/dpsi_residual_budget_active_ratio_epoch,0.9184997081756592,1784040993.3213766
mts_8692,137,111365,train/dpsi_residual_budget_active_ratio_epoch,0.9179381728172302,1784041565.1501026
mts_8692,138,112172,train/dpsi_residual_budget_active_ratio_epoch,0.917880117893219,1784042189.6585348
mts_8692,139,112979,train/dpsi_residual_budget_active_ratio_epoch,0.91836416721344,1784042772.7478473
mts_8692,140,113786,train/dpsi_residual_budget_active_ratio_epoch,0.9186546206474304,1784043387.438197
mts_8692,141,114593,train/dpsi_residual_budget_active_ratio_epoch,0.9182092547416688,1784043965.768051
mts_8692,142,115400,train/dpsi_residual_budget_active_ratio_epoch,0.9186739921569824,1784044573.9433737
mts_8692,143,116207,train/dpsi_residual_budget_active_ratio_epoch,0.9177736043930054,1784045172.2580726
mts_8692,144,117014,train/dpsi_residual_budget_active_ratio_epoch,0.9181511998176576,1784045790.6126003
mts_8692,145,117821,train/dpsi_residual_budget_active_ratio_epoch,0.9177058339118958,1784046381.405151
mts_8692,146,118628,train/dpsi_residual_budget_active_ratio_epoch,0.9177348613739014,1784046997.7973597
mts_8692,147,119435,train/dpsi_residual_budget_active_ratio_epoch,0.9179672598838806,1784047572.6127057
mts_8692,148,120242,train/dpsi_residual_budget_active_ratio_epoch,0.9173669815063475,1784048189.2183547
mts_8692,149,121049,train/dpsi_residual_budget_active_ratio_epoch,0.9165827631950378,1784048781.3337748
mts_8692,150,121856,train/dpsi_residual_budget_active_ratio_epoch,0.9172701835632324,1784049396.4525354
mts_8692,151,122663,train/dpsi_residual_budget_active_ratio_epoch,0.9169506430625916,1784049978.6681778
mts_8692,152,123470,train/dpsi_residual_budget_active_ratio_epoch,0.9174444079399108,1784050609.476399
mts_8692,153,124277,train/dpsi_residual_budget_active_ratio_epoch,0.9175702929496764,1784051188.9539287
mts_8692,154,125084,train/dpsi_residual_budget_active_ratio_epoch,0.9167183041572572,1784051822.6298923
mts_8692,155,125891,train/dpsi_residual_budget_active_ratio_epoch,0.917841374874115,1784052399.8476
mts_8692,156,126698,train/dpsi_residual_budget_active_ratio_epoch,0.9170958995819092,1784053026.4690373
mts_8692,157,127505,train/dpsi_residual_budget_active_ratio_epoch,0.9171346426010132,1784053597.7231443
mts_8692,158,128312,train/dpsi_residual_budget_active_ratio_epoch,0.9180446863174438,1784054219.5248797
mts_8692,159,129119,train/dpsi_residual_budget_active_ratio_epoch,0.9165730476379396,1784054800.4531293
mts_8692,160,129926,train/dpsi_residual_budget_active_ratio_epoch,0.9166215062141418,1784055415.887195
mts_8692,161,130733,train/dpsi_residual_budget_active_ratio_epoch,0.9168925881385804,1784055994.3611193
mts_8692,162,131540,train/dpsi_residual_budget_active_ratio_epoch,0.9170861840248108,1784056615.5593896
mts_8692,163,132347,train/dpsi_residual_budget_active_ratio_epoch,0.9166892766952516,1784057194.8641305
mts_8692,164,133154,train/dpsi_residual_budget_active_ratio_epoch,0.916214883327484,1784057815.21765
mts_8692,165,133961,train/dpsi_residual_budget_active_ratio_epoch,0.9171152710914612,1784058400.7397597
mts_8692,0,806,train/dpsi_non_gt_residual_mass_ratio_pre_budget_epoch,0.0,1783963006.059235
mts_8692,1,1613,train/dpsi_non_gt_residual_mass_ratio_pre_budget_epoch,0.002540124580264,1783963546.7485776
mts_8692,2,2420,train/dpsi_non_gt_residual_mass_ratio_pre_budget_epoch,0.0082363104447722,1783964086.798719
mts_8692,3,3227,train/dpsi_non_gt_residual_mass_ratio_pre_budget_epoch,0.0161408316344022,1783964617.9214022
mts_8692,4,4034,train/dpsi_non_gt_residual_mass_ratio_pre_budget_epoch,0.0253118034452199,1783965151.368946
mts_8692,5,4841,train/dpsi_non_gt_residual_mass_ratio_pre_budget_epoch,0.0361709706485271,1783965713.5075843
mts_8692,6,5648,train/dpsi_non_gt_residual_mass_ratio_pre_budget_epoch,0.0494183339178562,1783966240.499997
mts_8692,7,6455,train/dpsi_non_gt_residual_mass_ratio_pre_budget_epoch,0.0643410086631774,1783966787.94214
mts_8692,8,7262,train/dpsi_non_gt_residual_mass_ratio_pre_budget_epoch,0.0791837200522422,1783967323.826296
mts_8692,9,8069,train/dpsi_non_gt_residual_mass_ratio_pre_budget_epoch,0.0937598422169685,1783967849.4634955
mts_8692,10,8876,train/dpsi_non_gt_residual_mass_ratio_pre_budget_epoch,0.108814001083374,1783968385.3306675
mts_8692,11,9683,train/dpsi_non_gt_residual_mass_ratio_pre_budget_epoch,0.1237396970391273,1783968923.5423682
mts_8692,12,10490,train/dpsi_non_gt_residual_mass_ratio_pre_budget_epoch,0.1390677988529205,1783969463.246616
mts_8692,13,11297,train/dpsi_non_gt_residual_mass_ratio_pre_budget_epoch,0.1562674194574356,1783970007.4722571
mts_8692,14,12104,train/dpsi_non_gt_residual_mass_ratio_pre_budget_epoch,0.1879938095808029,1783970542.9941158
mts_8692,15,12911,train/dpsi_non_gt_residual_mass_ratio_pre_budget_epoch,0.2199390232563018,1783971066.1276047
mts_8692,16,13718,train/dpsi_non_gt_residual_mass_ratio_pre_budget_epoch,0.2417945861816406,1783971594.1748571
mts_8692,17,14525,train/dpsi_non_gt_residual_mass_ratio_pre_budget_epoch,0.2555224597454071,1783972128.26589
mts_8692,18,15332,train/dpsi_non_gt_residual_mass_ratio_pre_budget_epoch,0.2689317166805267,1783972665.213447
mts_8692,19,16139,train/dpsi_non_gt_residual_mass_ratio_pre_budget_epoch,0.2821706235408783,1783973224.1125295
mts_8692,20,16946,train/dpsi_non_gt_residual_mass_ratio_pre_budget_epoch,0.2962754666805267,1783973756.4807785
mts_8692,21,17753,train/dpsi_non_gt_residual_mass_ratio_pre_budget_epoch,0.3098329901695251,1783974283.3708563
mts_8692,22,18560,train/dpsi_non_gt_residual_mass_ratio_pre_budget_epoch,0.3233585953712463,1783974815.9237576
mts_8692,23,19367,train/dpsi_non_gt_residual_mass_ratio_pre_budget_epoch,0.3370572924613952,1783975344.6526527
mts_8692,24,20174,train/dpsi_non_gt_residual_mass_ratio_pre_budget_epoch,0.3502288460731506,1783975875.1850314
mts_8692,25,20981,train/dpsi_non_gt_residual_mass_ratio_pre_budget_epoch,0.3632044792175293,1783976401.3376114
mts_8692,26,21788,train/dpsi_non_gt_residual_mass_ratio_pre_budget_epoch,0.376735508441925,1783976925.8541613
mts_8692,27,22595,train/dpsi_non_gt_residual_mass_ratio_pre_budget_epoch,0.3902648389339447,1783977464.61496
mts_8692,28,23402,train/dpsi_non_gt_residual_mass_ratio_pre_budget_epoch,0.402168333530426,1783977995.5996592
mts_8692,29,24209,train/dpsi_non_gt_residual_mass_ratio_pre_budget_epoch,0.4166326820850372,1783978529.295818
mts_8692,30,25016,train/dpsi_non_gt_residual_mass_ratio_pre_budget_epoch,0.4290870428085327,1783979061.7294254
mts_8692,31,25823,train/dpsi_non_gt_residual_mass_ratio_pre_budget_epoch,0.4425105154514313,1783979589.680982
mts_8692,32,26630,train/dpsi_non_gt_residual_mass_ratio_pre_budget_epoch,0.4558171033859253,1783980122.3730874
mts_8692,33,27437,train/dpsi_non_gt_residual_mass_ratio_pre_budget_epoch,0.4689358174800873,1783980664.5751886
mts_8692,34,28244,train/dpsi_non_gt_residual_mass_ratio_pre_budget_epoch,0.4810059666633606,1783981211.10075
mts_8692,35,29051,train/dpsi_non_gt_residual_mass_ratio_pre_budget_epoch,0.4940930604934692,1783981743.3885982
mts_8692,36,29858,train/dpsi_non_gt_residual_mass_ratio_pre_budget_epoch,0.5076344013214111,1783982282.2648616
mts_8692,37,30665,train/dpsi_non_gt_residual_mass_ratio_pre_budget_epoch,0.5201722979545593,1783982815.7318428
mts_8692,38,31472,train/dpsi_non_gt_residual_mass_ratio_pre_budget_epoch,0.5324056148529053,1783983356.8428016
mts_8692,39,32279,train/dpsi_non_gt_residual_mass_ratio_pre_budget_epoch,0.5445790886878967,1783983893.6673353
mts_8692,40,33086,train/dpsi_non_gt_residual_mass_ratio_pre_budget_epoch,0.5567971467971802,1783984568.7270958
mts_8692,41,33893,train/dpsi_non_gt_residual_mass_ratio_pre_budget_epoch,0.5577094554901123,1783985099.7732167
mts_8692,42,34700,train/dpsi_non_gt_residual_mass_ratio_pre_budget_epoch,0.5588386654853821,1783985632.0013435
mts_8692,43,35507,train/dpsi_non_gt_residual_mass_ratio_pre_budget_epoch,0.5592423677444458,1783986167.465718
mts_8692,44,36314,train/dpsi_non_gt_residual_mass_ratio_pre_budget_epoch,0.5604283213615417,1783986702.7480578
mts_8692,45,37121,train/dpsi_non_gt_residual_mass_ratio_pre_budget_epoch,0.5615847110748291,1783987231.2924027
mts_8692,46,37928,train/dpsi_non_gt_residual_mass_ratio_pre_budget_epoch,0.5613625049591064,1783987763.9811308
mts_8692,47,38735,train/dpsi_non_gt_residual_mass_ratio_pre_budget_epoch,0.5616983771324158,1783988303.6247845
mts_8692,48,39542,train/dpsi_non_gt_residual_mass_ratio_pre_budget_epoch,0.5629925727844238,1783988828.9592972
mts_8692,49,40349,train/dpsi_non_gt_residual_mass_ratio_pre_budget_epoch,0.564418613910675,1783989360.1809971
mts_8692,50,41156,train/dpsi_non_gt_residual_mass_ratio_pre_budget_epoch,0.5656822323799133,1783989883.5053697
mts_8692,51,41963,train/dpsi_non_gt_residual_mass_ratio_pre_budget_epoch,0.5662664771080017,1783990413.679543
mts_8692,52,42770,train/dpsi_non_gt_residual_mass_ratio_pre_budget_epoch,0.5674706101417542,1783990942.9721456
mts_8692,53,43577,train/dpsi_non_gt_residual_mass_ratio_pre_budget_epoch,0.5668403506278992,1783991487.187684
mts_8692,54,44384,train/dpsi_non_gt_residual_mass_ratio_pre_budget_epoch,0.5678043365478516,1783992032.2172475
mts_8692,55,45191,train/dpsi_non_gt_residual_mass_ratio_pre_budget_epoch,0.5694100260734558,1783992625.2567463
mts_8692,56,45998,train/dpsi_non_gt_residual_mass_ratio_pre_budget_epoch,0.5709440112113953,1783993222.856532
mts_8692,57,46805,train/dpsi_non_gt_residual_mass_ratio_pre_budget_epoch,0.571704626083374,1783993807.927713
mts_8692,58,47612,train/dpsi_non_gt_residual_mass_ratio_pre_budget_epoch,0.5718204975128174,1783994394.6109717
mts_8692,59,48419,train/dpsi_non_gt_residual_mass_ratio_pre_budget_epoch,0.5741490721702576,1783994951.360469
mts_8692,60,49226,train/dpsi_non_gt_residual_mass_ratio_pre_budget_epoch,0.5749495625495911,1783995584.197958
mts_8692,61,50033,train/dpsi_non_gt_residual_mass_ratio_pre_budget_epoch,0.5742492079734802,1783996185.0245135
mts_8692,62,50840,train/dpsi_non_gt_residual_mass_ratio_pre_budget_epoch,0.5746147632598877,1783996761.1470025
mts_8692,63,51647,train/dpsi_non_gt_residual_mass_ratio_pre_budget_epoch,0.5762145519256592,1783997350.94111
mts_8692,64,52454,train/dpsi_non_gt_residual_mass_ratio_pre_budget_epoch,0.577738881111145,1783997945.7889466
mts_8692,65,53261,train/dpsi_non_gt_residual_mass_ratio_pre_budget_epoch,0.5783497095108032,1783998518.8056204
mts_8692,66,54068,train/dpsi_non_gt_residual_mass_ratio_pre_budget_epoch,0.5795288681983948,1783999077.526021
mts_8692,67,54875,train/dpsi_non_gt_residual_mass_ratio_pre_budget_epoch,0.5803549885749817,1783999639.8850312
mts_8692,68,55682,train/dpsi_non_gt_residual_mass_ratio_pre_budget_epoch,0.5816095471382141,1784000201.9995694
mts_8692,69,56489,train/dpsi_non_gt_residual_mass_ratio_pre_budget_epoch,0.5814189314842224,1784000754.0918024
mts_8692,70,57296,train/dpsi_non_gt_residual_mass_ratio_pre_budget_epoch,0.5836942791938782,1784001313.6496625
mts_8692,71,58103,train/dpsi_non_gt_residual_mass_ratio_pre_budget_epoch,0.5838873982429504,1784001861.0295253
mts_8692,72,58910,train/dpsi_non_gt_residual_mass_ratio_pre_budget_epoch,0.5852125883102417,1784002437.465212
mts_8692,73,59717,train/dpsi_non_gt_residual_mass_ratio_pre_budget_epoch,0.5856401920318604,1784003013.6516929
mts_8692,74,60524,train/dpsi_non_gt_residual_mass_ratio_pre_budget_epoch,0.5872616171836853,1784003581.946829
mts_8692,75,61331,train/dpsi_non_gt_residual_mass_ratio_pre_budget_epoch,0.5888479948043823,1784004167.2066388
mts_8692,76,62138,train/dpsi_non_gt_residual_mass_ratio_pre_budget_epoch,0.5903054475784302,1784004743.816548
mts_8692,77,62945,train/dpsi_non_gt_residual_mass_ratio_pre_budget_epoch,0.5889802575111389,1784005321.426528
mts_8692,78,63752,train/dpsi_non_gt_residual_mass_ratio_pre_budget_epoch,0.590111255645752,1784005900.365967
mts_8692,79,64559,train/dpsi_non_gt_residual_mass_ratio_pre_budget_epoch,0.5911015868186951,1784006489.3095496
mts_8692,80,65366,train/dpsi_non_gt_residual_mass_ratio_pre_budget_epoch,0.5919520258903503,1784007063.9985845
mts_8692,81,66173,train/dpsi_non_gt_residual_mass_ratio_pre_budget_epoch,0.5930135846138,1784007623.4400735
mts_8692,82,66980,train/dpsi_non_gt_residual_mass_ratio_pre_budget_epoch,0.5944405198097229,1784008204.6084762
mts_8692,83,67787,train/dpsi_non_gt_residual_mass_ratio_pre_budget_epoch,0.5964054465293884,1784008793.9772313
mts_8692,84,68594,train/dpsi_non_gt_residual_mass_ratio_pre_budget_epoch,0.5963332056999207,1784009360.985623
mts_8692,85,69401,train/dpsi_non_gt_residual_mass_ratio_pre_budget_epoch,0.5967350006103516,1784009928.7081137
mts_8692,86,70208,train/dpsi_non_gt_residual_mass_ratio_pre_budget_epoch,0.5984052419662476,1784010510.668631
mts_8692,87,71015,train/dpsi_non_gt_residual_mass_ratio_pre_budget_epoch,0.59889817237854,1784011078.2368226
mts_8692,88,71822,train/dpsi_non_gt_residual_mass_ratio_pre_budget_epoch,0.5992739796638489,1784011653.4088202
mts_8692,89,72629,train/dpsi_non_gt_residual_mass_ratio_pre_budget_epoch,0.6015198230743408,1784012225.6994045
mts_8692,90,73436,train/dpsi_non_gt_residual_mass_ratio_pre_budget_epoch,0.6015369892120361,1784012798.844849
mts_8692,91,74243,train/dpsi_non_gt_residual_mass_ratio_pre_budget_epoch,0.6028047800064087,1784013368.2852838
mts_8692,92,75050,train/dpsi_non_gt_residual_mass_ratio_pre_budget_epoch,0.6044697165489197,1784013936.0900314
mts_8692,93,75857,train/dpsi_non_gt_residual_mass_ratio_pre_budget_epoch,0.6053466796875,1784014498.1665635
mts_8692,94,76664,train/dpsi_non_gt_residual_mass_ratio_pre_budget_epoch,0.6065464615821838,1784015066.9532552
mts_8692,95,77471,train/dpsi_non_gt_residual_mass_ratio_pre_budget_epoch,0.6073006391525269,1784015632.0036843
mts_8692,96,78278,train/dpsi_non_gt_residual_mass_ratio_pre_budget_epoch,0.6084120869636536,1784016199.0056353
mts_8692,97,79085,train/dpsi_non_gt_residual_mass_ratio_pre_budget_epoch,0.6093262434005737,1784016748.778865
mts_8692,98,79892,train/dpsi_non_gt_residual_mass_ratio_pre_budget_epoch,0.6093745827674866,1784017340.0525768
mts_8692,99,80699,train/dpsi_non_gt_residual_mass_ratio_pre_budget_epoch,0.6108953356742859,1784018210.1625202
mts_8692,100,81506,train/dpsi_non_gt_residual_mass_ratio_pre_budget_epoch,0.6130267381668091,1784018822.0140314
mts_8692,101,82313,train/dpsi_non_gt_residual_mass_ratio_pre_budget_epoch,0.6124400496482849,1784019405.1790397
mts_8692,102,83120,train/dpsi_non_gt_residual_mass_ratio_pre_budget_epoch,0.6144295334815979,1784020144.5850146
mts_8692,103,83927,train/dpsi_non_gt_residual_mass_ratio_pre_budget_epoch,0.6154109835624695,1784020893.4509149
mts_8692,104,84734,train/dpsi_non_gt_residual_mass_ratio_pre_budget_epoch,0.616929829120636,1784021528.8997102
mts_8692,105,85541,train/dpsi_non_gt_residual_mass_ratio_pre_budget_epoch,0.615729808807373,1784022147.246257
mts_8692,106,86348,train/dpsi_non_gt_residual_mass_ratio_pre_budget_epoch,0.6180489659309387,1784022813.5128076
mts_8692,107,87155,train/dpsi_non_gt_residual_mass_ratio_pre_budget_epoch,0.6186420917510986,1784023434.7330036
mts_8692,108,87962,train/dpsi_non_gt_residual_mass_ratio_pre_budget_epoch,0.6207597851753235,1784024108.501504
mts_8692,109,88769,train/dpsi_non_gt_residual_mass_ratio_pre_budget_epoch,0.6203022599220276,1784024717.0313733
mts_8692,110,89576,train/dpsi_non_gt_residual_mass_ratio_pre_budget_epoch,0.6217659711837769,1784025355.2581637
mts_8692,111,90383,train/dpsi_non_gt_residual_mass_ratio_pre_budget_epoch,0.6224693059921265,1784025942.278721
mts_8692,112,91190,train/dpsi_non_gt_residual_mass_ratio_pre_budget_epoch,0.6237552762031555,1784026571.9305437
mts_8692,113,91997,train/dpsi_non_gt_residual_mass_ratio_pre_budget_epoch,0.6261137127876282,1784027151.1821835
mts_8692,114,92804,train/dpsi_non_gt_residual_mass_ratio_pre_budget_epoch,0.6274075508117676,1784027776.9606528
mts_8692,115,93611,train/dpsi_non_gt_residual_mass_ratio_pre_budget_epoch,0.6265418529510498,1784028356.7593555
mts_8692,116,94418,train/dpsi_non_gt_residual_mass_ratio_pre_budget_epoch,0.6284318566322327,1784028975.2708747
mts_8692,117,95225,train/dpsi_non_gt_residual_mass_ratio_pre_budget_epoch,0.6299221515655518,1784029555.853168
mts_8692,118,96032,train/dpsi_non_gt_residual_mass_ratio_pre_budget_epoch,0.630277156829834,1784030188.3730743
mts_8692,119,96839,train/dpsi_non_gt_residual_mass_ratio_pre_budget_epoch,0.6322863698005676,1784030770.4950645
mts_8692,120,97646,train/dpsi_non_gt_residual_mass_ratio_pre_budget_epoch,0.6328229904174805,1784031407.394103
mts_8692,121,98453,train/dpsi_non_gt_residual_mass_ratio_pre_budget_epoch,0.6323707103729248,1784031981.2049203
mts_8692,122,99260,train/dpsi_non_gt_residual_mass_ratio_pre_budget_epoch,0.6351173520088196,1784032602.3868356
mts_8692,123,100067,train/dpsi_non_gt_residual_mass_ratio_pre_budget_epoch,0.6349900960922241,1784033186.776257
mts_8692,124,100874,train/dpsi_non_gt_residual_mass_ratio_pre_budget_epoch,0.6368869543075562,1784033804.90246
mts_8692,125,101681,train/dpsi_non_gt_residual_mass_ratio_pre_budget_epoch,0.6371476650238037,1784034388.8437583
mts_8692,126,102488,train/dpsi_non_gt_residual_mass_ratio_pre_budget_epoch,0.6380407810211182,1784035003.4794626
mts_8692,127,103295,train/dpsi_non_gt_residual_mass_ratio_pre_budget_epoch,0.6387767195701599,1784035591.469137
mts_8692,128,104102,train/dpsi_non_gt_residual_mass_ratio_pre_budget_epoch,0.6418871879577637,1784036208.2609782
mts_8692,129,104909,train/dpsi_non_gt_residual_mass_ratio_pre_budget_epoch,0.6401097774505615,1784036787.8844862
mts_8692,130,105716,train/dpsi_non_gt_residual_mass_ratio_pre_budget_epoch,0.6426205039024353,1784037408.5015774
mts_8692,131,106523,train/dpsi_non_gt_residual_mass_ratio_pre_budget_epoch,0.6444746255874634,1784037988.3331487
mts_8692,132,107330,train/dpsi_non_gt_residual_mass_ratio_pre_budget_epoch,0.6454298496246338,1784038608.7249348
mts_8692,133,108137,train/dpsi_non_gt_residual_mass_ratio_pre_budget_epoch,0.6458831429481506,1784039180.7044604
mts_8692,134,108944,train/dpsi_non_gt_residual_mass_ratio_pre_budget_epoch,0.6472132205963135,1784039797.0084236
mts_8692,135,109751,train/dpsi_non_gt_residual_mass_ratio_pre_budget_epoch,0.6493224501609802,1784040374.2598765
mts_8692,136,110558,train/dpsi_non_gt_residual_mass_ratio_pre_budget_epoch,0.6490125060081482,1784040993.3321054
mts_8692,137,111365,train/dpsi_non_gt_residual_mass_ratio_pre_budget_epoch,0.6504328846931458,1784041565.154709
mts_8692,138,112172,train/dpsi_non_gt_residual_mass_ratio_pre_budget_epoch,0.6512495875358582,1784042189.711097
mts_8692,139,112979,train/dpsi_non_gt_residual_mass_ratio_pre_budget_epoch,0.6523987650871277,1784042772.75187
mts_8692,140,113786,train/dpsi_non_gt_residual_mass_ratio_pre_budget_epoch,0.6538413763046265,1784043387.442963
mts_8692,141,114593,train/dpsi_non_gt_residual_mass_ratio_pre_budget_epoch,0.6528580188751221,1784043965.772318
mts_8692,142,115400,train/dpsi_non_gt_residual_mass_ratio_pre_budget_epoch,0.6546320915222168,1784044573.9817116
mts_8692,143,116207,train/dpsi_non_gt_residual_mass_ratio_pre_budget_epoch,0.6546536087989807,1784045172.263246
mts_8692,144,117014,train/dpsi_non_gt_residual_mass_ratio_pre_budget_epoch,0.6568595767021179,1784045790.6169364
mts_8692,145,117821,train/dpsi_non_gt_residual_mass_ratio_pre_budget_epoch,0.658230721950531,1784046381.4895906
mts_8692,146,118628,train/dpsi_non_gt_residual_mass_ratio_pre_budget_epoch,0.6591593623161316,1784046997.8649735
mts_8692,147,119435,train/dpsi_non_gt_residual_mass_ratio_pre_budget_epoch,0.6583847403526306,1784047572.6501586
mts_8692,148,120242,train/dpsi_non_gt_residual_mass_ratio_pre_budget_epoch,0.6598014235496521,1784048189.2242763
mts_8692,149,121049,train/dpsi_non_gt_residual_mass_ratio_pre_budget_epoch,0.6603112816810608,1784048781.3379183
mts_8692,150,121856,train/dpsi_non_gt_residual_mass_ratio_pre_budget_epoch,0.6615997552871704,1784049396.5153291
mts_8692,151,122663,train/dpsi_non_gt_residual_mass_ratio_pre_budget_epoch,0.6623256802558899,1784049978.6728232
mts_8692,152,123470,train/dpsi_non_gt_residual_mass_ratio_pre_budget_epoch,0.6641111969947815,1784050609.640818
mts_8692,153,124277,train/dpsi_non_gt_residual_mass_ratio_pre_budget_epoch,0.6657058000564575,1784051188.9584591
mts_8692,154,125084,train/dpsi_non_gt_residual_mass_ratio_pre_budget_epoch,0.6646284461021423,1784051822.6349587
mts_8692,155,125891,train/dpsi_non_gt_residual_mass_ratio_pre_budget_epoch,0.6653146743774414,1784052400.0471654
mts_8692,156,126698,train/dpsi_non_gt_residual_mass_ratio_pre_budget_epoch,0.667946457862854,1784053026.4753678
mts_8692,157,127505,train/dpsi_non_gt_residual_mass_ratio_pre_budget_epoch,0.6687281727790833,1784053597.728971
mts_8692,158,128312,train/dpsi_non_gt_residual_mass_ratio_pre_budget_epoch,0.6689707040786743,1784054219.5290656
mts_8692,159,129119,train/dpsi_non_gt_residual_mass_ratio_pre_budget_epoch,0.6691834926605225,1784054800.4572718
mts_8692,160,129926,train/dpsi_non_gt_residual_mass_ratio_pre_budget_epoch,0.6689993143081665,1784055415.8922117
mts_8692,161,130733,train/dpsi_non_gt_residual_mass_ratio_pre_budget_epoch,0.6704733371734619,1784055994.365348
mts_8692,162,131540,train/dpsi_non_gt_residual_mass_ratio_pre_budget_epoch,0.6724469065666199,1784056615.565638
mts_8692,163,132347,train/dpsi_non_gt_residual_mass_ratio_pre_budget_epoch,0.6732779145240784,1784057194.8703616
mts_8692,164,133154,train/dpsi_non_gt_residual_mass_ratio_pre_budget_epoch,0.6728838086128235,1784057815.221564
mts_8692,165,133961,train/dpsi_non_gt_residual_mass_ratio_pre_budget_epoch,0.6743731498718262,1784058400.744084
mts_8692,0,806,train/dpsi_non_gt_residual_mass_ratio_post_budget_epoch,0.0,1783963006.0601358
mts_8692,1,1613,train/dpsi_non_gt_residual_mass_ratio_post_budget_epoch,0.002540124580264,1783963546.7495732
mts_8692,2,2420,train/dpsi_non_gt_residual_mass_ratio_post_budget_epoch,0.0082363104447722,1783964086.799461
mts_8692,3,3227,train/dpsi_non_gt_residual_mass_ratio_post_budget_epoch,0.0161402411758899,1783964617.922238
mts_8692,4,4034,train/dpsi_non_gt_residual_mass_ratio_post_budget_epoch,0.0253064110875129,1783965151.3697608
mts_8692,5,4841,train/dpsi_non_gt_residual_mass_ratio_post_budget_epoch,0.0361467488110065,1783965713.5088482
mts_8692,6,5648,train/dpsi_non_gt_residual_mass_ratio_post_budget_epoch,0.0493452474474906,1783966240.5009828
mts_8692,7,6455,train/dpsi_non_gt_residual_mass_ratio_post_budget_epoch,0.0641415938735008,1783966787.9429698
mts_8692,8,7262,train/dpsi_non_gt_residual_mass_ratio_post_budget_epoch,0.07872074842453,1783967323.827181
mts_8692,9,8069,train/dpsi_non_gt_residual_mass_ratio_post_budget_epoch,0.0928731188178062,1783967849.4646926
mts_8692,10,8876,train/dpsi_non_gt_residual_mass_ratio_post_budget_epoch,0.1073406934738159,1783968385.3317497
mts_8692,11,9683,train/dpsi_non_gt_residual_mass_ratio_post_budget_epoch,0.1213680729269981,1783968923.543153
mts_8692,12,10490,train/dpsi_non_gt_residual_mass_ratio_post_budget_epoch,0.1356889754533767,1783969463.2833228
mts_8692,13,11297,train/dpsi_non_gt_residual_mass_ratio_post_budget_epoch,0.1515914797782898,1783970007.4733477
mts_8692,14,12104,train/dpsi_non_gt_residual_mass_ratio_post_budget_epoch,0.1818667203187942,1783970543.0252829
mts_8692,15,12911,train/dpsi_non_gt_residual_mass_ratio_post_budget_epoch,0.2115987539291381,1783971066.1283572
mts_8692,16,13718,train/dpsi_non_gt_residual_mass_ratio_post_budget_epoch,0.2310087829828262,1783971594.1759267
mts_8692,17,14525,train/dpsi_non_gt_residual_mass_ratio_post_budget_epoch,0.2414046078920364,1783972128.2668436
mts_8692,18,15332,train/dpsi_non_gt_residual_mass_ratio_post_budget_epoch,0.2509129643440246,1783972665.214681
mts_8692,19,16139,train/dpsi_non_gt_residual_mass_ratio_post_budget_epoch,0.2604362368583679,1783973224.149629
mts_8692,20,16946,train/dpsi_non_gt_residual_mass_ratio_post_budget_epoch,0.2692344188690185,1783973756.48167
mts_8692,21,17753,train/dpsi_non_gt_residual_mass_ratio_post_budget_epoch,0.277827501296997,1783974283.371694
mts_8692,22,18560,train/dpsi_non_gt_residual_mass_ratio_post_budget_epoch,0.2853301465511322,1783974815.9759395
mts_8692,23,19367,train/dpsi_non_gt_residual_mass_ratio_post_budget_epoch,0.2926133573055267,1783975344.6534123
mts_8692,24,20174,train/dpsi_non_gt_residual_mass_ratio_post_budget_epoch,0.2990438342094421,1783975875.1859906
mts_8692,25,20981,train/dpsi_non_gt_residual_mass_ratio_post_budget_epoch,0.3047172725200653,1783976401.33874
mts_8692,26,21788,train/dpsi_non_gt_residual_mass_ratio_post_budget_epoch,0.3102748095989227,1783976925.855328
mts_8692,27,22595,train/dpsi_non_gt_residual_mass_ratio_post_budget_epoch,0.315188318490982,1783977464.6157758
mts_8692,28,23402,train/dpsi_non_gt_residual_mass_ratio_post_budget_epoch,0.3192816376686096,1783977995.6004272
mts_8692,29,24209,train/dpsi_non_gt_residual_mass_ratio_post_budget_epoch,0.3229919373989105,1783978529.2965925
mts_8692,30,25016,train/dpsi_non_gt_residual_mass_ratio_post_budget_epoch,0.3252939879894256,1783979061.7304974
mts_8692,31,25823,train/dpsi_non_gt_residual_mass_ratio_post_budget_epoch,0.3271619379520416,1783979589.719941
mts_8692,32,26630,train/dpsi_non_gt_residual_mass_ratio_post_budget_epoch,0.3286552727222442,1783980122.3948352
mts_8692,33,27437,train/dpsi_non_gt_residual_mass_ratio_post_budget_epoch,0.3296581506729126,1783980664.5760086
mts_8692,34,28244,train/dpsi_non_gt_residual_mass_ratio_post_budget_epoch,0.3305132389068603,1783981211.1015327
mts_8692,35,29051,train/dpsi_non_gt_residual_mass_ratio_post_budget_epoch,0.3308776915073395,1783981743.3894122
mts_8692,36,29858,train/dpsi_non_gt_residual_mass_ratio_post_budget_epoch,0.3315640091896057,1783982282.2734113
mts_8692,37,30665,train/dpsi_non_gt_residual_mass_ratio_post_budget_epoch,0.3316957056522369,1783982815.7428095
mts_8692,38,31472,train/dpsi_non_gt_residual_mass_ratio_post_budget_epoch,0.3321959972381592,1783983356.8436224
mts_8692,39,32279,train/dpsi_non_gt_residual_mass_ratio_post_budget_epoch,0.3322546184062958,1783983893.668136
mts_8692,40,33086,train/dpsi_non_gt_residual_mass_ratio_post_budget_epoch,0.332403689622879,1783984568.7279372
mts_8692,41,33893,train/dpsi_non_gt_residual_mass_ratio_post_budget_epoch,0.3323041498661041,1783985099.7945302
mts_8692,42,34700,train/dpsi_non_gt_residual_mass_ratio_post_budget_epoch,0.3325687646865845,1783985632.0021594
mts_8692,43,35507,train/dpsi_non_gt_residual_mass_ratio_post_budget_epoch,0.3325343132019043,1783986167.4667294
mts_8692,44,36314,train/dpsi_non_gt_residual_mass_ratio_post_budget_epoch,0.3324341773986816,1783986702.7490232
mts_8692,45,37121,train/dpsi_non_gt_residual_mass_ratio_post_budget_epoch,0.3325506448745727,1783987231.293175
mts_8692,46,37928,train/dpsi_non_gt_residual_mass_ratio_post_budget_epoch,0.3325759470462799,1783987763.981981
mts_8692,47,38735,train/dpsi_non_gt_residual_mass_ratio_post_budget_epoch,0.332378625869751,1783988303.6256292
mts_8692,48,39542,train/dpsi_non_gt_residual_mass_ratio_post_budget_epoch,0.332370400428772,1783988828.9601965
mts_8692,49,40349,train/dpsi_non_gt_residual_mass_ratio_post_budget_epoch,0.332382321357727,1783989360.1820483
mts_8692,50,41156,train/dpsi_non_gt_residual_mass_ratio_post_budget_epoch,0.3327162265777588,1783989883.5063918
mts_8692,51,41963,train/dpsi_non_gt_residual_mass_ratio_post_budget_epoch,0.3328111469745636,1783990413.6803594
mts_8692,52,42770,train/dpsi_non_gt_residual_mass_ratio_post_budget_epoch,0.3324403762817383,1783990942.9762683
mts_8692,53,43577,train/dpsi_non_gt_residual_mass_ratio_post_budget_epoch,0.3321909308433532,1783991487.1885307
mts_8692,54,44384,train/dpsi_non_gt_residual_mass_ratio_post_budget_epoch,0.3320154845714569,1783992032.2226658
mts_8692,55,45191,train/dpsi_non_gt_residual_mass_ratio_post_budget_epoch,0.3322343528270721,1783992625.2576845
mts_8692,56,45998,train/dpsi_non_gt_residual_mass_ratio_post_budget_epoch,0.3327580690383911,1783993222.8578954
mts_8692,57,46805,train/dpsi_non_gt_residual_mass_ratio_post_budget_epoch,0.3325331211090088,1783993807.9396136
mts_8692,58,47612,train/dpsi_non_gt_residual_mass_ratio_post_budget_epoch,0.3324350714683532,1783994394.6118448
mts_8692,59,48419,train/dpsi_non_gt_residual_mass_ratio_post_budget_epoch,0.3323974609375,1783994951.3614044
mts_8692,60,49226,train/dpsi_non_gt_residual_mass_ratio_post_budget_epoch,0.332382470369339,1783995584.2295542
mts_8692,61,50033,train/dpsi_non_gt_residual_mass_ratio_post_budget_epoch,0.3322418332099914,1783996185.0709531
mts_8692,62,50840,train/dpsi_non_gt_residual_mass_ratio_post_budget_epoch,0.3321601748466491,1783996761.1726117
mts_8692,63,51647,train/dpsi_non_gt_residual_mass_ratio_post_budget_epoch,0.3322683870792389,1783997350.9420333
mts_8692,64,52454,train/dpsi_non_gt_residual_mass_ratio_post_budget_epoch,0.332295686006546,1783997945.789947
mts_8692,65,53261,train/dpsi_non_gt_residual_mass_ratio_post_budget_epoch,0.3326632082462311,1783998518.8056314
mts_8692,66,54068,train/dpsi_non_gt_residual_mass_ratio_post_budget_epoch,0.332665205001831,1783999077.5436878
mts_8692,67,54875,train/dpsi_non_gt_residual_mass_ratio_post_budget_epoch,0.3325061202049255,1783999639.888126
mts_8692,68,55682,train/dpsi_non_gt_residual_mass_ratio_post_budget_epoch,0.3324672281742096,1784000202.000469
mts_8692,69,56489,train/dpsi_non_gt_residual_mass_ratio_post_budget_epoch,0.3323162496089935,1784000754.092797
mts_8692,70,57296,train/dpsi_non_gt_residual_mass_ratio_post_budget_epoch,0.3322969377040863,1784001313.6506946
mts_8692,71,58103,train/dpsi_non_gt_residual_mass_ratio_post_budget_epoch,0.3324298560619354,1784001861.030501
mts_8692,72,58910,train/dpsi_non_gt_residual_mass_ratio_post_budget_epoch,0.332783579826355,1784002437.4670863
mts_8692,73,59717,train/dpsi_non_gt_residual_mass_ratio_post_budget_epoch,0.3318822681903839,1784003013.684809
mts_8692,74,60524,train/dpsi_non_gt_residual_mass_ratio_post_budget_epoch,0.3320823907852173,1784003581.9481225
mts_8692,75,61331,train/dpsi_non_gt_residual_mass_ratio_post_budget_epoch,0.3326976597309112,1784004167.2345955
mts_8692,76,62138,train/dpsi_non_gt_residual_mass_ratio_post_budget_epoch,0.3327647149562835,1784004743.8263865
mts_8692,77,62945,train/dpsi_non_gt_residual_mass_ratio_post_budget_epoch,0.3323859870433807,1784005321.427646
mts_8692,78,63752,train/dpsi_non_gt_residual_mass_ratio_post_budget_epoch,0.3319681286811828,1784005900.3671472
mts_8692,79,64559,train/dpsi_non_gt_residual_mass_ratio_post_budget_epoch,0.3325217962265014,1784006489.3136685
mts_8692,80,65366,train/dpsi_non_gt_residual_mass_ratio_post_budget_epoch,0.332432359457016,1784007064.02269
mts_8692,81,66173,train/dpsi_non_gt_residual_mass_ratio_post_budget_epoch,0.332446277141571,1784007623.4467108
mts_8692,82,66980,train/dpsi_non_gt_residual_mass_ratio_post_budget_epoch,0.3323630392551422,1784008204.6096296
mts_8692,83,67787,train/dpsi_non_gt_residual_mass_ratio_post_budget_epoch,0.3327319920063019,1784008793.9793649
mts_8692,84,68594,train/dpsi_non_gt_residual_mass_ratio_post_budget_epoch,0.3322738707065582,1784009360.9866776
mts_8692,85,69401,train/dpsi_non_gt_residual_mass_ratio_post_budget_epoch,0.3319849967956543,1784009928.7090306
mts_8692,86,70208,train/dpsi_non_gt_residual_mass_ratio_post_budget_epoch,0.3322242796421051,1784010510.6695626
mts_8692,87,71015,train/dpsi_non_gt_residual_mass_ratio_post_budget_epoch,0.3326283395290375,1784011078.2380245
mts_8692,88,71822,train/dpsi_non_gt_residual_mass_ratio_post_budget_epoch,0.3318084478378296,1784011653.4183643
mts_8692,89,72629,train/dpsi_non_gt_residual_mass_ratio_post_budget_epoch,0.3325576484203338,1784012225.7003825
mts_8692,90,73436,train/dpsi_non_gt_residual_mass_ratio_post_budget_epoch,0.3320172429084778,1784012798.859544
mts_8692,91,74243,train/dpsi_non_gt_residual_mass_ratio_post_budget_epoch,0.3325183987617492,1784013368.2882023
mts_8692,92,75050,train/dpsi_non_gt_residual_mass_ratio_post_budget_epoch,0.3325336277484894,1784013936.091184
mts_8692,93,75857,train/dpsi_non_gt_residual_mass_ratio_post_budget_epoch,0.3324606716632843,1784014498.1872327
mts_8692,94,76664,train/dpsi_non_gt_residual_mass_ratio_post_budget_epoch,0.3321528434753418,1784015066.9543183
mts_8692,95,77471,train/dpsi_non_gt_residual_mass_ratio_post_budget_epoch,0.3321735858917236,1784015632.0063534
mts_8692,96,78278,train/dpsi_non_gt_residual_mass_ratio_post_budget_epoch,0.3325087130069732,1784016199.0066702
mts_8692,97,79085,train/dpsi_non_gt_residual_mass_ratio_post_budget_epoch,0.3324224352836609,1784016748.793352
mts_8692,98,79892,train/dpsi_non_gt_residual_mass_ratio_post_budget_epoch,0.3319932520389557,1784017340.0526023
mts_8692,99,80699,train/dpsi_non_gt_residual_mass_ratio_post_budget_epoch,0.3323686718940735,1784018210.1754324
mts_8692,100,81506,train/dpsi_non_gt_residual_mass_ratio_post_budget_epoch,0.3319466114044189,1784018822.0150688
mts_8692,101,82313,train/dpsi_non_gt_residual_mass_ratio_post_budget_epoch,0.3319810926914215,1784019405.1800425
mts_8692,102,83120,train/dpsi_non_gt_residual_mass_ratio_post_budget_epoch,0.3319441974163055,1784020144.6007984
mts_8692,103,83927,train/dpsi_non_gt_residual_mass_ratio_post_budget_epoch,0.3321563601493835,1784020893.4520357
mts_8692,104,84734,train/dpsi_non_gt_residual_mass_ratio_post_budget_epoch,0.3321145176887512,1784021528.9087234
mts_8692,105,85541,train/dpsi_non_gt_residual_mass_ratio_post_budget_epoch,0.3323196172714233,1784022147.270671
mts_8692,106,86348,train/dpsi_non_gt_residual_mass_ratio_post_budget_epoch,0.3321612477302551,1784022813.514392
mts_8692,107,87155,train/dpsi_non_gt_residual_mass_ratio_post_budget_epoch,0.332075834274292,1784023434.766123
mts_8692,108,87962,train/dpsi_non_gt_residual_mass_ratio_post_budget_epoch,0.3319668769836426,1784024108.5024507
mts_8692,109,88769,train/dpsi_non_gt_residual_mass_ratio_post_budget_epoch,0.3325062692165375,1784024717.0324187
mts_8692,110,89576,train/dpsi_non_gt_residual_mass_ratio_post_budget_epoch,0.3321447968482971,1784025355.2591238
mts_8692,111,90383,train/dpsi_non_gt_residual_mass_ratio_post_budget_epoch,0.3324165642261505,1784025942.278741
mts_8692,112,91190,train/dpsi_non_gt_residual_mass_ratio_post_budget_epoch,0.3319498896598816,1784026571.9316146
mts_8692,113,91997,train/dpsi_non_gt_residual_mass_ratio_post_budget_epoch,0.3323765099048614,1784027151.183742
mts_8692,114,92804,train/dpsi_non_gt_residual_mass_ratio_post_budget_epoch,0.3318702280521393,1784027776.9617136
mts_8692,115,93611,train/dpsi_non_gt_residual_mass_ratio_post_budget_epoch,0.3322234451770782,1784028356.7725475
mts_8692,116,94418,train/dpsi_non_gt_residual_mass_ratio_post_budget_epoch,0.3324379622936249,1784028975.300835
mts_8692,117,95225,train/dpsi_non_gt_residual_mass_ratio_post_budget_epoch,0.3323141038417816,1784029555.8541691
mts_8692,118,96032,train/dpsi_non_gt_residual_mass_ratio_post_budget_epoch,0.3321570754051208,1784030188.37388
mts_8692,119,96839,train/dpsi_non_gt_residual_mass_ratio_post_budget_epoch,0.3326869308948517,1784030770.495962
mts_8692,120,97646,train/dpsi_non_gt_residual_mass_ratio_post_budget_epoch,0.3322522938251495,1784031407.395085
mts_8692,121,98453,train/dpsi_non_gt_residual_mass_ratio_post_budget_epoch,0.3320288062095642,1784031981.2058747
mts_8692,122,99260,train/dpsi_non_gt_residual_mass_ratio_post_budget_epoch,0.332247644662857,1784032602.387689
mts_8692,123,100067,train/dpsi_non_gt_residual_mass_ratio_post_budget_epoch,0.3323272168636322,1784033186.7771752
mts_8692,124,100874,train/dpsi_non_gt_residual_mass_ratio_post_budget_epoch,0.332107275724411,1784033804.9036713
mts_8692,125,101681,train/dpsi_non_gt_residual_mass_ratio_post_budget_epoch,0.3320293724536896,1784034388.844609
mts_8692,126,102488,train/dpsi_non_gt_residual_mass_ratio_post_budget_epoch,0.3319774270057678,1784035003.4808066
mts_8692,127,103295,train/dpsi_non_gt_residual_mass_ratio_post_budget_epoch,0.3320846259593963,1784035591.4702306
mts_8692,128,104102,train/dpsi_non_gt_residual_mass_ratio_post_budget_epoch,0.3326361775398254,1784036208.2618158
mts_8692,129,104909,train/dpsi_non_gt_residual_mass_ratio_post_budget_epoch,0.3320453464984894,1784036787.8853917
mts_8692,130,105716,train/dpsi_non_gt_residual_mass_ratio_post_budget_epoch,0.3316663205623626,1784037408.503284
mts_8692,131,106523,train/dpsi_non_gt_residual_mass_ratio_post_budget_epoch,0.3317962288856506,1784037988.3340387
mts_8692,132,107330,train/dpsi_non_gt_residual_mass_ratio_post_budget_epoch,0.3325701951980591,1784038608.7257533
mts_8692,133,108137,train/dpsi_non_gt_residual_mass_ratio_post_budget_epoch,0.331866055727005,1784039180.7052732
mts_8692,134,108944,train/dpsi_non_gt_residual_mass_ratio_post_budget_epoch,0.3323397636413574,1784039797.009317
mts_8692,135,109751,train/dpsi_non_gt_residual_mass_ratio_post_budget_epoch,0.3324222266674042,1784040374.260678
mts_8692,136,110558,train/dpsi_non_gt_residual_mass_ratio_post_budget_epoch,0.3318193852901459,1784040993.3638246
mts_8692,137,111365,train/dpsi_non_gt_residual_mass_ratio_post_budget_epoch,0.3318843245506286,1784041565.155638
mts_8692,138,112172,train/dpsi_non_gt_residual_mass_ratio_post_budget_epoch,0.3320225477218628,1784042189.712212
mts_8692,139,112979,train/dpsi_non_gt_residual_mass_ratio_post_budget_epoch,0.3326066136360168,1784042772.752708
mts_8692,140,113786,train/dpsi_non_gt_residual_mass_ratio_post_budget_epoch,0.3316057920455932,1784043387.4438307
mts_8692,141,114593,train/dpsi_non_gt_residual_mass_ratio_post_budget_epoch,0.3322271108627319,1784043965.7733543
mts_8692,142,115400,train/dpsi_non_gt_residual_mass_ratio_post_budget_epoch,0.3320696353912353,1784044574.0457897
mts_8692,143,116207,train/dpsi_non_gt_residual_mass_ratio_post_budget_epoch,0.3318218886852264,1784045172.264296
mts_8692,144,117014,train/dpsi_non_gt_residual_mass_ratio_post_budget_epoch,0.3323691189289093,1784045790.6179094
mts_8692,145,117821,train/dpsi_non_gt_residual_mass_ratio_post_budget_epoch,0.3319558501243591,1784046381.506643
mts_8692,146,118628,train/dpsi_non_gt_residual_mass_ratio_post_budget_epoch,0.331818163394928,1784046997.8670433
mts_8692,147,119435,train/dpsi_non_gt_residual_mass_ratio_post_budget_epoch,0.3313425183296203,1784047572.6512003
mts_8692,148,120242,train/dpsi_non_gt_residual_mass_ratio_post_budget_epoch,0.331635057926178,1784048189.237949
mts_8692,149,121049,train/dpsi_non_gt_residual_mass_ratio_post_budget_epoch,0.3316807150840759,1784048781.3387623
mts_8692,150,121856,train/dpsi_non_gt_residual_mass_ratio_post_budget_epoch,0.3317083418369293,1784049396.5286438
mts_8692,151,122663,train/dpsi_non_gt_residual_mass_ratio_post_budget_epoch,0.3317669332027435,1784049978.6738026
mts_8692,152,123470,train/dpsi_non_gt_residual_mass_ratio_post_budget_epoch,0.3320140838623047,1784050609.7067814
mts_8692,153,124277,train/dpsi_non_gt_residual_mass_ratio_post_budget_epoch,0.331905722618103,1784051188.9593048
mts_8692,154,125084,train/dpsi_non_gt_residual_mass_ratio_post_budget_epoch,0.3311651647090912,1784051822.6358824
mts_8692,155,125891,train/dpsi_non_gt_residual_mass_ratio_post_budget_epoch,0.3316479027271271,1784052400.0493634
mts_8692,156,126698,train/dpsi_non_gt_residual_mass_ratio_post_budget_epoch,0.3316167593002319,1784053026.476643
mts_8692,157,127505,train/dpsi_non_gt_residual_mass_ratio_post_budget_epoch,0.3314225077629089,1784053597.72988
mts_8692,158,128312,train/dpsi_non_gt_residual_mass_ratio_post_budget_epoch,0.3313978314399719,1784054219.5298967
mts_8692,159,129119,train/dpsi_non_gt_residual_mass_ratio_post_budget_epoch,0.3316295742988586,1784054800.4581
mts_8692,160,129926,train/dpsi_non_gt_residual_mass_ratio_post_budget_epoch,0.3315604925155639,1784055415.9084518
mts_8692,161,130733,train/dpsi_non_gt_residual_mass_ratio_post_budget_epoch,0.3314594328403473,1784055994.3662355
mts_8692,162,131540,train/dpsi_non_gt_residual_mass_ratio_post_budget_epoch,0.3317216336727142,1784056615.5667002
mts_8692,163,132347,train/dpsi_non_gt_residual_mass_ratio_post_budget_epoch,0.3315604031085968,1784057194.871264
mts_8692,164,133154,train/dpsi_non_gt_residual_mass_ratio_post_budget_epoch,0.3315869569778442,1784057815.2223542
mts_8692,165,133961,train/dpsi_non_gt_residual_mass_ratio_post_budget_epoch,0.3319155275821686,1784058400.7449954
mts_8692,0,806,train/dpsi_non_gt_target_weight_ratio_post_budget_epoch,0.0,1783963006.116
mts_8692,1,1613,train/dpsi_non_gt_target_weight_ratio_post_budget_epoch,0.0014414775650948,1783963546.7766788
mts_8692,2,2420,train/dpsi_non_gt_target_weight_ratio_post_budget_epoch,0.0045808809809386,1783964086.801434
mts_8692,3,3227,train/dpsi_non_gt_target_weight_ratio_post_budget_epoch,0.0088332304731011,1783964617.9239051
mts_8692,4,4034,train/dpsi_non_gt_target_weight_ratio_post_budget_epoch,0.0140700181946158,1783965151.40543
mts_8692,5,4841,train/dpsi_non_gt_target_weight_ratio_post_budget_epoch,0.0205383375287055,1783965713.51202
mts_8692,6,5648,train/dpsi_non_gt_target_weight_ratio_post_budget_epoch,0.0289084911346435,1783966240.5029335
mts_8692,7,6455,train/dpsi_non_gt_target_weight_ratio_post_budget_epoch,0.0391368120908737,1783966787.9447248
mts_8692,8,7262,train/dpsi_non_gt_target_weight_ratio_post_budget_epoch,0.048784889280796,1783967323.881682
mts_8692,9,8069,train/dpsi_non_gt_target_weight_ratio_post_budget_epoch,0.0589780211448669,1783967849.555591
mts_8692,10,8876,train/dpsi_non_gt_target_weight_ratio_post_budget_epoch,0.0696757212281227,1783968385.3336413
mts_8692,11,9683,train/dpsi_non_gt_target_weight_ratio_post_budget_epoch,0.0803560316562652,1783968923.544696
mts_8692,12,10490,train/dpsi_non_gt_target_weight_ratio_post_budget_epoch,0.0904725641012191,1783969463.295842
mts_8692,13,11297,train/dpsi_non_gt_target_weight_ratio_post_budget_epoch,0.1024344339966774,1783970007.4761002
mts_8692,14,12104,train/dpsi_non_gt_target_weight_ratio_post_budget_epoch,0.1293600350618362,1783970543.0977075
mts_8692,15,12911,train/dpsi_non_gt_target_weight_ratio_post_budget_epoch,0.1580243408679962,1783971066.1299767
mts_8692,16,13718,train/dpsi_non_gt_target_weight_ratio_post_budget_epoch,0.1788641214370727,1783971594.2193096
mts_8692,17,14525,train/dpsi_non_gt_target_weight_ratio_post_budget_epoch,0.1880721002817154,1783972128.3141737
mts_8692,18,15332,train/dpsi_non_gt_target_weight_ratio_post_budget_epoch,0.1965657025575637,1783972665.2693796
mts_8692,19,16139,train/dpsi_non_gt_target_weight_ratio_post_budget_epoch,0.2050608247518539,1783973224.2185574
mts_8692,20,16946,train/dpsi_non_gt_target_weight_ratio_post_budget_epoch,0.2126178741455078,1783973756.483362
mts_8692,21,17753,train/dpsi_non_gt_target_weight_ratio_post_budget_epoch,0.2197560667991638,1783974283.373839
mts_8692,22,18560,train/dpsi_non_gt_target_weight_ratio_post_budget_epoch,0.2262533158063888,1783974815.9839854
mts_8692,23,19367,train/dpsi_non_gt_target_weight_ratio_post_budget_epoch,0.2319031804800033,1783975344.65498
mts_8692,24,20174,train/dpsi_non_gt_target_weight_ratio_post_budget_epoch,0.2372114211320877,1783975875.1876743
mts_8692,25,20981,train/dpsi_non_gt_target_weight_ratio_post_budget_epoch,0.2417491972446441,1783976401.35252
mts_8692,26,21788,train/dpsi_non_gt_target_weight_ratio_post_budget_epoch,0.2458562850952148,1783976925.8574717
mts_8692,27,22595,train/dpsi_non_gt_target_weight_ratio_post_budget_epoch,0.2494735270738601,1783977464.6173997
mts_8692,28,23402,train/dpsi_non_gt_target_weight_ratio_post_budget_epoch,0.2529987692832947,1783977995.60201
mts_8692,29,24209,train/dpsi_non_gt_target_weight_ratio_post_budget_epoch,0.2547854483127594,1783978529.298208
mts_8692,30,25016,train/dpsi_non_gt_target_weight_ratio_post_budget_epoch,0.256482720375061,1783979061.7425144
mts_8692,31,25823,train/dpsi_non_gt_target_weight_ratio_post_budget_epoch,0.2574573755264282,1783979589.7219253
mts_8692,32,26630,train/dpsi_non_gt_target_weight_ratio_post_budget_epoch,0.2582694292068481,1783980122.3966374
mts_8692,33,27437,train/dpsi_non_gt_target_weight_ratio_post_budget_epoch,0.2582388818264007,1783980664.627741
mts_8692,34,28244,train/dpsi_non_gt_target_weight_ratio_post_budget_epoch,0.2591294348239898,1783981211.1031651
mts_8692,35,29051,train/dpsi_non_gt_target_weight_ratio_post_budget_epoch,0.2589674293994903,1783981743.3911602
mts_8692,36,29858,train/dpsi_non_gt_target_weight_ratio_post_budget_epoch,0.2581143379211426,1783982282.275461
mts_8692,37,30665,train/dpsi_non_gt_target_weight_ratio_post_budget_epoch,0.2583073079586029,1783982815.750003
mts_8692,38,31472,train/dpsi_non_gt_target_weight_ratio_post_budget_epoch,0.2584500610828399,1783983356.8453305
mts_8692,39,32279,train/dpsi_non_gt_target_weight_ratio_post_budget_epoch,0.2583238184452057,1783983893.669795
mts_8692,40,33086,train/dpsi_non_gt_target_weight_ratio_post_budget_epoch,0.2581273019313812,1783984568.729804
mts_8692,41,33893,train/dpsi_non_gt_target_weight_ratio_post_budget_epoch,0.2570196688175201,1783985099.8292584
mts_8692,42,34700,train/dpsi_non_gt_target_weight_ratio_post_budget_epoch,0.256148487329483,1783985632.0038197
mts_8692,43,35507,train/dpsi_non_gt_target_weight_ratio_post_budget_epoch,0.2564894258975982,1783986167.4689324
mts_8692,44,36314,train/dpsi_non_gt_target_weight_ratio_post_budget_epoch,0.2552249729633331,1783986702.7510264
mts_8692,45,37121,train/dpsi_non_gt_target_weight_ratio_post_budget_epoch,0.2538029253482818,1783987231.295065
mts_8692,46,37928,train/dpsi_non_gt_target_weight_ratio_post_budget_epoch,0.2538447976112366,1783987763.983637
mts_8692,47,38735,train/dpsi_non_gt_target_weight_ratio_post_budget_epoch,0.2536474466323852,1783988303.6272163
mts_8692,48,39542,train/dpsi_non_gt_target_weight_ratio_post_budget_epoch,0.2526782155036926,1783988828.962119
mts_8692,49,40349,train/dpsi_non_gt_target_weight_ratio_post_budget_epoch,0.2516787350177765,1783989360.1838996
mts_8692,50,41156,train/dpsi_non_gt_target_weight_ratio_post_budget_epoch,0.2507519423961639,1783989883.5083244
mts_8692,51,41963,train/dpsi_non_gt_target_weight_ratio_post_budget_epoch,0.2506881058216095,1783990413.6820197
mts_8692,52,42770,train/dpsi_non_gt_target_weight_ratio_post_budget_epoch,0.2489395141601562,1783990942.989971
mts_8692,53,43577,train/dpsi_non_gt_target_weight_ratio_post_budget_epoch,0.248986154794693,1783991487.190177
mts_8692,54,44384,train/dpsi_non_gt_target_weight_ratio_post_budget_epoch,0.2477879226207733,1783992032.281723
mts_8692,55,45191,train/dpsi_non_gt_target_weight_ratio_post_budget_epoch,0.2470984309911728,1783992625.259664
mts_8692,56,45998,train/dpsi_non_gt_target_weight_ratio_post_budget_epoch,0.2462825030088424,1783993222.8607204
mts_8692,57,46805,train/dpsi_non_gt_target_weight_ratio_post_budget_epoch,0.2458766251802444,1783993807.9396565
mts_8692,58,47612,train/dpsi_non_gt_target_weight_ratio_post_budget_epoch,0.2449717223644256,1783994394.6385727
mts_8692,59,48419,train/dpsi_non_gt_target_weight_ratio_post_budget_epoch,0.2431796044111251,1783994951.4265883
mts_8692,60,49226,train/dpsi_non_gt_target_weight_ratio_post_budget_epoch,0.2428762018680572,1783995584.3208055
mts_8692,61,50033,train/dpsi_non_gt_target_weight_ratio_post_budget_epoch,0.2430240213871002,1783996185.0991182
mts_8692,62,50840,train/dpsi_non_gt_target_weight_ratio_post_budget_epoch,0.2426148951053619,1783996761.219431
mts_8692,63,51647,train/dpsi_non_gt_target_weight_ratio_post_budget_epoch,0.2417070865631103,1783997350.9439445
mts_8692,64,52454,train/dpsi_non_gt_target_weight_ratio_post_budget_epoch,0.2402249276638031,1783997945.8036816
mts_8692,65,53261,train/dpsi_non_gt_target_weight_ratio_post_budget_epoch,0.240117460489273,1783998518.8071184
mts_8692,66,54068,train/dpsi_non_gt_target_weight_ratio_post_budget_epoch,0.2393726259469986,1783999077.596517
mts_8692,67,54875,train/dpsi_non_gt_target_weight_ratio_post_budget_epoch,0.2383445799350738,1783999639.928837
mts_8692,68,55682,train/dpsi_non_gt_target_weight_ratio_post_budget_epoch,0.2380303591489792,1784000202.002646
mts_8692,69,56489,train/dpsi_non_gt_target_weight_ratio_post_budget_epoch,0.2378918230533599,1784000754.0947497
mts_8692,70,57296,train/dpsi_non_gt_target_weight_ratio_post_budget_epoch,0.2358884215354919,1784001313.6525588
mts_8692,71,58103,train/dpsi_non_gt_target_weight_ratio_post_budget_epoch,0.2355720251798629,1784001861.0925002
mts_8692,72,58910,train/dpsi_non_gt_target_weight_ratio_post_budget_epoch,0.2352640926837921,1784002437.4806106
mts_8692,73,59717,train/dpsi_non_gt_target_weight_ratio_post_budget_epoch,0.234063521027565,1784003013.6878178
mts_8692,74,60524,train/dpsi_non_gt_target_weight_ratio_post_budget_epoch,0.2326460629701614,1784003582.0207562
mts_8692,75,61331,train/dpsi_non_gt_target_weight_ratio_post_budget_epoch,0.2321646809577942,1784004167.2437625
mts_8692,76,62138,train/dpsi_non_gt_target_weight_ratio_post_budget_epoch,0.2317024022340774,1784004743.8958132
mts_8692,77,62945,train/dpsi_non_gt_target_weight_ratio_post_budget_epoch,0.2318446040153503,1784005321.4297707
mts_8692,78,63752,train/dpsi_non_gt_target_weight_ratio_post_budget_epoch,0.2304461747407913,1784005900.4036531
mts_8692,79,64559,train/dpsi_non_gt_target_weight_ratio_post_budget_epoch,0.2300129681825637,1784006489.3160458
mts_8692,80,65366,train/dpsi_non_gt_target_weight_ratio_post_budget_epoch,0.2289492934942245,1784007064.0309253
mts_8692,81,66173,train/dpsi_non_gt_target_weight_ratio_post_budget_epoch,0.2286095172166824,1784007623.4487417
mts_8692,82,66980,train/dpsi_non_gt_target_weight_ratio_post_budget_epoch,0.2274747341871261,1784008204.6132517
mts_8692,83,67787,train/dpsi_non_gt_target_weight_ratio_post_budget_epoch,0.2273784279823303,1784008794.0338666
mts_8692,84,68594,train/dpsi_non_gt_target_weight_ratio_post_budget_epoch,0.2266954183578491,1784009360.988639
mts_8692,85,69401,train/dpsi_non_gt_target_weight_ratio_post_budget_epoch,0.2258380949497223,1784009928.7112846
mts_8692,86,70208,train/dpsi_non_gt_target_weight_ratio_post_budget_epoch,0.2251200824975967,1784010510.6731515
mts_8692,87,71015,train/dpsi_non_gt_target_weight_ratio_post_budget_epoch,0.2249897718429565,1784011078.2673557
mts_8692,88,71822,train/dpsi_non_gt_target_weight_ratio_post_budget_epoch,0.2240247726440429,1784011653.4212697
mts_8692,89,72629,train/dpsi_non_gt_target_weight_ratio_post_budget_epoch,0.223125472664833,1784012225.7156346
mts_8692,90,73436,train/dpsi_non_gt_target_weight_ratio_post_budget_epoch,0.2218093276023864,1784012798.8638115
mts_8692,91,74243,train/dpsi_non_gt_target_weight_ratio_post_budget_epoch,0.2219552546739578,1784013368.295203
mts_8692,92,75050,train/dpsi_non_gt_target_weight_ratio_post_budget_epoch,0.2209891378879547,1784013936.0959537
mts_8692,93,75857,train/dpsi_non_gt_target_weight_ratio_post_budget_epoch,0.220271423459053,1784014498.221885
mts_8692,94,76664,train/dpsi_non_gt_target_weight_ratio_post_budget_epoch,0.218678593635559,1784015066.9566572
mts_8692,95,77471,train/dpsi_non_gt_target_weight_ratio_post_budget_epoch,0.2181881219148636,1784015632.015319
mts_8692,96,78278,train/dpsi_non_gt_target_weight_ratio_post_budget_epoch,0.2180608212947845,1784016199.0470476
mts_8692,97,79085,train/dpsi_non_gt_target_weight_ratio_post_budget_epoch,0.2177892029285431,1784016748.819669
mts_8692,98,79892,train/dpsi_non_gt_target_weight_ratio_post_budget_epoch,0.2164271771907806,1784017340.059225
mts_8692,99,80699,train/dpsi_non_gt_target_weight_ratio_post_budget_epoch,0.2159937173128128,1784018210.183159
mts_8692,100,81506,train/dpsi_non_gt_target_weight_ratio_post_budget_epoch,0.214482307434082,1784018822.0306468
mts_8692,101,82313,train/dpsi_non_gt_target_weight_ratio_post_budget_epoch,0.2145082801580429,1784019405.1992702
mts_8692,102,83120,train/dpsi_non_gt_target_weight_ratio_post_budget_epoch,0.2134434133768081,1784020144.6125731
mts_8692,103,83927,train/dpsi_non_gt_target_weight_ratio_post_budget_epoch,0.212734580039978,1784020893.4540946
mts_8692,104,84734,train/dpsi_non_gt_target_weight_ratio_post_budget_epoch,0.2121116667985916,1784021528.9328551
mts_8692,105,85541,train/dpsi_non_gt_target_weight_ratio_post_budget_epoch,0.2125051319599151,1784022147.2930782
mts_8692,106,86348,train/dpsi_non_gt_target_weight_ratio_post_budget_epoch,0.2112940996885299,1784022813.517609
mts_8692,107,87155,train/dpsi_non_gt_target_weight_ratio_post_budget_epoch,0.2110229879617691,1784023434.8166342
mts_8692,108,87962,train/dpsi_non_gt_target_weight_ratio_post_budget_epoch,0.2089734077453613,1784024108.504704
mts_8692,109,88769,train/dpsi_non_gt_target_weight_ratio_post_budget_epoch,0.2094540148973465,1784024717.092715
mts_8692,110,89576,train/dpsi_non_gt_target_weight_ratio_post_budget_epoch,0.2079012244939804,1784025355.2924297
mts_8692,111,90383,train/dpsi_non_gt_target_weight_ratio_post_budget_epoch,0.2072336077690124,1784025942.353892
mts_8692,112,91190,train/dpsi_non_gt_target_weight_ratio_post_budget_epoch,0.2073127925395965,1784026571.9335918
mts_8692,113,91997,train/dpsi_non_gt_target_weight_ratio_post_budget_epoch,0.2060979455709457,1784027151.1858068
mts_8692,114,92804,train/dpsi_non_gt_target_weight_ratio_post_budget_epoch,0.2044616043567657,1784027776.964027
mts_8692,115,93611,train/dpsi_non_gt_target_weight_ratio_post_budget_epoch,0.2049919366836547,1784028356.7819414
mts_8692,116,94418,train/dpsi_non_gt_target_weight_ratio_post_budget_epoch,0.2045566588640213,1784028975.3500752
mts_8692,117,95225,train/dpsi_non_gt_target_weight_ratio_post_budget_epoch,0.2032967209815979,1784029555.855975
mts_8692,118,96032,train/dpsi_non_gt_target_weight_ratio_post_budget_epoch,0.2033354789018631,1784030188.3755686
mts_8692,119,96839,train/dpsi_non_gt_target_weight_ratio_post_budget_epoch,0.2020938992500305,1784030770.4979908
mts_8692,120,97646,train/dpsi_non_gt_target_weight_ratio_post_budget_epoch,0.201046884059906,1784031407.396939
mts_8692,121,98453,train/dpsi_non_gt_target_weight_ratio_post_budget_epoch,0.2018223404884338,1784031981.2078493
mts_8692,122,99260,train/dpsi_non_gt_target_weight_ratio_post_budget_epoch,0.2000524550676345,1784032602.3898413
mts_8692,123,100067,train/dpsi_non_gt_target_weight_ratio_post_budget_epoch,0.1997059285640716,1784033186.7791204
mts_8692,124,100874,train/dpsi_non_gt_target_weight_ratio_post_budget_epoch,0.1987909078598022,1784033804.905985
mts_8692,125,101681,train/dpsi_non_gt_target_weight_ratio_post_budget_epoch,0.1984774023294448,1784034388.8462524
mts_8692,126,102488,train/dpsi_non_gt_target_weight_ratio_post_budget_epoch,0.1977047473192215,1784035003.483168
mts_8692,127,103295,train/dpsi_non_gt_target_weight_ratio_post_budget_epoch,0.1979305148124694,1784035591.4735017
mts_8692,128,104102,train/dpsi_non_gt_target_weight_ratio_post_budget_epoch,0.1955701559782028,1784036208.2636445
mts_8692,129,104909,train/dpsi_non_gt_target_weight_ratio_post_budget_epoch,0.1969817578792572,1784036787.887114
mts_8692,130,105716,train/dpsi_non_gt_target_weight_ratio_post_budget_epoch,0.1945724189281463,1784037408.5133772
mts_8692,131,106523,train/dpsi_non_gt_target_weight_ratio_post_budget_epoch,0.1936619579792022,1784037988.3685825
mts_8692,132,107330,train/dpsi_non_gt_target_weight_ratio_post_budget_epoch,0.1935988068580627,1784038608.7274537
mts_8692,133,108137,train/dpsi_non_gt_target_weight_ratio_post_budget_epoch,0.1923775225877761,1784039180.7069306
mts_8692,134,108944,train/dpsi_non_gt_target_weight_ratio_post_budget_epoch,0.1921209394931793,1784039797.011384
mts_8692,135,109751,train/dpsi_non_gt_target_weight_ratio_post_budget_epoch,0.1912453919649124,1784040374.2622576
mts_8692,136,110558,train/dpsi_non_gt_target_weight_ratio_post_budget_epoch,0.1906770765781402,1784040993.4105103
mts_8692,137,111365,train/dpsi_non_gt_target_weight_ratio_post_budget_epoch,0.1897717863321304,1784041565.1579032
mts_8692,138,112172,train/dpsi_non_gt_target_weight_ratio_post_budget_epoch,0.1896785050630569,1784042189.7477195
mts_8692,139,112979,train/dpsi_non_gt_target_weight_ratio_post_budget_epoch,0.1897636950016021,1784042772.7542913
mts_8692,140,113786,train/dpsi_non_gt_target_weight_ratio_post_budget_epoch,0.187472328543663,1784043387.445576
mts_8692,141,114593,train/dpsi_non_gt_target_weight_ratio_post_budget_epoch,0.1880010217428207,1784043965.7751806
mts_8692,142,115400,train/dpsi_non_gt_target_weight_ratio_post_budget_epoch,0.1871858686208725,1784044574.1156833
mts_8692,143,116207,train/dpsi_non_gt_target_weight_ratio_post_budget_epoch,0.1871767789125442,1784045172.2957869
mts_8692,144,117014,train/dpsi_non_gt_target_weight_ratio_post_budget_epoch,0.1864490658044815,1784045790.64156
mts_8692,145,117821,train/dpsi_non_gt_target_weight_ratio_post_budget_epoch,0.1854882538318634,1784046381.5152311
mts_8692,146,118628,train/dpsi_non_gt_target_weight_ratio_post_budget_epoch,0.1841486543416977,1784046997.8852146
mts_8692,147,119435,train/dpsi_non_gt_target_weight_ratio_post_budget_epoch,0.1844544857740402,1784047572.6999187
mts_8692,148,120242,train/dpsi_non_gt_target_weight_ratio_post_budget_epoch,0.1836224943399429,1784048189.2402298
mts_8692,149,121049,train/dpsi_non_gt_target_weight_ratio_post_budget_epoch,0.1836206465959549,1784048781.3407145
mts_8692,150,121856,train/dpsi_non_gt_target_weight_ratio_post_budget_epoch,0.1831166446208953,1784049396.551011
mts_8692,151,122663,train/dpsi_non_gt_target_weight_ratio_post_budget_epoch,0.1828316003084182,1784049978.6759589
mts_8692,152,123470,train/dpsi_non_gt_target_weight_ratio_post_budget_epoch,0.1816958785057068,1784050609.7371757
mts_8692,153,124277,train/dpsi_non_gt_target_weight_ratio_post_budget_epoch,0.1802758872509002,1784051188.9746895
mts_8692,154,125084,train/dpsi_non_gt_target_weight_ratio_post_budget_epoch,0.1799099147319793,1784051822.6377811
mts_8692,155,125891,train/dpsi_non_gt_target_weight_ratio_post_budget_epoch,0.179788663983345,1784052400.0513897
mts_8692,156,126698,train/dpsi_non_gt_target_weight_ratio_post_budget_epoch,0.1793703883886337,1784053026.4792635
mts_8692,157,127505,train/dpsi_non_gt_target_weight_ratio_post_budget_epoch,0.1782097965478897,1784053597.7317426
mts_8692,158,128312,train/dpsi_non_gt_target_weight_ratio_post_budget_epoch,0.1779944151639938,1784054219.5317338
mts_8692,159,129119,train/dpsi_non_gt_target_weight_ratio_post_budget_epoch,0.1775857061147689,1784054800.4598742
mts_8692,160,129926,train/dpsi_non_gt_target_weight_ratio_post_budget_epoch,0.178279623389244,1784055415.9677262
mts_8692,161,130733,train/dpsi_non_gt_target_weight_ratio_post_budget_epoch,0.1766896396875381,1784055994.367959
mts_8692,162,131540,train/dpsi_non_gt_target_weight_ratio_post_budget_epoch,0.1762056797742843,1784056615.5694454
mts_8692,163,132347,train/dpsi_non_gt_target_weight_ratio_post_budget_epoch,0.174946904182434,1784057194.8835883
mts_8692,164,133154,train/dpsi_non_gt_target_weight_ratio_post_budget_epoch,0.1750124394893646,1784057815.2239175
mts_8692,165,133961,train/dpsi_non_gt_target_weight_ratio_post_budget_epoch,0.175007939338684,1784058400.7467127
mts_8692,0,806,train/dpsi_gt_weight_ratio_epoch,1.0,1783963006.3708382
mts_8692,1,1613,train/dpsi_gt_weight_ratio_epoch,0.9985558986663818,1783963546.8676715
mts_8692,2,2420,train/dpsi_gt_weight_ratio_epoch,0.9954189658164978,1783964087.2133095
mts_8692,3,3227,train/dpsi_gt_weight_ratio_epoch,0.9911665320396424,1783964618.2397864
mts_8692,4,4034,train/dpsi_gt_weight_ratio_epoch,0.9859280586242676,1783965151.8607135
mts_8692,5,4841,train/dpsi_gt_weight_ratio_epoch,0.9794548749923706,1783965713.5743597
mts_8692,6,5648,train/dpsi_gt_weight_ratio_epoch,0.9710687398910522,1783966240.907182
mts_8692,7,6455,train/dpsi_gt_weight_ratio_epoch,0.9607899785041808,1783966788.300308
mts_8692,8,7262,train/dpsi_gt_weight_ratio_epoch,0.9510340094566344,1783967324.133214
mts_8692,9,8069,train/dpsi_gt_weight_ratio_epoch,0.9406531453132628,1783967849.9313731
mts_8692,10,8876,train/dpsi_gt_weight_ratio_epoch,0.9296880960464478,1783968385.6895075
mts_8692,11,9683,train/dpsi_gt_weight_ratio_epoch,0.918543577194214,1783968923.570923
mts_8692,12,10490,train/dpsi_gt_weight_ratio_epoch,0.9078474044799804,1783969463.432111
mts_8692,13,11297,train/dpsi_gt_weight_ratio_epoch,0.8951336145401001,1783970007.5115669
mts_8692,14,12104,train/dpsi_gt_weight_ratio_epoch,0.867120087146759,1783970543.449531
mts_8692,15,12911,train/dpsi_gt_weight_ratio_epoch,0.8367525935173035,1783971066.5277796
mts_8692,16,13718,train/dpsi_gt_weight_ratio_epoch,0.8137937784194946,1783971594.3344474
mts_8692,17,14525,train/dpsi_gt_weight_ratio_epoch,0.8020387887954712,1783972128.4892828
mts_8692,18,15332,train/dpsi_gt_weight_ratio_epoch,0.790279746055603,1783972665.6662464
mts_8692,19,16139,train/dpsi_gt_weight_ratio_epoch,0.7784769535064697,1783973224.4761546
mts_8692,20,16946,train/dpsi_gt_weight_ratio_epoch,0.7664467096328735,1783973756.5546265
mts_8692,21,17753,train/dpsi_gt_weight_ratio_epoch,0.7545648813247681,1783974283.644592
mts_8692,22,18560,train/dpsi_gt_weight_ratio_epoch,0.7427396774291992,1783974816.1226172
mts_8692,23,19367,train/dpsi_gt_weight_ratio_epoch,0.7309630513191223,1783975344.6808164
mts_8692,24,20174,train/dpsi_gt_weight_ratio_epoch,0.7192198634147644,1783975875.594339
mts_8692,25,20981,train/dpsi_gt_weight_ratio_epoch,0.7074986696243286,1783976401.5469863
mts_8692,26,21788,train/dpsi_gt_weight_ratio_epoch,0.6957882046699524,1783976926.2950008
mts_8692,27,22595,train/dpsi_gt_weight_ratio_epoch,0.6840757727622986,1783977464.7993004
mts_8692,28,23402,train/dpsi_gt_weight_ratio_epoch,0.6723509430885315,1783977995.8326168
mts_8692,29,24209,train/dpsi_gt_weight_ratio_epoch,0.6606501936912537,1783978529.776708
mts_8692,30,25016,train/dpsi_gt_weight_ratio_epoch,0.6489439606666565,1783979061.918455
mts_8692,31,25823,train/dpsi_gt_weight_ratio_epoch,0.637241005897522,1783979589.9107945
mts_8692,32,26630,train/dpsi_gt_weight_ratio_epoch,0.6255406737327576,1783980122.5118513
mts_8692,33,27437,train/dpsi_gt_weight_ratio_epoch,0.6138378977775574,1783980664.8707175
mts_8692,34,28244,train/dpsi_gt_weight_ratio_epoch,0.6021373867988586,1783981211.2545822
mts_8692,35,29051,train/dpsi_gt_weight_ratio_epoch,0.5904346108436584,1783981743.5394926
mts_8692,36,29858,train/dpsi_gt_weight_ratio_epoch,0.5787320137023926,1783982282.4096875
mts_8692,37,30665,train/dpsi_gt_weight_ratio_epoch,0.5670313239097595,1783982816.1794057
mts_8692,38,31472,train/dpsi_gt_weight_ratio_epoch,0.5553285479545593,1783983357.257759
mts_8692,39,32279,train/dpsi_gt_weight_ratio_epoch,0.5436280369758606,1783983893.8865452
mts_8692,40,33086,train/dpsi_gt_weight_ratio_epoch,0.5319253206253052,1783984568.894456
mts_8692,41,33893,train/dpsi_gt_weight_ratio_epoch,0.5319253206253052,1783985100.11401
mts_8692,42,34700,train/dpsi_gt_weight_ratio_epoch,0.5319253206253052,1783985632.4610455
mts_8692,43,35507,train/dpsi_gt_weight_ratio_epoch,0.5319253206253052,1783986167.8860636
mts_8692,44,36314,train/dpsi_gt_weight_ratio_epoch,0.5319253206253052,1783986703.6604073
mts_8692,45,37121,train/dpsi_gt_weight_ratio_epoch,0.5319253206253052,1783987231.6607656
mts_8692,46,37928,train/dpsi_gt_weight_ratio_epoch,0.5319253206253052,1783987764.233095
mts_8692,47,38735,train/dpsi_gt_weight_ratio_epoch,0.5319253206253052,1783988303.721449
mts_8692,48,39542,train/dpsi_gt_weight_ratio_epoch,0.5319253206253052,1783988829.3153112
mts_8692,49,40349,train/dpsi_gt_weight_ratio_epoch,0.5319253206253052,1783989360.397961
mts_8692,50,41156,train/dpsi_gt_weight_ratio_epoch,0.5319253206253052,1783989883.5407984
mts_8692,51,41963,train/dpsi_gt_weight_ratio_epoch,0.5319253206253052,1783990413.9888992
mts_8692,52,42770,train/dpsi_gt_weight_ratio_epoch,0.5319253206253052,1783990943.216293
mts_8692,53,43577,train/dpsi_gt_weight_ratio_epoch,0.5319253206253052,1783991487.666166
mts_8692,54,44384,train/dpsi_gt_weight_ratio_epoch,0.5319253206253052,1783992032.65352
mts_8692,55,45191,train/dpsi_gt_weight_ratio_epoch,0.5319253206253052,1783992625.2901947
mts_8692,56,45998,train/dpsi_gt_weight_ratio_epoch,0.5319253206253052,1783993222.9165535
mts_8692,57,46805,train/dpsi_gt_weight_ratio_epoch,0.5319253206253052,1783993808.0363696
mts_8692,58,47612,train/dpsi_gt_weight_ratio_epoch,0.5319253206253052,1783994394.741089
mts_8692,59,48419,train/dpsi_gt_weight_ratio_epoch,0.5319253206253052,1783994951.7424386
mts_8692,60,49226,train/dpsi_gt_weight_ratio_epoch,0.5319253206253052,1783995584.4288447
mts_8692,61,50033,train/dpsi_gt_weight_ratio_epoch,0.5319253206253052,1783996185.239351
mts_8692,62,50840,train/dpsi_gt_weight_ratio_epoch,0.5319253206253052,1783996761.2959554
mts_8692,63,51647,train/dpsi_gt_weight_ratio_epoch,0.5319253206253052,1783997350.980812
mts_8692,64,52454,train/dpsi_gt_weight_ratio_epoch,0.5319253206253052,1783997945.9647372
mts_8692,65,53261,train/dpsi_gt_weight_ratio_epoch,0.5319253206253052,1783998519.093587
mts_8692,66,54068,train/dpsi_gt_weight_ratio_epoch,0.5319253206253052,1783999077.6495066
mts_8692,67,54875,train/dpsi_gt_weight_ratio_epoch,0.5319253206253052,1783999640.1987264
mts_8692,68,55682,train/dpsi_gt_weight_ratio_epoch,0.5319253206253052,1784000202.2862215
mts_8692,69,56489,train/dpsi_gt_weight_ratio_epoch,0.5319253206253052,1784000754.2699697
mts_8692,70,57296,train/dpsi_gt_weight_ratio_epoch,0.5319253206253052,1784001313.6831129
mts_8692,71,58103,train/dpsi_gt_weight_ratio_epoch,0.5319253206253052,1784001861.2746544
mts_8692,72,58910,train/dpsi_gt_weight_ratio_epoch,0.5319253206253052,1784002437.5608084
mts_8692,73,59717,train/dpsi_gt_weight_ratio_epoch,0.5319253206253052,1784003014.3232274
mts_8692,74,60524,train/dpsi_gt_weight_ratio_epoch,0.5319253206253052,1784003582.349136
mts_8692,75,61331,train/dpsi_gt_weight_ratio_epoch,0.5319253206253052,1784004167.581186
mts_8692,76,62138,train/dpsi_gt_weight_ratio_epoch,0.5319253206253052,1784004744.754295
mts_8692,77,62945,train/dpsi_gt_weight_ratio_epoch,0.5319253206253052,1784005321.4708576
mts_8692,78,63752,train/dpsi_gt_weight_ratio_epoch,0.5319253206253052,1784005900.701643
mts_8692,79,64559,train/dpsi_gt_weight_ratio_epoch,0.5319253206253052,1784006489.6467412
mts_8692,80,65366,train/dpsi_gt_weight_ratio_epoch,0.5319253206253052,1784007064.2630613
mts_8692,81,66173,train/dpsi_gt_weight_ratio_epoch,0.5319253206253052,1784007623.6324337
mts_8692,82,66980,train/dpsi_gt_weight_ratio_epoch,0.5319253206253052,1784008204.9496143
mts_8692,83,67787,train/dpsi_gt_weight_ratio_epoch,0.5319253206253052,1784008794.359607
mts_8692,84,68594,train/dpsi_gt_weight_ratio_epoch,0.5319253206253052,1784009361.0922916
mts_8692,85,69401,train/dpsi_gt_weight_ratio_epoch,0.5319253206253052,1784009929.0547838
mts_8692,86,70208,train/dpsi_gt_weight_ratio_epoch,0.5319253206253052,1784010510.7993326
mts_8692,87,71015,train/dpsi_gt_weight_ratio_epoch,0.5319253206253052,1784011078.6084356
mts_8692,88,71822,train/dpsi_gt_weight_ratio_epoch,0.5319253206253052,1784011653.4693148
mts_8692,89,72629,train/dpsi_gt_weight_ratio_epoch,0.5319253206253052,1784012225.9306324
mts_8692,90,73436,train/dpsi_gt_weight_ratio_epoch,0.5319253206253052,1784012799.0162692
mts_8692,91,74243,train/dpsi_gt_weight_ratio_epoch,0.5319253206253052,1784013368.3293018
mts_8692,92,75050,train/dpsi_gt_weight_ratio_epoch,0.5319253206253052,1784013936.2877786
mts_8692,93,75857,train/dpsi_gt_weight_ratio_epoch,0.5319253206253052,1784014498.331961
mts_8692,94,76664,train/dpsi_gt_weight_ratio_epoch,0.5319253206253052,1784015067.339395
mts_8692,95,77471,train/dpsi_gt_weight_ratio_epoch,0.5319253206253052,1784015632.3991122
mts_8692,96,78278,train/dpsi_gt_weight_ratio_epoch,0.5319253206253052,1784016199.5034723
mts_8692,97,79085,train/dpsi_gt_weight_ratio_epoch,0.5319253206253052,1784016749.0607677
mts_8692,98,79892,train/dpsi_gt_weight_ratio_epoch,0.5319253206253052,1784017340.3221362
mts_8692,99,80699,train/dpsi_gt_weight_ratio_epoch,0.5319253206253052,1784018210.4571855
mts_8692,100,81506,train/dpsi_gt_weight_ratio_epoch,0.5319253206253052,1784018822.405152
mts_8692,101,82313,train/dpsi_gt_weight_ratio_epoch,0.5319253206253052,1784019406.005494
mts_8692,102,83120,train/dpsi_gt_weight_ratio_epoch,0.5319253206253052,1784020144.8475878
mts_8692,103,83927,train/dpsi_gt_weight_ratio_epoch,0.5319253206253052,1784020893.577104
mts_8692,104,84734,train/dpsi_gt_weight_ratio_epoch,0.5319253206253052,1784021529.1221344
mts_8692,105,85541,train/dpsi_gt_weight_ratio_epoch,0.5319253206253052,1784022147.5646152
mts_8692,106,86348,train/dpsi_gt_weight_ratio_epoch,0.5319253206253052,1784022813.5580418
mts_8692,107,87155,train/dpsi_gt_weight_ratio_epoch,0.5319253206253052,1784023435.0157075
mts_8692,108,87962,train/dpsi_gt_weight_ratio_epoch,0.5319253206253052,1784024108.9346526
mts_8692,109,88769,train/dpsi_gt_weight_ratio_epoch,0.5319253206253052,1784024717.3459475
mts_8692,110,89576,train/dpsi_gt_weight_ratio_epoch,0.5319253206253052,1784025355.6223783
mts_8692,111,90383,train/dpsi_gt_weight_ratio_epoch,0.5319253206253052,1784025942.7473445
mts_8692,112,91190,train/dpsi_gt_weight_ratio_epoch,0.5319253206253052,1784026572.0161607
mts_8692,113,91997,train/dpsi_gt_weight_ratio_epoch,0.5319253206253052,1784027151.2330644
mts_8692,114,92804,train/dpsi_gt_weight_ratio_epoch,0.5319253206253052,1784027777.2092197
mts_8692,115,93611,train/dpsi_gt_weight_ratio_epoch,0.5319253206253052,1784028356.8956208
mts_8692,116,94418,train/dpsi_gt_weight_ratio_epoch,0.5319253206253052,1784028975.7462063
mts_8692,117,95225,train/dpsi_gt_weight_ratio_epoch,0.5319253206253052,1784029556.0547483
mts_8692,118,96032,train/dpsi_gt_weight_ratio_epoch,0.5319253206253052,1784030188.8338263
mts_8692,119,96839,train/dpsi_gt_weight_ratio_epoch,0.5319253206253052,1784030770.696931
mts_8692,120,97646,train/dpsi_gt_weight_ratio_epoch,0.5319253206253052,1784031407.4340446
mts_8692,121,98453,train/dpsi_gt_weight_ratio_epoch,0.5319253206253052,1784031981.5712852
mts_8692,122,99260,train/dpsi_gt_weight_ratio_epoch,0.5319253206253052,1784032602.7525637
mts_8692,123,100067,train/dpsi_gt_weight_ratio_epoch,0.5319253206253052,1784033187.173446
mts_8692,124,100874,train/dpsi_gt_weight_ratio_epoch,0.5319253206253052,1784033805.2343931
mts_8692,125,101681,train/dpsi_gt_weight_ratio_epoch,0.5319253206253052,1784034389.3823314
mts_8692,126,102488,train/dpsi_gt_weight_ratio_epoch,0.5319253206253052,1784035003.5672388
mts_8692,127,103295,train/dpsi_gt_weight_ratio_epoch,0.5319253206253052,1784035591.5100558
mts_8692,128,104102,train/dpsi_gt_weight_ratio_epoch,0.5319253206253052,1784036208.7324138
mts_8692,129,104909,train/dpsi_gt_weight_ratio_epoch,0.5319253206253052,1784036788.2003314
mts_8692,130,105716,train/dpsi_gt_weight_ratio_epoch,0.5319253206253052,1784037408.934491
mts_8692,131,106523,train/dpsi_gt_weight_ratio_epoch,0.5319253206253052,1784037988.8285322
mts_8692,132,107330,train/dpsi_gt_weight_ratio_epoch,0.5319253206253052,1784038609.124869
mts_8692,133,108137,train/dpsi_gt_weight_ratio_epoch,0.5319253206253052,1784039180.8400946
mts_8692,134,108944,train/dpsi_gt_weight_ratio_epoch,0.5319253206253052,1784039797.0504403
mts_8692,135,109751,train/dpsi_gt_weight_ratio_epoch,0.5319253206253052,1784040374.4103987
mts_8692,136,110558,train/dpsi_gt_weight_ratio_epoch,0.5319253206253052,1784040993.5354598
mts_8692,137,111365,train/dpsi_gt_weight_ratio_epoch,0.5319253206253052,1784041565.492573
mts_8692,138,112172,train/dpsi_gt_weight_ratio_epoch,0.5319253206253052,1784042190.3749533
mts_8692,139,112979,train/dpsi_gt_weight_ratio_epoch,0.5319253206253052,1784042773.2103145
mts_8692,140,113786,train/dpsi_gt_weight_ratio_epoch,0.5319253206253052,1784043387.9626207
mts_8692,141,114593,train/dpsi_gt_weight_ratio_epoch,0.5319253206253052,1784043966.2920136
mts_8692,142,115400,train/dpsi_gt_weight_ratio_epoch,0.5319253206253052,1784044574.3187304
mts_8692,143,116207,train/dpsi_gt_weight_ratio_epoch,0.5319253206253052,1784045172.6673367
mts_8692,144,117014,train/dpsi_gt_weight_ratio_epoch,0.5319253206253052,1784045791.0452175
mts_8692,145,117821,train/dpsi_gt_weight_ratio_epoch,0.5319253206253052,1784046381.6523094
mts_8692,146,118628,train/dpsi_gt_weight_ratio_epoch,0.5319253206253052,1784046998.156995
mts_8692,147,119435,train/dpsi_gt_weight_ratio_epoch,0.5319253206253052,1784047573.0240078
mts_8692,148,120242,train/dpsi_gt_weight_ratio_epoch,0.5319253206253052,1784048189.279216
mts_8692,149,121049,train/dpsi_gt_weight_ratio_epoch,0.5319253206253052,1784048781.6781833
mts_8692,150,121856,train/dpsi_gt_weight_ratio_epoch,0.5319253206253052,1784049396.888227
mts_8692,151,122663,train/dpsi_gt_weight_ratio_epoch,0.5319253206253052,1784049979.0601475
mts_8692,152,123470,train/dpsi_gt_weight_ratio_epoch,0.5319253206253052,1784050609.94242
mts_8692,153,124277,train/dpsi_gt_weight_ratio_epoch,0.5319253206253052,1784051189.2111986
mts_8692,154,125084,train/dpsi_gt_weight_ratio_epoch,0.5319253206253052,1784051822.9808068
mts_8692,155,125891,train/dpsi_gt_weight_ratio_epoch,0.5319253206253052,1784052400.229971
mts_8692,156,126698,train/dpsi_gt_weight_ratio_epoch,0.5319253206253052,1784053026.5179353
mts_8692,157,127505,train/dpsi_gt_weight_ratio_epoch,0.5319253206253052,1784053598.204789
mts_8692,158,128312,train/dpsi_gt_weight_ratio_epoch,0.5319253206253052,1784054219.868173
mts_8692,159,129119,train/dpsi_gt_weight_ratio_epoch,0.5319253206253052,1784054800.593124
mts_8692,160,129926,train/dpsi_gt_weight_ratio_epoch,0.5319253206253052,1784055416.1376529
mts_8692,161,130733,train/dpsi_gt_weight_ratio_epoch,0.5319253206253052,1784055994.774621
mts_8692,162,131540,train/dpsi_gt_weight_ratio_epoch,0.5319253206253052,1784056615.6057024
mts_8692,163,132347,train/dpsi_gt_weight_ratio_epoch,0.5319253206253052,1784057194.9845357
mts_8692,164,133154,train/dpsi_gt_weight_ratio_epoch,0.5319253206253052,1784057815.6975565
mts_8692,165,133961,train/dpsi_gt_weight_ratio_epoch,0.5319253206253052,1784058401.054789
mts_8751,0,806,train/dpsi_gt_weight_ratio_epoch,0.7349804639816284,1783675479.3339372
mts_8751,1,1613,train/dpsi_gt_weight_ratio_epoch,0.7349913120269775,1783675950.257161
mts_8751,2,2420,train/dpsi_gt_weight_ratio_epoch,0.7349831461906433,1783676417.477629
mts_8751,3,3227,train/dpsi_gt_weight_ratio_epoch,0.7349634766578674,1783676912.699301
mts_8751,4,4034,train/dpsi_gt_weight_ratio_epoch,0.7349768280982971,1783677420.7020185
mts_8751,5,4841,train/dpsi_gt_weight_ratio_epoch,0.7349731922149658,1783677898.5429647
mts_8751,6,5648,train/dpsi_gt_weight_ratio_epoch,0.7349728941917419,1783678365.9405344
mts_8751,7,6455,train/dpsi_gt_weight_ratio_epoch,0.7349569797515869,1783678837.728458
mts_8751,8,7262,train/dpsi_gt_weight_ratio_epoch,0.7349668145179749,1783679294.8793058
mts_8751,9,8069,train/dpsi_gt_weight_ratio_epoch,0.73494952917099,1783679764.2865467
mts_8751,10,8876,train/dpsi_gt_weight_ratio_epoch,0.7349652647972107,1783680227.8079028
mts_8751,11,9683,train/dpsi_gt_weight_ratio_epoch,0.7349526286125183,1783680695.9386532
mts_8751,12,10490,train/dpsi_gt_weight_ratio_epoch,0.7349280118942261,1783681166.130891
mts_8751,13,11297,train/dpsi_gt_weight_ratio_epoch,0.7349348664283752,1783681629.5812926
mts_8751,14,12104,train/dpsi_gt_weight_ratio_epoch,0.7349713444709778,1783682088.051545
mts_8751,15,12911,train/dpsi_gt_weight_ratio_epoch,0.7349576950073242,1783682550.3859649
mts_8751,16,13718,train/dpsi_gt_weight_ratio_epoch,0.7349516749382019,1783683014.5189078
mts_8751,17,14525,train/dpsi_gt_weight_ratio_epoch,0.734952449798584,1783683482.28916
mts_8751,18,15332,train/dpsi_gt_weight_ratio_epoch,0.7350009679794312,1783683952.4713757
mts_8751,19,16139,train/dpsi_gt_weight_ratio_epoch,0.7349727749824524,1783684424.086845
mts_8751,20,16946,train/dpsi_gt_weight_ratio_epoch,0.7349744439125061,1783684901.968414
mts_8751,21,17753,train/dpsi_gt_weight_ratio_epoch,0.7349969744682312,1783685366.0644038
mts_8751,22,18560,train/dpsi_gt_weight_ratio_epoch,0.734955370426178,1783685834.2839112
mts_8751,23,19367,train/dpsi_gt_weight_ratio_epoch,0.7349873781204224,1783686297.9507532
mts_8751,24,20174,train/dpsi_gt_weight_ratio_epoch,0.7349902391433716,1783686760.1840577
mts_8751,25,20981,train/dpsi_gt_weight_ratio_epoch,0.734969437122345,1783687222.1912038
mts_8751,26,21788,train/dpsi_gt_weight_ratio_epoch,0.7349576354026794,1783687682.5450685
mts_8751,27,22595,train/dpsi_gt_weight_ratio_epoch,0.7349537014961243,1783688142.9156833
mts_8751,28,23402,train/dpsi_gt_weight_ratio_epoch,0.7349699139595032,1783688603.932526
mts_8751,29,24209,train/dpsi_gt_weight_ratio_epoch,0.7349570393562317,1783689069.295543
mts_8751,30,25016,train/dpsi_gt_weight_ratio_epoch,0.734946608543396,1783689545.8185668
mts_8751,31,25823,train/dpsi_gt_weight_ratio_epoch,0.734950840473175,1783690004.6695254
mts_8751,32,26630,train/dpsi_gt_weight_ratio_epoch,0.7349714040756226,1783690460.980925
mts_8751,33,27437,train/dpsi_gt_weight_ratio_epoch,0.7349628806114197,1783690932.151644
mts_8751,34,28244,train/dpsi_gt_weight_ratio_epoch,0.7349406480789185,1783691402.7450342
mts_8751,35,29051,train/dpsi_gt_weight_ratio_epoch,0.7349482774734497,1783691864.8068254
mts_8751,36,29858,train/dpsi_gt_weight_ratio_epoch,0.7349545359611511,1783692327.6462886
mts_8751,37,30665,train/dpsi_gt_weight_ratio_epoch,0.7349898815155029,1783692799.923938
mts_8751,38,31472,train/dpsi_gt_weight_ratio_epoch,0.7349715828895569,1783693274.534619
mts_8751,39,32279,train/dpsi_gt_weight_ratio_epoch,0.7349780797958374,1783693737.8202198
mts_8751,40,33086,train/dpsi_gt_weight_ratio_epoch,0.7349582314491272,1783694201.7745783
mts_8751,41,33893,train/dpsi_gt_weight_ratio_epoch,0.7349832653999329,1783694669.4431922
mts_8751,42,34700,train/dpsi_gt_weight_ratio_epoch,0.7349561452865601,1783695138.0420587
mts_8751,43,35507,train/dpsi_gt_weight_ratio_epoch,0.7349832057952881,1783695605.989199
mts_8751,44,36314,train/dpsi_gt_weight_ratio_epoch,0.7349390983581543,1783696074.9855216
mts_8751,45,37121,train/dpsi_gt_weight_ratio_epoch,0.7349713444709778,1783696544.3926897
mts_8751,46,37928,train/dpsi_gt_weight_ratio_epoch,0.7349769473075867,1783697014.599496
mts_8751,47,38735,train/dpsi_gt_weight_ratio_epoch,0.7349517941474915,1783697477.4565127
mts_8751,48,39542,train/dpsi_gt_weight_ratio_epoch,0.7349814772605896,1783697949.6812737
mts_8751,49,40349,train/dpsi_gt_weight_ratio_epoch,0.734941840171814,1783698415.754192
mts_8751,50,41156,train/dpsi_gt_weight_ratio_epoch,0.734966516494751,1783698880.6484685
mts_8751,51,41963,train/dpsi_gt_weight_ratio_epoch,0.7349619269371033,1783699364.3394637
mts_8751,52,42770,train/dpsi_gt_weight_ratio_epoch,0.734961748123169,1783699838.2868547
mts_8751,53,43577,train/dpsi_gt_weight_ratio_epoch,0.7349717020988464,1783700304.97821
mts_8751,54,44384,train/dpsi_gt_weight_ratio_epoch,0.7349668741226196,1783700772.2574346
mts_8751,55,45191,train/dpsi_gt_weight_ratio_epoch,0.7350233793258667,1783701243.5378108
mts_8751,56,45998,train/dpsi_gt_weight_ratio_epoch,0.7349370121955872,1783701710.633668
mts_8751,57,46805,train/dpsi_gt_weight_ratio_epoch,0.734969437122345,1783702183.1957607
mts_8751,58,47612,train/dpsi_gt_weight_ratio_epoch,0.734959602355957,1783702719.2788992
mts_8751,59,48419,train/dpsi_gt_weight_ratio_epoch,0.7349478602409363,1783703319.1805456
mts_8751,60,49226,train/dpsi_gt_weight_ratio_epoch,0.7349697351455688,1783703889.8780231
mts_8751,61,50033,train/dpsi_gt_weight_ratio_epoch,0.7349702715873718,1783704364.3635566
mts_8751,62,50840,train/dpsi_gt_weight_ratio_epoch,0.7349472045898438,1783704833.2637746
mts_8751,63,51647,train/dpsi_gt_weight_ratio_epoch,0.7349792122840881,1783705302.2965388
mts_8751,64,52454,train/dpsi_gt_weight_ratio_epoch,0.7349627017974854,1783705784.0165691
mts_8751,65,53261,train/dpsi_gt_weight_ratio_epoch,0.7349770665168762,1783706255.891527
mts_8751,66,54068,train/dpsi_gt_weight_ratio_epoch,0.7349498271942139,1783706728.151521
mts_8751,67,54875,train/dpsi_gt_weight_ratio_epoch,0.7349792718887329,1783707198.2801335
mts_8751,68,55682,train/dpsi_gt_weight_ratio_epoch,0.734982967376709,1783707665.073197
mts_8751,69,56489,train/dpsi_gt_weight_ratio_epoch,0.7349572777748108,1783708134.1660323
mts_8751,70,57296,train/dpsi_gt_weight_ratio_epoch,0.7349555492401123,1783708607.1636937
mts_8751,71,58103,train/dpsi_gt_weight_ratio_epoch,0.734963595867157,1783709078.4538414
mts_8751,72,58910,train/dpsi_gt_weight_ratio_epoch,0.7349628806114197,1783709554.5796015
mts_8751,73,59717,train/dpsi_gt_weight_ratio_epoch,0.7349733710289001,1783710023.5420115
mts_8751,74,60524,train/dpsi_gt_weight_ratio_epoch,0.7349564433097839,1783710498.573745
mts_8751,75,61331,train/dpsi_gt_weight_ratio_epoch,0.7349620461463928,1783710969.4568262
mts_8751,76,62138,train/dpsi_gt_weight_ratio_epoch,0.7349703311920166,1783711440.9122012
mts_8751,77,62945,train/dpsi_gt_weight_ratio_epoch,0.7349525690078735,1783711910.9386127
mts_8751,78,63752,train/dpsi_gt_weight_ratio_epoch,0.7349548935890198,1783712389.489319
mts_8751,79,64559,train/dpsi_gt_weight_ratio_epoch,0.7349671125411987,1783712869.345621
mts_8751,80,65366,train/dpsi_gt_weight_ratio_epoch,0.7349848747253418,1783713340.7856424
mts_8751,81,66173,train/dpsi_gt_weight_ratio_epoch,0.7349551320075989,1783713811.9400856
mts_8751,82,66980,train/dpsi_gt_weight_ratio_epoch,0.734988808631897,1783714283.102056
mts_8751,83,67787,train/dpsi_gt_weight_ratio_epoch,0.7349616289138794,1783714757.3224027
mts_8751,84,68594,train/dpsi_gt_weight_ratio_epoch,0.7349640130996704,1783715229.5351822
mts_8751,85,69401,train/dpsi_gt_weight_ratio_epoch,0.7349579930305481,1783715707.964075
mts_8751,86,70208,train/dpsi_gt_weight_ratio_epoch,0.7349798679351807,1783716179.9318748
mts_8751,87,71015,train/dpsi_gt_weight_ratio_epoch,0.734965443611145,1783716650.608984
mts_8751,88,71822,train/dpsi_gt_weight_ratio_epoch,0.7349595427513123,1783717132.2655911
mts_8751,89,72629,train/dpsi_gt_weight_ratio_epoch,0.7349948287010193,1783717606.543654
mts_8751,90,73436,train/dpsi_gt_weight_ratio_epoch,0.7349643707275391,1783718073.8369286
mts_8751,91,74243,train/dpsi_gt_weight_ratio_epoch,0.734956681728363,1783718537.351625
mts_8751,92,75050,train/dpsi_gt_weight_ratio_epoch,0.7349386811256409,1783719003.7216415
mts_8751,93,75857,train/dpsi_gt_weight_ratio_epoch,0.7349811792373657,1783719487.1810052
mts_8751,94,76664,train/dpsi_gt_weight_ratio_epoch,0.7349461913108826,1783719965.44542
mts_8751,95,77471,train/dpsi_gt_weight_ratio_epoch,0.734963595867157,1783720448.6531038
mts_8751,96,78278,train/dpsi_gt_weight_ratio_epoch,0.7349637150764465,1783720927.3718996
mts_8751,97,79085,train/dpsi_gt_weight_ratio_epoch,0.7349866628646851,1783721397.6177824
mts_8751,98,79892,train/dpsi_gt_weight_ratio_epoch,0.7349572777748108,1783721856.11383
mts_8751,99,80699,train/dpsi_gt_weight_ratio_epoch,0.7349978685379028,1783722338.70973
mts_8751,100,81506,train/dpsi_gt_weight_ratio_epoch,0.734969973564148,1783722811.1742723
mts_8751,101,82313,train/dpsi_gt_weight_ratio_epoch,0.7349733114242554,1783723284.1490471
mts_8751,102,83120,train/dpsi_gt_weight_ratio_epoch,0.7349392771720886,1783723754.1734085
mts_8751,103,83927,train/dpsi_gt_weight_ratio_epoch,0.734948992729187,1783724222.0406785
mts_8751,104,84734,train/dpsi_gt_weight_ratio_epoch,0.7349682450294495,1783724690.6647177
mts_8751,105,85541,train/dpsi_gt_weight_ratio_epoch,0.7349784970283508,1783725157.096959
mts_8751,106,86348,train/dpsi_gt_weight_ratio_epoch,0.7349572777748108,1783725628.20896
mts_8751,107,87155,train/dpsi_gt_weight_ratio_epoch,0.7349789142608643,1783726095.3864434
mts_8751,108,87962,train/dpsi_gt_weight_ratio_epoch,0.7349573373794556,1783726569.5463068
mts_8751,109,88769,train/dpsi_gt_weight_ratio_epoch,0.7349519729614258,1783727042.7015984
mts_8751,110,89576,train/dpsi_gt_weight_ratio_epoch,0.7349823117256165,1783727515.4287536
mts_8751,111,90383,train/dpsi_gt_weight_ratio_epoch,0.7350034117698669,1783727990.128491
mts_8751,112,91190,train/dpsi_gt_weight_ratio_epoch,0.7349688410758972,1783728502.3039346
mts_8751,113,91997,train/dpsi_gt_weight_ratio_epoch,0.7349589467048645,1783729107.8717856
mts_8751,114,92804,train/dpsi_gt_weight_ratio_epoch,0.7349509596824646,1783729713.917349
mts_8751,115,93611,train/dpsi_gt_weight_ratio_epoch,0.734984815120697,1783730319.021353
mts_8751,116,94418,train/dpsi_gt_weight_ratio_epoch,0.7349811792373657,1783730937.7348182
mts_8751,117,95225,train/dpsi_gt_weight_ratio_epoch,0.7349812984466553,1783731566.4247055
mts_8751,118,96032,train/dpsi_gt_weight_ratio_epoch,0.7349660396575928,1783732174.8220634
mts_8751,119,96839,train/dpsi_gt_weight_ratio_epoch,0.734958827495575,1783732788.7238345
mts_8751,120,97646,train/dpsi_gt_weight_ratio_epoch,0.7349912524223328,1783733390.9971285
mts_8751,121,98453,train/dpsi_gt_weight_ratio_epoch,0.7349162101745605,1783733997.9837463
mts_8751,122,99260,train/dpsi_gt_weight_ratio_epoch,0.7349696755409241,1783734605.5967784
mts_8751,123,100067,train/dpsi_gt_weight_ratio_epoch,0.7349383234977722,1783735216.302555
mts_8751,124,100874,train/dpsi_gt_weight_ratio_epoch,0.7349693775177002,1783735829.313101
mts_8751,125,101681,train/dpsi_gt_weight_ratio_epoch,0.7349554300308228,1783736432.167021
mts_8751,126,102488,train/dpsi_gt_weight_ratio_epoch,0.7349784970283508,1783737035.303623
mts_8751,127,103295,train/dpsi_gt_weight_ratio_epoch,0.7349755764007568,1783737638.6841583
mts_8751,128,104102,train/dpsi_gt_weight_ratio_epoch,0.7349390983581543,1783738244.1338966
mts_8751,129,104909,train/dpsi_gt_weight_ratio_epoch,0.7349727153778076,1783738849.5336945
mts_8751,130,105716,train/dpsi_gt_weight_ratio_epoch,0.7349929809570312,1783739463.4489725
mts_8751,131,106523,train/dpsi_gt_weight_ratio_epoch,0.7349550127983093,1783740066.6836026
mts_8751,132,107330,train/dpsi_gt_weight_ratio_epoch,0.7349691987037659,1783740665.729643
mts_8751,133,108137,train/dpsi_gt_weight_ratio_epoch,0.7349832653999329,1783741265.959244
mts_8751,134,108944,train/dpsi_gt_weight_ratio_epoch,0.7349692583084106,1783741869.632816
mts_8751,135,109751,train/dpsi_gt_weight_ratio_epoch,0.7349686622619629,1783742468.377
mts_8751,136,110558,train/dpsi_gt_weight_ratio_epoch,0.7349555492401123,1783743074.545498
mts_8751,137,111365,train/dpsi_gt_weight_ratio_epoch,0.734960675239563,1783743679.577158
mts_8751,138,112172,train/dpsi_gt_weight_ratio_epoch,0.734969437122345,1783744285.989603
mts_8751,139,112979,train/dpsi_gt_weight_ratio_epoch,0.7349716424942017,1783744867.887933
mts_8751,140,113786,train/dpsi_gt_weight_ratio_epoch,0.7349928617477417,1783745340.755508
mts_8751,141,114593,train/dpsi_gt_weight_ratio_epoch,0.7349416017532349,1783745841.8619597
mts_8751,142,115400,train/dpsi_gt_weight_ratio_epoch,0.7349694967269897,1783746324.9508293
mts_8751,143,116207,train/dpsi_gt_weight_ratio_epoch,0.7349478006362915,1783746791.6037264
mts_8751,144,117014,train/dpsi_gt_weight_ratio_epoch,0.7349537014961243,1783747254.158311
mts_8751,145,117821,train/dpsi_gt_weight_ratio_epoch,0.7349666953086853,1783747721.3933892
mts_8751,146,118628,train/dpsi_gt_weight_ratio_epoch,0.7349807620048523,1783748189.2833102
mts_8751,147,119435,train/dpsi_gt_weight_ratio_epoch,0.7349769473075867,1783748654.5626905
mts_8751,148,120242,train/dpsi_gt_weight_ratio_epoch,0.7349453568458557,1783749120.123036
mts_8751,149,121049,train/dpsi_gt_weight_ratio_epoch,0.7349708080291748,1783749593.0645363
mts_8751,150,121856,train/dpsi_gt_weight_ratio_epoch,0.7349545359611511,1783750057.6346462
mts_8751,151,122663,train/dpsi_gt_weight_ratio_epoch,0.7349562048912048,1783750526.9088054
mts_8751,152,123470,train/dpsi_gt_weight_ratio_epoch,0.7349438667297363,1783751008.782726
mts_8751,153,124277,train/dpsi_gt_weight_ratio_epoch,0.7349683046340942,1783751483.1682646
mts_8751,154,125084,train/dpsi_gt_weight_ratio_epoch,0.7349625825881958,1783751972.4196603
mts_8751,155,125891,train/dpsi_gt_weight_ratio_epoch,0.7349621653556824,1783752447.08164
